4451218 4851 2025/12/24 14:53:56 P13 0 0 0 0 0 0 0 75.073 213.471 603.79 14.954 170.593 104.065 3781.586 12.97 -47.607 735.474 -17.09 108.948 164.49 59.662 308.991 260.315 179.596 155.182 13.58 342.865 -4988.708 179.138 61.951 778.809 12.207 -12.207 485.84 49.744 158.844 188.141 109.711 -660.858 110.931 28.381 76.294 75.989 68.207 2510.986 2288.971 实验室 1 074
4451219 4851 2025/12/24 14:53:57 P13 0 0 0 0 0 0 0 73.547 211.182 603.638 14.496 169.678 205.078 3781.586 6.256 -109.1 742.493 -17.853 107.88 165.1 58.289 304.26 256.958 175.781 150.604 14.191 338.287 -4987.793 307.922 43.335 802.46 11.444 -11.292 480.804 48.981 156.708 187.836 111.542 -879.364 108.185 27.161 66.834 73.853 66.376 2511.292 2289.581 实验室 1 074
4451220 4851 2025/12/24 14:53:58 P13 0 0 0 0 0 0 0 73.547 211.182 603.638 14.496 169.678 205.078 3781.586 6.256 -109.1 742.493 -17.853 107.88 165.1 58.289 304.26 256.958 175.781 150.604 14.191 338.287 -4987.793 307.922 43.335 802.46 11.444 -11.292 480.804 48.981 156.708 187.836 111.542 -879.364 108.185 27.161 66.834 73.853 66.376 2511.292 2289.581 实验室 1 074
4451221 4851 2025/12/24 14:53:59 P13 0 0 0 0 0 0 0 72.479 210.266 603.485 15.869 169.373 99.03 3780.518 47.15 -13.733 740.814 -16.632 107.88 164.337 58.594 302.734 255.432 175.171 148.926 13.123 337.982 -4989.014 329.132 36.316 774.536 11.597 -11.597 479.736 49.744 155.335 187.225 114.746 -814.362 107.727 26.703 72.784 74.768 66.986 2510.071 2289.124 实验室 1 074
4451222 4851 2025/12/24 14:54:00 P13 0 0 0 0 0 0 0 72.479 210.266 603.485 15.869 169.373 99.03 3780.518 47.15 -13.733 740.814 -16.632 107.88 164.337 58.594 302.734 255.432 175.171 148.926 13.123 337.982 -4989.014 329.132 36.316 774.536 11.597 -11.597 479.736 49.744 155.335 187.225 114.746 -814.362 107.727 26.703 72.784 74.768 66.986 2510.071 2289.124 实验室 1 074
4451223 4851 2025/12/24 14:54:01 P13 0 0 0 0 0 0 0 72.174 210.266 603.18 15.259 169.22 97.046 3781.433 -11.597 54.779 746.307 -16.785 107.269 164.795 56.915 300.598 255.127 173.492 147.705 12.97 335.846 -4989.166 358.429 25.94 799.713 13.275 -12.207 479.736 48.828 155.945 187.378 112.457 -766.754 107.117 26.093 79.041 72.174 61.188 2511.749 2289.886 实验室 1 074
4451224 4851 2025/12/24 14:54:02 P13 0 0 0 0 0 0 0 72.174 210.266 603.18 15.259 169.22 97.046 3781.433 -11.597 54.779 746.307 -16.785 107.269 164.795 56.915 300.598 255.127 173.492 147.705 12.97 335.846 -4989.166 358.429 25.94 799.713 13.275 -12.207 479.736 48.828 155.945 187.378 112.457 -766.754 107.117 26.093 79.041 72.174 61.188 2511.749 2289.886 实验室 1 074
4451225 4851 2025/12/24 14:54:03 P13 0 0 0 0 0 0 0 72.174 210.266 603.18 15.259 169.22 97.046 3781.433 -11.597 54.779 746.307 -16.785 107.269 164.795 56.915 300.598 255.127 173.492 147.705 12.97 335.846 -4989.166 358.429 25.94 799.713 13.275 -12.207 479.736 48.828 155.945 187.378 112.457 -766.754 107.117 26.093 79.041 72.174 61.188 2511.749 2289.886 实验室 1 074
4451226 4851 2025/12/24 14:54:04 P13 0 0 0 0 0 0 0 71.106 210.571 602.875 14.954 169.983 95.52 3782.349 -11.749 -49.744 734.863 -16.479 106.964 162.964 58.441 298.157 254.669 171.967 145.874 12.36 333.862 -4989.776 408.936 21.362 798.95 11.292 -11.902 479.584 48.218 155.029 187.531 110.169 -736.084 107.117 25.635 73.547 76.599 67.749 2511.597 2288.818 实验室 1 074
4451227 4851 2025/12/24 14:54:05 P13 0 0 0 0 0 0 0 71.106 210.571 602.875 14.954 169.983 95.52 3782.349 -11.749 -49.744 734.863 -16.479 106.964 162.964 58.441 298.157 254.669 171.967 145.874 12.36 333.862 -4989.776 408.936 21.362 798.95 11.292 -11.902 479.584 48.218 155.029 187.531 110.169 -736.084 107.117 25.635 73.547 76.599 67.749 2511.597 2288.818 实验室 1 074
4451228 4851 2025/12/24 14:54:06 P13 0 0 0 0 0 0 0 70.19 209.198 602.57 14.954 169.525 93.079 3781.586 -45.471 -273.743 734.863 -16.785 106.506 162.811 57.831 295.715 254.364 169.983 142.975 12.512 331.421 -4990.54 348.816 10.834 814.819 10.986 -12.665 480.652 47.76 154.572 187.225 113.068 -671.082 106.049 26.093 75.531 82.397 70.496 2512.054 2287.14 实验室 1 074
4451229 4851 2025/12/24 14:54:07 P13 0 0 0 0 0 0 0 70.19 209.198 602.57 14.954 169.525 93.079 3781.586 -45.471 -273.743 734.863 -16.785 106.506 162.811 57.831 295.715 254.364 169.983 142.975 12.512 331.421 -4990.54 348.816 10.834 814.819 10.986 -12.665 480.652 47.76 154.572 187.225 113.068 -671.082 106.049 26.093 75.531 82.397 70.496 2512.054 2287.14 实验室 1 074
4451230 4851 2025/12/24 14:54:08 P13 0 0 0 0 0 0 0 70.343 210.571 601.807 17.548 170.593 93.231 3780.212 -38.757 24.109 746.765 -16.022 106.049 160.065 57.983 293.121 252.838 169.373 144.501 13.123 330.353 -4991.455 298.615 26.093 801.392 10.986 -12.665 479.431 48.065 155.64 188.294 112.152 -475.922 105.896 25.94 75.378 75.684 69.275 2510.834 2288.208 实验室 1 074
4451231 4851 2025/12/24 14:54:09 P13 0 0 0 0 0 0 0 70.343 210.571 601.807 17.548 170.593 93.231 3780.212 -38.757 24.109 746.765 -16.022 106.049 160.065 57.983 293.121 252.838 169.373 144.501 13.123 330.353 -4991.455 298.615 26.093 801.392 10.986 -12.665 479.431 48.065 155.64 188.294 112.152 -475.922 105.896 25.94 75.378 75.684 69.275 2510.834 2288.208 实验室 1 074
4451232 4851 2025/12/24 14:54:10 P13 0 0 0 0 0 0 0 70.343 210.571 601.807 17.548 170.593 93.231 3780.212 -38.757 24.109 746.765 -16.022 106.049 160.065 57.983 293.121 252.838 169.373 144.501 13.123 330.353 -4991.455 298.615 26.093 801.392 10.986 -12.665 479.431 48.065 155.64 188.294 112.152 -475.922 105.896 25.94 75.378 75.684 69.275 2510.834 2288.208 实验室 1 074
4451233 4851 2025/12/24 14:54:11 P13 0 0 0 0 0 0 0 72.327 211.792 600.281 20.142 177.002 92.316 3780.06 -16.632 -97.809 746.765 -16.479 106.201 161.438 58.441 295.563 255.28 169.373 145.569 13.733 329.59 -4989.624 272.98 42.419 810.242 10.223 -12.817 480.194 48.981 154.724 188.141 115.051 -429.535 107.269 26.703 75.073 75.989 67.749 2510.986 2288.513 实验室 1 074
4451234 4851 2025/12/24 14:54:12 P13 0 0 0 0 0 0 0 72.327 211.792 600.281 20.142 177.002 92.316 3780.06 -16.632 -97.809 746.765 -16.479 106.201 161.438 58.441 295.563 255.28 169.373 145.569 13.733 329.59 -4989.624 272.98 42.419 810.242 10.223 -12.817 480.194 48.981 154.724 188.141 115.051 -429.535 107.269 26.703 75.073 75.989 67.749 2510.986 2288.513 实验室 1 074
4451235 4851 2025/12/24 14:54:13 P13 0 0 0 0 0 0 0 72.479 211.639 598.602 21.362 185.7 93.536 3780.365 69.122 -142.365 737.152 -15.717 107.269 162.506 57.678 299.683 256.805 168.304 145.416 13.886 332.184 -4988.556 246.124 49.438 798.035 10.071 -12.97 480.652 49.591 156.097 187.531 114.441 -529.022 107.575 28.076 77.362 80.109 68.512 2512.665 2291.565 实验室 1 074
4451236 4851 2025/12/24 14:54:14 P13 0 0 0 0 0 0 0 72.479 211.639 598.602 21.362 185.7 93.536 3780.365 69.122 -142.365 737.152 -15.717 107.269 162.506 57.678 299.683 256.805 168.304 145.416 13.886 332.184 -4988.556 246.124 49.438 798.035 10.071 -12.97 480.652 49.591 156.097 187.531 114.441 -529.022 107.575 28.076 77.362 80.109 68.512 2512.665 2291.565 实验室 1 074
4451237 4851 2025/12/24 14:54:15 P13 0 0 0 0 0 0 0 73.547 211.639 597.839 22.125 190.735 93.231 3779.755 39.215 -57.831 750.427 -17.548 107.575 162.811 57.983 304.26 258.179 168.915 145.416 14.496 334.015 -4986.725 255.89 54.626 791.016 9.766 -11.749 481.262 48.981 155.945 187.836 116.119 -616.913 107.88 29.297 80.719 74.463 65.918 2510.529 2288.208 实验室 1 074
4451238 4851 2025/12/24 14:54:16 P13 0 0 0 0 0 0 0 73.547 211.639 597.839 22.125 190.735 93.231 3779.755 39.215 -57.831 750.427 -17.548 107.575 162.811 57.983 304.26 258.179 168.915 145.416 14.496 334.015 -4986.725 255.89 54.626 791.016 9.766 -11.749 481.262 48.981 155.945 187.836 116.119 -616.913 107.88 29.297 80.719 74.463 65.918 2510.529 2288.208 实验室 1 074
4451239 4851 2025/12/24 14:54:17 P13 0 0 0 0 0 0 0 73.242 213.013 597.229 20.447 194.55 92.773 3781.738 41.962 22.583 740.051 -15.564 109.1 163.574 58.136 307.159 259.094 169.983 145.569 15.259 337.982 -4987.335 240.021 56.152 793.915 9.766 -12.054 479.889 49.286 156.403 187.988 112.61 -656.891 106.964 30.518 75.836 79.803 71.564 2511.597 2288.208 实验室 1 074
4451240 4851 2025/12/24 14:54:18 P13 0 0 0 0 0 0 0 73.242 213.013 597.229 20.447 194.55 92.773 3781.738 41.962 22.583 740.051 -15.564 109.1 163.574 58.136 307.159 259.094 169.983 145.569 15.259 337.982 -4987.335 240.021 56.152 793.915 9.766 -12.054 479.889 49.286 156.403 187.988 112.61 -656.891 106.964 30.518 75.836 79.803 71.564 2511.597 2288.208 实验室 1 074
4451241 4851 2025/12/24 14:54:19 P13 0 0 0 0 0 0 0 73.242 213.013 597.229 20.447 194.55 92.773 3781.738 41.962 22.583 740.051 -15.564 109.1 163.574 58.136 307.159 259.094 169.983 145.569 15.259 337.982 -4987.335 240.021 56.152 793.915 9.766 -12.054 479.889 49.286 156.403 187.988 112.61 -656.891 106.964 30.518 75.836 79.803 71.564 2511.597 2288.208 实验室 1 074
4451242 4851 2025/12/24 14:54:20 P13 0 0 0 0 0 0 0 73.242 214.081 596.008 19.989 197.754 93.536 3779.297 16.022 60.577 750.275 -16.632 108.185 163.422 58.441 309.448 259.705 171.661 146.027 15.259 339.05 -4988.403 213.776 57.373 786.438 10.071 -12.665 480.042 50.354 156.25 186.615 110.626 -669.403 107.727 30.212 72.021 75.531 70.038 2511.139 2289.276 实验室 1 074
4451243 4851 2025/12/24 14:54:21 P13 0 0 0 0 0 0 0 73.242 214.081 596.008 19.989 197.754 93.536 3779.297 16.022 60.577 750.275 -16.632 108.185 163.422 58.441 309.448 259.705 171.661 146.027 15.259 339.05 -4988.403 213.776 57.373 786.438 10.071 -12.665 480.042 50.354 156.25 186.615 110.626 -669.403 107.727 30.212 72.021 75.531 70.038 2511.139 2289.276 实验室 1 074
4451244 4851 2025/12/24 14:54:22 P13 0 0 0 0 0 0 0 73.547 213.318 596.619 19.684 197.754 93.689 3780.67 7.477 54.779 717.621 -16.327 108.795 163.574 58.289 311.585 258.942 171.356 146.332 15.564 340.729 -4987.488 238.953 56.152 775.147 9.766 -12.665 480.499 49.591 156.097 186.768 112.915 -670.624 106.964 29.907 75.989 81.177 71.106 2510.834 2285.004 实验室 1 074
4451245 4851 2025/12/24 14:54:23 P13 0 0 0 0 0 0 0 73.547 213.318 596.619 19.684 197.754 93.689 3780.67 7.477 54.779 717.621 -16.327 108.795 163.574 58.289 311.585 258.942 171.356 146.332 15.564 340.729 -4987.488 238.953 56.152 775.147 9.766 -12.665 480.499 49.591 156.097 186.768 112.915 -670.624 106.964 29.907 75.989 81.177 71.106 2510.834 2285.004 实验室 1 074
4451246 4851 2025/12/24 14:54:24 P13 0 0 0 0 0 0 0 73.242 214.081 595.551 18.463 198.059 94.757 3780.06 52.49 98.877 738.983 -16.327 109.1 163.269 57.983 311.89 260.162 171.661 146.637 15.717 342.102 -4988.403 228.577 57.068 772.247 9.46 -12.36 478.363 49.896 155.945 186.768 113.525 -664.825 108.032 30.365 86.67 77.972 68.97 2511.902 2290.649 实验室 1 074
4451247 4851 2025/12/24 14:54:25 P13 0 0 0 0 0 0 0 73.242 214.081 595.551 18.463 198.059 94.757 3780.06 52.49 98.877 738.983 -16.327 109.1 163.269 57.983 311.89 260.162 171.661 146.637 15.717 342.102 -4988.403 228.577 57.068 772.247 9.46 -12.36 478.363 49.896 155.945 186.768 113.525 -664.825 108.032 30.365 86.67 77.972 68.97 2511.902 2290.649 实验室 1 074
4451248 4851 2025/12/24 14:54:26 P13 0 0 0 0 0 0 0 73.242 214.081 595.551 18.463 198.059 94.757 3780.06 52.49 98.877 738.983 -16.327 109.1 163.269 57.983 311.89 260.162 171.661 146.637 15.717 342.102 -4988.403 228.577 57.068 772.247 9.46 -12.36 478.363 49.896 155.945 186.768 113.525 -664.825 108.032 30.365 86.67 77.972 68.97 2511.902 2290.649 实验室 1 074
4451249 4851 2025/12/24 14:54:27 P13 0 0 0 0 0 0 0 73.7 214.233 596.161 18.921 197.449 94.604 3781.586 -6.256 -74.615 749.359 -17.09 108.795 164.185 58.136 313.721 260.468 172.272 146.484 15.259 342.255 -4989.014 263.672 59.357 783.081 10.376 -11.902 479.126 49.133 156.25 186.31 112.915 -663.147 107.727 30.212 76.752 79.803 68.512 2511.292 2289.124 实验室 1 074
4451250 4851 2025/12/24 14:54:28 P13 0 0 0 0 0 0 0 73.7 214.233 596.161 18.921 197.449 94.604 3781.586 -6.256 -74.615 749.359 -17.09 108.795 164.185 58.136 313.721 260.468 172.272 146.484 15.259 342.255 -4989.014 263.672 59.357 783.081 10.376 -11.902 479.126 49.133 156.25 186.31 112.915 -663.147 107.727 30.212 76.752 79.803 68.512 2511.292 2289.124 实验室 1 074
4451251 4851 2025/12/24 14:54:29 P13 0 0 0 0 0 0 0 74.158 214.539 595.093 18.158 196.381 95.215 3781.281 33.264 -30.212 737.305 -16.937 108.795 163.879 58.441 311.737 260.315 172.882 146.179 14.954 342.407 -4988.708 186.92 60.577 793.152 9.918 -12.36 477.905 49.438 156.25 186.31 116.882 -661.621 107.117 29.907 76.141 77.82 70.038 2511.139 2288.818 实验室 1 074
4451252 4851 2025/12/24 14:54:30 P13 0 0 0 0 0 0 0 74.158 214.539 595.093 18.158 196.381 95.215 3781.281 33.264 -30.212 737.305 -16.937 108.795 163.879 58.441 311.737 260.315 172.882 146.179 14.954 342.407 -4988.708 186.92 60.577 793.152 9.918 -12.36 477.905 49.438 156.25 186.31 116.882 -661.621 107.117 29.907 76.141 77.82 70.038 2511.139 2288.818 实验室 1 074
4451253 4851 2025/12/24 14:54:31 P13 0 0 0 0 0 0 0 74.005 215.607 594.177 17.395 194.702 94.604 3780.518 4.883 -14.343 749.207 -16.785 108.032 163.422 57.373 311.279 260.773 174.866 147.553 14.648 342.102 -4988.251 193.481 58.441 788.574 9.308 -12.817 477.448 50.507 156.097 186.462 114.288 -660.248 106.812 29.602 71.869 72.479 68.054 2511.139 2293.701 实验室 1 074
4451254 4851 2025/12/24 14:54:32 P13 0 0 0 0 0 0 0 74.005 215.607 594.177 17.395 194.702 94.604 3780.518 4.883 -14.343 749.207 -16.785 108.032 163.422 57.373 311.279 260.773 174.866 147.553 14.648 342.102 -4988.251 193.481 58.441 788.574 9.308 -12.817 477.448 50.507 156.097 186.462 114.288 -660.248 106.812 29.602 71.869 72.479 68.054 2511.139 2293.701 实验室 1 074
4451255 4851 2025/12/24 14:54:33 P13 0 0 0 0 0 0 0 74.005 215.607 594.177 17.395 194.702 94.604 3780.518 4.883 -14.343 749.207 -16.785 108.032 163.422 57.373 311.279 260.773 174.866 147.553 14.648 342.102 -4988.251 193.481 58.441 788.574 9.308 -12.817 477.448 50.507 156.097 186.462 114.288 -660.248 106.812 29.602 71.869 72.479 68.054 2511.139 2293.701 实验室 1 074
4451256 4851 2025/12/24 14:54:34 P13 0 0 0 0 0 0 0 73.853 214.539 594.33 16.937 192.719 93.689 3781.586 50.964 98.572 744.476 -17.09 109.253 163.574 57.983 310.516 261.383 172.577 146.79 16.479 341.644 -4990.997 237.122 59.052 776.978 9.766 -12.36 477.295 49.591 156.403 186.768 111.389 -658.722 106.659 29.755 75.836 74.768 75.073 2512.207 2290.649 实验室 1 074
4451257 4851 2025/12/24 14:54:35 P13 0 0 0 0 0 0 0 73.853 214.539 594.33 16.937 192.719 93.689 3781.586 50.964 98.572 744.476 -17.09 109.253 163.574 57.983 310.516 261.383 172.577 146.79 16.479 341.644 -4990.997 237.122 59.052 776.978 9.766 -12.36 477.295 49.591 156.403 186.768 111.389 -658.722 106.659 29.755 75.836 74.768 75.073 2512.207 2290.649 实验室 1 074
4451258 4851 2025/12/24 14:54:36 P13 0 0 0 0 0 0 0 74.31 214.996 594.025 17.242 191.65 94.604 3780.06 52.795 121.765 743.408 -16.632 108.49 162.964 58.441 310.516 261.383 172.73 146.637 14.343 341.644 -4989.776 269.928 56.915 774.078 9.46 -12.054 476.532 48.981 155.945 186.31 114.288 -659.18 107.727 29.907 76.599 73.242 67.902 2511.139 2287.292 实验室 1 074
4451259 4851 2025/12/24 14:54:37 P13 0 0 0 0 0 0 0 74.31 214.996 594.025 17.242 191.65 94.604 3780.06 52.795 121.765 743.408 -16.632 108.49 162.964 58.441 310.516 261.383 172.73 146.637 14.343 341.644 -4989.776 269.928 56.915 774.078 9.46 -12.054 476.532 48.981 155.945 186.31 114.288 -659.18 107.727 29.907 76.599 73.242 67.902 2511.139 2287.292 实验室 1 074
4451260 4851 2025/12/24 14:54:38 P13 0 0 0 0 0 0 0 74.31 215.759 594.635 16.479 190.582 94.299 3781.738 -1.984 -61.035 742.188 -16.327 109.1 163.574 57.678 308.991 261.078 173.34 147.4 14.801 341.187 -4988.708 256.5 57.373 779.572 9.308 -12.665 476.837 49.438 155.792 185.547 112.305 -658.875 106.964 29.449 76.904 74.31 74.463 2511.749 2288.818 实验室 1 074
4451261 4851 2025/12/24 14:54:39 P13 0 0 0 0 0 0 0 74.31 215.759 594.635 16.479 190.582 94.299 3781.738 -1.984 -61.035 742.188 -16.327 109.1 163.574 57.678 308.991 261.078 173.34 147.4 14.801 341.187 -4988.708 256.5 57.373 779.572 9.308 -12.665 476.837 49.438 155.792 185.547 112.305 -658.875 106.964 29.449 76.904 74.31 74.463 2511.749 2288.818 实验室 1 074
4451262 4851 2025/12/24 14:54:40 P13 0 0 0 0 0 0 0 73.09 214.233 594.33 15.564 188.141 94.91 3781.128 25.177 56.305 733.49 -17.242 108.795 164.032 57.831 308.838 261.841 171.814 147.553 15.106 341.339 -4988.098 323.334 57.983 767.212 10.071 -11.749 476.074 49.591 155.487 186.005 114.136 -660.553 107.117 30.518 77.972 78.888 66.986 2511.902 2288.208 实验室 1 074
4451263 4851 2025/12/24 14:54:41 P13 0 0 0 0 0 0 0 73.09 214.233 594.33 15.564 188.141 94.91 3781.128 25.177 56.305 733.49 -17.242 108.795 164.032 57.831 308.838 261.841 171.814 147.553 15.106 341.339 -4988.098 323.334 57.983 767.212 10.071 -11.749 476.074 49.591 155.487 186.005 114.136 -660.553 107.117 30.518 77.972 78.888 66.986 2511.902 2288.208 实验室 1 074
4451264 4851 2025/12/24 14:54:42 P13 0 0 0 0 0 0 0 73.09 214.233 594.33 15.564 188.141 94.91 3781.128 25.177 56.305 733.49 -17.242 108.795 164.032 57.831 308.838 261.841 171.814 147.553 15.106 341.339 -4988.098 323.334 57.983 767.212 10.071 -11.749 476.074 49.591 155.487 186.005 114.136 -660.553 107.117 30.518 77.972 78.888 66.986 2511.902 2288.208 实验室 1 074
4451265 4851 2025/12/24 14:54:43 P13 0 0 0 0 0 0 0 73.547 215.607 593.414 15.869 186.92 95.367 3781.738 51.575 55.847 750.885 -16.632 109.1 164.337 57.983 308.075 262.604 172.577 147.705 14.648 339.966 -4989.624 324.249 60.577 787.964 10.223 -12.817 476.074 49.438 156.25 185.547 115.051 -657.349 107.117 29.297 77.82 75.836 73.395 2511.597 2289.124 实验室 1 074
4451266 4851 2025/12/24 14:54:44 P13 0 0 0 0 0 0 0 73.547 215.607 593.414 15.869 186.92 95.367 3781.738 51.575 55.847 750.885 -16.632 109.1 164.337 57.983 308.075 262.604 172.577 147.705 14.648 339.966 -4989.624 324.249 60.577 787.964 10.223 -12.817 476.074 49.438 156.25 185.547 115.051 -657.349 107.117 29.297 77.82 75.836 73.395 2511.597 2289.124 实验室 1 074
4451267 4851 2025/12/24 14:54:45 P13 0 0 0 0 0 0 0 74.921 215.149 593.567 15.564 185.852 94.147 3781.586 13.275 7.477 740.356 -16.479 108.032 163.574 57.983 307.007 261.993 172.272 147.553 14.343 339.508 -4988.708 325.317 56.915 771.332 9.46 -12.207 475.006 49.286 155.792 185.852 114.441 -659.79 107.269 28.534 77.362 73.09 71.564 2512.054 2285.767 实验室 1 074
4451268 4851 2025/12/24 14:54:46 P13 0 0 0 0 0 0 0 74.921 215.149 593.567 15.564 185.852 94.147 3781.586 13.275 7.477 740.356 -16.479 108.032 163.574 57.983 307.007 261.993 172.272 147.553 14.343 339.508 -4988.708 325.317 56.915 771.332 9.46 -12.207 475.006 49.286 155.792 185.852 114.441 -659.79 107.269 28.534 77.362 73.09 71.564 2512.054 2285.767 实验室 1 074
4451269 4851 2025/12/24 14:54:47 P13 0 0 0 0 0 0 0 73.7 214.844 593.109 15.411 184.326 94.452 3779.602 31.738 -66.223 745.392 -16.785 109.253 163.574 57.068 306.397 263.367 172.577 147.4 13.733 338.745 -4988.251 288.696 61.34 793.61 9.46 -12.817 474.701 48.981 155.487 184.937 111.389 -659.027 107.269 29.449 75.684 76.752 67.444 2510.223 2291.87 实验室 1 074
4451270 4851 2025/12/24 14:54:48 P13 0 0 0 0 0 0 0 73.7 214.844 593.109 15.411 184.326 94.452 3779.602 31.738 -66.223 745.392 -16.785 109.253 163.574 57.068 306.397 263.367 172.577 147.4 13.733 338.745 -4988.251 288.696 61.34 793.61 9.46 -12.817 474.701 48.981 155.487 184.937 111.389 -659.027 107.269 29.449 75.684 76.752 67.444 2510.223 2291.87 实验室 1 074
4451271 4851 2025/12/24 14:54:49 P13 0 0 0 0 0 0 0 73.7 214.844 593.109 15.411 184.326 94.452 3779.602 31.738 -66.223 745.392 -16.785 109.253 163.574 57.068 306.397 263.367 172.577 147.4 13.733 338.745 -4988.251 288.696 61.34 793.61 9.46 -12.817 474.701 48.981 155.487 184.937 111.389 -659.027 107.269 29.449 75.684 76.752 67.444 2510.223 2291.87 实验室 1 074
4451272 4851 2025/12/24 14:54:50 P13 0 0 0 0 0 0 0 73.7 215.607 592.804 15.869 182.648 95.367 3779.449 37.231 -25.787 742.493 -16.327 108.185 163.269 57.678 306.091 262.451 171.356 147.553 14.801 338.287 -4988.251 260.773 61.34 780.182 9.613 -12.207 474.091 49.591 155.487 185.242 112 -659.485 107.422 29.297 76.141 73.853 65.765 2511.292 2290.039 实验室 1 074
4451273 4851 2025/12/24 14:54:51 P13 0 0 0 0 0 0 0 73.7 215.607 592.804 15.869 182.648 95.367 3779.449 37.231 -25.787 742.493 -16.327 108.185 163.269 57.678 306.091 262.451 171.356 147.553 14.801 338.287 -4988.251 260.773 61.34 780.182 9.613 -12.207 474.091 49.591 155.487 185.242 112 -659.485 107.422 29.297 76.141 73.853 65.765 2511.292 2290.039 实验室 1 074
4451274 4851 2025/12/24 14:54:52 P13 0 0 0 0 0 0 0 73.395 215.454 592.194 14.954 181.58 95.215 3781.128 41.809 49.438 737 -15.869 109.1 162.964 56.915 304.871 261.993 172.272 148.163 14.191 337.372 -4989.929 273.132 59.662 784.302 9.46 -12.207 474.701 48.981 156.097 185.7 110.931 -657.044 106.354 28.534 70.19 72.327 63.171 2512.817 2289.734 实验室 1 074
4451275 4851 2025/12/24 14:54:53 P13 0 0 0 0 0 0 0 73.395 215.454 592.194 14.954 181.58 95.215 3781.128 41.809 49.438 737 -15.869 109.1 162.964 56.915 304.871 261.993 172.272 148.163 14.191 337.372 -4989.929 273.132 59.662 784.302 9.46 -12.207 474.701 48.981 156.097 185.7 110.931 -657.044 106.354 28.534 70.19 72.327 63.171 2512.817 2289.734 实验室 1 074
4451276 4851 2025/12/24 14:54:54 P13 0 0 0 0 0 0 0 73.853 215.454 591.888 15.106 180.054 94.91 3779.602 14.038 53.558 736.389 -16.937 108.337 163.574 57.22 304.565 262.451 171.204 147.553 14.038 337.372 -4987.793 239.563 61.34 771.179 10.376 -13.275 473.633 49.591 153.961 185.089 115.967 -657.806 106.659 28.839 72.632 77.82 68.665 2510.529 2294.312 实验室 1 074
4451277 4851 2025/12/24 14:54:55 P13 0 0 0 0 0 0 0 73.853 215.454 591.888 15.106 180.054 94.91 3779.602 14.038 53.558 736.389 -16.937 108.337 163.574 57.22 304.565 262.451 171.204 147.553 14.038 337.372 -4987.793 239.563 61.34 771.179 10.376 -13.275 473.633 49.591 153.961 185.089 115.967 -657.806 106.659 28.839 72.632 77.82 68.665 2510.529 2294.312 实验室 1 074
4451278 4851 2025/12/24 14:54:56 P13 0 0 0 0 0 0 0 73.853 215.454 591.888 15.106 180.054 94.91 3779.602 14.038 53.558 736.389 -16.937 108.337 163.574 57.22 304.565 262.451 171.204 147.553 14.038 337.372 -4987.793 239.563 61.34 771.179 10.376 -13.275 473.633 49.591 153.961 185.089 115.967 -657.806 106.659 28.839 72.632 77.82 68.665 2510.529 2294.312 实验室 1 074
4451279 4851 2025/12/24 14:54:57 P13 0 0 0 0 0 0 0 73.853 215.607 592.041 15.869 179.138 94.452 3780.67 60.272 91.4 743.408 -16.479 107.88 162.811 58.136 304.871 261.688 171.661 147.705 14.191 336.762 -4989.624 247.498 59.967 777.283 10.681 -12.512 473.328 48.828 154.572 184.631 112.61 -658.569 106.812 28.229 65.46 74.31 67.291 2510.529 2289.276 实验室 1 074
4451280 4851 2025/12/24 14:54:58 P13 0 0 0 0 0 0 0 73.853 215.607 592.041 15.869 179.138 94.452 3780.67 60.272 91.4 743.408 -16.479 107.88 162.811 58.136 304.871 261.688 171.661 147.705 14.191 336.762 -4989.624 247.498 59.967 777.283 10.681 -12.512 473.328 48.828 154.572 184.631 112.61 -658.569 106.812 28.229 65.46 74.31 67.291 2510.529 2289.276 实验室 1 074
4451281 4851 2025/12/24 14:54:59 P13 0 0 0 0 0 0 0 73.7 215.149 591.583 15.564 178.375 93.994 3780.67 -27.313 -83.771 742.95 -16.632 108.337 163.269 57.373 303.955 262.756 171.051 148.01 13.886 336.914 -4990.845 187.225 59.967 764.465 9.613 -12.512 472.717 49.438 154.877 185.089 112 -657.501 106.201 28.839 71.564 76.141 66.681 2511.444 2289.734 实验室 1 074
4451282 4851 2025/12/24 14:55:00 P13 0 0 0 0 0 0 0 73.7 215.149 591.583 15.564 178.375 93.994 3780.67 -27.313 -83.771 742.95 -16.632 108.337 163.269 57.373 303.955 262.756 171.051 148.01 13.886 336.914 -4990.845 187.225 59.967 764.465 9.613 -12.512 472.717 49.438 154.877 185.089 112 -657.501 106.201 28.839 71.564 76.141 66.681 2511.444 2289.734 实验室 1 074
4451283 4851 2025/12/24 14:55:01 P13 0 0 0 0 0 0 0 74.463 216.217 591.583 15.564 177.155 94.299 3782.349 45.624 -48.065 749.817 -17.09 108.185 162.811 57.678 303.803 261.993 170.898 147.095 13.58 335.693 -4990.54 182.8 58.899 804.749 9.918 -10.834 472.717 49.591 154.877 184.631 110.474 -656.891 107.117 28.229 82.703 76.294 65.46 2511.749 2289.276 实验室 1 074
4451284 4851 2025/12/24 14:55:02 P13 0 0 0 0 0 0 0 74.463 216.217 591.583 15.564 177.155 94.299 3782.349 45.624 -48.065 749.817 -17.09 108.185 162.811 57.678 303.803 261.993 170.898 147.095 13.58 335.693 -4990.54 182.8 58.899 804.749 9.918 -10.834 472.717 49.591 154.877 184.631 110.474 -656.891 107.117 28.229 82.703 76.294 65.46 2511.749 2289.276 实验室 1 074
4451285 4851 2025/12/24 14:55:03 P13 0 0 0 0 0 0 0 74.463 216.217 591.583 15.564 177.155 94.299 3782.349 45.624 -48.065 749.817 -17.09 108.185 162.811 57.678 303.803 261.993 170.898 147.095 13.58 335.693 -4990.54 182.8 58.899 804.749 9.918 -10.834 472.717 49.591 154.877 184.631 110.474 -656.891 107.117 28.229 82.703 76.294 65.46 2511.749 2289.276 实验室 1 074
4451286 4851 2025/12/24 14:55:04 P13 0 0 0 0 0 0 0 73.7 216.217 590.82 15.106 176.544 95.52 3779.602 3.357 -13.733 745.392 -16.022 108.49 162.354 57.068 303.65 261.841 171.204 148.163 13.123 334.473 -4989.319 187.378 58.594 777.435 9.613 -13.275 472.87 50.354 154.724 184.021 111.389 -657.196 106.812 27.924 72.327 78.43 69.122 2511.444 2289.429 实验室 1 074
4451287 4851 2025/12/24 14:55:05 P13 0 0 0 0 0 0 0 73.7 216.217 590.82 15.106 176.544 95.52 3779.602 3.357 -13.733 745.392 -16.022 108.49 162.354 57.068 303.65 261.841 171.204 148.163 13.123 334.473 -4989.319 187.378 58.594 777.435 9.613 -13.275 472.87 50.354 154.724 184.021 111.389 -657.196 106.812 27.924 72.327 78.43 69.122 2511.444 2289.429 实验室 1 074
4451288 4851 2025/12/24 14:55:06 P13 0 0 0 0 0 0 0 73.395 215.912 590.82 14.801 175.629 94.452 3780.67 -16.785 44.556 742.493 -17.09 108.643 162.506 57.22 302.124 262.451 170.746 148.163 14.191 334.473 -4988.708 214.386 58.746 824.738 9.46 -12.207 471.802 48.676 154.572 184.174 112.152 -657.501 105.743 29.144 70.19 73.7 66.223 2511.444 2289.124 实验室 1 074
4451289 4851 2025/12/24 14:55:07 P13 0 0 0 0 0 0 0 73.395 215.912 590.82 14.801 175.629 94.452 3780.67 -16.785 44.556 742.493 -17.09 108.643 162.506 57.22 302.124 262.451 170.746 148.163 14.191 334.473 -4988.708 214.386 58.746 824.738 9.46 -12.207 471.802 48.676 154.572 184.174 112.152 -657.501 105.743 29.144 70.19 73.7 66.223 2511.444 2289.124 实验室 1 074
4451290 4851 2025/12/24 14:55:08 P13 0 0 0 0 0 0 0 74.768 216.217 590.973 14.343 175.934 94.147 3780.212 3.815 76.447 736.694 -16.479 107.88 163.422 56.763 302.734 262.756 170.898 148.315 13.886 333.862 -4988.708 237.885 57.983 788.422 9.46 -12.512 472.107 50.049 154.724 184.174 111.542 -657.806 106.201 28.229 68.054 71.106 68.665 2510.834 2291.87 实验室 1 074
4451291 4851 2025/12/24 14:55:09 P13 0 0 0 0 0 0 0 74.768 216.217 590.973 14.343 175.934 94.147 3780.212 3.815 76.447 736.694 -16.479 107.88 163.422 56.763 302.734 262.756 170.898 148.315 13.886 333.862 -4988.708 237.885 57.983 788.422 9.46 -12.512 472.107 50.049 154.724 184.174 111.542 -657.806 106.201 28.229 68.054 71.106 68.665 2510.834 2291.87 实验室 1 074
4451292 4851 2025/12/24 14:55:10 P13 0 0 0 0 0 0 0 73.7 216.217 590.057 14.648 174.561 94.147 3780.823 16.479 14.038 744.782 -17.7 108.643 162.811 57.831 301.666 262.909 169.983 148.926 12.817 334.015 -4990.082 256.653 58.441 769.653 9.308 -12.207 471.497 49.591 154.572 184.631 112.152 -657.196 107.117 28.076 61.035 68.817 66.681 2511.292 2286.987 实验室 1 074
4451293 4851 2025/12/24 14:55:11 P13 0 0 0 0 0 0 0 73.7 216.217 590.057 14.648 174.561 94.147 3780.823 16.479 14.038 744.782 -17.7 108.643 162.811 57.831 301.666 262.909 169.983 148.926 12.817 334.015 -4990.082 256.653 58.441 769.653 9.308 -12.207 471.497 49.591 154.572 184.631 112.152 -657.196 107.117 28.076 61.035 68.817 66.681 2511.292 2286.987 实验室 1 074
4451294 4851 2025/12/24 14:55:12 P13 0 0 0 0 0 0 0 73.7 216.217 590.057 14.648 174.561 94.147 3780.823 16.479 14.038 744.782 -17.7 108.643 162.811 57.831 301.666 262.909 169.983 148.926 12.817 334.015 -4990.082 256.653 58.441 769.653 9.308 -12.207 471.497 49.591 154.572 184.631 112.152 -657.196 107.117 28.076 61.035 68.817 66.681 2511.292 2286.987 实验室 1 074
4451295 4851 2025/12/24 14:55:13 P13 0 0 0 0 0 0 0 73.395 216.98 590.363 16.479 174.561 94.91 3782.043 44.098 12.36 735.779 -17.548 108.49 162.201 57.22 302.124 262.146 169.983 148.773 13.275 333.252 -4988.708 320.74 59.967 772.095 9.766 -12.512 471.954 48.523 154.266 184.174 110.474 -658.112 106.201 28.992 76.294 71.259 63.171 2511.749 2288.666 实验室 1 074
4451296 4851 2025/12/24 14:55:14 P13 0 0 0 0 0 0 0 73.395 216.98 590.363 16.479 174.561 94.91 3782.043 44.098 12.36 735.779 -17.548 108.49 162.201 57.22 302.124 262.146 169.983 148.773 13.275 333.252 -4988.708 320.74 59.967 772.095 9.766 -12.512 471.954 48.523 154.266 184.174 110.474 -658.112 106.201 28.992 76.294 71.259 63.171 2511.749 2288.666 实验室 1 074
4451297 4851 2025/12/24 14:55:15 P13 0 0 0 0 0 0 0 73.395 216.675 589.752 14.801 173.187 94.299 3782.959 26.093 121.002 740.814 -16.632 107.88 162.506 56.763 301.056 261.993 170.441 148.926 13.428 331.879 -4989.166 302.734 57.831 787.506 9.46 -12.817 471.344 48.676 154.724 184.326 112.915 -656.586 106.354 28.381 75.836 77.667 72.937 2511.292 2288.513 实验室 1 074
4451298 4851 2025/12/24 14:55:16 P13 0 0 0 0 0 0 0 73.7 216.522 589.6 14.496 173.95 94.147 3780.06 28.992 70.496 739.594 -17.242 107.422 163.269 57.983 301.666 262.299 170.898 148.468 13.123 332.031 -4990.082 284.882 59.662 764.618 8.392 -11.902 470.734 48.828 154.114 183.563 111.237 -658.264 106.354 29.144 81.329 73.242 70.19 2510.986 2289.734 实验室 1 074
4451299 4851 2025/12/24 14:55:17 P13 0 0 0 0 0 0 0 73.7 216.522 589.6 14.496 173.95 94.147 3780.06 28.992 70.496 739.594 -17.242 107.422 163.269 57.983 301.666 262.299 170.898 148.468 13.123 332.031 -4990.082 284.882 59.662 764.618 8.392 -11.902 470.734 48.828 154.114 183.563 111.237 -658.264 106.354 29.144 81.329 73.242 70.19 2510.986 2289.734 实验室 1 074
4451300 4851 2025/12/24 14:55:18 P13 0 0 0 0 0 0 0 72.937 216.522 590.515 14.648 173.798 94.299 3781.128 74.921 -122.376 744.782 -16.632 108.49 162.964 56.763 301.666 262.299 169.983 148.163 12.207 332.336 -4988.098 253.754 59.662 796.051 9.46 -12.512 469.971 49.438 154.266 183.106 110.321 -657.501 106.049 28.229 77.515 75.073 67.749 2510.834 2289.124 实验室 1 074
4451301 4851 2025/12/24 14:55:19 P13 0 0 0 0 0 0 0 72.632 217.438 588.989 14.801 172.272 94.299 3782.349 8.392 -28.992 747.986 -16.174 108.49 162.354 56.763 300.903 261.993 169.678 148.773 14.801 331.421 -4991.455 290.222 57.678 791.016 9.766 -12.817 470.123 49.591 154.572 183.868 112.152 -658.722 106.049 27.771 75.836 73.242 73.09 2514.038 2290.497 实验室 1 074
4451302 4851 2025/12/24 14:55:20 P13 0 0 0 0 0 0 0 72.632 217.438 588.989 14.801 172.272 94.299 3782.349 8.392 -28.992 747.986 -16.174 108.49 162.354 56.763 300.903 261.993 169.678 148.773 14.801 331.421 -4991.455 290.222 57.678 791.016 9.766 -12.817 470.123 49.591 154.572 183.868 112.152 -658.722 106.049 27.771 75.836 73.242 73.09 2514.038 2290.497 实验室 1 074
4451303 4851 2025/12/24 14:55:21 P13 0 0 0 0 0 0 0 74.615 216.98 588.837 15.717 173.492 94.299 3781.281 21.82 -51.727 750.275 -16.632 107.727 162.964 56.458 301.209 261.841 170.136 148.01 12.817 331.116 -4989.166 276.032 59.662 801.697 9.46 -12.512 470.886 49.286 153.809 183.563 112.457 -657.654 106.659 27.924 72.479 75.531 69.58 2511.597 2288.361 实验室 1 074
4451304 4851 2025/12/24 14:55:22 P13 0 0 0 0 0 0 0 73.395 217.133 589.294 14.801 172.73 94.91 3779.907 25.635 -94.604 744.324 -16.174 108.032 162.506 56.915 300.293 262.146 169.373 149.231 12.36 331.574 -4990.082 238.19 59.357 783.386 9.766 -12.207 469.513 49.591 154.266 183.868 111.847 -658.112 106.049 27.771 80.872 78.43 68.359 2511.749 2290.344 实验室 1 074
4451305 4851 2025/12/24 14:55:23 P13 0 0 0 0 0 0 0 72.632 215.912 588.989 15.106 171.814 93.231 3781.891 -3.052 101.471 739.899 -17.242 107.88 162.201 56.61 301.209 262.146 169.525 148.468 14.038 330.505 -4991.15 257.874 60.425 817.719 9.46 -11.139 469.666 48.828 153.809 184.326 113.22 -658.722 106.201 27.924 78.583 76.904 64.697 2511.292 2288.208 实验室 1 074
4451306 4851 2025/12/24 14:55:24 P13 0 0 0 0 0 0 0 73.547 216.37 588.532 14.954 171.356 94.299 3781.281 61.188 99.182 748.138 -16.632 109.253 162.048 56.152 300.446 261.993 169.678 148.468 14.038 332.184 -4988.708 290.833 57.831 833.893 9.613 -12.665 469.666 49.286 154.877 183.868 111.542 -657.196 105.896 27.924 83.313 70.801 68.054 2512.054 2288.666 实验室 1 074
4451307 4851 2025/12/24 14:55:25 P13 0 0 0 0 0 0 0 73.547 216.37 588.532 14.954 171.356 94.299 3781.281 61.188 99.182 748.138 -16.632 109.253 162.048 56.152 300.446 261.993 169.678 148.468 14.038 332.184 -4988.708 290.833 57.831 833.893 9.613 -12.665 469.666 49.286 154.877 183.868 111.542 -657.196 105.896 27.924 83.313 70.801 68.054 2512.054 2288.666 实验室 1 074
4451308 4851 2025/12/24 14:55:26 P13 0 0 0 0 0 0 0 73.853 216.98 588.989 16.022 171.356 93.842 3780.365 22.736 121.307 744.629 -16.479 108.185 162.201 57.678 301.514 261.993 169.22 148.315 12.97 330.505 -4989.929 290.527 62.561 782.623 9.918 -12.512 469.818 48.981 153.809 183.411 114.136 -658.112 106.506 28.076 80.261 73.853 70.343 2510.986 2289.581 实验室 1 074
4451309 4851 2025/12/24 14:55:27 P13 0 0 0 0 0 0 0 74.005 219.116 588.379 14.954 171.967 94.757 3780.365 -6.409 109.711 747.528 -16.479 107.575 162.354 56.61 300.598 261.536 169.83 148.621 12.817 330.811 -4988.708 237.122 60.12 776.52 9.155 -13.123 469.513 49.438 153.503 183.563 111.694 -658.875 106.354 27.618 76.599 76.752 65.155 2511.139 2292.938 实验室 1 074
4451310 4851 2025/12/24 14:55:28 P13 0 0 0 0 0 0 0 74.463 216.37 589.6 14.801 172.424 94.299 3781.891 24.414 211.182 735.931 -15.869 108.185 163.727 58.594 300.293 262.299 169.067 148.01 12.97 330.2 -4989.319 232.544 63.171 771.027 9.766 -13.733 469.513 49.133 154.419 183.411 109.863 -660.4 105.591 27.618 72.021 72.632 70.19 2511.292 2289.429 实验室 1 074
4451311 4851 2025/12/24 14:55:29 P13 0 0 0 0 0 0 0 74.005 217.285 588.226 14.343 171.967 93.079 3781.738 35.095 156.708 737.457 -16.785 107.117 162.354 56.305 299.53 261.231 169.83 148.621 12.36 330.2 -4987.183 242.462 58.136 794.83 9.003 -13.275 469.818 48.676 153.809 183.258 110.779 -658.417 106.354 27.924 81.177 77.667 63.019 2510.986 2288.361 实验室 1 074
4451312 4851 2025/12/24 14:55:30 P13 0 0 0 0 0 0 0 74.158 216.522 588.379 15.106 171.204 93.689 3782.349 63.629 0.458 739.441 -16.632 107.727 162.811 57.831 300.751 261.688 169.22 148.163 12.817 330.353 -4988.098 192.413 59.967 782.318 10.223 -12.207 469.208 49.286 153.351 183.258 111.847 -658.264 106.201 27.618 77.057 71.869 65.918 2511.902 2290.955 实验室 1 074
4451313 4851 2025/12/24 14:55:31 P13 0 0 0 0 0 0 0 74.005 216.827 588.074 14.954 172.119 94.757 3780.212 32.959 -135.04 738.22 -16.937 107.422 162.048 57.068 300.446 261.383 169.83 148.621 12.817 330.048 -4988.861 213.928 59.357 777.893 9.155 -12.817 469.208 49.133 153.809 182.8 111.389 -658.417 105.896 27.618 75.378 74.31 66.986 2510.529 2289.429 实验室 1 074
4451314 4851 2025/12/24 14:55:32 P13 0 0 0 0 0 0 0 74.158 216.675 589.142 14.954 171.356 93.842 3780.212 37.689 -163.879 727.692 -16.785 107.422 163.269 57.526 300.598 261.993 169.067 148.468 12.97 330.811 -4990.997 226.135 59.357 768.89 9.46 -12.054 468.903 48.218 153.656 182.8 114.136 -658.569 105.743 28.076 75.989 72.021 64.697 2510.071 2288.208 实验室 1 074
4451315 4851 2025/12/24 14:55:33 P13 0 0 0 0 0 0 0 74.005 216.522 588.989 14.801 171.509 94.147 3780.365 62.561 -40.588 731.506 -16.174 107.727 162.659 56.305 299.835 261.841 169.83 148.163 12.665 329.59 -4989.319 194.855 61.798 776.215 9.46 -12.817 468.292 48.065 153.656 183.258 109.558 -658.722 105.743 27.771 66.528 72.021 68.817 2511.444 2289.429 实验室 1 074
4451316 4851 2025/12/24 14:55:34 P13 0 0 0 0 0 0 0 74.005 216.217 588.532 15.717 170.898 93.689 3781.128 9.613 54.626 743.866 -16.022 108.948 162.964 56.305 299.988 262.146 168.915 148.773 13.275 329.437 -4989.319 202.942 60.577 790.253 10.071 -13.123 468.903 48.828 153.198 183.258 110.931 -659.485 106.354 28.076 77.972 70.648 69.275 2511.749 2288.818 实验室 1 074
4451317 4851 2025/12/24 14:55:35 P13 0 0 0 0 0 0 0 73.7 216.98 588.226 14.648 170.288 93.994 3781.281 40.436 67.139 738.983 -17.09 108.337 162.354 55.084 299.683 261.688 169.22 148.926 13.275 328.522 -4987.945 171.967 61.035 823.364 9.308 -11.444 467.835 49.286 153.961 183.868 112.61 -657.654 105.438 27.924 67.291 75.378 68.359 2510.986 2284.088 实验室 1 074
4451318 4851 2025/12/24 14:55:36 P13 0 0 0 0 0 0 0 72.937 216.37 587.463 14.801 170.593 92.468 3782.501 16.174 84.839 739.746 -17.09 107.88 162.811 56.61 299.988 261.536 168.61 149.689 13.58 328.98 -4987.641 188.599 56.61 808.106 9.613 -12.512 468.445 48.523 153.809 182.953 113.831 -656.281 106.049 27.924 71.259 74.768 67.596 2512.207 2286.682 实验室 1 074
4451319 4851 2025/12/24 14:55:37 P13 0 0 0 0 0 0 0 73.242 216.37 588.379 14.954 170.593 94.757 3782.654 50.507 108.643 737.152 -17.242 108.185 162.201 57.068 299.988 261.841 168.915 148.315 13.123 329.285 -4989.319 193.176 58.899 793.457 10.071 -12.665 467.529 48.828 153.351 183.563 110.626 -657.349 105.591 28.381 70.496 76.752 70.496 2512.665 2289.734 实验室 1 074
4451320 4851 2025/12/24 14:55:38 P13 0 0 0 0 0 0 0 73.395 216.522 587.463 14.648 170.746 94.299 3780.975 32.043 2.747 739.136 -17.242 108.795 162.201 56.915 299.683 261.993 169.22 149.231 13.275 329.132 -4989.319 205.383 57.831 768.585 9.613 -12.665 466.309 48.37 153.961 183.411 111.542 -657.806 105.286 27.466 68.817 75.989 67.139 2511.597 2287.598 实验室 1 074
4451321 4851 2025/12/24 14:55:39 P13 0 0 0 0 0 0 0 73.547 216.675 587.921 14.801 170.441 93.231 3780.212 30.823 26.245 735.626 -16.937 107.269 162.811 56.61 300.293 261.231 168.762 148.163 13.428 329.437 -4988.098 231.323 58.136 790.71 9.308 -11.749 467.835 48.065 153.351 182.495 111.542 -658.112 105.896 27.466 68.97 73.7 69.275 2510.834 2289.581 实验室 1 074
4451322 4851 2025/12/24 14:55:40 P13 0 0 0 0 0 0 0 73.395 216.827 587.158 15.106 170.288 94.147 3782.806 42.267 82.855 744.476 -16.937 108.032 162.506 55.847 299.835 262.299 168.457 147.705 13.123 329.59 -4989.014 226.288 59.509 764.313 9.918 -13.428 467.377 48.523 152.893 183.258 112.152 -657.349 105.438 28.076 72.937 74.463 71.869 2511.597 2289.429 实验室 1 074
4451323 4851 2025/12/24 14:55:41 P13 0 0 0 0 0 0 0 73.7 216.827 587.158 15.106 170.288 94.299 3780.212 -6.866 50.964 726.013 -16.479 108.337 162.201 56 299.377 261.231 169.983 149.078 13.123 329.132 -4989.929 201.874 60.272 779.114 9.003 -13.123 467.529 49.591 153.046 182.648 113.068 -659.027 105.591 27.313 79.193 76.141 66.528 2510.529 2290.192 实验室 1 074
4451324 4851 2025/12/24 14:55:42 P13 0 0 0 0 0 0 0 73.547 217.743 587.463 14.343 170.593 92.468 3780.365 18.921 7.477 744.019 -15.869 107.422 162.354 57.678 299.835 261.383 169.678 148.163 13.275 328.674 -4989.166 214.844 58.136 762.329 10.376 -13.123 467.224 49.286 152.893 182.343 111.084 -658.875 105.591 27.924 68.817 74.005 66.223 2511.444 2288.513 实验室 1 074
4451325 4851 2025/12/24 14:55:43 P13 0 0 0 0 0 0 0 73.547 217.438 586.853 14.496 170.136 93.231 3780.518 1.526 -97.961 743.408 -16.785 107.727 162.811 55.847 299.072 261.536 169.373 148.468 13.428 328.827 -4988.403 214.996 61.035 807.343 9.766 -11.292 467.224 49.591 152.893 182.037 111.847 -659.18 105.743 28.076 69.122 70.496 68.207 2510.681 2289.276 实验室 1 074
4451326 4851 2025/12/24 14:55:44 P13 0 0 0 0 0 0 0 73.547 216.522 587.311 15.564 170.136 93.384 3782.043 44.25 -211.487 745.392 -17.395 107.727 162.659 56.915 300.293 261.688 169.373 148.468 13.123 328.674 -4987.945 236.816 59.662 813.904 9.308 -12.817 467.377 48.828 152.893 182.343 110.779 -657.959 105.896 27.618 71.564 73.547 68.054 2511.139 2290.192 实验室 1 074
4451327 4851 2025/12/24 14:55:45 P13 0 0 0 0 0 0 0 74.158 216.98 586.853 14.648 170.441 93.079 3781.891 31.586 -236.664 744.476 -16.937 106.964 162.659 56.763 299.683 261.383 168.915 148.621 12.207 327.911 -4987.945 245.972 59.052 814.209 10.071 -12.207 467.224 48.676 152.741 182.343 112.915 -657.501 106.506 27.161 69.427 76.141 67.596 2510.681 2286.377 实验室 1 074
4451328 4851 2025/12/24 14:55:46 P13 0 0 0 0 0 0 0 73.09 217.285 586.243 15.411 169.678 93.231 3787.689 52.338 -128.174 740.356 -17.395 106.964 162.354 56.305 299.225 261.383 169.22 148.315 12.36 328.064 -4991.303 270.233 59.662 780.335 9.918 -11.749 466.766 48.828 152.741 182.343 114.441 -659.332 105.743 27.618 70.343 74.463 71.716 2511.749 2285.156 实验室 1 074
4451329 4851 2025/12/24 14:55:47 P13 0 0 0 0 0 0 0 73.09 216.98 586.395 14.648 170.136 93.384 3780.823 39.215 -37.994 743.408 -16.632 107.422 162.659 55.695 299.072 261.536 168.61 149.689 13.733 328.674 -4989.472 280.457 59.204 769.348 9.613 -12.054 466.919 48.37 153.351 182.8 111.084 -658.875 104.828 27.924 77.057 74.768 68.97 2511.749 2289.124 实验室 1 074
4451330 4851 2025/12/24 14:55:48 P13 0 0 0 0 0 0 0 73.395 217.133 587.463 14.648 169.525 93.079 3780.518 46.387 52.185 726.624 -16.174 108.337 162.506 55.847 299.53 261.993 168.457 148.468 13.275 328.369 -4988.403 231.781 58.594 762.634 9.155 -12.817 467.072 48.065 152.588 182.037 111.542 -658.417 105.438 27.771 74.005 78.583 67.749 2511.292 2289.276 实验室 1 074
4451331 4851 2025/12/24 14:55:49 P13 0 0 0 0 0 0 0 73.395 216.37 586.09 14.954 170.593 92.621 3782.959 6.409 157.471 747.223 -16.022 107.117 162.811 57.373 299.377 261.841 169.373 148.468 13.275 327.759 -4989.319 221.405 59.967 773.315 10.529 -12.665 466.614 47.607 152.893 182.343 115.204 -662.537 105.591 27.466 70.953 71.869 68.207 2512.512 2289.886 实验室 1 074
4451332 4851 2025/12/24 14:55:50 P13 0 0 0 0 0 0 0 73.395 216.37 586.09 14.954 170.593 92.621 3782.959 6.409 157.471 747.223 -16.022 107.117 162.811 57.373 299.377 261.841 169.373 148.468 13.275 327.759 -4989.319 221.405 59.967 773.315 10.529 -12.665 466.614 47.607 152.893 182.343 115.204 -662.537 105.591 27.466 70.953 71.869 68.207 2512.512 2289.886 实验室 1 074
4451333 4851 2025/12/24 14:55:51 P13 0 0 0 0 0 0 0 73.853 216.217 586.548 14.648 169.373 94.299 3780.365 37.994 100.861 742.188 -16.327 108.032 162.506 56.305 299.225 261.841 168.61 148.621 13.733 328.064 -4989.472 203.857 58.899 791.321 9.003 -12.665 466.156 49.286 153.351 182.8 112.152 -658.264 105.438 27.008 74.463 76.141 67.596 2510.529 2291.718 实验室 1 074
4451334 4851 2025/12/24 14:55:52 P13 0 0 0 0 0 0 0 73.395 217.59 586.243 15.411 169.525 93.994 3781.738 45.624 101.013 743.103 -15.564 107.727 162.964 56.458 299.072 261.841 169.22 148.773 12.512 328.064 -4990.234 207.52 59.204 752.258 9.613 -12.207 466.156 48.828 152.741 182.19 108.948 -657.044 105.438 28.534 74.463 75.684 68.054 2512.207 2290.649 实验室 1 074
4451335 4851 2025/12/24 14:55:53 P13 0 0 0 0 0 0 0 73.547 216.522 586.395 14.648 169.22 93.842 3782.959 13.428 100.403 740.814 -17.7 108.185 162.201 56.152 298.92 261.383 168.61 149.689 12.665 327.454 -4989.014 201.416 59.357 787.354 9.613 -12.817 467.224 48.065 153.809 182.495 111.542 -656.738 105.133 27.618 66.986 69.122 68.512 2511.444 2288.818 实验室 1 074
4451336 4851 2025/12/24 14:55:54 P13 0 0 0 0 0 0 0 74.31 217.133 585.938 14.038 170.441 94.299 3782.043 39.215 66.528 732.117 -16.937 107.269 162.354 55.695 299.225 261.383 169.067 148.773 12.207 327.759 -4989.319 180.359 60.577 829.62 9.308 -13.123 466.919 49.896 152.741 182.037 107.422 -657.806 105.591 27.466 72.937 75.531 67.444 2511.444 2293.396 实验室 1 074
4451337 4851 2025/12/24 14:55:55 P13 0 0 0 0 0 0 0 73.547 216.522 585.175 14.954 169.22 93.384 3780.823 17.395 138.245 740.814 -16.479 106.964 162.964 56.458 298.767 261.383 168.457 148.468 12.817 326.386 -4989.014 204.163 57.678 830.078 9.766 -11.902 465.851 47.607 152.283 181.58 110.321 -657.349 106.201 27.618 72.327 73.09 68.512 2511.749 2294.159 实验室 1 074
4451338 4851 2025/12/24 14:55:56 P13 0 0 0 0 0 0 0 73.7 216.37 586.09 15.564 169.22 93.536 3779.755 29.449 151.062 735.474 -16.785 107.117 161.896 56 299.377 261.383 168.762 148.621 12.665 328.064 -4988.556 211.334 61.188 820.007 9.46 -11.597 466.156 48.981 152.588 181.732 110.321 -657.501 105.438 27.618 70.801 78.583 68.665 2510.986 2283.783 实验室 1 074
4451339 4851 2025/12/24 14:55:57 P13 0 0 0 0 0 0 0 73.09 216.675 585.632 14.648 169.525 92.773 3781.128 12.36 100.403 740.356 -17.395 106.964 162.964 56.61 299.072 261.841 168.915 149.231 13.733 327.606 -4988.861 195.618 61.035 809.631 10.376 -12.817 465.698 48.523 152.435 181.885 111.237 -658.875 104.675 28.381 66.834 73.7 70.801 2511.749 2288.208 实验室 1 074
4451340 4851 2025/12/24 14:55:58 P13 0 0 0 0 0 0 0 73.395 216.827 585.785 15.106 170.898 93.231 3782.349 51.27 27.161 743.561 -17.09 107.269 163.117 56.152 298.92 261.383 168.61 148.773 12.817 327.301 -4989.014 187.683 59.814 817.108 9.766 -12.512 466.309 48.37 152.588 181.732 111.847 -658.875 106.659 27.771 76.141 74.463 73.853 2512.207 2288.208 实验室 1 074
4451341 4851 2025/12/24 14:55:59 P13 0 0 0 0 0 0 0 73.7 217.59 586.09 14.038 169.22 92.163 3780.67 43.182 -42.419 737.61 -16.937 108.185 162.506 56.763 298.767 261.536 168.61 149.384 13.275 327.911 -4987.335 177.46 59.052 792.084 9.155 -13.123 465.851 48.676 152.435 181.885 112.305 -659.332 105.286 28.229 76.294 77.209 65.002 2510.986 2288.666 实验室 1 074
4451342 4851 2025/12/24 14:56:00 P13 0 0 0 0 0 0 0 73.242 217.133 585.48 14.801 168.915 93.231 3781.433 43.488 -68.665 736.389 -16.785 107.727 162.201 57.068 298.92 261.383 168.762 148.621 12.97 327.454 -4988.708 191.956 57.983 778.046 9.46 -12.817 464.935 47.913 152.283 181.58 110.626 -658.569 105.133 28.992 76.141 80.719 69.122 2510.834 2290.344 实验室 1 074
4451343 4851 2025/12/24 14:56:01 P13 0 0 0 0 0 0 0 72.937 217.285 585.022 13.733 169.83 93.079 3781.281 16.327 14.038 735.474 -16.785 107.727 162.506 56 298.462 261.993 168.304 149.078 13.428 327.301 -4988.098 169.83 58.441 767.67 9.155 -12.512 465.393 47.913 152.893 182.19 110.626 -657.196 104.981 28.534 77.209 74.31 68.359 2512.207 2289.429 实验室 1 074
4451344 4851 2025/12/24 14:56:02 P13 0 0 0 0 0 0 0 73.395 216.98 586.09 15.564 169.067 93.384 3780.823 45.776 130.005 749.512 -16.632 107.422 162.506 56.915 299.225 260.925 167.694 148.621 12.817 327.148 -4986.572 156.403 59.357 737.305 9.155 -12.665 465.241 48.37 152.588 181.427 104.828 -658.112 104.828 27.618 75.989 74.31 69.427 2511.597 2293.549 实验室 1 074
4451345 4851 2025/12/24 14:56:03 P13 0 0 0 0 0 0 0 73.853 216.98 586.243 15.411 169.22 93.689 3780.67 47.76 94.147 750.58 -17.7 107.269 162.506 56.915 298.92 260.925 168.61 148.926 12.817 327.148 -4989.624 182.495 59.357 750.732 9.613 -11.902 464.478 48.218 152.283 181.427 114.899 -659.18 105.591 28.381 73.853 73.853 67.139 2511.292 2287.14 实验室 1 074
4451346 4851 2025/12/24 14:56:04 P13 0 0 0 0 0 0 0 76.599 216.675 585.785 15.106 169.067 93.689 3781.281 -18.616 78.43 747.223 -17.395 107.422 162.659 55.542 299.53 261.231 168.915 149.231 12.817 326.996 -4989.776 153.351 60.272 771.637 10.071 -12.817 464.172 48.37 152.283 181.732 112.305 -660.095 105.133 27.924 76.752 73.09 66.834 2511.139 2288.818 实验室 1 074
4451347 4851 2025/12/24 14:56:05 P13 0 0 0 0 0 0 0 73.395 217.896 584.259 14.648 170.288 93.536 3779.907 54.474 -17.242 726.624 -16.632 107.269 162.048 56.61 298.92 260.925 168.915 148.773 12.97 326.691 -4988.708 124.512 58.899 772.247 9.613 -12.665 465.393 48.828 152.435 181.58 110.626 -659.027 104.981 27.618 67.902 81.177 69.122 2510.986 2289.124 实验室 1 074
4451348 4851 2025/12/24 14:56:06 P13 0 0 0 0 0 0 0 73.395 217.133 584.869 14.648 169.373 93.842 3782.349 6.714 -57.068 741.272 -16.327 107.727 162.811 55.695 298.309 261.383 168.457 149.231 12.512 326.691 -4988.556 126.953 57.678 722.809 9.766 -12.817 464.783 48.37 152.435 182.19 113.068 -658.112 104.675 28.229 79.041 72.632 68.665 2512.817 2288.055 实验室 1 074
4451349 4851 2025/12/24 14:56:07 P13 0 0 0 0 0 0 0 73.242 216.827 584.869 14.343 169.067 94.604 3781.281 44.25 -92.468 746.765 -16.785 107.422 162.964 56.152 298.615 260.925 169.373 149.078 12.36 326.538 -4988.861 139.923 60.12 750.885 10.071 -11.292 464.172 47.913 152.13 181.58 111.847 -659.79 105.286 27.008 78.583 78.278 66.986 2511.597 2291.26 实验室 1 074
4451350 4851 2025/12/24 14:56:08 P13 0 0 0 0 0 0 0 72.937 216.827 585.938 14.496 168.915 92.926 3780.518 41.809 -89.417 744.629 -16.937 107.117 162.201 56.152 298.767 261.231 167.542 149.536 12.36 326.996 -4989.624 145.569 61.34 780.64 9.918 -12.207 464.783 49.438 153.046 181.274 112.457 -659.18 106.049 27.466 75.989 70.19 72.021 2510.986 2287.292 实验室 1 074
4451351 4851 2025/12/24 14:56:09 P13 0 0 0 0 0 0 0 74.005 216.522 585.327 14.801 168.61 92.773 3781.891 27.161 43.03 741.73 -16.785 107.269 162.354 55.695 298.92 261.231 167.999 149.536 12.512 326.691 -4989.166 110.474 59.204 777.741 9.46 -13.275 465.241 48.065 153.351 181.274 110.169 -658.722 106.049 27.466 70.343 70.19 65.765 2510.834 2283.63 实验室 1 074
4451352 4851 2025/12/24 14:56:10 P13 0 0 0 0 0 0 0 74.615 216.675 584.717 14.801 169.22 92.926 3782.654 65.002 100.25 745.697 -15.869 107.117 163.574 56.152 298.462 261.993 168.304 149.841 13.428 326.691 -4988.861 131.683 58.289 762.177 9.46 -12.817 464.783 47.913 151.978 181.58 110.931 -662.079 105.438 27.771 70.343 68.054 66.681 2511.902 2288.361 实验室 1 074
4451353 4851 2025/12/24 14:56:11 P13 0 0 0 0 0 0 0 73.7 217.438 586.09 14.801 169.22 90.332 3780.518 54.932 93.384 743.408 -16.937 106.964 162.354 57.068 299.53 261.231 167.999 148.926 12.207 326.386 -4989.624 146.179 62.103 768.28 9.46 -12.207 463.867 48.218 151.978 181.274 111.084 -662.537 105.133 27.313 74.768 65.613 67.596 2510.834 2289.124 实验室 1 074
4451354 4851 2025/12/24 14:56:12 P13 0 0 0 0 0 0 0 73.242 216.827 583.801 14.038 169.22 94.299 3782.349 36.316 129.547 740.662 -15.869 107.575 162.201 55.542 299.225 260.773 167.694 149.384 12.97 326.233 -4990.234 132.752 56.763 777.588 9.308 -13.275 463.715 48.828 152.741 181.732 108.49 -662.079 104.523 27.924 73.242 74.158 73.242 2512.36 2290.039 实验室 1 074
4451355 4851 2025/12/24 14:56:13 P13 0 0 0 0 0 0 0 74.005 217.743 584.869 14.038 168.915 93.384 3782.043 3.51 -46.997 744.019 -17.09 106.812 162.506 55.695 298.767 261.231 169.067 149.384 12.512 326.538 -4988.708 128.784 60.272 800.171 9.003 -11.902 463.715 48.523 151.825 181.427 109.406 -655.365 105.133 27.313 78.735 70.343 72.479 2511.444 2290.955 实验室 1 074
4451356 4851 2025/12/24 14:56:14 P13 0 0 0 0 0 0 0 73.242 217.438 584.106 14.191 168.61 93.536 3782.501 43.335 -66.681 754.089 -16.785 108.032 162.659 55.542 298.92 261.078 167.999 149.536 12.97 325.928 -4988.251 141.754 59.967 792.084 9.308 -13.275 464.325 48.828 152.741 181.58 109.253 -656.738 105.286 27.618 69.733 74.615 68.665 2511.444 2288.666 实验室 1 074
4451357 4851 2025/12/24 14:56:15 P13 0 0 0 0 0 0 0 74.31 217.59 585.022 14.801 169.373 93.536 3780.823 12.97 -93.842 739.136 -17.09 106.659 162.506 55.695 298.767 260.925 168.457 149.231 12.97 326.233 -4989.014 157.318 59.052 823.364 9.155 -12.817 463.867 48.523 151.52 183.563 112 -658.417 105.133 27.313 71.716 70.19 68.665 2511.292 2287.598 实验室 1 074
4451358 4851 2025/12/24 14:56:16 P13 0 0 0 0 0 0 0 73.547 217.133 584.106 13.886 168.61 93.689 3780.67 13.428 -75.073 728.76 -16.632 107.422 162.048 55.237 298.462 260.925 168.152 149.689 12.512 326.233 -4988.251 173.492 56.458 805.054 9.766 -13.733 466.309 48.065 152.588 182.495 112.152 -659.18 104.675 27.771 74.921 75.836 68.665 2510.986 2289.124 实验室 1 074
4451359 4851 2025/12/24 14:56:17 P13 0 0 0 0 0 0 0 73.547 217.896 584.564 15.564 168.152 94.299 3780.212 22.888 70.953 734.863 -16.937 108.032 162.048 56.763 298.92 261.536 167.847 148.926 12.97 325.928 -4990.234 170.593 59.357 796.509 9.46 -12.054 463.562 48.676 152.435 181.58 111.389 -659.332 105.133 28.229 70.496 75.226 69.122 2511.749 2288.055 实验室 1 074
4451360 4851 2025/12/24 14:56:18 P13 0 0 0 0 0 0 0 73.395 216.37 584.717 14.801 168.762 94.452 3782.196 53.864 175.934 742.95 -17.7 107.727 162.659 55.542 298.92 260.468 167.694 149.536 12.512 326.233 -4987.641 173.798 59.509 767.517 9.155 -13.123 464.63 47.607 153.198 179.138 111.694 -659.79 104.981 27.618 78.125 69.122 68.97 2511.292 2287.14 实验室 1 074
4451361 4851 2025/12/24 14:56:19 P13 0 0 0 0 0 0 0 73.395 217.59 583.954 14.648 169.83 93.994 3782.196 22.278 190.582 736.084 -16.327 106.812 162.201 56 298.462 260.925 168.457 149.231 12.36 325.47 -4988.708 211.639 55.695 760.498 9.003 -13.275 463.867 48.828 151.978 180.664 112.152 -659.79 104.981 27.924 72.327 74.158 66.681 2511.749 2289.276 实验室 1 074
4451362 4851 2025/12/24 14:56:20 P13 0 0 0 0 0 0 0 74.005 217.59 583.191 14.801 169.067 93.536 3781.738 66.834 165.1 742.035 -16.174 106.964 162.811 55.084 298.157 260.62 168.457 149.689 12.665 325.928 -4988.708 249.176 57.983 716.4 9.46 -12.817 463.104 48.981 151.52 180.969 112.305 -658.112 104.828 27.618 75.989 70.496 66.834 2512.817 2285.309 实验室 1 074
4451363 4851 2025/12/24 14:56:21 P13 0 0 0 0 0 0 0 74.005 217.59 583.191 14.801 169.067 93.536 3781.738 66.834 165.1 742.035 -16.174 106.964 162.811 55.084 298.157 260.62 168.457 149.689 12.665 325.928 -4988.708 249.176 57.983 716.4 9.46 -12.817 463.104 48.981 151.52 180.969 112.305 -658.112 104.828 27.618 75.989 70.496 66.834 2512.817 2285.309 实验室 1 074
4451364 4851 2025/12/24 14:56:22 P13 0 0 0 0 0 0 0 73.242 217.896 584.106 14.343 168.61 92.011 3780.212 36.926 179.443 720.978 -16.174 106.964 162.354 55.084 298.157 260.162 168.762 149.384 12.817 325.928 -4988.556 237.579 58.441 717.468 9.613 -12.817 462.799 48.523 151.825 180.969 113.373 -659.027 104.828 26.855 81.024 73.547 65.918 2511.444 2288.971 实验室 1 074
4451365 4851 2025/12/24 14:56:23 P13 0 0 0 0 0 0 0 73.7 216.065 584.564 15.106 168.304 92.926 3781.128 56.61 98.724 738.22 -16.632 106.964 161.896 55.695 298.615 260.773 167.999 149.078 12.665 325.165 -4988.098 263.062 58.899 732.422 9.46 -11.902 463.715 47.913 151.367 180.817 113.525 -658.569 105.438 27.466 78.888 74.768 66.834 2511.749 2290.344 实验室 1 074
4451366 4851 2025/12/24 14:56:24 P13 0 0 0 0 0 0 0 73.7 216.675 583.954 15.717 168.457 93.536 3782.196 68.359 5.951 736.389 -15.869 107.117 162.048 55.695 298.309 260.468 168.915 149.384 12.36 325.928 -4988.708 247.498 61.798 735.016 9.308 -12.512 463.715 48.828 151.52 180.817 114.746 -660.095 105.286 27.161 79.346 74.463 66.834 2510.681 2290.039 实验室 1 074
4451367 4851 2025/12/24 14:56:25 P13 0 0 0 0 0 0 0 74.005 216.98 583.496 14.648 169.067 93.536 3782.959 34.027 -49.744 741.425 -16.937 107.117 162.659 56.152 298.157 260.468 168.457 148.773 14.038 326.08 -4989.014 227.661 58.136 743.408 9.46 -12.97 462.494 48.065 151.52 180.969 112.152 -658.722 104.675 27.008 71.716 71.716 71.106 2512.207 2288.513 实验室 1 074
4451368 4851 2025/12/24 14:56:26 P13 0 0 0 0 0 0 0 73.7 218.353 583.801 15.106 167.999 93.994 3781.586 50.049 -84.381 738.831 -16.937 107.88 162.354 55.695 298.462 260.315 167.694 149.536 12.97 325.012 -4988.403 231.781 59.357 747.833 9.766 -12.665 462.952 48.218 151.825 180.969 110.474 -655.06 105.286 28.381 77.667 76.447 69.733 2511.902 2289.886 实验室 1 074
4451369 4851 2025/12/24 14:56:27 P13 0 0 0 0 0 0 0 73.395 217.133 583.191 14.954 168.915 93.079 3779.602 23.956 -78.125 738.525 -16.785 107.269 162.354 55.847 298.615 261.231 167.389 149.994 12.512 325.47 -4989.319 245.361 61.951 791.321 9.46 -12.817 463.104 49.133 151.367 180.206 111.389 -658.722 105.133 27.466 76.904 77.515 66.376 2510.681 2286.835 实验室 1 074
4451370 4851 2025/12/24 14:56:28 P13 0 0 0 0 0 0 0 73.7 217.285 584.106 14.801 168.457 93.842 3781.433 16.174 -88.348 735.474 -16.937 106.506 162.201 55.695 299.225 260.468 167.389 148.621 12.512 325.775 -4987.793 247.955 60.425 783.386 9.155 -12.665 462.952 48.523 151.672 180.206 111.389 -657.196 105.286 27.008 76.599 77.972 70.801 2511.749 2291.87 实验室 1 074
4451371 4851 2025/12/24 14:56:29 P13 0 0 0 0 0 0 0 72.632 216.522 583.344 14.648 167.999 94.299 3782.349 12.665 -141.296 748.596 -16.632 106.201 162.354 55.542 298.157 260.162 168.457 149.841 13.123 325.317 -4990.692 247.498 59.052 782.013 9.155 -13.428 462.494 48.218 152.13 181.274 110.169 -659.332 104.37 27.313 75.989 74.158 68.359 2511.749 2288.208 实验室 1 074
4451372 4851 2025/12/24 14:56:30 P13 0 0 0 0 0 0 0 73.547 216.827 584.106 14.496 168.304 93.384 3782.043 40.283 -153.961 743.103 -16.632 106.812 162.964 55.084 298.767 261.078 167.999 149.689 13.123 326.538 -4987.793 225.525 60.73 826.416 10.223 -13.123 462.494 48.676 151.52 180.359 111.542 -658.722 104.37 28.076 79.498 76.141 66.223 2512.207 2290.344 实验室 1 074
4451373 4851 2025/12/24 14:56:31 P13 0 0 0 0 0 0 0 73.547 217.896 583.038 15.106 168.457 93.842 3781.128 35.248 57.373 748.901 -16.632 106.964 161.896 55.084 298.309 260.315 167.389 149.384 12.665 324.86 -4990.234 215.454 58.594 859.985 9.155 -12.817 462.036 48.676 151.978 180.664 110.474 -658.264 104.675 27.771 73.395 72.937 68.817 2511.444 2287.75 实验室 1 074
4451374 4851 2025/12/24 14:56:32 P13 0 0 0 0 0 0 0 72.784 216.217 583.649 14.648 168.152 93.994 3780.518 36.316 179.749 745.087 -17.09 107.88 162.201 55.542 297.852 261.078 167.389 149.384 13.428 323.181 -4989.014 200.501 62.408 839.233 9.918 -12.207 462.189 48.37 151.672 181.122 110.626 -658.875 104.37 27.924 70.648 72.174 68.817 2510.529 2295.99 实验室 1 074
4451375 4851 2025/12/24 14:56:33 P13 0 0 0 0 0 0 0 73.7 217.59 582.733 13.886 168.304 94.604 3781.738 15.869 279.083 747.223 -16.937 106.506 163.879 55.084 298.004 259.857 167.999 149.384 12.207 324.86 -4988.098 171.051 61.035 851.898 9.613 -12.36 462.036 48.37 151.52 180.664 111.084 -657.654 104.675 27.313 76.447 73.242 67.596 2512.054 2286.377 实验室 1 074
4451376 4851 2025/12/24 14:56:34 P13 0 0 0 0 0 0 0 74.31 216.522 584.259 14.801 168.457 92.316 3782.806 -1.831 249.329 744.782 -16.479 106.506 161.743 55.237 298.157 260.62 167.236 149.384 12.512 325.47 -4989.929 158.386 56.763 802.307 9.155 -12.97 461.578 48.065 151.367 180.359 111.389 -659.18 104.523 27.618 72.174 71.106 66.834 2512.207 2289.429 实验室 1 074
4451377 4851 2025/12/24 14:56:35 P13 0 0 0 0 0 0 0 73.395 217.59 582.886 14.648 168.152 92.621 3780.975 58.746 192.261 747.833 -16.174 107.422 162.201 55.389 297.852 260.468 167.694 148.773 12.97 324.86 -4988.708 167.999 61.951 803.375 9.308 -11.902 461.884 47.607 150.909 179.749 110.169 -658.722 104.37 28.381 67.291 75.073 70.801 2510.986 2289.124 实验室 1 074
4451378 4851 2025/12/24 14:56:36 P13 0 0 0 0 0 0 0 72.937 216.98 583.038 14.954 167.999 93.384 3783.112 24.109 124.512 737.61 -17.242 107.727 162.048 56 298.004 260.468 167.236 148.315 13.123 325.928 -4988.098 162.354 60.272 803.223 9.003 -13.275 461.884 48.065 151.978 180.969 109.253 -657.806 104.828 27.466 81.024 70.038 67.596 2512.36 2289.886 实验室 1 074
4451379 4851 2025/12/24 14:56:37 P13 0 0 0 0 0 0 0 72.784 216.522 583.496 14.954 167.999 92.773 3780.06 53.711 62.103 746.46 -16.632 106.354 162.354 56.305 298.157 259.552 167.236 148.926 12.36 325.317 -4989.624 136.261 58.594 784.912 9.613 -12.817 461.884 47.913 151.062 179.749 110.016 -658.875 104.675 27.466 69.885 73.547 67.749 2510.834 2289.276 实验室 1 074
4451380 4851 2025/12/24 14:56:38 P13 0 0 0 0 0 0 0 74.158 216.827 582.428 15.106 168.61 93.079 3783.112 44.556 43.335 746.918 -16.632 107.117 162.354 56.305 298.004 260.315 168.457 149.536 12.665 325.317 -4988.708 99.487 60.577 806.885 9.613 -12.817 462.799 47.455 151.062 179.901 111.084 -657.959 104.828 27.466 73.547 77.515 66.681 2511.902 2289.124 实验室 1 074
4451381 4851 2025/12/24 14:56:39 P13 0 0 0 0 0 0 0 72.937 217.285 582.886 14.191 168.457 93.689 3781.586 -10.223 32.349 738.983 -16.174 106.964 162.048 55.542 298.157 260.468 167.847 149.384 13.275 326.996 -4989.319 112.457 58.136 790.405 9.46 -12.665 461.273 48.676 151.672 180.512 110.474 -657.959 104.37 27.313 78.583 71.564 67.444 2511.597 2288.818 实验室 1 074
4451382 4851 2025/12/24 14:56:40 P13 0 0 0 0 0 0 0 72.784 217.285 582.733 14.648 168.304 93.079 3780.975 -7.782 85.754 747.833 -16.327 106.354 161.743 55.237 297.546 260.315 167.847 149.994 12.512 324.402 -4987.641 97.809 59.814 807.953 9.308 -13.123 462.189 48.828 152.13 180.206 111.237 -658.264 104.675 27.313 60.577 75.684 66.986 2510.376 2289.429 实验室 1 074
4451383 4851 2025/12/24 14:56:41 P13 0 0 0 0 0 0 0 73.547 217.438 582.581 14.648 167.999 92.926 3782.501 81.177 176.544 750.885 -16.327 107.269 161.896 55.542 297.241 260.773 167.694 149.689 12.97 324.86 -4989.929 122.376 65.002 783.997 9.613 -12.97 461.426 49.286 151.367 180.817 111.389 -658.569 103.607 26.855 66.376 72.327 67.596 2511.902 2289.276 实验室 1 074
4451384 4851 2025/12/24 14:56:42 P13 0 0 0 0 0 0 0 72.937 217.438 583.191 14.648 167.999 93.384 3780.212 30.823 170.441 742.493 -16.632 106.354 162.811 55.084 298.309 260.01 166.931 149.231 13.123 325.47 -4989.472 156.25 59.509 778.198 10.071 -12.512 461.121 47.607 151.367 179.749 114.136 -657.349 104.37 27.618 65.613 64.392 68.054 2511.139 2285.156 实验室 1 074
4451385 4851 2025/12/24 14:56:43 P13 0 0 0 0 0 0 0 72.632 217.438 582.733 14.343 168.152 92.926 3781.128 43.182 186.615 740.814 -16.785 106.506 162.048 55.389 297.546 259.399 167.389 149.384 12.36 325.623 -4988.708 166.473 58.899 787.659 9.613 -12.97 461.426 48.523 151.672 179.901 112.61 -657.959 104.523 27.313 73.547 72.327 65.918 2511.292 2287.292 实验室 1 074
4451386 4851 2025/12/24 14:56:44 P13 0 0 0 0 0 0 0 73.395 216.522 582.733 14.648 168.152 91.705 3779.602 37.231 -69.122 738.678 -16.785 106.354 162.811 55.084 297.852 260.468 167.084 149.231 12.512 325.47 -4989.319 145.721 60.577 760.498 9.766 -12.207 461.426 47.455 150.757 179.749 110.779 -658.569 104.218 27.466 68.359 72.632 68.359 2510.681 2289.734 实验室 1 074
4451387 4851 2025/12/24 14:56:45 P13 0 0 0 0 0 0 0 73.395 217.133 582.123 15.411 167.999 92.621 3780.06 59.204 -181.274 745.239 -16.785 106.964 162.354 55.389 297.852 260.468 167.847 149.078 12.054 324.707 -4988.251 137.634 59.357 761.261 9.46 -12.512 462.036 48.37 151.367 179.749 113.373 -659.332 104.37 26.855 71.106 70.343 68.512 2510.834 2289.124 实验室 1 074
4451388 4851 2025/12/24 14:56:46 P13 0 0 0 0 0 0 0 73.547 216.675 582.733 14.954 169.983 92.773 3781.281 29.297 -145.874 735.474 -17.395 107.269 162.201 56 298.004 260.01 167.389 149.384 12.36 324.249 -4990.234 111.847 59.204 747.833 9.613 -12.207 460.51 46.997 150.909 180.206 110.016 -662.537 104.675 27.313 74.463 71.411 64.087 2510.986 2288.055 实验室 1 074
4451389 4851 2025/12/24 14:56:47 P13 0 0 0 0 0 0 0 73.09 217.896 581.97 14.954 167.694 92.926 3780.975 9.918 -195.618 735.626 -17.853 107.422 161.896 56 297.394 260.162 167.236 148.926 11.902 324.249 -4991.303 113.068 59.052 751.19 8.698 -13.275 460.663 47.607 150.757 180.054 109.558 -660.095 103.149 27.161 76.447 70.648 66.986 2511.444 2286.377 实验室 1 074
4451390 4851 2025/12/24 14:56:48 P13 0 0 0 0 0 0 0 74.463 217.133 582.581 15.411 167.847 92.316 3780.823 36.316 -40.894 735.321 -16.785 106.812 162.506 56 298.615 260.315 167.084 149.078 12.512 325.317 -4989.166 116.73 59.814 760.04 10.376 -12.817 461.121 48.218 151.367 180.054 113.373 -662.231 105.438 27.466 71.411 72.632 66.223 2510.681 2287.14 实验室 1 074
4451391 4851 2025/12/24 14:56:49 P13 0 0 0 0 0 0 0 73.7 218.201 582.275 14.648 167.999 93.231 3781.128 59.357 46.844 741.73 -16.785 107.117 162.506 55.084 298.309 260.162 167.084 149.536 12.36 324.402 -4989.776 118.866 59.509 768.585 9.766 -12.665 460.358 48.065 150.909 179.749 110.474 -662.384 104.523 27.313 74.158 72.479 67.291 2510.986 2289.124 实验室 1 074
4451392 4851 2025/12/24 14:56:50 P13 0 0 0 0 0 0 0 73.7 218.201 582.275 14.648 167.999 93.231 3781.128 59.357 46.844 741.73 -16.785 107.117 162.506 55.084 298.309 260.162 167.084 149.536 12.36 324.402 -4989.776 118.866 59.509 768.585 9.766 -12.665 460.358 48.065 150.909 179.749 110.474 -662.384 104.523 27.313 74.158 72.479 67.291 2510.986 2289.124 实验室 1 074
4451393 4851 2025/12/24 14:56:51 P13 0 0 0 0 0 0 0 73.242 216.98 581.665 15.106 167.542 93.384 3780.365 41.656 30.823 749.207 -16.785 106.354 162.048 55.084 297.546 260.01 167.084 149.231 12.054 324.097 -4987.793 77.82 59.204 763.245 9.918 -12.817 460.815 47.76 150.604 180.817 111.237 -662.842 104.523 27.008 75.836 72.937 66.986 2510.986 2290.497 实验室 1 074
4451394 4851 2025/12/24 14:56:52 P13 0 0 0 0 0 0 0 74.005 216.827 582.428 13.733 168.457 92.316 3780.518 24.872 -3.51 750.885 -17.09 106.354 162.506 55.237 296.783 261.231 167.084 149.231 12.97 323.944 -4991.15 53.711 61.035 775.909 10.223 -12.817 460.968 47.302 150.757 179.901 109.558 -662.384 104.065 27.618 74.615 68.817 63.171 2510.376 2289.429 实验室 1 074
4451395 4851 2025/12/24 14:56:53 P13 0 0 0 0 0 0 0 72.937 218.353 581.36 14.343 167.999 92.621 3781.128 33.417 60.12 731.506 -17.09 107.269 162.659 56.152 297.852 259.705 167.847 149.078 12.36 324.402 -4989.319 59.357 60.425 779.572 8.85 -11.749 460.205 47.455 150.604 179.443 110.016 -661.926 104.37 27.313 69.58 71.716 66.223 2511.749 2289.124 实验室 1 074
4451396 4851 2025/12/24 14:56:54 P13 0 0 0 0 0 0 0 73.547 217.896 581.665 14.801 167.999 93.384 3780.212 10.376 -10.071 740.509 -16.937 106.812 162.048 55.237 296.631 260.773 167.999 149.536 12.36 323.792 -4989.929 87.433 60.272 798.645 9.003 -12.665 461.121 46.234 150.757 179.443 103.302 -659.79 104.065 27.618 72.784 72.174 68.817 2510.529 2289.886 实验室 1 074
4451397 4851 2025/12/24 14:56:55 P13 0 0 0 0 0 0 0 73.395 217.438 581.97 14.801 166.626 92.316 3779.907 19.379 -43.03 746.307 -16.479 106.659 162.354 55.542 296.936 259.705 166.779 148.773 12.512 323.486 -4990.082 149.689 57.22 810.7 9.155 -12.817 460.053 48.37 150.299 179.443 111.847 -661.926 104.675 27.313 71.106 72.327 66.376 2510.681 2291.26 实验室 1 074
4451398 4851 2025/12/24 14:56:56 P13 0 0 0 0 0 0 0 74.005 217.59 581.055 15.411 167.084 92.316 3780.212 49.591 -39.52 746.46 -15.869 106.354 162.048 55.389 297.394 260.01 167.694 148.926 10.834 323.792 -4988.403 155.029 59.967 796.509 9.308 -11.902 460.815 48.523 150.909 179.901 110.169 -661.621 104.675 27.618 72.479 69.122 67.902 2512.207 2289.124 实验室 1 074
4451399 4851 2025/12/24 14:56:57 P15 0 0 0 0 0 0 0 72.784 216.98 581.513 14.191 167.084 92.773 3781.128 10.071 -69.275 746.155 -17.395 107.422 162.354 54.779 297.394 260.62 166.626 149.231 13.428 324.249 -4989.014 163.117 59.204 807.19 8.85 -13.733 460.053 47.607 150.604 179.443 111.237 -661.011 104.523 28.076 64.85 76.141 68.512 2510.986 2286.53 实验室 1 074
4451400 4851 2025/12/24 14:56:58 P15 0 0 0 0 0 0 0 74.005 216.675 581.207 14.496 168.152 93.384 3782.654 41.656 36.316 749.207 -16.479 106.506 162.659 55.695 297.394 260.315 166.931 149.689 12.054 323.792 -4989.472 181.58 55.695 791.931 10.071 -12.97 459.137 48.218 150.757 179.596 109.863 -660.706 104.523 27.618 72.021 71.564 67.444 2511.444 2283.478 实验室 1 074
4451401 4851 2025/12/24 14:56:59 P15 0 0 0 0 0 0 0 73.395 216.827 581.818 14.954 168.304 94.299 3780.06 32.501 61.951 742.95 -15.869 106.506 162.201 54.932 297.241 259.552 167.542 149.536 12.36 323.334 -4987.03 196.686 60.73 773.01 9.308 -13.123 460.358 47.76 151.062 179.596 110.016 -664.825 104.37 27.466 73.547 73.09 70.038 2511.597 2289.429 实验室 1 074
4451402 4851 2025/12/24 14:57:00 P15 0 0 0 0 0 0 0 73.395 216.675 581.513 16.327 167.084 91.553 3782.043 46.692 79.651 743.561 -17.09 106.812 162.354 54.626 297.241 260.468 166.626 149.536 12.36 323.486 -4990.387 183.258 59.204 750.732 8.545 -12.817 459.9 48.065 150.909 182.037 111.237 -680.695 105.591 27.466 72.937 78.43 68.817 2510.986 2288.208 实验室 1 074
4451403 4851 2025/12/24 14:57:01 P15 0 0 0 0 0 0 0 72.327 216.675 581.665 25.177 167.542 93.231 3781.128 42.877 64.392 729.828 -17.395 106.354 162.354 55.847 297.394 259.857 166.931 152.435 12.97 324.097 -4988.861 165.1 58.746 771.484 9.613 -12.207 460.053 47.455 150.604 184.631 109.253 -692.596 108.948 27.466 72.784 74.768 63.629 2511.444 2288.513 实验室 1 074
4451404 4851 2025/12/24 14:57:02 P15 0 0 0 0 0 0 0 73.395 216.37 580.139 48.37 167.542 92.773 3781.128 -3.662 75.684 736.084 -16.632 106.201 162.964 57.22 297.852 260.62 166.779 157.776 13.58 324.097 -4989.014 193.176 59.662 758.362 9.613 -13.275 461.578 48.523 151.367 196.228 111.389 -696.106 114.441 26.855 83.618 77.209 66.071 2511.749 2292.633 实验室 1 074
4451405 4851 2025/12/24 14:57:03 P15 0 0 0 0 0 0 0 73.7 216.522 580.292 81.482 170.441 94.604 3780.518 -17.09 102.997 722.504 -17.7 106.354 161.896 56.763 297.852 259.094 166.473 165.405 15.869 324.554 -4989.319 218.353 57.678 779.419 9.003 -12.207 465.088 47.455 151.062 206.604 112.457 -697.937 122.528 27.466 70.648 75.989 68.97 2510.529 2290.192 实验室 1 074
4451406 4851 2025/12/24 14:57:04 P15 0 0 0 0 0 0 0 74.463 217.438 579.376 120.239 182.19 97.504 3780.518 88.501 192.566 721.13 -16.937 105.286 162.506 58.746 300.293 258.942 166.473 176.849 19.684 327.606 -4989.624 224.762 58.441 797.424 9.308 -12.207 471.191 47.607 152.283 216.827 109.253 -695.038 131.836 27.313 74.31 70.19 73.242 2509.766 2289.124 实验室 1 074
4451407 4851 2025/12/24 14:57:05 P15 0 0 0 0 0 0 0 76.904 217.896 577.393 160.523 207.062 104.981 3779.297 25.177 212.402 737.457 -16.327 104.37 163.422 59.052 306.854 258.789 167.389 188.294 24.109 336.151 -4989.624 197.907 63.782 780.64 8.85 -12.665 480.194 47.913 155.029 227.814 110.626 -693.97 142.212 29.144 71.564 72.937 69.58 2511.444 2288.513 实验室 1 074
4451408 4851 2025/12/24 14:57:06 P15 0 0 0 0 0 0 0 78.735 219.421 575.867 199.738 241.242 115.662 3782.349 17.242 179.138 738.525 -18.311 106.354 167.847 59.967 322.266 258.942 168.762 199.89 28.839 352.478 -4989.166 179.138 59.204 769.501 9.155 -13.428 488.892 48.218 160.217 238.19 110.931 -689.24 151.978 31.128 78.735 78.735 65.002 2512.054 2289.124 实验室 1 074
4451409 4851 2025/12/24 14:57:07 P15 0 0 0 0 0 0 0 82.55 220.947 575.256 236.359 285.797 129.242 3781.281 4.883 141.144 733.337 -16.785 103.607 173.798 61.646 349.884 258.179 170.898 211.945 34.485 380.859 -4989.929 161.896 58.594 848.999 8.698 -12.36 500.946 48.37 167.694 247.192 112.61 -686.951 162.048 36.621 72.632 75.531 69.275 2511.292 2295.074 实验室 1 074
4451410 4851 2025/12/24 14:57:08 P15 0 0 0 0 0 0 0 86.06 223.541 574.036 269.013 337.982 143.738 3780.212 9.003 122.07 741.577 -16.785 102.234 180.664 61.798 391.388 257.874 174.866 222.778 37.537 422.669 -4987.488 197.754 59.814 854.187 7.935 -13.123 512.238 48.676 176.544 255.89 109.1 -683.899 171.051 44.861 74.158 73.09 73.853 2510.986 2288.666 实验室 1 074
4451411 4851 2025/12/24 14:57:09 P15 0 0 0 0 0 0 0 89.111 223.541 573.273 297.852 395.355 158.539 3780.518 35.553 4.883 734.558 -16.479 103.455 189.667 62.408 452.728 257.874 180.664 232.086 40.283 479.584 -4988.403 215.454 58.594 819.397 9.308 -12.817 524.445 51.27 187.225 263.825 112.457 -683.594 180.359 55.695 74.463 78.583 83.008 2510.834 2288.208 实验室 1 074
4451412 4851 2025/12/24 14:57:10 P15 0 0 0 0 0 0 0 92.621 223.236 572.662 326.233 459.137 174.561 3780.365 35.4 -14.343 731.506 -16.479 104.828 198.975 63.477 531.006 257.416 189.667 241.394 42.114 557.556 -4989.929 275.574 57.22 812.988 9.308 -12.512 538.025 53.558 198.212 271.759 108.795 -681 187.836 69.122 72.632 75.226 99.335 2512.207 2289.124 实验室 1 074
4451413 4851 2025/12/24 14:57:11 P15 0 0 0 0 0 0 0 95.367 218.811 572.968 352.631 525.665 187.531 3782.806 74.31 -33.722 738.22 -16.632 107.727 208.588 65.002 613.098 257.416 199.28 249.786 48.981 649.872 -4989.624 282.288 57.678 872.498 9.155 -12.207 551.91 56.61 209.656 278.473 108.185 -681.305 195.313 85.754 70.038 73.853 122.986 2512.36 2288.208 实验室 1 074
4451414 4851 2025/12/24 14:57:12 P15 0 0 0 0 0 0 0 97.656 221.1 572.205 375.824 591.888 201.721 3782.959 27.466 -196.686 742.035 -17.242 111.237 217.133 65.765 688.171 258.026 211.487 257.874 68.359 749.664 -4990.082 240.784 60.73 865.173 9.46 -11.292 566.254 59.204 221.252 285.187 114.899 -680.237 202.179 103.76 72.479 72.021 146.179 2512.207 2286.072 实验室 1 074
4451415 4851 2025/12/24 14:57:13 P15 0 0 0 0 0 0 0 99.792 237.122 574.036 397.797 660.858 212.708 3780.823 41.504 -226.135 731.964 -16.937 116.272 223.846 66.528 751.953 256.348 224.915 264.587 70.953 846.558 -4988.861 185.089 59.204 856.476 9.46 -10.529 579.987 64.24 232.239 290.68 110.779 -681.305 208.588 122.223 72.327 73.853 186.31 2511.597 2290.039 实验室 1 074
4451416 4851 2025/12/24 14:57:14 P15 0 0 0 0 0 0 0 101.318 253.601 576.019 418.091 720.52 223.999 3781.281 16.022 -241.852 737.763 -16.937 122.528 229.645 68.207 802.155 256.5 240.784 270.233 19.531 932.159 -4988.403 183.716 59.357 845.184 9.613 -10.376 594.177 69.275 242.92 297.241 109.558 -681.763 214.386 140.991 74.615 71.564 211.639 2511.139 2289.124 实验室 1 074
4451417 4851 2025/12/24 14:57:15 P15 0 0 0 0 0 0 0 102.234 240.784 578.156 435.791 779.572 232.697 3780.518 10.071 -227.356 747.07 -17.09 130.158 235.443 68.512 842.285 256.5 256.5 276.642 13.275 1002.808 -4991.303 170.898 59.967 856.934 9.46 -9.003 607.452 73.853 252.991 301.514 109.406 -683.289 218.811 161.591 78.278 68.665 238.037 2510.986 2283.173 实验室 1 074
4451418 4851 2025/12/24 14:57:16 P15 0 0 0 0 0 0 0 103.455 209.045 581.36 453.949 838.318 241.394 3781.433 -9.613 -295.105 753.479 -16.937 140.076 240.173 69.58 874.939 256.958 273.895 281.067 120.239 1058.96 -4988.098 205.536 59.509 896.301 9.308 -7.782 620.88 80.719 263.977 306.397 109.253 -682.983 223.846 181.885 76.904 72.021 277.252 2512.054 2284.851 实验室 1 074
4451419 4851 2025/12/24 14:57:17 P15 0 0 0 0 0 0 0 102.997 182.953 585.022 469.818 892.334 248.413 3781.586 39.52 -438.232 754.089 -16.632 150.604 243.683 70.801 902.1 256.043 290.833 286.56 259.094 1102.753 -4989.776 193.024 58.289 924.377 9.46 -7.477 634.155 88.196 273.285 310.364 108.032 -684.204 227.966 202.026 76.599 70.19 307.465 2512.512 2289.276 实验室 1 074
4451420 4851 2025/12/24 14:57:18 P15 0 0 0 0 0 0 0 103.455 171.204 587.769 487.061 943.146 255.432 3782.043 -15.564 -505.829 747.986 -16.937 161.896 246.124 72.021 923.92 255.89 307.922 290.527 352.783 1133.728 -4990.234 232.849 58.289 918.579 9.918 -5.341 647.278 95.215 282.593 314.484 112.763 -685.425 232.849 220.947 72.021 75.836 332.642 2511.444 2292.938 实验室 1 074
4451421 4851 2025/12/24 14:57:19 P15 0 0 0 0 0 0 0 103.302 171.814 592.194 501.404 989.227 259.857 3780.212 -33.264 -545.807 753.937 -16.785 174.408 249.023 72.327 941.01 256.043 324.249 294.495 298.462 1158.752 -4990.387 270.233 60.883 922.089 9.46 -5.188 659.943 102.387 290.833 318.756 111.847 -686.646 236.511 238.648 75.226 74.158 365.448 2511.902 2289.734 实验室 1 074
4451422 4851 2025/12/24 14:57:20 P15 0 0 0 0 0 0 0 102.997 182.343 596.771 511.627 1028.595 265.961 3780.212 15.411 -583.344 755.463 -16.327 187.073 252.075 73.395 955.353 255.28 339.356 298.615 213.623 1177.216 -4990.54 284.729 59.204 919.647 9.308 -3.052 671.082 109.253 299.683 322.266 115.662 -685.883 239.563 254.974 71.259 75.684 384.216 2510.834 2289.276 实验室 1 074
4451423 4851 2025/12/24 14:57:21 P15 0 0 0 0 0 0 0 102.997 182.343 596.771 511.627 1028.595 265.961 3780.212 15.411 -583.344 755.463 -16.327 187.073 252.075 73.395 955.353 255.28 339.356 298.615 213.623 1177.216 -4990.54 284.729 59.204 919.647 9.308 -3.052 671.082 109.253 299.683 322.266 115.662 -685.883 239.563 254.974 71.259 75.684 384.216 2510.834 2289.276 实验室 1 074
4451424 4851 2025/12/24 14:57:22 P15 0 0 0 0 0 0 0 102.539 195.618 603.638 522.766 1071.777 269.775 3779.907 -25.024 -486.298 758.362 -16.632 200.043 253.143 74.921 968.933 255.89 353.088 301.056 139.16 1194.916 -4988.556 259.094 60.12 913.391 9.46 -2.136 683.289 116.272 306.702 325.165 116.425 -687.866 243.225 272.217 72.937 75.989 407.41 2510.986 2288.208 实验室 1 074
4451425 4851 2025/12/24 14:57:23 P15 0 0 0 0 0 0 0 102.692 214.386 606.995 536.346 1110.382 272.064 3780.06 35.858 -448.914 761.108 -16.327 214.081 254.364 75.684 979.309 255.89 366.821 303.65 78.583 1206.207 -4988.861 225.983 59.662 933.38 9.46 -0.916 694.275 123.901 314.026 328.369 119.629 -689.545 247.345 285.187 84.076 79.803 428.162 2510.834 2290.955 实验室 1 074
4451426 4851 2025/12/24 14:57:24 P15 0 0 0 0 0 0 0 101.471 230.408 613.556 549.164 1145.325 275.269 3780.06 -18.158 -409.393 760.498 -16.479 227.051 255.89 76.599 986.939 256.5 378.876 306.854 32.654 1217.346 -4990.692 228.424 59.509 950.928 8.392 0.153 704.346 131.836 320.892 332.336 122.681 -689.545 249.023 299.377 75.684 77.972 440.979 2510.834 2289.734 实验室 1 074
4451427 4851 2025/12/24 14:57:25 P15 0 0 0 0 0 0 0 101.624 244.293 619.507 562.286 1178.131 277.71 3779.755 -27.924 -388.947 768.738 -17.7 241.089 257.416 76.599 993.958 256.348 390.778 308.228 3.51 1225.128 -4989.319 178.68 59.509 973.663 9.766 1.678 714.569 137.787 326.843 333.71 126.19 -690.613 252.075 310.059 78.888 84.839 456.543 2510.529 2288.971 实验室 1 074
4451428 4851 2025/12/24 14:57:26 P15 0 0 0 0 0 0 0 101.166 255.737 626.221 572.815 1207.581 280.914 3780.67 -67.291 -405.884 771.637 -15.717 254.059 258.331 77.667 1000.061 256.348 400.085 310.516 -15.564 1233.063 -4989.014 169.678 57.373 949.554 8.545 -1.068 723.267 144.653 333.71 335.999 126.495 -691.834 254.974 320.74 79.956 79.498 477.448 2512.054 2288.208 实验室 1 074
4451429 4851 2025/12/24 14:57:27 P15 0 0 0 0 0 0 0 100.403 272.522 632.019 582.581 1236.115 282.745 3780.975 -5.035 -362.854 769.653 -16.632 267.944 259.094 78.43 1004.944 256.348 410.614 312.195 -27.313 1239.624 -4989.929 138.245 59.662 938.11 9.308 2.289 733.948 152.588 340.118 338.44 129.852 -692.444 257.111 330.2 79.193 70.953 492.554 2510.834 2288.208 实验室 1 074
4451430 4851 2025/12/24 14:57:28 P15 0 0 0 0 0 0 0 100.098 281.372 638.275 590.363 1262.512 284.729 3780.518 -32.806 -442.505 781.555 -16.174 281.677 259.552 79.498 1008.453 256.043 419.922 314.484 -32.501 1244.965 -4990.082 132.752 59.204 933.228 9.155 3.357 742.95 159.149 344.696 340.881 127.869 -694.122 260.01 339.813 73.395 88.654 503.54 2510.834 2288.971 实验室 1 074
4451431 4851 2025/12/24 14:57:29 P15 0 0 0 0 0 0 0 99.792 293.427 644.074 597.382 1285.095 285.492 3780.823 -25.177 -484.924 791.016 -15.259 297.089 260.925 80.566 1014.252 256.043 426.636 315.247 -34.18 1249.695 -4989.014 91.705 59.967 921.478 10.223 2.594 750.732 164.185 349.731 342.712 130.158 -692.596 261.993 347.9 82.703 82.855 512.848 2510.681 2288.361 实验室 1 074
4451432 4851 2025/12/24 14:57:30 P15 0 0 0 0 0 0 0 99.03 298.462 650.787 603.638 1307.678 286.713 3780.518 -49.591 -425.72 786.438 -17.395 308.228 260.468 81.329 1016.083 256.043 433.96 316.467 -35.248 1253.357 -4988.251 47.302 61.798 934.143 9.613 4.272 759.583 170.441 354.157 345.001 133.514 -692.749 263.977 355.225 86.517 86.67 526.276 2513.733 2291.565 实验室 1 074
4451433 4851 2025/12/24 14:57:31 P15 0 0 0 0 0 0 0 97.961 302.429 656.433 607.605 1327.209 287.476 3779.297 -12.817 -381.775 791.779 -17.548 320.435 260.773 81.635 1017.761 257.111 439.911 318.298 -35.095 1257.019 -4990.082 -4.883 60.272 955.658 9.46 3.204 766.602 176.697 359.192 347.29 137.177 -696.411 264.893 362.244 86.823 86.517 534.973 2510.986 2294.312 实验室 1 074
4451434 4851 2025/12/24 14:57:32 P15 0 0 0 0 0 0 0 97.656 306.244 662.689 610.962 1345.825 288.239 3781.281 -43.03 -325.47 795.898 -17.09 331.116 261.536 81.024 1020.355 256.195 446.32 318.909 -35.248 1259.613 -4990.845 -51.117 59.814 922.394 9.766 3.204 773.621 181.274 363.007 349.121 136.566 -693.512 266.724 368.958 84.229 88.196 543.518 2511.444 2286.682 实验室 1 074
4451435 4851 2025/12/24 14:57:33 P15 0 0 0 0 0 0 0 98.877 313.568 668.945 615.387 1364.288 289.002 3780.975 -33.264 -346.375 795.898 -17.395 344.238 261.383 83.313 1022.034 256.5 452.118 319.977 -35.858 1262.207 -4989.014 -71.106 57.526 914.612 9.308 3.204 780.64 186.462 366.821 350.494 139.618 -694.58 268.707 373.077 90.179 90.332 550.537 2510.376 2289.276 实验室 1 074
4451436 4851 2025/12/24 14:57:34 P15 0 0 0 0 0 0 0 96.588 317.535 675.049 619.812 1379.852 290.527 3780.823 -38.3 -300.14 803.375 -17.09 355.988 261.383 83.16 1023.254 255.585 456.848 320.74 -34.332 1265.564 -4990.692 -102.539 59.967 910.187 9.766 2.594 788.574 191.65 370.636 352.631 141.907 -694.122 269.775 379.334 84.839 84.534 556.335 2510.529 2288.666 实验室 1 074
4451437 4851 2025/12/24 14:57:35 P15 0 0 0 0 0 0 0 97.198 318.451 681.305 622.101 1395.111 289.917 3782.043 -61.493 -405.426 800.171 -17.395 365.906 261.841 83.923 1024.323 255.432 461.426 321.655 -35.095 1268.158 -4989.472 -92.468 58.899 908.508 9.918 1.984 794.678 195.923 375.061 354.309 142.517 -694.428 270.996 382.69 87.891 87.585 558.929 2512.36 2289.734 实验室 1 074
4451438 4851 2025/12/24 14:57:36 P15 0 0 0 0 0 0 0 95.978 323.334 686.646 625.763 1409.302 290.527 3779.907 -15.411 -402.679 810.547 -16.937 377.045 261.841 84.686 1025.696 255.585 465.851 323.334 -34.637 1268.921 -4989.166 -96.283 58.441 907.745 8.85 1.831 800.781 200.806 378.265 355.377 144.043 -699.31 272.98 386.505 92.773 86.975 568.085 2510.986 2287.292 实验室 1 074
4451439 4851 2025/12/24 14:57:37 P15 0 0 0 0 0 0 0 95.52 321.35 692.902 628.967 1421.204 291.138 3781.281 -42.267 -346.069 816.956 -17.09 387.116 262.146 84.686 1026.154 255.737 469.36 322.723 -33.875 1271.82 -4990.845 -145.874 59.357 903.015 9.613 1.068 805.817 204.62 381.47 357.056 153.351 -695.038 273.59 390.625 91.705 88.654 575.562 2511.139 2289.124 实验室 1 074
4451440 4851 2025/12/24 14:57:38 P15 0 0 0 0 0 0 0 95.978 328.827 699.158 632.019 1432.8 292.358 3779.144 -29.602 -243.835 819.702 -16.174 397.034 262.146 84.991 1026.764 255.585 474.243 323.944 -33.417 1272.278 -4990.997 -103.149 61.188 887.451 9.308 -0.153 811.768 209.045 384.827 358.887 145.569 -695.19 275.116 393.372 91.705 89.111 581.055 2510.529 2290.039 实验室 1 074
4451441 4851 2025/12/24 14:57:39 P15 0 0 0 0 0 0 0 94.91 330.2 704.193 634.766 1444.092 292.816 3779.907 -35.858 -156.708 831.451 -16.479 407.257 261.993 85.449 1027.679 255.737 476.837 324.402 -33.264 1273.651 -4989.776 -93.842 58.289 885.773 9.003 -0.763 816.65 213.165 387.878 359.955 145.569 -695.801 276.032 396.118 90.179 90.637 585.175 2511.292 2286.53 实验室 1 074
4451442 4851 2025/12/24 14:57:40 P15 0 0 0 0 0 0 0 94.299 328.369 709.381 637.665 1453.552 292.206 3780.06 -29.907 -17.395 837.097 -17.548 416.87 262.604 86.212 1027.985 255.432 479.126 324.554 -32.349 1275.33 -4990.234 -79.041 58.289 900.116 6.409 0.305 821.686 215.607 390.015 361.023 150.604 -696.259 276.642 398.407 92.621 88.959 586.548 2515.106 2288.513 实验室 1 074
4451443 4851 2025/12/24 14:57:41 P15 0 0 0 0 0 0 0 93.689 331.574 713.806 641.174 1463.776 292.358 3778.839 -18.005 -35.095 824.585 -17.395 424.347 262.756 87.738 1027.527 254.669 482.33 324.249 -31.738 1275.94 -4987.945 -81.94 57.678 885.162 9.46 -0.305 826.721 219.116 392.456 362.396 149.689 -696.411 278.931 401.154 98.724 90.027 594.177 2511.139 2293.091 实验室 1 074
4451444 4851 2025/12/24 14:57:42 P15 0 0 0 0 0 0 0 94.604 333.252 718.689 643.311 1472.015 292.969 3780.06 20.294 -26.093 831.604 -17.09 433.197 262.909 87.585 1027.985 254.974 485.077 325.623 -32.349 1276.703 -4989.472 -95.062 60.577 909.729 8.698 0.305 830.841 222.778 395.05 363.007 151.978 -696.564 279.388 402.527 94.91 92.011 598.45 2511.292 2289.429 实验室 1 074
4451445 4851 2025/12/24 14:57:43 P15 0 0 0 0 0 0 0 93.536 333.252 724.335 645.294 1480.255 292.358 3782.654 -36.011 -46.997 828.4 -17.242 441.284 262.146 89.264 1028.595 254.822 487.213 324.86 -31.891 1277.771 -4989.319 -103.455 59.814 913.391 9.613 -1.068 835.114 225.525 397.644 364.227 153.351 -696.564 280.304 405.579 85.754 89.417 596.008 2511.749 2289.124 实验室 1 074
4451446 4851 2025/12/24 14:57:44 P15 0 0 0 0 0 0 0 93.231 329.132 729.37 647.583 1488.037 292.206 3781.738 -27.924 -62.561 833.893 -16.937 448.456 262.604 88.806 1027.985 254.211 490.112 325.47 -32.806 1278.229 -4988.861 -115.662 57.068 917.511 9.155 -1.831 841.065 228.119 400.238 365.295 152.13 -696.564 281.22 406.189 93.079 85.754 600.128 2511.597 2287.598 实验室 1 074
4451447 4851 2025/12/24 14:57:45 P15 0 0 0 0 0 0 0 93.079 332.336 734.863 650.024 1494.904 292.816 3781.433 -39.978 -72.021 836.182 -16.785 455.322 262.146 89.111 1028.748 253.906 491.486 325.928 -31.738 1278.992 -4990.997 -116.272 57.068 884.247 9.613 -1.526 844.421 231.476 402.069 366.364 155.029 -697.327 281.83 408.02 95.978 85.449 603.638 2512.054 2288.055 实验室 1 074
4451448 4851 2025/12/24 14:57:46 P15 0 0 0 0 0 0 0 92.011 334.473 738.525 652.313 1500.092 292.969 3779.755 -14.648 -191.956 845.184 -16.785 461.731 262.604 88.806 1027.679 253.906 494.08 326.233 -31.891 1278.992 -4989.319 -189.209 58.289 863.19 9.003 -1.678 848.084 234.07 404.968 367.584 155.335 -696.411 282.135 409.546 97.046 88.959 603.638 2510.834 2285.309 实验室 1 074
4451449 4851 2025/12/24 14:57:47 P15 0 0 0 0 0 0 0 91.858 331.574 743.408 654.297 1506.348 292.206 3782.654 -12.97 -340.424 846.558 -17.7 470.276 262.299 89.874 1028.442 254.211 494.537 325.928 -30.518 1281.128 -4988.861 -187.225 62.561 859.375 8.698 -1.831 851.898 236.359 406.494 369.263 156.555 -696.411 282.593 411.072 101.166 91.553 608.368 2511.444 2288.818 实验室 1 074
4451450 4851 2025/12/24 14:57:48 P15 0 0 0 0 0 0 0 92.011 332.642 748.596 657.044 1512.146 292.969 3779.907 -31.433 -290.07 848.389 -16.937 474.854 263.062 90.332 1028.137 253.296 496.368 326.233 -30.823 1281.281 -4989.624 -217.133 61.188 861.511 9.918 -0.305 855.103 237.885 408.325 370.178 153.656 -697.174 283.966 411.835 99.487 91.858 609.436 2510.681 2289.429 实验室 1 074
4451451 4851 2025/12/24 14:57:49 P15 0 0 0 0 0 0 0 91.705 328.522 751.801 657.196 1516.571 292.206 3779.602 -2.289 -197.449 846.252 -17.242 481.415 262.451 91.095 1027.985 253.143 498.505 326.691 -31.128 1280.975 -4990.234 -235.291 57.373 890.503 8.85 0.458 859.222 241.547 410.919 370.026 157.013 -699.005 283.966 412.903 97.656 104.981 621.033 2510.529 2288.055 实验室 1 074
4451452 4851 2025/12/24 14:57:50 P15 0 0 0 0 0 0 0 91.705 332.184 756.073 659.027 1521.301 292.206 3781.738 20.294 -103.76 852.051 -17.242 487.366 262.299 91.4 1027.527 253.296 499.268 326.386 -30.212 1282.196 -4988.251 -238.342 57.678 881.805 9.613 0.305 862.274 242.767 412.293 371.246 155.792 -697.022 286.102 413.818 93.384 91.4 612.488 2511.597 2289.124 实验室 1 074
4451453 4851 2025/12/24 14:57:51 P15 0 0 0 0 0 0 0 91.248 329.59 759.583 661.163 1525.726 292.358 3780.975 -1.831 -110.931 850.525 -17.7 492.401 263.062 91.248 1027.527 252.38 502.014 326.08 -30.212 1280.975 -4989.319 -251.465 59.814 852.203 9.155 0 865.936 243.835 413.971 373.077 157.623 -697.937 285.797 414.581 99.03 96.588 614.471 2509.918 2289.429 实验室 1 074
4451454 4851 2025/12/24 14:57:52 P15 0 0 0 0 0 0 0 91.248 329.59 759.583 661.163 1525.726 292.358 3780.975 -1.831 -110.931 850.525 -17.7 492.401 263.062 91.248 1027.527 252.38 502.014 326.08 -30.212 1280.975 -4989.319 -251.465 59.814 852.203 9.155 0 865.936 243.835 413.971 373.077 157.623 -697.937 285.797 414.581 99.03 96.588 614.471 2509.918 2289.429 实验室 1 074
4451455 4851 2025/12/24 14:57:53 P15 0 0 0 0 0 0 0 90.942 332.031 763.702 662.689 1529.846 292.664 3778.992 -35.706 -99.182 850.067 -16.785 497.437 262.299 92.468 1027.527 252.228 502.014 325.47 -28.687 1281.586 -4990.845 -179.443 57.831 812.073 9.155 0.763 868.53 245.972 415.192 372.925 157.623 -697.632 285.797 415.955 100.555 93.384 608.978 2510.223 2288.818 实验室 1 074
4451456 4851 2025/12/24 14:57:54 P15 0 0 0 0 0 0 0 90.637 330.048 767.975 664.52 1533.966 292.358 3780.365 -14.954 -108.49 859.833 -16.785 502.93 266.113 92.316 1026.459 251.77 503.693 325.928 -28.839 1282.654 -4989.319 -157.776 58.136 814.056 9.003 1.984 871.429 247.955 417.786 374.756 157.929 -695.953 286.56 417.175 103.455 89.569 617.065 2511.292 2289.886 实验室 1 074
4451457 4851 2025/12/24 14:57:55 P15 0 0 0 0 0 0 0 90.027 328.522 771.637 665.436 1537.781 291.748 3780.212 -11.597 -19.836 837.555 -17.395 508.118 261.993 92.621 1026.306 251.16 504.761 326.996 -29.449 1282.043 -4987.793 -183.411 56.763 845.947 9.003 1.984 874.176 249.176 418.854 375.061 158.539 -696.411 287.323 416.718 101.929 96.13 621.643 2510.529 2288.971 实验室 1 074
4451458 4851 2025/12/24 14:57:56 P15 0 0 0 0 0 0 0 90.027 329.132 776.062 667.267 1541.901 293.121 3780.212 5.035 69.58 850.83 -17.395 512.543 262.451 94.299 1025.848 251.77 504.15 325.775 -28.229 1283.112 -4988.251 -134.735 56.458 857.239 9.918 3.51 877.686 251.16 420.38 375.061 157.318 -695.038 287.323 417.938 94.147 90.79 619.507 2510.681 2289.124 实验室 1 074
4451459 4851 2025/12/24 14:57:57 P15 0 0 0 0 0 0 0 89.722 328.522 778.656 668.335 1542.969 291.901 3781.586 2.136 110.169 858.46 -17.7 516.51 263.062 94.147 1025.543 251.16 506.439 325.928 -28.687 1282.349 -4989.014 -94.757 61.035 856.934 9.46 4.578 879.669 252.38 421.753 376.434 158.386 -697.632 288.239 418.701 103.912 89.722 620.728 2510.529 2289.429 实验室 1 074
4451460 4851 2025/12/24 14:57:58 P15 0 0 0 0 0 0 0 89.722 323.944 781.555 669.251 1546.936 291.596 3779.449 -44.708 83.923 868.378 -16.937 520.783 262.146 94.299 1025.696 250.549 507.202 326.386 -28.992 1282.654 -4987.945 -140.076 61.188 854.492 9.308 5.341 882.874 254.059 423.584 377.808 157.623 -697.022 288.696 417.786 109.711 95.215 620.88 2510.681 2288.513 实验室 1 074
4451461 4851 2025/12/24 14:57:59 P15 0 0 0 0 0 0 0 89.111 326.538 785.675 671.387 1549.683 291.596 3780.365 4.73 -2.747 855.56 -16.022 524.597 261.536 94.452 1025.543 250.244 508.27 325.928 -28.381 1282.349 -4989.776 -151.367 59.814 860.748 9.003 6.104 884.857 256.043 424.194 378.418 157.623 -697.632 289.154 420.075 99.335 95.673 621.491 2512.207 2288.971 实验室 1 074
4451462 4851 2025/12/24 14:58:00 P15 0 0 0 0 0 0 0 90.485 329.59 789.337 671.997 1552.124 292.206 3781.586 -43.335 30.212 852.356 -17.7 529.022 261.993 94.757 1025.085 249.786 508.728 326.386 -28.381 1282.349 -4989.319 -154.419 60.577 867.004 9.308 7.629 888.672 255.737 426.178 379.181 157.013 -696.411 290.07 418.701 108.185 96.13 627.747 2511.749 2289.429 实验室 1 074
4451463 4851 2025/12/24 14:58:01 P15 0 0 0 0 0 0 0 88.959 326.538 791.931 672.913 1555.023 291.443 3779.297 15.259 131.683 863.648 -16.937 532.074 261.383 95.367 1024.628 249.634 509.796 326.386 -29.602 1282.043 -4988.403 -172.424 60.12 864.868 8.85 8.85 890.198 258.484 427.551 379.486 159.302 -695.801 290.222 418.854 102.539 88.654 626.068 2511.139 2290.955 实验室 1 074
4451464 4851 2025/12/24 14:58:02 P15 0 0 0 0 0 0 0 89.417 326.691 794.678 674.286 1557.617 291.138 3780.06 44.098 42.877 861.054 -17.548 535.126 261.993 95.825 1025.848 249.634 510.712 325.317 -28.534 1282.959 -4990.387 -161.285 57.678 860.901 9.003 10.529 892.487 258.789 428.314 379.486 156.097 -695.953 290.68 419.006 108.185 90.79 624.542 2510.223 2288.055 实验室 1 074
4451465 4851 2025/12/24 14:58:03 P15 0 0 0 0 0 0 0 88.806 324.097 797.577 674.896 1559.448 289.917 3779.755 -16.327 -28.687 864.41 -17.7 538.635 261.688 96.436 1024.475 248.718 511.017 325.012 -27.161 1283.112 -4989.929 -162.506 61.34 840.149 9.46 11.902 894.47 259.552 429.23 380.096 158.539 -699.31 290.833 419.922 102.844 95.825 625.61 2510.834 2290.344 实验室 1 074
4451466 4851 2025/12/24 14:58:04 P15 0 0 0 0 0 0 0 88.654 324.249 800.629 675.812 1562.805 291.748 3782.043 -17.242 31.433 850.22 -17.7 542.45 262.146 96.588 1023.712 248.261 512.695 325.623 -27.313 1281.891 -4987.945 -196.686 59.052 838.165 10.071 13.428 896.759 260.773 430.145 381.012 160.675 -699.158 291.138 419.922 99.945 92.316 627.441 2511.139 2295.532 实验室 1 074
4451467 4851 2025/12/24 14:58:05 P15 0 0 0 0 0 0 0 88.043 325.623 803.528 676.575 1563.263 290.833 3782.043 30.823 75.684 861.206 -17.853 545.197 261.841 97.046 1023.56 249.023 512.695 326.08 -28.839 1281.891 -4988.403 -234.68 59.052 841.98 7.019 13.58 898.743 261.536 432.434 382.233 160.217 -689.697 291.138 421.143 105.438 96.283 627.441 2511.444 2288.208 实验室 1 074
4451468 4851 2025/12/24 14:58:06 P15 0 0 0 0 0 0 0 88.196 322.876 806.427 677.643 1566.162 291.748 3780.365 -31.281 49.286 860.901 -17.548 547.485 262.299 97.504 1023.865 248.261 512.695 324.554 -27.161 1282.654 -4988.708 -227.814 59.662 849.915 9.766 16.174 900.726 262.756 433.044 381.775 160.217 -699.463 292.206 420.685 100.403 95.367 625.916 2510.986 2288.971 实验室 1 074
4451469 4851 2025/12/24 14:58:07 P15 0 0 0 0 0 0 0 88.196 322.571 808.716 678.558 1566.925 290.68 3779.755 -0.763 34.332 845.49 -17.09 550.995 261.688 97.961 1023.407 247.04 513.611 325.165 -26.855 1281.891 -4988.403 -238.648 58.289 843.201 10.071 16.479 902.71 263.672 433.35 382.385 161.743 -698.395 291.748 421.143 101.471 98.114 627.136 2510.681 2293.854 实验室 1 074
4451470 4851 2025/12/24 14:58:08 P15 0 0 0 0 0 0 0 89.111 320.129 812.836 679.169 1568.909 290.68 3780.365 37.079 124.817 865.479 -17.09 552.979 261.993 97.504 1022.491 246.887 514.374 324.707 -30.212 1282.196 -4990.082 -215.607 60.883 868.225 9.46 16.785 904.388 264.587 434.723 383.606 159.607 -696.564 292.664 420.99 108.643 100.708 626.679 2510.529 2291.718 实验室 1 074
4451471 4851 2025/12/24 14:58:09 P15 0 0 0 0 0 0 0 86.67 320.587 814.514 680.084 1569.824 290.07 3779.755 8.545 83.313 865.173 -17.853 556.641 261.688 98.419 1022.949 246.429 514.832 324.097 -27.618 1282.349 -4990.692 -233.612 58.899 882.874 9.613 18.311 906.22 265.35 435.181 383.606 162.201 -695.801 293.121 421.295 106.812 96.741 635.681 2510.376 2288.361 实验室 1 074
4451472 4851 2025/12/24 14:58:10 P15 0 0 0 0 0 0 0 87.128 319.214 816.803 681.152 1571.045 289.002 3781.281 0.458 72.327 862.732 -17.548 558.777 260.773 98.877 1022.339 246.124 516.51 324.707 -27.771 1281.433 -4989.776 -259.552 62.256 880.737 9.766 19.989 908.966 266.113 436.401 384.522 162.354 -697.022 293.579 421.143 102.387 98.572 628.51 2513.275 2287.14 实验室 1 074
4451473 4851 2025/12/24 14:58:11 P15 0 0 0 0 0 0 0 87.128 320.587 819.855 681.458 1572.418 291.29 3780.212 -5.798 50.354 853.882 -16.937 560.608 260.925 98.724 1021.729 245.667 515.442 324.707 -27.161 1281.586 -4991.455 -304.413 60.425 869.446 9.46 20.142 910.034 267.334 437.622 385.437 160.37 -697.022 293.274 421.753 104.37 96.13 628.357 2511.597 2289.429 实验室 1 074
4451474 4851 2025/12/24 14:58:12 P15 0 0 0 0 0 0 0 87.738 322.876 823.059 682.373 1574.097 290.527 3779.755 -8.85 6.866 866.242 -17.09 562.134 260.468 99.64 1021.729 245.972 516.205 323.792 -26.855 1281.128 -4989.166 -348.969 57.983 861.816 10.376 21.057 912.476 268.25 438.538 385.59 160.675 -697.174 294.495 420.38 107.422 95.673 631.867 2510.529 2289.429 实验室 1 074
4451475 4851 2025/12/24 14:58:13 P15 0 0 0 0 0 0 0 87.433 317.383 824.738 683.594 1575.775 290.527 3780.823 -1.221 36.926 859.222 -16.785 564.423 260.925 100.098 1020.966 244.751 516.663 323.792 -26.855 1281.128 -4989.472 -296.783 61.035 827.179 9.766 23.346 914.459 268.402 439.148 386.047 160.37 -697.784 295.258 421.906 101.471 94.757 630.646 2510.681 2288.208 实验室 1 074
4451476 4851 2025/12/24 14:58:14 P15 0 0 0 0 0 0 0 86.975 317.383 826.111 683.746 1576.385 289.307 3781.128 6.409 28.687 862.732 -16.937 567.322 261.231 99.945 1020.508 244.904 517.426 323.944 -27.771 1281.128 -4989.624 -268.707 60.883 803.986 8.85 23.804 914.459 268.707 440.064 387.268 160.828 -697.479 294.342 422.821 110.169 97.198 630.951 2511.597 2288.818 实验室 1 074
4451477 4851 2025/12/24 14:58:15 P15 0 0 0 0 0 0 0 86.365 319.367 829.163 683.899 1577.606 289.459 3781.891 11.597 -20.752 860.291 -17.853 569 260.62 100.403 1019.592 243.835 518.189 324.097 -27.466 1280.212 -4989.014 -290.985 59.052 803.528 9.308 24.109 915.833 269.47 440.826 386.963 157.471 -696.564 294.8 422.211 100.708 92.468 628.204 2511.139 2289.581 实验室 1 074
4451478 4851 2025/12/24 14:58:16 P15 0 0 0 0 0 0 0 85.907 317.383 831.299 685.12 1578.369 289.612 3781.433 30.823 -99.487 860.138 -18.158 571.442 260.315 101.776 1019.897 243.988 517.731 322.723 -27.161 1280.823 -4989.014 -248.871 58.899 809.479 9.613 25.33 918.579 270.233 441.895 387.573 158.539 -697.937 295.258 422.974 95.825 100.403 629.578 2511.597 2289.124 实验室 1 074
4451479 4851 2025/12/24 14:58:17 P15 0 0 0 0 0 0 0 88.043 317.841 832.52 685.272 1578.979 287.781 3780.212 27.618 -66.834 862.274 -17.395 572.357 260.468 100.708 1020.66 243.225 518.799 323.334 -27.161 1280.67 -4990.997 -246.124 59.662 829.62 10.071 26.398 919.952 270.691 441.895 388.336 161.743 -696.564 294.952 422.821 101.776 97.351 632.477 2511.597 2289.276 实验室 1 074
4451480 4851 2025/12/24 14:58:18 P15 0 0 0 0 0 0 0 86.06 315.704 835.724 684.815 1580.658 289.154 3780.518 0.153 -100.098 864.41 -17.242 575.104 261.078 101.166 1019.897 243.835 518.799 322.418 -26.55 1280.365 -4990.234 -216.675 56.763 811.157 9.46 26.703 920.868 270.386 443.573 389.557 158.081 -695.648 295.563 422.974 102.081 100.403 632.935 2511.597 2290.955 实验室 1 074
4451481 4851 2025/12/24 14:58:19 P15 0 0 0 0 0 0 0 86.06 319.214 837.097 685.73 1582.031 289.002 3780.365 -15.717 -97.351 866.242 -16.022 576.172 259.705 101.624 1019.287 243.073 519.409 321.808 -26.093 1279.755 -4989.014 -168.762 59.509 837.097 9.003 27.618 922.241 272.522 443.878 388.947 162.048 -697.022 295.563 422.363 111.847 100.098 632.324 2512.207 2291.107 实验室 1 074
4451482 4851 2025/12/24 14:58:20 P15 0 0 0 0 0 0 0 86.06 314.636 839.844 686.646 1582.642 288.544 3781.738 22.888 -37.231 855.103 -17.242 578.003 260.62 108.643 1019.592 242.615 519.257 321.503 -26.245 1279.449 -4989.166 -186.462 51.27 840.302 9.766 29.297 923.92 272.675 444.489 389.557 160.675 -697.022 296.021 422.211 103.302 95.978 633.545 2510.986 2288.208 实验室 1 074
4451483 4851 2025/12/24 14:58:21 P15 0 0 0 0 0 0 0 86.06 314.636 839.844 686.646 1582.642 288.544 3781.738 22.888 -37.231 855.103 -17.242 578.003 260.62 108.643 1019.592 242.615 519.257 321.503 -26.245 1279.449 -4989.166 -186.462 51.27 840.302 9.766 29.297 923.92 272.675 444.489 389.557 160.675 -697.022 296.021 422.211 103.302 95.978 633.545 2510.986 2288.208 实验室 1 074
4451484 4851 2025/12/24 14:58:22 P15 0 0 0 0 0 0 0 86.212 316.925 841.827 686.646 1583.099 288.086 3781.891 44.708 -20.599 859.222 -16.174 579.987 260.01 101.776 1018.066 242.31 520.02 321.96 -27.008 1280.06 -4989.472 -196.991 58.899 836.792 9.766 29.602 924.988 273.132 445.709 390.167 161.438 -697.632 296.021 422.363 109.253 95.52 637.36 2511.597 2288.513 实验室 1 074
4451485 4851 2025/12/24 14:58:23 P15 0 0 0 0 0 0 0 86.212 314.636 843.964 687.103 1583.405 287.933 3782.196 9.46 20.905 860.443 -17.242 581.513 260.925 102.234 1018.677 241.699 519.714 321.198 -25.787 1280.67 -4989.166 -182.495 59.967 818.176 9.918 30.06 925.903 273.895 446.014 390.472 159.607 -698.395 296.783 423.431 102.539 94.91 633.392 2511.597 2286.377 实验室 1 074
4451486 4851 2025/12/24 14:58:24 P15 0 0 0 0 0 0 0 86.975 320.587 844.727 687.714 1584.625 288.086 3780.518 -2.594 97.504 856.018 -17.242 582.275 260.01 103.455 1017.761 242.004 520.783 321.35 -26.703 1279.297 -4989.319 -196.991 60.12 803.833 10.071 31.128 927.734 273.438 446.472 391.541 159.76 -699.463 297.394 423.126 102.844 102.844 633.698 2511.292 2285.767 实验室 1 074
4451487 4851 2025/12/24 14:58:25 P15 0 0 0 0 0 0 0 85.754 312.653 847.168 687.561 1585.083 287.781 3781.433 -12.207 134.583 870.972 -16.937 583.344 260.315 103.149 1018.066 241.699 521.088 320.74 -25.635 1278.229 -4988.708 -193.939 68.054 794.83 9.308 30.975 929.26 274.048 448.303 390.778 161.133 -696.869 296.478 423.584 104.37 94.452 634.46 2511.749 2289.124 实验室 1 074
4451488 4851 2025/12/24 14:58:26 P15 0 0 0 0 0 0 0 86.06 316.467 848.846 687.866 1586.456 288.849 3778.076 -5.951 154.419 859.07 -16.937 585.632 260.01 103.149 1017.761 241.852 520.477 320.282 -25.024 1279.755 -4989.776 -216.065 56.61 826.263 9.308 31.281 930.176 274.2 447.998 391.541 161.285 -697.327 297.241 423.889 99.945 99.64 632.629 2510.986 2290.497 实验室 1 074
4451489 4851 2025/12/24 14:58:27 P15 0 0 0 0 0 0 0 85.602 312.042 849.609 689.392 1586.151 287.628 3779.907 27.771 171.356 859.375 -16.632 585.785 259.705 104.675 1018.066 240.479 521.698 319.824 -26.855 1279.449 -4988.861 -229.797 60.883 844.269 7.782 32.959 931.244 274.963 448.608 391.235 159.912 -697.022 297.699 422.974 92.011 92.926 634.003 2510.071 2290.192 实验室 1 074
4451490 4851 2025/12/24 14:58:28 P15 0 0 0 0 0 0 0 85.144 311.279 852.966 690.155 1586.609 287.476 3780.823 32.501 179.443 858.002 -17.395 587.158 260.01 103.76 1017.914 240.021 520.325 320.435 -24.872 1279.907 -4989.319 -246.735 59.052 858.307 10.071 32.654 932.159 275.421 449.066 391.998 159.76 -696.106 297.394 423.889 100.708 96.13 634.766 2510.986 2289.276 实验室 1 074
4451491 4851 2025/12/24 14:58:29 P15 0 0 0 0 0 0 0 85.449 314.789 854.492 689.85 1586.609 287.17 3780.212 -19.226 233.46 867.462 -16.632 588.379 258.942 104.523 1017.456 240.021 521.24 319.519 -25.94 1279.602 -4988.556 -211.182 58.746 862.732 9.766 33.417 933.075 275.269 449.829 393.524 160.828 -696.869 297.699 423.737 102.997 97.656 635.223 2511.139 2288.818 实验室 1 074
4451492 4851 2025/12/24 14:58:30 P15 0 0 0 0 0 0 0 84.839 313.873 855.103 690.308 1588.287 287.17 3779.602 21.057 199.738 866.089 -16.022 589.6 259.399 103.912 1016.846 239.563 522.156 320.587 -25.024 1278.229 -4990.234 -225.067 58.441 857.849 9.613 32.806 934.753 276.184 451.05 393.372 160.217 -696.716 297.699 424.042 101.776 89.111 635.223 2510.681 2288.818 实验室 1 074
4451493 4851 2025/12/24 14:58:31 P15 0 0 0 0 0 0 0 84.839 309.753 857.697 690.46 1588.44 286.713 3780.365 10.834 135.498 870.361 -16.937 590.515 258.789 105.133 1017.609 238.648 522.461 318.146 -23.956 1279.297 -4989.776 -188.751 56.763 852.356 10.223 34.79 935.516 276.489 450.592 392.609 160.37 -697.479 297.699 424.042 101.013 99.792 634.308 2510.681 2291.26 实验室 1 074
4451494 4851 2025/12/24 14:58:32 P15 0 0 0 0 0 0 0 85.297 310.059 858.765 691.681 1588.898 287.476 3781.433 6.256 79.651 866.242 -16.785 591.736 259.705 105.438 1017.303 238.342 522.308 318.298 -25.787 1278.076 -4988.708 -163.117 47.913 834.961 9.46 35.248 936.737 276.642 451.355 393.677 161.285 -696.869 298.004 423.737 95.367 91.858 635.529 2512.512 2286.53 实验室 1 074
4451495 4851 2025/12/24 14:58:33 P15 0 0 0 0 0 0 0 85.449 311.127 860.443 690.765 1589.966 287.018 3781.433 37.994 133.514 864.563 -17.242 592.651 258.331 105.591 1016.541 237.885 522.919 318.604 -25.33 1277.924 -4987.488 -164.948 58.746 835.419 9.766 34.637 938.416 277.405 452.118 394.287 161.285 -698.242 298.462 424.042 100.861 96.588 636.444 2511.292 2289.886 实验室 1 074
4451496 4851 2025/12/24 14:58:34 P15 0 0 0 0 0 0 0 84.686 310.364 861.816 691.071 1589.661 287.323 3781.433 13.275 95.978 867.004 -16.327 592.651 259.399 105.896 1016.235 237.579 523.529 317.993 -24.109 1277.466 -4989.014 -199.28 60.577 809.326 10.223 34.943 938.416 277.557 452.728 394.44 160.675 -696.106 298.309 423.889 99.335 90.942 635.986 2511.597 2289.276 实验室 1 074
4451497 4851 2025/12/24 14:58:35 P15 0 0 0 0 0 0 0 84.686 309.143 863.953 691.528 1590.118 285.645 3780.212 41.962 187.073 875.397 -17.09 594.482 258.789 106.201 1015.625 237.579 523.987 318.298 -24.719 1277.771 -4988.861 -175.018 64.85 815.735 9.003 35.248 939.636 277.557 453.033 395.66 160.217 -697.022 298.462 423.584 103.149 91.248 636.444 2510.681 2286.682 实验室 1 074
4451498 4851 2025/12/24 14:58:36 P15 0 0 0 0 0 0 0 84.534 310.669 864.258 691.528 1591.187 285.95 3781.586 -32.043 108.032 858.612 -16.479 595.398 258.331 106.506 1015.32 236.969 524.139 319.061 -26.093 1277.008 -4990.234 -203.705 59.357 816.04 9.308 35.4 940.247 278.626 453.796 395.813 163.727 -697.022 298.767 424.042 100.555 100.098 634.308 2511.597 2291.412 实验室 1 074
4451499 4851 2025/12/24 14:58:37 P15 0 0 0 0 0 0 0 84.534 314.179 866.699 692.444 1591.187 286.102 3779.602 -4.425 20.142 858.154 -17.395 596.924 258.637 106.659 1016.388 237.122 523.834 317.078 -26.093 1276.703 -4988.403 -209.503 61.798 805.512 9.766 35.858 941.773 278.626 454.407 395.66 161.133 -697.327 299.683 424.042 105.133 97.046 636.902 2510.376 2288.361 实验室 1 074
4451500 4851 2025/12/24 14:58:38 P15 0 0 0 0 0 0 0 84.076 307.007 868.378 692.291 1590.881 285.95 3779.449 -5.493 26.855 872.955 -17.548 596.924 258.331 106.964 1015.167 236.816 523.682 317.23 -25.177 1278.687 -4988.403 -192.413 54.626 807.343 9.003 36.316 943.298 277.71 454.712 397.034 163.574 -697.327 298.92 424.805 102.539 94.757 632.172 2510.376 2289.734 实验室 1 074
4451501 4851 2025/12/24 14:58:39 P15 0 0 0 0 0 0 0 84.229 308.685 871.277 692.444 1591.492 285.339 3781.738 29.907 100.555 858.765 -17.242 597.687 259.247 107.575 1015.472 237.122 523.987 316.925 -26.245 1277.771 -4989.472 -171.661 60.272 816.04 10.376 37.384 942.841 278.473 455.322 395.508 159.607 -695.496 299.377 423.737 106.964 99.335 639.191 2511.292 2288.513 实验室 1 074
4451502 4851 2025/12/24 14:58:40 P15 0 0 0 0 0 0 0 83.923 306.854 871.582 692.291 1591.949 285.492 3781.281 25.482 109.406 871.277 -17.09 598.602 257.874 107.422 1015.625 235.138 524.445 316.62 -25.94 1277.924 -4990.082 -177.46 61.34 795.746 9.918 37.689 943.909 278.626 455.17 396.271 162.964 -697.632 299.988 424.042 103.455 94.757 637.054 2510.681 2285.767 实验室 1 074
4451503 4851 2025/12/24 14:58:41 P15 0 0 0 0 0 0 0 84.076 314.636 872.192 692.596 1593.018 285.645 3779.755 4.272 174.408 854.645 -16.479 599.518 258.179 108.337 1015.015 235.596 523.834 317.688 -24.567 1276.703 -4988.403 -194.397 57.373 798.34 9.308 36.926 944.367 280.151 456.39 397.034 161.438 -697.327 299.53 424.194 97.046 92.621 635.376 2510.681 2289.124 实验室 1 074
4451504 4851 2025/12/24 14:58:42 P15 0 0 0 0 0 0 0 84.381 308.38 873.413 693.054 1593.323 285.797 3780.518 20.752 126.801 857.391 -17.242 600.433 257.874 107.727 1013.947 234.833 524.902 316.162 -23.956 1280.823 -4988.556 -220.337 57.373 796.051 9.46 37.689 946.045 279.999 457.153 397.339 162.964 -697.022 299.835 424.042 101.624 97.809 638.275 2510.986 2288.971 实验室 1 074
4451505 4851 2025/12/24 14:58:43 P15 0 0 0 0 0 0 0 85.144 303.803 875.244 693.054 1592.865 285.187 3779.907 82.092 0.153 862.274 -16.327 600.739 257.263 107.88 1014.709 235.596 525.208 317.078 -25.787 1277.161 -4991.607 -198.822 53.558 795.898 10.223 37.994 946.655 279.236 457.306 397.644 160.675 -697.327 300.14 423.737 101.624 95.215 636.597 2510.986 2288.513 实验室 1 074
4451506 4851 2025/12/24 14:58:44 P15 0 0 0 0 0 0 0 84.381 305.481 875.549 693.97 1594.391 285.492 3779.449 16.174 100.861 863.8 -17.395 601.502 258.484 108.643 1013.947 234.07 525.055 315.704 -25.33 1276.245 -4990.082 -164.337 58.594 818.024 9.155 38.147 948.029 280.151 457.153 397.492 160.065 -695.648 300.903 424.347 106.812 88.654 636.902 2509.918 2289.581 实验室 1 074
4451507 4851 2025/12/24 14:58:45 P15 0 0 0 0 0 0 0 83.923 304.718 877.991 693.817 1593.323 285.492 3781.738 -9.46 173.34 848.846 -16.937 602.417 258.484 109.406 1013.794 234.375 525.055 315.399 -23.499 1276.245 -4989.624 -143.89 59.052 797.272 10.071 37.842 948.792 279.694 458.069 398.102 159.454 -696.564 300.14 424.957 108.643 95.978 637.97 2511.597 2284.546 实验室 1 074
4451508 4851 2025/12/24 14:58:46 P15 0 0 0 0 0 0 0 84.229 305.481 879.211 693.665 1594.238 285.339 3779.907 -24.872 60.425 855.408 -16.785 603.333 258.026 109.253 1014.404 233.917 525.818 314.789 -25.33 1275.787 -4989.929 -135.346 61.646 784.302 10.223 37.537 949.402 280.304 457.916 397.949 161.285 -695.953 300.293 424.347 99.03 96.588 637.36 2510.681 2291.107 实验室 1 074
4451509 4851 2025/12/24 14:58:47 P15 0 0 0 0 0 0 0 83.16 307.922 880.127 694.122 1593.933 284.424 3782.349 21.21 -85.602 857.239 -18.005 604.248 257.721 109.1 1013.336 233.002 526.276 315.247 -24.872 1275.94 -4989.319 -95.062 58.899 773.926 9.766 38.147 950.775 280.304 458.221 399.323 160.065 -696.716 300.598 424.652 104.065 93.231 641.48 2512.054 2288.971 实验室 1 074
4451510 4851 2025/12/24 14:58:48 P15 0 0 0 0 0 0 0 83.466 304.871 881.043 693.97 1595.154 285.645 3779.297 23.346 -138.245 851.135 -16.479 604.248 257.111 109.558 1013.489 232.544 526.581 315.247 -24.872 1275.635 -4991.15 -118.713 58.441 813.446 9.46 38.147 950.775 281.677 459.137 399.475 162.201 -695.953 300.446 424.5 98.877 94.604 639.038 2510.376 2289.124 实验室 1 074
4451511 4851 2025/12/24 14:58:49 P15 0 0 0 0 0 0 0 83.16 306.702 883.179 694.58 1594.391 284.424 3779.602 -2.747 -227.356 853.272 -16.937 603.943 257.721 110.779 1013.031 232.849 526.276 313.568 -24.567 1276.093 -4989.776 -128.174 54.932 838.623 10.223 38.757 952.301 280.609 458.984 399.628 162.964 -696.716 300.293 424.5 104.675 97.809 638.733 2510.986 2289.734 实验室 1 074
4451512 4851 2025/12/24 14:58:50 P15 0 0 0 0 0 0 0 82.703 308.838 883.179 694.885 1595.459 283.966 3780.518 2.747 -111.084 854.187 -16.785 605.621 257.416 110.626 1013.336 232.086 526.428 314.331 -24.872 1275.787 -4990.234 -125.732 57.373 841.37 9.308 39.368 952.911 280.914 459.442 399.628 159.912 -696.106 300.598 424.652 98.572 95.367 641.174 2510.529 2288.361 实验室 1 074
4451513 4851 2025/12/24 14:58:51 P15 0 0 0 0 0 0 0 83.618 308.38 884.552 695.343 1595.612 284.271 3781.128 47.607 147.247 856.323 -16.022 605.011 257.568 110.779 1012.878 231.628 526.428 314.179 -23.956 1275.33 -4990.845 -173.645 60.272 830.231 9.613 38.605 953.522 281.22 460.815 401.154 160.065 -696.716 300.903 424.042 103.455 92.163 635.376 2512.207 2286.987 实验室 1 074
4451514 4851 2025/12/24 14:58:52 P15 0 0 0 0 0 0 0 82.855 306.702 885.468 694.428 1596.069 284.729 3779.297 -12.665 161.438 848.694 -16.785 606.537 257.263 110.474 1012.421 232.239 526.733 314.941 -24.414 1274.719 -4987.945 -208.283 60.577 797.119 9.766 39.368 953.522 281.677 460.358 400.391 162.506 -696.564 301.819 423.889 109.253 95.825 639.648 2511.139 2287.292 实验室 1 074
4451515 4851 2025/12/24 14:58:53 P15 0 0 0 0 0 0 0 82.855 306.702 885.468 694.428 1596.069 284.729 3779.297 -12.665 161.438 848.694 -16.785 606.537 257.263 110.474 1012.421 232.239 526.733 314.941 -24.414 1274.719 -4987.945 -208.283 60.577 797.119 9.766 39.368 953.522 281.677 460.358 400.391 162.506 -696.564 301.819 423.889 109.253 95.825 639.648 2511.139 2287.292 实验室 1 074
4451516 4851 2025/12/24 14:58:54 P15 0 0 0 0 0 0 0 83.313 304.26 887.756 695.648 1596.222 283.814 3781.738 14.648 122.986 861.664 -16.479 607.452 257.568 111.389 1012.878 231.628 527.039 313.416 -25.024 1275.787 -4988.708 -186.92 59.662 805.054 10.223 39.063 954.132 281.372 461.121 400.391 162.048 -695.19 301.056 424.652 105.591 95.215 634.766 2511.139 2288.666 实验室 1 074
4451517 4851 2025/12/24 14:58:55 P15 0 0 0 0 0 0 0 83.008 302.887 888.519 694.885 1596.375 283.203 3781.891 26.093 52.795 852.051 -16.937 606.995 256.958 111.389 1012.878 230.866 527.039 313.416 -25.33 1275.635 -4987.488 -146.484 58.899 841.98 9.766 39.825 954.742 281.525 460.968 400.848 160.217 -695.038 301.209 424.5 101.776 96.283 635.223 2511.139 2288.208 实验室 1 074
4451518 4851 2025/12/24 14:58:56 P15 0 0 0 0 0 0 0 82.855 303.345 888.977 694.733 1596.985 284.576 3781.433 33.722 87.433 852.356 -16.937 607.91 256.805 112.305 1012.115 230.103 527.496 314.026 -24.109 1273.956 -4989.929 -160.217 65.46 836.945 9.766 39.368 952.301 281.22 461.426 401.154 164.948 -695.801 302.124 423.737 102.997 88.806 640.411 2510.986 2290.039 实验室 1 074
4451519 4851 2025/12/24 14:58:57 P15 0 0 0 0 0 0 0 82.092 303.65 890.656 695.496 1596.527 283.356 3782.349 -28.687 16.022 862.732 -16.785 608.063 257.874 111.694 1012.115 230.713 526.733 312.958 -25.177 1275.482 -4989.319 -131.531 62.561 820.007 10.529 38.147 956.574 281.677 462.647 402.069 160.675 -696.259 301.361 424.194 101.318 91.095 640.564 2512.817 2286.377 实验室 1 074
4451520 4851 2025/12/24 14:58:58 P15 0 0 0 0 0 0 0 83.16 303.65 891.266 695.19 1596.985 283.814 3780.06 27.313 -19.989 847.321 -16.632 607.91 256.5 111.694 1010.895 229.797 527.954 312.5 -24.719 1274.109 -4989.624 -86.823 59.052 815.125 10.529 39.215 956.726 281.525 462.494 401.764 158.691 -695.801 301.819 423.737 99.487 90.79 637.36 2510.681 2289.276 实验室 1 074
4451521 4851 2025/12/24 14:58:59 P15 0 0 0 0 0 0 0 82.703 308.533 891.876 695.038 1597.137 283.356 3781.738 58.594 23.193 847.321 -16.327 609.131 257.263 112 1011.658 229.187 527.649 312.958 -23.499 1274.567 -4989.319 -82.092 61.34 804.291 9.766 39.063 957.794 281.83 462.647 401.764 160.675 -695.038 301.971 423.431 106.201 92.926 639.191 2511.597 2291.565 实验室 1 074
4451522 4851 2025/12/24 14:59:00 P15 0 0 0 0 0 0 0 82.245 307.312 892.487 695.801 1597.137 283.661 3780.518 37.994 163.269 856.476 -16.479 610.199 256.043 113.068 1011.353 229.95 527.802 312.5 -25.024 1275.024 -4990.387 -115.662 59.509 810.7 9.766 39.673 958.71 282.745 462.952 401.917 160.675 -696.259 302.734 423.889 103.302 90.637 640.717 2510.834 2289.429 实验室 1 074
4451523 4851 2025/12/24 14:59:01 P15 0 0 0 0 0 0 0 82.245 304.108 893.555 695.801 1597.137 282.288 3780.67 1.068 224.915 856.628 -16.327 608.978 257.111 112.457 1011.047 229.034 527.802 312.5 -24.719 1274.872 -4987.488 -130.31 56.152 823.517 9.613 39.215 959.625 282.593 463.257 402.069 161.133 -696.259 301.971 424.042 102.692 96.588 642.09 2511.749 2290.039 实验室 1 074
4451524 4851 2025/12/24 14:59:02 P15 0 0 0 0 0 0 0 82.397 304.871 894.928 695.801 1597.137 283.356 3782.196 40.894 86.365 842.896 -16.785 610.657 256.5 112.61 1011.2 228.577 528.259 311.585 -23.804 1274.567 -4991.303 -129.7 60.425 835.266 10.071 38.605 958.862 282.44 463.562 403.137 158.539 -695.19 301.819 424.805 102.234 96.741 640.411 2513.58 2289.429 实验室 1 074
4451525 4851 2025/12/24 14:59:03 P15 0 0 0 0 0 0 0 81.94 303.345 895.538 695.496 1597.9 284.729 3780.06 13.886 37.079 853.577 -16.479 610.352 256.043 112.152 1011.353 227.661 528.259 311.89 -24.414 1272.583 -4988.098 -166.321 57.983 822.754 8.698 39.368 960.846 282.745 464.02 402.679 160.675 -697.174 302.429 423.584 99.335 102.387 641.937 2510.986 2287.75 实验室 1 074
4451526 4851 2025/12/24 14:59:04 P15 0 0 0 0 0 0 0 81.482 301.666 895.996 696.411 1598.358 282.745 3781.433 17.7 19.836 849.152 -17.242 615.692 257.111 113.22 1010.742 227.661 529.022 311.585 -24.567 1273.499 -4989.472 -151.52 60.73 810.089 9.613 38.452 961.304 282.44 464.783 402.985 160.523 -696.106 302.277 423.584 97.656 95.367 641.785 2510.529 2287.598 实验室 1 074
4451527 4851 2025/12/24 14:59:05 P15 0 0 0 0 0 0 0 82.092 302.124 897.827 695.953 1598.511 283.814 3780.975 7.324 35.706 855.103 -16.785 611.725 256.195 112.61 1011.2 227.661 528.717 311.585 -23.499 1273.346 -4990.54 -144.348 58.136 794.22 9.308 39.063 962.067 282.44 464.935 404.663 159.454 -699.31 302.124 424.194 101.013 99.487 642.09 2510.986 2288.818 实验室 1 074
4451528 4851 2025/12/24 14:59:06 P15 0 0 0 0 0 0 0 82.245 301.361 898.743 697.022 1599.121 283.356 3781.433 -12.512 64.545 854.34 -16.632 611.572 256.348 113.831 1011.047 226.898 528.87 311.737 -23.499 1273.499 -4989.166 -191.193 59.509 798.645 10.071 39.215 962.219 282.135 464.783 403.595 158.691 -697.327 302.582 423.126 110.931 94.299 640.717 2511.292 2289.429 实验室 1 074
4451529 4851 2025/12/24 14:59:07 P15 0 0 0 0 0 0 0 82.397 300.903 898.59 696.411 1600.037 282.745 3780.06 -13.428 72.174 859.985 -16.479 611.572 256.043 113.831 1010.284 226.593 529.785 310.669 -25.024 1273.041 -4989.929 -246.582 60.425 789.337 9.766 39.215 963.135 282.745 464.935 403.595 159.912 -695.801 302.887 423.584 94.452 96.436 642.09 2511.444 2288.513 实验室 1 074
4451530 4851 2025/12/24 14:59:08 P15 0 0 0 0 0 0 0 82.245 309.296 900.574 696.716 1599.426 283.203 3779.602 25.024 129.089 852.814 -15.717 612.335 255.585 113.525 1010.895 226.898 529.938 310.516 -24.261 1273.193 -4989.319 -275.574 57.526 775.452 9.766 39.52 963.593 283.814 465.698 404.358 158.844 -695.343 302.734 423.737 106.201 100.403 641.785 2511.139 2293.396 实验室 1 074
4451531 4851 2025/12/24 14:59:09 P15 0 0 0 0 0 0 0 81.94 301.361 901.794 696.869 1599.274 283.508 3781.738 30.212 58.136 844.879 -16.937 613.098 256.043 114.899 1010.132 225.983 529.327 309.753 -23.956 1273.499 -4989.624 -258.179 59.204 798.187 10.071 39.063 963.44 283.203 465.546 404.205 158.539 -694.733 302.277 424.347 104.828 91.4 640.259 2511.749 2290.955 实验室 1 074
4451532 4851 2025/12/24 14:59:10 P15 0 0 0 0 0 0 0 81.329 303.345 902.405 697.479 1599.731 283.051 3778.992 44.861 34.332 853.272 -16.479 612.335 255.28 113.678 1011.047 226.288 529.633 309.753 -24.567 1273.193 -4990.845 -224.609 60.577 791.931 10.071 38.452 963.745 283.661 466.461 405.273 161.133 -696.259 302.582 424.5 107.422 95.978 637.97 2511.292 2288.055 实验室 1 074
4451533 4851 2025/12/24 14:59:11 P15 0 0 0 0 0 0 0 81.787 302.734 902.557 696.259 1599.426 282.898 3780.823 40.131 81.94 849.762 -15.869 613.098 255.89 114.288 1010.742 225.372 529.327 310.669 -23.956 1272.888 -4989.472 -175.018 58.899 804.443 10.223 38.757 964.966 282.898 466.766 404.968 160.523 -695.496 302.124 425.568 106.049 94.604 644.226 2511.749 2290.039 实验室 1 074
4451534 4851 2025/12/24 14:59:12 P15 0 0 0 0 0 0 0 81.787 302.277 903.473 696.716 1599.579 281.982 3780.06 20.294 84.686 860.443 -17.09 612.946 256.043 114.746 1009.674 226.44 530.09 309.448 -24.261 1273.041 -4988.403 -156.86 57.526 804.443 9.613 39.063 965.424 283.356 466.614 404.968 160.065 -695.801 302.582 424.652 106.812 98.572 646.21 2510.529 2290.192 实验室 1 074
4451535 4851 2025/12/24 14:59:13 P15 0 0 0 0 0 0 0 81.635 303.497 905.457 696.716 1598.511 282.288 3779.602 24.872 28.076 857.544 -16.174 613.403 256.348 115.051 1009.827 225.525 529.785 308.533 -23.499 1272.888 -4989.319 -167.999 58.899 808.106 10.071 39.978 965.881 283.203 467.072 404.816 159.302 -695.496 303.04 423.737 105.438 100.25 642.09 2510.529 2288.971 实验室 1 074
4451536 4851 2025/12/24 14:59:14 P15 0 0 0 0 0 0 0 82.397 303.04 905.762 697.479 1599.884 282.745 3781.128 -8.545 -11.139 852.966 -16.479 613.403 254.974 114.594 1010.284 224.762 529.938 309.143 -26.703 1272.583 -4982.3 -127.869 59.967 807.648 9.46 39.825 967.255 283.203 467.224 405.273 157.929 -696.106 303.803 423.126 100.861 96.741 643.005 2510.834 2289.581 实验室 1 074
4451537 4851 2025/12/24 14:59:15 P15 0 0 0 0 0 0 0 82.092 301.971 906.22 697.022 1601.41 281.525 3780.06 48.981 53.101 836.487 -16.785 613.861 255.585 115.509 1009.369 224.304 529.938 308.38 -24.872 1272.736 -4990.692 -91.705 61.035 808.716 9.613 39.215 967.255 283.814 467.377 405.579 158.844 -696.259 303.345 422.974 101.013 95.52 639.191 2511.139 2290.039 实验室 1 074
4451538 4851 2025/12/24 14:59:16 P15 0 0 0 0 0 0 0 81.329 301.666 907.898 698.09 1600.647 282.745 3780.365 -17.395 76.752 843.353 -16.785 614.014 254.974 116.425 1009.369 223.694 530.396 308.685 -23.193 1272.43 -4990.997 -105.133 60.272 823.059 8.85 39.215 967.712 283.356 467.835 405.426 159.76 -696.716 303.955 423.126 101.471 97.046 643.311 2510.529 2288.666 实验室 1 074
4451539 4851 2025/12/24 14:59:17 P15 0 0 0 0 0 0 0 81.635 298.615 907.44 697.327 1601.105 281.372 3778.687 36.621 144.959 849.152 -16.937 614.014 255.737 115.662 1009.369 223.846 531.311 308.38 -23.193 1272.583 -4990.845 -97.809 58.746 837.555 9.613 39.063 968.475 283.661 467.835 406.189 159.302 -695.496 302.734 423.279 99.182 98.724 640.411 2510.529 2289.276 实验室 1 074
4451540 4851 2025/12/24 14:59:18 P15 0 0 0 0 0 0 0 81.94 301.666 909.424 697.479 1600.037 283.356 3779.907 20.905 162.048 856.171 -16.174 614.319 254.974 115.814 1009.369 222.778 529.938 308.38 -23.804 1271.667 -4987.793 -79.956 61.035 809.937 10.223 38.452 968.781 284.729 468.445 406.189 157.471 -696.411 303.955 423.126 99.182 95.215 642.242 2511.292 2289.124 实验室 1 074
4451541 4851 2025/12/24 14:59:19 P15 0 0 0 0 0 0 0 81.329 300.751 910.187 696.564 1600.342 282.593 3780.365 21.973 47.607 847.931 -16.022 615.387 255.432 115.814 1009.064 223.084 530.853 308.228 -23.651 1272.888 -4989.472 -64.087 60.425 795.593 9.003 38.3 968.781 283.966 469.513 406.647 157.471 -696.411 303.65 423.126 104.065 97.046 642.09 2511.444 2288.666 实验室 1 074
4451542 4851 2025/12/24 14:59:20 P15 0 0 0 0 0 0 0 80.719 300.293 910.187 696.564 1600.647 282.135 3782.043 22.583 48.523 855.255 -16.937 615.234 254.822 116.577 1009.521 222.931 530.701 308.228 -22.583 1271.362 -4988.861 -93.689 58.441 831.757 9.918 38.757 969.391 283.508 468.903 407.41 160.37 -695.648 303.04 424.042 107.88 95.978 643.005 2511.292 2289.886 实验室 1 074
4451543 4851 2025/12/24 14:59:21 P15 0 0 0 0 0 0 0 81.024 297.394 911.102 697.937 1600.647 279.999 3779.602 22.278 82.245 856.781 -16.632 614.471 254.822 117.188 1009.674 222.168 530.701 307.617 -24.261 1271.973 -4990.387 -125.122 63.019 825.806 9.613 39.52 970.154 283.356 469.055 406.647 158.997 -696.259 303.803 423.126 106.659 94.147 642.548 2510.681 2288.666 实验室 1 074
4451544 4851 2025/12/24 14:59:22 P15 0 0 0 0 0 0 0 81.787 300.14 912.781 697.937 1601.105 280.609 3779.907 50.812 92.621 847.626 -16.479 614.319 254.364 116.577 1009.216 221.71 531.311 307.312 -23.804 1271.667 -4988.251 -105.438 57.831 820.465 8.85 38.757 972.443 283.814 469.055 406.952 161.438 -696.259 304.413 422.821 104.523 95.215 643.158 2510.529 2290.344 实验室 1 074
4451545 4851 2025/12/24 14:59:23 P15 0 0 0 0 0 0 0 81.787 300.14 912.781 697.937 1601.105 280.609 3779.907 50.812 92.621 847.626 -16.479 614.319 254.364 116.577 1009.216 221.71 531.311 307.312 -23.804 1271.667 -4988.251 -105.438 57.831 820.465 8.85 38.757 972.443 283.814 469.055 406.952 161.438 -696.259 304.413 422.821 104.523 95.215 643.158 2510.529 2290.344 实验室 1 074
4451546 4851 2025/12/24 14:59:24 P15 0 0 0 0 0 0 0 81.024 301.056 912.933 697.784 1601.715 282.593 3780.06 17.395 136.261 861.969 -16.327 614.929 254.974 117.035 1008.453 221.558 531.921 307.007 -23.956 1271.057 -4988.556 -120.697 60.425 790.558 9.766 39.368 970.001 283.051 469.36 406.494 161.438 -697.327 303.65 422.363 117.798 95.215 646.362 2511.292 2288.971 实验室 1 074
4451547 4851 2025/12/24 14:59:25 P15 0 0 0 0 0 0 0 80.719 300.598 913.239 696.411 1601.868 281.982 3780.212 -15.869 105.743 857.391 -16.479 615.997 255.432 117.34 1008.911 220.947 531.921 307.007 -23.804 1270.599 -4987.793 -116.882 59.052 793.457 10.529 38.91 971.375 283.508 469.513 406.952 159.454 -696.716 303.803 422.363 103.455 96.13 643.768 2510.223 2289.886 实验室 1 074
4451548 4851 2025/12/24 14:59:26 P15 0 0 0 0 0 0 0 81.635 299.225 914.612 696.869 1601.105 281.372 3781.433 25.024 110.931 853.882 -16.174 614.319 255.127 116.882 1009.216 221.405 532.532 306.091 -23.346 1271.362 -4989.014 -128.021 56.458 807.343 10.071 39.063 971.68 283.356 469.971 407.105 157.929 -696.259 303.65 422.363 103.912 98.267 644.074 2510.681 2288.513 实验室 1 074
4451549 4851 2025/12/24 14:59:27 P15 0 0 0 0 0 0 0 81.177 298.462 913.696 696.564 1601.257 281.83 3780.518 25.33 34.332 848.389 -16.632 615.845 253.906 117.34 1008.911 220.642 532.227 306.091 -24.109 1271.057 -4988.861 -149.536 60.425 817.871 10.529 39.063 971.985 284.119 469.971 407.715 160.065 -695.19 303.04 422.516 107.575 93.689 643.768 2511.292 2286.682 实验室 1 074
4451550 4851 2025/12/24 14:59:28 P15 0 0 0 0 0 0 0 80.566 299.225 916.138 696.564 1601.715 281.372 3780.518 29.144 13.123 843.353 -16.479 615.845 254.822 118.256 1008.453 220.49 532.074 306.091 -23.651 1272.43 -4989.319 -155.64 59.509 803.833 10.223 39.063 973.206 284.119 471.191 408.02 152.741 -695.648 303.497 421.906 111.694 96.741 643.005 2511.444 2287.75 实验室 1 074
4451551 4851 2025/12/24 14:59:29 P15 0 0 0 0 0 0 0 81.024 301.514 915.833 697.174 1601.868 281.22 3779.297 -0.305 -20.447 847.626 -16.327 615.997 254.822 119.171 1009.216 219.727 532.227 305.786 -22.888 1270.447 -4989.014 -121.155 59.357 766.449 9.766 38.605 973.206 284.424 470.734 408.02 161.133 -695.038 303.803 422.363 103.149 90.485 644.379 2509.766 2290.344 实验室 1 074
4451552 4851 2025/12/24 14:59:30 P15 0 0 0 0 0 0 0 80.261 299.377 917.358 696.564 1601.715 281.22 3781.281 62.256 -7.782 846.71 -16.327 615.997 254.669 117.95 1008.301 220.49 531.921 305.939 -23.041 1271.515 -4989.624 -155.64 60.883 776.825 10.681 38.605 973.206 284.271 470.581 408.325 160.065 -695.801 303.65 423.126 110.016 92.926 642.853 2511.139 2288.513 实验室 1 074
4451553 4851 2025/12/24 14:59:31 P15 0 0 0 0 0 0 0 80.414 300.446 917.511 696.716 1601.257 281.677 3781.738 -0.763 64.087 847.778 -15.869 615.997 254.059 118.103 1007.996 220.49 532.379 305.328 -23.041 1270.905 -4991.15 -182.8 60.577 825.348 9.46 38.3 973.969 284.576 470.581 408.173 157.013 -696.411 303.192 422.211 93.384 93.842 642.395 2512.207 2288.666 实验室 1 074
4451554 4851 2025/12/24 14:59:32 P15 0 0 0 0 0 0 0 80.109 301.056 918.121 696.259 1602.325 281.067 3779.755 -0.305 230.866 853.729 -15.869 615.997 253.906 117.188 1007.69 219.269 532.074 306.244 -23.804 1270.599 -4990.692 -195.618 59.662 812.531 9.46 38.757 973.663 284.271 471.802 408.478 159.302 -696.716 303.65 422.821 100.25 95.673 643.921 2510.681 2288.361 实验室 1 074
4451555 4851 2025/12/24 14:59:33 P15 0 0 0 0 0 0 0 81.024 299.53 917.664 696.411 1601.715 280.609 3781.891 26.398 238.19 852.051 -16.785 616.455 253.449 118.866 1007.996 218.811 532.532 304.871 -23.346 1270.599 -4992.065 -186.462 59.662 801.849 10.529 38.452 973.816 283.814 470.734 408.63 160.98 -696.716 304.108 422.058 103.76 95.367 643.005 2511.597 2291.107 实验室 1 074
4451556 4851 2025/12/24 14:59:34 P15 0 0 0 0 0 0 0 80.261 300.14 919.342 695.801 1602.173 280.304 3780.823 28.687 195.16 850.983 -15.717 617.065 254.822 119.324 1007.69 218.506 532.379 305.176 -23.956 1270.905 -4988.861 -122.376 59.967 823.364 9.918 39.215 974.884 284.576 471.954 408.783 159.912 -697.632 303.192 421.906 102.692 93.842 648.041 2511.139 2289.734 实验室 1 074
4451557 4851 2025/12/24 14:59:35 P15 0 0 0 0 0 0 0 80.414 300.598 919.8 695.801 1602.173 280.457 3780.823 16.174 177.918 857.544 -16.937 617.523 253.143 119.782 1007.843 218.201 532.99 304.718 -23.041 1271.667 -4989.929 -118.256 57.831 820.16 9.308 38.757 973.816 284.271 471.802 408.936 159.302 -696.716 304.718 422.669 99.03 94.604 643.768 2510.529 2288.818 实验室 1 074
4451558 4851 2025/12/24 14:59:36 P15 0 0 0 0 0 0 0 79.956 298.004 919.8 696.259 1602.02 279.694 3781.891 30.212 132.141 855.103 -16.327 616.455 253.906 119.171 1007.233 218.201 532.532 304.413 -22.888 1270.599 -4990.082 -78.583 58.289 809.631 9.766 39.673 975.189 284.424 471.344 408.783 159.76 -696.106 304.108 422.669 101.624 95.367 642.853 2512.054 2288.818 实验室 1 074
4451559 4851 2025/12/24 14:59:37 P15 0 0 0 0 0 0 0 80.261 300.293 920.868 695.801 1602.173 279.999 3779.755 5.798 202.332 852.966 -15.869 616.455 253.754 120.239 1008.301 217.896 533.295 304.565 -23.956 1269.836 -4990.387 -76.599 61.34 748.444 9.46 39.673 976.105 283.814 471.802 409.393 160.675 -696.869 304.413 421.753 105.591 95.367 643.311 2510.376 2289.124 实验室 1 074
4451560 4851 2025/12/24 14:59:38 P15 0 0 0 0 0 0 0 80.261 302.277 921.783 694.885 1601.868 280.762 3780.518 11.139 219.879 854.492 -16.632 616.76 254.059 119.629 1006.927 217.59 534.21 304.413 -23.956 1270.294 -4987.641 -98.877 59.662 729.37 9.003 38.3 975.952 284.576 472.565 409.699 159.607 -696.869 304.108 421.753 107.117 93.536 644.836 2510.834 2290.649 实验室 1 074
4451561 4851 2025/12/24 14:59:39 P15 0 0 0 0 0 0 0 80.566 299.225 921.326 694.885 1602.325 280.304 3780.212 0.61 151.062 849.457 -16.327 615.997 253.754 119.171 1007.233 216.827 533.295 303.65 -22.583 1270.447 -4987.641 -81.024 58.441 749.207 9.766 38.757 976.257 284.424 472.565 409.546 159.149 -697.632 304.871 421.6 94.91 100.25 644.989 2510.376 2289.276 实验室 1 074
4451562 4851 2025/12/24 14:59:40 P15 0 0 0 0 0 0 0 79.956 299.377 921.936 694.733 1600.342 280.151 3780.518 10.986 52.185 850.678 -17.09 617.371 253.906 119.324 1006.927 216.98 533.447 303.65 -23.193 1269.989 -4988.861 -91.858 64.545 762.787 8.85 38.757 975.189 285.187 473.023 409.851 159.607 -696.411 303.955 421.906 105.896 97.351 643.768 2512.207 2288.208 实验室 1 074
4451563 4851 2025/12/24 14:59:41 P15 0 0 0 0 0 0 0 79.651 300.598 922.852 694.275 1602.783 280.304 3779.602 13.275 7.935 841.522 -16.632 616.913 253.296 119.171 1006.775 216.675 534.668 303.04 -23.499 1270.142 -4987.183 -95.215 60.425 776.367 9.46 39.063 977.936 284.119 472.717 409.241 158.386 -696.564 304.108 421.448 102.387 98.267 645.142 2510.681 2290.039 实验室 1 074
4451564 4851 2025/12/24 14:59:42 P15 0 0 0 0 0 0 0 79.193 298.157 923.92 694.733 1602.325 279.541 3779.755 3.967 -58.594 845.642 -16.632 619.507 254.517 120.087 1008.453 216.98 534.058 301.971 -23.499 1269.226 -4991.303 -111.847 60.425 778.656 10.529 39.063 977.325 283.966 472.717 410.004 160.217 -695.648 304.26 422.058 104.675 93.536 645.905 2511.749 2289.581 实验室 1 074
4451565 4851 2025/12/24 14:59:43 P15 0 0 0 0 0 0 0 79.651 298.767 924.225 694.428 1602.936 278.931 3782.043 57.831 -38.757 842.133 -16.632 618.439 253.906 119.629 1006.622 216.065 534.21 304.871 -23.499 1270.752 -4989.014 -74.768 63.477 806.274 10.223 38.605 977.478 284.271 473.633 410.919 156.708 -695.19 304.108 422.058 97.809 96.741 639.648 2511.749 2286.072 实验室 1 074
4451566 4851 2025/12/24 14:59:44 P15 0 0 0 0 0 0 0 80.109 297.089 925.903 693.817 1602.325 279.236 3780.518 39.52 5.035 838.776 -15.564 617.523 254.211 120.239 1006.622 216.217 534.821 303.04 -23.499 1269.989 -4988.403 -103.455 59.814 803.986 10.071 39.215 977.783 284.882 473.175 410.004 157.166 -697.022 304.413 422.363 101.776 101.929 643.616 2511.597 2286.987 实验室 1 074
4451567 4851 2025/12/24 14:59:45 P15 0 0 0 0 0 0 0 79.803 301.666 925.14 694.122 1602.783 280.457 3780.975 6.409 -66.071 848.846 -16.632 618.286 253.601 121.155 1007.08 215.607 534.515 303.04 -23.346 1270.142 -4988.251 -135.346 58.899 780.029 10.223 38.605 978.394 284.119 473.175 410.919 156.86 -696.716 304.108 421.906 107.269 93.079 643.311 2511.139 2292.023 实验室 1 074
4451568 4851 2025/12/24 14:59:46 P15 0 0 0 0 0 0 0 80.261 301.209 925.751 693.054 1602.936 279.388 3779.755 12.512 41.809 850.067 -16.785 617.218 253.906 120.239 1006.622 215.607 535.126 302.734 -23.193 1269.836 -4988.708 -136.414 61.493 766.449 9.46 37.842 979.004 284.576 473.328 410.614 157.776 -697.937 304.565 420.38 104.065 88.654 645.905 2510.529 2287.903 实验室 1 074
4451569 4851 2025/12/24 14:59:47 P15 0 0 0 0 0 0 0 79.346 296.936 926.666 692.291 1602.02 279.236 3782.349 20.142 93.384 846.252 -16.937 617.981 253.296 120.85 1006.165 214.996 534.363 302.429 -23.499 1269.531 -4988.556 -167.236 60.12 797.424 10.223 38.452 979.462 284.882 474.243 411.377 160.217 -697.327 304.108 422.058 97.198 98.877 644.226 2511.139 2289.124 实验室 1 074
4451570 4851 2025/12/24 14:59:48 P15 0 0 0 0 0 0 0 80.109 300.446 927.124 692.749 1604.309 279.388 3781.281 36.469 151.672 852.356 -16.785 618.286 253.143 121.002 1007.08 214.539 535.126 302.429 -21.667 1269.836 -4988.708 -183.106 61.951 780.487 9.918 38.757 979.309 284.576 473.785 411.072 155.945 -697.479 304.413 420.685 99.335 95.062 643.005 2511.444 2288.971 实验室 1 074
4451571 4851 2025/12/24 14:59:49 P15 0 0 0 0 0 0 0 79.346 294.495 928.04 692.139 1603.088 279.694 3780.212 33.722 52.49 852.051 -16.174 618.286 257.111 120.697 1006.775 214.386 534.668 302.734 -22.888 1269.531 -4990.387 -195.007 60.272 768.89 9.766 38.605 979.157 284.576 474.854 411.53 157.013 -696.869 304.26 421.143 95.52 101.624 645.294 2511.292 2289.276 实验室 1 074
4451572 4851 2025/12/24 14:59:50 P15 0 0 0 0 0 0 0 79.651 297.546 928.497 691.376 1602.325 279.388 3781.738 1.984 -56.61 853.424 -16.785 617.828 253.449 120.85 1006.622 214.844 534.973 301.666 -22.583 1269.836 -4989.776 -201.569 59.967 766.907 10.681 38.452 979.614 284.424 473.938 410.919 155.029 -696.411 303.955 421.906 102.234 89.722 642.242 2511.444 2286.377 实验室 1 074
4451573 4851 2025/12/24 14:59:51 P15 0 0 0 0 0 0 0 79.651 301.056 929.26 690.765 1602.325 279.236 3781.738 26.703 -52.795 854.797 -16.479 617.218 253.296 121.155 1006.317 214.081 535.431 302.277 -23.193 1269.379 -4990.387 -140.686 60.425 815.888 9.918 38.3 978.851 285.339 475.159 411.224 154.572 -693.665 304.565 421.448 110.931 95.52 645.752 2512.207 2288.361 实验室 1 074
4451574 4851 2025/12/24 14:59:52 P15 0 0 0 0 0 0 0 80.109 298.615 929.565 691.223 1602.325 279.083 3780.518 -10.223 -14.038 849.304 -16.785 617.218 252.991 121.155 1006.775 213.013 535.278 301.971 -23.956 1269.073 -4988.861 -113.22 59.967 836.029 9.918 38.91 980.988 284.424 474.854 411.53 155.182 -695.648 305.634 420.38 102.234 97.198 642.09 2511.139 2288.208 实验室 1 074
4451575 4851 2025/12/24 14:59:53 P15 0 0 0 0 0 0 0 78.888 296.173 929.718 691.223 1600.952 280.151 3780.212 17.7 74.768 852.203 -16.022 618.134 252.533 121.765 1006.47 213.165 535.431 301.209 -22.888 1269.226 -4989.166 -113.068 60.12 827.789 10.376 38.3 981.14 284.424 474.701 411.682 156.555 -695.19 304.565 421.6 105.133 110.169 647.736 2510.986 2287.292 实验室 1 074
4451576 4851 2025/12/24 14:59:54 P15 0 0 0 0 0 0 0 78.735 298.004 930.328 690.46 1603.088 279.846 3780.823 -9.003 135.803 844.421 -16.479 617.676 252.686 122.07 1007.08 213.165 535.431 301.209 -22.888 1269.836 -4988.556 -148.773 58.746 809.021 9.46 39.063 980.988 284.576 474.548 411.53 157.166 -696.106 305.176 421.448 101.318 96.741 646.82 2509.613 2291.412 实验室 1 074
4451577 4851 2025/12/24 14:59:55 P15 0 0 0 0 0 0 0 78.735 298.004 930.328 690.46 1603.088 279.846 3780.823 -9.003 135.803 844.421 -16.479 617.676 252.686 122.07 1007.08 213.165 535.431 301.209 -22.888 1269.836 -4988.556 -148.773 58.746 809.021 9.46 39.063 980.988 284.576 474.548 411.53 157.166 -696.106 305.176 421.448 101.318 96.741 646.82 2509.613 2291.412 实验室 1 074
4451578 4851 2025/12/24 14:59:56 P15 0 0 0 0 0 0 0 79.346 299.53 931.702 689.392 1603.546 278.931 3780.212 8.698 108.337 851.135 -16.174 617.676 253.296 121.307 1006.47 213.013 535.889 301.361 -23.499 1269.073 -4989.624 -145.264 59.662 791.626 10.071 39.063 981.14 284.729 475.006 411.987 155.487 -696.564 305.023 420.227 101.166 93.994 644.531 2510.071 2283.02 实验室 1 074
4451579 4851 2025/12/24 14:59:57 P15 0 0 0 0 0 0 0 79.498 298.615 932.77 689.087 1603.699 279.083 3780.365 13.733 118.256 845.032 -17.09 618.286 253.906 122.223 1007.08 213.165 535.278 301.056 -23.346 1269.836 -4988.403 -133.057 55.084 777.13 10.376 39.063 982.208 284.882 475.159 411.987 157.776 -696.716 304.718 420.685 110.016 94.604 645.294 2510.681 2289.429 实验室 1 074
4451580 4851 2025/12/24 14:59:58 P15 0 0 0 0 0 0 0 78.888 297.852 932.159 688.934 1603.394 279.236 3782.043 31.586 5.798 857.239 -16.632 618.591 253.296 121.613 1006.317 213.318 535.584 301.514 -22.888 1269.989 -4989.929 -121.765 59.814 808.563 9.918 38.605 981.445 284.271 474.854 412.293 158.386 -696.259 304.718 421.295 110.016 94.299 648.499 2510.834 2288.818 实验室 1 074
4451581 4851 2025/12/24 14:59:59 P15 0 0 0 0 0 0 0 79.193 298.462 932.159 688.629 1603.088 278.626 3779.907 51.575 -5.035 856.934 -16.327 617.981 252.533 123.138 1006.012 212.402 536.194 300.293 -23.499 1269.226 -4988.403 -114.441 63.324 812.531 9.308 38.757 982.513 284.576 475.464 411.987 158.234 -697.022 305.176 420.837 99.335 97.504 643.921 2511.292 2290.039 实验室 1 074
4451582 4851 2025/12/24 15:00:00 P15 0 0 0 0 0 0 0 78.735 298.615 933.38 688.171 1603.394 278.626 3781.433 78.43 21.973 852.966 -16.937 619.049 253.296 121.918 1006.775 211.945 536.346 300.293 -23.804 1268.005 -4989.319 -94.452 62.561 808.716 10.529 38.147 982.819 284.576 475.769 412.598 157.471 -695.953 304.718 421.143 101.929 95.825 647.43 2510.681 2290.039 实验室 1 074
4451583 4851 2025/12/24 15:00:01 P15 0 0 0 0 0 0 0 79.498 301.514 933.685 687.256 1603.546 279.083 3779.755 48.065 128.632 851.746 -17.09 617.981 252.686 122.07 1006.165 211.945 536.041 300.903 -22.888 1268.768 -4990.692 -78.278 59.814 768.89 9.766 39.368 982.513 284.271 475.464 413.055 158.997 -696.564 304.718 420.685 107.88 96.588 646.21 2511.444 2282.867 实验室 1 074
4451584 4851 2025/12/24 15:00:02 P15 0 0 0 0 0 0 0 78.735 300.293 935.059 687.103 1604.462 279.541 3779.907 22.583 220.49 860.443 -16.937 618.591 252.075 122.681 1005.859 211.792 536.194 300.751 -23.193 1269.073 -4988.556 -109.1 61.035 779.877 9.613 38.3 982.361 284.576 476.074 413.055 156.555 -697.022 304.565 421.295 113.831 90.332 643.005 2510.071 2289.581 实验室 1 074
4451585 4851 2025/12/24 15:00:03 P15 0 0 0 0 0 0 0 79.956 300.293 933.991 686.035 1604.004 279.083 3782.349 12.665 191.65 848.236 -16.479 618.744 251.923 122.986 1006.165 211.182 537.109 299.988 -22.583 1268.921 -4988.556 -101.624 60.272 801.544 9.766 38.605 982.819 283.814 475.922 412.14 156.86 -695.496 304.718 420.532 105.133 89.874 646.21 2511.292 2289.581 实验室 1 074
4451586 4851 2025/12/24 15:00:04 P15 0 0 0 0 0 0 0 79.041 302.429 935.059 685.577 1602.936 279.236 3781.128 -20.905 52.948 842.438 -15.869 619.354 251.923 122.528 1005.859 211.792 536.346 299.683 -21.973 1268.158 -4988.403 -53.253 58.136 813.904 10.071 38.147 982.666 285.339 477.295 413.208 160.523 -695.19 304.26 420.38 103.76 94.452 643.921 2511.444 2292.938 实验室 1 074
4451587 4851 2025/12/24 15:00:05 P15 0 0 0 0 0 0 0 78.888 287.933 935.059 686.035 1603.546 277.71 3782.043 36.926 -2.747 831.299 -16.937 618.286 252.075 123.291 1005.096 210.724 536.804 299.683 -22.888 1268.921 -4987.945 -15.411 59.357 827.484 9.613 39.368 983.734 284.271 476.685 413.208 160.37 -696.106 305.634 420.38 97.809 99.335 648.041 2510.834 2290.039 实验室 1 074
4451588 4851 2025/12/24 15:00:06 P15 0 0 0 0 0 0 0 79.346 301.666 935.974 685.883 1602.936 278.32 3779.907 2.594 -141.296 830.383 -16.479 618.134 252.686 123.749 1005.554 211.029 537.872 300.14 -22.583 1268.463 -4987.793 -1.221 59.357 798.34 10.223 39.063 984.802 284.729 475.769 413.818 161.285 -695.801 305.939 420.227 100.708 96.436 647.125 2509.918 2289.124 实验室 1 074
4451589 4851 2025/12/24 15:00:07 P15 0 0 0 0 0 0 0 78.125 301.971 936.585 684.509 1604.004 278.778 3780.975 26.855 -121.613 842.743 -16.479 619.202 252.38 123.138 1006.165 210.114 536.804 300.598 -22.888 1268.463 -4989.166 12.054 55.695 775.299 9.918 38.3 984.192 284.271 477.905 414.124 157.929 -695.496 304.718 420.99 107.269 96.13 644.379 2511.292 2288.361 实验室 1 074
4451590 4851 2025/12/24 15:00:08 P15 0 0 0 0 0 0 0 78.735 296.326 938.11 684.204 1603.699 277.71 3781.281 12.665 -71.259 844.574 -16.632 618.286 252.533 123.749 1006.47 210.266 536.499 299.072 -23.804 1269.226 -4989.319 14.648 58.746 758.972 10.376 36.774 984.955 284.576 476.227 413.971 157.471 -695.953 304.413 420.227 100.098 100.25 647.125 2511.139 2288.666 实验室 1 074
4451591 4851 2025/12/24 15:00:09 P15 0 0 0 0 0 0 0 79.651 299.683 937.042 684.052 1604.309 278.168 3780.365 53.253 -38.91 847.778 -15.869 618.439 251.77 123.138 1005.554 209.656 537.109 299.225 -22.43 1268.005 -4988.708 -28.687 59.662 786.591 9.766 38.147 983.734 285.034 477.6 413.818 159.76 -696.564 305.176 420.532 94.452 95.215 646.21 2511.139 2288.513 实验室 1 074
4451592 4851 2025/12/24 15:00:10 P15 0 0 0 0 0 0 0 77.82 301.361 937.805 684.052 1603.394 277.863 3779.449 33.875 76.752 847.015 -16.479 617.828 251.617 123.444 1005.402 210.114 537.109 299.072 -22.736 1269.379 -4989.624 -79.193 60.272 782.013 10.071 38.605 984.497 285.645 477.448 415.039 156.097 -704.956 305.328 420.532 94.147 97.809 646.515 2510.071 2289.734 实验室 1 074
4451593 4851 2025/12/24 15:00:11 P15 0 0 0 0 0 0 0 78.735 303.192 939.026 682.678 1604.156 279.541 3780.518 13.123 185.852 844.879 -16.174 618.439 251.617 123.596 1005.249 209.198 537.262 299.988 -22.583 1268.616 -4990.997 -129.547 61.34 768.738 9.766 38.605 982.666 284.882 477.753 414.734 158.234 -695.648 305.786 420.075 106.354 101.013 650.177 2510.376 2289.581 实验室 1 074
4451594 4851 2025/12/24 15:00:12 P15 0 0 0 0 0 0 0 77.972 299.988 939.026 681.763 1603.394 279.083 3780.212 -32.196 225.372 850.678 -16.632 618.897 251.465 124.054 1005.859 209.808 537.262 299.53 -22.736 1268.158 -4988.708 -176.239 59.814 803.375 9.613 37.994 985.26 286.56 478.363 414.581 159.302 -695.038 304.413 420.532 107.422 94.147 636.902 2510.986 2288.666 实验室 1 074
4451595 4851 2025/12/24 15:00:13 P15 0 0 0 0 0 0 0 77.82 296.326 939.331 681.915 1604.462 278.32 3779.602 40.588 205.689 835.877 -17.09 618.439 252.838 124.664 1005.554 209.198 537.262 298.767 -22.278 1269.073 -4987.793 -137.177 57.068 800.781 10.986 38.605 985.87 284.119 477.6 414.276 160.37 -695.496 304.718 419.922 101.166 92.773 653.381 2510.681 2288.971 实验室 1 074
4451596 4851 2025/12/24 15:00:14 P15 0 0 0 0 0 0 0 78.125 299.072 940.247 681.458 1604.156 278.473 3782.043 53.864 256.195 835.877 -16.937 618.744 252.075 124.207 1004.486 209.045 537.415 298.309 -22.125 1268.158 -4989.319 -124.359 57.983 796.967 10.071 38.757 985.718 284.424 477.448 413.666 160.065 -696.411 305.481 420.532 99.03 94.91 646.515 2512.054 2292.175 实验室 1 074
4451597 4851 2025/12/24 15:00:15 P15 0 0 0 0 0 0 0 78.43 298.157 939.484 679.932 1603.546 278.626 3779.602 -7.935 145.874 830.231 -15.564 618.134 251.77 123.901 1005.096 208.13 538.178 298.767 -21.82 1268.005 -4990.845 -167.389 59.814 798.492 10.529 38.452 986.176 284.271 477.753 414.276 157.166 -696.564 305.328 419.617 98.572 99.487 645.294 2511.292 2291.107 实验室 1 074
4451598 4851 2025/12/24 15:00:16 P15 0 0 0 0 0 0 0 78.278 298.615 940.247 679.016 1604.156 277.405 3780.975 53.558 119.629 835.724 -16.174 618.591 251.465 125.122 1004.944 208.283 538.94 298.92 -23.193 1267.7 -4988.708 -143.738 59.204 807.343 9.003 39.368 985.718 285.339 478.973 414.276 157.318 -696.564 305.176 419.922 94.452 93.536 648.041 2511.749 2287.598 实验室 1 074
4451599 4851 2025/12/24 15:00:17 P15 0 0 0 0 0 0 0 78.278 297.852 941.62 679.321 1604.614 277.405 3781.738 50.507 67.749 832.52 -16.632 618.439 252.228 124.359 1006.165 207.977 537.872 298.157 -23.193 1267.7 -4988.403 -163.879 59.662 813.141 10.986 38.757 986.633 284.119 478.058 414.276 158.081 -696.259 305.328 419.769 108.49 94.604 647.43 2510.376 2290.955 实验室 1 074
4451600 4851 2025/12/24 15:00:18 P15 0 0 0 0 0 0 0 79.041 297.852 940.704 678.253 1604.767 278.015 3782.349 8.545 104.523 848.846 -16.632 617.828 251.617 125.122 1005.096 208.283 538.94 297.852 -24.414 1267.853 -4988.861 -143.585 61.035 801.392 9.46 38.757 987.396 284.729 477.905 414.124 156.25 -697.784 305.786 419.617 99.335 97.656 650.024 2511.292 2289.124 实验室 1 074
4451601 4851 2025/12/24 15:00:19 P15 0 0 0 0 0 0 0 78.43 298.004 941.773 677.185 1604.156 278.015 3779.449 5.798 161.743 842.133 -16.327 618.286 251.16 124.359 1006.165 207.367 538.94 297.852 -21.21 1267.395 -4990.692 -136.719 58.441 816.04 9.766 37.689 987.854 283.966 478.516 415.344 159.302 -698.242 304.718 420.075 102.997 96.588 646.973 2510.529 2289.276 实验室 1 074
4451602 4851 2025/12/24 15:00:20 P15 0 0 0 0 0 0 0 78.43 301.361 942.993 676.27 1604.767 277.71 3780.06 24.719 110.016 843.658 -16.785 618.134 251.617 124.817 1005.096 208.588 538.635 298.309 -21.973 1268.005 -4987.945 -115.051 58.594 819.855 10.223 37.384 987.549 284.424 478.973 415.344 158.386 -698.853 305.176 419.464 99.487 97.961 644.531 2510.834 2286.682 实验室 1 074
4451603 4851 2025/12/24 15:00:21 P15 0 0 0 0 0 0 0 78.125 297.394 941.162 675.964 1604.309 277.863 3780.67 5.035 195.313 833.588 -16.327 619.049 251.465 124.97 1004.486 207.062 538.33 298.615 -23.346 1268.616 -4989.776 -120.544 61.34 830.078 10.376 39.063 987.549 284.119 478.821 415.955 158.234 -695.19 305.328 419.006 103.607 93.079 645.447 2510.529 2290.192 实验室 1 074
4451604 4851 2025/12/24 15:00:22 P15 0 0 0 0 0 0 0 78.735 298.157 942.688 675.049 1604.614 277.252 3782.959 18.158 165.1 837.25 -15.564 618.744 250.855 124.97 1004.791 207.062 539.398 298.004 -23.193 1267.395 -4989.929 -86.365 59.052 854.95 9.766 38.147 987.701 284.271 478.668 415.955 156.555 -697.022 305.328 419.617 98.267 94.91 647.278 2512.817 2288.818 实验室 1 074
4451605 4851 2025/12/24 15:00:23 P15 0 0 0 0 0 0 0 78.735 298.157 942.535 674.591 1604.614 278.168 3782.196 56.458 130.92 837.708 -16.479 618.744 251.465 125.732 1004.944 205.994 539.093 297.089 -22.736 1268.005 -4988.861 -73.395 59.357 797.73 10.223 39.063 987.701 284.271 478.516 414.581 158.997 -697.479 305.786 419.312 99.182 98.114 647.888 2512.207 2286.377 实验室 1 074
4451606 4851 2025/12/24 15:00:24 P15 0 0 0 0 0 0 0 77.972 298.92 943.146 674.286 1604.462 277.405 3780.975 -3.204 29.297 858.917 -16.632 619.659 251.77 124.97 1004.944 207.214 538.94 298.004 -22.43 1267.548 -4992.065 -78.888 56 783.081 9.918 38.452 987.854 284.271 478.668 415.344 159.76 -695.801 304.871 419.769 103.76 99.335 646.973 2511.597 2288.666 实验室 1 074
4451607 4851 2025/12/24 15:00:25 P15 0 0 0 0 0 0 0 77.82 298.157 943.451 673.523 1605.835 279.083 3779.907 -15.411 1.526 840.149 -17.09 619.354 251.312 124.97 1005.249 206.299 540.161 297.546 -23.346 1267.242 -4990.54 -101.929 59.509 802.155 9.918 38.3 988.464 284.424 479.889 415.802 158.691 -695.953 305.328 419.464 101.624 97.961 653.076 2510.834 2289.124 实验室 1 074
4451608 4851 2025/12/24 15:00:26 P15 0 0 0 0 0 0 0 77.82 302.124 943.909 672.913 1604.767 278.168 3781.738 -1.221 -30.06 857.849 -16.479 619.202 251.16 125.275 1005.554 206.299 539.551 297.089 -22.888 1267.7 -4988.098 -161.591 61.646 810.394 9.46 38.605 988.312 284.882 479.279 415.497 156.25 -695.953 305.176 419.769 107.269 96.13 647.125 2511.292 2291.107 实验室 1 074
4451609 4851 2025/12/24 15:00:27 P15 0 0 0 0 0 0 0 77.82 302.124 943.909 672.913 1604.767 278.168 3781.738 -1.221 -30.06 857.849 -16.479 619.202 251.16 125.275 1005.554 206.299 539.551 297.089 -22.888 1267.7 -4988.098 -161.591 61.646 810.394 9.46 38.605 988.312 284.882 479.279 415.497 156.25 -695.953 305.176 419.769 107.269 96.13 647.125 2511.292 2291.107 实验室 1 074
4451610 4851 2025/12/24 15:00:28 P15 0 0 0 0 0 0 0 77.82 299.988 944.519 673.218 1604.767 277.557 3779.907 58.899 63.629 850.983 -16.937 619.507 250.855 125.427 1004.639 206.146 539.398 296.936 -23.193 1267.09 -4989.319 -163.879 58.899 801.239 9.155 38.3 987.549 284.729 479.126 415.802 159.454 -698.853 305.176 419.617 103.455 95.978 648.041 2510.681 2288.818 实验室 1 074
4451611 4851 2025/12/24 15:00:29 P15 0 0 0 0 0 0 0 78.735 298.615 946.198 672.15 1605.53 276.489 3781.128 2.289 68.512 849.304 -16.632 618.439 250.549 125.122 1004.486 205.689 539.398 296.936 -24.261 1267.548 -4988.861 -185.547 59.662 810.7 10.071 38.3 989.38 284.119 479.431 415.192 160.217 -695.343 305.328 418.701 100.098 93.689 645.142 2512.36 2289.276 实验室 1 074
4451612 4851 2025/12/24 15:00:30 P15 0 0 0 0 0 0 0 77.209 300.293 945.587 672.607 1604.919 278.473 3781.586 24.719 60.272 839.233 -16.632 618.897 250.702 125.275 1004.181 204.773 539.856 297.241 -21.21 1267.395 -4988.708 -178.375 60.272 770.264 10.223 38.3 989.075 284.576 479.889 416.26 160.065 -696.716 305.481 419.617 102.539 95.978 649.719 2511.749 2288.971 实验室 1 074
4451613 4851 2025/12/24 15:00:31 P15 0 0 0 0 0 0 0 78.278 299.377 945.435 672.15 1606.598 277.557 3779.907 17.7 54.779 843.201 -16.022 618.134 249.786 126.19 1002.502 205.231 540.314 297.394 -23.041 1267.395 -4989.319 -202.026 60.577 769.348 9.308 38.452 988.922 285.187 479.431 415.802 157.166 -695.801 305.176 418.854 99.182 96.436 647.888 2511.292 2287.598 实验室 1 074
4451614 4851 2025/12/24 15:00:32 P15 0 0 0 0 0 0 0 77.362 299.072 946.045 671.845 1603.546 277.1 3780.06 16.785 120.087 838.928 -16.937 618.897 249.786 126.648 1004.486 205.689 539.856 296.478 -22.278 1268.311 -4989.166 -219.574 58.441 783.386 10.071 39.063 988.922 284.729 479.736 416.26 163.269 -696.106 305.176 419.159 109.406 88.806 645.905 2511.292 2289.124 实验室 1 074
4451615 4851 2025/12/24 15:00:33 P15 0 0 0 0 0 0 0 77.667 296.936 946.045 671.845 1604.767 277.252 3781.433 37.384 160.523 839.844 -16.174 618.439 250.244 126.19 1004.028 204.62 539.856 296.478 -22.888 1268.311 -4990.387 -166.016 59.357 790.253 9.766 38.3 988.922 284.424 479.736 416.565 160.98 -696.106 305.176 419.464 111.389 91.705 646.515 2511.597 2288.208 实验室 1 074
4451616 4851 2025/12/24 15:00:34 P15 0 0 0 0 0 0 0 79.803 301.361 946.198 672.302 1605.377 277.557 3779.297 44.25 86.67 851.746 -17.09 618.286 251.465 126.038 1004.486 204.315 539.703 296.173 -22.43 1266.785 -4989.166 -170.288 60.272 810.547 9.918 38.757 989.685 283.508 480.194 416.412 161.438 -697.174 306.244 419.006 103.607 94.299 648.651 2510.376 2289.124 实验室 1 074
4451617 4851 2025/12/24 15:00:35 P15 0 0 0 0 0 0 0 77.515 300.14 947.723 672.15 1605.225 277.1 3780.06 16.479 52.032 841.522 -16.937 618.134 250.702 126.495 1004.944 204.773 540.772 296.021 -22.278 1267.395 -4989.014 -132.904 60.12 818.634 10.376 39.063 989.99 284.424 479.736 416.26 159.912 -698.853 306.244 419.312 104.37 94.452 647.583 2510.376 2289.276 实验室 1 074
4451618 4851 2025/12/24 15:00:36 P15 0 0 0 0 0 0 0 77.667 298.767 947.266 671.539 1605.225 277.405 3779.602 40.436 68.359 848.389 -15.564 617.828 250.397 126.19 1004.639 204.01 541.534 296.783 -21.973 1267.242 -4989.624 -134.888 60.272 792.236 9.308 38.3 990.143 284.882 479.889 416.412 159.607 -699.463 305.481 418.396 105.743 100.555 648.041 2510.834 2285.309 实验室 1 074
4451619 4851 2025/12/24 15:00:37 P15 0 0 0 0 0 0 0 77.667 297.394 947.571 671.692 1604.767 277.252 3780.518 7.324 146.179 848.541 -16.479 618.439 250.092 126.801 1004.639 203.705 540.924 295.868 -23.346 1267.09 -4991.303 -135.498 59.814 770.721 10.529 38.3 990.448 284.424 480.347 416.718 157.929 -698.09 305.481 418.243 104.218 100.861 646.973 2508.545 2289.734 实验室 1 074
4451620 4851 2025/12/24 15:00:38 P15 0 0 0 0 0 0 0 77.057 303.955 947.571 671.387 1605.072 277.557 3781.891 -14.801 64.087 843.353 -16.785 618.286 250.702 127.716 1004.333 203.705 541.229 295.258 -21.82 1266.632 -4989.319 -107.117 57.526 778.961 9.918 38.605 990.601 284.576 479.889 416.412 158.386 -699.921 305.176 418.854 110.626 96.436 647.278 2511.444 2289.429 实验室 1 074
4451621 4851 2025/12/24 15:00:39 P15 0 0 0 0 0 0 0 77.667 297.241 948.944 672.15 1604.309 276.794 3779.602 36.163 20.447 843.353 -16.632 618.286 250.244 125.885 1004.181 203.552 541.229 295.41 -23.041 1267.09 -4989.166 -65.613 59.357 765.839 10.834 38.147 991.211 283.661 480.347 418.091 165.253 -699.31 305.176 417.633 101.471 95.52 645.752 2510.529 2287.75 实验室 1 074
4451622 4851 2025/12/24 15:00:40 P15 0 0 0 0 0 0 0 77.209 300.903 949.097 671.845 1606.293 277.1 3780.06 -3.815 81.635 839.844 -16.022 618.134 250.092 126.495 1004.486 202.484 541.229 295.258 -22.888 1267.09 -4988.098 -47.76 59.814 786.133 9.766 38.757 991.058 284.271 480.347 417.023 158.997 -699.768 305.634 418.549 106.354 97.656 660.4 2510.376 2290.649 实验室 1 074
4451623 4851 2025/12/24 15:00:41 P15 0 0 0 0 0 0 0 78.278 302.277 950.012 671.997 1605.377 275.879 3779.602 46.539 48.218 848.236 -16.327 618.286 250.397 128.021 1004.639 203.095 540.772 295.41 -22.888 1267.548 -4989.319 -53.406 61.035 774.841 9.766 39.52 991.669 284.424 480.804 417.175 160.217 -700.684 305.328 418.091 104.981 98.724 650.024 2510.834 2290.039 实验室 1 074
4451624 4851 2025/12/24 15:00:42 P15 0 0 0 0 0 0 0 77.362 300.14 948.792 671.692 1605.53 277.557 3779.602 57.831 -23.956 840.607 -16.327 618.134 249.786 126.495 1003.723 202.484 541.382 296.173 -22.583 1266.937 -4986.877 -72.784 60.883 789.49 9.766 38.147 990.906 285.339 481.262 417.938 157.471 -700.531 305.176 418.854 99.945 99.03 645.294 2510.834 2290.955 实验室 1 074
4451625 4851 2025/12/24 15:00:43 P15 0 0 0 0 0 0 0 78.125 299.988 949.554 673.218 1605.377 276.794 3782.349 51.727 18.005 850.372 -16.632 618.286 251.007 128.021 1003.571 202.637 541.382 294.647 -22.583 1267.242 -4988.708 -37.231 60.272 757.599 10.071 39.063 991.211 284.576 480.957 417.328 160.217 -700.989 305.939 418.396 103.302 97.351 648.041 2512.512 2292.48 实验室 1 074
4451626 4851 2025/12/24 15:00:44 P15 0 0 0 0 0 0 0 77.972 300.903 950.623 671.845 1606.14 277.405 3779.755 37.842 154.114 837.708 -16.479 617.828 249.786 127.106 1003.876 203.247 542.603 293.884 -22.125 1266.937 -4989.319 -26.55 60.272 753.174 9.613 38.757 992.737 284.271 481.11 417.175 158.539 -700.684 305.481 418.091 103.149 98.267 649.109 2510.529 2289.734 实验室 1 074
4451627 4851 2025/12/24 15:00:45 P15 0 0 0 0 0 0 0 77.057 303.345 950.165 672.913 1606.14 277.252 3779.602 22.43 203.552 845.642 -16.937 619.507 250.244 127.564 1003.418 202.332 541.687 294.19 -22.583 1266.632 -4989.929 -62.714 58.441 792.084 10.223 38.452 991.364 284.119 480.957 417.481 158.997 -699.158 305.328 419.312 106.659 92.011 646.973 2510.223 2287.75 实验室 1 074
4451628 4851 2025/12/24 15:00:46 P15 0 0 0 0 0 0 0 77.209 300.14 951.691 671.997 1605.988 276.642 3781.281 -31.586 187.073 843.201 -16.327 617.828 249.786 128.021 1004.333 201.874 542.603 293.579 -21.973 1267.395 -4989.166 -61.188 61.493 794.22 9.918 39.368 991.516 284.882 480.957 417.481 159.912 -699.768 305.176 417.481 103.149 95.673 648.193 2510.834 2289.124 实验室 1 074
4451629 4851 2025/12/24 15:00:47 P15 0 0 0 0 0 0 0 77.515 301.971 950.47 671.845 1606.14 277.405 3779.602 5.341 98.724 839.539 -16.479 616.76 249.329 127.258 1003.113 202.179 542.755 295.105 -22.736 1265.259 -4989.319 -35.858 61.035 795.898 10.071 37.994 992.432 284.424 480.957 417.175 160.37 -699.31 305.481 418.091 100.708 97.198 648.499 2510.376 2287.903 实验室 1 074
4451630 4851 2025/12/24 15:00:48 P15 0 0 0 0 0 0 0 77.972 298.767 952.148 672.913 1606.293 276.184 3780.975 31.738 56 842.285 -16.632 617.676 249.786 128.021 1005.249 201.569 542.297 294.19 -22.43 1266.632 -4990.234 -13.733 58.289 787.506 9.918 39.215 992.279 283.966 481.415 418.091 158.234 -699.158 306.091 418.243 106.964 95.367 649.414 2511.292 2289.124 实验室 1 074
4451631 4851 2025/12/24 15:00:49 P15 0 0 0 0 0 0 0 76.752 301.056 952.759 672.76 1606.598 276.489 3780.06 50.354 -7.935 842.438 -17.242 617.828 251.465 127.411 1003.723 201.721 542.603 294.19 -21.667 1266.632 -4990.387 -38.452 60.883 777.13 10.071 38.3 992.279 284.424 481.262 417.633 159.912 -699.158 305.786 418.396 113.983 91.858 650.177 2510.376 2289.734 实验室 1 074
4451632 4851 2025/12/24 15:00:50 P15 0 0 0 0 0 0 0 77.057 298.767 951.386 672.15 1605.835 276.184 3780.518 7.935 -40.588 847.321 -16.785 618.591 250.244 128.937 1003.418 201.263 542.145 294.037 -21.973 1266.327 -4989.624 -97.351 58.289 757.141 9.46 38.3 992.737 283.966 482.33 418.549 160.065 -699.158 305.481 418.091 98.267 93.384 648.499 2511.597 2288.971 实验室 1 074
4451633 4851 2025/12/24 15:00:51 P15 0 0 0 0 0 0 0 77.82 299.988 951.691 673.37 1606.293 276.489 3778.992 2.747 104.523 844.116 -16.632 617.523 250.244 127.564 1003.876 200.806 542.908 293.884 -22.583 1266.479 -4988.403 -98.877 58.441 751.038 10.223 38.757 993.652 284.119 481.262 417.328 157.776 -699.31 306.091 417.786 103.607 97.351 649.872 2509.766 2288.208 实验室 1 074
4451634 4851 2025/12/24 15:00:52 P15 0 0 0 0 0 0 0 77.972 300.751 951.386 672.76 1607.056 276.184 3780.365 -7.782 281.372 849.762 -16.327 617.676 249.939 128.632 1003.723 200.806 543.366 293.884 -22.278 1266.632 -4988.556 -52.032 59.357 763.245 10.071 39.063 993.652 284.119 481.567 417.786 158.386 -698.09 305.939 417.786 104.065 90.179 648.041 2510.834 2283.63 实验室 1 074
4451635 4851 2025/12/24 15:00:53 P15 0 0 0 0 0 0 0 76.752 301.361 952.606 673.065 1605.988 275.879 3782.501 12.512 301.361 845.337 -16.632 617.676 250.397 126.19 1003.265 201.416 542.908 293.884 -22.43 1266.479 -4988.251 -51.27 59.814 788.727 9.46 39.063 993.652 283.356 482.025 418.091 161.133 -699.31 306.244 417.786 97.809 99.64 648.193 2512.207 2292.48 实验室 1 074
4451636 4851 2025/12/24 15:00:54 P15 0 0 0 0 0 0 0 76.599 301.819 952.759 673.218 1605.682 279.388 3779.755 30.518 143.127 833.13 -16.022 618.134 249.634 128.021 1003.876 200.501 543.06 293.427 -21.973 1267.242 -4987.641 -68.512 62.103 762.634 8.85 38.452 993.347 284.729 481.567 417.938 157.929 -699.31 305.481 417.786 99.792 95.673 647.583 2510.681 2287.75 实验室 1 074
4451637 4851 2025/12/24 15:00:55 P15 0 0 0 0 0 0 0 76.904 302.277 952.911 672.607 1606.293 277.405 3780.06 43.64 50.049 845.642 -16.479 617.981 250.092 127.411 1003.571 200.043 542.908 293.274 -21.82 1266.022 -4989.472 -73.395 60.12 770.111 9.003 38.147 993.5 284.729 482.788 417.786 158.386 -699.005 305.939 417.633 92.468 95.52 650.787 2510.529 2288.513 实验室 1 074
4451638 4851 2025/12/24 15:00:56 P15 0 0 0 0 0 0 0 77.209 300.598 953.217 672.302 1606.14 277.252 3779.144 38.3 126.343 844.116 -15.717 617.828 249.939 127.869 1003.876 200.348 543.823 293.274 -21.515 1266.785 -4991.455 -62.103 59.357 788.879 9.155 38.452 994.263 284.576 482.178 418.243 157.623 -698.09 305.786 418.091 113.983 102.234 648.499 2510.834 2288.818 实验室 1 074
4451639 4851 2025/12/24 15:00:57 P15 0 0 0 0 0 0 0 77.209 300.598 953.217 672.302 1606.14 277.252 3779.144 38.3 126.343 844.116 -15.717 617.828 249.939 127.869 1003.876 200.348 543.823 293.274 -21.515 1266.785 -4991.455 -62.103 59.357 788.879 9.155 38.452 994.263 284.576 482.178 418.243 157.623 -698.09 305.786 418.091 113.983 102.234 648.499 2510.834 2288.818 实验室 1 074
4451640 4851 2025/12/24 15:00:58 P15 0 0 0 0 0 0 0 78.125 299.683 953.522 674.133 1607.208 276.032 3780.06 24.414 -5.798 850.83 -16.785 617.218 249.023 127.106 1003.265 200.043 544.434 292.664 -21.973 1266.327 -4989.624 -44.403 61.34 789.795 11.444 39.368 993.652 283.966 481.873 418.091 154.724 -697.632 306.549 418.549 102.692 92.316 648.804 2510.376 2290.955 实验室 1 074
4451641 4851 2025/12/24 15:00:59 P15 0 0 0 0 0 0 0 77.209 301.056 954.132 672.913 1605.682 276.794 3780.823 28.992 -160.217 847.778 -16.785 618.134 249.786 128.937 1004.028 200.348 543.366 292.969 -21.362 1266.632 -4988.251 -31.586 58.136 807.648 11.139 39.215 993.195 283.356 482.178 417.786 157.929 -696.869 305.328 417.633 104.828 99.335 647.125 2511.597 2288.666 实验室 1 074
4451642 4851 2025/12/24 15:01:00 P15 0 0 0 0 0 0 0 77.209 298.004 953.827 673.828 1606.445 275.726 3779.449 11.749 -179.443 855.103 -16.785 617.676 250.092 128.632 1004.028 199.738 543.518 292.358 -22.278 1266.479 -4989.929 -57.831 60.883 820.313 10.376 39.215 993.195 284.119 482.178 418.243 157.318 -697.327 306.091 417.481 111.694 92.621 650.635 2510.071 2287.903 实验室 1 074
4451643 4851 2025/12/24 15:01:01 P15 0 0 0 0 0 0 0 77.209 300.598 955.963 673.981 1605.835 275.574 3779.755 -7.629 -141.449 850.83 -15.869 617.523 249.939 128.174 1003.876 200.501 544.128 292.511 -21.973 1266.785 -4989.166 -16.022 59.509 843.353 9.918 37.842 993.652 284.271 482.025 418.854 153.656 -699.31 306.397 417.328 106.964 97.198 650.482 2510.376 2286.987 实验室 1 074
4451644 4851 2025/12/24 15:01:02 P15 0 0 0 0 0 0 0 77.972 300.446 955.505 673.218 1606.903 276.184 3779.449 26.703 83.771 846.252 -16.327 617.371 249.634 126.038 1003.418 198.975 543.823 292.358 -22.583 1265.869 -4987.945 -40.131 58.899 797.424 9.46 38.91 994.568 284.119 482.483 418.549 158.234 -700.378 305.634 417.633 114.441 97.046 653.534 2510.986 2289.429 实验室 1 074
4451645 4851 2025/12/24 15:01:03 P15 0 0 0 0 0 0 0 76.447 297.546 956.574 673.218 1605.988 276.337 3779.755 3.967 131.531 847.321 -16.174 617.065 249.023 128.937 1002.96 198.669 543.976 292.053 -21.973 1266.327 -4988.708 -49.133 59.204 774.231 10.071 38.452 993.652 283.814 482.178 418.701 157.471 -698.853 305.786 417.328 98.267 95.52 648.346 2510.986 2288.971 实验室 1 074
4451646 4851 2025/12/24 15:01:04 P15 0 0 0 0 0 0 0 77.362 302.734 955.811 672.607 1605.988 276.337 3781.433 46.387 125.122 836.487 -16.479 617.065 249.329 128.479 1003.418 199.89 545.349 291.901 -22.125 1267.09 -4988.708 -62.408 60.577 768.585 9.918 38.605 993.652 284.119 481.262 418.701 156.097 -699.463 305.328 417.633 104.981 94.604 648.193 2511.902 2288.208 实验室 1 074
4451647 4851 2025/12/24 15:01:05 P15 0 0 0 0 0 0 0 76.752 301.361 956.726 673.065 1606.293 275.269 3780.518 20.294 170.898 840.149 -16.937 616.913 249.634 128.326 1002.502 199.585 544.891 291.901 -21.667 1266.174 -4990.082 -28.687 59.052 793.152 10.223 38.147 993.805 283.966 482.178 419.159 158.997 -697.937 305.328 417.786 104.523 96.436 647.888 2511.444 2289.581 实验室 1 074
4451648 4851 2025/12/24 15:01:06 P15 0 0 0 0 0 0 0 75.684 305.634 956.421 672.913 1605.53 274.963 3779.907 38.605 91.858 840.454 -16.479 617.065 249.023 128.937 1003.265 198.822 544.128 292.358 -22.43 1265.717 -4988.098 -38.757 59.662 808.563 10.223 38.605 994.568 283.966 483.398 419.159 159.149 -698.395 305.786 417.481 102.081 92.773 646.668 2511.597 2290.802 实验室 1 074
4451649 4851 2025/12/24 15:01:07 P15 0 0 0 0 0 0 0 77.057 302.734 956.574 674.133 1606.445 276.489 3779.907 5.188 30.518 841.827 -16.174 617.218 249.786 128.632 1002.502 198.517 545.96 292.053 -22.736 1266.174 -4989.929 -45.166 60.425 802.918 9.766 38.605 994.415 284.729 482.941 419.006 156.403 -698.395 305.634 417.328 101.624 98.724 650.024 2511.292 2286.072 实验室 1 074
4451650 4851 2025/12/24 15:01:08 P15 0 0 0 0 0 0 0 76.904 301.666 958.557 672.76 1606.903 275.879 3779.297 25.024 102.692 839.539 -16.327 617.676 249.481 129.089 1002.96 198.517 546.112 292.358 -22.278 1266.632 -4988.861 -36.163 58.594 776.367 9.46 38.452 995.026 284.424 482.636 419.922 157.471 -698.7 305.634 416.87 98.877 95.062 651.856 2511.292 2288.361 实验室 1 074
4451651 4851 2025/12/24 15:01:09 P15 0 0 0 0 0 0 0 76.294 301.209 956.879 673.523 1605.988 276.184 3782.349 39.215 57.068 850.525 -15.869 617.523 249.634 128.784 1002.96 198.212 545.807 292.206 -22.278 1266.022 -4988.098 -53.101 62.103 767.365 10.223 38.147 995.026 283.203 483.398 419.159 157.166 -698.7 305.634 417.175 109.253 93.384 648.346 2512.054 2288.513 实验室 1 074
4451652 4851 2025/12/24 15:01:10 P15 0 0 0 0 0 0 0 76.141 303.955 957.336 673.065 1606.14 275.574 3779.449 21.362 137.482 832.52 -16.479 616.76 249.329 129.089 1003.265 198.212 545.044 291.596 -21.973 1266.632 -4988.861 -39.215 62.714 772.705 9.918 38.757 995.941 284.424 483.398 419.464 160.675 -699.31 305.328 420.685 112 81.177 649.567 2510.376 2292.48 实验室 1 074
4451653 4851 2025/12/24 15:01:11 P15 0 0 0 0 0 0 0 75.989 299.072 957.794 673.37 1606.903 276.032 3782.806 26.855 221.405 840.607 -16.479 616.608 249.329 129.242 1004.028 197.907 545.807 290.68 -21.973 1265.259 -4988.708 -70.801 57.373 778.351 10.986 38.452 995.789 283.966 482.636 419.006 157.318 -698.242 306.549 417.023 102.997 95.52 643.616 2511.292 2290.497 实验室 1 074
4451654 4851 2025/12/24 15:01:12 P15 0 0 0 0 0 0 0 76.752 301.666 958.71 673.218 1606.598 275.269 3778.839 17.7 242.92 839.844 -16.479 615.845 249.634 129.395 1002.808 197.449 545.502 291.748 -22.736 1267.09 -4990.082 -99.335 57.678 800.476 10.376 37.994 995.941 283.814 483.551 419.617 157.623 -698.7 306.397 417.328 103.455 95.978 653.381 2510.529 2288.971 实验室 1 074
4451655 4851 2025/12/24 15:01:13 P15 0 0 0 0 0 0 0 76.447 300.293 958.71 674.439 1607.056 275.726 3780.365 38.757 227.051 845.642 -17.395 616.15 249.786 129.7 1003.723 197.907 545.349 290.833 -22.278 1266.632 -4988.861 -98.572 59.204 789.185 10.376 39.215 995.483 283.966 483.398 420.38 158.081 -698.09 305.786 417.175 99.792 95.215 650.024 2510.529 2286.835 实验室 1 074
4451656 4851 2025/12/24 15:01:14 P15 0 0 0 0 0 0 0 76.752 301.819 959.015 674.439 1606.903 275.574 3781.281 9.308 255.432 831.909 -17.09 616.608 249.329 130.005 1003.113 197.449 546.265 291.443 -21.82 1266.327 -4991.303 -130.31 61.188 792.694 9.613 39.215 995.178 283.966 483.246 419.312 158.997 -695.19 306.244 416.87 106.201 86.365 648.499 2511.444 2287.75 实验室 1 074
4451657 4851 2025/12/24 15:01:15 P15 0 0 0 0 0 0 0 76.294 302.429 959.778 674.133 1606.445 275.116 3779.907 4.12 177.765 833.74 -16.479 617.523 249.329 129.395 1002.96 197.449 545.807 290.833 -21.82 1266.479 -4991.303 -78.125 57.22 785.828 9.766 38.757 995.178 284.119 483.856 419.006 161.743 -697.479 305.939 416.565 105.896 98.114 648.193 2510.681 2288.208 实验室 1 074
4451658 4851 2025/12/24 15:01:16 P15 0 0 0 0 0 0 0 76.752 301.361 958.557 673.981 1606.445 275.726 3779.755 35.095 151.978 836.334 -16.937 616.455 248.261 129.547 1002.655 196.838 545.502 290.68 -22.278 1265.564 -4988.708 -60.12 57.373 777.13 8.545 38.452 996.704 284.576 483.551 419.922 158.386 -697.327 306.702 416.412 106.964 96.283 645.142 2510.986 2289.124 实验室 1 074
4451659 4851 2025/12/24 15:01:17 P15 0 0 0 0 0 0 0 74.615 302.582 960.236 673.828 1606.14 275.879 3780.518 47.302 72.021 836.945 -16.632 616.303 249.481 129.242 1002.655 196.838 545.654 290.527 -21.82 1266.479 -4990.54 -68.359 59.052 780.487 10.529 38.147 995.789 283.508 483.551 419.617 160.523 -696.411 308.38 417.175 106.049 89.722 648.193 2511.444 2289.124 实验室 1 074
4451660 4851 2025/12/24 15:01:18 P15 0 0 0 0 0 0 0 76.752 299.835 960.693 673.828 1607.056 275.116 3780.823 9.918 5.341 839.539 -16.632 616.608 248.566 129.395 1002.502 196.075 546.265 290.07 -22.125 1267.242 -4988.708 -76.904 60.425 782.623 10.681 39.368 996.552 283.661 484.161 419.617 158.844 -696.411 305.939 417.023 102.844 95.062 652.161 2511.597 2291.107 实验室 1 074
4451661 4851 2025/12/24 15:01:19 P15 0 0 0 0 0 0 0 75.989 301.819 959.778 673.676 1607.056 276.489 3780.67 21.362 -48.523 836.792 -16.632 617.065 248.871 130.31 1002.197 195.77 546.112 290.527 -21.21 1266.022 -4989.624 -45.471 59.662 782.166 10.223 39.368 995.789 284.424 483.856 419.769 159.454 -697.327 305.786 417.481 101.624 95.52 648.956 2512.054 2288.513 实验室 1 074
4451662 4851 2025/12/24 15:01:20 P15 0 0 0 0 0 0 0 76.141 305.023 960.541 673.828 1607.819 276.184 3779.297 17.7 -56.763 842.743 -16.785 616.455 248.413 129.242 1003.265 195.923 547.638 289.917 -20.294 1267.09 -4988.708 -14.191 62.256 782.318 9.918 38.3 997.009 284.119 483.704 420.227 158.691 -698.09 306.091 417.328 109.1 98.572 649.109 2510.223 2289.886 实验室 1 074
4451663 4851 2025/12/24 15:01:21 P15 0 0 0 0 0 0 0 76.752 301.666 960.541 674.286 1607.513 275.421 3781.738 38.91 2.899 850.22 -16.479 616.303 249.023 129.547 1002.502 195.618 547.485 290.222 -21.82 1265.869 -4987.488 19.531 60.73 762.787 9.46 38.605 996.094 283.508 484.161 419.922 157.166 -697.784 306.549 416.87 108.032 93.689 649.414 2510.529 2289.581 实验室 1 074
4451664 4851 2025/12/24 15:01:22 P15 0 0 0 0 0 0 0 77.209 301.971 961.151 673.828 1607.208 275.269 3779.907 24.109 64.392 848.084 -16.022 616.455 247.955 130.31 1002.502 195.618 547.028 289.917 -23.041 1265.717 -4989.166 43.182 62.714 752.564 9.918 38.757 996.857 282.745 484.009 420.075 157.929 -696.564 305.786 417.023 102.844 95.673 649.414 2510.681 2290.039 实验室 1 074
4451665 4851 2025/12/24 15:01:23 P15 0 0 0 0 0 0 0 76.141 302.582 960.388 673.676 1607.361 275.726 3781.433 59.052 56.915 840.302 -16.479 617.676 248.718 129.547 1003.723 196.381 547.485 289.612 -21.057 1266.327 -4989.166 -35.706 65.613 805.817 10.986 38.605 995.636 283.966 484.161 420.075 158.997 -697.327 305.634 416.565 107.727 94.604 648.804 2511.292 2287.75 实验室 1 074
4451666 4851 2025/12/24 15:01:24 P15 0 0 0 0 0 0 0 76.294 301.056 962.677 674.133 1607.056 275.269 3780.67 -5.188 78.43 850.678 -16.632 616.15 249.023 130.615 1003.418 195.923 547.028 289.612 -21.515 1267.395 -4989.929 -50.201 59.204 815.888 9.613 39.215 997.162 283.661 483.398 419.922 156.86 -698.7 306.091 417.023 106.049 96.13 649.414 2511.444 2289.886 实验室 1 074
4451667 4851 2025/12/24 15:01:25 P15 0 0 0 0 0 0 0 76.294 302.734 961.304 673.523 1607.056 275.421 3780.365 14.191 -0.916 853.882 -16.785 615.997 247.955 130.158 1002.35 195.313 548.248 290.68 -21.82 1265.717 -4987.335 -54.932 59.357 806.58 9.918 38.605 995.483 283.661 484.467 420.227 157.776 -698.242 304.871 417.328 104.37 98.114 646.515 2511.444 2288.513 实验室 1 074
4451668 4851 2025/12/24 15:01:26 P15 0 0 0 0 0 0 0 75.226 306.549 962.372 673.828 1606.445 275.269 3780.212 7.324 -66.528 849.152 -15.259 616.455 248.718 129.7 1002.35 196.686 548.248 290.07 -22.888 1265.411 -4988.708 -44.403 60.12 797.882 9.766 38.605 996.552 284.119 484.772 420.38 156.403 -697.632 305.786 416.565 104.523 93.536 650.33 2510.223 2289.886 实验室 1 074
4451669 4851 2025/12/24 15:01:27 P15 0 0 0 0 0 0 0 76.141 298.767 961.914 674.439 1607.056 274.2 3781.281 1.984 -49.591 848.541 -16.785 616.455 248.871 130.463 1003.113 195.618 547.943 289.459 -23.041 1266.022 -4989.472 -65.613 61.951 786.285 10.223 38.757 996.552 283.051 484.314 420.075 158.234 -697.784 306.244 416.107 105.286 95.215 649.262 2510.986 2289.734 实验室 1 074
4451670 4851 2025/12/24 15:01:28 P15 0 0 0 0 0 0 0 76.141 298.767 961.914 674.439 1607.056 274.2 3781.281 1.984 -49.591 848.541 -16.785 616.455 248.871 130.463 1003.113 195.618 547.943 289.459 -23.041 1266.022 -4989.472 -65.613 61.951 786.285 10.223 38.757 996.552 283.051 484.314 420.075 158.234 -697.784 306.244 416.107 105.286 95.215 649.262 2510.986 2289.734 实验室 1 074
4451671 4851 2025/12/24 15:01:29 P15 0 0 0 0 0 0 0 76.294 298.92 962.067 673.676 1607.819 275.726 3780.06 4.12 6.256 838.471 -16.022 615.845 249.329 130.463 1002.655 194.855 548.401 288.696 -21.82 1265.106 -4989.929 -107.269 56.763 769.959 9.613 38.147 997.162 283.966 484.619 420.532 157.776 -698.7 305.481 416.26 101.624 95.825 651.093 2510.376 2288.513 实验室 1 074
4451672 4851 2025/12/24 15:01:30 P15 0 0 0 0 0 0 0 75.989 305.481 962.524 673.218 1606.75 276.337 3779.297 27.771 -6.104 846.71 -16.479 615.692 247.955 130.615 1002.96 194.855 548.096 289.917 -21.515 1265.869 -4989.014 -86.67 60.883 761.566 10.071 38.3 997.009 284.119 484.009 420.227 159.302 -697.784 306.244 416.87 107.88 97.198 653.076 2510.529 2289.276 实验室 1 074
4451673 4851 2025/12/24 15:01:31 P15 0 0 0 0 0 0 0 76.447 300.293 963.287 673.676 1607.513 274.506 3779.297 1.068 47.607 844.116 -17.09 616.455 249.023 130.768 1002.35 195.465 548.096 288.849 -22.583 1266.174 -4989.166 -46.387 59.204 758.209 11.597 38.605 997.162 282.898 484.467 420.227 160.217 -693.359 305.786 416.718 98.724 99.335 649.872 2510.376 2291.26 实验室 1 074
4451674 4851 2025/12/24 15:01:32 P15 0 0 0 0 0 0 0 76.141 303.04 962.982 673.523 1607.056 275.879 3779.907 38.91 91.4 845.184 -16.785 615.54 249.329 130.463 1002.655 195.313 548.554 289.154 -21.362 1265.564 -4988.708 -23.651 61.34 756.226 10.529 38.3 997.467 283.356 484.619 420.227 159.912 -694.733 305.634 416.87 98.877 93.231 650.482 2510.376 2290.344 实验室 1 074
4451675 4851 2025/12/24 15:01:33 P15 0 0 0 0 0 0 0 76.904 304.108 963.44 673.523 1607.056 275.269 3780.823 -10.986 140.381 839.386 -16.174 615.692 249.634 130.463 1001.74 194.244 548.554 289.917 -21.057 1265.717 -4988.556 -32.654 57.678 759.583 10.376 38.147 997.315 283.814 485.077 419.922 160.828 -692.596 305.634 416.87 102.081 102.844 652.771 2510.986 2289.886 实验室 1 074
4451676 4851 2025/12/24 15:01:34 P15 0 0 0 0 0 0 0 75.684 301.971 963.593 673.981 1607.666 275.116 3780.212 4.12 226.288 839.233 -16.479 617.065 249.176 131.531 1002.502 193.939 549.469 289.154 -22.583 1265.411 -4987.488 -50.659 51.88 752.258 10.071 38.91 996.857 283.508 484.467 420.227 158.081 -692.139 306.091 416.26 99.792 97.809 650.177 2510.529 2289.124 实验室 1 074
4451677 4851 2025/12/24 15:01:35 P15 0 0 0 0 0 0 0 75.989 303.345 965.118 673.523 1606.598 274.658 3779.144 54.779 276.184 845.49 -16.632 615.997 249.023 130.768 1002.502 194.702 549.011 288.849 -22.888 1265.717 -4989.624 -45.471 60.12 781.25 12.512 37.994 997.925 283.966 484.619 420.99 156.097 -693.207 305.481 417.023 98.419 97.046 651.245 2510.681 2289.276 实验室 1 074
4451678 4851 2025/12/24 15:01:36 P15 0 0 0 0 0 0 0 76.141 301.666 965.729 673.828 1607.666 275.116 3779.755 24.872 291.29 846.71 -16.327 615.692 248.566 130.463 1002.96 194.855 549.011 288.239 -21.515 1265.869 -4990.845 -14.343 61.035 784.149 10.223 39.978 997.772 283.661 484.161 420.685 157.929 -692.139 305.634 415.955 97.656 93.689 647.125 2511.139 2288.971 实验室 1 074
4451679 4851 2025/12/24 15:01:37 P15 0 0 0 0 0 0 0 75.378 302.429 963.898 673.828 1607.056 274.811 3779.907 32.349 162.201 853.729 -17.242 616.76 247.498 131.226 1002.197 193.939 549.164 289.307 -22.125 1266.174 -4989.319 -19.989 59.509 784.302 9.918 38.757 997.772 282.898 484.619 421.448 158.081 -692.596 306.244 415.955 104.065 90.637 653.687 2510.529 2289.124 实验室 1 074
4451680 4851 2025/12/24 15:01:38 P15 0 0 0 0 0 0 0 75.073 301.971 964.508 673.828 1607.513 274.963 3780.823 5.951 145.264 844.879 -16.479 615.845 248.108 131.989 1003.418 193.939 550.385 288.391 -21.667 1265.259 -4989.014 12.36 58.136 778.809 10.529 39.063 998.535 283.356 484.924 421.143 158.234 -693.97 305.786 416.412 108.185 95.825 650.482 2511.444 2289.581 实验室 1 074
4451681 4851 2025/12/24 15:01:39 P15 0 0 0 0 0 0 0 74.615 299.988 964.966 672.913 1607.361 275.879 3780.06 22.736 58.136 840.302 -16.327 616.455 248.413 130.31 1002.808 193.024 550.079 288.391 -21.667 1265.717 -4980.774 14.343 56.915 790.863 9.766 38.757 998.077 283.508 485.84 422.363 159.302 -693.665 305.786 416.107 107.269 97.656 648.804 2510.681 2287.292 实验室 1 074
4451682 4851 2025/12/24 15:01:40 P15 0 0 0 0 0 0 0 76.294 301.819 964.813 673.218 1607.208 274.811 3780.518 9.155 30.06 847.168 -16.479 615.082 249.786 131.378 1002.502 194.244 549.622 287.781 -21.973 1266.479 -4990.387 -5.951 58.746 792.999 11.444 39.368 998.077 283.508 484.924 421.448 158.081 -693.512 305.176 416.87 112.305 106.049 649.719 2511.444 2292.48 实验室 1 074
4451683 4851 2025/12/24 15:01:41 P15 0 0 0 0 0 0 0 75.684 302.277 965.576 673.065 1607.819 274.048 3782.501 39.063 52.643 837.402 -16.479 616.15 248.413 130.92 1002.808 194.092 550.079 287.933 -22.583 1266.174 -4990.997 -2.747 60.577 803.528 10.986 38.605 997.772 283.508 485.535 421.295 160.828 -694.122 305.786 416.107 102.997 98.572 651.55 2511.444 2288.208 实验室 1 074
4451684 4851 2025/12/24 15:01:42 P15 0 0 0 0 0 0 0 75.226 302.582 965.729 673.676 1607.666 275.269 3781.586 30.518 55.237 842.438 -16.937 615.54 247.65 130.92 1002.197 193.024 551.148 288.086 -21.82 1265.717 -4989.319 9.766 60.425 777.893 10.376 38.757 998.23 284.119 485.382 420.99 158.234 -694.275 305.939 415.802 103.76 101.624 649.262 2511.902 2284.088 实验室 1 074
4451685 4851 2025/12/24 15:01:43 P15 0 0 0 0 0 0 0 75.836 303.803 964.966 674.133 1607.056 275.574 3780.518 11.597 169.83 837.097 -17.395 615.54 247.955 131.531 1001.74 192.719 551.453 287.781 -22.736 1265.717 -4988.556 25.482 58.136 779.877 10.223 38.91 998.84 284.119 485.382 421.295 157.013 -693.207 305.786 415.344 103.76 97.809 647.583 2512.817 2287.75 实验室 1 074
4451686 4851 2025/12/24 15:01:44 P15 0 0 0 0 0 0 0 75.684 301.819 965.729 672.913 1607.513 274.658 3780.518 14.343 192.261 840.302 -16.937 616.15 247.955 131.073 1002.502 192.871 549.774 288.086 -21.973 1265.564 -4989.776 41.351 59.662 801.849 10.071 38.605 998.077 283.508 485.992 422.363 158.691 -697.327 305.634 415.955 97.046 97.809 650.635 2511.292 2288.055 实验室 1 074
4451687 4851 2025/12/24 15:01:45 P15 0 0 0 0 0 0 0 76.294 307.159 966.339 673.523 1607.971 274.506 3780.212 44.556 97.656 843.353 -16.632 614.777 247.65 131.531 1002.197 192.566 550.537 287.781 -21.667 1265.869 -4988.861 16.479 62.256 789.642 10.376 39.215 998.535 283.508 485.535 421.448 158.081 -697.632 305.786 415.192 108.643 98.877 657.196 2511.444 2288.818 实验室 1 074
4451688 4851 2025/12/24 15:01:46 P15 0 0 0 0 0 0 0 75.226 307.312 966.797 673.065 1607.666 274.048 3780.518 11.292 19.684 840.912 -16.632 615.387 247.498 131.531 1002.808 193.481 550.842 287.476 -22.125 1265.259 -4987.945 -12.207 58.441 785.37 9.918 39.063 998.077 284.271 485.84 421.295 160.065 -695.648 305.176 415.955 110.626 97.656 649.719 2511.597 2289.581 实验室 1 074
4451689 4851 2025/12/24 15:01:47 P15 0 0 0 0 0 0 0 75.378 303.803 965.881 674.133 1607.971 274.506 3781.281 16.327 45.776 848.084 -16.174 615.845 247.955 131.531 1002.502 192.566 550.232 287.628 -21.21 1266.022 -4990.387 -13.123 59.052 816.803 9.46 38.91 999.146 283.814 485.535 421.448 158.386 -696.106 305.634 414.581 106.964 92.773 650.635 2512.054 2290.497 实验室 1 074
4451690 4851 2025/12/24 15:01:48 P15 0 0 0 0 0 0 0 76.294 307.465 966.797 673.523 1608.124 274.2 3779.602 -2.136 99.792 839.081 -16.174 615.234 247.192 131.378 1001.587 192.108 551.3 287.933 -22.583 1265.411 -4991.76 -36.926 60.73 815.125 10.376 38.757 999.756 283.966 485.84 421.753 155.182 -696.411 306.397 415.039 113.983 98.419 650.33 2510.986 2289.581 实验室 1 074
4451691 4851 2025/12/24 15:01:49 P15 0 0 0 0 0 0 0 75.684 303.497 966.95 673.065 1607.971 275.269 3780.975 40.588 139.16 843.506 -16.632 615.082 248.566 131.836 1002.197 191.803 551.3 288.239 -22.736 1265.106 -4987.793 10.376 59.967 785.523 9.918 38.605 999.298 283.203 485.687 421.753 159.76 -695.801 307.312 414.734 106.049 98.572 649.567 2510.529 2290.039 实验室 1 074
4451692 4851 2025/12/24 15:01:50 P15 0 0 0 0 0 0 0 76.141 306.702 967.102 673.065 1607.971 274.811 3781.281 -25.94 176.697 846.863 -15.869 615.54 247.955 131.378 1001.434 191.803 551.91 288.696 -21.82 1264.648 -4987.335 22.888 63.171 769.348 9.918 38.3 999.756 283.508 485.84 421.143 160.37 -695.343 305.634 415.649 112.152 90.332 646.973 2511.597 2289.429 实验室 1 074
4451693 4851 2025/12/24 15:01:51 P15 0 0 0 0 0 0 0 75.531 303.955 967.255 673.218 1607.666 274.658 3779.907 -5.798 207.52 846.1 -16.479 614.929 248.108 131.836 1002.197 192.108 552.673 286.713 -21.973 1265.411 -4990.082 23.804 59.509 772.247 9.766 38.605 999.908 283.356 486.298 421.753 157.166 -696.411 305.786 415.192 112.152 95.978 650.024 2511.139 2293.243 实验室 1 074
4451694 4851 2025/12/24 15:01:52 P15 0 0 0 0 0 0 0 75.989 301.514 968.628 673.065 1607.208 274.353 3780.67 36.011 184.784 848.694 -16.327 615.387 247.803 131.836 1002.96 192.108 551.758 286.865 -21.973 1265.869 -4989.929 39.063 60.272 778.961 9.766 38.757 999.451 283.508 485.992 421.906 159.302 -695.953 305.328 416.107 100.25 96.13 648.651 2511.444 2288.666 实验室 1 074
4451695 4851 2025/12/24 15:01:53 P15 0 0 0 0 0 0 0 75.378 302.277 968.781 673.065 1609.192 274.658 3780.823 10.681 136.871 846.1 -17.09 615.234 247.955 132.446 1001.587 192.261 551.453 288.086 -21.667 1264.648 -4990.234 73.853 59.814 779.877 9.918 38.757 999.298 283.356 485.992 422.363 159.912 -694.885 305.634 415.955 102.081 93.384 653.229 2511.597 2288.513 实验室 1 074
4451696 4851 2025/12/24 15:01:54 P15 0 0 0 0 0 0 0 75.684 303.65 968.475 673.828 1607.971 273.285 3779.297 37.689 0 847.015 -16.785 615.692 247.345 132.294 1002.197 192.108 551.758 288.086 -22.278 1265.564 -4989.166 68.359 58.136 793.152 9.918 38.757 999.451 283.508 485.687 421.906 159.149 -695.953 306.549 415.344 107.727 90.485 651.093 2510.376 2288.818 实验室 1 074
4451697 4851 2025/12/24 15:01:55 P15 0 0 0 0 0 0 0 75.989 303.803 969.391 672.913 1607.819 278.32 3782.043 30.518 19.379 839.539 -16.937 615.082 247.65 131.989 1002.35 190.888 552.521 287.018 -22.125 1266.022 -4989.472 34.79 61.493 800.476 10.223 39.063 999.756 283.051 486.45 422.211 158.386 -695.038 305.786 415.039 102.539 99.64 653.229 2511.902 2289.581 实验室 1 074
4451698 4851 2025/12/24 15:01:56 P15 0 0 0 0 0 0 0 75.531 302.887 968.933 673.37 1608.582 275.269 3779.449 18.616 102.081 834.656 -15.869 614.624 247.192 131.683 1001.74 191.498 552.826 286.865 -21.362 1265.106 -4989.776 17.7 62.408 772.553 10.376 38.757 1000.366 282.745 485.84 422.058 157.318 -695.038 305.786 415.649 105.133 97.351 650.94 2510.376 2288.361 实验室 1 074
4451699 4851 2025/12/24 15:01:57 P15 0 0 0 0 0 0 0 75.378 305.176 968.628 672.76 1608.276 274.963 3779.907 1.831 73.7 829.62 -15.564 614.777 247.955 131.683 1001.434 191.04 553.131 286.865 -21.515 1265.259 -4988.556 9.918 60.12 779.572 10.834 38.757 999.603 284.424 486.603 422.363 155.029 -694.428 305.786 415.344 102.997 102.234 656.586 2511.292 2290.344 实验室 1 074
4451700 4851 2025/12/24 15:01:58 P15 0 0 0 0 0 0 0 75.378 305.176 968.628 672.76 1608.276 274.963 3779.907 1.831 73.7 829.62 -15.564 614.777 247.955 131.683 1001.434 191.04 553.131 286.865 -21.515 1265.259 -4988.556 9.918 60.12 779.572 10.834 38.757 999.603 284.424 486.603 422.363 155.029 -694.428 305.786 415.344 102.997 102.234 656.586 2511.292 2290.344 实验室 1 074
4451701 4851 2025/12/24 15:01:59 P15 0 0 0 0 0 0 0 75.836 302.582 969.849 672.913 1607.666 273.285 3779.907 32.043 66.986 841.065 -16.632 614.319 245.056 132.904 1003.113 191.04 552.673 286.865 -22.583 1265.869 -4989.166 -12.665 60.577 790.71 10.376 39.215 998.84 283.051 486.45 421.906 162.964 -694.733 305.786 415.649 108.948 102.997 649.567 2510.376 2290.039 实验室 1 074
4451702 4851 2025/12/24 15:02:00 P15 0 0 0 0 0 0 0 76.294 305.786 968.475 672.607 1608.734 274.2 3780.06 52.643 -34.332 853.577 -16.632 614.624 246.887 132.294 1001.892 190.735 553.589 285.95 -21.515 1265.106 -4989.166 -6.256 60.577 787.354 10.376 39.063 999.908 283.051 486.603 422.363 160.37 -695.19 305.939 414.734 94.757 96.893 653.076 2510.223 2290.192 实验室 1 074
4451703 4851 2025/12/24 15:02:01 P15 0 0 0 0 0 0 0 75.073 308.533 968.628 672.455 1608.124 273.895 3780.823 -4.12 -76.294 838.776 -16.785 614.777 247.65 131.989 1001.74 190.277 553.436 286.408 -22.125 1265.106 -4990.387 8.087 59.662 775.604 9.003 38.605 999.756 283.356 486.755 423.126 156.86 -694.733 305.176 414.887 98.724 99.487 651.856 2511.902 2281.494 实验室 1 074
4451704 4851 2025/12/24 15:02:02 P18 0 0 0 0 0 0 0 74.921 302.887 968.781 671.845 1607.819 274.353 3779.755 40.588 23.499 848.846 -17.242 614.014 247.65 131.836 1001.587 191.04 553.894 285.797 -22.278 1266.785 -4989.014 20.294 61.035 771.484 10.376 39.52 999.908 282.898 486.145 422.058 160.065 -694.122 305.023 415.649 104.675 100.555 651.55 2510.223 2293.396 实验室 1 074
4451705 4851 2025/12/24 15:02:03 P18 0 0 0 0 0 0 0 75.378 305.176 969.849 671.692 1607.971 274.353 3780.06 31.281 119.324 837.402 -16.174 614.166 247.04 131.836 1001.74 189.972 553.131 286.102 -21.21 1264.648 -4989.472 -0.153 70.038 762.329 10.071 38.452 999.298 283.356 487.824 422.363 158.691 -694.428 305.786 415.039 111.084 90.942 645.142 2512.36 2289.734 实验室 1 074
4451706 4851 2025/12/24 15:02:04 P18 0 0 0 0 0 0 0 75.531 304.565 969.391 672.913 1607.819 274.963 3781.433 15.106 146.942 840.759 -16.937 613.709 247.65 132.446 1002.197 189.972 554.047 286.255 -21.362 1264.801 -4988.861 -2.441 59.509 775.604 10.529 38.757 1000.214 282.898 486.45 422.211 160.217 -693.817 305.786 415.344 103.607 97.961 650.94 2511.749 2288.055 实验室 1 074
4451707 4851 2025/12/24 15:02:05 P18 0 0 0 0 0 0 0 75.226 305.634 969.086 672.302 1607.819 273.895 3781.738 85.297 124.512 843.658 -16.174 614.624 247.04 132.141 1001.892 189.972 554.199 285.797 -22.278 1264.954 -4990.387 10.376 60.577 759.277 10.376 39.063 999.603 283.814 486.755 422.821 158.997 -694.733 307.007 415.344 102.081 98.419 651.55 2511.749 2288.513 实验室 1 074
4451708 4851 2025/12/24 15:02:06 P18 0 0 0 0 0 0 0 75.531 303.345 970.306 672.302 1607.971 274.811 3780.365 52.948 122.528 847.931 -16.022 614.624 246.582 132.446 1002.197 189.209 554.657 285.797 -21.667 1265.411 -4989.624 23.956 59.052 745.392 10.376 38.91 1001.74 283.661 486.755 422.821 158.234 -694.58 305.176 415.955 102.539 101.013 652.313 2511.292 2290.955 实验室 1 074
4451709 4851 2025/12/24 15:02:07 P18 0 0 0 0 0 0 0 73.547 302.734 970.612 672.607 1608.734 274.353 3779.755 35.4 130.768 830.536 -16.327 615.54 248.261 132.599 1002.808 190.277 554.504 285.492 -21.973 1267.242 -4988.708 -11.139 57.526 752.869 9.918 39.063 1000.214 283.051 487.213 423.431 160.37 -692.596 305.481 415.039 102.081 97.351 663.605 2510.071 2287.292 实验室 1 074
4451710 4851 2025/12/24 15:02:08 P18 0 0 0 0 0 0 0 75.226 304.718 971.222 672.76 1609.497 274.506 3779.907 38.757 118.256 839.233 -16.174 614.777 246.277 132.752 1002.35 190.43 555.725 287.628 -20.905 1266.022 -4990.387 -40.741 62.714 790.558 9.918 38.605 1001.282 284.119 487.061 436.707 158.691 -688.324 308.533 414.734 97.809 92.468 652.771 2511.139 2290.344 实验室 1 074
4451711 4851 2025/12/24 15:02:09 P18 0 0 0 0 0 0 0 75.226 303.345 970.917 668.182 1609.039 274.048 3781.281 45.624 99.945 845.642 -16.479 614.014 246.735 133.362 1001.434 189.667 554.81 288.849 -18.005 1265.259 -4988.556 -61.188 59.814 808.258 10.223 39.825 1004.944 282.593 487.671 443.115 159.302 -677.948 312.805 413.818 101.318 94.299 655.975 2511.902 2289.429 实验室 1 074
4451712 4851 2025/12/24 15:02:10 P18 0 0 0 0 0 0 0 75.684 302.734 970.154 652.924 1609.497 275.269 3780.518 30.06 115.662 839.081 -16.785 613.098 247.955 133.209 1001.74 188.904 554.962 290.68 -15.259 1264.343 -4988.861 -37.842 60.73 781.708 10.376 39.978 1010.59 283.356 488.281 442.2 157.013 -675.507 314.026 414.429 99.945 102.234 648.193 2511.292 2289.124 实验室 1 074
4451713 4851 2025/12/24 15:02:11 P18 0 0 0 0 0 0 0 74.768 303.345 971.832 628.357 1608.124 276.794 3779.907 25.177 106.506 828.705 -16.632 612.183 247.192 132.904 1002.502 188.904 555.725 291.748 -12.97 1265.564 -4988.403 -38.147 62.103 772.095 10.986 38.3 1016.846 282.898 491.333 438.69 158.997 -665.283 312.653 413.818 103.302 97.046 650.482 2510.834 2291.87 实验室 1 074
4451714 4851 2025/12/24 15:02:12 P18 0 0 0 0 0 0 0 75.531 312.958 970.764 602.57 1607.819 278.626 3779.907 14.191 -11.139 836.487 -15.717 611.877 250.397 133.209 1004.333 189.972 556.03 292.664 -13.428 1269.226 -4987.945 -28.992 58.441 760.04 10.529 39.063 1020.966 282.898 495.911 432.892 159.149 -667.114 311.127 414.734 104.523 93.689 648.956 2510.376 2289.886 实验室 1 074
4451715 4851 2025/12/24 15:02:13 P18 0 0 0 0 0 0 0 76.599 327.911 972.595 575.562 1605.53 280.914 3781.128 34.18 -45.166 835.114 -17.242 611.725 255.585 134.583 1010.132 189.514 557.098 291.29 -13.428 1274.719 -4990.082 -29.755 56.915 753.632 9.766 39.978 1024.78 283.814 502.472 427.551 160.523 -646.21 308.685 414.124 108.337 101.013 648.346 2512.054 2288.361 实验室 1 074
4451716 4851 2025/12/24 15:02:14 P18 0 0 0 0 0 0 0 77.972 352.325 975.8 553.894 1598.969 281.677 3779.602 15.717 -73.7 836.334 -16.937 612.793 263.977 135.193 1020.203 190.43 559.845 289.154 -13.886 1284.485 -4989.776 -70.953 57.983 753.326 10.071 39.368 1028.137 284.119 507.355 420.99 162.659 -612.335 306.702 413.208 103.149 100.25 643.768 2510.376 2288.818 实验室 1 074
4451717 4851 2025/12/24 15:02:15 P18 0 0 0 0 0 0 0 78.735 392.456 980.835 531.311 1588.44 283.661 3779.449 11.444 -16.327 840.302 -16.632 614.929 275.421 137.024 1035.919 190.43 563.049 287.628 -16.327 1299.133 -4988.861 -77.057 59.052 768.585 10.376 38.452 1027.985 285.339 510.712 415.344 164.795 -578.766 301.666 411.987 106.201 93.536 642.853 2510.681 2290.039 实验室 1 074
4451718 4851 2025/12/24 15:02:16 P18 0 0 0 0 0 0 0 79.651 439.911 984.955 512.543 1574.249 285.034 3779.907 19.226 91.858 835.571 -16.479 618.134 287.17 137.787 1054.382 190.735 568.695 284.271 -16.479 1316.071 -4989.014 -116.425 60.577 753.937 10.071 36.774 1026.306 287.628 511.322 409.699 162.048 -558.624 297.394 405.884 101.776 93.994 622.864 2511.444 2289.124 实验室 1 074
4451719 4851 2025/12/24 15:02:17 P18 0 0 0 0 0 0 0 80.566 470.581 992.279 495.911 1556.091 283.508 3779.907 31.128 149.078 833.283 -15.564 621.948 295.868 138.55 1067.047 190.582 572.51 281.22 -18.616 1330.109 -4989.776 -114.746 59.662 736.694 9.003 37.079 1024.78 288.696 507.965 405.579 163.879 -545.654 292.358 392.609 101.929 96.436 603.027 2511.444 2289.886 实验室 1 074
4451720 4851 2025/12/24 15:02:18 P18 0 0 0 0 0 0 0 79.956 483.551 998.993 479.584 1535.645 282.593 3780.518 24.719 127.716 836.182 -15.564 624.085 300.446 139.771 1071.93 191.345 577.698 277.863 -19.531 1343.079 -4989.624 -124.512 59.814 704.651 9.613 36.011 1020.66 287.781 503.082 401.001 165.71 -543.823 286.408 376.892 103.149 95.978 559.54 2511.597 2289.276 实验室 1 074
4451721 4851 2025/12/24 15:02:19 P18 0 0 0 0 0 0 0 81.024 477.142 1003.113 463.562 1512.909 278.626 3785.706 -1.068 195.16 838.165 -15.869 620.728 302.124 139.771 1070.404 190.888 582.123 274.048 -22.125 1352.692 -4989.319 -102.692 60.73 668.03 10.529 37.231 1016.693 285.645 496.674 396.118 171.814 -547.638 281.83 358.582 100.403 96.283 513.611 2510.376 2289.276 实验室 1 074
4451722 4851 2025/12/24 15:02:20 P18 0 0 0 0 0 0 0 80.261 455.627 1008.301 446.625 1489.258 275.421 3780.212 -18.768 257.416 833.283 -16.174 614.319 302.582 141.296 1062.317 192.566 586.548 270.844 -24.719 1358.185 -4989.472 -87.585 60.272 666.504 10.223 39.063 1011.963 282.593 489.044 392.609 170.136 -555.115 276.337 337.067 107.575 88.196 464.325 2509.155 2289.581 实验室 1 074
4451723 4851 2025/12/24 15:02:21 P18 0 0 0 0 0 0 0 80.719 423.584 1012.421 431.213 1462.402 272.369 3779.602 55.084 385.895 832.52 -16.785 605.011 302.124 140.381 1049.652 191.956 588.379 267.181 -26.245 1361.542 -4990.997 -93.842 61.493 619.507 11.139 39.215 1007.233 275.574 481.873 390.472 170.288 -562.897 270.538 318.298 99.64 94.147 419.312 2510.376 2291.565 实验室 1 074
4451724 4851 2025/12/24 15:02:22 P18 0 0 0 0 0 0 0 80.872 384.064 1014.404 416.565 1436.157 267.792 3780.212 47.302 512.543 841.675 -16.479 592.957 299.377 140.991 1034.088 192.108 591.126 263.519 -30.06 1359.558 -4989.776 -61.951 65.002 611.725 9.766 36.774 1002.808 269.623 472.26 384.827 168.61 -583.801 265.808 298.767 104.828 90.027 376.434 2510.986 2291.87 实验室 1 074
4451725 4851 2025/12/24 15:02:23 P18 0 0 0 0 0 0 0 80.566 345.764 1014.862 401.459 1408.539 265.808 3780.365 61.951 643.616 832.52 -17.242 580.597 297.241 140.686 1016.388 192.261 591.278 260.162 -29.907 1355.743 -4989.472 -47.455 60.883 603.333 10.071 32.043 996.246 263.367 464.172 381.775 171.814 -582.275 260.315 281.525 105.438 93.536 341.95 2511.597 2288.361 实验室 1 074
4451726 4851 2025/12/24 15:02:24 P18 0 0 0 0 0 0 0 79.803 289.307 1017.761 387.726 1380.92 261.383 3778.992 70.343 778.961 832.825 -17.242 565.643 294.952 140.381 998.077 191.803 591.126 254.364 -33.569 1351.166 -4989.014 -62.714 59.204 588.532 10.071 25.33 991.211 257.568 455.17 378.723 171.661 -591.278 256.653 264.587 102.234 93.536 317.841 2510.529 2290.192 实验室 1 074
4451727 4851 2025/12/24 15:02:25 P18 0 0 0 0 0 0 0 80.109 244.904 1017.456 375.519 1353.607 257.721 3780.06 112.305 858.154 834.503 -16.937 551.3 292.206 140.686 978.699 190.888 590.515 252.838 -34.027 1342.163 -4989.472 -20.752 61.035 558.472 10.376 19.989 985.26 250.244 445.709 374.146 169.983 -599.976 252.533 248.718 102.844 96.13 290.07 2511.292 2291.87 实验室 1 074
4451728 4851 2025/12/24 15:02:26 P18 0 0 0 0 0 0 0 79.498 203.095 1017.151 360.718 1324.921 254.974 3781.738 96.893 842.59 832.367 -17.395 535.736 289.764 140.991 958.252 191.04 587.463 250.092 -35.4 1332.55 -4988.403 -5.951 62.561 562.744 10.529 14.038 979.614 243.225 437.012 372.009 170.593 -607.452 248.871 234.68 106.812 98.572 269.165 2510.681 2289.276 实验室 1 074
4451729 4851 2025/12/24 15:02:27 P18 0 0 0 0 0 0 0 80.414 177.612 1016.083 347.595 1296.539 251.617 3781.586 94.91 677.338 830.689 -16.632 519.867 286.255 139.313 937.805 190.735 585.327 246.277 -36.316 1321.564 -4988.861 36.316 61.493 539.703 10.223 7.629 973.969 238.037 428.009 368.805 167.084 -614.166 246.582 220.642 108.337 100.708 248.566 2511.597 2288.971 实验室 1 074
4451730 4851 2025/12/24 15:02:28 P18 0 0 0 0 0 0 0 79.498 163.574 1013.489 336.304 1266.785 249.481 3781.128 84.839 676.27 829.773 -17.548 505.524 283.508 138.702 917.206 190.43 581.207 243.53 -35.248 1309.357 -4991.303 88.501 59.662 536.194 10.681 4.12 968.628 230.56 420.075 365.906 166.473 -619.049 242.004 209.656 106.812 98.419 226.746 2511.444 2289.429 实验室 1 074
4451731 4851 2025/12/24 15:02:29 P18 0 0 0 0 0 0 0 79.041 166.321 1011.963 324.097 1239.777 245.056 3779.755 106.354 678.101 825.653 -17.548 492.096 280.762 138.092 898.743 191.04 576.63 240.631 -31.738 1296.082 -4989.319 127.106 60.425 588.226 9.308 2.441 961.914 224.915 412.14 362.549 166.168 -624.847 239.41 198.822 109.863 98.877 216.37 2510.681 2289.124 实验室 1 074
4451732 4851 2025/12/24 15:02:30 P18 0 0 0 0 0 0 0 79.041 166.321 1011.963 324.097 1239.777 245.056 3779.755 106.354 678.101 825.653 -17.548 492.096 280.762 138.092 898.743 191.04 576.63 240.631 -31.738 1296.082 -4989.319 127.106 60.425 588.226 9.308 2.441 961.914 224.915 412.14 362.549 166.168 -624.847 239.41 198.822 109.863 98.877 216.37 2510.681 2289.124 实验室 1 074
4451733 4851 2025/12/24 15:02:31 P18 0 0 0 0 0 0 0 78.43 176.392 1009.674 313.11 1211.09 242.462 3780.212 112.763 584.259 837.402 -17.395 477.905 278.015 137.634 880.432 190.735 570.526 237.427 -22.583 1282.501 -4990.082 203.552 59.357 614.471 11.292 -0.458 956.574 218.658 404.663 360.718 166.016 -625.763 236.359 189.667 99.487 96.283 209.045 2509.766 2289.886 实验室 1 074
4451734 4851 2025/12/24 15:02:32 P18 0 0 0 0 0 0 0 78.43 194.55 1006.47 301.819 1183.319 239.258 3782.196 111.542 525.36 833.435 -16.785 464.63 274.963 136.719 860.748 191.65 565.186 232.849 -7.629 1267.242 -4989.166 240.784 60.425 608.673 10.376 -1.221 950.165 212.708 397.186 357.666 163.422 -631.867 233.765 179.291 105.743 93.536 193.787 2513.428 2288.818 实验室 1 074
4451735 4851 2025/12/24 15:02:33 P18 0 0 0 0 0 0 0 78.125 213.165 1004.639 291.138 1153.717 235.291 3783.264 120.239 500.488 839.691 -17.7 452.118 273.285 136.871 843.201 191.803 558.014 232.849 15.411 1251.831 -4990.387 270.538 55.695 606.69 10.529 -1.984 943.756 207.214 390.167 355.225 162.506 -635.681 231.018 171.204 102.081 90.027 186.462 2511.597 2288.666 实验室 1 074
4451736 4851 2025/12/24 15:02:34 P18 0 0 0 0 0 0 0 78.125 233.765 999.756 280.304 1125.793 234.833 3780.975 105.438 540.924 824.585 -16.785 439.758 270.386 135.651 825.348 191.498 552.521 229.645 48.37 1235.504 -4988.556 241.547 60.272 578.613 9.308 -1.984 939.484 202.026 383.606 352.936 163.727 -638.733 228.882 163.879 98.572 90.942 173.34 2511.444 2288.666 实验室 1 074
4451737 4851 2025/12/24 15:02:35 P18 0 0 0 0 0 0 0 77.82 239.258 997.925 272.217 1099.548 231.323 3779.755 96.741 539.856 830.078 -17.395 428.619 268.097 134.43 810.7 192.261 545.654 227.203 87.28 1220.703 -4988.861 281.372 60.425 569.153 10.223 -1.221 932.922 197.601 377.502 351.41 159.149 -641.174 226.44 157.471 108.948 97.046 166.168 2510.529 2289.886 实验室 1 074
4451738 4851 2025/12/24 15:02:36 P18 0 0 0 0 0 0 0 78.583 244.904 992.737 263.214 1073.456 228.729 3780.67 94.604 462.952 818.329 -17.548 417.938 265.198 133.82 794.983 191.956 539.246 226.135 125.122 1204.224 -4989.014 281.22 58.899 591.736 10.376 -1.221 926.666 193.634 372.315 348.511 156.25 -642.09 224.304 149.994 108.49 94.299 159.607 2510.681 2285.309 实验室 1 074
4451739 4851 2025/12/24 15:02:37 P18 0 0 0 0 0 0 0 77.057 245.972 987.854 254.822 1045.532 226.746 3781.586 93.079 401.611 821.533 -17.242 408.02 262.604 134.43 778.809 191.956 532.074 222.778 171.661 1186.981 -4990.082 252.686 61.798 578.919 11.139 -0.305 921.783 188.599 365.753 346.527 152.13 -644.226 222.321 145.264 107.117 96.741 150.147 2511.597 2288.055 实验室 1 074
4451740 4851 2025/12/24 15:02:38 P18 0 0 0 0 0 0 0 76.752 242.31 985.26 244.904 1019.592 224.304 3781.586 69.58 423.737 819.397 -17.09 399.17 260.315 133.209 764.313 192.261 525.818 220.642 219.421 1171.417 -4987.793 265.503 60.12 585.327 10.529 0.153 914.917 183.868 360.565 344.391 151.062 -646.057 220.337 139.008 108.032 93.842 145.874 2511.292 2290.039 实验室 1 074
4451741 4851 2025/12/24 15:02:39 P18 0 0 0 0 0 0 0 76.599 237.427 980.682 235.748 993.347 221.71 3781.433 125.58 339.05 811.462 -17.242 389.099 258.026 131.989 751.038 192.566 518.189 219.116 265.808 1154.938 -4985.81 255.127 59.967 586.548 11.139 0 909.424 180.969 355.53 342.56 152.893 -646.668 218.353 135.498 99.64 95.367 143.28 2511.902 2289.429 实验室 1 074
4451742 4851 2025/12/24 15:02:40 P18 0 0 0 0 0 0 0 77.057 232.849 977.936 226.746 970.001 220.184 3779.755 115.814 353.088 811.005 -16.937 379.944 256.043 131.073 738.068 191.956 512.238 216.827 314.026 1136.932 -4987.793 302.277 60.12 613.709 11.292 0.763 904.541 177.46 351.257 340.424 150.147 -648.651 216.37 129.547 104.218 96.893 132.446 2510.986 2285.156 实验室 1 074
4451743 4851 2025/12/24 15:02:41 P18 0 0 0 0 0 0 0 77.362 226.593 974.884 220.337 945.892 217.59 3780.975 108.49 377.35 812.073 -16.632 372.467 258.484 130.92 725.708 192.413 504.761 214.539 344.849 1119.385 -4990.082 297.546 60.272 623.474 10.071 1.526 905.304 173.645 346.832 337.982 149.384 -649.109 215.454 125.58 104.37 94.452 131.989 2512.207 2289.124 实验室 1 074
4451744 4851 2025/12/24 15:02:42 P18 0 0 0 0 0 0 0 76.447 222.321 969.849 211.487 920.868 214.539 3781.586 124.054 291.901 803.528 -16.327 363.922 251.465 130.31 713.806 192.566 498.2 212.86 335.999 1104.431 -4988.098 308.228 59.814 649.567 10.529 1.373 894.775 169.83 342.56 336.151 147.705 -651.245 213.165 121.765 100.861 92.773 127.564 2510.834 2289.124 实验室 1 074
4451745 4851 2025/12/24 15:02:43 P18 0 0 0 0 0 0 0 75.836 218.658 967.102 205.383 897.369 212.25 3780.823 104.523 249.634 797.424 -17.09 356.751 250.855 130.005 702.057 193.176 490.723 210.724 287.476 1087.646 -4990.997 296.783 62.103 670.776 10.834 2.441 889.13 166.473 338.44 334.778 144.501 -648.804 211.639 119.324 100.25 96.588 139.618 2510.376 2289.124 实验室 1 074
4451746 4851 2025/12/24 15:02:44 P18 0 0 0 0 0 0 0 75.836 216.37 961.456 199.28 874.176 210.877 3782.043 85.449 272.369 802.002 -17.7 349.731 247.803 128.784 690.765 193.024 485.687 209.503 230.713 1070.404 -4989.014 364.838 59.662 688.477 10.681 2.441 883.789 164.185 335.999 332.794 145.264 -651.703 209.503 113.983 101.166 98.114 119.934 2512.054 2292.48 实验室 1 074
4451747 4851 2025/12/24 15:02:45 P18 0 0 0 0 0 0 0 75.531 213.928 957.642 192.108 853.272 209.351 3780.365 86.823 289.154 804.291 -16.479 342.712 246.429 127.411 680.695 192.566 480.042 207.977 168.61 1053.772 -4988.556 395.66 62.714 706.787 10.681 2.594 878.601 160.98 331.116 330.353 142.975 -652.161 208.588 110.626 106.506 97.809 117.798 2510.986 2288.208 实验室 1 074
4451748 4851 2025/12/24 15:02:46 P18 0 0 0 0 0 0 0 75.684 211.639 953.369 185.547 831.909 206.604 3780.06 53.711 218.964 785.523 -16.174 335.999 245.361 127.411 670.319 193.176 473.633 206.146 113.831 1038.361 -4988.098 352.631 61.493 696.259 10.986 3.204 874.481 158.386 328.369 329.132 144.196 -652.008 207.062 107.269 106.964 95.062 119.324 2510.834 2289.581 实验室 1 074
4451749 4851 2025/12/24 15:02:47 P18 0 0 0 0 0 0 0 74.615 210.724 950.623 178.986 810.394 206.299 3780.518 75.378 226.746 801.392 -17.548 331.421 243.683 126.801 661.011 193.939 468.292 204.773 64.24 1022.949 -4989.319 377.655 61.035 674.896 10.834 2.747 870.056 155.182 324.249 327.759 143.28 -652.161 205.383 105.438 103.76 84.991 116.73 2511.139 2289.581 实验室 1 074
4451750 4851 2025/12/24 15:02:48 P18 0 0 0 0 0 0 0 75.836 209.961 948.029 172.882 790.558 204.01 3781.433 68.512 300.293 793.152 -16.937 324.249 240.936 126.19 652.161 193.787 462.189 202.179 27.161 1006.775 -4989.014 353.241 59.509 667.267 11.139 3.052 864.41 151.672 321.045 325.928 139.313 -653.076 204.926 101.776 103.607 98.877 112 2511.597 2288.361 实验室 1 074
4451751 4851 2025/12/24 15:02:49 P18 0 0 0 0 0 0 0 74.921 208.893 942.993 167.236 770.111 202.026 3782.043 98.877 243.378 790.558 -16.785 318.756 239.716 127.258 643.311 193.634 456.696 201.721 4.578 990.448 -4989.014 384.369 61.34 684.509 11.292 3.51 859.68 150.604 317.535 324.402 140.686 -653.381 203.095 99.182 100.708 91.4 112.457 2511.597 2289.581 实验室 1 074
4451752 4851 2025/12/24 15:02:50 P18 0 0 0 0 0 0 0 74.768 208.283 940.399 161.285 750.732 200.043 3780.518 74.31 97.198 789.642 -16.327 313.568 238.342 126.495 634.46 194.244 451.66 199.738 -2.899 976.563 -4991.15 390.625 61.188 690.002 11.597 3.815 854.492 148.01 315.247 323.029 138.55 -652.618 201.569 96.741 96.436 90.332 111.542 2511.444 2288.513 实验室 1 074
4451753 4851 2025/12/24 15:02:51 P18 0 0 0 0 0 0 0 75.073 207.977 936.279 156.555 732.117 199.28 3779.602 86.517 97.046 782.013 -16.632 308.685 236.816 125.122 626.068 194.55 447.235 198.975 1.221 961.456 -4989.929 421.448 58.899 674.133 11.139 3.662 850.983 145.721 312.347 321.045 138.855 -654.297 201.111 94.757 94.452 88.806 111.084 2509.766 2291.107 实验室 1 074
4451754 4851 2025/12/24 15:02:52 P18 0 0 0 0 0 0 0 74.463 207.672 933.533 150.604 714.417 198.364 3781.281 83.008 104.065 785.675 -16.327 304.108 235.901 124.207 618.286 195.007 442.2 197.601 14.648 946.503 -4989.319 433.655 59.662 669.251 10.986 1.373 845.947 143.433 310.059 320.74 136.414 -653.534 198.517 92.468 100.708 93.231 105.133 2512.207 2285.309 实验室 1 074
4451755 4851 2025/12/24 15:02:53 P18 0 0 0 0 0 0 0 74.31 207.52 929.871 146.484 696.869 196.533 3781.586 110.016 79.041 784.912 -16.632 299.53 234.833 123.749 610.199 196.075 437.317 196.991 33.875 932.312 -4988.556 456.238 58.441 679.627 10.986 2.899 841.98 140.991 308.228 319.061 134.888 -653.992 197.907 90.637 98.572 88.348 102.387 2510.986 2292.175 实验室 1 074
4451756 4851 2025/12/24 15:02:54 P18 0 0 0 0 0 0 0 74.463 207.672 925.903 141.144 679.779 193.787 3782.806 56.305 52.795 780.029 -17.7 294.19 232.849 122.681 602.417 196.075 432.282 195.465 48.828 917.969 -4991.607 488.434 59.357 630.493 10.681 2.747 838.013 139.465 304.871 317.383 132.904 -655.518 196.838 88.043 100.861 93.231 99.792 2510.834 2288.666 实验室 1 074
4451757 4851 2025/12/24 15:02:55 P18 0 0 0 0 0 0 0 74.768 207.062 923.309 136.566 663.605 192.413 3782.043 49.896 53.558 772.553 -16.937 289.764 231.476 122.833 596.161 196.075 428.619 193.634 62.103 904.541 -4990.54 460.968 61.798 631.256 12.207 3.052 834.198 137.024 301.971 315.857 133.057 -654.297 196.075 86.365 93.689 91.4 100.403 2511.139 2287.903 实验室 1 074
4451758 4851 2025/12/24 15:02:56 P18 0 0 0 0 0 0 0 74.005 207.825 920.563 132.294 647.125 192.261 3780.212 81.177 172.882 773.163 -16.479 285.797 230.866 121.918 587.921 196.533 424.805 193.634 69.427 891.571 -4988.708 430.298 60.577 636.444 11.444 2.594 828.552 136.108 300.751 315.552 132.599 -653.839 194.855 84.839 96.741 91.858 99.64 2510.834 2288.208 实验室 1 074
4451759 4851 2025/12/24 15:02:57 P18 0 0 0 0 0 0 0 73.395 208.435 916.443 127.564 632.629 190.277 3781.433 45.776 212.402 774.689 -16.174 282.44 229.797 120.85 581.818 196.533 420.532 191.498 71.869 878.143 -4988.251 366.669 59.204 668.335 11.292 2.747 825.958 134.43 297.546 312.958 134.277 -656.128 193.481 83.008 98.877 93.231 98.572 2511.444 2288.666 实验室 1 074
4451760 4851 2025/12/24 15:02:58 P18 0 0 0 0 0 0 0 74.005 207.672 912.933 124.054 617.218 189.209 3779.907 85.297 187.073 774.536 -17.7 278.626 227.509 121.765 576.172 196.838 416.565 191.04 70.953 865.784 -4989.929 336.151 59.509 700.531 10.834 3.204 821.228 132.141 295.563 312.042 131.683 -654.755 192.413 81.635 101.013 90.027 97.198 2510.681 2290.039 实验室 1 074
4451761 4851 2025/12/24 15:02:59 P18 0 0 0 0 0 0 0 74.005 207.672 912.933 124.054 617.218 189.209 3779.907 85.297 187.073 774.536 -17.7 278.626 227.509 121.765 576.172 196.838 416.565 191.04 70.953 865.784 -4989.929 336.151 59.509 700.531 10.834 3.204 821.228 132.141 295.563 312.042 131.683 -654.755 192.413 81.635 101.013 90.027 97.198 2510.681 2290.039 实验室 1 074
4451762 4851 2025/12/24 15:03:00 P18 0 0 0 0 0 0 0 74.005 208.13 910.797 120.85 603.027 188.599 3779.602 77.82 156.708 774.231 -17.09 274.2 226.593 120.392 569.458 196.838 412.445 189.209 66.681 852.509 -4989.472 347.9 58.899 685.425 11.292 2.441 818.024 130.31 293.121 310.822 129.395 -654.602 191.803 79.498 105.743 87.128 96.741 2510.376 2289.124 实验室 1 074
4451763 4851 2025/12/24 15:03:01 P18 0 0 0 0 0 0 0 73.242 207.977 907.898 115.509 587.463 186.157 3779.907 57.831 139.618 768.738 -17.09 271.149 225.83 119.934 563.507 197.754 408.02 188.294 62.103 841.98 -4989.624 372.925 58.441 691.071 11.749 2.594 813.599 129.089 291.596 309.448 131.226 -655.365 190.735 78.125 99.792 91.248 98.572 2510.986 2288.513 实验室 1 074
4451764 4851 2025/12/24 15:03:02 P18 0 0 0 0 0 0 0 73.547 209.045 904.083 111.542 574.951 186.157 3781.586 85.449 154.419 768.89 -17.7 267.181 224.304 119.934 557.861 198.669 405.579 187.988 57.068 829.62 -4989.014 400.543 59.814 664.978 11.292 2.747 810.547 128.021 289.764 308.38 130.31 -655.365 189.514 76.752 94.757 87.738 95.673 2511.749 2286.682 实验室 1 074
4451765 4851 2025/12/24 15:03:03 P18 0 0 0 0 0 0 0 72.937 208.283 902.1 107.88 561.676 184.021 3780.212 89.874 202.179 778.503 -16.479 264.282 223.389 119.019 552.063 198.517 401.459 187.531 53.253 817.871 -4988.708 411.072 59.814 651.703 10.834 2.441 805.969 126.953 287.781 307.922 129.852 -654.602 188.751 75.226 99.335 89.111 86.823 2510.681 2288.055 实验室 1 074
4451766 4851 2025/12/24 15:03:04 P18 0 0 0 0 0 0 0 72.937 207.825 898.438 104.065 550.537 181.885 3781.891 89.417 124.512 770.569 -16.632 261.231 223.236 118.256 547.028 198.822 397.339 185.242 48.523 807.648 -4989.472 397.492 60.272 658.875 12.665 2.136 802.612 124.97 286.713 305.786 131.226 -654.144 187.988 74.615 98.267 92.468 92.468 2511.597 2288.818 实验室 1 074
4451767 4851 2025/12/24 15:03:05 P18 0 0 0 0 0 0 0 73.853 209.045 895.233 101.166 537.109 181.274 3779.907 63.477 137.94 778.961 -17.09 257.874 222.321 118.256 541.534 199.127 394.592 185.242 46.997 796.661 -4988.403 417.786 61.951 660.095 12.054 1.526 799.408 123.291 283.966 305.023 127.258 -655.975 187.225 73.395 95.52 80.261 90.179 2511.292 2288.208 实验室 1 074
4451768 4851 2025/12/24 15:03:06 P18 0 0 0 0 0 0 0 73.242 209.198 892.792 98.114 525.665 180.054 3780.518 59.814 96.436 772.858 -16.937 254.517 220.184 117.95 536.804 199.585 392.304 183.411 44.098 785.523 -4989.014 391.388 60.73 672.913 10.986 1.373 796.509 122.07 281.982 303.65 123.444 -656.433 186.157 71.564 93.079 88.959 96.588 2510.529 2289.581 实验室 1 074
4451769 4851 2025/12/24 15:03:07 P18 0 0 0 0 0 0 0 72.632 209.351 890.503 94.604 515.137 178.68 3779.907 52.032 2.441 769.348 -16.479 252.075 220.49 116.425 531.464 199.89 389.252 182.8 41.962 776.062 -4989.776 385.437 61.798 681.763 10.986 1.526 792.236 120.85 280.151 302.429 126.648 -655.975 184.784 70.343 89.569 85.907 92.621 2510.376 2289.886 实验室 1 074
4451770 4851 2025/12/24 15:03:08 P18 0 0 0 0 0 0 0 73.09 209.656 887.146 91.095 502.93 177.765 3782.043 37.231 -4.272 768.585 -16.632 249.634 218.506 116.272 527.191 200.348 386.047 181.732 41.046 766.754 -4990.692 411.987 59.814 698.09 11.292 1.984 789.032 118.866 279.388 301.514 128.479 -655.975 184.631 70.343 91.705 89.111 89.874 2510.986 2287.14 实验室 1 074
4451771 4851 2025/12/24 15:03:09 P18 0 0 0 0 0 0 0 73.09 209.045 885.315 88.196 492.401 178.07 3781.738 33.875 -4.272 765.381 -17.09 246.887 216.98 116.272 522.461 201.569 387.268 181.885 40.894 756.989 -4988.403 390.472 61.34 718.689 12.054 1.221 785.828 117.798 277.405 301.514 124.817 -657.044 183.258 69.275 93.842 89.111 93.689 2511.444 2288.208 实验室 1 074
4451772 4851 2025/12/24 15:03:10 P18 0 0 0 0 0 0 0 72.479 208.893 882.721 85.754 482.483 175.934 3782.043 100.555 55.237 759.277 -17.395 244.293 216.827 115.662 518.189 201.721 380.096 180.664 39.978 747.223 -4988.403 389.71 62.561 728.912 11.292 1.831 782.166 116.425 275.574 299.377 124.512 -656.586 182.343 68.97 90.79 89.417 89.722 2511.597 2289.124 实验室 1 074
4451773 4851 2025/12/24 15:03:11 P18 0 0 0 0 0 0 0 72.021 209.656 880.585 82.703 472.107 174.866 3781.738 63.324 95.673 765.839 -16.327 241.242 217.438 115.204 513.611 201.263 377.655 179.596 39.063 738.678 -4989.166 360.87 60.73 716.248 12.36 0.763 780.64 115.509 274.2 299.988 124.664 -656.738 181.885 67.139 93.689 87.433 89.111 2511.444 2290.344 实验室 1 074
4451774 4851 2025/12/24 15:03:12 P18 0 0 0 0 0 0 0 72.174 209.503 877.991 80.109 463.562 173.492 3782.501 46.539 69.122 766.449 -16.785 239.41 214.844 114.746 509.033 202.484 374.451 180.359 38.147 730.286 -4988.251 362.549 60.577 688.629 11.444 1.831 773.926 115.509 272.064 297.394 128.479 -653.992 181.427 65.46 95.062 86.06 89.111 2512.36 2287.445 实验室 1 074
4451775 4851 2025/12/24 15:03:13 P18 0 0 0 0 0 0 0 72.021 210.419 874.939 77.82 453.796 173.34 3780.212 57.831 69.427 777.893 -17.395 237.885 213.928 115.356 505.676 202.332 373.688 177.918 37.994 721.893 -4989.014 381.47 60.73 690.308 11.292 0.916 774.231 112.61 270.691 296.631 125.122 -657.044 180.359 65.308 104.523 85.144 88.654 2511.139 2289.429 实验室 1 074
4451776 4851 2025/12/24 15:03:14 P18 0 0 0 0 0 0 0 72.632 209.656 872.955 75.836 445.099 172.424 3781.128 40.283 0.916 768.433 -16.785 233.917 213.318 114.288 501.556 203.247 370.483 177.765 37.842 713.348 -4990.082 397.034 59.509 674.591 11.444 2.747 770.264 112.61 270.386 296.021 125.122 -656.281 179.443 64.697 90.485 85.297 90.79 2510.834 2289.734 实验室 1 074
4451777 4851 2025/12/24 15:03:15 P18 0 0 0 0 0 0 0 71.716 210.114 870.819 72.784 436.249 171.204 3780.06 57.983 -17.548 765.686 -16.937 232.086 212.708 114.136 497.131 203.552 367.279 177.002 37.994 705.566 -4989.776 366.516 60.883 659.79 11.902 0.61 767.975 111.237 268.25 294.952 123.444 -655.823 178.528 64.392 92.621 83.16 88.501 2510.986 2290.344 实验室 1 074
4451778 4851 2025/12/24 15:03:16 P18 0 0 0 0 0 0 0 72.479 209.961 869.141 70.496 428.619 169.83 3780.212 44.098 5.646 772.553 -17.548 230.103 211.945 114.441 495.3 203.857 365.448 176.239 37.384 697.479 -4988.098 417.328 60.425 641.174 12.054 0.763 765.381 110.931 266.266 294.037 123.444 -656.128 178.375 62.714 89.264 85.754 91.858 2511.444 2290.039 实验室 1 074
4451779 4851 2025/12/24 15:03:17 P18 0 0 0 0 0 0 0 71.564 210.114 866.242 68.054 420.685 170.136 3781.738 33.875 19.226 767.67 -16.785 228.272 211.182 113.373 491.028 203.095 362.549 175.934 37.994 690.308 -4989.776 452.423 59.357 650.177 12.054 -0.153 762.024 109.406 266.266 293.579 122.681 -656.128 177.307 62.408 92.163 86.365 86.212 2512.207 2290.497 实验室 1 074
4451780 4851 2025/12/24 15:03:18 P18 0 0 0 0 0 0 0 72.479 211.029 865.021 66.376 412.293 168.304 3778.839 49.896 75.989 758.667 -16.479 225.525 209.961 112.915 487.824 204.315 360.87 175.171 37.231 684.052 -4989.624 407.715 59.662 663.452 12.054 0.61 760.498 108.185 264.282 292.053 124.207 -655.975 177.002 61.035 86.67 89.111 81.024 2510.376 2289.734 实验室 1 074
4451781 4851 2025/12/24 15:03:19 P18 0 0 0 0 0 0 0 72.327 210.266 861.816 65.308 406.799 167.389 3781.128 51.575 61.035 735.779 -16.937 223.694 210.877 111.542 483.856 204.62 358.887 174.408 36.926 676.422 -4989.319 407.715 61.035 647.583 11.444 -0.458 756.836 108.032 262.604 291.138 125.122 -655.975 176.544 60.12 97.351 89.722 83.923 2510.986 2290.344 实验室 1 074
4451782 4851 2025/12/24 15:03:20 P18 0 0 0 0 0 0 0 72.174 209.656 859.375 62.561 399.17 167.236 3782.043 55.542 63.934 765.076 -17.242 221.863 209.198 112 481.567 202.789 356.751 173.645 36.926 669.098 -4989.929 363.312 58.441 662.994 12.207 1.068 754.395 106.659 261.536 290.375 126.19 -656.281 175.934 59.814 96.13 92.926 85.449 2511.139 2289.734 实验室 1 074
4451783 4851 2025/12/24 15:03:21 P18 0 0 0 0 0 0 0 72.632 209.808 858.307 60.577 391.693 166.016 3781.738 4.12 109.406 762.177 -16.785 219.727 207.52 111.084 477.6 205.231 355.072 173.492 36.926 663.3 -4988.861 332.031 58.289 682.983 11.139 -0.763 751.953 106.201 261.078 290.07 123.749 -655.67 174.561 59.814 88.348 86.975 82.855 2511.597 2288.971 实验室 1 074
4451784 4851 2025/12/24 15:03:22 P18 0 0 0 0 0 0 0 72.784 210.419 854.34 57.983 385.284 164.795 3781.891 47.76 138.245 757.141 -16.632 217.743 207.214 111.084 475.006 205.536 352.478 172.424 36.774 655.365 -4988.556 376.282 56.763 703.735 11.902 0.305 749.054 105.286 259.399 288.544 124.054 -656.128 174.561 58.594 92.773 81.024 86.517 2511.902 2297.363 实验室 1 074
4451785 4851 2025/12/24 15:03:23 P18 0 0 0 0 0 0 0 72.479 211.945 852.051 58.594 377.35 165.253 3780.975 20.752 80.109 759.888 -16.327 216.37 206.757 109.863 471.191 206.451 351.257 172.577 36.926 650.177 -4989.319 445.252 59.814 695.038 11.597 -1.068 747.376 104.523 258.484 287.933 121.765 -656.281 173.492 57.983 90.942 89.264 81.482 2512.054 2291.107 实验室 1 074
4451786 4851 2025/12/24 15:03:24 P18 0 0 0 0 0 0 0 72.784 210.724 850.22 55.847 372.62 163.727 3780.06 51.27 75.226 765.533 -16.785 214.233 206.604 110.474 468.445 206.299 348.969 172.119 36.621 644.226 -4989.014 415.802 59.967 689.087 11.597 -0.153 745.087 103.455 257.111 287.17 125.885 -657.654 173.34 57.068 88.196 84.839 82.397 2510.986 2289.124 实验室 1 074
4451787 4851 2025/12/24 15:03:25 P18 0 0 0 0 0 0 0 71.411 212.097 847.931 52.795 365.906 163.574 3780.06 19.531 207.52 763.55 -16.327 212.555 205.231 109.1 465.546 206.909 346.68 171.967 36.621 638.123 -4988.708 426.941 59.204 697.479 12.207 -1.373 742.188 103.149 256.348 286.56 120.392 -656.128 172.577 57.831 86.06 88.348 82.245 2510.529 2288.513 实验室 1 074
4451788 4851 2025/12/24 15:03:26 P18 0 0 0 0 0 0 0 71.716 210.419 847.168 51.575 360.565 163.574 3781.433 59.509 156.708 762.94 -16.937 211.334 205.689 109.406 463.104 207.367 345.306 171.204 36.926 632.324 -4990.082 450.134 58.746 701.752 12.207 -1.221 739.288 101.624 254.364 286.408 123.444 -657.806 171.204 57.068 86.517 81.787 82.703 2512.054 2289.581 实验室 1 074
4451789 4851 2025/12/24 15:03:27 P18 0 0 0 0 0 0 0 71.869 209.961 845.032 50.507 354.767 162.506 3781.433 28.839 119.171 757.599 -17.395 209.656 204.468 108.948 459.595 208.13 342.712 174.866 35.4 626.526 -4990.54 435.791 57.678 698.242 11.749 -1.831 736.694 102.387 254.517 284.576 121.613 -657.196 171.204 55.847 91.858 85.297 84.839 2510.376 2289.429 实验室 1 074
4451790 4851 2025/12/24 15:03:28 P18 0 0 0 0 0 0 0 71.869 210.114 843.201 48.828 348.816 160.217 3780.212 38.91 89.111 757.904 -16.937 207.977 203.247 109.406 458.374 207.52 341.339 169.678 36.163 619.507 -4986.877 387.268 58.899 679.474 11.597 -1.068 735.169 101.013 252.38 284.119 122.223 -657.501 170.898 55.389 95.215 86.67 86.975 2511.139 2288.666 实验室 1 074
4451791 4851 2025/12/24 15:03:29 P18 0 0 0 0 0 0 0 72.021 210.266 840.454 47.607 344.391 160.37 3779.907 63.171 45.471 755.92 -17.09 206.451 202.637 108.032 455.17 207.977 339.813 169.373 35.858 616.76 -4989.166 386.2 60.73 670.319 12.36 -2.136 732.269 99.182 251.77 283.356 122.223 -657.654 169.83 54.779 91.4 83.771 82.397 2510.834 2289.276 实验室 1 074
4451792 4851 2025/12/24 15:03:30 P18 0 0 0 0 0 0 0 71.869 210.266 839.233 46.997 338.745 158.844 3781.738 26.398 37.842 747.07 -16.785 205.536 202.332 108.643 452.271 208.893 337.982 169.678 36.316 611.725 -4988.861 366.058 58.441 666.199 11.444 -1.678 730.286 99.03 250.549 282.44 123.596 -657.654 169.22 55.084 91.858 87.433 85.449 2512.36 2289.276 实验室 1 074
4451793 4851 2025/12/24 15:03:31 P18 0 0 0 0 0 0 0 71.564 209.961 837.097 45.471 333.405 158.386 3782.043 32.501 11.597 760.04 -16.327 204.468 201.874 108.185 450.44 209.198 335.999 169.373 35.706 606.995 -4990.845 377.045 59.204 662.231 8.24 -2.136 728.302 102.234 249.329 282.288 121.46 -657.654 168.457 54.474 88.654 85.754 81.787 2512.512 2289.124 实验室 1 074
4451794 4851 2025/12/24 15:03:32 P18 0 0 0 0 0 0 0 71.564 209.961 837.097 45.471 333.405 158.386 3782.043 32.501 11.597 760.04 -16.327 204.468 201.874 108.185 450.44 209.198 335.999 169.373 35.706 606.995 -4990.845 377.045 59.204 662.231 8.24 -2.136 728.302 102.234 249.329 282.288 121.46 -657.654 168.457 54.474 88.654 85.754 81.787 2512.512 2289.124 实验室 1 074
4451795 4851 2025/12/24 15:03:33 P18 0 0 0 0 0 0 0 71.564 210.877 838.013 43.945 330.505 159.454 3780.06 69.275 28.992 761.566 -16.174 202.637 201.721 107.88 447.846 208.74 335.236 168.304 35.4 601.654 -4990.997 380.402 59.814 655.06 11.902 -2.594 725.861 98.572 249.176 281.22 121.002 -656.891 167.999 53.864 82.55 83.618 83.466 2511.292 2288.818 实验室 1 074
4451796 4851 2025/12/24 15:03:34 P18 0 0 0 0 0 0 0 71.716 210.877 832.977 42.725 324.402 158.234 3779.907 36.621 14.496 760.498 -16.785 200.195 201.721 107.269 445.557 209.351 333.099 168.152 34.943 597.839 -4988.861 405.579 59.509 679.321 12.207 -2.136 723.877 97.198 248.108 280.762 118.866 -656.586 167.542 54.169 89.417 81.94 79.346 2511.139 2289.124 实验室 1 074
4451797 4851 2025/12/24 15:03:35 P18 0 0 0 0 0 0 0 71.869 210.114 830.536 41.351 320.129 156.403 3781.738 48.828 25.635 757.446 -17.548 199.89 200.195 106.812 443.115 209.961 331.116 167.542 34.79 593.414 -4989.624 410.919 59.662 706.94 12.054 -1.831 721.283 96.588 247.04 279.846 123.901 -657.959 166.779 53.406 88.501 80.872 81.482 2511.292 2288.971 实验室 1 074
4451798 4851 2025/12/24 15:03:36 P18 0 0 0 0 0 0 0 71.869 211.182 828.552 41.046 316.773 157.623 3781.128 41.504 102.081 761.108 -16.937 198.517 199.127 106.201 441.437 210.114 331.116 166.779 34.18 588.837 -4987.488 394.745 61.188 716.553 11.444 -2.289 720.215 95.52 245.667 278.626 121.918 -658.112 166.473 51.27 84.686 86.06 82.855 2510.834 2287.903 实验室 1 074
4451799 4851 2025/12/24 15:03:37 P18 0 0 0 0 0 0 0 71.106 210.419 827.332 39.368 311.585 156.403 3781.128 69.427 103.302 765.686 -16.174 197.144 199.89 105.743 439.148 210.114 328.064 166.931 34.18 584.412 -4988.708 380.096 59.967 698.242 11.597 -3.204 718.689 95.52 244.751 278.473 122.528 -657.501 165.863 53.253 88.348 82.092 85.602 2510.681 2288.818 实验室 1 074
4451800 4851 2025/12/24 15:03:38 P18 0 0 0 0 0 0 0 71.564 210.419 826.111 38.757 307.617 154.877 3782.196 38.452 60.12 759.735 -16.479 195.465 198.669 105.896 437.012 211.182 326.843 166.473 33.722 580.75 -4990.387 408.783 59.052 694.275 12.207 -3.052 715.942 94.604 244.751 277.252 120.697 -657.654 165.71 51.88 88.654 82.397 78.583 2512.512 2289.124 实验室 1 074
4451801 4851 2025/12/24 15:03:39 P18 0 0 0 0 0 0 0 71.411 210.266 823.059 37.231 304.108 154.419 3780.06 39.215 -61.493 762.177 -16.632 194.397 198.975 104.981 435.028 211.792 325.623 166.626 33.417 576.477 -4990.234 405.273 60.425 705.566 11.597 -3.052 713.501 94.452 243.378 276.337 119.171 -657.349 165.405 51.727 86.975 85.144 79.498 2509.766 2288.208 实验室 1 074
4451802 4851 2025/12/24 15:03:40 P18 0 0 0 0 0 0 0 71.106 210.724 822.449 35.095 300.446 154.114 3780.365 69.733 -65.765 763.702 -16.174 193.787 198.059 104.218 433.35 211.792 324.249 165.71 33.264 572.968 -4987.945 405.121 58.746 699.158 12.054 -2.899 711.67 94.147 242.92 276.489 121.307 -658.569 164.642 50.659 83.313 78.583 77.209 2511.292 2286.377 实验室 1 074
4451803 4851 2025/12/24 15:03:41 P18 0 0 0 0 0 0 0 71.716 210.419 820.313 35.248 296.326 153.046 3781.128 53.101 -108.643 756.226 -17.09 192.566 198.364 104.37 431.213 212.402 322.266 164.948 33.569 569 -4990.54 431.976 60.425 672.455 12.817 -3.204 709.686 92.621 241.394 275.116 119.629 -657.501 164.185 51.88 92.163 80.261 83.618 2510.071 2288.361 实验室 1 074
4451804 4851 2025/12/24 15:03:42 P18 0 0 0 0 0 0 0 72.479 210.266 818.481 35.706 292.969 152.588 3782.196 45.471 -35.553 755.158 -16.937 190.735 197.144 104.828 429.23 211.945 321.198 164.795 32.501 564.88 -4990.692 425.568 61.798 656.281 12.512 -2.289 707.398 92.621 240.326 274.506 118.103 -658.722 164.185 50.201 93.079 81.329 79.651 2511.444 2290.192 实验室 1 074
4451805 4851 2025/12/24 15:03:43 P18 0 0 0 0 0 0 0 71.564 209.808 816.345 33.569 290.07 153.198 3780.975 25.33 44.098 749.512 -16.937 190.735 197.144 104.065 427.551 212.402 320.129 164.948 32.654 561.218 -4990.997 399.628 60.883 673.065 12.054 -3.052 705.719 92.011 239.563 274.658 119.171 -656.891 162.659 50.201 85.449 88.348 79.346 2510.986 2290.497 实验室 1 074
4451806 4851 2025/12/24 15:03:44 P18 0 0 0 0 0 0 0 71.869 209.961 815.277 33.875 286.865 152.13 3782.043 26.703 97.198 756.836 -17.09 188.751 196.381 103.76 426.636 212.097 318.756 164.185 31.891 557.861 -4988.098 438.232 59.204 694.275 12.054 -2.136 703.583 91.4 238.19 273.285 119.934 -658.264 163.422 49.896 88.654 84.381 79.803 2511.444 2283.936 实验室 1 074
4451807 4851 2025/12/24 15:03:45 P18 0 0 0 0 0 0 0 72.174 209.503 813.599 33.112 283.508 151.978 3780.06 33.569 122.223 756.226 -17.548 187.683 195.77 104.218 423.889 213.013 317.993 164.185 31.281 553.894 -4988.098 410.461 58.289 716.095 12.36 -3.51 702.515 92.011 237.732 272.827 120.85 -658.264 162.201 49.591 87.128 80.414 78.735 2511.292 2289.734 实验室 1 074
4451808 4851 2025/12/24 15:03:46 P18 0 0 0 0 0 0 0 71.716 209.808 812.225 32.043 280.151 150.604 3782.654 56.152 107.575 764.465 -17.242 187.378 195.007 103.455 422.211 213.318 315.857 163.727 31.281 551.91 -4988.098 344.696 60.272 704.956 11.597 -3.967 699.921 90.332 236.664 271.606 118.866 -657.806 161.896 49.438 88.959 83.923 84.229 2511.292 2287.75 实验室 1 074
4451809 4851 2025/12/24 15:03:47 P18 0 0 0 0 0 0 0 70.953 210.724 810.394 32.349 277.405 148.773 3781.891 90.332 -21.362 761.414 -16.479 186.615 194.855 102.692 421.448 213.165 314.789 163.269 31.738 548.096 -4987.793 389.71 60.272 691.223 12.512 -3.662 698.09 90.027 236.206 271.301 118.713 -658.417 160.98 49.591 88.196 77.362 77.82 2511.597 2287.75 实验室 1 074
4451810 4851 2025/12/24 15:03:48 P18 0 0 0 0 0 0 0 72.021 209.961 809.937 30.518 275.421 149.078 3778.534 19.226 -14.496 761.108 -16.785 184.021 194.855 101.929 419.159 215.149 313.721 163.117 30.823 545.349 -4989.014 411.682 58.594 725.25 11.902 -3.967 696.564 89.874 235.901 270.538 119.934 -658.417 160.98 48.828 86.67 82.855 84.991 2515.717 2288.818 实验室 1 074
4451811 4851 2025/12/24 15:03:49 P18 0 0 0 0 0 0 0 71.411 209.808 807.953 30.06 271.606 148.315 3781.433 32.806 46.387 751.801 -16.937 183.716 195.618 102.387 417.938 214.386 311.585 162.659 31.891 542.603 -4989.472 399.628 49.438 727.081 12.36 -3.815 694.58 89.111 234.68 270.386 121.155 -657.806 160.217 49.286 86.823 82.245 78.125 2511.292 2289.276 实验室 1 074
4451812 4851 2025/12/24 15:03:50 P18 0 0 0 0 0 0 0 71.716 211.182 805.969 29.755 269.928 149.078 3782.043 34.637 -13.428 746.155 -16.632 182.953 193.481 101.166 415.955 214.844 311.127 162.659 31.891 539.246 -4989.776 349.884 57.068 687.866 11.139 -3.662 693.207 88.959 234.07 270.081 120.239 -657.349 159.912 49.133 88.043 85.907 71.869 2512.512 2289.124 实验室 1 074
4451813 4851 2025/12/24 15:03:51 P18 0 0 0 0 0 0 0 71.564 210.266 803.68 29.297 267.181 147.553 3782.501 24.414 50.354 760.346 -16.937 182.648 193.329 101.166 415.497 215.759 308.838 162.048 30.823 536.957 -4990.234 378.571 61.34 700.531 12.665 -3.51 691.986 88.348 233.307 268.707 121.765 -657.806 158.997 48.676 86.212 83.008 81.635 2512.207 2285.461 实验室 1 074
4451814 4851 2025/12/24 15:03:52 P18 0 0 0 0 0 0 0 71.259 209.808 802.612 28.381 264.893 147.095 3781.586 27.466 75.989 747.376 -16.479 181.427 192.871 100.25 412.75 215.912 308.228 162.201 30.975 533.905 -4988.708 366.516 59.357 702.82 11.902 -4.425 689.697 87.433 233.307 268.707 121.307 -658.112 158.539 48.676 88.806 83.313 77.667 2511.749 2286.835 实验室 1 074
4451815 4851 2025/12/24 15:03:53 P18 0 0 0 0 0 0 0 71.564 209.198 802.307 29.602 262.604 147.247 3779.907 73.547 96.436 758.82 -17.548 179.901 192.871 100.708 412.293 216.37 307.617 161.896 29.907 531.006 -4989.624 360.107 61.34 722.961 12.36 -3.967 687.561 86.975 231.934 268.097 119.629 -658.264 158.997 48.065 90.179 87.585 77.667 2510.681 2290.344 实验室 1 074
4451816 4851 2025/12/24 15:03:54 P18 0 0 0 0 0 0 0 70.801 209.961 800.934 28.687 260.315 146.484 3780.212 43.945 45.166 749.664 -17.395 178.986 192.871 100.25 411.377 217.133 306.091 159.76 30.06 528.87 -4988.251 317.23 52.948 684.967 11.444 -3.357 686.493 86.67 231.171 267.029 120.544 -657.349 158.386 47.913 85.449 83.618 78.125 2511.597 2283.783 实验室 1 074
4451817 4851 2025/12/24 15:03:55 P18 0 0 0 0 0 0 0 71.106 209.961 799.103 28.229 257.874 147.858 3780.518 -17.242 -6.714 757.752 -16.785 178.68 192.108 100.861 409.851 216.37 305.634 160.523 29.449 525.818 -4988.403 334.015 58.594 691.071 11.902 -4.425 684.662 86.06 230.408 266.876 118.408 -658.417 157.471 46.997 88.654 88.959 78.888 2510.223 2289.581 实验室 1 074
4451818 4851 2025/12/24 15:03:56 P18 0 0 0 0 0 0 0 71.564 209.351 796.509 27.161 256.043 146.79 3779.907 46.234 -126.343 756.836 -16.785 177.765 191.65 100.25 408.478 216.675 303.65 161.133 29.297 522.919 -4989.014 341.797 60.12 691.376 12.054 -4.578 684.204 86.517 229.797 267.029 117.798 -661.469 157.471 47.15 81.635 82.092 74.768 2511.139 2287.14 实验室 1 074
4451819 4851 2025/12/24 15:03:57 P18 0 0 0 0 0 0 0 72.479 209.808 795.746 27.313 254.974 145.111 3781.281 63.782 -158.081 751.19 -16.937 177.002 191.193 99.487 406.494 217.438 303.04 160.065 28.534 520.172 -4982.91 356.445 59.204 711.212 11.749 -4.12 682.221 85.754 228.882 265.503 117.798 -658.722 157.776 46.997 84.229 84.229 76.447 2510.223 2287.445 实验室 1 074
4451820 4851 2025/12/24 15:03:58 P18 0 0 0 0 0 0 0 71.564 210.114 794.373 27.771 251.16 146.179 3782.196 18.616 -83.771 752.411 -16.022 175.934 191.04 99.335 405.884 217.438 301.819 161.285 29.449 518.341 -4989.166 340.271 59.814 691.681 13.886 -5.188 680.847 86.365 229.187 265.35 116.73 -657.806 156.25 46.539 89.569 86.67 80.109 2512.207 2293.396 实验室 1 074
4451821 4851 2025/12/24 15:03:59 P18 0 0 0 0 0 0 0 72.021 210.114 794.22 25.787 250.397 144.348 3780.06 -10.529 -29.297 762.024 -16.937 175.171 190.582 99.182 404.511 217.438 301.209 160.675 28.076 515.442 -4990.082 366.974 60.577 696.716 11.749 -4.272 679.016 85.602 227.814 264.74 117.34 -657.196 155.945 46.234 83.16 80.566 81.329 2510.376 2288.361 实验室 1 074
4451822 4851 2025/12/24 15:04:00 P18 0 0 0 0 0 0 0 71.716 209.808 791.931 25.787 248.413 143.89 3779.907 38.3 -10.986 756.073 -17.09 174.103 190.888 99.03 403.29 218.201 299.377 160.217 28.229 513.916 -4989.166 434.876 62.103 702.515 12.207 -4.425 677.643 84.686 227.051 264.13 116.73 -654.297 155.792 47.302 84.381 76.752 83.771 2511.749 2287.903 实验室 1 074
4451823 4851 2025/12/24 15:04:01 P18 0 0 0 0 0 0 0 71.716 210.114 791.016 25.787 246.887 144.196 3781.891 96.13 11.597 759.277 -16.785 174.255 189.819 98.724 402.679 218.658 298.462 159.454 29.144 511.627 -4989.166 468.292 59.814 686.951 11.902 -4.73 675.507 84.534 226.135 263.825 116.882 -656.738 155.487 46.234 92.773 79.193 78.43 2511.902 2289.734 实验室 1 074
4451824 4851 2025/12/24 15:04:02 P18 0 0 0 0 0 0 0 71.716 210.114 791.016 25.787 246.887 144.196 3781.891 96.13 11.597 759.277 -16.785 174.255 189.819 98.724 402.679 218.658 298.462 159.454 29.144 511.627 -4989.166 468.292 59.814 686.951 11.902 -4.73 675.507 84.534 226.135 263.825 116.882 -656.738 155.487 46.234 92.773 79.193 78.43 2511.902 2289.734 实验室 1 074
4451825 4851 2025/12/24 15:04:03 P18 0 0 0 0 0 0 0 71.716 210.877 788.574 25.024 245.209 144.653 3780.06 44.708 58.746 756.073 -17.395 172.577 188.904 99.335 401.154 218.353 298.157 160.217 27.008 508.423 -4988.251 477.295 58.899 718.079 11.749 -4.73 675.201 84.839 226.288 263.672 117.645 -657.044 155.335 46.082 90.485 81.024 74.005 2510.986 2292.023 实验室 1 074
4451826 4851 2025/12/24 15:04:04 P18 0 0 0 0 0 0 0 72.937 209.503 787.811 25.787 243.225 142.67 3781.738 -21.82 76.294 762.787 -17.7 171.967 189.362 97.961 399.628 219.116 296.936 159.149 27.771 505.981 -4988.556 433.807 63.782 692.291 11.902 -4.272 673.523 83.466 225.372 262.299 118.408 -657.501 155.029 45.624 84.534 79.041 79.346 2511.444 2289.124 实验室 1 074
4451827 4851 2025/12/24 15:04:05 P18 0 0 0 0 0 0 0 71.716 209.808 785.98 24.567 242.004 141.907 3780.212 48.218 26.093 748.444 -16.785 171.356 189.819 104.218 398.407 220.032 295.563 159.76 27.771 504.913 -4987.793 423.889 59.204 697.632 12.97 -4.883 671.997 83.466 224.762 261.993 119.782 -658.112 155.029 45.624 90.942 81.787 75.073 2510.681 2289.581 实验室 1 074
4451828 4851 2025/12/24 15:04:06 P18 0 0 0 0 0 0 0 71.564 209.961 785.065 25.024 240.784 141.754 3780.823 47.455 100.861 744.476 -17.09 170.898 188.141 99.182 398.102 219.727 295.258 159.149 27.161 502.472 -4988.861 407.867 57.678 681.305 11.597 -4.73 670.624 82.55 223.846 261.688 119.782 -659.027 154.724 45.319 90.332 77.82 72.784 2510.986 2289.734 实验室 1 074
4451829 4851 2025/12/24 15:04:07 P18 0 0 0 0 0 0 0 71.564 209.045 783.844 24.414 238.8 141.296 3780.518 9.308 65.46 758.972 -16.937 170.898 188.294 97.656 396.423 220.49 293.732 158.997 28.534 500.946 -4988.251 386.505 59.509 698.09 11.444 -4.73 669.098 82.855 223.694 261.383 117.798 -657.959 153.656 45.929 81.482 80.414 77.972 2510.986 2289.276 实验室 1 074
4451830 4851 2025/12/24 15:04:08 P18 0 0 0 0 0 0 0 71.716 210.571 783.081 23.804 238.19 141.602 3780.06 49.744 28.381 755.92 -16.479 169.83 188.294 97.198 395.66 220.49 294.19 159.302 27.313 498.657 -4988.403 366.211 58.441 689.85 11.902 -5.493 668.03 83.008 223.236 261.078 119.324 -661.011 153.503 45.166 89.111 84.076 76.599 2511.292 2294.312 实验室 1 074
4451831 4851 2025/12/24 15:04:09 P18 0 0 0 0 0 0 0 72.327 209.808 781.86 23.804 237.122 141.602 3781.891 54.474 30.67 752.869 -17.242 169.22 187.988 96.741 394.745 220.49 292.664 158.691 27.161 496.368 -4989.776 339.661 56.763 690.613 11.597 -4.578 666.962 81.482 222.778 260.162 120.85 -660.095 153.809 44.708 89.417 85.907 75.684 2511.749 2288.818 实验室 1 074
4451832 4851 2025/12/24 15:04:10 P18 0 0 0 0 0 0 0 74.463 209.198 780.335 22.888 235.291 141.754 3780.06 36.163 30.518 759.277 -16.174 167.847 187.683 96.741 393.219 221.558 290.68 158.234 27.313 495.453 -4989.472 302.887 59.204 706.177 12.665 -5.493 665.588 81.177 222.168 259.399 120.087 -660.553 153.351 45.319 87.585 81.94 75.684 2511.139 2288.818 实验室 1 074
4451833 4851 2025/12/24 15:04:11 P18 0 0 0 0 0 0 0 71.411 210.114 779.572 22.888 234.375 140.533 3780.518 29.907 52.49 752.716 -16.174 164.185 186.157 96.588 392.761 221.252 290.375 158.386 26.703 492.859 -4987.488 328.064 59.052 706.787 11.292 -5.646 664.825 82.092 222.168 259.705 120.239 -660.4 152.588 44.556 83.618 81.635 74.768 2511.597 2291.718 实验室 1 074
4451834 4851 2025/12/24 15:04:12 P18 0 0 0 0 0 0 0 71.564 210.724 780.64 23.499 232.239 140.381 3778.839 62.561 101.318 767.822 -17.242 167.084 186.92 97.351 391.998 221.405 289.154 158.386 26.398 491.028 -4987.183 298.615 62.103 685.425 12.207 -5.646 663.3 80.872 220.642 259.247 119.934 -661.163 152.283 44.708 81.177 85.144 76.752 2509.918 2289.124 实验室 1 074
4451835 4851 2025/12/24 15:04:13 P18 0 0 0 0 0 0 0 72.479 209.961 776.978 22.43 232.544 138.55 3779.755 13.428 45.776 758.82 -16.479 166.473 187.073 96.13 390.625 222.015 287.933 158.997 26.398 489.96 -4989.776 306.244 60.577 704.193 11.902 -5.341 662.231 81.024 221.1 258.637 119.324 -660.553 151.672 43.945 88.501 83.313 75.531 2510.223 2291.412 实验室 1 074
4451836 4851 2025/12/24 15:04:14 P18 0 0 0 0 0 0 0 71.869 210.724 774.078 23.041 230.103 140.381 3781.891 50.964 -54.016 751.19 -16.327 165.558 186.157 96.436 389.71 222.015 286.713 157.318 26.703 487.824 -4988.708 340.118 61.035 730.743 12.207 -5.188 660.553 81.177 219.727 258.026 117.798 -660.4 151.52 44.556 89.417 83.008 75.226 2511.902 2290.039 实验室 1 074
4451837 4851 2025/12/24 15:04:15 P18 0 0 0 0 0 0 0 71.564 210.114 773.468 21.973 229.492 139.465 3780.823 50.812 -65.308 751.953 -17.395 166.016 186.462 95.52 388.947 222.626 286.56 157.471 25.787 486.45 -4988.251 326.843 59.662 717.011 12.054 -6.104 659.485 79.956 219.727 257.874 117.95 -660.095 151.367 44.25 93.536 81.024 77.515 2510.681 2290.344 实验室 1 074
4451838 4851 2025/12/24 15:04:16 P18 0 0 0 0 0 0 0 71.411 209.503 773.468 22.736 229.034 138.245 3780.823 -16.174 -7.477 743.866 -16.937 164.948 186.462 96.13 388.184 222.473 285.492 157.776 26.093 484.924 -4989.624 329.59 61.646 698.09 12.054 -5.646 658.112 80.261 218.811 256.958 118.713 -658.875 151.062 43.945 80.872 80.566 76.599 2510.986 2290.802 实验室 1 074
4451839 4851 2025/12/24 15:04:17 P18 0 0 0 0 0 0 0 72.784 209.808 771.332 22.278 227.509 139.008 3780.212 89.111 34.79 744.476 -16.937 163.727 185.242 94.452 387.116 222.778 284.271 157.776 25.33 482.483 -4988.098 328.827 56.61 698.853 11.749 -4.883 656.891 79.498 218.353 256.653 117.188 -660.858 151.367 43.335 88.043 81.787 75.531 2510.834 2292.48 实验室 1 074
4451840 4851 2025/12/24 15:04:18 P18 0 0 0 0 0 0 0 72.327 209.503 770.264 21.82 225.983 138.245 3782.349 59.662 50.049 746.307 -16.632 163.117 185.394 95.215 387.268 223.084 283.508 157.318 25.33 480.957 -4989.014 298.92 60.12 692.139 12.207 -5.798 655.365 79.041 217.896 255.89 116.577 -661.469 150.909 43.335 79.498 83.008 77.515 2510.071 2289.429 实验室 1 074
4451841 4851 2025/12/24 15:04:19 P18 0 0 0 0 0 0 0 72.479 209.808 768.433 22.278 226.135 139.618 3781.891 33.112 30.06 749.512 -16.937 163.422 185.547 93.384 385.59 223.999 283.203 157.776 25.94 478.973 -4987.335 330.353 59.357 654.297 11.749 -5.646 654.45 78.888 217.59 255.737 116.119 -659.638 150.909 43.03 88.959 86.975 73.395 2512.054 2285.156 实验室 1 074
4451842 4851 2025/12/24 15:04:20 P18 0 0 0 0 0 0 0 72.327 209.961 767.822 21.057 223.999 136.719 3780.212 39.368 31.433 752.411 -16.937 162.659 185.547 93.994 385.437 224.304 282.135 156.86 25.33 478.516 -4987.945 337.83 60.883 706.177 12.054 -6.561 653.534 78.888 217.133 255.28 116.119 -661.316 149.994 43.488 88.959 80.719 71.716 2510.681 2289.124 实验室 1 074
4451843 4851 2025/12/24 15:04:21 P18 0 0 0 0 0 0 0 72.021 209.656 767.517 20.905 223.084 137.634 3780.212 43.335 21.973 750.275 -16.785 161.896 184.631 93.384 383.759 223.541 280.914 156.86 25.024 475.464 -4989.319 379.944 60.883 682.983 12.817 -8.087 652.924 77.667 216.675 255.432 117.645 -660.553 149.231 42.877 88.806 76.294 74.005 2510.681 2288.208 实验室 1 074
4451844 4851 2025/12/24 15:04:22 P18 0 0 0 0 0 0 0 72.021 209.961 765.991 21.362 221.405 137.024 3779.602 41.962 68.97 750.122 -16.937 160.98 184.174 93.384 382.843 224.152 280.457 157.318 24.719 473.785 -4988.098 382.538 58.746 662.231 11.597 -6.256 651.55 78.125 216.675 254.669 118.866 -661.011 149.231 43.182 87.28 81.177 77.057 2510.529 2288.666 实验室 1 074
4451845 4851 2025/12/24 15:04:23 P18 0 0 0 0 0 0 0 72.632 209.656 764.923 21.21 221.863 136.566 3780.06 33.722 71.411 760.956 -16.785 160.828 184.021 93.536 381.775 224.304 280.151 156.555 24.719 472.412 -4989.319 387.878 61.188 677.49 11.444 -6.409 651.245 78.278 215.454 253.906 116.73 -660.706 149.536 42.725 87.891 78.43 72.327 2510.681 2290.649 实验室 1 074
4451846 4851 2025/12/24 15:04:24 P18 0 0 0 0 0 0 0 72.021 209.656 763.245 21.057 220.49 136.414 3782.043 25.94 61.951 746.613 -17.09 160.217 183.868 92.926 381.012 224.457 279.388 157.013 24.719 471.039 -4990.54 396.881 59.052 681.763 11.902 -6.409 649.109 77.667 215.759 254.822 116.425 -659.638 148.621 42.572 86.67 75.989 74.005 2511.292 2291.107 实验室 1 074
4451847 4851 2025/12/24 15:04:25 P18 0 0 0 0 0 0 0 72.174 210.571 762.94 21.515 220.337 136.414 3780.823 20.142 39.673 758.057 -16.937 159.76 183.411 92.773 380.096 225.067 278.626 156.86 25.024 469.513 -4987.793 425.72 60.577 683.289 11.444 -6.561 647.736 77.82 214.386 253.143 118.103 -661.316 148.315 42.419 82.397 74.31 74.463 2511.292 2289.124 实验室 1 074
4451848 4851 2025/12/24 15:04:26 P18 0 0 0 0 0 0 0 72.784 209.656 761.108 21.362 219.421 135.651 3781.433 42.877 141.296 754.547 -17.09 159.302 183.563 94.147 379.944 224.762 277.405 156.403 24.567 468.75 -4989.014 417.481 61.188 672.913 11.902 -6.104 647.43 77.515 213.928 252.991 117.493 -661.163 148.926 42.572 80.566 81.177 76.904 2511.292 2285.461 实验室 1 074
4451849 4851 2025/12/24 15:04:27 P18 0 0 0 0 0 0 0 72.327 209.961 760.193 20.599 218.353 135.498 3781.738 6.256 191.498 760.803 -16.937 159.302 184.326 92.621 379.486 226.44 276.337 156.25 24.109 467.224 -4990.54 405.121 58.746 656.433 12.97 -6.256 645.905 77.515 213.776 252.38 116.577 -661.926 147.553 42.419 81.024 80.719 78.278 2510.681 2290.192 实验室 1 074
4451850 4851 2025/12/24 15:04:28 P18 0 0 0 0 0 0 0 72.021 210.114 759.277 20.142 217.438 135.803 3783.569 33.264 162.506 747.07 -16.479 158.844 183.258 91.858 378.113 225.22 276.489 156.555 24.567 464.935 -4988.403 388.031 59.509 643.463 11.597 -7.477 644.684 76.904 213.928 252.686 115.662 -660.858 147.4 42.267 85.297 80.414 77.209 2512.512 2288.971 实验室 1 074
4451851 4851 2025/12/24 15:04:29 P18 0 0 0 0 0 0 0 73.395 209.198 758.667 20.752 216.37 133.972 3781.586 23.041 49.438 756.836 -16.632 158.539 183.106 92.316 378.113 225.067 274.506 155.487 24.414 464.783 -4991.15 369.873 60.12 655.518 12.817 -6.561 643.463 76.447 213.013 251.617 116.73 -660.706 147.4 41.962 87.128 80.566 73.547 2512.36 2290.039 实验室 1 074
4451852 4851 2025/12/24 15:04:30 P18 0 0 0 0 0 0 0 72.174 209.961 757.599 20.142 215.759 134.43 3780.365 55.084 21.667 747.986 -16.937 157.013 182.953 92.621 377.35 225.983 273.895 156.25 24.261 462.952 -4991.607 380.859 60.272 662.079 12.36 -6.409 642.242 76.294 212.402 250.855 116.882 -664.825 147.4 41.656 85.144 83.16 77.209 2511.444 2289.581 实验室 1 074
4451853 4851 2025/12/24 15:04:31 P18 0 0 0 0 0 0 0 72.937 209.198 756.836 19.684 215.759 134.43 3781.586 43.793 31.281 745.087 -17.395 157.471 181.427 91.858 375.977 226.746 272.827 155.487 23.499 461.731 -4987.945 382.385 58.594 704.498 12.97 -6.409 641.022 75.531 211.945 250.702 117.188 -662.231 147.095 41.199 76.904 80.872 72.632 2512.207 2291.107 实验室 1 074
4451854 4851 2025/12/24 15:04:32 P18 0 0 0 0 0 0 0 72.021 209.656 755.615 19.531 215.149 135.04 3781.433 76.904 -68.817 753.632 -17.548 155.792 182.343 91.705 375.671 227.051 272.522 155.792 24.414 460.358 -4988.708 393.829 64.85 725.098 12.817 -5.951 639.954 75.836 211.182 250.702 116.425 -661.316 146.484 41.809 81.329 79.041 74.005 2511.292 2289.429 实验室 1 074
4451855 4851 2025/12/24 15:04:33 P18 0 0 0 0 0 0 0 72.021 209.656 755.615 19.531 215.149 135.04 3781.433 76.904 -68.817 753.632 -17.548 155.792 182.343 91.705 375.671 227.051 272.522 155.792 24.414 460.358 -4988.708 393.829 64.85 725.098 12.817 -5.951 639.954 75.836 211.182 250.702 116.425 -661.316 146.484 41.809 81.329 79.041 74.005 2511.292 2289.429 实验室 1 074
4451856 4851 2025/12/24 15:04:34 P18 0 0 0 0 0 0 0 72.327 209.351 754.7 19.226 213.928 133.209 3781.433 73.547 -153.656 746.155 -16.785 156.097 182.343 91.248 375.061 226.898 271.149 155.64 25.024 459.595 -4988.708 397.186 63.324 734.406 12.512 -7.019 639.038 75.378 211.029 250.702 116.882 -662.231 146.179 42.419 79.041 77.667 72.937 2510.376 2290.802 实验室 1 074
4451857 4851 2025/12/24 15:04:35 P18 0 0 0 0 0 0 0 72.021 209.961 753.174 19.073 213.471 133.057 3781.586 3.51 -160.065 754.089 -16.785 155.335 182.19 90.637 373.993 227.203 271.759 156.097 24.109 459.137 -4988.556 380.402 63.019 697.022 11.597 -7.172 639.191 75.989 211.487 249.176 116.882 -661.011 145.721 41.962 82.397 77.82 74.158 2511.902 2288.971 实验室 1 074
4451858 4851 2025/12/24 15:04:36 P18 0 0 0 0 0 0 0 73.09 209.656 752.564 19.684 213.776 133.972 3780.212 44.25 -23.499 743.103 -16.785 155.029 182.19 91.553 373.535 227.203 270.996 155.335 23.804 456.696 -4989.624 374.908 59.814 672.913 12.817 -6.256 637.97 75.226 210.419 249.329 117.34 -661.774 147.095 41.809 80.719 76.752 78.125 2510.376 2289.429 实验室 1 074
4451859 4851 2025/12/24 15:04:37 P18 0 0 0 0 0 0 0 72.784 209.808 751.038 19.684 212.402 133.514 3782.196 40.131 123.138 750.275 -17.7 154.266 179.443 89.722 372.467 227.661 270.386 154.877 22.736 455.17 -4987.183 333.099 61.798 675.049 11.597 -7.172 636.597 76.294 209.198 249.023 113.373 -661.469 145.721 41.199 72.327 80.109 72.937 2511.139 2289.124 实验室 1 074
4451860 4851 2025/12/24 15:04:38 P18 0 0 0 0 0 0 0 72.021 210.114 750.58 19.836 213.013 133.209 3780.67 58.136 61.646 750.885 -17.395 154.114 181.732 91.095 371.857 227.966 269.318 154.572 23.193 454.254 -4990.997 344.849 57.983 667.572 11.139 -6.714 633.85 74.615 208.74 248.261 116.425 -662.079 145.569 40.741 80.566 83.466 78.125 2510.681 2290.344 实验室 1 074
4451861 4851 2025/12/24 15:04:39 P18 0 0 0 0 0 0 0 72.784 211.182 749.817 18.921 211.029 132.599 3780.67 20.752 -6.866 753.937 -17.09 153.809 181.885 90.79 371.246 227.814 268.555 155.029 24.414 452.576 -4991.303 375.671 59.052 707.092 12.054 -7.019 634.155 74.463 209.961 248.108 117.798 -661.163 144.806 41.046 89.264 83.008 79.041 2511.292 2288.208 实验室 1 074
4451862 4851 2025/12/24 15:04:40 P18 0 0 0 0 0 0 0 73.395 209.808 747.833 19.836 209.808 132.599 3780.823 38.757 113.831 751.648 -17.09 153.809 180.664 90.332 370.789 228.882 267.181 155.029 22.888 451.66 -4991.303 368.652 62.256 711.823 11.902 -6.561 633.24 75.378 208.893 247.498 116.272 -660.706 145.416 41.199 79.803 83.923 71.716 2511.749 2290.649 实验室 1 074
4451863 4851 2025/12/24 15:04:41 P18 0 0 0 0 0 0 0 72.021 209.808 747.07 19.531 210.877 131.073 3779.602 9.155 188.294 751.038 -17.7 154.266 180.359 90.027 370.178 228.272 267.029 154.724 23.193 451.05 -4989.166 405.731 58.899 671.387 12.817 -7.324 632.477 74.463 208.283 247.192 114.136 -660.706 144.196 41.046 74.921 82.55 74.921 2511.292 2292.175 实验室 1 074
4451864 4851 2025/12/24 15:04:42 P18 0 0 0 0 0 0 0 72.327 209.351 745.85 18.616 209.503 131.531 3782.959 39.673 126.343 759.277 -17.09 153.351 181.122 89.417 369.415 229.187 266.724 155.182 23.346 449.371 -4987.793 380.859 61.035 677.948 12.36 -7.324 631.256 73.853 208.74 247.498 115.814 -662.079 144.348 40.894 75.989 80.566 80.109 2512.207 2289.429 实验室 1 074
4451865 4851 2025/12/24 15:04:43 P18 0 0 0 0 0 0 0 73.547 209.351 744.934 19.379 209.503 131.989 3780.212 13.886 65.46 755.768 -17.09 151.978 180.664 89.569 369.263 228.882 267.029 155.029 23.193 449.066 -4989.624 377.96 60.12 703.888 12.512 -7.172 631.104 73.853 207.367 246.735 116.272 -660.706 143.738 41.199 85.754 73.7 73.547 2510.834 2288.513 实验室 1 074
4451866 4851 2025/12/24 15:04:44 P18 0 0 0 0 0 0 0 72.174 209.198 745.239 18.921 207.672 130.005 3780.212 14.191 108.49 753.021 -17.242 151.52 180.206 89.569 368.958 229.187 265.503 154.724 22.583 447.693 -4987.793 381.775 58.594 720.215 12.207 -6.866 629.578 73.395 206.604 246.429 115.204 -662.231 143.28 40.741 76.294 81.177 79.651 2511.139 2289.734 实验室 1 074
4451867 4851 2025/12/24 15:04:45 P18 0 0 0 0 0 0 0 72.784 210.114 744.019 19.836 207.825 131.073 3781.281 52.338 150.604 759.277 -17.242 151.52 179.443 88.959 368.042 228.882 264.587 154.419 21.667 446.32 -4988.403 385.437 59.662 717.773 12.36 -7.324 629.12 73.547 206.909 246.277 113.068 -660.4 143.585 40.894 84.229 82.397 72.327 2511.139 2296.753 实验室 1 074
4451868 4851 2025/12/24 15:04:46 P18 0 0 0 0 0 0 0 72.174 209.503 742.188 19.073 207.367 131.531 3781.586 24.567 79.803 746.765 -16.785 151.52 180.054 89.874 368.042 229.797 264.13 154.114 22.278 445.099 -4988.708 349.884 57.831 701.599 13.275 -7.019 627.289 73.7 206.451 245.209 115.356 -662.079 142.975 40.588 83.923 81.635 71.259 2511.292 2290.497 实验室 1 074
4451869 4851 2025/12/24 15:04:47 P18 0 0 0 0 0 0 0 72.479 211.029 741.119 18.921 206.909 131.836 3780.975 61.188 -64.392 752.106 -16.937 151.367 179.596 89.417 367.127 229.95 263.519 154.419 23.041 444.183 -4989.166 360.718 58.289 700.226 12.665 -7.629 626.831 73.395 205.841 245.361 114.288 -660.095 143.127 41.199 79.651 78.583 72.784 2510.681 2291.87 实验室 1 074
4451870 4851 2025/12/24 15:04:48 P18 0 0 0 0 0 0 0 73.547 208.435 740.967 18.311 206.757 130.158 3780.06 1.678 -157.776 760.956 -16.479 150.452 179.291 88.806 366.211 230.56 262.604 154.877 22.125 443.878 -4987.945 349.426 59.204 687.714 12.665 -7.324 626.068 72.632 205.841 245.514 116.577 -661.774 142.822 40.894 77.057 85.602 72.937 2511.292 2288.818 实验室 1 074
4451871 4851 2025/12/24 15:04:49 P18 0 0 0 0 0 0 0 72.021 209.656 740.509 17.853 205.078 130.463 3780.975 24.414 -193.939 762.787 -16.479 150.757 179.596 88.348 365.448 231.476 262.604 154.572 23.193 442.2 -4988.403 333.862 56.61 673.523 9.003 -8.545 624.847 72.784 205.078 245.361 116.577 -659.943 142.67 41.504 79.346 78.278 72.632 2511.749 2289.124 实验室 1 074
4451872 4851 2025/12/24 15:04:50 P18 0 0 0 0 0 0 0 72.632 209.961 739.594 19.073 205.536 129.7 3779.907 50.354 -195.16 753.937 -16.632 149.536 179.138 89.417 365.753 230.866 261.993 154.419 21.82 441.437 -4989.776 390.778 61.493 652.008 12.512 -7.172 625.153 71.716 205.689 242.462 117.798 -660.706 142.67 40.741 90.942 83.466 73.242 2510.529 2290.497 实验室 1 074
4451873 4851 2025/12/24 15:04:51 P18 0 0 0 0 0 0 0 72.479 214.996 738.525 16.479 206.299 129.089 3781.281 39.825 -136.719 753.326 -16.632 149.536 179.291 87.28 364.38 230.866 261.688 154.419 21.82 440.369 -4990.387 413.208 58.594 672.913 12.36 -7.629 624.085 72.174 205.536 243.835 114.746 -660.248 142.517 40.588 96.13 83.008 76.294 2511.749 2289.429 实验室 1 074
4451874 4851 2025/12/24 15:04:52 P18 0 0 0 0 0 0 0 72.327 209.503 737.61 18.921 204.163 129.7 3780.212 48.828 -53.864 752.258 -16.479 149.689 178.833 87.585 363.922 231.018 260.468 154.572 22.125 439.606 -4988.861 334.625 59.662 697.632 12.512 -7.935 622.406 72.174 205.078 244.141 115.204 -659.943 141.907 40.131 88.654 77.667 71.716 2511.597 2290.955 实验室 1 074
4451875 4851 2025/12/24 15:04:53 P18 0 0 0 0 0 0 0 72.479 211.029 737.457 18.463 205.383 129.852 3780.365 30.823 13.886 741.425 -16.937 148.773 178.68 87.738 363.77 231.781 260.01 154.419 21.82 438.08 -4990.082 342.56 56.305 708.466 11.444 -7.172 621.948 72.021 204.163 243.53 117.493 -660.248 141.907 39.978 91.705 76.752 70.496 2510.986 2289.886 实验室 1 074
4451876 4851 2025/12/24 15:04:54 P18 0 0 0 0 0 0 0 72.937 209.808 735.626 18.921 204.163 128.632 3780.518 40.588 54.779 754.242 -17.09 147.858 178.07 88.196 363.77 231.934 259.094 153.503 21.973 438.232 -4989.166 378.876 61.493 711.975 11.597 -7.324 621.033 70.953 203.247 242.92 113.983 -661.011 141.602 39.978 89.569 75.531 73.547 2510.986 2283.936 实验室 1 074
4451877 4851 2025/12/24 15:04:55 P18 0 0 0 0 0 0 0 72.327 209.961 735.321 17.853 204.773 129.242 3780.823 42.725 136.871 749.207 -16.632 147.247 178.986 87.28 362.549 232.239 258.789 154.266 21.973 436.401 -4989.014 382.843 59.204 694.275 11.597 -7.935 620.117 71.259 204.163 242.92 114.594 -661.316 140.991 39.368 89.417 77.82 72.784 2511.749 2289.276 实验室 1 074
4451878 4851 2025/12/24 15:04:56 P18 0 0 0 0 0 0 0 72.937 209.045 733.948 19.073 203.095 129.395 3781.281 5.493 158.386 742.95 -16.937 147.705 178.833 86.212 362.854 231.781 258.331 153.809 21.667 435.181 -4989.319 383.148 59.662 694.733 12.817 -7.629 619.812 71.411 202.637 243.378 114.746 -661.011 141.296 40.436 85.907 81.482 69.58 2511.139 2295.99 实验室 1 074
4451879 4851 2025/12/24 15:04:57 P18 0 0 0 0 0 0 0 73.547 209.808 734.253 18.768 203.247 128.326 3779.755 27.466 119.019 743.408 -16.174 147.553 178.833 87.433 361.786 231.781 257.111 154.114 21.515 435.791 -4990.387 405.121 59.357 730.896 12.97 -7.782 618.591 71.411 202.484 242.004 116.272 -661.469 140.991 39.215 82.855 80.109 72.021 2510.986 2289.124 实验室 1 074
4451880 4851 2025/12/24 15:04:58 P18 0 0 0 0 0 0 0 72.784 209.656 732.117 18.616 202.637 128.326 3780.212 54.626 110.321 750.275 -16.937 146.637 177.765 86.975 361.328 231.781 257.416 153.809 21.515 433.96 -4988.098 431.976 59.814 695.801 11.902 -7.324 617.981 70.953 202.179 241.699 116.119 -660.706 141.296 39.978 80.566 79.956 73.853 2510.681 2288.818 实验室 1 074
4451881 4851 2025/12/24 15:04:59 P18 0 0 0 0 0 0 0 72.327 209.808 730.743 17.853 202.026 129.089 3780.365 45.166 81.94 748.291 -16.327 147.095 176.697 86.823 361.023 232.086 256.195 154.114 21.515 432.739 -4990.692 431.519 58.289 683.746 12.207 -8.698 616.913 70.953 202.637 242.004 114.288 -660.095 140.228 39.215 84.534 77.362 71.106 2511.292 2290.192 实验室 1 074
4451882 4851 2025/12/24 15:05:00 P18 0 0 0 0 0 0 0 72.327 210.114 730.743 18.311 201.263 127.564 3784.027 38.757 35.095 748.596 -16.632 146.179 177.765 86.67 360.565 232.697 255.737 153.961 21.667 432.129 -4987.793 398.254 60.12 686.188 11.749 -7.629 616.15 70.343 201.263 241.089 113.983 -659.485 141.144 39.063 88.043 83.16 74.921 2510.986 2289.734 实验室 1 074
4451883 4851 2025/12/24 15:05:01 P18 0 0 0 0 0 0 0 72.784 209.961 729.828 17.7 201.416 127.564 3780.518 2.899 121.002 744.019 -17.242 146.027 178.375 85.907 359.65 235.901 255.127 153.503 22.125 431.519 -4989.472 397.492 57.526 726.929 11.902 -6.866 614.777 70.801 201.416 241.547 115.662 -660.248 140.076 40.131 79.193 78.125 71.869 2511.292 2286.377 实验室 1 074
4451884 4851 2025/12/24 15:05:02 P18 0 0 0 0 0 0 0 72.479 210.571 729.523 18.311 202.026 126.953 3780.212 23.804 77.667 747.376 -16.327 145.874 177.612 86.06 359.192 232.849 254.974 153.656 21.667 430.45 -4989.319 325.012 60.577 719.91 12.054 -8.087 614.471 70.038 201.263 241.547 117.34 -660.248 139.771 38.91 84.839 77.82 73.242 2510.529 2289.276 实验室 1 074
4451885 4851 2025/12/24 15:05:03 P18 0 0 0 0 0 0 0 72.479 210.571 729.523 18.311 202.026 126.953 3780.212 23.804 77.667 747.376 -16.327 145.874 177.612 86.06 359.192 232.849 254.974 153.656 21.667 430.45 -4989.319 325.012 60.577 719.91 12.054 -8.087 614.471 70.038 201.263 241.547 117.34 -660.248 139.771 38.91 84.839 77.82 73.242 2510.529 2289.276 实验室 1 074
4451886 4851 2025/12/24 15:05:04 P18 0 0 0 0 0 0 0 72.937 210.571 727.844 18.005 200.806 126.801 3781.128 74.158 90.332 746.155 -16.174 144.959 178.223 86.06 358.429 233.154 254.211 153.809 20.752 429.688 -4988.708 330.353 62.561 709.076 11.749 -8.24 613.556 70.953 201.111 240.479 114.899 -659.485 139.618 39.215 86.67 78.278 72.479 2512.054 2287.75 实验室 1 074
4451887 4851 2025/12/24 15:05:05 P18 0 0 0 0 0 0 0 72.021 210.571 728.455 18.005 200.501 125.732 3780.518 49.896 41.962 755.005 -17.09 145.416 177.46 86.975 357.971 233.154 253.601 153.961 21.21 429.23 -4989.319 332.336 59.662 704.498 12.36 -9.003 612.488 70.648 200.348 240.021 114.746 -660.095 139.771 39.215 86.365 72.632 73.395 2510.986 2290.649 实验室 1 074
4451888 4851 2025/12/24 15:05:06 P18 0 0 0 0 0 0 0 71.564 210.266 727.081 18.005 199.89 126.953 3780.365 57.983 -5.035 753.174 -16.937 145.874 177.765 85.907 358.276 234.07 252.838 153.656 20.905 427.856 -4989.472 380.249 60.577 729.065 11.597 -8.087 611.877 69.733 200.958 240.173 112.763 -664.063 139.618 38.605 84.991 79.651 68.512 2510.681 2292.938 实验室 1 074
4451889 4851 2025/12/24 15:05:07 P18 0 0 0 0 0 0 0 73.853 209.656 726.624 17.548 199.432 126.648 3780.06 50.354 25.482 744.629 -16.937 145.264 177.307 85.449 357.666 233.765 252.838 153.809 21.057 427.399 -4989.929 312.347 60.272 735.016 11.597 -7.629 610.962 69.275 200.653 238.648 115.051 -659.485 139.16 38.605 84.991 79.956 70.038 2510.071 2285.767 实验室 1 074
4451890 4851 2025/12/24 15:05:08 P18 0 0 0 0 0 0 0 72.327 210.266 725.708 17.853 199.89 126.343 3782.196 2.289 62.561 749.054 -16.479 144.043 176.849 84.991 356.751 233.46 252.686 153.351 20.905 426.025 -4988.556 246.887 59.357 719.299 11.902 -8.24 610.352 69.58 199.738 238.037 115.967 -661.316 138.855 38.147 85.297 78.735 71.564 2511.444 2286.835 实验室 1 074
4451891 4851 2025/12/24 15:05:09 P18 0 0 0 0 0 0 0 72.784 210.266 725.25 17.7 199.89 127.411 3780.212 52.338 76.294 747.376 -16.785 143.89 177.002 85.144 357.361 234.07 252.533 153.503 21.515 425.568 -4987.488 242.767 60.272 701.599 11.902 -8.087 609.436 70.038 199.432 239.258 117.188 -655.365 138.855 38.605 77.972 79.498 73.242 2510.681 2289.886 实验室 1 074
4451892 4851 2025/12/24 15:05:10 P18 0 0 0 0 0 0 0 72.784 209.808 725.403 20.294 198.822 125.58 3780.823 6.409 75.073 742.645 -16.937 143.433 176.086 85.449 356.903 233.917 251.312 152.893 21.057 424.805 -4989.319 289.154 62.866 709.381 11.902 -8.545 609.283 69.275 198.822 238.19 116.119 -661.316 138.855 38.147 76.599 75.989 71.716 2511.597 2289.429 实验室 1 074
4451893 4851 2025/12/24 15:05:11 P18 0 0 0 0 0 0 0 72.021 209.808 722.961 17.853 199.89 127.106 3780.975 52.643 45.929 744.171 -17.242 143.585 176.849 86.06 356.903 234.375 249.786 152.741 20.447 424.194 -4987.945 312.653 58.289 686.798 12.665 -7.324 607.758 69.58 198.517 237.885 113.831 -660.248 138.397 38.452 79.498 78.888 72.327 2511.292 2290.192 实验室 1 074
4451894 4851 2025/12/24 15:05:12 P18 0 0 0 0 0 0 0 73.395 209.045 722.656 17.853 198.059 126.648 3781.128 22.888 37.689 737.305 -17.242 143.28 175.781 84.839 355.988 234.985 250.244 152.893 20.752 422.821 -4988.556 298.004 60.577 696.564 12.054 -8.85 606.69 69.122 198.669 237.732 115.356 -660.4 137.94 38.452 84.534 75.836 69.733 2511.292 2289.581 实验室 1 074
4451895 4851 2025/12/24 15:05:13 P18 0 0 0 0 0 0 0 72.479 209.808 721.13 17.7 197.907 124.817 3780.67 22.125 4.272 745.087 -17.09 142.975 176.392 84.839 355.53 235.443 249.023 153.656 21.362 422.211 -4989.776 284.576 59.052 725.25 12.665 -8.087 606.537 69.122 197.296 237.732 116.577 -660.858 138.092 37.994 79.193 80.109 69.733 2510.681 2287.903 实验室 1 074
4451896 4851 2025/12/24 15:05:14 P18 0 0 0 0 0 0 0 73.09 210.419 721.741 17.7 197.449 125.427 3780.823 27.008 -81.94 749.207 -17.242 142.365 176.239 84.534 354.919 234.833 249.634 153.046 21.362 421.448 -4989.624 291.748 62.866 723.267 12.665 -8.087 606.232 68.97 197.907 238.19 115.051 -660.706 138.092 37.842 83.618 77.515 70.953 2511.139 2290.039 实验室 1 074
4451897 4851 2025/12/24 15:05:15 P18 0 0 0 0 0 0 0 72.937 209.961 720.673 16.785 196.686 125.885 3782.959 80.719 -140.381 749.359 -16.937 142.365 177.002 84.534 354.004 235.596 248.108 152.893 21.057 421.448 -4988.403 305.481 59.967 714.569 12.054 -7.324 605.164 68.359 197.144 236.816 114.441 -659.332 137.482 38.3 86.67 74.921 71.411 2511.749 2290.192 实验室 1 074
4451898 4851 2025/12/24 15:05:16 P18 0 0 0 0 0 0 0 72.479 210.114 720.215 16.937 196.686 125.122 3782.043 33.264 -72.479 749.054 -17.09 141.754 176.239 84.381 353.699 235.901 248.108 152.741 20.294 420.685 -4990.845 337.372 59.052 693.359 12.054 -8.392 604.096 68.207 197.144 236.511 115.051 -659.79 137.024 38.91 79.041 83.923 71.564 2511.902 2289.886 实验室 1 074
4451899 4851 2025/12/24 15:05:17 P18 0 0 0 0 0 0 0 73.09 209.656 718.536 17.242 197.144 125.275 3780.212 30.06 9.308 753.326 -17.548 141.296 175.934 84.839 354.004 235.443 247.803 152.893 20.752 419.769 -4989.472 397.492 61.34 688.324 12.512 -8.087 603.638 67.902 196.686 236.359 115.509 -658.722 137.329 37.994 79.651 77.362 74.921 2510.529 2289.581 实验室 1 074
4451900 4851 2025/12/24 15:05:18 P18 0 0 0 0 0 0 0 72.327 210.877 717.773 17.242 195.923 125.58 3780.212 15.106 61.493 751.801 -15.869 141.602 175.629 84.381 352.478 235.596 247.192 153.503 19.836 419.159 -4988.098 335.693 59.967 684.204 12.207 -8.392 603.18 68.817 196.991 236.359 113.831 -659.638 137.177 37.842 77.972 81.024 71.259 2511.139 2291.107 实验室 1 074
4451901 4851 2025/12/24 15:05:19 P18 0 0 0 0 0 0 0 72.784 209.503 718.536 17.853 196.381 124.054 3779.907 37.689 103.455 744.629 -16.785 140.686 175.781 84.534 352.783 236.359 246.277 152.893 20.752 417.938 -4989.624 333.862 50.049 694.122 12.97 -8.392 602.57 67.749 195.923 235.901 117.645 -659.485 136.871 37.231 80.719 76.141 71.564 2511.749 2290.039 实验室 1 074
4451902 4851 2025/12/24 15:05:20 P18 0 0 0 0 0 0 0 73.7 210.571 716.095 16.937 196.686 123.901 3780.823 34.943 151.825 746.155 -16.632 141.144 175.629 85.907 352.02 236.054 246.887 153.046 20.752 417.786 -4989.319 344.391 61.035 723.877 12.054 -8.24 601.196 67.139 195.923 235.596 113.525 -660.553 137.177 37.384 84.686 78.125 78.278 2511.292 2289.886 实验室 1 074
4451903 4851 2025/12/24 15:05:21 P18 0 0 0 0 0 0 0 73.09 210.266 715.942 17.395 197.296 124.512 3780.212 68.054 142.67 754.547 -17.395 141.296 175.171 83.313 352.173 236.206 246.124 153.046 19.836 416.87 -4987.641 341.95 60.577 714.874 11.902 -8.087 601.654 68.054 196.075 235.138 115.814 -660.706 137.024 37.384 74.31 77.972 64.392 2511.749 2289.734 实验室 1 074
4451904 4851 2025/12/24 15:05:22 P18 0 0 0 0 0 0 0 72.784 209.961 715.485 16.937 196.381 123.901 3780.975 11.292 81.177 748.596 -16.479 140.228 174.255 83.313 351.868 236.664 245.209 152.435 20.447 415.955 -4987.945 346.375 60.73 711.06 11.444 -8.392 599.823 67.291 195.618 234.833 116.577 -661.011 136.414 37.537 81.482 78.125 70.496 2511.597 2283.936 实验室 1 074
4451905 4851 2025/12/24 15:05:23 P18 0 0 0 0 0 0 0 72.632 210.266 714.874 17.09 195.16 124.207 3779.907 32.654 33.569 741.73 -16.785 139.923 175.629 82.55 351.563 236.969 244.904 152.13 20.599 415.649 -4987.945 334.473 59.814 719.147 12.054 -8.85 599.518 66.071 195.465 235.901 115.662 -660.095 136.261 37.231 83.618 80.566 72.937 2511.139 2285.309 实验室 1 074
4451906 4851 2025/12/24 15:05:24 P18 0 0 0 0 0 0 0 73.09 209.808 714.569 16.785 195.77 123.749 3782.196 17.09 12.817 746.765 -17.09 138.855 174.713 82.703 350.647 236.511 244.141 153.198 19.989 415.039 -4990.082 304.565 59.204 713.196 12.665 -8.698 599.67 67.291 195.923 235.138 115.509 -660.706 136.261 37.689 87.585 78.735 77.209 2512.207 2290.192 实验室 1 074
4451907 4851 2025/12/24 15:05:25 P18 0 0 0 0 0 0 0 72.632 210.571 712.891 16.937 195.16 124.054 3780.212 40.588 30.212 745.544 -16.174 139.923 174.713 81.94 350.647 236.969 243.683 153.198 20.294 414.124 -4989.472 302.429 60.272 703.278 11.749 -8.698 599.06 67.749 195.465 235.138 113.068 -660.095 136.108 37.384 85.602 73.853 71.716 2511.444 2288.513 实验室 1 074
4451908 4851 2025/12/24 15:05:26 P18 0 0 0 0 0 0 0 72.327 209.503 712.585 17.242 194.855 123.749 3781.281 44.098 -1.221 735.626 -16.785 139.618 175.476 83.923 350.342 238.19 243.225 152.435 20.294 414.734 -4988.098 281.982 55.542 690.308 12.207 -8.24 597.839 66.834 194.855 234.07 115.356 -659.943 135.651 37.994 79.041 80.566 70.19 2511.444 2289.429 实验室 1 074
4451909 4851 2025/12/24 15:05:27 P18 0 0 0 0 0 0 0 72.937 210.571 712.28 16.785 195.313 124.359 3781.433 55.389 -72.174 743.713 -16.479 139.313 174.561 82.245 350.189 237.274 243.073 152.283 20.142 412.903 -4989.014 308.991 59.509 698.09 11.902 -8.24 596.771 66.681 194.855 234.375 114.288 -661.621 135.803 37.384 85.754 78.735 69.733 2511.902 2289.276 实验室 1 074
4451910 4851 2025/12/24 15:05:28 P18 0 0 0 0 0 0 0 73.09 210.266 711.975 17.242 194.397 123.291 3780.365 38.91 -77.515 747.07 -17.09 139.008 175.171 82.245 350.342 237.732 242.31 152.435 19.684 413.818 -4987.945 293.121 58.289 672.455 12.817 -9.003 596.314 66.528 194.244 233.612 114.136 -661.011 135.651 37.537 79.803 76.294 77.82 2510.986 2289.429 实验室 1 074
4451911 4851 2025/12/24 15:05:29 P18 0 0 0 0 0 0 0 73.7 210.114 710.754 17.395 194.397 123.444 3780.823 38.605 -120.239 741.882 -16.937 138.55 174.408 82.092 349.426 237.579 242.31 152.741 19.836 411.835 -4989.472 295.41 61.646 669.708 10.986 -9.155 595.703 66.986 193.787 233.917 112.152 -660.858 135.956 37.384 80.566 75.073 67.749 2510.986 2290.955 实验室 1 074
4451912 4851 2025/12/24 15:05:30 P18 0 0 0 0 0 0 0 72.937 210.724 710.297 16.937 194.092 122.986 3780.823 10.834 -51.27 744.782 -16.632 138.855 174.255 81.787 348.663 237.579 241.699 152.893 19.836 411.377 -4989.776 275.879 60.12 687.561 12.36 -8.698 595.398 66.834 194.244 233.46 113.831 -660.4 135.346 37.994 79.041 71.716 72.327 2511.292 2289.429 实验室 1 074
4451913 4851 2025/12/24 15:05:31 P18 0 0 0 0 0 0 0 72.784 209.961 709.076 16.785 193.329 122.681 3782.043 1.678 64.697 747.681 -16.327 139.16 173.798 81.787 349.121 237.885 241.699 152.13 19.379 410.461 -4989.319 267.181 57.983 717.773 12.207 -9.155 594.94 66.376 193.481 233.46 112.915 -660.4 134.277 36.926 86.212 75.378 74.005 2511.597 2292.175 实验室 1 074
4451914 4851 2025/12/24 15:05:32 P18 0 0 0 0 0 0 0 72.479 210.571 708.008 16.937 194.092 123.138 3781.433 53.101 124.512 749.207 -16.937 138.702 173.798 81.482 347.748 237.732 240.784 152.741 19.989 410.004 -4990.082 278.626 59.662 708.313 11.749 -8.24 593.872 66.223 192.566 232.697 115.509 -661.011 134.125 37.537 87.738 80.261 76.294 2511.444 2289.581 实验室 1 074
4451915 4851 2025/12/24 15:05:33 P18 0 0 0 0 0 0 0 72.479 210.571 708.16 16.785 193.634 121.613 3781.281 39.978 140.839 742.188 -16.785 138.397 174.255 81.787 347.748 238.953 240.021 152.13 20.752 409.241 -4989.319 279.388 59.814 696.106 12.207 -9.155 592.957 67.139 193.634 233.307 113.831 -660.858 134.583 37.537 81.482 77.057 71.411 2512.207 2288.513 实验室 1 074
4451916 4851 2025/12/24 15:05:34 P18 0 0 0 0 0 0 0 72.632 210.877 707.398 17.09 193.787 123.291 3779.602 57.983 130.463 748.444 -16.479 137.634 174.408 87.28 346.832 238.495 239.258 151.825 19.684 408.783 -4988.708 299.683 59.204 679.779 11.749 -8.85 593.262 65.918 192.413 232.239 111.694 -659.79 134.277 37.384 82.397 73.242 69.427 2510.834 2288.513 实验室 1 074
4451917 4851 2025/12/24 15:05:35 P18 0 0 0 0 0 0 0 72.632 210.877 707.398 17.09 193.787 123.291 3779.602 57.983 130.463 748.444 -16.479 137.634 174.408 87.28 346.832 238.495 239.258 151.825 19.684 408.783 -4988.708 299.683 59.204 679.779 11.749 -8.85 593.262 65.918 192.413 232.239 111.694 -659.79 134.277 37.384 82.397 73.242 69.427 2510.834 2288.513 实验室 1 074
4451918 4851 2025/12/24 15:05:36 P18 0 0 0 0 0 0 0 72.937 210.266 707.398 17.395 192.871 122.986 3780.975 47.913 38.757 749.97 -16.479 137.329 174.255 81.177 347.595 238.495 239.563 151.978 19.836 408.02 -4987.945 309.906 58.899 687.561 11.444 -8.85 592.194 65.918 192.413 232.086 111.694 -659.943 134.43 36.774 89.264 79.498 72.021 2511.749 2293.091 实验室 1 074
4451919 4851 2025/12/24 15:05:37 P18 0 0 0 0 0 0 0 73.395 210.266 706.482 16.785 192.566 121.918 3780.975 30.06 -35.858 748.291 -16.632 136.719 174.561 82.092 346.985 238.648 238.495 152.283 19.531 408.63 -4989.319 320.74 62.561 708.618 11.902 -9.155 591.583 65.613 192.566 231.781 112.763 -659.943 134.125 36.926 78.43 76.447 74.31 2510.986 2290.955 实验室 1 074
4451920 4851 2025/12/24 15:05:38 P18 0 0 0 0 0 0 0 72.632 210.266 705.719 17.242 192.413 122.376 3781.128 15.869 -12.512 746.46 -16.632 137.787 173.645 81.329 347.138 239.105 238.648 151.978 19.531 407.105 -4989.014 314.331 57.831 696.869 12.054 -9.155 590.515 66.071 191.956 231.323 115.051 -661.316 133.82 37.079 84.839 75.684 71.716 2511.597 2290.039 实验室 1 074
4451921 4851 2025/12/24 15:05:39 P18 0 0 0 0 0 0 0 73.853 210.419 704.651 17.7 192.871 121.765 3782.043 6.714 2.136 752.869 -17.242 136.871 174.255 81.787 346.527 239.41 238.19 152.435 18.921 406.494 -4988.708 305.328 59.357 687.714 13.428 -9.003 589.752 65.765 191.498 231.171 115.509 -660.4 134.583 35.858 81.177 78.583 72.021 2510.986 2290.649 实验室 1 074
4451922 4851 2025/12/24 15:05:40 P18 0 0 0 0 0 0 0 73.853 209.961 704.193 17.853 192.413 121.918 3781.586 39.215 -62.408 740.356 -17.09 136.108 173.798 81.177 345.306 239.258 237.427 151.978 19.531 405.884 -4991.303 317.841 59.052 690.46 12.36 -7.935 589.294 65.765 191.345 230.713 116.272 -659.943 134.277 37.079 83.618 76.447 71.106 2512.054 2295.837 实验室 1 074
4451923 4851 2025/12/24 15:05:41 P18 0 0 0 0 0 0 0 73.09 210.114 703.735 16.479 192.261 121.155 3780.365 11.749 -130.005 748.138 -16.785 135.803 174.255 80.566 345.612 239.258 238.19 151.062 20.142 405.273 -4989.929 277.405 59.814 678.101 11.902 -8.545 588.379 65.155 191.193 231.018 116.119 -660.4 133.514 36.316 75.531 75.989 71.564 2511.597 2290.497 实验室 1 074
4451924 4851 2025/12/24 15:05:42 P18 0 0 0 0 0 0 0 72.784 210.724 703.888 16.174 192.108 121.613 3782.806 46.997 -86.365 739.136 -16.785 136.566 173.645 81.177 345.612 239.41 236.816 151.978 18.616 404.816 -4987.641 286.56 59.052 700.684 12.054 -8.545 588.379 65.46 191.345 230.103 113.22 -657.806 133.667 36.621 80.872 81.329 70.343 2511.902 2290.955 实验室 1 074
4451925 4851 2025/12/24 15:05:43 P18 0 0 0 0 0 0 0 73.09 210.419 702.362 16.937 191.345 124.817 3780.212 12.97 35.4 749.512 -16.785 135.193 172.882 80.109 344.696 239.41 236.664 151.825 18.616 404.816 -4989.929 302.887 61.035 705.872 11.902 -8.545 588.226 65.155 190.735 229.645 113.983 -659.638 133.514 36.011 78.278 74.768 71.411 2510.529 2292.938 实验室 1 074
4451926 4851 2025/12/24 15:05:44 P18 0 0 0 0 0 0 0 73.09 210.266 702.362 16.785 191.498 121.918 3779.602 44.556 80.261 755.615 -16.785 136.108 174.103 80.566 344.849 239.563 235.901 151.978 19.531 403.748 -4990.082 339.508 60.883 702.057 12.207 -9.613 586.853 65.002 190.582 230.255 113.525 -659.485 133.209 35.858 81.177 78.43 70.343 2510.529 2289.276 实验室 1 074
4451927 4851 2025/12/24 15:05:45 P18 0 0 0 0 0 0 0 72.937 211.334 701.141 16.785 191.193 121.46 3781.891 43.945 37.994 754.395 -17.242 135.803 173.187 80.261 344.544 240.021 235.138 152.13 19.836 403.137 -4988.708 327.301 61.646 702.667 12.665 -9.308 586.09 65.155 190.735 230.408 113.525 -659.332 133.057 36.163 78.735 75.226 69.275 2511.139 2291.87 实验室 1 074
4451928 4851 2025/12/24 15:05:46 P18 0 0 0 0 0 0 0 73.242 211.182 699.921 16.022 191.65 120.697 3781.433 47.455 50.354 764.008 -16.327 135.803 172.882 80.109 343.475 240.021 235.291 152.13 19.073 402.374 -4988.708 286.865 59.204 675.659 12.36 -9.155 586.09 65.46 190.125 229.492 112.305 -659.485 132.752 36.163 84.229 80.414 70.343 2511.597 2289.124 实验室 1 074
4451929 4851 2025/12/24 15:05:47 P18 0 0 0 0 0 0 0 72.937 211.029 699.768 16.174 190.43 121.155 3780.06 80.109 95.52 756.531 -16.327 135.346 172.882 79.803 343.628 240.326 234.222 152.13 19.073 401.306 -4991.455 299.53 59.967 692.596 12.512 -9.46 585.327 65.46 190.888 229.645 112.152 -659.18 133.972 36.163 78.888 78.583 72.021 2511.444 2289.581 实验室 1 074
4451930 4851 2025/12/24 15:05:48 P18 0 0 0 0 0 0 0 72.937 210.724 699.768 15.869 190.735 120.239 3780.06 34.943 126.343 749.512 -16.785 134.735 171.967 79.651 343.018 239.868 234.222 152.13 19.989 401.459 -4989.472 265.35 59.814 702.972 12.054 -9.766 584.717 64.697 189.514 228.424 111.694 -659.18 131.989 36.621 72.174 82.397 69.733 2510.529 2291.718 实验室 1 074
4451931 4851 2025/12/24 15:05:49 P18 0 0 0 0 0 0 0 73.547 210.419 699.005 17.242 190.277 120.239 3780.365 41.504 168.915 753.937 -17.09 135.346 172.882 80.109 343.781 240.326 234.07 151.672 19.379 400.085 -4989.166 274.811 59.814 710.449 12.97 -10.681 584.412 64.392 189.362 229.492 114.288 -658.875 132.446 36.316 76.141 82.397 73.09 2511.292 2286.224 实验室 1 074
4451932 4851 2025/12/24 15:05:50 P18 0 0 0 0 0 0 0 73.853 210.877 698.395 16.632 189.972 119.934 3782.043 34.332 143.738 751.801 -17.09 134.583 171.814 79.803 343.018 240.479 233.612 152.283 19.379 400.238 -4988.403 279.083 59.814 691.528 12.207 -9.46 583.191 63.782 190.125 229.187 112.305 -661.316 132.141 36.163 81.177 81.94 71.106 2510.986 2289.581 实验室 1 074
4451933 4851 2025/12/24 15:05:51 P18 0 0 0 0 0 0 0 72.937 211.182 698.09 16.174 190.125 120.087 3781.281 38.757 25.024 751.495 -18.005 133.972 172.882 79.956 343.018 240.173 234.375 151.978 19.836 400.085 -4989.166 315.857 62.256 702.21 11.444 -9.003 583.191 64.24 188.904 229.034 113.831 -658.875 131.989 36.163 81.177 74.463 71.564 2511.444 2290.039 实验室 1 074
4451934 4851 2025/12/24 15:05:52 P18 0 0 0 0 0 0 0 72.937 209.961 697.327 16.937 190.277 120.392 3781.128 13.275 68.054 738.983 -16.327 134.43 173.035 79.498 342.56 241.242 233.154 151.978 19.836 399.628 -4989.472 328.98 61.34 698.395 12.054 -10.223 582.275 64.392 188.904 227.966 113.983 -658.875 131.989 36.621 79.803 80.261 72.784 2511.292 2289.429 实验室 1 074
4451935 4851 2025/12/24 15:05:53 P18 0 0 0 0 0 0 0 72.784 210.266 698.242 16.937 190.43 119.324 3780.06 69.733 13.733 747.528 -17.395 133.972 172.577 79.803 342.407 242.31 232.544 151.978 19.226 399.475 -4989.472 276.489 61.951 674.744 12.817 -9.155 581.97 63.934 188.446 228.272 112.915 -659.332 132.141 36.163 77.515 76.447 68.97 2510.681 2289.734 实验室 1 074
4451936 4851 2025/12/24 15:05:54 P18 0 0 0 0 0 0 0 73.09 210.877 696.869 16.937 189.514 120.239 3781.128 38.91 22.278 744.782 -17.395 134.43 172.73 79.193 341.644 241.547 232.086 151.978 20.447 398.56 -4990.845 297.241 59.357 673.37 11.902 -9.613 581.207 63.934 188.751 228.577 115.204 -658.569 131.836 36.316 78.583 73.242 66.376 2510.529 2289.124 实验室 1 074
4451937 4851 2025/12/24 15:05:55 P18 0 0 0 0 0 0 0 72.784 211.334 696.411 16.937 189.209 120.392 3780.06 22.278 6.866 751.648 -17.7 133.667 172.424 78.888 341.797 240.326 231.476 151.978 18.463 397.034 -4990.692 321.198 59.204 690.765 11.292 -9.46 581.513 64.087 187.988 227.356 110.626 -659.485 131.989 35.706 73.395 75.378 70.648 2510.681 2289.276 实验室 1 074
4451938 4851 2025/12/24 15:05:56 P18 0 0 0 0 0 0 0 73.7 211.182 695.801 16.632 189.362 119.171 3781.281 48.218 114.136 757.141 -18.005 133.514 172.119 79.193 340.729 241.699 230.255 152.741 18.311 397.492 -4990.692 360.87 59.204 705.261 12.054 -10.986 580.597 63.934 188.141 227.203 113.678 -659.79 131.531 35.553 82.703 79.956 71.411 2511.292 2290.192 实验室 1 074
4451939 4851 2025/12/24 15:05:57 P18 0 0 0 0 0 0 0 73.853 210.877 694.428 16.174 189.667 118.713 3780.975 41.504 92.468 749.054 -16.785 133.667 173.95 78.43 341.187 241.394 231.323 151.825 20.142 396.729 -4989.014 328.369 60.577 703.278 12.054 -9.613 577.087 63.477 188.446 227.203 115.204 -658.112 131.073 35.4 81.024 78.125 69.58 2510.681 2290.497 实验室 1 074
4451940 4851 2025/12/24 15:05:58 P18 0 0 0 0 0 0 0 74.158 210.724 693.359 16.479 188.599 120.239 3782.196 53.864 92.621 745.239 -16.937 133.514 172.882 78.735 340.576 241.242 231.323 151.52 18.921 396.729 -4989.014 324.554 59.357 744.019 12.207 -9.613 579.376 63.171 187.378 226.898 113.22 -657.349 131.073 36.011 85.449 76.294 73.547 2511.902 2288.513 实验室 1 074
4451941 4851 2025/12/24 15:05:59 P18 0 0 0 0 0 0 0 73.7 210.419 694.122 16.785 188.904 118.561 3782.043 -21.82 50.354 745.392 -16.174 133.209 171.204 79.651 341.034 241.547 230.103 151.52 18.311 396.881 -4989.472 320.129 59.814 747.833 11.749 -9.155 577.85 63.934 186.92 226.746 105.438 -656.281 131.531 35.248 80.261 76.141 71.259 2511.444 2294.464 实验室 1 074
4451942 4851 2025/12/24 15:06:00 P18 0 0 0 0 0 0 0 74.31 211.487 693.054 16.937 188.751 118.561 3781.128 26.855 65.613 753.021 -17.09 132.904 171.509 78.735 340.576 241.699 230.255 151.367 18.463 395.813 -4989.319 371.246 59.509 733.337 12.207 -9.46 578.613 63.477 186.462 226.44 110.474 -658.569 130.92 34.943 76.599 79.651 72.021 2511.902 2289.276 实验室 1 074
4451943 4851 2025/12/24 15:06:01 P18 0 0 0 0 0 0 0 73.242 211.029 692.139 16.022 189.362 118.408 3780.365 41.351 2.441 753.174 -16.632 132.752 171.661 78.583 339.508 242.31 230.408 151.672 18.158 395.05 -4989.624 404.968 61.493 740.967 11.902 -9.766 577.698 63.934 187.073 226.288 112.305 -657.806 130.92 35.095 78.43 71.869 66.834 2511.597 2288.666 实验室 1 074
4451944 4851 2025/12/24 15:06:02 P18 0 0 0 0 0 0 0 72.479 210.724 692.139 14.954 187.683 118.103 3782.501 54.016 -78.125 753.784 -17.395 132.752 172.882 78.583 339.661 244.446 228.882 151.062 18.463 395.508 -4988.708 345.001 60.425 733.643 13.123 -9.613 576.935 63.019 186.768 225.678 112.152 -658.417 130.463 36.011 73.09 78.125 61.035 2511.749 2288.666 实验室 1 074
4451945 4851 2025/12/24 15:06:03 P18 0 0 0 0 0 0 0 72.632 210.724 692.139 16.785 188.141 117.035 3780.67 39.825 25.635 757.904 -16.632 132.904 171.204 77.82 338.745 242.462 228.729 151.367 18.463 394.592 -4989.166 291.596 58.441 709.839 12.054 -8.85 576.935 63.171 186.615 226.593 114.441 -657.654 130.158 35.4 80.566 74.921 75.531 2511.749 2286.377 实验室 1 074
4451946 4851 2025/12/24 15:06:04 P18 0 0 0 0 0 0 0 72.784 210.571 690.46 16.327 187.988 118.103 3780.67 51.27 132.752 756.226 -17.09 133.057 171.661 77.82 338.593 242.462 229.034 152.13 18.311 393.372 -4988.708 296.326 61.34 689.087 8.698 -9.766 575.562 62.561 186.768 226.135 113.068 -657.654 130.158 34.79 82.55 78.583 66.223 2510.681 2287.598 实验室 1 074
4451947 4851 2025/12/24 15:06:05 P18 0 0 0 0 0 0 0 72.479 210.724 690.918 16.022 189.362 117.95 3781.128 12.97 128.326 757.141 -17.7 131.683 172.119 77.667 339.813 243.073 227.814 151.367 18.158 394.287 -4988.556 323.944 62.408 664.825 12.817 -10.376 575.104 62.866 186.31 225.22 115.967 -657.349 129.852 35.248 76.752 76.752 70.19 2511.749 2289.124 实验室 1 074
4451948 4851 2025/12/24 15:06:06 P18 0 0 0 0 0 0 0 72.479 210.724 690.918 16.022 189.362 117.95 3781.128 12.97 128.326 757.141 -17.7 131.683 172.119 77.667 339.813 243.073 227.814 151.367 18.158 394.287 -4988.556 323.944 62.408 664.825 12.817 -10.376 575.104 62.866 186.31 225.22 115.967 -657.349 129.852 35.248 76.752 76.752 70.19 2511.749 2289.124 实验室 1 074
4451949 4851 2025/12/24 15:06:07 P18 0 0 0 0 0 0 0 72.937 210.877 689.545 16.022 187.988 117.493 3782.043 33.264 152.13 746.918 -16.937 131.531 171.509 77.667 338.135 242.92 227.661 152.13 18.158 393.219 -4990.082 360.565 58.594 651.093 12.207 -8.545 574.799 63.171 185.852 225.22 111.847 -658.417 130.463 35.095 76.141 74.768 70.496 2511.292 2286.377 实验室 1 074
4451950 4851 2025/12/24 15:06:08 P18 0 0 0 0 0 0 0 72.327 211.334 689.392 16.479 187.683 117.645 3780.212 48.523 72.021 733.948 -16.327 131.836 171.051 78.43 338.745 242.615 227.661 151.062 19.073 392.151 -4988.861 325.928 58.289 652.008 12.054 -9.613 574.188 62.714 185.547 224.762 110.474 -657.806 129.852 35.095 74.615 81.787 68.359 2510.834 2288.208 实验室 1 074
4451951 4851 2025/12/24 15:06:09 P18 0 0 0 0 0 0 0 72.937 211.182 689.087 16.174 187.378 116.425 3780.975 51.575 44.861 744.019 -16.937 131.226 171.356 77.667 338.898 242.767 227.051 151.062 18.158 391.998 -4987.335 295.563 61.188 654.907 12.512 -9.155 573.273 62.256 185.242 224.457 111.237 -657.196 130.005 35.4 84.229 78.888 69.275 2511.444 2291.565 实验室 1 074
4451952 4851 2025/12/24 15:06:10 P18 0 0 0 0 0 0 0 72.784 210.877 688.934 15.869 186.615 117.34 3781.586 12.97 36.011 738.831 -17.548 131.073 171.661 77.057 337.524 243.378 226.288 151.367 18.463 392.151 -4988.861 247.955 60.272 674.286 12.207 -9.766 572.662 62.408 185.242 224.304 111.389 -657.806 129.089 35.4 74.005 77.515 73.242 2512.054 2292.938 实验室 1 074
4451953 4851 2025/12/24 15:06:11 P18 0 0 0 0 0 0 0 72.937 212.097 687.561 16.327 187.531 117.645 3781.128 24.109 41.199 738.068 -16.632 131.073 171.204 77.057 337.677 242.767 227.051 151.52 18.463 391.388 -4990.692 219.269 63.019 663.147 12.054 -9.308 573.273 62.256 185.547 223.694 113.831 -657.654 129.547 34.637 77.82 76.141 68.817 2511.292 2289.886 实验室 1 074
4451954 4851 2025/12/24 15:06:12 P18 0 0 0 0 0 0 0 72.937 210.877 686.646 16.022 187.073 117.645 3780.67 27.313 -8.698 738.068 -17.09 131.836 170.746 77.209 336.914 243.53 225.83 151.978 18.616 390.625 -4988.403 250.702 58.899 675.049 12.665 -10.223 572.51 62.103 185.547 225.22 113.831 -658.569 129.395 35.248 85.907 76.752 70.801 2510.834 2287.14 实验室 1 074
4451955 4851 2025/12/24 15:06:13 P18 0 0 0 0 0 0 0 73.7 211.487 687.103 15.869 187.531 117.645 3782.349 22.888 27.466 727.387 -16.937 130.615 171.356 77.362 337.83 243.378 225.372 151.52 18.158 391.235 -4988.861 272.522 61.646 684.357 12.207 -8.85 572.052 62.561 184.479 223.694 111.694 -657.501 129.547 34.79 72.327 73.242 70.953 2511.749 2289.734 实验室 1 074
4451956 4851 2025/12/24 15:06:14 P18 0 0 0 0 0 0 0 72.784 211.182 685.425 16.632 187.073 116.882 3780.823 45.624 -12.512 737.915 -16.479 131.226 170.593 83.008 336.914 243.683 225.22 152.13 18.005 390.625 -4988.556 307.159 59.814 719.757 11.749 -10.071 571.289 62.103 184.174 223.694 111.237 -657.959 129.7 34.79 78.735 76.447 68.97 2510.834 2290.192 实验室 1 074
4451957 4851 2025/12/24 15:06:15 P18 0 0 0 0 0 0 0 74.31 210.724 685.272 15.564 187.378 117.188 3779.449 65.765 -42.267 748.138 -17.242 130.158 171.967 75.226 335.999 243.225 225.067 151.062 17.7 389.862 -4987.641 308.838 57.373 720.367 11.292 -8.698 570.679 61.951 184.479 223.846 113.068 -656.891 129.7 35.248 75.226 77.515 68.054 2511.139 2292.328 实验室 1 074
4451958 4851 2025/12/24 15:06:16 P18 0 0 0 0 0 0 0 72.784 211.639 685.272 15.869 186.768 117.188 3780.823 5.951 -0.916 734.406 -16.937 130.31 170.593 76.752 336.456 243.683 224.609 151.978 19.531 389.099 -4988.098 315.857 59.814 696.259 11.902 -9.766 569.611 62.256 184.326 223.084 112.61 -656.586 128.937 35.248 74.921 81.635 70.496 2510.529 2287.598 实验室 1 074
4451959 4851 2025/12/24 15:06:17 P18 0 0 0 0 0 0 0 74.005 211.487 684.509 19.226 187.836 116.425 3781.433 31.128 87.738 741.272 -17.395 130.158 171.204 76.752 336.304 243.53 225.525 151.367 18.005 388.489 -4988.251 323.639 49.133 702.972 12.054 -9.003 569.916 61.798 183.868 222.931 114.441 -657.806 128.784 35.095 77.667 73.547 69.885 2511.292 2289.734 实验室 1 074
4451960 4851 2025/12/24 15:06:18 P18 0 0 0 0 0 0 0 73.395 211.487 684.815 15.564 185.7 116.882 3782.043 38.91 66.071 742.493 -17.395 130.615 171.356 76.141 335.846 244.751 224.609 152.13 18.768 388.184 -4988.251 296.936 60.577 698.242 12.36 -10.376 568.39 61.951 184.021 222.778 111.084 -657.044 128.326 34.943 72.632 80.261 70.648 2512.512 2287.75 实验室 1 074
4451961 4851 2025/12/24 15:06:19 P18 0 0 0 0 0 0 0 72.937 210.724 683.899 15.869 185.852 116.73 3780.212 64.24 -24.567 744.019 -17.09 130.768 171.051 76.904 335.846 244.293 223.694 151.062 18.463 388.336 -4988.403 263.977 59.509 685.883 11.902 -9.766 568.237 61.188 184.326 223.389 108.185 -656.738 128.632 34.637 82.092 73.09 69.275 2512.207 2288.208 实验室 1 074
4451962 4851 2025/12/24 15:06:20 P18 0 0 0 0 0 0 0 74.005 211.334 683.136 16.937 186.31 115.356 3779.602 31.128 -11.292 752.869 -17.242 129.089 170.593 76.599 335.846 243.378 223.541 151.367 17.853 387.116 -4988.251 228.882 58.746 703.125 11.292 -9.613 568.695 61.646 183.411 222.626 112.915 -656.891 129.089 34.332 81.177 77.362 70.953 2510.834 2289.276 实验室 1 074
4451963 4851 2025/12/24 15:06:21 P18 0 0 0 0 0 0 0 74.005 211.792 683.441 15.564 187.378 116.119 3780.365 32.654 43.488 749.512 -17.853 129.242 170.746 75.989 334.778 243.683 223.694 150.452 18.005 387.573 -4988.251 213.623 58.441 717.468 11.444 -9.308 566.864 61.646 183.411 222.473 111.542 -657.959 128.326 34.18 81.329 69.733 69.58 2510.681 2291.412 实验室 1 074
4451964 4851 2025/12/24 15:06:22 P18 0 0 0 0 0 0 0 73.853 212.097 682.373 15.259 184.937 116.73 3781.738 26.245 66.528 747.681 -17.09 129.547 170.288 75.836 335.083 244.141 222.778 151.52 18.005 386.505 -4988.556 225.525 62.103 762.024 12.817 -9.766 566.711 60.883 183.106 222.321 112.61 -656.891 128.479 34.637 71.259 76.294 74.31 2512.054 2288.666 实验室 1 074
4451965 4851 2025/12/24 15:06:23 P18 0 0 0 0 0 0 0 74.005 212.708 682.678 16.479 185.852 117.035 3781.128 72.327 52.948 738.983 -16.785 129.089 170.288 76.141 335.236 244.293 222.473 149.994 18.158 386.505 -4987.945 209.045 58.594 727.234 12.054 -9.918 566.864 61.34 183.868 221.71 112.915 -657.349 128.632 34.18 77.667 78.888 70.648 2511.139 2289.276 实验室 1 074
4451966 4851 2025/12/24 15:06:24 P18 0 0 0 0 0 0 0 73.395 210.724 682.221 16.022 185.242 116.577 3780.975 7.935 -4.73 750.427 -17.242 129.242 170.441 75.378 335.083 244.141 222.473 152.435 18.158 385.59 -4989.014 188.141 61.035 678.864 12.665 -10.071 566.406 60.577 182.8 222.168 110.779 -656.891 128.021 32.959 83.008 72.937 69.885 2511.444 2289.124 实验室 1 074
4451967 4851 2025/12/24 15:06:25 P18 0 0 0 0 0 0 0 73.242 211.792 680.847 16.479 185.394 115.967 3780.06 28.381 -62.256 747.833 -16.937 128.632 170.898 76.447 334.473 244.751 221.863 150.452 18.311 385.132 -4988.861 208.435 59.357 656.891 12.054 -9.46 565.643 61.035 182.648 221.71 110.779 -656.738 128.021 34.943 78.735 73.547 70.19 2510.529 2294.159 实验室 1 074
4451968 4851 2025/12/24 15:06:26 P18 0 0 0 0 0 0 0 73.242 211.487 680.847 16.174 184.784 115.967 3780.212 27.161 -34.943 752.869 -16.937 128.326 171.204 76.599 335.236 244.751 221.863 151.52 18.311 386.2 -4989.472 206.757 59.357 662.994 12.207 -9.918 565.338 61.035 182.648 221.1 113.983 -657.196 127.411 34.485 70.038 75.226 70.801 2510.681 2289.429 实验室 1 074
4451969 4851 2025/12/24 15:06:27 P18 0 0 0 0 0 0 0 73.242 211.945 679.779 15.717 186.157 115.814 3780.365 9.613 74.768 749.207 -16.479 128.784 169.678 75.684 334.32 244.904 222.168 151.367 17.548 385.59 -4989.166 240.479 59.509 680.542 11.902 -10.223 565.949 61.646 182.343 221.71 112.915 -656.586 127.564 34.332 78.735 80.566 72.784 2510.986 2288.361 实验室 1 074
4451970 4851 2025/12/24 15:06:28 P18 0 0 0 0 0 0 0 73.395 210.724 679.932 16.022 186.005 116.73 3782.501 39.063 124.817 747.376 -17.395 128.479 170.593 76.294 334.015 244.904 221.863 151.367 18.005 384.674 -4989.166 247.345 59.357 718.842 12.207 -10.376 564.117 61.035 184.174 220.795 110.931 -656.738 128.021 34.18 75.378 78.888 69.885 2512.054 2288.513 实验室 1 074
4451971 4851 2025/12/24 15:06:29 P18 0 0 0 0 0 0 0 72.937 212.097 679.169 15.717 185.394 115.662 3780.67 67.902 205.383 749.664 -16.479 128.326 169.983 75.684 333.557 244.141 220.947 151.672 18.005 384.674 -4990.845 260.315 60.272 720.825 11.597 -9.46 563.66 60.577 182.19 221.405 112.763 -658.112 127.869 33.722 73.547 78.43 70.038 2511.292 2289.124 实验室 1 074
4451972 4851 2025/12/24 15:06:30 P18 0 0 0 0 0 0 0 73.242 212.402 678.864 15.869 185.242 115.509 3782.654 47.15 56 750.427 -16.479 128.784 170.136 75.684 333.862 245.056 220.337 152.13 17.395 384.522 -4988.708 311.127 58.289 717.926 11.749 -9.918 563.355 61.035 182.19 221.71 112.915 -657.654 127.564 34.485 70.496 79.803 70.648 2511.597 2288.513 实验室 1 074
4451973 4851 2025/12/24 15:06:31 P18 0 0 0 0 0 0 0 73.242 211.945 678.711 15.411 185.242 115.814 3781.586 43.945 -70.801 743.561 -16.479 128.326 169.83 74.768 333.252 244.751 220.184 152.13 17.548 384.369 -4990.082 284.424 61.493 715.179 11.597 -9.308 562.744 61.646 181.427 220.49 110.779 -657.044 127.258 34.027 82.55 76.447 69.885 2511.444 2289.581 实验室 1 074
4451974 4851 2025/12/24 15:06:32 P18 0 0 0 0 0 0 0 73.395 211.639 677.338 16.022 184.937 115.662 3782.043 29.755 -106.201 751.19 -17.09 127.716 169.83 75.378 333.405 245.514 219.727 151.52 17.548 383.606 -4989.776 234.375 58.289 693.97 11.749 -9.918 562.744 61.646 181.732 219.879 113.22 -657.501 127.716 33.875 77.667 75.073 69.427 2511.902 2292.023 实验室 1 074
4451975 4851 2025/12/24 15:06:33 P18 0 0 0 0 0 0 0 73.547 212.097 678.253 15.564 184.479 115.356 3780.67 65.46 -55.542 746.155 -16.632 128.937 169.678 75.836 333.71 245.209 220.337 151.215 18.005 382.69 -4990.082 233.612 59.357 672.15 11.749 -10.071 561.523 60.272 180.969 220.49 111.084 -656.738 126.648 33.875 75.073 82.092 67.139 2510.986 2289.429 实验室 1 074
4451976 4851 2025/12/24 15:06:34 P18 0 0 0 0 0 0 0 72.632 212.555 678.864 15.259 184.479 116.272 3780.212 28.534 -50.659 737.915 -16.785 127.258 169.678 75.226 333.252 245.056 220.184 151.367 17.7 383.911 -4989.319 226.44 64.697 645.599 13.123 -10.376 563.049 60.577 180.969 220.032 113.22 -668.182 126.953 34.027 80.261 75.836 69.733 2511.292 2288.055 实验室 1 074
4451977 4851 2025/12/24 15:06:35 P18 0 0 0 0 0 0 0 73.395 211.182 677.033 15.411 183.411 115.204 3781.128 63.782 -91.248 748.749 -17.395 127.258 170.593 75.684 333.099 245.972 218.811 151.062 18.005 382.385 -4987.793 221.71 59.662 645.905 12.665 -10.681 560.913 61.035 180.817 219.879 113.678 -656.586 127.106 34.18 83.16 74.005 67.444 2511.597 2290.192 实验室 1 074
4451978 4851 2025/12/24 15:06:36 P18 0 0 0 0 0 0 0 73.242 211.487 676.422 16.327 184.326 115.356 3782.196 -0.153 -70.648 742.798 -17.7 127.258 168.915 75.684 332.336 245.667 218.658 151.215 17.09 381.928 -4989.929 216.217 59.509 673.676 12.97 -9.308 561.066 60.73 180.206 219.727 113.831 -657.044 126.953 34.027 85.754 74.768 68.512 2513.428 2287.292 实验室 1 074
4451979 4851 2025/12/24 15:06:37 P18 0 0 0 0 0 0 0 73.242 211.487 676.422 16.327 184.326 115.356 3782.196 -0.153 -70.648 742.798 -17.7 127.258 168.915 75.684 332.336 245.667 218.658 151.215 17.09 381.928 -4989.929 216.217 59.509 673.676 12.97 -9.308 561.066 60.73 180.206 219.727 113.831 -657.044 126.953 34.027 85.754 74.768 68.512 2513.428 2287.292 实验室 1 074
4451980 4851 2025/12/24 15:06:38 P18 0 0 0 0 0 0 0 72.937 211.792 675.507 16.174 184.021 114.899 3781.891 26.245 17.853 745.85 -16.632 127.411 169.678 74.615 331.726 245.361 219.421 151.52 17.7 381.928 -4989.166 207.214 59.814 729.675 12.36 -10.834 560.303 61.035 180.969 219.879 114.899 -657.501 126.648 33.417 78.125 70.343 71.716 2511.749 2287.75 实验室 1 074
4451981 4851 2025/12/24 15:06:39 P18 0 0 0 0 0 0 0 72.937 211.792 675.507 16.174 184.021 115.356 3782.501 55.695 92.926 744.629 -17.548 126.495 169.525 74.158 332.489 245.667 217.285 150.757 17.395 381.317 -4988.403 227.814 59.509 695.038 12.054 -9.766 559.845 59.967 180.359 218.811 113.373 -656.738 126.953 33.722 67.291 78.888 68.512 2511.292 2290.039 实验室 1 074
4451982 4851 2025/12/24 15:06:40 P18 0 0 0 0 0 0 0 72.784 211.945 675.049 16.174 183.563 114.441 3780.67 -30.06 95.215 747.833 -16.785 126.953 169.373 74.463 331.116 245.819 218.048 151.062 18.768 382.08 -4989.166 274.658 61.035 683.746 11.749 -10.681 559.54 61.035 180.512 218.964 112.915 -657.044 125.885 34.332 73.853 77.82 67.139 2511.902 2288.208 实验室 1 074
4451983 4851 2025/12/24 15:06:41 P18 0 0 0 0 0 0 0 74.158 211.334 674.591 16.174 183.868 114.746 3781.433 47.76 114.899 751.343 -16.174 126.648 169.983 74.463 331.726 245.972 217.743 150.909 17.548 380.859 -4989.776 265.808 58.289 674.286 11.749 -10.071 559.235 56.305 180.512 218.964 113.22 -657.044 126.19 33.264 78.888 73.242 70.343 2511.139 2288.818 实验室 1 074
4451984 4851 2025/12/24 15:06:42 P18 0 0 0 0 0 0 0 73.547 211.182 674.439 16.327 183.258 115.509 3778.839 -0.916 177.307 752.564 -16.174 126.953 168.915 73.853 331.421 246.582 217.438 151.215 17.242 380.249 -4988.861 303.955 57.831 694.428 12.97 -10.071 557.861 59.814 179.749 218.506 111.389 -659.18 125.885 34.027 79.498 73.853 69.733 2510.681 2288.055 实验室 1 074
4451985 4851 2025/12/24 15:06:43 P18 0 0 0 0 0 0 0 73.242 211.945 673.218 16.479 183.411 114.288 3779.907 65.765 152.435 741.119 -16.937 126.19 169.373 74.158 331.574 246.582 217.285 151.367 17.395 379.791 -4990.387 283.203 60.12 703.125 12.512 -9.155 557.556 59.662 179.901 218.353 110.626 -660.553 126.953 33.417 86.823 76.447 75.531 2510.834 2293.243 实验室 1 074
4451986 4851 2025/12/24 15:06:44 P18 0 0 0 0 0 0 0 73.395 211.487 673.523 15.869 183.411 114.746 3780.06 58.289 97.961 740.509 -17.09 127.564 169.678 73.853 331.421 246.887 216.827 151.215 17.853 379.944 -4990.082 294.342 59.967 723.724 11.902 -10.681 557.861 59.814 179.749 218.201 107.422 -659.943 125.732 34.18 73.395 75.226 68.97 2510.681 2289.276 实验室 1 074
4451987 4851 2025/12/24 15:06:45 P18 0 0 0 0 0 0 0 73.09 211.334 673.065 15.411 182.953 114.899 3780.975 34.943 11.139 745.544 -17.548 126.495 170.593 73.7 331.116 245.972 216.065 151.367 17.548 379.334 -4989.319 334.93 59.052 738.22 12.512 -10.681 556.793 59.357 180.054 219.116 108.795 -661.316 125.732 33.417 75.684 75.684 69.733 2510.986 2284.546 实验室 1 074
4451988 4851 2025/12/24 15:06:46 P18 0 0 0 0 0 0 0 73.242 211.945 672.302 15.564 182.953 114.288 3781.586 17.395 -16.174 748.291 -18.158 126.343 169.678 74.768 331.574 245.972 216.217 151.062 17.548 379.334 -4988.708 346.375 59.967 747.376 11.292 -9.766 556.488 59.967 178.986 218.201 108.49 -660.4 126.038 33.875 72.327 74.615 69.58 2511.749 2288.055 实验室 1 074
4451989 4851 2025/12/24 15:06:47 P18 0 0 0 0 0 0 0 73.853 212.25 671.997 15.869 183.563 113.983 3779.602 -3.51 -41.809 749.207 -16.327 126.038 169.067 73.547 330.505 246.582 216.522 151.062 17.09 378.723 -4988.403 329.895 63.019 696.411 11.749 -9.918 556.946 59.967 179.443 217.743 110.016 -660.706 126.19 32.806 69.733 72.021 70.496 2510.681 2284.698 实验室 1 074
4451990 4851 2025/12/24 15:06:48 P18 0 0 0 0 0 0 0 73.395 212.555 671.997 16.022 182.953 114.594 3779.907 9.766 3.052 750.275 -17.09 126.343 169.22 73.395 330.048 246.735 216.522 150.909 16.937 378.876 -4987.945 340.424 59.204 713.196 11.902 -10.376 556.335 60.577 178.833 217.896 108.49 -661.316 125.58 32.806 74.31 78.735 72.937 2512.512 2290.192 实验室 1 074
4451991 4851 2025/12/24 15:06:49 P18 0 0 0 0 0 0 0 73.547 212.25 671.387 15.564 183.106 114.441 3780.67 72.937 96.893 755.92 -17.548 126.648 169.22 74.158 330.505 246.887 215.302 151.672 16.937 378.723 -4988.251 328.827 60.883 703.583 10.986 -10.223 556.03 59.967 179.138 217.743 109.863 -661.774 126.495 32.959 80.719 71.869 72.632 2510.986 2288.361 实验室 1 074
4451992 4851 2025/12/24 15:06:50 P18 0 0 0 0 0 0 0 74.463 211.487 671.387 15.259 182.495 114.136 3781.281 47.302 66.528 752.869 -17.09 125.122 169.067 72.937 330.811 246.735 215.759 151.52 18.311 378.265 -4990.997 334.015 61.646 691.071 12.512 -11.902 556.03 59.662 178.833 218.506 110.169 -662.689 125.122 32.806 78.125 75.989 69.58 2510.834 2287.903 实验室 1 074
4451993 4851 2025/12/24 15:06:51 P18 0 0 0 0 0 0 0 73.395 212.555 671.234 16.479 182.648 113.831 3780.67 58.899 38.91 754.7 -17.548 125.58 169.22 73.547 329.895 248.261 214.539 151.062 16.632 377.96 -4990.234 333.862 60.272 713.196 11.902 -10.223 554.81 59.814 178.833 217.285 111.389 -661.621 126.19 33.417 75.226 77.972 72.784 2510.529 2288.971 实验室 1 074
4451994 4851 2025/12/24 15:06:52 P18 0 0 0 0 0 0 0 73.242 211.639 669.861 15.564 183.106 114.136 3781.433 13.123 0.153 750.122 -17.09 126.343 169.067 73.395 330.2 247.04 214.996 151.825 17.7 377.35 -4989.319 361.023 58.594 722.046 12.36 -10.529 554.352 59.357 179.291 217.59 110.626 -658.112 125.122 33.417 72.632 73.547 70.953 2511.902 2291.87 实验室 1 074
4451995 4851 2025/12/24 15:06:53 P18 0 0 0 0 0 0 0 73.242 212.402 669.861 15.564 183.106 114.136 3782.501 26.093 42.267 732.422 -16.479 125.885 169.22 72.784 330.048 247.345 214.691 152.13 17.7 376.892 -4989.014 350.189 61.34 710.449 11.902 -10.834 554.504 59.967 179.596 217.438 113.525 -656.433 125.122 32.806 72.021 76.447 70.19 2512.36 2289.429 实验室 1 074
4451996 4851 2025/12/24 15:06:54 P18 0 0 0 0 0 0 0 73.547 211.945 669.098 16.327 183.106 112.915 3782.654 53.711 69.885 737.305 -17.242 125.732 169.22 74.615 330.2 247.192 213.471 151.367 17.395 377.655 -4988.708 356.751 60.577 691.834 12.665 -10.834 553.436 59.662 178.07 216.522 110.016 -660.095 125.732 32.196 84.991 73.7 70.038 2511.749 2288.971 实验室 1 074
4451997 4851 2025/12/24 15:06:55 P18 0 0 0 0 0 0 0 73.09 212.402 669.098 14.954 182.343 113.525 3782.043 20.447 165.71 746.002 -16.479 126.648 169.067 72.632 329.742 247.345 213.776 151.672 17.548 377.045 -4989.472 328.522 62.714 706.482 11.597 -10.376 553.284 59.814 178.375 216.522 113.22 -661.316 124.817 32.806 76.599 72.021 69.58 2512.054 2288.055 实验室 1 074
4451998 4851 2025/12/24 15:06:56 P18 0 0 0 0 0 0 0 73.7 213.928 668.64 15.259 183.106 113.983 3780.212 14.648 -2.747 740.051 -16.479 125.427 168.61 73.242 329.895 247.65 214.386 151.215 17.09 376.74 -4990.082 306.854 59.509 734.863 10.071 -10.223 552.979 60.12 178.528 216.065 112.152 -659.638 124.664 32.806 81.635 71.259 69.885 2511.292 2289.124 实验室 1 074
4451999 4851 2025/12/24 15:06:57 P18 0 0 0 0 0 0 0 73.395 212.402 668.945 15.411 181.885 113.525 3782.501 31.281 -19.226 741.119 -16.327 125.427 168.61 72.632 329.437 247.345 213.318 151.215 17.09 377.045 -4987.488 311.585 58.899 705.566 11.749 -10.986 552.521 58.746 178.528 216.217 111.542 -660.553 124.512 34.18 83.923 70.953 70.19 2512.817 2288.513 实验室 1 074
4452000 4851 2025/12/24 15:06:58 P18 0 0 0 0 0 0 0 73.242 212.708 668.488 14.954 183.258 112.457 3780.823 38.3 -55.542 736.237 -16.479 124.817 168.61 72.479 328.827 247.955 213.623 151.215 17.395 376.587 -4990.082 305.634 58.899 695.496 12.207 -10.223 551.91 59.204 178.986 215.759 112.61 -660.553 124.664 33.112 76.904 72.784 68.97 2511.292 2289.124 实验室 1 074
4452001 4851 2025/12/24 15:06:59 P18 0 0 0 0 0 0 0 73.395 212.402 668.03 15.564 182.343 113.525 3780.365 68.97 5.188 737.915 -18.005 124.97 168.762 72.937 328.674 247.955 211.945 151.672 16.937 376.587 -4987.793 356.903 58.289 715.79 12.054 -11.597 552.216 58.289 177.765 216.217 112.152 -661.011 125.275 32.959 76.904 78.735 69.58 2510.376 2289.886 实验室 1 074
4452002 4851 2025/12/24 15:07:00 P18 0 0 0 0 0 0 0 73.547 212.555 666.809 15.564 182.343 112.305 3781.281 48.676 21.973 736.847 -17.09 124.207 168.61 72.632 328.674 247.498 213.165 151.062 16.632 375.214 -4987.945 322.876 63.782 718.689 11.597 -9.613 551.453 58.899 177.46 215.302 113.068 -660.553 125.275 32.349 78.735 77.667 69.58 2511.139 2288.818 实验室 1 074
4452003 4851 2025/12/24 15:07:01 P18 0 0 0 0 0 0 0 72.784 212.402 667.267 15.106 181.274 113.068 3782.349 3.967 87.891 744.629 -16.632 125.275 168.61 72.937 328.522 247.65 212.402 151.978 16.785 375.519 -4988.861 316.62 60.577 728.149 11.749 -11.292 550.842 59.204 178.07 216.522 109.406 -659.638 124.207 33.112 80.109 78.583 68.817 2511.749 2288.666 实验室 1 074
4452004 4851 2025/12/24 15:07:02 P18 0 0 0 0 0 0 0 73.242 212.097 666.046 14.954 181.885 113.831 3780.06 49.591 53.253 744.629 -17.7 124.664 169.067 72.632 328.369 248.718 211.334 151.062 16.937 374.908 -4989.014 343.018 59.052 709.686 12.207 -11.292 549.927 58.136 177.307 215.759 110.931 -659.485 124.054 33.264 81.94 78.583 68.817 2511.597 2290.344 实验室 1 074
4452005 4851 2025/12/24 15:07:03 P18 0 0 0 0 0 0 0 74.158 213.013 665.894 15.564 182.19 113.373 3781.281 29.755 45.013 743.256 -17.09 124.664 167.999 72.327 330.505 247.498 212.555 151.062 16.785 374.756 -4989.776 310.211 63.019 672.913 11.902 -10.529 551.3 58.746 177.307 215.302 110.779 -660.553 124.207 33.112 74.005 74.921 66.376 2510.529 2287.14 实验室 1 074
4452006 4851 2025/12/24 15:07:04 P18 0 0 0 0 0 0 0 73.242 211.639 666.199 16.327 181.58 112.915 3779.755 53.711 -4.425 748.291 -16.937 124.054 168.762 72.327 331.116 247.955 211.334 150.604 16.785 374.298 -4987.945 335.693 60.425 679.779 11.749 -10.834 549.622 58.136 176.849 215.302 109.863 -659.79 124.207 32.501 81.329 68.359 70.648 2511.597 2289.276 实验室 1 074
4452007 4851 2025/12/24 15:07:05 P18 0 0 0 0 0 0 0 73.09 213.013 666.046 15.411 181.122 113.525 3780.365 46.997 -26.245 742.035 -16.327 124.207 168.457 72.479 327.911 247.803 212.25 152.13 16.479 374.298 -4990.54 374.298 60.425 706.635 11.902 -10.376 550.232 58.289 176.544 214.996 113.525 -661.621 124.359 32.349 79.041 77.362 65.918 2510.834 2289.429 实验室 1 074
4452008 4851 2025/12/24 15:07:06 P18 0 0 0 0 0 0 0 73.547 212.86 665.741 15.106 181.732 112.915 3780.518 39.825 83.466 740.051 -16.937 125.885 167.999 72.632 327.911 248.108 211.334 151.978 16.785 374.756 -4987.793 381.928 59.662 688.629 11.902 -11.139 549.316 58.746 176.086 215.149 112 -662.384 124.054 32.806 81.787 74.31 72.784 2510.681 2290.192 实验室 1 074
4452009 4851 2025/12/24 15:07:07 P18 0 0 0 0 0 0 0 73.547 212.86 665.741 15.106 181.732 112.915 3780.518 39.825 83.466 740.051 -16.937 125.885 167.999 72.632 327.911 248.108 211.334 151.978 16.785 374.756 -4987.793 381.928 59.662 688.629 11.902 -11.139 549.316 58.746 176.086 215.149 112 -662.384 124.054 32.806 81.787 74.31 72.784 2510.681 2290.192 实验室 1 074
4452010 4851 2025/12/24 15:07:08 P18 0 0 0 0 0 0 0 73.547 213.318 664.978 16.174 181.885 112 3782.043 26.55 25.024 749.97 -17.853 124.054 168.457 72.937 327.759 248.413 211.029 151.825 17.09 374.298 -4987.03 381.47 57.831 674.133 13.123 -10.376 549.469 58.594 176.544 214.844 111.237 -660.095 124.207 32.806 80.109 75.684 69.733 2511.292 2288.971 实验室 1 074
4452011 4851 2025/12/24 15:07:09 P18 0 0 0 0 0 0 0 75.226 212.86 664.673 15.869 181.58 112 3779.907 0.153 37.231 737.457 -17.09 123.749 168.152 72.784 328.064 248.108 211.029 151.367 16.174 373.23 -4988.556 416.565 54.932 685.73 12.207 -10.376 549.164 59.204 176.239 214.539 110.169 -660.248 124.207 32.959 74.921 76.447 67.749 2510.986 2290.192 实验室 1 074
4452012 4851 2025/12/24 15:07:10 P18 0 0 0 0 0 0 0 73.09 213.471 663.757 15.869 181.58 113.525 3781.738 61.34 33.417 742.035 -17.09 123.596 168.152 71.411 327.911 248.261 211.334 151.672 16.632 373.077 -4989.624 401.917 59.509 683.594 11.597 -10.986 546.875 59.052 176.392 214.539 110.626 -660.553 123.749 32.959 70.038 73.395 70.038 2512.054 2287.598 实验室 1 074
4452013 4851 2025/12/24 15:07:11 P18 0 0 0 0 0 0 0 74.005 213.776 663.91 15.717 181.274 112.915 3782.806 9.613 75.836 740.051 -16.785 124.664 168.457 71.716 327.911 248.871 210.724 152.283 16.785 372.925 -4989.472 455.322 60.577 697.479 11.902 -10.834 548.096 58.594 176.392 214.233 110.016 -659.332 123.749 32.654 72.479 74.921 70.648 2511.444 2293.396 实验室 1 074
4452014 4851 2025/12/24 15:07:12 P18 0 0 0 0 0 0 0 73.242 212.708 662.994 14.343 181.58 112.915 3781.586 -20.905 -21.667 745.239 -16.327 123.749 167.999 71.716 327.301 248.871 210.419 151.367 16.479 372.772 -4989.472 390.015 56.915 709.992 12.512 -10.986 547.638 59.052 175.934 214.539 110.016 -660.095 123.901 33.112 77.972 70.343 70.801 2511.902 2286.987 实验室 1 074
4452015 4851 2025/12/24 15:07:13 P18 0 0 0 0 0 0 0 73.395 213.013 663.452 15.411 181.58 113.22 3780.975 22.888 -122.07 739.746 -16.327 123.749 168.457 71.411 327.148 248.718 210.266 151.672 16.937 372.772 -4988.556 369.263 60.73 680.084 12.36 -11.292 547.333 58.746 176.544 214.539 108.948 -661.316 123.291 32.196 78.583 74.005 67.139 2512.207 2290.649 实验室 1 074
4452016 4851 2025/12/24 15:07:14 P18 0 0 0 0 0 0 0 73.09 212.708 663.605 15.411 180.969 112.457 3780.06 65.002 -30.975 736.694 -17.242 122.986 167.999 71.716 326.691 247.955 209.351 151.978 17.395 372.467 -4989.472 360.413 57.983 690.613 11.139 -9.918 546.722 58.594 176.392 214.539 107.422 -661.163 123.444 32.349 81.635 77.667 73.7 2510.681 2289.734 实验室 1 074
4452017 4851 2025/12/24 15:07:15 P18 0 0 0 0 0 0 0 73.242 213.776 661.926 15.259 181.274 112.457 3781.738 46.692 52.948 738.525 -16.937 123.749 167.999 71.716 327.454 249.176 209.808 151.062 16.327 372.162 -4989.319 323.334 64.087 696.716 11.902 -10.986 547.18 58.746 176.086 213.928 112.457 -661.621 123.596 32.654 68.054 74.158 68.817 2512.207 2291.107 实验室 1 074
4452018 4851 2025/12/24 15:07:16 P18 0 0 0 0 0 0 0 74.158 212.708 662.689 15.259 181.58 112 3781.738 39.063 47.76 754.395 -16.479 124.054 167.999 71.411 326.843 248.566 209.198 151.062 16.479 373.23 -4989.014 323.334 59.509 697.784 11.902 -10.529 546.875 57.678 176.544 213.776 109.711 -661.469 123.291 32.501 75.989 72.937 70.343 2510.986 2291.718 实验室 1 074
4452019 4851 2025/12/24 15:07:17 P18 0 0 0 0 0 0 0 74.31 212.555 661.316 16.174 180.664 112.61 3780.06 9.46 64.087 748.596 -17.395 122.528 168.304 72.327 327.148 249.481 208.435 152.435 16.327 371.552 -4990.234 284.271 59.052 699.005 12.817 -10.376 546.417 57.526 176.544 212.86 113.068 -662.231 122.986 32.043 72.937 70.801 70.19 2510.681 2286.53 实验室 1 074
4452020 4851 2025/12/24 15:07:18 P18 0 0 0 0 0 0 0 73.853 212.555 662.231 14.648 180.817 112.152 3781.281 17.548 -15.717 752.564 -17.09 123.291 169.373 71.869 327.606 249.634 206.451 151.367 16.632 372.009 -4988.251 308.533 57.831 730.133 12.665 -10.529 545.96 56.763 175.324 213.013 111.084 -660.706 122.833 32.349 76.294 74.158 68.359 2510.834 2289.734 实验室 1 074
4452021 4851 2025/12/24 15:07:19 P18 0 0 0 0 0 0 0 73.853 213.013 660.858 15.411 181.274 111.694 3782.501 1.221 -59.967 747.376 -16.937 122.528 166.779 71.106 326.691 248.718 208.74 151.367 16.479 370.941 -4989.166 308.228 61.34 720.825 11.902 -11.139 545.654 57.678 175.324 212.708 113.22 -661.316 123.138 32.043 82.55 79.346 70.343 2511.902 2290.497 实验室 1 074
4452022 4851 2025/12/24 15:07:20 P18 0 0 0 0 0 0 0 73.547 212.555 661.163 15.564 179.901 112 3781.281 45.776 -70.038 748.444 -17.395 122.223 168.457 72.784 327.148 249.634 207.825 150.757 16.479 371.857 -4989.472 297.241 59.814 732.269 12.97 -11.139 545.044 57.983 175.324 212.708 110.016 -662.231 122.528 32.196 71.411 73.242 71.106 2511.139 2286.682 实验室 1 074
4452023 4851 2025/12/24 15:07:21 P18 0 0 0 0 0 0 0 73.853 212.86 660.706 14.648 180.817 112.61 3780.975 54.474 -38.605 754.242 -16.937 121.765 167.236 70.648 326.233 249.329 207.672 151.52 16.022 370.483 -4989.014 304.718 62.103 733.185 12.207 -10.986 545.654 58.136 175.018 212.555 111.847 -661.774 123.291 32.501 78.735 76.904 70.343 2510.681 2286.377 实验室 1 074
4452024 4851 2025/12/24 15:07:22 P18 0 0 0 0 0 0 0 73.7 212.708 660.4 15.411 184.174 112.152 3780.06 29.297 66.223 741.73 -17.242 123.138 168.304 72.021 326.691 249.329 207.977 150.452 20.142 370.789 -4987.945 309.753 60.272 716.248 11.597 -10.071 544.434 57.526 174.866 213.165 111.847 -661.163 123.138 32.349 79.041 77.515 68.512 2510.529 2295.38 实验室 1 074
4452025 4851 2025/12/24 15:07:23 P18 0 0 0 0 0 0 0 72.937 213.318 660.553 15.869 180.969 111.847 3780.975 43.182 41.656 750.732 -17.548 122.376 166.626 72.021 325.775 249.634 207.825 152.741 16.632 370.331 -4988.556 304.26 58.746 682.678 11.597 -10.529 544.281 58.289 175.476 212.708 109.863 -661.011 122.681 32.043 75.684 76.447 67.139 2509.918 2290.802 实验室 1 074
4452026 4851 2025/12/24 15:07:24 P18 0 0 0 0 0 0 0 73.395 213.165 659.332 15.259 180.817 111.542 3782.043 15.564 105.133 743.103 -16.937 122.833 167.999 71.716 326.08 249.634 208.435 151.215 16.174 370.331 -4989.624 303.955 61.798 654.755 12.665 -10.223 542.908 58.289 174.255 212.402 110.626 -657.959 122.833 32.806 74.31 70.343 68.817 2512.054 2288.208 实验室 1 074
4452027 4851 2025/12/24 15:07:25 P18 0 0 0 0 0 0 0 73.395 213.013 659.79 16.022 180.969 110.626 3780.823 7.782 137.482 749.97 -16.937 122.376 167.542 70.953 325.623 249.939 206.909 151.52 16.327 369.721 -4991.455 256.653 62.866 654.297 11.749 -10.071 543.213 58.136 175.476 212.402 111.389 -662.231 122.528 32.349 83.008 71.106 68.817 2511.749 2294.769 实验室 1 074
4452028 4851 2025/12/24 15:07:26 P18 0 0 0 0 0 0 0 73.547 212.402 659.638 15.411 179.901 110.779 3779.602 58.136 135.04 741.272 -17.7 121.765 168.61 71.106 325.928 249.481 207.214 151.367 16.632 370.331 -4990.234 278.473 61.188 664.673 12.97 -10.834 543.213 56.915 174.561 211.639 111.847 -656.738 122.376 31.891 76.752 73.547 65.613 2510.986 2289.429 实验室 1 074
4452029 4851 2025/12/24 15:07:27 P18 0 0 0 0 0 0 0 74.463 213.165 658.264 16.174 180.512 111.694 3780.365 -1.678 72.937 742.645 -17.395 122.833 167.542 70.343 325.775 249.329 206.909 152.13 15.869 369.415 -4989.776 301.819 61.188 683.136 11.902 -11.597 542.603 56.458 174.255 211.639 111.084 -659.943 122.986 32.349 72.479 72.784 72.327 2511.444 2289.124 实验室 1 074
4452030 4851 2025/12/24 15:07:28 P18 0 0 0 0 0 0 0 73.547 213.318 658.112 14.954 179.901 111.847 3780.06 4.272 98.419 753.937 -17.395 121.46 168.457 71.106 325.928 250.244 206.299 151.672 16.937 369.11 -4988.403 272.98 62.103 706.787 13.123 -10.681 541.992 56.915 174.103 211.945 110.016 -657.959 122.376 32.806 86.67 76.447 68.97 2510.834 2289.429 实验室 1 074
4452031 4851 2025/12/24 15:07:29 P18 0 0 0 0 0 0 0 73.853 212.708 657.959 16.174 180.512 110.626 3780.67 9.766 135.346 741.577 -17.548 121.613 167.847 71.411 325.928 250.092 206.604 151.825 16.022 368.195 -4988.708 256.5 58.289 715.332 11.749 -11.139 541.534 57.678 174.255 211.334 110.321 -657.501 122.833 32.501 75.989 73.547 70.496 2510.681 2288.055 实验室 1 074
4452032 4851 2025/12/24 15:07:30 P18 0 0 0 0 0 0 0 73.547 213.623 657.806 15.106 179.596 111.084 3780.975 46.844 23.956 729.523 -17.09 121.613 167.694 70.19 326.08 249.786 206.146 151.367 17.09 369.263 -4989.319 257.874 60.883 696.564 11.444 -10.376 541.382 56.915 173.798 211.182 111.847 -657.044 121.918 32.501 79.498 78.125 64.545 2511.139 2289.581 实验室 1 074
4452033 4851 2025/12/24 15:07:31 P18 0 0 0 0 0 0 0 73.547 213.318 657.654 15.564 180.359 111.542 3782.043 16.479 56.152 731.506 -16.479 122.376 167.389 70.801 324.86 250.397 205.994 151.672 16.937 368.347 -4989.014 249.329 59.967 709.992 11.902 -10.834 541.534 54.474 174.103 211.945 110.474 -657.044 121.613 31.586 80.261 76.599 68.512 2511.749 2288.361 实验室 1 074
4452034 4851 2025/12/24 15:07:32 P18 0 0 0 0 0 0 0 73.547 212.708 657.349 14.954 181.122 112.152 3781.586 46.539 -6.409 735.321 -17.7 121.307 167.847 70.953 325.623 250.397 206.299 151.215 16.174 368.652 -4990.845 269.47 60.577 705.566 11.902 -10.681 540.619 56.61 173.645 211.639 112.763 -657.196 122.528 31.738 80.261 80.719 70.19 2511.749 2290.039 实验室 1 074
4452035 4851 2025/12/24 15:07:33 P18 0 0 0 0 0 0 0 73.547 213.471 656.738 15.411 179.291 111.084 3780.823 71.106 48.981 750.427 -17.395 121.918 167.389 70.19 324.86 250.549 205.383 151.52 15.869 368.805 -4991.15 219.421 61.035 700.836 12.207 -10.681 540.466 56.763 173.95 211.182 112.305 -657.349 122.223 31.738 84.229 74.463 69.58 2511.139 2288.208 实验室 1 074
4452036 4851 2025/12/24 15:07:34 P18 0 0 0 0 0 0 0 73.853 213.318 656.738 15.411 180.664 110.626 3780.212 43.03 47.302 752.869 -16.479 121.002 168.762 69.885 324.86 250.549 205.383 151.367 16.632 367.737 -4989.929 269.013 58.899 709.839 11.902 -10.681 540.161 56.915 174.561 211.182 112.915 -656.891 121.613 31.891 84.686 79.193 70.19 2510.529 2287.14 实验室 1 074
4452037 4851 2025/12/24 15:07:35 P18 0 0 0 0 0 0 0 73.242 213.318 654.755 15.411 179.443 110.779 3781.891 59.509 53.558 750.732 -17.395 121.307 167.694 69.885 324.86 250.549 205.078 151.367 17.242 367.889 -4989.014 272.522 60.12 725.861 12.36 -11.139 539.551 56.61 173.492 210.877 112.152 -656.433 121.613 32.196 80.261 73.547 73.853 2511.749 2289.124 实验室 1 074
4452038 4851 2025/12/24 15:07:36 P18 0 0 0 0 0 0 0 72.937 213.471 655.212 15.564 178.986 111.389 3782.196 20.447 71.716 741.272 -16.174 121.46 167.389 70.496 323.944 250.092 205.078 151.978 15.564 367.584 -4988.556 307.159 56.458 734.558 11.749 -11.444 539.246 56.763 173.798 211.334 111.847 -656.433 121.307 32.043 79.346 72.937 68.054 2512.207 2288.513 实验室 1 074
4452039 4851 2025/12/24 15:07:37 P18 0 0 0 0 0 0 0 74.615 213.623 655.975 16.022 179.596 110.169 3781.586 52.185 17.853 754.089 -17.242 120.85 167.999 70.648 324.249 249.939 204.773 151.52 16.479 367.584 -4988.861 301.514 60.883 735.779 12.207 -10.529 539.398 57.068 173.34 210.419 108.948 -656.891 122.681 32.043 72.021 70.038 68.665 2510.986 2287.598 实验室 1 074
4452040 4851 2025/12/24 15:07:38 P18 0 0 0 0 0 0 0 73.395 213.928 654.45 15.106 178.986 110.931 3781.891 26.245 23.651 743.866 -16.327 121.307 167.542 69.427 324.554 250.397 204.468 151.52 16.632 366.821 -4988.708 279.388 60.12 738.831 11.597 -11.444 538.178 57.068 172.577 211.334 111.389 -655.975 121.613 32.043 77.362 72.632 69.427 2513.123 2290.955 实验室 1 074
4452041 4851 2025/12/24 15:07:39 P18 0 0 0 0 0 0 0 73.395 213.928 654.45 15.106 178.986 110.931 3781.891 26.245 23.651 743.866 -16.327 121.307 167.542 69.427 324.554 250.397 204.468 151.52 16.632 366.821 -4988.708 279.388 60.12 738.831 11.597 -11.444 538.178 57.068 172.577 211.334 111.389 -655.975 121.613 32.043 77.362 72.632 69.427 2513.123 2290.955 实验室 1 074
4452042 4851 2025/12/24 15:07:40 P18 0 0 0 0 0 0 0 73.547 213.776 654.602 15.564 178.833 111.237 3781.128 12.207 6.256 748.596 -17.09 121.765 167.847 69.58 324.249 250.397 204.315 152.283 16.479 366.821 -4988.403 261.993 59.814 729.065 11.444 -11.597 538.33 56.458 173.798 210.877 110.321 -657.044 121.307 32.196 77.362 75.531 77.057 2511.444 2289.734 实验室 1 074
4452043 4851 2025/12/24 15:07:41 P18 0 0 0 0 0 0 0 74.158 213.928 654.602 14.648 179.443 111.389 3782.959 31.586 -30.06 746.155 -16.632 120.392 166.931 69.885 323.792 250.244 204.468 151.52 14.496 366.669 -4989.014 278.473 58.899 689.24 11.902 -11.292 538.33 57.526 172.882 209.808 110.474 -656.891 121.613 31.433 75.989 72.327 70.496 2512.512 2288.513 实验室 1 074
4452044 4851 2025/12/24 15:07:42 P18 0 0 0 0 0 0 0 73.547 213.318 654.297 15.106 180.054 111.084 3781.433 14.191 -63.782 737.457 -17.242 120.392 168.457 69.58 323.944 250.092 204.01 151.825 16.174 366.516 -4988.861 319.214 57.831 671.997 11.444 -10.834 537.262 56.305 173.34 210.114 110.626 -655.823 121.155 30.518 72.479 75.226 68.512 2511.597 2289.429 实验室 1 074
4452045 4851 2025/12/24 15:07:43 P18 0 0 0 0 0 0 0 73.395 213.928 653.687 15.411 179.291 110.626 3780.212 27.313 74.31 733.032 -16.937 120.85 167.084 70.038 323.944 251.16 204.315 151.215 16.327 366.516 -4988.708 301.819 60.577 703.125 11.139 -10.529 537.415 56.763 171.967 210.266 110.474 -657.959 120.697 31.738 81.329 79.041 67.749 2511.444 2289.124 实验室 1 074
4452046 4851 2025/12/24 15:07:44 P18 0 0 0 0 0 0 0 74.615 213.928 653.381 14.801 179.749 110.474 3781.891 3.052 97.351 747.376 -16.479 120.087 167.236 69.733 323.792 250.397 204.163 151.978 15.564 365.601 -4989.319 301.056 58.136 732.88 11.902 -10.986 537.72 57.22 172.577 209.503 110.016 -657.501 121.46 31.128 81.787 75.989 68.359 2512.207 2284.546 实验室 1 074
4452047 4851 2025/12/24 15:07:45 P18 0 0 0 0 0 0 0 74.31 213.623 653.534 15.411 179.138 110.321 3780.212 29.297 104.218 741.73 -18.005 120.85 167.389 69.122 323.944 251.007 203.4 151.978 16.022 365.601 -4988.708 337.677 58.899 705.566 11.444 -10.071 537.262 56.458 172.272 209.656 108.643 -656.433 121.613 31.281 79.803 70.343 67.291 2511.139 2288.818 实验室 1 074
4452048 4851 2025/12/24 15:07:46 P18 0 0 0 0 0 0 0 73.547 213.928 653.687 14.648 178.68 111.237 3780.823 23.346 87.433 744.629 -15.717 120.544 167.542 69.275 323.334 251.007 203.095 152.283 17.09 366.058 -4987.641 391.541 62.714 714.111 12.207 -10.986 536.346 56.915 172.424 210.724 112.152 -656.891 121.155 32.654 76.141 72.479 69.58 2510.986 2288.513 实验室 1 074
4452049 4851 2025/12/24 15:07:47 P18 0 0 0 0 0 0 0 73.09 213.471 653.076 14.954 178.68 110.474 3780.365 16.632 -24.567 751.648 -17.09 120.087 167.694 69.122 323.486 251.465 202.637 151.062 16.174 366.211 -4991.303 400.238 62.103 709.381 12.665 -11.444 536.041 56.458 172.272 209.503 107.727 -657.044 121.002 31.738 67.444 71.259 71.411 2511.292 2288.818 实验室 1 074
4452050 4851 2025/12/24 15:07:48 P18 0 0 0 0 0 0 0 73.547 214.844 652.313 14.648 179.443 110.474 3780.365 52.795 -141.296 747.376 -16.937 120.544 166.473 69.275 323.334 250.549 202.637 152.13 16.632 365.601 -4990.082 427.704 59.204 675.812 11.292 -11.139 537.415 56.915 171.967 209.503 108.337 -662.079 120.85 31.738 81.482 73.242 67.902 2510.529 2292.328 实验室 1 074
4452051 4851 2025/12/24 15:07:49 P18 0 0 0 0 0 0 0 73.242 214.081 652.618 14.954 178.68 110.626 3779.907 46.997 -46.997 750.122 -15.564 120.392 166.779 69.885 323.181 250.244 202.637 151.825 15.106 364.685 -4989.472 391.846 60.425 686.035 11.749 -11.292 535.278 56.915 172.577 209.198 108.948 -660.4 120.392 31.433 70.343 74.921 68.817 2510.376 2288.818 实验室 1 074
4452052 4851 2025/12/24 15:07:50 P18 0 0 0 0 0 0 0 72.937 214.233 651.398 14.801 178.375 110.931 3782.043 62.103 -109.558 746.46 -15.869 120.697 167.236 69.427 322.876 250.855 203.095 152.588 15.869 364.99 -4987.945 361.939 60.577 694.885 11.902 -11.444 535.278 57.22 172.119 209.503 108.032 -658.722 120.239 31.586 71.716 73.09 70.953 2512.207 2287.903 实验室 1 074
4452053 4851 2025/12/24 15:07:51 P18 0 0 0 0 0 0 0 73.853 214.539 652.008 16.174 178.833 109.863 3780.365 49.133 -116.272 748.596 -16.937 120.392 167.542 69.733 322.723 251.465 202.637 151.367 15.869 365.143 -4989.319 359.802 59.509 704.498 12.512 -11.444 534.668 57.22 171.356 209.045 106.354 -658.875 120.697 32.501 75.684 69.122 69.733 2511.597 2288.818 实验室 1 074
4452054 4851 2025/12/24 15:07:52 P18 0 0 0 0 0 0 0 73.547 213.318 651.703 15.259 178.528 110.169 3781.281 34.943 -100.403 725.25 -16.937 119.476 166.626 66.834 322.571 251.77 202.026 151.215 17.7 365.143 -4989.624 364.38 59.509 681.152 11.749 -11.292 534.668 56 171.509 208.74 106.201 -658.722 120.697 31.738 72.937 76.447 69.58 2511.292 2288.666 实验室 1 074
4452055 4851 2025/12/24 15:07:53 P18 0 0 0 0 0 0 0 73.7 213.776 651.55 14.343 178.68 108.948 3781.891 13.275 -82.245 745.697 -16.632 120.239 168.762 68.665 322.571 251.16 201.416 152.283 15.564 364.38 -4988.403 332.031 61.188 690.308 11.749 -11.292 534.363 56.61 171.967 209.045 109.406 -658.875 120.239 31.586 80.414 73.395 72.174 2511.902 2288.818 实验室 1 074
4452056 4851 2025/12/24 15:07:54 P18 0 0 0 0 0 0 0 73.547 214.844 650.33 15.259 179.138 108.643 3781.738 47.15 10.529 754.089 -16.479 121.002 166.626 69.275 322.571 251.16 202.332 151.062 15.411 364.838 -4989.776 299.683 60.425 673.828 12.054 -10.986 534.363 56 171.051 208.893 110.626 -658.417 121.155 30.975 73.853 63.629 72.174 2510.986 2288.818 实验室 1 074
4452057 4851 2025/12/24 15:07:55 P18 0 0 0 0 0 0 0 74.463 213.776 650.787 15.411 178.68 110.626 3780.518 14.801 82.397 740.662 -17.09 120.392 167.389 68.97 322.571 251.16 201.721 151.672 15.869 363.922 -4989.014 297.089 59.204 668.03 12.36 -11.444 534.668 55.542 171.051 208.13 110.474 -666.962 120.544 31.128 78.735 72.327 68.512 2510.529 2289.429 实验室 1 074
4452058 4851 2025/12/24 15:07:56 P18 0 0 0 0 0 0 0 73.09 213.776 651.093 14.648 178.223 110.016 3780.823 57.983 39.063 748.596 -16.937 119.934 167.236 68.817 322.876 251.77 200.806 151.367 15.106 364.99 -4990.082 322.113 62.408 694.58 11.749 -11.902 533.905 55.695 170.441 208.283 111.084 -660.095 120.087 32.196 80.261 72.937 68.207 2511.597 2288.818 实验室 1 074
4452059 4851 2025/12/24 15:07:57 P18 0 0 0 0 0 0 0 73.853 213.471 649.719 15.717 178.07 109.863 3780.975 1.373 84.076 741.119 -17.548 120.087 167.542 68.97 322.418 251.465 200.958 151.215 16.174 363.922 -4992.218 360.26 58.441 699.463 11.749 -10.986 532.684 55.695 170.898 207.825 109.253 -658.569 120.392 32.196 76.752 72.784 74.158 2511.139 2288.818 实验室 1 074
4452060 4851 2025/12/24 15:07:58 P18 0 0 0 0 0 0 0 73.09 215.607 649.872 14.954 177.612 110.321 3781.281 34.943 113.373 749.817 -16.785 119.629 166.626 69.885 322.266 251.007 201.721 151.978 16.632 363.312 -4989.624 356.751 61.951 730.438 11.902 -11.292 533.295 55.237 170.898 208.588 108.337 -658.264 119.934 31.433 72.021 72.174 70.038 2510.986 2289.276 实验室 1 074
4452061 4851 2025/12/24 15:07:59 P18 0 0 0 0 0 0 0 73.242 214.844 649.719 14.648 178.528 111.084 3782.043 50.964 76.904 745.239 -17.395 120.544 166.931 69.122 321.808 251.77 201.263 152.283 14.954 363.922 -4987.183 340.881 59.357 720.215 11.597 -11.444 532.684 55.389 170.898 208.13 109.253 -658.417 120.087 32.043 71.259 75.073 67.291 2511.902 2286.377 实验室 1 074
4452062 4851 2025/12/24 15:08:00 P18 0 0 0 0 0 0 0 73.7 214.386 649.109 15.411 177.612 109.558 3780.365 14.038 51.27 746.918 -16.479 119.476 166.931 68.817 321.808 252.075 200.653 152.13 15.564 363.617 -4991.303 390.625 59.967 723.572 12.512 -11.139 532.837 55.389 171.356 208.435 112.152 -657.654 119.171 32.806 79.193 72.937 71.106 2511.444 2291.718 实验室 1 074
4452063 4851 2025/12/24 15:08:01 P18 0 0 0 0 0 0 0 73.547 214.996 649.109 15.106 178.375 108.948 3781.738 -10.223 -16.785 738.525 -16.785 119.324 167.084 68.512 321.503 251.465 200.348 151.672 15.717 363.312 -4988.403 411.835 59.967 708.313 11.749 -11.292 532.227 55.695 170.746 207.825 109.558 -657.501 119.782 30.823 69.275 75.836 68.359 2511.444 2289.734 实验室 1 074
4452064 4851 2025/12/24 15:08:02 P18 0 0 0 0 0 0 0 74.005 214.233 649.719 15.259 178.07 109.711 3779.602 15.564 -147.4 746.46 -17.09 119.019 167.084 68.97 321.96 251.465 200.348 151.52 15.869 363.922 -4989.776 399.475 59.509 700.684 11.444 -10.681 531.769 55.237 170.593 207.825 110.626 -657.044 119.934 31.586 78.888 78.125 68.512 2510.681 2288.818 实验室 1 074
4452065 4851 2025/12/24 15:08:03 P18 0 0 0 0 0 0 0 73.547 214.081 647.888 14.954 178.07 109.406 3780.975 29.449 -108.948 744.019 -16.937 119.934 166.473 68.054 321.655 252.075 200.043 151.825 16.479 363.77 -4989.166 369.415 58.594 707.398 11.597 -10.986 531.464 55.237 170.441 207.977 109.863 -657.196 119.629 31.738 63.019 79.956 66.986 2511.139 2289.276 实验室 1 074
4452066 4851 2025/12/24 15:08:04 P18 0 0 0 0 0 0 0 75.073 214.539 648.346 16.632 177.46 108.948 3780.975 61.188 -84.991 750.427 -16.785 119.171 166.473 68.512 321.503 251.617 200.043 151.672 14.648 362.396 -4989.166 396.881 59.509 738.373 11.597 -11.292 531.921 55.695 170.136 207.672 108.795 -658.112 119.782 31.433 74.31 77.82 68.665 2510.071 2288.361 实验室 1 074
4452067 4851 2025/12/24 15:08:05 P18 0 0 0 0 0 0 0 73.395 214.081 648.193 15.564 177.46 109.406 3780.823 44.861 -71.716 740.509 -16.479 119.019 166.626 67.749 321.35 252.38 199.432 151.825 15.869 362.549 -4989.929 362.396 60.73 727.081 12.207 -12.207 531.616 55.695 170.593 207.367 111.389 -657.044 119.782 31.281 78.888 74.31 72.632 2511.749 2290.039 实验室 1 074
4452068 4851 2025/12/24 15:08:06 P18 0 0 0 0 0 0 0 73.7 214.539 647.278 14.343 177.307 108.948 3780.67 21.21 -1.373 748.749 -17.09 118.866 166.321 66.834 321.503 252.075 199.738 152.13 15.869 363.159 -4991.455 320.129 59.509 694.885 11.444 -11.139 531.158 56.305 171.051 208.435 110.474 -657.501 119.629 31.433 74.463 74.158 64.697 2511.139 2289.581 实验室 1 074
4452069 4851 2025/12/24 15:08:07 P18 0 0 0 0 0 0 0 73.853 213.928 646.362 15.411 177.612 109.406 3781.281 26.703 103.607 745.544 -16.632 119.019 166.168 68.054 321.198 252.686 199.585 152.741 16.479 362.396 -4988.251 298.157 60.73 672.913 12.054 -10.071 530.09 55.847 170.288 207.062 110.931 -657.349 119.629 30.823 73.242 73.547 66.834 2511.902 2294.464 实验室 1 074
4452070 4851 2025/12/24 15:08:08 P18 0 0 0 0 0 0 0 74.005 214.844 647.43 15.259 178.223 109.253 3781.738 45.013 120.087 754.547 -17.395 119.324 167.236 67.902 321.198 251.77 200.195 150.909 16.022 362.091 -4989.166 295.258 57.068 673.065 12.36 -11.292 530.548 55.237 170.288 207.062 110.169 -657.044 119.324 31.128 79.346 72.021 69.58 2511.139 2289.124 实验室 1 074
4452071 4851 2025/12/24 15:08:09 P18 0 0 0 0 0 0 0 74.005 214.844 647.43 15.259 178.223 109.253 3781.738 45.013 120.087 754.547 -17.395 119.324 167.236 67.902 321.198 251.77 200.195 150.909 16.022 362.091 -4989.166 295.258 57.068 673.065 12.36 -11.292 530.548 55.237 170.288 207.062 110.169 -657.044 119.324 31.128 79.346 72.021 69.58 2511.139 2289.124 实验室 1 074
4452072 4851 2025/12/24 15:08:10 P18 0 0 0 0 0 0 0 73.395 214.233 647.583 15.106 177.612 109.406 3780.67 14.191 138.397 748.749 -17.09 120.239 166.473 68.207 320.892 251.923 198.822 151.672 15.564 362.549 -4989.624 313.263 59.509 667.419 11.139 -11.597 529.785 55.389 170.746 207.977 108.948 -657.806 119.324 32.349 74.768 73.7 68.359 2511.597 2287.598 实验室 1 074
4452073 4851 2025/12/24 15:08:11 P18 0 0 0 0 0 0 0 74.921 214.691 646.362 15.106 178.223 109.1 3781.738 4.883 84.076 755.615 -17.09 118.866 166.473 67.902 320.892 251.465 199.89 151.52 15.564 361.023 -4988.403 330.2 57.526 655.212 11.292 -10.834 529.48 55.542 169.83 206.604 110.321 -658.112 119.324 30.67 83.008 74.921 70.19 2510.986 2286.682 实验室 1 074
4452074 4851 2025/12/24 15:08:12 P18 0 0 0 0 0 0 0 73.853 214.539 646.515 16.632 177.307 108.948 3781.433 15.106 98.877 743.713 -16.937 123.749 166.473 68.054 321.35 251.617 198.364 151.52 15.564 361.633 -4989.166 317.841 58.136 661.316 12.36 -11.597 529.48 55.237 169.83 206.604 110.626 -657.501 119.782 31.586 77.362 73.547 67.902 2511.902 2289.581 实验室 1 074
4452075 4851 2025/12/24 15:08:13 P18 0 0 0 0 0 0 0 73.242 214.539 645.294 14.801 177.918 110.169 3782.043 54.474 167.847 749.359 -17.09 118.561 166.626 68.359 320.74 252.686 198.059 152.435 15.564 361.633 -4988.708 315.704 58.136 679.932 11.749 -11.749 529.327 55.237 169.525 206.604 110.779 -656.738 119.629 31.738 77.057 70.801 68.207 2511.597 2286.987 实验室 1 074
4452076 4851 2025/12/24 15:08:14 P18 0 0 0 0 0 0 0 74.158 215.454 646.515 15.564 177.765 108.643 3782.959 21.515 139.313 748.138 -17.242 118.256 166.931 69.122 320.892 251.923 198.822 150.909 13.733 361.176 -4988.098 290.527 59.509 694.122 12.054 -11.292 528.87 56.458 169.525 206.299 108.49 -657.501 119.019 30.823 75.989 76.599 72.784 2512.054 2283.63 实验室 1 074
4452077 4851 2025/12/24 15:08:15 P18 0 0 0 0 0 0 0 74.463 214.233 645.447 14.801 177.765 108.948 3781.281 43.64 -9.918 752.106 -16.022 118.561 166.473 67.902 321.045 249.634 198.975 151.672 16.022 360.87 -4990.234 272.675 57.678 700.531 11.749 -11.444 529.022 56.152 169.525 206.146 109.711 -657.654 119.019 30.518 76.904 74.005 66.834 2511.292 2290.039 实验室 1 074
4452078 4851 2025/12/24 15:08:16 P18 0 0 0 0 0 0 0 73.395 214.691 645.905 15.411 177.612 109.406 3779.907 46.387 -45.624 745.544 -17.548 118.103 166.779 67.749 320.587 252.228 198.669 152.13 16.327 360.565 -4990.234 324.402 61.798 709.381 12.97 -11.597 529.48 54.474 169.83 206.604 110.169 -661.011 118.866 31.128 75.531 74.768 68.207 2510.986 2287.292 实验室 1 074
4452079 4851 2025/12/24 15:08:17 P18 0 0 0 0 0 0 0 74.31 214.386 644.836 14.038 177.46 108.032 3780.67 11.749 -32.806 748.596 -17.242 118.103 166.016 67.139 320.587 252.533 197.907 151.825 15.411 360.413 -4989.472 326.996 58.289 682.373 12.054 -11.292 527.344 56 169.067 206.146 111.542 -660.248 119.934 30.975 78.888 75.226 70.038 2511.292 2288.971 实验室 1 074
4452080 4851 2025/12/24 15:08:18 P18 0 0 0 0 0 0 0 73.853 214.844 644.531 15.411 178.223 108.337 3781.891 8.087 -15.106 747.681 -16.327 118.408 166.473 67.291 320.74 252.075 198.212 151.978 15.869 359.955 -4990.082 363.159 59.052 678.558 12.207 -11.597 528.412 55.084 169.373 206.299 110.321 -659.79 119.629 30.823 80.872 71.869 65.308 2512.207 2288.513 实验室 1 074
4452081 4851 2025/12/24 15:08:19 P18 0 0 0 0 0 0 0 74.158 214.386 644.074 14.954 176.697 109.253 3781.891 24.109 -79.346 745.392 -17.09 117.798 166.931 67.902 320.74 252.686 197.144 151.825 15.717 360.413 -4990.387 374.908 61.34 695.953 12.054 -10.834 527.954 55.542 169.067 205.841 110.321 -661.163 118.713 31.433 72.632 77.972 67.902 2511.902 2286.224 实验室 1 074
4452082 4851 2025/12/24 15:08:20 P18 0 0 0 0 0 0 0 73.7 214.844 644.989 14.954 177.155 108.643 3782.959 54.169 -175.018 746.613 -17.09 118.408 166.779 67.749 322.723 252.838 197.449 151.825 15.717 360.413 -4990.234 393.677 61.951 688.782 11.444 -11.902 527.039 54.932 169.067 206.146 109.253 -660.553 118.866 31.281 74.158 75.226 66.986 2511.902 2291.718 实验室 1 074
4452083 4851 2025/12/24 15:08:21 P18 0 0 0 0 0 0 0 73.7 214.844 644.379 14.648 177.765 109.1 3782.349 39.978 -190.277 740.967 -17.395 117.798 166.016 67.291 320.129 252.38 197.449 152.435 15.411 359.65 -4988.556 347.595 57.678 695.496 11.749 -10.834 527.039 55.084 169.067 205.689 110.474 -660.4 118.561 30.518 80.566 73.242 68.359 2511.597 2290.039 实验室 1 074
4452084 4851 2025/12/24 15:08:22 P18 0 0 0 0 0 0 0 72.937 214.539 644.989 14.801 176.544 108.643 3781.128 37.079 -73.853 755.92 -16.632 117.798 167.847 67.444 320.282 252.686 196.991 152.13 16.479 360.87 -4989.776 370.026 60.425 717.011 12.817 -11.902 526.886 60.272 168.762 205.689 108.49 -660.095 118.408 31.128 78.43 75.836 71.259 2511.444 2289.581 实验室 1 074
4452085 4851 2025/12/24 15:08:23 P18 0 0 0 0 0 0 0 73.853 216.065 643.158 14.648 176.392 108.643 3781.433 14.191 -29.449 749.817 -17.548 117.645 166.321 67.291 319.824 252.228 197.754 152.13 14.954 359.345 -4990.997 362.854 61.493 708.618 11.749 -7.019 527.344 55.847 168.762 205.383 114.136 -660.858 118.713 30.823 82.703 74.768 67.902 2511.597 2288.971 实验室 1 074
4452086 4851 2025/12/24 15:08:24 P18 0 0 0 0 0 0 0 73.547 215.302 646.973 14.343 177.46 108.032 3780.975 10.681 -58.594 743.866 -17.242 117.645 166.168 67.291 319.977 252.991 196.991 152.435 15.564 359.65 -4988.098 381.775 59.509 696.564 11.902 -11.597 525.513 53.711 168.915 205.383 109.863 -659.027 118.866 30.823 67.596 73.09 68.97 2510.986 2285.156 实验室 1 074
4452087 4851 2025/12/24 15:08:25 P18 0 0 0 0 0 0 0 73.853 214.844 643.768 14.954 176.849 108.185 3780.365 51.422 -21.82 739.594 -17.242 117.34 166.168 67.444 320.129 252.533 196.838 153.046 15.411 360.107 -4988.861 376.282 62.866 674.439 11.444 -11.444 526.428 54.474 169.067 205.689 108.948 -659.943 118.713 30.06 76.141 68.054 70.038 2510.834 2293.243 实验室 1 074
4452088 4851 2025/12/24 15:08:26 P18 0 0 0 0 0 0 0 73.395 214.691 643.463 15.564 176.239 109.711 3779.755 14.343 5.798 739.288 -16.785 118.256 166.016 68.359 319.519 252.686 196.533 151.825 15.106 359.345 -4987.945 374.298 57.678 696.716 11.749 -11.444 525.513 54.626 167.694 205.536 111.694 -660.706 118.713 31.128 71.259 74.31 66.834 2510.986 2289.124 实验室 1 074
4452089 4851 2025/12/24 15:08:27 P18 0 0 0 0 0 0 0 74.463 215.454 642.548 16.022 176.544 108.49 3781.738 27.618 7.172 746.918 -16.937 117.798 165.558 66.834 319.214 252.075 196.228 151.978 15.717 359.039 -4988.098 379.944 60.12 709.839 12.817 -11.597 526.428 55.237 168.457 205.078 110.626 -660.858 118.713 30.06 82.703 74.005 67.749 2511.902 2288.818 实验室 1 074
4452090 4851 2025/12/24 15:08:28 P18 0 0 0 0 0 0 0 73.7 215.912 642.09 14.648 176.849 107.88 3780.06 31.891 41.656 753.784 -16.327 117.645 165.405 67.291 319.519 252.533 196.533 152.588 15.411 358.887 -4989.166 402.679 58.289 738.831 11.597 -11.902 525.513 54.474 167.999 205.383 109.1 -660.553 118.408 30.212 74.615 81.482 69.275 2510.986 2288.666 实验室 1 074
4452091 4851 2025/12/24 15:08:29 P18 0 0 0 0 0 0 0 73.547 214.691 642.548 15.106 176.544 108.49 3779.144 31.433 36.926 737 -17.395 117.798 165.71 66.223 319.214 252.533 196.075 151.52 14.954 358.887 -4988.556 387.573 58.899 723.724 12.054 -10.986 525.513 54.474 167.999 204.163 109.1 -660.706 118.713 30.823 78.43 78.125 67.291 2511.292 2290.039 实验室 1 074
4452092 4851 2025/12/24 15:08:30 P18 0 0 0 0 0 0 0 73.7 215.149 642.395 15.411 176.849 108.337 3780.365 41.809 32.959 754.395 -16.937 117.34 166.321 68.359 320.129 252.838 195.77 151.672 15.259 359.192 -4990.54 382.233 59.509 706.177 12.207 -11.444 524.445 54.474 168.152 204.468 110.626 -660.248 118.103 30.518 79.803 71.106 63.019 2511.597 2288.361 实验室 1 074
4452093 4851 2025/12/24 15:08:31 P18 0 0 0 0 0 0 0 71.869 215.149 642.7 14.648 176.392 108.948 3780.518 9.003 133.667 743.713 -15.869 117.493 165.558 67.139 319.214 253.143 195.618 152.588 15.259 358.429 -4989.624 391.388 57.068 705.109 11.597 -11.597 524.292 54.321 168.61 205.078 111.542 -660.4 117.95 30.518 76.599 76.599 70.038 2510.681 2288.208 实验室 1 074
4452094 4851 2025/12/24 15:08:32 P18 0 0 0 0 0 0 0 74.005 215.149 642.242 16.022 176.697 107.422 3781.433 79.346 102.539 749.207 -17.395 117.035 166.473 67.749 319.367 253.143 196.075 151.825 15.106 358.429 -4990.234 356.14 60.12 710.144 12.207 -11.444 523.987 54.474 167.694 204.315 109.406 -659.485 118.713 29.907 77.209 72.479 67.291 2510.529 2290.039 实验室 1 074
4452095 4851 2025/12/24 15:08:33 P18 0 0 0 0 0 0 0 74.768 215.149 642.242 14.496 177.002 106.964 3780.975 7.324 69.275 754.089 -16.479 116.882 166.626 66.528 318.909 252.991 195.465 151.825 14.801 358.429 -4989.624 331.574 60.272 706.024 12.054 -11.749 523.529 54.779 168.457 203.857 110.474 -659.79 118.103 30.518 83.008 71.411 72.174 2511.597 2285.156 实验室 1 074
4452096 4851 2025/12/24 15:08:34 P18 0 0 0 0 0 0 0 73.395 216.065 641.937 14.648 177.918 108.337 3780.365 30.67 38.452 753.021 -17.548 117.34 166.321 67.444 319.214 253.296 195.618 151.062 15.259 358.276 -4988.098 333.405 59.662 693.817 11.902 -11.597 523.377 54.474 167.084 203.4 112.915 -660.095 118.103 31.586 83.771 75.836 68.359 2511.139 2290.344 实验室 1 074
4452097 4851 2025/12/24 15:08:35 P18 0 0 0 0 0 0 0 73.7 214.996 641.785 14.648 175.934 108.49 3781.128 8.85 41.199 750.427 -17.09 116.882 167.084 66.834 319.214 254.211 194.702 151.367 15.106 358.276 -4989.319 324.402 60.883 671.234 12.97 -11.139 523.224 54.474 167.694 204.315 112.305 -659.943 117.645 30.212 80.566 71.411 67.902 2511.444 2289.124 实验室 1 074
4452098 4851 2025/12/24 15:08:36 P18 0 0 0 0 0 0 0 73.7 215.759 640.411 14.648 177.155 108.49 3780.212 52.338 70.953 746.155 -16.937 116.73 165.863 66.528 319.061 253.296 196.075 151.825 14.954 357.971 -4988.403 353.546 59.662 683.136 11.902 -11.597 523.377 54.932 167.694 203.4 111.084 -659.943 117.645 30.365 69.733 75.836 73.242 2510.681 2288.818 实验室 1 074
4452099 4851 2025/12/24 15:08:37 P18 0 0 0 0 0 0 0 74.31 214.996 639.496 14.496 177.002 108.795 3779.907 37.079 85.754 751.801 -17.7 116.73 165.863 66.834 318.756 253.143 194.855 151.672 14.496 357.971 -4988.403 375.519 61.34 663.452 13.275 -10.986 522.156 54.169 167.236 204.01 110.169 -659.485 118.561 34.18 82.855 70.953 70.496 2510.834 2291.412 实验室 1 074
4452100 4851 2025/12/24 15:08:38 P18 0 0 0 0 0 0 0 74.158 215.149 640.564 15.869 177.002 107.727 3781.433 46.692 43.945 747.07 -17.548 116.73 166.168 67.444 319.367 254.059 194.55 152.588 15.259 357.971 -4988.861 348.816 61.188 656.891 12.512 -11.444 522.614 54.474 167.389 204.163 109.863 -661.163 118.561 30.365 77.515 75.836 68.207 2511.139 2285.309 实验室 1 074
4452101 4851 2025/12/24 15:08:39 P18 0 0 0 0 0 0 0 73.395 216.065 640.106 14.954 177.002 107.727 3780.518 73.547 -97.656 751.495 -17.548 117.188 166.168 65.918 318.451 252.075 194.397 151.825 14.954 357.971 -4987.641 335.541 60.272 683.441 11.902 -11.749 522.461 54.169 167.999 204.62 114.746 -659.943 117.645 29.907 74.615 78.735 69.733 2511.139 2288.666 实验室 1 074
4452102 4851 2025/12/24 15:08:40 P18 0 0 0 0 0 0 0 73.395 216.065 640.106 14.954 177.002 107.727 3780.518 73.547 -97.656 751.495 -17.548 117.188 166.168 65.918 318.451 252.075 194.397 151.825 14.954 357.971 -4987.641 335.541 60.272 683.441 11.902 -11.749 522.461 54.169 167.999 204.62 114.746 -659.943 117.645 29.907 74.615 78.735 69.733 2511.139 2288.666 实验室 1 074
4452103 4851 2025/12/24 15:08:41 P18 0 0 0 0 0 0 0 74.005 214.996 640.564 14.954 176.849 107.88 3781.128 14.954 -112.152 746.002 -17.09 117.34 166.016 67.291 319.214 253.143 194.092 151.672 15.259 358.124 -4989.472 334.168 59.662 712.585 11.749 -11.139 522.766 53.558 167.542 203.552 111.694 -661.316 117.95 30.518 81.329 68.97 66.528 2511.902 2290.497 实验室 1 074
4452104 4851 2025/12/24 15:08:42 P18 0 0 0 0 0 0 0 73.547 216.37 639.801 14.954 176.086 108.49 3782.959 27.924 11.444 753.784 -17.395 117.188 166.473 67.749 318.909 254.059 194.702 151.825 14.191 357.819 -4989.014 363.159 60.425 706.329 11.902 -12.054 521.698 54.169 167.542 203.247 108.643 -661.316 117.798 30.823 76.599 71.106 68.665 2511.749 2289.581 实验室 1 074
4452105 4851 2025/12/24 15:08:43 P18 0 0 0 0 0 0 0 73.853 216.37 639.191 16.022 176.086 108.643 3781.433 32.501 76.599 749.817 -17.242 117.188 165.405 66.834 318.756 253.754 194.244 151.978 15.717 357.666 -4989.624 372.009 60.73 690.765 12.36 -12.207 522.156 54.474 167.389 203.552 109.406 -660.706 117.493 30.67 69.58 75.836 66.834 2511.902 2289.429 实验室 1 074
4452106 4851 2025/12/24 15:08:44 P18 0 0 0 0 0 0 0 73.547 215.912 639.496 14.954 177.002 107.727 3780.67 -2.441 96.893 752.564 -17.395 117.035 166.321 67.291 318.756 253.601 194.702 151.978 14.496 357.208 -4988.251 365.906 59.967 687.561 11.749 -10.834 521.393 54.321 167.084 203.552 110.779 -658.722 117.493 30.212 74.463 76.904 68.665 2510.681 2285.461 实验室 1 074
4452107 4851 2025/12/24 15:08:45 P18 0 0 0 0 0 0 0 74.005 214.996 639.343 14.343 176.544 107.88 3782.501 23.956 60.12 741.425 -17.548 116.577 166.626 67.596 318.909 254.211 193.634 151.52 16.174 357.666 -4988.251 318.909 57.831 685.577 12.665 -11.444 521.24 54.016 167.236 203.552 111.237 -660.706 117.34 31.281 70.953 70.496 74.158 2512.207 2290.192 实验室 1 074
4452108 4851 2025/12/24 15:08:46 P18 0 0 0 0 0 0 0 74.31 216.217 638.428 15.106 178.68 107.575 3779.297 0 41.809 737 -16.785 115.967 166.168 66.681 318.298 253.906 193.787 151.978 15.564 357.056 -4989.472 271.759 59.662 684.052 11.139 -10.834 521.393 53.864 168.152 203.552 109.863 -656.738 117.34 30.67 69.58 74.31 73.853 2511.444 2289.734 实验室 1 074
4452109 4851 2025/12/24 15:08:47 P18 0 0 0 0 0 0 0 73.853 216.065 638.58 14.648 175.781 107.422 3780.06 22.278 56.152 746.155 -16.479 116.272 166.016 66.376 318.146 254.059 194.397 151.825 15.106 357.056 -4990.54 250.092 59.662 706.482 11.902 -12.207 521.24 54.932 167.389 204.01 109.406 -658.417 117.645 30.06 78.735 69.275 65.46 2511.139 2288.666 实验室 1 074
4452110 4851 2025/12/24 15:08:48 P18 0 0 0 0 0 0 0 73.853 215.912 638.428 14.801 177.155 108.032 3781.586 28.839 57.983 744.934 -16.785 117.798 166.016 65.46 318.298 254.364 193.634 152.588 15.106 356.14 -4989.166 271.759 58.136 719.299 11.902 -11.902 520.783 54.474 167.236 203.4 108.49 -659.18 117.34 30.06 72.021 75.378 67.139 2511.597 2289.581 实验室 1 074
4452111 4851 2025/12/24 15:08:49 P18 0 0 0 0 0 0 0 74.005 215.607 637.817 15.564 176.086 108.032 3780.975 77.82 59.204 748.749 -16.937 116.119 165.1 66.376 319.519 253.449 192.871 152.893 14.801 357.208 -4988.251 267.639 61.035 709.839 11.597 -11.139 520.325 54.016 166.626 202.942 109.863 -658.569 118.408 30.212 72.479 71.564 72.937 2512.512 2290.192 实验室 1 074
4452112 4851 2025/12/24 15:08:50 P18 0 0 0 0 0 0 0 73.547 216.37 637.817 14.954 177.002 107.88 3779.907 42.419 -22.888 734.406 -16.479 116.425 165.863 65.765 318.146 254.059 193.176 152.893 15.717 356.445 -4987.641 258.942 58.746 691.223 12.207 -11.292 521.088 53.711 167.542 203.095 108.49 -657.806 117.035 30.518 80.261 69.58 74.005 2510.986 2290.497 实验室 1 074
4452113 4851 2025/12/24 15:08:51 P18 0 0 0 0 0 0 0 73.853 216.217 637.207 14.801 175.629 107.269 3780.365 17.242 25.33 747.833 -15.259 116.272 165.405 65.765 317.535 254.822 194.55 151.978 16.327 356.293 -4987.945 231.171 59.357 722.656 11.292 -11.444 520.63 53.864 166.321 203.247 109.558 -658.417 117.188 30.67 76.599 70.496 69.58 2510.986 2289.124 实验室 1 074
4452114 4851 2025/12/24 15:08:52 P18 0 0 0 0 0 0 0 73.7 215.302 637.665 14.801 176.239 107.727 3780.365 40.894 140.381 751.801 -16.937 116.272 165.1 66.528 317.993 254.364 192.719 151.978 15.564 355.835 -4989.776 262.451 59.357 710.297 11.902 -12.207 519.562 53.711 166.931 202.942 109.406 -658.417 117.188 30.975 74.158 70.953 71.564 2510.681 2290.497 实验室 1 074
4452115 4851 2025/12/24 15:08:53 P18 0 0 0 0 0 0 0 73.853 215.912 637.512 15.717 176.086 107.422 3779.755 33.264 102.539 742.645 -17.395 115.662 165.863 66.223 317.535 253.906 192.413 152.13 14.648 355.988 -4988.861 270.081 60.883 716.095 11.597 -10.681 520.02 53.711 166.321 202.637 108.795 -657.806 117.645 30.365 76.447 71.716 67.749 2510.681 2287.75 实验室 1 074
4452116 4851 2025/12/24 15:08:54 P18 0 0 0 0 0 0 0 73.395 216.065 636.597 14.038 176.086 107.727 3780.365 50.964 135.498 752.716 -17.853 116.425 166.321 65.46 316.925 254.059 192.719 151.672 14.648 355.988 -4987.488 299.377 60.73 709.686 11.444 -11.749 519.104 53.711 166.779 203.552 107.88 -658.264 117.645 29.755 80.109 70.19 69.122 2511.292 2293.396 实验室 1 074
4452117 4851 2025/12/24 15:08:55 P18 0 0 0 0 0 0 0 74.158 216.522 636.749 15.106 176.392 107.575 3783.112 4.73 49.591 745.392 -16.785 114.288 165.71 65.918 317.078 254.211 192.719 151.978 14.801 355.682 -4988.098 278.778 58.594 687.256 12.36 -11.444 519.714 53.711 166.016 202.789 107.727 -657.959 117.493 29.907 75.836 74.463 69.122 2511.749 2289.429 实验室 1 074
4452118 4851 2025/12/24 15:08:56 P18 0 0 0 0 0 0 0 73.853 215.302 637.512 14.648 175.476 107.422 3780.823 16.632 -91.4 735.169 -17.395 116.425 165.253 66.223 317.078 254.517 191.803 152.13 15.411 355.988 -4989.776 265.961 60.73 664.52 12.054 -12.36 518.799 53.558 166.168 202.637 110.474 -657.806 116.882 30.518 74.158 77.057 67.749 2511.292 2291.718 实验室 1 074
4452119 4851 2025/12/24 15:08:57 P18 0 0 0 0 0 0 0 73.853 215.912 637.36 15.411 175.171 106.964 3780.212 53.406 -86.67 745.85 -16.937 117.798 165.71 65.155 317.535 254.517 191.498 151.672 15.411 356.14 -4988.098 279.083 58.594 694.275 11.902 -11.444 518.341 53.711 165.71 202.179 109.863 -658.569 117.188 30.365 72.632 73.242 67.749 2510.681 2289.886 实验室 1 074
4452120 4851 2025/12/24 15:08:58 P18 0 0 0 0 0 0 0 74.158 215.607 635.681 15.411 176.086 106.659 3779.907 47.15 -123.444 738.983 -16.632 115.814 165.863 65.46 316.467 253.449 191.803 152.13 14.954 355.377 -4989.014 292.053 60.73 717.621 11.749 -11.139 519.409 54.626 166.168 202.179 107.422 -658.417 117.34 29.755 76.599 74.463 67.749 2510.986 2290.344 实验室 1 074
4452121 4851 2025/12/24 15:08:59 P18 0 0 0 0 0 0 0 74.768 216.065 636.749 14.648 175.781 106.812 3779.907 71.716 -202.789 741.577 -16.022 115.509 166.016 64.697 317.23 254.364 191.956 151.978 14.191 354.767 -4990.387 261.688 60.272 728.455 11.597 -12.054 518.341 53.558 166.626 202.026 108.948 -658.722 117.035 30.06 78.583 73.242 69.427 2511.597 2289.124 实验室 1 074
4452122 4851 2025/12/24 15:09:00 P18 0 0 0 0 0 0 0 73.395 215.912 636.139 15.106 175.476 106.506 3780.823 22.888 -154.114 737.305 -17.853 116.272 166.016 65.613 316.62 253.754 191.498 153.046 14.954 355.682 -4988.708 223.084 59.509 714.417 11.444 -11.444 517.731 53.864 165.558 201.721 108.032 -657.044 115.662 29.755 70.343 74.31 73.242 2510.529 2289.581 实验室 1 074
4452123 4851 2025/12/24 15:09:01 P18 0 0 0 0 0 0 0 74.005 216.217 635.376 15.411 176.086 106.812 3779.907 21.21 -15.259 747.833 -17.242 114.899 165.558 64.85 316.62 254.211 192.261 151.978 14.496 354.919 -4988.403 230.713 59.967 747.986 12.207 -11.597 518.189 53.711 165.863 202.026 110.169 -657.959 116.882 30.975 68.665 73.242 65.613 2511.139 2285.919 实验室 1 074
4452124 4851 2025/12/24 15:09:02 P18 0 0 0 0 0 0 0 73.547 216.065 636.597 14.648 174.866 106.812 3781.281 7.019 104.523 747.986 -17.09 114.746 166.016 66.528 317.383 254.211 191.498 151.672 15.106 354.462 -4989.929 212.708 60.73 769.196 13.123 -11.597 517.426 53.864 165.1 201.569 109.863 -657.501 116.882 29.602 73.853 72.937 65.613 2511.292 2287.598 实验室 1 074
4452125 4851 2025/12/24 15:09:03 P18 0 0 0 0 0 0 0 73.395 215.302 635.529 15.259 174.866 106.201 3781.891 39.215 32.806 747.833 -16.632 115.814 165.558 65.308 317.23 253.754 191.345 152.13 14.954 354.309 -4990.387 184.631 60.73 726.929 11.902 -11.902 516.815 54.169 165.863 201.721 109.863 -658.722 116.73 29.755 74.921 76.294 69.122 2511.597 2281.647 实验室 1 074
4452126 4851 2025/12/24 15:09:04 P18 0 0 0 0 0 0 0 73.547 215.759 634.155 13.886 174.866 106.506 3780.823 34.027 18.768 744.934 -16.785 116.425 164.795 65.155 316.467 254.364 191.345 152.13 15.411 354.919 -4989.472 186.31 58.289 715.79 11.292 -11.902 516.663 53.558 166.016 201.569 109.253 -658.722 116.272 29.907 87.433 73.242 73.09 2511.444 2289.124 实验室 1 074
4452127 4851 2025/12/24 15:09:05 P18 0 0 0 0 0 0 0 74.768 216.065 634.308 14.343 175.781 106.659 3780.518 57.983 3.662 745.697 -17.7 115.051 165.405 65.46 316.467 254.364 191.803 152.283 14.801 353.699 -4989.166 175.018 58.746 706.024 12.207 -10.834 517.426 52.948 165.558 201.721 105.438 -657.654 117.493 29.449 89.722 72.174 68.054 2510.986 2286.835 实验室 1 074
4452128 4851 2025/12/24 15:09:06 P18 0 0 0 0 0 0 0 73.7 214.996 634.766 14.801 174.713 106.812 3783.264 61.493 94.757 742.95 -17.548 114.899 166.473 65.613 316.62 254.974 190.888 151.52 15.106 354.309 -4988.708 189.972 59.052 709.839 11.597 -12.207 516.052 53.253 164.948 201.416 109.1 -657.501 116.425 27.313 79.651 72.632 67.291 2511.902 2290.955 实验室 1 074
4452129 4851 2025/12/24 15:09:07 P18 0 0 0 0 0 0 0 72.937 215.759 634.308 14.038 175.324 106.659 3780.365 42.114 98.267 742.188 -17.242 115.967 165.71 65.002 316.467 254.364 190.582 151.978 14.191 354.462 -4988.251 169.983 59.967 745.544 11.444 -9.918 515.747 53.406 165.71 202.026 108.643 -660.095 116.119 30.518 85.754 69.275 68.359 2510.986 2289.124 实验室 1 074
4452130 4851 2025/12/24 15:09:08 P18 0 0 0 0 0 0 0 74.158 215.912 634.155 15.717 175.324 106.354 3780.823 41.504 45.929 749.817 -17.09 115.356 165.863 65.002 316.315 254.669 190.43 151.978 14.954 353.699 -4989.014 183.868 60.883 688.324 11.444 -11.749 515.442 53.406 165.863 201.416 109.863 -659.18 116.577 29.755 77.209 73.09 68.054 2511.139 2288.818 实验室 1 074
4452131 4851 2025/12/24 15:09:09 P18 0 0 0 0 0 0 0 73.853 216.065 633.545 15.869 174.408 106.506 3780.823 14.954 -18.005 748.901 -16.785 115.356 166.168 65.155 316.01 254.822 190.125 152.283 14.801 352.783 -4990.387 213.776 59.662 694.733 12.054 -11.902 515.9 54.169 165.1 200.501 110.169 -658.569 116.73 29.755 85.907 69.885 69.427 2510.529 2289.124 实验室 1 074
4452132 4851 2025/12/24 15:09:10 P18 0 0 0 0 0 0 0 73.7 215.607 633.545 14.191 174.713 107.422 3782.043 27.466 -14.648 751.19 -17.242 113.983 166.168 65.155 316.162 255.127 190.125 151.978 15.411 353.546 -4988.556 251.923 60.425 678.711 12.054 -11.902 515.442 52.948 165.405 200.806 109.711 -659.18 116.119 30.518 80.872 73.242 65.613 2511.597 2288.971 实验室 1 074
4452133 4851 2025/12/24 15:09:11 P18 0 0 0 0 0 0 0 73.7 215.607 633.545 14.191 174.713 107.422 3782.043 27.466 -14.648 751.19 -17.242 113.983 166.168 65.155 316.162 255.127 190.125 151.978 15.411 353.546 -4988.556 251.923 60.425 678.711 12.054 -11.902 515.442 52.948 165.405 200.806 109.711 -659.18 116.119 30.518 80.872 73.242 65.613 2511.597 2288.971 实验室 1 074
4452134 4851 2025/12/24 15:09:12 P18 0 0 0 0 0 0 0 74.158 216.522 633.087 15.411 175.171 106.659 3780.06 11.444 24.109 749.664 -16.937 115.662 165.1 65.155 316.315 254.364 190.582 152.283 14.191 353.699 -4989.624 308.533 58.289 667.419 11.749 -11.292 517.426 53.253 164.795 200.501 112.457 -658.417 115.967 29.755 78.735 70.801 71.259 2510.681 2289.124 实验室 1 074
4452135 4851 2025/12/24 15:09:13 P18 0 0 0 0 0 0 0 74.921 217.133 632.935 15.106 175.018 106.964 3780.518 69.58 17.7 747.07 -17.09 114.746 165.253 65.918 315.857 254.822 191.193 151.672 14.496 352.936 -4989.319 303.192 53.558 687.408 11.902 -12.36 515.442 52.795 164.49 201.111 108.49 -658.875 117.035 29.602 79.803 75.836 69.58 2510.986 2288.208 实验室 1 074
4452136 4851 2025/12/24 15:09:14 P18 0 0 0 0 0 0 0 73.547 216.065 633.24 15.106 175.324 106.812 3780.212 -12.207 34.18 748.291 -17.548 115.051 165.863 65.46 316.773 254.364 189.819 152.13 14.648 353.546 -4989.472 299.53 60.272 679.932 12.97 -11.597 514.679 52.948 164.185 200.958 108.948 -658.722 116.272 29.755 75.073 74.005 68.359 2510.834 2290.802 实验室 1 074
4452137 4851 2025/12/24 15:09:15 P18 0 0 0 0 0 0 0 74.31 216.217 632.324 14.954 174.255 106.506 3780.212 58.746 122.376 749.359 -16.937 114.746 165.71 65.613 315.704 254.364 190.125 152.283 14.038 353.241 -4990.997 248.108 61.035 665.741 11.444 -11.597 514.832 53.558 164.642 200.958 109.558 -657.501 116.425 29.907 74.31 78.125 69.58 2511.292 2287.14 实验室 1 074
4452138 4851 2025/12/24 15:09:16 P18 0 0 0 0 0 0 0 74.31 216.827 632.477 14.191 175.781 106.659 3780.823 54.474 98.724 739.594 -17.548 114.899 165.863 65.308 315.704 254.364 190.582 151.978 13.886 353.088 -4988.556 258.484 58.899 678.406 11.749 -12.207 514.526 53.253 164.948 200.653 107.88 -657.654 116.119 29.755 72.937 74.615 68.512 2510.529 2289.734 实验室 1 074
4452139 4851 2025/12/24 15:09:17 P18 0 0 0 0 0 0 0 74.005 216.065 632.324 14.801 176.239 105.743 3782.806 84.686 -2.441 751.801 -16.785 114.441 164.795 63.629 315.704 255.585 189.362 152.283 15.411 353.394 -4989.014 278.626 58.899 702.21 11.597 -11.902 513.916 53.253 164.49 200.195 108.337 -658.569 116.119 30.518 77.057 76.447 66.834 2511.749 2288.055 实验室 1 074
4452140 4851 2025/12/24 15:09:18 P18 0 0 0 0 0 0 0 74.005 215.912 631.867 15.259 174.408 106.354 3780.518 -3.204 4.425 752.869 -16.937 116.577 165.71 65.155 315.552 254.364 189.514 152.893 15.259 352.478 -4987.488 271.606 60.883 719.299 11.902 -10.834 513.763 53.406 165.1 200.958 109.406 -657.654 116.119 29.449 79.041 72.479 64.392 2510.834 2294.464 实验室 1 074
4452141 4851 2025/12/24 15:09:19 P18 0 0 0 0 0 0 0 73.7 217.285 631.867 14.191 174.713 106.812 3779.449 40.894 24.872 752.564 -16.937 114.746 165.405 64.24 314.941 254.364 190.125 152.435 14.801 353.088 -4988.403 306.091 62.103 693.359 11.292 -11.902 514.069 52.795 164.032 199.89 110.169 -657.959 115.356 29.602 72.479 73.7 69.275 2510.681 2289.124 实验室 1 074
4452142 4851 2025/12/24 15:09:20 P18 0 0 0 0 0 0 0 74.005 216.522 631.561 14.648 174.255 106.201 3780.365 25.177 94.147 745.087 -17.09 114.746 165.253 64.85 315.704 254.974 189.819 151.52 15.106 352.783 -4990.54 331.574 60.12 704.193 12.054 -11.597 513.306 53.253 164.032 200.195 108.337 -657.044 115.204 30.518 77.515 75.684 67.291 2510.376 2288.208 实验室 1 074
4452143 4851 2025/12/24 15:09:21 P18 0 0 0 0 0 0 0 74.768 216.98 630.798 15.106 174.866 106.659 3780.823 8.545 102.539 747.681 -17.09 114.288 165.863 65.46 315.552 254.517 189.514 152.13 14.648 352.173 -4990.387 251.617 59.662 706.787 11.292 -12.054 513.763 53.406 164.49 200.195 109.711 -659.027 115.967 29.449 72.327 69.58 69.275 2510.681 2289.124 实验室 1 074
4452144 4851 2025/12/24 15:09:22 P18 0 0 0 0 0 0 0 74.005 216.675 631.256 14.954 173.95 105.743 3781.738 28.992 183.868 750.427 -16.632 115.356 165.405 64.85 315.247 254.822 189.209 152.13 15.106 352.783 -4988.098 248.108 61.035 699.921 11.902 -11.597 512.848 53.864 164.337 199.432 107.727 -658.722 115.814 30.06 74.615 71.106 69.733 2511.444 2288.818 实验室 1 074
4452145 4851 2025/12/24 15:09:23 P18 0 0 0 0 0 0 0 74.768 216.98 630.646 14.801 174.255 106.201 3780.06 52.795 196.838 742.188 -16.937 114.288 164.948 64.545 315.247 254.211 189.819 152.741 15.564 351.41 -4989.166 267.639 59.204 723.419 12.665 -12.207 512.238 52.643 164.337 199.738 110.321 -656.128 115.509 29.602 71.106 77.972 72.021 2511.292 2289.734 实验室 1 074
4452146 4851 2025/12/24 15:09:24 P18 0 0 0 0 0 0 0 73.853 216.065 631.104 14.191 174.103 105.286 3780.518 8.087 73.7 739.899 -15.869 113.831 165.1 64.85 314.789 254.517 189.056 152.13 15.259 352.173 -4990.54 288.544 60.272 704.346 11.749 -11.749 511.932 54.321 164.337 200.653 107.575 -656.738 115.509 30.823 82.55 75.073 65.765 2511.292 2288.818 实验室 1 074
4452147 4851 2025/12/24 15:09:25 P18 0 0 0 0 0 0 0 73.547 216.827 630.341 14.648 173.95 105.896 3779.907 19.226 27.313 746.918 -16.632 114.594 164.948 65.308 314.636 254.669 188.294 152.893 14.191 351.868 -4988.403 274.2 61.34 701.141 12.207 -11.292 512.238 53.101 163.879 199.738 108.948 -657.654 116.119 29.449 78.125 72.784 73.395 2511.292 2290.192 实验室 1 074
4452148 4851 2025/12/24 15:09:26 P18 0 0 0 0 0 0 0 72.784 216.217 630.035 15.564 173.95 105.591 3780.212 7.477 -76.447 742.798 -16.327 113.831 165.71 64.24 314.941 255.432 188.599 152.283 14.801 351.563 -4989.472 289.917 60.73 699.616 11.444 -11.139 511.932 54.169 163.879 199.432 108.337 -656.738 115.356 30.06 77.972 74.921 69.733 2510.681 2289.734 实验室 1 074
4452149 4851 2025/12/24 15:09:27 P18 0 0 0 0 0 0 0 74.921 216.827 630.035 14.343 174.255 105.286 3781.281 89.417 -111.389 740.509 -16.632 113.983 165.558 64.24 314.484 255.432 189.362 152.588 14.801 351.563 -4989.624 338.898 59.052 696.869 11.444 -11.597 511.322 52.948 163.574 199.585 108.643 -657.654 114.899 29.907 77.362 71.411 66.681 2511.597 2285.156 实验室 1 074
4452150 4851 2025/12/24 15:09:28 P18 0 0 0 0 0 0 0 73.395 216.522 629.425 14.648 174.103 106.354 3781.586 62.714 -75.378 737.61 -16.479 114.288 165.558 64.392 314.636 254.517 187.531 152.741 14.191 351.257 -4989.929 337.067 58.136 681.458 12.054 -12.207 511.017 54.016 163.879 199.585 109.558 -659.638 115.509 29.297 70.801 70.648 69.122 2512.512 2289.581 实验室 1 074
4452151 4851 2025/12/24 15:09:29 P18 0 0 0 0 0 0 0 73.853 216.065 629.73 15.106 173.95 105.438 3780.975 11.597 -132.904 748.138 -16.937 113.373 165.1 65.155 315.247 253.906 188.751 151.672 15.106 351.41 -4990.54 327.759 61.951 692.596 11.749 -11.597 510.864 52.643 163.574 199.28 111.237 -658.417 115.662 29.755 76.752 68.512 71.716 2510.529 2293.549 实验室 1 074
4452152 4851 2025/12/24 15:09:30 P18 0 0 0 0 0 0 0 73.242 216.827 629.883 14.038 173.798 106.354 3781.433 25.33 -134.735 747.986 -16.937 114.136 165.558 64.392 314.636 254.669 188.294 152.741 14.496 351.105 -4989.776 298.767 60.12 682.831 11.444 -12.207 510.712 52.49 164.185 199.585 108.032 -660.858 115.204 29.602 71.716 76.599 74.158 2511.749 2288.666 实验室 1 074
4452153 4851 2025/12/24 15:09:31 P18 0 0 0 0 0 0 0 73.547 216.37 630.646 14.343 174.103 105.286 3779.907 24.872 -82.55 739.899 -17.09 113.983 166.016 63.934 315.247 255.127 188.141 151.672 14.191 351.868 -4987.793 277.252 68.665 680.542 11.749 -12.054 513.916 52.795 163.422 198.822 108.032 -660.4 112.915 29.907 74.768 72.784 68.207 2510.986 2289.581 实验室 1 074
4452154 4851 2025/12/24 15:09:32 P18 0 0 0 0 0 0 0 73.853 216.827 628.967 14.496 173.187 106.049 3780.212 22.278 -19.531 746.002 -15.869 114.136 165.71 63.629 314.026 254.364 188.141 152.588 15.259 350.8 -4988.708 246.887 62.561 694.58 11.749 -12.36 510.559 53.253 163.422 199.127 108.337 -661.011 115.814 30.06 88.654 73.547 69.427 2510.986 2289.276 实验室 1 074
4452155 4851 2025/12/24 15:09:33 P18 0 0 0 0 0 0 0 73.395 216.217 629.273 14.648 173.798 105.438 3780.67 25.787 0.153 734.558 -16.785 114.594 165.1 63.629 315.094 254.669 187.988 151.978 14.648 351.105 -4989.166 203.247 59.357 689.392 10.834 -12.512 509.644 52.643 163.117 198.669 109.1 -660.248 115.051 29.297 79.803 73.547 68.207 2512.512 2288.055 实验室 1 074
4452156 4851 2025/12/24 15:09:34 P18 0 0 0 0 0 0 0 73.853 216.98 628.51 14.954 173.645 106.201 3781.738 35.858 36.926 742.798 -17.09 113.831 164.795 64.697 314.636 254.517 187.836 152.588 14.648 350.647 -4991.15 207.062 61.188 700.378 13.123 -12.207 510.407 52.185 162.811 199.127 106.201 -660.4 114.746 30.212 74.768 68.817 70.496 2510.834 2289.429 实验室 1 074
4452157 4851 2025/12/24 15:09:35 P18 0 0 0 0 0 0 0 74.005 216.675 629.883 14.191 173.645 105.286 3779.602 58.746 14.191 756.683 -16.174 113.983 165.558 64.24 314.636 254.822 186.615 152.283 14.191 351.257 -4988.556 238.037 58.594 693.665 11.292 -11.902 510.101 52.49 163.269 199.127 109.558 -657.959 114.594 29.602 68.207 75.378 66.071 2510.986 2288.055 实验室 1 074
4452158 4851 2025/12/24 15:09:36 P18 0 0 0 0 0 0 0 74.005 216.827 628.662 15.259 173.95 105.286 3780.06 52.49 -16.632 755.768 -17.242 113.983 165.405 64.697 315.552 254.974 187.836 151.672 14.648 350.494 -4987.488 243.683 60.425 718.994 11.597 -11.902 511.017 51.727 162.506 198.517 108.337 -657.806 115.509 29.602 70.953 72.632 71.564 2510.834 2289.581 实验室 1 074
4452159 4851 2025/12/24 15:09:37 P18 0 0 0 0 0 0 0 73.242 215.912 628.052 14.191 173.798 106.049 3782.349 17.242 90.179 749.97 -17.7 114.288 165.71 63.629 314.636 255.432 187.836 151.672 14.954 350.952 -4987.945 254.211 57.068 713.501 12.665 -12.207 509.338 52.185 163.574 199.28 111.389 -660.706 114.441 29.297 72.021 71.564 63.629 2510.834 2287.75 实验室 1 074
4452160 4851 2025/12/24 15:09:38 P18 0 0 0 0 0 0 0 74.463 216.065 627.747 14.648 173.492 105.286 3781.281 28.992 114.746 746.46 -17.395 113.831 165.253 65.002 314.026 254.822 187.073 152.283 14.648 350.189 -4988.708 271.606 59.357 704.193 11.444 -12.512 510.407 52.795 163.422 198.059 110.931 -661.316 112.915 29.449 74.158 72.174 68.665 2512.207 2287.75 实验室 1 074
4452161 4851 2025/12/24 15:09:39 P18 0 0 0 0 0 0 0 74.005 217.133 627.747 14.343 173.34 104.675 3780.67 1.831 102.844 751.038 -17.548 113.678 166.016 64.545 314.331 255.28 187.073 151.672 15.564 350.342 -4989.624 317.078 59.052 742.798 12.36 -12.512 509.186 52.643 162.506 198.059 110.474 -660.858 114.746 30.06 72.784 74.463 67.291 2511.139 2288.666 实验室 1 074
4452162 4851 2025/12/24 15:09:40 P18 0 0 0 0 0 0 0 73.7 216.675 627.594 15.106 173.645 105.286 3780.518 34.943 131.683 748.138 -17.09 113.831 164.948 63.324 314.179 256.5 186.768 151.978 14.648 350.189 -4986.114 322.571 59.357 738.983 11.749 -11.597 508.728 52.185 162.964 198.059 106.201 -660.553 114.288 30.06 76.904 71.869 68.817 2510.834 2289.734 实验室 1 074
4452163 4851 2025/12/24 15:09:41 P18 0 0 0 0 0 0 0 73.7 216.675 627.594 15.106 173.645 105.286 3780.518 34.943 131.683 748.138 -17.09 113.831 164.948 63.324 314.179 256.5 186.768 151.978 14.648 350.189 -4986.114 322.571 59.357 738.983 11.749 -11.597 508.728 52.185 162.964 198.059 106.201 -660.553 114.288 30.06 76.904 71.869 68.817 2510.834 2289.734 实验室 1 074
4452164 4851 2025/12/24 15:09:42 P18 0 0 0 0 0 0 0 73.7 216.827 626.679 14.648 173.492 105.286 3779.907 -2.594 196.533 744.019 -16.937 113.831 165.558 64.087 314.179 255.28 187.225 152.588 14.648 350.342 -4990.234 293.274 62.103 712.585 11.749 -12.207 508.575 51.88 162.659 198.212 106.201 -657.654 114.899 29.602 72.021 70.953 73.242 2511.749 2289.734 实验室 1 074
4452165 4851 2025/12/24 15:09:43 P18 0 0 0 0 0 0 0 73.547 216.98 626.679 15.106 173.035 104.828 3782.501 39.215 146.79 755.615 -17.395 113.525 165.1 64.392 314.026 255.127 187.073 153.198 14.648 350.189 -4990.387 265.808 59.967 710.449 12.36 -11.749 508.118 52.643 162.659 198.212 105.896 -658.417 115.509 29.602 74.31 77.362 72.784 2511.292 2288.818 实验室 1 074
4452166 4851 2025/12/24 15:09:44 P18 0 0 0 0 0 0 0 73.547 216.98 626.984 14.343 173.492 104.675 3781.891 18.616 113.678 752.564 -16.479 113.678 165.558 63.324 313.873 255.127 186.157 152.588 14.801 349.731 -4991.455 279.388 57.831 694.122 12.207 -11.749 508.423 53.101 162.811 197.754 107.575 -656.738 115.051 29.602 76.599 73.547 69.885 2511.597 2287.445 实验室 1 074
4452167 4851 2025/12/24 15:09:45 P18 0 0 0 0 0 0 0 74.615 216.98 628.052 14.801 174.561 105.286 3780.67 48.676 48.37 756.989 -17.242 113.525 165.1 63.324 314.026 255.28 186.462 152.435 14.648 349.274 -4989.014 319.977 58.746 734.558 11.902 -12.36 508.575 52.185 162.964 198.212 108.032 -658.112 114.441 28.992 74.768 71.869 68.97 2511.139 2289.429 实验室 1 074
4452168 4851 2025/12/24 15:09:46 P18 0 0 0 0 0 0 0 74.463 216.98 626.831 14.954 173.798 105.438 3781.433 28.076 -10.223 756.378 -17.242 113.22 165.863 63.629 314.331 255.28 186.157 152.13 14.801 351.105 -4989.776 339.813 60.12 714.111 12.817 -12.054 508.27 52.185 162.048 197.296 108.032 -658.875 114.288 29.297 71.259 71.716 68.054 2511.597 2289.276 实验室 1 074
4452169 4851 2025/12/24 15:09:47 P18 0 0 0 0 0 0 0 73.547 216.98 626.221 14.496 173.34 105.133 3781.433 48.981 20.905 747.528 -16.479 113.525 164.948 62.714 314.026 255.432 186.31 152.435 14.801 350.342 -4988.251 335.236 59.967 693.665 12.207 -11.749 507.507 52.795 163.117 198.059 104.065 -659.485 114.288 29.449 73.7 70.496 67.291 2510.681 2286.224 实验室 1 074
4452170 4851 2025/12/24 15:09:48 P18 0 0 0 0 0 0 0 74.005 216.522 626.221 15.106 173.035 105.286 3782.196 38.3 -7.172 747.986 -17.242 113.373 165.863 63.629 314.026 256.043 186.768 152.283 14.954 349.274 -4990.234 353.241 58.289 703.583 12.054 -12.207 507.202 52.49 162.048 197.754 108.337 -659.79 114.288 30.518 73.395 71.259 64.545 2511.749 2291.26 实验室 1 074
4452171 4851 2025/12/24 15:09:49 P18 0 0 0 0 0 0 0 74.005 217.743 626.068 14.496 174.255 105.743 3782.043 28.229 37.537 740.967 -16.632 113.068 165.1 63.934 314.026 254.669 186.31 151.978 14.038 349.731 -4989.929 363.159 62.408 728.149 12.054 -11.292 507.355 52.032 161.896 197.296 108.948 -657.959 114.899 29.297 72.632 73.853 66.528 2511.902 2288.818 实验室 1 074
4452172 4851 2025/12/24 15:09:50 P18 0 0 0 0 0 0 0 74.463 217.438 626.373 14.954 174.255 106.812 3779.907 55.542 70.038 743.103 -16.327 113.373 164.795 63.629 313.721 255.737 186.31 151.978 14.038 349.121 -4989.014 389.862 61.035 699.31 11.902 -12.054 507.05 52.643 162.354 197.296 108.795 -658.417 114.136 29.449 70.038 76.141 69.885 2510.834 2288.971 实验室 1 074
4452173 4851 2025/12/24 15:09:51 P18 0 0 0 0 0 0 0 73.547 217.896 625 14.954 173.035 105.438 3782.043 -2.899 113.983 747.986 -16.937 113.525 165.1 63.934 314.179 254.822 185.7 152.435 14.496 348.816 -4987.641 355.072 60.73 701.752 12.207 -12.207 507.66 52.49 162.354 198.517 108.643 -658.569 114.288 30.212 72.327 75.073 67.596 2512.207 2291.412 实验室 1 074
4452174 4851 2025/12/24 15:09:52 P18 0 0 0 0 0 0 0 74.158 217.743 625.458 14.954 173.035 104.218 3781.586 50.201 75.531 750.122 -16.174 113.373 166.016 63.629 313.263 255.89 186.005 152.435 14.038 349.426 -4989.776 366.364 60.73 706.635 11.902 -12.054 506.592 52.032 162.201 197.296 108.032 -657.654 114.746 30.06 74.158 72.937 66.376 2510.986 2289.124 实验室 1 074
4452175 4851 2025/12/24 15:09:53 P18 0 0 0 0 0 0 0 73.7 218.201 625.305 14.496 172.882 105.438 3782.043 42.267 9.918 750.732 -15.869 113.22 165.1 63.477 313.568 255.737 186.157 153.198 14.038 349.426 -4984.741 328.217 60.577 710.449 12.054 -12.207 506.439 52.185 162.201 197.601 111.694 -658.722 114.136 29.449 67.902 72.937 66.223 2511.444 2289.734 实验室 1 074
4452176 4851 2025/12/24 15:09:54 P18 0 0 0 0 0 0 0 73.7 217.133 625.61 14.801 173.187 105.591 3781.433 -8.392 95.52 754.395 -16.785 112.763 166.168 64.087 313.873 256.653 185.7 152.588 14.801 350.189 -4989.014 305.328 59.662 699.31 11.749 -12.054 506.592 52.185 162.048 196.991 109.863 -658.875 114.136 29.449 69.275 68.817 74.768 2510.986 2289.581 实验室 1 074
4452177 4851 2025/12/24 15:09:55 P18 0 0 0 0 0 0 0 73.547 217.133 624.542 14.954 172.882 105.133 3781.433 31.891 97.656 747.376 -17.548 113.373 165.863 63.629 313.721 255.737 185.547 152.588 14.648 349.121 -4988.556 329.895 60.12 710.602 11.902 -12.207 505.829 52.338 162.048 197.449 110.931 -658.264 114.288 29.449 73.395 75.378 66.986 2511.597 2289.734 实验室 1 074
4452178 4851 2025/12/24 15:09:56 P18 0 0 0 0 0 0 0 73.7 216.98 625.305 14.954 172.424 104.523 3780.212 26.245 30.823 744.934 -17.09 113.525 165.253 63.171 313.11 256.043 185.089 152.588 14.191 349.731 -4989.624 301.361 59.357 715.637 11.444 -12.207 505.524 51.575 162.048 197.907 113.525 -658.722 114.288 29.449 81.787 70.801 67.291 2511.139 2288.971 实验室 1 074
4452179 4851 2025/12/24 15:09:57 P18 0 0 0 0 0 0 0 75.073 220.947 625.305 15.259 173.035 105.133 3781.891 22.278 -61.646 745.087 -16.479 112.457 164.795 63.477 313.263 255.28 185.394 153.198 14.496 348.816 -4990.845 270.538 60.425 723.877 11.749 -12.054 506.134 52.032 161.743 196.838 107.727 -653.076 114.899 29.144 83.618 72.174 68.97 2511.444 2289.124 实验室 1 074
4452180 4851 2025/12/24 15:09:58 P18 0 0 0 0 0 0 0 72.937 217.59 625.458 14.954 173.035 104.981 3782.043 51.27 5.646 752.716 -16.937 113.373 165.71 63.019 313.873 256.348 185.089 150.147 14.343 348.816 -4989.014 273.132 58.136 711.67 11.444 -11.902 505.371 51.575 162.048 196.991 109.1 -657.349 114.288 29.602 82.55 71.106 73.547 2511.444 2290.649 实验室 1 074
4452181 4851 2025/12/24 15:09:59 P18 0 0 0 0 0 0 0 74.615 217.59 624.695 14.801 173.187 104.523 3782.349 23.651 26.703 748.749 -16.174 112.915 165.405 62.408 313.568 255.89 185.547 152.435 14.648 348.663 -4987.183 267.792 59.814 663.757 11.902 -11.749 505.524 51.575 162.354 197.296 108.337 -657.806 114.746 29.297 70.953 73.395 69.427 2511.444 2288.971 实验室 1 074
4452182 4851 2025/12/24 15:10:00 P18 0 0 0 0 0 0 0 73.547 218.201 625.153 14.496 173.035 104.218 3782.806 8.698 5.188 741.272 -16.785 113.525 164.49 64.087 313.568 255.737 184.937 153.046 14.191 350.189 -4979.706 272.064 59.662 639.496 11.902 -12.054 505.371 52.185 161.285 196.381 110.169 -657.501 114.899 29.602 79.346 74.158 70.496 2511.597 2289.429 实验室 1 074
4452183 4851 2025/12/24 15:10:01 P18 0 0 0 0 0 0 0 74.158 218.506 625 14.954 172.882 105.743 3780.365 33.264 -38.605 747.07 -16.022 113.831 164.642 63.477 313.873 255.89 185.394 152.741 14.801 348.053 -4989.624 270.844 61.798 681.305 12.207 -11.902 505.371 52.185 162.048 196.381 110.169 -658.875 113.831 28.534 69.885 74.005 68.359 2510.986 2289.276 实验室 1 074
4452184 4851 2025/12/24 15:10:02 P18 0 0 0 0 0 0 0 73.7 217.285 624.39 14.801 172.882 105.286 3783.264 16.632 -76.294 738.831 -16.632 113.525 164.948 63.019 313.11 255.28 184.937 152.588 15.259 348.663 -4988.708 263.367 58.899 676.575 11.902 -12.054 505.219 51.575 165.253 197.449 109.253 -657.501 113.983 29.755 66.223 69.733 69.733 2512.512 2289.581 实验室 1 074
4452185 4851 2025/12/24 15:10:03 P18 0 0 0 0 0 0 0 74.615 217.896 623.627 14.954 172.882 104.828 3781.281 61.951 -67.444 745.85 -17.09 112.305 165.1 63.171 313.416 255.737 184.784 152.588 13.886 348.663 -4989.472 257.874 60.73 671.539 11.444 -12.054 505.676 49.896 161.591 196.686 107.727 -658.875 114.594 29.297 73.547 74.768 67.291 2510.834 2288.818 实验室 1 074
4452186 4851 2025/12/24 15:10:04 P18 0 0 0 0 0 0 0 74.463 218.658 623.779 15.259 173.187 105.438 3780.67 63.629 -47.455 743.561 -16.327 112.457 164.642 64.697 313.263 255.89 184.937 151.978 14.343 348.816 -4989.014 231.323 60.272 656.128 11.444 -12.054 503.998 52.795 161.896 196.228 110.016 -657.654 114.441 29.449 79.956 72.632 67.749 2510.681 2292.48 实验室 1 074
4452187 4851 2025/12/24 15:10:05 P18 0 0 0 0 0 0 0 74.31 217.743 623.322 16.479 173.492 104.37 3782.043 57.373 3.967 744.019 -17.09 112.915 164.642 63.171 313.263 255.432 185.089 152.13 14.191 348.053 -4991.607 190.125 59.357 675.659 11.597 -12.665 504.608 51.727 161.438 196.686 108.795 -658.264 114.288 29.297 68.054 70.801 68.207 2511.292 2288.971 实验室 1 074
4452188 4851 2025/12/24 15:10:06 P18 0 0 0 0 0 0 0 74.615 217.59 623.169 14.801 173.34 104.523 3780.06 -48.218 156.097 746.002 -16.785 112.305 164.795 63.629 313.11 255.585 186.615 152.435 14.648 349.884 -4990.082 240.479 60.272 683.441 11.902 -11.139 505.371 51.727 161.438 196.075 110.474 -658.112 114.136 28.229 65.918 75.989 67.902 2510.834 2289.886 实验室 1 074
4452189 4851 2025/12/24 15:10:07 P18 0 0 0 0 0 0 0 73.853 217.896 623.474 14.496 173.035 104.065 3781.891 4.883 184.937 746.307 -17.853 111.542 164.642 63.324 313.11 256.195 184.784 152.13 14.496 348.358 -4989.014 251.16 62.103 699.768 12.36 -12.36 503.845 51.422 161.438 195.618 107.88 -658.722 113.983 29.602 72.479 75.684 69.58 2511.597 2294.617 实验室 1 074
4452190 4851 2025/12/24 15:10:08 P18 0 0 0 0 0 0 0 74.158 217.743 623.016 14.648 172.577 105.591 3779.907 12.36 147.705 748.291 -17.09 113.373 164.642 59.204 312.653 256.043 184.174 153.198 14.343 348.816 -4988.251 252.991 60.73 696.869 11.444 -12.36 504.303 51.422 161.438 196.533 108.337 -657.044 113.678 28.381 71.869 70.953 64.392 2510.681 2288.818 实验室 1 074
4452191 4851 2025/12/24 15:10:09 P18 0 0 0 0 0 0 0 74.158 217.743 623.932 14.801 172.882 104.523 3779.907 41.351 90.332 749.512 -17.09 111.847 164.642 64.087 313.721 256.195 184.021 152.435 14.648 348.663 -4987.945 233.002 58.289 709.381 11.749 -11.139 503.693 51.88 160.98 196.075 107.88 -658.417 113.525 29.297 66.528 76.294 70.801 2510.376 2289.124 实验室 1 074
4452192 4851 2025/12/24 15:10:10 P18 0 0 0 0 0 0 0 75.226 217.743 621.796 15.869 173.34 104.37 3782.043 39.52 98.877 743.408 -17.242 112.763 164.185 62.256 312.653 255.585 184.784 152.588 14.191 347.443 -4991.455 208.13 59.967 696.259 11.444 -12.36 504.303 51.575 161.133 196.533 108.032 -657.044 113.831 28.992 77.515 74.005 68.054 2511.597 2291.718 实验室 1 074
4452193 4851 2025/12/24 15:10:11 P18 0 0 0 0 0 0 0 75.226 217.743 621.796 15.869 173.34 104.37 3782.043 39.52 98.877 743.408 -17.242 112.763 164.185 62.256 312.653 255.585 184.784 152.588 14.191 347.443 -4991.455 208.13 59.967 696.259 11.444 -12.36 504.303 51.575 161.133 196.533 108.032 -657.044 113.831 28.992 77.515 74.005 68.054 2511.597 2291.718 实验室 1 074
4452194 4851 2025/12/24 15:10:12 P18 0 0 0 0 0 0 0 73.395 217.896 622.711 15.564 172.424 103.455 3780.212 59.509 40.894 747.07 -17.09 112.457 165.558 64.087 313.416 255.89 184.021 152.435 14.496 347.748 -4987.488 240.936 60.577 685.425 12.512 -12.207 503.235 51.727 161.133 196.228 111.084 -657.806 113.831 29.297 72.021 74.768 68.359 2510.986 2288.666 实验室 1 074
4452195 4851 2025/12/24 15:10:13 P18 0 0 0 0 0 0 0 74.005 218.201 622.101 14.496 172.882 104.675 3780.67 37.231 -57.526 743.866 -15.564 113.068 164.795 62.561 312.653 255.432 184.021 153.198 14.496 347.748 -4990.082 285.339 61.34 704.956 11.749 -12.207 502.777 51.422 161.285 196.533 108.948 -658.722 113.525 29.449 65.308 70.801 66.223 2511.597 2288.818 实验室 1 074
4452196 4851 2025/12/24 15:10:14 P18 0 0 0 0 0 0 0 73.547 217.743 621.185 13.58 172.882 104.828 3779.907 19.226 -45.166 749.054 -17.09 113.525 165.1 62.256 312.347 256.348 184.021 152.893 14.648 347.9 -4990.387 271.149 61.34 712.891 11.139 -12.36 502.93 51.27 160.98 196.381 109.1 -657.196 113.525 29.907 65.155 74.158 66.376 2511.597 2288.361 实验室 1 074
4452197 4851 2025/12/24 15:10:15 P18 0 0 0 0 0 0 0 73.7 218.658 621.491 14.648 172.577 104.828 3782.196 50.354 -41.199 744.171 -16.937 112.305 164.948 62.866 312.195 255.89 183.411 152.588 14.954 347.138 -4990.692 301.666 58.899 719.452 11.749 -12.207 502.625 51.27 161.743 196.075 107.575 -658.112 113.068 29.144 72.021 73.853 69.58 2511.139 2289.734 实验室 1 074
4452198 4851 2025/12/24 15:10:16 P18 0 0 0 0 0 0 0 74.005 218.353 622.101 14.801 172.119 103.912 3780.06 48.523 -27.771 746.613 -16.785 110.474 164.948 62.561 312.653 255.737 183.563 153.351 15.259 347.443 -4991.455 313.263 58.899 704.193 11.749 -11.902 502.93 52.032 161.438 195.77 108.185 -657.806 113.373 29.297 66.528 75.073 69.427 2511.444 2289.124 实验室 1 074
4452199 4851 2025/12/24 15:10:17 P18 0 0 0 0 0 0 0 74.005 219.269 621.948 15.259 172.424 104.37 3782.349 14.496 -69.885 748.749 -16.632 112.305 163.879 62.561 312.195 256.5 183.411 153.046 14.343 347.443 -4987.488 302.582 61.34 699.616 12.36 -12.207 503.388 51.27 161.133 196.228 108.948 -658.264 113.831 29.297 68.207 70.038 69.122 2511.139 2290.497 实验室 1 074
4452200 4851 2025/12/24 15:10:18 P18 0 0 0 0 0 0 0 73.7 218.506 621.643 13.58 172.882 104.981 3780.212 14.191 -69.885 748.596 -16.632 111.694 165.1 63.324 312.347 255.737 184.631 152.588 14.343 346.527 -4992.218 268.402 60.12 736.694 11.597 -11.444 501.709 51.575 160.675 195.77 110.016 -657.654 113.22 29.602 73.395 73.547 63.934 2510.834 2289.429 实验室 1 074
4452201 4851 2025/12/24 15:10:19 P18 0 0 0 0 0 0 0 74.158 217.896 621.338 13.886 172.424 104.675 3780.67 37.384 -141.602 745.697 -16.785 112.305 164.948 62.103 312.042 255.432 183.411 153.503 14.343 347.29 -4988.251 247.803 63.019 738.373 11.444 -12.665 502.625 51.422 161.285 196.228 108.795 -658.722 112.763 29.144 71.411 70.496 65.613 2511.597 2288.818 实验室 1 074
4452202 4851 2025/12/24 15:10:20 P18 0 0 0 0 0 0 0 73.7 218.506 621.796 14.954 172.272 104.675 3782.806 16.632 -46.234 741.73 -16.937 112.61 164.948 62.408 311.89 255.585 183.868 153.809 15.106 347.138 -4989.166 223.999 60.272 696.411 11.749 -12.054 502.625 51.422 160.828 195.618 108.948 -658.417 111.694 29.144 81.482 69.733 65.308 2512.207 2286.377 实验室 1 074
4452203 4851 2025/12/24 15:10:21 P18 0 0 0 0 0 0 0 73.7 217.896 621.643 15.259 172.882 104.675 3780.518 -1.373 15.259 751.953 -17.7 111.847 165.253 63.324 312.653 255.585 182.8 152.588 14.648 347.29 -4990.692 245.361 61.035 683.441 12.054 -11.444 502.014 51.117 160.217 195.465 108.032 -657.806 113.373 28.992 80.566 70.801 66.528 2513.275 2289.124 实验室 1 074
4452204 4851 2025/12/24 15:10:22 P18 0 0 0 0 0 0 0 73.7 218.658 620.88 14.954 172.577 104.675 3782.959 32.501 57.678 749.054 -16.479 112.152 164.337 62.561 311.585 255.432 183.563 153.046 14.038 346.68 -4987.945 254.669 58.746 662.842 11.597 -12.36 501.251 52.49 161.133 195.313 108.948 -658.875 113.373 28.534 82.703 68.512 71.716 2511.292 2288.818 实验室 1 074
4452205 4851 2025/12/24 15:10:23 P18 0 0 0 0 0 0 0 74.615 218.658 620.88 14.343 173.187 104.675 3780.67 54.321 69.427 751.801 -16.937 112 165.405 62.866 311.89 255.89 184.174 152.893 14.038 346.527 -4988.861 274.963 60.12 685.12 12.054 -11.444 501.556 51.727 160.675 195.16 110.474 -658.264 113.068 28.687 78.125 71.259 61.035 2510.376 2288.971 实验室 1 074
4452206 4851 2025/12/24 15:10:24 P18 0 0 0 0 0 0 0 73.853 218.506 620.728 14.801 171.814 103.912 3781.281 52.643 19.531 745.544 -17.395 111.847 165.1 62.408 311.737 257.721 182.648 152.741 14.038 345.764 -4987.488 249.176 59.357 710.907 12.207 -12.512 501.404 51.422 160.065 195.007 108.032 -658.722 113.068 29.602 74.463 70.953 70.496 2510.681 2287.292 实验室 1 074
4452207 4851 2025/12/24 15:10:25 P18 0 0 0 0 0 0 0 74.005 218.201 620.27 14.496 172.424 104.218 3781.433 27.313 110.931 747.681 -16.479 113.22 164.642 62.714 312.347 255.89 183.106 152.435 14.801 346.68 -4988.251 254.364 61.188 700.226 12.665 -12.207 501.251 52.032 160.217 195.618 107.727 -651.245 113.068 29.297 74.158 69.885 66.834 2511.444 2285.461 实验室 1 074
4452208 4851 2025/12/24 15:10:26 P18 0 0 0 0 0 0 0 74.31 217.896 621.185 14.343 172.882 104.065 3780.518 30.975 153.351 747.07 -16.174 111.694 163.879 62.256 312.042 256.195 182.8 153.046 14.343 346.527 -4989.624 224.152 61.035 713.654 11.444 -11.749 500.794 50.201 161.285 195.16 107.88 -657.959 112.763 28.687 66.681 67.444 67.749 2512.97 2287.14 实验室 1 074
4452209 4851 2025/12/24 15:10:27 P18 0 0 0 0 0 0 0 73.853 218.201 620.117 15.106 172.272 102.081 3781.433 28.229 101.929 745.392 -17.09 111.694 165.253 63.171 312.653 256.195 182.8 152.13 14.343 346.985 -4988.098 262.451 61.646 690.918 11.444 -11.597 500.794 51.27 160.217 194.855 106.964 -657.959 113.373 27.924 73.242 73.547 68.359 2510.834 2290.344 实验室 1 074
4452210 4851 2025/12/24 15:10:28 P18 0 0 0 0 0 0 0 74.005 218.353 620.27 14.954 172.73 104.523 3780.975 19.836 54.474 746.46 -16.632 112.152 164.795 62.256 312.042 256.348 182.648 152.893 14.038 346.68 -4988.251 289.764 57.983 699.158 11.749 -11.902 500.794 52.338 160.217 195.313 108.337 -657.196 112.915 28.839 72.784 74.31 68.665 2510.986 2287.903 实验室 1 074
4452211 4851 2025/12/24 15:10:29 P18 0 0 0 0 0 0 0 74.005 218.353 620.422 14.954 172.272 104.37 3780.212 89.874 71.411 746.307 -17.09 111.542 164.642 61.646 312.042 255.89 183.411 153.351 14.343 346.985 -4989.472 289.917 59.814 713.196 11.749 -12.817 500.641 52.338 161.133 194.702 108.185 -657.806 112.915 28.839 77.209 73.7 69.275 2511.444 2287.445 实验室 1 074
4452212 4851 2025/12/24 15:10:30 P18 0 0 0 0 0 0 0 74.158 219.116 620.728 14.801 173.035 104.981 3780.975 -3.51 42.877 752.106 -16.632 111.847 164.642 61.646 311.585 256.195 182.495 153.503 13.733 346.375 -4989.776 291.596 58.289 731.354 10.834 -12.512 501.862 52.795 160.217 194.55 106.049 -657.654 113.22 28.992 66.376 68.665 67.596 2511.597 2290.649 实验室 1 074
4452213 4851 2025/12/24 15:10:31 P18 0 0 0 0 0 0 0 74.31 218.506 620.575 14.954 172.272 104.37 3782.043 -12.512 -7.172 749.054 -17.395 111.694 164.337 62.561 312.347 256.958 182.343 153.046 13.886 347.443 -4987.945 299.072 59.662 703.583 12.054 -12.054 500.488 50.507 159.912 194.702 104.675 -657.654 112.915 29.449 70.038 70.496 68.054 2512.207 2289.581 实验室 1 074
4452214 4851 2025/12/24 15:10:32 P18 0 0 0 0 0 0 0 74.615 219.727 620.728 14.038 172.577 104.675 3779.907 49.286 56.763 737 -16.479 111.389 164.337 62.256 312.195 256.195 183.258 153.198 14.648 346.68 -4989.319 264.282 59.357 687.714 11.902 -11.902 501.251 51.27 160.065 194.702 104.218 -657.349 113.22 28.992 74.768 74.768 69.275 2510.681 2288.818 实验室 1 074
4452215 4851 2025/12/24 15:10:33 P18 0 0 0 0 0 0 0 74.158 218.658 619.507 14.343 172.424 104.218 3780.212 39.368 18.463 749.817 -16.937 111.542 164.948 61.951 312.5 256.348 182.648 152.435 15.106 345.917 -4987.488 282.135 60.272 699.768 11.902 -12.207 500.488 50.964 160.523 194.55 106.201 -658.264 112.763 28.992 79.498 73.242 66.376 2510.986 2289.581 实验室 1 074
4452216 4851 2025/12/24 15:10:34 P18 0 0 0 0 0 0 0 73.7 218.506 620.117 14.648 172.424 104.828 3780.212 26.245 31.433 752.869 -16.937 111.542 164.642 63.477 312.347 256.043 182.953 152.435 14.648 346.375 -4989.319 303.803 59.052 683.289 11.749 -11.902 499.268 51.88 159.912 195.007 106.049 -657.349 112.305 28.992 74.615 69.122 71.564 2511.292 2293.549 实验室 1 074
4452217 4851 2025/12/24 15:10:35 P18 0 0 0 0 0 0 0 74.158 217.896 619.507 14.801 171.967 103.455 3779.907 38.3 76.904 751.343 -18.005 111.389 164.49 62.561 311.432 256.348 182.19 153.046 13.58 346.375 -4988.403 310.059 58.746 678.711 11.597 -11.292 500.031 50.964 159.76 194.092 106.049 -659.485 113.373 28.687 75.989 70.496 71.411 2510.986 2289.124 实验室 1 074
4452218 4851 2025/12/24 15:10:36 P18 0 0 0 0 0 0 0 74.158 220.032 618.744 14.191 173.34 103.912 3782.043 46.539 55.542 747.376 -16.785 111.237 164.49 62.103 311.279 256.043 182.343 153.046 14.038 346.222 -4989.014 323.486 59.357 682.221 10.986 -12.512 499.725 52.032 159.912 194.702 98.267 -657.044 112.915 28.687 68.817 77.515 71.564 2511.902 2288.666 实验室 1 074
4452219 4851 2025/12/24 15:10:37 P18 0 0 0 0 0 0 0 74.158 219.269 619.812 14.801 172.272 103.607 3780.365 30.365 16.632 746.002 -17.09 111.847 165.1 61.34 311.737 257.111 182.037 153.046 14.954 346.069 -4988.556 330.505 59.662 700.226 12.665 -12.054 498.962 51.117 160.217 194.855 110.626 -657.806 112.305 28.229 70.19 72.784 67.139 2510.529 2292.786 实验室 1 074
4452220 4851 2025/12/24 15:10:38 P18 0 0 0 0 0 0 0 75.531 219.269 619.202 14.954 171.509 104.218 3780.518 25.177 77.667 748.596 -16.327 110.626 164.642 61.951 311.279 256.043 182.648 152.741 14.038 345.612 -4987.183 335.999 62.103 625.916 11.444 -12.36 499.878 51.422 159.76 193.939 109.558 -656.433 112.915 28.534 69.122 73.242 68.207 2511.139 2288.818 实验室 1 074
4452221 4851 2025/12/24 15:10:39 P18 0 0 0 0 0 0 0 74.005 218.353 618.439 14.954 171.661 104.981 3780.212 36.316 102.844 751.953 -16.479 111.542 164.032 62.103 310.974 257.263 181.885 153.809 14.496 345.306 -4989.319 334.473 61.188 634.308 12.207 -12.36 498.047 52.185 160.37 194.855 110.321 -659.79 112.457 28.687 71.411 78.583 68.207 2511.902 2288.971 实验室 1 074
4452222 4851 2025/12/24 15:10:40 P18 0 0 0 0 0 0 0 73.853 218.658 618.591 14.648 172.577 104.675 3780.823 77.82 83.16 739.441 -16.785 111.237 164.49 61.798 310.974 256.348 181.885 153.809 14.801 345.306 -4990.082 356.903 61.035 634.918 11.444 -12.36 498.81 51.575 160.675 194.702 111.237 -659.79 112.457 28.687 73.395 75.684 66.834 2510.986 2292.633 实验室 1 074
4452223 4851 2025/12/24 15:10:41 P18 0 0 0 0 0 0 0 73.853 218.658 618.591 14.648 172.577 104.675 3780.823 77.82 83.16 739.441 -16.785 111.237 164.49 61.798 310.974 256.348 181.885 153.809 14.801 345.306 -4990.082 356.903 61.035 634.918 11.444 -12.36 498.81 51.575 160.675 194.702 111.237 -659.79 112.457 28.687 73.395 75.684 66.834 2510.986 2292.633 实验室 1 074
4452224 4851 2025/12/24 15:10:42 P18 0 0 0 0 0 0 0 74.768 218.201 618.897 15.106 171.967 104.218 3780.823 18.463 85.449 742.645 -17.548 111.237 164.642 61.035 312.042 256.195 181.427 152.741 14.038 345.917 -4990.54 389.099 60.425 641.327 11.597 -11.902 498.352 50.812 159.76 193.634 110.474 -658.417 112.915 28.839 78.125 70.038 68.817 2510.986 2290.802 实验室 1 074
4452225 4851 2025/12/24 15:10:43 P18 0 0 0 0 0 0 0 73.7 219.116 617.371 15.106 172.272 104.523 3786.621 41.046 204.62 742.34 -18.311 111.084 165.253 61.646 310.822 256.348 182.037 152.588 14.343 344.849 -4989.014 406.799 60.577 677.033 12.207 -12.817 498.352 50.964 159.607 193.634 105.286 -657.196 112.457 28.687 84.991 72.174 67.139 2510.986 2289.124 实验室 1 074
4452226 4851 2025/12/24 15:10:44 P18 0 0 0 0 0 0 0 73.853 218.506 618.744 15.411 172.119 103.76 3781.738 25.024 138.702 744.019 -17.7 111.237 164.948 62.408 311.127 256.805 181.427 152.893 13.58 345.459 -4989.929 424.5 58.594 707.245 12.054 -12.36 498.505 51.27 159.302 193.787 109.711 -657.349 113.068 28.839 79.193 72.021 68.359 2511.749 2290.344 实验室 1 074
4452227 4851 2025/12/24 15:10:45 P18 0 0 0 0 0 0 0 74.31 218.506 619.812 14.191 172.424 104.37 3780.212 33.722 61.646 742.34 -16.785 110.779 165.1 62.714 312.653 255.89 182.037 151.978 13.886 345.001 -4988.251 413.818 59.662 707.092 11.597 -11.444 497.742 51.117 159.149 193.634 110.931 -658.112 112.763 28.381 73.242 74.463 68.359 2510.986 2289.581 实验室 1 074
4452228 4851 2025/12/24 15:10:46 P18 0 0 0 0 0 0 0 74.31 218.201 620.575 14.801 171.356 103.76 3780.212 19.226 0.305 749.664 -16.327 110.779 165.1 62.256 311.737 256.195 181.427 153.198 14.191 347.595 -4989.776 363.617 64.85 696.259 12.207 -12.054 498.047 50.201 159.454 193.634 108.643 -658.264 112.763 28.687 74.921 73.853 65.613 2510.986 2289.886 实验室 1 074
4452229 4851 2025/12/24 15:10:47 P18 0 0 0 0 0 0 0 74.005 218.201 618.744 15.564 171.661 102.844 3781.281 10.834 -119.629 742.493 -16.632 111.847 164.795 61.951 311.127 257.263 181.58 152.741 13.886 345.459 -4990.54 368.652 58.289 697.784 12.36 -12.36 496.979 51.27 158.844 194.244 106.659 -660.248 112.305 29.602 77.82 72.632 66.071 2511.444 2290.192 实验室 1 074
4452230 4851 2025/12/24 15:10:48 P18 0 0 0 0 0 0 0 74.158 219.421 617.065 14.801 171.509 103.455 3779.755 60.883 -162.201 731.812 -16.632 111.237 163.879 61.798 310.669 256.5 181.58 153.046 14.191 344.696 -4988.861 355.988 61.035 681.458 11.597 -12.054 496.826 51.575 158.997 193.787 110.016 -658.112 112 28.992 77.057 73.242 67.444 2510.986 2288.208 实验室 1 074
4452231 4851 2025/12/24 15:10:49 P18 0 0 0 0 0 0 0 74.158 218.658 617.065 14.496 170.441 103.76 3781.128 17.09 -117.035 740.509 -16.632 110.779 164.337 61.035 310.516 257.111 181.732 152.893 14.801 344.696 -4989.624 356.14 58.289 681.763 11.444 -12.665 496.979 50.659 159.302 194.092 105.743 -657.349 112.305 28.229 77.667 74.768 65.613 2512.207 2288.971 实验室 1 074
4452232 4851 2025/12/24 15:10:50 P18 0 0 0 0 0 0 0 73.853 218.811 616.913 15.106 171.661 103.76 3781.281 26.398 -43.945 744.324 -16.937 110.931 164.49 62.103 311.127 256.5 181.427 152.435 14.343 344.696 -4987.793 339.966 59.204 656.891 12.207 -12.512 497.284 50.964 158.997 193.329 107.117 -657.349 112 28.534 71.564 67.902 66.528 2512.054 2287.14 实验室 1 074
4452233 4851 2025/12/24 15:10:51 P18 0 0 0 0 0 0 0 73.853 218.811 616.455 14.648 171.509 103.149 3780.518 5.341 -1.373 744.934 -17.09 110.474 164.337 61.493 310.822 256.195 180.969 153.198 15.259 344.391 -4988.556 337.677 61.188 689.697 12.207 -12.665 496.826 50.659 158.997 193.787 107.269 -657.196 112.457 28.534 68.817 72.784 67.902 2509.46 2287.903 实验室 1 074
4452234 4851 2025/12/24 15:10:52 P18 0 0 0 0 0 0 0 74.615 218.964 616.455 14.496 172.577 103.607 3780.823 37.842 79.041 750.885 -17.09 110.779 166.016 60.73 310.364 257.416 180.817 152.283 14.801 344.696 -4988.403 345.459 59.357 710.144 12.36 -12.054 496.368 50.507 158.539 193.176 106.964 -657.959 112.457 29.297 75.684 73.395 65.918 2510.681 2286.377 实验室 1 074
4452235 4851 2025/12/24 15:10:53 P18 0 0 0 0 0 0 0 73.547 218.658 616.76 14.801 171.356 103.912 3780.518 44.861 60.883 740.051 -16.785 110.779 165.1 62.256 311.279 256.5 180.664 152.893 13.733 345.001 -4990.082 334.32 58.136 734.863 11.902 -11.749 496.368 51.27 158.539 192.871 108.795 -656.738 112 28.992 77.057 68.97 66.681 2511.139 2289.124 实验室 1 074
4452236 4851 2025/12/24 15:10:54 P18 0 0 0 0 0 0 0 74.615 218.964 615.997 14.648 171.509 103.455 3781.738 -10.071 126.648 743.256 -16.632 110.321 164.642 61.34 310.364 256.5 180.664 153.656 14.038 344.391 -4989.166 355.072 60.883 722.656 11.444 -12.36 496.063 51.575 158.997 192.871 107.727 -658.417 112 28.839 80.109 67.139 64.087 2511.902 2290.039 实验室 1 074
4452237 4851 2025/12/24 15:10:55 P18 0 0 0 0 0 0 0 73.547 218.658 616.15 15.411 171.661 103.302 3782.501 29.449 252.838 748.138 -17.09 110.474 164.795 61.646 310.669 256.5 180.664 152.741 13.733 344.238 -4988.861 371.399 59.967 705.566 12.207 -11.749 496.368 50.659 158.844 192.719 108.795 -658.417 112 28.229 74.463 73.7 66.376 2511.597 2289.276 实验室 1 074
4452238 4851 2025/12/24 15:10:56 P18 0 0 0 0 0 0 0 74.005 218.201 616.76 14.954 171.356 103.302 3780.365 53.101 259.857 745.392 -17.09 111.237 165.405 63.019 310.516 256.805 180.512 152.588 13.428 344.086 -4990.082 337.83 58.289 699.31 12.207 -12.36 495.758 50.964 158.081 192.871 111.084 -657.959 111.847 28.839 78.125 74.921 66.834 2511.139 2288.513 实验室 1 074
4452239 4851 2025/12/24 15:10:57 P18 0 0 0 0 0 0 0 74.463 220.032 615.234 14.343 171.814 103.912 3780.518 72.174 199.127 745.087 -17.09 110.779 164.642 60.883 310.211 256.348 181.58 153.503 14.038 343.475 -4989.776 316.01 59.052 697.937 11.902 -11.902 495.911 50.354 158.539 192.413 106.506 -658.264 112.61 28.381 69.733 70.343 69.427 2510.529 2289.886 实验室 1 074
4452240 4851 2025/12/24 15:10:58 P18 0 0 0 0 0 0 0 74.31 219.269 615.387 14.648 171.356 103.455 3781.128 46.997 135.346 749.207 -16.785 110.626 164.49 61.34 309.601 256.043 180.512 153.198 13.428 344.238 -4987.641 313.11 59.204 667.267 12.054 -10.986 495.606 50.354 158.997 192.566 107.422 -657.349 112 28.534 75.226 75.073 63.934 2512.207 2288.666 实验室 1 074
4452241 4851 2025/12/24 15:10:59 P18 0 0 0 0 0 0 0 73.853 218.811 615.082 14.801 170.746 103.455 3782.349 22.583 45.776 753.937 -16.785 109.863 164.795 61.188 309.296 256.805 180.054 152.893 13.733 344.391 -4988.403 316.773 58.899 693.207 11.444 -12.36 495.3 51.575 158.997 192.261 107.88 -657.654 112 29.449 77.972 72.327 68.512 2511.749 2288.208 实验室 1 074
4452242 4851 2025/12/24 15:11:00 P18 0 0 0 0 0 0 0 73.853 219.879 615.692 14.343 171.204 102.692 3782.349 4.578 -47.76 745.85 -16.479 111.237 164.032 61.798 310.364 256.195 180.969 152.741 13.428 348.206 -4987.488 321.35 59.967 713.043 11.597 -12.512 495.148 51.88 158.844 192.719 106.506 -657.806 112.457 27.924 79.651 69.733 64.85 2512.512 2289.124 实验室 1 074
4452243 4851 2025/12/24 15:11:01 P18 0 0 0 0 0 0 0 74.158 219.574 615.387 14.954 171.814 102.844 3781.281 7.782 -23.651 748.596 -16.785 111.237 164.185 61.34 310.211 256.5 180.664 152.893 14.038 343.628 -4990.082 313.11 58.136 698.242 11.749 -11.597 495.606 51.117 158.234 192.566 108.49 -657.196 112.61 28.381 79.193 68.359 70.038 2512.054 2288.818 实验室 1 074
4452244 4851 2025/12/24 15:11:02 P18 0 0 0 0 0 0 0 74.31 219.116 615.997 14.801 171.204 102.539 3780.212 27.008 -5.951 743.256 -17.09 110.931 164.49 62.256 310.516 256.805 180.054 153.198 14.191 344.544 -4991.303 313.11 60.883 692.444 11.749 -12.054 494.69 50.507 158.234 191.956 109.711 -661.774 111.847 28.381 78.583 67.444 76.447 2510.834 2290.192 实验室 1 074
4452245 4851 2025/12/24 15:11:03 P18 0 0 0 0 0 0 0 73.547 218.811 614.624 14.648 171.509 103.76 3780.823 32.196 -4.12 754.089 -17.09 111.389 164.948 61.188 310.059 257.568 179.749 153.046 14.648 344.391 -4991.15 305.634 60.73 699.463 12.512 -12.36 494.843 50.354 158.081 192.566 107.117 -658.264 111.694 28.687 79.956 70.343 68.97 2510.681 2288.666 实验室 1 074
4452246 4851 2025/12/24 15:11:04 P18 0 0 0 0 0 0 0 74.463 218.658 614.471 15.106 171.509 102.844 3780.212 85.144 132.752 749.512 -17.7 110.931 164.795 61.646 311.127 256.653 179.596 152.741 13.58 343.628 -4988.556 299.377 59.814 718.994 11.749 -12.054 494.537 50.659 158.081 192.108 108.185 -658.264 112.152 28.992 73.547 71.259 68.054 2511.292 2286.835 实验室 1 074
4452247 4851 2025/12/24 15:11:05 P18 0 0 0 0 0 0 0 73.853 219.727 614.166 14.648 171.204 103.607 3780.212 17.242 156.403 745.087 -16.937 110.779 164.795 61.646 309.906 256.805 179.901 153.809 14.038 342.712 -4990.387 283.356 60.12 705.261 12.97 -10.529 495.148 50.964 158.844 191.956 108.795 -661.316 111.542 28.381 69.275 72.327 66.834 2511.444 2293.549 实验室 1 074
4452248 4851 2025/12/24 15:11:06 P18 0 0 0 0 0 0 0 73.853 219.727 614.624 14.954 170.288 102.692 3781.281 -1.221 5.646 740.356 -16.174 110.016 164.185 61.035 309.906 256.5 179.901 153.656 14.801 343.17 -4989.319 307.77 59.204 716.095 11.902 -12.512 493.927 50.354 158.691 193.481 107.727 -661.469 111.389 28.381 69.733 72.632 67.291 2511.597 2288.818 实验室 1 074
4452249 4851 2025/12/24 15:11:07 P18 0 0 0 0 0 0 0 74.005 219.269 614.624 14.496 171.356 103.607 3781.128 75.073 37.079 753.479 -17.09 110.779 164.49 61.646 309.906 257.721 180.054 153.809 13.733 344.238 -4989.624 292.969 61.798 694.58 12.054 -11.902 493.317 52.185 158.386 192.261 109.711 -660.095 112.305 28.381 68.512 63.782 68.97 2511.597 2287.903 实验室 1 074
4452250 4851 2025/12/24 15:11:08 P18 0 0 0 0 0 0 0 74.615 219.421 615.234 14.648 171.661 103.149 3781.891 51.727 76.447 749.817 -16.937 110.169 165.1 61.035 310.364 256.805 179.443 152.893 13.886 343.628 -4988.403 260.773 56.61 670.013 11.444 -11.902 493.927 50.964 158.997 191.956 108.49 -660.706 111.847 28.534 76.141 74.463 68.359 2512.36 2289.124 实验室 1 074
4452251 4851 2025/12/24 15:11:09 P18 0 0 0 0 0 0 0 74.921 219.116 615.234 14.343 171.967 103.607 3780.67 65.46 135.04 743.713 -16.937 110.474 164.948 60.73 310.059 256.958 180.054 152.588 13.275 343.17 -4989.014 236.359 59.509 703.43 11.444 -12.36 494.232 50.354 158.386 192.261 104.218 -661.163 111.542 28.381 72.784 71.869 69.885 2511.292 2289.429 实验室 1 074
4452252 4851 2025/12/24 15:11:10 P18 0 0 0 0 0 0 0 73.7 219.574 614.166 14.954 171.204 103.149 3781.586 36.774 69.122 749.054 -17.09 110.779 164.795 61.646 310.059 256.805 179.443 153.351 14.038 344.086 -4990.234 277.1 58.594 730.286 12.207 -12.512 493.927 50.812 157.776 192.413 105.896 -660.706 111.847 28.687 73.242 70.953 69.885 2512.207 2286.224 实验室 1 074
4452253 4851 2025/12/24 15:11:11 P18 0 0 0 0 0 0 0 74.463 219.269 614.014 14.954 171.204 103.302 3780.212 42.267 168.457 746.613 -17.242 110.931 163.879 61.34 310.822 257.111 179.291 153.046 13.733 343.781 -4987.945 289.764 59.204 733.337 11.444 -12.512 494.232 50.812 157.929 192.108 107.575 -662.079 111.237 28.992 76.752 73.7 69.427 2510.834 2289.276 实验室 1 074
4452254 4851 2025/12/24 15:11:12 P18 0 0 0 0 0 0 0 74.005 219.269 613.556 14.191 171.356 102.692 3780.518 86.823 120.392 749.207 -16.174 109.406 165.253 60.73 310.822 256.348 180.054 152.588 14.496 343.781 -4988.861 294.495 63.171 743.103 10.986 -12.817 493.317 50.507 157.623 191.956 108.185 -660.4 111.389 27.924 69.427 73.09 67.444 2510.681 2290.344 实验室 1 074
4452255 4851 2025/12/24 15:11:13 P18 0 0 0 0 0 0 0 73.7 220.184 613.709 14.191 170.593 103.302 3780.67 34.943 66.834 741.882 -16.632 110.169 164.185 60.577 310.516 256.958 180.054 154.114 14.038 343.628 -4989.014 316.162 59.662 704.651 11.749 -12.36 494.537 50.964 157.929 191.956 108.032 -660.4 111.542 28.229 70.19 69.427 68.665 2510.986 2288.513 实验室 1 074
4452256 4851 2025/12/24 15:11:14 P18 0 0 0 0 0 0 0 74.768 219.269 614.014 15.106 171.204 102.692 3782.349 22.583 44.556 742.035 -16.785 110.474 164.185 61.646 310.364 256.653 180.359 153.503 13.58 343.17 -4988.251 316.467 58.746 700.684 11.292 -12.36 493.469 51.27 157.776 191.803 108.337 -660.248 112.457 28.076 70.496 78.125 66.986 2511.139 2288.971 实验室 1 074
4452257 4851 2025/12/24 15:11:15 P18 0 0 0 0 0 0 0 74.768 220.032 613.709 14.801 171.509 102.539 3780.06 9.918 -22.736 745.697 -16.785 109.406 163.879 61.188 309.753 256.805 179.749 153.503 14.343 343.475 -4989.014 306.091 62.256 706.94 12.207 -12.207 493.622 50.812 157.623 191.65 99.03 -658.264 111.542 27.924 72.784 71.564 62.714 2511.444 2288.818 实验室 1 074
4452258 4851 2025/12/24 15:11:16 P18 0 0 0 0 0 0 0 73.7 220.49 613.251 14.801 171.661 102.539 3781.738 18.616 -2.441 749.207 -16.479 110.626 165.558 62.256 309.753 256.958 179.291 154.572 13.733 344.238 -4988.098 304.565 60.12 700.989 11.597 -12.054 492.859 50.812 157.776 191.803 105.133 -659.943 111.847 28.229 75.073 74.005 68.97 2511.597 2289.581 实验室 1 074
4452259 4851 2025/12/24 15:11:17 P18 0 0 0 0 0 0 0 74.463 219.116 612.64 15.411 171.204 102.997 3781.433 23.193 50.659 748.596 -16.937 110.321 164.185 60.883 309.753 256.348 179.443 153.046 13.123 343.018 -4990.997 254.822 58.594 734.711 11.902 -10.529 492.859 50.354 157.623 191.345 105.286 -661.011 111.542 28.229 69.427 74.768 70.343 2510.681 2286.835 实验室 1 074
4452260 4851 2025/12/24 15:11:18 P18 0 0 0 0 0 0 0 74.005 219.574 612.793 14.496 170.593 103.912 3780.212 26.855 -31.128 744.324 -16.785 110.016 164.49 60.425 308.991 257.416 179.138 153.961 13.733 342.56 -4987.488 245.209 56.763 736.847 12.665 -13.123 492.401 50.812 157.929 191.956 111.542 -660.4 111.084 28.534 80.261 76.904 69.885 2511.139 2288.666 实验室 1 074
4452261 4851 2025/12/24 15:11:19 P18 0 0 0 0 0 0 0 73.7 218.811 613.403 14.038 170.746 104.37 3781.433 1.221 29.449 741.882 -16.327 110.474 164.337 60.577 309.906 258.026 179.291 153.198 13.886 342.712 -4990.845 231.628 59.662 757.599 11.902 -12.054 492.706 50.049 157.471 191.956 108.185 -659.638 110.931 29.297 71.564 75.684 69.58 2511.444 2283.478 实验室 1 074
4452262 4851 2025/12/24 15:11:20 P18 0 0 0 0 0 0 0 74.463 220.032 612.64 14.343 171.356 103.455 3780.975 30.212 -1.068 752.411 -16.174 109.711 163.727 60.577 309.448 256.348 183.868 153.503 13.58 342.865 -4988.251 233.917 63.629 693.359 11.444 -11.292 493.164 49.744 157.623 191.65 106.506 -657.959 111.237 28.687 69.427 74.158 67.902 2511.292 2290.039 实验室 1 074
4452263 4851 2025/12/24 15:11:21 P18 0 0 0 0 0 0 0 73.547 219.421 612.64 14.954 171.051 102.539 3780.67 29.755 152.741 745.087 -15.869 110.474 164.032 60.425 309.601 257.263 178.833 153.809 13.428 342.712 -4989.624 235.138 59.814 691.528 11.597 -12.207 492.096 50.659 157.471 191.345 106.201 -659.485 111.389 28.229 68.054 77.057 66.834 2512.054 2289.124 实验室 1 074
4452264 4851 2025/12/24 15:11:22 P18 0 0 0 0 0 0 0 74.31 220.795 612.946 14.954 171.204 102.997 3781.891 2.747 166.473 743.866 -17.09 110.016 164.642 60.73 309.296 257.111 178.986 152.893 13.886 342.407 -4987.793 248.261 59.509 711.212 11.444 -12.36 493.012 50.201 156.86 191.04 108.795 -657.349 111.542 28.381 70.648 80.872 67.749 2512.207 2291.26 实验室 1 074
4452265 4851 2025/12/24 15:11:23 P18 0 0 0 0 0 0 0 74.921 220.032 612.793 14.191 171.051 102.692 3780.518 39.978 216.217 744.934 -16.785 110.626 165.405 61.34 310.059 257.111 179.901 153.198 13.733 343.17 -4988.708 287.018 60.577 728.302 12.512 -12.817 491.791 50.049 157.776 190.582 108.948 -656.738 111.237 28.534 68.054 75.073 66.986 2511.597 2285.614 实验室 1 074
4452266 4851 2025/12/24 15:11:24 P18 0 0 0 0 0 0 0 73.242 219.421 612.488 14.648 170.898 103.302 3779.907 67.902 171.356 730.743 -17.09 111.084 164.795 60.883 309.296 257.111 178.833 154.266 14.496 342.407 -4990.234 269.013 58.899 708.923 11.749 -12.512 491.486 50.354 157.166 191.65 107.88 -661.011 110.779 29.144 74.768 75.073 68.512 2510.529 2283.63 实验室 1 074
4452267 4851 2025/12/24 15:11:25 P18 0 0 0 0 0 0 0 74.31 219.116 611.42 14.801 170.898 103.302 3782.501 52.185 196.381 742.95 -16.632 110.626 164.948 61.035 309.448 256.805 179.138 152.588 13.58 342.712 -4987.641 245.819 59.052 704.498 11.444 -12.207 491.333 50.507 157.471 191.193 108.643 -660.4 111.237 28.229 72.784 75.684 68.054 2511.902 2289.124 实验室 1 074
4452268 4851 2025/12/24 15:11:26 P18 0 0 0 0 0 0 0 74.31 219.727 611.725 18.463 170.898 103.607 3779.755 28.076 86.517 762.177 -17.7 109.863 164.185 61.493 309.448 256.958 178.833 153.503 13.428 342.865 -4989.624 261.078 61.035 683.289 11.444 -11.902 492.706 48.828 157.013 191.04 104.065 -660.248 111.542 27.924 68.665 74.921 65.46 2510.071 2290.802 实验室 1 074
4452269 4851 2025/12/24 15:11:27 P18 0 0 0 0 0 0 0 74.158 219.421 612.946 14.496 170.593 103.607 3782.043 -25.787 85.449 751.495 -17.7 109.253 165.405 60.883 309.448 257.263 178.375 153.198 14.954 342.407 -4989.929 275.879 58.746 686.34 12.512 -12.36 491.028 50.659 157.471 191.193 107.422 -659.638 110.779 28.229 77.362 74.921 68.054 2511.749 2289.734 实验室 1 074
4452270 4851 2025/12/24 15:11:28 P18 0 0 0 0 0 0 0 74.158 219.727 612.793 15.106 171.204 102.387 3781.128 40.283 48.676 745.85 -16.937 109.558 164.185 61.035 309.448 257.111 178.223 153.656 13.58 342.255 -4987.641 274.353 60.12 687.256 11.749 -12.207 491.333 50.201 157.013 190.888 108.032 -659.638 111.084 28.381 75.531 75.684 67.902 2510.376 2289.429 实验室 1 074
4452271 4851 2025/12/24 15:11:29 P18 0 0 0 0 0 0 0 75.684 218.811 612.183 14.801 171.509 101.624 3780.67 45.013 63.934 747.986 -16.632 109.558 164.795 61.34 309.296 257.263 178.223 153.046 13.886 342.407 -4989.776 245.972 60.577 687.408 12.207 -11.597 491.028 49.896 156.708 190.888 110.321 -660.706 111.237 28.381 73.853 77.362 64.24 2511.292 2290.039 实验室 1 074
4452272 4851 2025/12/24 15:11:30 P18 0 0 0 0 0 0 0 74.005 220.184 612.03 14.648 170.593 102.234 3781.281 14.191 46.234 736.237 -16.937 109.406 164.337 60.272 309.296 256.958 178.833 153.809 14.954 343.475 -4989.319 272.98 60.425 712.585 11.902 -11.749 491.943 50.812 157.318 191.193 106.049 -660.095 110.931 28.076 75.073 74.005 67.749 2510.681 2289.429 实验室 1 074
4452273 4851 2025/12/24 15:11:31 P18 0 0 0 0 0 0 0 74.31 219.421 611.725 14.648 170.898 103.455 3779.755 66.223 -71.716 750.732 -16.327 109.558 164.032 60.272 309.448 257.111 179.443 153.503 13.886 342.255 -4989.776 275.269 59.204 698.547 11.292 -11.902 491.028 50.049 157.166 190.735 107.88 -660.4 111.389 28.534 64.545 75.226 73.853 2511.444 2289.734 实验室 1 074
4452274 4851 2025/12/24 15:11:32 P18 0 0 0 0 0 0 0 73.853 220.032 612.03 14.801 170.441 102.844 3782.349 37.231 -151.215 750.58 -16.632 109.863 163.727 60.425 308.991 256.958 178.223 154.114 14.496 341.797 -4987.793 258.942 59.509 712.891 11.139 -12.512 491.18 50.507 156.86 190.43 106.812 -658.569 110.931 30.365 74.463 74.005 72.937 2512.36 2288.971 实验室 1 074
4452275 4851 2025/12/24 15:11:33 P18 0 0 0 0 0 0 0 74.005 219.421 610.504 13.886 171.814 103.149 3780.06 -6.256 -167.542 741.119 -16.479 109.406 165.1 60.425 310.059 256.958 179.596 153.046 14.343 342.407 -4989.014 293.121 58.594 697.327 11.902 -12.207 490.57 50.354 156.86 191.345 106.964 -659.18 110.779 28.229 72.327 71.411 68.054 2510.376 2290.955 实验室 1 074
4452276 4851 2025/12/24 15:11:34 P18 0 0 0 0 0 0 0 74.31 219.727 613.098 14.191 170.288 102.997 3782.043 22.125 -89.569 743.561 -17.242 109.558 165.1 60.12 310.059 256.653 178.68 153.503 14.191 341.644 -4988.556 268.097 60.12 680.084 12.665 -12.207 490.265 50.049 156.86 191.193 106.201 -661.011 111.084 28.839 73.395 68.817 66.223 2511.444 2290.344 实验室 1 074
4452277 4851 2025/12/24 15:11:35 P18 0 0 0 0 0 0 0 74.31 220.032 610.962 14.648 170.441 102.539 3780.67 38.91 -32.959 749.359 -16.174 109.863 164.642 60.12 309.753 257.111 179.443 153.198 14.648 341.492 -4989.014 301.971 61.34 693.665 12.36 -12.207 490.418 49.896 157.166 190.582 108.032 -658.569 110.626 27.924 70.343 74.005 64.392 2511.597 2289.276 实验室 1 074
4452278 4851 2025/12/24 15:11:36 P18 0 0 0 0 0 0 0 74.158 220.032 610.962 14.954 170.441 102.234 3781.128 42.114 -15.411 741.272 -16.785 109.558 164.49 60.12 310.364 256.805 178.375 153.351 13.58 341.797 -4989.472 326.538 58.441 677.49 12.665 -11.749 490.723 50.507 156.403 190.888 106.659 -660.553 110.931 28.534 76.447 75.684 67.596 2511.597 2288.361 实验室 1 074
4452279 4851 2025/12/24 15:11:37 P18 0 0 0 0 0 0 0 74.005 220.032 611.115 14.801 170.136 102.387 3780.518 17.853 6.104 747.528 -16.022 108.948 164.337 60.12 309.753 257.111 178.833 153.351 14.496 341.797 -4988.098 295.258 57.831 665.283 12.817 -12.207 489.96 50.354 156.403 190.43 107.88 -659.79 109.253 28.381 79.498 72.479 67.596 2510.834 2291.107 实验室 1 074
4452280 4851 2025/12/24 15:11:38 P18 0 0 0 0 0 0 0 73.853 220.032 610.962 14.496 170.441 103.149 3779.602 22.736 -34.027 744.171 -17.395 109.558 164.337 59.967 310.211 257.111 178.833 153.198 13.123 341.797 -4987.793 295.105 61.34 670.929 12.512 -12.817 491.486 50.049 156.708 191.04 108.337 -660.4 110.626 28.076 75.836 68.207 63.324 2510.681 2289.429 实验室 1 074
4452281 4851 2025/12/24 15:11:39 P18 0 0 0 0 0 0 0 74.158 220.337 611.115 14.343 171.814 102.844 3781.738 36.926 -41.962 747.376 -16.937 109.558 164.185 60.577 308.838 257.721 178.223 153.961 13.733 342.407 -4989.624 248.871 58.441 703.888 11.749 -11.902 489.655 51.422 156.403 190.43 106.812 -660.248 110.931 27.618 75.073 67.902 67.444 2511.902 2286.072 实验室 1 074
4452282 4851 2025/12/24 15:11:40 P18 0 0 0 0 0 0 0 74.921 219.574 611.115 14.343 171.204 102.692 3780.975 40.588 11.597 748.596 -16.632 109.711 164.337 60.12 308.685 257.111 177.612 156.097 13.58 341.797 -4988.708 240.173 59.052 704.346 11.444 -12.36 488.434 50.201 156.86 190.582 107.269 -660.553 110.779 28.381 75.226 70.343 67.902 2510.986 2293.396 实验室 1 074
4452283 4851 2025/12/24 15:11:41 P18 0 0 0 0 0 0 0 73.853 220.032 610.352 14.496 171.967 102.539 3781.586 22.888 35.248 760.04 -16.785 110.016 164.185 60.272 308.38 257.568 177.612 153.656 13.733 341.95 -4989.166 227.661 59.357 697.784 12.054 -11.444 489.502 50.812 156.403 190.125 107.422 -661.011 111.084 28.381 75.836 68.817 68.97 2511.902 2289.429 实验室 1 074
4452284 4851 2025/12/24 15:11:42 P18 0 0 0 0 0 0 0 74.31 219.727 610.504 14.801 169.983 102.844 3782.043 46.234 67.749 753.174 -17.242 109.1 164.49 59.814 308.838 257.263 178.528 153.503 13.733 341.95 -4990.234 218.048 59.052 710.907 11.749 -12.665 489.502 49.438 156.86 190.125 104.675 -660.248 110.779 28.076 86.365 78.735 67.139 2511.444 2288.055 实验室 1 074
4452285 4851 2025/12/24 15:11:43 P18 0 0 0 0 0 0 0 74.463 220.032 610.046 14.343 171.356 102.844 3780.06 -18.768 29.907 750.427 -16.327 108.948 164.337 59.967 308.228 257.721 177.46 154.572 13.58 341.339 -4989.319 224.609 59.357 716.705 11.902 -12.665 489.197 50.201 158.234 189.819 105.286 -661.469 110.779 27.924 72.632 73.7 67.291 2511.292 2290.344 实验室 1 074
4452286 4851 2025/12/24 15:11:44 P18 0 0 0 0 0 0 0 74.005 221.405 609.283 15.411 170.288 102.844 3780.67 5.951 115.356 754.395 -16.632 108.49 164.642 59.814 308.838 255.89 177.612 153.351 13.733 341.492 -4988.098 206.757 61.34 723.724 12.512 -12.817 489.502 49.896 156.097 189.972 108.032 -662.231 110.626 28.839 70.801 71.259 65.765 2510.681 2290.955 实验室 1 074
4452287 4851 2025/12/24 15:11:45 P18 0 0 0 0 0 0 0 74.005 221.252 610.046 14.801 170.288 102.539 3782.501 42.114 85.144 730.286 -16.785 111.847 163.879 60.577 308.838 257.416 177.155 153.809 13.733 341.95 -4989.929 205.841 62.103 721.893 11.597 -12.054 488.281 50.507 156.403 189.819 107.88 -657.654 110.016 28.381 77.82 69.427 66.223 2511.444 2293.854 实验室 1 074
4452288 4851 2025/12/24 15:11:46 P18 0 0 0 0 0 0 0 74.463 219.727 609.589 15.106 170.136 103.149 3780.06 30.518 50.201 747.528 -16.632 109.253 164.795 59.814 308.533 257.111 178.68 153.046 14.343 341.339 -4988.556 195.618 60.272 732.117 10.681 -12.512 487.976 50.354 156.555 189.362 107.88 -657.349 110.626 27.771 75.073 73.547 67.902 2511.444 2287.903 实验室 1 074
4452289 4851 2025/12/24 15:11:47 P18 0 0 0 0 0 0 0 74.005 220.184 609.436 14.954 170.441 102.387 3781.281 13.428 67.596 742.645 -16.937 109.558 164.185 59.814 308.991 257.111 178.68 153.351 14.038 341.187 -4989.472 167.236 60.12 687.866 13.123 -12.665 488.586 49.744 156.097 190.43 105.743 -659.79 110.016 28.687 75.836 69.427 66.834 2511.749 2290.344 实验室 1 074
4452290 4851 2025/12/24 15:11:48 P18 0 0 0 0 0 0 0 74.31 219.879 609.894 13.886 171.204 102.997 3783.264 14.801 46.997 745.544 -16.937 109.253 164.49 59.814 308.533 257.416 177.307 153.809 13.58 341.034 -4989.319 190.582 55.237 659.638 10.986 -11.902 487.213 50.354 156.86 189.972 106.201 -660.248 110.626 28.229 70.953 73.242 68.207 2512.207 2290.955 实验室 1 074
4452291 4851 2025/12/24 15:11:49 P18 0 0 0 0 0 0 0 74.005 220.184 609.589 14.648 170.441 102.692 3780.518 50.201 106.659 742.95 -17.7 108.032 162.964 64.087 308.228 258.484 177.46 154.114 13.58 341.492 -4988.403 231.934 61.188 669.098 11.749 -11.597 487.976 52.185 156.25 190.277 106.659 -660.858 111.084 28.381 73.853 68.97 66.986 2510.986 2285.156 实验室 1 074
4452292 4851 2025/12/24 15:11:50 P18 0 0 0 0 0 0 0 74.005 220.032 609.131 14.648 170.593 103.149 3780.823 42.267 -79.803 749.817 -16.479 108.643 163.879 60.425 308.838 256.805 178.223 153.503 13.428 341.187 -4988.098 214.996 58.594 674.133 12.207 -12.512 488.892 50.049 155.945 190.125 106.659 -660.858 110.016 28.076 76.904 71.869 67.596 2511.139 2289.124 实验室 1 074
4452293 4851 2025/12/24 15:11:51 P18 0 0 0 0 0 0 0 74.31 219.879 609.894 14.801 170.898 103.149 3782.654 26.855 -143.738 748.291 -17.09 109.253 164.337 59.357 308.38 257.416 177.46 153.961 13.886 340.881 -4988.861 186.157 58.746 693.817 11.444 -11.902 487.824 47.913 157.166 189.362 107.117 -660.706 110.016 28.687 80.109 75.226 68.512 2511.902 2287.75 实验室 1 074
4452294 4851 2025/12/24 15:11:52 P18 0 0 0 0 0 0 0 73.547 220.184 609.131 14.954 169.83 102.539 3780.975 65.002 -112.152 745.544 -16.632 109.253 164.032 60.12 308.838 256.805 177.307 153.503 14.496 340.729 -4988.861 202.942 58.899 693.359 11.749 -12.207 488.129 50.049 155.945 189.972 106.049 -661.316 110.169 28.381 75.226 74.31 66.071 2510.223 2290.497 实验室 1 074
4452295 4851 2025/12/24 15:11:53 P18 0 0 0 0 0 0 0 74.005 220.49 608.978 14.648 170.136 102.844 3780.518 14.954 -64.087 733.643 -16.174 108.795 164.337 59.814 308.838 256.958 176.697 153.656 13.886 340.424 -4988.708 185.852 60.425 698.09 11.139 -12.512 487.824 50.659 156.403 189.362 104.523 -661.316 110.169 28.381 78.43 73.547 68.207 2511.444 2289.124 实验室 1 074
4452296 4851 2025/12/24 15:11:54 P18 0 0 0 0 0 0 0 72.937 219.727 609.131 14.038 168.762 102.081 3782.043 23.041 -28.992 749.664 -14.801 108.948 164.948 59.662 308.075 257.568 177.002 153.503 13.886 341.339 -4989.166 167.542 58.441 705.719 11.902 -12.817 487.518 49.744 155.945 188.904 105.438 -660.553 110.474 28.687 75.531 73.853 72.784 2510.834 2287.75 实验室 1 074
4452297 4851 2025/12/24 15:11:55 P18 0 0 0 0 0 0 0 74.615 220.032 609.283 14.191 170.136 102.234 3780.67 30.365 18.158 736.084 -16.327 108.948 164.642 59.814 308.228 257.263 177.307 153.809 14.954 340.576 -4988.403 249.634 57.068 722.961 12.054 -12.512 487.366 50.049 156.708 189.819 106.506 -660.858 110.169 27.313 72.784 71.106 66.834 2511.139 2290.039 实验室 1 074
4452298 4851 2025/12/24 15:11:56 P18 0 0 0 0 0 0 0 74.615 219.879 609.283 15.411 170.746 102.539 3780.67 24.414 13.733 748.138 -16.479 109.406 164.795 59.357 308.228 257.111 177.155 152.741 13.733 340.576 -4990.54 260.315 59.967 741.577 11.597 -12.665 484.009 50.201 155.792 189.056 106.659 -661.316 110.474 27.771 77.972 70.801 67.902 2511.902 2292.023 实验室 1 074
4452299 4851 2025/12/24 15:11:57 P18 0 0 0 0 0 0 0 73.853 219.879 609.283 14.038 169.983 102.692 3782.196 52.948 16.479 745.697 -17.242 108.795 163.574 60.272 308.38 257.416 177.307 153.809 13.886 340.881 -4989.624 287.781 59.204 738.678 11.444 -12.207 487.366 49.286 155.792 189.209 106.812 -661.011 110.169 29.144 75.378 70.038 72.021 2511.597 2289.886 实验室 1 074
4452300 4851 2025/12/24 15:11:58 P18 0 0 0 0 0 0 0 73.853 220.032 608.063 14.648 169.83 103.607 3779.297 21.21 -42.114 749.97 -17.7 109.253 164.337 59.967 307.77 256.958 177.155 154.572 14.038 340.576 -4989.319 275.116 60.577 747.07 11.292 -12.512 486.908 48.676 156.403 190.125 106.659 -660.706 110.016 28.076 74.005 67.902 67.291 2511.139 2288.666 实验室 1 074
4452301 4851 2025/12/24 15:11:59 P18 0 0 0 0 0 0 0 74.615 220.337 608.368 15.564 170.136 101.929 3780.823 56.458 -23.499 744.782 -16.479 108.337 164.337 59.662 308.533 256.958 177.155 153.503 13.275 338.287 -4989.624 312.653 58.136 711.67 11.444 -12.665 487.213 50.049 155.335 189.362 108.795 -656.128 110.169 28.076 74.005 75.073 69.275 2511.749 2288.971 实验室 1 074
4452302 4851 2025/12/24 15:12:00 P18 0 0 0 0 0 0 0 73.853 220.032 607.452 14.191 169.678 101.471 3781.433 23.041 2.441 743.713 -16.327 108.948 164.642 59.967 307.922 257.111 177.612 153.656 13.58 340.576 -4991.303 307.617 59.509 692.291 11.902 -12.512 486.603 50.201 156.555 189.362 108.185 -657.044 110.169 28.229 72.784 70.648 68.512 2510.986 2288.818 实验室 1 074
4452303 4851 2025/12/24 15:12:01 P18 0 0 0 0 0 0 0 73.7 220.032 607.91 15.259 171.051 101.471 3780.518 11.902 25.482 742.798 -17.09 108.643 164.49 60.425 308.38 257.263 175.934 153.351 13.275 340.424 -4989.014 339.508 60.73 679.779 12.054 -12.207 486.45 49.896 155.945 188.904 109.253 -656.891 110.321 27.924 68.359 73.242 65.46 2510.986 2288.361 实验室 1 074
4452304 4851 2025/12/24 15:12:02 P18 0 0 0 0 0 0 0 73.853 220.337 607.605 14.954 169.678 102.081 3782.806 48.218 57.068 738.525 -16.785 110.169 163.727 59.662 307.465 257.263 176.239 154.114 13.733 340.271 -4990.997 328.217 60.577 644.074 11.444 -12.207 485.992 49.896 156.25 189.056 109.1 -657.196 109.863 27.924 76.904 72.021 66.681 2511.597 2289.276 实验室 1 074
4452305 4851 2025/12/24 15:12:03 P18 0 0 0 0 0 0 0 73.7 220.642 607.758 14.343 169.83 102.387 3780.365 57.526 53.101 748.901 -17.548 109.406 164.032 59.967 307.922 256.805 176.544 153.809 14.038 340.576 -4988.556 303.65 60.425 653.381 11.749 -12.817 486.755 50.201 155.64 189.056 106.659 -656.586 110.474 28.381 71.716 71.564 69.885 2510.834 2287.292 实验室 1 074
4452306 4851 2025/12/24 15:12:04 P18 0 0 0 0 0 0 0 74.31 220.337 607.758 14.343 169.525 102.234 3780.823 51.422 23.499 734.1 -17.09 108.643 164.49 58.746 307.77 257.111 176.544 154.114 13.58 341.187 -4988.098 281.83 59.967 672.76 11.444 -11.902 485.382 49.896 155.64 188.294 108.032 -657.806 110.931 28.076 80.414 65.613 69.58 2511.902 2291.87 实验室 1 074
4452307 4851 2025/12/24 15:12:05 P18 0 0 0 0 0 0 0 74.768 219.879 607.91 14.038 170.746 101.929 3781.281 10.071 169.83 744.171 -16.479 108.795 165.1 59.357 308.38 257.111 177.002 153.656 13.733 340.424 -4989.319 289.307 60.577 698.09 11.292 -12.054 486.45 49.286 155.945 188.599 106.964 -660.858 109.863 27.618 83.16 69.733 67.596 2512.054 2290.649 实验室 1 074
4452308 4851 2025/12/24 15:12:06 P18 0 0 0 0 0 0 0 74.921 220.49 607.605 14.648 169.83 101.624 3780.518 -16.937 151.672 741.73 -16.479 108.948 164.795 59.662 307.617 257.263 176.544 153.809 13.428 340.576 -4990.082 318.451 59.509 726.471 11.444 -12.512 485.535 46.997 155.792 188.294 107.422 -657.501 109.863 27.924 79.041 69.58 71.564 2511.749 2286.835 实验室 1 074
4452309 4851 2025/12/24 15:12:07 P18 0 0 0 0 0 0 0 73.853 221.1 607.758 15.259 169.525 102.539 3781.891 9.46 61.951 750.122 -17.395 109.558 164.185 59.814 307.617 256.805 176.392 154.114 13.275 340.118 -4989.929 363.922 60.73 724.182 11.749 -14.191 485.992 48.981 155.029 188.904 106.201 -655.823 109.863 28.229 73.547 72.937 71.564 2511.749 2287.903 实验室 1 074
4452310 4851 2025/12/24 15:12:08 P18 0 0 0 0 0 0 0 73.547 219.574 606.842 14.801 169.373 101.624 3779.907 35.553 31.128 736.389 -17.395 109.863 163.879 59.509 308.38 257.874 176.086 153.809 12.97 342.865 -4985.962 372.009 58.289 702.21 10.681 -12.512 485.535 50.049 155.487 189.056 105.591 -657.044 110.931 28.229 78.125 73.853 67.902 2509.918 2290.802 实验室 1 074
4452311 4851 2025/12/24 15:12:09 P18 0 0 0 0 0 0 0 73.853 220.642 606.842 15.259 170.288 103.302 3780.823 61.34 10.529 743.713 -16.785 108.795 164.185 59.814 308.075 257.111 176.849 154.114 13.733 340.271 -4990.845 405.273 56.915 672.913 12.97 -12.207 486.45 50.049 155.335 188.904 106.964 -656.586 109.711 27.771 73.853 79.498 65.46 2511.444 2293.396 实验室 1 074
4452312 4851 2025/12/24 15:12:10 P18 0 0 0 0 0 0 0 75.226 220.49 608.368 14.496 170.136 102.081 3781.128 64.24 -7.935 739.441 -16.632 108.948 165.558 59.204 307.77 257.416 176.239 153.198 13.733 340.424 -4989.014 381.622 60.272 681.458 11.139 -12.817 485.077 49.591 155.792 188.599 105.743 -656.128 109.863 27.771 73.09 77.667 65.918 2511.139 2287.75 实验室 1 074
