4438083 4839 2025/12/24 11:00:50 P13 0 0 0 0 0 0 0 77.667 174.866 668.335 14.343 206.604 133.514 3782.196 8.392 -19.531 879.059 -18.616 129.852 177.155 65.46 314.941 312.5 224.915 172.424 14.801 358.887 -4989.776 92.926 61.646 404.205 14.954 -12.054 584.412 60.272 200.958 225.067 138.245 -662.537 125.885 35.4 78.43 100.708 69.885 2511.139 2288.513 实验室 1 074
4438084 4839 2025/12/24 11:00:51 P13 0 0 0 0 0 0 0 76.294 174.255 667.267 13.58 206.909 212.708 3786.926 -15.717 33.417 887.146 -18.158 130.005 178.07 64.85 310.822 308.533 219.727 168.152 14.343 352.478 -4990.997 220.184 42.267 435.944 13.733 -12.054 577.24 59.662 196.228 226.288 141.907 -875.549 123.444 33.569 101.318 101.013 69.885 2511.292 2289.581 实验室 1 074
4438085 4839 2025/12/24 11:00:52 P13 0 0 0 0 0 0 0 76.294 174.255 667.267 13.58 206.909 212.708 3786.926 -15.717 33.417 887.146 -18.158 130.005 178.07 64.85 310.822 308.533 219.727 168.152 14.343 352.478 -4990.997 220.184 42.267 435.944 13.733 -12.054 577.24 59.662 196.228 226.288 141.907 -875.549 123.444 33.569 101.318 101.013 69.885 2511.292 2289.581 实验室 1 074
4438086 4839 2025/12/24 11:00:53 P13 0 0 0 0 0 0 0 75.836 173.95 666.046 12.665 207.062 128.479 3782.043 -26.245 -51.88 900.116 -18.768 129.242 177.307 64.392 308.533 307.617 218.658 166.473 14.191 353.394 -4988.098 343.781 36.316 475.922 13.275 -12.512 576.019 58.746 196.075 225.525 146.179 -811.462 122.681 33.417 103.912 102.081 71.869 2510.834 2291.412 实验室 1 074
4438087 4839 2025/12/24 11:00:54 P13 0 0 0 0 0 0 0 75.836 173.95 666.046 12.665 207.062 128.479 3782.043 -26.245 -51.88 900.116 -18.768 129.242 177.307 64.392 308.533 307.617 218.658 166.473 14.191 353.394 -4988.098 343.781 36.316 475.922 13.275 -12.512 576.019 58.746 196.075 225.525 146.179 -811.462 122.681 33.417 103.912 102.081 71.869 2510.834 2291.412 实验室 1 074
4438088 4839 2025/12/24 11:00:55 P13 0 0 0 0 0 0 0 75.378 173.34 665.894 13.58 207.825 126.648 3782.349 28.381 -90.179 895.691 -18.158 129.395 176.697 64.545 305.939 307.922 217.133 164.337 15.106 351.715 -4989.929 384.064 27.618 459.595 13.275 -12.054 575.256 59.204 195.313 226.288 145.111 -765.533 122.376 33.722 101.624 100.403 68.512 2511.597 2290.497 实验室 1 074
4438089 4839 2025/12/24 11:00:56 P13 0 0 0 0 0 0 0 75.378 173.34 665.894 13.58 207.825 126.648 3782.349 28.381 -90.179 895.691 -18.158 129.395 176.697 64.545 305.939 307.922 217.133 164.337 15.106 351.715 -4989.929 384.064 27.618 459.595 13.275 -12.054 575.256 59.204 195.313 226.288 145.111 -765.533 122.376 33.722 101.624 100.403 68.512 2511.597 2290.497 实验室 1 074
4438090 4839 2025/12/24 11:00:57 P13 0 0 0 0 0 0 0 75.378 173.34 665.894 13.58 207.825 126.648 3782.349 28.381 -90.179 895.691 -18.158 129.395 176.697 64.545 305.939 307.922 217.133 164.337 15.106 351.715 -4989.929 384.064 27.618 459.595 13.275 -12.054 575.256 59.204 195.313 226.288 145.111 -765.533 122.376 33.722 101.624 100.403 68.512 2511.597 2290.497 实验室 1 074
4438091 4839 2025/12/24 11:00:58 P13 0 0 0 0 0 0 0 75.226 172.882 665.436 13.58 208.13 124.512 3782.654 -23.956 -68.512 894.47 -18.616 129.395 176.392 65.308 303.803 307.159 215.149 162.354 13.886 350.037 -4990.845 405.426 22.125 480.652 13.733 -12.817 574.493 58.899 194.55 224.915 146.637 -728.76 122.528 31.738 91.248 97.656 70.343 2512.054 2289.124 实验室 1 074
4438092 4839 2025/12/24 11:00:59 P13 0 0 0 0 0 0 0 75.226 172.882 665.436 13.58 208.13 124.512 3782.654 -23.956 -68.512 894.47 -18.616 129.395 176.392 65.308 303.803 307.159 215.149 162.354 13.886 350.037 -4990.845 405.426 22.125 480.652 13.733 -12.817 574.493 58.899 194.55 224.915 146.637 -728.76 122.528 31.738 91.248 97.656 70.343 2512.054 2289.124 实验室 1 074
4438093 4839 2025/12/24 11:01:00 P13 0 0 0 0 0 0 0 74.158 172.577 664.215 13.733 208.435 123.596 3781.128 -46.539 -0.305 885.773 -18.768 128.479 174.103 63.782 300.598 306.549 214.844 160.98 14.496 347.443 -4988.403 191.956 15.259 471.039 12.512 -12.207 573.425 59.204 195.007 225.372 145.111 -666.962 121.46 31.891 100.861 100.25 70.953 2512.207 2289.276 实验室 1 074
4438094 4839 2025/12/24 11:01:01 P13 0 0 0 0 0 0 0 74.158 172.577 664.215 13.733 208.435 123.596 3781.128 -46.539 -0.305 885.773 -18.768 128.479 174.103 63.782 300.598 306.549 214.844 160.98 14.496 347.443 -4988.403 191.956 15.259 471.039 12.512 -12.207 573.425 59.204 195.007 225.372 145.111 -666.962 121.46 31.891 100.861 100.25 70.953 2512.207 2289.276 实验室 1 074
4438095 4839 2025/12/24 11:01:02 P13 0 0 0 0 0 0 0 74.615 172.272 662.842 14.343 211.182 122.223 3782.043 2.747 -324.097 892.487 -19.226 127.716 174.103 64.392 298.309 307.77 212.25 162.048 14.801 345.459 -4988.708 103.912 32.654 480.499 12.97 -14.038 574.036 59.052 197.907 226.44 143.738 -465.088 122.528 31.738 107.575 100.555 73.7 2512.512 2288.818 实验室 1 074
4438096 4839 2025/12/24 11:01:03 P13 0 0 0 0 0 0 0 74.615 172.272 662.842 14.343 211.182 122.223 3782.043 2.747 -324.097 892.487 -19.226 127.716 174.103 64.392 298.309 307.77 212.25 162.048 14.801 345.459 -4988.708 103.912 32.654 480.499 12.97 -14.038 574.036 59.052 197.907 226.44 143.738 -465.088 122.528 31.738 107.575 100.555 73.7 2512.512 2288.818 实验室 1 074
4438097 4839 2025/12/24 11:01:04 P13 0 0 0 0 0 0 0 74.615 172.272 662.842 14.343 211.182 122.223 3782.043 2.747 -324.097 892.487 -19.226 127.716 174.103 64.392 298.309 307.77 212.25 162.048 14.801 345.459 -4988.708 103.912 32.654 480.499 12.97 -14.038 574.036 59.052 197.907 226.44 143.738 -465.088 122.528 31.738 107.575 100.555 73.7 2512.512 2288.818 实验室 1 074
4438098 4839 2025/12/24 11:01:05 P13 0 0 0 0 0 0 0 75.226 173.035 662.231 15.106 216.827 123.596 3780.518 -42.877 -137.787 904.236 -18.921 127.564 173.798 64.697 297.546 309.296 211.639 163.422 16.174 344.238 -4990.387 106.201 46.997 434.723 12.512 -11.902 576.172 58.441 201.263 226.44 144.196 -424.805 123.749 32.654 94.147 104.065 64.545 2511.292 2289.734 实验室 1 074
4438099 4839 2025/12/24 11:01:06 P13 0 0 0 0 0 0 0 75.226 173.035 662.231 15.106 216.827 123.596 3780.518 -42.877 -137.787 904.236 -18.921 127.564 173.798 64.697 297.546 309.296 211.639 163.422 16.174 344.238 -4990.387 106.201 46.997 434.723 12.512 -11.902 576.172 58.441 201.263 226.44 144.196 -424.805 123.749 32.654 94.147 104.065 64.545 2511.292 2289.734 实验室 1 074
4438100 4839 2025/12/24 11:01:07 P13 0 0 0 0 0 0 0 75.836 175.324 660.095 16.327 225.83 127.106 3782.349 36.469 143.585 895.081 -19.226 128.937 174.866 64.85 298.767 310.516 212.097 165.71 15.717 344.544 -4988.098 123.901 56.152 415.344 11.597 -12.054 577.087 59.814 204.926 226.593 142.365 -534.363 124.207 33.112 95.215 105.133 71.716 2511.139 2290.039 实验室 1 074
4438101 4839 2025/12/24 11:01:08 P13 0 0 0 0 0 0 0 75.836 175.324 660.095 16.327 225.83 127.106 3782.349 36.469 143.585 895.081 -19.226 128.937 174.866 64.85 298.767 310.516 212.097 165.71 15.717 344.544 -4988.098 123.901 56.152 415.344 11.597 -12.054 577.087 59.814 204.926 226.593 142.365 -534.363 124.207 33.112 95.215 105.133 71.716 2511.139 2290.039 实验室 1 074
4438102 4839 2025/12/24 11:01:09 P13 0 0 0 0 0 0 0 77.362 175.934 659.485 16.174 234.07 127.106 3781.738 70.496 133.209 897.675 -18.616 130.31 175.324 64.392 300.446 310.669 213.928 165.405 16.327 345.764 -4987.945 131.226 58.746 474.701 10.986 -12.207 578.003 60.272 205.231 226.593 142.365 -626.068 124.359 34.18 97.656 92.926 68.665 2511.749 2290.192 实验室 1 074
4438103 4839 2025/12/24 11:01:10 P13 0 0 0 0 0 0 0 77.362 175.934 659.485 16.174 234.07 127.106 3781.738 70.496 133.209 897.675 -18.616 130.31 175.324 64.392 300.446 310.669 213.928 165.405 16.327 345.764 -4987.945 131.226 58.746 474.701 10.986 -12.207 578.003 60.272 205.231 226.593 142.365 -626.068 124.359 34.18 97.656 92.926 68.665 2511.749 2290.192 实验室 1 074
4438104 4839 2025/12/24 11:01:11 P13 0 0 0 0 0 0 0 77.515 173.95 657.349 16.479 239.258 126.648 3782.501 -14.191 49.591 893.402 -19.531 130.92 175.171 63.934 301.971 311.737 214.233 165.1 16.785 346.222 -4988.251 77.82 59.357 459.137 10.834 -13.123 577.698 59.814 205.689 225.678 143.89 -663.3 124.97 34.485 87.128 100.555 69.122 2511.292 2289.886 实验室 1 074
4438105 4839 2025/12/24 11:01:12 P13 0 0 0 0 0 0 0 77.515 173.95 657.349 16.479 239.258 126.648 3782.501 -14.191 49.591 893.402 -19.531 130.92 175.171 63.934 301.971 311.737 214.233 165.1 16.785 346.222 -4988.251 77.82 59.357 459.137 10.834 -13.123 577.698 59.814 205.689 225.678 143.89 -663.3 124.97 34.485 87.128 100.555 69.122 2511.292 2289.886 实验室 1 074
4438106 4839 2025/12/24 11:01:13 P13 0 0 0 0 0 0 0 77.515 173.95 657.349 16.479 239.258 126.648 3782.501 -14.191 49.591 893.402 -19.531 130.92 175.171 63.934 301.971 311.737 214.233 165.1 16.785 346.222 -4988.251 77.82 59.357 459.137 10.834 -13.123 577.698 59.814 205.689 225.678 143.89 -663.3 124.97 34.485 87.128 100.555 69.122 2511.292 2289.886 实验室 1 074
4438107 4839 2025/12/24 11:01:14 P13 0 0 0 0 0 0 0 77.667 174.713 658.417 15.259 242.615 128.326 3781.586 32.959 24.414 900.726 -18.463 131.226 176.086 64.85 303.65 311.737 214.996 166.016 17.242 347.595 -4992.065 54.932 57.983 469.818 11.444 -11.749 577.393 61.035 206.757 225.22 142.059 -673.37 124.054 34.79 106.201 104.065 67.902 2511.292 2290.039 实验室 1 074
4438108 4839 2025/12/24 11:01:15 P13 0 0 0 0 0 0 0 77.667 174.713 658.417 15.259 242.615 128.326 3781.586 32.959 24.414 900.726 -18.463 131.226 176.086 64.85 303.65 311.737 214.996 166.016 17.242 347.595 -4992.065 54.932 57.983 469.818 11.444 -11.749 577.393 61.035 206.757 225.22 142.059 -673.37 124.054 34.79 106.201 104.065 67.902 2511.292 2290.039 实验室 1 074
4438109 4839 2025/12/24 11:01:16 P13 0 0 0 0 0 0 0 77.362 175.476 658.264 15.259 242.92 127.716 3781.586 36.163 124.359 904.083 -19.073 131.989 175.934 64.392 304.718 312.805 215.912 166.321 17.395 348.663 -4987.641 88.654 58.136 471.191 10.681 -11.597 575.867 61.798 205.383 225.22 143.127 -673.676 124.664 34.943 92.163 109.253 70.038 2511.902 2289.734 实验室 1 074
4438110 4839 2025/12/24 11:01:17 P13 0 0 0 0 0 0 0 77.362 175.476 658.264 15.259 242.92 127.716 3781.586 36.163 124.359 904.083 -19.073 131.989 175.934 64.392 304.718 312.805 215.912 166.321 17.395 348.663 -4987.641 88.654 58.136 471.191 10.681 -11.597 575.867 61.798 205.383 225.22 143.127 -673.676 124.664 34.943 92.163 109.253 70.038 2511.902 2289.734 实验室 1 074
4438111 4839 2025/12/24 11:01:18 P13 0 0 0 0 0 0 0 77.82 175.781 658.875 15.717 241.699 127.869 3781.586 -46.387 9.613 903.168 -18.616 131.683 175.934 65.46 305.481 313.416 216.065 166.473 16.937 349.274 -4990.54 78.583 59.814 471.954 10.834 -11.292 576.477 62.561 204.62 224.457 143.585 -671.234 124.207 35.248 99.792 104.523 71.564 2511.597 2289.734 实验室 1 074
4438112 4839 2025/12/24 11:01:19 P13 0 0 0 0 0 0 0 77.82 175.781 658.875 15.717 241.699 127.869 3781.586 -46.387 9.613 903.168 -18.616 131.683 175.934 65.46 305.481 313.416 216.065 166.473 16.937 349.274 -4990.54 78.583 59.814 471.954 10.834 -11.292 576.477 62.561 204.62 224.457 143.585 -671.234 124.207 35.248 99.792 104.523 71.564 2511.597 2289.734 实验室 1 074
4438113 4839 2025/12/24 11:01:20 P13 0 0 0 0 0 0 0 77.82 175.781 658.875 15.717 241.699 127.869 3781.586 -46.387 9.613 903.168 -18.616 131.683 175.934 65.46 305.481 313.416 216.065 166.473 16.937 349.274 -4990.54 78.583 59.814 471.954 10.834 -11.292 576.477 62.561 204.62 224.457 143.585 -671.234 124.207 35.248 99.792 104.523 71.564 2511.597 2289.734 实验室 1 074
4438114 4839 2025/12/24 11:01:21 P13 0 0 0 0 0 0 0 77.209 175.171 657.806 15.106 240.784 128.021 3782.806 34.485 -112.305 883.331 -18.616 132.294 175.934 64.545 306.091 314.026 217.285 166.473 16.327 350.037 -4982.758 45.776 61.34 485.23 11.139 -11.902 575.562 62.103 204.163 224.152 141.907 -669.251 124.359 34.943 84.534 97.046 68.97 2512.512 2290.344 实验室 1 074
4438115 4839 2025/12/24 11:01:22 P13 0 0 0 0 0 0 0 77.209 175.171 657.806 15.106 240.784 128.021 3782.806 34.485 -112.305 883.331 -18.616 132.294 175.934 64.545 306.091 314.026 217.285 166.473 16.327 350.037 -4982.758 45.776 61.34 485.23 11.139 -11.902 575.562 62.103 204.163 224.152 141.907 -669.251 124.359 34.943 84.534 97.046 68.97 2512.512 2290.344 实验室 1 074
4438116 4839 2025/12/24 11:01:23 P13 0 0 0 0 0 0 0 77.972 175.476 657.349 14.954 238.953 128.174 3781.891 30.212 2.441 903.168 -18.311 131.836 176.239 64.697 307.159 312.653 218.811 165.863 17.395 349.884 -4988.861 31.891 61.34 466.766 10.986 -11.902 574.799 61.493 204.01 224.609 140.076 -668.793 123.596 34.485 85.907 101.166 69.58 2512.665 2292.938 实验室 1 074
4438117 4839 2025/12/24 11:01:24 P13 0 0 0 0 0 0 0 77.972 175.476 657.349 14.954 238.953 128.174 3781.891 30.212 2.441 903.168 -18.311 131.836 176.239 64.697 307.159 312.653 218.811 165.863 17.395 349.884 -4988.861 31.891 61.34 466.766 10.986 -11.902 574.799 61.493 204.01 224.609 140.076 -668.793 123.596 34.485 85.907 101.166 69.58 2512.665 2292.938 实验室 1 074
4438118 4839 2025/12/24 11:01:25 P13 0 0 0 0 0 0 0 77.667 175.476 657.196 14.038 237.122 128.479 3781.738 57.068 104.523 899.353 -18.921 132.446 176.086 65.002 307.617 313.263 217.59 165.558 17.395 349.884 -4988.098 19.836 60.12 496.216 10.681 -11.139 573.731 60.883 203.4 224.152 139.008 -668.03 123.444 34.79 90.485 102.234 69.58 2511.902 2288.971 实验室 1 074
4438119 4839 2025/12/24 11:01:26 P13 0 0 0 0 0 0 0 77.667 175.476 657.196 14.038 237.122 128.479 3781.738 57.068 104.523 899.353 -18.921 132.446 176.086 65.002 307.617 313.263 217.59 165.558 17.395 349.884 -4988.098 19.836 60.12 496.216 10.681 -11.139 573.731 60.883 203.4 224.152 139.008 -668.03 123.444 34.79 90.485 102.234 69.58 2511.902 2288.971 实验室 1 074
4438120 4839 2025/12/24 11:01:27 P13 0 0 0 0 0 0 0 77.209 175.324 657.501 14.801 234.68 128.021 3780.975 30.823 0 897.217 -19.226 132.752 175.934 63.782 306.854 313.873 216.827 166.016 16.632 349.579 -4987.488 104.523 61.646 458.679 10.681 -12.512 573.273 60.883 202.637 223.694 139.618 -668.335 122.986 35.095 90.79 103.607 69.733 2510.834 2287.75 实验室 1 074
4438121 4839 2025/12/24 11:01:28 P13 0 0 0 0 0 0 0 77.209 175.324 657.501 14.801 234.68 128.021 3780.975 30.823 0 897.217 -19.226 132.752 175.934 63.782 306.854 313.873 216.827 166.016 16.632 349.579 -4987.488 104.523 61.646 458.679 10.681 -12.512 573.273 60.883 202.637 223.694 139.618 -668.335 122.986 35.095 90.79 103.607 69.733 2510.834 2287.75 实验室 1 074
4438122 4839 2025/12/24 11:01:29 P13 0 0 0 0 0 0 0 77.209 175.324 657.501 14.801 234.68 128.021 3780.975 30.823 0 897.217 -19.226 132.752 175.934 63.782 306.854 313.873 216.827 166.016 16.632 349.579 -4987.488 104.523 61.646 458.679 10.681 -12.512 573.273 60.883 202.637 223.694 139.618 -668.335 122.986 35.095 90.79 103.607 69.733 2510.834 2287.75 实验室 1 074
4438123 4839 2025/12/24 11:01:30 P13 0 0 0 0 0 0 0 77.667 175.934 657.501 14.343 233.307 127.716 3781.891 -12.512 -122.223 891.571 -18.616 132.599 176.086 63.782 307.159 313.568 216.98 166.473 16.479 349.274 -4987.945 68.207 63.019 483.246 11.597 -12.207 572.357 60.425 200.806 224.152 139.313 -668.335 123.291 34.943 93.079 96.741 63.934 2512.665 2289.734 实验室 1 074
4438124 4839 2025/12/24 11:01:31 P13 0 0 0 0 0 0 0 77.667 175.934 657.501 14.343 233.307 127.716 3781.891 -12.512 -122.223 891.571 -18.616 132.599 176.086 63.782 307.159 313.568 216.98 166.473 16.479 349.274 -4987.945 68.207 63.019 483.246 11.597 -12.207 572.357 60.425 200.806 224.152 139.313 -668.335 123.291 34.943 93.079 96.741 63.934 2512.665 2289.734 实验室 1 074
4438125 4839 2025/12/24 11:01:32 P13 0 0 0 0 0 0 0 77.057 176.086 657.044 14.343 231.476 128.174 3780.518 33.875 86.365 904.083 -18.921 131.836 175.476 63.171 306.549 314.331 216.675 166.321 16.785 349.731 -4990.845 74.005 61.951 498.505 10.681 -12.36 571.747 61.035 201.416 223.694 138.855 -666.962 123.138 34.79 99.64 102.081 69.58 2511.597 2287.598 实验室 1 074
4438126 4839 2025/12/24 11:01:33 P13 0 0 0 0 0 0 0 77.057 176.086 657.044 14.343 231.476 128.174 3780.518 33.875 86.365 904.083 -18.921 131.836 175.476 63.171 306.549 314.331 216.675 166.321 16.785 349.731 -4990.845 74.005 61.951 498.505 10.681 -12.36 571.747 61.035 201.416 223.694 138.855 -666.962 123.138 34.79 99.64 102.081 69.58 2511.597 2287.598 实验室 1 074
4438127 4839 2025/12/24 11:01:34 P13 0 0 0 0 0 0 0 76.904 176.239 655.975 14.648 229.34 127.564 3780.975 6.866 -59.662 901.642 -19.684 131.073 176.544 63.629 306.091 314.179 216.675 166.321 16.479 350.037 -4987.183 48.218 60.272 546.57 11.292 -12.512 570.984 60.577 201.721 223.389 136.719 -666.962 122.986 35.4 93.689 101.471 73.395 2510.834 2289.276 实验室 1 074
4438128 4839 2025/12/24 11:01:35 P13 0 0 0 0 0 0 0 76.904 176.239 655.975 14.648 229.34 127.564 3780.975 6.866 -59.662 901.642 -19.684 131.073 176.544 63.629 306.091 314.179 216.675 166.321 16.479 350.037 -4987.183 48.218 60.272 546.57 11.292 -12.512 570.984 60.577 201.721 223.389 136.719 -666.962 122.986 35.4 93.689 101.471 73.395 2510.834 2289.276 实验室 1 074
4438129 4839 2025/12/24 11:01:36 P13 0 0 0 0 0 0 0 76.904 176.239 655.975 14.648 229.34 127.564 3780.975 6.866 -59.662 901.642 -19.684 131.073 176.544 63.629 306.091 314.179 216.675 166.321 16.479 350.037 -4987.183 48.218 60.272 546.57 11.292 -12.512 570.984 60.577 201.721 223.389 136.719 -666.962 122.986 35.4 93.689 101.471 73.395 2510.834 2289.276 实验室 1 074
4438130 4839 2025/12/24 11:01:37 P13 0 0 0 0 0 0 0 78.125 175.934 656.128 14.038 227.814 126.648 3780.823 9.46 -31.586 885.62 -18.311 131.073 175.781 63.934 306.549 314.331 217.133 166.168 15.869 349.121 -4988.556 30.06 60.883 504.913 10.681 -11.902 570.221 60.12 200.653 222.626 138.855 -665.894 122.833 34.79 88.501 103.149 68.665 2511.139 2290.344 实验室 1 074
4438131 4839 2025/12/24 11:01:38 P13 0 0 0 0 0 0 0 78.125 175.934 656.128 14.038 227.814 126.648 3780.823 9.46 -31.586 885.62 -18.311 131.073 175.781 63.934 306.549 314.331 217.133 166.168 15.869 349.121 -4988.556 30.06 60.883 504.913 10.681 -11.902 570.221 60.12 200.653 222.626 138.855 -665.894 122.833 34.79 88.501 103.149 68.665 2511.139 2290.344 实验室 1 074
4438132 4839 2025/12/24 11:01:39 P13 0 0 0 0 0 0 0 77.362 175.934 656.433 13.886 226.288 127.258 3780.518 68.359 -40.894 886.688 -18.768 131.683 176.086 63.782 307.159 313.11 216.98 166.473 15.869 349.121 -4988.403 41.199 49.286 478.058 11.597 -11.597 569.763 60.12 200.653 222.321 139.16 -666.809 122.833 34.943 93.384 101.929 68.359 2512.054 2289.124 实验室 1 074
4438133 4839 2025/12/24 11:01:40 P13 0 0 0 0 0 0 0 77.362 175.934 656.433 13.886 226.288 127.258 3780.518 68.359 -40.894 886.688 -18.768 131.683 176.086 63.782 307.159 313.11 216.98 166.473 15.869 349.121 -4988.403 41.199 49.286 478.058 11.597 -11.597 569.763 60.12 200.653 222.321 139.16 -666.809 122.833 34.943 93.384 101.929 68.359 2512.054 2289.124 实验室 1 074
4438134 4839 2025/12/24 11:01:41 P13 0 0 0 0 0 0 0 77.057 175.934 655.518 13.733 224.762 127.411 3783.112 12.207 69.58 900.726 -18.616 131.531 176.239 64.392 305.939 314.636 216.217 166.016 15.869 349.731 -4988.251 94.757 59.509 518.646 10.834 -12.512 569 60.425 199.585 222.321 137.482 -666.351 122.528 35.4 89.569 99.182 87.585 2512.207 2287.445 实验室 1 074
4438135 4839 2025/12/24 11:01:42 P13 0 0 0 0 0 0 0 77.057 175.934 655.518 13.733 224.762 127.411 3783.112 12.207 69.58 900.726 -18.616 131.531 176.239 64.392 305.939 314.636 216.217 166.016 15.869 349.731 -4988.251 94.757 59.509 518.646 10.834 -12.512 569 60.425 199.585 222.321 137.482 -666.351 122.528 35.4 89.569 99.182 87.585 2512.207 2287.445 实验室 1 074
4438136 4839 2025/12/24 11:01:43 P13 0 0 0 0 0 0 0 77.667 177.002 655.212 13.58 223.694 127.716 3782.196 26.703 -20.294 885.315 -19.226 130.768 175.476 63.477 305.634 314.331 216.98 166.626 14.954 348.663 -4989.014 84.229 60.272 480.042 11.292 -12.512 567.627 60.577 200.195 221.863 138.397 -665.894 122.223 33.875 93.536 96.436 71.716 2510.986 2288.513 实验室 1 074
4438137 4839 2025/12/24 11:01:44 P13 0 0 0 0 0 0 0 77.667 177.002 655.212 13.58 223.694 127.716 3782.196 26.703 -20.294 885.315 -19.226 130.768 175.476 63.477 305.634 314.331 216.98 166.626 14.954 348.663 -4989.014 84.229 60.272 480.042 11.292 -12.512 567.627 60.577 200.195 221.863 138.397 -665.894 122.223 33.875 93.536 96.436 71.716 2510.986 2288.513 实验室 1 074
4438138 4839 2025/12/24 11:01:45 P13 0 0 0 0 0 0 0 77.667 177.002 655.212 13.58 223.694 127.716 3782.196 26.703 -20.294 885.315 -19.226 130.768 175.476 63.477 305.634 314.331 216.98 166.626 14.954 348.663 -4989.014 84.229 60.272 480.042 11.292 -12.512 567.627 60.577 200.195 221.863 138.397 -665.894 122.223 33.875 93.536 96.436 71.716 2510.986 2288.513 实验室 1 074
4438139 4839 2025/12/24 11:01:46 P13 0 0 0 0 0 0 0 78.278 177.307 654.755 13.886 222.626 127.106 3780.518 46.997 46.234 890.503 -17.09 130.615 175.476 64.24 305.176 314.484 216.98 166.473 15.411 348.663 -4992.676 48.981 60.73 485.84 10.529 -12.207 567.474 61.035 199.432 221.863 134.43 -667.267 122.528 33.569 97.046 95.215 72.479 2511.902 2291.412 实验室 1 074
4438140 4839 2025/12/24 11:01:47 P13 0 0 0 0 0 0 0 78.278 177.307 654.755 13.886 222.626 127.106 3780.518 46.997 46.234 890.503 -17.09 130.615 175.476 64.24 305.176 314.484 216.98 166.473 15.411 348.663 -4992.676 48.981 60.73 485.84 10.529 -12.207 567.474 61.035 199.432 221.863 134.43 -667.267 122.528 33.569 97.046 95.215 72.479 2511.902 2291.412 实验室 1 074
4438141 4839 2025/12/24 11:01:48 P13 0 0 0 0 0 0 0 77.667 176.392 655.06 14.038 221.252 127.106 3782.501 -3.51 -36.774 895.081 -18.921 129.852 175.629 64.087 305.786 314.636 216.37 166.626 15.259 348.969 -4989.472 56 61.34 508.423 11.444 -11.902 572.662 59.814 198.975 220.795 145.111 -666.657 122.223 34.332 86.517 98.114 74.158 2512.36 2289.429 实验室 1 074
4438142 4839 2025/12/24 11:01:49 P13 0 0 0 0 0 0 0 77.667 176.392 655.06 14.038 221.252 127.106 3782.501 -3.51 -36.774 895.081 -18.921 129.852 175.629 64.087 305.786 314.636 216.37 166.626 15.259 348.969 -4989.472 56 61.34 508.423 11.444 -11.902 572.662 59.814 198.975 220.795 145.111 -666.657 122.223 34.332 86.517 98.114 74.158 2512.36 2289.429 实验室 1 074
4438143 4839 2025/12/24 11:01:50 P13 0 0 0 0 0 0 0 77.82 176.392 654.755 14.191 220.947 126.038 3782.806 36.316 -95.062 883.484 -19.073 130.31 175.629 63.934 305.481 314.636 216.37 166.473 14.954 348.206 -4989.014 131.531 61.798 530.548 10.834 -12.054 566.406 59.967 198.212 220.947 135.498 -668.03 122.376 34.18 95.062 102.081 69.58 2511.444 2283.936 实验室 1 074
4438144 4839 2025/12/24 11:01:51 P13 0 0 0 0 0 0 0 77.82 176.392 654.755 14.191 220.947 126.038 3782.806 36.316 -95.062 883.484 -19.073 130.31 175.629 63.934 305.481 314.636 216.37 166.473 14.954 348.206 -4989.014 131.531 61.798 530.548 10.834 -12.054 566.406 59.967 198.212 220.947 135.498 -668.03 122.376 34.18 95.062 102.081 69.58 2511.444 2283.936 实验室 1 074
4438145 4839 2025/12/24 11:01:52 P13 0 0 0 0 0 0 0 77.82 176.392 654.755 14.191 220.947 126.038 3782.806 36.316 -95.062 883.484 -19.073 130.31 175.629 63.934 305.481 314.636 216.37 166.473 14.954 348.206 -4989.014 131.531 61.798 530.548 10.834 -12.054 566.406 59.967 198.212 220.947 135.498 -668.03 122.376 34.18 95.062 102.081 69.58 2511.444 2283.936 实验室 1 074
4438146 4839 2025/12/24 11:01:53 P13 0 0 0 0 0 0 0 77.057 176.849 653.229 14.191 219.574 125.732 3780.518 57.22 -37.231 897.98 -18.768 129.852 175.934 63.019 304.413 315.552 216.065 166.779 16.022 347.443 -4991.15 220.184 62.714 545.044 11.444 -11.749 566.254 59.967 198.212 220.49 137.482 -666.504 122.681 33.722 89.264 91.248 65.155 2511.597 2289.734 实验室 1 074
4438147 4839 2025/12/24 11:01:54 P13 0 0 0 0 0 0 0 77.057 176.849 653.229 14.191 219.574 125.732 3780.518 57.22 -37.231 897.98 -18.768 129.852 175.934 63.019 304.413 315.552 216.065 166.779 16.022 347.443 -4991.15 220.184 62.714 545.044 11.444 -11.749 566.254 59.967 198.212 220.49 137.482 -666.504 122.681 33.722 89.264 91.248 65.155 2511.597 2289.734 实验室 1 074
4438148 4839 2025/12/24 11:01:55 P13 0 0 0 0 0 0 0 77.209 176.697 652.618 13.58 218.811 126.343 3780.518 26.245 0.458 875.244 -19.073 129.547 176.239 62.561 304.718 315.094 215.607 166.473 15.564 348.663 -4991.303 193.024 61.34 502.472 11.902 -12.054 564.117 59.357 197.601 220.184 134.125 -667.114 121.765 33.569 81.177 99.792 70.19 2510.834 2289.276 实验室 1 074
4438149 4839 2025/12/24 11:01:56 P13 0 0 0 0 0 0 0 77.209 176.697 652.618 13.58 218.811 126.343 3780.518 26.245 0.458 875.244 -19.073 129.547 176.239 62.561 304.718 315.094 215.607 166.473 15.564 348.663 -4991.303 193.024 61.34 502.472 11.902 -12.054 564.117 59.357 197.601 220.184 134.125 -667.114 121.765 33.569 81.177 99.792 70.19 2510.834 2289.276 实验室 1 074
4438150 4839 2025/12/24 11:01:57 P13 0 0 0 0 0 0 0 77.057 176.697 652.161 13.58 218.353 125.732 3781.891 26.398 86.06 871.124 -18.616 129.852 175.324 63.019 304.413 315.094 216.217 166.626 14.954 347.9 -4987.488 217.285 60.425 528.107 10.986 -12.36 563.66 59.814 198.364 220.947 137.329 -666.504 121.765 33.875 97.046 95.52 63.477 2511.902 2287.445 实验室 1 074
4438151 4839 2025/12/24 11:01:58 P13 0 0 0 0 0 0 0 77.057 176.697 652.161 13.58 218.353 125.732 3781.891 26.398 86.06 871.124 -18.616 129.852 175.324 63.019 304.413 315.094 216.217 166.626 14.954 347.9 -4987.488 217.285 60.425 528.107 10.986 -12.36 563.66 59.814 198.364 220.947 137.329 -666.504 121.765 33.875 97.046 95.52 63.477 2511.902 2287.445 实验室 1 074
4438152 4839 2025/12/24 11:01:59 P13 0 0 0 0 0 0 0 77.057 176.697 652.161 13.58 218.353 125.732 3781.891 26.398 86.06 871.124 -18.616 129.852 175.324 63.019 304.413 315.094 216.217 166.626 14.954 347.9 -4987.488 217.285 60.425 528.107 10.986 -12.36 563.66 59.814 198.364 220.947 137.329 -666.504 121.765 33.875 97.046 95.52 63.477 2511.902 2287.445 实验室 1 074
4438153 4839 2025/12/24 11:02:00 P13 0 0 0 0 0 0 0 77.209 177.918 653.076 13.733 217.896 126.495 3781.128 35.095 8.24 888.214 -18.768 128.937 175.324 62.408 304.108 314.789 216.065 166.931 14.648 347.595 -4988.556 172.882 61.035 523.224 11.139 -12.207 564.27 59.052 197.449 220.032 135.803 -667.419 122.681 33.875 86.517 99.487 71.869 2511.139 2288.818 实验室 1 074
4438154 4839 2025/12/24 11:02:01 P13 0 0 0 0 0 0 0 77.209 177.918 653.076 13.733 217.896 126.495 3781.128 35.095 8.24 888.214 -18.768 128.937 175.324 62.408 304.108 314.789 216.065 166.931 14.648 347.595 -4988.556 172.882 61.035 523.224 11.139 -12.207 564.27 59.052 197.449 220.032 135.803 -667.419 122.681 33.875 86.517 99.487 71.869 2511.139 2288.818 实验室 1 074
4438155 4839 2025/12/24 11:02:02 P13 0 0 0 0 0 0 0 77.515 176.849 652.924 14.191 217.133 123.901 3782.959 13.428 107.117 889.893 -18.616 129.7 175.476 63.782 304.26 314.789 215.302 166.473 14.496 347.748 -4990.997 79.651 61.34 509.033 11.749 -11.444 562.744 59.204 196.686 219.879 134.583 -667.267 122.07 34.485 87.738 92.468 68.512 2512.054 2288.818 实验室 1 074
4438156 4839 2025/12/24 11:02:03 P13 0 0 0 0 0 0 0 77.515 176.849 652.924 14.191 217.133 123.901 3782.959 13.428 107.117 889.893 -18.616 129.7 175.476 63.782 304.26 314.789 215.302 166.473 14.496 347.748 -4990.997 79.651 61.34 509.033 11.749 -11.444 562.744 59.204 196.686 219.879 134.583 -667.267 122.07 34.485 87.738 92.468 68.512 2512.054 2288.818 实验室 1 074
4438157 4839 2025/12/24 11:02:04 P13 0 0 0 0 0 0 0 77.209 176.697 653.076 12.97 216.675 126.343 3780.365 54.474 81.177 889.74 -18.005 128.479 174.713 62.561 303.955 314.636 215.149 167.694 15.106 346.985 -4989.319 176.697 61.646 518.494 10.834 -12.207 562.134 60.272 197.754 220.032 133.514 -668.182 121.307 33.417 87.738 96.893 71.259 2511.139 2289.429 实验室 1 074
4438158 4839 2025/12/24 11:02:05 P13 0 0 0 0 0 0 0 77.209 176.697 653.076 12.97 216.675 126.343 3780.365 54.474 81.177 889.74 -18.005 128.479 174.713 62.561 303.955 314.636 215.149 167.694 15.106 346.985 -4989.319 176.697 61.646 518.494 10.834 -12.207 562.134 60.272 197.754 220.032 133.514 -668.182 121.307 33.417 87.738 96.893 71.259 2511.139 2289.429 实验室 1 074
4438159 4839 2025/12/24 11:02:06 P13 0 0 0 0 0 0 0 78.125 177.155 652.161 12.97 217.438 125.275 3782.349 14.191 -9.766 887.451 -18.616 129.089 176.392 62.866 304.108 314.484 214.996 166.473 14.801 347.595 -4988.251 120.087 62.561 524.292 10.986 -12.207 561.981 59.509 196.838 219.574 136.108 -666.809 121.765 33.569 85.754 96.436 70.953 2512.97 2288.818 实验室 1 074
4438160 4839 2025/12/24 11:02:07 P13 0 0 0 0 0 0 0 78.125 177.155 652.161 12.97 217.438 125.275 3782.349 14.191 -9.766 887.451 -18.616 129.089 176.392 62.866 304.108 314.484 214.996 166.473 14.801 347.595 -4988.251 120.087 62.561 524.292 10.986 -12.207 561.981 59.509 196.838 219.574 136.108 -666.809 121.765 33.569 85.754 96.436 70.953 2512.97 2288.818 实验室 1 074
4438161 4839 2025/12/24 11:02:08 P13 0 0 0 0 0 0 0 77.209 177.155 651.398 12.97 216.675 124.97 3782.196 27.313 15.106 889.74 -18.768 128.784 175.629 63.934 304.108 314.789 215.454 166.779 14.343 346.832 -4987.641 81.024 60.577 525.208 11.292 -12.054 561.676 59.204 196.686 219.116 134.277 -666.657 121.765 33.722 90.332 95.367 68.97 2511.139 2290.039 实验室 1 074
4438162 4839 2025/12/24 11:02:09 P13 0 0 0 0 0 0 0 77.209 177.155 651.398 12.97 216.675 124.97 3782.196 27.313 15.106 889.74 -18.768 128.784 175.629 63.934 304.108 314.789 215.454 166.779 14.343 346.832 -4987.641 81.024 60.577 525.208 11.292 -12.054 561.676 59.204 196.686 219.116 134.277 -666.657 121.765 33.722 90.332 95.367 68.97 2511.139 2290.039 实验室 1 074
4438163 4839 2025/12/24 11:02:10 P13 0 0 0 0 0 0 0 78.125 176.392 651.55 13.733 216.065 126.19 3782.654 14.954 54.932 885.315 -18.616 129.242 175.171 62.256 303.803 314.331 214.691 167.084 14.801 346.375 -4989.776 92.163 61.646 522.766 11.597 -11.749 560.608 58.899 196.381 219.421 133.82 -667.267 122.223 33.569 87.738 97.656 72.021 2511.749 2285.919 实验室 1 074
4438164 4839 2025/12/24 11:02:11 P13 0 0 0 0 0 0 0 77.209 176.392 651.55 13.275 216.37 125.275 3781.128 24.414 123.444 874.329 -18.311 129.7 175.324 63.324 304.26 313.568 215.302 166.016 14.954 346.832 -4988.708 101.166 61.646 541.229 11.902 -11.902 560.913 59.204 196.075 219.421 135.803 -667.114 121.307 34.027 79.498 95.978 66.834 2511.139 2288.971 实验室 1 074
4438165 4839 2025/12/24 11:02:12 P13 0 0 0 0 0 0 0 77.209 176.392 651.55 13.275 216.37 125.275 3781.128 24.414 123.444 874.329 -18.311 129.7 175.324 63.324 304.26 313.568 215.302 166.016 14.954 346.832 -4988.708 101.166 61.646 541.229 11.902 -11.902 560.913 59.204 196.075 219.421 135.803 -667.114 121.307 34.027 79.498 95.978 66.834 2511.139 2288.971 实验室 1 074
4438166 4839 2025/12/24 11:02:13 P13 0 0 0 0 0 0 0 76.447 177.002 651.093 13.428 215.759 125.427 3782.806 10.223 96.741 889.282 -17.7 129.395 175.476 62.561 303.497 314.484 215.149 166.321 14.954 346.832 -4990.54 158.234 62.561 531.921 10.834 -12.207 560.303 58.746 196.533 219.421 133.514 -667.114 121.918 33.722 90.332 95.215 67.596 2511.597 2288.361 实验室 1 074
4438167 4839 2025/12/24 11:02:14 P13 0 0 0 0 0 0 0 77.972 177.002 651.398 13.123 216.217 125.58 3780.823 61.798 41.962 887.146 -18.768 128.326 174.866 62.561 303.345 313.873 214.386 167.236 14.801 346.375 -4990.234 152.283 62.408 534.668 10.834 -12.054 559.692 58.594 196.228 218.811 134.277 -666.962 121.307 33.417 91.553 94.452 70.038 2511.597 2288.666 实验室 1 074
4438168 4839 2025/12/24 11:02:15 P13 0 0 0 0 0 0 0 78.43 177.002 650.94 13.58 214.844 124.97 3781.891 15.717 -57.526 887.146 -19.226 129.242 175.171 62.256 303.345 314.484 214.386 167.084 14.648 346.527 -4988.708 211.487 61.34 532.684 10.529 -12.054 559.845 59.357 196.075 218.658 136.719 -666.657 121.307 34.332 85.754 99.03 69.885 2510.681 2290.039 实验室 1 074
4438169 4839 2025/12/24 11:02:16 P13 0 0 0 0 0 0 0 78.43 177.002 650.94 13.58 214.844 124.97 3781.891 15.717 -57.526 887.146 -19.226 129.242 175.171 62.256 303.345 314.484 214.386 167.084 14.648 346.527 -4988.708 211.487 61.34 532.684 10.529 -12.054 559.845 59.357 196.075 218.658 136.719 -666.657 121.307 34.332 85.754 99.03 69.885 2510.681 2290.039 实验室 1 074
4438170 4839 2025/12/24 11:02:17 P13 0 0 0 0 0 0 0 77.057 177.155 650.94 13.733 214.691 125.275 3782.501 55.847 -9.155 885.162 -18.921 128.937 175.324 61.951 303.345 314.331 214.691 166.626 15.869 346.68 -4991.303 234.07 62.103 577.85 10.834 -12.054 559.387 58.746 195.923 219.421 134.43 -666.351 121.155 34.637 75.989 92.316 68.512 2511.444 2290.192 实验室 1 074
4438171 4839 2025/12/24 11:02:18 P13 0 0 0 0 0 0 0 78.125 177.918 650.482 13.428 214.691 125.427 3781.128 31.128 46.387 880.127 -18.005 129.242 175.171 60.577 303.192 314.179 215.149 167.389 14.954 346.68 -4988.861 207.52 63.324 530.701 11.292 -12.817 559.387 59.357 196.533 218.658 135.04 -664.978 120.85 33.875 81.635 99.182 74.005 2511.749 2287.445 实验室 1 074
4438172 4839 2025/12/24 11:02:19 P13 0 0 0 0 0 0 0 76.752 177.307 650.787 13.733 214.539 125.275 3781.128 46.082 42.419 866.852 -18.921 128.326 174.408 62.561 303.192 315.247 213.013 167.389 14.496 346.832 -4988.861 198.212 61.035 505.219 10.834 -10.986 558.472 59.357 195.77 218.201 133.057 -674.744 121.765 33.875 81.024 94.91 69.275 2511.597 2290.039 实验室 1 074
4438173 4839 2025/12/24 11:02:20 P13 0 0 0 0 0 0 0 77.057 177.612 650.635 13.428 215.149 125.122 3780.365 15.411 39.063 876.77 -18.463 128.632 174.713 61.951 303.65 314.484 215.149 166.779 14.801 346.069 -4987.335 205.078 61.035 508.423 10.681 -12.665 558.624 59.052 195.923 218.658 134.43 -666.809 121.46 33.264 87.128 94.147 70.038 2510.986 2285.919 实验室 1 074
4438174 4839 2025/12/24 11:02:21 P13 0 0 0 0 0 0 0 77.82 177.46 650.024 13.275 214.691 124.359 3780.975 81.024 31.128 882.721 -18.311 128.326 175.629 62.103 303.04 314.026 215.454 167.236 13.733 346.375 -4991.15 146.027 63.629 542.297 10.834 -12.207 558.472 58.594 194.702 217.743 132.599 -667.572 121.155 33.569 72.632 98.267 72.021 2510.834 2288.818 实验室 1 074
4438175 4839 2025/12/24 11:02:22 P13 0 0 0 0 0 0 0 77.515 177.155 650.177 13.275 213.928 125.122 3780.212 32.349 90.027 882.111 -18.921 127.869 175.171 63.019 303.497 314.179 213.776 166.779 14.648 346.069 -4990.845 74.921 61.646 530.396 10.834 -12.36 558.929 58.594 195.618 218.048 131.226 -667.267 121.155 33.569 82.092 97.656 68.359 2510.834 2283.478 实验室 1 074
4438176 4839 2025/12/24 11:02:23 P13 0 0 0 0 0 0 0 76.599 177.307 649.414 14.496 214.539 124.054 3782.043 12.054 100.708 879.517 -18.616 128.326 175.171 62.103 302.734 314.636 214.233 167.389 14.496 346.832 -4988.556 83.771 61.493 553.131 11.139 -11.902 557.251 59.509 195.007 218.048 133.209 -668.793 120.85 33.417 83.466 93.842 72.021 2511.749 2289.734 实验室 1 074
4438177 4839 2025/12/24 11:02:24 P13 0 0 0 0 0 0 0 77.515 177.002 649.872 13.886 214.233 125.122 3781.128 25.787 104.981 879.822 -19.531 129.089 175.171 62.408 303.192 314.026 213.776 167.542 14.801 346.832 -4989.624 84.229 63.324 534.973 10.376 -11.902 557.861 58.899 195.77 218.506 135.803 -667.877 121.307 33.569 89.417 92.316 73.853 2510.376 2291.26 实验室 1 074
4438178 4839 2025/12/24 11:02:25 P13 0 0 0 0 0 0 0 78.278 177.155 649.872 13.275 214.691 125.275 3779.602 34.637 3.815 881.5 -18.158 128.937 175.018 62.714 303.497 314.026 214.539 167.389 14.496 346.375 -4987.641 86.823 62.408 532.379 10.681 -11.749 557.404 58.899 195.16 218.201 133.972 -667.877 121.46 33.875 91.248 96.893 73.242 2510.986 2288.666 实验室 1 074
4438179 4839 2025/12/24 11:02:26 P13 0 0 0 0 0 0 0 76.752 177.765 649.414 13.123 213.928 125.122 3780.518 52.643 -11.139 874.481 -18.311 127.716 174.713 61.34 303.04 313.873 214.539 167.236 14.648 345.612 -4989.319 85.907 60.577 539.093 11.139 -12.512 557.404 59.814 194.855 217.896 133.209 -667.267 120.544 33.722 81.482 97.656 70.801 2512.207 2294.617 实验室 1 074
4438180 4839 2025/12/24 11:02:27 P13 0 0 0 0 0 0 0 78.125 176.849 649.567 14.496 214.081 125.122 3781.281 40.588 74.158 881.043 -18.921 128.632 175.324 62.256 303.345 314.026 214.081 166.931 13.733 346.527 -4988.098 101.318 61.951 542.297 10.986 -12.36 557.861 59.357 194.702 217.896 133.667 -667.419 121.155 33.569 87.28 99.182 68.054 2511.139 2289.734 实验室 1 074
4438181 4839 2025/12/24 11:02:28 P13 0 0 0 0 0 0 0 77.515 177.155 648.956 13.428 214.539 124.359 3780.212 12.054 17.09 866.089 -18.616 128.174 175.171 62.408 302.734 313.721 213.928 166.931 14.954 345.764 -4987.945 80.261 61.646 551.758 10.681 -12.36 557.404 59.052 194.397 217.59 133.667 -669.098 121.765 33.264 85.449 95.978 71.106 2510.681 2289.429 实验室 1 074
4438182 4839 2025/12/24 11:02:29 P13 0 0 0 0 0 0 0 77.667 178.223 649.262 13.58 213.623 125.275 3781.433 48.981 -12.054 880.89 -18.768 128.174 175.171 62.408 303.04 314.026 214.081 167.847 14.954 345.764 -4989.014 82.397 62.256 564.575 11.444 -11.749 557.098 59.052 195.618 217.285 133.82 -665.741 121.155 33.569 91.248 97.198 70.038 2512.054 2289.124 实验室 1 074
4438183 4839 2025/12/24 11:02:30 P13 0 0 0 0 0 0 0 77.057 177.918 648.804 13.58 214.081 124.664 3780.67 28.076 -15.259 869.904 -18.158 127.869 175.171 62.256 302.887 313.721 214.386 167.847 14.801 346.527 -4988.708 109.558 59.662 563.66 10.529 -12.207 557.556 59.052 194.855 218.048 133.667 -666.504 120.85 33.417 95.52 98.419 67.749 2510.529 2289.886 实验室 1 074
4438184 4839 2025/12/24 11:02:31 P13 0 0 0 0 0 0 0 77.362 177.46 649.719 13.275 213.623 122.986 3780.518 17.395 23.956 874.329 -18.616 128.937 176.849 61.798 302.734 314.026 211.639 167.084 14.801 346.68 -4991.303 134.583 62.866 574.188 11.749 -12.817 556.488 58.289 194.702 217.285 133.209 -666.504 120.392 34.027 90.942 103.302 69.427 2510.681 2290.192 实验室 1 074
4438185 4839 2025/12/24 11:02:32 P13 0 0 0 0 0 0 0 77.209 177.46 648.804 13.733 213.165 125.58 3780.212 44.098 5.188 880.127 -18.463 128.784 174.713 62.561 303.345 314.331 214.539 167.542 14.801 345.459 -4990.387 135.803 58.899 576.782 11.444 -12.512 556.03 58.746 194.397 217.438 135.498 -664.215 121.613 34.332 90.027 95.215 69.275 2511.597 2289.734 实验室 1 074
4438186 4839 2025/12/24 11:02:33 P13 0 0 0 0 0 0 0 77.209 178.375 648.193 13.275 213.928 125.275 3782.043 7.172 1.984 884.399 -17.853 127.564 174.866 62.408 303.04 314.026 214.844 166.931 14.496 345.459 -4991.607 161.133 61.34 579.681 11.139 -11.749 556.488 59.052 194.397 217.285 135.651 -667.267 120.239 34.027 88.196 100.098 68.817 2511.444 2289.124 实验室 1 074
4438187 4839 2025/12/24 11:02:34 P13 0 0 0 0 0 0 0 77.972 177.46 648.804 14.038 213.165 124.664 3780.823 35.4 12.36 891.266 -18.768 127.411 174.866 61.798 302.887 314.026 213.928 167.084 14.191 346.069 -4987.945 201.416 61.951 580.139 10.071 -11.292 555.725 58.594 194.55 217.59 134.43 -666.962 121.155 34.027 78.125 98.267 70.343 2510.529 2291.412 实验室 1 074
4438188 4839 2025/12/24 11:02:35 P13 0 0 0 0 0 0 0 77.972 177.46 648.804 14.038 213.165 124.664 3780.823 35.4 12.36 891.266 -18.768 127.411 174.866 61.798 302.887 314.026 213.928 167.084 14.191 346.069 -4987.945 201.416 61.951 580.139 10.071 -11.292 555.725 58.594 194.55 217.59 134.43 -666.962 121.155 34.027 78.125 98.267 70.343 2510.529 2291.412 实验室 1 074
4438189 4839 2025/12/24 11:02:36 P13 0 0 0 0 0 0 0 77.515 177.307 647.888 13.886 213.623 124.817 3782.349 -5.341 -6.256 890.503 -18.921 127.564 174.866 62.103 302.887 313.721 214.844 167.084 14.496 345.917 -4989.929 182.343 62.408 527.496 10.376 -11.902 555.573 59.204 194.244 217.285 131.378 -666.809 121.155 32.959 89.264 99.64 72.174 2512.512 2290.192 实验室 1 074
4438190 4839 2025/12/24 11:02:37 P13 0 0 0 0 0 0 0 77.515 177.918 648.193 13.733 214.233 124.97 3780.823 16.174 -45.471 879.211 -18.921 127.411 174.866 62.103 302.734 313.416 213.928 167.542 14.801 345.764 -4990.082 119.324 61.035 561.371 11.292 -12.36 555.725 58.441 194.244 216.827 132.599 -665.894 120.697 32.959 77.972 91.858 69.733 2510.681 2293.091 实验室 1 074
4438191 4839 2025/12/24 11:02:38 P13 0 0 0 0 0 0 0 75.531 177.46 648.499 13.123 213.318 125.122 3780.67 71.411 1.068 879.974 -18.311 128.326 174.866 61.646 302.734 313.721 213.623 167.389 14.343 345.612 -4988.251 115.662 61.188 580.75 10.986 -9.613 555.42 58.746 195.007 217.438 134.43 -666.504 120.392 33.722 86.975 96.436 69.122 2511.749 2291.87 实验室 1 074
4438192 4839 2025/12/24 11:02:39 P13 0 0 0 0 0 0 0 77.057 177.612 647.888 13.123 213.165 125.122 3781.738 34.79 18.463 879.822 -19.073 128.479 176.086 62.103 302.887 314.789 213.776 168.457 14.496 345.764 -4988.251 122.986 64.85 541.077 11.292 -12.054 554.81 58.746 194.092 216.827 134.43 -666.504 120.697 31.891 82.55 95.215 73.242 2511.292 2290.039 实验室 1 074
4438193 4839 2025/12/24 11:02:40 P13 0 0 0 0 0 0 0 76.904 177.307 648.804 13.58 212.555 123.596 3781.433 0.763 10.681 881.653 -18.768 127.564 175.476 61.493 302.887 313.568 213.776 167.542 14.954 345.764 -4989.776 95.367 61.646 581.818 10.986 -11.139 554.199 58.746 194.397 216.522 131.836 -666.962 120.544 33.112 75.836 92.773 68.512 2510.986 2289.734 实验室 1 074
4438194 4839 2025/12/24 11:02:41 P13 0 0 0 0 0 0 0 77.82 178.07 648.193 13.428 212.097 124.207 3782.806 31.738 -30.67 884.552 -18.768 127.411 175.018 61.34 302.124 313.721 214.386 167.389 14.648 345.764 -4987.793 62.103 62.866 581.818 11.597 -12.36 554.504 58.899 193.787 216.522 135.04 -667.572 120.392 34.18 77.209 99.03 74.615 2511.292 2291.718 实验室 1 074
4438195 4839 2025/12/24 11:02:42 P13 0 0 0 0 0 0 0 77.362 177.918 648.651 13.275 213.013 124.512 3779.907 43.335 73.547 867.462 -18.005 127.716 175.018 61.646 302.124 314.026 213.165 166.626 14.496 345.154 -4991.607 70.19 62.408 559.54 11.139 -12.665 554.047 59.052 193.939 216.98 133.82 -666.199 120.85 33.417 86.365 96.893 72.174 2510.071 2289.429 实验室 1 074
4438196 4839 2025/12/24 11:02:43 P13 0 0 0 0 0 0 0 77.057 177.307 648.193 13.733 212.555 124.664 3779.907 33.569 88.043 883.789 -18.616 127.564 175.781 61.951 302.887 313.11 213.623 167.236 15.259 345.612 -4988.556 96.283 61.951 519.257 11.139 -11.749 554.504 58.441 193.787 216.675 135.803 -669.098 120.392 33.264 84.076 89.722 70.648 2508.545 2289.734 实验室 1 074
4438197 4839 2025/12/24 11:02:44 P13 0 0 0 0 0 0 0 77.209 178.833 647.43 13.428 211.334 124.512 3780.518 30.365 80.109 882.416 -17.853 127.716 174.866 61.493 302.887 312.653 213.928 167.542 14.954 345.001 -4987.793 83.618 59.967 541.992 11.139 -12.512 554.199 59.204 193.481 216.522 131.683 -667.725 120.239 33.112 78.888 99.182 72.174 2511.902 2289.429 实验室 1 074
4438198 4839 2025/12/24 11:02:45 P13 0 0 0 0 0 0 0 74.463 177.46 648.193 13.733 212.708 124.512 3782.654 32.959 -54.932 879.059 -18.768 128.174 175.781 61.646 303.345 313.568 213.165 167.084 14.496 346.375 -4989.014 69.275 61.798 551.605 11.292 -12.512 553.131 58.746 193.329 216.37 131.989 -667.419 120.85 33.569 83.16 96.13 69.427 2508.85 2290.039 实验室 1 074
4438199 4839 2025/12/24 11:02:46 P13 0 0 0 0 0 0 0 77.057 177.307 647.43 12.97 212.097 124.054 3781.433 80.261 3.967 888.825 -18.921 127.716 175.324 61.646 302.124 314.026 213.471 167.694 15.869 345.764 -4989.624 59.509 60.425 556.641 11.444 -11.902 553.284 58.136 193.329 216.37 133.362 -665.894 120.392 33.722 84.076 98.877 71.411 2510.681 2290.802 实验室 1 074
4438200 4839 2025/12/24 11:02:47 P13 0 0 0 0 0 0 0 77.972 177.765 646.973 14.191 212.555 123.749 3781.281 45.929 -9.155 883.331 -18.616 127.716 174.866 61.34 302.734 313.11 213.318 166.931 14.191 345.459 -4991.455 124.97 61.493 560.455 10.986 -12.36 553.436 58.746 193.634 216.675 133.82 -666.657 120.85 33.112 81.482 101.166 75.684 2511.444 2288.818 实验室 1 074
4438201 4839 2025/12/24 11:02:48 P13 0 0 0 0 0 0 0 77.515 177.765 646.362 13.428 212.402 124.664 3782.654 14.801 -6.256 877.991 -18.768 127.411 175.781 61.493 302.277 313.873 213.013 167.542 14.648 345.459 -4987.793 144.501 61.188 565.338 10.834 -12.36 552.826 57.983 193.329 216.37 131.836 -666.809 119.934 34.18 94.299 94.91 68.054 2511.902 2291.565 实验室 1 074
4438202 4839 2025/12/24 11:02:49 P13 0 0 0 0 0 0 0 77.209 177.155 646.668 13.886 211.639 124.512 3783.417 18.463 -9.155 888.519 -18.616 127.106 174.866 61.951 302.887 313.11 213.013 167.236 14.343 345.917 -4988.098 173.035 61.34 567.78 11.139 -11.444 553.131 57.983 193.176 216.065 134.888 -666.046 120.392 33.569 90.179 94.604 65.613 2510.681 2289.581 实验室 1 074
4438203 4839 2025/12/24 11:02:50 P13 0 0 0 0 0 0 0 77.209 177.612 646.515 14.343 211.945 125.122 3781.891 36.926 -74.921 877.075 -18.311 128.479 175.018 61.951 302.124 313.11 213.165 167.084 14.801 345.154 -4988.251 187.683 61.035 586.548 11.139 -12.36 552.521 58.289 192.871 216.217 137.177 -666.962 120.239 34.18 81.94 90.179 68.359 2511.597 2289.276 实验室 1 074
4438204 4839 2025/12/24 11:02:51 P13 0 0 0 0 0 0 0 77.362 177.155 646.362 13.58 211.792 124.664 3780.823 61.035 66.528 879.517 -18.921 127.411 175.171 61.34 303.04 312.958 213.165 167.389 14.954 345.306 -4991.913 212.25 60.425 582.581 11.139 -12.36 552.673 57.831 192.871 216.675 133.82 -667.114 119.629 33.417 79.956 89.722 68.97 2512.36 2289.734 实验室 1 074
4438205 4839 2025/12/24 11:02:52 P13 0 0 0 0 0 0 0 76.904 177.918 646.515 13.123 211.639 123.749 3780.67 15.869 112.763 877.228 -17.7 127.716 175.324 61.035 301.971 313.263 213.013 166.473 14.954 345.001 -4988.708 177.918 62.256 582.886 10.986 -12.665 552.368 58.289 193.024 214.386 133.057 -667.114 120.239 33.569 88.654 85.602 69.122 2511.139 2289.581 实验室 1 074
4438206 4839 2025/12/24 11:02:53 P13 0 0 0 0 0 0 0 77.209 177.612 646.515 13.275 211.639 125.122 3782.349 34.18 123.749 877.38 -18.768 127.258 175.781 61.798 302.429 313.263 213.165 166.931 15.411 345.154 -4989.929 167.236 61.188 568.237 12.207 -12.665 551.758 58.289 192.719 215.912 132.294 -666.046 120.239 33.875 96.436 93.384 69.427 2511.597 2290.039 实验室 1 074
4438207 4839 2025/12/24 11:02:54 P13 0 0 0 0 0 0 0 76.752 177.002 646.973 12.97 212.402 124.512 3782.196 9.46 127.869 868.683 -14.038 126.953 174.866 61.646 302.277 313.11 212.708 167.389 14.496 345.764 -4988.708 155.182 61.798 578.919 15.411 -11.749 551.91 57.068 192.566 215.149 135.04 -665.741 120.087 34.18 91.248 88.501 69.58 2511.902 2291.107 实验室 1 074
4438208 4839 2025/12/24 11:02:55 P13 0 0 0 0 0 0 0 76.447 177.765 645.752 13.886 212.708 124.207 3782.043 64.697 192.413 878.143 -18.311 127.411 174.866 60.73 301.819 313.416 213.776 165.558 14.343 344.849 -4988.708 126.953 60.577 584.106 11.292 -12.207 551.148 58.899 193.024 215.607 134.277 -666.199 120.239 33.264 98.419 95.062 66.986 2511.902 2288.055 实验室 1 074
4438209 4839 2025/12/24 11:02:56 P13 0 0 0 0 0 0 0 77.209 177.307 645.752 13.733 211.334 124.512 3781.738 46.234 167.084 879.211 -18.768 128.021 174.713 62.408 302.277 313.263 213.013 167.084 14.954 345.459 -4991.303 114.594 61.188 531.006 11.597 -13.275 551.758 57.526 193.176 215.759 132.141 -666.504 119.934 34.027 80.872 92.163 70.19 2510.834 2282.104 实验室 1 074
4438210 4839 2025/12/24 11:02:57 P13 0 0 0 0 0 0 0 76.904 177.307 645.905 13.123 211.792 124.359 3781.891 28.534 110.474 869.446 -18.158 127.106 174.866 60.883 302.277 312.653 212.555 167.694 15.717 344.696 -4988.251 104.981 62.256 532.837 10.376 -12.36 551.148 57.068 192.413 215.454 131.989 -666.046 119.782 33.875 88.806 95.673 71.564 2512.817 2291.565 实验室 1 074
4438211 4839 2025/12/24 11:02:58 P13 0 0 0 0 0 0 0 77.362 177.155 646.057 13.733 211.945 123.901 3782.806 -20.142 9.308 886.688 -19.073 127.106 174.713 60.883 302.277 312.958 212.402 167.236 13.733 345.306 -4990.387 106.964 62.256 535.889 10.834 -11.597 550.995 59.509 192.871 214.996 131.226 -665.894 119.782 33.417 93.689 96.436 70.801 2512.207 2285.919 实验室 1 074
4438212 4839 2025/12/24 11:02:59 P13 0 0 0 0 0 0 0 76.752 177.307 645.142 14.038 211.182 124.512 3780.212 35.553 -62.408 881.653 -18.463 128.021 175.018 62.256 302.277 313.263 213.318 167.389 14.343 344.849 -4987.793 145.874 63.782 582.581 11.139 -12.054 550.385 58.289 192.261 215.912 131.531 -668.03 119.934 33.264 79.041 91.095 69.58 2509.918 2289.886 实验室 1 074
4438213 4839 2025/12/24 11:03:00 P13 0 0 0 0 0 0 0 77.667 176.697 646.057 13.428 211.639 124.207 3780.212 29.755 -131.531 878.601 -18.768 127.106 175.781 60.883 302.124 313.873 213.013 167.236 14.648 345.459 -4988.098 172.272 61.035 617.218 11.749 -12.36 551.453 58.289 192.108 215.149 132.599 -666.809 119.782 33.417 93.689 95.673 71.716 2510.834 2295.227 实验室 1 074
4438214 4839 2025/12/24 11:03:01 P13 0 0 0 0 0 0 0 77.057 177.307 645.447 12.97 211.182 124.817 3781.281 37.842 -145.264 871.277 -18.616 127.106 175.781 61.188 302.277 313.568 212.86 167.389 15.106 344.849 -4988.098 197.601 61.646 566.101 10.834 -12.665 550.69 58.136 192.871 214.996 131.989 -666.657 119.934 33.569 85.449 96.436 68.97 2510.834 2289.886 实验室 1 074
4438215 4839 2025/12/24 11:03:02 P13 0 0 0 0 0 0 0 77.82 177.918 645.142 14.801 209.808 123.291 3781.433 -13.275 -30.823 877.228 -18.311 127.106 174.561 61.34 302.124 312.653 213.013 167.084 15.564 344.849 -4988.861 219.269 61.035 572.968 10.681 -12.054 550.537 58.289 192.108 215.149 130.768 -665.588 120.85 32.959 86.67 95.825 66.528 2511.749 2292.328 实验室 1 074
4438216 4839 2025/12/24 11:03:03 P13 0 0 0 0 0 0 0 77.209 177.765 644.836 13.123 211.639 124.512 3780.67 0.61 -40.588 867.31 -18.005 126.801 174.713 60.883 301.819 312.5 212.555 167.389 13.58 344.696 -4991.303 214.996 60.73 591.126 10.834 -12.512 550.079 58.594 192.413 214.844 130.768 -666.504 119.324 33.722 83.618 96.588 71.259 2510.681 2290.344 实验室 1 074
4438217 4839 2025/12/24 11:03:04 P13 0 0 0 0 0 0 0 76.752 177.002 645.142 13.275 211.029 123.901 3781.891 51.88 -32.959 869.141 -18.768 127.258 175.171 60.73 301.819 312.958 212.25 167.084 15.106 344.696 -4989.624 180.664 62.256 579.987 10.681 -12.36 549.316 58.594 192.413 215.149 130.005 -665.894 119.782 34.027 79.041 94.299 67.291 2511.597 2290.802 实验室 1 074
4438218 4839 2025/12/24 11:03:05 P13 0 0 0 0 0 0 0 77.057 177.307 644.989 13.733 211.029 123.138 3780.67 38.605 -18.463 879.822 -18.005 127.716 174.255 60.73 302.277 314.026 212.555 167.389 14.648 345.154 -4989.014 215.302 61.035 581.36 10.223 -12.512 549.469 58.441 192.108 214.844 131.378 -664.673 119.782 33.417 77.82 98.267 69.275 2511.749 2289.124 实验室 1 074
4438219 4839 2025/12/24 11:03:06 P13 0 0 0 0 0 0 0 77.057 177.46 646.21 13.428 210.877 122.528 3780.365 43.945 27.618 871.429 -18.311 127.106 175.171 61.798 302.277 312.958 212.402 166.779 14.648 344.849 -4987.793 167.084 59.357 582.581 10.681 -12.207 548.859 57.526 191.803 214.844 131.989 -665.588 119.629 33.722 81.177 93.536 69.885 2510.681 2285.767 实验室 1 074
4438220 4839 2025/12/24 11:03:07 P13 0 0 0 0 0 0 0 77.057 177.46 646.21 13.428 210.877 122.528 3780.365 43.945 27.618 871.429 -18.311 127.106 175.171 61.798 302.277 312.958 212.402 166.779 14.648 344.849 -4987.793 167.084 59.357 582.581 10.681 -12.207 548.859 57.526 191.803 214.844 131.989 -665.588 119.629 33.722 81.177 93.536 69.885 2510.681 2285.767 实验室 1 074
4438221 4839 2025/12/24 11:03:08 P13 0 0 0 0 0 0 0 77.515 177.46 645.447 12.97 211.639 123.749 3782.043 53.253 39.825 874.786 -17.7 125.885 175.629 61.188 301.971 312.653 212.097 166.931 15.259 345.001 -4988.556 176.239 60.73 566.559 11.139 -12.36 549.164 57.678 192.566 214.996 132.294 -666.046 119.629 32.959 82.703 93.842 73.547 2511.292 2288.208 实验室 1 074
4438222 4839 2025/12/24 11:03:09 P13 0 0 0 0 0 0 0 77.362 177.46 644.379 13.428 210.419 123.596 3781.433 15.259 37.689 884.247 -18.768 126.953 175.018 61.035 301.209 312.805 212.555 166.931 14.343 345.154 -4991.303 194.397 61.951 569.153 11.139 -11.902 548.859 58.289 191.956 214.233 133.362 -666.351 119.934 33.722 93.842 98.419 72.174 2510.986 2289.429 实验室 1 074
4438223 4839 2025/12/24 11:03:10 P13 0 0 0 0 0 0 0 77.362 177.765 645.142 14.191 211.029 122.986 3781.433 43.488 54.321 882.874 -18.463 126.648 174.866 61.798 302.429 313.11 212.86 166.931 14.496 344.849 -4988.708 169.067 59.357 582.733 11.444 -11.444 549.316 57.983 191.498 213.776 133.209 -666.351 119.476 33.417 68.512 99.03 68.665 2512.054 2290.497 实验室 1 074
4438224 4839 2025/12/24 11:03:11 P13 0 0 0 0 0 0 0 76.752 177.612 644.531 14.343 209.961 124.207 3782.349 38.757 135.193 880.28 -18.311 126.343 174.408 61.646 301.971 312.5 212.708 166.931 14.801 344.391 -4987.793 117.645 61.646 585.632 11.292 -11.597 549.011 57.678 191.956 214.233 131.836 -665.588 119.782 32.959 77.362 97.198 76.294 2511.749 2288.666 实验室 1 074
4438225 4839 2025/12/24 11:03:12 P13 0 0 0 0 0 0 0 76.447 177.765 644.531 13.275 210.419 124.207 3780.823 64.85 -6.714 886.993 -18.158 127.106 174.408 60.272 301.819 312.347 212.555 167.389 14.191 344.544 -4988.403 57.983 62.866 604.858 10.681 -12.207 549.774 58.594 191.803 214.081 131.531 -666.199 119.476 33.264 81.177 95.825 69.427 2512.054 2288.513 实验室 1 074
4438226 4839 2025/12/24 11:03:13 P13 0 0 0 0 0 0 0 77.82 178.375 644.836 14.191 210.724 123.596 3781.281 11.749 -59.814 893.707 -18.921 126.343 174.866 60.577 301.361 312.042 212.402 167.542 14.343 344.544 -4988.098 54.626 62.103 587.616 10.681 -12.665 547.028 57.068 191.345 213.928 135.346 -667.419 120.239 33.875 86.67 96.893 73.09 2510.681 2296.6 实验室 1 074
4438227 4839 2025/12/24 11:03:14 P13 0 0 0 0 0 0 0 77.209 177.46 645.294 13.428 210.114 123.596 3782.196 12.207 -100.25 874.023 -18.311 126.19 175.018 61.951 302.582 312.347 212.097 167.236 14.343 345.459 -4990.845 89.569 60.577 567.932 10.986 -12.512 548.096 57.983 191.498 213.928 131.226 -668.182 119.476 33.112 77.82 95.52 69.733 2511.749 2290.192 实验室 1 074
4438228 4839 2025/12/24 11:03:15 P13 0 0 0 0 0 0 0 77.972 178.375 644.226 13.275 211.334 124.054 3782.043 34.027 -23.193 883.789 -18.616 126.038 174.866 61.188 301.666 311.89 213.013 167.694 14.648 344.544 -4987.183 107.88 61.188 544.586 10.376 -12.207 548.248 57.526 191.193 214.386 130.768 -666.657 119.629 32.806 77.209 93.536 74.005 2511.139 2289.124 实验室 1 074
4438229 4839 2025/12/24 11:03:16 P13 0 0 0 0 0 0 0 77.362 177.765 643.921 13.428 209.961 123.444 3780.212 -6.256 26.398 881.043 -18.158 126.495 174.713 60.425 301.971 312.5 213.013 167.084 15.259 344.238 -4991.607 127.411 50.354 553.894 12.207 -12.665 548.401 57.373 190.888 214.386 130.92 -667.572 119.324 33.264 80.109 95.367 64.392 2511.292 2290.039 实验室 1 074
4438230 4839 2025/12/24 11:03:17 P13 0 0 0 0 0 0 0 77.057 178.07 644.531 12.97 210.724 123.596 3780.518 86.823 122.223 879.517 -18.921 125.885 175.018 61.646 301.666 313.416 212.097 166.473 14.191 345.306 -4989.776 154.419 63.324 568.237 10.223 -11.902 547.333 58.746 190.888 213.928 138.702 -666.046 119.934 33.264 92.773 89.569 67.444 2511.749 2290.344 实验室 1 074
4438231 4839 2025/12/24 11:03:18 P13 0 0 0 0 0 0 0 77.057 178.223 643.311 13.275 210.724 122.376 3780.975 55.084 121.155 867.92 -17.7 126.19 175.476 59.662 301.056 312.042 213.165 167.389 14.343 344.238 -4989.014 85.144 61.035 568.237 10.834 -12.207 548.096 58.136 191.04 213.165 129.7 -666.199 119.171 33.264 83.923 91.553 65.613 2511.139 2288.361 实验室 1 074
4438232 4839 2025/12/24 11:03:19 P13 0 0 0 0 0 0 0 76.904 177.46 643.616 13.123 209.961 124.054 3783.417 73.09 61.798 868.073 -17.853 126.953 175.018 61.035 301.514 312.195 212.402 167.542 14.801 344.696 -4991.455 67.291 61.493 590.057 10.834 -12.817 547.18 57.831 191.65 214.539 129.395 -665.894 119.171 33.875 74.463 95.52 68.665 2512.207 2287.14 实验室 1 074
4438233 4839 2025/12/24 11:03:20 P13 0 0 0 0 0 0 0 77.057 177.155 643.768 13.733 209.961 123.291 3780.365 14.038 48.065 872.04 -17.7 126.953 175.018 60.577 301.819 312.805 212.25 168.304 15.259 343.475 -4989.624 49.896 61.646 597.687 10.529 -13.275 547.485 57.831 191.04 213.776 129.395 -666.809 119.019 34.485 83.618 96.588 69.275 2510.529 2291.412 实验室 1 074
4438234 4839 2025/12/24 11:03:21 P13 0 0 0 0 0 0 0 77.972 178.223 643.463 13.733 210.571 122.986 3780.823 34.485 -44.25 880.432 -18.463 126.343 174.866 60.577 301.209 312.347 212.402 167.542 14.496 344.544 -4989.929 35.858 61.035 630.646 10.681 -12.054 547.18 57.983 190.735 213.776 130.615 -668.945 119.629 33.112 90.485 93.842 69.275 2511.139 2288.818 实验室 1 074
4438235 4839 2025/12/24 11:03:22 P13 0 0 0 0 0 0 0 77.362 177.918 643.616 13.428 210.877 123.291 3781.433 14.191 -41.351 879.669 -18.616 126.038 174.561 60.883 301.514 312.195 213.013 167.389 14.343 344.086 -4988.556 20.905 59.509 583.496 10.376 -12.36 549.316 57.831 190.735 213.471 131.836 -665.741 119.324 33.264 81.94 94.757 66.528 2510.986 2288.361 实验室 1 074
4438236 4839 2025/12/24 11:03:23 P13 0 0 0 0 0 0 0 76.752 177.002 643.158 14.343 210.114 123.596 3781.128 13.58 -83.008 868.988 -17.7 126.038 174.561 61.34 302.124 312.347 211.792 166.931 14.343 344.086 -4987.793 23.804 60.272 579.834 9.918 -11.597 547.028 57.983 190.277 213.776 129.7 -666.351 120.239 32.959 80.109 94.91 69.122 2510.834 2290.802 实验室 1 074
4438237 4839 2025/12/24 11:03:24 P13 0 0 0 0 0 0 0 77.515 177.765 643.158 13.733 210.419 123.596 3780.518 53.711 -110.626 880.585 -17.853 125.732 175.018 60.12 301.056 312.347 212.708 167.542 14.801 344.238 -4988.403 5.341 62.408 583.496 10.681 -12.512 545.96 57.678 190.735 213.471 131.378 -665.283 119.171 32.043 90.027 95.825 63.782 2510.834 2289.429 实验室 1 074
4438238 4839 2025/12/24 11:03:25 P13 0 0 0 0 0 0 0 76.752 177.765 642.7 16.479 209.503 123.596 3781.281 7.172 -136.261 872.04 -18.311 126.801 174.866 60.272 301.361 311.89 211.639 166.779 14.648 344.238 -4991.303 1.831 63.019 589.905 11.444 -12.207 547.18 57.831 190.735 213.928 129.395 -665.131 119.019 33.264 75.989 88.043 69.275 2511.902 2290.344 实验室 1 074
4438239 4839 2025/12/24 11:03:26 P13 0 0 0 0 0 0 0 77.209 178.986 642.548 12.512 210.419 123.596 3782.654 37.994 -67.902 877.991 -18.616 126.038 174.866 61.646 302.277 311.432 212.097 167.389 14.191 344.238 -4989.014 16.785 61.035 633.85 10.681 -11.902 545.349 57.831 189.972 213.165 131.226 -665.894 119.019 33.264 93.231 91.248 72.784 2511.597 2291.87 实验室 1 074
4438240 4839 2025/12/24 11:03:27 P13 0 0 0 0 0 0 0 77.057 177.46 642.853 13.733 209.961 123.901 3781.433 -4.883 89.569 882.263 -18.768 128.326 175.324 60.12 301.666 312.653 211.639 167.084 15.259 344.086 -4987.641 12.97 60.883 595.856 11.444 -11.902 545.349 57.678 190.43 213.318 131.378 -662.842 119.324 33.569 84.991 92.468 68.97 2510.986 2293.396 实验室 1 074
4438241 4839 2025/12/24 11:03:28 P13 0 0 0 0 0 0 0 76.752 177.612 642.548 13.733 209.961 122.681 3782.349 27.466 157.013 863.19 -19.073 126.19 175.171 60.883 301.361 312.347 211.639 166.931 15.106 344.849 -4989.472 52.948 59.662 594.482 10.986 -12.207 545.807 57.068 190.277 213.165 129.7 -666.199 119.171 33.112 78.43 90.942 77.667 2513.58 2287.598 实验室 1 074
4438242 4839 2025/12/24 11:03:29 P13 0 0 0 0 0 0 0 77.515 177.918 642.242 13.58 209.961 123.596 3780.823 36.011 133.82 873.413 -18.158 126.19 174.866 59.967 300.751 311.89 212.708 167.999 13.886 343.933 -4987.335 56.458 60.577 589.905 10.223 -12.36 545.197 58.746 189.972 212.86 128.784 -665.436 119.019 32.959 96.283 93.384 69.122 2511.292 2289.124 实验室 1 074
4438243 4839 2025/12/24 11:03:30 P13 0 0 0 0 0 0 0 77.209 178.223 641.48 12.97 209.503 122.528 3781.281 52.948 102.387 872.955 -18.616 126.495 174.561 59.814 301.666 312.195 211.792 167.084 14.343 345.154 -4989.624 57.831 59.967 571.442 10.834 -12.207 545.807 57.983 190.735 213.623 129.395 -666.046 119.019 34.18 86.517 93.079 69.122 2511.444 2286.835 实验室 1 074
4438244 4839 2025/12/24 11:03:31 P13 0 0 0 0 0 0 0 76.752 177.46 642.09 13.428 209.961 123.596 3780.518 65.308 32.501 874.786 -18.311 126.038 174.561 61.035 300.903 311.432 212.097 167.542 14.954 343.781 -4988.861 68.97 61.646 587.616 10.681 -12.665 544.891 57.983 190.735 213.165 129.7 -666.809 119.171 33.264 82.245 96.588 73.547 2511.597 2294.617 实验室 1 074
4438245 4839 2025/12/24 11:03:32 P13 0 0 0 0 0 0 0 77.362 178.223 642.395 13.123 210.266 123.444 3781.586 39.978 85.449 872.04 -18.616 125.885 174.103 60.425 301.514 311.737 212.25 167.694 14.038 343.933 -4989.624 58.594 62.714 599.365 10.834 -12.054 544.586 58.136 188.599 213.013 129.547 -666.657 119.019 33.569 87.128 93.384 67.444 2512.207 2290.344 实验室 1 074
4438246 4839 2025/12/24 11:03:33 P13 0 0 0 0 0 0 0 77.515 177.918 642.548 13.733 209.656 122.986 3782.959 20.294 32.196 873.413 -18.921 126.038 174.866 61.035 301.361 311.432 211.487 167.084 14.343 344.086 -4987.945 52.338 59.662 603.18 11.597 -11.444 544.586 57.373 189.667 212.86 131.683 -666.504 119.019 32.959 86.365 97.656 69.733 2512.512 2291.26 实验室 1 074
4438247 4839 2025/12/24 11:03:34 P13 0 0 0 0 0 0 0 77.362 177.765 642.09 13.733 209.808 122.833 3781.891 25.635 -56.305 872.955 -18.311 126.343 174.408 59.967 301.056 312.042 211.487 167.084 14.191 343.781 -4987.488 -17.7 58.746 620.728 10.986 -11.444 544.128 58.289 190.277 212.555 129.547 -666.199 119.782 33.264 83.771 99.487 71.716 2511.902 2286.682 实验室 1 074
4438248 4839 2025/12/24 11:03:35 P13 0 0 0 0 0 0 0 77.362 178.375 642.395 13.428 209.961 122.986 3780.212 60.272 -41.046 877.533 -18.463 125.732 173.798 59.814 301.361 311.737 211.792 167.694 14.191 344.086 -4987.793 -11.444 60.73 608.826 10.376 -12.36 544.739 57.526 190.125 212.86 129.547 -667.267 118.713 33.417 80.261 97.351 70.038 2510.376 2289.429 实验室 1 074
4438249 4839 2025/12/24 11:03:36 P13 0 0 0 0 0 0 0 77.362 177.612 641.327 12.97 209.045 122.986 3781.281 71.869 -6.866 883.789 -18.463 125.122 174.561 61.035 301.666 312.347 211.182 167.084 14.343 345.001 -4990.082 71.869 59.662 604.096 11.292 -10.986 543.823 57.068 189.362 212.402 127.564 -667.419 118.561 32.806 87.738 94.147 71.106 2511.902 2286.072 实验室 1 074
4438250 4839 2025/12/24 11:03:37 P13 0 0 0 0 0 0 0 76.752 177.765 641.632 12.97 209.351 122.986 3780.823 50.659 7.782 888.672 -18.158 126.19 174.713 59.814 300.14 312.042 211.792 167.389 14.801 344.849 -4987.335 91.095 61.646 601.502 12.36 -12.665 544.434 57.068 189.819 213.318 128.784 -666.199 118.713 34.027 86.823 97.504 70.648 2511.139 2291.565 实验室 1 074
4438251 4839 2025/12/24 11:03:38 P13 0 0 0 0 0 0 0 76.752 177.765 641.632 12.97 209.351 122.986 3780.823 50.659 7.782 888.672 -18.158 126.19 174.713 59.814 300.14 312.042 211.792 167.389 14.801 344.849 -4987.335 91.095 61.646 601.502 12.36 -12.665 544.434 57.068 189.819 213.318 128.784 -666.199 118.713 34.027 86.823 97.504 70.648 2511.139 2291.565 实验室 1 074
4438252 4839 2025/12/24 11:03:39 P13 0 0 0 0 0 0 0 76.752 178.07 642.242 13.428 209.503 122.833 3780.67 25.177 39.52 881.958 -22.125 126.343 174.408 59.967 301.209 311.279 211.334 167.389 14.343 344.544 -4991.913 120.239 62.103 585.938 11.444 -14.191 544.281 57.678 189.819 212.097 130.615 -665.894 119.019 32.959 87.128 93.384 65.765 2511.292 2288.055 实验室 1 074
4438253 4839 2025/12/24 11:03:40 P13 0 0 0 0 0 0 0 77.209 177.765 641.48 13.123 209.503 122.376 3780.67 -15.411 80.872 874.786 -18.616 125.732 173.95 60.272 301.819 311.432 211.182 167.542 14.496 344.238 -4989.624 83.16 58.289 594.177 10.834 -11.902 543.671 56.458 188.599 212.555 130.463 -666.199 118.713 33.569 82.245 94.757 71.259 2510.834 2289.276 实验室 1 074
4438254 4839 2025/12/24 11:03:41 P13 0 0 0 0 0 0 0 77.057 178.68 641.937 14.648 208.893 122.986 3781.433 43.488 -42.114 887.756 -18.311 125.732 174.103 60.12 300.598 311.89 211.945 166.931 15.564 344.086 -4988.861 88.654 62.256 610.657 10.529 -11.444 543.366 58.136 189.514 212.555 130.768 -666.199 118.866 34.18 96.741 89.874 70.038 2511.139 2287.903 实验室 1 074
4438255 4839 2025/12/24 11:03:42 P13 0 0 0 0 0 0 0 76.904 177.918 641.632 14.038 209.503 122.528 3780.823 -11.292 -53.101 879.822 -18.768 127.106 174.103 60.73 301.056 311.127 211.029 167.389 14.191 344.238 -4990.387 128.021 63.477 604.248 11.444 -13.123 543.518 57.678 189.362 212.555 127.869 -665.588 118.866 33.112 84.991 89.874 69.885 2511.597 2289.276 实验室 1 074
4438256 4839 2025/12/24 11:03:43 P13 0 0 0 0 0 0 0 78.125 177.918 641.022 14.038 208.588 122.376 3783.264 2.899 -104.523 879.059 -18.158 125.58 175.476 59.357 301.209 311.432 211.639 166.931 14.038 343.323 -4988.556 147.553 58.746 588.379 10.376 -12.97 542.908 57.373 189.209 212.555 129.7 -665.588 119.629 33.417 89.417 95.52 70.343 2511.597 2291.107 实验室 1 074
4438257 4839 2025/12/24 11:03:44 P13 0 0 0 0 0 0 0 77.362 177.002 641.785 13.58 209.351 123.138 3781.281 32.959 -145.264 871.429 -18.158 125.427 175.781 59.357 301.209 311.279 210.877 167.084 14.191 343.933 -4989.624 165.1 61.798 601.502 10.681 -11.902 543.06 57.526 189.667 212.25 130.005 -665.741 119.171 32.501 75.836 91.4 66.986 2511.444 2291.87 实验室 1 074
4438258 4839 2025/12/24 11:03:45 P13 0 0 0 0 0 0 0 77.362 177.612 641.022 13.275 208.13 123.444 3782.959 43.945 -105.743 875.855 -18.768 125.885 175.476 59.662 301.361 312.042 211.334 166.779 14.343 344.086 -4991.303 175.476 62.866 614.166 10.834 -12.512 543.06 57.22 189.056 212.402 130.615 -665.741 118.561 34.18 78.125 90.179 69.122 2512.207 2287.445 实验室 1 074
4438259 4839 2025/12/24 11:03:46 P13 0 0 0 0 0 0 0 77.057 178.528 640.564 13.428 208.13 122.528 3782.043 54.626 -27.313 875.702 -19.226 125.885 174.561 60.425 300.598 312.195 210.724 167.999 14.801 344.696 -4990.387 136.871 60.883 599.365 11.292 -12.512 542.603 56.305 189.209 211.945 129.852 -666.199 118.103 33.722 72.632 93.384 68.97 2511.749 2290.039 实验室 1 074
4438260 4839 2025/12/24 11:03:47 P13 0 0 0 0 0 0 0 76.599 177.155 640.411 13.428 208.435 122.681 3781.891 13.275 -103.149 878.296 -18.616 125.732 174.866 59.814 301.056 312.805 210.724 167.542 13.886 344.238 -4989.624 137.94 60.73 580.292 10.834 -12.512 542.145 57.068 188.904 211.945 128.937 -665.588 118.713 33.722 72.479 91.858 72.327 2510.986 2289.581 实验室 1 074
4438261 4839 2025/12/24 11:03:48 P13 0 0 0 0 0 0 0 77.667 178.375 640.869 13.886 209.045 122.833 3781.433 54.474 -18.463 879.517 -18.616 126.801 173.95 59.662 300.903 311.432 212.097 167.236 14.648 343.475 -4988.098 104.37 60.425 582.428 10.681 -13.123 542.603 57.526 188.446 212.555 127.411 -666.504 118.256 33.569 72.327 96.436 65.002 2511.597 2290.802 实验室 1 074
4438262 4839 2025/12/24 11:03:49 P13 0 0 0 0 0 0 0 77.972 177.46 640.259 14.496 208.435 122.681 3779.755 32.501 3.204 879.669 -19.073 125.427 174.866 60.425 301.056 310.822 211.945 167.542 14.496 343.628 -4990.845 82.397 59.204 604.706 10.376 -12.207 542.45 57.22 188.751 211.945 129.242 -666.962 119.324 32.806 80.261 94.604 70.953 2510.376 2289.886 实验室 1 074
4438263 4839 2025/12/24 11:03:50 P13 0 0 0 0 0 0 0 76.904 178.07 640.411 13.733 208.74 122.833 3780.518 24.567 24.567 875.549 -18.768 125.885 174.561 59.814 300.751 310.516 211.182 168.152 13.428 344.544 -4989.319 75.836 59.967 607.452 10.681 -12.97 541.84 57.526 188.904 211.639 128.174 -666.046 119.019 32.959 80.261 95.215 69.58 2511.597 2285.309 实验室 1 074
4438264 4839 2025/12/24 11:03:51 P15 0 0 0 0 0 0 0 77.362 177.46 640.106 13.58 209.045 122.528 3780.823 21.973 102.081 881.653 -18.921 125.732 174.561 59.967 301.056 312.042 211.487 167.084 14.496 343.323 -4989.166 54.932 61.951 603.18 11.444 -12.512 541.992 56.915 188.904 211.639 130.31 -665.436 118.408 33.875 82.855 92.926 70.648 2510.834 2289.124 实验室 1 074
4438265 4839 2025/12/24 11:03:52 P15 0 0 0 0 0 0 0 77.209 178.07 640.411 12.97 208.588 122.223 3781.433 4.73 181.274 877.533 -18.311 125.275 173.95 59.357 300.446 310.669 211.639 167.847 14.648 342.865 -4991.76 51.27 61.188 593.72 10.834 -11.902 541.534 57.983 188.751 211.792 130.005 -667.419 118.561 32.959 85.907 91.4 68.359 2512.97 2289.276 实验室 1 074
4438266 4839 2025/12/24 11:03:53 P15 0 0 0 0 0 0 0 76.752 177.918 641.174 12.817 208.74 122.376 3781.281 42.419 153.503 885.62 -18.768 126.038 175.629 60.577 301.514 311.432 210.877 167.694 14.954 344.238 -4988.251 91.095 63.171 624.847 10.681 -11.902 541.992 57.526 188.751 211.029 129.547 -684.967 119.171 32.501 86.823 95.52 71.259 2510.681 2290.192 实验室 1 074
4438267 4839 2025/12/24 11:03:54 P15 0 0 0 0 0 0 0 77.362 177.918 640.717 13.733 208.435 123.138 3780.67 71.716 162.506 883.179 -17.7 126.038 175.934 60.883 300.903 310.364 212.097 167.694 14.191 343.323 -4988.403 137.177 63.934 634.308 10.223 -12.665 541.077 58.441 188.751 221.558 129.852 -768.127 121.918 33.264 81.635 95.215 70.953 2510.834 2289.429 实验室 1 074
4438268 4839 2025/12/24 11:03:55 P15 0 0 0 0 0 0 0 76.599 177.612 640.869 17.395 208.74 122.376 3781.281 49.896 188.751 889.587 -18.616 126.19 176.086 63.019 301.666 310.974 210.419 168.762 14.648 344.238 -4989.319 202.637 60.12 653.534 11.139 -11.597 540.619 57.678 188.141 243.835 130.463 -848.541 123.444 33.417 80.261 89.722 73.7 2510.986 2289.276 实验室 1 074
4438269 4839 2025/12/24 11:03:56 P15 0 0 0 0 0 0 0 77.515 177.155 640.411 26.855 208.588 122.528 3783.112 10.071 126.19 888.214 -19.379 125.885 176.544 64.545 301.819 310.516 211.182 169.678 14.954 343.628 -4987.488 226.135 61.798 649.719 11.444 -12.207 540.772 57.678 188.294 270.996 130.768 -895.386 130.768 32.501 86.823 94.757 69.427 2511.749 2290.955 实验室 1 074
4438270 4839 2025/12/24 11:03:57 P15 0 0 0 0 0 0 0 76.752 177.612 639.954 41.046 207.825 122.833 3780.212 82.092 72.784 886.231 -18.616 125.427 175.324 66.681 301.209 310.059 210.571 172.119 14.648 343.475 -4988.556 241.394 61.646 651.093 11.139 -11.749 541.534 56.152 187.683 296.783 132.752 -911.255 139.465 32.806 83.466 97.198 67.444 2511.292 2288.818 实验室 1 074
4438271 4839 2025/12/24 11:03:58 P15 0 0 0 0 0 0 0 77.209 177.002 638.886 58.594 208.435 122.223 3781.586 48.37 82.703 868.835 -18.616 125.732 175.476 67.139 300.751 309.143 210.571 175.171 15.411 343.17 -4990.997 293.274 57.526 615.234 10.529 -12.054 541.992 57.068 187.073 319.672 131.989 -908.051 150.757 32.196 76.294 96.588 70.038 2512.054 2288.361 实验室 1 074
4438272 4839 2025/12/24 11:03:59 P15 0 0 0 0 0 0 0 76.447 176.849 638.58 78.735 209.351 121.155 3783.569 52.185 105.896 896.759 -18.311 124.97 175.018 67.596 299.835 310.211 209.656 180.664 15.869 343.17 -4990.54 317.993 58.746 616.15 10.681 -12.512 543.366 57.678 186.92 339.966 131.073 -868.378 162.811 32.654 95.825 96.436 69.733 2511.444 2289.886 实验室 1 074
4438273 4839 2025/12/24 11:04:00 P15 0 0 0 0 0 0 0 76.141 177.155 636.749 112 208.893 121.155 3782.196 -3.052 112.61 873.566 -18.005 124.817 174.866 67.444 299.683 310.211 209.808 188.446 17.7 342.407 -4990.54 285.95 53.253 608.521 10.529 -11.749 549.316 57.526 188.751 362.549 132.141 -804.901 179.901 33.722 83.771 92.011 69.275 2511.902 2291.718 实验室 1 074
4438274 4839 2025/12/24 11:04:01 P15 0 0 0 0 0 0 0 76.752 176.697 635.986 156.86 209.045 122.986 3780.67 20.447 38.147 870.209 -16.937 122.986 174.255 69.122 299.53 309.143 209.351 207.977 19.073 343.17 -4990.997 242.157 58.594 641.174 10.681 -11.902 562.592 57.373 189.362 381.928 130.92 -745.697 201.416 32.501 90.332 91.248 67.291 2510.986 2289.429 实验室 1 074
4438275 4839 2025/12/24 11:04:02 P15 0 0 0 0 0 0 0 76.904 177.002 631.409 204.926 211.487 126.801 3781.738 16.174 1.373 873.261 -19.226 121.155 174.103 67.139 299.377 309.143 209.198 234.375 22.888 342.255 -4988.403 231.323 57.983 642.242 11.444 -12.665 583.801 56.915 194.092 397.186 132.752 -697.937 224.304 32.959 86.212 96.588 72.174 2510.071 2288.361 实验室 1 074
4438276 4839 2025/12/24 11:04:03 P15 0 0 0 0 0 0 0 77.667 176.544 629.273 251.465 220.184 140.381 3780.67 46.387 -32.196 878.143 -18.005 119.782 173.645 66.681 298.615 309.143 209.351 263.825 25.177 341.95 -4987.641 222.015 59.509 647.278 10.529 -12.665 613.403 56.458 204.773 411.072 130.31 -665.283 247.192 32.959 86.823 90.332 73.242 2509.155 2290.955 实验室 1 074
4438277 4839 2025/12/24 11:04:04 P15 0 0 0 0 0 0 0 78.888 177.918 627.289 294.952 242.31 165.1 3780.518 11.444 -124.512 873.566 -17.7 119.629 173.492 66.834 299.377 309.143 210.571 295.258 30.06 343.475 -4988.251 205.689 58.594 644.836 9.46 -12.512 648.956 57.678 226.593 424.957 128.937 -644.836 267.334 34.027 91.248 95.52 69.427 2511.139 2287.14 实验室 1 074
4438278 4839 2025/12/24 11:04:05 P15 0 0 0 0 0 0 0 82.855 177.002 625.153 340.576 291.901 201.111 3779.907 13.123 -106.049 885.01 -17.395 126.953 176.086 65.765 303.65 309.753 210.114 327.759 35.248 348.816 -4989.014 142.365 59.967 631.714 10.071 -12.817 691.528 58.136 260.925 438.995 127.564 -634.155 288.849 36.163 90.179 96.13 72.327 2511.444 2291.718 实验室 1 074
4438279 4839 2025/12/24 11:04:06 P15 0 0 0 0 0 0 0 87.128 178.07 622.406 385.284 373.383 247.65 3780.06 52.49 -30.975 875.397 -18.616 145.416 180.359 68.512 313.263 309.143 213.318 360.413 38.147 358.276 -4987.335 126.038 60.883 624.085 10.529 -12.97 737.61 58.441 305.939 451.508 130.158 -627.136 308.838 40.588 91.095 95.215 75.989 2510.529 2286.377 实验室 1 074
4438280 4839 2025/12/24 11:04:07 P15 0 0 0 0 0 0 0 93.689 179.138 621.491 428.162 485.84 298.309 3782.043 8.545 -99.792 879.517 -18.005 167.999 187.988 69.58 328.98 309.753 218.048 390.625 40.741 371.857 -4988.251 112.457 61.646 642.09 11.292 -12.665 783.691 63.019 359.345 464.478 132.141 -629.73 327.301 46.539 84.839 95.52 71.716 2512.054 2293.396 实验室 1 074
4438281 4839 2025/12/24 11:04:08 P15 0 0 0 0 0 0 0 93.689 179.138 621.491 428.162 485.84 298.309 3782.043 8.545 -99.792 879.517 -18.005 167.999 187.988 69.58 328.98 309.753 218.048 390.625 40.741 371.857 -4988.251 112.457 61.646 642.09 11.292 -12.665 783.691 63.019 359.345 464.478 132.141 -629.73 327.301 46.539 84.839 95.52 71.716 2512.054 2293.396 实验室 1 074
4438282 4839 2025/12/24 11:04:09 P15 0 0 0 0 0 0 0 101.624 180.359 621.948 469.818 627.594 347.748 3781.128 54.474 -40.894 886.536 -19.226 165.405 194.702 72.021 352.783 309.601 225.067 420.227 68.97 393.066 -4990.234 199.89 63.477 661.469 10.986 -11.597 830.994 68.359 416.718 475.311 133.514 -632.172 343.933 56.152 90.637 93.842 76.294 2511.139 2289.429 实验室 1 074
4438283 4839 2025/12/24 11:04:10 P15 0 0 0 0 0 0 0 109.253 182.037 624.847 511.322 791.473 393.066 3779.907 88.806 42.267 888.977 -17.853 142.975 202.484 74.615 383.911 308.38 236.206 446.777 23.499 420.38 -4988.251 357.513 60.272 695.953 10.529 -9.46 875.702 75.836 476.837 486.755 142.212 -635.376 359.955 67.596 95.825 95.978 80.566 2510.834 2288.361 实验室 1 074
4438284 4839 2025/12/24 11:04:11 P15 0 0 0 0 0 0 0 118.256 183.716 626.984 552.368 963.287 434.876 3781.586 51.727 -37.384 893.097 -17.09 119.324 209.808 77.82 420.38 308.533 247.955 472.717 331.726 453.949 -4987.945 420.837 61.646 720.367 10.071 -9.003 918.274 87.128 536.804 497.284 145.569 -640.717 372.925 82.245 97.046 95.978 79.193 2512.512 2286.53 实验室 1 074
4438285 4839 2025/12/24 11:04:12 P15 0 0 0 0 0 0 0 128.021 182.037 632.629 589.6 1141.663 471.497 3780.823 25.33 -26.855 895.691 -18.005 120.544 217.438 82.55 463.104 309.296 265.198 495.606 47.913 494.232 -4987.945 475.617 63.171 728.149 9.46 -7.629 962.372 99.945 597.534 506.897 155.182 -647.43 385.742 98.419 94.299 102.692 85.754 2510.986 2293.701 实验室 1 074
4438286 4839 2025/12/24 11:04:13 P15 0 0 0 0 0 0 0 135.346 180.817 640.106 632.172 1298.218 503.845 3781.738 17.242 -137.94 895.081 -18.005 147.705 225.22 86.67 505.371 309.753 284.424 517.883 -53.864 538.025 -4988.556 473.328 60.73 743.561 11.444 -4.73 1001.129 116.119 655.06 515.9 169.678 -652.008 398.254 115.356 99.792 101.471 93.079 2511.139 2289.581 实验室 1 074
4438287 4839 2025/12/24 11:04:14 P15 0 0 0 0 0 0 0 141.449 180.054 646.973 650.635 1436.768 532.227 3780.365 12.512 -165.71 883.179 -17.395 174.561 234.222 90.942 544.891 309.143 307.159 538.33 -56.305 582.275 -4990.692 488.892 57.526 749.054 10.834 -3.204 1038.208 135.04 710.602 524.75 182.648 -656.281 409.088 132.752 94.91 106.812 100.555 2511.444 2284.546 实验室 1 074
4438288 4839 2025/12/24 11:04:15 P15 0 0 0 0 0 0 0 148.468 178.986 655.67 671.539 1553.955 556.488 3781.738 -4.883 -261.231 901.184 -18.158 205.689 238.953 96.283 583.496 309.143 330.505 557.098 -55.237 623.627 -4987.641 483.551 61.188 762.787 9.613 -0.305 1072.998 154.266 760.346 532.99 195.77 -661.469 419.922 148.468 103.455 112.457 108.948 2511.444 2291.87 实验室 1 074
4438289 4839 2025/12/24 11:04:16 P15 0 0 0 0 0 0 0 149.994 182.19 665.283 699.768 1655.731 576.782 3781.891 -30.212 -265.045 915.833 -18.768 235.291 245.056 101.013 617.065 309.143 355.225 573.273 -55.389 663.3 -4990.387 453.644 59.509 783.691 10.529 1.831 1103.973 174.561 806.885 540.466 211.639 -666.962 428.619 165.405 102.539 120.697 113.678 2512.207 2291.26 实验室 1 074
4438290 4839 2025/12/24 11:04:17 P15 0 0 0 0 0 0 0 154.572 187.225 676.575 746.46 1748.352 596.161 3781.586 14.191 -305.634 933.685 -18.005 269.165 251.312 105.743 649.567 308.533 381.928 588.837 -53.101 701.904 -4991.303 395.203 62.256 820.313 10.223 2.136 1135.559 196.075 852.051 550.232 228.882 -666.809 438.538 180.969 109.1 123.596 126.953 2511.292 2293.396 实验室 1 074
4438291 4839 2025/12/24 11:04:18 P15 0 0 0 0 0 0 0 157.776 196.228 688.019 791.473 1827.545 610.962 3780.212 -20.447 -369.873 954.437 -18.616 304.26 258.179 111.389 678.406 308.685 409.088 602.722 -52.795 735.321 -4988.861 394.898 61.646 793.304 9.308 2.441 1163.788 218.201 892.029 557.251 246.582 -674.133 447.235 195.77 111.694 129.395 136.871 2510.681 2290.344 实验室 1 074
4438292 4839 2025/12/24 11:04:19 P15 0 0 0 0 0 0 0 160.675 206.451 701.447 821.533 1897.125 625.916 3782.043 -16.022 -499.878 965.729 -17.853 346.68 263.367 114.746 702.515 308.991 435.791 615.845 -52.185 764.465 -4987.793 380.707 58.441 796.051 7.782 -0.305 1190.338 239.716 929.413 563.965 266.113 -677.643 455.933 209.045 120.697 138.702 144.196 2511.139 2293.854 实验室 1 074
4438293 4839 2025/12/24 11:04:20 P15 0 0 0 0 0 0 0 161.285 214.233 713.959 846.405 1960.449 637.97 3780.212 -32.501 -441.132 996.094 -18.311 395.355 268.555 119.019 724.487 308.685 461.731 627.899 -52.032 791.016 -4990.54 343.628 61.34 788.269 10.376 -0.916 1214.294 258.789 963.44 571.137 285.339 -679.627 462.341 221.863 128.937 146.637 151.672 2511.139 2288.818 实验室 1 074
4438294 4839 2025/12/24 11:04:21 P15 0 0 0 0 0 0 0 164.032 215.759 727.234 867.767 2010.345 648.193 3779.907 10.071 -494.08 1022.339 -18.311 449.219 273.895 123.749 743.408 308.685 486.145 638.123 -50.354 813.294 -4988.556 313.721 59.662 782.318 9.918 0.763 1236.877 276.794 992.737 578.308 305.176 -681.763 469.818 232.697 138.245 158.234 163.269 2510.376 2290.802 实验室 1 074
4438295 4839 2025/12/24 11:04:22 P15 0 0 0 0 0 0 0 164.185 210.266 741.272 889.282 2057.495 657.349 3781.281 2.136 -554.199 1051.178 -18.463 506.592 279.694 128.326 761.261 308.685 509.186 647.43 -49.896 835.571 -4988.708 261.383 59.204 791.016 9.918 7.477 1258.392 295.105 1022.949 585.022 325.165 -684.509 476.532 244.141 158.691 171.204 166.168 2511.902 2287.598 实验室 1 074
4438296 4839 2025/12/24 11:04:23 P15 0 0 0 0 0 0 0 164.642 199.89 754.852 908.814 2101.593 664.825 3780.365 -29.602 -589.752 1074.524 -18.616 559.998 285.797 132.446 776.978 308.685 532.227 657.044 -48.218 852.966 -4988.251 192.566 59.662 808.563 10.834 19.684 1279.144 311.279 1048.431 592.041 348.053 -686.188 483.246 253.143 168.915 185.089 172.882 2511.597 2290.955 实验室 1 074
4438297 4839 2025/12/24 11:04:24 P15 0 0 0 0 0 0 0 165.71 187.988 770.264 925.751 2141.113 672.607 3780.823 -36.316 -453.796 1129.456 -18.005 606.842 289.612 136.719 790.558 308.533 553.894 664.825 -48.065 869.751 -4989.319 189.819 60.425 825.501 10.834 34.332 1298.218 326.538 1072.693 597.534 367.889 -684.509 489.655 261.383 177.918 193.481 181.885 2510.986 2292.48 实验室 1 074
4438298 4839 2025/12/24 11:04:25 P15 0 0 0 0 0 0 0 166.016 176.086 782.623 941.925 2174.225 678.864 3780.06 -58.136 -356.751 1167.45 -18.463 645.905 293.274 140.686 801.392 309.296 573.273 672.607 -46.997 885.01 -4988.861 182.495 52.032 833.13 9.766 37.842 1315.918 341.339 1093.445 603.943 384.827 -685.425 496.216 268.707 193.939 203.857 187.836 2510.376 2289.886 实验室 1 074
4438299 4839 2025/12/24 11:04:26 P15 0 0 0 0 0 0 0 167.542 167.236 796.356 954.59 2205.2 684.967 3780.212 -58.594 -297.241 1200.562 -17.09 677.033 298.004 144.348 811.768 308.685 593.567 678.711 -46.082 897.217 -4989.166 152.588 60.577 820.77 10.223 20.752 1333.16 353.851 1113.281 608.978 407.41 -687.714 501.709 275.574 206.451 213.928 193.481 2511.749 2291.107 实验室 1 074
4438300 4839 2025/12/24 11:04:27 P15 0 0 0 0 0 0 0 167.694 158.844 809.174 966.034 2232.361 690.308 3780.06 -54.626 -330.811 1247.253 -17.395 703.125 300.751 148.01 821.381 308.228 609.894 685.272 -44.861 908.356 -4987.488 91.553 62.256 799.103 10.986 -11.292 1348.572 364.685 1131.287 614.624 427.094 -689.087 507.507 281.677 216.065 220.795 196.075 2510.681 2290.497 实验室 1 074
4438301 4839 2025/12/24 11:04:28 P15 0 0 0 0 0 0 0 168.762 151.825 822.754 980.682 2258.759 694.733 3779.602 -27.771 -360.87 1275.177 -18.463 725.403 304.565 151.978 829.315 307.617 627.899 691.071 -45.166 918.579 -4990.997 71.564 59.814 801.392 10.529 -43.03 1365.814 377.045 1152.039 620.117 451.965 -689.545 512.695 287.018 240.326 237.274 198.669 2510.223 2294.617 实验室 1 074
4438302 4839 2025/12/24 11:04:29 P15 0 0 0 0 0 0 0 169.22 145.264 835.877 989.838 2281.494 698.853 3780.67 5.798 -368.958 1325.836 -19.226 743.866 308.991 154.724 836.639 307.312 643.616 697.022 -45.166 927.429 -4987.945 -2.747 62.866 786.133 10.986 -56.763 1380.005 386.658 1165.771 625.763 462.952 -689.545 516.815 291.901 244.141 253.906 208.893 2511.597 2289.734 实验室 1 074
4438303 4839 2025/12/24 11:04:30 P15 0 0 0 0 0 0 0 168.61 140.381 848.389 1000.061 2303.619 703.278 3781.128 -67.596 -407.41 1358.337 -18.921 764.771 311.89 158.234 843.658 307.465 659.027 701.599 -43.64 936.432 -4988.403 -22.583 62.561 786.438 10.681 -49.286 1393.585 396.118 1181.03 631.714 489.197 -691.681 521.698 296.783 265.656 265.198 211.639 2511.139 2295.532 实验室 1 074
4438304 4839 2025/12/24 11:04:31 P15 0 0 0 0 0 0 0 169.373 139.008 860.901 1008.911 2322.083 706.635 3779.755 21.057 -446.32 1420.288 -19.531 781.708 315.704 161.591 850.067 307.159 671.997 705.109 -43.64 944.214 -4988.861 -50.964 61.035 791.321 11.597 -17.7 1406.25 404.205 1193.695 635.834 507.355 -692.139 526.276 300.903 274.811 272.827 218.658 2511.292 2290.344 实验室 1 074
4438305 4839 2025/12/24 11:04:32 P15 0 0 0 0 0 0 0 169.678 137.024 872.65 1017.609 2340.393 710.449 3780.212 -18.616 -427.551 1459.503 -18.921 798.035 318.146 164.49 856.018 306.854 686.188 709.839 -42.267 950.012 -4990.387 -44.708 63.171 795.593 11.139 24.719 1419.067 411.377 1206.665 640.717 528.412 -692.902 531.311 304.26 290.222 288.544 223.084 2510.681 2290.344 实验室 1 074
4438306 4839 2025/12/24 11:04:33 P15 0 0 0 0 0 0 0 169.678 136.414 884.094 1026.001 2356.567 712.28 3781.738 -22.736 -419.006 1501.007 -18.311 815.43 321.045 168.762 861.359 307.312 698.853 713.501 -42.725 957.184 -4989.014 -33.417 59.204 780.945 11.292 74.158 1431.427 419.159 1220.093 645.752 545.96 -703.125 535.889 308.075 313.11 299.072 228.424 2511.139 2290.192 实验室 1 074
4438307 4839 2025/12/24 11:04:34 P15 0 0 0 0 0 0 0 169.22 137.329 894.928 1033.783 2372.742 717.468 3780.823 -19.226 -310.974 1555.023 -17.09 831.299 323.639 170.288 866.089 306.244 710.602 717.621 -41.199 962.524 -4988.556 -66.071 60.883 767.212 11.444 124.359 1442.871 425.873 1231.232 650.635 563.355 -694.428 540.161 311.737 319.214 307.922 229.034 2510.529 2286.377 实验室 1 074
4438308 4839 2025/12/24 11:04:35 P15 0 0 0 0 0 0 0 170.441 137.177 905.609 1039.886 2387.238 717.773 3780.365 -54.321 -239.258 1599.274 -16.785 842.438 326.538 173.035 869.904 305.939 722.504 719.91 -41.504 967.56 -4991.607 -121.46 62.103 795.288 10.834 171.967 1454.468 432.129 1242.065 655.06 580.444 -694.428 544.891 314.179 335.388 321.198 231.323 2511.292 2289.124 实验室 1 074
4438309 4839 2025/12/24 11:04:36 P15 0 0 0 0 0 0 0 170.441 138.397 916.596 1045.227 2399.902 721.13 3781.433 -29.297 -147.247 1637.726 -17.7 859.07 329.132 174.713 874.329 305.786 733.49 723.114 -39.825 972.29 -4989.166 -126.953 63.629 793.61 11.139 218.811 1464.844 437.927 1251.831 659.332 595.551 -695.343 547.638 316.62 350.952 331.574 234.375 2511.749 2295.227 实验室 1 074
4438310 4839 2025/12/24 11:04:37 P15 0 0 0 0 0 0 0 169.983 139.465 926.514 1051.331 2412.262 723.267 3780.975 5.798 -65.46 1679.535 -18.005 872.345 331.879 177.765 877.991 305.328 743.408 725.861 -40.894 976.868 -4990.234 -103.76 63.019 774.689 12.054 260.773 1473.083 442.658 1261.902 662.842 611.725 -695.496 551.3 319.214 368.042 343.781 237.732 2511.749 2289.734 实验室 1 074
4438311 4839 2025/12/24 11:04:38 P15 0 0 0 0 0 0 0 170.288 141.449 936.585 1056.366 2423.401 726.013 3780.823 -36.621 -54.626 1734.314 -20.142 885.468 332.947 181.427 882.111 305.023 752.869 729.065 -39.52 982.208 -4989.166 -133.514 61.188 749.97 12.36 292.816 1483.765 447.693 1271.21 666.504 628.204 -695.038 554.962 322.113 381.622 350.647 241.852 2511.139 2290.802 实验室 1 074
4438312 4839 2025/12/24 11:04:39 P15 0 0 0 0 0 0 0 170.288 141.449 936.585 1056.366 2423.401 726.013 3780.823 -36.621 -54.626 1734.314 -20.142 885.468 332.947 181.427 882.111 305.023 752.869 729.065 -39.52 982.208 -4989.166 -133.514 61.188 749.97 12.36 292.816 1483.765 447.693 1271.21 666.504 628.204 -695.038 554.962 322.113 381.622 350.647 241.852 2511.139 2290.802 实验室 1 074
4438313 4839 2025/12/24 11:04:40 P15 0 0 0 0 0 0 0 170.898 145.111 946.655 1062.164 2434.54 728.149 3779.602 -11.292 -149.536 1773.529 -19.989 899.353 335.693 181.885 885.315 304.871 762.634 732.117 -38.757 986.176 -4989.624 -157.166 61.035 762.177 13.123 312.042 1492.92 451.813 1281.586 671.997 643.616 -695.801 558.472 324.86 403.9 360.26 242.615 2510.071 2290.649 实验室 1 074
4438314 4839 2025/12/24 11:04:41 P15 0 0 0 0 0 0 0 170.593 147.553 953.98 1067.505 2444.458 729.981 3779.449 24.261 -93.384 1801.3 -20.905 911.102 337.677 184.479 888.214 304.871 771.637 735.321 -38.757 989.685 -4990.387 -191.956 55.542 773.926 13.275 314.331 1502.228 455.933 1289.52 676.27 656.128 -695.19 561.981 327.454 408.02 370.331 248.566 2511.139 2293.243 实验室 1 074
4438315 4839 2025/12/24 11:04:42 P15 0 0 0 0 0 0 0 171.814 149.384 963.745 1072.54 2454.834 731.201 3781.586 6.714 -117.645 1852.417 -20.294 921.173 339.966 187.225 891.266 304.108 779.877 736.084 -38.605 993.195 -4988.403 -234.375 59.052 733.795 12.512 303.955 1510.925 460.663 1297.607 679.169 672.15 -695.953 565.338 330.048 430.298 379.181 245.361 2511.749 2290.039 实验室 1 074
4438316 4839 2025/12/24 11:04:43 P15 0 0 0 0 0 0 0 170.746 152.13 971.68 1078.491 2462.921 733.795 3781.128 25.635 -120.392 1903.687 -20.142 933.228 340.424 189.972 894.47 303.803 788.269 737.915 -38.147 996.857 -4989.319 -257.568 62.103 722.199 12.36 287.018 1519.012 463.867 1304.016 682.678 681.458 -695.343 568.695 332.642 433.96 390.93 249.176 2510.986 2287.903 实验室 1 074
4438317 4839 2025/12/24 11:04:44 P15 0 0 0 0 0 0 0 170.898 155.945 979.157 1083.832 2471.313 735.169 3781.433 -21.973 -120.697 1926.575 -19.531 941.467 343.475 190.582 897.217 302.887 796.814 739.136 -38.605 1000.366 -4988.098 -270.081 59.814 728.302 13.428 269.013 1526.489 467.224 1311.951 686.646 693.97 -695.648 570.984 334.32 453.796 400.543 248.566 2510.986 2290.802 实验室 1 074
4438318 4839 2025/12/24 11:04:45 P15 0 0 0 0 0 0 0 170.898 156.25 988.007 1089.172 2479.553 736.237 3780.212 9.308 -7.935 1963.043 -19.836 951.386 345.001 194.855 899.811 303.192 804.138 741.272 -38.757 1004.639 -4989.776 -278.626 62.256 711.823 14.038 251.312 1534.271 470.429 1319.122 690.308 706.482 -695.801 574.799 336.914 461.884 404.816 254.822 2511.292 2291.26 实验室 1 074
4438319 4839 2025/12/24 11:04:46 P15 0 0 0 0 0 0 0 171.051 159.912 994.568 1094.208 2487.03 740.204 3780.06 -1.526 -53.253 1994.019 -19.684 960.388 347.29 195.923 902.71 302.734 810.7 743.408 -36.621 1006.012 -4989.166 -270.081 58.289 738.22 14.343 231.628 1541.748 474.091 1326.599 694.275 717.011 -695.496 577.545 339.508 472.107 418.854 252.38 2510.529 2289.734 实验室 1 074
4438320 4839 2025/12/24 11:04:47 P15 0 0 0 0 0 0 0 171.814 164.185 1002.808 1101.532 2494.049 740.356 3780.212 3.662 -3.662 2051.239 -18.463 969.391 346.985 197.601 905.304 301.666 818.481 744.324 -37.231 1008.911 -4989.472 -251.465 61.646 699.158 14.191 214.844 1548.157 476.227 1332.55 697.479 727.234 -696.106 581.055 341.034 484.772 424.194 259.094 2510.223 2290.802 实验室 1 074
4438321 4839 2025/12/24 11:04:48 P15 0 0 0 0 0 0 0 171.509 165.253 1008.606 1106.262 2500.763 742.645 3781.128 13.428 97.046 2080.994 -18.158 977.478 349.884 198.975 907.898 301.819 824.89 746.002 -37.842 1012.726 -4990.387 -230.255 60.12 676.27 14.648 197.907 1555.634 478.516 1339.417 700.989 735.626 -696.259 583.038 342.56 495.606 435.333 257.416 2511.902 2291.718 实验室 1 074
4438322 4839 2025/12/24 11:04:49 P15 0 0 0 0 0 0 0 171.814 168.762 1015.167 1112.061 2507.477 743.408 3781.738 7.324 200.958 2106.781 -17.09 984.345 349.884 200.806 909.729 301.666 831.604 747.681 -36.011 1014.404 -4990.845 -211.487 61.035 704.346 13.733 181.58 1562.5 482.025 1345.215 703.43 746.155 -694.58 586.243 345.154 512.085 444.794 263.367 2511.292 2288.971 实验室 1 074
4438323 4839 2025/12/24 11:04:50 P15 0 0 0 0 0 0 0 172.424 172.882 1022.034 1118.011 2514.801 745.087 3779.449 14.343 191.65 2145.844 -16.632 991.669 351.41 203.4 911.713 301.514 838.318 749.054 -36.621 1016.693 -4988.861 -220.947 62.256 684.204 14.191 169.678 1569.214 483.551 1351.318 707.398 755.31 -697.327 589.294 348.053 514.526 452.118 262.146 2510.376 2290.039 实验室 1 074
4438324 4839 2025/12/24 11:04:51 P15 0 0 0 0 0 0 0 172.424 178.528 1028.137 1122.894 2520.142 745.392 3781.586 45.471 72.784 2169.037 -15.869 998.688 353.088 204.468 914.002 300.598 843.964 750.732 -36.774 1019.745 -4990.997 -192.719 59.814 700.226 14.801 155.487 1575.317 486.145 1358.795 710.144 766.907 -697.327 591.583 350.342 527.039 456.848 263.825 2511.292 2289.734 实验室 1 074
4438325 4839 2025/12/24 11:04:52 P15 0 0 0 0 0 0 0 171.204 179.596 1034.393 1127.625 2525.33 747.833 3779.602 12.97 37.689 2216.339 -15.411 1004.486 354.614 205.841 915.68 300.751 851.135 751.19 -35.248 1021.271 -4988.861 -203.857 66.834 673.523 14.496 142.822 1580.505 488.434 1363.525 713.959 778.503 -698.09 593.414 353.088 530.853 465.851 266.876 2510.529 2290.802 实验室 1 074
4438326 4839 2025/12/24 11:04:53 P15 0 0 0 0 0 0 0 171.814 180.054 1041.26 1133.27 2529.907 749.512 3780.518 51.27 -17.242 2232.361 -16.022 1011.353 355.377 207.825 917.664 299.835 856.323 752.411 -35.4 1023.254 -4988.098 -168.762 60.73 703.888 14.801 132.294 1586.914 490.875 1369.019 717.163 786.896 -699.158 596.466 355.682 548.706 473.633 267.029 2511.902 2289.886 实验室 1 074
4438327 4839 2025/12/24 11:04:54 P15 0 0 0 0 0 0 0 173.035 184.784 1046.753 1139.221 2536.316 749.207 3779.755 20.142 -3.967 2265.625 -15.106 1017.151 356.445 209.656 920.41 299.377 861.969 753.632 -35.248 1025.391 -4990.845 -169.83 61.646 675.812 14.954 121.765 1593.323 491.028 1374.207 719.757 794.067 -702.057 598.755 357.513 553.894 479.431 270.996 2510.681 2289.734 实验室 1 074
4438328 4839 2025/12/24 11:04:55 P15 0 0 0 0 0 0 0 172.73 187.225 1052.246 1143.494 2540.894 751.19 3780.06 1.526 41.809 2291.26 -14.801 1023.712 358.276 210.571 922.394 298.92 868.378 755.158 -35.4 1027.527 -4989.166 -136.108 60.272 659.943 15.411 108.795 1598.358 494.232 1380.005 722.656 803.223 -697.174 600.586 359.039 557.556 484.314 269.623 2510.681 2290.497 实验室 1 074
4438329 4839 2025/12/24 11:04:56 P15 0 0 0 0 0 0 0 172.882 189.819 1057.892 1149.139 2545.776 751.495 3779.907 -3.052 126.801 2322.083 -14.954 1028.595 358.582 212.86 924.225 298.767 873.108 755.005 -34.637 1029.968 -4988.556 -167.542 60.12 652.008 15.717 99.792 1603.851 494.995 1384.43 725.25 809.326 -697.174 602.722 361.939 580.444 489.502 275.726 2510.986 2290.649 实验室 1 074
4438330 4839 2025/12/24 11:04:57 P15 0 0 0 0 0 0 0 171.967 192.108 1061.554 1153.259 2549.744 752.564 3781.281 14.648 273.438 2338.104 -14.038 1034.241 359.65 213.928 925.293 297.852 879.059 756.836 -34.485 1030.884 -4990.845 -228.577 59.814 634.308 15.564 93.079 1608.887 498.2 1390.076 728.149 818.481 -696.716 605.469 363.617 578.919 495.148 273.132 2512.207 2294.922 实验室 1 074
4438331 4839 2025/12/24 11:04:58 P15 0 0 0 0 0 0 0 172.119 195.465 1066.437 1160.278 2554.626 753.937 3781.433 -14.648 251.923 2376.556 -14.954 1038.818 360.87 215.302 927.887 297.546 883.942 756.683 -34.332 1032.715 -4989.319 -230.56 59.662 605.316 16.632 82.703 1614.075 499.115 1394.043 730.743 825.653 -699.768 607.147 366.821 580.597 503.998 274.2 2510.834 2289.886 实验室 1 074
4438332 4839 2025/12/24 11:04:59 P15 0 0 0 0 0 0 0 172.424 195.77 1071.32 1162.415 2558.441 755.005 3779.755 16.174 268.25 2393.341 -10.071 1044.159 361.176 216.37 928.65 297.852 888.672 757.599 -33.569 1035.461 -4988.708 -231.171 61.34 580.292 16.327 74.31 1618.805 501.556 1398.773 732.88 831.146 -700.836 608.826 369.721 596.161 509.338 275.574 2510.376 2292.023 实验室 1 074
4438333 4839 2025/12/24 11:05:00 P15 0 0 0 0 0 0 0 172.577 202.332 1077.118 1167.755 2563.477 756.073 3780.975 48.676 184.937 2417.297 -14.038 1047.668 362.549 217.743 930.328 296.783 893.555 758.514 -34.18 1036.53 -4989.624 -238.648 59.509 573.273 16.785 67.291 1622.467 503.235 1403.046 734.863 838.928 -701.141 610.809 370.178 605.164 511.627 278.473 2510.834 2290.649 实验室 1 074
4438334 4839 2025/12/24 11:05:01 P15 0 0 0 0 0 0 0 172.272 202.484 1081.085 1173.248 2566.986 758.209 3781.738 22.583 84.076 2446.289 -14.954 1052.399 363.77 219.727 931.854 296.173 897.98 759.735 -33.417 1038.666 -4991.607 -209.961 61.035 563.66 18.005 62.714 1627.045 504.15 1407.776 737.152 839.691 -699.921 612.793 371.552 609.589 522.308 278.32 2511.139 2288.055 实验室 1 074
4438335 4839 2025/12/24 11:05:02 P15 0 0 0 0 0 0 0 172.577 205.078 1085.815 1177.979 2570.343 758.972 3780.518 57.678 94.452 2467.346 -15.259 1057.129 364.685 220.795 933.533 295.563 903.778 761.719 -34.18 1039.124 -4988.403 -200.195 61.34 565.796 17.09 52.795 1632.08 505.371 1412.354 739.746 852.356 -700.226 614.319 373.688 621.033 528.107 279.083 2510.986 2291.412 实验室 1 074
4438336 4839 2025/12/24 11:05:03 P15 0 0 0 0 0 0 0 173.492 208.435 1091.309 1184.387 2574.31 759.583 3779.449 8.087 97.504 2490.997 -15.106 1061.401 365.143 221.863 935.364 295.715 908.356 760.803 -33.112 1041.26 -4991.455 -182.648 57.983 558.777 16.785 47.302 1635.742 506.439 1416.168 742.493 857.239 -699.921 616.455 375.977 627.289 529.327 280.457 2512.207 2290.192 实验室 1 074
4438337 4839 2025/12/24 11:05:04 P15 0 0 0 0 0 0 0 172.73 207.977 1094.971 1188.66 2577.972 759.888 3781.128 -9.155 78.583 2514.648 -14.801 1064.758 365.295 223.236 937.805 295.41 912.476 761.414 -34.332 1041.718 -4988.403 -196.228 62.408 535.278 17.395 40.283 1640.32 508.423 1419.22 745.239 863.8 -700.989 617.828 378.418 628.967 536.804 282.593 2510.986 2290.344 实验室 1 074
4438338 4839 2025/12/24 11:05:05 P15 0 0 0 0 0 0 0 173.187 212.708 1098.48 1193.695 2582.092 760.346 3780.06 46.997 107.575 2521.82 -14.954 1068.268 365.448 224.609 938.11 294.647 917.816 762.177 -34.332 1043.701 -4990.845 -185.852 62.256 523.987 17.395 34.637 1644.592 509.644 1423.492 746.765 870.056 -700.378 620.422 378.723 634.613 545.654 281.372 2511.292 2295.227 实验室 1 074
4438339 4839 2025/12/24 11:05:06 P15 0 0 0 0 0 0 0 172.424 214.844 1103.516 1199.646 2585.297 760.651 3780.823 34.79 32.959 2550.354 -16.327 1073.303 367.279 226.135 939.789 294.495 921.326 762.94 -32.959 1044.769 -4990.082 -180.969 59.662 509.186 19.226 30.518 1648.712 510.559 1427.765 749.359 877.533 -700.073 621.948 379.944 648.346 548.706 286.56 2511.139 2292.175 实验室 1 074
4438340 4839 2025/12/24 11:05:07 P15 0 0 0 0 0 0 0 173.187 214.996 1105.499 1203.613 2589.569 762.329 3781.128 23.346 13.886 2574.158 -15.564 1075.592 367.127 227.051 941.467 293.274 925.751 763.397 -33.722 1045.074 -4990.692 -188.141 62.103 476.379 19.684 25.635 1652.985 511.169 1431.58 752.564 883.789 -700.684 623.474 381.012 642.395 554.962 283.203 2511.292 2293.854 实验室 1 074
4438341 4839 2025/12/24 11:05:08 P15 0 0 0 0 0 0 0 173.95 217.743 1110.229 1208.344 2592.926 762.94 3781.128 27.313 106.049 2583.16 -16.479 1080.627 367.432 229.034 942.23 292.969 929.565 764.008 -32.806 1045.38 -4990.387 -198.517 61.493 459.747 18.616 19.073 1656.799 512.695 1435.852 753.784 885.468 -700.226 626.373 383.453 652.924 560.15 285.645 2510.376 2288.971 实验室 1 074
4438342 4839 2025/12/24 11:05:09 P15 0 0 0 0 0 0 0 172.73 218.201 1112.976 1212.463 2595.825 763.397 3778.534 42.419 68.817 2595.215 -15.717 1082.306 367.889 230.255 944.519 292.206 934.143 764.618 -33.417 1047.668 -4989.319 -193.024 59.814 478.973 19.073 14.954 1660.614 514.221 1439.667 756.989 890.961 -699.768 627.441 383.301 657.349 560.303 291.443 2510.834 2290.497 实验室 1 074
4438343 4839 2025/12/24 11:05:10 P15 0 0 0 0 0 0 0 172.73 218.201 1112.976 1212.463 2595.825 763.397 3778.534 42.419 68.817 2595.215 -15.717 1082.306 367.889 230.255 944.519 292.206 934.143 764.618 -33.417 1047.668 -4989.319 -193.024 59.814 478.973 19.073 14.954 1660.614 514.221 1439.667 756.989 890.961 -699.768 627.441 383.301 657.349 560.303 291.443 2510.834 2290.497 实验室 1 074
4438344 4839 2025/12/24 11:05:11 P15 0 0 0 0 0 0 0 173.187 221.1 1116.18 1217.651 2601.013 763.245 3778.839 41.046 -0.61 2620.087 -16.632 1085.663 368.652 231.628 945.129 291.901 938.416 765.686 -32.654 1047.974 -4990.082 -198.212 60.425 500.946 18.921 8.545 1664.581 514.374 1443.176 759.583 895.538 -700.226 629.578 384.369 665.283 567.169 289.612 2510.376 2290.802 实验室 1 074
4438345 4839 2025/12/24 11:05:12 P15 0 0 0 0 0 0 0 172.424 223.846 1119.69 1221.313 2603.76 764.923 3781.433 24.414 26.093 2627.869 -16.327 1089.783 368.805 232.544 945.892 291.596 942.078 767.517 -32.806 1047.821 -4989.014 -189.972 60.577 476.837 19.073 6.866 1667.023 515.747 1447.601 761.566 897.827 -700.226 631.256 385.284 665.131 568.848 290.222 2510.681 2291.87 实验室 1 074
4438346 4839 2025/12/24 11:05:13 P15 0 0 0 0 0 0 0 173.187 223.389 1123.657 1227.57 2607.574 764.771 3779.297 -14.038 47.455 2647.247 -16.937 1092.529 368.652 233.917 948.029 291.138 945.892 766.907 -32.196 1049.805 -4987.945 -201.111 60.272 431.519 19.379 0.153 1671.143 517.426 1450.958 764.618 902.557 -700.684 633.545 385.132 664.368 576.782 290.833 2510.529 2286.987 实验室 1 074
4438347 4839 2025/12/24 11:05:14 P15 0 0 0 0 0 0 0 173.187 224.609 1126.099 1230.316 2611.237 765.381 3781.281 15.259 117.035 2664.337 -16.937 1096.344 369.415 235.596 949.402 290.375 948.639 768.127 -33.264 1050.11 -4986.877 -220.642 59.814 419.159 19.379 -1.984 1675.415 517.426 1454.62 766.144 910.339 -709.686 634.766 385.59 671.692 574.799 291.443 2510.681 2291.565 实验室 1 074
4438348 4839 2025/12/24 11:05:15 P15 0 0 0 0 0 0 0 173.34 226.593 1129.608 1234.436 2615.051 767.059 3780.365 56.152 191.193 2676.239 -16.479 1103.21 371.094 236.206 950.165 290.07 953.064 768.738 -32.501 1050.873 -4991.607 -189.819 61.798 424.042 20.294 -5.035 1679.688 518.799 1458.893 768.585 914.459 -700.684 636.444 386.658 678.864 586.548 292.969 2510.529 2290.649 实验室 1 074
4438349 4839 2025/12/24 11:05:16 P15 0 0 0 0 0 0 0 173.492 228.577 1133.118 1237.335 2618.256 767.67 3780.06 60.883 152.741 2691.345 -16.479 1101.99 370.331 237.885 951.08 289.764 957.184 769.196 -31.891 1050.568 -4988.708 -218.506 59.967 432.739 19.836 -10.529 1682.129 519.562 1463.623 771.79 917.664 -700.531 637.97 386.81 696.259 585.632 294.495 2512.512 2290.192 实验室 1 074
4438350 4839 2025/12/24 11:05:17 P15 0 0 0 0 0 0 0 172.424 228.882 1135.864 1242.065 2621.918 768.433 3782.043 44.556 217.285 2709.045 -17.548 1105.194 371.246 239.41 953.064 288.696 960.846 769.959 -31.738 1051.788 -4988.861 -221.863 60.73 438.843 20.599 -13.733 1684.418 520.783 1465.912 773.621 921.021 -701.752 639.801 386.047 689.85 585.327 297.546 2511.139 2291.87 实验室 1 074
4438351 4839 2025/12/24 11:05:18 P15 0 0 0 0 0 0 0 172.119 231.018 1139.374 1243.591 2626.038 769.653 3780.67 69.427 256.5 2730.56 -17.395 1108.093 371.552 240.326 954.742 288.391 964.05 770.569 -32.043 1053.009 -4989.166 -167.999 64.392 427.551 21.057 -17.395 1688.69 522.003 1469.727 776.367 923.462 -701.447 640.717 384.216 702.515 599.365 296.173 2511.139 2287.75 实验室 1 074
4438352 4839 2025/12/24 11:05:19 P15 0 0 0 0 0 0 0 172.577 233.765 1141.663 1247.101 2627.869 769.806 3781.433 19.836 198.364 2741.241 -18.005 1110.687 371.552 242.004 954.59 287.933 968.933 771.79 -31.281 1054.993 -4988.556 -117.645 58.594 386.047 21.515 -21.973 1693.268 522.766 1473.999 777.893 931.549 -701.141 642.242 384.216 698.242 598.145 296.783 2511.597 2289.124 实验室 1 074
4438353 4839 2025/12/24 11:05:20 P15 0 0 0 0 0 0 0 173.492 234.222 1144.257 1250.61 2632.599 769.959 3781.281 31.738 181.58 2751.312 -18.158 1113.586 372.772 242.767 957.336 287.018 972.9 771.942 -31.586 1053.314 -4990.082 -139.16 59.814 370.026 21.667 -22.278 1695.862 523.224 1476.898 779.877 934.753 -701.141 644.379 382.538 713.043 602.264 298.462 2510.986 2290.039 实验室 1 074
4438354 4839 2025/12/24 11:05:21 P15 0 0 0 0 0 0 0 172.73 236.054 1147.003 1253.662 2635.04 770.721 3781.433 92.011 87.28 2763.672 -16.327 1118.927 373.383 243.835 958.099 287.17 976.257 772.4 -32.501 1054.535 -4988.556 -133.667 61.34 335.388 20.599 -24.872 1698.151 523.987 1480.103 781.86 941.467 -705.719 645.599 382.385 711.517 605.774 293.579 2511.444 2289.124 实验室 1 074
4438355 4839 2025/12/24 11:05:22 P15 0 0 0 0 0 0 0 172.424 237.732 1150.513 1256.714 2636.871 771.484 3785.553 -18.311 48.523 2787.323 -18.311 1120.453 374.451 245.667 958.252 286.713 979.004 773.468 -30.365 1056.519 -4991.76 -109.558 61.34 329.895 22.278 -28.534 1701.05 524.597 1483.765 784.302 944.367 -701.752 647.583 380.554 712.433 614.624 301.819 2510.986 2288.971 实验室 1 074
4438356 4839 2025/12/24 11:05:23 P15 0 0 0 0 0 0 0 172.882 238.495 1152.649 1260.223 2641.296 771.637 3779.755 7.629 34.027 2789.917 -18.311 1123.047 374.298 246.735 961.609 286.865 982.361 774.536 -31.128 1057.281 -4991.15 -138.092 60.425 344.238 21.973 -32.043 1705.475 525.665 1486.969 786.591 949.249 -699.768 648.956 379.334 729.37 611.572 303.04 2510.376 2291.565 实验室 1 074
4438357 4839 2025/12/24 11:05:24 P15 0 0 0 0 0 0 0 173.34 237.122 1154.938 1263.885 2645.111 772.247 3779.602 62.866 0.305 2793.884 -19.226 1126.099 374.603 247.498 962.372 285.797 986.481 774.231 -31.586 1058.044 -4992.523 -165.71 62.256 325.47 22.43 -33.417 1709.137 526.276 1490.021 788.574 950.775 -701.599 650.94 378.571 733.643 614.777 298.92 2510.529 2291.718 实验室 1 074
4438358 4839 2025/12/24 11:05:25 P15 0 0 0 0 0 0 0 172.882 245.667 1158.905 1267.548 2646.637 772.705 3780.518 28.381 17.242 2812.958 -18.311 1128.845 375.519 249.176 963.44 285.645 989.685 776.52 -31.281 1058.655 -4987.945 -195.313 62.866 272.522 22.736 -36.469 1710.968 527.039 1494.141 790.558 954.895 -701.447 652.466 378.723 744.629 613.251 304.26 2512.817 2291.107 实验室 1 074
4438359 4839 2025/12/24 11:05:26 P15 0 0 0 0 0 0 0 172.424 245.819 1160.889 1270.599 2649.689 773.163 3780.823 23.499 62.408 2826.233 -18.921 1130.219 374.603 250.244 964.661 284.882 993.652 776.367 -31.128 1059.723 -4989.624 -225.678 58.441 244.446 23.499 -41.199 1713.867 527.802 1496.429 792.389 959.168 -702.21 653.381 373.535 744.171 622.864 304.26 2510.681 2293.854 实验室 1 074
4438360 4839 2025/12/24 11:05:27 P15 0 0 0 0 0 0 0 173.645 242.004 1163.177 1273.499 2652.283 773.773 3782.349 26.093 18.005 2841.797 -19.379 1133.118 377.197 249.634 966.339 283.966 996.857 776.52 -30.365 1058.96 -4987.488 -258.179 60.272 270.691 23.499 -41.504 1717.834 527.802 1500.397 794.22 962.372 -701.141 654.602 369.568 745.392 626.831 307.465 2511.444 2292.938 实验室 1 074
4438361 4839 2025/12/24 11:05:28 P15 0 0 0 0 0 0 0 172.119 249.023 1166.382 1276.245 2655.182 775.299 3780.365 34.332 -93.079 2848.663 -19.531 1136.017 376.74 251.923 966.797 283.661 1000.671 778.046 -31.281 1060.181 -4989.472 -258.637 61.951 260.468 23.956 -45.776 1719.971 529.327 1503.754 797.119 965.271 -703.125 655.975 368.347 756.226 626.526 306.854 2510.681 2289.429 实验室 1 074
4438362 4839 2025/12/24 11:05:29 P15 0 0 0 0 0 0 0 173.035 249.329 1168.671 1279.449 2657.928 776.672 3781.433 43.945 -33.264 2857.666 -18.921 1138.458 377.197 253.906 967.56 283.203 1003.571 778.656 -30.365 1061.554 -4990.692 -248.871 60.425 230.255 23.193 -46.539 1723.938 529.48 1506.042 798.492 968.17 -702.21 658.264 366.821 753.174 636.902 308.228 2510.834 2290.802 实验室 1 074
4438363 4839 2025/12/24 11:05:30 P15 0 0 0 0 0 0 0 172.73 252.228 1171.417 1282.196 2660.675 777.741 3779.449 36.011 16.632 2875.977 -18.921 1141.052 377.35 254.211 969.086 282.745 1007.233 777.588 -29.755 1061.401 -4988.708 -211.334 59.204 182.19 23.346 -47.302 1726.685 531.158 1509.552 800.324 969.544 -702.21 659.332 360.87 754.089 644.989 314.941 2510.834 2290.039 实验室 1 074
4438364 4839 2025/12/24 11:05:31 P15 0 0 0 0 0 0 0 172.272 253.296 1174.927 1285.248 2663.269 777.435 3779.755 5.035 8.24 2884.064 -19.989 1144.867 378.723 256.5 971.375 282.593 1010.59 779.572 -29.144 1063.69 -4989.014 -178.07 62.103 143.127 24.872 -49.438 1727.6 531.616 1511.841 802.307 975.647 -700.684 660.858 357.056 757.599 641.022 305.023 2510.223 2290.497 实验室 1 074
4438365 4839 2025/12/24 11:05:32 P15 0 0 0 0 0 0 0 172.882 256.348 1175.079 1287.079 2666.473 777.283 3780.212 62.866 -1.831 2883.911 -19.684 1145.935 377.96 256.958 970.612 281.83 1013.794 780.487 -30.365 1064.301 -4988.403 -182.19 59.814 196.533 24.719 -50.354 1730.804 532.837 1514.893 803.68 977.325 -702.057 662.079 357.666 747.986 644.989 309.296 2510.376 2288.208 实验室 1 074
4438366 4839 2025/12/24 11:05:33 P15 0 0 0 0 0 0 0 173.34 260.315 1178.741 1289.215 2667.847 778.656 3779.602 45.624 104.065 2902.679 -18.921 1148.987 380.096 257.874 972.748 281.677 1017.303 781.555 -30.06 1064.606 -4990.234 -200.348 60.272 220.49 24.719 -53.558 1734.467 532.837 1518.402 806.122 981.598 -702.057 663.452 356.293 767.212 646.21 310.059 2510.986 2290.192 实验室 1 074
4438367 4839 2025/12/24 11:05:34 P15 0 0 0 0 0 0 0 173.035 263.214 1180.115 1291.809 2670.288 779.572 3780.975 29.602 197.449 2916.412 -20.142 1150.513 379.639 258.637 975.037 281.067 1021.118 782.013 -28.839 1066.284 -4989.472 -212.402 62.103 191.65 24.414 -54.932 1737.823 533.142 1520.691 808.411 984.345 -701.904 664.215 349.884 778.809 652.466 312.347 2511.292 2288.361 实验室 1 074
4438368 4839 2025/12/24 11:05:35 P15 0 0 0 0 0 0 0 173.187 262.146 1183.319 1295.624 2672.119 781.25 3781.128 49.438 215.302 2922.363 -20.142 1152.496 381.012 260.162 974.121 281.982 1024.017 782.623 -28.534 1066.284 -4989.472 -160.675 59.509 156.555 26.093 -56.763 1739.96 534.058 1523.59 809.479 989.075 -701.294 666.199 348.206 775.604 652.313 317.535 2510.071 2290.344 实验室 1 074
4438369 4839 2025/12/24 11:05:36 P15 0 0 0 0 0 0 0 173.798 266.419 1184.082 1296.387 2675.629 781.708 3779.449 42.877 162.506 2940.521 -20.142 1155.701 380.554 261.841 974.426 280.304 1027.832 783.234 -29.297 1066.895 -4991.455 -131.073 62.866 111.084 22.125 -57.831 1743.774 535.736 1526.031 811.005 996.094 -702.667 666.657 349.274 783.386 659.79 314.484 2510.223 2291.26 实验室 1 074
4438370 4839 2025/12/24 11:05:37 P15 0 0 0 0 0 0 0 173.492 263.977 1186.218 1299.591 2677.155 781.555 3784.332 59.357 191.65 2949.371 -20.142 1156.464 380.249 264.13 976.868 279.541 1029.968 783.386 -29.297 1066.895 -4987.793 -143.433 63.629 113.22 25.635 -58.899 1745.453 535.584 1528.625 812.378 997.62 -703.583 668.64 343.781 791.473 659.027 313.263 2509.918 2291.565 实验室 1 074
4438371 4839 2025/12/24 11:05:38 P15 0 0 0 0 0 0 0 173.492 261.841 1189.27 1300.354 2679.749 783.081 3779.297 50.964 86.823 2961.426 -19.989 1159.363 382.08 261.078 976.41 279.083 1034.088 783.081 -29.602 1068.878 -4991.303 -112.305 61.035 90.332 25.94 -61.188 1747.589 535.736 1531.219 813.599 1001.282 -701.599 669.403 339.203 793.915 660.706 317.23 2511.139 2293.091 实验室 1 074
4438372 4839 2025/12/24 11:05:39 P15 0 0 0 0 0 0 0 173.645 267.334 1192.169 1303.864 2682.495 782.166 3778.687 23.499 59.509 2962.799 -20.447 1160.431 381.47 264.893 976.715 278.626 1036.835 784.76 -29.602 1068.573 -4988.098 -100.098 62.408 70.648 25.482 -61.951 1749.268 536.652 1533.966 815.888 1005.249 -701.599 671.692 339.661 792.236 664.825 315.857 2510.376 2289.124 实验室 1 074
4438373 4839 2025/12/24 11:05:40 P15 0 0 0 0 0 0 0 173.645 267.334 1192.169 1303.864 2682.495 782.166 3778.687 23.499 59.509 2962.799 -20.447 1160.431 381.47 264.893 976.715 278.626 1036.835 784.76 -29.602 1068.573 -4988.098 -100.098 62.408 70.648 25.482 -61.951 1749.268 536.652 1533.966 815.888 1005.249 -701.599 671.692 339.661 792.236 664.825 315.857 2510.376 2289.124 实验室 1 074
4438374 4839 2025/12/24 11:05:41 P15 0 0 0 0 0 0 0 173.187 271.912 1193.695 1305.847 2683.258 785.675 3780.975 49.744 30.518 2975.006 -18.463 1163.788 382.233 265.503 977.325 278.473 1039.429 784.912 -28.534 1069.336 -4988.708 -125.58 61.34 48.523 26.55 -64.087 1751.862 537.262 1535.95 818.481 1006.317 -702.21 671.692 335.999 796.814 669.098 314.941 2511.292 2290.192 实验室 1 074
4438375 4839 2025/12/24 11:05:42 P15 0 0 0 0 0 0 0 172.73 273.285 1195.221 1307.526 2686.005 783.844 3779.297 45.471 6.409 2988.281 -19.531 1166.077 382.538 266.419 978.088 277.71 1042.938 787.201 -28.687 1070.099 -4988.708 -111.389 60.12 41.809 26.245 -64.697 1753.54 537.872 1539.917 819.702 1008.301 -702.362 673.828 334.778 801.697 670.471 317.383 2510.223 2290.039 实验室 1 074
4438376 4839 2025/12/24 11:05:43 P15 0 0 0 0 0 0 0 173.798 271.912 1198.73 1310.12 2686.92 784.607 3779.297 38.757 3.662 3000.793 -20.294 1167.908 382.385 268.25 978.546 277.71 1045.99 786.438 -29.449 1070.404 -4990.845 -122.681 62.256 19.531 27.771 -65.155 1757.66 537.415 1541.443 821.075 1013.184 -703.125 674.744 332.184 808.868 683.136 317.535 2510.223 2290.955 实验室 1 074
4438377 4839 2025/12/24 11:05:44 P15 0 0 0 0 0 0 0 173.798 273.895 1200.409 1311.493 2689.972 785.065 3780.06 44.25 50.049 2998.657 -19.989 1168.518 384.216 268.402 978.699 277.1 1049.042 786.896 -27.161 1071.014 -4988.098 -132.446 60.425 17.395 27.161 -74.158 1760.101 538.483 1543.884 822.754 1015.015 -702.21 675.507 329.742 803.07 681.152 319.214 2510.223 2291.87 实验室 1 074
4438378 4839 2025/12/24 11:05:45 P15 0 0 0 0 0 0 0 173.492 274.506 1201.935 1313.477 2690.887 786.285 3780.518 56.763 162.506 3008.728 -20.599 1171.875 384.674 269.928 978.851 277.405 1052.246 788.269 -26.855 1072.693 -4991.607 -106.812 59.967 27.161 28.229 -67.749 1762.085 538.94 1546.478 823.975 1014.252 -702.21 676.727 332.031 809.326 676.575 319.214 2510.223 2291.412 实验室 1 074
4438379 4839 2025/12/24 11:05:46 P15 0 0 0 0 0 0 0 173.34 273.438 1204.681 1315.918 2692.871 786.285 3780.518 50.812 304.718 3025.055 -20.599 1174.927 384.216 269.775 979.004 276.642 1054.688 788.422 -27.771 1072.54 -4992.218 -74.158 61.035 4.578 28.381 -68.97 1763.306 539.093 1549.53 827.179 1019.745 -702.21 678.101 328.369 808.258 678.406 321.503 2511.597 2289.886 实验室 1 074
4438380 4839 2025/12/24 11:05:47 P15 0 0 0 0 0 0 0 173.645 279.694 1205.444 1320.953 2694.397 786.743 3782.196 78.735 216.217 3034.821 -20.447 1177.979 384.522 270.691 979.309 275.269 1057.129 786.743 -28.076 1073.608 -4991.76 -80.261 60.12 -8.85 27.771 -69.58 1766.51 539.398 1552.124 827.942 1024.628 -701.752 679.321 325.317 817.108 685.12 319.824 2511.292 2289.124 实验室 1 074
4438381 4839 2025/12/24 11:05:48 P15 0 0 0 0 0 0 0 173.34 278.015 1208.038 1320.648 2699.432 788.574 3780.212 4.272 137.634 3039.093 -20.142 1178.589 385.132 271.606 979.157 275.116 1061.249 790.405 -27.466 1073.761 -4987.945 -88.348 63.019 -21.667 27.618 -70.953 1767.731 540.772 1553.802 829.62 1026.459 -702.362 680.389 325.928 822.296 691.223 321.808 2511.597 2290.039 实验室 1 074
4438382 4839 2025/12/24 11:05:49 P15 0 0 0 0 0 0 0 173.187 281.83 1209.717 1323.242 2698.212 788.422 3780.06 62.866 98.724 3057.709 -20.294 1180.115 384.674 272.675 979.157 274.353 1063.69 791.779 -28.076 1074.982 -4989.166 -84.839 59.204 -50.354 28.381 -72.632 1770.935 540.466 1555.939 830.383 1031.342 -701.599 681.458 323.944 818.329 691.071 324.249 2511.139 2289.886 实验室 1 074
4438383 4839 2025/12/24 11:05:50 P15 0 0 0 0 0 0 0 173.798 282.135 1212.006 1324.31 2700.958 788.727 3777.924 84.686 186.157 3055.878 -19.989 1183.624 385.742 273.59 979.614 274.353 1066.895 792.236 -28.076 1074.524 -4988.098 -66.376 60.12 -69.275 27.466 -72.784 1771.851 540.772 1557.77 832.52 1031.952 -702.057 682.526 322.723 830.994 690.918 327.301 2510.529 2290.039 实验室 1 074
4438384 4839 2025/12/24 11:05:51 P15 0 0 0 0 0 0 0 173.492 283.814 1211.09 1326.752 2701.721 788.117 3779.755 51.422 285.95 3064.575 -21.21 1182.861 386.81 274.506 979.614 274.658 1069.183 791.473 -27.771 1076.05 -4990.845 -63.934 59.357 -79.346 29.602 -77.515 1775.055 540.772 1560.364 833.283 1028.9 -701.294 683.136 324.097 832.52 689.697 324.554 2510.223 2292.023 实验室 1 074
4438385 4839 2025/12/24 11:05:52 P15 0 0 0 0 0 0 0 173.645 287.628 1215.057 1328.43 2704.468 789.948 3779.602 48.828 240.326 3076.63 -20.905 1186.066 386.658 275.574 979.157 273.438 1071.32 792.847 -27.313 1076.202 -4988.556 -119.019 61.798 -89.569 29.297 -74.463 1776.733 542.145 1562.5 834.503 1028.442 -701.294 685.272 323.029 830.383 698.242 325.317 2510.529 2289.734 实验室 1 074
4438386 4839 2025/12/24 11:05:53 P15 0 0 0 0 0 0 0 173.798 286.255 1217.346 1331.482 2704.163 789.337 3781.281 30.67 179.443 3083.038 -21.362 1187.286 388.031 275.726 979.309 273.438 1074.677 794.373 -26.855 1076.66 -4991.76 -132.141 62.408 -92.011 29.602 -75.378 1778.87 541.992 1564.484 835.724 1034.241 -703.43 685.883 323.029 825.043 702.362 324.402 2512.054 2290.955 实验室 1 074
4438387 4839 2025/12/24 11:05:54 P15 0 0 0 0 0 0 0 172.882 285.797 1218.262 1332.703 2705.536 791.016 3780.823 23.956 254.211 3087.769 -21.057 1188.965 387.726 276.794 979.004 272.827 1077.423 795.441 -28.229 1076.965 -4988.708 -143.433 61.646 -99.945 29.755 -76.904 1781.311 542.45 1567.383 837.86 1038.361 -702.667 686.646 323.029 846.252 703.278 324.097 2510.986 2289.886 实验室 1 074
4438388 4839 2025/12/24 11:05:55 P15 0 0 0 0 0 0 0 174.103 287.933 1220.093 1334.991 2707.672 790.71 3779.297 46.997 197.754 3102.264 -21.057 1189.27 388.184 278.473 979.004 272.522 1079.254 795.136 -27.618 1079.254 -4992.065 -137.787 59.204 -125.732 29.755 -76.599 1782.99 542.145 1568.451 838.013 1039.429 -701.904 687.714 323.944 839.081 709.534 331.268 2511.444 2289.124 实验室 1 074
4438389 4839 2025/12/24 11:05:56 P15 0 0 0 0 0 0 0 174.103 289.917 1221.466 1336.823 2708.893 792.542 3781.586 55.237 178.68 3115.54 -21.21 1192.017 388.184 278.015 979.004 271.759 1082.764 797.272 -26.703 1078.491 -4987.793 -125.732 62.561 -133.209 29.144 -77.515 1785.278 542.908 1574.249 840.607 1040.344 -701.904 688.171 324.249 841.217 710.907 327.148 2511.139 2289.276 实验室 1 074
4438390 4839 2025/12/24 11:05:57 P15 0 0 0 0 0 0 0 174.103 289.307 1222.382 1338.196 2711.334 793.304 3779.449 34.637 88.043 3104.095 -20.599 1191.711 388.184 277.863 978.546 271.149 1085.815 797.882 -26.855 1079.254 -4988.708 -111.237 62.408 -148.773 29.602 -77.209 1787.415 543.671 1573.486 842.59 1044.922 -702.362 689.24 324.707 843.658 713.806 329.437 2510.681 2290.497 实验室 1 074
4438391 4839 2025/12/24 11:05:58 P15 0 0 0 0 0 0 0 174.713 291.748 1224.976 1340.942 2712.097 793.304 3780.823 68.054 119.476 3132.782 -20.905 1192.932 388.641 279.388 977.936 270.538 1087.952 798.34 -26.093 1079.712 -4988.403 -166.779 63.019 -152.893 30.212 -77.515 1789.703 544.434 1574.86 843.658 1050.873 -702.21 690.613 324.249 840.454 710.144 327.454 2510.986 2288.055 实验室 1 074
4438392 4839 2025/12/24 11:05:59 P15 0 0 0 0 0 0 0 174.103 294.342 1226.196 1343.994 2714.081 793.915 3779.449 47.76 121.155 3128.967 -20.905 1196.289 388.794 281.525 978.088 270.081 1090.546 799.713 -27.466 1080.17 -4988.403 -157.623 62.714 -162.659 31.433 -79.041 1790.466 544.128 1576.843 845.032 1051.636 -701.599 691.681 326.538 850.22 717.773 329.285 2510.071 2287.292 实验室 1 074
4438393 4839 2025/12/24 11:06:00 P15 0 0 0 0 0 0 0 175.324 291.901 1228.333 1344.604 2715.302 793.762 3779.602 28.381 61.951 3137.36 -20.905 1195.526 389.71 280.914 978.241 269.165 1093.903 800.629 -25.635 1080.475 -4991.76 -174.866 61.035 -209.656 30.975 -80.261 1794.128 544.281 1578.522 846.405 1052.399 -701.904 692.444 326.233 856.171 723.419 328.522 2510.376 2289.429 实验室 1 074
4438394 4839 2025/12/24 11:06:01 P15 0 0 0 0 0 0 0 173.798 298.615 1230.164 1346.283 2717.133 793.457 3779.602 16.785 94.757 3143.311 -20.752 1199.036 389.862 283.966 977.478 269.47 1095.428 801.239 -27.466 1080.78 -4989.776 -184.174 62.103 -257.721 30.975 -81.177 1793.976 545.807 1580.963 846.558 1057.587 -702.362 693.054 328.98 873.261 718.536 331.268 2510.529 2287.14 实验室 1 074
4438395 4839 2025/12/24 11:06:02 P15 0 0 0 0 0 0 0 175.171 294.342 1229.553 1349.792 2718.658 794.525 3779.755 54.626 105.438 3143.005 -20.905 1200.867 390.167 284.424 976.105 269.013 1098.633 802.155 -27.008 1081.543 -4990.692 -148.926 59.509 -272.064 31.433 -80.109 1797.18 545.807 1582.794 848.084 1055.756 -702.82 695.038 331.116 862.885 727.844 331.726 2510.071 2285.156 实验室 1 074
4438396 4839 2025/12/24 11:06:03 P15 0 0 0 0 0 0 0 174.866 297.089 1232.91 1351.318 2719.879 795.898 3779.297 35.858 108.795 3145.142 -21.057 1202.24 390.32 283.356 976.41 268.402 1100.464 802.765 -25.482 1082.916 -4990.692 -104.37 61.951 -272.064 32.501 -81.482 1798.859 545.654 1584.473 846.1 1059.723 -702.667 695.038 332.947 863.037 722.809 329.59 2510.834 2289.886 实验室 1 074
4438397 4839 2025/12/24 11:06:04 P15 0 0 0 0 0 0 0 174.255 297.546 1235.046 1353.149 2720.337 795.746 3782.349 86.975 32.043 3157.349 -21.057 1203.918 391.235 284.576 976.257 268.097 1102.753 803.986 -26.398 1083.832 -4989.472 -108.337 61.798 -281.525 32.654 -82.092 1800.079 546.112 1587.219 850.22 1060.791 -702.667 695.801 334.778 870.209 724.182 336.151 2510.681 2289.581 实验室 1 074
4438398 4839 2025/12/24 11:06:05 P15 0 0 0 0 0 0 0 174.255 299.377 1237.183 1354.98 2722.321 797.73 3780.67 55.542 13.733 3156.891 -21.362 1205.597 391.083 285.797 974.884 268.097 1105.194 805.206 -25.482 1083.984 -4989.776 -83.466 64.087 -301.209 32.654 -84.534 1801.605 546.417 1588.745 851.593 1064.148 -702.82 696.716 338.135 870.361 727.844 331.268 2511.139 2291.26 实验室 1 074
4438399 4839 2025/12/24 11:06:06 P15 0 0 0 0 0 0 0 174.255 306.091 1237.183 1356.506 2724.152 796.661 3780.823 69.885 38.147 3173.676 -20.447 1206.512 391.388 285.645 974.274 267.792 1107.33 806.122 -25.94 1084.595 -4992.065 -63.782 61.493 -276.642 32.349 -83.618 1803.894 546.875 1591.034 853.119 1066.132 -702.82 697.479 340.881 875.244 730.133 335.541 2510.986 2290.955 实验室 1 074
4438400 4839 2025/12/24 11:06:07 P15 0 0 0 0 0 0 0 174.713 299.988 1239.471 1359.1 2725.983 797.424 3780.67 61.035 86.823 3178.406 -21.515 1207.581 390.778 287.476 973.206 267.181 1110.535 806.58 -26.093 1083.984 -4988.403 -37.384 62.866 -298.92 32.806 -83.313 1805.573 546.875 1592.712 854.187 1068.878 -698.853 698.242 354.462 886.078 731.049 332.794 2511.597 2293.549 实验室 1 074
4438401 4839 2025/12/24 11:06:08 P15 0 0 0 0 0 0 0 174.103 301.361 1240.845 1361.084 2727.051 797.882 3779.297 32.349 167.694 3188.629 -21.057 1209.564 391.998 288.086 972.595 265.961 1112.823 809.326 -26.703 1085.663 -4989.929 -55.847 64.392 -314.789 32.806 -85.907 1806.946 547.333 1593.933 855.408 1070.557 -698.395 699.005 347.9 891.113 737.61 334.168 2510.223 2291.107 实验室 1 074
4438402 4839 2025/12/24 11:06:09 P15 0 0 0 0 0 0 0 174.866 300.751 1242.981 1362.305 2727.814 798.34 3780.365 50.812 129.242 3208.618 -20.599 1209.412 391.693 288.391 971.985 267.029 1114.807 808.106 -25.635 1086.273 -4989.166 -83.16 59.814 -337.067 32.806 -85.449 1808.167 548.248 1596.222 856.934 1074.982 -698.09 699.921 349.884 899.048 733.337 335.999 2512.207 2287.445 实验室 1 074
4438403 4839 2025/12/24 11:06:10 P15 0 0 0 0 0 0 0 174.408 301.819 1242.065 1365.051 2730.255 798.492 3781.433 32.806 128.326 3201.904 -21.667 1210.48 392.151 289.307 971.222 265.808 1117.096 810.547 -26.093 1085.968 -4988.098 -87.891 72.784 -362.091 32.806 -84.229 1811.218 547.485 1597.443 857.849 1074.219 -698.395 700.989 349.121 905.762 734.406 335.693 2510.834 2290.344 实验室 1 074
4438404 4839 2025/12/24 11:06:11 P15 0 0 0 0 0 0 0 174.408 301.819 1242.065 1365.051 2730.255 798.492 3781.433 32.806 128.326 3201.904 -21.667 1210.48 392.151 289.307 971.222 265.808 1117.096 810.547 -26.093 1085.968 -4988.098 -87.891 72.784 -362.091 32.806 -84.229 1811.218 547.485 1597.443 857.849 1074.219 -698.395 700.989 349.121 905.762 734.406 335.693 2510.834 2290.344 实验室 1 074
4438405 4839 2025/12/24 11:06:12 P15 0 0 0 0 0 0 0 174.866 299.377 1244.202 1365.051 2730.255 798.95 3782.043 14.343 90.179 3202.362 -21.515 1212.463 392.456 289.459 970.306 265.35 1118.927 811.462 -24.872 1086.884 -4991.913 -81.024 61.188 -375.824 33.722 -86.975 1812.134 548.401 1600.037 859.528 1078.186 -699.616 701.447 355.377 904.694 744.019 336.914 2511.597 2290.039 实验室 1 074
4438406 4839 2025/12/24 11:06:13 P15 0 0 0 0 0 0 0 175.934 301.971 1245.728 1367.798 2733.002 798.95 3779.602 38.147 64.545 3202.667 -21.21 1212.921 393.066 291.443 969.849 264.893 1122.131 810.547 -26.703 1086.578 -4990.54 -90.332 62.256 -384.369 33.722 -86.365 1814.88 548.554 1601.257 860.443 1080.017 -699.616 702.21 363.007 903.931 744.476 335.236 2509.918 2290.344 实验室 1 074
4438407 4839 2025/12/24 11:06:14 P15 0 0 0 0 0 0 0 175.781 305.481 1247.101 1369.171 2733.917 799.408 3779.602 69.122 117.34 3215.485 -21.82 1214.6 393.372 290.527 968.628 264.282 1124.42 811.92 -26.245 1087.646 -4989.166 -119.934 63.019 -395.05 33.264 -87.28 1815.796 549.011 1603.699 861.511 1081.696 -699.158 702.972 364.685 904.083 742.493 336.914 2510.529 2290.344 实验室 1 074
4438408 4839 2025/12/24 11:06:15 P15 0 0 0 0 0 0 0 175.476 304.565 1248.169 1369.781 2734.985 800.476 3779.755 70.19 139.465 3231.354 -21.21 1215.057 392.914 291.443 968.933 264.435 1125.641 812.531 -25.33 1088.257 -4988.403 -105.896 61.798 -413.208 33.417 -87.891 1817.474 549.927 1605.988 862.732 1084.442 -699.31 703.125 367.584 898.132 749.207 337.982 2510.376 2289.429 实验室 1 074
4438409 4839 2025/12/24 11:06:16 P15 0 0 0 0 0 0 0 174.713 306.397 1250 1371.307 2735.748 799.255 3780.518 32.501 159.607 3231.049 -21.21 1217.499 393.372 291.443 966.339 264.587 1127.93 812.378 -25.33 1088.257 -4990.387 -59.509 58.899 -431.976 33.569 -86.975 1818.085 549.164 1606.445 863.495 1088.562 -699.158 703.888 372.162 893.402 749.512 339.05 2510.834 2289.886 实验室 1 074
4438410 4839 2025/12/24 11:06:17 P15 0 0 0 0 0 0 0 174.255 310.516 1251.526 1374.207 2737.122 801.086 3781.586 66.528 90.485 3235.626 -21.21 1218.262 393.372 292.053 966.95 263.977 1130.829 815.125 -25.482 1089.935 -4990.997 -62.408 60.73 -464.325 34.637 -87.128 1818.848 549.927 1607.971 864.563 1088.257 -698.547 705.566 375.671 907.44 747.986 336.914 2511.597 2289.581 实验室 1 074
4438411 4839 2025/12/24 11:06:18 P15 0 0 0 0 0 0 0 175.476 301.514 1252.289 1378.326 2738.037 801.697 3781.433 35.858 83.618 3234.558 -21.21 1217.651 395.203 292.664 965.729 262.909 1133.118 814.819 -24.109 1089.783 -4989.624 -88.196 59.052 -493.164 33.569 -88.806 1821.594 549.774 1609.955 866.089 1088.715 -699.005 705.261 374.603 904.999 748.291 336.304 2510.071 2295.685 实验室 1 074
4438412 4839 2025/12/24 11:06:19 P15 0 0 0 0 0 0 0 175.324 303.497 1253.052 1377.869 2740.326 802.002 3780.518 68.665 63.782 3246.613 -21.362 1218.872 394.287 295.105 964.661 262.604 1134.491 815.125 -24.872 1090.393 -4987.945 -112.305 63.629 -501.404 34.485 -88.959 1822.662 550.079 1611.176 866.852 1087.952 -699.158 706.635 382.385 906.982 754.547 340.271 2511.139 2294.159 实验室 1 074
4438413 4839 2025/12/24 11:06:20 P15 0 0 0 0 0 0 0 175.476 303.192 1254.883 1377.716 2741.699 803.223 3781.586 69.58 148.773 3249.359 -20.905 1221.466 394.898 294.647 962.982 262.299 1137.848 816.956 -25.33 1090.393 -4988.708 -146.79 60.73 -497.437 34.332 -90.79 1824.493 550.842 1613.007 867.615 1091.614 -699.31 706.177 387.116 896.149 754.7 346.222 2511.292 2289.276 实验室 1 074
4438414 4839 2025/12/24 11:06:21 P15 0 0 0 0 0 0 0 174.866 302.429 1256.561 1380.005 2741.852 802.002 3778.839 54.321 209.961 3256.836 -22.125 1222.229 395.203 293.427 963.593 262.756 1138.306 817.261 -25.787 1091.614 -4988.708 -164.49 59.509 -519.104 35.248 -90.027 1825.104 550.995 1614.532 869.293 1093.75 -694.733 707.398 391.235 901.184 759.125 340.729 2510.376 2284.546 实验室 1 074
4438415 4839 2025/12/24 11:06:22 P15 0 0 0 0 0 0 0 175.324 306.091 1257.935 1380.157 2743.988 802.765 3778.992 68.359 219.727 3271.79 -20.752 1222.687 394.135 295.105 962.372 261.231 1141.968 818.024 -25.024 1091.614 -4990.082 -130.158 61.951 -519.104 35.553 -90.942 1827.24 551.148 1616.211 870.361 1096.344 -698.7 707.855 388.184 912.323 756.073 340.424 2509.918 2289.581 实验室 1 074
4438416 4839 2025/12/24 11:06:23 P15 0 0 0 0 0 0 0 174.866 307.159 1258.392 1382.446 2744.598 804.443 3779.144 16.327 188.294 3271.484 -20.752 1223.45 395.05 296.478 960.693 260.773 1143.188 814.819 -24.719 1091.156 -4988.403 -136.566 61.188 -521.851 35.4 -91.4 1827.545 552.368 1617.432 871.277 1097.87 -699.921 708.313 399.78 908.203 757.141 341.797 2510.376 2292.786 实验室 1 074
4438417 4839 2025/12/24 11:06:24 P15 0 0 0 0 0 0 0 175.018 305.328 1259.308 1384.277 2744.904 803.833 3778.992 49.896 163.574 3269.501 -21.362 1223.755 395.05 296.936 961.456 260.925 1145.325 817.719 -24.872 1092.224 -4990.692 -156.86 63.629 -562.134 36.011 -91.095 1829.987 552.216 1620.178 872.803 1098.022 -699.158 708.771 406.494 913.086 758.667 342.102 2511.444 2290.192 实验室 1 074
4438418 4839 2025/12/24 11:06:25 P15 0 0 0 0 0 0 0 175.171 307.159 1261.292 1385.803 2746.277 805.359 3781.281 57.678 189.056 3270.111 -21.362 1225.891 396.729 296.936 959.473 261.078 1146.698 818.787 -23.041 1091.614 -4990.082 -174.866 63.934 -596.008 36.011 -90.942 1830.75 551.758 1621.246 872.65 1101.685 -699.158 709.076 416.26 912.781 764.16 339.05 2510.986 2289.429 实验室 1 074
4438419 4839 2025/12/24 11:06:26 P15 0 0 0 0 0 0 0 175.324 307.159 1262.512 1387.329 2747.65 804.901 3778.839 59.357 65.308 3270.264 -20.599 1225.281 396.271 297.852 959.778 259.552 1150.513 818.787 -23.804 1092.682 -4989.472 -198.364 61.951 -584.412 36.469 -91.705 1833.038 552.368 1622.772 873.718 1101.685 -699.463 709.381 414.124 916.138 769.348 349.426 2510.376 2290.955 实验室 1 074
4438420 4839 2025/12/24 11:06:27 P15 0 0 0 0 0 0 0 175.018 310.059 1262.817 1389.313 2748.413 805.512 3779.297 82.55 -40.588 3282.776 -21.973 1225.433 396.118 298.462 957.947 259.399 1151.428 820.16 -23.346 1092.529 -4988.403 -196.228 59.967 -580.444 36.316 -91.858 1834.259 551.758 1623.535 875.092 1102.753 -698.7 710.449 414.581 920.868 765.076 342.407 2510.834 2289.429 实验室 1 074
4438421 4839 2025/12/24 11:06:28 P15 0 0 0 0 0 0 0 175.476 309.753 1264.038 1390.533 2748.871 805.054 3780.06 48.676 83.313 3280.64 -21.973 1227.417 395.813 298.767 958.252 259.705 1152.649 820.465 -23.804 1094.513 -4987.793 -184.784 62.256 -577.698 36.011 -91.553 1835.327 552.979 1625.519 875.855 1102.142 -699.768 710.907 427.094 925.14 770.416 344.238 2510.071 2289.429 实验室 1 074
4438422 4839 2025/12/24 11:06:29 P15 0 0 0 0 0 0 0 175.781 309.753 1265.259 1391.754 2750.702 805.817 3778.992 45.471 163.727 3294.678 -21.82 1227.57 395.966 299.072 956.421 258.484 1155.09 820.313 -24.109 1094.513 -4991.913 -133.972 62.256 -579.224 36.774 -91.553 1836.7 552.368 1626.587 876.923 1103.973 -698.853 711.823 419.922 925.751 769.806 345.001 2510.681 2290.649 实验室 1 074
4438423 4839 2025/12/24 11:06:30 P15 0 0 0 0 0 0 0 175.476 307.007 1266.479 1392.975 2750.854 805.664 3782.043 53.253 212.25 3298.492 -21.82 1228.943 395.203 299.377 955.505 258.789 1156.616 820.465 -24.872 1095.734 -4989.472 -117.95 60.425 -595.856 37.689 -93.079 1837.006 552.826 1628.418 878.296 1105.957 -699.31 711.67 429.077 920.258 772.705 345.612 2512.512 2292.48 实验室 1 074
4438424 4839 2025/12/24 11:06:31 P15 0 0 0 0 0 0 0 175.324 307.465 1267.548 1395.416 2753.906 806.274 3778.992 53.406 158.539 3313.446 -21.21 1228.485 395.966 300.903 954.895 257.721 1159.058 821.381 -20.142 1094.208 -4990.997 -104.218 63.019 -614.319 36.316 -93.231 1840.82 552.826 1629.181 878.296 1107.941 -699.31 712.585 431.519 910.492 771.332 347.29 2511.292 2290.344 实验室 1 074
4438425 4839 2025/12/24 11:06:32 P15 0 0 0 0 0 0 0 175.476 308.38 1269.836 1395.264 2753.143 805.817 3779.449 72.021 54.932 3315.735 -20.752 1228.485 396.729 300.14 953.522 257.568 1160.126 822.296 -23.499 1095.581 -4990.234 -103.607 61.34 -671.387 37.231 -93.079 1840.057 553.131 1630.859 880.737 1108.551 -709.229 713.196 434.113 933.075 772.705 343.475 2510.529 2288.513 实验室 1 074
4438426 4839 2025/12/24 11:06:33 P15 0 0 0 0 0 0 0 175.018 307.465 1270.905 1396.942 2753.601 807.343 3780.212 6.714 25.33 3316.04 -21.82 1230.164 397.949 301.361 954.285 258.484 1161.957 822.754 -23.651 1094.513 -4989.319 -48.523 60.883 -716.095 37.384 -92.773 1841.431 552.826 1632.69 881.805 1110.687 -697.784 713.654 441.132 934.906 773.926 346.222 2511.292 2293.549 实验室 1 074
4438427 4839 2025/12/24 11:06:34 P15 0 0 0 0 0 0 0 175.476 306.397 1270.752 1398.926 2754.974 808.106 3780.06 42.877 56.763 3317.108 -21.667 1230.927 396.271 302.277 952.759 257.721 1163.635 821.381 -23.346 1094.971 -4989.014 -30.212 60.577 -706.177 37.537 -93.689 1842.651 554.504 1632.843 881.653 1114.502 -698.395 714.111 448.456 927.429 777.588 347.748 2509.918 2290.955 实验室 1 074
4438428 4839 2025/12/24 11:06:35 P15 0 0 0 0 0 0 0 175.781 308.991 1272.583 1401.062 2756.958 808.258 3778.229 50.507 133.362 3316.193 -21.667 1230.011 397.949 303.04 952.759 256.805 1165.619 821.686 -23.651 1095.428 -4990.387 -17.7 59.814 -709.839 37.231 -93.231 1844.635 553.894 1634.521 882.416 1114.502 -698.7 714.417 449.066 937.805 776.672 348.206 2510.376 2291.565 实验室 1 074
4438429 4839 2025/12/24 11:06:36 P15 0 0 0 0 0 0 0 175.781 308.38 1272.43 1401.825 2757.568 807.19 3781.586 43.03 192.871 3325.348 -21.362 1230.774 397.186 302.734 950.623 256.5 1167.908 821.686 -25.177 1096.497 -4988.556 -1.221 62.103 -699.463 37.994 -94.299 1845.093 553.894 1636.047 883.331 1116.791 -699.616 715.637 452.423 936.89 779.419 349.426 2511.139 2289.276 实验室 1 074
4438430 4839 2025/12/24 11:06:37 P15 0 0 0 0 0 0 0 174.408 309.296 1274.261 1403.351 2757.111 808.258 3780.823 39.52 347.138 3332.062 -21.973 1230.774 397.949 303.192 950.623 255.737 1169.281 822.449 -23.804 1096.802 -4990.845 -37.079 59.204 -733.948 37.689 -94.452 1845.856 553.436 1637.726 884.094 1118.622 -699.616 715.485 458.069 933.991 785.828 348.206 2511.597 2289.124 实验室 1 074
4438431 4839 2025/12/24 11:06:38 P15 0 0 0 0 0 0 0 175.476 307.312 1274.719 1403.961 2758.179 809.174 3780.06 66.071 298.767 3339.996 -21.362 1232.3 397.949 303.345 949.86 256.043 1170.654 822.144 -21.82 1097.107 -4990.692 -53.711 58.746 -759.583 38.605 -93.079 1847.382 553.894 1638.489 884.857 1121.063 -699.463 715.942 465.393 938.263 790.863 347.595 2510.529 2290.802 实验室 1 074
4438432 4839 2025/12/24 11:06:39 P15 0 0 0 0 0 0 0 175.629 311.585 1277.466 1405.334 2759.399 809.784 3779.602 19.226 199.127 3340.149 -21.362 1231.995 397.644 304.108 949.86 255.89 1171.875 821.228 -23.651 1098.633 -4988.556 -49.438 60.272 -779.114 37.842 -93.689 1847.992 554.504 1639.557 886.841 1122.589 -699.768 716.553 472.717 943.298 780.945 348.358 2510.223 2291.565 实验室 1 074
4438433 4839 2025/12/24 11:06:40 P15 0 0 0 0 0 0 0 176.392 308.38 1277.161 1407.318 2761.993 809.479 3779.602 30.365 205.841 3351.135 -22.278 1231.995 397.797 305.023 948.944 254.517 1174.316 821.228 -24.261 1097.87 -4989.624 -57.831 61.646 -776.825 38.605 -94.757 1850.281 554.199 1641.235 886.688 1124.115 -699.158 717.926 476.074 933.838 783.081 348.206 2510.223 2292.328 实验室 1 074
4438434 4839 2025/12/24 11:06:41 P15 0 0 0 0 0 0 0 175.476 311.127 1278.839 1407.471 2760.468 810.089 3780.67 40.283 187.836 3342.438 -21.82 1233.063 398.254 305.328 948.029 254.669 1175.842 821.686 -22.888 1098.022 -4991.15 -79.498 60.73 -789.795 38.452 -95.367 1852.112 554.352 1642.914 887.451 1126.404 -698.395 717.773 469.971 939.331 787.354 344.849 2511.444 2287.75 实验室 1 074
4438435 4839 2025/12/24 11:06:42 P15 0 0 0 0 0 0 0 175.018 310.822 1279.602 1408.997 2761.993 810.089 3780.975 45.624 179.443 3340.912 -22.278 1233.215 398.254 306.702 946.198 253.449 1176.91 821.381 -24.109 1098.175 -4988.861 -112.61 59.052 -787.506 39.063 -94.604 1852.112 554.504 1643.677 888.519 1126.556 -699.463 718.689 472.717 943.909 789.642 347.748 2511.292 2288.818 实验室 1 074
4438436 4839 2025/12/24 11:06:43 P15 0 0 0 0 0 0 0 175.171 310.974 1279.144 1409.76 2763.519 810.852 3780.365 80.719 178.986 3360.596 -21.057 1233.368 398.407 305.023 946.045 253.906 1179.504 820.465 -23.804 1098.175 -4988.251 -127.258 63.782 -817.413 39.063 -95.215 1853.485 554.81 1645.05 889.13 1126.099 -699.463 718.536 484.772 944.977 794.678 350.342 2511.292 2294.769 实验室 1 074
4438437 4839 2025/12/24 11:06:44 P15 0 0 0 0 0 0 0 174.408 308.991 1282.349 1413.116 2763.519 810.394 3779.449 58.289 227.966 3353.729 -22.125 1233.215 399.17 306.702 945.74 253.754 1180.42 820.465 -23.499 1098.785 -4991.76 -112 61.951 -850.83 39.978 -95.52 1853.638 554.962 1647.186 890.656 1127.167 -698.242 718.842 491.028 953.98 787.659 352.02 2510.834 2289.429 实验室 1 074
4438438 4839 2025/12/24 11:06:45 P15 0 0 0 0 0 0 0 175.018 309.753 1282.501 1412.811 2764.282 811.31 3779.297 16.022 192.108 3357.391 -20.599 1234.283 398.712 307.922 945.74 253.143 1181.793 820.313 -23.804 1099.396 -4989.776 -121.765 61.34 -846.558 39.063 -95.215 1856.842 555.267 1648.102 891.571 1128.845 -699.005 719.605 484.619 952.911 790.558 352.478 2510.834 2290.192 实验室 1 074
4438439 4839 2025/12/24 11:06:46 P15 0 0 0 0 0 0 0 175.171 309.601 1282.959 1413.727 2765.656 811.615 3780.212 25.177 117.188 3358.612 -22.583 1233.826 399.017 307.159 944.824 256.653 1184.692 820.16 -23.499 1099.548 -4989.014 -66.986 62.714 -838.928 39.52 -95.825 1855.774 555.115 1649.17 892.029 1132.965 -698.547 720.215 499.725 952.759 794.22 351.715 2510.986 2287.598 实验室 1 074
4438440 4839 2025/12/24 11:06:47 P15 0 0 0 0 0 0 0 175.934 309.296 1283.722 1415.558 2765.961 811.768 3780.975 68.054 126.648 3376.77 -22.125 1233.673 399.17 307.922 944.977 252.075 1184.54 819.092 -23.346 1098.48 -4991.913 -25.94 62.561 -847.015 38.91 -95.52 1857.605 555.42 1650.085 892.792 1132.355 -699.768 721.13 501.709 943.604 795.288 351.105 2510.681 2290.344 实验室 1 074
4438441 4839 2025/12/24 11:06:48 P15 0 0 0 0 0 0 0 175.629 313.11 1284.637 1416.473 2766.876 812.531 3781.281 54.626 80.261 3367.767 -22.583 1234.894 398.865 309.448 943.298 252.075 1186.218 819.855 -23.041 1100.464 -4989.776 -12.054 61.035 -885.162 39.825 -95.825 1858.673 555.42 1651.001 893.707 1134.033 -698.395 721.436 500.183 945.892 795.441 351.41 2511.292 2290.039 实验室 1 074
4438442 4839 2025/12/24 11:06:49 P15 0 0 0 0 0 0 0 175.781 308.838 1286.011 1416.931 2767.334 812.988 3780.212 55.084 133.209 3387.146 -21.973 1234.589 398.712 308.533 943.604 251.465 1188.965 818.787 -22.888 1100.006 -4988.403 45.624 64.24 -912.018 40.283 -96.436 1860.504 555.267 1652.222 895.081 1136.475 -699.616 721.741 506.592 949.097 795.441 352.631 2511.139 2288.055 实验室 1 074
4438443 4839 2025/12/24 11:06:50 P15 0 0 0 0 0 0 0 175.934 309.906 1285.706 1418.457 2768.555 812.988 3779.297 27.466 174.561 3385.925 -21.515 1233.673 399.323 308.838 943.909 251.617 1189.728 817.719 -22.583 1101.227 -4990.997 39.368 60.425 -926.209 40.283 -96.893 1860.809 555.878 1653.442 895.691 1138 -699.005 722.351 511.932 959.168 799.561 352.478 2510.681 2292.633 实验室 1 074
4438444 4839 2025/12/24 11:06:51 P15 0 0 0 0 0 0 0 175.781 312.653 1286.163 1419.83 2769.012 813.599 3779.602 87.128 166.016 3394.928 -22.583 1234.589 401.154 309.448 943.756 251.16 1191.559 816.803 -22.278 1100.769 -4990.54 65.613 63.324 -934.601 40.741 -97.504 1863.556 555.878 1654.663 896.912 1139.679 -698.547 722.504 513.306 960.541 798.035 353.394 2510.376 2290.802 实验室 1 074
4438445 4839 2025/12/24 11:06:52 P15 0 0 0 0 0 0 0 176.392 313.721 1288.3 1421.051 2770.844 813.294 3780.365 21.057 138.55 3404.999 -21.362 1232.91 400.696 309.296 941.773 250.702 1192.932 816.65 -22.125 1101.532 -4987.945 58.594 61.951 -933.533 40.283 -97.198 1863.098 556.335 1656.342 896.912 1135.864 -698.547 723.267 512.39 966.187 800.018 352.478 2511.597 2288.971 实验室 1 074
4438446 4839 2025/12/24 11:06:53 P15 0 0 0 0 0 0 0 175.934 312.805 1289.368 1423.645 2770.996 815.43 3781.281 64.545 119.934 3412.17 -21.515 1234.741 400.543 312.042 941.925 251.16 1193.695 816.65 -22.125 1101.227 -4989.776 84.076 60.73 -909.119 41.504 -96.741 1863.861 556.335 1657.104 897.827 1137.695 -698.547 723.114 527.802 960.846 800.018 353.241 2510.529 2294.159 实验室 1 074
4438447 4839 2025/12/24 11:06:54 P15 0 0 0 0 0 0 0 175.476 313.721 1289.52 1423.187 2770.691 814.514 3781.128 50.354 181.427 3409.119 -22.125 1234.741 400.391 311.127 941.162 250.244 1195.679 816.193 -23.346 1102.295 -4991.455 58.289 61.035 -900.269 39.368 -96.741 1864.319 556.03 1657.867 898.743 1136.932 -698.7 724.64 520.783 957.489 804.749 350.952 2511.292 2289.734 实验室 1 074
4438448 4839 2025/12/24 11:06:55 P15 0 0 0 0 0 0 0 176.544 307.77 1291.504 1423.798 2772.675 814.056 3779.602 76.294 202.484 3407.135 -21.362 1235.199 400.391 310.364 941.315 250.092 1197.205 819.55 -22.583 1102.142 -4988.403 46.234 61.798 -975.342 40.436 -97.961 1865.234 556.641 1659.698 899.048 1140.137 -699.158 724.335 527.191 974.121 804.138 355.835 2511.444 2290.802 实验室 1 074
4438449 4839 2025/12/24 11:06:56 P15 0 0 0 0 0 0 0 175.171 315.247 1291.809 1424.561 2773.743 814.667 3779.907 70.496 244.598 3405.762 -22.278 1234.741 400.085 310.974 941.315 249.634 1199.493 813.141 -22.583 1102.295 -4987.335 12.36 60.577 -991.058 41.046 -97.351 1866.76 556.641 1660.309 900.879 1139.984 -699.768 725.098 535.584 970.612 804.749 358.734 2510.071 2291.412 实验室 1 074
4438450 4839 2025/12/24 11:06:57 P15 0 0 0 0 0 0 0 175.781 312.5 1292.725 1424.866 2774.048 815.735 3779.297 18.921 259.705 3401.947 -21.973 1235.809 401.154 311.737 940.704 249.481 1200.562 813.294 -21.515 1102.753 -4992.065 17.7 63.782 -1017.303 42.114 -97.961 1868.896 557.404 1661.682 901.032 1138.306 -699.158 725.403 541.229 968.17 804.596 354.462 2510.071 2291.87 实验室 1 074
4438451 4839 2025/12/24 11:06:58 P15 0 0 0 0 0 0 0 176.544 314.941 1292.877 1427.002 2774.353 815.888 3780.365 43.488 230.103 3394.165 -21.973 1233.826 401.764 311.279 940.247 249.176 1201.477 812.531 -21.057 1103.21 -4990.54 40.131 62.866 -1027.832 41.046 -97.198 1868.591 557.404 1663.208 901.642 1140.137 -699.158 726.166 540.009 972.748 807.648 357.666 2511.444 2290.039 实验室 1 074
4438452 4839 2025/12/24 11:06:59 P15 0 0 0 0 0 0 0 175.934 314.331 1294.556 1428.375 2774.963 815.735 3781.433 38.3 225.067 3415.07 -21.667 1236.267 401.001 312.958 940.247 248.871 1202.393 811.615 -25.94 1103.668 -4988.556 30.518 61.493 -1035.004 41.504 -99.335 1869.659 557.251 1663.513 902.252 1139.679 -698.853 726.471 548.554 979.004 802.002 354.919 2511.292 2289.124 实验室 1 074
4438453 4839 2025/12/24 11:07:00 P15 0 0 0 0 0 0 0 177.002 314.636 1295.624 1428.833 2775.421 815.125 3780.975 40.436 201.111 3417.053 -21.667 1234.741 402.527 312.347 939.636 248.261 1203.766 812.531 -22.43 1104.126 -4991.15 16.479 64.24 -1041.107 41.656 -98.419 1870.422 557.404 1665.649 903.32 1141.357 -700.073 726.776 548.859 980.988 806.732 355.53 2511.749 2290.039 实验室 1 074
4438454 4839 2025/12/24 11:07:01 P15 0 0 0 0 0 0 0 175.934 314.636 1296.692 1429.749 2776.947 816.04 3779.602 49.591 185.394 3417.664 -22.125 1233.521 401.611 312.653 940.704 247.803 1206.055 811.005 -21.515 1104.279 -4991.15 -1.831 60.73 -1070.557 43.182 -98.114 1872.101 557.556 1666.412 904.236 1143.799 -697.327 727.692 549.164 974.121 805.817 356.293 2510.376 2290.955 实验室 1 074
4438455 4839 2025/12/24 11:07:02 P15 0 0 0 0 0 0 0 175.781 319.214 1296.539 1431.732 2776.947 816.04 3780.365 43.182 122.376 3429.871 -22.125 1234.894 401.306 313.721 939.941 247.65 1206.818 809.174 -24.261 1104.584 -4990.082 42.877 61.646 -1051.788 43.182 -98.114 1873.627 558.014 1665.192 904.388 1145.782 -699.005 727.997 557.098 976.715 809.479 357.361 2510.529 2290.344 实验室 1 074
4438456 4839 2025/12/24 11:07:03 P15 0 0 0 0 0 0 0 175.934 321.045 1297.913 1432.343 2778.015 816.803 3781.586 60.883 93.079 3417.511 -21.82 1235.199 401.611 314.941 939.484 247.65 1208.344 808.868 -21.21 1105.652 -4987.793 83.008 62.561 -1065.674 42.267 -97.961 1874.39 557.709 1668.091 904.846 1145.172 -697.479 728.302 565.643 979.309 809.784 358.124 2511.597 2290.802 实验室 1 074
4438457 4839 2025/12/24 11:07:04 P15 0 0 0 0 0 0 0 175.476 314.026 1298.37 1433.411 2778.32 817.566 3780.823 77.362 68.359 3413.849 -21.515 1234.131 401.459 313.873 939.331 247.498 1210.938 806.122 -20.447 1105.347 -4989.014 111.389 61.798 -1075.592 42.419 -98.419 1875.305 558.167 1669.312 906.677 1146.545 -698.395 728.455 555.267 985.565 809.479 356.751 2511.444 2287.598 实验室 1 074
4438458 4839 2025/12/24 11:07:05 P15 0 0 0 0 0 0 0 176.392 317.993 1301.117 1434.174 2779.541 816.803 3780.518 49.133 142.67 3437.347 -21.667 1233.673 402.222 314.026 938.873 247.345 1210.632 806.58 -22.888 1105.804 -4990.082 116.272 61.646 -1090.546 41.504 -98.114 1875.305 558.014 1669.922 906.372 1150.513 -698.09 729.523 570.679 978.394 812.683 356.903 2511.597 2291.412 实验室 1 074
4438459 4839 2025/12/24 11:07:06 P15 0 0 0 0 0 0 0 176.392 317.535 1301.27 1435.242 2780.762 816.956 3778.992 26.093 194.702 3435.822 -21.973 1232.452 408.02 313.873 939.179 247.04 1212.006 804.749 -23.651 1105.957 -4990.845 113.373 61.34 -1112.976 42.877 -98.877 1877.136 558.014 1671.906 907.135 1154.022 -699.463 730.133 577.087 984.65 813.294 357.208 2510.986 2286.377 实验室 1 074
4438460 4839 2025/12/24 11:07:07 P15 0 0 0 0 0 0 0 176.544 318.909 1300.964 1436.615 2779.388 818.176 3778.992 88.959 140.381 3426.971 -21.515 1232.758 402.222 315.857 939.331 246.429 1213.379 809.174 -22.583 1107.025 -4989.624 109.406 59.662 -1096.649 43.03 -98.572 1876.678 558.624 1671.753 908.051 1153.717 -698.242 730.743 576.935 993.347 812.073 357.208 2510.376 2287.598 实验室 1 074
4438461 4839 2025/12/24 11:07:08 P15 0 0 0 0 0 0 0 176.239 321.35 1301.727 1436.462 2780.304 819.092 3780.518 47.607 162.201 3453.369 -22.125 1233.826 402.679 314.484 939.941 246.735 1215.21 803.833 -21.21 1107.025 -4990.845 120.544 65.002 -1127.777 43.488 -99.03 1878.815 558.167 1673.126 908.814 1154.633 -698.547 730.743 575.867 995.636 817.413 357.666 2510.376 2290.192 实验室 1 074
4438462 4839 2025/12/24 11:07:09 P15 0 0 0 0 0 0 0 175.476 324.249 1303.253 1438.446 2780.304 819.092 3781.128 28.839 144.348 3435.516 -21.667 1232.3 402.374 315.704 939.331 245.514 1216.431 804.596 -20.905 1106.262 -4989.472 92.316 64.545 -1144.867 43.335 -98.724 1879.578 557.709 1673.279 909.271 1152.649 -698.395 731.659 583.496 985.718 820.007 359.192 2511.292 2290.039 实验室 1 074
4438463 4839 2025/12/24 11:07:10 P15 0 0 0 0 0 0 0 177.002 324.249 1302.643 1438.446 2781.83 819.092 3780.518 59.509 97.961 3455.811 -22.278 1233.215 403.137 314.179 939.484 245.361 1217.957 801.239 -20.752 1107.025 -4987.945 70.801 63.171 -1153.259 43.182 -99.487 1879.272 558.319 1675.11 910.492 1156.616 -698.395 731.354 578.766 984.039 816.803 359.497 2512.207 2292.023 实验室 1 074
4438464 4839 2025/12/24 11:07:11 P15 0 0 0 0 0 0 0 175.018 323.486 1303.558 1438.599 2781.067 818.939 3779.449 70.343 79.651 3455.353 -21.362 1232.3 402.832 315.552 941.162 245.209 1219.788 800.934 -21.667 1108.551 -4990.845 57.068 62.408 -1170.044 43.793 -100.098 1881.714 558.624 1676.331 911.865 1158.447 -698.395 732.422 592.804 984.039 820.77 361.786 2511.292 2290.802 实验室 1 074
4438465 4839 2025/12/24 11:07:12 P15 0 0 0 0 0 0 0 175.934 323.029 1304.016 1441.04 2782.44 819.55 3778.076 50.354 169.678 3443.298 -20.599 1231.384 403.595 316.162 939.179 245.667 1219.788 803.986 -21.057 1107.788 -4989.472 70.648 57.983 -1197.968 44.098 -99.03 1881.866 558.777 1676.788 911.255 1159.668 -699.616 733.032 596.466 982.513 818.634 358.124 2510.986 2289.886 实验室 1 074
4438466 4839 2025/12/24 11:07:13 P15 0 0 0 0 0 0 0 176.849 327.911 1306.305 1440.735 2782.898 820.923 3779.449 11.444 176.239 3455.505 -21.82 1231.689 403.29 316.01 939.026 244.904 1221.313 799.103 -21.515 1108.856 -4988.708 98.419 64.545 -1192.78 44.098 -99.335 1882.172 558.624 1678.467 912.018 1157.379 -699.158 733.643 599.06 986.023 819.244 359.65 2510.986 2294.464 实验室 1 074
4438467 4839 2025/12/24 11:07:14 P15 0 0 0 0 0 0 0 176.086 324.707 1306.152 1441.65 2782.44 820.618 3782.043 -0.458 185.7 3460.388 -21.973 1231.995 403.748 317.23 940.094 244.904 1222.076 797.272 -20.905 1109.314 -4991.76 39.215 62.561 -1221.008 44.098 -99.335 1882.935 559.082 1679.84 913.849 1159.21 -699.31 733.49 599.823 999.146 823.975 360.107 2511.139 2287.292 实验室 1 074
4438468 4839 2025/12/24 11:07:15 P15 0 0 0 0 0 0 0 176.392 326.386 1307.526 1442.566 2783.203 820.465 3781.433 41.504 252.686 3462.524 -22.125 1231.232 404.358 316.773 939.941 244.293 1224.06 797.119 -21.362 1109.161 -4989.776 81.94 62.103 -1254.578 43.945 -100.098 1884.155 558.472 1680.603 913.696 1158.447 -699.31 735.169 604.706 982.056 823.059 361.939 2511.444 2290.039 实验室 1 074
4438469 4839 2025/12/24 11:07:16 P15 0 0 0 0 0 0 0 177.612 325.623 1309.204 1441.04 2785.187 820.923 3778.687 83.466 203.247 3470.001 -21.82 1228.027 404.663 317.535 940.247 243.988 1225.281 795.593 -21.362 1110.535 -4990.082 69.427 62.408 -1276.093 44.556 -99.945 1885.986 559.54 1681.671 914.612 1160.889 -698.7 735.016 609.589 996.246 825.348 363.617 2510.376 2290.802 实验室 1 074
4438470 4839 2025/12/24 11:07:17 P15 0 0 0 0 0 0 0 176.544 326.386 1309.509 1443.787 2785.339 820.923 3778.839 73.242 180.512 3464.508 -21.82 1228.79 403.9 317.23 940.094 243.835 1225.891 801.697 -21.973 1110.077 -4989.014 58.136 62.103 -1298.523 44.098 -100.403 1886.749 559.082 1681.519 916.138 1160.736 -699.31 735.321 613.861 985.107 822.144 359.345 2510.071 2291.26 实验室 1 074
4438471 4839 2025/12/24 11:07:18 P15 0 0 0 0 0 0 0 175.934 328.827 1309.357 1443.634 2785.797 821.381 3781.281 73.853 226.746 3467.407 -21.82 1228.027 403.9 318.146 940.247 243.835 1228.333 793.915 -21.515 1111.45 -4990.997 70.038 65.155 -1287.689 44.708 -100.098 1887.054 560.303 1682.587 915.222 1166.229 -698.7 736.389 614.471 999.756 829.163 364.075 2510.986 2290.192 实验室 1 074
4438472 4839 2025/12/24 11:07:19 P15 0 0 0 0 0 0 0 176.544 329.285 1310.883 1445.465 2785.187 822.296 3781.281 50.812 81.024 3473.053 -21.667 1227.722 404.358 318.909 939.331 243.683 1228.638 792.847 -21.515 1110.687 -4990.997 55.542 61.646 -1273.041 44.861 -99.03 1887.36 558.777 1683.96 916.29 1164.551 -698.853 736.084 610.504 1002.502 825.501 364.075 2511.597 2291.26 实验室 1 074
4438473 4839 2025/12/24 11:07:20 P15 0 0 0 0 0 0 0 176.544 328.522 1310.425 1445.465 2785.339 822.754 3780.518 57.526 90.485 3473.206 -22.278 1228.18 404.968 318.604 940.399 242.767 1229.858 793.152 -20.752 1110.992 -4988.098 59.509 62.103 -1276.398 44.556 -99.945 1888.123 558.624 1684.265 917.358 1162.872 -698.7 736.694 615.082 999.146 825.348 362.701 2510.376 2289.276 实验室 1 074
4438474 4839 2025/12/24 11:07:21 P15 0 0 0 0 0 0 0 176.392 332.184 1313.019 1445.465 2786.102 822.907 3780.06 54.626 -0.61 3481.903 -22.278 1227.112 404.663 318.298 941.315 242.462 1231.537 790.558 -20.142 1111.755 -4988.708 58.746 64.392 -1264.496 44.861 -100.098 1889.801 559.54 1686.401 917.969 1166.077 -697.784 737 625.153 989.99 827.332 359.802 2511.292 2292.786 实验室 1 074
4438475 4839 2025/12/24 11:07:22 P15 0 0 0 0 0 0 0 177.46 335.388 1313.477 1447.601 2786.102 822.754 3780.365 44.708 54.626 3489.685 -22.278 1228.79 404.816 319.214 940.704 242.462 1232.91 791.321 -20.447 1112.518 -4988.251 43.03 62.561 -1289.825 44.861 -99.792 1890.869 559.235 1686.249 918.427 1166.534 -698.242 737.915 627.289 1000.977 832.825 361.328 2510.529 2290.802 实验室 1 074
4438476 4839 2025/12/24 11:07:23 P15 0 0 0 0 0 0 0 177.155 327.606 1313.019 1446.991 2785.95 822.754 3781.891 32.349 226.288 3478.851 -21.667 1226.501 404.968 318.298 941.467 242.31 1233.673 790.1 -21.21 1112.671 -4990.082 26.245 66.071 -1320.496 45.166 -100.25 1891.022 559.235 1687.317 918.884 1165.619 -697.632 738.373 630.188 999.451 830.689 361.328 2510.986 2294.159 实验室 1 074
4438477 4839 2025/12/24 11:07:24 P15 0 0 0 0 0 0 0 176.849 332.794 1314.392 1451.721 2787.17 824.432 3778.839 12.817 254.669 3479.767 -21.362 1227.264 405.121 319.519 941.773 242.615 1234.436 789.185 -20.142 1113.434 -4989.776 36.163 60.12 -1334.076 44.708 -99.487 1891.327 560.303 1687.317 919.342 1167.908 -701.294 738.983 634.308 1005.859 831.451 361.481 2509.766 2290.955 实验室 1 074
4438478 4839 2025/12/24 11:07:25 P15 0 0 0 0 0 0 0 177.155 334.778 1315.155 1448.975 2786.865 824.585 3778.687 54.169 155.029 3483.124 -21.362 1225.586 404.358 319.214 941.925 241.699 1236.267 790.863 -20.447 1113.892 -4988.403 0.305 61.34 -1330.719 45.471 -100.555 1892.548 561.676 1688.69 919.495 1166.992 -700.684 738.831 638.733 1003.723 831.604 363.312 2509.918 2288.971 实验室 1 074
4438479 4839 2025/12/24 11:07:26 P15 0 0 0 0 0 0 0 177.307 335.083 1316.223 1449.432 2787.628 824.585 3781.433 42.114 50.964 3491.974 -21.057 1224.976 405.884 319.672 942.23 241.394 1237.03 788.269 -19.836 1114.044 -4987.641 -4.272 60.883 -1381.226 45.624 -100.098 1892.395 559.845 1689.758 920.258 1167.297 -701.447 739.594 640.106 1000.366 834.503 364.38 2511.597 2289.581 实验室 1 074
4438480 4839 2025/12/24 11:07:27 P15 0 0 0 0 0 0 0 176.849 338.287 1315.765 1450.195 2786.407 825.043 3778.839 76.904 119.782 3493.958 -22.125 1222.687 407.715 320.74 943.451 241.699 1238.098 786.438 -20.447 1113.892 -4987.793 -16.174 61.188 -1379.852 45.471 -101.013 1894.379 559.692 1689.453 920.715 1170.349 -700.684 739.441 637.512 1009.521 832.214 368.042 2510.376 2289.429 实验室 1 074
4438481 4839 2025/12/24 11:07:28 P15 0 0 0 0 0 0 0 176.544 336.609 1317.444 1450.5 2787.628 825.806 3779.907 45.624 53.558 3493.347 -21.973 1224.823 406.036 320.282 943.146 240.479 1239.777 786.743 -20.294 1115.417 -4991.913 -9.918 61.951 -1382.141 46.234 -100.098 1894.684 559.692 1691.437 922.241 1171.57 -702.057 739.746 637.97 1010.284 831.299 362.244 2510.681 2291.107 实验室 1 074
4438482 4839 2025/12/24 11:07:29 P15 0 0 0 0 0 0 0 176.392 339.966 1317.444 1451.721 2787.476 825.195 3779.602 -14.954 55.084 3493.652 -21.973 1223.145 406.342 320.587 942.993 240.936 1240.845 785.065 -19.989 1115.112 -4988.861 -6.409 62.561 -1397.247 44.708 -99.792 1897.125 559.845 1691.742 921.783 1171.722 -700.073 741.119 640.259 1007.69 831.451 362.091 2510.681 2290.344 实验室 1 074
4438483 4839 2025/12/24 11:07:30 P15 0 0 0 0 0 0 0 177.307 335.999 1318.97 1451.569 2788.696 825.348 3782.349 25.787 109.1 3500.519 -22.888 1223.45 406.189 321.35 944.061 240.631 1241.76 784.149 -20.905 1114.96 -4987.641 -7.935 65.765 -1417.542 45.776 -100.25 1896.057 559.845 1692.81 923.157 1174.469 -699.005 740.662 637.512 1008.301 834.198 368.347 2510.071 2289.734 实验室 1 074
4438484 4839 2025/12/24 11:07:31 P15 0 0 0 0 0 0 0 177.918 344.391 1319.427 1451.874 2788.696 825.348 3781.586 39.063 97.046 3505.859 -20.905 1221.924 407.257 320.282 943.451 240.631 1244.049 783.234 -20.599 1116.028 -4991.455 -17.242 61.646 -1441.803 45.624 -99.792 1897.736 559.845 1693.115 923.004 1172.638 -698.7 741.272 641.937 1016.541 836.487 365.753 2512.512 2290.192 实验室 1 074
4438485 4839 2025/12/24 11:07:32 P15 0 0 0 0 0 0 0 176.392 342.407 1320.038 1452.942 2789.001 826.874 3778.534 37.079 163.574 3513.794 -21.667 1219.33 406.799 321.96 944.672 239.716 1244.049 781.403 -19.379 1115.57 -4990.692 8.087 60.12 -1466.98 46.692 -100.708 1896.82 560.761 1694.183 924.072 1172.18 -700.989 742.34 651.856 1016.846 835.877 363.464 2509.918 2293.701 实验室 1 074
4438486 4839 2025/12/24 11:07:33 P15 0 0 0 0 0 0 0 177.155 339.356 1320.953 1453.705 2790.222 826.569 3779.755 44.25 125.732 3500.977 -22.125 1221.161 406.799 320.74 945.435 239.563 1244.354 780.029 -21.057 1117.096 -4988.098 -13.428 61.34 -1455.231 46.692 -100.861 1898.041 559.998 1694.336 924.683 1175.69 -699.158 742.645 654.755 1016.388 835.114 364.838 2510.986 2290.802 实验室 1 074
4438487 4839 2025/12/24 11:07:34 P15 0 0 0 0 0 0 0 177.307 344.544 1322.479 1454.315 2788.086 825.958 3781.281 80.261 186.768 3505.249 -21.667 1221.008 406.799 322.266 945.74 239.563 1245.575 781.097 -19.836 1116.18 -4989.166 6.714 61.951 -1460.114 46.997 -101.013 1898.499 560.608 1695.251 924.072 1176.453 -697.937 742.95 655.823 1019.745 838.471 362.549 2511.902 2290.497 实验室 1 074
4438488 4839 2025/12/24 11:07:35 P15 0 0 0 0 0 0 0 177.155 344.391 1322.021 1455.383 2788.849 826.569 3778.992 32.349 255.432 3507.233 -22.583 1219.788 407.105 322.113 945.129 239.563 1246.49 778.656 -20.294 1118.317 -4991.303 36.011 61.035 -1429.596 46.387 -101.318 1899.261 559.845 1695.862 924.835 1173.706 -697.022 743.713 653.839 1022.949 836.334 361.633 2510.376 2290.344 实验室 1 074
4438489 4839 2025/12/24 11:07:36 P15 0 0 0 0 0 0 0 177.155 343.781 1323.395 1455.078 2789.154 827.942 3779.297 65.46 252.228 3502.197 -21.82 1219.94 406.342 321.655 946.35 238.648 1248.169 777.741 -20.294 1117.249 -4989.472 36.011 60.425 -1432.495 47.76 -101.166 1901.093 560.761 1696.625 926.666 1172.485 -697.022 743.713 658.112 1013.031 842.285 366.058 2510.529 2288.513 实验室 1 074
4438490 4839 2025/12/24 11:07:37 P15 0 0 0 0 0 0 0 177.765 346.375 1323.547 1457.367 2789.001 828.095 3780.823 45.624 346.527 3518.982 -21.82 1219.33 406.647 322.266 946.198 239.258 1249.695 789.337 -19.379 1118.469 -4988.403 75.684 61.035 -1447.906 46.844 -101.318 1900.787 560.455 1697.845 927.277 1171.57 -699.768 743.713 661.316 1018.829 843.353 365.448 2510.681 2291.565 实验室 1 074
4438491 4839 2025/12/24 11:07:38 P15 0 0 0 0 0 0 0 177.307 344.849 1324.615 1457.977 2789.307 828.4 3780.212 32.959 293.121 3523.407 -21.667 1219.177 407.562 322.418 946.808 238.648 1250.153 774.841 -20.294 1118.164 -4989.014 83.771 63.782 -1520.538 47.607 -101.013 1901.855 561.066 1697.998 927.124 1172.638 -698.242 744.476 659.943 1017.609 839.386 364.075 2511.139 2292.023 实验室 1 074
4438492 4839 2025/12/24 11:07:39 P15 0 0 0 0 0 0 0 177.612 346.985 1323.853 1457.977 2789.764 828.857 3779.602 49.744 239.563 3508.606 -21.21 1217.346 408.325 321.96 947.266 238.037 1251.221 775.147 -18.311 1118.164 -4990.845 78.583 62.561 -1565.399 47.455 -101.471 1901.703 560.761 1697.845 927.734 1174.316 -698.547 744.782 663.757 1014.557 840.454 366.364 2510.681 2290.955 实验室 1 074
4438493 4839 2025/12/24 11:07:40 P15 0 0 0 0 0 0 0 177.612 354.919 1324.615 1459.503 2790.527 829.773 3779.144 11.444 207.214 3523.102 -22.278 1217.041 407.257 321.35 946.96 238.037 1251.984 774.231 -19.073 1118.317 -4987.641 67.749 61.951 -1549.53 47.15 -101.013 1903.381 560.608 1699.677 928.04 1174.622 -698.7 745.544 666.504 1023.712 838.318 361.939 2510.223 2287.598 实验室 1 074
4438494 4839 2025/12/24 11:07:41 P15 0 0 0 0 0 0 0 177.46 350.037 1325.531 1459.351 2790.527 829.163 3780.518 73.242 182.037 3520.203 -22.583 1216.583 407.715 322.266 948.486 236.511 1253.052 762.482 -18.921 1118.927 -4988.403 44.708 61.646 -1512.756 47.302 -100.708 1904.144 560.608 1700.592 929.26 1176.605 -698.547 745.85 665.741 1022.949 837.402 366.974 2510.529 2285.919 实验室 1 074
4438495 4839 2025/12/24 11:07:42 P15 0 0 0 0 0 0 0 177.918 351.105 1326.752 1460.266 2790.375 829.926 3781.433 85.754 80.872 3513.794 -21.667 1215.21 407.867 323.181 948.639 237.427 1254.578 771.179 -18.768 1119.385 -4992.065 21.667 61.646 -1516.876 47.607 -100.861 1905.365 560.15 1701.202 930.023 1178.284 -697.937 745.85 667.114 1028.595 841.217 365.448 2510.681 2291.565 实验室 1 074
4438496 4839 2025/12/24 11:07:43 P15 0 0 0 0 0 0 0 178.223 349.731 1327.515 1460.724 2791.29 828.857 3779.602 35.858 83.466 3521.881 -22.278 1215.973 407.715 323.334 949.249 237.427 1254.883 770.874 -20.447 1119.995 -4990.082 8.85 58.594 -1522.522 48.218 -100.861 1905.518 559.845 1702.271 930.176 1178.284 -698.09 746.765 669.098 1023.102 842.896 365.601 2511.292 2290.649 实验室 1 074
4438497 4839 2025/12/24 11:07:44 P15 0 0 0 0 0 0 0 177.918 351.715 1327.82 1461.029 2792.358 829.468 3780.06 60.272 114.136 3530.121 -21.667 1213.837 408.325 323.029 949.097 237.122 1254.883 769.501 -18.921 1119.995 -4988.251 5.646 62.256 -1533.356 48.065 -101.471 1905.518 560.761 1703.491 930.481 1182.251 -699.005 747.07 668.945 1023.102 841.675 364.838 2510.986 2290.649 实验室 1 074
4438498 4839 2025/12/24 11:07:45 P15 0 0 0 0 0 0 0 178.223 354.614 1329.346 1460.724 2792.664 829.62 3778.839 49.896 102.387 3525.085 -21.82 1213.226 409.088 323.029 949.249 237.427 1256.104 770.111 -20.447 1120.3 -4988.556 -18.921 59.357 -1542.969 48.523 -101.013 1906.586 560.455 1704.865 930.634 1180.573 -699.616 747.376 669.708 1016.388 843.506 366.364 2509.918 2287.903 实验室 1 074
4438499 4839 2025/12/24 11:07:46 P15 0 0 0 0 0 0 0 177.612 350.8 1329.651 1461.792 2792.053 830.689 3780.823 58.899 70.496 3517.609 -21.82 1212.311 408.02 324.249 950.165 236.511 1258.087 768.585 -18.311 1120.605 -4989.472 -42.725 62.103 -1609.955 47.913 -100.555 1906.281 561.218 1704.254 930.634 1182.556 -698.853 747.223 670.471 1021.423 843.353 364.38 2509.918 2291.565 实验室 1 074
4438500 4839 2025/12/24 11:07:47 P15 0 0 0 0 0 0 0 178.223 352.783 1330.109 1464.233 2791.29 830.841 3780.518 23.956 69.733 3529.205 -21.667 1211.548 408.02 323.486 950.012 237.274 1258.087 766.754 -18.768 1121.826 -4988.556 -13.123 59.204 -1638.947 47.15 -99.792 1907.349 561.523 1704.407 931.091 1185.15 -698.853 747.833 672.607 1020.966 842.743 364.533 2511.902 2290.649 实验室 1 074
4438501 4839 2025/12/24 11:07:48 P15 0 0 0 0 0 0 0 178.223 359.039 1331.482 1463.928 2791.443 830.841 3780.975 20.447 94.452 3521.423 -21.973 1212.769 408.325 324.249 950.928 236.816 1259.308 766.754 -18.616 1121.979 -4992.371 23.193 60.577 -1648.254 49.438 -101.471 1908.112 560.913 1705.017 931.244 1184.082 -698.547 748.291 672.15 1024.17 842.285 366.058 2511.139 2288.361 实验室 1 074
4438502 4839 2025/12/24 11:07:49 P15 0 0 0 0 0 0 0 178.528 355.225 1330.719 1465.454 2792.206 830.689 3778.992 21.362 189.819 3531.494 -22.125 1211.7 408.63 324.097 950.928 236.816 1259.46 767.365 -19.073 1122.589 -4990.54 -1.984 61.34 -1614.838 47.913 -101.013 1907.654 561.523 1706.085 931.854 1182.861 -699.158 748.749 672.76 1024.17 841.065 366.821 2511.749 2289.886 实验室 1 074
4438503 4839 2025/12/24 11:07:50 P15 0 0 0 0 0 0 0 178.223 356.445 1331.635 1464.844 2793.884 830.841 3778.687 45.166 153.198 3529.816 -21.515 1209.106 409.546 323.334 951.538 236.054 1261.902 763.55 -20.599 1121.826 -4988.708 -7.477 62.408 -1624.146 48.523 -100.708 1908.569 563.965 1706.848 932.465 1173.706 -699.463 748.596 673.676 1030.273 841.37 366.821 2510.071 2290.802 实验室 1 074
4438504 4839 2025/12/24 11:07:51 P15 0 0 0 0 0 0 0 178.833 355.53 1331.94 1466.675 2792.664 830.383 3778.839 53.253 116.882 3531.036 -22.278 1211.395 409.241 323.944 951.996 235.748 1261.749 763.55 -19.073 1122.894 -4992.218 19.531 58.289 -1626.434 48.676 -101.471 1909.79 560.913 1707.611 932.77 1182.709 -698.242 749.359 674.591 1035.309 845.49 364.685 2510.986 2289.276 实验室 1 074
4438505 4839 2025/12/24 11:07:52 P15 0 0 0 0 0 0 0 178.07 354.767 1332.092 1465.607 2793.274 832.672 3780.06 45.319 201.874 3541.107 -21.82 1211.09 409.241 324.86 952.301 235.901 1262.36 763.55 -18.311 1123.047 -4990.997 23.041 59.967 -1634.674 48.981 -101.166 1909.637 562.134 1708.527 932.922 1184.54 -698.7 749.054 671.539 1036.682 845.642 366.669 2510.681 2288.055 实验室 1 074
4438506 4839 2025/12/24 11:07:53 P15 0 0 0 0 0 0 0 178.07 354.462 1333.313 1467.133 2793.732 831.909 3780.365 85.297 235.901 3541.565 -21.973 1210.022 408.783 325.47 953.064 235.443 1263.275 760.498 -19.073 1123.352 -4988.098 57.983 65.002 -1611.633 48.37 -101.166 1911.011 561.676 1709.442 933.991 1186.066 -698.853 749.512 674.744 1035.309 844.421 366.211 2510.681 2287.903 实验室 1 074
4438507 4839 2025/12/24 11:07:54 P15 0 0 0 0 0 0 0 177.918 360.87 1333.16 1467.133 2793.427 832.52 3780.06 55.847 242.615 3527.222 -21.82 1208.801 410.461 325.012 952.606 236.054 1263.885 764.771 -19.836 1124.42 -4990.082 52.032 62.103 -1635.59 49.286 -101.929 1911.316 561.066 1709.595 934.448 1187.897 -710.144 751.038 675.354 1028.137 851.288 365.753 2512.207 2291.565 实验室 1 074
4438508 4839 2025/12/24 11:07:55 P15 0 0 0 0 0 0 0 178.375 359.192 1332.245 1467.896 2793.884 832.214 3779.449 81.177 223.236 3541.565 -21.21 1208.344 409.546 324.249 953.064 234.985 1264.648 758.972 -19.531 1123.505 -4990.997 84.686 60.883 -1642.609 48.981 -102.081 1911.316 561.371 1710.205 934.906 1189.728 -699.31 751.038 675.354 1038.513 850.83 372.467 2510.986 2289.886 实验室 1 074
4438509 4839 2025/12/24 11:07:56 P15 0 0 0 0 0 0 0 177.765 362.549 1335.602 1468.353 2795.258 831.909 3780.212 43.945 133.667 3544.922 -22.43 1208.496 408.936 326.08 953.98 234.222 1266.479 758.514 -19.379 1123.352 -4989.319 83.008 61.798 -1650.391 49.438 -102.081 1912.079 561.829 1711.121 935.364 1192.78 -698.09 750.122 675.354 1038.666 850.372 366.211 2511.139 2287.445 实验室 1 074
4438510 4839 2025/12/24 11:07:57 P15 0 0 0 0 0 0 0 178.375 361.786 1336.365 1469.574 2794.647 832.367 3782.043 15.564 199.28 3539.429 -22.43 1208.496 409.393 325.775 954.132 234.375 1266.785 758.514 -18.311 1123.505 -4987.641 86.823 61.493 -1654.663 48.981 -100.708 1913.147 561.676 1711.578 935.974 1191.406 -698.395 751.343 675.201 1034.088 840.149 370.636 2510.986 2290.039 实验室 1 074
4438511 4839 2025/12/24 11:07:58 P15 0 0 0 0 0 0 0 177.918 363.464 1335.907 1469.574 2794.8 833.588 3781.586 92.773 295.563 3537.445 -22.583 1205.597 409.393 326.08 954.59 234.375 1267.548 758.972 -18.768 1123.962 -4989.319 99.945 64.392 -1638.641 49.438 -102.081 1913.147 562.286 1712.799 935.669 1188.965 -697.937 751.648 675.964 1037.445 844.879 366.211 2510.986 2292.328 实验室 1 074
4438512 4839 2025/12/24 11:07:59 P15 0 0 0 0 0 0 0 178.07 359.345 1336.365 1470.49 2795.105 833.283 3779.907 81.635 268.097 3546.753 -21.82 1205.139 409.393 325.928 955.2 234.222 1267.395 756.989 -18.158 1124.878 -4990.997 107.422 61.646 -1647.949 48.828 -101.318 1913.147 562.286 1712.799 936.737 1185.76 -697.479 751.648 675.659 1035.767 840.149 369.263 2509.613 2291.26 实验室 1 074
4438513 4839 2025/12/24 11:08:00 P15 0 0 0 0 0 0 0 178.223 361.481 1336.823 1472.015 2796.021 832.825 3779.144 38.605 146.027 3551.483 -21.82 1205.444 409.699 326.538 956.268 233.765 1268.616 759.125 -18.463 1124.115 -4989.166 108.337 61.798 -1670.227 50.354 -101.318 1914.673 562.286 1713.409 936.89 1184.54 -698.7 751.953 676.27 1044.617 854.34 367.889 2511.597 2290.497 实验室 1 074
4438514 4839 2025/12/24 11:08:01 P15 0 0 0 0 0 0 0 178.223 360.26 1337.433 1471.252 2795.868 832.672 3779.755 6.409 65.765 3555.603 -22.278 1205.139 409.546 326.386 957.642 233.765 1269.226 758.667 -19.379 1124.268 -4990.082 100.861 63.782 -1698.608 49.286 -102.387 1915.588 561.066 1714.63 937.5 1187.744 -698.242 752.258 675.812 1038.055 849.457 366.364 2509.918 2290.497 实验室 1 074
4438515 4839 2025/12/24 11:08:02 P15 0 0 0 0 0 0 0 178.986 361.786 1338.196 1472.778 2795.868 832.672 3780.975 58.289 96.588 3559.265 -21.973 1205.292 410.461 326.386 956.726 234.528 1270.447 754.547 -19.684 1125.183 -4991.15 86.365 61.493 -1706.848 50.659 -101.318 1915.741 561.676 1714.783 936.279 1187.744 -698.09 752.869 675.507 1039.581 848.084 366.211 2510.681 2293.701 实验室 1 074
4438516 4839 2025/12/24 11:08:03 P15 0 0 0 0 0 0 0 178.528 365.448 1337.585 1473.999 2795.563 834.351 3782.654 38.147 214.233 3558.502 -21.82 1205.902 409.546 326.996 956.726 233.154 1270.599 753.174 -18.005 1125.031 -4988.708 82.855 60.577 -1721.191 49.438 -101.624 1916.504 561.981 1715.393 936.89 1189.117 -697.174 753.326 675.049 1044.159 848.541 366.669 2511.749 2287.75 实验室 1 074
4438517 4839 2025/12/24 11:08:04 P15 0 0 0 0 0 0 0 178.68 365.448 1337.891 1474.152 2796.021 833.588 3780.67 28.687 139.465 3549.805 -21.667 1204.987 410.156 326.996 959.015 233.612 1271.362 754.242 -18.768 1127.014 -4989.014 95.215 60.425 -1724.396 49.744 -102.234 1915.894 561.218 1716.309 937.195 1189.423 -696.716 752.869 674.744 1042.175 847.321 367.889 2511.292 2289.276 实验室 1 074
4438518 4839 2025/12/24 11:08:05 P15 0 0 0 0 0 0 0 178.528 364.685 1339.111 1474.304 2797.699 833.435 3779.602 40.894 45.929 3563.08 -22.125 1203.613 409.851 326.843 957.794 232.849 1272.43 752.106 -19.836 1125.641 -4990.997 100.861 64.85 -1729.736 50.049 -101.929 1917.419 561.218 1716.766 937.042 1190.796 -697.937 752.258 675.049 1048.737 852.203 368.652 2509.918 2284.698 实验室 1 074
4438519 4839 2025/12/24 11:08:06 P15 0 0 0 0 0 0 0 178.986 367.889 1339.417 1475.067 2796.631 833.893 3779.755 29.907 64.85 3560.028 -22.125 1203.003 409.699 326.538 957.947 233.002 1272.583 751.648 -19.379 1125.488 -4988.556 78.735 60.425 -1727.905 50.354 -102.234 1915.894 561.523 1718.14 938.721 1187.134 -696.716 752.869 675.201 1033.936 852.661 368.652 2510.986 2289.124 实验室 1 074
4438520 4839 2025/12/24 11:08:07 P15 0 0 0 0 0 0 0 178.833 366.364 1341.095 1476.593 2796.783 834.503 3779.907 82.245 156.097 3542.175 -22.125 1201.172 410.767 327.911 960.236 232.239 1273.804 750.122 -18.616 1126.556 -4988.251 101.013 62.561 -1742.096 50.812 -101.471 1917.572 562.134 1717.834 938.568 1194 -697.784 753.174 673.37 1035.919 858.154 357.056 2510.376 2292.023 实验室 1 074
4438521 4839 2025/12/24 11:08:08 P15 0 0 0 0 0 0 0 178.375 370.483 1340.942 1478.729 2797.852 833.74 3780.518 79.651 148.315 3561.096 -22.125 1200.562 409.393 327.911 960.083 232.391 1275.33 757.446 -18.921 1126.099 -4989.014 75.684 61.035 -1734.009 50.049 -101.624 1917.572 562.286 1718.292 939.026 1189.575 -696.411 753.632 672.607 1037.75 853.119 371.094 2510.986 2289.886 实验室 1 074
4438522 4839 2025/12/24 11:08:09 P15 0 0 0 0 0 0 0 178.833 367.432 1340.485 1477.966 2797.699 833.435 3779.602 68.359 255.585 3561.401 -22.278 1201.324 409.393 327.148 960.693 231.781 1274.872 747.986 -19.073 1126.709 -4991.76 85.602 62.103 -1757.202 50.812 -101.471 1918.03 561.066 1719.055 940.704 1191.406 -697.632 753.174 673.981 1046.6 858.46 371.857 2510.071 2289.429 实验室 1 074
4438523 4839 2025/12/24 11:08:10 P15 0 0 0 0 0 0 0 178.07 369.568 1342.316 1478.271 2798.615 833.893 3779.449 -9.155 169.22 3571.167 -21.057 1199.951 409.851 326.843 960.999 231.628 1275.482 749.207 -17.242 1126.862 -4990.54 23.804 61.493 -1788.788 51.117 -101.471 1918.945 561.371 1719.36 939.789 1190.948 -697.479 754.242 671.997 1036.072 857.391 370.026 2510.223 2294.922 实验室 1 074
4438524 4839 2025/12/24 11:08:11 P15 0 0 0 0 0 0 0 178.07 373.23 1341.095 1479.492 2798.462 834.503 3780.975 27.161 165.253 3553.925 -21.515 1199.036 409.546 328.369 961.304 230.866 1278.076 748.138 -18.463 1126.709 -4987.488 17.09 60.272 -1792.297 51.117 -101.013 1918.64 562.286 1719.818 939.941 1192.474 -697.022 754.089 671.234 1044.617 859.68 368.042 2511.139 2286.835 实验室 1 074
4438525 4839 2025/12/24 11:08:12 P15 0 0 0 0 0 0 0 178.833 369.415 1342.316 1480.713 2799.377 833.893 3780.06 75.073 174.255 3551.636 -21.362 1201.782 410.156 326.843 960.236 231.018 1276.703 746.918 -18.616 1126.556 -4991.913 27.161 63.019 -1799.316 50.049 -102.234 1919.25 561.523 1721.497 941.315 1183.319 -697.784 754.852 672.913 1035.004 865.784 368.652 2510.834 2289.124 实验室 1 074
4438526 4839 2025/12/24 11:08:13 P15 0 0 0 0 0 0 0 177.918 369.263 1341.705 1480.408 2798.92 834.198 3779.602 25.482 229.492 3558.807 -21.973 1202.087 411.835 326.538 962.372 231.781 1277.313 746.613 -18.921 1125.641 -4991.455 49.744 59.967 -1795.807 52.032 -101.776 1919.556 561.523 1721.649 941.925 1194.305 -695.19 755.005 672.76 1047.058 860.443 372.315 2510.376 2286.377 实验室 1 074
4438527 4839 2025/12/24 11:08:14 P15 0 0 0 0 0 0 0 177.765 367.737 1343.231 1482.086 2799.53 833.893 3779.297 36.163 240.173 3568.573 -22.125 1198.273 410.156 327.759 962.982 230.866 1277.618 745.392 -18.921 1127.167 -4989.472 65.155 61.188 -1794.739 50.659 -102.234 1920.776 561.829 1722.87 942.383 1194 -697.479 755.31 671.997 1047.974 862.885 372.009 2510.529 2289.124 实验室 1 074
4438528 4839 2025/12/24 11:08:15 P15 0 0 0 0 0 0 0 178.223 370.636 1343.231 1482.086 2799.835 834.045 3780.06 40.588 229.34 3552.246 -22.278 1200.104 409.699 327.148 964.05 230.56 1278.381 748.138 -18.768 1126.862 -4988.251 112.763 61.035 -1812.134 50.659 -101.929 1921.997 562.134 1723.022 943.604 1183.472 -696.259 755.615 670.929 1053.772 859.07 374.603 2510.529 2289.429 实验室 1 074
4438529 4839 2025/12/24 11:08:16 P15 0 0 0 0 0 0 0 178.07 372.772 1343.536 1482.544 2800.293 833.74 3780.823 59.509 187.836 3557.587 -21.667 1200.714 410.004 327.911 965.271 230.866 1279.297 745.544 -18.005 1126.099 -4989.319 182.953 61.34 -1825.104 50.964 -101.624 1921.082 562.134 1723.175 943.756 1194.458 -697.632 755.92 672.302 1047.974 859.833 370.026 2512.207 2289.124 实验室 1 074
4438530 4839 2025/12/24 11:08:17 P15 0 0 0 0 0 0 0 178.375 376.892 1345.825 1483.612 2800.446 834.961 3779.755 16.785 225.983 3573.914 -22.278 1196.899 409.393 327.759 957.336 231.171 1279.297 745.087 -18.616 1126.862 -4989.624 169.067 62.256 -1833.801 51.422 -102.387 1922.15 562.134 1724.854 943.604 1192.932 -696.411 756.226 669.861 1048.889 856.476 370.331 2510.529 2286.53 实验室 1 074
4438531 4839 2025/12/24 11:08:18 P15 0 0 0 0 0 0 0 178.375 371.704 1344.604 1484.375 2801.514 834.961 3778.687 44.861 229.187 3569.641 -22.278 1197.052 409.851 328.369 965.271 230.408 1280.212 744.629 -18.005 1127.014 -4990.997 196.381 63.019 -1846.313 51.27 -101.013 1922.607 562.439 1724.548 944.214 1192.627 -698.395 756.836 669.251 1049.652 863.342 371.552 2510.223 2290.039 实验室 1 074
4438532 4839 2025/12/24 11:08:19 P15 0 0 0 0 0 0 0 178.833 373.688 1344.757 1484.528 2802.277 834.961 3780.365 10.834 264.282 3562.012 -22.278 1195.068 410.004 327.301 966.492 229.797 1279.602 744.629 -18.158 1127.777 -4987.641 151.52 60.12 -1860.809 51.422 -101.929 1924.438 562.134 1726.227 944.672 1192.932 -696.869 757.141 669.251 1050.11 852.661 372.772 2509.766 2288.361 实验室 1 074
4438533 4839 2025/12/24 11:08:20 P15 0 0 0 0 0 0 0 178.223 373.077 1345.52 1485.748 2801.666 834.961 3780.518 36.011 310.516 3576.355 -21.362 1197.51 409.241 328.217 967.865 230.255 1281.128 746.613 -18.463 1127.319 -4988.556 144.806 61.035 -1842.957 51.422 -102.692 1924.286 562.286 1725.922 944.977 1192.474 -697.479 757.599 667.877 1058.35 855.255 377.502 2510.681 2290.802 实验室 1 074
4438534 4839 2025/12/24 11:08:21 P15 0 0 0 0 0 0 0 178.223 372.162 1345.825 1485.596 2802.429 836.182 3779.449 63.934 236.206 3570.099 -21.973 1194.916 410.614 328.064 969.238 230.255 1278.687 744.324 -18.616 1127.777 -4990.845 143.433 59.509 -1846.619 52.338 -102.387 1923.523 562.897 1726.837 945.74 1194.611 -696.869 757.904 668.182 1053.772 861.664 370.636 2510.834 2294.312 实验室 1 074
4438535 4839 2025/12/24 11:08:22 P15 0 0 0 0 0 0 0 179.749 373.077 1346.741 1486.664 2802.734 836.639 3778.992 83.313 148.01 3562.927 -21.82 1196.594 410.461 327.911 969.391 229.95 1282.654 743.866 -16.479 1128.235 -4988.251 112.305 59.357 -1852.112 52.338 -102.387 1925.354 562.134 1727.905 946.198 1193.695 -697.174 757.599 668.182 1057.587 860.596 366.211 2510.681 2290.955 实验室 1 074
4438536 4839 2025/12/24 11:08:23 P15 0 0 0 0 0 0 0 178.68 375.061 1346.893 1486.511 2803.497 836.945 3779.602 39.215 134.888 3586.426 -21.82 1195.526 410.461 327.606 970.001 229.645 1283.112 743.713 -17.395 1128.235 -4989.929 126.801 61.34 -1885.986 52.032 -102.081 1925.659 562.592 1729.126 947.571 1195.068 -697.632 758.057 665.588 1052.399 857.697 371.399 2510.376 2289.276 实验室 1 074
4438537 4839 2025/12/24 11:08:24 P15 0 0 0 0 0 0 0 178.223 372.925 1347.961 1487.885 2803.497 836.945 3779.297 59.204 186.462 3584.137 -21.667 1197.052 410.461 327.911 970.764 229.492 1283.264 742.95 -18.158 1128.387 -4990.387 158.997 65.155 -1903.992 52.49 -101.929 1926.575 562.897 1729.279 947.723 1196.289 -698.7 758.972 663.91 1058.502 856.171 375.519 2510.529 2288.361 实验室 1 074
4438538 4839 2025/12/24 11:08:25 P15 0 0 0 0 0 0 0 178.833 376.587 1347.961 1487.122 2803.802 836.334 3781.433 60.73 274.658 3582.916 -21.515 1194.305 410.614 328.522 971.222 229.34 1284.485 742.645 -18.005 1128.54 -4990.082 146.332 61.646 -1914.063 52.032 -101.318 1926.27 562.744 1730.652 947.266 1196.136 -699.31 758.667 665.283 1052.246 864.105 367.737 2511.292 2291.87 实验室 1 074
4438539 4839 2025/12/24 11:08:26 P15 0 0 0 0 0 0 0 178.68 379.639 1348.419 1488.647 2804.413 836.334 3780.518 32.806 336.914 3581.238 -21.667 1194.153 410.156 328.369 972.595 229.645 1284.943 742.188 -17.395 1128.235 -4988.403 162.201 62.103 -1917.114 52.338 -101.929 1926.88 563.049 1730.957 948.486 1196.594 -698.242 759.277 664.673 1050.873 862.274 372.467 2511.292 2290.497 实验室 1 074
4438540 4839 2025/12/24 11:08:27 P15 0 0 0 0 0 0 0 178.375 379.181 1350.403 1487.122 2804.565 837.25 3779.907 23.193 251.007 3590.393 -21.973 1193.848 410.461 328.674 974.884 228.729 1286.316 740.509 -18.005 1129.608 -4990.54 124.359 60.883 -1925.507 51.422 -102.692 1927.49 562.439 1731.262 948.944 1200.409 -697.479 759.277 662.994 1056.213 859.07 376.282 2510.376 2290.192 实验室 1 074
4438541 4839 2025/12/24 11:08:28 P15 0 0 0 0 0 0 0 178.986 379.334 1349.487 1488.19 2805.176 837.402 3778.839 50.354 111.694 3586.121 -22.278 1192.474 410.767 329.285 974.121 229.34 1286.926 741.272 -18.311 1128.387 -4989.166 76.904 63.019 -1948.242 53.101 -102.997 1928.711 563.049 1731.567 949.249 1199.341 -697.632 760.193 661.011 1053.314 862.885 371.704 2510.223 2289.276 实验室 1 074
4438542 4839 2025/12/24 11:08:29 P15 0 0 0 0 0 0 0 178.223 383.606 1349.487 1488.8 2805.176 838.623 3779.449 50.964 -1.678 3573.608 -22.278 1192.169 410.919 329.285 975.647 229.187 1287.079 741.577 -17.395 1130.829 -4987.488 73.242 61.646 -1946.869 52.338 -102.081 1929.321 562.592 1732.33 949.402 1200.256 -697.632 760.498 662.384 1053.009 863.495 372.467 2510.681 2289.124 实验室 1 074
4438543 4839 2025/12/24 11:08:30 P15 0 0 0 0 0 0 0 178.07 382.08 1351.318 1489.716 2804.565 838.928 3779.297 50.812 -13.733 3579.102 -21.515 1191.559 411.224 329.895 976.41 229.492 1287.842 739.899 -16.479 1129.913 -4991.303 90.942 63.171 -1934.052 53.711 -102.234 1929.474 563.355 1734.161 950.012 1199.646 -698.242 761.261 660.553 1056.671 867.767 377.045 2510.071 2286.987 实验室 1 074
4438544 4839 2025/12/24 11:08:31 P15 0 0 0 0 0 0 0 179.291 381.928 1352.539 1489.105 2805.328 838.623 3780.67 43.03 16.785 3577.423 -21.973 1192.169 411.377 329.895 977.325 227.661 1288.452 739.899 -18.005 1130.524 -4988.708 67.291 59.509 -1921.387 52.795 -101.318 1929.932 563.355 1733.551 950.623 1202.85 -697.327 760.498 659.485 1053.772 862.885 373.535 2510.223 2289.581 实验室 1 074
4438545 4839 2025/12/24 11:08:32 P15 0 0 0 0 0 0 0 179.291 386.2 1351.013 1489.105 2804.871 839.844 3781.738 16.327 2.136 3581.238 -21.82 1192.627 410.767 329.437 975.952 228.272 1289.368 740.662 -17.242 1130.066 -4988.251 120.85 55.237 -1920.624 52.49 -101.624 1929.932 563.66 1734.772 951.233 1200.409 -698.853 761.108 657.196 1053.772 863.8 371.399 2512.054 2286.987 实验室 1 074
4438546 4839 2025/12/24 11:08:33 P15 0 0 0 0 0 0 0 179.901 384.674 1352.386 1489.563 2806.244 838.013 3781.128 92.773 16.785 3589.935 -21.667 1192.627 411.682 329.895 977.325 228.577 1289.673 740.356 -18.616 1130.981 -4990.54 127.106 59.052 -1946.869 53.711 -102.234 1931.305 563.202 1735.382 951.386 1201.172 -697.632 760.651 661.621 1051.331 866.699 374.451 2511.444 2289.734 实验室 1 074
4438547 4839 2025/12/24 11:08:34 P15 0 0 0 0 0 0 0 178.986 387.878 1352.692 1490.479 2806.091 838.623 3780.518 31.433 96.588 3590.393 -21.362 1191.559 412.14 328.522 977.783 228.424 1290.741 739.594 -17.548 1130.371 -4988.403 158.386 62.714 -1994.934 53.558 -102.692 1931 563.355 1736.145 952.301 1204.834 -697.784 761.261 662.231 1057.892 866.547 373.993 2511.444 2291.26 实验室 1 074
4438548 4839 2025/12/24 11:08:35 P15 0 0 0 0 0 0 0 178.223 389.099 1352.997 1489.563 2805.481 840.149 3780.518 68.512 221.863 3589.478 -21.82 1191.406 411.682 328.674 980.988 227.814 1291.351 742.34 -18.311 1131.134 -4989.166 146.484 63.629 -2020.416 53.406 -101.624 1931.61 562.744 1736.755 951.691 1206.055 -696.411 760.956 655.975 1058.502 864.41 374.298 2510.376 2289.124 实验室 1 074
4438549 4839 2025/12/24 11:08:36 P15 0 0 0 0 0 0 0 179.291 386.963 1354.065 1489.868 2805.634 840.149 3779.907 31.891 105.133 3596.039 -21.515 1188.66 412.293 330.048 979.767 227.966 1292.725 738.983 -16.785 1131.439 -4990.997 108.948 62.408 -2014.465 53.406 -102.234 1931.915 563.355 1737.061 951.996 1205.75 -697.784 761.261 652.008 1069.641 868.378 374.146 2510.529 2291.565 实验室 1 074
4438550 4839 2025/12/24 11:08:37 P15 0 0 0 0 0 0 0 179.443 385.132 1354.828 1489.716 2806.091 841.065 3779.907 26.398 206.451 3592.072 -22.278 1190.491 412.903 330.2 981.903 228.424 1292.267 738.831 -17.09 1133.118 -4989.166 108.643 58.746 -1997.223 53.558 -101.929 1932.983 563.507 1737.213 952.148 1204.987 -698.853 762.024 652.771 1058.044 868.53 376.282 2511.139 2290.192 实验室 1 074
4438551 4839 2025/12/24 11:08:38 P15 0 0 0 0 0 0 0 179.138 387.421 1354.37 1491.089 2806.854 840.759 3781.281 49.896 274.048 3598.022 -21.362 1187.134 411.682 329.437 981.598 227.661 1293.945 738.678 -17.09 1132.355 -4991.607 97.809 61.646 -2002.258 52.795 -102.387 1933.594 564.27 1737.976 951.386 1205.444 -698.853 761.414 653.992 1044.769 867.767 372.162 2510.529 2290.649 实验室 1 074
4438552 4839 2025/12/24 11:08:39 P15 0 0 0 0 0 0 0 178.986 390.472 1355.286 1491.241 2806.091 840.454 3781.281 22.278 299.072 3601.99 -21.667 1188.812 411.987 332.336 982.971 227.356 1294.25 737.763 -17.395 1133.881 -4990.692 46.387 60.12 -2019.653 53.864 -101.624 1933.136 563.507 1738.129 951.843 1206.055 -699.005 761.261 650.024 1052.704 867.462 375.977 2510.834 2291.26 实验室 1 074
4438553 4839 2025/12/24 11:08:40 P15 0 0 0 0 0 0 0 178.833 390.93 1355.438 1491.241 2806.244 841.37 3780.518 39.673 193.481 3603.973 -21.82 1187.439 412.445 330.963 984.192 226.898 1294.556 737.457 -17.09 1132.507 -4987.183 87.891 61.035 -2007.294 53.864 -102.387 1933.594 563.66 1739.807 953.217 1206.512 -695.496 761.414 650.024 1064.911 870.361 374.756 2511.749 2290.344 实验室 1 074
4438554 4839 2025/12/24 11:08:41 P15 0 0 0 0 0 0 0 178.68 394.592 1356.964 1491.699 2807.007 841.065 3779.755 82.703 123.138 3589.478 -21.057 1187.592 412.14 329.59 982.056 226.593 1294.708 737.915 -17.7 1133.118 -4991.303 78.735 66.071 -2027.74 54.016 -102.387 1934.357 564.575 1739.044 952.301 1205.902 -698.09 761.108 649.262 1058.655 870.514 372.467 2510.681 2289.124 实验室 1 074
4438555 4839 2025/12/24 11:08:42 P15 0 0 0 0 0 0 0 180.054 394.287 1357.269 1493.073 2806.702 841.065 3778.992 67.902 91.4 3596.039 -21.362 1186.523 412.14 331.421 983.124 226.898 1296.082 737.457 -17.242 1133.575 -4989.776 89.569 60.272 -2030.334 53.253 -101.929 1934.662 563.965 1739.807 953.064 1210.175 -700.073 761.719 650.94 1062.469 865.479 365.448 2510.834 2290.955 实验室 1 074
4438556 4839 2025/12/24 11:08:43 P15 0 0 0 0 0 0 0 179.443 394.135 1357.574 1492.767 2806.244 841.675 3779.755 37.689 138.397 3607.941 -21.057 1186.829 412.445 331.116 984.65 227.051 1297.15 736.237 -16.327 1133.881 -4985.81 93.689 64.545 -2031.403 53.711 -102.081 1934.509 563.66 1740.417 953.522 1211.09 -697.479 762.329 644.684 1059.57 866.852 373.993 2510.986 2289.734 实验室 1 074
4438557 4839 2025/12/24 11:08:44 P15 0 0 0 0 0 0 0 179.291 395.05 1357.117 1495.514 2806.244 841.217 3780.06 65.308 113.678 3595.428 -21.973 1185.608 411.835 332.336 984.039 226.135 1297.15 736.694 -16.632 1134.033 -4990.997 101.166 61.035 -2012.482 54.321 -101.776 1935.577 562.439 1740.112 953.674 1210.48 -697.937 762.329 643.158 1063.232 868.988 372.009 2510.223 2290.344 实验室 1 074
4438558 4839 2025/12/24 11:08:45 P15 0 0 0 0 0 0 0 179.138 392.609 1357.269 1494.446 2808.075 841.522 3780.823 40.894 151.215 3604.736 -21.667 1186.981 413.208 329.895 986.481 227.051 1296.997 736.542 -16.632 1134.949 -4989.776 156.097 60.272 -2023.468 54.321 -101.776 1935.425 562.897 1740.875 954.285 1211.09 -697.327 762.482 647.736 1058.044 868.225 374.298 2510.834 2285.004 实验室 1 074
4438559 4839 2025/12/24 11:08:46 P15 0 0 0 0 0 0 0 179.749 398.407 1357.422 1496.887 2807.007 841.37 3782.043 10.223 148.468 3606.873 -25.177 1186.066 411.224 332.031 985.718 225.83 1298.523 740.356 -17.09 1134.338 -4987.488 148.315 60.272 -2025.757 53.711 -102.234 1935.272 564.27 1741.18 954.285 1209.259 -696.869 762.329 643.921 1058.502 870.361 372.009 2511.292 2285.156 实验室 1 074
4438560 4839 2025/12/24 11:08:47 P15 0 0 0 0 0 0 0 179.596 395.05 1357.88 1494.904 2807.617 841.37 3780.212 50.049 180.359 3621.674 -21.82 1186.218 412.75 331.574 986.633 226.593 1298.218 737.152 -17.395 1134.338 -4990.997 140.686 62.561 -2054.443 53.711 -102.692 1935.577 563.202 1742.096 955.2 1208.649 -696.564 762.94 645.294 1066.589 868.378 376.282 2511.597 2290.497 实验室 1 074
4438561 4839 2025/12/24 11:08:48 P15 0 0 0 0 0 0 0 179.749 397.034 1358.948 1495.056 2807.159 841.827 3780.365 11.902 154.724 3619.843 -21.82 1184.845 412.293 330.658 988.159 226.593 1298.828 737 -17.853 1134.033 -4990.692 149.078 60.883 -2078.857 54.474 -102.081 1937.103 563.507 1743.622 955.658 1208.496 -697.174 762.94 646.21 1060.638 870.361 374.908 2510.376 2286.377 实验室 1 074
4438562 4839 2025/12/24 11:08:49 P15 0 0 0 0 0 0 0 179.749 397.492 1359.558 1496.429 2808.075 842.896 3778.992 23.499 250.549 3609.161 -22.125 1183.929 413.055 332.184 988.312 227.051 1298.828 735.931 -16.327 1135.406 -4987.793 163.422 60.577 -2078.857 54.626 -101.929 1936.493 563.507 1742.706 955.658 1210.785 -697.937 763.397 639.191 1063.538 867.767 379.639 2509.918 2294.006 实验室 1 074
4438563 4839 2025/12/24 11:08:50 P15 0 0 0 0 0 0 0 179.138 397.644 1360.931 1497.345 2808.228 842.59 3780.975 -22.583 169.525 3609.924 -21.362 1183.319 412.598 332.642 988.464 225.83 1299.896 737.305 -16.479 1135.254 -4987.945 115.356 61.34 -2072.449 54.474 -101.776 1938.934 564.27 1744.385 956.268 1210.175 -697.479 763.397 638.886 1065.369 870.514 377.502 2510.986 2288.666 实验室 1 074
4438564 4839 2025/12/24 11:08:51 P15 0 0 0 0 0 0 0 179.138 397.492 1360.321 1497.498 2808.38 842.285 3781.281 60.12 22.43 3612.518 -21.362 1183.777 411.682 332.489 989.99 226.288 1299.591 736.847 -16.632 1134.949 -4990.234 90.485 61.34 -2090.454 54.169 -102.539 1937.714 564.27 1748.047 956.726 1211.548 -697.784 762.94 640.564 1067.352 868.835 374.451 2511.139 2290.192 实验室 1 074
4438565 4839 2025/12/24 11:08:52 P15 0 0 0 0 0 0 0 179.138 400.391 1360.626 1497.955 2808.685 842.438 3781.128 48.065 -7.477 3608.856 -22.125 1182.556 412.445 332.489 1002.655 226.44 1300.354 736.084 -16.785 1135.254 -4987.945 77.972 60.577 -2097.168 54.321 -102.387 1938.019 563.355 1744.537 957.031 1212.616 -697.479 763.397 638.123 1056.671 876.16 375.519 2512.207 2290.344 实验室 1 074
4438566 4839 2025/12/24 11:08:53 P15 0 0 0 0 0 0 0 179.749 401.306 1361.694 1498.718 2808.99 842.285 3778.534 56.458 102.081 3619.385 -21.973 1182.404 411.53 331.116 992.584 225.067 1300.659 735.626 -16.632 1134.949 -4988.403 96.588 64.087 -2155.609 54.321 -101.471 1938.477 563.507 1744.995 957.336 1209.869 -697.632 764.313 638.123 1060.791 870.209 374.756 2510.529 2289.734 实验室 1 074
4438567 4839 2025/12/24 11:08:54 P15 0 0 0 0 0 0 0 179.443 401.611 1361.389 1498.566 2809.143 843.658 3779.907 36.011 132.141 3613.892 -21.362 1184.082 412.293 333.862 992.737 225.372 1301.27 736.542 -18.005 1134.796 -4989.319 80.261 61.951 -2122.955 54.626 -102.234 1938.477 563.507 1746.063 957.794 1215.973 -696.411 763.855 638.123 1067.657 875.092 374.756 2510.223 2291.87 实验室 1 074
4438568 4839 2025/12/24 11:08:55 P15 0 0 0 0 0 0 0 179.596 399.933 1361.847 1499.939 2809.296 842.133 3779.297 57.068 47.302 3613.586 -22.125 1182.861 410.919 331.879 994.568 225.067 1301.88 735.016 -16.785 1134.796 -4986.877 122.07 61.798 -2108.612 55.084 -102.234 1939.697 563.355 1745.605 957.489 1214.447 -698.547 764.771 629.883 1075.287 868.988 374.756 2509.766 2288.971 实验室 1 074
4438569 4839 2025/12/24 11:08:56 P18 0 0 0 0 0 0 0 179.138 399.323 1363.22 1499.481 2809.296 842.285 3780.212 65.46 179.596 3617.859 -21.82 1181.641 412.14 331.879 995.331 225.22 1302.49 735.626 -15.564 1136.78 -4991.76 135.651 62.408 -2082.367 55.542 -101.776 1940.308 563.202 1746.368 958.405 1217.957 -697.479 765.228 643.158 1073.608 872.192 373.993 2510.376 2294.617 实验室 1 074
4438570 4839 2025/12/24 11:08:57 P18 0 0 0 0 0 0 0 178.986 404.816 1362.305 1499.481 2810.516 843.658 3780.518 21.362 235.901 3603.058 -22.125 1181.03 412.293 331.574 999.298 225.22 1303.253 735.474 -15.411 1136.017 -4988.556 93.079 61.34 -2096.558 55.237 -101.929 1940.155 562.592 1747.894 959.473 1214.447 -697.632 765.228 636.292 1067.81 870.514 375.824 2510.986 2290.192 实验室 1 074
4438571 4839 2025/12/24 11:08:58 P18 0 0 0 0 0 0 0 179.749 402.832 1364.594 1499.329 2810.364 843.964 3780.823 45.013 300.293 3612.823 -22.43 1180.115 412.445 332.642 998.23 225.22 1303.711 735.474 -14.648 1136.627 -4988.861 39.215 62.256 -2086.334 55.084 -101.624 1941.223 563.355 1748.505 959.473 1213.379 -698.853 765.381 633.545 1082.153 879.669 374.146 2510.986 2289.886 实验室 1 074
4438572 4839 2025/12/24 11:08:59 P18 0 0 0 0 0 0 0 179.749 405.579 1363.068 1499.023 2810.974 843.048 3780.365 59.662 307.922 3618.011 -21.82 1180.267 412.75 331.879 999.451 224.304 1304.626 736.237 -16.785 1135.864 -4988.556 64.697 58.594 -2090.912 55.237 -102.081 1941.071 563.66 1749.573 960.388 1210.022 -699.31 764.923 636.139 1081.39 872.345 374.451 2510.834 2293.091 实验室 1 074
4438573 4839 2025/12/24 11:09:00 P18 0 0 0 0 0 0 0 179.901 403.29 1363.831 1501.16 2811.279 844.116 3779.602 51.27 213.318 3628.693 -21.057 1180.115 411.224 332.947 998.84 224.304 1304.779 735.626 -16.174 1136.169 -4988.708 53.558 63.477 -2085.114 54.779 -101.318 1941.681 562.286 1748.962 959.473 1212.158 -698.547 765.686 630.798 1075.439 874.634 378.265 2510.223 2292.48 实验室 1 074
4438574 4839 2025/12/24 11:09:01 P18 0 0 0 0 0 0 0 179.443 404.663 1364.288 1500.092 2810.364 843.964 3781.586 57.526 151.978 3621.521 -21.82 1178.589 411.53 319.214 1001.129 224.457 1305.084 735.931 -16.632 1136.78 -4989.929 86.212 60.12 -2104.034 55.542 -101.471 1941.833 563.355 1750.031 979.157 1213.531 -690.918 769.501 632.324 1074.982 868.835 374.908 2510.529 2293.091 实验室 1 074
4438575 4839 2025/12/24 11:09:02 P18 0 0 0 0 0 0 0 179.138 406.036 1363.831 1496.582 2811.279 844.727 3780.823 34.18 96.741 3622.589 -22.125 1176.91 410.919 317.688 1000.977 223.846 1306.305 739.594 -14.801 1136.017 -4990.692 66.986 59.509 -2078.705 54.474 -102.234 1944.58 563.965 1750.641 980.225 1206.665 -670.776 774.078 629.883 1065.521 872.803 375.519 2512.512 2291.565 实验室 1 074
4438576 4839 2025/12/24 11:09:03 P18 0 0 0 0 0 0 0 179.749 407.257 1364.136 1474.304 2810.974 844.421 3779.297 49.591 173.34 3628.693 -22.125 1172.18 412.14 333.405 1002.808 223.541 1306.305 750.275 -11.444 1136.169 -4989.472 51.88 61.798 -2118.53 55.084 -100.708 1951.294 563.965 1751.251 958.71 1206.665 -654.907 767.365 631.561 1077.881 874.634 379.028 2511.597 2291.26 实验室 1 074
4438577 4839 2025/12/24 11:09:04 P18 0 0 0 0 0 0 0 180.054 408.63 1364.746 1430.206 2810.974 847.626 3779.144 50.354 148.315 3617.706 -21.515 1166.992 412.445 339.813 1008.148 223.389 1306.458 786.896 -9.918 1136.932 -4987.793 39.673 60.12 -2121.582 55.389 -101.471 1957.855 563.812 1753.693 931.091 1205.597 -643.311 751.495 624.847 1068.268 876.312 377.808 2510.071 2290.497 实验室 1 074
4438578 4839 2025/12/24 11:09:05 P18 0 0 0 0 0 0 0 180.054 416.87 1367.645 1375.732 2810.974 850.372 3780.06 37.231 182.343 3619.995 -21.973 1166.382 415.649 333.71 1017.914 224.304 1308.594 790.71 -8.087 1138.458 -4988.861 70.648 61.493 -2113.342 56.305 -100.708 1960.449 564.117 1755.066 902.557 1205.902 -637.817 731.812 625.916 1069.336 876.465 384.216 2510.223 2290.955 实验室 1 074
4438579 4839 2025/12/24 11:09:06 P18 0 0 0 0 0 0 0 181.122 421.295 1370.239 1316.528 2807.159 849.762 3782.196 48.676 210.419 3617.401 -21.515 1166.382 419.464 324.402 1016.083 225.22 1310.883 758.82 -6.866 1140.442 -4989.624 103.76 50.049 -2100.22 55.695 -100.708 1960.449 563.965 1755.219 874.786 1204.071 -629.425 710.449 622.711 1075.134 874.939 374.603 2511.749 2293.549 实验室 1 074
4438580 4839 2025/12/24 11:09:07 P18 0 0 0 0 0 0 0 182.19 429.077 1374.817 1260.986 2801.208 842.59 3781.128 43.64 201.111 3622.589 -22.43 1168.823 426.941 317.841 1008.453 223.846 1315.46 724.487 -8.698 1144.257 -4988.708 101.013 61.34 -2135.315 55.237 -101.624 1958.771 564.88 1749.573 847.778 1189.575 -598.45 688.477 606.842 1062.927 876.617 378.113 2510.834 2290.802 实验室 1 074
4438581 4839 2025/12/24 11:09:08 P18 0 0 0 0 0 0 0 181.274 439.606 1380.615 1214.905 2789.001 830.536 3780.823 24.872 186.615 3623.962 -21.21 1179.657 435.486 314.331 985.413 224.609 1323.547 697.479 -9.003 1150.513 -4991.455 64.545 61.951 -2140.045 55.237 -101.776 1949.005 566.101 1733.856 824.432 1193.848 -563.202 663.91 599.365 1075.134 877.228 371.857 2511.597 2290.802 实验室 1 074
4438582 4839 2025/12/24 11:09:09 P18 0 0 0 0 0 0 0 177.765 457.916 1388.55 1177.979 2768.402 814.056 3779.297 34.943 173.035 3615.875 -22.43 1193.39 443.878 312.347 988.464 223.999 1330.872 672.76 -12.054 1155.396 -4988.861 33.112 63.171 -2160.95 54.932 -102.234 1938.629 564.575 1705.475 803.375 1195.679 -541.382 639.191 559.998 1069.031 875.244 371.094 2510.681 2291.565 实验室 1 074
4438583 4839 2025/12/24 11:09:10 P18 0 0 0 0 0 0 0 170.898 482.636 1396.637 1141.968 2741.547 791.168 3778.992 68.97 91.705 3615.112 -22.278 1206.97 447.083 312.042 1026.917 223.694 1337.738 650.024 -14.191 1159.21 -4988.098 -1.526 62.256 -2204.132 56.305 -102.539 1923.676 561.523 1668.549 784.76 1193.085 -532.684 614.929 509.033 1071.625 872.345 366.058 2510.681 2292.633 实验室 1 074
4438584 4839 2025/12/24 11:09:11 P18 0 0 0 0 0 0 0 163.574 481.567 1404.266 1105.652 2707.977 766.296 3779.297 -21.21 130.92 3616.486 -21.82 1205.139 446.472 310.211 1054.382 224.457 1341.705 627.899 -16.479 1161.041 -4991.76 -37.842 61.493 -2233.734 55.542 -99.487 1908.417 552.673 1626.434 767.67 1186.218 -527.802 591.126 449.677 1062.317 872.345 352.936 2510.376 2292.023 实验室 1 074
4438585 4839 2025/12/24 11:09:12 P18 0 0 0 0 0 0 0 155.029 464.63 1407.776 1067.505 2670.593 740.509 3779.907 -36.011 177.307 3592.224 -21.057 1185.608 441.284 307.465 1047.363 224.762 1341.858 608.215 -19.989 1157.684 -4988.861 -142.059 62.866 -2284.088 56 -93.994 1890.106 538.94 1583.862 753.326 1173.248 -532.227 569.611 389.862 1053.772 860.596 332.947 2510.529 2291.718 实验室 1 074
4438586 4839 2025/12/24 11:09:13 P18 0 0 0 0 0 0 0 148.926 429.688 1410.828 1028.29 2630.005 714.264 3782.349 -3.967 129.852 3608.856 -21.21 1149.445 433.197 305.023 1024.933 224.762 1338.501 588.074 -22.583 1152.649 -4988.098 -268.402 62.256 -2322.998 56.152 -83.618 1870.88 521.698 1538.086 738.068 1160.889 -540.466 551.3 333.252 1062.469 861.969 313.416 2511.444 2292.023 实验室 1 074
4438587 4839 2025/12/24 11:09:14 P18 0 0 0 0 0 0 0 143.127 378.723 1411.591 988.312 2584.534 690.46 3781.128 53.253 175.018 3594.36 -19.379 1117.706 424.957 301.971 1001.587 224.762 1331.635 569.916 -25.94 1143.341 -4991.15 -310.516 61.646 -2331.39 57.068 -51.575 1851.501 502.167 1493.073 724.335 1136.017 -550.232 534.058 288.391 1066.742 858.917 285.645 2511.749 2292.175 实验室 1 074
4438588 4839 2025/12/24 11:09:15 P18 0 0 0 0 0 0 0 136.871 323.944 1412.354 946.503 2536.621 665.588 3780.06 80.109 319.367 3587.036 -17.7 1042.786 414.887 298.157 976.41 225.525 1321.716 553.894 -30.212 1131.897 -4988.556 -306.397 62.561 -2333.679 57.22 0.61 1830.597 482.178 1446.838 711.365 1122.131 -561.218 516.357 256.653 1058.35 850.525 261.383 2510.986 2289.886 实验室 1 074
4438589 4839 2025/12/24 11:09:16 P18 0 0 0 0 0 0 0 133.209 264.893 1409.149 905.457 2487.488 644.684 3781.586 109.863 505.066 3571.625 -14.343 994.263 406.952 294.342 952.759 225.22 1308.594 538.788 -32.196 1115.723 -4989.014 -294.495 61.951 -2369.08 57.22 70.496 1813.354 462.341 1400.146 699.31 1098.328 -572.662 501.556 230.103 1062.012 839.844 238.8 2511.292 2291.107 实验室 1 074
4438590 4839 2025/12/24 11:09:17 P18 0 0 0 0 0 0 0 128.632 214.233 1405.182 863.8 2437.592 624.39 3778.839 30.975 557.098 3536.072 -15.259 960.236 397.034 289.764 930.176 223.236 1293.488 523.987 -35.706 1098.938 -4990.692 -290.68 65.46 -2385.559 57.22 151.062 1794.281 443.115 1353.455 688.171 1068.726 -582.275 487.518 213.318 1053.772 830.994 221.71 2511.139 2289.886 实验室 1 074
4438591 4839 2025/12/24 11:09:18 P18 0 0 0 0 0 0 0 124.664 174.408 1399.994 822.449 2384.033 605.621 3779.907 59.357 668.335 3508.759 -20.142 946.808 387.878 285.339 908.966 223.999 1276.245 509.644 -37.537 1081.543 -4988.861 -257.721 61.035 -2377.625 57.373 246.582 1773.987 423.431 1307.068 677.338 1041.26 -591.888 474.243 209.656 1037.14 817.719 202.637 2510.376 2290.649 实验室 1 074
4438592 4839 2025/12/24 11:09:19 P18 0 0 0 0 0 0 0 121.613 145.416 1393.28 783.234 2330.475 586.09 3780.06 96.588 800.171 3483.276 -20.142 947.113 381.012 280.762 887.451 224.304 1256.256 496.216 -41.351 1064.301 -4988.861 -225.983 61.798 -2381.439 57.678 310.974 1760.101 407.257 1261.444 668.03 1009.827 -600.739 461.273 201.416 1025.085 801.086 188.294 2510.071 2285.767 实验室 1 074
4438593 4839 2025/12/24 11:09:20 P18 0 0 0 0 0 0 0 119.019 134.888 1387.939 742.493 2276.306 570.068 3779.907 81.482 880.737 3445.74 -18.768 947.571 373.23 276.794 867.157 225.067 1234.741 483.551 -45.929 1046.448 -4991.607 -186.615 63.477 -2378.387 57.526 289.917 1737.671 391.235 1216.736 657.806 980.072 -608.215 448.914 210.571 1004.944 785.675 178.223 2510.223 2290.497 实验室 1 074
4438594 4839 2025/12/24 11:09:21 P18 0 0 0 0 0 0 0 116.882 141.296 1380.005 704.651 2219.696 553.742 3781.128 88.348 919.647 3368.378 -17.548 955.658 365.601 271.912 846.405 224.457 1213.837 470.886 -45.319 1029.358 -4987.183 -131.989 60.883 -2392.578 58.289 219.269 1719.971 375.366 1173.248 648.499 948.181 -616.15 437.47 212.555 975.647 765.991 186.31 2510.834 2291.26 实验室 1 074
4438595 4839 2025/12/24 11:09:22 P18 0 0 0 0 0 0 0 114.594 153.503 1370.85 667.877 2162.781 537.415 3781.433 131.531 911.713 3325.5 -15.411 958.71 359.039 267.334 827.332 224.304 1189.728 458.984 -48.065 1011.963 -4989.166 -47.607 64.087 -2406.921 57.526 142.822 1701.508 361.939 1131.897 639.801 918.274 -621.185 427.246 236.511 965.424 747.07 158.844 2511.444 2290.497 实验室 1 074
4438596 4839 2025/12/24 11:09:23 P18 0 0 0 0 0 0 0 111.847 170.288 1362.152 631.714 2106.171 523.224 3780.67 99.182 889.587 3253.174 -17.242 963.135 352.783 262.909 809.021 225.067 1166.992 446.625 -49.438 995.331 -4991.15 -13.275 61.646 -2423.706 57.068 76.904 1684.418 348.663 1091.919 631.714 888.977 -625.763 417.938 247.498 927.124 727.844 147.095 2511.139 2290.192 实验室 1 074
4438597 4839 2025/12/24 11:09:24 P18 0 0 0 0 0 0 0 110.474 188.294 1353.455 597.382 2048.492 509.033 3780.823 84.076 853.119 3188.477 -18.005 962.524 346.069 259.094 791.779 225.678 1143.188 435.333 -52.338 979.004 -4990.234 20.752 63.477 -2429.199 56.458 14.343 1666.718 335.846 1054.993 623.779 858.307 -629.273 409.851 272.522 918.579 706.024 137.329 2511.292 2291.87 实验室 1 074
4438598 4839 2025/12/24 11:09:25 P18 0 0 0 0 0 0 0 107.422 203.705 1342.926 563.965 1989.441 496.674 3780.06 136.108 707.092 3122.101 -19.531 965.881 342.407 256.348 774.231 225.372 1119.232 424.957 -52.49 962.067 -4987.945 57.983 64.697 -2434.54 57.22 -32.043 1648.712 324.249 1020.508 616.76 826.416 -634.003 402.222 297.241 891.724 686.493 137.329 2510.834 2290.497 实验室 1 074
4438599 4839 2025/12/24 11:09:26 P18 0 0 0 0 0 0 0 105.896 211.792 1333.008 531.158 1931.305 483.551 3779.602 142.365 682.068 3049.927 -19.379 956.726 335.388 251.617 759.888 225.678 1096.344 413.971 -55.237 947.876 -4990.082 114.746 59.357 -2429.504 57.22 -55.084 1633.911 313.873 987.091 609.283 798.187 -637.512 395.508 322.571 857.239 668.03 127.106 2510.071 2291.26 实验室 1 074
4438600 4839 2025/12/24 11:09:27 P18 0 0 0 0 0 0 0 104.065 215.759 1322.937 498.352 1871.796 472.565 3780.212 123.138 565.796 2979.889 -18.616 950.775 330.658 246.124 743.713 225.525 1073.456 405.579 -55.695 932.159 -4990.692 153.046 64.24 -2424.469 56.61 -51.575 1617.889 303.497 957.794 602.112 769.653 -639.954 390.32 356.903 843.811 647.583 127.716 2511.292 2290.497 实验室 1 074
4438601 4839 2025/12/24 11:09:28 P18 0 0 0 0 0 0 0 102.844 214.844 1313.019 464.935 1810.608 459.747 3780.06 124.817 461.731 2906.036 -18.616 948.334 325.165 245.514 729.675 226.746 1051.025 395.508 -56.763 916.138 -4988.098 223.694 62.714 -2430.878 56.915 -28.076 1603.394 294.342 929.108 595.245 737.61 -642.395 384.674 383.911 820.923 634.918 116.73 2510.986 2290.955 实验室 1 074
4438602 4839 2025/12/24 11:09:29 P18 0 0 0 0 0 0 0 101.624 211.945 1302.643 436.707 1750.488 450.897 3782.501 63.629 412.14 2839.813 -18.005 935.669 320.435 240.021 715.179 225.525 1030.273 386.81 -58.594 899.811 -4988.403 261.688 62.866 -2403.564 55.542 2.441 1588.44 284.729 903.32 589.294 712.433 -646.21 378.723 403.9 789.49 611.42 116.882 2511.292 2290.497 实验室 1 074
4438603 4839 2025/12/24 11:09:30 P18 0 0 0 0 0 0 0 100.25 208.13 1294.25 417.938 1687.622 439.148 3780.975 101.318 401.306 2757.721 -17.548 919.495 316.467 236.816 703.278 226.898 1007.843 379.028 -59.814 886.231 -4990.692 267.029 62.103 -2371.521 55.389 24.414 1571.96 276.489 879.364 582.428 686.493 -646.515 372.315 411.987 767.67 596.314 110.016 2511.749 2290.039 实验室 1 074
4438604 4839 2025/12/24 11:09:31 P18 0 0 0 0 0 0 0 98.419 202.942 1283.112 402.374 1625.824 430.45 3780.06 112.915 497.894 2685.394 -16.937 910.492 312.958 233.307 689.392 226.288 988.007 372.009 -60.272 872.04 -4988.708 267.181 61.951 -2370.911 55.084 37.689 1557.922 270.996 856.934 577.24 660.095 -649.414 365.143 395.813 739.136 578.766 108.337 2511.597 2289.276 实验室 1 074
4438605 4839 2025/12/24 11:09:32 P18 0 0 0 0 0 0 0 97.198 198.669 1273.499 380.249 1562.805 421.143 3780.06 120.544 530.243 2622.986 -17.09 895.996 308.38 230.56 677.49 227.203 969.238 364.685 -61.646 857.544 -4988.556 289.612 62.103 -2398.987 54.169 37.994 1541.595 263.672 836.182 571.899 635.376 -648.041 359.955 363.007 711.06 567.169 107.88 2511.597 2290.497 实验室 1 074
4438606 4839 2025/12/24 11:09:33 P18 0 0 0 0 0 0 0 96.893 193.329 1263.885 356.14 1499.481 411.682 3779.602 77.667 438.08 2557.983 -18.463 882.111 305.328 227.509 666.504 227.203 950.47 357.361 -62.408 845.032 -4992.371 326.08 64.24 -2412.262 53.558 34.18 1530.762 256.805 816.498 565.491 613.861 -642.09 353.851 310.211 687.561 542.145 100.555 2510.376 2290.955 实验室 1 074
4438607 4839 2025/12/24 11:09:34 P18 0 0 0 0 0 0 0 95.673 188.751 1256.104 332.947 1437.683 403.9 3781.586 99.64 357.819 2486.725 -18.463 866.852 301.666 224.609 655.823 227.356 931.397 350.647 -63.171 832.672 -4991.303 320.282 62.714 -2386.322 53.864 26.855 1517.029 250.855 799.103 560.913 595.703 -651.398 348.663 276.337 658.264 532.684 99.335 2511.902 2289.734 实验室 1 074
4438608 4839 2025/12/24 11:09:35 P18 0 0 0 0 0 0 0 94.604 186.615 1246.185 313.721 1376.038 395.66 3780.823 81.94 329.742 2423.401 -18.311 856.171 297.852 222.626 645.599 227.509 915.07 344.086 -63.171 818.787 -4990.692 346.985 63.324 -2382.507 53.406 21.21 1504.059 243.225 782.013 555.115 572.662 -653.534 344.544 229.034 641.937 515.137 97.046 2511.444 2286.987 实验室 1 074
4438609 4839 2025/12/24 11:09:36 P18 0 0 0 0 0 0 0 93.384 184.174 1238.251 296.631 1316.223 388.184 3779.602 75.836 291.138 2345.428 -17.7 839.844 295.105 219.574 635.223 228.577 898.59 339.05 -62.866 806.274 -4989.776 366.364 61.34 -2404.022 53.253 15.106 1491.089 239.258 766.144 551.148 551.3 -654.297 339.508 194.855 615.845 500.336 96.588 2510.834 2290.497 实验室 1 074
4438610 4839 2025/12/24 11:09:37 P18 0 0 0 0 0 0 0 92.163 183.411 1228.943 281.067 1258.545 380.707 3780.212 93.231 256.958 2297.516 -18.005 825.958 292.358 217.285 625.916 228.577 883.179 332.031 -58.594 794.373 -4989.624 405.579 62.561 -2434.54 52.795 9.918 1479.187 234.375 751.19 545.654 531.006 -652.771 335.693 157.318 587.158 487.213 90.79 2510.681 2289.581 实验室 1 074
4438611 4839 2025/12/24 11:09:38 P18 0 0 0 0 0 0 0 92.621 182.037 1221.619 267.181 1203.308 372.925 3781.433 68.054 233.307 2236.023 -18.921 810.7 288.696 214.844 617.218 228.729 867.462 326.386 -43.03 784.149 -4986.877 406.494 63.477 -2418.823 51.575 5.798 1467.896 227.509 736.847 541.229 514.984 -656.433 332.794 129.7 568.848 475.159 93.231 2511.749 2291.26 实验室 1 074
4438612 4839 2025/12/24 11:09:39 P18 0 0 0 0 0 0 0 90.637 179.749 1212.921 251.465 1149.902 366.211 3780.518 61.646 262.604 2181.549 -18.158 792.847 286.255 213.013 607.758 228.882 853.272 322.723 -5.341 772.4 -4988.708 448.608 61.951 -2420.654 51.422 4.12 1453.857 223.999 724.793 536.957 494.385 -657.196 328.064 101.318 555.115 460.053 92.011 2512.665 2285.919 实验室 1 074
4438613 4839 2025/12/24 11:09:40 P18 0 0 0 0 0 0 0 90.485 180.206 1205.597 239.563 1100.464 360.107 3779.602 51.422 210.724 2129.059 -18.158 781.555 283.661 211.029 599.213 230.255 840.149 317.993 51.575 761.719 -4988.861 426.636 61.035 -2427.216 52.338 3.052 1442.413 218.964 711.212 532.532 480.194 -658.417 325.012 76.141 531.921 451.05 88.501 2510.834 2289.276 实验室 1 074
4438614 4839 2025/12/24 11:09:41 P18 0 0 0 0 0 0 0 89.722 178.375 1199.493 228.882 1052.551 353.546 3779.755 71.716 162.964 2084.045 -18.616 768.738 282.44 208.13 591.583 230.103 826.111 312.195 120.697 750.122 -4991.303 436.707 62.256 -2397.766 50.659 0.61 1431.274 214.233 699.31 527.954 466.309 -659.027 321.198 57.526 520.325 437.012 92.773 2511.139 2290.192 实验室 1 074
4438615 4839 2025/12/24 11:09:42 P18 0 0 0 0 0 0 0 88.959 177.46 1190.796 215.302 1006.927 348.206 3780.06 38.3 86.06 2025.299 -17.548 750.885 278.626 206.604 582.886 230.866 813.599 308.533 197.601 740.204 -4988.861 414.276 64.392 -2405.701 50.049 -0.153 1419.525 210.724 688.477 524.902 451.508 -657.806 318.146 46.539 512.695 431.061 89.417 2512.054 2294.464 实验室 1 074
4438616 4839 2025/12/24 11:09:43 P18 0 0 0 0 0 0 0 88.348 178.375 1183.624 203.095 966.492 341.797 3779.907 69.885 34.18 1969.604 -18.311 734.253 276.032 204.468 575.409 231.476 802.307 303.497 272.369 730.591 -4988.403 429.84 61.798 -2401.733 50.049 -0.763 1409.149 207.062 677.338 520.477 438.69 -659.79 315.247 35.858 498.657 414.124 88.654 2510.529 2291.718 实验室 1 074
4438617 4839 2025/12/24 11:09:44 P18 0 0 0 0 0 0 0 88.043 177.765 1176.147 192.108 926.819 335.236 3780.518 58.594 73.242 1926.422 -17.395 718.384 274.048 203.095 568.085 231.628 789.795 301.056 328.369 721.13 -4990.692 418.091 60.425 -2360.84 49.133 -1.221 1398.163 203.552 668.03 516.51 427.094 -659.027 311.432 31.891 481.415 410.309 88.348 2510.529 2290.802 实验室 1 074
4438618 4839 2025/12/24 11:09:45 P18 0 0 0 0 0 0 0 87.28 177.155 1170.502 183.258 889.435 330.963 3780.212 51.88 96.436 1877.441 -18.311 704.498 271.912 203.247 562.134 232.697 777.588 296.478 296.021 713.043 -4990.54 438.232 62.408 -2380.524 48.981 -0.305 1387.177 198.975 657.806 512.695 414.429 -658.264 308.38 31.891 473.938 399.17 86.212 2510.681 2287.598 实验室 1 074
4438619 4839 2025/12/24 11:09:46 P18 0 0 0 0 0 0 0 86.975 176.239 1163.94 175.476 855.103 325.775 3780.518 108.337 117.035 1847.229 -18.158 688.477 270.081 199.585 554.352 233.307 767.059 292.511 214.691 704.651 -4988.556 445.557 62.866 -2391.052 49.286 -1.373 1377.106 195.313 647.888 509.491 400.085 -659.79 304.871 34.943 473.48 390.93 85.449 2511.444 2291.565 实验室 1 074
4438620 4839 2025/12/24 11:09:47 P18 0 0 0 0 0 0 0 86.67 177.307 1156.616 165.558 823.669 321.503 3780.975 31.738 168.152 1803.284 -18.311 672.302 267.487 197.754 547.333 232.849 757.599 288.391 131.836 694.58 -4983.215 447.54 59.357 -2387.543 48.37 -1.373 1366.73 193.024 638.886 505.676 393.219 -661.621 302.734 38.605 460.815 380.096 90.637 2511.292 2290.344 实验室 1 074
4438621 4839 2025/12/24 11:09:48 P18 0 0 0 0 0 0 0 85.907 181.427 1150.208 160.217 792.542 316.01 3780.67 54.626 245.209 1764.679 -18.311 646.515 265.961 195.77 540.466 233.002 746.613 285.95 61.035 686.188 -4991.15 463.867 63.171 -2375.946 47.302 -0.153 1357.269 189.209 630.798 501.251 382.69 -661.621 299.225 46.692 450.592 373.84 84.839 2510.681 2289.886 实验室 1 074
4438622 4839 2025/12/24 11:09:49 P18 0 0 0 0 0 0 0 84.991 176.849 1144.104 149.078 763.855 310.669 3780.975 36.774 249.023 1732.33 -18.158 641.022 263.519 194.244 534.973 233.765 737.152 282.593 10.681 678.101 -4988.861 452.271 64.392 -2349.396 48.065 -1.221 1346.893 186.005 623.169 499.573 372.772 -661.469 296.021 54.169 434.265 367.584 83.618 2511.597 2290.497 实验室 1 074
4438623 4839 2025/12/24 11:09:50 P18 0 0 0 0 0 0 0 85.449 176.849 1138.306 141.907 738.068 306.244 3781.281 70.953 221.405 1694.641 -18.921 624.695 261.841 192.871 529.175 234.07 727.997 279.694 -13.886 670.166 -4988.708 466.003 61.951 -2336.731 47.607 -0.305 1338.501 184.021 614.624 495.148 363.007 -661.926 293.732 59.357 434.876 357.056 82.55 2511.749 2290.039 实验室 1 074
4438624 4839 2025/12/24 11:09:51 P18 0 0 0 0 0 0 0 85.144 176.697 1132.507 136.108 713.043 302.429 3781.433 85.754 200.195 1662.903 -17.853 604.248 260.01 192.566 523.529 234.985 718.689 275.421 -7.935 663.147 -4990.234 503.082 61.34 -2363.892 47.15 -0.763 1329.041 180.664 606.842 491.638 352.783 -662.079 291.138 66.376 411.53 348.663 85.144 2510.681 2290.955 实验室 1 074
4438625 4839 2025/12/24 11:09:51 P18 0 0 0 0 0 0 0 84.076 177.155 1127.167 128.784 689.85 297.394 3780.823 38.452 114.136 1637.268 -18.616 592.499 259.247 190.735 518.189 236.206 709.534 272.675 4.73 656.738 -4990.387 481.262 63.171 -2382.507 46.997 -0.153 1319.122 177.918 599.67 488.586 341.797 -662.537 288.391 73.395 406.952 344.391 78.278 2510.986 2287.598 实验室 1 074
4438626 4839 2025/12/24 11:09:52 P18 0 0 0 0 0 0 0 84.076 176.697 1122.131 123.901 666.809 294.495 3780.06 53.406 -41.199 1588.135 -18.311 574.493 257.721 189.209 512.695 235.901 700.989 269.775 28.076 648.956 -4988.251 468.597 63.477 -2372.284 46.692 0.916 1310.577 175.324 592.499 485.84 336.304 -662.231 285.95 79.651 398.712 335.846 81.177 2510.376 2290.344 实验室 1 074
4438627 4839 2025/12/24 11:09:53 P18 0 0 0 0 0 0 0 83.923 177.612 1115.417 117.95 647.736 289.917 3780.06 6.866 -35.095 1569.061 -17.853 562.134 255.432 187.378 506.744 236.511 692.749 267.639 46.387 641.632 -4989.166 443.42 63.934 -2345.581 45.166 0.763 1301.27 173.492 586.548 483.093 328.369 -663.3 283.661 85.449 390.778 327.759 83.008 2510.681 2289.581 实验室 1 074
4438628 4839 2025/12/24 11:09:54 P18 0 0 0 0 0 0 0 83.008 177.155 1110.229 113.22 628.052 285.797 3779.755 81.787 92.621 1551.208 -18.768 543.518 253.754 187.378 502.014 237.885 684.357 265.503 57.068 635.986 -4991.15 435.028 60.425 -2341.766 46.234 1.068 1293.182 170.288 579.529 479.126 324.249 -663.452 281.067 88.501 377.655 321.045 79.956 2510.834 2291.107 实验室 1 074
4438629 4839 2025/12/24 11:09:55 P18 0 0 0 0 0 0 0 83.618 175.018 1105.499 108.643 610.352 283.814 3779.907 26.398 211.334 1517.944 -18.311 527.191 252.075 184.937 496.674 237.122 676.575 261.993 61.035 628.967 -4987.945 379.944 63.324 -2342.987 44.403 1.373 1284.943 167.999 573.578 477.448 316.467 -662.231 279.388 92.926 367.889 313.11 82.397 2510.986 2293.549 实验室 1 074
4438630 4839 2025/12/24 11:09:56 P18 0 0 0 0 0 0 0 82.55 177.155 1100.616 102.539 593.109 279.541 3780.823 11.597 257.568 1506.958 -18.158 517.883 248.718 183.258 492.096 238.342 668.793 259.857 60.12 622.711 -4988.403 362.091 61.798 -2333.069 44.403 1.526 1276.245 165.558 567.322 474.548 310.974 -661.163 276.642 95.52 362.701 307.159 81.024 2510.071 2290.955 实验室 1 074
4438631 4839 2025/12/24 11:09:57 P18 0 0 0 0 0 0 0 82.855 177.002 1095.123 98.724 577.393 275.726 3779.755 35.706 258.789 1478.424 -18.921 505.676 247.955 183.411 487.671 238.342 661.926 257.111 56.763 616.913 -4990.082 374.451 62.561 -2340.698 44.25 1.984 1268.921 163.422 561.676 471.344 306.702 -665.588 274.811 96.13 358.582 302.429 82.245 2511.139 2289.276 实验室 1 074
4438632 4839 2025/12/24 11:09:58 P18 0 0 0 0 0 0 0 82.55 177.307 1090.546 95.062 562.286 272.217 3779.755 35.858 227.509 1444.397 -18.005 487.366 247.955 181.274 482.33 239.41 654.755 255.432 50.354 611.115 -4988.861 362.854 62.866 -2310.181 43.793 2.136 1261.139 161.743 555.725 468.903 302.124 -662.384 272.675 96.893 351.715 301.666 80.719 2511.292 2290.039 实验室 1 074
4438633 4839 2025/12/24 11:09:59 P18 0 0 0 0 0 0 0 82.397 175.934 1085.51 90.79 548.096 269.013 3780.518 45.776 165.558 1428.223 -18.005 470.734 247.803 181.274 479.736 239.716 647.583 252.991 46.234 605.621 -4990.845 425.263 59.204 -2309.113 44.708 2.289 1253.052 158.386 550.537 465.546 293.427 -661.011 270.538 96.13 342.255 289.764 77.972 2510.681 2290.802 实验室 1 074
4438634 4839 2025/12/24 11:10:00 P18 0 0 0 0 0 0 0 81.482 177.155 1080.322 86.823 535.431 267.029 3780.518 91.248 98.419 1414.642 -18.005 457.306 245.361 178.223 476.074 239.563 641.48 251.312 42.877 599.67 -4989.776 444.641 61.34 -2289.124 43.335 1.678 1246.033 158.539 545.044 463.562 288.544 -662.994 268.86 95.367 332.947 290.222 78.735 2511.292 2291.565 实验室 1 074
4438635 4839 2025/12/24 11:10:01 P18 0 0 0 0 0 0 0 81.787 177.307 1076.66 83.618 522.308 263.519 3779.755 24.109 54.474 1383.209 -17.7 445.862 243.988 178.375 470.123 240.631 634.003 249.023 39.063 594.33 -4988.098 484.619 61.34 -2274.017 44.861 3.204 1238.708 155.792 540.314 461.426 284.271 -663.3 267.487 93.384 323.639 285.797 80.109 2510.834 2290.192 实验室 1 074
4438636 4839 2025/12/24 11:10:02 P18 0 0 0 0 0 0 0 81.177 177.46 1071.625 80.261 510.864 260.468 3780.365 22.583 105.743 1368.408 -17.395 434.113 242.462 176.086 466.309 241.394 628.204 247.955 37.384 589.294 -4990.234 492.554 62.866 -2281.189 42.877 1.984 1230.469 154.114 534.515 459.29 283.661 -664.063 264.893 91.553 329.285 278.473 81.177 2511.444 2289.276 实验室 1 074
4438637 4839 2025/12/24 11:10:03 P18 0 0 0 0 0 0 0 80.872 177.765 1067.505 77.209 500.183 257.416 3780.518 7.324 21.057 1367.645 -17.853 418.243 241.394 173.035 462.647 241.852 621.948 245.056 34.18 583.496 -4990.387 475.464 60.883 -2281.799 41.656 2.289 1224.976 152.893 530.548 456.696 278.32 -664.673 263.214 89.874 320.892 274.506 79.346 2510.986 2290.192 实验室 1 074
4438638 4839 2025/12/24 11:10:04 P18 0 0 0 0 0 0 0 81.024 177.46 1062.469 74.768 489.655 254.822 3780.67 -25.635 -1.221 1337.28 -18.005 407.257 240.936 173.645 459.137 243.378 615.082 243.988 33.569 579.071 -4980.164 480.804 60.577 -2295.074 41.962 2.747 1217.041 151.062 525.513 455.017 274.658 -663.91 261.383 88.654 311.585 275.421 83.466 2511.139 2290.497 实验室 1 074
4438639 4839 2025/12/24 11:10:05 P18 0 0 0 0 0 0 0 80.719 176.849 1057.739 71.716 478.973 252.38 3778.687 52.948 -35.858 1320.038 -17.395 394.135 239.258 173.035 455.627 242.157 609.283 242.004 32.501 573.273 -4989.166 418.091 60.425 -2272.034 41.809 2.747 1210.938 151.52 521.698 451.965 271.912 -663.605 259.857 86.365 320.282 266.876 77.82 2511.139 2295.99 实验室 1 074
4438640 4839 2025/12/24 11:10:06 P18 0 0 0 0 0 0 0 81.024 177.002 1054.535 69.427 470.276 249.176 3780.823 50.354 -1.373 1307.526 -18.311 384.979 238.19 172.577 452.423 243.073 603.79 239.868 31.281 570.068 -4990.692 449.829 62.408 -2242.279 41.199 2.594 1203.766 147.095 516.357 449.219 272.827 -663.757 258.484 83.16 309.296 267.181 82.092 2511.292 2285.461 实验室 1 074
4438641 4839 2025/12/24 11:10:07 P18 0 0 0 0 0 0 0 80.261 177.155 1051.483 66.986 461.121 246.429 3781.281 -21.21 24.414 1297.455 -18.158 370.789 237.274 171.356 449.371 243.988 598.145 237.427 30.67 566.406 -4988.098 440.064 64.087 -2253.265 40.894 3.052 1197.205 145.874 512.085 447.388 265.045 -664.368 256.5 81.635 298.92 254.669 76.752 2512.054 2292.48 实验室 1 074
4438642 4839 2025/12/24 11:10:08 P18 0 0 0 0 0 0 0 80.566 177.002 1047.363 64.087 453.186 244.751 3781.891 -19.836 -14.343 1289.368 -17.7 364.99 236.816 170.898 445.557 244.598 592.499 236.816 30.06 561.066 -4989.624 421.753 61.798 -2243.042 41.656 2.289 1190.491 144.653 508.118 445.252 260.925 -663.605 254.669 79.193 287.476 253.601 76.447 2511.902 2290.344 实验室 1 074
4438643 4839 2025/12/24 11:10:09 P18 0 0 0 0 0 0 0 80.109 176.697 1042.175 62.408 444.183 243.225 3781.738 10.529 31.891 1262.665 -17.7 346.68 235.138 170.288 442.658 245.361 586.548 234.985 29.755 556.641 -4990.692 431.824 63.019 -2241.821 40.436 3.51 1184.082 143.127 504.15 443.268 260.01 -663.757 254.211 77.362 298.615 250.244 78.125 2511.292 2290.649 实验室 1 074
4438644 4839 2025/12/24 11:10:10 P18 0 0 0 0 0 0 0 79.956 177.002 1040.192 59.967 437.317 240.479 3782.349 41.199 55.237 1255.646 -18.463 338.44 234.375 168.915 439.911 245.667 581.818 233.46 30.365 553.436 -4990.54 414.276 62.103 -2223.053 41.199 1.831 1178.741 141.754 500.183 440.521 253.601 -662.384 251.923 75.378 286.255 246.429 77.515 2512.36 2294.464 实验室 1 074
4438645 4839 2025/12/24 11:10:11 P18 0 0 0 0 0 0 0 80.872 176.849 1035.309 58.594 431.061 237.885 3782.501 20.905 26.245 1242.218 -18.158 332.336 233.765 167.694 436.554 246.124 576.782 231.628 29.602 548.401 -4987.945 398.407 64.85 -2199.86 40.436 2.289 1176.147 141.144 496.368 438.843 249.786 -664.215 251.007 73.547 288.239 246.429 77.667 2511.597 2289.124 实验室 1 074
4438646 4839 2025/12/24 11:10:12 P18 0 0 0 0 0 0 0 80.109 177.307 1032.41 56.763 424.652 235.443 3781.586 42.114 25.787 1236.725 -17.853 319.519 232.086 166.931 432.892 246.429 571.594 230.866 28.687 544.586 -4988.403 413.208 60.272 -2186.127 39.673 1.984 1166.992 140.076 492.859 437.164 247.345 -664.215 249.023 71.564 285.034 237.579 76.904 2513.58 2289.124 实验室 1 074
4438647 4839 2025/12/24 11:10:13 P18 0 0 0 0 0 0 0 80.109 176.849 1027.527 54.016 418.091 233.917 3781.891 -5.646 65.613 1215.515 -17.7 310.516 231.476 165.863 430.45 247.65 566.559 229.492 30.212 540.619 -4990.845 421.448 60.272 -2177.582 39.978 1.831 1160.431 138.855 489.807 435.791 244.751 -664.52 247.04 70.953 275.421 237.732 78.125 2512.817 2290.802 实验室 1 074
4438648 4839 2025/12/24 11:10:14 P18 0 0 0 0 0 0 0 79.803 177.002 1024.933 53.101 412.14 232.239 3781.738 27.771 128.632 1207.275 -18.311 303.192 231.628 165.253 428.009 248.413 561.829 228.272 29.602 537.262 -4989.929 404.511 61.951 -2170.563 40.283 1.984 1155.09 138.092 485.23 433.35 243.988 -663.3 246.124 68.97 270.386 237.122 81.94 2509.308 2289.124 实验室 1 074
4438649 4839 2025/12/24 11:10:15 P18 0 0 0 0 0 0 0 79.803 176.544 1020.203 51.88 406.036 229.797 3781.281 4.12 99.335 1195.984 -17.7 289.154 229.95 164.642 425.72 247.955 556.946 226.44 28.992 533.905 -4990.082 441.132 63.629 -2142.487 39.52 2.594 1149.292 136.414 482.483 431.213 240.784 -664.978 245.056 66.528 278.168 234.68 77.972 2511.597 2287.292 实验室 1 074
4438650 4839 2025/12/24 11:10:16 P18 0 0 0 0 0 0 0 80.109 177.765 1016.388 50.964 400.696 227.814 3781.128 34.79 61.493 1192.474 -18.005 283.966 228.577 163.574 422.363 248.718 553.589 225.22 29.602 530.396 -4988.098 442.505 61.646 -2154.999 38.757 1.831 1144.409 135.04 479.126 429.84 240.021 -661.774 244.293 65.46 265.656 230.408 76.447 2511.749 2295.227 实验室 1 074
4438651 4839 2025/12/24 11:10:17 P18 0 0 0 0 0 0 0 79.956 177.46 1013.947 48.981 394.745 227.509 3781.586 37.231 79.498 1184.998 -18.921 274.658 227.203 162.201 420.075 249.023 548.554 224.457 28.687 526.428 -4988.556 430.756 62.408 -2136.841 38.3 1.526 1139.221 133.972 475.464 427.246 237.274 -661.774 242.157 65.155 261.841 223.084 76.752 2511.444 2290.039 实验室 1 074
4438652 4839 2025/12/24 11:10:18 P18 0 0 0 0 0 0 0 79.651 177.918 1010.59 46.844 390.015 224.762 3781.586 36.774 10.834 1166.229 -16.937 270.386 227.814 161.285 417.938 249.634 544.586 223.694 28.534 523.224 -4990.845 408.936 61.798 -2110.748 37.994 1.221 1134.644 133.514 472.565 426.025 234.375 -661.621 241.394 63.782 259.857 227.356 75.531 2512.054 2291.87 实验室 1 074
4438653 4839 2025/12/24 11:10:19 P18 0 0 0 0 0 0 0 79.803 176.392 1007.843 46.082 384.979 223.236 3780.518 5.951 -21.515 1168.213 -17.7 260.62 227.051 161.285 415.955 250.702 539.551 222.473 28.687 520.935 -4989.929 375.061 63.477 -2141.418 37.537 1.678 1128.387 131.989 469.36 424.194 235.748 -661.774 239.868 63.324 259.247 217.438 75.531 2511.139 2290.649 实验室 1 074
4438654 4839 2025/12/24 11:10:20 P18 0 0 0 0 0 0 0 80.261 176.544 1003.723 45.929 381.165 220.795 3783.417 57.678 -39.673 1144.409 -18.311 253.296 225.678 160.523 413.208 250.549 535.584 222.168 28.534 517.12 -4987.641 330.048 62.256 -2120.667 37.079 1.984 1123.81 131.531 465.851 422.058 233.002 -661.926 238.8 61.34 254.364 223.236 76.141 2511.292 2299.652 实验室 1 074
4438655 4839 2025/12/24 11:10:21 P18 0 0 0 0 0 0 0 79.041 176.544 1000.366 43.945 376.282 219.727 3782.959 -4.425 -32.654 1145.172 -18.005 251.617 225.525 159.302 411.072 251.617 531.006 220.032 29.297 513.611 -4991.913 353.546 61.035 -2116.089 37.384 1.068 1118.011 130.768 463.562 420.99 231.018 -661.621 237.122 61.493 251.16 221.252 77.057 2512.665 2290.649 实验室 1 074
4438656 4839 2025/12/24 11:10:22 P18 0 0 0 0 0 0 0 79.651 177.002 998.383 43.335 373.23 216.675 3781.738 44.861 69.122 1135.559 -18.005 242.462 224.304 159.302 409.241 251.465 527.039 218.811 28.687 511.322 -4990.387 363.464 62.408 -2114.868 37.689 1.831 1113.586 129.242 460.053 419.006 229.187 -662.079 236.054 60.425 242.004 214.233 75.684 2511.749 2291.26 实验室 1 074
4438657 4839 2025/12/24 11:10:23 P18 0 0 0 0 0 0 0 79.498 176.392 995.789 41.809 368.5 216.065 3782.196 24.567 68.512 1147.156 -19.379 243.073 224.152 157.776 406.494 252.533 522.308 217.896 29.144 508.423 -4988.556 348.663 63.934 -2118.225 36.926 0.916 1108.246 129.395 457.611 417.328 227.203 -662.689 234.528 60.12 238.648 214.691 75.378 2512.207 2290.802 实验室 1 074
4438658 4839 2025/12/24 11:10:24 P18 0 0 0 0 0 0 0 79.041 177.307 991.974 41.046 364.99 214.844 3782.043 -10.986 77.362 1135.406 -17.395 232.086 222.778 156.708 404.053 252.38 518.799 216.217 28.076 505.066 -4986.267 346.832 65.308 -2108.765 36.316 2.136 1104.431 127.564 454.559 415.344 225.067 -663.147 234.375 58.746 237.274 210.114 77.515 2511.749 2291.26 实验室 1 074
4438659 4839 2025/12/24 11:10:25 P18 0 0 0 0 0 0 0 78.735 176.239 988.312 39.978 360.718 213.013 3782.043 3.357 99.64 1123.505 -18.616 227.661 222.321 156.555 402.527 253.754 514.069 215.149 28.839 501.556 -4988.098 349.884 62.256 -2106.476 37.079 0.305 1098.938 126.495 451.813 414.581 222.931 -663.147 232.391 59.204 242.92 199.127 75.836 2511.292 2290.955 实验室 1 074
4438660 4839 2025/12/24 11:10:26 P18 0 0 0 0 0 0 0 79.346 176.086 985.87 39.063 356.598 211.945 3781.281 -0.305 101.318 1112.671 -17.548 223.999 221.252 155.487 400.543 253.906 510.864 214.539 29.602 500.183 -4988.556 360.413 61.34 -2083.893 36.621 0.458 1094.818 126.343 448.914 413.361 220.795 -664.063 231.018 58.441 245.056 203.247 75.378 2510.376 2291.412 实验室 1 074
4438661 4839 2025/12/24 11:10:27 P18 0 0 0 0 0 0 0 79.041 176.239 982.361 38.605 353.394 210.877 3780.06 19.836 74.005 1109.009 -18.005 219.421 220.795 155.64 398.865 253.754 507.66 213.471 28.687 496.826 -4989.014 327.454 60.883 -2082.214 36.163 0.916 1090.393 124.512 446.32 410.309 220.642 -661.011 230.713 56.915 236.664 204.01 73.853 2510.834 2290.497 实验室 1 074
4438662 4839 2025/12/24 11:10:28 P18 0 0 0 0 0 0 0 78.888 177.002 979.309 37.384 350.342 209.503 3780.365 25.94 69.58 1103.058 -17.548 215.912 220.184 154.572 396.576 254.364 504.303 213.013 28.992 493.774 -4988.708 341.95 63.171 -2071.533 36.011 1.373 1085.358 123.901 444.336 409.393 218.506 -661.621 228.882 57.068 227.509 202.179 76.294 2510.986 2288.971 实验室 1 074
4438663 4839 2025/12/24 11:10:29 P18 0 0 0 0 0 0 0 79.041 175.781 977.478 37.079 348.663 207.825 3780.06 27.466 76.599 1097.26 -18.311 212.708 220.337 153.351 395.203 254.517 500.641 211.487 28.076 491.333 -4989.166 332.336 62.408 -2039.642 36.621 1.526 1080.933 122.528 441.284 408.02 219.421 -663.452 228.577 56.305 225.678 193.024 73.853 2510.071 2287.14 实验室 1 074
4438664 4839 2025/12/24 11:10:30 P18 0 0 0 0 0 0 0 79.041 176.239 973.358 35.706 344.696 206.909 3779.297 -3.815 56.61 1096.954 -18.005 209.045 218.811 153.198 392.761 255.585 497.131 210.877 27.924 488.281 -4989.014 337.83 59.967 -2032.623 35.248 0.153 1076.66 122.528 439.148 407.105 217.438 -662.537 226.746 56.458 226.135 193.329 74.31 2511.292 2290.955 实验室 1 074
4438665 4839 2025/12/24 11:10:31 P18 0 0 0 0 0 0 0 80.109 175.934 972.138 35.706 341.339 204.773 3780.212 12.665 69.58 1096.039 -17.853 207.52 218.201 153.503 392.456 255.585 493.469 209.656 27.618 486.603 -4989.624 419.769 61.646 -2001.953 35.706 1.068 1072.54 121.307 436.096 405.121 216.675 -664.978 226.135 55.542 220.947 192.566 74.005 2510.376 2290.802 实验室 1 074
4438666 4839 2025/12/24 11:10:32 P18 0 0 0 0 0 0 0 79.041 175.629 969.238 34.485 338.745 203.857 3781.433 3.204 36.926 1094.971 -17.853 204.926 218.506 151.215 390.015 257.416 490.723 209.198 27.924 483.246 -4988.403 372.925 63.171 -1984.863 35.248 0.458 1068.115 119.934 434.265 403.748 215.149 -662.994 224.915 56 227.966 191.956 74.158 2511.749 2287.75 实验室 1 074
4438667 4839 2025/12/24 11:10:33 P18 0 0 0 0 0 0 0 79.041 176.239 965.881 34.79 336.151 202.942 3781.128 10.681 67.291 1077.423 -18.005 202.637 217.285 150.299 388.184 256.653 487.671 207.825 27.771 481.262 -4988.403 402.679 60.12 -1985.016 35.095 0.458 1064.453 120.087 431.519 401.917 212.708 -662.689 223.999 54.779 225.372 187.531 79.041 2511.902 2290.802 实验室 1 074
4438668 4839 2025/12/24 11:10:34 P18 0 0 0 0 0 0 0 78.735 176.086 962.982 33.875 334.32 201.111 3781.891 35.4 73.547 1083.984 -18.158 200.806 216.37 150.452 387.421 257.111 484.314 207.672 27.924 478.516 -4990.54 407.562 63.019 -1976.624 35.858 0.61 1059.875 118.866 429.382 400.391 212.708 -663.3 223.389 54.626 223.389 190.43 75.073 2512.207 2293.243 实验室 1 074
4438669 4839 2025/12/24 11:10:35 P18 0 0 0 0 0 0 0 78.735 176.239 960.083 32.806 331.116 200.653 3782.959 30.67 72.784 1078.796 -18.005 200.348 216.675 149.384 384.979 258.026 480.194 206.451 28.076 476.837 -4988.861 375.671 61.493 -1963.959 35.248 0 1055.908 118.561 426.788 400.238 211.334 -662.994 222.168 54.474 213.165 193.329 75.836 2512.512 2291.87 实验室 1 074
4438670 4839 2025/12/24 11:10:36 P18 0 0 0 0 0 0 0 79.041 175.781 957.642 32.654 328.217 199.28 3780.67 23.193 56.152 1059.113 -17.7 200.043 215.302 148.163 383.453 257.874 477.6 206.451 27.618 475.159 -4991.303 367.889 61.035 -1977.539 34.332 -0.916 1051.331 118.713 425.415 397.949 212.86 -662.994 220.947 54.169 213.318 183.563 75.531 2511.292 2290.955 实验室 1 074
4438671 4839 2025/12/24 11:10:37 P18 0 0 0 0 0 0 0 78.888 174.866 956.421 32.654 326.233 198.212 3780.212 2.441 13.733 1058.35 -18.311 197.449 216.065 148.163 382.538 259.399 474.701 204.773 26.855 472.565 -4991.303 359.65 61.951 -1964.569 34.79 0.458 1048.279 116.882 423.279 396.423 211.487 -662.994 220.032 54.474 216.065 188.141 74.615 2510.529 2290.802 实验室 1 074
4438672 4839 2025/12/24 11:10:38 P18 0 0 0 0 0 0 0 78.278 174.866 953.522 30.823 323.639 196.686 3781.128 -3.51 43.64 1056.671 -18.005 196.533 214.996 147.858 380.707 259.705 470.581 204.468 28.229 470.734 -4989.014 317.688 61.951 -1949.158 34.79 0.305 1044.159 116.272 420.227 395.508 210.114 -661.621 219.269 54.474 218.353 187.073 73.395 2511.292 2292.328 实验室 1 074
4438673 4839 2025/12/24 11:10:39 P18 0 0 0 0 0 0 0 79.041 175.476 950.317 31.281 321.96 195.465 3779.907 0.61 63.934 1051.483 -17.853 195.16 214.539 147.858 379.791 259.399 469.208 203.705 26.855 469.36 -4990.845 310.974 61.951 -1941.223 35.095 0.458 1040.344 115.509 418.091 393.524 211.029 -663.91 218.201 53.864 209.198 178.528 75.989 2510.681 2290.344 实验室 1 074
4438674 4839 2025/12/24 11:10:40 P18 0 0 0 0 0 0 0 78.125 175.476 947.113 30.823 319.824 194.55 3779.907 69.58 18.158 1011.505 -17.09 197.144 213.013 145.874 377.96 260.62 464.935 203.4 27.771 466.461 -4988.098 402.069 62.866 -1940.613 33.569 0.153 1036.072 115.356 416.87 393.066 209.503 -663.3 217.285 53.253 211.182 183.868 72.174 2511.902 2290.344 实验室 1 074
4438675 4839 2025/12/24 11:10:41 P18 0 0 0 0 0 0 0 79.041 175.324 945.892 30.212 317.688 193.481 3780.67 4.12 -74.31 1028.442 -18.311 196.075 212.86 146.942 376.74 260.925 462.341 202.484 26.55 465.241 -4988.708 401.001 67.749 -1927.795 33.569 0.763 1032.715 115.356 414.581 390.93 209.351 -663.91 217.133 53.101 205.841 181.122 74.158 2510.376 2289.886 实验室 1 074
4438676 4839 2025/12/24 11:10:42 P18 0 0 0 0 0 0 0 79.041 175.171 943.756 30.212 316.62 192.871 3781.433 9.46 11.597 1047.974 -17.853 196.381 212.402 145.416 375.214 260.925 460.053 202.179 27.161 462.341 -4989.776 409.851 62.714 -1915.588 34.943 -0.305 1029.053 114.136 412.598 390.015 207.825 -663.605 215.759 51.27 200.806 172.73 72.937 2512.207 2290.344 实验室 1 074
4438677 4839 2025/12/24 11:10:43 P18 0 0 0 0 0 0 0 77.82 175.934 941.162 30.212 314.941 191.193 3780.975 -9.46 -43.488 1049.805 -17.548 197.144 212.097 145.416 374.603 261.841 457.459 201.416 27.161 460.51 -4991.303 376.892 63.171 -1921.692 34.18 0.763 1025.391 114.136 410.156 388.336 207.977 -661.774 215.454 53.101 203.247 173.035 74.005 2513.275 2292.938 实验室 1 074
4438678 4839 2025/12/24 11:10:44 P18 0 0 0 0 0 0 0 79.193 174.866 937.653 29.297 312.347 190.582 3781.738 -35.4 -63.782 1028.748 -18.158 195.77 211.029 143.89 372.62 261.841 453.949 199.738 26.093 458.679 -4988.403 394.745 61.34 -1895.599 33.264 -0.153 1022.491 112.763 408.478 387.573 209.503 -664.368 214.539 52.338 205.231 170.136 79.041 2511.902 2288.971 实验室 1 074
4438679 4839 2025/12/24 11:10:45 P18 0 0 0 0 0 0 0 79.041 175.171 936.585 28.534 310.822 190.43 3782.349 3.052 -83.16 1029.663 -17.853 196.228 210.724 143.127 371.704 262.451 451.355 199.738 27.161 458.221 -4988.251 409.546 62.256 -1879.73 32.959 -0.305 1018.829 112.915 406.647 386.658 206.299 -663.757 213.165 53.253 200.653 178.833 78.125 2512.817 2291.565 实验室 1 074
4438680 4839 2025/12/24 11:10:46 P18 0 0 0 0 0 0 0 78.583 176.086 933.991 28.381 309.448 189.209 3780.518 22.125 -128.021 1024.017 -17.548 198.975 210.571 143.127 370.941 262.451 449.677 200.043 26.703 455.475 -4990.692 392.456 63.629 -1863.403 32.959 -0.305 1015.625 113.068 405.579 385.742 205.536 -663.757 212.097 52.643 191.193 175.171 72.937 2510.986 2288.208 实验室 1 074
4438681 4839 2025/12/24 11:10:47 P18 0 0 0 0 0 0 0 78.735 175.934 932.312 27.466 307.617 189.209 3779.755 16.479 -143.89 1031.799 -17.395 199.585 209.961 142.212 369.568 262.756 446.93 198.669 26.093 453.796 -4989.624 388.794 62.408 -1869.659 32.959 -1.068 1011.505 111.389 403.29 384.369 206.909 -663.757 211.792 52.643 197.754 170.593 72.784 2511.139 2290.192 实验室 1 074
4438682 4839 2025/12/24 11:10:48 P18 0 0 0 0 0 0 0 78.583 175.629 930.328 26.703 306.549 187.531 3780.67 -25.024 -49.133 1012.573 -16.937 199.127 209.961 141.144 368.347 263.062 444.489 198.517 25.94 452.423 -4991.607 388.184 62.103 -1856.232 32.043 -0.458 1008.301 111.389 401.459 382.538 205.078 -662.994 210.724 56.305 194.702 168.304 74.31 2512.207 2287.903 实验室 1 074
4438683 4839 2025/12/24 11:10:49 P18 0 0 0 0 0 0 0 78.43 176.086 927.887 27.771 304.565 186.157 3780.518 -3.815 0.305 1019.897 -17.09 198.517 209.351 141.602 366.821 263.977 442.505 197.754 26.093 450.44 -4989.014 369.415 61.646 -1849.06 32.501 -0.61 1005.554 110.321 403.137 382.233 204.468 -663.757 209.808 52.032 193.481 170.136 72.632 2512.817 2290.497 实验室 1 074
4438684 4839 2025/12/24 11:10:50 P18 0 0 0 0 0 0 0 78.735 175.018 926.209 27.313 303.803 184.937 3782.043 56.305 85.144 1006.775 -18.311 201.721 209.045 141.602 366.211 264.893 439.453 196.381 25.94 449.219 -4988.098 300.751 62.408 -1835.632 32.196 0.153 1002.045 109.863 397.034 380.554 204.01 -663.605 208.13 51.27 194.397 166.016 74.158 2511.902 2290.039 实验室 1 074
4438685 4839 2025/12/24 11:10:51 P18 0 0 0 0 0 0 0 79.498 175.629 923.309 26.703 302.734 184.326 3782.043 22.736 123.138 1012.573 -17.548 202.942 208.435 142.212 365.448 264.893 436.554 196.838 25.33 447.388 -4990.692 325.012 60.577 -1803.436 31.891 -0.61 998.993 109.558 395.966 379.639 200.806 -664.52 209.198 51.117 195.16 167.389 73.242 2511.597 2288.055 实验室 1 074
4438686 4839 2025/12/24 11:10:52 P18 0 0 0 0 0 0 0 78.43 175.171 920.715 26.55 300.293 183.563 3781.891 23.651 107.575 1007.233 -17.395 204.315 208.13 139.771 364.38 265.35 433.96 196.075 25.94 446.167 -4988.708 304.718 61.34 -1794.281 31.891 -1.221 995.789 109.253 395.05 378.876 202.332 -664.52 207.977 52.643 196.686 165.558 74.615 2511.444 2290.039 实验室 1 074
4438687 4839 2025/12/24 11:10:53 P18 0 0 0 0 0 0 0 79.193 175.018 920.105 26.855 298.615 183.411 3780.518 7.629 119.476 1007.08 -17.7 204.01 207.367 140.076 363.312 265.35 432.129 195.16 25.482 444.183 -4990.234 279.236 62.866 -1788.788 31.891 -0.305 993.195 108.185 392.761 377.045 200.348 -664.52 208.13 51.575 196.838 162.048 72.021 2510.681 2290.039 实验室 1 074
4438688 4839 2025/12/24 11:10:54 P18 0 0 0 0 0 0 0 78.125 175.781 918.121 25.94 298.157 183.716 3780.67 -31.128 102.081 1004.791 -17.395 203.705 206.757 139.16 361.786 265.198 430.145 195.16 25.482 442.505 -4989.776 284.729 65.155 -1774.139 31.738 -0.763 989.533 109.406 391.235 376.74 200.958 -664.52 206.299 51.88 192.871 164.185 74.005 2511.749 2287.445 实验室 1 074
4438689 4839 2025/12/24 11:10:55 P18 0 0 0 0 0 0 0 78.888 174.255 915.833 25.94 296.936 182.19 3780.518 -8.087 48.981 1001.282 -19.226 205.841 206.604 137.787 361.481 266.419 427.399 194.855 25.024 441.132 -4987.641 307.465 63.324 -1762.848 30.975 -0.763 986.939 107.575 389.099 374.908 200.348 -664.978 205.994 51.422 191.65 160.98 74.768 2510.986 2290.802 实验室 1 074
4438690 4839 2025/12/24 11:10:56 P18 0 0 0 0 0 0 0 78.735 174.713 913.544 25.024 294.647 180.969 3782.196 39.368 139.313 993.5 -18.158 209.656 206.451 137.177 359.955 267.029 425.415 194.397 25.177 439.606 -4992.676 277.252 60.12 -1751.251 31.586 -0.916 983.887 106.659 388.489 374.603 197.296 -664.52 205.383 52.032 193.329 158.386 73.547 2511.902 2292.786 实验室 1 074
4438691 4839 2025/12/24 11:10:57 P18 0 0 0 0 0 0 0 79.498 175.018 911.102 25.94 294.037 180.664 3781.281 37.537 203.4 988.77 -18.005 212.097 205.994 136.719 359.039 267.334 422.821 193.634 25.024 437.927 -4989.776 294.495 60.577 -1725.464 31.128 -1.373 981.751 105.896 386.505 372.925 200.195 -664.978 204.468 50.812 197.754 155.182 75.836 2512.207 2295.532 实验室 1 074
4438692 4839 2025/12/24 11:10:58 P18 0 0 0 0 0 0 0 79.346 174.255 909.576 24.414 292.816 180.206 3781.891 -5.035 180.359 997.772 -18.005 212.097 205.231 136.108 358.582 267.487 420.532 192.719 25.024 436.707 -4987.945 293.884 61.951 -1754.15 31.433 -1.373 978.394 105.591 384.827 372.162 198.364 -664.978 204.01 50.507 175.476 154.266 70.496 2512.207 2292.328 实验室 1 074
4438693 4839 2025/12/24 11:10:59 P18 0 0 0 0 0 0 0 78.43 174.408 907.44 24.719 290.985 179.291 3781.433 38.91 71.564 993.5 -17.242 208.588 205.841 135.956 357.819 268.25 418.091 192.871 25.33 436.554 -4990.997 267.181 60.883 -1748.352 31.891 -1.526 974.884 105.286 382.69 371.094 200.043 -663.757 202.942 51.88 178.986 154.724 72.937 2510.223 2293.701 实验室 1 074
4438694 4839 2025/12/24 11:11:00 P18 0 0 0 0 0 0 0 78.278 173.95 904.999 24.719 290.07 178.223 3781.128 -2.136 103.912 998.688 -18.158 212.708 204.773 136.108 357.208 268.402 416.87 192.566 25.787 434.723 -4989.014 280.304 61.951 -1747.284 31.128 -1.068 971.832 104.981 382.233 369.721 198.212 -662.689 202.026 51.575 177.765 153.503 73.242 2509.308 2290.649 实验室 1 074
4438695 4839 2025/12/24 11:11:01 P18 0 0 0 0 0 0 0 79.346 175.018 903.473 24.719 289.764 177.155 3780.67 4.883 59.662 988.312 -17.7 213.623 204.468 135.193 356.293 268.707 415.039 191.956 24.872 432.892 -4988.098 310.822 62.408 -1716.766 30.67 -0.916 969.544 104.523 380.249 369.11 197.144 -663.452 201.263 50.507 178.833 153.656 71.716 2510.986 2291.107 实验室 1 074
4438696 4839 2025/12/24 11:11:02 P18 0 0 0 0 0 0 0 78.278 174.408 901.947 23.804 287.628 176.392 3781.128 68.359 117.493 992.889 -18.158 215.912 204.926 135.04 355.53 269.318 412.293 191.345 25.94 432.282 -4991.455 359.65 62.408 -1714.172 30.212 -1.373 966.492 104.523 378.876 367.432 194.855 -663.147 200.806 51.575 179.291 154.572 70.801 2510.681 2290.802 实验室 1 074
4438697 4839 2025/12/24 11:11:03 P18 0 0 0 0 0 0 0 79.651 174.866 899.506 24.719 287.323 176.392 3782.043 12.665 85.297 982.208 -17.242 215.454 203.552 134.125 354.462 269.623 410.767 191.04 24.109 430.298 -4988.708 353.699 61.035 -1705.017 30.365 -1.221 964.05 104.523 377.197 366.669 197.754 -663.3 200.348 51.117 178.833 155.64 72.021 2511.749 2297.363 实验室 1 074
4438698 4839 2025/12/24 11:11:04 P18 0 0 0 0 0 0 0 78.735 175.018 897.522 23.956 286.56 173.645 3782.349 69.427 89.264 1011.658 -17.853 219.727 202.942 134.277 353.241 269.47 409.088 190.277 24.719 428.925 -4987.793 384.369 63.934 -1698.151 30.518 -1.984 961.609 102.692 376.129 366.364 200.653 -666.809 199.738 50.964 189.972 158.081 71.869 2512.054 2289.276 实验室 1 074
4438699 4839 2025/12/24 11:11:05 P18 0 0 0 0 0 0 0 78.125 173.645 896.301 23.346 285.034 175.171 3780.365 41.809 215.759 1006.317 -17.853 218.506 203.705 133.514 353.546 271.149 406.494 189.819 24.719 428.772 -4989.166 554.199 63.477 -1684.723 31.738 -1.373 957.642 102.539 374.298 364.99 198.669 -667.267 198.822 51.27 181.427 157.318 76.447 2510.529 2291.87 实验室 1 074
4438700 4839 2025/12/24 11:11:06 P18 0 0 0 0 0 0 0 78.583 174.866 894.165 23.499 283.966 173.645 3780.518 15.106 260.773 991.821 -17.242 220.184 202.942 133.209 352.325 270.538 404.511 189.972 24.719 427.399 -4989.014 619.965 60.272 -1659.546 29.907 -1.678 956.574 103.302 373.23 364.075 198.059 -663.3 198.517 50.354 181.58 153.351 72.479 2511.139 2296.448 实验室 1 074
4438701 4839 2025/12/24 11:11:07 P18 0 0 0 0 0 0 0 78.125 174.255 891.571 23.956 282.745 173.645 3781.738 13.733 225.525 994.873 -17.7 220.337 202.484 132.904 351.868 271.759 401.917 189.056 24.719 426.331 -4991.76 636.597 60.425 -1649.78 30.06 -1.831 952.301 102.539 371.399 364.075 197.907 -663.147 197.754 51.27 178.375 153.961 69.427 2511.444 2290.802 实验室 1 074
4438702 4839 2025/12/24 11:11:08 P18 0 0 0 0 0 0 0 79.041 174.103 892.639 22.888 281.982 172.882 3782.501 41.962 77.82 1000.519 -17.548 223.541 202.484 132.446 351.257 272.217 400.085 188.904 24.567 425.11 -4988.708 657.501 64.087 -1631.622 29.907 -1.831 950.317 102.081 370.789 361.939 197.296 -662.384 197.144 51.27 174.561 148.926 70.343 2512.207 2291.107 实验室 1 074
4438703 4839 2025/12/24 11:11:09 P18 0 0 0 0 0 0 0 78.125 174.255 889.435 23.346 280.457 172.424 3780.823 51.575 61.951 993.195 -17.853 224.457 202.332 131.683 350.494 272.369 398.254 188.141 23.193 423.737 -4988.556 695.953 60.73 -1630.707 30.823 -1.678 948.181 101.624 369.11 361.481 197.296 -661.774 197.296 50.049 166.779 148.468 72.021 2510.529 2291.26 实验室 1 074
4438704 4839 2025/12/24 11:11:10 P18 0 0 0 0 0 0 0 78.43 174.255 886.688 22.43 280.304 171.661 3779.297 24.414 95.978 999.298 -18.158 226.898 202.026 130.92 349.274 273.285 395.813 187.531 23.956 422.821 -4990.387 687.714 61.646 -1617.432 29.755 -1.984 944.672 101.776 368.5 360.87 196.686 -662.689 195.77 50.659 173.035 147.4 72.327 2510.986 2290.802 实验室 1 074
4438705 4839 2025/12/24 11:11:11 P18 0 0 0 0 0 0 0 78.278 173.95 885.925 22.43 279.388 170.288 3781.891 41.809 57.068 989.533 -18.005 227.661 201.721 131.378 349.274 272.217 394.898 187.531 23.651 422.363 -4986.877 692.902 61.035 -1603.546 29.449 -2.136 941.773 100.403 366.974 359.802 199.432 -663.452 195.618 50.659 180.817 146.027 70.19 2511.444 2290.497 实验室 1 074
4438706 4839 2025/12/24 11:11:12 P18 0 0 0 0 0 0 0 78.888 173.492 883.637 22.583 279.388 171.509 3782.043 14.191 10.223 982.208 -17.853 230.408 200.958 130.158 348.663 272.98 392.609 187.683 23.956 419.922 -4991.15 675.964 60.12 -1593.17 30.06 -1.678 939.026 100.25 365.295 358.429 196.838 -663.3 195.313 50.049 174.408 149.536 71.106 2512.36 2297.211 实验室 1 074
4438707 4839 2025/12/24 11:11:13 P18 0 0 0 0 0 0 0 78.125 173.798 882.111 21.515 277.863 171.661 3781.433 48.981 -16.937 987.091 -18.158 230.103 200.958 130.005 347.443 273.285 392.304 186.92 23.804 418.854 -4988.403 662.689 61.646 -1577.454 29.907 -2.289 937.958 99.945 365.143 358.276 196.228 -663.147 193.939 49.438 177.918 142.67 72.784 2510.834 2293.854 实验室 1 074
4438708 4839 2025/12/24 11:11:14 P18 0 0 0 0 0 0 0 78.43 173.645 880.89 23.041 278.168 169.983 3781.891 21.973 -87.585 977.936 -16.937 230.866 200.653 129.547 347.595 273.438 389.404 186.768 23.651 418.243 -4987.793 635.529 62.866 -1581.116 28.992 -1.984 934.906 100.098 363.007 356.751 193.329 -663.452 193.939 50.049 177.46 143.585 69.733 2511.139 2291.718 实验室 1 074
4438709 4839 2025/12/24 11:11:15 P18 0 0 0 0 0 0 0 78.735 173.645 878.754 22.43 276.337 169.525 3780.365 -4.883 -59.204 975.494 -18.005 227.051 200.043 129.852 346.985 273.59 387.116 186.157 24.109 417.633 -4990.692 622.101 62.256 -1569.061 29.449 -1.831 933.228 99.182 361.481 355.682 193.787 -663.3 193.481 49.744 163.117 141.144 72.632 2510.986 2290.497 实验室 1 074
4438710 4839 2025/12/24 11:11:16 P18 0 0 0 0 0 0 0 78.43 173.798 878.601 21.515 274.963 168.915 3780.823 10.223 -47.15 978.699 -18.463 231.018 200.043 129.547 346.222 274.048 385.59 185.7 23.651 416.412 -4988.251 585.938 58.899 -1538.544 26.855 -2.441 930.634 99.03 360.413 355.072 195.313 -666.199 192.871 49.896 168.61 146.332 72.479 2509.766 2291.565 实验室 1 074
4438711 4839 2025/12/24 11:11:17 P18 0 0 0 0 0 0 0 78.278 173.34 875.702 21.667 275.574 169.067 3780.365 -12.512 -42.725 977.173 -17.7 233.46 199.585 129.395 345.154 275.116 384.827 185.394 23.346 415.192 -4990.845 544.281 65.613 -1540.985 29.297 -1.831 927.734 98.877 359.192 354.157 195.923 -664.825 192.566 49.438 160.37 142.517 72.632 2511.749 2289.429 实验室 1 074
4438712 4839 2025/12/24 11:11:18 P18 0 0 0 0 0 0 0 78.735 173.492 874.939 22.278 275.269 167.389 3782.349 24.109 101.166 971.222 -15.717 232.849 199.738 128.479 345.459 275.269 381.775 185.242 23.499 414.734 -4989.014 521.545 62.866 -1550.751 28.992 -4.73 925.446 98.572 358.429 352.936 193.939 -663.605 191.956 49.591 172.577 141.449 76.752 2511.749 2291.107 实验室 1 074
4438713 4839 2025/12/24 11:11:19 P18 0 0 0 0 0 0 0 78.43 174.408 872.192 21.057 273.59 166.931 3782.959 25.024 52.795 971.375 -18.005 235.291 198.822 127.869 344.086 275.879 381.47 185.242 24.109 413.361 -4988.403 516.968 63.019 -1525.421 28.534 -2.441 923.462 98.114 357.361 353.241 192.871 -664.978 191.193 49.438 171.051 140.228 72.327 2511.139 2292.175 实验室 1 074
4438714 4839 2025/12/24 11:11:20 P18 0 0 0 0 0 0 0 77.82 173.645 871.735 21.362 272.369 167.236 3780.365 34.332 89.569 964.508 -17.7 234.68 198.822 127.258 343.628 275.574 379.486 184.479 23.956 413.513 -4991.303 548.096 60.883 -1502.991 28.687 -2.289 920.715 97.656 355.682 352.02 193.481 -663.605 190.582 49.896 165.405 143.89 71.716 2510.834 2293.091 实验室 1 074
4438715 4839 2025/12/24 11:11:21 P18 0 0 0 0 0 0 0 78.583 174.103 868.835 24.414 271.301 166.321 3780.212 -2.899 85.907 971.527 -18.463 236.816 197.907 126.953 342.56 276.184 378.113 184.631 24.109 411.835 -4988.403 547.638 60.272 -1523.895 27.618 -2.747 918.732 98.877 354.462 350.952 193.481 -664.368 190.582 49.286 168.304 142.517 71.716 2510.834 2286.224 实验室 1 074
4438716 4839 2025/12/24 11:11:22 P18 0 0 0 0 0 0 0 75.684 174.408 868.53 20.752 271.606 165.71 3780.67 39.978 79.193 963.745 -17.242 237.274 198.364 126.953 343.018 276.947 376.434 184.021 23.346 410.614 -4990.082 568.39 62.103 -1523.132 28.229 -2.441 916.29 96.893 353.699 350.342 188.599 -664.215 189.819 49.133 162.354 141.754 69.275 2511.292 2288.818 实验室 1 074
4438717 4839 2025/12/24 11:11:23 P18 0 0 0 0 0 0 0 78.125 173.492 866.089 20.599 270.538 165.253 3782.043 62.866 45.319 953.064 -18.311 239.105 197.907 126.038 342.56 277.71 375.061 183.106 23.193 411.377 -4989.929 526.581 60.73 -1514.13 27.924 -3.51 914.154 97.198 352.325 350.037 193.481 -663.452 189.819 48.981 164.49 139.771 71.716 2512.054 2288.361 实验室 1 074
4438718 4839 2025/12/24 11:11:24 P18 0 0 0 0 0 0 0 78.43 174.561 864.258 21.057 270.996 164.642 3782.806 4.578 -22.125 970.917 -17.853 237.427 197.449 125.732 341.034 276.947 372.925 182.953 23.499 409.241 -4987.641 484.772 63.171 -1492.615 28.076 -3.204 911.865 97.504 351.257 348.663 193.634 -663.605 188.446 49.133 149.994 134.277 70.343 2511.749 2290.192 实验室 1 074
4438719 4839 2025/12/24 11:11:25 P18 0 0 0 0 0 0 0 78.43 173.95 863.342 21.057 269.318 163.879 3780.823 2.747 -6.409 965.271 -17.548 240.021 196.991 125.732 340.881 277.405 371.704 183.411 22.736 408.02 -4992.371 519.714 63.171 -1470.947 28.534 -3.357 909.119 95.978 350.494 347.9 191.04 -664.215 188.141 49.286 159.454 136.414 68.665 2510.834 2290.802 实验室 1 074
4438720 4839 2025/12/24 11:11:26 P18 0 0 0 0 0 0 0 79.346 173.645 861.664 21.21 268.86 163.574 3780.823 -34.79 18.158 971.375 -18.005 238.342 197.144 125.275 340.729 277.557 370.026 180.817 23.346 406.494 -4991.15 523.224 61.035 -1486.816 27.466 -2.594 907.745 96.436 348.206 345.612 192.566 -663.757 188.294 49.286 153.046 136.414 76.294 2510.834 2289.581 实验室 1 074
4438721 4839 2025/12/24 11:11:27 P18 0 0 0 0 0 0 0 78.43 173.645 861.816 20.447 267.792 164.032 3781.128 47.76 11.902 967.56 -18.311 238.495 197.754 124.817 339.508 277.71 368.042 182.495 22.888 406.799 -4987.641 498.2 60.425 -1483.002 27.008 -3.204 904.846 95.673 349.426 346.832 192.871 -666.046 187.073 49.744 155.335 133.972 70.648 2510.834 2291.412 实验室 1 074
4438722 4839 2025/12/24 11:11:28 P18 0 0 0 0 0 0 0 78.888 173.95 858.307 19.836 271.606 164.337 3780.06 0.763 -70.801 960.693 -17.548 238.495 196.686 124.207 338.44 277.863 367.432 182.343 22.888 405.426 -4990.54 477.753 61.798 -1469.269 27.771 -3.357 902.405 95.52 347.29 345.459 191.498 -664.978 186.157 48.981 159.454 137.024 72.937 2510.834 2290.802 实验室 1 074
4438723 4839 2025/12/24 11:11:29 P18 0 0 0 0 0 0 0 78.278 173.035 857.239 20.142 266.724 163.727 3780.975 16.632 -12.665 953.064 -17.853 240.631 196.533 123.901 338.593 279.083 365.906 181.885 23.499 404.816 -4991.455 484.161 63.934 -1453.4 27.771 -3.815 901.184 95.52 345.764 344.849 188.446 -664.368 185.547 49.286 162.354 136.414 70.953 2512.207 2289.886 实验室 1 074
4438724 4839 2025/12/24 11:11:30 P18 0 0 0 0 0 0 0 78.43 173.34 856.476 19.989 266.724 162.048 3781.281 59.204 -16.327 945.282 -18.311 239.258 196.533 122.833 338.593 278.931 368.195 182.19 22.43 403.137 -4988.403 496.521 54.779 -1437.531 27.313 -4.272 899.048 94.299 345.612 344.238 181.427 -664.978 185.394 48.523 157.623 135.193 70.343 2511.139 2289.124 实验室 1 074
4438725 4839 2025/12/24 11:11:31 P18 0 0 0 0 0 0 0 79.346 173.187 854.34 20.905 266.113 162.048 3782.654 -10.376 -45.319 949.402 -18.005 239.258 196.228 123.749 337.677 279.236 362.701 181.274 22.125 403.137 -4987.488 494.08 61.188 -1441.04 27.466 -3.51 896.606 94.604 344.391 343.018 190.582 -663.452 185.852 48.828 153.809 138.702 74.921 2511.902 2292.48 实验室 1 074
4438726 4839 2025/12/24 11:11:32 P18 0 0 0 0 0 0 0 78.735 173.187 853.577 20.294 265.656 161.896 3781.128 5.798 -51.88 944.672 -16.785 238.19 196.381 122.528 337.372 279.541 362.091 181.58 23.346 402.374 -4990.54 466.919 63.171 -1427.612 27.771 -3.815 894.775 94.147 343.781 342.56 191.498 -667.572 184.174 49.286 157.166 128.479 70.038 2512.054 2290.039 实验室 1 074
4438727 4839 2025/12/24 11:11:33 P18 0 0 0 0 0 0 0 78.125 173.187 851.44 19.379 265.808 161.743 3781.128 16.937 -37.537 940.704 -17.853 239.716 195.313 122.376 337.219 279.846 359.65 181.427 22.583 402.222 -4988.403 465.088 63.019 -1408.844 26.703 -3.662 891.876 94.452 343.018 342.102 191.345 -666.809 184.021 48.676 160.98 133.667 70.953 2511.749 2286.377 实验室 1 074
4438728 4839 2025/12/24 11:11:34 P18 0 0 0 0 0 0 0 77.362 173.492 850.83 20.294 263.214 160.675 3781.738 31.891 56.763 954.59 -17.7 238.8 195.618 122.528 336.456 280.609 358.124 180.664 23.193 401.154 -4991.455 461.731 62.408 -1387.482 26.703 -3.967 890.503 93.842 341.339 340.729 189.514 -665.283 183.868 48.676 155.792 135.193 69.275 2511.292 2290.039 实验室 1 074
4438729 4839 2025/12/24 11:11:35 P18 0 0 0 0 0 0 0 79.041 173.035 849.152 20.447 263.672 161.438 3781.433 25.024 122.681 943.909 -18.616 239.258 194.855 122.376 336.151 280.457 357.361 179.901 22.43 400.085 -4988.861 447.846 62.866 -1368.866 27.008 -3.662 888.367 92.773 340.118 339.508 189.667 -663.605 183.868 48.37 148.315 128.479 71.869 2512.054 2291.107 实验室 1 074
4438730 4839 2025/12/24 11:11:36 P18 0 0 0 0 0 0 0 78.43 173.187 848.694 19.531 263.214 159.607 3783.264 29.602 109.253 944.672 -17.548 240.326 195.618 121.307 336.762 280.762 355.988 180.206 21.667 400.085 -4988.251 461.426 61.34 -1379.089 27.618 -4.12 885.62 93.079 339.356 339.508 188.751 -663.757 183.106 48.37 156.25 135.193 71.259 2511.292 2290.649 实验室 1 074
4438731 4839 2025/12/24 11:11:37 P18 0 0 0 0 0 0 0 78.735 173.34 846.863 19.073 262.604 159.607 3780.67 -9.613 41.809 951.843 -18.005 238.495 194.55 122.07 335.846 281.22 354.309 179.596 22.736 399.475 -4992.218 480.347 63.629 -1391.144 27.466 -3.204 883.942 93.536 338.287 338.44 189.056 -664.52 181.885 48.37 146.79 138.855 71.411 2510.376 2290.497 实验室 1 074
4438732 4839 2025/12/24 11:11:38 P18 0 0 0 0 0 0 0 78.125 173.798 845.49 19.531 261.383 160.37 3779.907 -30.06 67.902 944.367 -17.7 238.953 195.007 121.002 334.93 280.914 354.004 180.206 21.362 398.102 -4988.251 451.202 63.477 -1385.345 26.398 -4.425 881.958 93.231 337.372 337.524 191.193 -664.673 182.19 47.607 146.332 133.057 69.275 2510.986 2289.734 实验室 1 074
4438733 4839 2025/12/24 11:11:39 P18 0 0 0 0 0 0 0 78.735 173.187 843.201 19.226 260.773 160.065 3781.738 3.967 116.882 939.026 -17.548 238.953 194.244 120.544 334.015 281.677 352.631 179.443 22.278 397.492 -4991.15 456.39 61.34 -1370.392 26.398 -4.73 879.517 92.926 335.999 337.677 189.056 -664.215 182.037 48.523 146.179 131.989 70.038 2511.902 2284.698 实验室 1 074
4438734 4839 2025/12/24 11:11:40 P18 0 0 0 0 0 0 0 78.43 173.95 841.675 19.531 261.231 158.539 3782.043 27.313 103.607 950.317 -18.158 237.427 193.481 119.934 334.32 282.44 351.257 180.512 21.973 397.186 -4988.098 486.603 61.951 -1351.929 26.703 -4.12 878.296 92.316 335.083 336.151 189.362 -664.215 181.122 47.913 148.926 129.395 69.275 2511.597 2289.276 实验室 1 074
4438735 4839 2025/12/24 11:11:41 P18 0 0 0 0 0 0 0 78.735 174.255 841.522 19.226 261.231 158.539 3780.365 77.515 111.389 938.568 -17.395 238.19 194.244 118.713 333.862 282.288 350.342 179.443 22.278 395.966 -4990.082 495.758 62.103 -1331.787 26.398 -4.272 876.617 92.163 334.625 335.541 188.904 -666.046 180.817 48.218 147.247 134.125 72.174 2510.834 2288.055 实验室 1 074
4438736 4839 2025/12/24 11:11:42 P18 0 0 0 0 0 0 0 79.193 173.95 839.844 19.531 260.162 157.776 3779.755 19.531 124.664 928.65 -18.311 236.816 193.481 119.782 333.71 282.593 348.358 180.512 23.499 395.66 -4989.319 439.453 61.188 -1321.716 26.703 -3.967 875.702 92.468 333.405 334.93 189.819 -663.452 180.359 47.76 149.384 129.547 70.648 2510.834 2290.344 实验室 1 074
4438737 4839 2025/12/24 11:11:43 P18 0 0 0 0 0 0 0 78.278 173.34 838.928 19.379 258.942 159.302 3781.738 -2.899 -4.883 931.244 -18.005 236.969 193.176 119.171 332.642 283.203 346.222 178.68 22.736 395.813 -4989.014 385.59 62.408 -1321.106 25.635 -4.578 872.498 91.4 333.557 334.473 189.972 -664.52 179.749 47.607 145.416 128.784 70.496 2511.902 2289.124 实验室 1 074
4438738 4839 2025/12/24 11:11:44 P18 0 0 0 0 0 0 0 78.583 173.34 837.25 19.379 260.01 158.081 3782.043 1.068 -30.67 939.331 -17.7 235.596 193.329 118.408 332.947 283.203 346.069 178.528 21.973 394.287 -4990.845 367.127 62.256 -1296.844 25.787 -5.035 870.819 92.163 331.879 333.862 187.225 -663.757 179.291 47.607 140.991 131.073 70.801 2512.512 2291.565 实验室 1 074
4438739 4839 2025/12/24 11:11:45 P18 0 0 0 0 0 0 0 78.583 173.34 836.029 19.073 258.484 157.166 3781.891 27.924 -36.621 943.451 -18.616 235.748 193.481 118.713 333.099 283.661 345.154 178.223 21.82 393.524 -4988.556 375.214 62.256 -1296.234 26.398 -4.272 868.988 90.332 330.658 333.252 188.141 -664.063 179.749 47.302 140.533 133.667 71.564 2510.834 2290.802 实验室 1 074
4438740 4839 2025/12/24 11:11:46 P18 0 0 0 0 0 0 0 78.888 173.645 835.724 19.379 258.331 155.792 3780.365 15.259 -7.172 932.922 -18.311 235.138 193.329 117.493 334.778 284.119 343.17 178.68 22.736 393.372 -4991.607 370.483 61.646 -1280.975 26.855 -5.188 868.225 89.722 330.811 333.099 188.141 -663.91 178.68 48.065 142.67 126.648 71.106 2511.292 2290.039 实验室 1 074
4438741 4839 2025/12/24 11:11:47 P18 0 0 0 0 0 0 0 77.82 172.424 834.351 19.073 257.416 155.792 3780.67 32.501 -124.512 926.819 -17.548 235.291 193.024 117.645 331.879 285.034 341.492 177.918 22.583 392.151 -4988.556 360.87 63.171 -1272.736 25.177 -4.883 865.021 90.637 329.742 332.031 185.852 -665.436 177.765 47.607 137.329 127.411 77.667 2510.834 2289.581 实验室 1 074
4438742 4839 2025/12/24 11:11:48 P18 0 0 0 0 0 0 0 78.125 173.645 833.283 18.768 256.5 156.097 3780.823 21.973 -131.226 933.685 -17.7 233.154 191.803 117.798 331.421 283.966 341.339 178.07 22.278 392.304 -4987.641 383.606 61.493 -1270.294 25.635 -4.883 864.105 90.79 328.98 331.268 186.462 -666.199 178.07 47.455 139.771 129.242 70.343 2511.444 2290.802 实验室 1 074
4438743 4839 2025/12/24 11:11:49 P18 0 0 0 0 0 0 0 76.752 172.882 831.299 19.989 257.416 155.335 3782.501 8.698 -126.343 937.5 -17.7 232.239 192.871 117.95 331.421 285.187 339.813 177.46 21.667 391.846 -4990.997 405.426 62.256 -1261.444 25.787 -5.035 861.359 89.722 327.759 330.048 179.443 -666.351 176.849 47.302 139.771 132.752 72.021 2511.902 2290.649 实验室 1 074
4438744 4839 2025/12/24 11:11:50 P18 0 0 0 0 0 0 0 78.43 172.119 829.926 18.311 256.805 155.335 3780.212 -16.937 -10.834 931.244 -17.242 230.713 192.719 117.188 331.421 284.729 338.898 177.002 20.905 390.93 -4987.793 412.75 69.58 -1274.414 25.787 -5.188 859.985 90.332 327.301 330.505 186.157 -665.283 177.002 47.15 145.874 126.495 69.58 2510.681 2288.361 实验室 1 074
4438745 4839 2025/12/24 11:11:51 P18 0 0 0 0 0 0 0 77.972 172.73 828.857 19.531 255.432 155.945 3780.823 7.629 167.847 936.585 -17.395 231.476 191.956 117.34 330.658 285.797 337.677 177.155 22.43 390.32 -4989.776 430.756 62.714 -1277.313 25.94 -5.341 858.002 89.569 325.775 329.742 187.988 -666.809 176.849 47.76 142.365 130.005 71.716 2510.986 2289.886 实验室 1 074
4438746 4839 2025/12/24 11:11:52 P18 0 0 0 0 0 0 0 78.43 172.882 829.315 18.463 255.89 154.877 3780.212 -10.529 131.226 936.432 -17.395 230.713 192.413 116.119 330.2 285.95 336.304 177.765 21.362 390.167 -4989.166 451.05 63.782 -1254.578 25.177 -5.188 856.171 90.027 325.928 328.98 187.378 -665.894 176.392 47.302 136.414 128.937 69.427 2511.139 2291.107 实验室 1 074
4438747 4839 2025/12/24 11:11:53 P18 0 0 0 0 0 0 0 77.667 173.798 827.332 18.921 254.974 154.266 3782.654 30.365 80.719 936.279 -18.158 230.56 191.498 116.73 330.2 285.645 335.236 177.307 21.362 390.472 -4988.098 440.826 62.103 -1256.409 25.635 -4.73 854.645 89.722 324.554 328.217 186.31 -667.877 175.934 47.607 137.482 128.632 71.411 2512.36 2291.107 实验室 1 074
4438748 4839 2025/12/24 11:11:54 P18 0 0 0 0 0 0 0 78.43 173.492 825.348 18.311 255.585 153.656 3782.806 39.978 16.479 943.298 -17.548 229.187 191.345 115.814 329.742 285.95 334.625 177.155 21.362 389.404 -4991.455 443.878 62.866 -1242.218 25.635 -5.035 852.814 89.722 323.486 327.454 187.073 -665.436 176.086 46.844 135.193 124.97 66.986 2511.749 2290.192 实验室 1 074
4438749 4839 2025/12/24 11:11:55 P18 0 0 0 0 0 0 0 77.667 173.187 824.585 19.836 254.211 153.809 3780.06 42.725 -12.665 940.552 -18.005 228.119 191.498 116.272 330.048 286.408 333.557 176.544 21.515 388.336 -4987.945 441.437 63.629 -1248.779 25.787 -5.646 853.272 89.417 323.029 327.759 186.157 -665.436 175.324 47.607 139.771 122.376 70.038 2510.681 2290.039 实验室 1 074
4438750 4839 2025/12/24 11:11:56 P18 0 0 0 0 0 0 0 80.261 172.882 824.585 17.853 254.822 154.114 3780.823 35.553 -36.469 931.091 -17.7 227.661 191.65 115.356 328.98 286.865 332.794 176.086 21.515 388.489 -4989.319 414.887 63.019 -1229.706 24.872 -4.883 850.372 88.348 322.876 326.233 186.768 -665.894 174.713 46.387 145.569 126.648 70.496 2511.292 2290.497 实验室 1 074
4438751 4839 2025/12/24 11:11:57 P18 0 0 0 0 0 0 0 78.278 175.171 823.059 18.463 253.906 153.656 3780.823 48.676 -43.793 937.5 -17.548 227.814 190.735 115.509 328.98 286.865 331.116 177.002 21.057 388.489 -4989.014 374.146 64.087 -1206.818 25.024 -5.035 847.626 88.654 320.74 325.928 185.242 -663.452 174.866 46.997 147.095 121.307 72.021 2512.665 2291.107 实验室 1 074
4438752 4839 2025/12/24 11:11:58 P18 0 0 0 0 0 0 0 77.82 173.95 821.533 19.073 253.449 153.809 3782.196 5.188 -43.182 938.416 -18.158 225.525 190.888 114.594 328.674 287.17 330.2 175.934 21.21 386.81 -4987.793 356.445 60.12 -1219.33 25.482 -6.104 847.168 88.196 319.672 325.623 187.836 -664.673 174.103 47.302 142.212 130.31 72.479 2511.444 2290.344 实验室 1 074
4438753 4839 2025/12/24 11:11:59 P18 0 0 0 0 0 0 0 77.82 173.95 819.244 19.379 252.38 152.741 3780.365 63.629 17.853 935.364 -17.7 227.051 190.125 114.746 328.217 286.713 329.437 175.934 21.973 386.047 -4990.845 343.018 62.561 -1208.954 24.872 -4.73 844.879 88.959 319.977 324.554 187.836 -665.131 173.645 46.539 135.346 123.596 71.411 2510.986 2290.192 实验室 1 074
4438754 4839 2025/12/24 11:12:00 P18 0 0 0 0 0 0 0 78.583 172.882 819.244 17.7 252.686 152.893 3780.365 12.36 11.139 924.072 -17.853 225.067 189.514 113.983 328.369 287.476 328.674 175.476 21.362 386.047 -4988.708 345.001 59.052 -1209.869 25.33 -5.646 844.116 87.28 319.672 324.249 185.852 -666.199 173.187 46.387 144.959 126.038 69.122 2510.986 2290.802 实验室 1 074
4438755 4839 2025/12/24 11:12:01 P18 0 0 0 0 0 0 0 78.125 172.272 817.871 18.311 252.075 153.198 3780.975 18.463 -2.594 934.906 -17.242 222.626 190.277 113.373 328.369 287.628 327.148 175.171 21.515 385.742 -4988.403 345.459 63.171 -1191.406 25.024 -6.256 841.675 87.433 318.756 324.097 186.005 -665.894 172.882 46.234 145.569 125.427 72.479 2510.986 2291.107 实验室 1 074
4438756 4839 2025/12/24 11:12:02 P18 0 0 0 0 0 0 0 78.278 173.34 817.871 18.005 252.075 152.893 3782.654 7.782 73.395 921.783 -18.005 221.863 189.056 113.983 328.064 287.781 326.843 175.018 20.752 384.827 -4991.455 328.369 61.798 -1175.537 25.33 -5.798 840.607 87.585 317.993 323.181 187.836 -665.741 172.424 45.776 138.855 122.528 71.106 2511.292 2293.549 实验室 1 074
4438757 4839 2025/12/24 11:12:03 P18 0 0 0 0 0 0 0 77.82 173.645 816.345 18.768 251.77 151.367 3781.586 11.444 78.125 932.922 -18.616 222.015 190.125 113.068 326.843 288.696 324.554 175.781 21.21 385.742 -4988.098 318.146 61.34 -1169.891 25.33 -5.341 838.471 87.128 317.078 322.113 187.225 -665.436 172.577 46.844 140.839 123.291 71.716 2511.139 2292.786 实验室 1 074
4438758 4839 2025/12/24 11:12:04 P18 0 0 0 0 0 0 0 78.43 173.645 814.819 18.311 251.007 151.367 3780.518 41.809 93.079 936.279 -18.311 220.184 189.667 112.763 327.454 288.239 325.012 175.171 21.515 383.911 -4989.014 314.179 63.782 -1166.229 25.024 -5.798 836.945 86.517 316.162 322.266 184.326 -666.351 171.967 46.234 141.754 123.291 71.106 2510.681 2293.701 实验室 1 074
4438759 4839 2025/12/24 11:12:05 P18 0 0 0 0 0 0 0 78.278 172.882 813.751 18.463 250.855 151.062 3780.212 11.139 101.624 931.549 -17.853 218.506 189.514 112.61 326.08 289.612 323.029 174.866 21.973 383.453 -4989.929 281.372 61.798 -1148.071 24.414 -4.883 835.266 86.67 315.399 321.045 182.953 -666.504 172.882 46.082 133.362 122.376 69.885 2511.749 2286.987 实验室 1 074
4438760 4839 2025/12/24 11:12:06 P18 0 0 0 0 0 0 0 78.735 172.119 813.599 18.158 249.939 151.062 3781.433 7.782 103.302 935.059 -18.311 218.506 189.514 112 326.538 289.002 322.113 175.018 20.905 382.843 -4986.877 306.702 61.188 -1129.608 25.33 -6.256 834.198 86.212 315.094 321.198 183.716 -665.741 171.814 45.776 135.04 124.664 76.599 2511.749 2290.802 实验室 1 074
4438761 4839 2025/12/24 11:12:07 P18 0 0 0 0 0 0 0 77.82 173.492 813.294 18.616 249.634 150.604 3780.823 31.738 37.842 928.65 -17.242 216.98 189.362 112.915 325.317 289.307 321.35 174.866 20.905 382.996 -4991.607 303.192 61.798 -1127.472 24.414 -5.188 831.604 86.975 314.026 319.672 181.885 -666.199 170.441 46.234 128.937 126.953 69.275 2510.834 2290.039 实验室 1 074
4438762 4839 2025/12/24 11:12:08 P18 0 0 0 0 0 0 0 78.43 172.577 811.157 18.005 249.634 151.215 3780.365 17.242 56.305 938.263 -17.853 217.285 189.209 112.152 326.386 288.849 320.129 175.171 20.447 381.775 -4988.708 308.685 61.035 -1114.044 24.414 -5.646 830.536 86.06 314.179 319.824 184.326 -666.809 171.051 45.776 139.618 123.138 70.648 2511.139 2291.26 实验室 1 074
4438763 4839 2025/12/24 11:12:09 P18 0 0 0 0 0 0 0 78.125 172.424 811.157 18.158 249.329 150.604 3782.043 17.853 -25.635 933.991 -17.395 216.065 189.209 111.694 326.538 289.612 319.214 174.103 21.057 382.843 -4990.692 293.121 62.103 -1125.183 24.109 -5.493 828.4 85.602 312.347 318.604 184.326 -667.267 171.356 45.319 136.566 128.937 70.648 2511.597 2292.023 实验室 1 074
4438764 4839 2025/12/24 11:12:10 P18 0 0 0 0 0 0 0 78.278 172.73 809.021 18.463 248.566 149.536 3782.654 51.27 -18.311 932.007 -17.395 214.233 189.819 111.084 325.317 290.222 318.146 174.103 19.989 381.317 -4987.641 310.822 63.782 -1107.635 23.804 -5.951 826.721 85.297 311.737 318.604 184.479 -666.809 170.593 45.319 145.264 117.188 70.648 2512.207 2294.922 实验室 1 074
4438765 4839 2025/12/24 11:12:11 P18 0 0 0 0 0 0 0 78.735 173.035 807.495 17.853 248.261 149.536 3780.975 29.297 -66.681 929.565 -17.853 217.133 189.056 111.084 325.317 290.527 317.841 174.103 20.447 381.165 -4988.556 291.138 62.714 -1072.845 23.499 -4.883 826.721 85.449 311.432 317.841 183.563 -666.351 169.983 45.319 146.637 120.85 70.19 2511.597 2290.344 实验室 1 074
4438766 4839 2025/12/24 11:12:12 P18 0 0 0 0 0 0 0 78.125 173.187 806.732 17.548 248.108 149.689 3779.602 54.626 -146.79 924.835 -18.005 211.487 188.599 109.711 325.012 290.222 316.01 173.645 20.752 381.165 -4989.014 303.955 60.577 -1090.546 23.956 -5.341 826.111 85.144 310.669 317.23 184.326 -666.504 169.525 46.387 135.803 121.46 71.411 2510.834 2291.87 实验室 1 074
4438767 4839 2025/12/24 11:12:13 P18 0 0 0 0 0 0 0 78.583 172.882 806.274 17.548 248.108 148.621 3782.349 -26.093 -44.25 915.833 -17.395 210.419 188.599 110.169 324.86 290.985 315.399 173.95 20.447 381.165 -4990.692 319.672 63.171 -1101.227 23.651 -6.104 823.517 85.449 310.211 316.773 185.242 -664.52 168.915 45.624 129.242 120.087 71.259 2511.597 2289.734 实验室 1 074
4438768 4839 2025/12/24 11:12:14 P18 0 0 0 0 0 0 0 78.735 177.307 805.969 17.7 248.108 148.468 3781.433 18.921 -79.193 929.108 -17.395 211.334 189.209 110.016 324.249 290.222 314.331 173.95 20.599 380.402 -4987.488 326.538 59.357 -1106.567 23.956 -5.951 821.075 85.602 309.753 316.01 183.411 -665.894 169.22 45.166 131.989 119.934 69.58 2511.444 2288.055 实验室 1 074
4438769 4839 2025/12/24 11:12:15 P18 0 0 0 0 0 0 0 78.125 173.035 802.918 17.7 247.192 148.773 3780.518 2.136 16.174 930.023 -17.853 210.114 188.294 110.626 324.249 292.053 313.263 173.645 21.515 379.334 -4992.065 337.067 63.629 -1089.325 23.804 -6.104 819.244 85.297 308.533 315.247 184.021 -666.199 168.457 45.776 127.716 121.002 69.58 2511.292 2290.039 实验室 1 074
4438770 4839 2025/12/24 11:12:16 P18 0 0 0 0 0 0 0 78.43 173.035 802.918 17.548 246.887 148.163 3783.112 18.616 46.692 933.075 -17.7 209.961 188.294 109.863 323.792 291.901 311.89 173.492 20.447 379.944 -4991.15 335.693 61.951 -1076.965 23.651 -6.866 815.43 86.06 307.922 315.857 182.953 -664.978 168.152 45.471 126.953 116.73 69.733 2512.512 2288.055 实验室 1 074
4438771 4839 2025/12/24 11:12:17 P18 0 0 0 0 0 0 0 78.43 173.34 801.086 17.395 245.972 148.01 3780.975 46.844 77.667 932.465 -17.853 208.13 187.988 109.863 324.097 291.748 312.042 173.798 20.142 379.334 -4991.913 280.151 61.951 -1040.039 23.956 -5.951 816.04 84.534 307.312 314.331 185.089 -665.283 167.999 45.471 130.31 121.765 68.054 2511.597 2288.055 实验室 1 074
4438772 4839 2025/12/24 11:12:18 P18 0 0 0 0 0 0 0 78.583 173.187 801.239 18.311 246.735 148.01 3780.975 39.215 161.133 921.021 -17.853 207.062 187.836 111.237 324.86 291.901 311.127 173.34 20.294 378.571 -4989.319 318.756 60.73 -1028.595 23.346 -7.019 816.193 84.686 306.854 314.026 182.343 -665.741 167.694 44.861 131.531 123.291 70.343 2511.139 2293.701 实验室 1 074
4438773 4839 2025/12/24 11:12:19 P18 0 0 0 0 0 0 0 77.972 173.187 800.324 17.395 245.667 148.621 3783.417 36.774 85.297 929.26 -17.395 207.52 187.683 108.948 323.181 291.596 309.906 173.187 21.362 378.571 -4988.403 332.794 64.087 -1036.835 23.346 -6.256 813.141 83.923 307.007 313.263 183.563 -666.657 167.236 44.708 130.768 119.629 68.665 2512.97 2290.192 实验室 1 074
4438774 4839 2025/12/24 11:12:20 P18 0 0 0 0 0 0 0 78.583 173.34 799.103 17.7 246.582 148.163 3780.823 35.248 79.651 929.565 -17.395 204.62 187.073 108.643 322.876 292.511 309.753 172.882 20.447 377.655 -4990.845 365.143 62.714 -1037.903 23.651 -7.019 812.073 84.534 305.481 312.805 182.8 -666.657 166.931 44.708 127.106 125.122 76.447 2510.834 2294.006 实验室 1 074
4438775 4839 2025/12/24 11:12:21 P18 0 0 0 0 0 0 0 78.43 172.882 798.187 18.005 245.667 147.553 3782.654 12.665 26.855 923.004 -17.7 204.468 187.683 108.795 323.639 292.969 308.228 172.119 20.599 377.655 -4990.692 330.658 60.577 -1026.764 24.261 -5.798 810.547 84.229 304.108 312.653 182.19 -666.046 166.473 45.013 133.667 117.95 68.97 2512.207 2290.039 实验室 1 074
4438776 4839 2025/12/24 11:12:22 P18 0 0 0 0 0 0 0 78.888 173.798 797.119 17.7 245.667 148.01 3780.67 67.139 24.109 925.598 -17.7 204.01 187.073 108.643 323.334 292.358 307.922 172.424 20.447 376.587 -4990.997 321.808 61.951 -1021.423 22.888 -6.104 809.631 83.771 302.124 312.042 181.885 -667.572 166.779 46.387 135.956 122.376 69.275 2511.444 2290.802 实验室 1 074
4438777 4839 2025/12/24 11:12:23 P18 0 0 0 0 0 0 0 79.193 172.272 797.577 16.937 245.972 147.247 3780.365 32.043 31.128 931.549 -17.09 201.874 188.294 107.422 322.418 293.121 306.702 173.645 19.989 377.045 -4987.945 322.266 64.392 -1008.606 22.583 -6.409 808.411 84.076 303.497 311.127 181.732 -665.741 166.779 44.708 133.82 122.223 71.106 2511.292 2290.039 实验室 1 074
4438778 4839 2025/12/24 11:12:24 P18 0 0 0 0 0 0 0 78.278 172.577 795.746 17.09 244.904 146.79 3782.196 46.692 7.935 927.582 -18.005 201.111 187.225 107.88 323.486 293.121 307.007 172.424 21.362 376.282 -4988.708 314.026 62.866 -999.146 23.804 -6.561 807.19 82.55 302.582 311.432 181.58 -666.809 165.558 44.556 132.294 116.425 69.58 2511.902 2286.072 实验室 1 074
4438779 4839 2025/12/24 11:12:25 P18 0 0 0 0 0 0 0 77.667 172.882 794.525 17.7 244.751 146.79 3781.128 17.548 -95.825 916.29 -17.7 201.263 187.378 106.506 322.876 293.274 306.397 173.035 19.989 376.282 -4990.845 301.819 60.425 -1002.96 23.651 -6.561 805.512 83.771 302.429 309.906 182.037 -665.131 165.863 44.708 132.141 117.798 70.343 2510.681 2288.361 实验室 1 074
4438780 4839 2025/12/24 11:12:26 P18 0 0 0 0 0 0 0 78.278 173.187 793.915 17.242 244.751 146.179 3780.212 -9.308 -100.861 925.598 -17.548 199.738 186.615 103.76 321.96 293.274 304.871 172.272 19.531 375.519 -4988.708 336.304 63.782 -980.682 23.499 -6.714 803.986 83.313 302.124 309.448 182.495 -666.046 165.405 43.945 137.329 118.103 71.259 2510.834 2291.107 实验室 1 074
4438781 4839 2025/12/24 11:12:27 P18 0 0 0 0 0 0 0 78.43 172.882 792.847 16.785 243.378 146.484 3781.891 19.226 -110.779 913.086 -17.548 198.517 187.225 106.964 322.113 294.19 304.26 172.272 19.836 375.214 -4988.861 349.121 60.73 -986.939 23.804 -7.019 802.46 83.008 300.751 309.296 181.427 -666.046 165.253 43.945 138.55 117.34 70.19 2510.223 2291.26 实验室 1 074
4438782 4839 2025/12/24 11:12:28 P18 0 0 0 0 0 0 0 78.583 172.119 791.931 17.395 243.378 145.416 3782.043 11.902 3.662 926.209 -18.311 199.738 186.768 107.575 322.113 294.342 302.277 171.661 19.531 375.519 -4986.42 337.83 63.782 -960.846 22.583 -5.798 800.629 83.313 300.293 308.685 180.664 -665.741 164.642 44.403 135.04 118.408 73.242 2511.749 2290.192 实验室 1 074
4438783 4839 2025/12/24 11:12:29 P18 0 0 0 0 0 0 0 77.667 173.035 791.473 17.7 242.462 146.332 3780.365 1.526 82.55 906.067 -18.005 198.059 187.225 106.812 322.113 294.8 300.751 171.814 20.599 374.756 -4990.234 346.222 61.188 -966.797 22.125 -7.019 799.408 83.313 299.835 308.533 181.732 -666.504 164.337 44.25 137.94 117.493 71.259 2511.292 2291.565 实验室 1 074
4438784 4839 2025/12/24 11:12:30 P18 0 0 0 0 0 0 0 79.193 173.492 790.405 17.242 242.462 146.179 3780.518 22.888 100.708 923.462 -18.463 197.754 185.242 106.354 321.045 294.647 301.056 172.272 20.599 374.298 -4988.861 343.323 61.646 -971.527 22.43 -7.172 798.645 82.703 299.988 307.465 180.664 -666.504 163.879 43.945 131.378 116.577 69.58 2511.597 2290.802 实验室 1 074
4438785 4839 2025/12/24 11:12:31 P18 0 0 0 0 0 0 0 77.515 173.035 789.032 16.785 242.615 145.721 3780.975 25.635 13.428 924.683 -17.853 195.923 186.005 106.354 321.198 294.495 300.14 172.577 19.684 374.756 -4990.234 343.781 60.883 -955.658 22.888 -6.866 796.509 83.16 298.462 307.159 179.901 -666.199 163.879 44.25 126.801 113.525 72.479 2511.292 2289.581 实验室 1 074
4438786 4839 2025/12/24 11:12:32 P18 0 0 0 0 0 0 0 78.125 172.73 788.574 16.785 242.157 144.959 3780.212 48.676 -2.594 910.187 -16.937 194.855 186.31 105.896 321.96 295.41 300.14 171.509 21.057 373.535 -4990.082 340.118 64.392 -952.911 23.499 -7.019 795.898 81.787 298.462 306.702 181.885 -666.504 163.574 44.403 131.989 116.119 71.716 2512.054 2290.192 实验室 1 074
4438787 4839 2025/12/24 11:12:33 P18 0 0 0 0 0 0 0 77.972 172.577 787.354 17.548 242.004 145.264 3780.212 6.866 -97.961 911.713 -16.937 193.024 185.7 105.438 321.35 295.563 299.377 171.661 20.752 373.993 -4990.845 307.312 62.561 -923.92 22.43 -5.493 794.067 82.397 297.546 305.939 181.427 -673.981 163.117 43.335 130.463 124.359 70.343 2511.292 2288.971 实验室 1 074
4438788 4839 2025/12/24 11:12:34 P18 0 0 0 0 0 0 0 77.972 172.577 787.354 17.548 242.004 145.264 3780.212 6.866 -97.961 911.713 -16.937 193.024 185.7 105.438 321.35 295.563 299.377 171.661 20.752 373.993 -4990.845 307.312 62.561 -923.92 22.43 -5.493 794.067 82.397 297.546 305.939 181.427 -673.981 163.117 43.335 130.463 124.359 70.343 2511.292 2288.971 实验室 1 074
4438789 4839 2025/12/24 11:12:35 P18 0 0 0 0 0 0 0 78.43 172.119 787.048 16.022 241.852 145.111 3782.043 8.545 -124.97 921.326 -17.548 194.092 186.157 105.286 320.74 294.952 298.004 171.967 20.752 372.925 -4990.234 311.432 63.629 -920.41 22.583 -7.935 792.847 81.329 297.241 306.397 171.356 -667.114 162.811 44.098 124.97 117.34 68.512 2512.665 2286.987 实验室 1 074
4438790 4839 2025/12/24 11:12:36 P18 0 0 0 0 0 0 0 79.041 173.035 786.133 17.242 241.242 144.043 3781.891 28.992 -42.114 918.579 -18.311 192.261 185.852 106.049 321.045 295.715 297.089 171.356 19.836 373.23 -4988.403 317.383 52.795 -911.255 22.736 -5.798 791.473 81.787 296.173 304.871 180.359 -665.741 162.811 43.793 127.564 116.577 70.038 2511.597 2287.75 实验室 1 074
4438791 4839 2025/12/24 11:12:37 P18 0 0 0 0 0 0 0 78.43 173.798 785.523 16.479 241.242 144.806 3781.433 22.278 -10.986 914.764 -17.7 191.498 185.089 104.828 320.74 296.173 297.546 171.509 19.836 372.315 -4990.234 308.685 60.272 -878.449 21.82 -7.172 790.1 82.092 295.715 304.871 179.901 -666.199 162.506 43.64 138.55 120.239 69.885 2510.376 2290.344 实验室 1 074
4438792 4839 2025/12/24 11:12:38 P18 0 0 0 0 0 0 0 78.278 173.035 785.065 17.548 238.648 143.433 3782.349 39.52 9.155 909.576 -18.158 189.667 185.7 105.133 320.435 296.021 295.715 171.204 19.684 373.535 -4987.488 319.824 61.493 -902.252 23.346 -6.714 788.879 81.177 295.105 304.718 180.054 -666.504 162.354 43.64 130.615 116.882 75.684 2510.834 2290.497 实验室 1 074
4438793 4839 2025/12/24 11:12:39 P18 0 0 0 0 0 0 0 79.041 173.645 783.234 16.785 240.479 144.043 3780.67 41.046 88.959 895.538 -18.921 189.972 185.242 104.523 320.435 296.021 295.258 171.814 20.447 372.925 -4990.082 333.71 65.918 -891.876 22.125 -6.866 787.964 81.482 294.647 304.26 179.138 -666.809 162.048 43.335 125.427 118.256 68.665 2510.986 2290.802 实验室 1 074
4438794 4839 2025/12/24 11:12:40 P18 0 0 0 0 0 0 0 78.43 172.577 783.997 17.09 240.479 144.043 3780.365 43.945 99.487 915.68 -18.005 188.141 185.242 104.065 319.824 296.631 294.342 170.746 19.989 372.315 -4987.488 328.674 61.34 -900.269 23.041 -6.714 787.201 80.719 294.495 303.955 180.206 -665.894 161.591 43.488 124.817 118.103 70.038 2510.681 2291.718 实验室 1 074
4438795 4839 2025/12/24 11:12:41 P18 0 0 0 0 0 0 0 78.278 173.798 781.708 17.548 240.326 145.721 3780.823 -9.766 92.011 910.797 -18.311 187.836 185.089 104.828 319.977 296.478 293.732 170.593 20.294 371.704 -4990.082 335.693 60.73 -876.923 23.193 -7.019 785.217 81.482 293.427 303.497 179.749 -665.131 161.133 44.861 122.376 113.068 73.853 2510.986 2290.497 实验室 1 074
4438796 4839 2025/12/24 11:12:42 P18 0 0 0 0 0 0 0 79.346 173.187 780.945 16.785 240.936 143.127 3780.518 -6.256 32.349 912.018 -18.158 187.836 184.937 104.065 319.519 296.173 293.427 170.746 19.226 371.857 -4988.251 331.726 63.629 -906.83 21.82 -7.172 784.302 82.245 292.816 302.582 178.07 -664.673 162.048 43.488 117.645 114.136 70.343 2510.986 2292.48 实验室 1 074
4438797 4839 2025/12/24 11:12:43 P18 0 0 0 0 0 0 0 77.972 173.34 779.877 16.327 239.563 144.043 3780.823 -7.782 26.55 907.135 -17.395 186.005 181.427 103.607 319.367 296.936 292.053 171.509 19.989 371.094 -4988.556 293.732 60.12 -931.702 21.82 -7.477 782.013 80.719 293.884 302.887 180.054 -665.131 160.98 43.488 119.934 116.272 70.19 2511.292 2289.429 实验室 1 074
4438798 4839 2025/12/24 11:12:44 P18 0 0 0 0 0 0 0 78.278 173.34 778.961 16.479 239.258 144.959 3780.518 8.85 79.041 921.021 -18.005 187.073 184.631 104.065 319.672 297.089 292.053 170.441 19.989 371.399 -4987.945 278.168 60.272 -923.92 22.125 -7.019 781.708 79.956 292.664 302.124 180.817 -666.809 160.523 43.488 120.087 116.882 70.343 2511.749 2292.023 实验室 1 074
4438799 4839 2025/12/24 11:12:45 P18 0 0 0 0 0 0 0 78.278 173.34 778.809 16.174 239.41 142.67 3780.975 6.256 86.06 921.326 -18.005 185.547 184.937 102.844 319.214 297.546 290.375 170.593 19.073 371.399 -4989.319 223.846 61.188 -910.492 22.736 -7.019 781.555 80.719 291.748 301.514 179.901 -666.504 160.37 43.335 122.986 113.068 72.937 2511.444 2290.344 实验室 1 074
4438800 4839 2025/12/24 11:12:46 P18 0 0 0 0 0 0 0 78.43 173.187 779.114 16.937 239.105 143.585 3782.501 50.659 119.629 917.969 -17.853 185.7 184.479 103.76 319.367 297.546 290.375 169.83 19.226 370.331 -4991.76 226.898 63.782 -873.261 22.888 -7.172 779.419 80.872 290.985 300.598 180.206 -665.741 159.76 43.03 112.915 117.493 65.002 2511.597 2290.497 实验室 1 074
4438801 4839 2025/12/24 11:12:47 P18 0 0 0 0 0 0 0 78.583 172.577 777.13 17.7 238.953 142.975 3782.959 57.22 102.844 909.729 -17.7 183.868 184.784 103.76 319.824 298.004 289.612 170.288 19.989 370.789 -4989.014 221.252 61.951 -859.985 22.736 -7.324 778.046 80.109 290.68 300.293 178.833 -666.809 160.675 42.725 119.171 118.561 68.665 2510.529 2290.649 实验室 1 074
4438802 4839 2025/12/24 11:12:48 P18 0 0 0 0 0 0 0 78.888 173.492 775.909 16.937 238.8 143.585 3782.654 32.959 43.793 910.95 -18.158 183.411 184.631 101.929 318.451 297.852 288.544 169.83 18.921 369.721 -4988.251 268.555 63.477 -858.002 21.973 -7.629 775.452 80.261 290.07 300.446 178.986 -667.267 159.454 42.877 119.782 110.626 67.749 2512.36 2290.955 实验室 1 074
4438803 4839 2025/12/24 11:12:49 P18 0 0 0 0 0 0 0 77.82 173.95 775.147 17.242 238.19 143.28 3780.518 25.33 -45.929 907.898 -17.7 182.19 184.021 103.302 318.909 297.852 288.239 169.983 19.684 369.568 -4988.861 266.876 60.272 -856.934 21.515 -7.324 775.909 80.109 289.764 299.377 177.918 -666.351 159.302 44.25 119.629 115.662 69.427 2511.444 2291.565 实验室 1 074
4438804 4839 2025/12/24 11:12:50 P18 0 0 0 0 0 0 0 78.125 173.187 775.452 16.327 237.732 144.043 3780.518 42.877 -57.068 909.424 -18.311 181.732 184.174 102.387 319.061 298.004 287.781 170.441 19.226 370.026 -4988.708 215.302 63.019 -862.122 22.583 -7.324 774.689 79.041 288.849 299.835 179.749 -667.114 158.997 42.419 125.885 115.051 69.275 2510.834 2291.718 实验室 1 074
4438805 4839 2025/12/24 11:12:51 P18 0 0 0 0 0 0 0 78.43 172.73 774.078 16.327 238.648 142.059 3782.349 8.087 -19.836 906.372 -17.7 182.037 184.479 102.081 319.061 298.309 287.323 170.288 19.531 368.958 -4989.929 225.372 61.188 -868.835 22.125 -7.019 773.315 79.803 288.086 298.462 178.07 -666.504 158.234 43.182 119.324 117.493 65.918 2511.902 2291.107 实验室 1 074
4438806 4839 2025/12/24 11:12:52 P18 0 0 0 0 0 0 0 78.125 172.882 774.384 16.327 238.037 142.822 3780.67 23.193 -43.182 908.661 -17.09 180.664 183.868 101.471 318.604 298.767 287.018 170.746 19.073 369.263 -4988.251 219.727 65.308 -827.332 21.82 -7.324 771.79 79.193 287.628 298.92 179.749 -665.588 158.539 42.572 127.106 114.288 68.817 2510.681 2290.344 实验室 1 074
4438807 4839 2025/12/24 11:12:53 P18 0 0 0 0 0 0 0 78.735 173.34 772.4 16.632 236.816 142.67 3780.518 16.785 -82.703 911.408 -18.158 180.512 184.326 101.929 318.756 298.157 286.408 173.95 18.616 368.652 -4990.54 226.135 61.646 -794.22 23.499 -7.477 771.027 79.193 287.476 297.852 178.07 -664.063 158.539 42.572 115.356 112.152 71.716 2511.292 2288.666 实验室 1 074
4438808 4839 2025/12/24 11:12:54 P18 0 0 0 0 0 0 0 79.193 173.035 772.858 17.09 237.427 141.602 3780.365 -12.207 -46.082 906.677 -17.853 179.138 184.326 102.234 318.298 299.072 285.187 169.983 18.921 368.958 -4989.929 224.609 64.087 -813.751 21.973 -7.172 771.027 79.041 286.865 297.852 182.495 -666.657 158.997 43.182 118.561 110.779 69.275 2515.106 2290.344 实验室 1 074
4438809 4839 2025/12/24 11:12:55 P18 0 0 0 0 0 0 0 78.583 174.103 770.874 17.09 237.122 141.296 3783.264 -23.499 -57.831 898.59 -18.463 178.986 184.326 101.318 317.993 299.225 284.424 170.593 19.836 368.5 -4991.913 238.953 61.646 -811.615 22.278 -6.714 768.28 79.651 287.476 296.631 178.833 -665.894 158.234 42.725 120.697 115.967 69.427 2511.902 2291.87 实验室 1 074
4438810 4839 2025/12/24 11:12:56 P18 0 0 0 0 0 0 0 77.972 173.492 771.179 17.242 237.122 141.907 3781.738 8.392 -23.041 895.538 -18.311 178.68 184.326 100.861 318.451 299.53 283.966 169.373 19.226 372.925 -4989.166 252.38 61.951 -835.877 21.515 -7.477 767.67 78.583 286.102 297.546 177.612 -666.046 157.623 42.877 122.07 114.136 67.749 2511.749 2290.802 实验室 1 074
4438811 4839 2025/12/24 11:12:57 P18 0 0 0 0 0 0 0 77.972 173.34 769.043 16.479 236.511 141.296 3782.043 -5.798 11.749 898.59 -17.853 177.765 183.563 101.318 318.451 299.225 283.508 169.525 19.531 368.347 -4989.166 215.912 60.272 -817.566 22.125 -7.782 766.296 79.346 285.797 296.783 178.375 -665.283 157.013 42.572 132.752 117.34 70.343 2511.597 2290.192 实验室 1 074
4438812 4839 2025/12/24 11:12:58 P18 0 0 0 0 0 0 0 78.735 173.035 769.043 16.327 237.427 141.449 3781.891 67.291 23.804 912.17 -17.853 176.086 184.021 100.708 317.688 299.377 282.745 169.373 18.768 368.042 -4985.962 199.585 63.019 -815.125 22.43 -7.019 765.228 78.125 285.339 296.326 178.375 -666.504 157.471 42.725 122.986 111.694 70.038 2511.902 2292.175 实验室 1 074
4438813 4839 2025/12/24 11:12:59 P18 0 0 0 0 0 0 0 77.972 173.645 768.28 15.564 235.901 140.686 3780.975 26.093 -4.73 903.778 -17.395 177.307 183.411 100.708 317.841 299.683 282.135 169.983 19.073 367.584 -4988.098 212.402 58.289 -784.302 21.362 -7.935 763.55 80.566 284.729 295.868 178.528 -666.046 156.86 42.572 118.256 113.068 70.038 2511.902 2290.802 实验室 1 074
4438814 4839 2025/12/24 11:13:00 P18 0 0 0 0 0 0 0 78.43 173.035 767.212 15.869 236.206 141.754 3780.212 44.556 50.354 911.408 -17.242 176.086 183.563 100.861 317.535 300.14 282.135 169.373 18.921 367.127 -4987.641 192.871 61.035 -778.503 21.057 -7.935 764.16 78.583 283.966 294.8 177.307 -666.504 157.471 41.962 121.002 114.746 69.733 2511.292 2289.886 实验室 1 074
4438815 4839 2025/12/24 11:13:01 P18 0 0 0 0 0 0 0 77.667 173.645 766.754 16.174 236.511 140.991 3782.959 44.556 81.787 903.778 -18.616 176.697 183.563 100.403 317.688 300.14 281.067 169.678 20.142 366.974 -4989.166 207.214 61.035 -786.743 21.21 -7.935 762.482 77.972 283.814 295.563 177.46 -666.809 156.403 42.877 117.34 112.457 68.207 2512.512 2293.091 实验室 1 074
4438816 4839 2025/12/24 11:13:02 P18 0 0 0 0 0 0 0 78.278 173.34 766.296 16.632 235.901 140.381 3782.654 2.594 -67.291 891.876 -18.616 174.561 183.106 100.861 316.925 300.293 279.846 169.067 18.616 367.432 -4991.607 177.918 62.256 -769.959 21.667 -7.172 760.346 78.278 283.051 294.495 175.781 -666.199 157.013 42.267 121.155 110.931 69.733 2511.749 2288.361 实验室 1 074
4438817 4839 2025/12/24 11:13:03 P18 0 0 0 0 0 0 0 78.735 173.645 764.771 16.174 235.901 141.449 3780.975 19.989 -36.011 900.116 -17.548 175.629 183.258 99.792 316.773 300.293 279.541 170.288 19.531 366.364 -4989.472 214.386 61.493 -781.708 20.905 -7.782 760.346 78.583 283.356 294.952 176.086 -666.046 156.097 42.877 121.307 118.408 69.885 2510.681 2291.565 实验室 1 074
4438818 4839 2025/12/24 11:13:04 P18 0 0 0 0 0 0 0 78.735 173.645 764.771 16.174 235.901 141.449 3780.975 19.989 -36.011 900.116 -17.548 175.629 183.258 99.792 316.773 300.293 279.541 170.288 19.531 366.364 -4989.472 214.386 61.493 -781.708 20.905 -7.782 760.346 78.583 283.356 294.952 176.086 -666.046 156.097 42.877 121.307 118.408 69.885 2510.681 2291.565 实验室 1 074
4438819 4839 2025/12/24 11:13:05 P18 0 0 0 0 0 0 0 77.972 173.492 764.771 16.632 235.596 139.771 3782.806 29.755 -48.523 901.642 -17.853 173.645 183.258 99.182 317.993 301.514 278.931 169.22 19.226 367.584 -4988.403 224.762 62.561 -780.945 21.667 -7.019 758.514 77.667 281.525 293.732 176.392 -666.809 156.403 42.419 128.937 111.542 70.19 2511.292 2288.666 实验室 1 074
4438820 4839 2025/12/24 11:13:06 P18 0 0 0 0 0 0 0 78.583 173.34 764.618 16.174 234.68 140.686 3781.891 10.681 -119.171 915.222 -17.395 172.882 182.953 98.877 317.23 301.056 278.015 169.22 19.379 367.432 -4988.403 224.457 63.019 -769.959 21.21 -8.545 757.752 77.972 281.83 293.427 176.392 -666.504 155.487 42.725 132.752 111.389 70.343 2511.597 2292.633 实验室 1 074
4438821 4839 2025/12/24 11:13:07 P18 0 0 0 0 0 0 0 78.125 172.73 763.55 16.174 235.138 140.839 3780.823 -4.73 -96.13 906.22 -18.158 172.577 182.953 99.792 316.773 301.819 278.32 169.373 18.768 365.906 -4990.234 200.195 60.12 -722.199 20.447 -6.714 756.683 78.125 281.525 292.511 177.46 -667.267 155.945 42.725 124.817 118.256 71.259 2510.376 2290.649 实验室 1 074
4438822 4839 2025/12/24 11:13:08 P18 0 0 0 0 0 0 0 77.82 172.424 763.092 16.327 233.765 141.602 3779.602 25.94 -68.665 894.165 -17.242 172.577 182.648 99.64 316.773 301.514 277.1 168.61 18.616 365.448 -4990.082 238.037 60.883 -727.692 21.057 -7.477 755.158 77.82 281.372 292.053 177.46 -666.809 156.097 41.962 126.953 112.61 65.613 2511.902 2290.039 实验室 1 074
4438823 4839 2025/12/24 11:13:09 P18 0 0 0 0 0 0 0 78.125 174.255 762.329 15.411 234.68 140.381 3781.738 22.736 31.281 895.386 -17.853 171.967 182.648 100.708 316.773 300.903 276.947 168.762 18.921 365.448 -4989.929 208.74 62.408 -696.869 21.82 -7.935 753.937 77.515 280.762 290.07 173.645 -666.809 155.029 42.114 127.564 115.814 71.869 2511.597 2289.429 实验室 1 074
4438824 4839 2025/12/24 11:13:10 P18 0 0 0 0 0 0 0 78.583 173.645 761.108 16.632 235.138 140.839 3780.823 -9.918 14.343 885.315 -17.853 171.051 182.343 98.572 316.62 301.056 276.794 168.915 18.921 365.295 -4988.403 209.961 63.019 -706.177 20.599 -8.24 753.021 77.515 279.846 291.596 176.544 -666.809 155.182 41.504 126.038 112.305 69.275 2511.597 2291.412 实验室 1 074
4438825 4839 2025/12/24 11:13:11 P18 0 0 0 0 0 0 0 78.43 173.187 760.193 17.7 234.68 140.839 3780.365 27.313 48.218 900.574 -17.7 172.577 182.495 99.03 317.23 301.819 275.726 168.304 19.531 365.295 -4989.319 194.397 61.035 -726.471 21.21 -6.409 752.716 76.904 279.541 291.29 178.833 -666.046 155.029 41.656 129.089 108.337 69.58 2511.292 2290.039 实验室 1 074
4438826 4839 2025/12/24 11:13:12 P18 0 0 0 0 0 0 0 78.125 172.73 760.193 16.632 234.528 139.618 3782.959 33.569 110.321 896.759 -17.548 169.373 182.953 99.335 317.078 302.887 274.963 168.61 19.531 366.058 -4990.997 217.59 60.73 -711.212 21.515 -7.324 751.648 77.667 279.388 290.68 177.307 -666.657 154.724 42.572 112.457 112.763 69.275 2511.902 2289.124 实验室 1 074
4438827 4839 2025/12/24 11:13:13 P18 0 0 0 0 0 0 0 78.125 172.577 760.498 15.564 233.917 139.618 3780.823 4.272 60.577 900.116 -18.005 169.83 183.106 98.572 316.62 302.277 274.963 168.915 18.616 365.906 -4988.251 262.604 64.545 -703.43 21.21 -7.629 749.97 76.447 278.931 290.07 175.934 -666.199 154.114 41.962 119.476 108.032 70.648 2510.834 2289.734 实验室 1 074
4438828 4839 2025/12/24 11:13:14 P18 0 0 0 0 0 0 0 78.278 173.95 758.209 16.479 234.528 140.228 3779.755 22.278 45.013 901.032 -17.853 168.61 182.037 97.961 316.162 302.582 274.2 168.762 19.531 364.838 -4990.692 272.369 61.951 -684.357 20.294 -8.087 750.275 77.82 279.083 289.459 174.408 -667.419 153.961 41.199 126.953 113.831 72.021 2510.681 2288.208 实验室 1 074
4438829 4839 2025/12/24 11:13:15 P18 0 0 0 0 0 0 0 78.278 173.492 758.209 16.022 233.917 140.076 3782.043 67.291 71.869 899.506 -17.7 167.999 182.495 98.572 316.315 302.124 273.438 168.457 18.768 364.99 -4988.556 239.258 64.545 -679.932 21.057 -8.087 748.749 76.904 277.71 289.917 175.324 -666.351 153.809 42.267 126.343 110.779 70.953 2511.444 2289.886 实验室 1 074
4438830 4839 2025/12/24 11:13:16 P18 0 0 0 0 0 0 0 77.972 172.577 758.362 15.259 233.46 139.771 3781.586 9.155 63.934 900.116 -17.395 168.762 182.19 97.198 316.315 302.277 272.675 169.373 18.616 365.295 -4987.335 262.756 59.509 -687.866 20.905 -7.477 748.291 76.447 277.557 289.612 173.34 -666.504 153.198 41.199 100.098 111.847 68.512 2511.902 2290.039 实验室 1 074
4438831 4839 2025/12/24 11:13:17 P18 0 0 0 0 0 0 0 77.362 173.035 756.073 17.09 232.544 139.008 3781.586 21.515 53.558 898.132 -17.7 168.152 182.343 97.351 315.857 302.429 271.912 168.304 18.921 364.075 -4988.251 235.748 61.951 -718.231 19.684 -7.935 747.681 76.752 277.557 288.696 174.103 -664.825 153.961 41.046 115.051 108.185 71.716 2511.292 2289.581 实验室 1 074
4438832 4839 2025/12/24 11:13:18 P18 0 0 0 0 0 0 0 78.278 173.035 755.768 15.411 233.917 139.618 3780.518 57.22 47.455 904.083 -17.548 166.626 181.732 97.656 315.704 302.277 272.98 168.304 18.768 364.075 -4991.76 222.626 61.951 -723.114 19.989 -9.003 746.155 76.904 276.489 288.391 175.018 -665.131 153.503 41.199 101.318 114.441 67.596 2510.986 2291.565 实验室 1 074
4438833 4839 2025/12/24 11:13:19 P18 0 0 0 0 0 0 0 78.125 174.255 755.92 16.174 233.46 137.634 3780.823 26.398 -46.997 904.846 -17.7 167.236 182.19 97.809 315.857 301.971 272.217 168.152 18.311 364.075 -4990.54 220.184 58.899 -674.744 20.599 -7.935 744.171 76.447 276.184 287.781 173.798 -665.436 152.741 41.199 114.899 117.95 72.174 2511.597 2290.039 实验室 1 074
4438834 4839 2025/12/24 11:13:20 P18 0 0 0 0 0 0 0 78.43 173.34 754.7 16.174 232.239 139.313 3780.518 43.182 -119.934 916.29 -18.158 165.558 182.19 96.588 315.552 302.887 271.759 169.373 18.463 363.617 -4988.861 200.348 63.171 -663.757 20.905 -8.85 744.324 76.447 275.574 287.476 174.103 -666.351 152.893 41.199 117.645 115.509 70.19 2510.071 2289.734 实验室 1 074
4438835 4839 2025/12/24 11:13:21 P18 0 0 0 0 0 0 0 77.515 173.035 754.395 16.327 231.934 138.397 3780.67 38.147 -39.978 899.048 -18.311 165.405 181.58 97.351 315.857 303.955 270.538 167.694 18.616 363.77 -4991.303 196.381 61.188 -651.856 21.21 -7.477 741.882 75.531 275.269 287.17 175.171 -664.673 151.978 41.199 118.713 116.577 68.665 2510.376 2290.802 实验室 1 074
4438836 4839 2025/12/24 11:13:22 P18 0 0 0 0 0 0 0 79.041 173.187 754.089 14.954 232.391 138.55 3780.67 39.673 97.046 897.217 -18.005 165.1 181.122 96.893 315.704 303.04 270.691 168.457 17.853 363.77 -4990.387 198.212 59.509 -649.719 20.752 -7.935 742.035 75.378 274.811 286.713 174.561 -665.283 152.893 40.894 108.032 111.694 67.596 2509.155 2290.344 实验室 1 074
4438837 4839 2025/12/24 11:13:23 P18 0 0 0 0 0 0 0 78.583 173.187 752.716 16.479 232.391 138.397 3782.654 27.771 58.289 906.372 -17.853 164.337 181.732 98.267 315.857 303.497 269.623 167.694 18.311 363.007 -4988.251 222.473 62.866 -680.847 20.752 -8.24 740.204 76.447 274.658 286.408 174.866 -666.199 152.588 40.894 108.948 110.779 71.106 2511.597 2292.48 实验室 1 074
4438838 4839 2025/12/24 11:13:24 P18 0 0 0 0 0 0 0 78.735 172.73 751.801 16.327 231.323 139.16 3781.891 -0.153 55.847 909.882 -18.311 164.185 182.037 96.13 315.399 303.803 269.775 167.999 18.311 363.312 -4989.166 211.182 64.087 -691.681 21.362 -7.935 739.594 75.226 274.658 286.102 176.392 -666.657 151.978 41.046 108.948 112.457 68.665 2510.834 2293.701 实验室 1 074
4438839 4839 2025/12/24 11:13:25 P18 0 0 0 0 0 0 0 77.972 173.798 751.038 15.564 231.476 139.313 3782.349 -8.85 -62.561 904.846 -16.022 164.032 181.58 95.825 314.941 303.345 268.402 168.915 18.616 363.007 -4990.997 232.697 61.035 -676.27 21.362 -7.782 738.22 76.447 274.353 285.95 174.103 -666.657 151.825 41.199 113.068 112.305 71.564 2511.292 2289.429 实验室 1 074
4438840 4839 2025/12/24 11:13:26 P18 0 0 0 0 0 0 0 78.888 172.882 751.038 17.09 232.086 138.397 3780.975 48.37 -62.103 896.606 -18.616 163.574 180.969 96.436 314.941 303.955 268.402 167.847 18.463 362.854 -4989.166 195.313 61.646 -639.191 20.142 -8.087 737.61 76.294 272.98 285.492 175.171 -666.657 152.13 40.741 112.915 111.084 70.801 2511.292 2292.633 实验室 1 074
4438841 4839 2025/12/24 11:13:27 P18 0 0 0 0 0 0 0 77.82 173.492 750.732 15.717 230.866 138.245 3781.281 24.261 -37.079 891.571 -17.853 164.49 181.427 96.741 314.484 304.718 267.181 168.304 19.073 362.244 -4987.793 197.907 62.714 -583.191 20.752 -7.477 735.931 75.836 273.438 285.339 173.492 -665.741 151.52 41.351 111.237 110.779 69.275 2510.681 2290.955 实验室 1 074
4438842 4839 2025/12/24 11:13:28 P18 0 0 0 0 0 0 0 78.43 173.035 751.038 16.174 230.103 137.787 3781.738 8.087 -76.904 888.062 -18.005 162.506 181.885 96.436 315.247 304.413 266.876 167.847 18.921 362.549 -4988.251 221.863 61.798 -635.834 21.21 -8.087 735.474 74.768 272.369 285.034 176.849 -663.757 151.825 40.894 116.882 110.169 67.902 2511.902 2288.818 实验室 1 074
4438843 4839 2025/12/24 11:13:29 P18 0 0 0 0 0 0 0 78.125 173.95 749.207 15.259 231.018 138.092 3780.67 51.422 -33.875 897.98 -16.785 163.117 180.969 95.52 314.331 303.955 267.639 168.457 18.616 361.328 -4991.607 223.999 61.646 -615.082 20.142 -7.782 734.1 75.531 271.759 285.034 175.629 -667.419 151.062 41.046 118.561 108.948 75.378 2511.292 2290.649 实验室 1 074
4438844 4839 2025/12/24 11:13:30 P18 0 0 0 0 0 0 0 77.972 173.34 748.291 15.717 231.171 137.329 3780.67 21.82 -36.011 889.587 -17.548 162.964 181.427 96.13 315.094 305.176 265.808 167.999 18.921 362.854 -4989.624 221.405 61.951 -629.883 20.905 -8.24 733.795 73.7 272.217 284.424 174.866 -666.809 150.909 41.504 113.678 108.643 70.496 2511.444 2290.039 实验室 1 074
4438845 4839 2025/12/24 11:13:31 P18 0 0 0 0 0 0 0 77.362 173.798 747.223 15.717 230.713 137.329 3779.755 1.526 0.153 889.74 -17.7 161.133 180.664 95.367 314.941 304.413 265.656 167.999 19.226 363.159 -4988.556 269.928 59.967 -630.188 19.836 -8.24 732.88 75.073 271.912 283.814 175.476 -666.657 150.909 41.351 113.22 108.948 67.444 2510.986 2290.192 实验室 1 074
4438846 4839 2025/12/24 11:13:32 P18 0 0 0 0 0 0 0 78.125 173.95 747.833 16.785 230.408 137.329 3782.043 1.984 26.855 895.996 -18.005 161.591 180.817 96.283 314.636 304.26 265.656 167.542 19.073 361.633 -4989.624 262.451 60.73 -588.837 20.294 -8.24 728.607 75.073 270.691 283.966 175.629 -666.504 150.452 40.741 110.016 109.558 69.733 2511.292 2291.565 实验室 1 074
4438847 4839 2025/12/24 11:13:33 P18 0 0 0 0 0 0 0 77.82 172.577 747.07 16.022 230.408 137.024 3781.433 14.191 63.171 895.386 -17.548 160.675 181.122 94.757 314.179 304.718 264.587 167.694 18.158 362.091 -4992.371 256.653 61.493 -554.352 19.989 -7.935 731.506 75.226 271.301 282.745 174.103 -663.605 150.299 40.283 112.457 105.286 70.038 2511.597 2289.124 实验室 1 074
4438848 4839 2025/12/24 11:13:34 P18 0 0 0 0 0 0 0 77.82 172.577 747.07 16.022 230.408 137.024 3781.433 14.191 63.171 895.386 -17.548 160.675 181.122 94.757 314.179 304.718 264.587 167.694 18.158 362.244 -4992.371 256.653 61.493 -554.352 19.989 -7.935 731.506 75.226 271.301 282.745 174.103 -663.605 150.299 40.283 112.457 105.286 70.038 2511.597 2289.124 实验室 1 074
4438849 4839 2025/12/24 11:13:35 P18 0 0 0 0 0 0 0 78.43 173.645 747.376 15.869 230.408 137.024 3782.043 43.182 266.876 900.879 -17.853 160.37 180.206 95.062 315.552 305.328 263.825 167.389 17.7 362.244 -4989.319 263.519 62.866 -559.845 20.142 -7.172 729.523 74.31 270.538 282.593 174.866 -667.877 149.994 40.894 116.577 114.441 68.817 2511.597 2290.039 实验室 1 074
4438850 4839 2025/12/24 11:13:36 P18 0 0 0 0 0 0 0 77.82 173.95 745.85 15.259 230.713 137.787 3782.349 12.665 238.342 903.015 -17.548 159.607 181.122 94.604 314.484 305.634 264.282 167.999 17.548 361.633 -4991.76 266.876 58.594 -576.782 20.294 -7.935 728.76 75.684 270.233 282.745 174.255 -665.894 149.841 40.588 115.051 109.558 70.801 2511.749 2288.208 实验室 1 074
4438851 4839 2025/12/24 11:13:37 P18 0 0 0 0 0 0 0 77.82 172.73 745.087 15.564 231.171 137.482 3783.722 22.736 152.283 882.874 -16.479 160.828 177.612 95.062 313.873 305.328 263.672 168.457 18.463 361.328 -4990.692 269.165 59.509 -603.943 20.142 -9.003 727.692 74.768 270.081 282.44 172.272 -666.504 149.841 41.046 120.544 108.337 69.122 2512.817 2290.802 实验室 1 074
4438852 4839 2025/12/24 11:13:38 P18 0 0 0 0 0 0 0 78.125 173.492 744.324 15.564 230.103 137.787 3780.823 12.665 90.332 886.841 -18.005 159.607 181.274 93.994 313.568 304.718 262.909 167.999 18.463 361.633 -4991.303 254.822 63.629 -617.676 20.447 -8.392 727.387 73.7 269.318 282.745 174.713 -666.657 149.384 40.588 112.915 105.591 68.665 2511.597 2289.734 实验室 1 074
4438853 4839 2025/12/24 11:13:39 P18 0 0 0 0 0 0 0 79.346 173.34 743.866 16.632 230.255 137.024 3780.67 6.866 22.583 899.658 -18.005 160.065 180.359 95.673 314.789 305.481 262.146 167.236 18.463 361.176 -4988.098 293.884 61.798 -628.357 20.142 -7.629 726.471 74.615 268.86 281.525 172.73 -666.199 149.841 39.825 106.659 111.847 70.953 2510.681 2290.039 实验室 1 074
4438854 4839 2025/12/24 11:13:40 P18 0 0 0 0 0 0 0 77.515 173.187 743.866 15.411 229.34 137.634 3781.433 21.515 3.967 893.555 -17.395 159.149 180.512 93.689 314.026 305.939 261.993 167.084 18.311 360.718 -4989.472 287.476 64.545 -580.444 19.836 -8.698 725.25 74.31 269.47 281.525 169.067 -664.215 149.231 40.588 104.218 108.948 74.921 2510.681 2290.497 实验室 1 074
4438855 4839 2025/12/24 11:13:41 P18 0 0 0 0 0 0 0 77.82 174.255 742.493 19.379 229.187 136.108 3781.586 0.305 29.602 881.805 -17.853 158.997 180.664 93.994 314.331 305.939 260.773 167.389 17.853 361.633 -4988.251 258.026 60.425 -539.093 19.379 -6.866 725.25 74.158 268.25 280.914 173.798 -664.215 149.841 40.283 114.441 105.438 68.665 2511.597 2288.818 实验室 1 074
4438856 4839 2025/12/24 11:13:42 P18 0 0 0 0 0 0 0 78.43 173.492 742.493 15.106 228.424 136.871 3780.365 20.142 100.25 895.538 -18.005 158.081 180.664 93.689 314.331 305.176 260.01 167.542 18.005 361.023 -4988.708 232.391 61.798 -542.603 19.379 -9.003 724.64 73.547 268.25 280.609 170.898 -664.368 149.384 39.368 115.204 111.847 68.97 2511.597 2290.344 实验室 1 074
4438857 4839 2025/12/24 11:13:43 P18 0 0 0 0 0 0 0 77.515 174.255 742.645 16.479 229.034 136.566 3780.518 -21.82 -25.024 897.522 -18.005 157.166 179.901 93.384 314.026 305.481 261.078 167.542 17.853 360.26 -4988.098 233.307 62.561 -526.123 20.142 -8.545 723.419 74.463 267.334 280.457 171.509 -664.368 149.231 39.673 111.237 113.831 70.801 2511.292 2290.802 实验室 1 074
4438858 4839 2025/12/24 11:13:44 P18 0 0 0 0 0 0 0 78.278 173.34 741.425 15.259 228.424 136.719 3781.433 -11.902 -50.201 893.707 -17.853 157.166 180.206 93.384 314.179 306.549 259.705 167.084 18.463 361.328 -4987.641 223.236 62.561 -525.665 20.447 -8.545 721.588 73.547 267.639 279.999 170.746 -655.212 148.621 41.199 113.983 112 66.986 2510.986 2290.344 实验室 1 074
4438859 4839 2025/12/24 11:13:45 P18 0 0 0 0 0 0 0 78.43 173.035 740.662 15.869 227.814 136.108 3780.67 4.73 -86.212 890.35 -17.853 156.86 180.359 93.994 313.721 306.091 259.247 166.931 17.853 360.565 -4988.708 208.74 62.714 -501.404 19.836 -7.935 720.978 73.242 266.419 279.388 173.95 -664.063 148.926 39.52 110.779 114.136 71.564 2511.292 2287.598 实验室 1 074
4438860 4839 2025/12/24 11:13:46 P18 0 0 0 0 0 0 0 78.125 173.187 739.746 15.869 228.424 136.108 3782.043 19.836 -79.041 889.893 -17.853 156.555 180.969 92.773 313.721 307.312 258.942 167.847 18.616 360.413 -4991.607 220.947 61.951 -534.515 20.142 -8.24 720.215 73.395 266.876 279.694 174.103 -666.962 148.163 39.825 112.61 113.22 68.512 2511.597 2289.886 实验室 1 074
4438861 4839 2025/12/24 11:13:47 P18 0 0 0 0 0 0 0 78.125 173.187 739.899 14.801 227.966 136.108 3781.128 67.596 -60.425 892.181 -17.09 155.792 180.817 93.079 313.263 306.397 258.789 167.236 18.158 360.413 -4989.776 238.648 62.866 -527.649 19.989 -8.392 719.147 75.836 266.876 279.236 171.814 -667.267 148.163 41.199 112 110.779 69.427 2511.444 2287.903 实验室 1 074
4438862 4839 2025/12/24 11:13:48 P18 0 0 0 0 0 0 0 78.125 173.645 739.288 15.717 228.577 136.108 3781.586 27.161 -16.632 885.62 -17.09 157.776 180.054 92.773 313.568 305.939 259.399 167.236 18.463 359.65 -4989.166 219.879 60.883 -495.606 19.531 -8.85 718.384 73.547 265.503 278.931 171.051 -667.877 147.858 40.283 114.441 108.795 68.512 2510.834 2290.344 实验室 1 074
4438863 4839 2025/12/24 11:13:49 P18 0 0 0 0 0 0 0 78.735 173.187 738.831 14.648 228.272 135.04 3783.569 -10.071 31.738 880.737 -17.548 156.097 180.206 93.079 314.331 306.397 258.026 167.236 18.768 360.413 -4988.861 209.503 61.188 -539.093 19.836 -8.24 717.011 72.937 265.503 278.32 172.424 -668.182 147.553 40.283 110.016 109.406 69.122 2511.902 2291.107 实验室 1 074
4438864 4839 2025/12/24 11:13:50 P18 0 0 0 0 0 0 0 78.43 173.492 738.678 15.411 228.119 136.108 3781.433 20.447 3.052 887.604 -18.158 155.792 180.206 93.231 313.873 306.854 258.179 167.694 18.616 359.955 -4990.845 204.315 62.561 -518.036 19.684 -7.324 716.553 73.09 264.435 278.015 176.544 -667.419 148.01 40.436 107.727 111.542 69.275 2511.597 2290.039 实验室 1 074
4438865 4839 2025/12/24 11:13:51 P18 0 0 0 0 0 0 0 77.82 174.103 737.305 16.022 227.051 135.346 3781.586 25.482 -15.717 883.789 -17.853 155.487 179.901 93.231 312.805 307.465 257.263 167.999 17.7 359.65 -4987.488 191.956 60.12 -522.308 19.226 -7.629 715.637 72.937 264.74 277.71 169.678 -667.419 147.095 40.436 99.182 108.49 66.376 2511.597 2290.802 实验室 1 074
4438866 4839 2025/12/24 11:13:52 P18 0 0 0 0 0 0 0 77.972 174.255 737 15.564 228.272 135.803 3782.654 37.384 -29.755 887.451 -16.632 155.335 179.749 92.316 313.11 307.007 257.874 166.779 17.548 359.345 -4991.303 169.22 61.646 -521.851 19.073 -8.545 714.569 73.242 264.435 277.557 170.746 -667.572 147.4 39.52 100.098 107.575 66.681 2511.902 2289.886 实验室 1 074
4438867 4839 2025/12/24 11:13:53 P18 0 0 0 0 0 0 0 77.667 173.035 736.084 15.411 227.661 135.803 3781.128 20.447 -30.518 890.656 -18.311 154.724 180.206 92.468 313.11 307.159 256.348 166.931 18.463 359.192 -4992.065 161.591 62.714 -501.709 20.142 -8.24 714.569 72.632 263.672 277.1 170.136 -665.131 147.095 40.588 101.929 108.795 70.038 2511.292 2290.192 实验室 1 074
4438868 4839 2025/12/24 11:13:54 P18 0 0 0 0 0 0 0 78.278 174.408 736.389 15.717 228.424 135.956 3780.518 20.447 -1.526 893.402 -17.7 154.266 180.359 92.011 313.11 307.159 256.5 166.931 16.937 359.192 -4990.692 191.04 60.425 -526.123 19.836 -8.545 713.959 72.327 263.977 276.794 169.678 -666.199 147.095 39.215 104.065 109.406 70.343 2510.986 2297.821 实验室 1 074
4438869 4839 2025/12/24 11:13:55 P18 0 0 0 0 0 0 0 78.43 173.492 735.321 15.564 227.356 135.498 3783.112 40.436 25.94 886.841 -17.395 154.266 180.054 92.163 312.805 307.312 256.805 166.473 17.242 359.192 -4987.488 186.462 62.714 -510.864 19.379 -7.935 712.28 72.937 263.367 276.642 172.272 -667.725 146.79 39.063 106.354 112.457 70.801 2511.292 2291.107 实验室 1 074
4438870 4839 2025/12/24 11:13:56 P18 0 0 0 0 0 0 0 78.735 173.95 735.016 15.411 227.966 135.498 3779.907 25.33 -0.763 893.25 -17.548 154.572 180.054 92.468 313.568 307.617 255.737 166.321 17.09 359.497 -4989.929 189.056 60.577 -473.023 18.921 -8.85 711.67 72.327 262.604 275.726 170.136 -668.182 147.705 39.52 113.22 115.051 69.733 2511.292 2293.854 实验室 1 074
4438871 4839 2025/12/24 11:13:57 P18 0 0 0 0 0 0 0 77.972 173.492 734.711 15.411 226.746 135.346 3780.67 29.144 -51.575 890.961 -17.395 153.809 179.749 92.316 313.263 308.075 254.974 166.168 17.242 359.802 -4988.556 191.956 64.697 -458.069 19.836 -8.85 710.602 72.784 262.756 276.337 170.898 -666.962 146.79 40.283 104.37 114.136 68.665 2511.444 2292.328 实验室 1 074
4438872 4839 2025/12/24 11:13:58 P18 0 0 0 0 0 0 0 78.735 173.34 735.169 14.801 227.661 135.193 3780.67 23.499 -34.943 888.214 -17.395 153.503 179.291 92.011 313.263 308.075 254.517 166.779 18.005 359.65 -4987.488 195.313 64.392 -472.26 18.616 -8.392 710.297 73.09 263.062 275.574 169.525 -665.894 146.79 39.368 112.915 106.964 70.801 2511.444 2290.497 实验室 1 074
4438873 4839 2025/12/24 11:13:59 P18 0 0 0 0 0 0 0 78.278 174.103 734.1 15.564 226.44 134.888 3781.281 25.787 -20.142 888.672 -17.548 153.809 179.596 92.468 313.11 307.922 254.211 167.542 17.853 359.497 -4988.251 216.37 61.34 -460.663 18.921 -9.003 709.229 72.937 261.841 275.421 167.999 -666.504 146.332 39.52 105.133 110.016 69.275 2511.444 2295.837 实验室 1 074
4438874 4839 2025/12/24 11:14:00 P18 0 0 0 0 0 0 0 79.346 174.561 733.49 14.801 227.051 134.888 3782.806 37.384 56.305 891.724 -17.395 153.656 179.443 91.4 312.958 307.159 253.754 167.389 18.005 358.582 -4988.708 202.026 61.646 -460.663 18.768 -8.698 708.771 73.242 262.451 275.574 171.356 -666.657 146.637 39.063 114.136 113.22 66.986 2512.665 2290.344 实验室 1 074
4438875 4839 2025/12/24 11:14:01 P18 0 0 0 0 0 0 0 77.972 173.035 732.269 16.174 226.44 135.193 3780.212 50.354 85.449 892.487 -17.853 152.283 180.054 91.705 313.263 307.922 253.754 166.931 18.158 359.039 -4990.54 183.563 62.561 -427.856 19.226 -7.629 708.16 72.479 261.688 274.811 171.204 -666.962 146.027 38.147 110.169 105.286 64.392 2510.681 2292.328 实验室 1 074
4438876 4839 2025/12/24 11:14:02 P18 0 0 0 0 0 0 0 78.125 173.492 732.88 16.022 226.135 135.651 3782.349 35.706 103.302 875.549 -17.853 152.588 179.443 91.553 313.568 308.38 251.923 166.473 17.7 358.429 -4988.251 160.523 59.662 -399.017 19.379 -7.935 707.703 72.174 261.383 274.2 169.678 -668.03 145.874 39.368 104.675 107.422 68.817 2511.902 2290.802 实验室 1 074
4438877 4839 2025/12/24 11:14:03 P18 0 0 0 0 0 0 0 78.583 173.645 733.185 16.174 226.288 134.583 3781.738 49.133 57.526 879.059 -18.463 152.13 179.291 91.858 313.416 308.228 252.991 166.321 17.7 358.276 -4991.303 215.607 61.188 -410.461 19.226 -7.324 708.771 72.021 261.078 274.2 169.067 -666.962 145.874 39.063 104.523 110.016 69.122 2511.444 2291.565 实验室 1 074
4438878 4839 2025/12/24 11:14:04 P18 0 0 0 0 0 0 0 79.041 173.492 731.201 15.717 225.83 134.277 3781.891 21.21 -15.106 894.165 -17.548 151.52 180.206 91.248 313.263 308.38 252.838 166.779 17.853 359.192 -4989.624 206.299 64.392 -438.385 18.921 -7.935 705.719 72.632 260.162 274.2 170.593 -666.504 145.721 40.131 105.743 109.253 71.106 2511.292 2290.497 实验室 1 074
4438879 4839 2025/12/24 11:14:05 P18 0 0 0 0 0 0 0 77.82 173.34 731.964 15.259 225.83 135.498 3781.738 13.275 -32.806 891.876 -17.395 152.435 179.596 90.637 313.11 308.838 251.465 166.779 17.7 358.429 -4991.303 213.623 62.103 -447.846 19.684 -8.85 704.956 72.174 260.468 274.2 170.898 -666.046 145.416 39.368 112.915 108.795 69.275 2511.749 2290.497 实验室 1 074
4438880 4839 2025/12/24 11:14:06 P18 0 0 0 0 0 0 0 77.972 173.645 730.133 15.717 225.983 135.04 3780.518 -1.221 54.932 881.805 -18.158 151.52 178.833 90.179 313.263 308.838 251.923 166.321 17.7 357.971 -4990.997 232.086 57.678 -451.355 19.073 -8.392 704.346 72.021 260.162 274.2 170.288 -666.657 145.721 38.757 108.795 112 74.31 2510.529 2292.938 实验室 1 074
4438881 4839 2025/12/24 11:14:07 P18 0 0 0 0 0 0 0 77.972 173.645 730.133 15.717 225.983 135.04 3780.518 -1.221 54.932 881.805 -18.158 151.52 178.833 90.179 313.263 308.838 251.923 166.321 17.7 357.971 -4990.997 232.086 57.678 -451.355 19.073 -8.392 704.346 72.021 260.162 274.2 170.288 -666.657 145.721 38.757 108.795 112 74.31 2510.529 2292.938 实验室 1 074
4438882 4839 2025/12/24 11:14:08 P18 0 0 0 0 0 0 0 78.125 173.34 731.201 14.954 225.372 133.972 3782.501 46.082 39.215 876.16 -18.158 150.909 177.155 90.79 312.5 308.533 251.007 166.626 17.853 358.124 -4987.183 221.1 61.798 -444.794 18.921 -7.782 703.278 72.479 260.62 272.98 170.136 -666.199 145.111 39.215 109.406 115.204 71.716 2511.292 2290.039 实验室 1 074
4438883 4839 2025/12/24 11:14:09 P18 0 0 0 0 0 0 0 77.667 173.645 729.675 15.564 225.372 134.43 3780.67 29.144 -0.916 880.737 -18.005 151.062 178.528 90.179 312.347 308.991 250.702 166.626 17.09 358.276 -4988.403 191.498 63.171 -437.927 18.463 -8.545 702.362 72.632 259.399 272.98 169.067 -666.199 145.111 39.215 104.675 112.457 70.953 2511.749 2289.581 实验室 1 074
4438884 4839 2025/12/24 11:14:10 P18 0 0 0 0 0 0 0 77.972 173.798 729.981 15.411 225.372 133.972 3780.518 6.104 -75.073 878.143 -18.158 150.604 178.986 90.942 312.805 308.685 250.855 166.168 17.09 357.971 -4988.251 185.547 61.035 -410.309 19.531 -8.545 700.989 71.716 259.705 272.217 168.915 -667.725 144.653 39.063 119.934 112.305 74.005 2511.292 2291.26 实验室 1 074
4438885 4839 2025/12/24 11:14:11 P18 0 0 0 0 0 0 0 78.583 173.34 728.455 16.327 225.067 133.82 3780.365 55.695 -11.444 875.092 -18.311 149.536 178.528 90.942 312.195 308.685 249.481 166.016 17.09 357.513 -4990.692 167.694 63.477 -392.761 19.073 -7.782 700.836 72.021 258.942 271.912 167.999 -666.962 144.806 38.757 115.356 107.422 71.106 2511.444 2289.581 实验室 1 074
4438886 4839 2025/12/24 11:14:12 P18 0 0 0 0 0 0 0 79.651 174.713 728.607 16.174 225.067 133.972 3780.365 45.319 94.604 875.855 -18.005 150.299 179.291 90.485 312.5 308.991 249.634 166.473 17.242 357.666 -4988.708 185.852 62.256 -409.546 16.937 -8.24 700.531 71.564 258.026 272.064 167.236 -666.046 144.806 39.215 112.152 106.964 70.953 2511.597 2290.039 实验室 1 074
4438887 4839 2025/12/24 11:14:13 P18 0 0 0 0 0 0 0 77.362 173.34 727.234 15.564 224.762 134.125 3782.959 29.907 156.403 876.007 -17.853 150.452 178.986 90.179 312.347 308.685 249.176 166.321 17.548 357.513 -4988.708 186.768 60.12 -437.012 18.921 -8.392 699.158 71.716 258.179 271.606 168.152 -666.199 144.043 40.283 111.694 108.643 71.259 2511.902 2289.886 实验室 1 074
4438888 4839 2025/12/24 11:14:14 P18 0 0 0 0 0 0 0 78.43 173.035 726.776 15.717 225.22 133.972 3780.212 -24.109 140.686 872.498 -18.463 149.689 178.375 90.485 312.195 309.296 249.329 166.321 17.09 357.513 -4991.303 219.727 62.256 -447.54 18.921 -8.392 698.242 71.564 257.721 271.301 167.847 -666.962 145.111 38.757 111.542 104.981 68.97 2511.292 2291.26 实验室 1 074
4438889 4839 2025/12/24 11:14:15 P18 0 0 0 0 0 0 0 78.735 173.798 726.471 16.174 224.762 133.972 3780.518 2.594 110.169 876.465 -17.853 148.773 178.223 89.417 311.89 309.601 249.023 166.321 17.548 357.361 -4989.166 191.193 61.035 -408.02 18.616 -8.698 698.242 71.411 257.568 271.454 166.779 -666.504 144.043 38.91 117.035 107.117 69.427 2510.834 2288.971 实验室 1 074
4438890 4839 2025/12/24 11:14:16 P18 0 0 0 0 0 0 0 78.735 173.798 726.929 15.259 224.457 133.82 3781.281 30.67 159.912 877.075 -18.158 149.536 178.223 89.569 311.432 308.991 248.718 166.168 17.242 356.903 -4987.793 128.021 61.34 -378.265 18.921 -9.308 696.411 71.869 257.568 270.386 168.61 -662.231 143.738 38.3 114.136 108.032 70.801 2511.902 2290.955 实验室 1 074
4438891 4839 2025/12/24 11:14:17 P18 0 0 0 0 0 0 0 77.972 173.645 725.708 15.411 224.304 133.82 3781.281 54.626 66.681 877.075 -17.853 150.299 178.833 89.264 311.737 309.753 248.261 166.321 17.7 356.751 -4990.387 109.863 60.73 -363.617 18.463 -8.24 696.259 70.038 257.111 271.606 169.373 -662.231 144.043 38.3 114.594 105.286 68.359 2510.986 2289.276 实验室 1 074
4438892 4839 2025/12/24 11:14:18 P18 0 0 0 0 0 0 0 78.125 174.866 725.098 15.259 223.846 133.972 3780.212 -51.27 -188.751 858.46 -17.09 148.621 178.375 88.043 311.737 309.296 247.803 166.931 17.09 356.445 -4989.776 -37.537 60.425 -411.53 18.463 -8.392 694.733 72.327 256.958 270.386 166.473 -662.384 143.28 38.757 115.204 105.133 69.275 2511.749 2287.445 实验室 1 074
4438893 4839 2025/12/24 11:14:19 P18 0 0 0 0 0 0 0 77.82 173.492 725.861 15.259 224.152 133.209 3781.128 11.139 -214.996 859.68 -17.09 148.773 178.528 89.111 312.653 309.143 248.108 166.168 18.005 356.903 -4990.845 -119.782 62.103 -409.393 19.684 -8.087 694.58 71.716 256.043 270.081 165.253 -662.842 143.585 38.452 110.321 107.88 61.646 2511.139 2292.48 实验室 1 074
4438894 4839 2025/12/24 11:14:20 P18 0 0 0 0 0 0 0 77.82 173.798 723.877 15.259 223.846 133.667 3783.569 4.425 -242.004 861.206 -17.7 148.926 178.833 88.806 311.585 310.059 247.04 166.016 17.7 356.751 -4988.251 -148.315 58.746 -407.41 19.684 -8.24 693.97 70.648 255.89 269.623 168.152 -662.537 143.585 39.215 108.185 107.727 72.479 2512.054 2290.344 实验室 1 074
4438895 4839 2025/12/24 11:14:21 P18 0 0 0 0 0 0 0 78.125 173.492 723.877 14.954 223.694 132.752 3781.891 9.308 -95.367 865.631 -17.853 148.468 179.291 89.569 311.279 310.669 247.345 166.168 17.7 357.208 -4992.523 -173.34 62.103 -386.505 19.531 -8.85 692.596 70.648 255.89 269.013 167.236 -662.994 142.975 39.368 105.591 104.218 66.681 2511.139 2289.886 实验室 1 074
4438896 4839 2025/12/24 11:14:22 P18 0 0 0 0 0 0 0 78.125 174.103 723.419 14.954 223.694 133.82 3782.501 17.7 -44.25 866.852 -16.785 148.163 178.223 88.501 311.432 309.753 246.429 166.473 18.158 356.293 -4989.319 -128.632 61.951 -352.631 19.073 -8.698 692.444 71.411 255.737 269.928 166.779 -662.384 142.67 38.91 104.675 101.624 72.937 2510.071 2291.87 实验室 1 074
4438897 4839 2025/12/24 11:14:23 P18 0 0 0 0 0 0 0 78.43 173.645 723.267 15.106 223.694 133.972 3781.738 29.449 -22.125 838.471 -18.005 147.705 178.223 88.806 310.974 310.059 246.582 165.863 17.7 356.751 -4990.082 -173.035 60.12 -363.77 19.226 -8.087 692.444 71.411 255.28 269.013 168.304 -661.774 142.975 38.605 105.743 105.133 65.765 2512.054 2294.922 实验室 1 074
4438898 4839 2025/12/24 11:14:24 P18 0 0 0 0 0 0 0 78.735 173.645 722.656 14.954 223.389 132.904 3780.365 67.444 -46.844 866.089 -18.158 147.553 178.375 88.501 311.432 309.753 245.972 166.168 17.7 356.903 -4990.692 -145.416 63.171 -365.906 19.073 -8.545 691.681 71.259 254.669 268.555 167.999 -662.842 143.28 38.452 108.643 106.659 68.817 2511.139 2290.192 实验室 1 074
4438899 4839 2025/12/24 11:14:25 P18 0 0 0 0 0 0 0 78.43 173.798 721.588 15.411 223.389 131.989 3780.823 5.798 35.858 860.901 -17.395 146.79 179.443 88.196 310.974 310.669 245.972 166.016 17.548 356.293 -4988.708 -117.188 63.934 -343.17 19.073 -9.003 689.697 70.343 254.059 268.402 166.779 -661.469 142.517 39.215 112.305 107.575 68.207 2512.054 2288.666 实验室 1 074
4438900 4839 2025/12/24 11:14:26 P18 0 0 0 0 0 0 0 77.515 173.34 721.741 15.106 222.931 133.514 3782.959 29.907 86.06 866.547 -17.7 148.01 178.68 87.738 310.974 310.211 244.904 166.321 17.7 356.598 -4991.455 -76.447 61.951 -348.053 18.616 -8.24 688.934 70.343 254.822 269.013 166.168 -662.842 142.059 38.605 115.356 102.234 70.496 2512.512 2285.767 实验室 1 074
4438901 4839 2025/12/24 11:14:27 P18 0 0 0 0 0 0 0 77.82 174.103 721.893 15.717 222.778 132.446 3782.196 65.308 33.417 872.04 -17.7 147.247 178.375 88.959 311.279 309.753 244.904 166.016 16.785 356.445 -4990.082 -88.501 58.594 -337.83 19.073 -8.24 688.782 70.19 253.449 267.639 166.779 -662.689 142.517 38.605 119.476 106.506 71.106 2511.902 2289.734 实验室 1 074
4438902 4839 2025/12/24 11:14:28 P18 0 0 0 0 0 0 0 78.583 173.95 720.825 14.801 223.236 132.294 3780.67 21.057 9.308 881.195 -18.158 146.332 177.918 89.111 311.737 310.669 245.819 166.931 18.616 357.208 -4991.455 -39.978 59.662 -328.98 19.073 -8.24 688.171 70.343 253.754 267.487 168.457 -662.079 142.822 38.3 108.795 104.981 73.09 2510.986 2290.955 实验室 1 074
4438903 4839 2025/12/24 11:14:29 P18 0 0 0 0 0 0 0 77.667 173.492 720.062 14.954 222.931 133.514 3782.043 19.073 39.52 873.566 -17.548 147.4 178.68 88.348 310.822 310.669 244.293 166.473 17.7 355.835 -4990.54 8.545 61.035 -328.522 18.311 -8.85 687.714 70.801 253.449 267.181 163.574 -661.316 141.907 39.215 113.068 106.506 69.122 2511.139 2290.649 实验室 1 074
4438904 4839 2025/12/24 11:14:30 P18 0 0 0 0 0 0 0 77.972 173.492 720.978 15.106 222.626 133.362 3780.975 3.204 73.853 875.549 -18.158 146.637 178.07 87.585 311.279 311.127 244.141 166.016 18.158 356.293 -4988.098 -7.629 67.749 -331.574 18.463 -9.308 686.798 69.733 252.838 267.181 170.136 -662.537 141.907 37.994 111.389 109.863 69.885 2512.207 2289.429 实验室 1 074
4438905 4839 2025/12/24 11:14:31 P18 0 0 0 0 0 0 0 78.43 174.561 719.91 15.259 222.626 132.904 3781.891 -1.373 87.433 862.579 -17.395 146.484 176.849 87.128 310.822 310.364 243.988 165.863 17.09 355.835 -4990.387 -28.076 65.155 -318.451 17.853 -8.087 686.646 69.58 252.991 267.639 168.457 -663.3 142.059 37.994 107.727 108.643 70.19 2512.207 2290.344 实验室 1 074
4438906 4839 2025/12/24 11:14:32 P18 0 0 0 0 0 0 0 78.888 171.814 720.215 14.954 223.084 133.057 3781.433 23.651 92.468 883.789 -18.005 145.874 178.986 88.959 311.127 310.516 243.073 167.236 16.632 355.377 -4990.692 -18.921 62.256 -297.394 18.463 -8.545 685.425 69.885 252.533 266.113 168.304 -663.3 141.296 37.689 111.237 107.727 67.749 2512.054 2292.786 实验室 1 074
4438907 4839 2025/12/24 11:14:33 P18 0 0 0 0 0 0 0 77.972 174.255 719.757 15.106 222.321 132.904 3780.06 28.076 19.379 862.885 -17.853 145.264 177.918 87.28 311.127 310.364 243.683 165.558 16.632 356.14 -4991.607 -13.275 60.883 -287.17 18.005 -8.85 684.204 70.801 252.075 266.113 168.457 -662.842 141.602 37.689 115.967 111.694 69.275 2511.292 2289.124 实验室 1 074
4438908 4839 2025/12/24 11:14:34 P18 0 0 0 0 0 0 0 77.362 174.408 719.299 14.191 222.015 131.989 3782.349 57.983 -84.076 869.293 -18.005 146.179 178.223 87.585 310.669 310.822 244.293 166.321 18.158 355.682 -4988.098 -3.815 61.951 -323.792 18.005 -8.85 684.052 69.885 251.77 267.029 168.304 -664.063 140.839 38.452 110.931 106.964 93.384 2511.597 2289.429 实验室 1 074
4438909 4839 2025/12/24 11:14:35 P18 0 0 0 0 0 0 0 77.362 174.408 719.299 14.191 222.015 131.989 3782.349 57.983 -84.076 869.293 -18.005 146.179 178.223 87.585 310.669 310.822 244.293 166.321 18.158 355.682 -4988.098 -3.815 61.951 -323.792 18.005 -8.85 684.052 69.885 251.77 267.029 168.304 -664.063 140.839 38.452 110.931 106.964 93.384 2511.597 2289.429 实验室 1 074
4438910 4839 2025/12/24 11:14:36 P18 0 0 0 0 0 0 0 78.43 173.492 718.536 15.411 222.931 132.446 3780.823 1.984 -32.501 876.465 -17.548 145.264 177.612 87.433 311.279 310.669 242.615 165.71 16.937 355.53 -4987.793 -52.185 62.256 -294.19 18.311 -8.85 683.746 70.038 251.617 265.808 167.847 -666.504 141.296 37.689 110.626 105.286 66.071 2511.139 2291.412 实验室 1 074
4438911 4839 2025/12/24 11:14:37 P18 0 0 0 0 0 0 0 77.667 174.255 718.384 15.411 221.71 132.599 3782.654 50.354 90.485 867.615 -16.785 145.874 177.612 87.738 311.279 310.364 242.31 165.1 17.548 355.835 -4987.335 -25.024 59.662 -289.459 18.768 -8.24 682.373 70.038 251.465 265.198 168.304 -666.199 141.296 38.91 108.49 113.983 70.801 2512.054 2289.734 实验室 1 074
4438912 4839 2025/12/24 11:14:38 P18 0 0 0 0 0 0 0 77.515 173.035 718.079 15.411 221.71 132.904 3781.891 37.537 -25.635 876.465 -17.853 145.569 178.68 87.891 311.432 311.127 241.394 166.016 17.548 355.835 -4990.082 21.057 61.951 -304.26 18.768 -8.545 681.915 69.885 250.702 265.656 167.999 -665.436 140.839 37.842 105.896 110.779 68.665 2511.902 2289.886 实验室 1 074
4438913 4839 2025/12/24 11:14:39 P18 0 0 0 0 0 0 0 77.82 173.798 716.553 15.106 221.71 132.599 3782.043 -6.714 1.526 874.329 -17.548 145.569 177.918 87.585 311.432 311.127 241.852 165.863 17.395 355.53 -4990.845 41.199 60.73 -299.988 18.463 -9.613 681.458 69.275 251.007 265.198 168.61 -662.689 141.907 38.3 105.438 106.506 69.733 2511.597 2289.734 实验室 1 074
4438914 4839 2025/12/24 11:14:40 P18 0 0 0 0 0 0 0 77.972 173.645 716.4 15.717 222.015 133.209 3780.365 16.022 10.834 874.481 -18.158 145.111 177.155 87.891 311.127 311.127 241.089 165.71 16.785 355.072 -4990.54 33.264 62.714 -294.952 18.768 -9.003 680.237 70.038 252.686 264.893 156.403 -662.994 141.296 37.384 109.863 111.389 70.801 2511.292 2290.649 实验室 1 074
4438915 4839 2025/12/24 11:14:41 P18 0 0 0 0 0 0 0 77.82 174.103 715.485 14.954 221.558 132.141 3782.654 2.289 -59.052 868.378 -17.395 145.569 178.375 86.975 311.127 312.042 241.242 165.863 18.158 355.988 -4990.082 51.88 63.171 -298.309 18.463 -8.85 679.474 69.275 250.855 264.587 166.016 -662.231 140.686 37.384 109.406 107.575 72.479 2511.444 2289.276 实验室 1 074
4438916 4839 2025/12/24 11:14:42 P18 0 0 0 0 0 0 0 77.82 173.95 715.79 15.717 221.252 131.531 3780.67 33.569 -177.307 879.211 -18.158 144.348 178.223 87.433 311.127 311.585 240.936 165.558 17.242 354.919 -4988.708 96.13 61.798 -285.645 20.142 -9.766 679.474 70.038 249.634 264.893 172.73 -663.3 140.076 37.842 110.626 102.844 69.885 2510.986 2288.818 实验室 1 074
4438917 4839 2025/12/24 11:14:43 P18 0 0 0 0 0 0 0 77.972 173.798 715.79 15.259 221.1 132.599 3780.67 87.128 -194.55 871.887 -18.158 144.653 177.918 86.975 310.669 312.5 240.784 165.1 17.7 355.377 -4989.776 119.324 68.054 -291.901 18.768 -8.698 678.864 68.97 249.939 264.13 165.405 -662.231 140.686 38.605 109.253 110.931 73.242 2511.597 2290.497 实验室 1 074
4438918 4839 2025/12/24 11:14:44 P18 0 0 0 0 0 0 0 77.667 173.95 713.654 15.869 221.558 131.836 3780.518 21.362 -146.484 867.157 -19.226 144.501 177.307 86.06 310.669 311.585 240.326 166.321 17.242 354.919 -4991.607 113.525 62.866 -274.048 18.005 -9.155 677.49 69.885 249.939 264.13 166.779 -662.994 140.076 37.842 113.525 108.337 72.174 2511.902 2289.581 实验室 1 074
4438919 4839 2025/12/24 11:14:45 P18 0 0 0 0 0 0 0 78.125 173.645 713.959 15.106 221.252 131.226 3778.992 60.272 -74.768 875.549 -18.158 144.348 178.07 86.212 310.364 312.042 239.716 165.405 17.395 355.072 -4991.455 101.776 62.256 -256.043 18.921 -9.155 677.795 69.275 249.634 263.672 165.863 -662.384 140.381 37.994 125.58 110.169 68.054 2511.444 2289.734 实验室 1 074
4438920 4839 2025/12/24 11:14:46 P18 0 0 0 0 0 0 0 77.667 174.103 714.111 14.954 221.1 130.768 3780.67 3.662 -21.667 878.601 -17.548 143.89 177.46 85.907 310.364 311.737 239.716 165.253 17.7 355.682 -4991.76 106.964 62.561 -245.667 18.616 -8.698 676.727 69.885 249.786 263.825 164.49 -663.452 139.618 38.605 119.934 105.743 69.122 2510.834 2285.767 实验室 1 074
4438921 4839 2025/12/24 11:14:47 P18 0 0 0 0 0 0 0 77.667 174.103 714.417 15.564 221.405 133.82 3782.959 1.984 -12.97 876.007 -18.158 144.196 176.697 87.433 310.822 311.737 239.716 166.321 17.09 354.919 -4987.945 83.618 61.34 -242.92 17.548 -9.308 675.812 69.58 248.566 263.062 166.168 -662.537 140.381 37.537 107.88 108.948 70.496 2512.512 2290.649 实验室 1 074
4438922 4839 2025/12/24 11:14:48 P18 0 0 0 0 0 0 0 78.125 173.95 713.196 15.106 220.795 132.446 3781.281 16.937 -31.281 863.953 -17.7 143.89 178.07 86.365 310.974 312.5 238.953 165.863 17.548 355.072 -4989.776 95.215 60.73 -234.833 19.073 -9.003 675.812 69.275 248.413 263.367 164.795 -663.757 138.855 40.741 104.675 104.523 67.902 2510.376 2290.344 实验室 1 074
4438923 4839 2025/12/24 11:14:49 P18 0 0 0 0 0 0 0 78.125 173.492 713.501 15.106 220.49 131.989 3780.365 24.719 -52.185 863.19 -18.005 144.043 177.612 86.06 310.974 312.347 238.648 165.405 16.937 354.462 -4987.335 103.76 62.714 -240.784 19.073 -8.698 675.049 68.512 248.413 262.756 165.253 -662.689 139.465 37.384 110.474 103.912 66.376 2510.834 2287.903 实验室 1 074
4438924 4839 2025/12/24 11:14:50 P18 0 0 0 0 0 0 0 77.82 173.95 711.823 15.564 220.795 130.31 3779.602 61.951 -30.212 863.495 -17.395 143.127 177.46 86.06 310.822 311.585 238.8 165.71 17.395 354.614 -4990.234 88.806 64.545 -234.985 18.921 -8.85 675.201 69.275 247.192 262.604 165.253 -663.757 139.313 37.384 112.61 112.763 68.97 2510.834 2294.312 实验室 1 074
4438925 4839 2025/12/24 11:14:51 P18 0 0 0 0 0 0 0 77.972 173.492 711.823 15.411 220.49 131.989 3780.212 21.21 28.992 880.737 -18.005 142.822 177.155 86.365 310.516 312.042 237.885 165.863 16.327 354.614 -4990.54 61.798 50.201 -246.735 18.463 -9.613 674.133 68.207 248.261 262.909 163.117 -663.147 140.076 37.079 106.354 106.812 72.632 2510.681 2289.429 实验室 1 074
4438926 4839 2025/12/24 11:14:52 P18 0 0 0 0 0 0 0 78.43 174.103 711.67 14.954 220.49 131.378 3782.349 40.436 -37.842 873.566 -18.005 142.822 177.46 85.449 310.669 312.5 237.579 165.863 16.632 354.767 -4987.488 65.613 62.103 -219.116 18.158 -8.85 672.455 69.427 247.803 262.146 164.948 -661.926 139.923 37.231 110.779 111.389 70.801 2511.597 2290.955 实验室 1 074
4438927 4839 2025/12/24 11:14:53 P18 0 0 0 0 0 0 0 77.972 173.95 710.907 14.954 220.032 131.073 3781.433 18.158 90.942 865.326 -17.7 143.433 177.155 85.449 310.669 312.195 236.969 167.236 17.242 354.157 -4989.776 45.013 63.171 -222.168 18.616 -9.155 672.302 69.58 247.498 262.146 164.795 -662.842 139.465 37.384 112 104.065 75.531 2511.292 2289.124 实验室 1 074
4438928 4839 2025/12/24 11:14:54 P18 0 0 0 0 0 0 0 78.278 173.95 710.754 14.801 219.879 130.768 3779.755 34.332 39.825 881.348 -17.395 142.212 177.307 84.839 310.059 312.347 237.579 166.168 17.395 354.614 -4988.556 79.956 62.561 -223.389 18.005 -9.613 671.997 69.427 247.803 262.146 164.032 -662.994 138.855 37.384 112.305 106.812 71.564 2510.223 2292.328 实验室 1 074
4438929 4839 2025/12/24 11:14:55 P18 0 0 0 0 0 0 0 78.278 174.255 709.992 14.954 220.337 131.531 3779.907 19.379 -27.618 873.718 -17.395 142.365 176.849 85.449 310.364 312.347 238.037 166.473 17.548 354.614 -4989.319 113.525 62.103 -199.127 17.7 -9.155 670.776 69.427 247.498 261.536 165.1 -662.079 138.55 37.689 113.983 105.591 69.733 2511.444 2290.192 实验室 1 074
4438930 4839 2025/12/24 11:14:56 P18 0 0 0 0 0 0 0 77.972 175.018 709.534 14.954 220.337 130.92 3781.281 30.518 3.662 869.751 -17.853 142.67 177.155 85.297 310.059 312.195 237.122 165.863 17.09 354.157 -4987.641 109.558 65.155 -159.302 16.937 -9.46 671.082 69.275 246.887 260.925 163.727 -662.537 138.702 37.079 117.798 107.117 70.953 2510.376 2290.802 实验室 1 074
4438931 4839 2025/12/24 11:14:57 P18 0 0 0 0 0 0 0 77.362 174.255 710.754 15.564 220.032 131.989 3780.823 24.719 172.882 871.277 -16.785 142.975 177.46 84.686 310.364 312.5 237.274 165.558 16.785 354.157 -4988.708 102.844 62.561 -182.648 17.7 -9.155 670.013 68.207 246.277 260.773 163.574 -663.605 139.008 37.384 101.624 104.523 68.817 2511.597 2290.192 实验室 1 074
4438932 4839 2025/12/24 11:14:58 P18 0 0 0 0 0 0 0 77.82 173.798 709.381 14.648 219.879 131.226 3782.806 82.855 173.95 862.274 -17.7 142.517 177.155 84.381 310.211 312.5 236.969 166.168 16.785 354.919 -4990.54 75.378 61.34 -199.28 17.853 -8.545 669.708 69.275 245.667 260.162 166.168 -662.994 139.008 37.384 106.049 103.149 73.395 2511.292 2290.039 实验室 1 074
4438933 4839 2025/12/24 11:14:59 P18 0 0 0 0 0 0 0 78.125 174.103 708.618 15.869 219.421 131.378 3782.654 18.463 277.405 860.748 -18.158 142.212 177.155 84.839 309.906 312.347 236.054 166.016 16.937 354.309 -4988.403 66.834 63.477 -239.868 16.785 -9.46 668.945 68.512 246.124 260.773 166.779 -661.926 139.16 37.231 95.825 102.539 67.596 2510.834 2291.107 实验室 1 074
4438934 4839 2025/12/24 11:15:00 P18 0 0 0 0 0 0 0 78.735 174.103 708.923 15.411 219.421 131.226 3780.365 2.594 175.171 872.192 -17.548 141.907 175.934 84.686 310.059 312.653 235.901 165.71 16.174 354.157 -4988.098 48.523 62.561 -299.53 18.311 -9.308 668.793 68.359 245.819 260.162 166.321 -661.774 138.702 37.384 98.267 106.964 68.512 2510.834 2286.377 实验室 1 074
4438935 4839 2025/12/24 11:15:01 P18 0 0 0 0 0 0 0 77.972 174.866 708.313 14.496 219.269 130.92 3782.043 8.24 55.084 870.209 -17.395 141.754 176.849 84.534 309.906 312.5 236.206 166.626 16.785 353.851 -4987.183 46.844 60.883 -319.061 18.158 -9.308 667.877 68.97 245.819 260.315 164.948 -662.079 138.55 37.079 99.335 110.169 69.58 2512.512 2289.886 实验室 1 074
4438936 4839 2025/12/24 11:15:02 P18 0 0 0 0 0 0 0 77.362 174.103 708.008 14.954 219.116 131.683 3782.349 16.632 82.092 864.716 -17.548 142.365 177.46 85.144 310.364 312.958 235.291 166.321 16.479 353.699 -4986.114 47.76 61.798 -295.868 17.242 -9.46 666.809 68.665 245.667 260.62 164.49 -662.994 138.092 37.231 99.487 108.032 69.122 2511.749 2290.344 实验室 1 074
4438937 4839 2025/12/24 11:15:03 P18 0 0 0 0 0 0 0 77.82 174.408 707.245 16.174 219.421 131.073 3782.349 77.057 -17.7 865.631 -17.7 141.296 177.155 84.991 310.059 312.347 236.054 166.016 16.632 358.276 -4991.76 28.381 60.272 -264.74 18.463 -8.392 666.809 68.359 244.751 259.399 163.879 -661.926 139.008 36.316 94.299 105.438 70.648 2510.986 2290.039 实验室 1 074
4438938 4839 2025/12/24 11:15:04 P18 0 0 0 0 0 0 0 77.82 174.103 707.092 15.106 219.727 131.378 3780.212 39.368 -77.057 870.514 -18.616 141.754 176.239 83.923 309.906 313.416 236.359 165.71 17.242 353.699 -4988.251 63.629 59.967 -232.239 17.548 -9.613 666.046 67.749 244.446 259.399 165.1 -661.011 138.397 36.926 98.267 111.389 68.97 2511.292 2292.633 实验室 1 074
4438939 4839 2025/12/24 11:15:05 P18 0 0 0 0 0 0 0 78.125 175.018 706.482 14.954 218.811 130.92 3780.518 29.144 -56.152 866.699 -17.242 140.991 177.155 84.534 310.059 313.416 234.833 165.71 16.785 354.004 -4989.014 114.746 62.103 -112.152 17.395 -9.308 664.978 68.512 244.904 259.705 164.185 -666.199 137.634 36.774 90.332 108.49 70.801 2510.834 2288.818 实验室 1 074
4438940 4839 2025/12/24 11:15:06 P18 0 0 0 0 0 0 0 78.278 175.629 707.092 14.191 219.116 130.615 3782.654 32.349 -72.327 865.021 -17.7 140.839 176.697 84.229 309.753 312.805 234.07 165.863 16.785 353.699 -4988.861 163.574 65.308 -113.525 17.853 -8.85 664.063 67.902 244.751 258.484 165.1 -662.842 137.94 37.079 101.013 105.896 69.275 2512.054 2286.987 实验室 1 074
4438941 4839 2025/12/24 11:15:07 P18 0 0 0 0 0 0 0 78.278 175.629 707.092 14.191 219.116 130.615 3782.654 32.349 -72.327 865.021 -17.7 140.839 176.697 84.229 309.753 312.805 234.07 165.863 16.785 353.699 -4988.861 163.574 65.308 -113.525 17.853 -8.85 664.063 67.902 244.751 258.484 165.1 -662.842 137.94 37.079 101.013 105.896 69.275 2512.054 2286.987 实验室 1 074
4438942 4839 2025/12/24 11:15:08 P18 0 0 0 0 0 0 0 77.667 174.255 705.872 15.564 219.116 131.226 3780.975 11.444 -46.844 871.429 -17.09 139.16 177.307 84.076 310.822 312.805 235.138 165.1 17.395 353.241 -4988.251 163.879 61.646 -104.523 17.7 -9.613 664.063 67.749 244.141 258.637 162.659 -663.147 137.482 36.316 93.536 103.607 60.425 2511.749 2292.786 实验室 1 074
4438943 4839 2025/12/24 11:15:09 P18 0 0 0 0 0 0 0 77.972 173.645 705.261 12.512 218.353 130.463 3782.654 34.943 23.193 869.293 -17.548 141.296 177.307 84.076 309.906 313.721 233.917 165.71 17.853 354.462 -4990.54 155.182 68.97 -65.46 18.463 -9.308 663.605 67.749 243.378 258.026 170.136 -662.689 137.482 38.147 86.67 104.828 69.885 2511.444 2290.802 实验室 1 074
4438944 4839 2025/12/24 11:15:10 P18 0 0 0 0 0 0 0 77.515 174.561 706.177 14.191 218.964 131.073 3780.823 7.324 1.678 865.479 -17.242 140.839 176.392 83.618 308.685 312.958 234.375 166.168 17.09 353.546 -4989.166 135.803 60.73 -89.111 17.395 -9.46 662.384 67.902 243.683 258.637 163.422 -662.384 137.482 37.231 103.607 110.016 67.291 2510.529 2290.192 实验室 1 074
4438945 4839 2025/12/24 11:15:11 P18 0 0 0 0 0 0 0 77.82 174.408 705.109 14.343 218.658 130.158 3780.518 12.817 -31.738 868.53 -17.09 140.991 176.849 83.16 309.906 312.958 233.917 165.558 17.242 354.157 -4987.641 144.196 61.493 -135.498 16.937 -9.46 662.537 68.207 243.53 258.789 161.896 -662.842 137.024 37.079 99.335 107.422 69.885 2510.986 2286.835 实验室 1 074
4438946 4839 2025/12/24 11:15:12 P18 0 0 0 0 0 0 0 77.515 174.103 704.346 14.648 218.811 129.852 3782.959 36.774 -105.133 861.054 -17.853 141.296 176.849 83.313 310.669 313.568 232.849 166.016 17.395 353.546 -4988.251 169.22 59.662 -151.825 17.853 -9.003 661.621 67.902 243.53 258.789 163.269 -662.842 136.871 36.926 98.877 103.455 73.395 2511.902 2290.192 实验室 1 074
4438947 4839 2025/12/24 11:15:13 P18 0 0 0 0 0 0 0 78.43 175.324 705.872 14.343 218.811 130.768 3781.586 42.725 -97.504 868.225 -16.937 140.381 176.239 83.618 309.601 313.721 233.917 166.321 16.632 353.088 -4989.472 157.166 62.256 -147.705 17.853 -9.308 661.163 68.512 243.073 258.026 160.98 -661.926 137.177 36.926 100.403 109.711 64.545 2512.207 2293.701 实验室 1 074
4438948 4839 2025/12/24 11:15:14 P18 0 0 0 0 0 0 0 78.735 174.408 703.888 15.411 218.201 131.073 3780.823 46.234 -68.359 868.53 -17.7 140.381 177.46 83.923 309.753 313.263 233.307 165.71 16.479 353.699 -4990.234 187.225 61.646 -155.029 18.768 -9.766 659.18 67.749 242.767 257.416 162.659 -664.063 137.482 36.621 101.471 108.185 72.937 2511.444 2290.802 实验室 1 074
4438949 4839 2025/12/24 11:15:15 P18 0 0 0 0 0 0 0 77.972 174.255 704.041 14.801 218.353 131.226 3782.043 41.046 26.245 863.342 -17.7 140.533 176.849 83.16 310.211 313.263 233.612 166.016 16.937 353.241 -4987.488 179.291 62.866 -162.506 18.158 -9.155 660.553 67.596 242.31 257.568 160.98 -661.926 136.871 36.926 106.201 108.185 73.242 2510.376 2290.344 实验室 1 074
4438950 4839 2025/12/24 11:15:16 P18 0 0 0 0 0 0 0 77.82 174.561 703.735 14.801 217.743 130.768 3782.043 6.714 39.978 867.462 -17.395 140.076 177.155 83.008 309.753 313.873 232.697 165.253 16.632 353.241 -4990.082 194.855 60.73 -134.277 17.395 -8.545 659.943 68.054 242.31 256.958 164.032 -656.586 137.177 37.231 103.912 106.201 69.275 2510.681 2290.344 实验室 1 074
4438951 4839 2025/12/24 11:15:17 P18 0 0 0 0 0 0 0 78.125 175.018 702.82 14.954 218.201 130.31 3782.349 -27.924 -13.733 864.563 -17.395 139.618 176.697 83.313 309.906 313.721 232.849 165.253 16.632 353.394 -4989.929 194.092 64.545 -126.801 17.395 -10.376 659.79 67.902 242.31 256.958 163.269 -662.079 137.482 36.316 97.809 107.422 70.343 2511.902 2289.581 实验室 1 074
4438952 4839 2025/12/24 11:15:18 P18 0 0 0 0 0 0 0 77.667 173.798 702.82 14.801 217.438 132.294 3781.128 29.755 -2.747 849.304 -17.7 140.991 176.697 83.313 310.211 313.568 231.781 165.863 16.632 353.699 -4987.793 185.7 60.73 -139.923 18.005 -9.155 658.417 66.071 242.615 257.416 162.659 -661.316 136.414 37.079 101.318 103.149 66.376 2512.054 2289.276 实验室 1 074
4438953 4839 2025/12/24 11:15:19 P18 0 0 0 0 0 0 0 77.972 175.018 702.362 14.801 217.438 129.7 3782.349 34.943 3.51 850.678 -16.937 140.228 176.392 82.855 309.753 314.484 231.628 165.71 17.09 353.394 -4989.014 183.563 60.425 -144.501 17.548 -9.46 658.112 68.054 241.089 256.958 160.828 -662.537 136.261 37.079 101.013 102.997 71.259 2511.902 2289.124 实验室 1 074
4438954 4839 2025/12/24 11:15:20 P18 0 0 0 0 0 0 0 77.515 175.476 701.904 14.496 217.59 130.005 3781.586 32.654 -1.984 856.323 -16.785 140.228 176.239 82.703 309.753 313.721 231.628 169.067 16.937 352.936 -4988.861 196.686 60.73 -174.713 17.395 -9.155 657.044 68.665 241.547 256.043 162.048 -661.469 136.414 36.774 103.912 109.406 72.174 2510.376 2289.276 实验室 1 074
4438955 4839 2025/12/24 11:15:21 P18 0 0 0 0 0 0 0 77.667 175.018 702.515 16.022 217.896 130.463 3781.281 23.956 -53.101 846.863 -17.395 140.076 176.544 82.55 310.059 314.331 231.171 165.558 16.937 353.546 -4991.455 193.024 64.24 -155.64 17.395 -9.613 657.196 67.291 241.242 256.348 162.048 -662.689 136.108 36.926 101.929 102.844 70.19 2512.054 2289.124 实验室 1 074
4438956 4839 2025/12/24 11:15:22 P18 0 0 0 0 0 0 0 77.515 173.645 702.057 14.648 217.59 130.31 3783.417 34.637 -19.989 859.375 -17.7 139.008 176.849 82.55 309.906 314.789 230.713 165.558 16.937 353.851 -4991.303 218.201 61.188 -124.207 18.463 -9.308 655.823 66.986 241.089 255.737 162.964 -670.013 135.651 37.384 105.591 113.831 73.242 2512.054 2290.039 实验室 1 074
4438957 4839 2025/12/24 11:15:23 P18 0 0 0 0 0 0 0 77.972 174.561 701.599 14.648 216.827 128.937 3780.823 22.736 43.03 857.086 -18.158 139.618 176.849 82.55 309.601 314.636 230.866 166.168 16.937 352.783 -4991.607 186.157 62.256 -120.392 17.7 -9.613 655.823 67.291 241.547 256.195 160.675 -662.079 136.261 37.231 98.114 106.812 70.801 2511.749 2289.581 实验室 1 074
4438958 4839 2025/12/24 11:15:24 P18 0 0 0 0 0 0 0 75.531 174.408 701.141 14.801 217.133 129.242 3780.67 43.03 107.727 863.342 -18.158 138.702 176.544 82.55 308.991 314.331 230.866 165.558 16.022 353.088 -4989.319 175.934 62.561 -140.076 16.937 -9.155 655.212 67.291 240.631 255.432 162.048 -662.689 136.261 36.774 96.13 106.659 70.496 2511.597 2289.429 实验室 1 074
4438959 4839 2025/12/24 11:15:25 P18 0 0 0 0 0 0 0 77.515 174.561 701.294 15.564 217.133 129.242 3781.586 28.687 210.724 856.018 -17.7 139.923 176.544 82.55 309.753 314.026 230.255 166.321 16.479 352.936 -4989.319 196.838 62.103 -129.089 17.242 -9.308 655.823 66.681 240.936 255.432 161.438 -661.926 135.803 36.163 103.455 110.321 70.496 2512.817 2290.192 实验室 1 074
4438960 4839 2025/12/24 11:15:26 P18 0 0 0 0 0 0 0 78.125 175.018 700.684 14.648 217.59 130.31 3781.738 10.071 145.569 857.239 -17.242 139.313 176.392 82.245 309.296 314.331 230.713 165.253 16.632 352.478 -4991.607 178.223 58.899 -106.659 17.7 -9.155 654.907 67.291 240.021 254.822 161.438 -661.469 135.498 36.469 103.912 108.337 70.038 2511.597 2291.107 实验室 1 074
4438961 4839 2025/12/24 11:15:27 P18 0 0 0 0 0 0 0 77.515 174.866 700.531 14.648 216.675 129.395 3781.891 70.953 -58.289 867.92 -17.7 139.465 177.46 82.397 309.906 315.247 230.408 164.49 17.09 353.546 -4990.54 190.582 61.951 -101.013 17.7 -9.613 653.687 66.223 239.41 254.669 162.354 -662.537 135.346 37.689 108.337 111.542 69.427 2512.207 2289.734 实验室 1 074
4438962 4839 2025/12/24 11:15:28 P18 0 0 0 0 0 0 0 77.667 174.561 700.531 15.259 216.522 130.31 3783.264 21.515 -74.463 868.073 -17.09 138.397 176.697 81.482 310.364 314.179 229.797 165.253 15.869 353.088 -4990.082 185.7 62.866 -86.06 18.158 -10.376 652.771 67.139 239.41 254.364 161.591 -662.537 135.651 36.621 101.471 104.065 68.359 2512.36 2290.344 实验室 1 074
4438963 4839 2025/12/24 11:15:29 P18 0 0 0 0 0 0 0 78.125 174.561 699.463 15.106 216.98 131.073 3780.212 54.321 -105.133 860.901 -18.158 138.397 176.697 81.94 309.753 313.568 230.103 165.253 15.869 353.088 -4992.371 164.795 59.814 -75.684 17.853 -9.308 652.618 67.139 239.258 254.364 161.743 -661.926 135.498 36.621 100.25 113.068 69.733 2509.918 2289.886 实验室 1 074
4438964 4839 2025/12/24 11:15:30 P18 0 0 0 0 0 0 0 78.43 174.866 698.853 14.496 216.98 131.073 3781.891 -3.967 -33.569 844.879 -17.853 138.702 175.934 82.245 309.448 314.331 229.797 165.253 16.174 352.173 -4987.488 148.926 63.782 -80.872 17.242 -9.003 651.093 66.986 238.953 253.906 163.117 -662.689 135.803 36.316 108.49 108.49 59.967 2512.207 2289.734 实验室 1 074
4438965 4839 2025/12/24 11:15:31 P18 0 0 0 0 0 0 0 78.278 175.629 697.784 14.954 217.133 129.852 3782.349 33.417 -49.744 870.819 -17.395 138.55 176.239 82.55 308.685 314.179 229.797 165.71 15.869 352.478 -4990.845 160.828 64.545 -91.553 17.7 -9.155 652.008 67.291 239.105 254.974 160.828 -660.706 135.498 36.469 106.506 104.675 70.496 2511.444 2294.006 实验室 1 074
4438966 4839 2025/12/24 11:15:32 P18 0 0 0 0 0 0 0 77.972 174.103 698.09 14.954 216.98 129.7 3781.738 71.106 32.043 861.054 -17.853 139.008 176.392 82.245 307.77 314.179 228.729 164.795 16.632 352.631 -4988.556 181.885 61.34 -98.724 17.853 -10.071 651.703 66.681 238.8 254.059 161.591 -665.741 135.193 37.384 99.335 111.237 64.697 2511.749 2284.851 实验室 1 074
4438967 4839 2025/12/24 11:15:33 P18 0 0 0 0 0 0 0 77.057 175.171 697.327 15.564 215.912 129.7 3781.891 5.493 68.665 863.342 -17.7 138.245 176.086 82.397 309.448 315.094 229.34 165.71 16.174 352.631 -4988.403 192.413 62.256 -86.517 17.242 -9.308 650.635 66.834 238.342 253.143 161.285 -666.046 135.04 36.469 98.267 102.692 67.444 2512.054 2290.039 实验室 1 074
4438968 4839 2025/12/24 11:15:34 P18 0 0 0 0 0 0 0 78.278 174.561 698.547 15.564 216.522 129.547 3781.128 36.316 -7.324 859.985 -17.853 138.245 176.086 81.329 309.601 314.484 228.882 165.405 16.632 353.088 -4988.708 164.032 62.256 -70.953 20.905 -9.46 650.33 66.223 238.495 253.143 160.217 -661.011 135.04 36.316 92.163 101.318 69.58 2510.986 2284.851 实验室 1 074
4438969 4839 2025/12/24 11:15:35 P18 0 0 0 0 0 0 0 77.515 174.561 697.632 14.496 216.37 129.7 3779.907 27.618 31.281 842.438 -18.311 138.092 177.002 81.94 310.059 314.789 228.272 165.253 15.411 353.699 -4990.54 139.16 59.204 -50.049 18.158 -9.766 649.262 66.223 238.495 252.991 159.76 -665.894 134.888 37.231 98.419 108.337 69.58 2510.834 2289.734 实验室 1 074
4438970 4839 2025/12/24 11:15:36 P18 0 0 0 0 0 0 0 77.515 174.561 697.632 14.496 216.37 129.7 3779.907 27.618 31.281 842.438 -18.311 138.092 177.002 81.94 310.059 314.789 228.272 165.253 15.411 353.699 -4990.54 139.16 59.204 -50.049 18.158 -9.766 649.262 66.223 238.495 252.991 159.76 -665.894 134.888 37.231 98.419 108.337 69.58 2510.834 2289.734 实验室 1 074
4438971 4839 2025/12/24 11:15:37 P18 0 0 0 0 0 0 0 78.43 175.781 697.479 14.191 216.217 130.005 3780.67 10.529 -8.24 854.34 -18.311 137.024 175.018 80.872 309.601 314.484 227.966 165.863 16.785 352.478 -4991.303 141.449 59.814 -90.332 17.548 -8.392 649.414 67.749 237.579 252.228 159.302 -664.825 135.193 36.469 93.384 101.776 72.632 2511.292 2289.581 实验室 1 074
4438972 4839 2025/12/24 11:15:38 P18 0 0 0 0 0 0 0 78.125 174.713 697.022 15.411 215.912 129.852 3782.501 1.221 0.153 863.648 -18.311 137.94 175.934 81.94 309.448 314.789 227.509 165.405 15.869 352.631 -4987.641 154.419 63.171 -92.773 17.242 -8.24 648.193 66.528 237.579 253.143 161.285 -664.978 135.498 36.316 95.825 102.539 68.665 2512.512 2290.497 实验室 1 074
4438973 4839 2025/12/24 11:15:39 P18 0 0 0 0 0 0 0 77.82 174.408 696.259 14.496 216.98 130.158 3783.112 16.479 -36.316 859.528 -17.7 138.092 175.934 82.092 309.753 314.789 228.119 164.948 17.09 352.631 -4989.014 164.185 61.646 -87.891 17.548 -9.613 646.973 66.071 237.579 252.38 161.743 -664.673 134.277 37.079 100.708 105.896 71.259 2511.597 2289.429 实验室 1 074
4438974 4839 2025/12/24 11:15:40 P18 0 0 0 0 0 0 0 77.667 174.713 698.242 16.022 216.675 129.852 3781.738 76.599 84.381 879.364 -17.7 138.092 175.934 80.261 309.448 314.636 227.661 165.558 16.479 352.783 -4989.319 410.614 64.087 -62.256 17.242 -9.918 647.583 65.918 237.122 252.991 162.354 -665.741 134.125 37.231 108.49 110.169 73.395 2511.597 2290.955 实验室 1 074
4438975 4839 2025/12/24 11:15:41 P18 0 0 0 0 0 0 0 77.82 175.476 696.106 14.954 216.98 129.395 3780.67 79.346 196.991 873.261 -17.09 137.94 175.934 81.329 309.601 314.331 227.509 166.016 16.022 352.783 -4988.556 550.232 60.73 -45.624 16.937 -9.613 646.82 67.749 236.969 252.075 161.743 -665.131 134.43 36.316 110.016 109.253 66.528 2510.681 2290.039 实验室 1 074
4438976 4839 2025/12/24 11:15:42 P18 0 0 0 0 0 0 0 78.125 175.171 695.496 15.411 215.912 128.937 3780.823 50.507 275.726 875.397 -17.242 138.245 176.086 81.787 309.143 315.094 226.593 165.558 16.327 352.02 -4987.03 596.161 67.291 -48.065 17.09 -9.308 646.057 66.223 236.969 252.075 161.743 -664.825 134.888 36.926 105.591 105.133 69.58 2510.986 2286.377 实验室 1 074
4438977 4839 2025/12/24 11:15:43 P18 0 0 0 0 0 0 0 77.82 174.866 695.801 14.954 215.912 129.7 3780.67 30.212 246.277 865.936 -17.395 137.787 176.086 80.872 309.601 314.636 226.44 165.558 15.869 353.241 -4989.319 624.39 61.646 -14.343 17.548 -9.613 646.362 66.528 236.816 251.617 161.743 -666.046 133.972 36.011 116.425 105.591 62.408 2510.986 2289.581 实验室 1 074
4438978 4839 2025/12/24 11:15:44 P18 0 0 0 0 0 0 0 77.82 175.018 696.106 14.648 215.302 129.852 3780.67 3.51 191.803 869.141 -18.005 137.177 175.324 81.482 310.059 314.941 226.898 165.1 16.174 352.936 -4988.098 628.815 58.441 -37.231 17.853 -9.918 645.294 66.223 236.511 251.77 162.048 -664.368 134.277 36.011 117.493 105.591 70.343 2511.292 2291.107 实验室 1 074
4438979 4839 2025/12/24 11:15:45 P18 0 0 0 0 0 0 0 77.515 175.476 694.885 14.648 216.217 129.852 3780.365 19.836 190.125 855.103 -17.242 136.871 175.171 81.177 308.838 314.331 227.051 165.863 16.174 352.478 -4990.387 614.014 61.493 -28.687 16.937 -9.613 645.752 66.376 236.359 251.617 161.438 -665.131 134.125 35.095 113.373 111.389 69.885 2511.444 2288.513 实验室 1 074
4438980 4839 2025/12/24 11:15:46 P18 0 0 0 0 0 0 0 78.583 174.103 695.648 15.869 216.217 130.615 3779.907 31.433 122.07 879.669 -17.395 137.329 176.239 81.787 309.753 315.247 226.44 165.558 16.327 352.325 -4991.303 559.692 64.24 -53.101 17.09 -9.155 643.616 66.071 235.901 251.465 159.149 -665.131 134.735 34.943 106.354 101.166 74.463 2510.376 2289.429 实验室 1 074
4438981 4839 2025/12/24 11:15:47 P18 0 0 0 0 0 0 0 77.515 175.018 693.817 14.496 214.844 129.242 3781.738 -6.104 133.972 850.067 -17.7 137.177 175.629 80.414 309.448 315.399 225.83 165.558 16.479 352.631 -4989.166 518.189 63.324 -48.828 17.242 -9.766 643.616 66.528 236.054 251.465 163.269 -665.131 133.362 36.621 114.746 109.1 69.122 2510.986 2290.955 实验室 1 074
4438982 4839 2025/12/24 11:15:48 P18 0 0 0 0 0 0 0 77.362 174.713 694.733 14.801 212.708 128.784 3780.212 1.526 39.673 867.157 -17.548 137.94 175.781 80.566 309.296 318.604 225.983 165.253 15.869 352.478 -4988.556 525.055 64.24 -80.719 16.937 -10.071 644.074 65.002 236.054 251.16 162.964 -665.283 133.82 36.926 107.422 109.711 68.054 2510.986 2292.328 实验室 1 074
4438983 4839 2025/12/24 11:15:49 P18 0 0 0 0 0 0 0 77.82 174.713 694.122 14.954 216.065 129.395 3780.823 32.349 -29.449 872.955 -17.853 137.94 175.934 80.719 309.906 314.789 225.22 165.558 15.869 352.173 -4991.303 477.448 62.408 -63.019 16.632 -10.529 642.548 66.376 235.443 250.855 161.285 -665.588 134.43 35.858 107.575 104.065 66.681 2512.054 2285.156 实验室 1 074
4438984 4839 2025/12/24 11:15:50 P18 0 0 0 0 0 0 0 77.667 174.408 693.359 14.648 215.302 129.089 3781.128 14.496 -34.027 865.936 -13.886 136.871 175.781 80.719 308.991 315.247 225.678 166.321 15.717 352.783 -4988.708 483.856 62.866 -47.76 16.479 -10.376 641.327 66.071 234.985 250.397 161.438 -664.978 133.514 35.858 94.452 104.675 66.834 2511.139 2290.955 实验室 1 074
4438985 4839 2025/12/24 11:15:51 P18 0 0 0 0 0 0 0 77.209 175.324 692.596 13.886 215.149 129.547 3780.212 17.242 -66.223 871.582 -17.7 136.719 176.392 80.109 309.143 315.399 225.83 165.1 16.174 352.631 -4988.861 461.884 49.744 6.561 16.785 -9.155 642.09 66.223 234.833 250.549 160.98 -665.894 134.277 35.858 94.757 105.896 68.665 2511.597 2287.445 实验室 1 074
4438986 4839 2025/12/24 11:15:52 P18 0 0 0 0 0 0 0 78.125 174.866 692.902 13.886 215.607 129.395 3782.196 57.068 -124.207 866.547 -17.853 137.329 175.476 80.872 308.991 315.552 225.372 165.253 16.632 352.173 -4989.166 487.518 63.171 -15.259 17.09 -9.918 641.785 66.071 235.138 250.092 161.133 -665.436 133.82 36.316 115.051 106.354 68.817 2512.054 2290.039 实验室 1 074
4438987 4839 2025/12/24 11:15:53 P18 0 0 0 0 0 0 0 77.82 175.171 691.834 14.648 214.691 128.632 3780.975 -17.548 31.738 866.547 -17.242 137.482 175.934 80.414 308.991 315.399 224.915 165.558 17.09 352.631 -4991.76 452.728 62.408 -60.12 17.853 -9.46 640.717 65.613 235.596 251.16 161.896 -664.825 133.362 36.163 107.88 108.643 73.547 2511.139 2290.039 实验室 1 074
4438988 4839 2025/12/24 11:15:54 P18 0 0 0 0 0 0 0 77.667 175.476 692.139 14.648 214.844 129.7 3781.586 25.94 31.433 853.424 -18.158 137.024 175.629 80.414 309.448 315.399 224.915 165.558 16.327 352.325 -4988.556 462.647 60.883 -66.528 16.479 -9.308 640.259 66.071 235.443 250.244 162.811 -664.978 132.904 36.926 106.049 107.422 69.58 2511.749 2290.039 实验室 1 074
4438989 4839 2025/12/24 11:15:55 P18 0 0 0 0 0 0 0 78.125 175.018 692.902 14.343 214.844 129.089 3781.738 0.61 -12.97 859.985 -17.7 136.261 176.239 80.109 309.906 315.399 225.067 165.558 15.717 352.936 -4988.403 458.069 58.594 -68.054 17.242 -9.155 639.038 65.46 234.07 249.481 162.659 -665.131 133.514 36.163 108.032 108.948 69.58 2512.054 2291.26 实验室 1 074
4438990 4839 2025/12/24 11:15:56 P18 0 0 0 0 0 0 0 78.125 175.934 691.681 15.259 214.996 128.784 3780.67 22.736 39.978 861.359 -17.7 136.414 175.476 80.261 308.991 315.399 224.762 165.558 16.785 352.783 -4989.624 458.527 60.883 -49.438 17.09 -9.308 640.411 66.071 234.985 249.176 161.591 -663.757 133.057 35.706 105.438 101.929 70.648 2511.444 2291.565 实验室 1 074
4438991 4839 2025/12/24 11:15:57 P18 0 0 0 0 0 0 0 77.667 175.171 691.834 14.801 214.539 129.852 3780.518 41.199 6.256 851.44 -17.395 137.024 175.781 79.651 309.296 314.941 224.609 165.1 16.479 352.478 -4988.403 449.982 63.019 -45.624 16.174 -9.766 638.733 66.376 234.833 250.549 161.133 -663.757 133.362 37.384 101.624 103.302 64.392 2511.749 2290.955 实验室 1 074
4438992 4839 2025/12/24 11:15:58 P18 0 0 0 0 0 0 0 77.972 175.476 690.308 14.191 215.607 128.784 3780.67 21.057 -13.275 856.323 -16.937 136.108 176.544 79.498 309.296 315.552 224.152 165.253 15.869 352.631 -4989.014 432.739 61.035 2.136 16.632 -10.071 639.038 65.918 235.291 248.871 159.607 -662.842 133.362 35.858 99.03 105.743 71.564 2512.97 2289.124 实验室 1 074
4438993 4839 2025/12/24 11:15:59 P18 0 0 0 0 0 0 0 77.667 175.781 691.223 14.496 215.149 128.784 3782.043 47.455 -25.33 862.885 -17.7 136.108 175.781 79.956 309.601 316.467 225.067 165.71 16.174 351.868 -4988.708 397.644 63.934 -21.362 16.174 -9.766 638.123 66.376 233.917 248.718 158.997 -662.689 133.057 36.316 96.13 99.945 67.596 2511.749 2288.513 实验室 1 074
4438994 4839 2025/12/24 11:16:00 P18 0 0 0 0 0 0 0 77.667 175.324 690.155 14.648 215.607 128.937 3782.654 53.558 -9.918 848.389 -17.242 136.261 175.324 80.261 308.838 316.01 223.694 166.321 16.937 352.478 -4990.54 410.614 62.256 4.425 17.242 -9.46 637.817 66.376 233.917 249.481 156.403 -663.147 132.752 36.469 92.011 107.422 66.834 2511.292 2291.26 实验室 1 074
4438995 4839 2025/12/24 11:16:01 P18 0 0 0 0 0 0 0 77.667 175.934 690.155 14.038 214.691 129.7 3781.586 48.065 -44.556 858.307 -16.785 136.871 175.629 80.109 309.753 316.01 223.846 165.558 16.174 352.325 -4990.845 424.957 61.646 21.362 16.785 -10.071 637.817 66.376 234.375 249.329 157.776 -663.147 132.446 36.163 84.839 105.743 69.58 2512.817 2288.208 实验室 1 074
4438996 4839 2025/12/24 11:16:02 P18 0 0 0 0 0 0 0 77.972 175.171 690.308 15.106 214.386 128.479 3781.433 8.85 -127.106 855.713 -17.548 136.566 175.476 79.041 309.296 315.704 224.304 165.71 16.174 352.478 -4989.776 425.568 64.087 23.193 16.785 -10.376 637.207 66.223 233.612 248.718 157.013 -663.452 132.446 35.858 91.248 101.776 71.716 2511.902 2289.734 实验室 1 074
4438997 4839 2025/12/24 11:16:03 P18 0 0 0 0 0 0 0 78.888 175.324 689.24 16.022 214.691 129.395 3779.755 19.836 -120.392 859.528 -17.7 135.803 175.781 79.956 309.296 315.552 223.694 165.558 16.327 351.563 -4991.607 414.581 61.188 2.747 16.937 -8.85 636.139 65.002 233.154 248.261 155.792 -662.842 133.362 35.553 81.94 100.861 72.021 2511.597 2290.344 实验室 1 074
4438998 4839 2025/12/24 11:16:04 P18 0 0 0 0 0 0 0 77.515 175.171 689.392 13.733 214.233 129.395 3781.891 31.738 -59.967 858.154 -17.395 136.108 175.629 79.498 308.838 315.399 223.236 166.016 16.785 352.173 -4988.708 408.02 61.035 8.698 17.09 -9.766 635.834 65.765 233.612 249.023 156.555 -662.994 132.599 36.163 88.196 104.981 69.275 2511.902 2283.173 实验室 1 074
4438999 4839 2025/12/24 11:16:05 P18 0 0 0 0 0 0 0 78.125 175.171 689.697 14.648 213.928 129.242 3782.654 9.46 -31.891 857.086 -16.785 135.956 175.781 79.193 308.991 315.399 223.236 166.321 15.259 351.715 -4989.319 391.846 63.477 8.392 16.174 -9.918 635.529 65.308 233.917 248.413 157.471 -662.842 132.599 35.706 95.52 104.675 70.038 2512.512 2290.497 实验室 1 074
4439000 4839 2025/12/24 11:16:06 P18 0 0 0 0 0 0 0 77.82 175.018 689.24 15.259 215.149 128.784 3782.654 28.534 -70.648 860.291 -17.7 135.651 175.324 79.498 309.296 316.162 222.626 165.71 16.632 352.478 -4988.861 360.565 61.951 28.992 17.242 -9.613 633.698 65.613 233.612 247.65 157.929 -664.52 132.294 36.011 94.452 102.539 69.275 2511.749 2293.549 实验室 1 074
4439001 4839 2025/12/24 11:16:07 P18 0 0 0 0 0 0 0 77.82 175.171 688.934 14.343 213.928 128.632 3782.959 33.264 52.948 857.849 -18.158 135.498 175.781 79.498 309.143 316.315 222.473 166.168 14.648 352.173 -4987.641 336.762 59.662 19.684 16.479 -8.85 634.613 66.376 232.391 247.498 158.386 -664.825 132.904 35.858 90.942 110.474 68.97 2512.36 2288.361 实验室 1 074
4439002 4839 2025/12/24 11:16:08 P18 0 0 0 0 0 0 0 77.82 175.171 688.934 14.343 213.928 128.632 3782.959 33.264 52.948 857.849 -18.158 135.498 175.781 79.498 309.143 316.315 222.473 166.168 14.648 352.173 -4987.641 336.762 59.662 19.684 16.479 -8.85 634.613 66.376 232.391 247.498 158.386 -664.825 132.904 35.858 90.942 110.474 68.97 2512.36 2288.361 实验室 1 074
4439003 4839 2025/12/24 11:16:09 P18 0 0 0 0 0 0 0 77.209 174.866 688.324 15.106 213.776 128.632 3781.128 34.18 54.932 848.236 -17.853 135.04 175.018 79.651 309.753 315.552 222.626 165.405 16.174 351.563 -4988.098 319.061 63.477 41.351 16.327 -9.46 633.698 65.155 232.086 247.955 158.234 -663.757 131.683 35.4 91.248 100.708 70.19 2510.834 2289.734 实验室 1 074
4439004 4839 2025/12/24 11:16:10 P18 0 0 0 0 0 0 0 77.972 174.713 688.171 15.106 214.081 128.632 3782.349 38.3 57.22 850.983 -18.311 134.888 177.307 80.109 308.533 316.162 223.084 165.558 15.869 351.41 -4992.828 330.353 63.019 27.008 16.937 -8.85 633.392 65.613 231.781 247.345 159.607 -663.91 132.599 35.706 98.267 98.877 71.869 2511.597 2290.192 实验室 1 074
4439005 4839 2025/12/24 11:16:11 P18 0 0 0 0 0 0 0 77.362 175.476 688.171 15.564 213.776 128.937 3781.738 25.482 74.463 854.034 -18.463 135.803 176.697 78.583 309.296 316.315 222.321 164.642 15.717 352.02 -4988.251 313.568 61.798 25.482 16.479 -9.613 632.935 65.002 231.476 247.192 161.285 -663.3 132.446 35.248 105.591 103.912 72.327 2512.207 2291.565 实验室 1 074
4439006 4839 2025/12/24 11:16:12 P18 0 0 0 0 0 0 0 78.278 175.324 687.408 15.564 213.928 128.021 3779.907 67.139 24.414 858.917 -17.853 134.735 174.713 79.651 308.991 315.704 222.321 165.405 15.717 351.715 -4988.556 274.2 61.951 13.428 17.09 -9.308 632.782 64.697 231.628 246.429 158.539 -663.147 132.599 35.095 97.351 103.607 68.97 2510.223 2289.581 实验室 1 074
4439007 4839 2025/12/24 11:16:13 P18 0 0 0 0 0 0 0 77.82 175.324 686.798 14.343 214.233 128.937 3781.586 -11.749 -28.687 846.558 -17.548 135.193 175.476 78.888 308.838 316.162 222.321 166.168 16.022 351.715 -4988.861 327.759 62.408 23.956 16.785 -11.139 632.935 65.765 231.781 246.582 157.776 -662.994 131.531 35.553 105.133 105.591 90.637 2510.834 2289.276 实验室 1 074
4439008 4839 2025/12/24 11:16:14 P18 0 0 0 0 0 0 0 77.667 175.476 687.408 14.648 213.013 128.326 3782.501 42.725 -34.637 853.882 -18.158 135.193 175.324 79.346 309.448 315.552 221.71 165.1 15.869 352.783 -4989.472 292.206 59.357 55.542 17.548 -10.223 631.104 64.85 231.628 246.735 157.471 -663.452 131.226 35.706 88.959 106.659 68.359 2511.902 2289.734 实验室 1 074
4439009 4839 2025/12/24 11:16:15 P18 0 0 0 0 0 0 0 76.904 175.324 687.256 14.496 213.165 128.174 3780.67 25.787 -18.463 860.291 -21.973 135.04 175.018 79.346 309.448 316.162 221.558 165.253 16.022 352.478 -4988.251 314.026 63.477 54.626 17.395 -9.613 631.714 65.002 230.866 245.819 160.675 -663.3 131.836 35.553 93.536 110.016 68.97 2510.986 2290.802 实验室 1 074
4439010 4839 2025/12/24 11:16:16 P18 0 0 0 0 0 0 0 78.583 175.324 685.73 14.954 213.623 128.021 3781.281 39.825 216.217 854.645 -17.09 134.43 175.781 78.583 309.601 315.704 221.558 165.405 16.327 351.563 -4988.708 292.664 62.408 57.678 16.327 -9.918 630.493 64.697 230.866 246.429 156.555 -664.368 131.683 35.553 95.215 109.1 70.801 2511.902 2289.581 实验室 1 074
4439011 4839 2025/12/24 11:16:17 P18 0 0 0 0 0 0 0 78.125 175.781 686.34 14.801 213.776 127.411 3780.212 0 243.53 846.252 -17.09 135.803 175.171 79.346 307.922 315.857 221.405 165.863 16.327 351.105 -4989.166 302.734 59.662 37.231 16.327 -10.681 631.104 64.545 230.713 246.124 159.76 -663.3 131.989 36.011 92.468 108.49 67.444 2511.597 2291.26 实验室 1 074
4439012 4839 2025/12/24 11:16:18 P18 0 0 0 0 0 0 0 78.125 175.018 685.425 15.259 213.623 127.869 3780.212 74.005 269.47 845.184 -17.7 134.735 175.171 79.041 309.448 316.162 221.252 165.253 15.869 351.868 -4991.455 306.549 61.646 27.008 17.09 -8.85 629.73 64.24 230.408 245.667 158.386 -662.689 132.446 35.4 100.403 104.37 68.97 2511.444 2289.429 实验室 1 074
4439013 4839 2025/12/24 11:16:19 P18 0 0 0 0 0 0 0 77.515 174.103 685.425 14.343 213.471 128.326 3780.518 8.24 186.31 855.408 -17.853 135.04 175.629 78.278 308.685 316.315 220.947 165.71 15.869 351.257 -4990.54 311.127 62.103 14.191 16.632 -9.918 628.967 64.697 229.95 245.972 156.25 -661.316 131.378 36.316 94.299 102.081 67.444 2511.597 2287.598 实验室 1 074
4439014 4839 2025/12/24 11:16:20 P18 0 0 0 0 0 0 0 77.515 176.239 685.272 14.343 213.623 128.632 3782.349 15.717 162.506 859.528 -17.548 134.43 175.324 78.735 308.533 316.01 221.558 165.253 15.717 351.41 -4991.455 255.737 58.289 75.989 17.09 -9.46 628.662 65.002 230.408 245.972 155.182 -662.994 131.226 37.231 102.844 104.37 72.327 2512.054 2289.886 实验室 1 074
4439015 4839 2025/12/24 11:16:21 P18 0 0 0 0 0 0 0 78.43 175.781 685.425 14.801 213.013 127.869 3780.518 1.526 204.468 851.44 -18.311 134.125 175.324 78.43 308.075 316.467 220.642 165.558 15.411 350.647 -4989.776 225.83 60.577 67.291 15.869 -9.766 628.357 64.697 229.645 245.514 157.166 -662.537 131.531 35.095 99.945 103.302 71.106 2514.191 2289.734 实验室 1 074
4439016 4839 2025/12/24 11:16:22 P18 0 0 0 0 0 0 0 78.43 175.171 684.815 14.343 212.86 128.784 3780.67 54.321 192.871 844.574 -17.7 134.735 175.781 78.735 309.143 316.62 221.1 165.71 15.869 350.494 -4991.15 232.849 63.782 58.746 17.548 -10.071 627.747 65.002 229.645 244.904 158.081 -663.3 131.226 35.706 95.52 105.591 68.817 2512.207 2290.802 实验室 1 074
4439017 4839 2025/12/24 11:16:23 P18 0 0 0 0 0 0 0 76.904 176.392 684.204 15.106 213.776 128.479 3780.518 40.894 224.915 846.863 -17.09 134.735 175.171 77.362 308.228 316.162 220.947 164.948 15.411 351.257 -4988.708 258.789 61.798 55.084 16.632 -10.223 628.052 64.697 230.866 245.056 158.081 -662.384 131.073 35.248 97.809 103.912 80.109 2511.139 2290.192 实验室 1 074
4439018 4839 2025/12/24 11:16:24 P18 0 0 0 0 0 0 0 77.362 176.239 684.815 15.411 212.708 128.632 3780.212 -1.526 94.757 847.626 -17.395 134.583 175.018 78.43 308.685 316.162 220.337 165.558 16.174 351.563 -4988.403 249.481 64.392 91.248 16.937 -9.613 626.984 64.85 229.187 244.598 158.539 -662.689 131.378 36.011 100.098 108.032 70.343 2510.986 2287.598 实验室 1 074
4439019 4839 2025/12/24 11:16:25 P18 0 0 0 0 0 0 0 77.667 175.629 683.594 14.954 212.86 128.784 3780.518 2.136 71.869 845.795 -18.616 134.583 175.171 78.735 308.38 316.467 220.032 165.71 16.174 351.257 -4990.234 224.915 61.188 73.395 16.479 -9.918 625.61 64.392 229.034 244.598 154.572 -662.842 130.768 36.163 102.387 111.237 68.97 2511.444 2294.312 实验室 1 074
4439020 4839 2025/12/24 11:16:26 P18 0 0 0 0 0 0 0 77.972 175.018 685.272 14.954 212.86 127.869 3780.823 22.583 30.212 842.59 -18.158 134.125 174.866 77.667 309.143 316.315 220.184 165.253 15.411 351.715 -4989.929 214.386 61.493 75.684 17.242 -9.918 625.916 64.087 228.577 243.835 157.623 -662.994 130.92 35.4 94.147 105.896 69.122 2510.986 2290.802 实验室 1 074
4439021 4839 2025/12/24 11:16:27 P18 0 0 0 0 0 0 0 77.362 175.781 684.052 14.648 212.555 128.326 3783.264 25.94 -3.51 848.236 -17.09 134.735 175.018 77.667 308.075 316.01 220.032 166.168 16.327 351.715 -4989.472 237.122 62.866 70.038 16.937 -9.918 625.916 65.002 229.645 245.209 157.318 -662.689 130.768 35.4 101.166 104.065 68.665 2513.428 2288.208 实验室 1 074
4439022 4839 2025/12/24 11:16:28 P18 0 0 0 0 0 0 0 77.82 175.324 683.899 14.648 212.708 128.326 3782.501 15.717 -15.564 853.882 -17.853 134.735 174.561 77.667 307.922 316.62 219.574 165.1 16.632 351.868 -4988.708 204.315 62.714 50.812 16.479 -10.681 625.61 64.85 229.034 244.293 156.403 -663.3 130.768 35.706 98.419 104.675 69.275 2512.817 2290.802 实验室 1 074
4439023 4839 2025/12/24 11:16:29 P18 0 0 0 0 0 0 0 77.972 175.171 683.289 14.801 210.571 127.869 3781.586 28.992 43.488 852.661 -18.158 133.972 175.018 78.43 308.838 316.162 219.269 165.405 16.174 350.8 -4987.641 237.122 62.256 63.324 16.022 -9.46 625.305 64.85 228.424 243.988 155.487 -663.91 130.768 35.553 109.406 105.743 70.801 2511.597 2291.412 实验室 1 074
4439024 4839 2025/12/24 11:16:30 P18 0 0 0 0 0 0 0 77.972 175.476 683.746 14.954 212.402 128.021 3781.128 35.858 142.365 853.882 -17.853 134.125 174.713 77.82 308.685 316.773 219.574 165.1 15.411 351.105 -4988.556 210.266 62.714 107.88 16.785 -9.46 624.542 64.545 228.577 243.835 158.234 -664.215 130.463 35.095 106.964 105.133 71.869 2511.139 2288.818 实验室 1 074
4439025 4839 2025/12/24 11:16:31 P18 0 0 0 0 0 0 0 77.972 176.544 682.678 14.801 213.165 128.174 3781.738 55.695 102.997 841.675 -17.09 133.82 174.103 77.515 308.838 316.315 219.727 165.71 15.717 351.41 -4990.845 164.185 62.714 121.155 16.632 -9.918 624.542 65.46 228.272 243.683 157.013 -662.994 130.615 35.4 95.062 106.506 66.528 2512.207 2286.682 实验室 1 074
4439026 4839 2025/12/24 11:16:32 P18 0 0 0 0 0 0 0 78.583 175.629 683.136 14.191 212.708 127.564 3782.349 -16.327 15.411 846.558 -17.395 133.667 176.392 77.209 308.533 316.467 219.421 165.405 15.564 350.952 -4988.861 156.25 63.019 133.972 16.479 -10.223 624.39 64.697 228.577 243.378 155.182 -662.384 130.463 35.095 99.487 108.185 70.038 2511.444 2290.344 实验室 1 074
4439027 4839 2025/12/24 11:16:33 P18 0 0 0 0 0 0 0 77.667 176.697 681.915 14.343 211.945 127.869 3781.281 8.698 -81.329 836.029 -18.005 134.277 175.171 77.82 308.075 316.467 219.727 164.948 15.411 351.563 -4991.303 137.177 60.577 104.37 16.022 -10.376 623.322 64.392 227.814 243.378 157.471 -663.605 130.463 35.095 101.624 104.675 72.327 2511.597 2292.48 实验室 1 074
4439028 4839 2025/12/24 11:16:34 P18 0 0 0 0 0 0 0 78.43 175.934 681.458 15.717 212.555 127.411 3782.043 15.717 -10.376 845.337 -17.242 133.82 174.866 77.362 308.533 316.467 219.269 165.863 15.564 351.105 -4991.607 131.531 60.12 103.76 16.174 -10.071 623.016 65.155 228.272 243.378 154.877 -662.384 130.31 34.943 97.198 103.76 69.122 2513.123 2293.243 实验室 1 074
4439029 4839 2025/12/24 11:16:35 P18 0 0 0 0 0 0 0 78.125 175.324 682.678 15.869 212.402 128.326 3781.433 69.885 50.964 849.762 -17.548 133.057 174.866 77.667 308.685 316.773 219.269 165.405 15.869 351.105 -4991.15 162.659 62.256 63.171 16.479 -10.376 622.559 63.934 227.814 242.767 155.487 -662.842 130.92 35.248 96.283 104.523 68.97 2511.749 2287.598 实验室 1 074
4439030 4839 2025/12/24 11:16:36 P18 0 0 0 0 0 0 0 77.362 176.086 681.305 14.343 212.402 128.632 3780.212 31.891 34.18 848.084 -17.548 133.209 174.255 77.82 308.685 316.315 219.727 165.405 15.411 350.647 -4990.234 122.376 61.646 68.97 15.869 -10.681 622.559 64.697 227.966 242.767 154.877 -663.147 130.005 34.943 96.13 103.76 68.512 2511.139 2290.497 实验室 1 074
4439031 4839 2025/12/24 11:16:37 P18 0 0 0 0 0 0 0 77.362 176.086 681.305 14.343 212.402 128.632 3780.212 31.891 34.18 848.084 -17.548 133.209 174.255 77.82 308.685 316.315 219.727 165.405 15.411 350.647 -4990.234 122.376 61.646 68.97 15.869 -10.681 622.559 64.697 227.966 242.767 154.877 -663.147 130.005 34.943 96.13 103.76 68.512 2511.139 2290.497 实验室 1 074
4439032 4839 2025/12/24 11:16:38 P18 0 0 0 0 0 0 0 77.667 176.086 681 14.038 212.25 127.869 3781.433 -18.158 25.635 844.574 -17.242 131.378 174.561 77.057 308.228 316.315 218.658 165.863 16.327 351.105 -4987.793 112.457 61.951 10.529 16.785 -9.918 621.491 64.545 228.119 242.615 154.724 -663.452 129.852 34.943 95.52 106.049 69.58 2511.902 2289.886 实验室 1 074
4439033 4839 2025/12/24 11:16:39 P18 0 0 0 0 0 0 0 77.362 175.629 681.305 14.343 211.182 128.632 3781.738 32.349 -34.943 848.236 -17.7 132.599 174.866 76.904 308.685 317.535 218.201 165.253 16.174 351.41 -4990.845 159.302 59.967 65.613 16.632 -10.223 621.643 64.85 227.051 242.31 156.86 -664.063 129.547 32.806 97.351 101.776 68.97 2511.444 2290.344 实验室 1 074
4439034 4839 2025/12/24 11:16:40 P18 0 0 0 0 0 0 0 78.125 175.781 681 14.191 212.555 128.326 3781.433 -2.136 37.994 848.846 -18.005 132.599 174.713 77.057 308.685 316.773 218.658 164.49 15.717 350.952 -4988.556 171.509 62.714 52.948 16.479 -9.46 621.643 63.782 226.746 242.615 153.656 -663.3 130.005 34.79 89.264 104.675 68.359 2510.071 2289.886 实验室 1 074
4439035 4839 2025/12/24 11:16:41 P18 0 0 0 0 0 0 0 77.972 175.018 681.152 14.648 211.945 128.632 3782.043 36.621 96.893 831.146 -18.463 132.904 174.866 76.752 308.685 316.62 217.896 165.253 16.479 350.952 -4987.793 208.435 61.646 77.057 16.937 -9.46 621.338 63.171 226.593 242.31 155.029 -663.91 130.463 35.553 96.741 100.555 71.106 2511.139 2289.886 实验室 1 074
4439036 4839 2025/12/24 11:16:42 P18 0 0 0 0 0 0 0 78.278 176.239 680.237 14.648 211.639 127.106 3781.281 65.918 127.106 842.438 -17.7 133.362 174.866 76.752 308.838 317.383 217.743 166.168 15.564 351.257 -4989.319 219.421 60.577 109.1 16.479 -9.308 620.117 64.697 226.593 241.852 154.114 -663.147 130.005 34.943 101.471 106.506 69.427 2511.139 2290.344 实验室 1 074
4439037 4839 2025/12/24 11:16:43 P18 0 0 0 0 0 0 0 78.735 176.086 679.932 14.496 211.182 129.242 3781.433 36.926 211.487 854.187 -18.921 133.057 174.866 76.599 308.533 316.773 217.285 165.405 15.106 350.952 -4990.997 216.675 59.814 130.463 16.479 -10.376 620.117 63.477 227.051 241.852 153.351 -662.231 129.7 34.79 98.724 106.201 68.207 2510.986 2295.074 实验室 1 074
4439038 4839 2025/12/24 11:16:44 P18 0 0 0 0 0 0 0 77.362 175.629 679.627 14.496 210.724 128.784 3780.975 77.209 180.359 843.964 -18.616 134.277 175.476 76.752 308.228 317.23 217.743 166.016 16.327 350.8 -4987.488 240.479 60.577 121.765 16.785 -10.071 619.202 63.782 226.746 242.31 154.114 -663.3 129.395 35.553 100.555 104.065 66.834 2511.444 2294.617 实验室 1 074
4439039 4839 2025/12/24 11:16:45 P18 0 0 0 0 0 0 0 77.362 175.629 679.779 14.343 210.266 127.716 3780.67 24.109 66.223 833.13 -17.395 134.125 175.476 76.447 307.922 316.925 217.438 165.71 16.174 350.342 -4991.455 243.683 60.73 114.288 15.869 -9.918 618.439 63.629 226.746 242.31 153.809 -662.537 129.547 35.553 93.842 106.964 73.547 2510.834 2289.734 实验室 1 074
4439040 4839 2025/12/24 11:16:46 P18 0 0 0 0 0 0 0 77.82 175.324 680.237 14.801 210.877 127.411 3780.06 40.283 89.417 842.285 -18.005 132.446 174.866 77.362 308.685 316.62 217.285 165.71 16.174 351.563 -4991.455 229.492 61.188 99.487 16.785 -10.376 618.286 63.934 226.135 241.852 155.182 -662.994 129.395 36.011 99.03 108.795 68.359 2510.376 2291.107 实验室 1 074
4439041 4839 2025/12/24 11:16:47 P18 0 0 0 0 0 0 0 77.362 175.629 679.169 14.496 211.487 127.258 3782.043 10.071 145.569 845.642 -17.7 133.209 174.713 76.141 308.228 316.62 217.59 166.321 15.564 351.257 -4991.455 190.582 60.577 91.553 16.632 -10.071 617.828 63.934 226.746 241.699 153.503 -664.215 129.242 35.248 97.504 105.743 69.275 2512.207 2287.598 实验室 1 074
4439042 4839 2025/12/24 11:16:48 P18 0 0 0 0 0 0 0 77.82 175.629 679.932 15.106 211.029 128.021 3782.196 -5.798 130.615 855.713 -17.7 132.752 174.561 77.209 309.296 316.62 217.285 165.1 15.411 350.647 -4990.845 155.487 62.561 126.648 16.632 -9.918 617.065 63.629 225.372 241.089 156.86 -663.147 129.242 34.332 95.825 101.166 72.174 2514.038 2293.701 实验室 1 074
4439043 4839 2025/12/24 11:16:49 P18 0 0 0 0 0 0 0 77.972 175.781 679.169 14.954 211.182 128.174 3780.212 -9.46 30.67 848.084 -17.853 132.446 174.713 76.141 308.075 316.62 217.133 165.863 15.869 350.647 -4989.014 103.455 62.561 157.471 16.174 -10.834 617.676 63.782 225.22 240.479 155.792 -663.3 129.242 35.095 100.861 105.743 70.038 2510.681 2290.497 实验室 1 074
4439044 4839 2025/12/24 11:16:50 P18 0 0 0 0 0 0 0 77.362 175.781 678.558 14.954 211.334 127.564 3780.06 55.237 -27.771 853.577 -18.158 132.599 174.561 76.294 308.838 316.62 216.98 165.1 16.785 350.342 -4991.607 111.084 61.493 117.95 16.632 -10.681 617.218 63.782 225.83 240.784 154.724 -663.147 129.089 34.943 96.436 109.406 73.853 2510.834 2289.886 实验室 1 074
4439045 4839 2025/12/24 11:16:51 P18 0 0 0 0 0 0 0 77.515 175.629 678.711 14.343 211.334 127.258 3782.043 51.575 -43.488 852.356 -18.158 132.752 174.561 76.141 310.211 316.773 216.98 165.558 16.632 350.494 -4988.708 135.498 60.272 154.877 15.564 -10.071 616.76 63.782 224.915 241.089 156.403 -662.994 128.784 35.095 96.741 102.539 69.58 2511.444 2290.192 实验室 1 074
4439046 4839 2025/12/24 11:16:52 P18 0 0 0 0 0 0 0 77.362 175.476 678.864 15.564 211.334 127.411 3780.518 57.526 8.545 851.44 -18.005 132.904 174.866 76.447 309.143 316.467 216.675 165.558 15.259 350.342 -4988.251 131.531 61.035 141.449 15.564 -9.766 615.997 62.714 225.067 240.021 155.792 -662.994 129.395 34.79 88.959 105.133 71.411 2510.986 2288.971 实验室 1 074
4439047 4839 2025/12/24 11:16:53 P18 0 0 0 0 0 0 0 76.904 175.781 677.643 14.648 210.571 127.564 3781.281 15.869 -1.373 852.203 -18.005 133.362 174.866 75.378 308.685 317.078 216.37 165.863 15.869 350.952 -4989.776 162.811 60.12 135.803 16.479 -10.529 615.234 63.782 224.609 241.089 155.487 -663.3 128.479 35.4 92.621 105.438 69.275 2511.139 2289.734 实验室 1 074
4439048 4839 2025/12/24 11:16:54 P18 0 0 0 0 0 0 0 78.278 176.239 677.033 14.648 211.792 127.106 3780.518 19.836 18.463 845.337 -17.853 131.989 174.561 75.989 308.38 316.467 217.133 165.863 15.869 350.647 -4991.607 140.533 62.408 123.749 15.869 -10.223 614.929 63.782 225.067 241.242 155.945 -663.605 128.632 34.637 95.825 105.896 73.547 2510.986 2290.802 实验室 1 074
4439049 4839 2025/12/24 11:16:55 P18 0 0 0 0 0 0 0 77.209 175.781 677.795 14.191 211.487 127.258 3782.806 37.079 60.883 835.114 -17.09 133.667 175.018 76.141 308.533 317.688 216.217 165.253 15.564 351.105 -4989.319 157.471 61.34 129.547 15.869 -10.071 614.471 64.087 224.762 240.021 154.419 -663.3 129.089 35.706 97.809 104.37 70.343 2513.123 2289.429 实验室 1 074
4439050 4839 2025/12/24 11:16:56 P18 0 0 0 0 0 0 0 77.362 175.781 676.727 14.343 210.114 128.021 3782.349 0.763 0.153 838.165 -17.7 132.446 174.866 75.836 308.228 317.688 215.607 165.558 16.174 350.647 -4988.708 194.092 61.646 147.705 16.479 -11.292 613.861 63.477 224.762 239.716 152.893 -665.436 128.479 36.316 105.743 104.218 69.427 2511.902 2287.14 实验室 1 074
4439051 4839 2025/12/24 11:16:57 P18 0 0 0 0 0 0 0 77.362 177.002 675.964 14.648 210.877 127.258 3781.738 6.866 -45.624 809.631 -17.242 131.989 174.713 75.836 308.228 316.467 216.522 166.626 16.327 350.494 -4987.793 202.637 62.714 125.122 16.785 -9.918 614.777 63.934 224.152 239.716 155.335 -665.588 128.632 34.943 109.406 103.149 71.869 2513.123 2286.072 实验室 1 074
4439052 4839 2025/12/24 11:16:58 P18 0 0 0 0 0 0 0 78.125 175.171 676.27 15.411 210.571 127.869 3780.518 50.964 -39.978 850.678 -16.785 132.599 174.561 75.531 307.77 316.62 215.607 165.558 15.259 351.105 -4986.572 211.945 62.866 152.893 16.174 -10.223 613.556 64.392 224.152 239.563 153.961 -663.452 129.089 34.027 106.506 104.981 68.054 2509.003 2293.549 实验室 1 074
4439053 4839 2025/12/24 11:16:59 P18 0 0 0 0 0 0 0 77.82 176.086 677.033 14.191 211.639 127.716 3782.501 60.272 2.899 836.639 -16.479 131.989 175.018 75.836 307.922 317.535 215.912 165.863 15.411 350.342 -4990.082 235.748 64.392 151.367 16.479 -10.834 612.946 64.545 223.999 239.258 153.961 -663.147 129.547 34.943 107.727 103.455 69.275 2511.597 2281.952 实验室 1 074
4439054 4839 2025/12/24 11:17:00 P18 0 0 0 0 0 0 0 77.515 175.934 675.964 14.191 209.808 128.021 3780.823 6.409 13.123 846.558 -17.548 131.683 174.713 75.684 308.228 316.925 215.759 166.321 15.869 349.884 -4989.472 248.718 61.951 156.708 16.022 -10.681 612.488 63.477 224.609 239.105 155.182 -663.452 128.174 35.095 107.727 106.201 72.021 2510.681 2289.276 实验室 1 074
4439055 4839 2025/12/24 11:17:01 P18 0 0 0 0 0 0 0 78.125 176.392 676.27 13.733 211.029 127.716 3780.823 39.215 -21.362 852.509 -17.7 131.836 174.713 75.531 308.075 316.62 215.454 165.1 15.717 350.494 -4991.455 238.342 61.34 201.569 16.327 -10.376 613.098 63.782 223.541 238.953 152.588 -661.011 128.326 34.79 103.455 105.133 69.427 2510.529 2289.429 实验室 1 074
4439056 4839 2025/12/24 11:17:02 P18 0 0 0 0 0 0 0 77.667 176.392 675.659 14.954 210.724 127.411 3781.586 28.229 26.703 840.607 -17.395 132.446 174.103 75.836 308.075 316.773 215.607 165.405 15.869 350.647 -4990.387 220.032 62.561 186.005 16.327 -9.613 612.488 63.019 223.389 238.953 153.961 -665.894 128.784 33.875 101.471 105.286 70.038 2511.292 2292.633 实验室 1 074
4439057 4839 2025/12/24 11:17:03 P18 0 0 0 0 0 0 0 77.515 175.476 675.049 14.191 210.724 127.564 3782.349 34.79 122.986 852.966 -17.548 132.141 174.561 75.073 307.922 317.23 215.454 166.626 15.869 350.189 -4991.303 194.855 61.798 163.269 16.327 -9.003 612.03 62.561 223.846 239.258 153.503 -665.283 128.174 35.248 99.64 106.354 67.902 2512.512 2288.055 实验室 1 074
4439058 4839 2025/12/24 11:17:04 P18 0 0 0 0 0 0 0 77.667 175.171 675.354 14.038 209.656 128.021 3781.738 23.651 173.798 844.269 -16.632 131.683 174.103 74.921 308.533 317.841 214.844 165.863 16.022 350.189 -4989.624 157.166 60.425 151.672 16.022 -10.529 611.267 63.324 222.778 238.648 154.724 -665.131 127.869 34.943 101.013 103.302 71.106 2511.902 2291.26 实验室 1 074
4439059 4839 2025/12/24 11:17:05 P18 0 0 0 0 0 0 0 77.667 177.155 675.049 14.496 210.114 127.106 3780.06 12.665 128.021 849.304 -18.005 131.073 174.103 75.531 308.228 316.315 215.149 166.473 15.564 350.494 -4989.319 134.277 62.256 173.34 15.564 -10.376 611.115 63.324 223.084 238.953 154.877 -667.419 128.632 34.79 93.842 100.25 75.073 2511.292 2289.581 实验室 1 074
4439060 4839 2025/12/24 11:17:06 P18 0 0 0 0 0 0 0 77.82 175.476 674.439 14.648 210.266 127.411 3780.518 55.695 45.166 834.503 -17.242 131.989 174.255 75.378 308.991 317.383 215.302 165.405 16.174 350.342 -4988.098 117.035 61.646 175.324 15.564 -9.766 610.504 62.561 222.473 239.258 152.893 -666.504 127.411 34.637 99.182 104.065 73.242 2510.529 2291.26 实验室 1 074
4439061 4839 2025/12/24 11:17:07 P18 0 0 0 0 0 0 0 77.667 175.934 676.575 14.648 210.266 127.411 3780.518 26.855 24.109 828.4 -17.853 131.683 175.171 74.768 308.228 317.535 214.996 167.236 15.259 350.647 -4987.945 154.724 61.035 160.828 16.174 -10.071 609.894 63.171 222.931 238.037 153.198 -663.91 128.632 34.637 101.776 103.607 69.885 2510.986 2289.581 实验室 1 074
4439062 4839 2025/12/24 11:17:08 P18 0 0 0 0 0 0 0 77.667 175.934 676.575 14.648 210.266 127.411 3780.518 26.855 24.109 828.4 -17.853 131.683 175.171 74.768 308.228 317.535 214.996 167.236 15.259 350.647 -4987.945 154.724 61.035 160.828 16.174 -10.071 609.894 63.171 222.931 238.037 153.198 -663.91 128.632 34.637 101.776 103.607 69.885 2510.986 2289.581 实验室 1 074
4439063 4839 2025/12/24 11:17:09 P18 0 0 0 0 0 0 0 76.904 175.629 674.439 14.191 210.266 126.495 3780.67 -32.806 58.899 833.283 -18.005 131.531 174.255 74.921 308.38 317.23 214.539 164.795 15.259 350.037 -4989.624 157.776 60.73 172.73 16.479 -9.613 609.741 62.408 222.778 238.342 152.588 -666.657 128.479 35.4 92.468 104.218 74.463 2510.071 2294.159 实验室 1 074
4439064 4839 2025/12/24 11:17:10 P18 0 0 0 0 0 0 0 77.82 175.781 673.828 14.343 210.114 126.953 3782.806 -41.199 16.785 828.857 -17.395 131.531 174.103 75.684 308.533 317.078 214.386 165.253 14.954 350.952 -4987.641 156.097 61.646 159.76 15.411 -9.766 609.894 62.714 222.168 237.885 151.672 -665.741 128.021 34.79 93.231 106.964 69.885 2511.902 2291.87 实验室 1 074
4439065 4839 2025/12/24 11:17:11 P18 0 0 0 0 0 0 0 77.209 175.629 674.133 14.343 210.114 126.801 3781.128 36.774 -110.016 849.152 -17.548 132.446 174.408 74.615 308.075 317.078 214.539 166.321 15.869 350.189 -4988.708 142.212 61.646 153.046 15.717 -10.529 608.673 62.866 223.389 238.342 151.52 -664.978 127.411 35.095 94.91 101.776 66.986 2511.597 2289.429 实验室 1 074
4439066 4839 2025/12/24 11:17:12 P18 0 0 0 0 0 0 0 77.82 176.086 673.828 14.496 209.961 127.411 3781.433 36.163 -32.196 839.386 -17.853 131.683 175.018 75.226 308.838 317.535 214.539 165.863 15.869 350.494 -4988.251 159.454 61.646 160.523 16.785 -10.071 608.978 62.866 222.321 237.579 151.825 -664.52 127.716 35.858 95.978 102.387 70.801 2510.986 2290.802 实验室 1 074
4439067 4839 2025/12/24 11:17:13 P18 0 0 0 0 0 0 0 77.667 176.544 673.065 15.259 210.266 127.258 3780.823 52.948 -103.149 849.457 -17.7 131.226 174.408 75.073 308.075 317.535 214.691 165.863 15.106 350.342 -4990.234 127.258 52.795 173.34 16.174 -10.529 608.521 62.714 221.863 237.427 150.909 -663.3 127.716 34.485 90.942 105.591 68.817 2511.292 2292.328 实验室 1 074
4439068 4839 2025/12/24 11:17:14 P18 0 0 0 0 0 0 0 78.43 176.239 673.676 14.038 210.114 127.106 3780.365 43.03 -18.768 837.402 -17.242 131.226 174.255 75.684 308.228 317.535 214.233 166.016 15.564 350.647 -4988.861 162.964 60.425 186.005 16.174 -9.308 608.215 62.866 221.71 237.579 153.503 -662.689 128.174 34.485 89.874 104.065 68.97 2510.986 2289.886 实验室 1 074
4439069 4839 2025/12/24 11:17:15 P18 0 0 0 0 0 0 0 77.972 177.002 672.455 14.954 210.877 128.174 3780.212 35.858 113.678 844.269 -17.853 131.378 174.255 74.921 308.38 317.535 214.539 165.558 15.717 350.494 -4988.403 211.029 61.646 202.484 16.174 -9.918 608.521 62.103 222.168 237.122 151.672 -663.452 127.411 34.485 89.417 102.387 69.885 2510.376 2286.072 实验室 1 074
4439070 4839 2025/12/24 11:17:16 P18 0 0 0 0 0 0 0 77.972 176.086 673.218 14.954 210.571 126.953 3782.349 61.035 166.626 841.98 -17.395 130.92 174.408 74.768 308.075 317.23 213.776 165.863 15.869 350.494 -4989.624 202.179 66.681 194.397 15.564 -10.376 607.3 63.171 221.405 237.274 154.419 -662.079 128.021 34.637 95.825 97.504 69.275 2511.292 2289.276 实验室 1 074
4439071 4839 2025/12/24 11:17:17 P18 0 0 0 0 0 0 0 77.82 175.629 672.607 13.733 209.503 126.648 3781.433 20.905 177.918 849.915 -17.548 131.073 174.255 74.921 308.38 317.383 213.928 165.405 15.259 350.037 -4991.607 143.28 61.188 201.569 16.022 -9.918 606.842 62.714 221.252 236.511 153.809 -661.774 127.258 34.637 96.741 99.335 69.122 2511.292 2289.124 实验室 1 074
4439072 4839 2025/12/24 11:17:18 P18 0 0 0 0 0 0 0 78.125 176.086 671.845 15.564 209.503 126.801 3781.433 39.825 187.378 848.389 -17.395 130.92 174.408 74.615 307.922 316.925 214.081 166.168 14.648 350.647 -4987.488 176.849 61.646 198.975 15.564 -10.834 606.69 62.408 221.252 236.816 155.182 -663.757 127.258 34.485 100.555 108.337 70.19 2511.139 2287.75 实验室 1 074
4439073 4839 2025/12/24 11:17:19 P18 0 0 0 0 0 0 0 77.667 176.239 672.607 15.564 208.588 126.648 3781.586 -11.902 99.03 836.334 -17.548 130.92 175.018 74.921 308.38 317.383 213.471 165.558 15.411 350.647 -4991.913 150.147 59.967 223.236 16.937 -9.918 605.774 62.561 220.795 236.359 153.198 -662.537 127.258 34.485 86.365 102.539 70.648 2512.207 2289.429 实验室 1 074
4439074 4839 2025/12/24 11:17:20 P18 0 0 0 0 0 0 0 77.515 176.392 672.455 15.259 209.198 126.801 3780.975 12.665 38.452 847.321 -17.7 130.92 174.713 75.226 308.075 317.841 213.928 165.405 15.411 350.342 -4991.455 137.94 62.256 219.269 16.327 -9.918 605.164 62.561 220.795 236.359 153.503 -662.384 127.869 34.637 91.705 102.387 71.259 2512.207 2289.734 实验室 1 074
4439075 4839 2025/12/24 11:17:21 P18 0 0 0 0 0 0 0 77.057 176.086 671.539 14.648 209.198 127.411 3780.518 16.785 -59.967 836.029 -17.548 130.92 174.255 74.921 308.38 317.23 213.318 165.863 15.869 351.257 -4990.54 164.185 63.171 221.252 16.174 -10.681 606.079 62.408 221.71 237.427 153.046 -662.994 126.648 35.706 83.313 98.877 68.817 2510.834 2289.734 实验室 1 074
4439076 4839 2025/12/24 11:17:22 P18 0 0 0 0 0 0 0 77.515 176.086 671.997 14.191 209.503 126.953 3780.67 27.008 -93.842 843.201 -17.242 131.073 174.866 74.005 308.228 318.604 212.555 165.71 14.954 350.8 -4991.76 183.716 63.629 250.092 16.479 -10.223 605.011 61.798 220.642 236.054 152.893 -663.3 126.953 35.095 95.52 106.659 72.174 2510.834 2290.344 实验室 1 074
4439077 4839 2025/12/24 11:17:23 P18 0 0 0 0 0 0 0 77.972 176.392 671.387 14.954 209.808 127.258 3780.518 57.831 -136.261 840.759 -18.311 130.92 174.255 73.547 307.922 317.535 213.623 165.558 15.106 350.494 -4989.624 191.04 61.798 219.116 14.954 -10.376 605.316 62.561 220.795 236.359 154.114 -662.994 127.411 34.027 100.403 101.013 72.937 2510.834 2289.429 实验室 1 074
4439078 4839 2025/12/24 11:17:24 P18 0 0 0 0 0 0 0 78.43 175.934 671.082 13.733 209.198 127.106 3782.959 2.747 -146.179 840.607 -16.479 130.92 174.561 73.853 308.533 317.23 213.928 165.863 17.09 349.731 -4988.861 218.811 59.967 184.479 16.174 -10.223 604.096 62.561 220.49 236.054 152.588 -663.452 127.564 34.637 95.52 101.013 69.122 2512.97 2291.26 实验室 1 074
4439079 4839 2025/12/24 11:17:25 P18 0 0 0 0 0 0 0 79.956 177.002 670.776 14.496 208.283 127.564 3782.196 58.289 -133.82 829.926 -18.005 130.768 174.866 74.005 307.77 317.993 212.708 166.016 15.717 350.037 -4987.335 217.438 62.408 166.168 16.174 -10.834 604.096 62.103 220.337 235.748 152.588 -663.605 126.801 35.4 99.182 105.133 67.749 2511.749 2289.124 实验室 1 074
4439080 4839 2025/12/24 11:17:26 P18 0 0 0 0 0 0 0 77.667 176.086 671.845 14.496 208.893 126.495 3781.586 56.763 -185.242 838.165 -18.005 131.073 174.408 74.158 308.38 317.535 213.165 166.016 15.411 350.952 -4986.267 252.228 61.188 188.904 15.564 -10.529 603.79 62.256 220.184 236.206 151.825 -663.605 126.495 35.4 92.926 108.337 68.665 2512.207 2289.581 实验室 1 074
4439081 4839 2025/12/24 11:17:27 P18 0 0 0 0 0 0 0 77.82 175.934 671.082 14.648 209.198 127.564 3786.316 -0.305 -158.539 841.98 -18.005 131.226 174.408 74.005 308.228 317.841 212.402 166.168 15.564 350.494 -4987.488 268.86 59.509 218.506 15.717 -10.529 603.638 62.256 220.184 236.969 152.283 -664.673 126.648 34.79 86.975 106.964 68.665 2510.834 2288.513 实验室 1 074
4439082 4839 2025/12/24 11:17:28 P18 0 0 0 0 0 0 0 77.972 176.544 669.861 15.411 208.893 127.564 3782.043 20.294 -64.392 840.607 -17.548 130.615 174.561 75.073 308.228 317.23 212.86 165.71 15.564 350.037 -4988.861 264.587 63.171 197.907 16.937 -9.918 602.875 62.256 220.184 235.443 151.978 -663.605 126.953 34.18 89.569 104.523 69.427 2512.054 2288.513 实验室 1 074
4439083 4839 2025/12/24 11:17:29 P18 0 0 0 0 0 0 0 77.209 175.934 670.013 14.191 208.435 126.648 3781.281 46.692 -84.381 844.269 -17.853 130.92 174.561 73.395 307.922 317.993 212.708 165.71 14.954 351.105 -4991.455 298.767 60.272 168.762 16.327 -10.681 601.654 61.951 219.727 235.291 151.672 -663.3 127.106 34.943 89.569 106.049 75.226 2511.139 2290.955 实验室 1 074
4439084 4839 2025/12/24 11:17:30 P18 0 0 0 0 0 0 0 77.209 176.086 669.403 14.191 208.435 127.106 3780.06 17.395 -74.768 846.405 -16.937 131.531 174.561 74.005 307.922 318.146 211.945 166.931 16.022 350.8 -4989.624 333.405 56.915 186.768 16.479 -10.071 602.417 62.561 219.879 235.291 150.757 -663.147 126.343 35.248 79.803 105.743 69.275 2511.597 2292.328 实验室 1 074
4439085 4839 2025/12/24 11:17:31 P18 0 0 0 0 0 0 0 78.278 176.086 669.251 14.038 208.435 126.648 3781.281 17.242 106.812 834.045 -17.548 130.768 174.561 74.005 307.77 317.688 212.402 166.321 14.954 350.189 -4990.234 310.822 61.646 247.192 16.022 -10.529 603.18 62.256 219.269 234.528 151.672 -664.215 126.495 34.332 92.011 104.523 69.885 2511.139 2288.818 实验室 1 074
4439086 4839 2025/12/24 11:17:32 P18 0 0 0 0 0 0 0 77.515 175.629 669.251 14.496 209.045 127.411 3782.806 36.469 120.239 829.163 -18.005 131.073 175.171 74.005 308.838 317.535 212.402 166.321 15.564 350.342 -4989.624 261.383 62.103 240.326 15.869 -10.681 601.654 61.34 219.269 235.138 151.978 -664.52 126.19 34.485 91.553 100.555 69.275 2511.292 2289.886 实验室 1 074
4439087 4839 2025/12/24 11:17:33 P18 0 0 0 0 0 0 0 78.125 176.392 669.403 14.648 208.283 127.716 3781.738 11.597 194.702 832.825 -17.853 130.005 173.95 73.853 307.922 317.993 211.639 165.71 15.259 350.342 -4991.913 239.868 63.324 261.231 16.174 -10.071 601.807 61.646 219.116 234.528 152.893 -664.52 126.953 34.637 86.212 102.692 69.733 2511.292 2291.26 实验室 1 074
4439088 4839 2025/12/24 11:17:34 P18 0 0 0 0 0 0 0 77.362 177.612 669.098 15.717 208.588 126.648 3780.823 57.983 180.969 838.776 -17.7 130.31 174.713 74.158 308.38 317.841 212.097 167.847 15.411 350.189 -4990.845 132.294 63.477 266.876 16.479 -10.223 601.044 62.714 219.116 235.291 151.215 -670.471 126.495 35.248 102.692 104.981 67.902 2510.986 2290.192 实验室 1 074
4439089 4839 2025/12/24 11:17:35 P18 0 0 0 0 0 0 0 77.515 176.392 669.251 14.954 208.74 126.343 3781.586 13.886 188.904 827.332 -18.005 130.615 174.561 73.547 308.075 317.688 211.792 166.016 15.564 350.8 -4988.251 139.465 62.561 249.786 15.717 -10.529 600.586 61.646 219.421 235.138 151.672 -664.368 125.885 34.332 101.318 102.387 66.834 2512.207 2289.581 实验室 1 074
4439090 4839 2025/12/24 11:17:36 P18 0 0 0 0 0 0 0 77.667 176.086 668.488 15.106 208.893 126.495 3780.518 19.379 168.762 841.065 -17.7 130.005 174.255 74.158 308.838 317.993 211.792 166.016 15.564 350.189 -4992.065 154.724 59.814 226.593 15.717 -9.766 600.586 61.493 218.658 234.222 150.604 -664.978 126.038 33.875 104.218 103.76 69.275 2511.139 2287.598 实验室 1 074
4439091 4839 2025/12/24 11:17:37 P18 0 0 0 0 0 0 0 78.278 176.697 668.793 14.954 207.52 125.427 3780.518 40.894 124.207 824.28 -17.7 131.531 174.561 74.158 308.685 317.688 211.945 165.863 14.954 351.105 -4991.455 202.026 62.256 235.596 15.564 -9.46 599.823 61.646 218.506 234.375 151.672 -664.825 126.648 34.485 102.692 98.114 67.291 2511.139 2289.276 实验室 1 074
4439092 4839 2025/12/24 11:17:38 P18 0 0 0 0 0 0 0 77.515 176.392 668.335 14.496 207.977 126.038 3781.738 60.12 112.457 833.893 -17.853 130.615 174.408 72.937 307.922 317.535 211.487 165.863 15.564 350.342 -4991.913 142.517 63.019 231.781 14.801 -10.223 599.976 62.103 218.811 234.833 151.062 -666.504 125.58 35.095 94.604 102.692 68.665 2511.902 2290.497 实验室 1 074
4439093 4839 2025/12/24 11:17:39 P18 0 0 0 0 0 0 0 77.515 176.392 668.335 14.496 207.977 126.038 3781.738 60.12 112.457 833.893 -17.853 130.615 174.408 72.937 307.922 317.535 211.487 165.863 15.564 350.342 -4991.913 142.517 63.019 231.781 14.801 -10.223 599.976 62.103 218.811 234.833 151.062 -666.504 125.58 35.095 94.604 102.692 68.665 2511.902 2290.497 实验室 1 074
4439094 4839 2025/12/24 11:17:40 P18 0 0 0 0 0 0 0 77.972 177.002 668.182 13.886 207.977 126.953 3779.907 12.97 128.632 837.402 -17.395 130.31 173.34 73.242 307.77 317.535 211.639 166.931 15.106 349.884 -4988.251 99.64 62.561 236.969 15.869 -10.223 600.128 61.646 218.658 233.765 149.384 -666.809 126.038 33.875 95.825 105.896 71.411 2510.986 2289.734 实验室 1 074
4439095 4839 2025/12/24 11:17:41 P18 0 0 0 0 0 0 0 78.278 176.086 668.488 13.733 208.13 127.106 3783.722 8.392 136.871 839.233 -17.7 130.005 174.713 73.7 308.228 317.993 211.487 166.016 15.564 350.647 -4989.624 90.332 60.12 218.658 15.411 -10.529 599.06 61.951 218.353 234.07 151.978 -666.657 126.343 34.943 87.128 104.675 69.733 2511.902 2290.649 实验室 1 074
4439096 4839 2025/12/24 11:17:42 P18 0 0 0 0 0 0 0 78.278 176.239 668.945 14.648 208.74 126.038 3783.112 -14.954 142.975 836.792 -17.09 129.852 174.713 73.853 307.77 317.841 211.334 166.016 15.411 350.037 -4987.335 94.147 61.34 210.419 15.106 -10.071 598.908 62.103 219.116 233.612 152.741 -662.689 126.038 34.332 90.332 101.166 66.986 2512.36 2288.666 实验室 1 074
4439097 4839 2025/12/24 11:17:43 P18 0 0 0 0 0 0 0 77.515 177.155 667.725 14.343 207.825 126.648 3782.043 19.989 48.828 826.111 -17.548 129.7 173.645 73.242 307.922 317.535 211.639 165.71 15.717 349.579 -4988.556 145.874 59.052 251.617 15.411 -9.46 598.145 62.714 218.048 233.765 151.978 -664.063 126.648 34.18 96.13 100.098 69.58 2512.36 2289.429 实验室 1 074
4439098 4839 2025/12/24 11:17:44 P18 0 0 0 0 0 0 0 77.362 177.155 668.488 14.038 208.283 125.885 3780.67 46.997 -89.722 838.165 -17.548 129.852 173.95 72.784 308.228 317.841 211.945 166.016 15.259 349.731 -4988.708 196.838 56.915 276.032 15.411 -10.071 597.839 62.866 217.59 233.765 149.994 -664.52 125.732 34.637 86.06 102.081 69.733 2510.681 2291.412 实验室 1 074
4439099 4839 2025/12/24 11:17:45 P18 0 0 0 0 0 0 0 77.972 176.544 668.03 14.496 207.977 125.885 3782.043 66.528 -134.277 826.111 -17.7 129.7 174.561 73.395 308.38 317.993 211.029 165.558 15.259 350.952 -4988.251 165.253 61.951 256.348 16.174 -10.071 597.534 61.646 217.285 233.46 151.978 -664.368 125.885 34.027 90.942 95.215 70.496 2511.292 2286.987 实验室 1 074
4439100 4839 2025/12/24 11:17:46 P18 0 0 0 0 0 0 0 77.82 177.155 666.962 14.954 208.435 126.343 3779.907 18.616 -74.615 841.217 -17.7 130.768 173.95 73.242 307.007 317.23 211.029 165.253 15.259 349.274 -4991.913 156.403 61.493 220.337 16.022 -10.834 597.229 62.714 217.438 233.917 150.909 -662.537 125.427 33.875 87.585 105.438 70.343 2510.681 2290.802 实验室 1 074
4439101 4839 2025/12/24 11:17:47 P18 0 0 0 0 0 0 0 77.362 176.392 666.351 14.801 207.062 126.343 3780.212 -14.496 65.308 844.116 -17.7 129.852 171.814 73.547 308.685 318.604 210.877 166.016 15.411 350.952 -4989.319 145.416 63.019 224.915 16.022 -9.918 596.771 61.493 217.285 233.307 154.419 -664.825 125.885 34.637 79.193 96.283 68.207 2511.597 2285.461 实验室 1 074
4439102 4839 2025/12/24 11:17:48 P18 0 0 0 0 0 0 0 77.515 176.392 666.809 15.259 207.672 126.343 3780.823 27.618 89.722 834.198 -18.005 131.531 174.408 72.784 308.991 318.298 210.571 165.863 15.411 349.579 -4988.861 186.768 62.866 249.634 14.801 -9.613 595.856 62.103 217.896 233.307 150.452 -665.588 124.97 34.637 84.686 104.218 68.817 2510.681 2287.75 实验室 1 074
4439103 4839 2025/12/24 11:17:49 P18 0 0 0 0 0 0 0 78.278 177.002 666.199 15.411 207.672 126.801 3782.349 47.913 76.904 839.081 -17.7 129.7 173.187 72.784 307.159 317.841 210.877 165.863 14.954 350.189 -4987.945 145.264 61.951 266.419 16.022 -9.766 596.466 61.951 216.675 231.476 151.062 -665.131 126.038 33.722 90.332 102.234 70.19 2510.376 2287.75 实验室 1 074
4439104 4839 2025/12/24 11:17:50 P18 0 0 0 0 0 0 0 77.667 177.46 666.046 14.801 207.52 126.801 3781.738 52.49 28.229 843.201 -18.311 128.937 174.255 72.479 307.465 317.535 211.487 166.016 14.343 350.037 -4989.166 125.58 62.561 246.887 16.937 -10.529 596.771 61.798 217.133 232.697 141.144 -663.91 125.275 34.027 87.738 102.234 70.19 2512.207 2291.107 实验室 1 074
4439105 4839 2025/12/24 11:17:51 P18 0 0 0 0 0 0 0 77.667 176.392 665.894 14.191 208.13 126.343 3779.907 36.316 -28.992 828.857 -17.395 129.547 174.408 72.174 308.533 317.688 210.724 165.558 15.564 350.342 -4990.082 139.618 58.289 219.879 15.106 -10.834 595.703 61.951 216.98 232.544 148.468 -667.877 125.275 34.485 97.504 105.591 68.512 2510.986 2293.396 实验室 1 074
4439106 4839 2025/12/24 11:17:52 P18 0 0 0 0 0 0 0 77.82 175.934 666.504 14.648 207.672 126.19 3780.365 29.297 -12.054 833.435 -17.548 129.547 174.103 72.937 308.228 317.688 210.114 166.626 15.259 350.952 -4988.556 172.577 58.136 219.116 15.869 -10.376 595.398 61.646 216.37 232.391 153.503 -664.825 125.122 34.18 93.689 109.1 68.817 2510.834 2288.666 实验室 1 074
4439107 4839 2025/12/24 11:17:53 P18 0 0 0 0 0 0 0 77.972 176.086 665.741 14.343 207.52 126.648 3781.586 -6.561 15.869 828.247 -17.7 129.852 174.408 72.327 308.075 318.451 210.419 165.71 15.869 349.884 -4990.997 203.552 62.256 248.108 15.717 -10.834 594.788 61.188 216.827 233.307 147.858 -664.063 124.817 34.943 96.588 104.675 68.359 2511.902 2287.903 实验室 1 074
4439108 4839 2025/12/24 11:17:54 P18 0 0 0 0 0 0 0 77.82 177.307 665.741 14.343 207.825 127.411 3780.365 23.499 8.392 833.893 -17.242 129.547 173.95 72.479 307.617 317.383 211.487 166.473 15.411 350.037 -4990.692 178.833 60.577 252.686 15.411 -10.529 594.482 62.256 217.133 231.781 149.078 -663.91 124.97 33.875 88.806 108.643 70.801 2511.139 2289.886 实验室 1 074
4439109 4839 2025/12/24 11:17:55 P18 0 0 0 0 0 0 0 77.667 176.697 664.978 15.564 207.977 126.648 3780.518 -7.019 -34.79 839.539 -17.7 129.242 174.408 71.869 307.77 317.535 210.114 165.71 14.954 350.189 -4987.945 136.871 64.392 270.691 15.717 -8.85 595.398 62.256 216.37 232.239 149.994 -663.147 125.732 34.18 88.959 100.555 69.427 2510.986 2292.328 实验室 1 074
4439110 4839 2025/12/24 11:17:56 P18 0 0 0 0 0 0 0 77.667 176.697 665.283 14.954 208.13 125.58 3782.043 15.717 -70.038 847.473 -17.548 130.31 173.645 73.09 307.77 317.688 209.656 166.016 15.259 350.647 -4987.793 153.046 62.714 289.917 15.564 -9.766 594.025 58.441 216.37 232.239 151.978 -667.419 125.427 33.722 91.4 100.861 68.97 2512.054 2295.38 实验室 1 074
4439111 4839 2025/12/24 11:17:57 P18 0 0 0 0 0 0 0 77.667 176.239 664.978 14.191 207.825 126.19 3781.738 55.389 -13.58 844.727 -16.937 129.7 174.561 72.632 308.075 318.146 210.877 165.71 15.259 349.579 -4990.387 155.029 60.73 294.19 15.411 -10.529 593.872 61.798 216.37 231.628 148.621 -663.757 126.19 34.027 85.449 104.981 68.207 2510.986 2297.363 实验室 1 074
4439112 4839 2025/12/24 11:17:58 P18 0 0 0 0 0 0 0 77.209 176.697 663.147 13.733 207.367 126.343 3781.128 36.163 -0.458 842.59 -17.853 130.158 173.95 71.716 307.617 317.535 209.961 166.779 15.106 349.884 -4987.945 152.893 62.561 284.882 16.022 -11.139 593.262 61.34 216.675 232.697 152.741 -663.3 125.275 34.027 98.572 107.575 69.733 2511.139 2289.124 实验室 1 074
4439113 4839 2025/12/24 11:17:59 P18 0 0 0 0 0 0 0 77.057 177.155 664.368 15.106 206.909 126.343 3780.823 24.109 -47.15 835.266 -17.853 129.7 173.798 72.479 307.77 317.993 209.503 166.321 14.954 350.342 -4988.251 144.348 59.662 260.468 15.564 -10.834 593.262 61.34 216.217 231.476 150.604 -666.504 125.275 34.943 84.686 99.64 70.19 2511.292 2289.124 实验室 1 074
4439114 4839 2025/12/24 11:18:00 P18 0 0 0 0 0 0 0 77.515 176.697 664.52 14.343 207.367 125.732 3782.043 49.591 -132.904 837.25 -17.853 129.089 174.103 72.327 307.77 317.688 209.808 165.863 14.954 349.884 -4987.793 162.354 61.798 264.13 15.411 -9.766 592.041 61.34 215.759 232.544 150.604 -665.894 124.97 34.332 89.569 98.114 72.632 2510.681 2290.192 实验室 1 074
4439115 4839 2025/12/24 11:18:01 P18 0 0 0 0 0 0 0 77.362 176.849 663.91 14.038 206.909 126.648 3782.043 13.733 -50.354 837.86 -18.005 129.852 173.95 71.869 308.075 317.688 209.808 166.779 14.801 349.731 -4989.014 166.321 63.019 273.743 15.411 -10.834 592.804 60.883 215.607 232.086 150.909 -664.063 124.817 33.264 87.585 99.335 67.596 2512.054 2291.718 实验室 1 074
4439116 4839 2025/12/24 11:18:02 P18 0 0 0 0 0 0 0 78.278 176.849 663.757 14.343 207.52 126.648 3780.212 4.425 -14.648 835.266 -16.937 129.395 174.103 72.327 307.312 317.993 210.266 166.168 15.106 349.426 -4989.472 164.49 62.256 277.557 15.106 -10.376 592.499 62.103 215.912 231.171 149.231 -664.368 124.97 37.537 89.111 96.588 75.836 2510.529 2289.581 实验室 1 074
4439117 4839 2025/12/24 11:18:03 P18 0 0 0 0 0 0 0 77.362 177.46 664.063 14.191 208.283 126.495 3780.823 22.43 48.218 837.555 -16.632 128.937 172.577 72.174 307.77 317.383 210.114 166.473 15.259 349.731 -4987.488 167.999 62.866 261.841 15.259 -10.834 591.736 62.256 215.454 230.866 151.215 -663.91 125.122 33.875 93.689 102.081 75.378 2510.529 2289.886 实验室 1 074
4439118 4839 2025/12/24 11:18:04 P18 0 0 0 0 0 0 0 77.362 176.392 664.368 15.869 207.214 126.19 3780.67 34.332 44.556 836.945 -18.158 128.937 173.645 72.937 308.38 317.993 209.198 166.168 15.259 350.037 -4991.455 174.713 62.256 258.484 16.174 -10.376 591.278 61.035 215.454 231.018 150.909 -664.978 124.97 34.637 94.757 95.367 68.207 2507.935 2291.412 实验室 1 074
4439119 4839 2025/12/24 11:18:05 P18 0 0 0 0 0 0 0 77.667 176.849 663.91 14.496 206.451 126.343 3780.212 57.068 21.667 829.926 -18.158 129.089 173.798 73.395 308.228 317.23 208.74 165.71 15.106 350.189 -4990.845 181.885 61.646 311.737 15.259 -10.071 591.126 61.34 215.149 231.018 149.078 -663.605 125.122 34.18 80.109 100.098 70.801 2510.834 2290.192 实验室 1 074
4439120 4839 2025/12/24 11:18:06 P18 0 0 0 0 0 0 0 77.515 177.155 663.3 15.259 206.604 125.58 3781.281 17.242 -8.698 825.348 -17.242 129.089 174.255 71.259 307.922 318.146 209.198 165.863 14.801 350.342 -4990.387 158.234 62.256 346.069 15.564 -10.376 596.008 61.188 214.844 230.866 149.384 -663.605 124.817 33.264 94.147 99.945 72.784 2511.292 2291.107 实验室 1 074
4439121 4839 2025/12/24 11:18:07 P18 0 0 0 0 0 0 0 77.362 176.849 662.994 14.343 206.909 126.648 3782.043 8.087 -17.7 825.195 -18.158 129.089 173.95 71.259 308.075 317.535 209.045 166.016 14.648 349.579 -4987.945 139.618 63.171 308.075 16.022 -10.529 590.82 61.34 214.233 231.018 149.994 -662.842 124.054 34.79 88.959 107.269 68.207 2511.749 2290.192 实验室 1 074
4439122 4839 2025/12/24 11:18:08 P18 0 0 0 0 0 0 0 77.515 176.849 662.842 14.648 206.451 126.038 3782.349 42.267 -68.512 832.062 -16.785 128.784 173.645 72.021 307.312 318.451 208.588 165.863 14.648 349.731 -4989.472 134.277 61.951 310.364 15.564 -10.986 590.82 60.883 214.996 229.95 150.604 -663.91 124.664 34.18 94.91 98.877 70.648 2511.597 2289.429 实验室 1 074
4439123 4839 2025/12/24 11:18:09 P18 0 0 0 0 0 0 0 77.515 176.849 662.842 14.648 206.451 126.038 3782.349 42.267 -68.512 832.062 -16.785 128.784 173.645 72.021 307.312 318.451 208.588 165.863 14.648 349.731 -4989.472 134.277 61.951 310.364 15.564 -10.986 590.82 60.883 214.996 229.95 150.604 -663.91 124.664 34.18 94.91 98.877 70.648 2511.597 2289.429 实验室 1 074
4439124 4839 2025/12/24 11:18:10 P18 0 0 0 0 0 0 0 77.209 176.849 663.452 14.954 206.451 126.495 3780.975 -6.561 -112.305 832.214 -18.463 128.326 174.103 71.716 307.617 317.383 208.74 166.168 15.106 350.037 -4988.556 136.414 59.052 308.075 15.411 -10.071 589.905 60.577 214.539 230.103 147.553 -666.351 124.359 34.18 91.095 103.76 71.259 2511.139 2293.549 实验室 1 074
4439125 4839 2025/12/24 11:18:11 P18 0 0 0 0 0 0 0 77.82 176.697 663.452 14.801 207.062 126.038 3781.738 28.534 -27.313 837.402 -17.853 128.174 173.645 72.174 307.922 317.993 208.893 166.321 15.106 349.426 -4988.403 116.73 60.12 285.187 15.106 -10.529 590.057 60.577 214.844 230.408 149.689 -666.809 124.512 34.332 99.335 97.961 70.038 2510.681 2291.107 实验室 1 074
4439126 4839 2025/12/24 11:18:12 P18 0 0 0 0 0 0 0 77.209 176.849 662.689 14.496 206.451 125.885 3782.654 11.444 -14.954 830.841 -16.937 128.632 174.103 71.716 307.465 318.451 208.588 166.321 16.022 349.884 -4988.708 110.626 51.727 316.162 15.564 -10.529 588.837 60.577 214.844 230.408 147.247 -664.825 124.054 35.248 106.964 101.471 80.566 2513.275 2290.344 实验室 1 074
4439127 4839 2025/12/24 11:18:13 P18 0 0 0 0 0 0 0 77.82 177.46 661.926 13.886 206.299 126.801 3780.518 15.717 -8.85 838.165 -16.632 128.784 173.645 71.564 307.159 317.993 209.045 166.779 14.954 349.579 -4989.014 132.141 59.967 313.263 14.954 -9.155 588.684 61.646 214.386 230.255 147.858 -670.319 124.359 33.417 96.588 100.555 68.359 2510.834 2289.581 实验室 1 074
4439128 4839 2025/12/24 11:18:14 P18 0 0 0 0 0 0 0 78.43 176.086 662.384 15.106 206.604 126.038 3780.975 28.992 33.417 833.893 -17.7 128.479 173.798 72.021 308.38 318.298 208.588 166.016 15.259 349.426 -4987.488 121.613 61.035 294.342 16.327 -10.834 588.684 60.73 214.386 229.95 148.621 -661.926 124.359 33.569 90.942 102.997 74.768 2511.597 2285.767 实验室 1 074
4439129 4839 2025/12/24 11:18:15 P18 0 0 0 0 0 0 0 77.515 176.849 661.469 14.801 206.757 126.801 3780.06 23.499 40.588 832.825 -17.7 128.174 173.798 71.411 307.007 317.23 208.588 166.473 15.106 349.274 -4989.319 74.463 62.866 307.922 15.869 -10.529 588.074 61.188 214.844 230.56 147.247 -662.384 123.901 34.485 87.28 101.013 75.378 2511.292 2294.006 实验室 1 074
4439130 4839 2025/12/24 11:18:16 P18 0 0 0 0 0 0 0 77.82 176.849 661.316 14.496 206.451 126.343 3781.281 32.043 33.875 821.228 -17.7 128.937 174.408 71.869 307.312 317.383 208.588 165.558 14.191 349.121 -4990.845 100.403 60.73 287.933 16.174 -10.986 587.921 60.577 213.776 229.797 149.994 -662.537 124.512 33.875 76.447 98.419 71.716 2510.986 2286.377 实验室 1 074
4439131 4839 2025/12/24 11:18:17 P18 0 0 0 0 0 0 0 78.125 177.612 661.774 14.343 207.52 126.343 3781.281 39.063 38.605 835.266 -18.005 128.632 173.95 71.411 307.617 318.451 208.13 166.321 14.954 349.121 -4988.403 66.528 59.204 295.41 15.259 -10.834 587.311 61.798 214.844 229.645 151.062 -664.368 124.359 35.095 79.346 103.607 68.665 2511.749 2286.987 实验室 1 074
4439132 4839 2025/12/24 11:18:18 P18 0 0 0 0 0 0 0 77.057 177.002 661.316 15.259 206.757 126.648 3782.959 15.717 107.269 831.451 -17.09 128.174 172.577 71.564 307.465 317.383 208.893 166.321 14.648 349.426 -4986.267 82.703 62.714 296.783 15.869 -10.376 587.463 62.103 214.233 229.187 149.231 -663.3 123.901 34.79 84.381 100.098 68.665 2511.597 2290.192 实验室 1 074
4439133 4839 2025/12/24 11:18:19 P18 0 0 0 0 0 0 0 76.904 176.849 662.231 14.954 206.604 125.732 3780.975 32.654 81.635 830.841 -17.395 128.784 174.103 71.411 307.77 317.993 207.825 165.863 14.801 350.494 -4991.303 92.621 62.714 310.059 16.785 -9.766 587.616 60.577 213.776 229.645 149.536 -665.436 124.054 34.18 88.654 98.572 70.19 2510.529 2295.074 实验室 1 074
4439134 4839 2025/12/24 11:18:20 P18 0 0 0 0 0 0 0 77.82 176.697 661.163 14.801 206.757 126.648 3780.365 -63.019 18.005 815.582 -17.242 128.479 173.34 71.564 307.617 317.841 208.74 166.626 15.717 349.884 -4988.708 40.741 63.629 334.625 15.106 -10.529 587.158 61.798 214.233 230.103 145.416 -666.351 123.749 34.79 76.904 98.419 69.733 2511.902 2289.734 实验室 1 074
4439135 4839 2025/12/24 11:18:21 P18 0 0 0 0 0 0 0 77.362 177.155 660.706 13.733 206.299 126.038 3780.823 -2.136 -144.196 808.106 -17.395 128.479 173.798 70.801 307.922 317.993 208.435 167.084 15.411 349.731 -4988.251 -100.403 63.019 331.421 15.259 -11.749 587.006 60.883 214.844 230.408 147.4 -667.114 123.749 34.027 83.771 101.318 73.395 2511.139 2290.039 实验室 1 074
4439136 4839 2025/12/24 11:18:22 P18 0 0 0 0 0 0 0 77.667 177.155 661.011 14.343 206.146 126.648 3782.501 16.174 -99.792 816.498 -17.548 128.784 173.95 70.953 307.465 318.146 207.672 166.931 14.954 349.579 -4989.166 -162.506 61.34 307.922 14.954 -10.986 586.853 61.493 213.928 229.645 148.163 -664.978 124.054 33.722 86.823 100.861 70.496 2512.512 2291.107 实验室 1 074
4439137 4839 2025/12/24 11:18:23 P18 0 0 0 0 0 0 0 78.43 177.002 661.774 14.954 205.994 125.58 3781.433 2.441 -99.64 784.302 -17.548 128.326 173.645 71.106 307.617 317.993 208.13 166.321 14.648 350.342 -4991.607 -212.097 63.171 272.369 15.869 -10.681 586.09 60.12 213.013 229.034 147.553 -663.757 124.512 33.569 86.67 101.166 68.512 2510.681 2289.276 实验室 1 074
4439138 4839 2025/12/24 11:18:24 P18 0 0 0 0 0 0 0 78.43 177.46 660.248 14.801 205.994 125.885 3781.738 49.133 -40.131 814.514 -16.022 128.021 173.645 71.869 307.465 317.688 207.367 166.321 14.648 349.579 -4987.488 -166.779 59.662 284.882 15.259 -10.223 586.09 60.425 212.86 228.729 147.4 -663.605 123.749 33.569 81.635 103.607 69.275 2512.36 2290.497 实验室 1 074
4439139 4839 2025/12/24 11:18:25 P18 0 0 0 0 0 0 0 77.362 176.544 660.248 14.648 206.146 125.58 3781.738 27.466 61.646 818.024 -17.09 128.632 173.95 71.106 307.617 318.451 207.825 167.847 14.496 349.731 -4987.793 -207.214 61.34 301.514 14.954 -10.223 585.327 61.646 213.013 228.882 147.858 -664.978 124.512 34.332 86.212 101.776 68.665 2512.207 2286.987 实验室 1 074
4439140 4839 2025/12/24 11:18:26 P18 0 0 0 0 0 0 0 77.515 176.544 659.943 14.801 205.994 127.106 3780.518 18.005 104.37 814.514 -16.937 128.479 173.187 70.648 308.838 317.383 207.214 166.473 14.801 349.731 -4988.556 -216.217 61.951 345.306 15.869 -10.834 585.938 60.12 213.013 228.577 144.043 -664.215 123.749 33.264 93.536 97.198 70.953 2511.292 2292.938 实验室 1 074
4439141 4839 2025/12/24 11:18:27 P18 0 0 0 0 0 0 0 77.209 177.612 659.943 14.343 205.841 125.275 3780.518 48.37 75.226 824.89 -16.785 128.021 173.798 71.716 307.465 317.23 208.13 166.168 14.801 349.731 -4987.488 -246.124 61.188 313.873 15.411 -9.766 584.717 60.883 212.708 228.272 145.111 -664.825 123.291 33.875 83.313 98.724 70.19 2511.902 2288.666 实验室 1 074
4439142 4839 2025/12/24 11:18:28 P18 0 0 0 0 0 0 0 78.43 177.918 659.638 14.038 206.909 125.427 3782.043 51.117 141.296 818.176 -17.395 127.716 173.187 71.259 307.159 317.23 208.13 166.321 14.801 349.731 -4989.014 -205.383 61.951 325.317 15.259 -10.681 584.717 60.883 212.708 228.424 144.348 -663.605 123.596 32.349 85.297 102.539 70.038 2512.665 2292.023 实验室 1 074
4439143 4839 2025/12/24 11:18:29 P18 0 0 0 0 0 0 0 77.515 177.307 659.79 14.648 205.994 126.038 3780.518 41.504 166.473 822.754 -17.09 127.564 173.798 70.953 307.617 317.535 208.13 167.236 15.564 350.037 -4988.251 -240.173 66.986 328.217 14.648 -10.834 584.564 60.577 212.86 227.966 144.043 -664.52 123.444 33.875 94.604 97.656 68.359 2510.681 2292.633 实验室 1 074
4439144 4839 2025/12/24 11:18:30 P18 0 0 0 0 0 0 0 77.972 176.697 659.332 14.343 206.299 125.732 3780.975 20.752 147.247 827.332 -17.548 128.937 173.798 70.19 307.159 317.535 207.52 166.931 15.411 349.426 -4991.913 -232.391 61.646 290.68 15.564 -10.986 583.801 60.12 212.86 228.729 143.89 -662.994 123.444 33.417 86.975 102.539 71.564 2511.597 2288.666 实验室 1 074
4439145 4839 2025/12/24 11:18:31 P18 0 0 0 0 0 0 0 78.125 176.697 659.943 15.259 205.841 125.122 3780.365 21.362 56 825.806 -17.7 128.326 173.95 70.801 307.617 317.688 207.367 166.473 14.648 349.426 -4990.082 -222.015 61.951 309.601 14.191 -10.071 584.412 60.425 212.097 228.424 145.416 -663.91 123.901 34.18 97.198 102.539 70.648 2510.986 2290.192 实验室 1 074
4439146 4839 2025/12/24 11:18:32 P18 0 0 0 0 0 0 0 77.515 177.155 659.485 14.954 205.383 126.343 3782.349 30.518 42.572 829.926 -17.395 127.411 173.035 71.259 307.465 318.146 206.909 166.626 14.648 349.579 -4990.387 -210.877 63.171 329.437 14.954 -10.376 583.801 60.272 212.555 227.661 144.806 -663.757 123.596 33.569 90.637 102.081 77.972 2511.597 2290.192 实验室 1 074
4439147 4839 2025/12/24 11:18:33 P18 0 0 0 0 0 0 0 77.667 176.849 659.027 14.648 205.841 126.343 3780.365 18.921 83.618 829.163 -17.7 127.869 174.255 70.648 308.228 317.688 207.52 166.016 15.564 348.969 -4988.251 -199.127 61.493 320.892 15.259 -10.834 582.733 60.12 212.097 227.814 148.315 -665.741 123.138 33.569 89.874 103.302 72.784 2511.292 2290.344 实验室 1 074
4439148 4839 2025/12/24 11:18:34 P18 0 0 0 0 0 0 0 77.82 176.544 657.959 14.343 205.994 125.885 3782.196 24.414 -113.525 833.435 -17.7 128.632 173.798 70.953 307.922 317.535 207.214 166.321 14.496 348.969 -4991.15 -184.479 60.12 340.576 14.191 -10.223 582.886 60.577 211.945 227.814 147.705 -663.3 123.291 34.027 96.588 101.166 66.223 2512.207 2290.497 实验室 1 074
4439149 4839 2025/12/24 11:18:35 P18 0 0 0 0 0 0 0 77.057 177.002 658.417 14.343 205.231 125.58 3782.959 51.575 -118.561 816.956 -17.395 128.326 174.103 70.496 306.702 318.298 206.757 166.016 15.564 349.884 -4988.556 -134.277 62.408 357.056 15.106 -10.834 582.581 60.272 211.945 227.661 145.416 -665.436 123.138 33.875 90.485 101.471 73.395 2512.97 2290.955 实验室 1 074
4439150 4839 2025/12/24 11:18:36 P18 0 0 0 0 0 0 0 77.515 176.849 657.501 14.648 205.383 126.495 3782.806 -23.193 -71.716 829.926 -17.548 128.326 173.95 71.259 307.922 318.146 207.367 165.71 15.411 349.579 -4988.251 -92.621 61.951 406.494 15.869 -10.986 582.275 60.12 211.792 227.661 145.416 -664.825 123.444 34.485 95.978 99.182 68.512 2511.749 2291.107 实验室 1 074
4439151 4839 2025/12/24 11:18:37 P18 0 0 0 0 0 0 0 77.209 176.544 659.027 14.038 205.383 125.58 3780.518 15.564 38.757 824.89 -18.158 127.258 174.561 70.343 307.77 318.298 206.299 166.016 15.869 349.884 -4989.624 -81.177 63.934 400.696 15.869 -10.529 581.665 60.272 211.639 227.661 146.79 -665.283 123.291 34.485 94.757 101.776 72.784 2511.292 2290.344 实验室 1 074
4439152 4839 2025/12/24 11:18:38 P18 0 0 0 0 0 0 0 76.904 177.307 657.959 16.479 206.909 124.359 3780.67 46.692 9.003 826.569 -17.242 128.326 173.95 70.038 307.159 317.688 207.825 166.321 14.801 348.816 -4990.997 -25.024 61.646 378.723 15.106 -10.681 581.97 61.34 211.639 227.509 143.28 -666.199 122.833 33.569 85.754 98.877 72.327 2511.749 2290.955 实验室 1 074
4439153 4839 2025/12/24 11:18:39 P18 0 0 0 0 0 0 0 76.904 177.307 657.959 16.479 206.909 124.359 3780.67 46.692 9.003 826.569 -17.242 128.326 173.95 70.038 307.159 317.688 207.825 166.321 14.801 348.816 -4990.997 -25.024 61.646 378.723 15.106 -10.681 581.97 61.34 211.639 227.509 143.28 -666.199 122.833 33.569 85.754 98.877 72.327 2511.749 2290.955 实验室 1 074
4439154 4839 2025/12/24 11:18:40 P18 0 0 0 0 0 0 0 77.82 177.918 658.264 14.801 205.383 125.122 3780.518 30.823 70.038 830.231 -17.7 127.716 173.035 70.343 307.159 317.23 206.604 166.016 14.496 349.426 -4988.098 -27.313 62.103 347.595 14.648 -10.986 581.513 61.646 211.334 227.203 146.637 -665.283 123.444 33.875 83.771 103.455 69.885 2510.529 2290.497 实验室 1 074
4439155 4839 2025/12/24 11:18:41 P18 0 0 0 0 0 0 0 77.209 177.46 657.806 14.191 205.536 126.038 3780.518 39.978 128.021 822.754 -16.785 127.411 173.798 70.496 307.007 317.841 206.604 166.626 15.411 349.121 -4988.708 -38.3 61.646 324.097 15.106 -11.139 581.818 60.425 211.487 228.272 145.264 -665.894 122.681 33.417 80.566 106.964 72.021 2510.681 2292.48 实验室 1 074
4439156 4839 2025/12/24 11:18:42 P18 0 0 0 0 0 0 0 77.515 176.849 655.365 13.275 205.536 124.664 3781.586 41.809 116.119 822.907 -17.548 127.716 174.255 70.496 307.159 317.993 206.299 166.779 14.954 350.952 -4988.251 -27.466 62.256 345.764 14.648 -10.529 581.513 61.646 211.487 226.898 147.4 -666.046 123.291 33.722 85.297 102.844 70.496 2511.292 2295.99 实验室 1 074
4439157 4839 2025/12/24 11:18:43 P18 0 0 0 0 0 0 0 77.362 177.612 657.349 14.648 204.773 125.122 3780.518 17.548 110.169 820.465 -17.853 127.869 173.492 71.564 307.159 317.688 206.451 166.321 14.648 349.274 -4987.183 -28.534 61.646 353.241 14.954 -11.139 580.902 60.12 210.877 226.44 147.247 -665.741 122.833 34.485 83.008 101.776 67.596 2510.834 2290.039 实验室 1 074
4439158 4839 2025/12/24 11:18:44 P18 0 0 0 0 0 0 0 77.209 178.375 657.501 14.191 206.299 126.038 3780.518 40.894 120.697 830.994 -17.09 128.479 173.492 70.343 307.312 317.841 206.299 166.473 14.954 348.511 -4987.793 3.967 60.73 347.9 14.954 -11.139 580.139 60.73 210.877 226.44 147.553 -665.588 122.528 33.112 86.517 100.861 70.801 2513.123 2292.633 实验室 1 074
4439159 4839 2025/12/24 11:18:45 P18 0 0 0 0 0 0 0 77.057 176.849 657.806 14.496 205.078 125.427 3782.654 11.444 113.22 836.639 -17.395 127.564 173.95 70.038 307.159 318.756 205.841 166.321 14.954 349.426 -4989.929 -23.346 64.24 342.865 14.496 -11.292 579.987 59.509 210.114 226.593 146.637 -666.504 122.986 34.027 89.264 100.403 71.106 2511.597 2290.039 实验室 1 074
4439160 4839 2025/12/24 11:18:46 P18 0 0 0 0 0 0 0 77.209 177.155 657.196 14.496 205.383 125.275 3781.738 26.855 36.621 827.484 -17.7 127.564 174.561 70.343 307.159 318.451 205.994 166.168 14.801 349.121 -4989.776 -5.493 59.662 318.756 16.327 -10.529 579.376 60.272 210.877 226.44 149.231 -665.283 122.833 34.027 88.654 94.147 73.395 2510.986 2289.429 实验室 1 074
4439161 4839 2025/12/24 11:18:47 P18 0 0 0 0 0 0 0 77.515 178.986 656.891 14.343 204.315 125.427 3782.349 23.346 -65.308 825.501 -17.242 127.106 173.492 70.038 307.465 316.925 206.757 166.473 14.648 349.274 -4990.234 36.621 63.019 338.745 15.106 -10.986 580.444 60.12 210.724 226.593 146.179 -665.588 121.918 33.875 77.82 98.572 69.275 2511.444 2290.344 实验室 1 074
4439162 4839 2025/12/24 11:18:48 P18 0 0 0 0 0 0 0 77.667 178.223 655.212 14.343 205.689 125.58 3782.349 45.013 -104.37 833.435 -16.632 127.564 173.492 69.733 306.854 317.841 205.994 166.473 14.648 348.511 -4990.387 34.18 60.272 353.699 14.801 -10.834 579.071 60.73 210.266 225.983 146.637 -665.131 122.376 32.959 86.517 99.03 68.97 2512.054 2295.227 实验室 1 074
4439163 4839 2025/12/24 11:18:49 P18 0 0 0 0 0 0 0 77.209 176.697 657.044 14.191 204.926 125.427 3781.738 35.858 -112.305 828.705 -17.7 127.411 174.255 69.733 307.922 317.993 205.689 166.016 14.343 349.121 -4990.387 86.06 62.103 372.62 14.801 -11.597 578.919 59.814 210.266 226.44 149.536 -666.351 122.528 33.722 88.806 98.114 69.275 2512.512 2286.682 实验室 1 074
4439164 4839 2025/12/24 11:18:50 P18 0 0 0 0 0 0 0 77.209 177.155 656.433 14.343 205.536 125.732 3780.975 41.809 -43.182 834.961 -17.853 127.411 173.492 69.58 307.617 317.993 205.689 166.168 14.496 348.969 -4991.607 75.531 61.34 337.83 15.717 -11.444 578.766 59.509 210.724 225.678 145.874 -665.741 122.833 33.264 87.128 98.267 68.359 2510.986 2289.276 实验室 1 074
4439165 4839 2025/12/24 11:18:51 P18 0 0 0 0 0 0 0 77.972 177.46 655.975 14.343 205.383 125.275 3780.365 22.736 -0.153 835.114 -16.632 127.411 173.798 71.106 307.159 317.841 205.383 165.863 14.954 348.663 -4989.624 120.239 61.798 373.993 14.648 -10.986 578.156 59.967 210.724 226.135 145.874 -666.809 122.376 33.417 91.858 104.523 70.19 2511.902 2289.581 实验室 1 074
4439166 4839 2025/12/24 11:18:52 P18 0 0 0 0 0 0 0 76.904 177.307 656.281 14.801 205.231 125.427 3780.212 14.801 44.708 826.111 -17.09 127.869 173.34 70.343 306.702 317.383 205.689 165.863 14.954 349.426 -4988.403 98.572 58.746 390.32 14.648 -10.529 575.104 59.052 210.571 225.983 144.043 -665.131 122.528 32.501 86.365 103.607 68.97 2510.986 2291.718 实验室 1 074
4439167 4839 2025/12/24 11:18:53 P18 0 0 0 0 0 0 0 77.82 177.307 655.67 14.801 205.231 125.427 3780.06 46.844 -86.06 823.975 -17.548 127.258 173.798 70.648 307.617 317.841 205.994 166.168 14.648 348.969 -4987.793 87.738 60.272 390.32 15.411 -10.223 578.308 60.577 210.114 225.372 144.959 -666.809 122.986 33.264 84.686 98.572 68.359 2510.834 2290.344 实验室 1 074
4439168 4839 2025/12/24 11:18:54 P18 0 0 0 0 0 0 0 77.667 177.155 655.975 15.259 205.383 124.817 3781.433 45.624 -272.827 835.114 -17.548 126.953 173.645 70.496 307.007 317.078 205.536 166.626 14.954 348.816 -4988.403 121.155 59.814 349.884 14.954 -10.681 578.766 59.662 209.808 225.22 143.89 -665.741 122.986 33.722 85.449 95.825 74.158 2510.986 2290.344 实验室 1 074
4439169 4839 2025/12/24 11:18:55 P18 0 0 0 0 0 0 0 77.82 177.46 655.365 14.343 204.315 125.275 3780.518 20.905 -263.977 816.345 -17.09 127.411 173.798 69.427 306.854 318.146 205.383 166.473 15.564 349.426 -4989.929 191.193 59.204 348.816 15.259 -11.444 576.935 60.272 210.419 225.83 146.332 -665.283 122.223 34.332 86.823 100.403 71.716 2511.139 2288.971 实验室 1 074
4439170 4839 2025/12/24 11:18:56 P18 0 0 0 0 0 0 0 77.209 177.155 655.212 14.801 205.536 125.58 3782.501 63.782 -177.765 829.163 -17.395 127.106 173.95 69.427 307.159 317.993 205.383 166.016 14.648 349.274 -4988.708 183.563 61.646 341.339 15.106 -10.986 577.393 59.967 209.656 225.983 143.738 -664.978 122.528 34.027 87.738 97.809 69.275 2511.902 2288.971 实验室 1 074
4439171 4839 2025/12/24 11:18:57 P18 0 0 0 0 0 0 0 78.278 177.002 655.518 14.038 205.383 125.275 3781.281 22.888 -93.536 816.65 -17.548 127.258 173.645 70.038 307.007 317.535 205.841 166.321 15.106 348.511 -4990.845 165.71 63.171 359.65 15.869 -10.529 577.087 59.814 209.045 225.067 146.332 -666.504 122.833 33.722 97.046 95.52 70.19 2511.139 2290.192 实验室 1 074
4439172 4839 2025/12/24 11:18:58 P18 0 0 0 0 0 0 0 77.515 177.918 655.212 14.343 204.315 124.97 3782.043 2.899 -8.545 817.108 -17.853 127.106 173.34 69.58 307.007 318.604 205.078 166.321 14.954 350.342 -4990.082 151.825 63.019 386.2 14.954 -10.681 576.782 60.272 209.503 225.22 143.738 -667.267 122.07 34.485 86.975 97.656 74.31 2510.986 2289.886 实验室 1 074
4439173 4839 2025/12/24 11:18:59 P18 0 0 0 0 0 0 0 77.362 178.375 654.907 13.733 204.468 125.732 3781.433 35.706 26.245 822.144 -17.7 127.258 173.798 69.885 307.312 317.078 205.383 166.779 15.869 348.816 -4991.15 99.182 61.798 370.026 14.801 -11.902 576.63 60.12 209.961 225.067 144.806 -667.419 122.07 34.332 86.212 94.91 72.937 2511.444 2290.497 实验室 1 074
4439174 4839 2025/12/24 11:19:00 P18 0 0 0 0 0 0 0 77.057 178.223 656.128 13.886 205.536 125.275 3779.297 -14.954 74.768 828.705 -16.937 126.343 173.95 68.97 306.549 318.298 205.841 166.473 14.954 349.274 -4991.607 90.027 62.714 358.582 14.801 -10.834 576.477 59.509 209.351 224.609 144.348 -664.215 122.07 33.722 81.94 99.64 68.97 2510.376 2290.497 实验室 1 074
4439175 4839 2025/12/24 11:19:01 P18 0 0 0 0 0 0 0 78.125 177.46 654.755 15.259 204.468 125.732 3781.128 39.063 87.738 823.517 -17.7 126.648 173.645 69.275 307.312 317.841 205.231 166.168 14.343 348.511 -4990.54 51.575 59.967 353.546 12.665 -10.834 576.477 59.509 209.045 224.915 144.959 -666.351 122.376 33.417 83.771 92.926 68.97 2510.986 2294.464 实验室 1 074
4439176 4839 2025/12/24 11:19:02 P18 0 0 0 0 0 0 0 77.209 177.46 654.45 14.191 204.163 125.275 3782.501 40.894 68.207 829.62 -17.548 127.564 173.187 69.58 307.007 317.688 205.383 167.236 15.564 348.663 -4990.082 59.357 60.425 379.791 15.259 -10.834 575.409 59.814 210.266 225.372 144.196 -666.657 122.07 34.485 88.196 105.133 72.021 2512.512 2289.734 实验室 1 074
4439177 4839 2025/12/24 11:19:03 P18 0 0 0 0 0 0 0 77.362 177.612 654.297 14.191 204.62 125.427 3782.043 46.844 98.572 826.721 -17.853 126.953 173.95 69.733 307.617 317.383 205.078 166.321 14.496 348.663 -4988.098 80.566 63.629 402.374 15.259 -10.376 575.104 59.509 208.74 224.762 145.721 -666.351 122.376 33.722 82.397 100.708 74.921 2511.749 2289.886 实验室 1 074
