4772991 5626 2025/9/28 14:33:49 P13 76.37 32.76 0 11.63 52.48 931.49 962.17 337.83 583.496 3629.913 314.178 544.434 827.484 562.134 -69.122 -11.444 172.424 -27.161 214.386 930.176 -3.815 658.569 792.694 338.593 447.693 914.764 532.379 -5000 8.392 -8.545 39.673 -30.212 7.019 399.933 126.495 464.478 1029.51 172.119 -1908.875 516.205 184.479 35.095 32.349 48.523 2546.692 2501.221 2115.936 1740.417 1386.871 1023.407 668.03 225.22 27.924 33.264 70.038 3.357 -332.184 -675.507 -1014.557 -1356.506 -1695.557 -2033.844 -2368.622 -2690.887 530.853 730.133 438.843 84.076 1.831 -350.8 -706.329 542 550 761 36.3 42.58 200 72 2408 1 034
4772992 5626 2025/9/28 14:33:50 P13 76.43 32.69 0 11.62 52.46 931.49 962.19 336.304 579.224 3612.061 322.723 534.668 813.446 562.744 11.444 -8.85 155.029 -27.618 212.555 923.615 -5.493 642.395 790.71 331.726 443.115 899.506 523.529 -5000 16.174 -12.36 92.163 -30.365 7.324 397.034 124.207 455.322 1024.475 149.231 -1900.635 504.456 182.19 35.095 25.482 49.744 2547.607 2503.662 2117.615 1742.554 1390.686 1029.053 671.539 226.288 33.112 18.768 72.784 2.136 -350.342 -686.493 -1021.881 -1360.321 -1696.472 -2033.386 -2368.164 -2690.277 531.311 733.185 438.08 84.381 3.51 -346.375 -699.768 542 550 761 36.3 42.58 200 72 2408 1 034
4772993 5626 2025/9/28 14:33:51 P13 76.39 32.69 0 11.67 52.46 957.89 952.73 334.778 578.308 3612.213 329.132 532.837 816.04 562.439 23.041 11.749 154.724 -27.618 212.86 928.04 -6.714 642.853 791.168 332.031 444.489 896.301 520.63 -5000 3.052 -8.698 46.082 -32.043 7.172 397.949 124.512 454.102 1030.121 176.239 -1929.169 505.829 181.274 29.602 28.687 50.049 2543.64 2503.052 2115.173 1742.706 1383.514 1020.355 664.673 219.727 31.281 21.667 71.869 3.357 -333.099 -677.49 -1015.32 -1357.88 -1697.693 -2034.149 -2369.69 -2694.092 531.464 731.049 435.638 84.534 3.357 -348.053 -699.921 542 550 761 36.3 42.58 200 72 2408 1 034
4772994 5626 2025/9/28 14:33:52 P13 76.39 32.69 0 11.63 52.42 941.94 954.16 335.693 578.766 3608.398 323.944 532.227 811.005 562.592 33.264 -16.785 159.454 -27.313 211.945 928.497 -5.341 641.785 788.269 330.963 442.657 900.574 520.63 -5000 10.986 -8.545 -20.447 -31.128 7.477 397.797 124.512 454.559 1034.241 162.506 -1955.109 506.897 179.749 30.212 25.635 49.896 2548.523 2503.204 2109.375 1733.093 1376.648 1009.674 655.67 230.865 28.229 37.842 70.801 7.477 -333.099 -677.948 -1017.151 -1358.032 -1698.608 -2036.591 -2371.826 -2695.77 531.158 730.896 438.385 82.855 3.052 -352.173 -708.008 556 550 761 36.27 42.5 200 71 2408 1 034
4772995 5626 2025/9/28 14:33:53 P13 76.39 32.76 0 11.81 52.37 942.47 954.47 335.236 578.308 3607.483 325.317 532.074 816.193 562.439 -56 -16.327 153.961 -27.466 212.555 927.429 -6.256 642.548 791.779 330.048 443.268 902.252 521.088 -5000 7.019 -8.392 -45.013 -31.891 7.477 398.865 124.817 454.407 1036.377 170.441 -1970.215 506.134 180.664 31.586 28.229 49.286 2542.877 2501.526 2115.021 1742.554 1385.498 1023.56 669.403 227.814 29.449 40.588 72.632 1.221 -332.031 -676.727 -1014.709 -1357.117 -1696.014 -2032.166 -2367.401 -2690.43 532.837 733.185 437.622 83.771 2.441 -351.105 -702.209 558 550 761 36.3 42.44 200 71 2408 1 034
4772996 5626 2025/9/28 14:33:54 P13 76.3 32.65 0 11.82 52.45 942.57 954.56 334.778 578.918 3606.567 324.402 531.921 808.868 562.439 -16.022 -6.866 163.269 -26.55 211.487 927.429 -5.951 641.937 788.116 330.658 442.81 904.388 520.325 -5000 -3.204 -8.698 32.196 -29.907 6.714 397.491 124.054 453.491 1036.682 153.503 -1977.234 506.897 179.443 34.18 32.349 48.828 2546.692 2502.289 2115.784 1745.758 1390.686 1028.595 672.302 227.814 31.433 37.537 73.09 1.831 -328.522 -671.997 -1008.911 -1350.861 -1691.132 -2028.046 -2362.823 -2687.225 533.752 733.185 438.232 85.602 3.052 -346.527 -698.547 552 550 761 36.3 42.42 200 71 2408 1 034
4772997 5626 2025/9/28 14:33:55 P13 76.37 32.71 0 11.69 52.44 942.66 954.59 334.625 578.613 3604.279 325.775 531.311 804.138 563.202 4.12 -0.763 180.359 -27.008 211.792 927.734 -5.951 642.09 789.185 329.59 442.505 904.999 520.63 -5000 -5.951 -8.087 63.171 -30.67 6.409 397.034 124.359 453.796 1037.14 166.779 -1979.98 507.507 179.596 34.332 27.161 49.744 2547.607 2501.984 2114.563 1739.502 1383.667 1017.609 661.469 219.879 30.212 50.201 72.937 2.441 -334.778 -676.27 -1015.32 -1356.964 -1696.32 -2034.454 -2370.3 -2693.481 533.295 733.185 439.453 83.008 5.493 -348.816 -703.43 563 550 761 36.31 42.47 199 71 2408 1 034
4772998 5626 2025/9/28 14:33:56 P13 76.3 32.6 0 11.81 52.44 942.64 954.61 335.236 578.003 3603.821 326.538 530.243 809.326 562.744 -45.776 -3.967 167.694 -25.635 212.25 923.615 -7.782 641.174 790.253 329.742 443.115 907.288 519.409 -5000 -16.632 -8.85 58.746 -29.449 7.629 396.423 124.359 452.576 1038.361 181.885 -1980.896 506.897 179.749 26.703 27.618 49.438 2546.387 2500.916 2109.68 1732.178 1376.648 1010.132 656.738 219.269 28.992 41.199 71.564 6.256 -334.625 -678.864 -1018.066 -1359.558 -1699.829 -2038.269 -2374.268 -2696.381 532.837 731.659 438.995 80.109 3.51 -352.936 -710.144 565 550 762 36.3 42.51 199 70 2408 1 034
4772999 5626 2025/9/28 14:33:57 P13 76.36 32.71 0 11.72 52.54 942.64 954.58 333.862 578.613 3600.769 322.876 530.243 808.868 562.439 25.787 -41.199 156.097 -27.161 212.402 924.988 -6.256 640.411 790.71 328.064 442.81 908.966 519.714 -5000 -14.191 -8.24 28.839 -31.586 6.866 396.423 124.359 451.965 1035.767 169.067 -1979.98 506.897 178.833 35.706 35.706 49.286 2545.166 2502.747 2121.887 1749.42 1397.858 1036.682 679.779 217.133 30.365 27.924 73.09 0.763 -332.489 -673.218 -1009.827 -1351.166 -1688.69 -2025.452 -2359.467 -2682.037 537.72 733.643 437.775 85.449 4.272 -344.238 -696.259 566 550 763 36.31 42.52 199 70 2408 1 034
4773000 5626 2025/9/28 14:33:58 P13 76.33 32.67 0 11.63 52.45 942.65 954.59 333.862 577.24 3600.159 328.827 529.938 809.021 563.354 -78.583 2.136 159.454 -27.313 211.182 927.734 -8.24 638.733 789.642 328.674 442.963 906.372 520.63 -5000 2.441 -9.766 32.043 -30.823 7.477 397.339 123.901 451.355 1036.072 166.168 -1978.607 507.202 178.833 36.316 35.706 49.591 2547.15 2502.289 2117.767 1745.453 1387.787 1027.069 668.64 224.304 27.771 20.599 72.784 0 -333.099 -676.422 -1012.268 -1354.98 -1693.726 -2029.572 -2366.028 -2689.056 533.905 734.1 437.164 85.144 2.136 -346.832 -698.242 567 550 764 36.31 42.43 198 70 2408 1 034
4773001 5626 2025/9/28 14:33:59 P13 76.29 32.7 0 11.52 52.6 942.64 954.61 336.304 576.935 3591.309 325.928 529.48 807.037 562.744 -5.188 -21.515 166.626 -27.924 212.708 922.699 -6.409 638.123 791.321 327.759 441.895 910.034 518.188 -5000 -8.698 -10.223 -7.324 -30.823 7.019 395.66 123.749 451.202 1033.783 152.74 -1977.081 507.202 180.511 32.959 28.229 49.744 2545.166 2503.357 2114.258 1739.502 1379.7 1016.388 660.706 227.051 28.992 11.292 73.395 2.594 -333.557 -678.101 -1015.778 -1358.643 -1698.761 -2034.454 -2371.826 -2693.939 534.058 735.779 437.622 84.229 0.916 -352.325 -704.041 567 550 765 36.28 42.45 198 69 2408 1 034
4773002 5626 2025/9/28 14:34:00 P13 76.23 32.69 0 12.01 52.53 942.63 954.61 336.456 577.545 3596.954 328.064 528.107 812.073 563.507 2.441 -4.425 164.948 -27.313 212.555 921.021 -6.256 638.123 790.405 326.843 443.268 911.407 518.341 -5000 -2.289 -7.935 -37.994 -31.281 6.409 395.966 124.054 450.897 1032.41 156.708 -1976.013 507.202 177.917 31.128 29.144 49.896 2545.929 2502.747 2112.122 1732.33 1376.343 1013.184 657.806 221.252 29.755 40.436 71.869 4.73 -337.219 -680.695 -1019.287 -1362.61 -1699.829 -2037.659 -2377.319 -2697.754 533.295 731.964 438.995 81.787 4.425 -351.105 -706.94 555 550 766 36.33 42.43 197 69 2408 1 034
4773003 5626 2025/9/28 14:34:01 P13 76.28 32.67 0 11.46 52.5 942.62 954.6 335.846 577.24 3595.428 328.827 527.954 805.511 563.049 -58.594 -16.937 176.544 -27.466 211.334 922.699 -6.866 637.207 790.253 325.317 443.115 910.95 517.731 -5000 -7.324 -8.545 13.275 -30.975 6.714 396.729 123.291 450.439 1030.731 173.645 -1975.555 507.507 179.138 31.128 24.719 50.354 2546.387 2503.204 2121.124 1748.962 1396.637 1037.14 679.932 234.68 27.924 46.082 69.733 4.12 -331.421 -672.302 -1009.369 -1352.081 -1688.995 -2026.978 -2361.298 -2683.868 534.21 735.321 439.453 85.907 2.289 -347.137 -697.479 571 550 767 36.3 42.5 196 68 2408 1 034
4773004 5626 2025/9/28 14:34:02 P13 76.28 32.7 0 11.46 52.48 942.63 954.6 334.93 576.324 3594.055 329.59 527.802 810.089 563.049 -49.133 13.428 142.67 -26.855 210.266 925.903 -6.256 636.902 790.405 325.928 442.81 913.239 516.815 -5000 -7.477 -10.071 -43.945 -31.433 7.477 397.797 123.291 450.592 1029.053 160.37 -1972.809 506.897 178.07 31.738 23.041 49.744 2543.488 2503.662 2117.31 1743.317 1387.177 1027.374 670.776 231.476 26.855 44.25 70.343 4.578 -331.573 -674.133 -1010.895 -1354.218 -1692.657 -2030.029 -2366.18 -2688.293 536.804 735.474 441.132 85.144 3.815 -349.121 -699.921 571 550 767 36.3 42.5 196 68 2408 1 034
4773005 5626 2025/9/28 14:34:03 P13 76.23 32.63 0 11.63 52.54 942.61 954.6 332.642 575.714 3593.903 332.794 527.649 805.664 562.592 26.855 15.106 175.323 -28.076 210.114 926.819 -6.409 636.749 790.405 326.538 443.115 911.255 516.968 -5000 -0.61 -9.308 78.43 -32.349 6.561 398.865 122.986 448.456 1024.475 158.081 -1971.436 506.287 177.765 32.806 25.94 48.523 2543.945 2502.899 2115.631 1737.366 1380.92 1017.456 659.485 232.849 25.94 30.823 71.259 5.798 -334.778 -677.643 -1015.015 -1358.643 -1697.388 -2035.217 -2372.742 -2694.244 534.973 734.1 439.301 84.839 2.899 -351.105 -705.719 546 550 769 36.27 42.48 195 68 2408 1 034
4773006 5626 2025/9/28 14:34:04 P13 76.33 32.63 0 11.58 52.51 942.65 954.58 333.405 576.782 3592.529 333.862 526.886 811.157 562.897 110.474 -14.343 141.144 -26.855 211.182 929.871 -7.019 636.444 789.795 325.012 443.573 911.865 517.731 -5000 5.951 -10.071 -26.245 -31.433 5.951 398.56 123.596 449.066 1024.17 167.389 -1969.299 506.134 177.612 33.722 30.823 49.896 2550.049 2503.51 2110.291 1729.736 1374.207 1007.385 653.839 228.424 28.992 39.978 71.259 0.61 -337.219 -680.847 -1020.203 -1367.95 -1703.796 -2040.71 -2375.488 -2696.991 535.583 737.305 439.453 79.651 3.662 -353.546 -711.212 558 555 770 36.27 42.39 194 68 2408 1 034
4773007 5626 2025/9/28 14:34:05 P13 76.3 32.62 0 11.67 52.52 942.62 954.6 334.015 575.562 3593.292 337.524 528.107 811.31 563.202 66.681 8.85 157.013 -28.229 209.045 923.157 -5.951 636.444 787.811 325.012 443.726 915.833 517.578 -5000 -6.104 -9.613 -65.155 -31.586 5.798 396.729 123.291 448.303 1017.151 176.086 -1968.079 507.812 177.46 34.18 29.602 49.133 2545.624 2501.984 2119.446 1749.573 1398.01 1035.919 679.932 225.067 26.855 45.471 71.716 4.883 -329.895 -670.319 -1009.064 -1350.555 -1688.995 -2026.672 -2359.467 -2683.716 535.583 735.321 437.927 84.686 1.526 -348.663 -698.395 563 555 770 36.28 42.48 192 68 2408 1 034
4773008 5626 2025/9/28 14:34:06 P13 76.33 32.7 0 11.73 52.53 942.63 954.58 334.625 576.324 3591.309 331.116 526.886 809.326 563.049 6.866 -10.071 173.798 -27.466 209.045 925.446 -6.714 636.444 790.1 325.623 442.963 914.764 516.052 -5000 9.613 -9.308 -23.804 -31.586 6.256 397.949 122.681 449.219 1017.761 174.713 -1967.163 507.05 179.901 33.722 29.755 49.744 2544.25 2502.899 2117.31 1744.385 1391.144 1026.917 669.556 224.609 30.212 29.907 71.259 3.357 -331.421 -673.828 -1013.489 -1354.828 -1692.963 -2030.64 -2365.57 -2689.819 534.363 733.49 438.385 84.229 4.12 -345.917 -699.463 572 555 771 36.24 42.45 191 67 2408 1 034
4773009 5626 2025/9/28 14:34:07 P13 76.25 32.74 0 11.7 52.48 942.62 954.59 333.71 576.172 3592.834 336.609 527.191 809.631 563.354 -24.109 -21.82 162.506 -27.313 209.503 922.699 -5.798 635.223 789.185 324.402 443.42 914.001 517.731 -5000 6.256 -9.003 -16.479 -30.975 5.798 397.339 122.833 447.845 1015.32 151.52 -1966.095 507.202 175.781 27.161 24.719 50.964 2548.37 2504.272 2112.427 1737.061 1378.479 1012.878 657.806 222.778 31.433 50.812 71.106 5.493 -335.083 -678.558 -1017.456 -1359.711 -1700.134 -2037.201 -2372.742 -2697.296 535.889 736.237 440.369 83.923 5.951 -350.494 -703.735 564 560 771 36.24 42.58 190 67 2408 1 034
4773010 5626 2025/9/28 14:34:08 P13 76.36 32.67 0 11.72 52.45 942.62 954.6 333.71 575.867 3591.614 334.473 527.802 809.784 563.354 -14.496 -32.959 183.868 -26.703 210.114 924.072 -5.493 635.834 789.032 323.639 443.268 915.527 517.731 -5000 14.343 -8.698 35.858 -31.128 5.798 396.881 122.681 447.235 1004.791 163.727 -1964.569 507.812 176.544 27.924 33.417 48.981 2545.166 2503.052 2113.342 1733.704 1379.547 1017.761 660.706 218.506 29.602 51.422 72.021 4.578 -336.151 -679.932 -1017.609 -1360.016 -1698.608 -2035.522 -2373.81 -2694.855 536.804 734.558 440.826 80.414 4.883 -350.037 -706.635 576 560 770 36.3 42.4 189 67 2408 1 034
4773011 5626 2025/9/28 14:34:09 P13 76.26 32.7 0 11.69 52.39 942.64 954.62 333.557 576.782 3592.224 338.135 527.191 812.073 563.202 -33.722 14.648 171.661 -27.618 209.198 925.903 -5.341 633.85 789.49 323.944 442.81 915.527 516.815 -5000 6.104 -8.698 -44.403 -32.196 6.866 397.339 122.986 447.693 1006.012 182.648 -1963.196 508.118 176.544 32.654 31.281 49.438 2545.776 2503.052 2120.514 1746.521 1396.027 1035.919 676.575 219.879 26.855 37.537 71.869 2.441 -332.031 -673.218 -1009.979 -1351.624 -1689.301 -2026.062 -2362.671 -2685.394 536.346 737 439.758 84.839 1.831 -346.68 -698.853 566 560 770 36.24 42.45 189 67 2408 1 034
4773012 5626 2025/9/28 14:34:10 P13 76.19 32.71 0 11.78 52.45 942.62 954.6 333.252 577.087 3591.309 340.271 527.344 811.768 563.507 179.138 -2.136 146.79 -27.161 209.351 928.04 -5.188 637.054 789.49 323.792 443.268 916.29 516.815 -5000 2.899 -9.003 -55.237 -31.128 6.104 398.102 122.681 447.54 1002.655 171.509 -1961.975 504.913 177.002 37.384 25.177 49.744 2548.37 2501.373 2103.119 1730.957 1379.089 1018.219 660.706 223.694 26.093 44.098 70.953 6.104 -332.031 -674.896 -1012.878 -1356.506 -1695.251 -2031.555 -2368.622 -2690.887 536.804 734.863 440.216 84.991 1.984 -348.358 -702.209 574 560 770 36.28 42.42 188 67 2408 1 034
4773013 5626 2025/9/28 14:34:11 P13 76.22 32.7 0 11.7 52.41 942.62 954.61 332.794 577.087 3592.072 338.593 527.649 812.683 563.049 31.586 16.479 138.55 -27.161 209.503 923.309 -5.188 636.444 789.185 323.029 443.573 915.833 517.578 -5000 -2.441 -10.376 56.152 -31.891 6.409 396.729 122.528 448.456 1002.35 137.177 -1961.365 506.897 176.544 31.738 28.229 49.286 2549.133 2502.441 2112.274 1732.178 1376.038 1012.115 655.67 220.337 30.67 25.787 70.953 2.594 -338.44 -680.847 -1019.135 -1362 -1701.66 -2039.642 -2378.693 -2698.517 536.804 736.694 440.826 83.466 5.188 -351.105 -707.245 568 560 769 36.3 42.38 188 67 2408 1 034
4773014 5626 2025/9/28 14:34:12 P13 76.22 32.69 0 11.87 52.36 942.65 954.61 333.099 577.545 3591.614 339.508 527.649 804.138 563.812 -31.586 -32.959 152.74 -28.229 210.266 927.887 -5.341 636.139 786.743 322.723 443.115 915.985 517.12 -5000 4.425 -9.46 116.73 -30.823 6.866 398.254 122.528 448.151 1002.197 146.484 -1959.991 507.965 177.002 39.215 27.466 49.286 2548.676 2502.136 2122.345 1748.505 1393.585 1036.987 680.389 220.795 25.94 15.259 70.496 4.578 -330.505 -672.15 -1009.216 -1351.471 -1688.69 -2024.994 -2359.619 -2683.563 536.194 735.626 439.453 87.28 3.052 -345.764 -698.09 568 560 769 36.3 42.38 188 67 2408 1 034
4773015 5626 2025/9/28 14:34:13 P13 76.32 32.7 0 11.7 52.43 942.63 954.63 332.794 575.714 3591.309 339.661 527.191 806.274 563.66 -68.359 -15.106 191.04 -28.839 208.74 926.056 -5.646 635.376 788.574 321.35 443.878 916.595 517.273 -5000 7.477 -8.392 45.013 -31.281 5.951 397.797 122.681 447.235 999.298 142.822 -1958.923 507.66 176.697 32.196 25.482 49.896 2547.302 2502.289 2118.988 1744.995 1390.686 1029.816 671.539 214.996 26.55 30.06 70.19 4.578 -332.947 -674.438 -1013.794 -1354.675 -1691.589 -2028.656 -2366.18 -2688.751 536.957 737.457 435.944 85.297 2.899 -346.68 -698.7 578 565 768 36.31 42.46 187 67 2408 1 034
4773016 5626 2025/9/28 14:34:14 P13 76.23 32.67 0 11.65 52.46 942.61 954.61 333.862 576.172 3592.377 337.372 527.344 811.157 563.66 64.85 -3.204 178.07 -27.313 210.724 926.208 -4.883 635.834 788.727 321.808 444.031 914.764 516.815 -5000 4.883 -8.85 52.643 -31.586 6.561 397.644 122.223 447.693 997.314 155.792 -1957.855 506.897 177.002 23.041 28.992 49.438 2549.896 2503.357 2115.326 1736.298 1379.089 1015.778 656.738 218.658 27.008 26.398 71.716 5.646 -332.642 -676.88 -1014.862 -1358.49 -1697.235 -2035.675 -2373.047 -2694.092 536.499 738.068 438.843 83.771 1.984 -350.952 -707.245 578 565 767 36.27 42.42 187 67 2408 1 034
4773017 5626 2025/9/28 14:34:15 P13 76.19 32.63 0 11.75 52.47 942.61 954.6 335.846 575.867 3590.851 337.372 527.191 812.073 563.507 -0.305 11.444 178.375 -28.076 208.893 924.377 -3.967 635.986 789.948 321.808 443.878 919.8 517.12 -5000 -6.256 -9.003 35.706 -31.586 7.324 397.034 124.359 447.54 989.075 166.016 -1955.872 506.897 178.223 25.94 32.043 49.744 2544.556 2503.052 2110.748 1734.772 1378.174 1013.184 660.248 207.825 26.398 38.3 71.259 4.73 -335.693 -680.389 -1019.287 -1360.321 -1700.745 -2038.574 -2372.589 -2695.312 536.804 735.779 437.469 80.872 1.526 -345.917 -707.55 568 565 767 36.3 42.37 186 66 2408 1 034
4773018 5626 2025/9/28 14:34:16 P13 76.25 32.63 0 11.89 52.47 942.63 954.6 332.489 575.867 3592.834 341.797 526.581 806.885 563.812 81.177 -26.855 185.547 -28.687 209.198 927.277 -4.578 637.207 789.795 321.35 443.726 918.427 516.205 -5000 6.256 -8.545 -20.294 -32.806 6.256 398.102 124.054 447.083 992.584 190.735 -1955.719 507.812 177.307 32.806 34.18 49.744 2543.793 2501.526 2115.173 1745.453 1386.871 1027.069 672.15 201.721 29.755 27.008 73.09 4.272 -330.963 -674.133 -1011.2 -1352.844 -1691.132 -2027.435 -2360.84 -2686.462 540.009 738.068 437.927 85.602 4.883 -348.053 -697.784 576 565 768 36.27 42.44 185 66 2408 1 034
4773019 5626 2025/9/28 14:34:17 P13 76.23 32.7 0 11.68 52.48 942.65 954.62 334.93 576.63 3591.614 337.219 526.733 812.225 563.812 43.945 -22.583 173.492 -27.008 209.045 927.429 -4.73 636.749 789.948 320.892 443.878 920.105 518.494 -5000 6.561 -8.85 -20.447 -31.891 4.883 398.865 123.138 447.235 982.971 136.414 -1954.651 507.05 177.917 32.959 30.975 49.286 2546.692 2502.747 2115.479 1739.96 1384.735 1017.914 661.774 202.637 27.313 40.283 71.564 1.984 -333.557 -677.795 -1016.693 -1358.49 -1697.388 -2034.912 -2370.911 -2693.939 537.72 739.594 438.08 83.008 2.594 -350.494 -704.651 567 565 768 36.27 42.47 185 66 2408 1 034
4773020 5626 2025/9/28 14:34:18 P13 76.23 32.73 0 11.63 52.39 942.64 954.59 335.693 576.477 3591.309 340.271 527.039 812.378 563.965 -15.564 31.738 165.558 -27.771 209.198 926.361 -3.967 636.597 789.337 320.587 443.42 919.495 518.646 -5000 -4.73 -9.003 -18.311 -32.196 6.866 398.712 123.749 446.93 989.532 153.656 -1952.972 507.355 178.375 34.637 25.33 49.744 2547.15 2503.204 2108.917 1732.941 1377.716 1011.658 658.569 205.383 24.719 26.855 69.733 5.951 -334.778 -680.084 -1019.592 -1360.474 -1699.829 -2038.116 -2373.81 -2695.312 537.872 737.152 439.606 81.177 3.052 -352.478 -708.771 577 565 768 36.28 42.41 184 66 2408 1 034
4773021 5626 2025/9/28 14:34:19 P13 76.2 32.66 0 11.8 52.38 942.63 954.61 333.405 576.324 3592.529 344.238 527.344 810.242 563.66 33.112 4.578 170.441 -28.229 208.893 928.192 -4.425 636.902 789.337 320.435 443.42 918.274 517.426 -5000 -4.883 -10.223 62.866 -32.654 6.866 397.949 122.986 448.608 985.413 181.427 -1952.972 506.897 176.544 29.602 28.992 49.591 2548.37 2503.204 2112.732 1741.486 1387.177 1024.78 672.455 202.789 31.128 16.479 72.021 5.493 -333.557 -677.338 -1014.862 -1356.506 -1696.167 -2032.318 -2364.349 -2688.751 541.687 735.626 437.775 83.008 5.646 -352.173 -704.193 567 570 767 36.31 42.38 183 66 2408 1 034
4773022 5626 2025/9/28 14:34:20 P13 76.19 32.65 0 11.62 52.53 942.63 954.61 333.557 575.867 3593.14 344.543 527.191 813.599 563.965 94.604 -48.218 148.926 -26.55 209.351 926.971 -4.425 636.292 788.269 320.587 444.031 919.342 518.646 -5000 6.561 -9.155 34.18 -31.891 6.104 398.56 123.596 446.32 984.192 166.779 -1951.141 508.118 176.849 29.297 26.245 48.828 2547.913 2504.272 2114.258 1741.638 1384.277 1018.372 661.926 215.607 26.55 27.313 70.496 5.493 -332.947 -678.101 -1016.388 -1358.032 -1698.151 -2034.454 -2368.011 -2693.176 538.94 737.61 437.775 83.618 1.831 -351.868 -704.193 580 565 767 36.27 42.47 182 66 2408 1 034
4773023 5626 2025/9/28 14:34:21 P13 76.23 32.71 0 11.72 52.43 942.62 954.6 333.099 576.324 3593.597 343.933 527.191 814.819 564.27 -46.539 -37.231 163.727 -28.381 208.282 928.497 -3.815 637.207 789.49 320.282 443.726 919.495 518.799 -5000 3.052 -8.545 45.319 -32.043 5.188 398.254 124.054 446.32 979.614 158.844 -1950.073 507.66 177.002 23.193 34.332 50.812 2545.624 2503.51 2111.206 1730.804 1376.801 1013.336 659.79 216.217 26.55 41.809 71.411 4.12 -334.167 -678.406 -1017.761 -1360.321 -1698.303 -2037.506 -2373.352 -2694.244 536.957 738.831 439.453 79.956 3.51 -353.394 -710.602 569 565 767 36.3 42.42 181 66 2408 1 034
4773024 5626 2025/9/28 14:34:22 P13 76.19 32.76 0 11.7 52.45 942.64 954.63 334.015 574.951 3593.75 343.781 526.733 812.683 563.812 71.564 -32.196 189.056 -26.855 209.961 919.647 -3.662 637.054 790.253 319.977 444.183 920.715 516.968 -5000 -1.068 -9.46 59.814 -32.196 5.951 396.271 123.901 446.93 980.377 180.054 -1949.31 507.355 177.917 28.839 35.4 50.507 2543.488 2504.12 2116.394 1739.502 1385.498 1026.611 670.166 213.318 25.635 28.839 70.801 5.798 -331.421 -674.744 -1010.284 -1353.76 -1691.284 -2027.588 -2364.197 -2685.394 538.483 736.389 440.369 82.855 3.815 -350.8 -704.041 581 565 767 36.33 42.37 181 66 2408 1 034
4773025 5626 2025/9/28 14:34:23 P13 76.19 32.66 0 11.72 52.45 942.64 954.61 334.778 576.172 3593.75 342.712 527.802 808.105 563.354 -108.337 -21.973 145.264 -28.381 210.114 928.802 -3.662 635.681 788.574 319.824 443.878 919.342 518.036 -5000 -4.272 -8.24 59.509 -30.212 6.409 398.712 123.444 447.693 975.494 152.893 -1947.632 507.965 176.849 30.06 28.992 48.981 2548.37 2501.984 2121.735 1748.657 1397.705 1038.666 683.136 209.503 24.872 49.286 72.327 5.493 -331.421 -674.133 -1010.284 -1351.776 -1688.538 -2024.841 -2358.704 -2681.427 538.177 737.152 439.453 86.517 2.441 -344.849 -696.564 581 565 767 36.33 42.37 181 66 2408 1 034
4773026 5626 2025/9/28 14:34:24 P13 76.18 32.53 0 11.87 52.36 942.64 954.63 333.557 575.409 3593.14 346.985 527.954 812.225 563.507 -47.607 2.747 154.572 -27.924 206.299 926.361 -3.662 636.902 788.727 319.366 444.183 921.173 519.867 -5000 2.747 -9.613 -20.142 -32.043 5.188 398.254 122.833 445.862 971.527 173.95 -1947.327 508.423 177.002 30.975 34.027 49.133 2548.37 2503.51 2113.037 1735.077 1379.547 1016.693 661.011 202.484 29.907 48.37 72.174 2.136 -337.524 -681 -1017.609 -1360.016 -1698.303 -2034.454 -2373.657 -2694.244 537.567 735.931 438.995 82.397 5.798 -352.631 -707.855 571 565 767 36.3 42.4 180 66 2408 1 034
4773027 5626 2025/9/28 14:34:25 P13 76.09 32.67 0 11.92 52.45 942.67 954.61 334.93 575.867 3594.666 346.527 527.191 813.751 564.117 62.103 -2.441 166.321 -28.534 208.74 915.527 -2.899 637.817 789.642 319.977 443.42 921.783 517.12 -5000 4.883 -8.392 -31.891 -32.196 5.951 395.508 122.528 447.54 968.933 163.574 -1946.869 507.507 177.307 34.027 35.706 49.896 2541.656 2503.815 2114.258 1744.385 1388.55 1028.9 675.659 208.13 26.093 49.286 71.106 2.594 -332.489 -676.727 -1012.726 -1353.455 -1692.505 -2029.419 -2363.129 -2685.699 539.551 734.711 438.538 82.855 3.052 -351.257 -703.583 570 565 767 36.27 42.33 180 66 2408 1 034
4773028 5626 2025/9/28 14:34:26 P13 76.09 32.73 0 11.92 52.46 942.65 954.62 334.015 575.562 3592.987 346.832 527.191 813.141 563.965 41.199 -9.003 168.152 -28.687 209.198 926.056 -3.204 638.428 789.642 319.366 442.657 919.189 516.815 -5000 3.815 -8.087 22.888 -32.806 5.951 398.56 122.528 447.083 971.222 170.288 -1945.953 507.812 178.223 38.147 31.128 49.896 2543.335 2501.984 2118.378 1749.878 1396.332 1034.393 679.016 208.13 29.449 28.839 73.395 3.204 -333.252 -674.438 -1011.2 -1352.234 -1691.589 -2026.978 -2358.856 -2684.021 539.856 737.457 439.453 86.823 7.629 -348.053 -697.479 578 565 767 36.28 42.41 180 66 2408 1 034
4773029 5626 2025/9/28 14:34:27 P13 76.09 32.6 0 11.78 52.45 942.67 954.62 332.489 575.562 3593.903 346.832 527.802 812.988 564.27 20.447 -33.569 183.258 -28.534 208.435 926.666 -3.204 638.733 787.048 319.061 444.031 920.868 519.104 -5000 7.782 -9.766 -35.248 -32.959 4.578 398.102 122.986 446.625 969.238 191.04 -1944.427 507.965 177.307 32.806 29.907 49.438 2546.844 2501.984 2116.699 1741.028 1388.245 1024.17 669.861 208.13 28.687 34.18 73.395 1.678 -335.236 -675.507 -1015.625 -1358.643 -1696.777 -2034.149 -2368.469 -2691.193 538.025 736.847 440.063 81.94 4.73 -347.9 -703.735 579 560 767 36.28 42.42 179 66 2408 1 034
4773030 5626 2025/9/28 14:34:28 P13 76.25 32.62 0 11.89 52.38 942.64 954.61 333.862 576.172 3594.666 346.985 528.564 812.531 563.812 3.357 -17.7 175.781 -27.466 208.74 926.971 -2.594 636.902 789.49 319.366 444.031 921.173 518.799 -5000 7.629 -9.308 5.951 -31.738 5.188 398.254 122.681 446.32 964.813 197.144 -1943.97 509.033 177.917 32.806 29.907 50.049 2547.607 2502.289 2117.31 1747.131 1393.433 1033.63 678.711 211.029 29.297 30.518 72.021 4.272 -333.252 -677.032 -1013.641 -1355.286 -1693.573 -2029.724 -2362.976 -2686.31 538.94 737.915 439.606 84.839 4.578 -347.443 -697.937 572 565 767 36.26 42.45 179 66 2408 1 034
4773031 5626 2025/9/28 14:34:29 P13 76.18 32.71 0 11.73 52.37 942.62 954.59 334.625 575.562 3593.903 343.628 528.107 811.462 564.27 -13.733 -10.223 156.403 -29.449 209.351 924.072 -2.747 637.512 788.116 318.451 444.183 922.394 518.646 -5000 7.477 -8.24 62.103 -31.128 7.172 397.949 122.528 446.93 966.949 139.313 -1943.817 506.592 178.223 34.943 38.3 49.744 2549.133 2503.662 2116.241 1744.843 1387.787 1028.137 671.539 210.419 26.245 29.449 70.953 5.035 -329.132 -672.76 -1008.759 -1354.218 -1691.895 -2027.74 -2360.382 -2683.716 538.94 740.204 438.995 86.06 3.51 -349.274 -699.005 579 565 767 36.33 42.44 178 65 2408 1 034
4773032 5626 2025/9/28 14:34:30 P13 76.18 32.7 0 11.65 52.41 942.63 954.6 335.083 576.324 3594.055 344.086 527.649 811.157 564.117 -10.071 -12.97 166.626 -27.466 209.656 923.157 -2.289 638.275 790.1 317.993 443.726 921.936 518.799 -5000 -2.136 -8.392 31.281 -30.975 5.798 398.102 122.528 447.388 966.187 164.948 -1941.986 507.355 178.528 31.738 37.689 50.049 2545.776 2501.526 2111.816 1736.908 1380.005 1013.794 660.553 208.435 26.093 34.79 71.411 2.136 -331.268 -676.117 -1014.709 -1358.49 -1697.388 -2034.454 -2370.148 -2693.634 539.703 738.983 437.622 82.55 2.747 -352.02 -705.414 572 565 767 36.3 42.42 178 65 2408 1 034
4773033 5626 2025/9/28 14:34:31 P13 76.1 32.65 0 11.72 52.58 942.61 954.61 332.642 575.867 3593.14 348.358 528.87 809.631 564.423 -21.057 15.106 167.084 -28.076 208.893 926.208 -2.441 638.428 789.032 318.146 444.336 921.478 519.104 -5000 -3.357 -10.071 -66.376 -31.433 5.493 398.102 120.85 446.167 963.287 173.34 -1941.681 509.033 177.917 31.281 28.687 49.896 2547.455 2502.136 2120.209 1751.404 1399.536 1037.598 682.068 206.604 28.534 9.613 70.496 6.409 -328.979 -670.776 -1008.759 -1349.182 -1687.469 -2024.841 -2357.178 -2682.495 538.635 737.457 442.047 85.602 4.425 -346.069 -696.716 579 565 768 36.28 42.33 177 65 2408 1 034
4773034 5626 2025/9/28 14:34:32 P13 76.09 32.74 0 11.8 52.47 942.62 954.61 332.489 574.493 3595.734 349.121 529.022 809.479 564.575 -62.561 -12.054 182.343 -28.534 209.045 926.971 -2.289 638.275 789.032 317.993 444.946 921.173 518.494 -5000 -4.272 -8.087 7.629 -33.112 5.798 399.475 119.934 445.709 960.388 158.386 -1941.833 506.897 178.07 31.281 29.297 49.591 2543.488 2501.831 2118.378 1743.622 1388.702 1027.832 668.945 201.569 28.992 28.687 71.716 2.899 -334.93 -676.27 -1013.031 -1355.286 -1693.878 -2030.945 -2369.08 -2690.125 539.093 739.136 437.775 84.991 4.425 -347.29 -700.684 582 560 768 36.3 42.38 177 65 2408 1 034
4773035 5626 2025/9/28 14:34:33 P13 76.08 32.67 0 11.7 52.43 942.63 954.6 333.252 574.951 3596.497 350.647 527.954 816.956 564.728 43.488 -27.008 177.46 -28.381 209.351 919.952 -1.984 638.428 789.337 318.298 444.336 921.478 518.036 -5000 -1.526 -8.087 2.136 -31.891 6.714 397.644 121.307 445.404 958.557 157.166 -1940.308 507.355 177.155 29.144 28.381 50.507 2545.166 2502.136 2110.901 1735.382 1374.359 1010.132 655.823 211.792 24.567 32.959 71.564 2.747 -334.625 -680.847 -1018.066 -1360.474 -1700.134 -2037.201 -2373.962 -2697.144 540.009 739.746 438.843 82.55 2.136 -354.767 -708.466 580 565 768 36.26 42.44 176 65 2408 1 034
4773036 5626 2025/9/28 14:34:34 P13 75.99 32.65 0 11.68 52.49 942.63 954.59 333.099 574.951 3595.276 350.037 528.412 812.378 564.117 -57.678 -18.005 184.326 -28.534 208.435 927.887 -2.136 638.275 788.269 318.146 445.099 921.173 519.562 -5000 -3.51 -8.545 -44.098 -30.67 7.324 398.254 119.171 447.083 957.794 184.631 -1939.24 505.981 177.155 30.975 33.722 49.896 2548.523 2501.831 2115.479 1742.554 1384.888 1023.56 669.708 205.231 27.008 36.316 71.564 1.526 -333.252 -677.49 -1014.252 -1356.812 -1695.557 -2031.86 -2366.028 -2687.683 540.314 739.899 437.927 84.534 3.815 -351.257 -702.667 580 565 768 36.26 42.44 176 65 2408 1 034
4773037 5626 2025/9/28 14:34:35 P13 76.02 32.6 0 11.73 52.43 942.64 954.6 333.862 577.393 3594.818 349.426 528.87 815.582 563.965 92.01 -20.294 175.323 -28.992 208.13 923.615 -0.916 638.123 789.337 317.078 443.573 922.089 518.951 -5000 -10.681 -8.85 37.842 -32.501 5.493 397.644 118.866 445.404 953.979 177.002 -1939.392 508.118 176.392 29.144 32.501 49.438 2545.929 2501.221 2114.258 1740.57 1381.226 1016.846 661.774 207.062 28.076 32.959 71.411 2.747 -331.879 -675.964 -1014.252 -1357.117 -1697.083 -2033.844 -2370.605 -2694.55 539.093 736.847 439.148 83.771 3.815 -349.884 -702.972 581 565 768 36.31 42.4 176 65 2408 1 034
4773038 5626 2025/9/28 14:34:36 P13 76.09 32.74 0 11.82 52.45 942.67 954.61 332.947 574.951 3594.971 349.426 528.564 813.904 565.033 43.335 -10.986 162.201 -27.466 209.198 927.734 -1.373 637.97 788.269 317.078 444.183 921.631 519.562 -5000 -10.986 -9.308 21.82 -31.738 7.019 399.323 118.408 447.235 955.2 161.743 -1938.171 508.27 177.002 33.112 32.959 49.744 2548.828 2502.441 2112.427 1736.145 1382.141 1017.151 662.537 207.52 24.719 40.436 70.648 4.883 -335.083 -679.016 -1018.372 -1360.168 -1698.761 -2036.743 -2372.437 -2693.024 539.856 738.678 436.096 80.566 4.883 -351.257 -708.923 579 565 768 36.27 42.39 176 65 2408 1 034
4773039 5626 2025/9/28 14:34:37 P13 76.13 32.69 0 11.9 52.43 942.64 954.61 333.557 574.493 3594.513 346.68 529.327 815.735 564.728 -57.068 -2.594 189.362 -28.076 210.266 927.582 0 638.58 787.354 317.078 444.489 923.767 519.409 -5000 6.714 -9.003 57.526 -32.501 5.798 399.017 119.019 445.557 955.811 168.152 -1937.408 507.05 176.697 26.245 32.654 49.896 2550.049 2503.662 2118.988 1744.232 1390.686 1030.579 674.896 209.656 27.771 42.419 70.343 4.578 -333.405 -676.27 -1013.641 -1355.286 -1691.589 -2028.351 -2363.586 -2684.479 538.33 735.779 439.453 83.466 5.035 -344.391 -700.378 580 565 768 36.26 42.37 176 65 2408 1 034
4773040 5626 2025/9/28 14:34:38 P13 76.06 32.66 0 11.77 52.33 942.64 954.59 334.167 575.562 3592.682 350.494 529.48 810.547 564.728 -4.272 -1.831 161.896 -28.229 209.045 928.345 -0.305 638.733 787.048 317.078 443.268 922.241 519.562 -5000 2.289 -9.766 -0.916 -31.281 5.646 398.102 117.798 446.625 949.86 160.217 -1937.408 507.812 177.612 31.738 29.602 49.438 2546.844 2502.136 2120.361 1745.758 1394.348 1033.783 675.507 211.792 25.024 27.008 71.869 4.73 -332.947 -673.981 -1010.59 -1359.1 -1693.42 -2029.266 -2361.45 -2685.242 538.33 738.22 437.927 86.212 2.136 -346.985 -699.005 565 565 769 36.31 42.46 175 65 2408 1 034
4773041 5626 2025/9/28 14:34:39 P13 76.02 32.67 0 11.8 52.55 942.64 954.6 333.71 575.867 3595.886 349.884 528.717 811.157 565.186 17.242 -9.918 183.868 -28.534 208.282 925.751 -0.61 638.428 786.438 316.772 444.336 919.189 519.104 -5000 -4.272 -8.545 59.357 -31.891 6.409 399.323 116.73 447.388 950.165 158.081 -1936.34 508.575 177.155 25.482 26.55 49.438 2547.76 2502.594 2118.073 1740.723 1387.329 1025.391 668.488 205.078 26.855 33.875 69.733 4.272 -334.625 -676.88 -1014.862 -1356.659 -1693.726 -2030.792 -2366.638 -2687.531 539.551 740.662 439.758 84.229 3.052 -350.8 -705.566 581 565 769 36.26 42.47 175 65 2408 1 034
4773042 5626 2025/9/28 14:34:40 P13 76.02 32.67 0 11.99 52.55 947.2 954.6 331.421 576.63 3595.276 346.069 529.48 808.258 564.728 -7.172 -5.341 156.097 -27.924 209.656 927.124 0.763 640.106 788.269 316.925 444.794 923.615 520.325 -5000 -2.136 -8.087 18.616 -32.043 5.798 398.56 116.73 446.93 949.86 170.288 -1935.12 507.965 177.307 27.618 24.719 49.438 2549.591 2501.526 2119.141 1750.183 1395.111 1034.393 681.458 205.383 29.297 34.332 69.122 6.256 -332.947 -674.438 -1010.132 -1351.166 -1689.453 -2025.146 -2358.551 -2682.495 538.788 738.525 440.369 84.534 5.493 -348.663 -699.005 572 560 769 36.26 42.47 175 65 2408 1 034
4773043 5626 2025/9/28 14:34:41 P13 76.05 32.66 0 11.77 52.5 947.19 954.6 333.557 575.562 3595.886 351.41 529.327 815.43 564.728 -21.82 -7.019 184.479 -27.618 209.503 925.446 0.61 638.733 787.964 316.467 445.099 922.089 520.02 -5000 -2.441 -9.308 2.289 -31.433 5.188 398.865 114.441 444.641 944.366 177.002 -1934.509 508.118 176.239 35.706 29.602 50.201 2547.607 2502.899 2117.767 1744.537 1393.433 1029.663 672.76 203.857 28.687 51.575 72.327 3.51 -332.031 -673.218 -1011.658 -1352.997 -1691.132 -2029.724 -2364.807 -2688.599 539.703 736.694 439.453 83.618 4.12 -349.121 -700.684 580 560 769 36.26 42.41 175 65 2408 1 034
4773044 5626 2025/9/28 14:34:42 P13 76.06 32.71 0 11.7 52.45 947.18 954.6 333.862 575.867 3595.581 346.527 529.633 813.599 564.575 -82.55 4.73 139.465 -28.534 209.808 923.309 1.221 639.191 786.896 316.01 443.115 923.462 519.562 -5000 8.392 -9.46 57.068 -31.891 6.561 396.881 117.188 446.014 947.418 180.054 -1934.967 507.965 178.223 34.485 33.417 49.591 2548.218 2503.51 2114.258 1735.229 1378.479 1012.726 655.67 197.449 30.823 34.18 71.716 0 -331.421 -678.558 -1018.677 -1361.542 -1699.829 -2037.659 -2373.81 -2695.618 540.161 739.594 437.927 80.872 2.289 -349.274 -706.024 574 560 768 36.24 42.51 175 65 2408 1 034
4773045 5626 2025/9/28 14:34:43 P13 76.05 32.71 0 11.67 52.44 947.21 954.61 332.184 575.104 3596.039 350.647 528.564 814.972 565.186 -53.864 8.545 180.206 -26.855 208.74 928.192 0.916 639.343 788.422 316.315 445.251 922.852 520.477 -5000 0.763 -9.155 -11.597 -31.891 4.73 398.56 114.746 445.862 945.435 172.272 -1934.204 507.05 177.612 36.926 29.907 49.896 2548.523 2501.831 2121.582 1749.725 1394.653 1035.614 679.321 201.569 27.618 35.4 72.479 2.136 -333.099 -674.286 -1010.437 -1353.149 -1690.674 -2026.672 -2360.535 -2681.885 539.703 733.948 438.69 86.975 5.646 -344.696 -695.801 583 560 767 36.21 42.32 175 65 2408 1 034
4773046 5626 2025/9/28 14:34:44 P13 76.15 32.74 0 11.82 52.29 947.21 954.59 332.031 575.104 3596.344 352.173 528.87 814.514 564.88 71.411 18.768 146.027 -27.771 209.198 920.105 1.221 638.733 787.811 316.315 444.794 922.089 519.714 -5000 -3.967 -8.392 29.602 -32.043 6.714 396.881 114.746 446.472 944.061 169.22 -1933.289 508.118 178.68 30.518 30.67 48.676 2549.896 2504.272 2119.751 1741.486 1388.092 1026.001 669.556 201.416 26.855 29.144 71.259 3.204 -332.336 -673.828 -1012.573 -1355.438 -1693.726 -2032.013 -2367.401 -2688.904 538.025 739.441 437.622 84.229 3.357 -346.832 -700.378 583 560 767 36.21 42.32 175 65 2408 1 034
4773047 5626 2025/9/28 14:34:45 P13 76.08 32.74 0 11.78 52.27 947.19 954.61 333.862 574.646 3589.935 349.426 528.717 816.498 564.88 0.61 14.801 133.362 -28.839 210.266 923.92 0.763 637.97 788.269 315.094 444.336 924.377 519.104 -5000 -2.899 -9.613 -3.204 -31.891 6.866 397.491 113.373 445.709 943.909 157.318 -1932.831 509.033 179.291 28.992 21.057 49.286 2544.25 2503.052 2110.291 1734.161 1374.207 1009.369 655.975 200.195 28.992 37.537 73.547 2.899 -335.236 -680.237 -1019.592 -1360.626 -1700.897 -2037.964 -2378.998 -2698.517 540.466 737.152 439.301 81.024 5.646 -351.868 -707.855 573 560 765 36.27 42.35 175 65 2408 1 034
4773048 5626 2025/9/28 14:34:46 P13 75.98 32.77 0 11.78 52.33 947.18 954.58 332.642 574.646 3596.344 354.767 529.48 816.193 564.88 -21.515 -38.605 151.367 -29.449 210.571 926.056 1.221 637.207 788.574 315.552 444.489 922.852 519.104 -5000 -5.341 -9.003 20.142 -33.264 5.798 398.407 113.373 444.946 940.247 180.817 -1931.763 507.355 177.917 29.449 23.804 53.711 2543.945 2504.272 2120.361 1751.099 1394.806 1035.919 681.305 208.13 26.245 20.752 73.242 2.289 -328.979 -673.065 -1008.759 -1351.471 -1688.995 -2025.299 -2359.314 -2682.343 540.619 739.899 438.843 86.365 1.526 -347.595 -696.106 573 560 763 36.3 42.37 175 65 2408 1 034
4773049 5626 2025/9/28 14:34:47 P13 76.01 32.66 0 11.82 52.52 947.18 954.59 333.252 575.562 3595.886 352.325 529.785 816.193 565.491 44.861 -34.027 184.174 -27.161 209.198 928.04 3.357 639.343 787.659 315.552 444.031 923.92 521.088 -5000 -3.662 -8.24 -8.545 -32.043 6.104 398.865 109.253 445.099 930.939 166.016 -1931.458 508.118 176.697 29.297 22.583 49.591 2546.997 2504.272 2116.394 1745.3 1387.024 1023.56 667.419 211.182 28.381 6.561 72.632 4.425 -334.32 -676.727 -1014.099 -1356.506 -1696.167 -2032.623 -2367.096 -2692.871 536.652 737.152 440.369 84.076 6.104 -347.137 -699.005 580 560 762 36.27 42.45 175 65 2408 1 034
4773050 5626 2025/9/28 14:34:48 P13 75.93 32.7 0 11.87 52.3 947.2 954.61 333.099 576.019 3595.734 351.868 529.175 816.956 565.338 -30.975 -9.46 168.762 -28.992 209.503 926.208 1.831 637.97 787.659 315.704 444.641 923.309 520.325 -5000 3.967 -7.935 74.005 -32.043 4.73 398.712 112.61 445.099 939.941 168.152 -1930.847 508.575 176.239 35.248 29.907 50.049 2547.455 2501.526 2111.053 1734.924 1374.512 1010.895 656.128 207.062 25.635 8.24 70.953 5.035 -332.336 -678.406 -1015.778 -1359.253 -1698.761 -2036.133 -2373.962 -2696.533 539.856 737.152 437.775 82.245 0.153 -353.851 -708.008 564 560 761 36.28 42.38 175 65 2408 1 034
4773051 5626 2025/9/28 14:34:49 P13 76.01 32.74 0 11.89 52.44 947.19 954.57 333.557 574.036 3596.344 355.988 529.785 817.566 565.491 -2.899 -11.139 158.081 -27.618 209.961 927.429 2.441 638.58 788.422 315.247 445.099 924.683 519.867 -5000 3.967 -8.545 48.523 -31.738 5.951 398.56 112.305 443.268 937.195 173.34 -1929.321 507.355 176.849 34.485 31.281 48.981 2542.877 2502.289 2116.394 1741.18 1386.719 1026.611 671.692 196.228 30.212 22.583 71.564 4.578 -334.015 -676.727 -1015.015 -1357.574 -1695.709 -2031.708 -2367.706 -2689.056 539.398 734.1 438.69 83.923 3.052 -347.9 -702.209 580 560 760 36.3 42.41 175 65 2408 1 034
4773052 5626 2025/9/28 14:34:50 P13 76.05 32.8 0 11.89 52.38 947.18 954.58 333.405 574.646 3596.802 353.394 528.564 815.887 565.796 11.749 -31.281 157.318 -26.855 209.351 926.208 2.289 639.343 787.964 315.552 445.709 924.835 519.104 -5000 9.308 -9.46 15.106 -31.738 5.493 399.323 111.084 444.794 937.195 169.22 -1930.389 507.66 178.986 36.926 26.855 49.744 2543.182 2501.526 2117.004 1739.044 1383.667 1019.897 662.689 200.958 25.635 26.093 70.953 4.73 -335.083 -677.49 -1015.015 -1357.88 -1695.251 -2032.928 -2370.758 -2692.413 539.398 737 437.927 82.55 4.12 -349.579 -703.888 581 560 759 36.26 42.42 175 65 2408 1 034
4773053 5626 2025/9/28 14:34:51 P13 76.05 32.6 0 11.89 52.43 947.18 954.58 332.642 574.646 3590.698 351.715 529.633 817.413 565.338 46.844 -12.207 173.492 -29.297 210.724 923.767 3.815 639.343 787.354 314.789 444.183 923.157 518.799 -5000 12.665 -9.613 -12.512 -33.417 5.646 397.797 109.253 443.878 932.77 148.315 -1930.389 507.812 177.155 32.654 30.823 50.049 2543.64 2503.357 2111.816 1735.535 1377.411 1015.167 661.926 200.653 25.635 38.147 70.801 2.899 -332.794 -677.948 -1018.372 -1358.49 -1697.083 -2034.912 -2370.911 -2692.261 538.94 735.474 437.622 85.144 4.272 -350.342 -704.803 580 560 758 36.26 42.31 175 65 2408 1 034
4773054 5626 2025/9/28 14:34:52 P13 76.02 32.67 0 11.63 52.47 947.18 954.6 332.642 575.867 3597.412 356.293 529.48 817.108 566.406 -137.634 -22.736 155.64 -29.602 208.282 918.579 2.899 639.343 787.354 315.704 444.946 923.615 520.782 -5000 2.899 -8.698 50.507 -32.043 5.188 396.271 108.948 444.183 930.328 152.74 -1929.321 507.965 177.917 33.875 28.687 48.981 2546.234 2501.221 2113.19 1742.859 1386.414 1026.459 672.455 209.351 25.33 33.417 70.801 1.984 -333.557 -678.711 -1014.252 -1356.201 -1695.404 -2030.945 -2364.807 -2687.988 538.94 736.084 438.232 84.229 2.899 -350.342 -701.904 580 560 757 36.24 42.39 175 65 2408 1 034
4773055 5626 2025/9/28 14:34:53 P13 75.99 32.73 0 11.84 52.43 947.21 954.59 332.336 575.714 3594.818 352.783 529.633 810.547 565.796 5.188 -17.395 177.765 -30.823 208.435 927.887 3.052 639.801 786.591 314.941 442.657 922.394 519.714 -5000 -4.425 -9.46 -9.46 -31.281 5.493 398.407 108.795 446.014 931.396 167.084 -1929.169 508.423 177.155 33.569 29.602 49.591 2546.997 2503.204 2122.04 1748.962 1396.027 1035.919 678.864 208.893 27.008 27.161 71.564 1.831 -334.778 -676.27 -1011.81 -1354.065 -1691.589 -2027.74 -2362.518 -2684.631 541.229 737.762 439.911 85.754 4.73 -344.543 -695.801 583 560 756 36.27 42.44 175 65 2408 1 034
4773056 5626 2025/9/28 14:34:54 P13 75.95 32.67 0 11.8 52.52 947.2 954.59 331.421 575.562 3593.75 352.478 529.327 816.65 565.643 79.041 -23.651 165.863 -27.618 210.266 928.04 3.052 639.648 787.659 314.941 442.657 923.157 520.477 -5000 5.798 -8.545 24.719 -32.501 5.951 399.323 109.711 444.794 932.617 184.479 -1928.711 506.744 178.07 32.959 27.924 49.286 2549.744 2501.068 2116.699 1738.129 1384.583 1022.949 665.894 209.045 28.534 25.635 73.395 1.373 -335.693 -677.49 -1016.388 -1358.185 -1696.32 -2033.691 -2369.843 -2690.125 540.466 738.525 439.148 81.024 3.967 -350.037 -705.414 571 555 755 36.26 42.44 175 65 2408 1 034
4773057 5626 2025/9/28 14:34:55 P13 75.97 32.69 0 11.78 52.41 947.18 954.6 332.642 574.799 3596.802 352.936 529.175 814.362 565.796 7.782 -9.613 146.637 -27.313 208.588 926.666 4.272 638.885 787.201 315.094 444.946 923.004 521.545 -5000 9.613 -7.935 -18.616 -31.738 4.578 398.56 108.948 443.726 930.481 179.291 -1928.253 507.965 177.917 28.534 26.855 49.591 2547.302 2502.136 2118.53 1744.232 1392.059 1032.41 676.575 206.757 29.602 37.842 72.479 1.678 -337.219 -680.084 -1015.32 -1356.964 -1694.183 -2030.029 -2366.333 -2686.615 540.924 738.373 438.995 83.618 5.646 -349.274 -700.226 571 555 755 36.26 42.44 175 65 2408 1 034
4773058 5626 2025/9/28 14:34:56 P13 75.91 32.7 0 11.8 52.36 947.17 954.6 335.236 574.341 3595.581 351.562 529.785 817.261 565.491 -43.488 -22.736 152.13 -28.992 209.656 925.293 4.272 639.191 786.133 314.178 444.794 922.699 519.714 -5000 -6.714 -8.698 16.479 -32.806 6.409 398.407 106.506 443.726 927.887 185.394 -1927.643 507.965 179.138 29.907 13.733 49.286 2543.945 2502.747 2120.056 1745.758 1394.653 1035.156 676.575 207.062 25.635 45.013 71.106 2.747 -329.895 -671.387 -1008.453 -1350.555 -1687.927 -2026.062 -2360.382 -2683.411 540.161 738.373 438.69 85.297 2.441 -347.748 -698.7 580 560 752 36.23 42.54 175 65 2408 1 034
4773059 5626 2025/9/28 14:34:57 P13 75.95 32.69 0 11.84 52.52 947.22 954.59 333.862 574.493 3595.886 354.004 529.785 816.956 566.101 -56.152 -13.733 144.043 -27.466 208.893 926.208 3.357 638.733 787.354 313.568 444.641 924.225 519.409 -5000 -5.035 -9.003 21.973 -31.281 6.866 399.017 107.117 444.489 928.192 185.852 -1927.185 506.897 177.307 34.485 27.313 49.744 2542.114 2501.831 2114.105 1741.943 1386.566 1021.423 664.673 205.841 27.771 32.349 70.801 1.068 -333.405 -676.27 -1014.862 -1356.506 -1695.557 -2033.081 -2367.554 -2693.329 541.229 739.136 438.538 83.008 3.357 -348.969 -702.667 580 560 751 36.3 42.47 175 65 2408 1 034
4773060 5626 2025/9/28 14:34:58 P13 75.95 32.66 0 11.83 52.47 947.2 954.59 332.794 575.256 3595.276 354.462 529.633 816.193 565.948 70.801 7.782 174.255 -27.924 209.351 927.277 4.578 638.885 787.506 314.331 444.641 923.767 518.646 -5000 10.223 -9.155 7.477 -31.738 5.188 399.17 106.354 443.268 922.852 142.517 -1927.032 507.507 176.544 32.654 34.637 51.422 2547.607 2503.357 2116.394 1748.657 1393.433 1032.104 678.864 204.315 23.651 49.286 70.038 5.646 -331.726 -674.896 -1010.742 -1351.471 -1690.979 -2027.13 -2359.467 -2684.937 539.703 737 440.369 85.602 3.204 -348.816 -699.768 575 560 750 36.26 42.44 175 65 2408 1 034
4773061 5626 2025/9/28 14:34:59 P13 75.92 32.79 0 11.67 52.43 947.22 954.62 333.71 575.256 3596.649 351.715 529.633 815.887 567.017 -18.768 -2.747 161.285 -27.466 209.961 927.734 4.73 639.343 787.048 314.636 445.709 925.598 520.172 -5000 6.256 -8.85 65.308 -32.043 5.951 399.475 106.049 444.031 919.037 164.032 -1927.032 506.592 177.46 29.602 30.212 49.896 2546.692 2503.204 2115.326 1745.453 1392.365 1029.816 674.133 211.639 25.787 39.062 71.411 3.357 -330.963 -674.438 -1011.81 -1352.997 -1691.742 -2029.419 -2361.603 -2687.225 540.466 737.762 436.707 85.754 1.221 -347.748 -699.31 573 555 749 36.27 42.38 175 65 2408 1 034
4773062 5626 2025/9/28 14:35:00 P13 75.95 32.66 0 11.63 52.35 947.22 954.59 332.794 574.188 3595.734 353.546 530.853 819.244 566.711 -33.264 -39.368 167.084 -28.381 209.351 923.767 4.883 639.496 786.285 311.89 444.641 924.53 520.02 -5000 -8.392 -8.392 45.471 -32.349 5.798 398.407 104.065 443.42 920.868 163.727 -1926.727 507.355 178.223 37.537 24.719 48.981 2543.793 2503.662 2113.19 1739.044 1381.683 1016.083 660.706 211.792 25.177 39.673 72.937 4.272 -332.184 -676.27 -1015.015 -1357.269 -1697.54 -2034.607 -2369.843 -2694.397 540.009 738.373 438.232 83.771 2.441 -348.206 -702.667 580 555 748 36.27 42.42 175 65 2408 1 034
4773063 5626 2025/9/28 14:35:01 P13 75.93 32.7 0 11.8 52.41 947.22 954.61 332.794 575.409 3596.802 353.851 529.938 814.667 565.796 37.689 -35.706 168.457 -27.924 208.893 929.413 3.357 639.343 786.285 314.484 444.946 923.615 520.02 -5000 -6.714 -9.003 68.207 -32.043 5.493 399.933 104.98 443.878 920.868 175.018 -1925.659 507.965 177.307 28.992 27.008 50.507 2547.913 2503.51 2116.241 1748.047 1394.653 1033.02 680.084 211.487 27.924 -8.24 72.937 0.305 -332.489 -674.133 -1010.59 -1351.166 -1690.063 -2025.146 -2357.788 -2682.343 543.213 738.068 438.538 84.839 3.51 -349.579 -697.937 573 560 749 36.26 42.36 175 65 2408 1 034
4773064 5626 2025/9/28 14:35:02 P13 75.99 32.71 0 11.68 52.34 947.23 954.59 333.557 574.951 3596.191 354.156 530.548 813.751 566.406 8.087 1.678 166.931 -28.076 208.893 928.192 5.493 639.038 786.285 313.721 444.946 923.462 520.63 -5000 4.425 -8.24 14.954 -31.738 5.951 399.017 103.455 446.32 920.258 167.542 -1925.507 507.355 176.086 30.823 28.381 49.591 2548.218 2503.204 2119.446 1743.469 1391.296 1028.595 668.03 208.74 22.278 19.531 76.141 5.493 -331.116 -671.692 -1010.132 -1352.234 -1690.063 -2027.588 -2361.145 -2686.768 539.703 736.542 438.69 85.907 2.594 -346.222 -700.684 581 560 749 36.24 42.45 175 65 2408 1 034
4773065 5626 2025/9/28 14:35:03 P13 75.89 32.7 0 11.73 52.39 947.2 954.6 332.642 575.256 3595.734 353.546 530.548 815.43 566.101 39.215 -56.152 132.599 -28.992 209.045 928.955 5.188 639.343 785.98 313.721 444.641 922.241 519.867 -5000 6.409 -8.24 52.338 -31.281 5.951 399.78 104.065 445.251 921.783 157.776 -1925.354 507.812 177.155 31.433 28.076 49.591 2548.065 2503.052 2116.699 1736.908 1378.326 1014.099 656.586 211.334 25.024 34.637 71.106 0.153 -333.862 -677.643 -1016.083 -1360.779 -1700.134 -2038.116 -2374.725 -2696.075 540.161 738.525 438.843 83.923 4.425 -350.037 -706.024 576 550 750 36.26 42.45 175 65 2408 1 034
4773066 5626 2025/9/28 14:35:04 P13 75.98 32.62 0 11.73 52.35 947.2 954.6 331.726 576.172 3596.802 351.105 529.327 817.413 565.796 -118.103 -10.986 146.942 -28.076 209.656 928.955 4.425 639.343 787.048 314.331 444.489 923.767 520.935 -5000 4.578 -7.324 38.147 -32.349 5.951 399.017 104.675 443.573 920.715 168.304 -1924.896 506.592 177.612 34.943 23.804 49.896 2549.591 2503.357 2114.868 1736.755 1383.209 1022.186 665.436 207.214 28.534 18.005 73.853 0.61 -337.067 -679.932 -1017.456 -1359.863 -1697.388 -2034.76 -2372.437 -2693.024 540.009 741.119 441.284 82.703 4.12 -350.037 -706.635 581 550 751 36.24 42.53 175 65 2408 1 034
4773067 5626 2025/9/28 14:35:05 P13 76.05 32.62 0 11.83 52.35 947.19 954.59 333.71 575.714 3595.886 352.783 529.785 815.735 565.948 -21.973 25.482 158.234 -28.534 210.266 925.598 5.188 639.496 787.354 312.653 444.183 924.225 520.172 -5000 -12.054 -8.545 65.002 -30.975 5.646 398.865 105.438 444.336 920.715 189.362 -1924.438 507.05 177.917 34.332 27.008 49.591 2545.624 2503.357 2118.378 1743.469 1391.144 1029.358 670.013 207.825 23.346 38.3 70.953 5.798 -333.099 -675.659 -1013.031 -1355.286 -1693.42 -2030.792 -2367.859 -2689.056 540.771 737.457 434.113 85.144 0.61 -346.222 -699.921 574 555 752 36.24 42.49 175 65 2408 1 034
4773068 5626 2025/9/28 14:35:06 P13 75.92 32.69 0 11.65 52.45 947.21 954.62 331.726 574.646 3594.971 352.936 528.87 818.329 566.406 -61.798 -23.956 178.375 -26.398 209.656 928.04 5.493 639.343 786.896 313.263 445.251 923.615 520.477 -5000 -5.798 -8.698 -86.823 -31.891 7.172 399.628 103.912 444.641 919.647 136.414 -1924.744 505.524 177.307 32.654 25.177 49.286 2549.744 2504.883 2113.342 1736.145 1375.427 1011.353 656.433 207.52 27.466 36.469 72.479 2.136 -335.388 -679.779 -1018.524 -1361.542 -1700.592 -2037.201 -2374.878 -2696.533 540.924 738.068 438.995 84.381 3.51 -350.647 -704.803 581 555 752 36.23 42.36 175 65 2408 1 034
4773069 5626 2025/9/28 14:35:07 P13 75.93 32.65 0 11.75 52.48 947.21 954.59 330.963 574.646 3595.276 354.767 530.548 814.667 566.254 134.888 -13.123 188.904 -28.534 209.045 926.819 6.256 638.733 786.438 312.653 444.641 923.157 521.24 -5000 4.73 -9.003 -39.368 -31.738 5.188 399.017 102.234 443.268 918.274 166.931 -1923.828 507.965 178.375 38.452 23.499 49.438 2548.37 2501.984 2114.41 1737.823 1380.463 1018.524 663.452 212.097 24.872 54.626 71.259 5.188 -331.879 -677.338 -1015.32 -1358.337 -1697.693 -2034.76 -2372.589 -2692.719 540.466 738.678 435.181 82.855 2.899 -353.699 -706.329 581 555 755 36.23 42.36 175 65 2408 1 034
4773070 5626 2025/9/28 14:35:08 P13 76.05 32.7 0 11.76 52.43 947.21 954.61 333.405 574.799 3596.191 352.783 528.87 818.481 566.406 -2.747 30.06 171.967 -28.687 209.656 919.495 6.714 639.343 787.659 313.721 444.336 924.377 519.562 -5000 -11.749 -7.782 -117.645 -32.806 6.104 397.339 100.25 444.183 913.391 171.661 -1923.828 507.202 178.68 35.248 30.67 50.049 2542.114 2500.61 2116.699 1740.265 1389.313 1029.816 674.133 214.386 25.177 40.741 70.648 1.831 -331.573 -674.591 -1012.573 -1355.591 -1692.505 -2029.114 -2365.417 -2685.852 540.009 738.22 437.469 83.008 2.594 -348.969 -704.346 577 550 756 36.21 42.48 175 65 2408 1 034
4773071 5626 2025/9/28 14:35:09 P13 75.88 32.69 0 11.82 52.47 947.22 954.61 332.794 574.341 3592.224 357.361 529.48 818.481 566.406 65.002 -1.831 182.495 -27.924 211.182 927.582 7.172 639.954 786.743 311.432 444.946 924.988 520.02 -5000 7.782 -8.698 -34.637 -32.501 6.104 399.17 102.539 444.031 915.07 164.948 -1923.37 506.897 176.697 34.485 28.381 49.438 2542.572 2503.815 2114.563 1738.586 1382.599 1016.083 660.248 210.266 23.346 33.875 70.648 1.526 -331.726 -674.591 -1013.794 -1355.743 -1694.489 -2033.691 -2369.995 -2692.413 538.635 738.678 437.927 81.94 4.883 -352.325 -707.397 573 550 756 36.28 42.48 175 65 2408 1 034
4773072 5626 2025/9/28 14:35:10 P13 76.01 32.65 0 11.83 52.53 947.21 954.63 333.099 574.646 3595.581 352.173 529.48 814.972 566.559 8.698 -6.714 171.814 -28.992 210.571 924.225 6.561 639.191 786.438 312.195 445.099 924.225 520.172 -5000 0 -8.698 14.343 -32.043 6.409 398.407 102.234 444.641 916.29 150.146 -1923.37 506.897 177.307 29.907 28.534 49.591 2549.286 2502.289 2113.495 1733.246 1376.495 1013.336 658.722 211.792 27.618 30.365 72.784 3.357 -332.947 -678.101 -1017.303 -1359.558 -1700.287 -2037.048 -2375.336 -2695.16 539.703 736.847 439.758 81.177 4.578 -352.02 -708.618 581 550 757 36.23 42.48 175 65 2408 1 034
4773073 5626 2025/9/28 14:35:11 P13 75.99 32.67 0 11.87 52.52 947.22 954.6 330.811 574.341 3594.513 355.682 530.243 814.819 566.864 -14.648 -2.747 151.52 -28.534 209.503 926.056 7.019 639.038 784.302 312.805 445.099 923.615 521.088 -5000 -1.678 -8.85 97.504 -31.281 5.798 399.17 100.708 442.352 915.527 168.61 -1922.607 507.202 176.697 28.381 26.093 49.133 2547.455 2502.899 2115.784 1741.638 1386.108 1024.933 670.013 207.214 23.804 26.855 70.801 5.188 -333.252 -677.032 -1012.878 -1355.743 -1693.726 -2029.114 -2365.265 -2686.005 538.94 732.574 440.369 86.67 3.51 -350.342 -702.82 570 550 756 36.26 42.45 175 65 2408 1 034
4773074 5626 2025/9/28 14:35:12 P13 75.91 32.62 0 11.7 52.46 947.24 954.63 332.184 574.799 3596.191 356.75 530.09 816.956 566.406 49.286 -14.343 170.288 -29.449 208.74 927.124 7.477 639.343 786.591 312.653 444.794 923.462 520.782 -5000 1.831 -8.392 -4.883 -32.806 4.425 399.17 99.335 441.132 908.508 155.64 -1922.15 507.507 177.46 33.417 30.975 50.049 2546.234 2502.747 2120.361 1748.657 1394.958 1035.309 678.406 204.468 28.687 34.332 73.547 3.662 -335.846 -677.185 -1013.184 -1356.659 -1693.115 -2027.893 -2363.129 -2684.326 540.161 737.305 440.216 85.297 5.493 -345.917 -697.174 581 550 756 36.23 42.42 175 65 2408 1 034
4773075 5626 2025/9/28 14:35:13 P13 75.89 32.71 0 11.87 52.41 947.2 954.62 330.048 574.799 3596.802 353.851 529.633 812.988 566.101 -33.417 -36.011 177.612 -28.839 208.282 931.396 7.935 639.191 785.98 313.11 445.099 923.157 521.088 -5000 12.054 -8.85 98.572 -32.043 6.409 399.017 99.335 444.031 912.17 167.084 -1922.302 507.355 177.155 25.177 34.943 43.793 2548.523 2501.984 2111.511 1731.72 1372.986 1009.369 653.992 210.571 23.956 61.035 72.327 5.798 -334.778 -678.711 -1016.388 -1359.711 -1698.914 -2036.591 -2376.709 -2695.312 539.856 735.474 437.012 83.771 1.984 -354.004 -710.449 575 545 755 36.27 42.47 175 65 2408 1 034
4773076 5626 2025/9/28 14:35:14 P13 75.82 32.67 0 11.72 52.5 947.22 954.62 330.963 574.799 3595.123 357.208 529.633 817.719 567.017 47.913 -28.076 192.261 -27.466 208.893 927.429 7.629 637.207 786.285 312.042 444.946 923.462 520.935 -5000 -2.594 -9.003 74.768 -31.586 5.798 398.56 100.403 442.2 911.56 178.528 -1921.997 507.507 176.392 28.381 33.112 49.286 2547.455 2502.747 2113.19 1741.943 1387.939 1024.017 669.403 215.454 26.093 62.256 72.632 3.204 -332.642 -676.117 -1014.252 -1356.354 -1695.099 -2032.776 -2366.638 -2689.514 540.314 738.983 439.148 89.111 2.136 -351.41 -705.109 581 545 754 36.24 42.43 175 65 2408 1 034
4773077 5626 2025/9/28 14:35:15 P13 75.82 32.58 0 11.72 52.41 947.24 954.58 333.252 574.188 3594.666 355.53 530.396 815.582 566.559 19.226 -14.496 170.135 -28.076 209.045 919.8 8.24 638.733 786.591 312.653 444.031 924.683 520.325 -5000 -6.866 -8.545 -25.482 -31.891 6.409 398.56 99.792 443.115 910.95 163.879 -1921.082 505.676 177.307 29.907 29.602 49.896 2544.708 2504.12 2119.904 1745.911 1394.958 1037.292 679.169 215.149 23.804 48.981 71.259 3.815 -334.167 -677.338 -1014.252 -1355.438 -1693.115 -2029.419 -2362.823 -2683.411 541.534 737 437.469 84.534 7.782 -347.137 -700.989 576 545 754 36.26 42.41 175 65 2408 1 034
4773078 5626 2025/9/28 14:35:16 P13 75.98 32.7 0 11.95 52.46 947.23 954.58 331.421 574.646 3595.276 357.819 529.327 818.329 566.559 68.817 -28.381 174.255 -29.602 208.588 927.734 9.46 638.58 786.591 312.042 444.794 922.852 521.24 -5000 2.289 -8.545 24.109 -32.959 4.883 398.865 99.182 442.047 910.645 175.476 -1921.387 507.202 176.849 34.485 27.161 49.591 2546.082 2501.526 2121.735 1747.437 1396.179 1036.224 679.779 216.827 24.261 34.027 71.716 1.373 -331.268 -675.049 -1012.878 -1354.37 -1691.742 -2028.656 -2362.213 -2685.089 541.077 737.152 438.08 86.517 3.052 -345.459 -697.479 576 545 754 36.26 42.41 175 65 2408 1 034
4773079 5626 2025/9/28 14:35:17 P13 75.86 32.79 0 11.94 52.55 947.2 954.62 331.879 573.73 3594.36 354.614 530.396 819.092 566.559 -57.526 19.989 162.964 -28.992 210.571 926.208 9.613 637.817 785.37 312.347 444.641 922.394 519.104 -5000 -6.409 -9.003 60.425 -33.112 6.104 399.17 98.419 442.047 907.135 179.596 -1920.929 506.592 177.765 34.18 20.752 49.286 2544.25 2503.662 2115.936 1737.671 1384.735 1021.881 665.894 209.961 33.875 22.736 71.716 4.578 -337.372 -681.61 -1019.745 -1360.779 -1698.608 -2036.591 -2372.131 -2692.566 539.551 737.305 438.232 79.803 1.678 -350.037 -704.803 581 545 754 36.23 42.37 175 65 2408 1 034
4773080 5626 2025/9/28 14:35:18 P13 76.04 32.69 0 11.68 52.39 947.24 954.62 331.573 575.562 3594.36 354.309 529.785 805.359 566.559 17.395 4.12 169.983 -28.687 208.74 928.955 9.308 640.259 786.133 311.737 444.794 924.072 520.935 -5000 5.035 -8.698 8.24 -31.738 5.035 399.323 98.572 443.726 905.304 150.452 -1919.556 507.05 177.002 36.774 28.229 50.354 2547.15 2502.594 2114.716 1743.927 1388.092 1027.069 673.523 210.114 27.466 25.635 72.632 1.831 -335.846 -679.626 -1015.93 -1356.659 -1695.862 -2031.86 -2364.96 -2687.683 541.992 737.305 440.216 84.381 6.409 -349.731 -702.209 573 545 754 36.27 42.51 175 65 2408 1 034
4773081 5626 2025/9/28 14:35:19 P13 75.89 32.71 0 11.66 52.47 947.24 954.62 331.116 574.951 3595.428 355.835 529.785 806.732 566.864 -115.967 -34.027 141.907 -28.992 209.503 924.835 9.308 639.648 782.623 312.347 445.251 922.089 520.782 -5000 6.256 -9.155 14.648 -30.365 6.714 398.102 97.351 442.047 905.304 176.697 -1920.624 507.05 176.239 34.18 38.3 50.354 2545.166 2501.984 2119.293 1747.284 1397.705 1035.614 680.084 209.656 28.534 37.842 71.869 -6.714 -329.59 -670.471 -1008.301 -1349.487 -1687.164 -2025.146 -2359.009 -2682.343 541.229 737.152 439.453 84.686 3.357 -345.306 -696.869 572 545 754 36.27 42.39 175 65 2408 1 034
4773082 5626 2025/9/28 14:35:20 P13 75.82 32.74 0 11.89 52.55 947.25 954.62 331.268 575.256 3594.513 352.478 530.396 820.007 566.711 29.602 -17.395 136.719 -28.229 209.198 929.413 9.46 637.817 787.354 311.89 444.946 924.072 521.088 -5000 -0.458 -8.698 28.076 -32.501 5.951 400.391 98.419 442.81 907.288 174.713 -1919.708 505.829 176.544 33.264 36.163 49.744 2550.201 2501.831 2111.664 1735.077 1375.122 1011.353 657.806 206.146 25.94 48.828 70.648 5.646 -334.32 -679.474 -1017.151 -1358.948 -1699.524 -2036.591 -2373.81 -2695.618 540.161 735.168 441.284 84.229 4.272 -352.02 -707.397 581 545 754 36.26 42.42 175 65 2408 1 034
4773083 5626 2025/9/28 14:35:21 P13 75.99 32.69 0 11.99 52.34 947.25 954.61 332.336 575.409 3592.072 356.293 529.938 817.261 567.017 -50.201 -33.875 147.247 -27.924 209.656 929.413 10.223 639.343 786.591 312.042 443.115 923.462 520.477 -5000 13.885 -9.613 15.411 -32.196 5.798 397.644 95.978 442.505 902.252 163.727 -1920.471 505.676 176.239 34.79 28.534 49.896 2547.913 2501.831 2114.563 1742.249 1385.956 1024.323 670.624 209.503 27.161 6.104 71.716 3.357 -333.252 -677.185 -1015.32 -1357.269 -1696.472 -2032.623 -2367.249 -2688.293 540.009 734.711 439.606 85.297 5.035 -349.884 -700.684 581 545 753 36.28 42.42 175 65 2408 1 034
4773084 5626 2025/9/28 14:35:22 P13 75.97 32.76 0 11.87 52.38 947.21 954.63 332.794 575.256 3594.055 354.767 529.938 814.972 566.559 -9.155 -33.569 136.261 -28.076 210.266 928.65 9.918 639.343 786.438 310.974 445.099 923.462 520.63 -5000 7.172 -8.24 48.37 -32.043 5.341 399.17 97.351 442.657 904.999 180.511 -1920.013 506.287 176.697 37.994 30.975 49.744 2549.591 2502.441 2117.004 1745.148 1390.228 1031.494 676.88 209.198 27.008 11.444 71.716 1.678 -335.388 -676.117 -1012.268 -1354.828 -1692.2 -2026.978 -2362.671 -2682.037 540.771 736.694 439.606 84.991 3.815 -349.121 -698.7 573 545 752 36.27 42.56 175 65 2408 1 034
4773085 5626 2025/9/28 14:35:23 P13 76.01 32.69 0 11.72 52.54 947.23 954.6 333.099 575.256 3594.208 352.936 529.022 815.887 566.864 -36.011 -18.158 136.261 -27.771 209.045 927.582 9.766 640.106 786.285 311.127 444.946 924.072 521.393 -5000 4.578 -8.24 26.093 -32.654 4.425 399.17 97.809 442.657 903.778 184.021 -1920.166 506.134 177.917 39.52 32.654 49.286 2546.539 2502.747 2119.293 1747.894 1396.332 1034.698 678.101 209.045 23.804 15.869 71.869 1.373 -332.642 -675.354 -1011.963 -1353.302 -1690.369 -2027.893 -2360.382 -2683.563 540.314 736.694 441.895 84.534 1.678 -346.375 -698.395 581 545 751 36.24 42.45 175 65 2408 1 034
4773086 5626 2025/9/28 14:35:24 P13 75.82 32.63 0 11.92 52.43 947.22 954.6 332.184 574.341 3594.36 354.004 529.633 815.582 567.322 -61.951 -2.136 174.255 -27.924 208.74 926.208 9.155 639.191 785.675 312.042 445.404 924.072 521.088 -5000 6.714 -9.003 57.22 -31.128 5.951 398.865 96.893 442.505 903.015 179.749 -1919.861 505.524 177.765 35.248 35.248 50.507 2547.302 2503.662 2110.443 1736.603 1376.953 1014.404 661.469 208.74 27.008 18.158 70.953 4.12 -335.541 -680.237 -1018.066 -1359.253 -1699.066 -2036.285 -2370.911 -2693.939 544.739 733.948 442.657 81.329 4.73 -352.936 -706.482 576 545 750 36.24 42.45 175 65 2408 1 034
4773087 5626 2025/9/28 14:35:25 P13 75.98 32.7 0 11.75 52.49 947.21 954.62 331.421 575.409 3594.971 356.75 529.785 816.956 567.017 82.55 14.343 155.334 -27.161 209.351 929.718 11.292 638.58 786.285 311.432 445.404 923.615 520.782 -5000 5.646 -8.698 -7.019 -31.738 6.256 399.323 93.994 442.2 898.743 165.1 -1919.708 505.371 176.392 33.722 29.907 49.896 2548.218 2503.052 2114.258 1743.317 1387.939 1025.391 670.319 212.555 28.534 32.501 72.174 3.052 -334.32 -677.795 -1015.32 -1356.964 -1695.251 -2032.166 -2364.349 -2689.056 540.466 736.542 440.063 83.008 2.899 -348.816 -702.82 581 545 748 36.28 42.51 175 65 2408 1 034
4773088 5626 2025/9/28 14:35:26 P13 76.1 32.73 0 11.89 52.45 947.22 954.61 332.336 573.883 3593.292 355.53 529.785 818.024 566.559 78.583 16.022 180.054 -29.449 208.74 926.208 11.749 639.343 786.285 310.822 444.794 922.394 518.951 -5000 -6.256 -8.24 4.73 -33.264 7.477 399.17 93.994 442.81 899.658 179.596 -1919.708 506.897 177.765 33.722 25.024 50.201 2543.488 2502.441 2115.784 1746.979 1392.822 1031.799 678.711 208.282 24.261 42.267 70.648 3.51 -330.811 -675.812 -1012.268 -1353.149 -1690.826 -2026.978 -2358.551 -2683.563 540.924 735.779 438.385 85.297 2.594 -349.884 -699.768 581 545 747 36.26 42.41 175 65 2408 1 034
4773089 5626 2025/9/28 14:35:27 P13 75.99 32.7 0 11.87 52.48 947.21 954.61 332.031 575.714 3593.75 358.582 530.243 812.988 567.169 -54.474 5.341 170.593 -28.534 210.571 930.176 11.749 639.954 785.065 311.127 445.251 922.852 520.325 -5000 5.035 -7.935 32.349 -30.212 5.188 399.475 94.452 443.42 896.912 177.307 -1918.945 504.761 177.002 32.654 27.313 49.286 2548.065 2502.899 2120.209 1750.793 1395.264 1034.241 679.016 207.825 27.161 46.692 72.632 0.305 -332.336 -674.286 -1009.674 -1351.471 -1691.132 -2026.367 -2361.145 -2684.021 541.992 735.474 438.69 87.128 3.967 -347.595 -695.953 581 545 747 36.26 42.41 175 65 2408 1 034
4773090 5626 2025/9/28 14:35:28 P13 75.99 32.7 0 11.73 52.51 947.21 954.61 333.557 574.188 3593.75 354.767 529.633 817.261 567.017 131.989 10.834 148.315 -27.313 208.74 928.65 12.36 639.191 786.285 310.822 444.794 924.683 519.867 -5000 -8.24 -8.698 89.111 -32.043 6.409 399.628 94.91 442.81 900.116 165.558 -1919.861 505.371 178.223 30.06 20.599 49.896 2543.488 2503.662 2121.887 1743.469 1383.057 1019.897 665.283 211.487 25.33 53.558 70.496 3.815 -334.167 -677.185 -1015.778 -1358.643 -1697.54 -2034.149 -2370.453 -2690.582 537.415 735.474 440.216 82.703 6.409 -351.562 -707.092 581 540 744 36.24 42.33 175 65 2408 1 034
4773091 5626 2025/9/28 14:35:29 P13 75.99 32.7 0 11.63 52.51 947.23 954.61 331.421 574.646 3594.513 348.816 529.633 818.634 567.474 -7.782 -48.981 169.22 -29.755 210.266 928.955 14.038 639.648 786.133 310.669 444.946 923.767 520.477 -5000 9.308 -8.545 12.97 -32.806 5.341 399.323 93.842 441.589 890.503 167.236 -1918.64 505.981 175.934 28.992 31.433 49.438 2544.25 2502.441 2113.953 1742.554 1387.939 1025.238 671.997 213.318 24.414 42.419 70.343 5.035 -332.947 -677.643 -1015.015 -1354.218 -1694.946 -2032.013 -2364.197 -2687.988 541.229 735.474 438.69 82.703 1.221 -349.884 -701.599 581 545 743 36.27 42.41 175 65 2408 1 034
4773092 5626 2025/9/28 14:35:30 P13 76.01 32.76 0 11.8 52.44 947.23 954.6 330.963 574.493 3593.903 358.887 530.09 816.956 567.474 -24.719 -11.902 164.185 -29.755 209.808 928.497 13.123 640.106 786.438 310.822 444.794 923.157 520.477 -5000 1.373 -8.698 3.052 -31.586 5.493 399.17 94.452 442.2 895.386 162.964 -1918.945 504.15 176.392 31.586 28.076 50.201 2544.861 2503.357 2119.446 1745.758 1394.501 1034.088 678.101 215.302 23.956 38.452 70.19 3.967 -332.642 -674.133 -1012.268 -1353.302 -1690.369 -2027.588 -2361.603 -2683.105 541.687 735.931 438.843 84.839 2.594 -348.816 -700.989 574 545 743 36.27 42.47 175 65 2408 1 034
4773093 5626 2025/9/28 14:35:31 P13 76.06 32.76 0 11.8 52.48 947.21 954.61 331.116 574.493 3593.292 359.039 529.938 816.345 567.627 10.071 28.992 162.659 -27.313 209.351 928.802 11.597 638.733 785.675 310.822 445.099 918.579 521.545 -5000 2.441 -7.477 -6.714 -31.738 6.866 399.933 93.689 441.895 896.912 168.304 -1918.03 504.761 177.307 30.518 22.278 49.744 2549.591 2502.136 2126.312 1752.167 1400.299 1039.581 681.458 209.198 25.33 16.785 71.716 4.12 -330.353 -670.624 -1007.69 -1349.335 -1687.164 -2024.231 -2359.467 -2682.648 539.246 736.694 439.758 87.585 2.441 -344.238 -697.021 581 545 743 36.26 42.5 175 65 2408 1 034
4773094 5626 2025/9/28 14:35:32 P13 75.99 32.7 0 11.8 52.42 942.65 954.63 330.811 574.188 3593.292 356.75 529.633 818.481 567.932 89.417 -15.869 130.768 -29.602 208.74 927.429 13.123 639.191 785.828 311.279 445.557 921.478 520.172 -5000 12.512 -9.46 -38.3 -32.806 5.646 399.475 92.468 441.895 895.996 167.236 -1918.03 506.134 177.46 27.161 20.752 49.744 2545.471 2502.441 2113.647 1734.314 1380.005 1017.303 662.994 217.285 25.635 34.943 71.716 3.967 -332.794 -676.575 -1014.709 -1358.032 -1696.014 -2034.607 -2371.979 -2692.871 539.398 735.168 439.148 82.397 2.899 -353.241 -710.449 573 545 743 36.24 42.48 175 65 2408 1 034
4773095 5626 2025/9/28 14:35:33 P13 76.06 32.69 0 11.82 52.37 942.67 954.64 331.879 575.562 3586.426 354.614 529.633 815.735 567.474 5.646 -2.747 173.95 -30.212 209.198 927.734 13.275 639.648 785.217 310.669 444.794 921.631 520.02 -5000 7.019 -8.087 2.594 -31.433 5.188 398.865 92.01 442.2 894.47 165.863 -1918.945 507.202 175.934 31.128 22.888 49.591 2546.387 2503.815 2114.563 1742.401 1389.618 1026.001 673.676 210.876 27.771 25.024 72.174 5.341 -333.099 -675.201 -1013.947 -1354.523 -1692.352 -2030.334 -2364.197 -2686.92 540.619 734.863 439.758 84.381 3.052 -349.426 -696.564 575 545 743 36.3 42.4 175 65 2408 1 034
4773096 5626 2025/9/28 14:35:34 P13 76.04 32.7 0 11.75 52.5 942.67 954.61 332.336 574.799 3593.445 355.988 530.243 813.751 567.78 -6.104 -5.493 140.686 -29.297 210.114 926.208 12.97 639.954 786.438 310.059 444.794 924.072 521.24 -5000 -12.207 -8.24 48.981 -30.823 6.409 398.56 93.231 442.81 894.623 171.356 -1918.182 505.066 175.629 35.706 27.008 49.591 2545.776 2503.815 2118.225 1746.979 1392.517 1033.02 678.101 213.776 23.956 45.624 71.564 5.035 -332.642 -674.896 -1010.59 -1352.386 -1689.758 -2025.757 -2360.077 -2682.037 539.398 733.49 439.606 86.67 2.136 -345.459 -697.937 576 545 744 36.27 42.5 175 65 2408 1 034
4773097 5626 2025/9/28 14:35:35 P13 76.04 32.66 0 11.95 52.54 942.67 954.63 334.32 575.562 3594.055 355.682 530.243 818.939 567.932 1.068 2.899 145.111 -28.534 210.419 928.192 11.597 638.428 786.285 310.822 445.709 923.767 520.63 -5000 9.46 -8.392 -7.629 -31.586 5.493 398.712 94.757 442.2 894.318 159.302 -1917.725 505.829 176.697 40.894 28.687 49.133 2545.929 2503.052 2111.816 1734.161 1376.801 1009.979 656.586 209.503 28.534 35.095 72.937 5.493 -333.71 -678.101 -1018.219 -1359.1 -1699.371 -2037.506 -2372.284 -2695.923 540.009 732.727 439.148 82.55 4.425 -350.189 -706.787 582 550 744 36.21 42.43 175 65 2408 1 034
4773098 5626 2025/9/28 14:35:36 P13 76.01 32.74 0 11.84 52.51 942.66 954.62 332.642 574.493 3592.682 353.699 529.785 815.887 567.78 -41.199 -36.163 162.506 -29.449 209.198 925.903 12.97 637.817 785.98 309.753 444.794 923.615 520.63 -5000 8.392 -7.629 -2.747 -31.281 7.019 399.17 92.926 441.895 893.707 148.163 -1919.403 505.371 177.917 32.654 33.417 48.828 2547.302 2501.984 2113.953 1737.671 1383.972 1019.745 664.978 206.757 24.261 25.635 71.564 2.441 -333.557 -678.406 -1018.677 -1359.711 -1698.914 -2037.201 -2371.674 -2693.024 540.314 735.931 438.232 80.109 2.136 -352.478 -708.008 574 550 744 36.27 42.48 175 65 2408 1 034
4773099 5626 2025/9/28 14:35:37 P13 76.08 32.7 0 11.84 52.4 942.64 954.62 329.437 575.104 3593.75 357.513 530.396 811.005 567.322 8.392 -11.444 171.661 -27.771 208.893 930.023 14.496 639.191 785.065 310.669 445.251 923.767 521.393 -5000 14.954 -8.545 77.972 -31.281 5.493 399.475 92.01 441.589 889.282 150.299 -1916.962 505.829 175.934 38.605 27.161 48.37 2547.15 2502.747 2115.784 1741.943 1390.381 1027.527 672.302 204.163 27.618 11.292 70.801 1.373 -334.778 -676.575 -1014.862 -1356.201 -1694.336 -2031.403 -2365.875 -2687.378 543.06 735.626 439.148 83.313 4.73 -349.121 -702.057 584 550 745 36.26 42.5 175 65 2408 1 034
4773100 5626 2025/9/28 14:35:38 P13 76.1 32.73 0 11.82 52.38 942.66 954.63 331.573 574.951 3592.529 355.53 530.548 809.021 568.237 4.272 -12.36 188.293 -28.992 208.13 927.734 14.954 639.038 785.37 310.211 445.099 921.783 521.851 -5000 6.866 -9.003 24.719 -31.128 5.341 398.865 90.942 441.132 889.74 162.964 -1917.114 506.592 176.697 30.823 28.534 49.438 2546.844 2502.289 2118.225 1748.81 1395.416 1033.936 679.779 211.029 24.719 25.635 70.496 3.662 -333.099 -676.422 -1013.031 -1354.065 -1692.505 -2028.656 -2359.619 -2684.326 539.856 735.016 443.42 86.06 3.967 -349.121 -699.463 574 550 745 36.27 42.45 175 65 2408 1 034
4773101 5626 2025/9/28 14:35:39 P13 76.04 32.67 0 11.72 52.42 942.67 954.61 333.862 576.019 3592.224 355.072 529.633 816.498 567.627 -16.174 -23.651 164.032 -28.839 209.656 929.413 14.191 638.58 786.743 310.059 444.794 920.868 520.477 -5000 13.885 -8.698 62.714 -31.738 6.409 399.017 92.316 442.047 890.503 181.885 -1916.656 505.676 177.765 30.975 35.095 49.591 2548.981 2503.815 2109.68 1732.483 1373.749 1009.979 655.67 210.114 27.008 42.877 72.632 1.678 -332.947 -679.321 -1017.914 -1361.542 -1701.202 -2037.964 -2377.319 -2696.381 542.45 736.542 437.927 81.635 2.136 -353.546 -706.635 574 545 745 36.27 42.45 175 65 2408 1 034
4773102 5626 2025/9/28 14:35:40 P13 76.04 32.74 0 11.72 52.45 942.65 954.61 331.879 575.256 3592.987 353.851 530.396 812.988 568.085 26.703 -18.005 149.078 -28.076 210.114 926.666 13.885 639.191 785.37 309.601 445.404 923.309 521.24 -5000 14.191 -8.545 -21.21 -30.67 6.866 398.56 90.942 442.81 889.282 173.035 -1916.809 505.371 177.002 30.518 24.567 49.438 2548.37 2503.662 2114.105 1741.638 1386.871 1022.644 669.25 210.114 24.567 33.264 72.784 3.357 -332.642 -676.422 -1015.32 -1357.88 -1697.235 -2034.302 -2367.554 -2691.345 541.077 736.847 438.538 84.076 4.272 -352.325 -703.278 573 545 745 36.28 42.41 175 65 2408 1 034
4773103 5626 2025/9/28 14:35:41 P13 76.08 32.7 0 11.63 52.51 942.64 954.63 334.32 576.172 3592.682 354.919 529.785 814.209 567.78 3.967 -22.888 174.408 -28.992 210.419 928.192 14.648 639.191 787.354 309.143 444.641 924.377 520.477 -5000 2.594 -8.24 53.711 -31.738 5.188 399.017 93.689 442.963 891.113 149.384 -1916.199 505.524 176.239 32.349 30.365 49.591 2545.624 2503.51 2116.547 1743.011 1390.076 1028.29 674.286 207.214 27.313 28.992 72.784 2.441 -337.067 -679.474 -1016.846 -1358.185 -1694.946 -2032.318 -2365.875 -2687.531 542.603 735.321 439.911 83.771 3.815 -347.748 -701.141 582 550 744 36.24 42.47 175 65 2408 1 034
4773104 5626 2025/9/28 14:35:42 P13 76.12 32.59 0 11.78 52.49 942.62 954.62 332.794 574.951 3592.072 355.225 529.633 811.768 567.627 82.092 -16.022 168.457 -28.687 208.282 927.124 13.733 638.733 783.234 310.211 444.946 923.615 521.088 -5000 13.123 -7.935 26.245 -32.349 6.256 399.933 91.858 441.589 890.198 179.749 -1916.504 504.913 177.917 36.926 31.128 48.981 2546.844 2503.052 2118.378 1752.625 1401.062 1037.598 681.915 209.198 26.093 21.057 73.242 3.357 -331.421 -673.218 -1010.742 -1351.776 -1689.301 -2026.978 -2359.009 -2682.495 539.856 732.117 440.216 85.754 4.73 -346.375 -697.784 581 550 744 36.34 42.45 175 65 2408 1 034
4773105 5626 2025/9/28 14:35:43 P13 76.09 32.7 0 11.67 52.5 942.65 954.61 332.184 575.256 3592.834 353.546 529.48 812.073 568.085 -61.646 -25.024 174.255 -29.297 209.503 925.751 15.411 639.191 787.354 309.601 444.336 923.615 521.393 -5000 11.444 -8.087 8.545 -31.738 5.798 398.254 90.332 442.2 886.993 147.705 -1916.656 505.676 176.849 35.095 26.398 49.133 2544.25 2502.136 2109.375 1732.788 1377.106 1010.437 658.569 213.318 26.245 26.703 72.937 1.526 -336.761 -681.763 -1020.203 -1362.305 -1701.965 -2039.032 -2374.878 -2697.906 541.077 735.016 437.775 81.787 3.052 -352.936 -708.618 575 545 743 36.23 42.49 175 65 2408 1 034
4773106 5626 2025/9/28 14:35:44 P13 76.18 32.69 0 11.8 52.48 942.63 954.63 333.252 575.104 3591.919 357.208 529.938 813.293 567.932 -64.392 -38.91 181.58 -28.534 209.656 930.481 16.022 639.496 786.133 309.448 445.862 921.173 520.02 -5000 5.646 -7.935 69.427 -31.128 5.646 399.475 90.179 442.505 886.078 164.642 -1915.588 504.608 175.018 34.79 32.043 49.133 2549.286 2503.815 2114.868 1740.723 1383.209 1021.271 666.199 208.13 28.687 20.752 70.953 3.662 -334.778 -678.101 -1013.489 -1357.117 -1696.014 -2031.86 -2368.317 -2689.362 539.551 733.032 439.758 83.466 3.815 -348.358 -702.362 584 550 743 36.3 42.4 175 65 2408 1 034
4773107 5626 2025/9/28 14:35:45 P13 76.04 32.66 0 11.85 52.45 942.66 954.62 333.557 574.951 3591.309 355.225 529.327 815.582 568.085 -25.94 -63.477 186.31 -29.297 208.435 926.819 15.717 638.733 786.285 309.143 445.099 920.715 520.63 -5000 0.763 -7.782 3.967 -32.349 6.256 399.78 91.4 441.895 887.909 183.563 -1916.046 504.913 177.765 37.384 28.992 49.744 2547.455 2502.441 2113.342 1743.469 1390.839 1029.816 675.659 208.588 23.651 42.877 72.174 6.104 -331.879 -675.659 -1013.489 -1357.269 -1693.115 -2029.266 -2360.84 -2684.937 538.635 730.743 438.385 85.144 1.831 -347.443 -701.904 582 550 743 36.2 42.53 175 65 2408 1 034
4773108 5626 2025/9/28 14:35:46 P13 76.05 32.71 0 11.63 52.55 942.64 954.61 332.642 576.324 3592.224 360.26 530.396 813.904 568.085 -76.294 5.798 195.16 -28.992 210.266 930.481 17.395 639.343 787.048 309.296 444.641 918.732 520.477 -5000 -0.61 -8.545 -41.656 -31.891 5.493 399.475 89.417 441.742 883.179 173.187 -1915.283 504.761 175.934 32.806 26.398 49.591 2547.913 2500.763 2120.819 1750.336 1397.705 1033.936 678.101 211.639 24.109 33.112 70.801 3.51 -329.132 -672.15 -1009.674 -1350.861 -1688.538 -2025.909 -2358.856 -2684.174 540.466 733.643 440.674 86.823 1.831 -347.595 -698.09 570 550 742 36.26 42.48 175 65 2408 1 034
4773109 5626 2025/9/28 14:35:47 P13 76.18 32.71 0 11.77 52.48 942.66 954.62 330.048 576.172 3591.614 357.208 530.396 805.817 567.78 10.986 0.153 171.509 -28.839 209.808 930.634 17.395 639.648 786.285 309.753 444.183 921.936 520.63 -5000 -4.272 -7.324 61.951 -31.891 5.493 399.17 88.654 442.657 884.247 180.511 -1914.673 505.676 176.086 32.959 32.654 49.591 2547.455 2501.984 2113.037 1732.483 1378.479 1014.252 659.027 208.435 27.161 22.278 70.648 2.289 -335.846 -679.016 -1018.372 -1360.626 -1699.219 -2037.506 -2373.962 -2694.702 540.466 734.253 439.911 81.482 3.662 -351.257 -708.313 581 550 742 36.21 42.45 175 65 2408 1 034
4773110 5626 2025/9/28 14:35:48 P13 76.16 32.65 0 11.75 52.51 942.64 954.6 331.879 575.714 3591.766 361.481 529.633 817.108 567.627 47.302 4.883 183.411 -27.618 208.435 929.413 18.311 639.038 786.591 309.143 444.946 922.546 520.935 -5000 5.188 -8.392 22.736 -32.349 5.493 399.017 89.569 441.895 882.874 166.168 -1916.504 505.676 175.476 30.823 23.193 50.049 2547.302 2504.12 2116.089 1740.57 1389.16 1026.154 671.082 209.503 25.33 28.076 69.427 7.172 -332.336 -675.507 -1014.252 -1356.201 -1694.031 -2032.166 -2365.875 -2687.378 540.161 732.574 437.469 81.482 1.678 -349.884 -704.803 581 550 742 36.21 42.45 175 65 2408 1 034
4773111 5626 2025/9/28 14:35:49 P13 76.05 32.63 0 11.72 52.4 942.62 954.6 333.252 575.867 3591.309 356.293 529.633 812.225 568.39 59.814 -16.327 165.1 -28.381 209.351 928.65 16.479 638.58 784.302 309.143 445.404 923.157 521.24 -5000 4.425 -8.392 -6.104 -32.806 5.798 399.628 91.4 441.589 885.162 168.762 -1914.978 504.913 176.849 30.823 32.806 48.828 2546.387 2501.831 2116.699 1748.657 1393.127 1033.02 679.016 213.013 23.346 33.112 70.648 7.324 -331.726 -675.354 -1011.2 -1352.234 -1690.674 -2026.52 -2359.619 -2683.716 538.635 730.133 439.453 86.975 1.068 -349.121 -699.615 573 555 742 36.28 42.41 175 65 2408 1 034
4773112 5626 2025/9/28 14:35:50 P13 76.15 32.71 0 11.94 52.46 942.63 954.63 332.184 576.324 3591.461 359.802 529.022 816.956 568.542 -68.512 -2.594 141.296 -29.755 208.435 930.023 18.616 639.191 787.506 308.38 444.489 921.326 520.172 -5000 -5.035 -9.155 -19.684 -32.501 6.104 399.628 89.264 440.674 882.263 180.664 -1914.978 504.761 176.239 33.417 23.651 50.201 2544.098 2502.899 2118.073 1743.317 1393.28 1032.257 674.744 204.62 21.973 38.147 70.801 5.646 -330.658 -672.607 -1010.742 -1352.539 -1689.911 -2026.825 -2361.908 -2685.242 539.703 731.964 443.42 87.585 2.289 -346.375 -699.005 573 555 742 36.24 42.58 175 65 2408 1 034
4773113 5626 2025/9/28 14:35:51 P13 76.06 32.58 0 11.72 52.48 942.65 954.58 333.099 576.324 3590.698 357.819 529.938 813.599 568.237 -42.114 9.918 137.482 -29.297 208.13 927.887 18.158 638.733 786.438 310.059 444.641 920.105 520.325 -5000 1.831 -8.698 -33.112 -31.128 5.341 399.17 87.738 440.826 882.263 156.86 -1915.436 505.219 176.086 27.618 27.466 49.438 2547.15 2502.594 2114.563 1740.875 1383.209 1023.254 669.25 212.402 23.346 29.602 71.106 2.594 -331.573 -674.896 -1011.963 -1354.37 -1692.963 -2028.809 -2364.655 -2686.92 540.009 733.337 438.995 84.686 1.831 -350.952 -702.972 582 555 742 36.21 42.45 175 65 2408 1 034
4773114 5626 2025/9/28 14:35:52 P13 76.09 32.77 0 11.87 52.43 942.64 954.61 332.947 576.019 3590.546 354.462 529.938 813.751 567.78 28.992 -30.823 152.74 -28.839 210.114 929.26 16.479 639.343 786.438 308.838 444.336 921.783 520.63 -5000 -1.984 -8.545 -71.106 -31.586 6.256 399.17 88.959 442.2 883.331 182.648 -1915.131 505.219 177.155 25.024 27.771 50.049 2549.286 2502.136 2116.241 1744.08 1390.381 1031.189 677.49 207.52 27.313 34.18 72.784 1.831 -335.999 -679.016 -1014.709 -1356.964 -1693.878 -2029.419 -2365.112 -2685.699 540.924 733.337 439.758 85.144 4.883 -348.358 -699.768 582 555 741 36.2 42.46 175 65 2408 1 034
4773115 5626 2025/9/28 14:35:53 P13 76.19 32.77 0 11.82 52.43 942.64 954.6 330.963 575.562 3591.461 357.666 529.785 814.362 568.542 -22.583 -4.12 149.231 -29.144 207.977 931.091 18.768 638.275 786.896 310.059 444.641 920.41 520.63 -5000 6.104 -7.629 20.599 -32.654 5.798 399.323 87.433 440.521 881.348 162.506 -1914.825 505.676 176.239 30.518 25.33 49.286 2548.828 2501.984 2122.955 1749.268 1397.552 1035.919 678.406 210.419 26.703 36.469 70.953 4.883 -332.184 -671.539 -1008.759 -1349.945 -1687.775 -2025.146 -2359.619 -2678.528 541.229 731.659 438.538 87.128 4.272 -344.849 -699.31 567 560 740 36.28 42.47 175 65 2408 1 034
4773116 5626 2025/9/28 14:35:54 P13 76.13 32.67 0 11.84 52.52 942.64 954.61 331.879 576.019 3591.614 362.091 529.938 816.956 568.39 -38.452 -29.297 162.506 -27.771 207.977 929.26 19.684 638.58 787.201 308.99 444.794 918.732 520.63 -5000 -4.12 -7.935 24.414 -32.196 5.493 399.475 89.417 440.063 879.059 184.174 -1914.825 504.913 175.781 29.755 26.55 50.049 2548.218 2503.357 2115.173 1740.417 1385.193 1019.745 664.52 208.893 23.193 52.948 71.411 2.136 -334.32 -679.016 -1018.066 -1360.016 -1698.608 -2035.98 -2369.843 -2692.413 541.382 734.1 440.369 83.16 3.815 -352.02 -706.94 582 555 739 36.28 42.45 175 65 2408 1 034
4773117 5626 2025/9/28 14:35:55 P13 76.19 32.7 0 11.73 52.43 942.64 954.6 332.642 575.409 3590.698 356.75 529.938 816.65 568.39 -111.694 -15.564 153.198 -29.755 208.74 927.429 19.379 639.496 786.438 309.143 444.641 921.173 519.104 -5000 7.019 -8.24 8.087 -33.112 5.035 399.17 86.823 441.895 878.448 163.727 -1914.978 504.913 177.307 33.875 26.398 49.591 2544.098 2501.984 2117.767 1742.249 1389.465 1029.51 674.438 218.201 28.839 42.267 72.784 -1.526 -335.236 -677.643 -1014.709 -1354.523 -1693.115 -2030.487 -2365.57 -2686.462 539.246 730.133 440.521 86.06 4.272 -347.595 -702.362 574 555 738 36.26 42.42 175 65 2408 1 034
4773118 5626 2025/9/28 14:35:56 P13 76.18 32.74 0 11.68 52.54 942.66 954.62 333.099 574.951 3590.546 358.887 529.48 814.972 568.848 -21.973 -22.125 171.356 -29.602 208.74 929.108 20.447 639.038 787.811 309.143 444.946 919.952 519.409 -5000 3.662 -8.087 52.338 -32.806 6.104 399.933 86.212 441.589 878.143 159.302 -1914.825 503.845 176.849 35.248 32.043 49.896 2542.114 2502.289 2119.751 1749.573 1394.958 1036.53 680.237 216.37 28.839 29.907 74.31 3.51 -331.268 -672.913 -1008.301 -1350.25 -1688.08 -2023.926 -2359.161 -2682.648 539.398 731.506 440.826 87.585 4.883 -346.985 -693.207 582 555 737 36.28 42.45 175 65 2408 1 034
4773119 5626 2025/9/28 14:35:57 P13 76.08 32.7 0 11.72 52.47 942.63 954.59 333.099 575.562 3590.393 353.851 529.633 812.683 568.848 32.196 15.564 193.787 -28.992 208.74 925.598 17.853 638.428 786.438 307.617 445.099 922.089 520.02 -5000 -6.256 -8.698 70.19 -31.586 6.866 398.102 87.28 441.437 879.669 154.572 -1914.368 505.371 178.528 32.349 29.144 49.438 2548.065 2502.594 2116.699 1744.232 1387.482 1026.611 668.945 209.656 26.245 27.924 71.869 2.594 -332.947 -675.659 -1012.421 -1354.675 -1694.183 -2030.792 -2366.028 -2688.751 540.009 731.964 439.606 87.128 3.51 -346.832 -697.937 574 555 736 36.3 42.49 -999 65 2408 1 034
4773120 5626 2025/9/28 14:35:58 P13 76.26 32.63 0 11.72 52.53 942.63 954.59 332.947 574.951 3584.595 358.276 529.327 817.261 569.458 39.215 10.529 167.694 -30.212 210.114 926.666 21.057 638.885 787.048 307.922 444.489 921.021 519.257 -5000 -1.678 -7.935 2.594 -32.959 5.341 398.56 86.06 439.911 874.481 169.373 -1914.368 504.456 175.781 32.806 28.839 49.133 2543.793 2502.747 2115.326 1743.164 1387.787 1028.442 674.591 207.825 27.924 15.259 73.853 3.204 -334.32 -678.406 -1014.709 -1355.896 -1694.489 -2029.724 -2364.96 -2686.157 538.94 730.133 439.606 84.534 3.815 -348.053 -699.31 582 560 736 36.26 42.44 -999 65 2408 1 034
4773121 5626 2025/9/28 14:35:59 P13 76.1 32.74 0 11.7 52.53 942.62 954.6 332.947 575.104 3583.374 358.887 529.022 818.634 569.153 -46.539 -11.597 166.779 -29.755 209.351 928.345 20.599 638.885 787.354 308.685 444.336 919.647 518.799 -5000 -20.905 -8.087 19.836 -32.959 6.714 399.017 86.212 440.826 876.617 162.354 -1914.673 505.371 177.765 33.417 27.771 49.286 2541.809 2502.136 2122.65 1750.031 1397.858 1038.208 682.983 204.773 24.872 18.463 71.411 3.967 -332.642 -673.218 -1009.521 -1351.013 -1688.843 -2024.689 -2359.161 -2681.122 539.093 731.049 440.979 86.975 5.798 -344.238 -701.294 582 560 736 36.26 42.44 -999 65 2408 1 034
4773122 5626 2025/9/28 14:36:00 P13 76.1 32.6 0 11.73 52.53 942.63 954.59 334.015 576.324 3589.783 354.309 529.175 814.514 569.305 30.975 4.425 158.234 -27.924 209.351 929.718 19.684 638.58 787.201 308.533 443.115 922.089 520.172 -5000 -15.259 -9.46 -16.174 -32.043 5.646 398.712 88.043 440.521 876.77 183.868 -1914.368 504.456 176.544 33.722 30.06 49.438 2545.319 2500.763 2115.936 1745.605 1390.686 1027.069 671.387 212.86 26.245 26.398 72.632 0.61 -333.557 -676.117 -1013.641 -1355.286 -1693.573 -2030.487 -2364.502 -2689.209 540.771 733.643 438.538 83.618 1.678 -347.137 -697.937 575 560 736 36.24 42.51 -999 65 2408 1 034
4773123 5626 2025/9/28 14:36:01 P13 76.26 32.74 0 11.7 52.44 942.63 954.59 332.642 576.63 3583.374 358.429 529.633 816.956 568.695 15.564 7.629 161.896 -27.466 209.198 929.871 21.515 638.275 787.048 308.228 445.099 921.631 520.935 -5000 -10.071 -8.85 -12.207 -31.738 6.409 399.475 85.907 439.453 872.803 155.945 -1913.91 504.761 175.629 32.654 25.33 49.133 2547.302 2503.052 2116.852 1738.434 1381.378 1017.456 658.722 212.25 24.414 47.76 71.716 2.441 -332.947 -676.88 -1016.541 -1358.948 -1697.693 -2035.522 -2373.199 -2694.55 539.856 732.574 439.758 83.771 3.204 -350.952 -705.566 574 560 736 36.27 42.47 -999 65 2408 1 034
4773124 5626 2025/9/28 14:36:02 P13 76.15 32.69 0 11.77 52.39 942.64 954.59 332.794 576.172 3583.832 357.971 528.87 812.836 568.695 -82.397 2.441 144.196 -28.839 210.114 928.65 20.142 638.733 788.269 307.312 444.031 921.936 519.409 -5000 -21.973 -7.172 4.425 -31.738 5.951 398.102 87.891 441.284 876.007 167.389 -1914.368 503.693 176.544 32.959 29.602 49.286 2545.013 2502.594 2118.988 1751.404 1396.637 1036.377 681.61 210.724 24.872 28.839 71.259 1.526 -332.947 -677.185 -1010.742 -1352.234 -1689.911 -2025.757 -2358.551 -2682.037 541.229 732.88 438.69 84.534 5.188 -348.663 -696.716 582 560 736 36.21 42.37 -999 65 2408 1 034
4773125 5626 2025/9/28 14:36:03 P13 76.23 32.69 0 11.72 52.53 942.65 954.6 332.794 577.087 3589.172 356.903 529.938 805.359 568.695 -30.212 -13.275 140.686 -29.144 208.13 931.244 22.583 639.191 787.354 308.38 444.489 919.8 521.088 -5000 -3.204 -8.698 -15.411 -31.586 5.951 399.475 85.297 441.284 874.329 152.893 -1914.062 504.456 175.781 27.924 30.518 50.201 2548.218 2502.594 2118.683 1746.063 1390.839 1029.205 671.082 208.282 25.482 20.142 70.801 4.425 -330.505 -673.218 -1009.827 -1352.844 -1691.589 -2028.046 -2364.197 -2686.462 540.314 731.812 441.284 87.28 5.646 -346.985 -698.547 566 560 736 36.27 42.41 -999 65 2408 1 034
4773126 5626 2025/9/28 14:36:04 P13 76.23 32.79 0 11.72 52.54 942.6 954.61 331.726 576.172 3588.715 355.988 529.48 816.956 568.848 43.335 6.409 140.839 -29.755 208.13 928.192 22.125 639.038 784.912 308.228 444.336 919.037 520.02 -5000 -10.376 -8.85 14.954 -33.569 4.73 400.391 85.144 439.758 874.481 134.43 -1914.062 504.15 177.155 30.06 27.466 49.438 2545.319 2502.899 2113.8 1735.687 1378.784 1013.489 656.433 206.604 23.346 17.7 70.648 3.204 -333.71 -676.727 -1014.709 -1358.337 -1696.777 -2035.675 -2372.742 -2695.465 539.398 732.422 440.216 85.449 0.305 -350.952 -707.397 583 560 736 36.27 42.48 -999 65 2408 1 034
4773127 5626 2025/9/28 14:36:05 P13 76.25 32.7 0 11.89 52.53 942.63 954.61 333.099 576.172 3583.374 354.462 530.396 816.193 569.305 16.937 -27.618 146.484 -28.992 210.266 930.481 20.752 638.428 787.048 307.77 444.489 920.868 521.088 -5000 -0.458 -8.24 -0.458 -31.891 5.341 399.628 86.517 440.674 874.481 161.743 -1913.605 503.54 175.629 33.112 32.196 49.896 2549.133 2503.052 2112.732 1740.265 1382.294 1019.897 666.504 211.334 25.635 12.36 71.564 1.221 -334.473 -679.779 -1016.998 -1359.406 -1699.219 -2036.133 -2371.826 -2693.329 541.84 733.643 439.911 83.618 2.136 -353.699 -706.94 575 560 736 36.27 42.39 -999 65 2408 1 034
4773128 5626 2025/9/28 14:36:06 P13 76.19 32.73 0 11.85 52.53 942.61 954.6 331.573 575.104 3590.088 359.65 528.717 817.261 569 17.242 -37.842 177.765 -28.381 209.503 930.634 23.041 638.885 787.506 308.075 445.099 920.715 518.951 -5000 -7.477 -7.629 -46.082 -31.738 5.035 400.238 85.754 439.453 871.124 159.76 -1913.605 503.693 176.392 27.618 34.027 50.507 2545.166 2502.441 2118.225 1742.249 1390.533 1029.358 670.013 207.672 23.651 26.55 71.411 5.798 -332.642 -674.133 -1012.268 -1353.607 -1691.589 -2030.029 -2365.723 -2688.293 538.635 729.675 441.742 86.212 4.883 -346.375 -700.226 582 560 737 36.23 42.54 -999 65 2408 1 034
4773129 5626 2025/9/28 14:36:07 P13 76.19 32.74 0 11.8 52.43 942.64 954.59 333.862 575.562 3589.325 360.718 529.785 815.582 569.305 96.283 -19.989 169.525 -29.449 209.503 930.786 22.125 637.817 787.201 308.228 444.946 916.443 520.63 -5000 -6.104 -7.172 76.752 -31.891 6.561 401.001 85.754 440.063 871.735 167.389 -1912.994 503.387 176.697 30.365 26.855 49.286 2548.37 2503.357 2115.479 1736.298 1376.953 1012.726 656.586 207.367 29.297 25.94 74.005 3.662 -334.778 -679.169 -1016.693 -1359.863 -1698.914 -2036.591 -2375.031 -2695.923 540.619 732.117 439.453 83.923 5.035 -351.41 -705.719 574 565 738 36.28 42.51 -999 65 2408 1 034
4773130 5626 2025/9/28 14:36:08 P13 76.22 32.73 0 11.72 52.57 942.6 954.58 332.794 576.172 3589.172 355.682 529.327 812.531 568.542 -36.926 2.136 171.204 -29.144 207.672 928.192 23.499 636.902 786.896 308.228 444.489 918.732 520.325 -5000 0.61 -8.087 59.357 -31.433 5.341 399.017 84.229 438.843 871.582 162.964 -1913.452 503.845 175.629 26.398 33.417 49.133 2546.234 2503.204 2116.699 1738.892 1382.904 1022.186 666.962 209.503 27.618 35.248 73.7 0.916 -337.524 -682.678 -1021.271 -1363.22 -1701.66 -2038.116 -2375.641 -2695.923 539.703 731.964 438.843 83.313 5.341 -350.647 -706.787 582 565 739 36.27 42.42 -999 65 2408 1 034
4773131 5626 2025/9/28 14:36:09 P13 76.22 32.76 0 11.73 52.57 942.61 954.58 331.879 576.172 3589.172 355.835 529.633 811.157 569.153 26.398 -5.493 138.702 -28.992 208.435 930.023 21.667 638.58 786.743 307.007 444.489 920.563 520.325 -5000 -21.362 -8.698 9.766 -31.891 5.646 399.78 84.839 441.589 871.887 175.323 -1913.605 504.303 176.697 30.67 33.722 48.828 2549.133 2501.831 2118.683 1743.774 1389.618 1028.9 671.844 214.691 23.651 45.166 71.564 3.967 -331.268 -673.828 -1011.047 -1355.133 -1693.115 -2030.945 -2367.401 -2689.209 540.466 730.133 439.911 87.128 2.289 -347.443 -700.226 574 565 740 36.28 42.41 -999 65 2408 1 034
4773132 5626 2025/9/28 14:36:10 P13 76.18 32.74 0 11.78 52.5 942.63 954.61 332.489 575.562 3587.799 357.361 528.87 814.667 570.068 -110.168 -7.172 195.77 -29.297 207.977 931.702 23.956 638.123 787.048 307.77 444.336 919.342 519.714 -5000 -22.278 -8.24 75.226 -31.586 6.561 399.628 84.076 440.063 871.735 157.013 -1912.842 503.387 174.408 33.875 31.281 49.591 2549.438 2501.831 2111.664 1737.823 1377.563 1009.674 653.381 227.509 24.872 40.436 71.716 2.441 -336.151 -678.558 -1017.914 -1359.711 -1698.608 -2037.354 -2373.352 -2695.77 540.314 732.88 439.301 84.229 2.594 -351.868 -707.397 582 565 740 36.28 42.39 -999 65 2408 1 034
4773133 5626 2025/9/28 14:36:11 P13 76.18 32.66 0 11.7 52.49 942.62 954.6 334.015 575.867 3587.341 355.835 529.48 814.972 569.153 -19.531 3.662 144.043 -28.076 207.367 928.497 24.414 638.885 787.811 307.77 443.878 919.952 519.409 -5000 2.441 -6.256 67.596 -32.043 5.798 399.78 84.686 439.911 870.514 139.16 -1913.605 502.472 177.002 31.586 27.466 48.981 2543.64 2501.831 2114.868 1741.18 1384.277 1023.407 668.488 222.778 27.771 51.27 70.953 3.815 -334.473 -677.185 -1014.862 -1356.964 -1696.32 -2032.166 -2368.164 -2689.972 539.246 730.133 439.758 84.534 5.646 -349.121 -703.583 582 565 741 36.28 42.39 -999 65 2408 1 034
4773134 5626 2025/9/28 14:36:12 P13 76.25 32.73 0 11.62 52.52 942.64 954.6 332.489 575.256 3588.104 358.276 529.785 815.43 569.305 63.019 -16.479 151.672 -29.907 210.419 928.192 27.008 638.275 788.116 307.159 443.878 921.173 519.867 -5000 1.678 -8.24 29.907 -33.417 4.73 398.407 82.855 438.538 862.732 168.152 -1913.757 503.998 175.629 37.384 29.297 49.896 2545.166 2502.289 2117.157 1745.148 1394.958 1031.799 679.016 217.285 24.567 21.057 70.953 5.188 -333.405 -675.812 -1014.099 -1355.286 -1692.657 -2029.572 -2361.908 -2685.547 538.483 728.607 440.979 84.534 4.578 -347.29 -698.547 583 565 742 36.21 42.37 -999 65 2408 1 034
4773135 5626 2025/9/28 14:36:13 P13 76.18 32.67 0 11.62 52.45 942.63 954.59 334.167 576.324 3587.646 359.802 529.175 812.683 569.305 108.948 -45.624 171.967 -30.365 209.351 931.549 25.177 638.58 786.896 307.77 445.099 918.884 519.104 -5000 3.967 -7.782 54.321 -30.823 6.409 399.628 83.618 441.284 867.31 151.672 -1913.605 500.946 175.476 35.858 27.466 49.438 2548.37 2504.272 2109.68 1732.178 1372.223 1007.69 653.534 217.133 24.261 26.855 73.547 4.578 -333.71 -679.169 -1017.761 -1361.237 -1701.05 -2038.422 -2375.946 -2697.601 538.635 728.912 439.758 84.229 6.104 -353.699 -709.381 565 570 742 36.24 42.54 -999 65 2408 1 034
4773136 5626 2025/9/28 14:36:14 P13 76.25 32.67 0 11.77 52.44 942.64 954.6 332.947 575.867 3586.884 355.835 528.107 816.193 569.916 -100.403 -14.496 149.994 -29.602 208.74 929.565 26.245 638.428 787.506 306.091 444.489 918.121 518.494 -5000 6.256 -7.782 28.076 -33.417 6.409 400.085 82.855 439.606 867.462 159.607 -1912.994 503.693 176.544 36.011 29.907 49.438 2543.64 2504.578 2113.342 1741.791 1388.55 1023.865 671.387 221.863 23.499 33.264 69.733 3.815 -331.268 -676.727 -1014.404 -1357.574 -1695.862 -2031.555 -2365.265 -2688.904 539.246 731.201 436.707 84.686 2.136 -350.647 -702.362 577 570 743 36.28 42.48 -999 65 2408 1 034
4773137 5626 2025/9/28 14:36:15 P13 76.13 32.67 0 11.68 52.46 942.62 954.59 332.031 576.935 3587.799 357.056 528.87 814.667 569.458 -63.019 -20.599 147.247 -28.534 209.045 932.312 24.261 638.123 787.964 307.465 444.794 916.138 519.867 -5000 -12.512 -7.629 33.112 -32.501 5.341 400.238 83.923 439.301 869.141 150.299 -1913.3 502.625 175.781 33.112 29.602 48.981 2550.049 2504.883 2116.852 1749.573 1394.501 1032.715 680.237 209.656 25.635 45.166 72.632 2.747 -336.151 -678.406 -1013.794 -1353.455 -1692.2 -2027.588 -2359.772 -2684.174 537.262 729.218 441.895 87.433 5.188 -347.29 -696.869 585 570 743 36.27 42.36 -999 65 2408 1 034
4773138 5626 2025/9/28 14:36:16 P13 76.18 32.65 0 11.8 52.42 942.63 954.6 332.947 577.24 3587.341 357.208 527.649 811.157 569.458 25.024 -7.629 183.258 -30.212 207.52 928.65 27.313 638.58 786.896 307.922 444.489 917.664 519.562 -5000 -8.85 -7.019 47.607 -31.586 5.493 399.475 82.55 439.148 865.479 167.999 -1912.842 503.845 176.392 27.771 35.706 49.591 2545.624 2502.136 2116.394 1745.453 1383.057 1027.985 672.607 207.825 23.499 51.727 69.885 2.747 -348.816 -684.967 -1019.287 -1359.558 -1696.472 -2032.776 -2366.791 -2690.125 539.551 730.743 438.385 86.67 2.441 -347.595 -699.463 575 570 744 36.26 42.42 -999 65 2408 1 034
4773139 5626 2025/9/28 14:36:17 P13 76.16 32.73 0 11.67 52.5 942.63 954.58 332.489 576.782 3587.646 355.225 529.48 811.31 570.221 -40.894 -0.61 157.776 -28.534 207.214 928.345 27.008 638.428 786.438 307.007 445.099 918.427 519.714 -5000 8.392 -8.392 81.787 -30.67 5.798 398.712 82.397 438.538 865.326 157.471 -1913.3 503.998 175.629 33.569 27.924 49.438 2546.082 2504.578 2117.767 1742.096 1389.618 1028.748 672.302 213.928 21.82 35.248 70.343 5.646 -333.405 -675.201 -1012.878 -1355.438 -1693.42 -2029.572 -2365.723 -2686.462 541.229 729.675 440.063 84.686 3.052 -348.358 -701.141 582 570 744 36.24 42.42 -999 65 2408 1 034
4773140 5626 2025/9/28 14:36:18 P13 76.2 32.73 0 11.68 52.5 942.64 954.59 332.489 576.172 3587.036 355.53 528.87 812.225 569.611 38.757 -15.259 162.659 -28.381 207.825 931.396 25.635 638.275 787.506 307.77 445.251 919.189 520.63 -5000 -3.815 -8.087 50.507 -32.196 4.73 400.238 82.855 438.995 865.326 171.356 -1912.231 502.472 177.765 32.806 30.975 49.438 2549.591 2502.136 2117.767 1750.641 1395.569 1034.088 680.084 207.825 26.398 48.065 72.784 0.916 -333.405 -674.438 -1010.132 -1351.318 -1689.606 -2025.452 -2356.567 -2682.495 539.703 729.98 437.622 86.67 3.662 -346.375 -693.97 582 570 744 36.28 42.48 -999 65 2408 1 034
4773141 5626 2025/9/28 14:36:19 P13 76.19 32.7 0 11.58 52.44 942.62 954.6 333.557 575.714 3587.341 353.241 528.87 813.599 570.526 -66.681 -1.831 158.081 -28.381 209.198 927.734 27.618 637.207 787.048 307.617 444.794 920.41 519.562 -5000 4.425 -7.477 42.725 -31.586 6.561 399.017 82.092 438.843 860.748 175.171 -1913.605 503.235 177.002 31.281 30.06 49.286 2547.455 2503.662 2114.41 1742.096 1387.024 1022.644 667.114 208.893 26.093 34.79 71.564 1.221 -333.557 -676.27 -1014.252 -1355.896 -1694.794 -2032.318 -2365.112 -2690.125 539.856 731.506 438.232 85.449 4.578 -347.595 -699.31 582 570 744 36.28 42.53 -999 65 2408 1 034
4773142 5626 2025/9/28 14:36:20 P13 76.19 32.66 0 11.75 52.51 942.63 954.6 334.015 577.24 3587.189 355.682 528.107 816.65 570.221 39.062 -2.441 155.182 -28.229 207.672 925.446 25.482 637.97 787.659 307.922 444.641 918.884 520.02 -5000 7.019 -9.918 -7.324 -31.891 5.646 398.865 83.16 439.301 865.021 177.002 -1913.3 503.54 175.934 35.553 28.687 49.896 2545.929 2502.289 2110.748 1732.33 1377.258 1009.979 657.349 211.029 24.414 12.054 71.869 3.204 -335.236 -680.695 -1020.05 -1360.168 -1699.524 -2038.422 -2374.115 -2696.686 538.33 726.471 439.758 81.177 3.204 -352.783 -708.923 582 570 744 36.28 42.53 -999 65 2408 1 034
4773143 5626 2025/9/28 14:36:21 P13 76.19 32.65 0 11.87 52.53 942.62 954.59 333.71 575.714 3586.426 358.582 528.107 814.972 569.763 74.005 -1.831 158.081 -29.755 208.588 929.565 28.839 638.428 787.964 307.77 444.641 917.358 518.341 -5000 4.425 -8.698 -22.583 -32.501 7.019 400.391 81.482 439.453 862.427 168.61 -1913.147 500.488 177.002 38.3 29.907 49.438 2543.182 2501.068 2119.598 1750.336 1396.179 1032.867 675.659 205.688 25.94 34.637 71.259 3.204 -332.947 -672.76 -1010.895 -1351.929 -1688.995 -2026.367 -2361.45 -2686.157 538.788 732.88 440.826 85.297 5.798 -346.375 -697.479 582 570 745 36.27 42.39 -999 65 2408 1 034
4773144 5626 2025/9/28 14:36:22 P13 76.19 32.66 0 11.73 52.4 942.62 954.58 334.625 576.935 3581.543 355.072 528.564 812.683 570.068 142.059 -5.341 139.465 -30.06 209.045 926.666 26.855 637.512 788.574 306.549 444.031 919.647 518.646 -5000 7.629 -8.545 49.591 -31.738 6.561 398.865 82.703 438.69 864.258 158.081 -1913.452 503.387 176.544 29.755 33.569 49.438 2545.013 2502.899 2111.053 1737.518 1381.226 1015.32 661.163 205.994 24.872 33.417 73.242 3.815 -333.862 -676.88 -1016.083 -1357.727 -1697.693 -2034.912 -2370.453 -2694.092 540.924 730.286 440.063 84.076 3.662 -350.189 -703.735 585 570 745 36.27 42.47 -999 65 2408 1 034
4773145 5626 2025/9/28 14:36:23 P13 76.26 32.66 0 11.87 52.46 942.64 954.61 332.642 576.63 3586.121 358.734 528.412 806.122 569.611 -21.667 -40.588 161.438 -28.687 209.198 932.922 29.144 638.428 788.879 306.549 444.489 920.258 519.867 -5000 -5.798 -7.019 25.94 -33.112 5.188 399.323 83.313 440.063 863.19 173.187 -1912.842 502.93 175.476 32.654 32.806 50.049 2542.877 2503.052 2114.41 1735.687 1380.31 1018.982 663.3 213.928 26.855 20.142 72.327 1.068 -336.456 -679.626 -1016.388 -1360.168 -1698.608 -2035.675 -2373.962 -2694.244 540.161 730.743 439.758 81.177 3.967 -352.631 -708.313 578 570 746 36.24 42.57 -999 65 2408 1 034
4773146 5626 2025/9/28 14:36:24 P13 76.1 32.71 0 11.85 52.45 942.64 954.6 334.167 576.935 3586.426 354.614 527.954 814.056 572.052 -83.008 -23.041 140.228 -28.076 208.74 921.783 27.008 637.665 787.659 306.854 443.726 919.342 519.409 -5000 7.935 -8.392 43.945 -31.891 6.104 398.254 83.008 438.232 862.732 164.337 -1912.842 501.862 175.171 22.583 24.261 49.896 2545.776 2502.136 2116.699 1745.148 1389.465 1029.51 676.88 212.097 21.21 22.125 70.953 4.73 -332.336 -677.49 -1013.794 -1355.438 -1694.336 -2029.572 -2363.586 -2684.784 538.025 727.844 440.521 83.16 1.526 -349.274 -701.599 577 570 747 36.27 42.44 -999 65 2408 1 034
4773147 5626 2025/9/28 14:36:25 P13 76.15 32.7 0 11.72 52.49 942.63 954.57 333.252 576.782 3585.51 359.192 528.717 813.599 569.611 -25.787 -29.144 149.689 -29.144 209.961 930.481 28.992 635.529 787.506 306.854 444.031 918.427 518.951 -5000 15.106 -7.629 -2.594 -31.281 5.798 399.628 81.329 439.301 859.833 174.103 -1914.52 502.167 174.866 23.804 25.024 47.607 2547.607 2503.357 2109.833 1735.077 1375.58 1010.284 655.518 219.574 22.583 32.654 71.716 5.341 -333.862 -679.626 -1017.456 -1360.168 -1700.592 -2037.811 -2375.641 -2697.144 538.788 727.539 439.911 83.771 0.763 -353.241 -706.787 587 570 748 36.27 42.54 -999 65 2408 1 034
4773148 5626 2025/9/28 14:36:26 P13 76.1 32.79 0 11.73 52.61 942.62 954.6 334.167 577.087 3585.358 355.377 529.175 815.582 570.068 -132.751 -28.381 175.476 -27.771 208.282 929.871 26.855 637.054 788.116 306.702 444.183 919.647 520.325 -5000 12.207 -8.698 -27.313 -32.196 6.104 399.475 82.855 437.775 862.122 156.86 -1912.689 501.556 175.018 28.076 30.365 49.744 2546.082 2502.594 2114.105 1741.638 1384.735 1023.712 669.25 219.879 25.482 37.384 71.564 2.136 -334.32 -677.49 -1014.099 -1357.117 -1695.251 -2031.708 -2368.164 -2689.209 539.398 728.455 438.69 84.229 3.51 -349.884 -701.599 577 570 749 36.27 42.54 -999 65 2408 1 034
4773149 5626 2025/9/28 14:36:27 P13 76.19 32.74 0 11.67 52.55 942.65 954.6 332.642 576.477 3585.51 355.377 529.175 800.629 570.679 80.872 -16.479 185.852 -28.687 208.74 927.582 27.161 636.902 786.285 306.396 445.404 919.495 519.562 -5000 14.496 -8.24 52.795 -30.823 6.256 398.865 82.092 438.69 862.579 149.689 -1912.842 502.472 175.781 30.823 35.706 49.286 2548.37 2501.678 2119.904 1746.826 1395.111 1033.325 677.795 217.438 26.398 49.896 71.106 4.883 -334.167 -675.201 -1012.115 -1352.997 -1689.606 -2026.978 -2360.229 -2682.953 539.398 730.591 440.979 85.602 2.441 -346.985 -700.073 585 570 750 36.23 42.45 -999 65 2408 1 034
4773150 5626 2025/9/28 14:36:28 P13 76.18 32.71 0 11.68 52.52 942.64 954.6 333.71 576.782 3584.595 356.445 528.717 813.293 570.068 19.836 12.97 175.323 -28.992 207.52 932.312 31.738 637.36 787.506 305.023 443.878 916.595 519.409 -5000 1.678 -6.714 17.7 -31.891 7.172 399.475 81.787 438.08 860.291 167.389 -1913.757 502.93 174.408 36.621 31.738 49.286 2547.913 2502.441 2109.833 1734.009 1375.732 1009.369 656.433 212.86 25.94 53.253 72.632 3.052 -335.846 -680.389 -1018.524 -1360.321 -1701.202 -2038.422 -2374.42 -2697.449 539.551 729.218 439.453 81.635 4.578 -354.767 -708.771 575 570 750 36.23 42.42 -999 65 2408 1 034
4773151 5626 2025/9/28 14:36:29 P13 76.18 32.69 0 11.68 52.43 942.62 954.6 332.031 576.477 3585.51 355.835 528.412 813.904 570.526 51.422 -21.21 190.125 -28.076 207.52 931.244 28.839 637.665 787.811 307.465 444.489 918.121 519.867 -5000 18.616 -8.545 55.542 -32.196 5.646 400.391 80.872 438.08 859.985 178.223 -1912.994 501.099 174.561 35.4 26.703 50.049 2550.659 2502.441 2117.92 1741.18 1386.719 1025.696 670.319 211.945 24.261 46.234 71.564 5.951 -333.557 -676.727 -1015.015 -1356.659 -1695.099 -2032.166 -2367.859 -2688.751 540.619 727.844 442.2 86.823 4.272 -348.358 -703.43 582 570 751 36.27 42.5 175 65 2408 1 034
4773152 5626 2025/9/28 14:36:30 P13 76.22 32.7 0 11.75 52.46 942.66 954.6 333.862 575.867 3585.052 357.819 528.564 813.751 570.374 42.114 -14.648 172.882 -29.602 208.588 927.887 31.128 637.512 787.964 307.465 443.726 918.579 518.494 -5000 -3.967 -7.629 -11.139 -33.112 6.866 399.933 80.872 440.063 856.628 148.468 -1912.842 502.472 176.392 33.875 25.635 49.591 2542.114 2503.204 2118.683 1750.183 1396.484 1036.377 682.983 213.013 25.94 24.109 71.564 3.51 -331.268 -674.133 -1009.369 -1349.792 -1689.758 -2024.689 -2358.246 -2682.19 538.635 728.607 439.911 86.975 5.035 -343.628 -693.665 576 570 751 36.3 42.49 175 65 2408 1 034
4773153 5626 2025/9/28 14:36:31 P13 76.05 32.65 0 11.84 52.55 942.61 954.6 333.099 577.087 3585.51 354.919 528.107 809.784 570.526 49.133 -13.428 180.511 -29.449 207.825 927.734 28.534 637.054 787.354 306.854 444.336 916.901 518.951 -5000 -8.24 -7.172 49.286 -31.433 6.104 398.712 81.024 438.08 859.528 159.607 -1912.384 502.014 175.476 32.806 14.648 48.981 2548.065 2501.984 2115.631 1746.063 1389.16 1026.306 671.997 204.468 27.008 16.022 73.242 3.052 -333.557 -675.812 -1012.878 -1354.98 -1694.183 -2030.64 -2364.655 -2689.362 540.161 729.98 440.063 84.839 4.73 -350.647 -700.226 576 570 751 36.3 42.49 175 65 2408 1 034
4773154 5626 2025/9/28 14:36:32 P13 76.2 32.69 0 11.62 52.47 942.63 954.59 332.947 577.393 3584.442 359.497 528.87 812.683 570.068 89.722 3.052 181.274 -27.924 208.13 932.465 32.043 637.97 787.964 307.007 443.726 918.579 518.951 -5000 -3.967 -8.087 -6.409 -31.281 5.646 398.865 80.566 438.385 855.255 165.71 -1911.774 501.862 174.408 34.485 26.855 48.981 2548.828 2501.526 2112.885 1741.943 1387.482 1025.085 670.319 209.503 23.804 34.79 71.259 4.578 -332.184 -676.575 -1013.794 -1355.286 -1694.336 -2030.792 -2363.892 -2687.378 537.567 730.591 439.758 84.991 2.899 -348.969 -701.599 582 570 752 36.23 42.46 175 65 2408 1 034
4773155 5626 2025/9/28 14:36:33 P13 76.08 32.63 0 11.85 52.49 942.63 954.57 332.184 577.24 3585.205 360.26 528.259 812.988 570.374 -109.558 -1.373 168.915 -29.602 207.52 929.565 32.501 637.207 787.964 306.091 444.183 914.154 519.562 -5000 5.341 -9.46 2.441 -32.654 5.493 399.17 80.872 437.164 855.713 149.841 -1912.689 502.625 174.713 29.297 27.161 49.286 2545.929 2503.052 2120.361 1751.404 1395.569 1036.682 682.068 207.214 25.787 9.766 71.411 1.526 -332.031 -675.354 -1010.132 -1352.081 -1690.521 -2026.672 -2360.077 -2682.8 538.635 729.065 440.826 88.959 2.289 -347.137 -695.19 578 570 753 36.26 42.48 175 65 2408 1 034
4773156 5626 2025/9/28 14:36:34 P13 76.19 32.71 0 11.92 52.46 942.63 954.57 333.405 576.782 3583.221 355.377 528.564 809.479 570.679 -54.932 -17.09 167.236 -29.144 208.588 928.955 29.755 637.512 786.896 306.091 444.031 918.274 518.341 -5000 -0.61 -7.477 -23.346 -30.67 6.104 398.56 81.024 438.843 858.765 181.732 -1912.537 500.488 175.018 27.466 23.651 49.438 2548.981 2501.526 2118.378 1741.486 1388.245 1026.001 667.725 208.588 26.245 21.82 70.19 6.409 -332.794 -673.981 -1012.268 -1354.98 -1693.268 -2030.792 -2366.638 -2689.362 539.551 726.624 441.589 86.212 3.662 -346.68 -700.226 577 570 754 36.28 42.58 175 65 2408 1 034
4773157 5626 2025/9/28 14:36:35 P13 76.09 32.63 0 11.82 52.55 942.64 954.61 332.031 576.63 3583.527 361.938 529.022 815.277 570.679 -93.842 -20.599 162.201 -28.076 207.214 932.312 35.706 637.512 787.659 305.939 443.878 917.816 520.782 -5000 8.24 -9.46 68.665 -31.891 6.104 399.475 80.719 437.775 852.814 172.119 -1912.231 500.946 174.408 31.128 24.872 49.286 2548.523 2501.373 2112.427 1734.467 1374.512 1010.132 655.67 211.029 25.024 28.839 70.038 3.357 -332.336 -676.575 -1015.167 -1359.863 -1699.524 -2036.896 -2377.014 -2696.838 538.788 726.471 441.284 84.839 2.289 -351.257 -707.397 585 570 755 36.24 42.58 175 65 2408 1 034
4773158 5626 2025/9/28 14:36:36 P13 76.13 32.65 0 11.7 52.61 942.65 954.59 333.252 577.087 3583.832 360.26 527.802 803.986 570.831 -36.316 -14.496 162.811 -29.755 206.757 929.565 34.637 637.207 788.422 306.702 443.726 915.68 518.646 -5000 0.763 -8.24 5.951 -33.264 6.104 399.78 79.651 437.164 854.187 172.119 -1912.689 501.404 175.781 32.959 24.872 49.744 2543.03 2503.204 2118.378 1750.031 1398.01 1035.156 680.542 208.13 25.024 31.738 70.496 3.052 -331.421 -673.676 -1009.827 -1350.403 -1689.148 -2025.604 -2357.33 -2682.8 537.72 725.708 440.216 87.738 1.678 -345.154 -694.733 585 570 756 36.26 42.5 175 65 2408 1 034
4773159 5626 2025/9/28 14:36:37 P13 76.2 32.67 0 11.7 52.56 942.61 954.6 333.252 577.24 3582.764 357.056 528.87 814.209 570.984 -23.193 -2.289 152.13 -27.771 207.062 929.26 30.67 637.207 787.354 305.939 444.183 918.274 519.409 -5000 6.561 -7.782 9.613 -31.586 6.256 399.17 80.566 437.012 856.323 169.525 -1912.231 499.573 175.323 32.501 27.466 49.591 2546.997 2502.899 2116.089 1743.317 1387.634 1024.017 667.877 210.419 22.583 37.079 70.953 5.646 -332.947 -675.812 -1014.709 -1356.049 -1695.099 -2032.013 -2366.028 -2690.735 538.483 725.403 439.758 85.602 3.51 -347.9 -700.378 582 570 757 36.27 42.51 175 65 2408 1 034
4773160 5626 2025/9/28 14:36:38 P13 76.15 32.69 0 11.67 52.51 942.64 954.59 333.099 576.63 3579.559 356.14 528.259 811.31 570.831 -45.013 -12.97 139.008 -28.839 207.825 931.702 32.196 636.749 786.438 306.091 443.115 916.901 518.646 -5000 5.188 -7.477 8.087 -31.891 5.493 398.254 80.719 437.012 855.103 162.506 -1912.842 501.709 173.95 30.365 28.381 49.591 2549.286 2501.678 2109.985 1735.535 1375.732 1010.132 656.738 203.857 27.161 39.978 72.327 3.357 -333.252 -678.864 -1017.609 -1359.711 -1700.287 -2037.964 -2375.488 -2698.364 539.093 726.471 440.369 84.381 3.815 -352.173 -707.092 576 570 757 36.24 42.51 175 65 2408 1 034
4773161 5626 2025/9/28 14:36:39 P13 76.13 32.73 0 11.73 52.52 942.65 954.59 332.336 575.867 3582.611 358.429 528.412 813.599 571.289 3.052 0.763 148.01 -28.534 207.52 928.345 34.485 636.749 787.964 303.497 443.268 916.443 518.494 -5000 7.782 -7.019 24.719 -32.196 6.409 398.407 80.566 437.012 852.356 143.738 -1912.537 501.404 174.866 33.417 25.635 50.201 2543.945 2502.594 2120.056 1749.725 1395.721 1036.987 680.542 207.825 25.94 21.057 70.648 1.526 -332.489 -673.828 -1009.521 -1351.318 -1689.453 -2024.384 -2359.314 -2682.343 538.94 728.302 438.843 86.517 3.967 -347.29 -696.564 583 570 758 36.27 42.47 175 65 2408 1 034
4773162 5626 2025/9/28 14:36:40 P13 76.13 32.73 0 11.73 52.46 942.64 954.6 333.557 576.477 3582.458 358.734 528.107 815.582 570.679 13.428 3.815 128.632 -29.449 207.672 927.734 35.095 636.444 787.964 305.634 443.42 917.511 518.188 -5000 4.425 -7.935 25.024 -33.112 6.256 399.628 79.956 437.775 851.135 196.838 -1907.501 501.099 175.323 36.621 26.55 49.744 2542.267 2502.289 2117.767 1743.317 1388.702 1023.865 666.351 211.182 22.736 61.34 72.174 2.747 -332.336 -675.049 -1014.252 -1357.117 -1696.014 -2032.776 -2367.096 -2691.193 538.025 726.776 439.606 83.771 -2.441 -347.29 -703.125 573 570 758 36.24 42.47 175 65 2408 1 034
4773163 5626 2025/9/28 14:36:41 P13 76.16 32.65 0 11.82 52.48 942.66 954.57 333.405 576.63 3581.848 354.614 527.802 811.615 570.679 4.883 -23.804 163.574 -29.602 207.672 929.108 35.4 635.834 788.116 303.955 443.878 916.901 518.799 -5000 3.967 -8.24 26.55 -32.654 7.172 399.78 79.956 436.707 854.492 179.138 -1912.231 501.251 175.171 34.18 27.313 50.201 2544.708 2503.204 2114.41 1733.093 1375.275 1011.505 653.839 211.792 26.703 32.501 70.801 4.73 -337.067 -680.084 -1018.219 -1360.931 -1700.134 -2037.354 -2376.251 -2695.77 538.33 726.166 440.826 83.008 5.341 -350.647 -707.245 573 570 758 36.24 42.47 175 65 2408 1 034
4773164 5626 2025/9/28 14:36:42 P13 76.12 32.65 0 11.77 52.48 942.66 954.57 334.015 576.935 3581.085 343.933 527.802 811.462 570.831 45.624 -5.493 175.018 -29.755 206.909 928.345 32.196 636.292 787.811 305.481 444.031 917.664 518.799 -5000 16.327 -7.935 47.455 -32.349 6.104 399.017 80.261 435.791 854.187 168.915 -1911.926 501.709 176.392 31.128 34.79 49.286 2546.997 2502.899 2119.141 1749.878 1393.89 1033.936 679.779 208.74 24.567 42.877 71.106 3.51 -331.421 -674.286 -1009.216 -1351.166 -1689.911 -2025.299 -2359.009 -2684.326 537.567 725.555 440.826 88.043 4.425 -346.527 -694.275 583 570 758 36.23 42.45 175 65 2408 1 034
4773165 5626 2025/9/28 14:36:43 P13 76.12 32.79 0 11.82 52.55 942.66 954.6 331.573 577.698 3581.238 359.497 527.039 812.683 570.679 119.476 -34.943 159.149 -28.992 206.451 931.854 34.943 635.071 787.964 305.634 443.42 916.138 518.799 -5000 9.918 -8.087 59.357 -32.654 6.256 400.238 79.803 437.622 852.966 164.642 -1911.469 501.099 174.408 30.365 26.245 50.659 2548.523 2503.51 2116.699 1742.401 1384.43 1023.407 666.199 217.743 23.346 27.771 71.259 6.409 -331.879 -674.133 -1012.573 -1355.591 -1695.251 -2031.86 -2368.164 -2691.345 538.025 725.555 440.369 86.823 3.357 -347.137 -699.005 578 565 757 36.21 42.49 175 65 2408 1 034
4773166 5626 2025/9/28 14:36:44 P13 76.09 32.73 0 11.9 52.46 942.64 954.59 333.862 576.782 3581.39 356.445 528.259 814.819 571.289 -26.245 -57.373 158.844 -28.381 206.909 930.634 32.959 636.749 787.506 305.481 443.878 917.816 519.409 -5000 5.035 -8.087 39.825 -32.501 5.493 400.085 79.803 437.317 852.661 173.187 -1912.079 500.793 175.171 34.18 20.599 50.049 2546.692 2503.815 2113.037 1732.483 1374.664 1009.064 653.534 221.405 23.346 -0.763 71.106 3.662 -337.677 -680.847 -1018.066 -1362.305 -1700.897 -2038.727 -2375.488 -2696.381 539.703 726.776 439.911 82.855 3.51 -352.325 -708.466 574 565 757 36.24 42.53 175 65 2408 1 034
4773167 5626 2025/9/28 14:36:45 P13 76.13 32.73 0 11.82 52.55 942.63 954.62 331.573 576.477 3581.39 359.497 528.107 804.291 570.984 13.275 -33.112 155.945 -30.518 207.062 926.208 36.774 636.444 787.201 306.854 443.42 916.29 518.188 -5000 9.918 -7.629 -8.545 -33.112 4.73 398.102 78.583 436.096 848.083 164.795 -1911.774 501.251 175.781 35.858 37.384 48.523 2543.488 2502.899 2111.969 1739.807 1385.651 1023.407 670.013 216.217 22.888 31.128 69.733 2.441 -334.015 -679.169 -1015.93 -1356.964 -1696.014 -2031.86 -2365.723 -2689.514 539.551 726.624 438.385 83.771 2.136 -350.647 -703.43 578 565 756 36.26 42.54 175 65 2408 1 034
4773168 5626 2025/9/28 14:36:46 P13 76.1 32.66 0 11.8 52.57 942.63 954.57 332.642 575.562 3580.933 355.072 528.87 812.531 571.594 8.698 -24.414 155.487 -28.839 207.977 930.176 33.875 635.376 787.506 305.176 443.573 915.07 518.494 -5000 23.193 -7.324 -15.106 -31.281 6.866 399.475 79.498 437.012 851.135 154.877 -1911.926 501.099 175.934 37.537 35.248 48.828 2549.591 2503.815 2117.92 1742.554 1387.939 1025.085 666.351 212.708 26.093 24.567 72.174 2.747 -332.184 -673.981 -1011.047 -1354.37 -1693.115 -2030.334 -2368.011 -2689.819 538.33 728.607 440.521 86.67 5.646 -345.001 -701.599 585 565 756 36.23 42.55 175 65 2408 1 034
4773169 5626 2025/9/28 14:36:47 P13 76.01 32.66 0 11.73 52.51 942.65 954.59 333.252 576.172 3576.965 357.513 527.344 813.599 572.052 -29.755 14.801 143.89 -28.992 207.52 930.328 36.163 635.986 787.659 306.091 444.336 916.595 517.578 -5000 11.749 -8.087 8.087 -32.349 5.341 398.102 78.888 436.401 851.44 169.83 -1912.079 500.183 175.018 32.501 27.466 49.286 2543.488 2503.204 2111.053 1734.161 1374.664 1011.047 657.043 216.675 20.294 13.885 72.327 5.951 -334.93 -679.169 -1017.151 -1359.711 -1699.066 -2036.133 -2373.657 -2695.618 538.33 725.403 440.674 84.839 2.441 -351.41 -706.482 576 565 755 36.26 42.48 175 65 2408 1 034
4773170 5626 2025/9/28 14:36:48 P13 76.09 32.77 0 11.7 52.46 942.64 954.56 332.184 577.087 3580.933 358.887 526.581 815.125 571.136 -29.602 9.308 142.67 -30.212 207.214 930.481 36.774 634.918 788.574 304.871 443.42 914.917 517.273 -5000 14.343 -7.629 54.779 -32.959 5.341 399.475 79.803 436.401 850.372 175.476 -1911.316 500.031 175.018 30.975 32.959 49.744 2543.945 2502.594 2111.969 1741.028 1383.972 1023.254 669.708 220.337 23.346 16.785 70.801 3.357 -332.489 -678.864 -1015.167 -1357.727 -1697.54 -2033.997 -2368.011 -2691.498 538.33 732.727 439.453 84.381 1.831 -353.699 -704.956 576 560 755 36.24 42.54 175 65 2408 1 034
4773171 5626 2025/9/28 14:36:49 P13 76.1 32.7 0 11.78 52.43 942.65 954.6 334.167 576.782 3582.306 356.598 527.039 811.768 571.136 45.166 26.245 158.691 -27.924 207.672 922.394 33.875 636.139 787.506 305.481 443.726 916.748 518.646 -5000 1.373 -7.324 18.158 -32.196 5.493 397.491 80.414 436.249 850.83 143.585 -1911.621 500.183 174.408 31.738 29.449 50.201 2546.997 2503.662 2114.716 1744.537 1388.855 1026.917 670.929 220.032 22.888 24.719 69.58 4.272 -330.658 -675.049 -1011.505 -1354.065 -1692.81 -2029.724 -2364.96 -2689.056 538.635 726.166 438.995 87.433 3.51 -347.29 -697.479 575 560 754 36.28 42.54 175 65 2408 1 034
4773172 5626 2025/9/28 14:36:50 P15 76.06 32.66 0 11.9 52.56 942.64 954.11 333.405 576.63 3581.238 356.903 526.581 814.667 571.136 -2.747 -8.698 167.236 -29.449 207.062 922.699 38.452 636.902 787.659 305.634 443.115 916.138 516.968 -5000 7.935 -7.935 -34.332 -32.043 6.104 397.644 78.43 437.469 846.558 169.983 -1910.248 501.251 174.561 35.706 36.163 49.591 2541.504 2502.594 2113.953 1739.96 1383.667 1015.32 660.858 214.844 25.94 41.199 72.937 1.526 -334.167 -674.744 -1015.015 -1356.812 -1697.083 -2034.76 -2370.3 -2694.244 539.246 725.403 439.911 82.855 3.51 -352.631 -704.498 583 560 754 36.24 42.53 175 65 2408 1 034
4773173 5626 2025/9/28 14:36:51 P15 76.06 32.65 0 11.6 52.6 958.74 952.28 331.421 576.477 3579.865 358.582 527.954 811.462 571.442 -40.283 -19.989 150.299 -29.907 205.994 926.208 38.147 635.376 787.048 305.176 443.573 914.612 519.257 -5000 -1.984 -8.545 59.357 -32.043 4.578 398.254 77.82 435.181 848.846 136.719 -1899.261 500.488 174.408 27.924 24.261 49.438 2547.607 2502.747 2109.222 1735.687 1378.479 1015.015 661.011 222.473 23.193 29.907 71.259 3.51 -335.388 -680.542 -1017.609 -1360.321 -1700.287 -2037.506 -2374.725 -2696.381 539.856 727.081 438.69 90.485 3.357 -355.682 -709.686 575 560 754 36.24 42.48 175 65 2408 1 034
4773174 5626 2025/9/28 14:36:52 P15 76.02 32.73 0 11.82 52.59 958.11 951.87 334.473 576.63 3580.322 357.513 527.496 809.326 570.831 54.474 -7.935 178.223 -29.144 206.604 932.007 39.673 635.834 787.506 304.718 443.268 911.255 518.188 -5000 -5.798 -7.477 -13.275 -32.043 6.714 398.407 78.583 436.707 848.389 112.457 -1896.82 500.031 174.255 33.722 37.994 49.438 2547.607 2503.815 2115.784 1742.096 1387.329 1027.069 670.624 221.1 23.346 28.534 68.054 4.272 -331.421 -675.659 -1012.726 -1355.896 -1694.336 -2031.25 -2367.554 -2687.683 537.872 725.861 439.148 86.06 2.441 -348.816 -702.209 575 560 754 36.24 42.48 175 65 2408 1 034
4773175 5626 2025/9/28 14:36:53 P15 76.02 32.71 0 11.82 52.44 957.93 951.72 333.099 576.172 3578.796 355.072 527.802 810.852 571.136 18.311 -15.717 159.607 -28.076 206.604 928.345 35.706 635.376 786.896 305.176 443.115 915.527 518.036 -5000 3.662 -7.935 -27.313 -31.433 5.951 398.865 78.583 436.096 848.389 107.422 -1913.91 500.488 176.239 32.043 28.534 58.289 2548.065 2504.883 2115.631 1742.859 1387.939 1020.813 664.978 213.928 22.888 31.281 71.411 9.918 -331.268 -673.828 -1012.421 -1355.591 -1694.794 -2031.708 -2366.791 -2691.498 539.703 724.945 440.674 86.06 1.984 -349.884 -702.209 582 555 756 36.24 42.54 175 65 2408 1 034
4773176 5626 2025/9/28 14:36:54 P15 76.12 32.86 0 11.78 52.5 962.52 951.72 332.794 576.935 3576.813 359.955 528.107 810.547 571.442 -60.73 -61.493 164.032 -28.687 207.367 931.854 37.842 635.834 787.048 304.565 443.573 914.307 517.883 -5000 6.409 -8.087 -23.346 -31.586 5.493 399.78 78.278 436.707 845.49 79.041 -1946.564 500.183 175.171 30.823 23.499 82.855 2546.692 2502.594 2111.206 1733.398 1376.801 1009.369 653.839 204.315 26.245 38.757 73.395 0.763 -336.151 -679.474 -1019.135 -1360.779 -1699.524 -2037.201 -2375.641 -2696.381 540.161 729.523 440.369 82.703 2.747 -353.088 -710.449 583 555 756 36.26 42.39 175 65 2408 1 034
4773177 5626 2025/9/28 14:36:55 P15 75.99 32.67 0 11.77 52.41 962.52 951.7 332.642 576.172 3580.017 356.598 526.581 811.462 571.899 -190.735 -51.575 159.607 -28.534 207.367 925.751 35.858 635.529 787.354 305.023 443.878 914.459 518.188 -5000 7.935 -6.561 -40.436 -33.112 5.188 398.865 78.278 435.181 847.473 70.648 -1983.185 499.42 175.476 28.992 26.703 114.136 2550.507 2503.052 2114.258 1739.655 1384.583 1021.118 666.046 203.094 25.787 28.839 72.174 1.831 -336.151 -679.016 -1016.541 -1357.727 -1695.099 -2033.539 -2369.232 -2690.735 538.025 726.929 441.589 82.55 2.441 -351.562 -707.397 575 555 757 36.27 42.36 175 65 2408 1 034
4773178 5626 2025/9/28 14:36:56 P15 75.93 32.69 0 11.82 52.51 962.52 951.68 333.252 576.63 3578.644 356.445 527.496 811.462 571.136 -58.136 -47.76 176.849 -28.076 207.52 929.26 37.537 635.376 787.964 303.955 443.268 915.527 518.036 -5000 -4.73 -7.935 -101.624 -32.501 5.493 398.712 78.583 434.875 847.778 71.716 -2012.787 500.183 174.866 33.264 29.297 137.024 2545.929 2501.678 2116.547 1743.164 1390.839 1028.137 674.286 212.555 26.855 33.112 71.869 3.662 -335.236 -678.253 -1016.846 -1356.812 -1695.251 -2031.403 -2362.976 -2687.073 536.957 724.182 441.132 84.076 3.662 -347.748 -702.057 583 555 757 36.27 42.36 175 65 2408 1 034
4773179 5626 2025/9/28 14:36:57 P15 75.97 32.74 0 11.73 52.34 962.53 951.69 331.116 577.393 3578.796 358.124 526.581 801.849 571.442 -99.03 -71.869 170.898 -28.992 205.994 931.854 40.741 635.376 787.048 304.565 443.573 913.696 519.257 -5000 5.493 -8.087 -82.092 -31.586 6.104 398.865 78.583 435.791 844.879 66.528 -2033.539 499.878 174.255 29.602 29.297 151.062 2547.76 2502.136 2115.784 1742.096 1384.888 1018.829 662.689 211.334 27.313 21.515 71.869 1.068 -334.015 -677.032 -1015.015 -1357.574 -1697.693 -2035.065 -2369.69 -2694.702 540.314 726.318 439.758 85.754 3.662 -346.68 -699.921 573 555 757 36.27 42.38 175 65 2408 1 034
4773180 5626 2025/9/28 14:36:58 P15 76.02 32.67 0 11.87 52.31 962.52 951.71 332.794 577.24 3579.559 356.445 527.344 808.716 571.747 -65.002 -46.997 155.182 -29.755 206.757 927.124 35.706 635.834 786.743 304.871 444.031 915.527 517.883 -5000 6.409 -7.019 -87.128 -31.281 6.409 398.254 79.041 435.944 846.252 75.836 -2046.661 499.878 175.781 34.637 27.161 159.76 2547.76 2501.678 2110.748 1732.025 1373.291 1009.369 654.144 215.912 24.109 55.542 73.242 2.441 -346.375 -687.714 -1022.797 -1364.288 -1701.965 -2039.032 -2377.014 -2697.144 538.33 726.013 440.674 84.534 1.068 -353.851 -709.991 575 555 757 36.23 42.48 175 65 2408 1 034
4773181 5626 2025/9/28 14:36:59 P15 75.89 32.67 0 11.73 52.21 962.52 951.71 331.421 576.477 3578.033 357.513 527.344 812.225 571.442 -7.324 -69.58 188.141 -30.06 207.062 927.429 41.504 635.529 784.912 303.955 443.268 912.476 516.205 -5000 -3.51 -7.935 -42.267 -33.112 4.73 398.407 77.667 434.418 844.116 87.738 -2056.885 500.183 175.476 32.654 24.414 166.473 2544.098 2502.441 2113.495 1739.044 1383.972 1021.423 666.809 208.74 25.787 56.458 72.479 2.594 -336.761 -679.626 -1016.846 -1357.727 -1695.251 -2031.25 -2368.011 -2690.277 539.856 724.64 440.369 82.397 5.188 -348.358 -704.803 574 555 757 36.23 42.48 175 65 2408 1 034
4773182 5626 2025/9/28 14:37:00 P15 75.92 32.6 0 11.72 51.79 962.55 951.69 331.421 576.63 3578.796 359.497 527.191 806.122 571.899 -108.795 -44.403 185.394 -29.449 206.909 930.786 39.215 634.918 783.539 304.718 443.726 913.086 517.731 -5000 -2.289 -7.477 -36.469 -30.975 7.019 399.17 77.209 435.333 845.032 97.656 -2063.446 499.42 174.866 34.637 23.956 171.814 2548.828 2502.441 2114.868 1744.69 1391.296 1028.29 672.913 214.691 21.973 45.929 70.953 5.798 -331.268 -673.218 -1011.505 -1352.539 -1692.047 -2028.656 -2361.603 -2687.073 536.346 724.03 440.369 87.738 4.12 -345.764 -697.327 583 555 757 36.28 42.45 175 65 2408 1 034
4773183 5626 2025/9/28 14:37:01 P15 75.97 32.73 0 11.75 51.28 962.52 951.71 333.71 576.63 3577.728 357.361 527.496 812.073 572.205 -36.774 -25.94 156.555 -28.381 206.909 929.871 41.656 635.376 787.659 304.413 443.42 914.917 517.273 -5000 -0.458 -7.172 0.61 -31.128 6.409 399.475 77.057 435.028 844.727 96.436 -2068.787 496.826 174.561 28.229 20.752 178.223 2543.488 2502.289 2118.835 1741.638 1384.888 1022.339 664.215 210.571 25.787 40.283 72.021 2.899 -332.947 -675.049 -1013.336 -1356.964 -1695.557 -2032.928 -2370.3 -2691.65 537.872 723.114 439.911 86.975 4.578 -348.663 -701.752 574 555 758 36.23 42.34 175 65 2408 1 034
4773184 5626 2025/9/28 14:37:02 P15 76.1 32.77 0 11.9 50.75 962.53 951.68 332.947 576.172 3577.881 361.328 526.581 812.836 572.357 -139.313 -42.572 157.928 -28.992 207.672 930.176 41.809 635.223 787.811 303.345 442.963 914.612 517.273 -5000 14.038 -7.782 -46.082 -31.738 5.341 399.017 78.735 436.249 844.269 88.043 -2072.754 498.962 173.34 32.196 26.855 184.784 2543.945 2502.136 2109.68 1733.551 1377.106 1010.437 658.569 217.285 21.057 18.005 70.801 4.883 -335.083 -678.711 -1018.372 -1360.474 -1698.303 -2036.896 -2371.826 -2696.228 537.72 722.809 441.437 83.466 4.12 -350.189 -705.414 582 555 758 36.21 42.49 175 65 2408 1 034
4773185 5626 2025/9/28 14:37:03 P15 75.99 32.67 0 11.97 49.97 962.52 951.74 328.369 576.782 3577.118 361.328 528.107 810.699 571.899 -64.392 -12.36 155.792 -28.076 208.435 931.702 43.64 635.223 786.743 304.108 443.115 914.764 518.341 -5000 0 -7.172 -4.425 -31.281 5.798 399.17 77.209 435.181 837.25 87.585 -2076.416 499.115 173.798 30.365 32.043 189.667 2547.607 2501.068 2115.326 1736.908 1383.667 1020.508 664.062 217.59 25.635 34.485 71.564 5.341 -337.83 -679.474 -1017.151 -1358.49 -1696.777 -2033.691 -2370.453 -2691.04 539.398 723.877 440.826 82.245 3.662 -350.189 -706.177 582 555 758 36.21 42.49 175 65 2408 1 034
4773186 5626 2025/9/28 14:37:04 P15 75.93 32.69 0 11.66 49.17 962.51 951.69 332.947 577.087 3577.271 356.293 527.344 806.427 571.899 -80.261 -22.278 156.708 -29.602 207.214 927.887 38.452 635.986 786.896 303.65 442.81 914.764 517.883 -5000 -3.51 -7.324 -24.567 -31.128 5.035 398.865 79.041 436.554 845.49 81.787 -2078.705 499.573 174.103 31.128 20.599 195.312 2545.319 2501.678 2116.852 1745.3 1390.076 1031.189 674.438 215.454 25.635 21.362 72.937 2.899 -335.999 -677.338 -1012.726 -1354.675 -1693.115 -2029.266 -2363.892 -2686.768 541.992 724.335 440.369 85.754 4.883 -348.358 -697.021 573 550 759 36.31 42.52 175 65 2408 1 034
4773187 5626 2025/9/28 14:37:05 P15 75.95 32.58 0 11.85 48.43 962.54 951.71 332.489 577.698 3576.965 361.023 526.886 809.326 572.205 31.281 -10.834 154.419 -29.297 205.688 926.819 41.351 635.223 785.828 303.802 443.573 912.933 517.426 -5000 -10.071 -10.681 -90.485 -30.518 5.798 399.475 77.667 433.807 842.133 78.43 -2081.909 499.725 173.492 25.635 18.616 199.127 2545.624 2503.052 2115.326 1742.706 1384.43 1022.186 665.283 220.184 21.515 -5.798 72.632 4.12 -332.642 -675.659 -1012.726 -1355.591 -1695.709 -2032.471 -2367.706 -2691.803 540.009 724.945 441.742 88.501 4.12 -346.832 -699.921 573 550 760 36.31 42.4 175 65 2408 1 034
4773188 5626 2025/9/28 14:37:06 P15 75.99 32.58 0 11.85 47.8 962.54 951.7 332.336 576.63 3576.813 362.549 526.581 813.599 572.357 -28.534 -19.073 149.078 -30.06 205.688 930.176 41.656 635.529 787.354 303.802 443.42 912.933 517.426 -5000 -5.493 -7.629 -37.231 -32.349 4.578 399.475 78.583 434.265 843.506 77.515 -2082.977 497.894 174.103 26.398 19.531 204.163 2546.387 2501.831 2113.647 1734.314 1375.732 1013.184 655.975 217.285 23.041 7.019 71.716 5.646 -335.693 -679.169 -1016.846 -1360.321 -1698.914 -2036.743 -2374.573 -2696.228 540.771 725.861 440.063 84.534 1.526 -351.105 -707.397 581 555 760 36.24 42.37 175 65 2408 1 034
4773189 5626 2025/9/28 14:37:07 P15 76.02 32.58 0 11.87 47.8 962.53 951.71 332.031 577.087 3577.118 364.685 527.039 808.105 571.899 -140.533 -15.259 167.236 -29.144 205.383 926.971 40.894 634.46 785.98 304.565 443.42 913.544 517.578 -5000 -22.583 -8.24 -105.743 -31.738 4.883 398.56 77.667 434.265 842.133 67.749 -2086.029 499.725 173.645 28.839 15.411 208.435 2545.166 2502.441 2119.904 1749.573 1397.705 1037.598 680.695 216.064 21.82 -4.12 70.953 1.373 -327.911 -673.065 -1011.047 -1352.234 -1690.369 -2026.52 -2359.161 -2682.343 545.349 729.523 439.606 86.823 3.357 -346.527 -698.547 583 555 761 36.23 42.43 175 66 2408 1 034
4773190 5626 2025/9/28 14:37:08 P15 75.98 32.76 0 11.8 46.85 962.53 951.72 332.642 576.935 3575.287 365.448 526.733 802.002 572.51 7.019 -52.338 140.076 -29.755 207.52 931.244 40.894 635.223 785.37 303.345 444.031 915.527 517.273 -5000 -7.782 -7.935 -30.365 -31.128 5.341 399.475 78.278 435.333 842.285 97.809 -2087.708 499.268 173.492 23.041 11.597 212.097 2548.828 2503.662 2117.157 1746.368 1390.381 1030.579 675.354 217.133 21.362 19.379 72.784 0.916 -329.437 -672.607 -1010.284 -1353.455 -1692.2 -2028.656 -2362.671 -2685.699 544.586 729.98 440.826 89.722 2.594 -346.069 -695.648 562 555 761 36.26 42.36 175 66 2408 1 034
4773191 5626 2025/9/28 14:37:09 P15 75.91 32.63 0 11.76 46.18 962.55 951.7 332.642 576.935 3575.592 367.737 526.428 807.8 573.73 48.218 -29.602 144.806 -30.212 205.078 927.734 40.436 635.376 785.828 303.192 443.878 915.375 516.968 -5000 -12.817 -8.392 -8.698 -30.67 4.578 398.865 77.362 434.418 842.896 84.839 -2090.302 499.268 173.187 24.567 12.817 215.759 2546.234 2501.373 2115.479 1741.18 1388.092 1021.729 664.978 208.435 24.567 19.531 72.784 5.798 -331.268 -673.37 -1012.573 -1354.675 -1694.183 -2033.081 -2368.317 -2692.108 548.706 733.185 440.063 86.212 3.967 -346.832 -701.447 577 550 761 36.23 42.34 174 67 2408 1 034
4773192 5626 2025/9/28 14:37:10 P15 76.04 32.6 0 11.8 45.47 962.54 951.71 333.099 576.63 3575.134 370.636 526.581 813.599 573.12 -14.343 -12.054 176.392 -27.924 206.757 931.396 38.605 635.986 787.048 303.345 444.489 919.342 517.578 -5000 -23.651 -7.629 47.15 -32.654 5.951 400.543 78.735 434.418 846.252 97.046 -2091.98 500.183 174.713 24.719 19.684 219.421 2546.997 2502.136 2114.563 1733.398 1376.038 1011.658 654.755 200.5 24.567 26.703 73.242 1.526 -336.456 -678.558 -1017.609 -1359.711 -1698.914 -2037.048 -2375.031 -2695.312 554.047 739.288 438.538 83.618 4.12 -352.173 -709.686 567 550 761 36.24 42.43 174 67 2408 1 034
4773193 5626 2025/9/28 14:37:11 P15 75.86 32.7 0 11.65 44.98 962.55 951.72 331.726 576.477 3575.897 381.012 526.886 811.92 573.273 -99.945 -33.569 149.231 -30.212 205.994 928.802 38.605 637.207 786.743 303.955 444.946 917.053 517.883 -5000 -0.763 -8.698 -3.51 -32.959 4.73 399.475 78.43 434.723 846.71 109.558 -2093.048 502.93 174.408 24.567 14.648 221.863 2546.082 2503.357 2122.65 1748.352 1396.79 1036.53 680.084 207.825 21.057 13.885 72.632 4.578 -330.353 -672.76 -1010.132 -1352.234 -1689.758 -2026.672 -2360.229 -2682.953 556.488 743.561 441.132 87.738 2.289 -343.933 -695.953 574 550 762 36.27 42.41 174 68 2408 1 034
4773194 5626 2025/9/28 14:37:12 P15 76.01 32.77 0 11.82 44.41 962.53 951.71 332.336 576.324 3576.05 383.606 527.039 813.141 573.425 -13.428 -23.499 91.248 -29.907 206.146 927.277 37.689 637.97 786.591 302.734 446.014 925.446 516.815 -5000 -0.458 -7.935 -106.812 -33.264 5.493 399.017 77.82 434.875 845.032 110.779 -2095.184 504.608 175.323 25.33 12.207 225.525 2543.793 2502.136 2118.683 1746.826 1394.958 1031.799 674.133 201.874 23.193 31.738 73.853 1.221 -331.421 -673.218 -1004.639 -1351.624 -1691.742 -2030.334 -2365.875 -2688.751 561.676 752.716 437.775 85.602 4.883 -347.748 -699.921 572 550 763 36.23 42.26 174 69 2408 1 034
4773195 5626 2025/9/28 14:37:13 P15 75.93 32.7 0 11.72 43.87 962.52 951.72 331.573 576.935 3575.439 396.881 527.954 817.566 572.968 8.545 -34.027 115.204 -29.602 205.994 933.533 38.91 638.733 786.591 303.345 447.235 930.481 520.325 -5000 -0.763 -8.087 13.733 -32.959 5.493 400.848 79.651 434.723 843.506 87.28 -2095.947 505.676 174.408 26.855 13.733 227.661 2546.692 2504.578 2118.53 1745.605 1385.956 1023.102 666.046 205.536 22.736 29.449 73.853 3.204 -332.184 -675.201 -1011.81 -1353.912 -1693.42 -2031.097 -2366.333 -2689.972 566.559 758.972 439.758 86.975 2.747 -347.9 -700.836 572 550 763 36.23 42.26 174 69 2408 1 034
4773196 5626 2025/9/28 14:37:14 P15 76.08 32.66 0 11.73 43.32 962.52 951.71 332.489 577.545 3575.439 399.475 527.954 818.634 573.578 -24.872 -76.294 108.643 -28.534 206.299 932.617 32.196 641.174 787.659 302.734 448.761 936.432 519.867 -5000 -0.305 -7.477 50.354 -32.501 6.104 400.848 80.566 436.554 854.492 91.858 -2098.846 507.355 175.781 24.719 12.207 229.797 2549.744 2503.052 2113.342 1733.246 1378.021 1011.963 654.755 206.146 24.719 14.801 76.294 2.441 -336.456 -677.948 -1018.066 -1360.626 -1699.066 -2037.201 -2373.505 -2695.16 572.968 766.602 440.979 83.008 3.815 -350.8 -707.703 556 550 764 36.27 42.27 173 69 2408 1 034
4773197 5626 2025/9/28 14:37:15 P15 76.04 32.73 0 11.73 42.94 962.54 951.71 333.71 577.545 3574.982 408.325 528.259 814.514 573.425 -22.888 -32.043 119.171 -29.297 207.062 933.99 31.433 642.7 785.675 301.666 451.202 943.146 520.325 -5000 2.289 -9.308 21.973 -31.128 6.561 401.306 80.719 436.859 855.56 94.452 -2098.541 509.491 174.713 30.823 9.308 232.849 2548.37 2503.967 2120.361 1750.488 1394.806 1034.851 680.237 202.179 18.311 13.58 74.921 5.188 -330.353 -673.676 -1010.132 -1351.929 -1690.063 -2025.757 -2359.314 -2682.495 576.63 773.926 440.521 89.874 4.272 -346.985 -695.496 557 550 764 36.24 42.16 173 70 2408 1 034
4773198 5626 2025/9/28 14:37:16 P15 75.86 32.66 0 11.73 42.42 962.53 951.71 332.642 578.918 3576.05 415.649 530.09 820.618 573.273 -52.795 -11.597 136.261 -29.602 207.672 931.854 28.229 644.073 786.591 303.497 451.813 952.148 521.545 -5000 -26.093 -9.155 -21.057 -31.891 5.188 401.306 86.212 437.927 862.274 78.43 -2100.067 512.085 176.392 24.414 11.597 234.07 2548.828 2503.357 2115.021 1746.063 1392.365 1029.358 673.37 193.787 22.43 23.041 76.294 3.51 -331.573 -675.049 -1011.81 -1352.844 -1692.2 -2028.351 -2361.298 -2686.157 583.954 787.354 438.995 88.348 2.136 -350.647 -699.31 558 550 764 36.24 42.02 173 71 2408 1 034
4773199 5626 2025/9/28 14:37:17 P15 75.98 32.71 0 11.68 41.99 962.51 951.7 333.099 578.461 3576.965 425.72 530.548 824.89 573.578 9.613 -40.588 118.256 -30.365 208.13 932.617 28.534 650.177 785.675 303.04 454.254 962.83 522.766 -5000 -13.58 -9.613 -58.441 -31.738 6.866 401.917 83.16 438.843 863.19 89.111 -2101.44 515.9 176.849 25.177 25.94 237.427 2549.133 2503.51 2115.479 1739.807 1385.345 1022.034 664.978 186.157 24.414 0.305 77.515 2.747 -332.642 -674.591 -1013.489 -1355.438 -1693.726 -2030.64 -2367.706 -2690.582 594.482 797.119 440.979 88.043 6.561 -349.426 -704.956 564 550 764 36.24 41.87 172 71 2408 1 034
4773200 5626 2025/9/28 14:37:18 P15 75.98 32.71 0 11.68 41.66 962.53 951.7 333.099 579.529 3579.102 439.148 532.227 828.4 573.73 -25.635 -0.916 122.681 -30.518 206.757 933.228 26.855 655.212 784.607 305.328 456.848 969.849 525.665 -5000 -7.019 -8.85 39.215 -30.212 5.188 403.137 85.754 438.232 870.514 98.572 -2103.271 519.409 177.612 24.414 11.749 238.647 2546.997 2502.136 2117.767 1744.537 1389.618 1029.663 673.828 181.274 23.956 5.188 77.972 1.068 -335.693 -678.558 -1014.557 -1355.286 -1692.963 -2030.029 -2365.875 -2687.225 601.654 810.699 439.911 85.754 3.51 -350.189 -702.057 543 550 763 36.24 41.89 171 71 2408 1 034
4773201 5626 2025/9/28 14:37:19 P15 75.97 32.65 0 11.65 41.28 962.54 951.7 332.947 578.918 3580.78 452.423 532.99 837.708 573.73 -83.313 -5.646 127.716 -28.687 208.13 934.143 26.398 661.011 783.997 303.345 460.205 983.276 527.039 -5000 -16.632 -9.46 -1.831 -33.264 6.866 403.137 88.348 441.589 873.718 88.196 -2104.187 523.224 180.206 18.158 18.005 243.683 2541.199 2502.136 2118.835 1751.709 1396.027 1035.767 681.915 169.525 23.651 -2.441 79.498 1.678 -332.947 -674.896 -1010.895 -1351.929 -1690.674 -2026.215 -2359.009 -2682.648 608.521 821.381 441.895 86.517 5.798 -346.832 -695.038 559 545 762 36.28 41.74 169 71 2408 1 034
4773202 5626 2025/9/28 14:37:20 P15 75.91 32.7 0 11.61 40.95 962.56 951.74 334.473 580.597 3583.221 462.036 536.041 845.642 573.73 30.823 -25.94 139.771 -28.687 209.961 938.11 22.125 666.351 785.675 303.345 462.036 995.941 531.464 -5000 -7.172 -9.918 -56 -32.043 5.493 404.816 93.384 442.352 883.026 104.828 -2104.95 527.191 180.664 15.411 16.632 241.699 2545.929 2503.51 2115.784 1745.605 1392.67 1030.121 675.507 173.34 20.294 -9.003 79.041 2.136 -330.353 -673.218 -1009.827 -1350.098 -1690.369 -2026.825 -2360.687 -2685.852 617.828 834.351 440.063 87.28 1.678 -348.206 -698.242 548 545 762 36.23 41.63 167 71 2408 1 034
4773203 5626 2025/9/28 14:37:21 P15 75.89 32.63 0 11.78 40.6 962.52 951.73 333.557 582.275 3586.884 475.922 538.94 851.44 573.883 -84.991 -3.052 130.005 -28.534 210.419 938.11 21.82 673.523 783.691 303.955 465.851 1009.521 535.126 -5000 -11.444 -9.918 19.836 -31.891 5.646 405.731 96.13 444.031 889.74 108.643 -2106.476 531.921 182.19 27.313 13.733 244.293 2545.319 2504.12 2114.258 1741.943 1383.667 1022.949 668.945 165.558 21.057 -16.327 79.498 0.61 -335.999 -681.152 -1019.135 -1361.237 -1699.677 -2035.37 -2368.164 -2691.345 624.084 848.236 440.216 85.449 1.984 -353.546 -705.109 556 545 761 36.26 41.6 165 70 2408 1 034
4773204 5626 2025/9/28 14:37:22 P15 75.89 32.77 0 11.63 40.42 962.6 951.72 332.642 583.954 3589.783 491.638 541.992 847.321 573.73 -85.754 -0.763 135.193 -30.365 209.656 939.178 22.278 681.458 785.828 304.26 469.666 1019.592 538.788 -5000 -12.054 -10.681 12.512 -31.738 5.188 406.799 97.961 445.557 894.775 87.28 -2107.544 538.177 184.174 24.414 11.597 245.361 2547.302 2503.052 2117.615 1744.08 1389.923 1029.816 674.133 148.621 19.379 -5.951 78.278 5.951 -334.625 -678.101 -1014.557 -1356.964 -1694.336 -2030.945 -2366.18 -2687.683 632.477 860.443 441.742 86.212 1.373 -348.053 -701.599 544 540 761 36.26 41.42 163 70 2408 1 034
4773205 5626 2025/9/28 14:37:23 P15 75.86 32.67 0 11.73 40.08 962.55 951.75 333.252 584.106 3596.497 506.439 545.502 870.209 573.73 -58.594 -10.834 147.552 -30.518 211.334 934.143 22.43 688.324 786.133 304.26 472.412 1035.004 543.365 -5000 -4.73 -9.766 -116.577 -32.959 6.256 407.257 100.403 447.083 898.59 75.684 -2108.307 543.06 186.31 17.395 17.395 246.735 2546.082 2502.747 2118.225 1750.031 1398.773 1033.325 679.474 138.245 22.583 4.73 80.414 3.51 -333.252 -675.659 -1011.658 -1352.539 -1690.063 -2026.978 -2360.077 -2684.174 639.954 873.413 442.81 88.348 3.967 -345.001 -695.19 550 545 761 36.26 41.17 160 68 2408 1 034
4773206 5626 2025/9/28 14:37:24 P15 75.86 32.66 0 11.7 39.83 962.58 951.74 332.947 584.717 3601.837 521.393 549.622 877.075 573.273 -40.283 -8.087 131.683 -29.907 211.945 939.331 20.447 695.953 785.675 305.786 477.905 1047.516 548.553 -5000 -1.984 -9.46 -24.261 -32.196 5.798 408.936 103.76 449.829 910.187 95.215 -2108.612 549.164 189.972 20.905 25.94 248.26 2547.607 2502.747 2118.378 1744.537 1390.839 1031.189 672.913 125.122 23.041 -12.665 81.482 5.035 -329.437 -671.234 -1009.064 -1352.234 -1690.369 -2027.588 -2365.57 -2687.378 646.667 885.315 441.589 88.501 4.883 -346.375 -697.327 550 545 761 36.26 41.17 160 68 2408 1 034
4773207 5626 2025/9/28 14:37:25 P15 75.82 32.69 0 11.49 39.58 962.59 951.75 333.099 586.853 3609.161 538.635 552.979 890.656 573.883 -188.904 -33.875 139.465 -28.839 214.081 946.35 21.515 705.872 786.133 305.786 480.804 1061.554 553.589 -5000 -12.817 -10.223 22.43 -32.196 6.104 410.919 109.1 453.033 915.375 117.188 -2109.833 554.657 192.108 25.482 20.447 251.007 2548.065 2502.441 2114.868 1743.317 1385.956 1023.712 670.624 112.305 21.973 -23.499 80.261 3.204 -336.914 -678.711 -1015.778 -1357.727 -1696.625 -2032.471 -2368.469 -2690.735 657.043 902.405 443.268 87.585 4.883 -349.731 -701.141 540 535 760 36.28 41.01 156 67 2408 1 034
4773208 5626 2025/9/28 14:37:26 P15 75.84 32.73 0 11.58 39.58 962.59 951.74 334.167 586.7 3615.723 553.589 558.929 901.642 573.883 -48.828 -18.921 137.634 -30.06 216.522 944.824 22.125 716.553 786.133 306.702 486.45 1076.965 558.624 -5000 0.458 -9.308 -1.831 -32.349 7.477 412.445 113.068 456.238 922.546 89.874 -2111.053 559.082 197.144 21.82 25.024 250.244 2542.725 2502.136 2113.8 1746.216 1392.059 1032.41 678.864 104.523 18.158 -30.365 80.261 3.815 -333.099 -675.964 -1012.115 -1352.539 -1691.284 -2027.588 -2361.298 -2683.868 662.994 915.222 440.216 87.28 2.594 -349.579 -701.141 538 540 760 36.21 40.63 152 66 2408 1 034
4773209 5626 2025/9/28 14:37:27 P15 75.88 32.7 0 11.46 39.31 962.53 951.74 334.015 589.6 3624.878 568.542 566.406 913.696 574.036 9.155 -33.722 129.395 -28.839 218.201 949.554 22.43 725.098 785.675 307.77 489.044 1092.682 566.864 -5000 -4.883 -9.003 0.153 -33.722 7.019 413.818 119.019 459.9 930.634 78.125 -2112.274 565.796 199.127 18.158 20.447 251.77 2548.981 2501.221 2119.598 1751.862 1395.874 1035.309 680.084 88.348 21.057 -27.161 81.787 1.373 -331.879 -674.286 -1008.911 -1350.861 -1689.148 -2023.163 -2357.483 -2682.495 674.591 930.786 440.369 86.06 2.747 -348.358 -695.953 544 540 760 36.23 40.52 148 64 2408 1 034
4773210 5626 2025/9/28 14:37:28 P15 75.75 32.73 0 11.46 39.15 962.55 951.75 334.32 590.82 3634.949 583.038 571.442 921.478 573.425 35.4 -9.613 117.798 -30.67 219.727 950.775 23.804 735.626 784.607 308.38 494.385 1106.11 572.662 -5000 -4.12 -10.223 41.046 -30.518 6.256 416.412 123.901 463.562 939.484 79.956 -2113.342 572.815 202.789 19.989 19.836 252.991 2546.997 2503.967 2117.462 1743.622 1387.329 1026.459 668.488 80.566 19.684 -23.804 82.55 0.305 -332.642 -674.896 -1011.047 -1354.218 -1692.81 -2030.334 -2367.554 -2689.056 679.321 944.824 439.606 87.891 2.747 -348.358 -699.158 517 535 760 36.23 40.32 143 62 2408 1 034
4773211 5626 2025/9/28 14:37:29 P15 75.84 32.67 0 11.56 38.91 962.57 951.75 334.778 591.736 3639.526 597.229 577.85 936.127 573.273 16.479 -20.905 121.307 -29.144 223.389 948.639 24.414 745.087 784.76 308.99 498.352 1123.047 580.444 -5000 -5.951 -9.613 -17.548 -32.196 8.545 418.243 131.378 467.072 950.012 104.218 -2113.647 579.376 208.435 20.752 15.259 254.364 2547.455 2501.984 2116.089 1739.807 1387.634 1025.696 670.319 70.496 17.09 -26.55 82.55 3.052 -334.015 -676.727 -1014.252 -1355.896 -1693.42 -2030.487 -2364.655 -2686.31 686.188 956.421 443.115 84.229 5.035 -348.206 -704.346 540 535 760 36.26 40.23 138 60 2408 1 034
4773212 5626 2025/9/28 14:37:30 P15 75.88 32.66 0 11.52 38.69 962.59 951.74 335.541 593.872 3657.837 613.403 584.717 948.181 573.273 -29.907 -11.597 141.602 -29.144 224.762 950.317 25.94 756.683 785.065 310.516 503.082 1137.543 587.616 -5000 -2.899 -11.139 -22.736 -31.738 7.935 419.312 137.177 471.802 958.557 86.975 -2114.258 584.106 212.708 22.888 19.684 256.042 2547.455 2501.526 2118.378 1750.946 1395.569 1035.614 683.441 57.22 20.142 -25.94 84.686 4.425 -330.353 -673.828 -1009.521 -1351.318 -1693.726 -2028.351 -2360.84 -2684.021 694.122 969.543 442.2 88.654 5.035 -346.985 -695.648 538 530 760 36.27 40.04 133 58 2408 1 034
4773213 5626 2025/9/28 14:37:31 P15 75.82 32.66 0 11.39 38.63 962.59 951.76 334.015 595.703 3672.791 633.24 591.888 963.593 573.273 -4.578 21.667 106.201 -30.365 227.203 951.843 28.839 767.822 784.454 311.279 509.338 1150.36 596.161 -5000 -7.019 -10.223 -22.888 -32.501 7.172 419.769 141.449 474.854 962.677 78.583 -2115.631 592.651 216.37 23.193 18.158 256.195 2546.387 2502.747 2118.988 1746.216 1393.433 1032.257 675.507 42.114 15.411 -10.223 85.602 1.831 -329.895 -671.844 -1010.132 -1352.386 -1690.063 -2028.198 -2362.518 -2687.225 699.768 984.65 441.132 86.517 2.441 -346.832 -698.853 536 530 760 36.24 39.8 127 55 2408 1 034
4773214 5626 2025/9/28 14:37:32 P15 75.79 32.66 0 11.44 38.63 962.57 951.76 335.693 596.313 3686.066 646.362 598.602 977.325 572.815 50.354 -0.916 128.784 -29.297 231.628 953.369 31.128 777.893 784.149 312.958 513 1166.534 603.638 -5000 12.817 -10.223 -29.602 -32.501 8.087 421.6 149.536 479.584 976.562 95.367 -2116.699 600.586 222.015 24.261 17.7 257.416 2545.471 2502.441 2116.241 1740.265 1384.888 1024.17 668.335 25.787 19.073 -15.717 87.433 1.984 -333.862 -678.101 -1014.404 -1359.711 -1695.251 -2031.25 -2368.011 -2688.599 707.092 997.009 441.132 85.602 3.51 -351.105 -703.278 521 530 760 36.24 39.55 121 53 2408 1 034
4773215 5626 2025/9/28 14:37:33 P15 75.81 32.58 0 11.36 38.51 962.57 951.75 335.083 597.687 3703.003 663.452 606.689 988.312 573.425 24.719 -24.719 97.351 -29.449 234.528 951.08 34.027 787.659 784.607 314.789 518.646 1172.333 609.741 -5000 -6.409 -10.681 29.144 -32.501 8.392 423.126 153.198 485.077 979.767 110.474 -2117.462 607.605 227.051 21.973 15.106 258.331 2544.861 2503.204 2116.852 1746.826 1392.212 1032.715 678.711 16.937 15.259 -33.417 84.076 5.951 -333.557 -677.49 -1013.947 -1355.133 -1693.878 -2029.724 -2363.281 -2685.547 712.585 1006.927 441.742 88.654 1.831 -349.426 -699.463 533 525 760 36.24 39.28 115 51 2408 1 034
4773216 5626 2025/9/28 14:37:34 P15 75.88 32.71 0 11.48 38.39 962.59 951.78 333.862 600.433 3717.041 677.185 614.471 999.451 572.662 -13.275 -19.379 115.662 -28.992 236.664 956.879 36.621 798.34 783.997 317.078 523.682 1189.575 619.507 -5000 -1.221 -11.292 7.935 -32.196 10.071 424.652 159.454 489.655 993.042 121.613 -2117.462 613.708 232.697 23.499 12.665 259.094 2548.37 2503.967 2114.868 1746.979 1394.653 1032.562 677.948 -3.51 17.853 -23.041 87.433 2.899 -332.642 -673.218 -1010.59 -1350.708 -1689.453 -2026.062 -2357.33 -2682.8 719.299 1022.186 442.352 88.501 2.899 -346.527 -695.953 520 520 760 36.28 39.18 109 48 2408 1 034
4773217 5626 2025/9/28 14:37:35 P15 75.84 32.7 0 11.41 38.28 962.57 951.74 333.71 600.586 3732.147 691.528 624.39 1007.538 572.662 74.158 -22.888 126.038 -30.518 240.631 953.674 40.588 809.326 783.234 317.993 529.785 1201.63 626.678 -5000 -7.172 -11.749 4.73 -33.112 8.392 426.636 166.931 492.706 1000.519 90.332 -2118.073 620.88 238.495 22.43 12.512 259.857 2545.166 2503.357 2116.089 1743.469 1390.076 1025.543 668.945 -21.21 15.106 -21.362 88.501 -0.153 -334.473 -676.117 -1013.641 -1355.286 -1693.878 -2031.708 -2366.943 -2691.04 724.64 1033.783 440.674 88.196 4.12 -348.358 -701.752 529 520 760 36.23 38.99 103 46 2408 1 034
4773218 5626 2025/9/28 14:37:36 P15 75.81 32.63 0 11.22 38.18 962.6 951.76 334.778 602.57 3750.763 706.329 631.256 1022.491 572.51 121.002 26.245 101.471 -29.449 244.446 952.911 43.03 818.481 784.302 320.129 535.126 1217.804 635.071 -5000 -3.51 -10.834 30.518 -31.433 10.529 427.246 173.187 499.268 1011.2 100.25 -2119.598 628.052 244.446 19.684 5.493 260.315 2545.013 2504.578 2115.479 1742.706 1390.228 1027.069 674.438 -32.043 12.665 -32.501 87.28 2.747 -333.557 -677.795 -1015.32 -1356.201 -1695.099 -2031.86 -2364.349 -2687.531 731.354 1044.769 440.979 85.449 2.289 -349.426 -702.515 529 515 760 36.23 38.99 103 46 2408 1 034
4773219 5626 2025/9/28 14:37:37 P15 75.82 32.74 0 11.26 37.94 962.58 951.75 335.388 604.553 3767.395 718.536 639.343 1038.818 571.899 -25.94 -10.071 129.7 -28.839 248.718 958.252 47.15 828.552 783.691 321.96 538.94 1224.518 643.158 -5000 -2.136 -12.054 -45.013 -32.196 9.766 429.993 179.443 503.235 1019.592 100.25 -2114.716 633.85 248.413 20.599 14.191 261.23 2545.624 2501.984 2116.699 1748.81 1396.027 1035.309 681.915 -47.302 16.174 -42.877 88.043 2.594 -332.184 -673.676 -1009.979 -1350.861 -1689.911 -2026.062 -2357.788 -2682.495 735.321 1052.246 441.284 87.738 4.425 -346.68 -695.801 526 515 759 36.24 38.61 97 43 2408 1 034
4773220 5626 2025/9/28 14:37:38 P15 75.78 32.58 0 11.19 37.88 962.59 951.75 335.236 605.316 3783.112 731.506 648.499 1051.788 572.205 -8.85 1.984 148.926 -27.924 253.448 959.778 50.049 838.165 784.149 324.554 543.06 1239.319 650.94 -5000 -7.019 -11.292 -5.493 -32.654 10.223 431.671 183.258 508.881 1024.78 93.994 -2121.124 640.106 254.822 23.193 14.038 261.993 2547.913 2503.052 2118.53 1745.148 1389.618 1029.51 670.776 -62.561 14.954 -47.913 88.501 1.678 -333.252 -675.659 -1012.726 -1354.675 -1693.115 -2029.877 -2367.706 -2688.446 742.34 1066.742 441.132 89.417 3.662 -349.731 -700.989 509 515 759 36.31 38.53 91 41 2408 1 034
4773221 5626 2025/9/28 14:37:39 P15 75.92 32.62 0 11.17 37.8 962.58 951.76 334.473 605.469 3802.338 742.34 657.043 1062.775 571.899 7.324 -28.229 105.743 -29.297 256.348 954.895 53.864 847.015 784.149 326.996 547.791 1250.763 659.332 -5000 -10.223 -10.986 -73.395 -32.654 9.613 432.129 189.514 513.611 1035.309 79.651 -2122.192 648.499 261.078 20.294 12.512 263.672 2547.455 2502.441 2115.784 1742.249 1389.16 1024.78 670.166 -73.242 10.986 -27.618 89.111 5.646 -334.167 -677.185 -1015.167 -1356.964 -1694.489 -2031.403 -2364.807 -2688.446 746.307 1076.355 444.336 86.365 0.61 -348.206 -701.904 513 515 758 36.28 38.33 85 38 2408 1 034
4773222 5626 2025/9/28 14:37:40 P15 75.92 32.65 0 11.32 37.71 962.6 951.77 332.336 605.927 3818.97 756.683 664.52 1072.388 571.442 -41.199 -39.673 122.986 -30.06 261.078 960.846 58.594 857.697 783.691 329.437 553.131 1262.817 666.504 -5000 -13.123 -11.597 10.986 -32.959 10.529 434.113 194.244 520.172 1043.091 100.403 -2121.429 653.534 265.656 18.616 18.158 263.824 2544.098 2501.678 2121.277 1747.742 1394.043 1035.919 679.932 -83.466 12.36 -25.787 86.975 0.763 -331.116 -674.744 -1010.895 -1353.76 -1689.911 -2026.825 -2361.603 -2681.427 750.427 1086.884 441.284 88.348 2.289 -345.764 -698.242 522 510 757 36.28 38.25 80 36 2408 1 034
4773223 5626 2025/9/28 14:37:41 P15 75.89 32.77 0 11.07 37.65 962.59 951.78 334.625 607.452 3836.06 764.465 673.828 1086.731 571.289 73.09 -39.673 126.19 -29.602 265.808 961.914 61.34 865.173 783.997 332.031 556.946 1269.379 674.286 -5000 -3.357 -11.444 -3.662 -32.501 10.223 435.333 198.669 525.513 1051.636 95.367 -2122.803 661.316 271.606 22.278 7.019 264.13 2548.828 2501.068 2117.615 1748.81 1393.28 1033.02 677.032 -107.574 9.46 -19.379 88.654 12.665 -330.505 -673.523 -1010.132 -1352.539 -1691.895 -2027.435 -2362.213 -2686.31 755.768 1097.87 443.115 89.111 2.594 -347.29 -696.106 510 510 756 36.24 37.97 76 34 2408 1 034
4773224 5626 2025/9/28 14:37:42 P15 75.91 32.66 0 11.26 37.43 962.59 951.77 334.32 607.452 3853.455 778.198 681.61 1098.938 571.442 -16.022 -6.256 106.201 -30.67 270.386 961.761 65.46 874.939 783.386 333.557 562.592 1283.264 682.068 -5000 4.73 -12.207 -36.316 -33.264 10.681 436.859 205.383 530.548 1062.775 83.313 -2123.413 668.335 278.015 24.109 13.428 265.35 2546.997 2501.526 2113.953 1740.723 1386.566 1023.102 670.013 -124.817 9.46 -16.022 88.043 6.104 -332.489 -675.964 -1014.709 -1355.896 -1695.862 -2032.013 -2365.57 -2688.904 759.583 1106.567 443.42 87.28 1.984 -349.731 -703.583 518 505 755 36.23 37.83 73 31 2408 1 034
4773225 5626 2025/9/28 14:37:43 P15 75.91 32.63 0 11.26 37.39 962.58 951.77 335.693 608.215 3870.697 787.964 689.85 1107.788 570.679 -50.812 -31.891 119.324 -29.907 275.879 962.677 69.122 883.331 783.081 337.372 566.711 1296.234 687.866 -5000 -7.477 -12.36 5.646 -31.891 10.071 437.622 209.351 537.262 1059.723 84.686 -2124.176 674.896 283.203 17.395 12.665 265.961 2547.302 2503.204 2118.378 1746.063 1395.874 1033.478 678.253 -134.583 11.902 -18.921 90.027 4.272 -333.252 -675.659 -1012.726 -1353.76 -1691.589 -2029.572 -2362.518 -2685.547 765.686 1115.57 445.251 87.585 5.188 -347.595 -700.684 497 505 754 36.23 37.71 70 29 2408 1 034
4773226 5626 2025/9/28 14:37:44 P15 75.93 32.63 0 11.02 37.27 962.6 951.75 332.947 608.978 3886.871 797.577 697.784 1115.112 569.305 -19.989 -42.114 111.237 -30.212 279.846 962.677 73.853 890.656 782.471 340.271 571.747 1305.237 697.479 -5000 -7.172 -12.665 -21.515 -31.433 10.223 438.538 214.844 543.518 1073.151 103.149 -2124.023 680.237 288.239 22.125 18.311 266.113 2547.15 2501.373 2121.429 1748.81 1397.095 1035.461 678.253 -143.585 9.613 -12.665 89.874 2.899 -330.963 -672.76 -1008.606 -1350.555 -1688.385 -2025.604 -2358.246 -2682.953 769.501 1128.235 443.726 90.485 4.272 -344.543 -697.174 515 500 753 36.17 37.56 67 27 2408 1 034
4773227 5626 2025/9/28 14:37:45 P15 75.82 32.76 0 11.12 37.29 962.59 951.78 335.083 608.215 3902.435 808.716 705.414 1124.42 569.458 -26.703 -19.989 125.275 -30.212 286.407 959.32 76.904 899.048 781.555 342.712 575.562 1314.545 703.43 -5000 -15.869 -12.36 7.324 -31.738 10.834 437.775 220.337 549.469 1088.562 99.03 -2124.939 685.577 293.884 17.242 14.801 266.113 2548.37 2502.136 2118.225 1743.774 1389.16 1024.323 666.351 -161.896 7.935 -20.599 91.553 -0.763 -333.405 -675.964 -1014.252 -1361.237 -1697.693 -2033.844 -2367.859 -2691.345 772.552 1135.254 441.284 87.585 2.289 -347.29 -701.904 515 500 753 36.17 37.56 67 27 2408 1 034
4773228 5626 2025/9/28 14:37:46 P15 75.91 32.67 0 11.07 37.17 962.59 951.73 332.794 608.673 3917.542 815.735 713.501 1138.153 569.763 66.986 -29.297 107.574 -28.534 290.68 962.219 81.024 905.304 782.318 346.527 578.918 1323.09 711.823 -5000 -12.207 -12.512 55.084 -31.738 10.986 440.521 223.541 553.589 1093.597 78.735 -2125.244 690.308 301.208 19.073 19.073 267.334 2549.591 2503.662 2113.342 1742.859 1388.855 1026.764 673.828 -179.291 8.698 -27.771 91.4 3.662 -332.489 -676.727 -1014.404 -1355.438 -1693.878 -2030.792 -2362.976 -2686.768 776.52 1145.172 441.895 86.823 1.984 -349.884 -702.362 503 500 748 36.26 37.44 64 25 2408 1 034
4773229 5626 2025/9/28 14:37:47 P15 75.86 32.67 0 10.99 37.13 962.57 951.77 333.557 609.131 3933.563 825.806 720.215 1142.426 568.848 14.954 6.866 91.553 -31.128 295.715 962.372 84.686 914.764 782.318 350.494 583.801 1331.94 717.926 -5000 -18.158 -12.512 -10.071 -33.112 9.155 440.216 228.882 559.54 1101.227 99.03 -2126.16 699.005 306.549 20.752 12.665 268.25 2546.387 2503.357 2120.361 1749.878 1396.942 1036.682 680.237 -195.923 10.071 -30.212 90.179 1.068 -333.557 -674.744 -1008.911 -1352.386 -1689.606 -2025.604 -2360.077 -2682.8 780.487 1150.055 443.115 91.095 3.967 -346.527 -694.885 502 495 745 36.3 37.22 61 23 2408 1 034
4773230 5626 2025/9/28 14:37:48 P15 75.93 32.62 0 10.99 37 962.57 951.73 335.693 609.894 3944.855 835.266 728.607 1152.191 568.39 -67.596 -4.883 112.762 -30.06 302.429 962.677 87.891 921.631 780.792 353.241 587.311 1342.163 724.182 -5000 -5.798 -11.902 36.316 -31.586 9.766 441.589 232.849 567.322 1108.246 80.261 -2126.312 703.278 312.195 21.362 12.207 268.86 2547.76 2501.526 2115.936 1749.268 1392.822 1025.085 669.25 -221.405 9.613 -26.855 92.468 4.272 -332.184 -674.286 -1012.573 -1353.149 -1692.657 -2030.64 -2364.502 -2690.43 783.691 1158.752 446.625 89.264 3.51 -348.969 -700.684 491 495 741 36.24 37.02 59 21 2408 1 034
4773231 5626 2025/9/28 14:37:49 P15 75.82 32.73 0 10.95 36.95 962.6 951.75 334.778 609.436 3957.672 841.827 735.931 1169.128 567.932 -9.308 11.139 106.201 -30.212 306.702 961.914 92.468 927.887 782.471 357.056 592.194 1350.25 731.049 -5000 -8.24 -12.817 -36.163 -31.891 9.766 439.758 238.342 570.831 1117.554 86.212 -2126.16 709.381 316.62 22.736 13.275 269.165 2546.082 2502.289 2109.833 1736.603 1378.326 1013.641 658.112 -229.34 8.545 -39.673 90.332 2.441 -335.388 -679.321 -1017.914 -1359.711 -1699.371 -2036.438 -2371.521 -2694.702 787.354 1167.45 443.726 87.28 5.493 -351.562 -704.041 498 490 736 36.26 36.97 56 19 2408 1 034
4773232 5626 2025/9/28 14:37:50 P15 75.92 32.67 0 10.99 36.86 962.58 951.76 335.693 609.741 3970.947 850.83 742.035 1168.823 568.085 70.038 -37.689 100.555 -30.518 311.432 963.745 95.52 933.228 781.555 360.565 595.245 1356.659 735.779 -5000 -8.087 -12.512 23.651 -32.196 9.155 443.878 242.462 578.003 1118.469 91.858 -2127.075 715.332 322.418 25.94 9.918 269.47 2548.523 2502.441 2119.293 1747.742 1394.501 1035.614 679.016 -235.443 7.782 -20.142 92.316 7.782 -333.099 -673.37 -1009.216 -1351.318 -1689.606 -2025.604 -2359.314 -2682.037 789.49 1171.112 440.979 91.4 5.188 -350.647 -698.395 508 490 732 36.21 36.76 54 18 2408 1 034
4773233 5626 2025/9/28 14:37:51 P15 75.91 32.63 0 11.05 36.87 962.57 951.78 335.236 610.352 3977.661 857.391 748.749 1179.962 567.474 39.368 3.815 128.632 -30.823 318.756 956.268 99.335 941.01 781.097 364.227 598.602 1366.882 742.035 -5000 -18.005 -13.275 -21.057 -31.738 8.24 441.589 246.582 583.649 1135.254 97.961 -2127.686 720.215 327.454 21.667 15.564 270.538 2549.591 2503.052 2118.683 1742.249 1388.55 1027.832 668.64 -252.686 9.918 -14.343 93.231 4.578 -334.473 -676.575 -1013.947 -1356.354 -1694.183 -2031.555 -2368.469 -2690.277 795.898 1182.404 443.878 89.264 3.967 -346.527 -698.395 493 485 728 36.27 36.75 52 16 2408 1 034
4773234 5626 2025/9/28 14:37:52 P15 75.89 32.63 0 10.85 36.77 962.59 951.77 335.693 610.046 3984.375 865.479 755.157 1187.897 567.627 73.7 -5.341 84.839 -30.823 325.317 961.914 102.234 945.892 781.097 368.347 602.875 1372.375 747.375 -5000 6.104 -12.512 -37.842 -31.586 7.935 444.031 250.702 589.294 1140.289 79.193 -2127.991 725.555 332.947 20.294 11.902 270.996 2548.218 2501.526 2113.647 1733.093 1376.495 1011.963 655.975 -276.031 7.782 -26.855 94.452 3.967 -334.625 -678.711 -1017.303 -1362 -1701.355 -2038.879 -2377.167 -2698.059 796.051 1188.66 443.115 86.823 4.883 -351.562 -706.787 506 485 724 36.23 36.62 50 15 2408 1 034
4773235 5626 2025/9/28 14:37:53 P15 76.04 32.7 0 10.88 36.67 962.57 951.78 335.083 610.504 3994.141 874.329 762.329 1196.289 566.406 41.504 7.019 96.741 -29.755 330.811 962.219 105.591 952.454 780.029 370.178 605.316 1382.599 754.395 -5000 1.373 -12.97 -25.635 -32.349 8.087 443.573 254.669 594.177 1149.75 111.542 -2128.906 730.743 338.593 18.005 12.665 271.149 2548.676 2502.899 2117.92 1749.115 1395.416 1034.698 680.084 -293.732 3.967 -12.207 91.553 4.272 -331.268 -674.438 -1010.437 -1351.929 -1690.521 -2026.367 -2358.704 -2682.648 798.645 1196.136 442.81 91.095 1.221 -347.443 -697.174 482 485 719 36.24 36.5 48 14 2408 1 034
4773236 5626 2025/9/28 14:37:54 P15 75.91 32.76 0 10.85 36.61 962.57 951.76 334.167 610.809 4005.432 878.601 768.585 1202.85 566.101 69.58 -48.676 103.607 -31.281 334.473 961.609 108.643 957.336 781.555 375.061 609.131 1387.329 759.735 -5000 -8.698 -12.207 -76.904 -32.349 7.324 444.336 259.094 601.044 1156.311 87.585 -2128.754 737.61 343.17 14.648 12.665 271.759 2548.218 2503.052 2115.631 1743.317 1389.465 1025.391 668.488 -307.159 6.409 -41.199 93.384 0.61 -333.71 -676.117 -1014.099 -1354.675 -1693.268 -2031.86 -2366.333 -2691.498 803.528 1205.75 442.657 89.417 3.662 -347.9 -699.463 501 480 714 36.23 36.35 46 14 2408 1 034
4773237 5626 2025/9/28 14:37:55 P15 75.97 32.62 0 10.83 36.67 962.57 951.75 334.167 611.115 4014.74 884.857 774.841 1212.616 565.643 -120.544 -30.212 100.861 -30.212 339.355 960.388 113.068 962.219 781.555 379.028 612.488 1395.416 765.991 -5000 -13.733 -12.97 -26.855 -31.891 6.714 445.099 263.977 604.095 1164.551 96.13 -2129.974 742.493 348.206 19.379 12.665 269.47 2547.607 2502.594 2109.833 1734.619 1375.427 1009.827 655.212 -322.571 5.188 -44.556 93.536 3.357 -335.846 -680.084 -1018.524 -1361.542 -1701.355 -2038.574 -2376.099 -2698.517 803.833 1208.191 444.641 86.67 4.425 -351.257 -704.956 490 475 708 36.21 36.29 44 13 2408 1 034
4773238 5626 2025/9/28 14:37:56 P15 75.95 32.62 0 10.78 36.67 962.6 951.76 334.473 610.962 4020.386 893.555 781.555 1208.954 565.338 25.787 -5.798 104.218 -31.128 345.001 957.947 116.119 969.391 779.114 383.148 616.608 1405.029 772.095 -5000 -16.479 -13.733 0.61 -31.738 6.256 443.42 267.334 610.657 1168.518 96.13 -2129.974 746.765 352.936 14.191 14.038 272.369 2546.082 2502.136 2116.089 1741.333 1387.634 1024.933 669.861 -335.388 3.052 -25.33 93.079 5.493 -334.167 -677.338 -1016.235 -1356.964 -1695.404 -2032.013 -2368.164 -2688.904 807.343 1213.989 442.2 87.738 4.578 -347.9 -711.365 490 475 708 36.21 36.29 44 13 2408 1 034
4773239 5626 2025/9/28 14:37:57 P15 75.95 32.63 0 10.81 36.47 957.97 951.77 335.236 612.183 4019.928 901.794 785.98 1221.008 565.186 -73.7 4.425 116.425 -31.433 351.41 958.252 118.713 974.121 780.64 387.573 617.981 1411.743 774.536 -5000 -0.61 -12.97 47.913 -31.586 5.341 442.047 270.233 617.065 1178.436 90.179 -2129.822 751.038 358.124 16.479 15.717 272.827 2548.828 2503.51 2115.936 1740.112 1384.583 1021.118 663.757 -343.628 2.289 -32.806 92.926 1.678 -331.726 -674.286 -1013.336 -1355.743 -1694.489 -2032.013 -2367.859 -2691.04 811.31 1222.687 441.742 89.417 1.221 -347.748 -702.209 490 475 708 36.21 36.29 44 13 2408 1 034
4773240 5626 2025/9/28 14:37:58 P15 75.95 32.67 0 10.73 36.44 957.97 951.76 335.999 612.335 4029.236 903.931 792.389 1228.79 564.575 23.651 8.087 142.517 -31.586 357.208 962.372 120.85 978.851 780.792 391.388 621.185 1414.49 779.877 -5000 -19.684 -13.733 5.035 -32.196 4.73 447.54 274.048 622.406 1182.251 101.013 -2131.195 755.31 361.328 19.073 16.479 273.132 2548.676 2502.899 2110.443 1732.941 1376.953 1010.437 656.433 -365.753 2.899 -48.065 95.825 5.188 -336.609 -679.932 -1020.203 -1359.863 -1702.118 -2039.337 -2374.878 -2696.838 811.92 1228.333 445.709 87.128 4.578 -351.562 -709.229 499 475 692 36.26 36.1 43 13 2408 1 034
4773241 5626 2025/9/28 14:37:59 P15 75.93 32.66 0 10.87 36.32 957.91 951.77 335.083 612.64 4036.407 913.391 796.661 1235.199 563.965 -42.877 -25.024 164.49 -31.128 363.464 958.557 124.969 983.429 778.046 395.508 624.847 1424.866 784.454 -5000 -12.817 -13.58 8.85 -32.959 5.188 444.946 278.015 626.678 1188.965 71.106 -2131.042 759.277 366.211 15.106 16.174 274.2 2542.267 2503.052 2114.868 1740.875 1386.261 1026.917 672.302 -381.165 3.815 -51.88 94.147 1.984 -334.167 -677.49 -1014.709 -1356.812 -1694.946 -2030.792 -2367.706 -2688.446 814.972 1233.368 445.251 90.332 3.967 -350.189 -703.43 474 470 684 36.26 36.04 41 12 2408 1 034
4773242 5626 2025/9/28 14:38:00 P15 76.01 32.69 0 10.73 36.34 957.95 951.74 334.93 612.183 4043.274 916.29 801.392 1242.981 563.66 -53.864 -33.875 116.425 -31.891 367.889 957.947 126.495 988.464 780.487 399.475 627.899 1428.223 789.49 -5000 -22.888 -14.191 43.793 -32.806 4.578 445.862 281.982 630.798 1193.848 81.329 -2130.737 764.771 371.246 12.817 16.785 274.353 2546.082 2503.357 2114.258 1737.213 1379.395 1014.557 657.959 -393.372 0 -10.223 94.147 6.256 -331.879 -675.507 -1013.947 -1358.49 -1697.693 -2034.76 -2371.826 -2692.566 818.787 1239.471 443.878 89.417 1.373 -353.241 -704.346 482 470 675 36.27 35.78 39 12 2408 1 034
4773243 5626 2025/9/28 14:38:01 P15 76.02 32.66 0 10.66 36.24 957.94 951.77 335.236 614.929 4039.612 925.293 807.037 1246.796 563.049 -11.749 -1.373 132.751 -32.043 373.077 958.557 130.615 991.058 780.029 403.595 629.73 1438.446 792.847 -5000 -10.834 -14.343 7.324 -32.349 3.357 444.336 282.745 636.597 1205.139 85.297 -2131.195 769.348 375.671 14.954 14.648 273.895 2546.692 2501.831 2111.969 1738.281 1381.836 1017.456 664.062 -411.224 3.357 -27.618 95.367 1.678 -335.388 -679.779 -1016.388 -1358.185 -1697.693 -2035.98 -2370.605 -2692.719 819.702 1246.49 443.726 85.297 2.289 -351.868 -705.872 498 465 666 36.24 35.73 38 11 2408 1 034
4773244 5626 2025/9/28 14:38:02 P15 75.97 32.65 0 10.66 36.3 957.93 951.76 335.236 614.319 4052.277 928.192 812.378 1249.084 563.049 16.479 -22.125 107.269 -31.891 379.028 957.031 133.972 995.178 780.182 408.325 633.087 1441.04 797.272 -5000 -27.771 -13.428 -10.223 -32.349 2.899 445.862 286.56 642.7 1208.954 102.081 -2131.348 774.536 378.876 13.275 7.172 275.726 2549.438 2502.594 2113.647 1746.063 1390.686 1029.968 676.422 -416.26 -0.153 -27.008 96.741 2.441 -331.421 -674.744 -1011.353 -1352.844 -1691.589 -2026.978 -2360.992 -2684.937 821.533 1251.526 443.268 94.299 3.357 -350.037 -701.447 494 460 666 36.21 35.73 36 11 2408 1 034
4773245 5626 2025/9/28 14:38:03 P15 75.95 32.6 0 10.59 36.14 957.93 951.75 334.778 614.624 4050.751 938.263 817.108 1259.003 562.439 -49.591 -27.618 122.833 -31.281 383.606 958.71 136.719 1000.519 779.724 412.292 635.071 1449.89 802.002 -5000 -18.005 -13.885 -12.665 -31.891 3.967 445.251 289.154 647.43 1217.804 95.215 -2131.805 773.468 383.911 15.411 15.106 275.116 2546.539 2502.441 2117.615 1746.674 1394.958 1032.562 678.101 -428.467 -2.594 -19.989 94.299 6.866 -330.658 -671.234 -1009.521 -1351.013 -1690.216 -2026.52 -2359.924 -2684.479 825.348 1254.578 440.979 90.942 2.136 -348.816 -698.7 484 460 657 36.28 35.58 35 10 2408 1 034
4773246 5626 2025/9/28 14:38:04 P15 76.04 32.6 0 10.65 36.26 957.95 951.75 335.846 616.455 4054.108 941.772 821.075 1264.343 561.676 -41.809 -30.518 112.762 -32.196 390.472 956.421 139.16 1004.639 780.334 416.87 638.275 1455.994 803.68 -5000 -13.885 -14.954 -52.795 -33.264 2.594 446.777 292.969 652.161 1219.94 100.25 -2132.111 782.623 389.252 21.515 5.798 275.726 2542.877 2502.747 2111.969 1741.333 1385.345 1024.475 671.844 -440.674 -3.815 -9.308 94.299 4.578 -330.505 -675.659 -1012.115 -1353.76 -1693.268 -2029.724 -2365.417 -2689.362 825.043 1260.071 444.489 89.722 0.763 -350.952 -703.278 482 460 648 36.24 35.44 34 10 2408 1 034
4773247 5626 2025/9/28 14:38:05 P15 75.99 32.65 0 10.56 36.11 957.93 951.77 334.778 617.676 4055.786 946.198 827.332 1264.496 561.371 -42.572 -22.43 140.076 -32.959 394.287 956.726 141.449 1007.843 779.114 421.448 640.564 1454.773 809.174 -5000 -3.662 -14.191 -56.305 -32.196 2.136 446.472 293.427 656.738 1229.858 109.253 -2132.568 785.828 392.151 18.616 6.866 275.726 2548.218 2502.747 2118.225 1748.047 1393.127 1034.393 679.474 -451.965 -3.51 -24.261 94.147 5.493 -331.268 -674.896 -1010.742 -1352.844 -1690.979 -2026.52 -2359.772 -2683.105 827.179 1264.954 445.557 91.4 1.373 -349.121 -698.09 492 455 641 36.21 35.36 33 10 2408 1 034
4773248 5626 2025/9/28 14:38:06 P15 76.04 32.69 0 10.68 36.01 957.93 951.74 333.862 617.981 4065.399 948.486 831.604 1273.346 561.066 -27.618 -63.477 131.836 -32.806 398.712 949.097 144.043 1012.268 779.877 425.873 643.005 1466.522 812.225 -5000 -17.09 -14.496 14.038 -33.722 2.594 442.657 297.699 661.163 1231.384 91.4 -2132.874 789.642 396.118 19.989 16.174 275.879 2544.098 2502.441 2117.004 1742.859 1387.482 1026.917 670.013 -462.189 -2.441 -26.703 96.741 1.678 -332.489 -676.117 -1013.031 -1355.438 -1693.878 -2029.877 -2366.486 -2688.293 830.688 1271.515 443.268 91.553 2.747 -346.527 -698.547 491 455 634 36.23 35.32 32 9 2408 1 034
4773249 5626 2025/9/28 14:38:07 P15 76.04 32.55 0 10.68 36 957.93 951.74 334.167 618.439 4067.535 955.658 835.571 1280.823 560.76 -65.918 -2.747 124.969 -32.959 403.748 957.184 146.79 1016.388 778.656 430.145 644.531 1468.048 816.04 -5000 -17.548 -13.885 3.967 -31.738 2.594 446.32 299.377 665.283 1239.471 104.523 -2133.331 790.863 400.238 21.82 16.174 276.031 2545.319 2503.357 2112.732 1732.635 1376.19 1013.794 655.365 -480.652 0.153 -21.515 97.046 3.052 -336.609 -679.779 -1018.677 -1362.152 -1700.134 -2037.659 -2376.709 -2697.449 831.909 1274.872 444.183 87.585 5.035 -349.579 -706.177 476 450 629 36.21 35.07 30 9 2408 1 034
4773250 5626 2025/9/28 14:38:08 P15 76.04 32.67 0 10.68 35.99 957.97 951.77 333.71 618.896 4072.113 959.625 839.996 1278.229 560.608 -27.771 -4.425 102.081 -32.043 409.241 957.642 148.926 1018.372 778.503 434.418 646.21 1473.999 821.381 -5000 -16.479 -12.817 -3.51 -31.281 3.51 447.235 301.819 669.708 1245.728 88.654 -2132.874 795.898 402.222 14.191 13.275 277.252 2547.15 2502.136 2123.108 1749.878 1396.79 1036.987 679.779 -490.875 -0.458 -59.814 97.198 2.899 -331.268 -672.15 -1007.996 -1351.776 -1689.606 -2026.062 -2360.992 -2680.359 834.198 1279.907 443.115 91.705 6.256 -345.764 -697.479 476 450 629 36.21 35.07 30 9 2408 1 034
4773251 5626 2025/9/28 14:38:09 P15 76.01 32.69 0 10.71 36.05 957.93 951.75 334.167 620.27 4073.792 966.644 843.811 1282.501 560.303 -39.825 5.951 126.038 -32.959 413.818 959.32 150.757 1022.034 778.351 438.843 648.804 1478.729 824.585 -5000 -5.341 -14.343 -4.425 -30.975 2.136 448.914 303.802 675.354 1250.61 80.719 -2134.705 800.018 406.647 17.242 8.545 276.794 2547.455 2503.662 2115.479 1742.401 1385.498 1020.05 665.588 -505.219 -0.305 -52.643 97.351 2.136 -332.336 -676.27 -1015.015 -1356.812 -1697.388 -2033.691 -2368.011 -2693.024 835.419 1284.79 445.404 95.52 2.747 -348.816 -701.904 476 445 620 36.21 35.07 30 9 2408 1 034
4773252 5626 2025/9/28 14:38:10 P15 76.08 32.65 0 10.68 35.89 957.92 951.75 333.252 621.643 4074.554 970.459 846.863 1291.046 560.15 -84.229 -17.548 104.98 -32.349 419.922 958.405 154.419 1024.933 779.266 443.115 650.024 1485.596 825.653 -5000 -10.376 -11.902 -3.815 -33.264 3.815 447.693 306.549 677.338 1255.035 99.03 -2133.789 803.986 410.461 17.853 20.447 278.168 2544.556 2501.984 2110.138 1733.856 1378.784 1013.641 660.095 -515.9 -1.984 -39.062 97.198 2.441 -336.456 -679.169 -1019.135 -1360.168 -1699.066 -2037.964 -2373.962 -2695.923 838.165 1288.3 444.641 85.602 6.104 -353.088 -707.703 487 445 617 36.27 35 29 9 2408 1 034
4773253 5626 2025/9/28 14:38:11 P15 76.09 32.69 0 10.61 35.88 957.9 951.75 332.947 621.948 4071.35 978.088 851.593 1292.725 558.472 -96.283 -27.313 112 -32.349 422.974 959.625 155.487 1028.137 778.809 447.998 653.381 1490.631 831.604 -5000 -16.479 -14.954 40.131 -32.501 3.51 447.235 306.396 684.662 1256.714 86.67 -2134.094 808.105 415.344 18.463 13.58 278.015 2550.354 2502.441 2119.598 1746.216 1391.449 1031.799 674.133 -527.344 -7.782 -32.043 95.52 5.493 -329.437 -671.997 -1009.674 -1351.776 -1691.284 -2027.74 -2363.434 -2691.04 838.318 1290.894 445.099 92.01 2.136 -347.595 -698.547 475 440 613 36.21 34.91 28 8 2408 1 034
4773254 5626 2025/9/28 14:38:12 P15 76.05 32.7 0 10.61 35.84 957.92 951.75 334.473 622.864 4076.538 982.819 855.103 1298.981 558.167 81.94 5.341 116.73 -32.349 427.856 958.252 157.623 1031.036 777.588 451.965 654.755 1498.108 833.13 -5000 7.629 -15.564 -36.621 -33.112 4.425 447.083 309.906 688.019 1269.073 105.438 -2134.552 811.157 418.243 16.785 11.902 278.015 2542.877 2502.594 2113.8 1737.213 1379.089 1014.404 658.569 -543.06 -7.324 -23.651 96.436 6.104 -332.031 -674.133 -1013.336 -1357.117 -1696.472 -2033.691 -2369.69 -2691.65 839.233 1294.25 444.946 90.332 1.984 -351.41 -705.109 485 440 609 36.26 34.88 28 8 2408 1 034
4773255 5626 2025/9/28 14:38:13 P15 76.02 32.63 0 10.65 35.78 957.92 951.74 333.405 623.932 4083.405 985.107 858.612 1301.422 558.319 -38.605 -20.294 104.675 -31.586 430.908 958.557 159.912 1033.63 777.893 455.322 655.823 1501.465 837.402 -5000 -3.204 -15.564 -16.022 -32.654 5.035 449.829 312.042 692.749 1270.294 98.724 -2134.857 817.261 421.295 24.261 14.801 278.32 2547.76 2501.678 2118.073 1741.943 1387.024 1024.78 667.267 -563.049 -4.425 -25.787 96.588 3.967 -335.846 -678.101 -1015.778 -1358.185 -1696.014 -2032.776 -2369.69 -2690.277 840.759 1297.76 445.251 88.654 4.883 -349.731 -704.956 473 435 605 36.24 34.71 27 8 2408 1 034
4773256 5626 2025/9/28 14:38:14 P15 76.06 32.73 0 10.42 35.77 957.94 951.76 334.32 626.221 4078.979 989.532 861.816 1301.88 557.251 62.103 -7.629 117.188 -32.196 437.317 959.015 161.591 1038.055 777.893 461.273 657.196 1505.89 839.386 -5000 0.305 -15.564 -28.534 -31.128 5.951 449.219 311.279 698.547 1275.33 113.373 -2134.552 815.887 424.042 22.278 14.496 278.931 2548.676 2503.357 2117.767 1744.232 1392.517 1029.205 675.354 -572.968 -4.578 -37.231 95.52 4.425 -334.625 -675.354 -1013.489 -1353.149 -1691.589 -2028.503 -2360.535 -2682.343 844.269 1303.101 446.32 91.705 5.493 -349.274 -703.43 472 435 602 36.24 34.68 27 8 2408 1 034
4773257 5626 2025/9/28 14:38:15 P15 76.08 32.67 0 10.56 35.67 957.91 951.75 333.252 627.289 4085.541 992.737 865.784 1306.152 557.251 -91.705 9.003 112.457 -32.959 440.216 955.2 164.032 1038.818 777.13 465.698 659.637 1506.653 842.133 -5000 -6.256 -16.174 28.992 -31.128 8.087 447.54 314.484 700.073 1284.637 83.008 -2135.01 823.212 426.941 14.343 18.616 278.931 2547.15 2500.916 2113.495 1731.262 1376.953 1011.963 656.281 -577.698 -4.73 -29.602 97.504 5.951 -335.693 -679.932 -1018.372 -1362 -1700.745 -2038.574 -2376.099 -2696.991 844.727 1306.305 446.014 87.891 3.815 -350.8 -708.771 471 430 599 36.23 34.57 26 8 2408 1 034
4773258 5626 2025/9/28 14:38:16 P15 76.23 32.66 0 10.53 35.7 957.94 951.74 333.099 629.578 4086.914 997.009 868.378 1307.526 556.946 -30.518 4.883 109.558 -33.569 444.336 954.132 164.948 1041.565 777.283 470.276 661.621 1511.536 845.184 -5000 -15.717 -15.717 24.109 -32.043 8.087 446.93 313.873 704.193 1288.605 95.825 -2134.857 826.874 431.213 23.346 14.496 278.473 2546.997 2501.526 2114.258 1741.943 1385.651 1025.696 671.082 -589.142 -6.256 -12.054 95.673 4.883 -332.642 -677.49 -1014.709 -1356.659 -1695.099 -2032.013 -2365.723 -2689.667 844.727 1312.408 445.709 91.095 1.678 -350.952 -702.362 483 425 596 36.26 34.42 26 8 2408 1 034
4773259 5626 2025/9/28 14:38:17 P15 76.12 32.66 0 10.49 35.78 957.91 951.76 333.862 630.493 4087.219 1000.061 872.345 1310.577 556.335 110.931 -12.512 104.065 -32.959 448.914 959.015 166.931 1045.074 776.672 474.091 663.3 1515.808 848.541 -5000 -2.136 -15.717 25.94 -32.349 9.308 449.524 318.451 709.229 1292.877 90.485 -2135.315 829.468 433.96 21.82 9.766 279.083 2547.15 2503.51 2118.073 1748.505 1397.705 1034.698 680.084 -606.079 -5.035 -9.918 98.724 3.51 -333.099 -677.948 -1012.726 -1353.607 -1691.589 -2028.351 -2360.229 -2682.953 847.626 1313.934 446.167 92.621 4.272 -346.985 -699.005 470 425 593 36.26 34.57 25 8 2408 1 034
4773260 5626 2025/9/28 14:38:18 P15 76.18 32.69 0 10.53 35.53 957.94 951.77 333.862 631.561 4086.761 1006.317 875.549 1316.376 555.573 -5.798 -15.411 104.523 -33.112 452.728 955.505 169.678 1047.974 776.215 478.821 664.52 1523.438 850.525 -5000 3.662 -15.564 -9.003 -31.738 10.681 446.93 318.909 711.212 1297.607 108.49 -2135.773 832.367 437.317 17.853 9.613 279.846 2549.286 2502.747 2110.901 1735.687 1378.479 1014.099 659.943 -611.725 -5.951 -27.008 97.809 4.883 -336.914 -681.152 -1018.982 -1360.016 -1699.524 -2036.896 -2373.047 -2696.228 848.541 1318.054 446.014 89.722 5.188 -351.257 -705.566 470 425 593 36.26 34.57 25 8 2408 1 034
4773261 5626 2025/9/28 14:38:19 P15 76.1 32.59 0 10.39 35.49 957.93 951.73 332.794 632.629 4090.271 1012.268 878.143 1320.496 554.81 65.765 14.343 134.888 -31.128 457.764 958.862 171.204 1049.652 776.52 483.704 665.588 1529.236 853.119 -5000 8.087 -14.954 -9.155 -31.891 13.275 450.439 320.129 716.248 1299.133 120.85 -2136.23 834.808 440.369 22.736 13.885 279.999 2547.15 2501.984 2113.953 1744.08 1389.923 1025.543 673.218 -624.847 -6.561 -44.708 97.046 2.594 -333.71 -678.558 -1015.93 -1356.201 -1695.557 -2031.86 -2364.044 -2688.446 852.509 1323.547 443.42 90.332 3.204 -350.647 -702.209 481 425 587 36.24 34.31 24 8 2408 1 034
4773262 5626 2025/9/28 14:38:20 P15 76.1 32.66 0 10.48 35.48 957.93 951.76 334.473 635.529 4085.999 1017.303 879.974 1322.632 554.504 -0.458 -15.259 111.694 -32.501 461.121 957.947 173.34 1052.399 776.978 487.366 666.656 1532.593 854.34 -5000 5.035 -15.717 -20.294 -33.569 14.191 447.083 321.96 720.673 1308.746 114.594 -2136.078 836.792 443.115 16.632 16.632 280.151 2542.725 2502.594 2118.225 1750.336 1395.569 1037.292 682.068 -634.918 -5.188 -27.313 96.741 5.493 -332.642 -674.744 -1011.047 -1351.776 -1689.911 -2025.299 -2357.788 -2683.563 850.677 1323.242 445.862 92.926 4.425 -346.527 -695.038 479 420 583 36.23 34.34 24 8 2408 1 034
4773263 5626 2025/9/28 14:38:21 P15 76.05 32.66 0 10.51 35.48 957.9 951.76 332.184 637.207 4085.999 1019.135 883.026 1326.294 553.894 -79.193 -31.891 113.22 -33.112 464.172 956.116 174.561 1054.993 776.825 491.028 668.182 1535.645 856.018 -5000 -4.425 -15.259 -9.155 -33.569 14.191 447.235 322.723 723.877 1311.34 104.523 -2136.383 841.522 447.083 19.531 12.817 280.304 2543.335 2502.136 2118.835 1742.554 1387.329 1026.306 666.809 -648.499 -9.766 -26.093 96.893 0.153 -330.048 -673.828 -1011.658 -1354.218 -1693.573 -2031.25 -2369.232 -2691.193 853.424 1329.651 444.489 92.316 1.373 -347.9 -701.752 468 420 580 36.27 34.18 24 8 2408 1 034
4773264 5626 2025/9/28 14:38:22 P15 76.18 32.63 0 10.42 35.63 957.91 951.74 333.557 636.139 4083.862 1024.78 885.925 1325.378 553.741 -51.88 -32.043 128.937 -32.806 468.597 956.116 176.392 1055.298 775.909 496.216 669.861 1540.833 859.07 -5000 -4.578 -16.022 46.387 -32.959 16.479 447.388 324.402 727.081 1319.58 97.656 -2136.383 843.811 449.829 22.583 14.648 282.135 2544.098 2502.747 2115.479 1744.843 1393.127 1030.579 676.117 -657.196 -9.918 -26.855 97.504 0.61 -334.167 -676.575 -1014.252 -1354.98 -1692.505 -2030.029 -2362.823 -2684.021 854.34 1332.703 445.404 90.79 2.136 -350.342 -703.125 478 415 577 36.24 34.22 23 8 2408 1 034
4773265 5626 2025/9/28 14:38:23 P15 76.09 32.58 0 10.41 35.59 957.91 951.75 333.405 638.733 4087.677 1025.848 889.435 1331.329 553.589 3.357 -6.561 96.741 -32.349 473.48 954.437 177.002 1058.655 775.604 500.946 669.556 1542.816 860.596 -5000 -6.104 -14.801 -35.706 -33.569 18.616 446.93 325.165 731.049 1318.665 76.904 -2136.536 847.778 453.644 19.836 16.632 281.525 2542.114 2501.984 2118.683 1750.793 1394.806 1034.546 679.779 -663.452 -7.477 -38.91 99.182 5.341 -331.879 -675.354 -1011.505 -1353.302 -1691.589 -2027.588 -2360.229 -2685.547 856.018 1335.907 445.862 90.179 2.289 -347.748 -696.716 477 415 575 36.26 34 23 8 2408 1 034
4773266 5626 2025/9/28 14:38:24 P15 76.1 32.66 0 10.44 35.52 957.92 951.73 332.184 638.733 4095.001 1030.426 891.571 1334.534 552.368 -19.226 -19.531 120.087 -31.281 475.616 957.031 178.986 1060.181 775.146 505.371 671.539 1547.241 865.173 -5000 -8.392 -15.259 -79.956 -31.738 22.43 449.524 326.843 732.117 1326.141 104.523 -2136.993 849.762 454.559 24.414 20.752 280.914 2547.15 2501.373 2115.173 1741.333 1385.193 1018.829 663.91 -669.403 -7.782 -33.264 97.809 3.204 -333.71 -675.507 -1014.252 -1355.743 -1695.404 -2033.081 -2369.08 -2692.719 857.086 1336.975 445.557 88.348 3.967 -348.969 -701.904 459 405 575 36.2 34.14 23 8 2408 1 034
4773267 5626 2025/9/28 14:38:25 P15 76.09 32.65 0 10.27 35.51 957.93 951.75 333.252 640.717 4083.557 1036.377 894.318 1333.618 552.521 48.37 2.747 105.743 -32.654 479.889 953.369 179.901 1062.469 774.689 508.575 672.302 1552.887 866.089 -5000 3.967 -16.174 -23.651 -32.196 24.109 447.235 324.097 738.068 1331.787 74.31 -2136.841 851.898 457.764 19.836 13.275 281.677 2548.218 2502.136 2110.138 1733.398 1375.122 1012.878 658.569 -675.049 -7.324 -16.327 99.487 1.373 -338.135 -681.915 -1020.203 -1362.61 -1701.355 -2037.811 -2373.962 -2694.855 858.612 1343.842 446.014 87.433 6.714 -353.699 -708.313 458 400 569 36.27 34.02 22 8 2408 1 034
4773268 5626 2025/9/28 14:38:26 P15 76.05 32.7 0 10.46 35.38 957.92 951.76 332.031 642.09 4092.712 1037.598 896.301 1335.449 551.91 39.825 -4.883 129.852 -31.586 482.635 955.2 182.343 1065.521 773.773 513.763 674.896 1553.04 868.835 -5000 -9.766 -16.785 -12.054 -31.586 26.245 448.303 327.759 741.272 1333.16 88.806 -2137.451 855.255 459.595 25.482 14.954 282.135 2546.234 2502.441 2118.988 1742.554 1391.449 1031.799 672.913 -689.85 -7.477 -4.425 98.267 4.883 -332.336 -672.913 -1010.895 -1355.133 -1692.963 -2029.877 -2365.265 -2687.531 860.138 1342.773 446.93 93.231 2.899 -345.154 -697.784 475 400 566 36.24 33.95 22 8 2408 1 034
4773269 5626 2025/9/28 14:38:27 P15 76.1 32.67 0 10.34 35.35 957.94 951.73 332.336 643.311 4095.764 1040.192 898.285 1340.637 550.995 -89.722 1.831 121.613 -32.043 487.366 957.642 182.495 1063.995 773.926 517.731 675.507 1558.533 869.751 -5000 1.678 -15.259 -13.885 -31.433 29.449 450.134 328.522 744.781 1336.975 86.517 -2137.146 858.307 461.273 16.479 9.918 283.356 2546.844 2501.526 2113.8 1738.434 1378.937 1014.252 659.18 -697.479 -11.597 -12.36 97.198 2.136 -332.947 -678.406 -1016.541 -1359.711 -1699.371 -2036.896 -2373.657 -2695.77 860.138 1347.961 445.099 91.248 2.747 -352.936 -705.566 460 400 563 36.26 33.85 22 8 2408 1 034
4773270 5626 2025/9/28 14:38:28 P15 76.13 32.56 0 10.38 35.44 957.95 951.76 331.268 644.073 4095.917 1044.006 900.726 1343.231 550.995 -12.817 12.36 118.866 -32.501 489.655 956.879 183.716 1068.726 772.4 522.003 676.575 1563.11 872.955 -5000 -8.85 -16.022 -14.648 -32.959 31.128 447.235 330.048 746.46 1340.179 99.487 -2138.062 860.443 464.63 18.463 11.749 281.982 2545.471 2502.594 2116.089 1737.823 1384.125 1023.102 666.199 -706.024 -9.918 -33.417 100.555 1.373 -335.999 -679.169 -1015.778 -1358.337 -1696.777 -2033.539 -2371.674 -2692.108 863.647 1350.403 444.641 88.959 3.662 -349.884 -704.498 473 400 561 36.26 33.77 22 8 2408 1 034
4773271 5626 2025/9/28 14:38:29 P15 76.06 32.74 0 10.46 35.29 957.92 951.72 331.268 645.142 4095.917 1045.837 903.32 1346.741 550.537 -43.64 19.379 119.324 -32.349 492.706 957.794 185.394 1070.862 773.621 526.581 677.185 1565.247 875.092 -5000 -9.155 -16.479 -16.937 -32.501 33.875 447.693 331.268 749.512 1346.588 82.397 -2137.451 862.579 467.072 23.041 11.749 281.83 2546.082 2501.373 2118.378 1742.859 1390.533 1029.205 669.403 -724.182 -9.766 -30.67 98.877 1.068 -333.71 -675.354 -1012.421 -1355.286 -1693.115 -2030.64 -2366.943 -2689.209 862.732 1352.692 446.625 92.926 4.883 -346.375 -700.226 464 400 561 36.23 33.85 22 8 2408 1 034
4773272 5626 2025/9/28 14:38:30 P15 76.12 32.69 0 10.41 35.21 957.92 951.74 330.658 646.973 4088.135 1049.957 905.151 1348.877 550.232 14.648 -6.866 119.019 -30.975 496.674 955.353 186.462 1071.32 773.163 530.548 677.795 1567.993 876.77 -5000 0.153 -15.869 5.188 -32.806 37.384 447.083 329.59 752.869 1351.471 81.635 -2138.367 863.19 470.123 27.313 6.714 281.525 2549.591 2502.747 2108.917 1734.009 1372.986 1007.996 654.602 -724.182 -10.376 -34.79 98.114 1.221 -333.099 -679.016 -1017.303 -1361.542 -1700.592 -2036.438 -2372.894 -2696.533 864.258 1353.607 445.709 90.179 5.341 -351.257 -707.397 464 390 556 36.23 33.85 22 8 2408 1 034
4773273 5626 2025/9/28 14:38:31 P15 76.13 32.65 0 10.38 35.32 957.92 951.74 331.726 650.177 4085.846 1056.213 906.982 1342.926 549.011 -80.261 -4.272 121.46 -32.196 498.657 955.658 187.531 1072.54 770.569 534.973 679.016 1574.249 878.296 -5000 -5.035 -16.937 -6.561 -32.501 37.994 447.083 330.048 757.446 1357.88 86.06 -2138.519 866.852 473.48 23.041 6.409 282.898 2547.302 2501.068 2115.631 1740.57 1384.43 1023.865 668.945 -735.168 -14.191 -27.161 99.487 6.104 -332.031 -676.422 -1013.031 -1356.964 -1695.709 -2032.013 -2367.706 -2689.209 864.105 1357.269 445.251 90.332 2.289 -349.121 -702.209 456 385 553 36.24 33.64 22 8 2408 1 034
4773274 5626 2025/9/28 14:38:32 P15 76.13 32.67 0 10.38 35.23 957.91 951.74 331.421 650.787 4097.748 1055.908 909.424 1346.893 549.011 -82.245 8.24 99.487 -30.975 503.54 956.879 187.988 1075.439 771.484 539.093 680.389 1574.707 879.517 -5000 -2.441 -16.479 45.166 -31.891 41.656 451.965 332.184 760.498 1357.422 98.877 -2138.519 869.904 473.938 26.398 14.496 282.288 2547.607 2501.831 2118.53 1746.216 1392.822 1033.325 677.032 -749.054 -9.766 -29.602 100.708 5.188 -331.726 -673.981 -1009.979 -1352.692 -1690.521 -2026.367 -2362.061 -2683.563 865.479 1358.948 446.625 93.079 5.188 -347.137 -698.242 472 385 550 36.24 33.72 22 8 2408 1 034
4773275 5626 2025/9/28 14:38:33 P15 76.05 32.66 0 10.34 35.23 957.91 951.71 330.2 652.466 4095.764 1060.791 911.407 1354.98 549.316 80.872 -26.55 109.406 -31.433 505.066 956.116 195.312 1077.118 771.484 542.45 681.61 1575.165 879.822 -5000 -9.155 -16.174 28.992 -33.417 45.013 448.761 336.609 762.177 1363.068 115.204 -2139.13 873.26 478.058 26.703 12.665 283.203 2545.166 2503.357 2110.596 1735.535 1375.885 1012.726 658.722 -758.972 -12.512 -38.757 98.572 4.578 -336.304 -680.847 -1019.287 -1362.152 -1701.355 -2037.811 -2376.251 -2697.601 866.547 1361.237 446.625 93.842 4.272 -352.02 -706.177 471 385 546 36.23 33.55 22 8 2408 1 034
4773276 5626 2025/9/28 14:38:34 P15 76.12 32.67 0 10.34 35.24 957.89 951.74 331.573 653.534 4086.304 1066.284 913.086 1350.25 548.401 40.436 -50.659 96.588 -31.738 509.491 955.963 192.871 1078.796 771.637 547.18 681.915 1582.794 882.721 -5000 -14.038 -16.022 9.155 -32.043 45.929 448.914 334.93 766.296 1368.561 88.806 -2138.519 874.176 478.973 23.346 16.022 283.966 2548.065 2503.51 2114.563 1738.739 1386.261 1023.712 669.403 -774.689 -10.529 -42.725 97.504 4.272 -335.693 -677.49 -1016.541 -1357.574 -1695.557 -2032.776 -2367.096 -2687.988 868.225 1365.967 446.93 90.027 4.272 -350.037 -706.635 460 380 542 36.21 33.47 22 8 2408 1 034
4773277 5626 2025/9/28 14:38:35 P15 76.15 32.63 0 10.24 35.11 957.89 951.77 329.132 654.907 4100.189 1065.063 915.375 1350.555 548.553 -117.798 -59.662 131.836 -30.975 511.017 957.336 192.566 1079.865 769.043 551.758 682.983 1585.693 886.841 -5000 -8.24 -16.174 50.354 -32.959 51.27 450.897 336.304 768.433 1371.46 107.88 -2138.214 877.228 480.957 18.921 9.46 283.356 2547.15 2503.51 2118.683 1750.336 1397.247 1035.309 680.542 -772.4 -12.665 -28.687 98.724 0.763 -333.405 -676.117 -1012.268 -1352.997 -1691.284 -2028.198 -2359.314 -2683.868 869.446 1368.103 445.709 93.079 5.188 -346.68 -695.496 470 380 537 36.21 33.34 22 8 2408 1 034
4773278 5626 2025/9/28 14:38:36 P15 76.06 32.69 0 10.24 35.1 957.91 951.74 330.658 656.738 4098.358 1067.963 916.443 1358.795 547.028 142.365 -54.626 96.893 -31.586 513.611 957.184 193.787 1081.696 771.942 555.725 683.899 1586.914 885.925 -5000 -11.444 -16.937 -27.924 -33.417 53.101 448.761 337.219 772.247 1374.054 90.79 -2138.977 879.211 483.551 22.888 10.223 283.966 2546.082 2502.747 2116.241 1743.927 1386.566 1027.069 669.403 -783.234 -13.58 -36.621 99.792 2.747 -333.862 -675.964 -1013.031 -1355.133 -1694.183 -2030.487 -2366.18 -2689.362 870.056 1371.002 445.557 92.468 1.373 -348.663 -699.158 458 375 532 36.28 33.39 22 8 2408 1 034
4773279 5626 2025/9/28 14:38:37 P15 76.04 32.67 0 10.32 35.2 957.89 951.73 329.285 658.722 4096.985 1071.625 918.732 1353.607 547.028 14.648 -20.142 110.168 -31.281 517.12 956.421 194.244 1083.832 770.874 560.15 684.814 1591.797 886.993 -5000 -11.902 -16.327 34.332 -33.417 58.289 450.134 337.982 773.926 1374.054 84.381 -2139.282 880.585 485.84 21.82 14.648 283.966 2543.945 2503.204 2116.394 1744.537 1387.787 1028.748 675.659 -790.1 -15.106 -48.676 98.114 5.493 -332.336 -674.286 -1011.963 -1354.523 -1692.2 -2028.656 -2362.823 -2685.394 869.293 1371.002 447.083 92.926 2.441 -350.189 -701.141 469 380 528 36.2 33.37 22 8 2408 1 034
4773280 5626 2025/9/28 14:38:38 P15 76.12 32.69 0 10.26 35.07 957.92 951.75 330.2 658.417 4096.832 1074.677 920.41 1360.168 546.722 -42.725 24.872 119.171 -31.433 519.409 958.557 194.397 1083.679 771.484 563.507 685.73 1593.628 890.503 -5000 -7.782 -16.937 -6.256 -32.806 59.662 451.355 337.677 776.825 1382.294 104.523 -2139.435 879.822 487.366 29.907 22.888 285.645 2549.133 2501.984 2118.683 1749.725 1396.637 1033.173 678.101 -801.544 -14.343 -59.052 97.656 4.425 -331.879 -674.744 -1010.895 -1352.234 -1690.674 -2028.046 -2359.161 -2682.648 871.124 1375.732 445.557 93.079 3.967 -346.375 -696.564 456 375 523 36.24 33.16 22 8 2408 1 034
4773281 5626 2025/9/28 14:38:39 P15 76.09 32.6 0 10.29 35.09 957.92 951.73 330.505 659.943 4087.524 1081.238 922.241 1358.337 546.875 -15.869 -37.537 112.152 -30.823 522.003 954.895 195.923 1085.51 767.365 568.237 686.34 1598.816 891.266 -5000 -2.441 -16.937 -15.564 -31.586 61.798 447.845 337.067 780.029 1387.177 95.825 -2139.435 884.705 492.096 19.989 14.954 284.424 2548.37 2502.594 2117.462 1741.028 1385.956 1024.628 666.046 -809.937 -12.817 -58.746 99.182 3.815 -332.947 -674.896 -1012.726 -1355.591 -1694.641 -2031.86 -2369.08 -2690.887 872.192 1377.258 448.151 92.773 4.73 -347.443 -700.531 456 375 523 36.24 33.16 22 8 2408 1 034
4773282 5626 2025/9/28 14:38:40 P15 76.1 32.67 0 10.29 35.13 957.91 951.74 329.742 660.095 4100.342 1081.696 923.767 1366.577 545.654 -130.157 -43.335 112.762 -31.586 525.513 957.489 196.838 1088.257 769.653 571.747 687.714 1600.647 892.792 -5000 -24.719 -16.785 -3.357 -32.196 67.139 449.066 339.966 781.403 1385.498 95.52 -2139.587 885.62 491.486 23.499 8.392 284.882 2546.082 2503.357 2109.528 1731.11 1377.563 1011.505 657.654 -816.956 -17.242 -35.858 99.182 0.305 -334.473 -679.016 -1018.372 -1360.779 -1698.761 -2037.506 -2373.199 -2695.77 874.023 1379.242 445.251 89.569 3.052 -351.715 -708.008 469 370 517 36.26 33.29 22 8 2408 1 034
4773283 5626 2025/9/28 14:38:41 P15 76.15 32.67 0 10.17 35.03 957.93 951.73 329.895 661.621 4096.527 1082.764 925.293 1367.34 544.739 -10.529 -43.488 89.417 -29.144 527.191 958.557 198.212 1084.9 771.179 576.172 687.714 1602.325 893.097 -5000 -10.681 -17.7 -61.951 -32.501 70.038 451.355 339.966 783.844 1389.465 116.73 -2139.282 887.909 496.216 11.444 11.749 284.882 2548.065 2503.662 2118.835 1749.725 1393.433 1032.715 676.27 -829.926 -13.58 -32.654 100.708 1.984 -330.353 -674.438 -1010.742 -1351.471 -1690.369 -2026.825 -2360.535 -2684.937 874.786 1384.277 445.251 93.536 4.883 -347.595 -696.716 467 370 514 36.21 33.14 22 8 2408 1 034
4773284 5626 2025/9/28 14:38:42 P15 76.1 32.71 0 10.27 35.13 957.9 951.72 330.353 663.91 4097.595 1082.916 927.429 1369.629 544.739 -37.537 -3.357 117.493 -30.06 529.327 955.505 198.364 1090.088 767.975 580.139 688.934 1599.579 893.555 -5000 1.831 -16.785 -3.815 -33.112 73.395 450.592 341.492 786.743 1392.822 84.686 -2139.587 890.503 500.488 12.665 6.714 285.492 2545.624 2503.052 2117.462 1739.655 1384.277 1020.966 662.231 -835.419 -17.242 -24.261 97.198 5.035 -333.099 -675.964 -1013.489 -1357.117 -1696.167 -2033.386 -2370.605 -2692.261 876.617 1382.446 446.93 92.163 3.204 -346.527 -700.378 455 365 512 36.26 33.11 22 8 2408 1 034
4773285 5626 2025/9/28 14:38:43 P15 76.06 32.7 0 10.36 35.04 957.93 951.74 331.421 665.283 4095.612 1090.24 928.65 1371.918 543.823 39.825 2.899 106.201 -29.602 532.074 955.505 199.127 1087.952 769.806 584.106 688.934 1610.718 894.165 -5000 -16.022 -16.785 22.125 -33.112 75.684 449.219 342.407 790.71 1394.653 81.635 -2140.656 892.487 500.793 15.259 12.817 285.187 2541.656 2501.221 2111.816 1732.483 1377.411 1012.268 657.501 -836.182 -13.733 -29.449 100.708 4.578 -336.151 -678.558 -1018.982 -1360.931 -1699.677 -2037.964 -2375.641 -2695.923 875.854 1384.583 446.777 88.959 3.967 -351.105 -708.466 466 365 510 36.23 33.06 22 8 2408 1 034
4773286 5626 2025/9/28 14:38:44 P15 76.15 32.63 0 10.27 35.03 957.93 951.74 329.285 664.52 4096.985 1089.478 930.634 1370.85 543.671 -15.717 23.193 96.588 -28.687 534.21 958.71 200.195 1092.377 767.975 588.379 690.002 1612.549 897.675 -5000 -11.444 -16.937 13.428 -32.196 78.583 451.05 341.034 793.304 1396.942 100.403 -2140.045 894.165 503.54 17.548 19.073 285.339 2548.065 2501.068 2116.852 1745.758 1392.975 1029.205 674.744 -843.353 -15.411 -39.062 100.403 6.561 -332.642 -674.744 -1012.421 -1352.844 -1691.589 -2028.809 -2362.366 -2686.615 879.974 1386.566 447.845 93.994 3.967 -347.29 -698.853 451 360 508 36.27 33.08 22 8 2408 1 034
4773287 5626 2025/9/28 14:38:45 P15 76.06 32.63 0 10.12 35.03 957.93 951.72 330.963 666.809 4101.868 1092.987 932.159 1370.239 543.823 -41.046 -44.708 107.88 -29.449 536.652 958.557 201.416 1091.003 767.822 592.194 690.46 1614.227 898.438 -5000 7.019 -17.853 9.766 -31.738 79.041 450.897 342.865 795.288 1402.74 104.37 -2140.503 896.454 504.456 21.057 13.733 285.645 2547.302 2502.899 2116.699 1741.638 1382.751 1018.372 662.842 -853.577 -16.937 -37.537 98.267 5.188 -332.947 -676.422 -1014.404 -1356.659 -1696.167 -2031.555 -2368.622 -2693.024 877.075 1388.245 443.878 91.095 4.883 -348.511 -700.989 465 360 506 36.23 32.9 22 8 2408 1 034
4773288 5626 2025/9/28 14:38:46 P15 76.05 32.66 0 10.15 34.96 957.9 951.74 329.285 667.267 4101.562 1093.903 932.617 1374.969 542.755 -79.803 -6.104 113.22 -29.449 539.856 953.369 202.026 1094.818 768.28 596.161 691.223 1616.516 899.658 -5000 0.458 -17.395 -5.493 -33.569 83.16 448.151 343.781 797.119 1406.86 98.877 -2140.35 899.048 505.981 26.55 16.022 286.102 2546.234 2504.12 2111.511 1732.33 1376.953 1015.167 659.332 -872.192 -16.327 -36.469 101.471 1.678 -337.677 -681 -1017.761 -1360.474 -1698.303 -2035.675 -2375.031 -2695.77 878.448 1392.212 447.083 89.417 5.188 -351.562 -707.245 451 360 504 36.26 33.02 22 8 2408 1 034
4773289 5626 2025/9/28 14:38:47 P15 76.09 32.62 0 10.24 35.03 957.89 951.74 329.895 669.556 4093.323 1098.328 933.533 1372.223 542.45 37.842 -25.787 127.563 -27.924 541.382 951.233 203.552 1095.886 767.212 599.518 691.681 1615.448 900.726 -5000 -6.104 -17.548 1.526 -31.433 84.229 447.235 345.306 800.781 1411.438 102.081 -2140.808 899.811 507.812 15.259 18.158 286.102 2544.708 2503.052 2113.037 1740.112 1387.634 1023.865 671.234 -883.026 -15.564 -32.654 101.624 1.221 -334.32 -677.338 -1015.93 -1355.896 -1694.794 -2031.403 -2364.807 -2686.31 879.822 1394.806 445.709 90.027 2.441 -350.037 -703.125 464 360 502 36.2 32.88 22 8 2408 1 034
4773290 5626 2025/9/28 14:38:48 P15 76.08 32.67 0 10.1 34.99 957.91 951.73 328.827 669.098 4098.358 1100.464 935.211 1378.632 541.84 117.035 -25.33 117.798 -27.771 543.213 958.71 203.247 1097.107 767.059 603.485 693.359 1622.009 902.405 -5000 -0.61 -18.158 24.719 -32.501 89.874 452.423 344.543 801.544 1412.354 102.081 -2141.113 899.811 508.881 20.447 10.986 286.255 2548.218 2503.052 2115.173 1740.875 1381.531 1018.219 660.706 -886.841 -19.073 -16.785 99.182 5.035 -330.658 -675.049 -1011.353 -1355.896 -1694.641 -2032.471 -2370.148 -2692.108 879.822 1396.79 445.862 92.468 2.899 -350.189 -703.278 451 360 500 36.23 32.75 22 8 2408 1 034
4773291 5626 2025/9/28 14:38:49 P15 76.08 32.62 0 10.31 34.97 957.91 951.74 328.979 672.455 4097.443 1105.042 937.042 1380.31 541.534 6.104 -46.387 74.921 -26.855 545.959 957.184 202.789 1098.328 766.907 606.995 693.359 1627.045 903.32 -5000 -5.341 -17.395 2.289 -32.806 92.316 450.134 347.443 805.359 1414.49 95.52 -2140.35 902.863 511.169 21.515 15.106 286.255 2542.114 2503.662 2109.68 1732.33 1376.648 1010.742 658.569 -890.808 -18.158 -23.651 98.877 4.12 -334.167 -678.558 -1017.456 -1365.967 -1703.644 -2039.948 -2374.268 -2695.77 879.974 1400.146 445.557 88.654 2.747 -355.988 -711.365 454 350 498 36.23 32.84 22 8 2408 1 034
4773292 5626 2025/9/28 14:38:50 P15 76.05 32.55 0 10.21 34.9 957.91 951.75 328.522 672.15 4101.41 1105.957 939.331 1374.817 540.924 65.46 -23.041 63.171 -27.618 548.248 955.2 204.773 1098.785 765.686 611.115 694.275 1625.977 905.762 -5000 -20.599 -16.937 57.526 -31.891 94.147 450.745 346.222 805.206 1413.269 103.912 -2140.198 905.609 513.611 22.888 12.36 285.797 2547.455 2503.51 2115.173 1741.943 1385.498 1026.154 670.776 -893.555 -20.905 -12.665 98.419 1.068 -332.642 -677.643 -1013.184 -1356.049 -1694.183 -2030.487 -2366.943 -2687.378 882.263 1401.672 445.709 93.231 2.136 -351.257 -701.752 454 350 498 36.23 32.84 22 8 2408 1 034
4773293 5626 2025/9/28 14:38:51 P15 75.97 32.73 0 10.14 34.84 957.91 951.75 329.285 673.065 4097.595 1109.009 939.331 1377.563 540.314 30.67 -23.346 129.242 -26.55 550.385 958.252 205.231 1096.497 765.991 614.471 694.58 1631.775 904.236 -5000 2.441 -17.09 22.888 -32.806 96.741 449.677 348.969 808.105 1424.408 94.452 -2140.35 905.457 515.594 23.651 16.174 287.018 2542.725 2503.357 2117.157 1747.742 1396.332 1034.088 679.321 -904.388 -17.395 -29.602 101.013 1.678 -333.252 -675.049 -1012.115 -1353.149 -1690.369 -2026.978 -2358.856 -2681.732 880.89 1402.588 445.709 93.536 3.51 -346.832 -701.599 454 350 495 36.26 32.82 22 8 2408 1 034
4773294 5626 2025/9/28 14:38:52 P15 76.04 32.65 0 10.07 34.75 957.88 951.73 328.827 674.744 4091.187 1114.197 940.857 1381.073 540.161 -4.578 9.918 101.166 -26.703 551.758 957.031 206.757 1100.769 765.686 618.744 694.427 1634.216 906.83 -5000 -8.392 -17.7 32.501 -32.501 98.724 449.219 346.375 810.852 1426.392 107.88 -2140.35 908.203 518.646 28.381 11.444 286.713 2546.997 2501.984 2109.68 1734.161 1376.038 1011.658 658.569 -914.612 -17.395 -16.327 99.487 2.594 -335.541 -680.542 -1018.677 -1360.626 -1700.592 -2037.201 -2372.131 -2696.075 882.263 1402.588 448.456 88.806 1.984 -354.004 -707.397 450 350 493 36.19 32.7 22 8 2408 1 034
4773295 5626 2025/9/28 14:38:53 P15 76.04 32.66 0 10.14 34.88 957.91 951.74 328.522 676.27 4095.612 1119.69 940.552 1378.937 539.551 9.155 -35.706 99.182 -27.313 554.504 960.236 205.688 1100.311 764.923 622.101 695.953 1629.486 907.593 -5000 22.583 -18.311 -27.924 -32.349 100.708 453.339 348.053 812.836 1427.155 102.692 -2140.35 909.576 519.562 22.125 10.223 287.323 2549.744 2503.357 2102.509 1733.093 1378.174 1020.66 666.656 -917.053 -19.989 -18.768 99.182 5.798 -334.473 -679.474 -1015.93 -1358.643 -1696.93 -2033.539 -2368.774 -2690.582 883.026 1405.182 446.167 92.926 1.984 -350.189 -702.362 464 350 491 36.23 32.64 22 8 2408 1 034
4773296 5626 2025/9/28 14:38:54 P15 76.13 32.69 0 10.05 34.8 957.88 951.72 328.979 675.354 4095.306 1119.69 943.146 1380.92 539.093 -9.155 -1.831 114.746 -26.55 556.03 956.421 207.214 1103.668 764.771 625.305 695.953 1639.709 908.508 -5000 2.136 -19.226 -48.981 -30.823 103.302 450.745 350.189 816.04 1431.732 98.877 -2141.113 908.356 520.02 25.787 15.869 287.476 2545.624 2501.831 2119.751 1745.911 1395.874 1035.004 678.864 -919.8 -19.684 -22.278 100.403 2.441 -333.405 -675.507 -1012.726 -1353.455 -1689.911 -2027.283 -2361.298 -2682.648 885.468 1408.691 446.32 91.095 3.204 -348.816 -700.226 462 345 489 36.23 32.65 22 8 2408 1 034
4773297 5626 2025/9/28 14:38:55 P15 76.15 32.67 0 10.26 34.78 957.9 951.74 328.522 675.964 4091.644 1119.232 944.519 1380.463 539.246 25.94 -25.635 114.594 -27.161 557.861 953.827 208.588 1102.905 762.177 629.578 696.869 1640.625 909.119 -5000 -16.937 -18.005 -15.717 -31.891 102.844 447.845 347.9 817.413 1435.394 91.4 -2140.656 913.849 524.902 29.144 10.986 286.713 2547.76 2503.204 2115.784 1745.758 1389.313 1030.426 673.523 -930.481 -19.684 -15.869 101.776 2.441 -331.879 -675.201 -1010.284 -1353.149 -1691.895 -2028.351 -2362.671 -2687.225 884.247 1414.642 445.557 93.689 2.899 -348.663 -698.242 451 345 487 36.23 32.62 22 8 2408 1 034
4773298 5626 2025/9/28 14:38:56 P15 76.15 32.62 0 10.26 34.8 957.91 951.74 328.369 677.49 4090.881 1123.505 945.435 1382.446 538.33 -69.122 -22.43 121.46 -26.703 559.998 955.963 207.977 1103.516 763.245 633.85 697.784 1642.761 910.034 -5000 -4.12 -18.311 29.297 -31.433 105.591 449.829 348.969 818.329 1437.988 80.719 -2141.113 914.917 525.055 19.684 15.717 288.086 2547.455 2503.357 2113.19 1739.349 1386.871 1023.102 670.319 -939.178 -20.599 -19.073 98.724 4.883 -333.099 -676.727 -1015.778 -1357.117 -1695.862 -2032.928 -2366.943 -2689.056 884.857 1408.844 447.235 89.569 2.747 -349.579 -704.651 460 340 485 36.24 32.53 22 8 2408 1 034
4773299 5626 2025/9/28 14:38:57 P15 76.04 32.58 0 10.02 34.76 957.9 951.74 326.233 678.406 4102.936 1122.284 944.977 1382.599 538.788 -51.88 -0.916 127.411 -26.855 561.218 959.625 207.062 1104.584 763.397 637.665 698.7 1638.947 910.95 -5000 -6.104 -18.921 -32.959 -31.281 106.812 452.881 350.494 821.686 1437.225 110.016 -2140.503 916.901 524.292 20.752 13.123 285.797 2548.37 2503.357 2120.056 1744.843 1393.89 1032.562 676.422 -947.723 -15.106 -23.346 101.013 3.357 -333.862 -674.744 -1011.963 -1353.455 -1691.895 -2029.114 -2363.586 -2684.937 886.383 1412.048 446.93 90.79 5.493 -346.375 -700.226 461 340 483 36.24 32.56 22 8 2408 1 034
4773300 5626 2025/9/28 14:38:58 P15 76.1 32.74 0 10.12 34.74 957.88 951.75 327.606 679.016 4101.715 1122.742 947.876 1382.599 537.109 -18.005 -35.858 88.501 -26.703 562.897 950.012 210.114 1106.873 763.702 640.564 698.09 1644.135 912.476 -5000 -6.256 -21.667 -3.815 -31.738 108.795 447.998 351.41 822.296 1441.345 90.942 -2140.808 918.274 526.123 13.123 13.733 288.391 2547.913 2502.747 2119.751 1745.911 1393.28 1033.63 675.201 -951.538 -18.921 -25.33 101.929 1.526 -333.557 -673.676 -1010.59 -1352.844 -1689.911 -2026.825 -2362.366 -2685.089 886.993 1414.795 447.083 94.299 3.815 -345.612 -696.869 460 340 480 36.23 32.39 23 8 2408 1 034
4773301 5626 2025/9/28 14:38:59 P15 75.98 32.83 0 10.14 34.77 957.94 951.72 327.606 680.237 4091.492 1130.066 950.012 1386.261 536.957 -36.926 -17.7 128.479 -26.855 565.491 955.811 209.198 1108.398 762.787 643.463 698.853 1650.391 913.086 -5000 -14.038 -18.463 -48.218 -31.586 110.931 450.287 349.731 826.721 1436.462 101.776 -2140.808 919.037 528.717 18.158 9.155 287.628 2547.913 2501.831 2116.241 1738.739 1382.904 1020.966 662.384 -959.015 -18.158 -30.975 101.318 1.068 -333.862 -676.117 -1014.252 -1356.201 -1695.709 -2032.471 -2368.927 -2692.108 887.604 1416.321 447.998 92.163 3.967 -346.832 -702.209 450 335 478 36.24 32.44 23 8 2408 1 034
4773302 5626 2025/9/28 14:39:00 P15 76.01 32.66 0 10.12 34.8 957.88 951.72 327.454 681.152 4095.154 1132.66 949.249 1388.092 536.652 -25.482 -2.441 126.038 -25.177 566.711 956.573 210.724 1108.398 762.177 645.752 699.768 1652.527 914.001 -5000 -18.616 -18.311 21.21 -31.433 115.356 449.524 352.02 827.332 1447.906 97.046 -2141.724 920.563 529.785 11.444 13.275 288.544 2545.471 2502.899 2117.767 1743.011 1390.991 1031.494 675.659 -968.018 -22.888 -12.817 98.267 5.035 -332.947 -675.659 -1012.726 -1355.133 -1692.657 -2028.503 -2363.129 -2684.326 888.977 1417.236 446.93 92.468 3.052 -348.053 -701.752 444 335 476 36.21 32.32 23 8 2408 1 034
4773303 5626 2025/9/28 14:39:01 P15 76.04 32.6 0 10.26 34.72 957.89 951.72 327.454 681.152 4099.121 1132.812 950.775 1388.245 535.889 -82.397 9.766 121.613 -24.261 568.39 953.369 210.571 1108.856 762.024 651.55 700.684 1655.579 914.459 -5000 -16.785 -18.768 -34.332 -31.738 114.136 447.54 352.783 828.247 1449.89 81.482 -2140.35 920.868 531.311 20.142 9.766 287.323 2543.488 2503.052 2117.92 1748.047 1396.027 1033.478 680.389 -972.137 -21.82 -30.365 100.708 4.883 -331.268 -672.607 -1010.742 -1350.708 -1688.385 -2026.215 -2358.704 -2682.953 887.604 1416.016 449.982 94.452 2.441 -345.917 -696.716 459 335 476 36.27 32.41 23 8 2408 1 034
4773304 5626 2025/9/28 14:39:02 P15 75.99 32.67 0 9.97 34.73 957.87 951.73 326.08 681.915 4105.225 1132.965 952.454 1390.228 535.889 35.095 8.392 117.188 -25.33 569.153 957.947 211.945 1109.314 762.177 653.534 700.684 1655.273 916.901 -5000 -15.564 -18.768 -24.719 -32.501 115.051 451.66 354.004 829.926 1451.111 93.842 -2140.503 924.683 531.616 17.242 15.259 288.849 2547.76 2500.763 2117.462 1742.249 1386.719 1025.543 666.199 -981.14 -19.531 -41.504 102.997 4.578 -332.031 -674.133 -1011.81 -1354.218 -1693.268 -2029.877 -2367.401 -2689.972 888.062 1419.22 448.303 94.757 5.798 -347.137 -698.853 459 335 472 36.27 32.41 23 8 2408 1 034
4773305 5626 2025/9/28 14:39:03 P15 75.99 32.62 0 9.97 34.67 957.91 951.73 326.385 683.594 4100.494 1135.254 953.064 1392.67 535.126 -43.793 15.106 108.185 -25.635 571.899 956.879 211.945 1111.45 760.345 658.417 701.904 1655.579 915.68 -5000 -12.054 -17.548 38.757 -32.959 117.798 449.829 353.241 832.52 1452.942 105.591 -2141.418 925.446 535.278 18.158 11.597 288.544 2545.471 2501.373 2116.089 1743.622 1390.839 1027.985 675.201 -984.344 -19.531 -44.098 100.098 3.967 -332.031 -681 -1016.235 -1355.896 -1694.489 -2031.403 -2364.96 -2688.141 888.824 1418.762 447.388 92.163 5.493 -347.29 -701.599 458 335 470 36.24 32.36 24 8 2408 1 034
4773306 5626 2025/9/28 14:39:04 P15 76.05 32.7 0 9.88 34.6 957.9 951.72 328.217 683.746 4103.546 1136.78 953.674 1394.348 534.668 -54.779 24.261 136.414 -26.703 572.968 956.879 213.165 1109.467 760.956 661.163 701.141 1659.393 917.969 -5000 -3.662 -18.768 36.316 -32.501 116.73 450.287 354.156 833.893 1452.637 85.907 -2141.876 926.819 534.973 17.853 16.937 288.086 2545.319 2502.899 2119.141 1748.81 1396.942 1030.884 678.711 -989.838 -19.989 -33.722 102.692 5.646 -330.505 -672.76 -1010.742 -1351.624 -1689.453 -2026.367 -2358.551 -2682.953 885.925 1421.509 447.693 93.842 3.967 -344.696 -696.106 458 330 468 36.24 32.25 24 8 2408 1 034
4773307 5626 2025/9/28 14:39:05 P15 75.91 32.59 0 10.14 34.68 957.92 951.73 326.233 683.136 4104.156 1139.374 954.742 1394.806 534.668 88.196 -31.281 134.735 -25.482 575.714 958.71 213.318 1113.129 760.498 665.131 700.989 1660.919 918.732 -5000 -3.815 -18.616 -2.289 -33.112 118.866 449.524 354.919 835.876 1456.757 98.877 -2142.487 928.192 536.346 16.937 17.7 288.849 2545.929 2503.204 2115.936 1745.911 1392.822 1027.832 671.539 -993.5 -21.21 -21.82 100.708 3.357 -334.473 -676.575 -1014.252 -1355.286 -1694.489 -2030.64 -2366.486 -2690.277 890.045 1422.272 446.777 93.231 4.425 -348.663 -699.615 445 325 466 36.23 32.2 24 8 2408 1 034
4773308 5626 2025/9/28 14:39:06 P15 75.93 32.59 0 10.19 34.51 962.53 951.75 326.691 685.272 4097.748 1140.747 955.658 1392.059 534.058 -18.768 -38.91 132.141 -25.177 576.172 958.862 213.928 1114.655 759.43 668.182 703.278 1662.292 919.189 -5000 -18.921 -18.768 -2.136 -30.365 120.087 453.339 354.614 840.149 1458.588 111.847 -2142.487 926.056 537.72 22.43 16.174 288.849 2549.133 2502.441 2109.68 1732.483 1374.664 1008.301 652.771 -1001.74 -18.768 -18.768 102.234 1.221 -335.541 -677.185 -1017.151 -1358.337 -1697.998 -2036.133 -2372.284 -2694.244 891.876 1427.002 446.777 91.4 4.272 -350.494 -705.414 460 325 464 36.28 32.17 24 8 2408 1 034
4773309 5626 2025/9/28 14:39:07 P15 76.05 32.62 0 10.08 34.66 962.55 951.72 325.623 684.814 4101.715 1141.968 956.116 1395.416 533.752 28.076 -0.763 124.207 -25.33 577.393 958.557 214.081 1115.723 759.888 671.692 703.125 1663.513 918.427 -5000 -3.662 -18.616 16.632 -32.043 119.934 450.287 356.14 840.302 1464.539 100.403 -2142.029 926.819 539.856 20.599 9.46 289.917 2544.403 2502.899 2120.972 1747.131 1396.484 1038.971 681 -1009.521 -22.278 -21.362 101.624 4.73 -333.252 -673.828 -1010.742 -1352.844 -1689.758 -2026.52 -2360.84 -2682.495 891.113 1424.866 447.235 94.757 3.51 -345.154 -697.937 444 325 462 36.24 32.12 24 8 2408 1 034
4773310 5626 2025/9/28 14:39:08 P15 76.1 32.6 0 10.12 34.69 962.55 951.75 327.148 686.798 4097.443 1145.935 957.031 1395.264 533.905 -126.495 -12.512 115.662 -25.33 579.987 955.505 213.318 1114.044 760.04 674.896 703.888 1667.023 919.647 -5000 -14.343 -19.073 4.425 -32.349 120.697 450.287 356.598 841.37 1466.217 85.144 -2142.792 930.786 541.077 17.853 9.918 289.917 2543.945 2501.526 2117.615 1743.164 1389.313 1030.579 672.607 -1014.709 -22.736 -21.362 99.182 6.256 -329.437 -673.676 -1010.742 -1353.607 -1691.742 -2028.351 -2365.417 -2687.836 890.961 1425.781 447.998 94.299 5.493 -347.29 -697.327 456 325 460 36.21 32.11 24 8 2408 1 034
4773311 5626 2025/9/28 14:39:09 P15 75.95 32.71 0 10.12 34.5 962.55 951.75 325.47 685.883 4095.306 1148.376 958.557 1396.79 532.837 116.577 -13.428 137.787 -24.414 581.055 958.71 214.081 1115.57 758.514 678.864 704.346 1669.006 923.157 -5000 -7.477 -19.684 -32.806 -32.349 121.46 450.897 355.682 842.743 1468.658 86.06 -2142.334 931.244 542.297 19.531 13.58 289.612 2549.133 2502.441 2112.579 1739.655 1379.395 1015.778 662.994 -1016.083 -22.736 -41.504 101.624 2.594 -333.405 -677.338 -1015.015 -1358.337 -1697.693 -2034.149 -2370.148 -2693.939 893.555 1429.901 444.489 92.163 5.188 -350.952 -705.414 431 330 458 36.23 32.11 24 8 2408 1 034
4773312 5626 2025/9/28 14:39:10 P15 75.92 32.71 0 10.1 34.5 962.53 951.76 325.165 686.951 4096.375 1150.208 959.015 1397.858 532.074 18.311 -14.954 101.471 -25.024 583.038 958.557 215.454 1115.57 759.277 681.152 704.346 1669.769 922.241 -5000 -4.73 -19.379 -7.935 -32.196 122.07 452.271 355.988 845.642 1469.574 78.278 -2142.944 934.296 544.586 21.82 12.97 288.696 2549.744 2502.289 2109.07 1733.704 1377.716 1013.031 660.553 -1021.118 -24.261 -20.905 100.098 3.815 -333.862 -678.101 -1017.761 -1359.253 -1698.914 -2036.438 -2372.589 -2694.397 893.25 1431.122 446.167 89.722 2.594 -353.546 -708.618 456 330 455 36.26 32.02 24 8 2408 1 034
4773313 5626 2025/9/28 14:39:11 P15 75.98 32.65 0 10.02 34.6 962.53 951.74 325.317 687.103 4103.394 1149.902 959.625 1399.078 531.921 -80.566 4.578 102.539 -25.94 584.412 957.794 218.811 1118.317 758.057 685.12 704.651 1670.227 922.089 -5000 -9.003 -19.226 0.458 -32.349 121.155 449.219 357.361 846.1 1473.541 81.024 -2142.639 934.296 545.044 18.311 11.444 290.07 2546.997 2503.357 2117.157 1747.131 1391.754 1031.494 675.507 -1027.985 -21.057 -21.82 101.013 3.204 -332.184 -674.438 -1010.59 -1352.234 -1691.284 -2026.52 -2361.145 -2686.005 893.707 1430.054 447.998 94.299 5.646 -345.459 -696.716 456 330 455 36.26 32.02 24 8 2408 1 034
4773314 5626 2025/9/28 14:39:12 P15 76.02 32.69 0 10.12 34.58 962.54 951.73 325.775 688.019 4096.069 1156.311 960.999 1398.926 531.464 -91.4 -10.071 131.378 -24.567 586.09 955.658 215.912 1118.317 757.751 688.019 705.261 1677.399 924.377 -5000 -7.477 -18.311 35.553 -31.128 121.002 450.745 358.887 849.457 1475.372 95.215 -2142.334 936.584 547.028 26.093 14.801 289.764 2544.708 2503.052 2113.953 1741.486 1386.261 1020.203 664.368 -1032.562 -22.736 0.305 99.945 2.594 -332.947 -675.659 -1014.709 -1356.506 -1696.777 -2033.539 -2369.537 -2693.176 893.097 1431.58 446.472 91.705 2.289 -350.189 -704.803 446 330 452 36.23 31.95 24 8 2408 1 034
4773315 5626 2025/9/28 14:39:13 P15 75.95 32.63 0 9.98 34.47 962.53 951.76 325.47 687.561 4103.699 1153.87 962.219 1394.501 530.701 29.144 5.798 93.384 -25.787 587.006 955.811 216.827 1119.232 757.141 692.139 705.719 1678.314 925.446 -5000 0 -19.226 32.349 -32.043 121.307 450.439 358.276 850.22 1473.999 124.054 -2142.944 938.721 547.485 19.989 15.869 289.612 2545.471 2501.221 2108.307 1731.567 1376.953 1011.047 658.112 -1038.055 -25.33 -4.578 102.844 6.561 -332.794 -677.795 -1016.998 -1358.49 -1697.083 -2035.828 -2371.826 -2693.787 894.47 1433.258 447.388 89.569 1.526 -352.02 -709.534 443 325 450 36.27 31.99 25 8 2408 1 034
4773316 5626 2025/9/28 14:39:14 P15 75.99 32.66 0 9.98 34.55 962.52 951.73 325.623 688.629 4099.274 1156.769 962.067 1400.909 530.548 89.264 26.55 127.258 -23.956 589.142 957.031 217.438 1119.995 757.599 693.97 706.329 1680.603 924.072 -5000 -11.444 -19.531 23.499 -32.349 121.765 451.355 360.26 852.661 1474.609 106.049 -2142.792 937.958 548.706 20.294 18.616 290.222 2542.419 2502.594 2113.8 1739.502 1387.177 1025.085 671.234 -1045.99 -21.973 -23.651 101.013 4.425 -333.099 -675.964 -1014.557 -1355.438 -1693.573 -2030.334 -2363.739 -2686.157 893.86 1432.953 447.388 91.095 3.967 -347.595 -702.515 454 330 449 36.27 31.94 25 8 2408 1 034
4773317 5626 2025/9/28 14:39:15 P15 76.01 32.71 0 10.02 34.41 962.52 951.76 325.47 689.087 4105.682 1156.769 963.898 1402.893 529.938 10.529 -35.248 112.61 -23.651 590.363 959.32 217.59 1118.774 756.836 697.937 706.787 1681.671 926.056 -5000 2.899 -19.531 -56.915 -31.128 122.375 452.271 358.582 852.509 1476.746 110.474 -2142.944 940.704 548.859 19.684 20.905 290.07 2546.234 2502.594 2115.936 1739.349 1385.498 1022.034 661.926 -1056.976 -23.346 -27.313 101.318 5.646 -333.557 -675.354 -1013.184 -1355.438 -1694.794 -2032.318 -2369.69 -2691.193 893.097 1435.089 448.608 94.299 3.967 -346.68 -701.904 439 330 448 36.21 32 25 8 2408 1 034
4773318 5626 2025/9/28 14:39:16 P15 75.92 32.7 0 9.98 34.41 962.55 951.73 325.47 689.24 4098.969 1161.957 963.745 1402.588 529.938 -56.763 -15.717 122.07 -23.804 591.278 958.557 216.217 1116.943 756.989 701.294 707.397 1684.418 925.293 -5000 -10.681 -19.379 -74.158 -32.196 122.986 450.134 360.87 854.492 1484.07 105.591 -2143.402 939.941 551.3 17.853 28.076 290.375 2542.572 2502.594 2108.765 1731.873 1376.495 1009.827 656.433 -1062.775 -21.973 -35.095 102.234 3.967 -335.236 -679.321 -1018.829 -1360.321 -1699.219 -2037.964 -2374.115 -2696.075 896.912 1439.972 447.54 85.602 5.798 -353.699 -709.839 454 330 447 36.26 31.94 25 8 2408 1 034
4773319 5626 2025/9/28 14:39:17 P15 75.84 32.71 0 9.95 34.46 962.5 951.75 324.707 689.545 4102.631 1159.821 965.271 1404.114 529.327 4.883 -6.714 116.425 -26.093 592.041 951.08 216.98 1121.979 756.226 704.041 706.635 1684.57 927.124 -5000 -28.687 -18.768 27.771 -32.959 121.765 447.998 360.718 856.018 1480.56 101.624 -2142.944 942.078 551.3 23.041 23.499 290.527 2543.64 2503.815 2115.479 1744.843 1387.787 1026.917 672.913 -1067.81 -23.499 -49.286 102.234 0.61 -335.083 -679.474 -1015.167 -1356.812 -1696.014 -2032.166 -2366.486 -2689.056 897.369 1441.193 448.303 93.384 3.967 -350.189 -702.209 453 325 445 36.27 31.79 25 8 2408 1 034
4773320 5626 2025/9/28 14:39:18 P15 75.95 32.59 0 10 34.44 962.55 951.74 325.012 689.24 4100.494 1163.94 965.881 1401.978 529.327 -20.142 4.73 107.269 -24.414 593.719 956.421 218.048 1121.674 753.632 706.94 708.618 1689.453 927.429 -5000 -3.204 -19.226 25.33 -32.654 121.765 451.66 360.87 859.07 1483.765 91.553 -2142.944 943.146 553.589 21.057 18.311 290.222 2541.809 2501.373 2116.394 1742.249 1384.125 1021.729 665.741 -1065.826 -23.499 -29.602 99.945 3.51 -333.099 -677.795 -1015.015 -1359.253 -1699.524 -2036.896 -2373.505 -2696.381 896.454 1440.887 446.472 93.689 2.441 -349.426 -702.057 453 325 443 36.27 31.81 26 8 2408 1 034
4773321 5626 2025/9/28 14:39:19 P15 75.86 32.71 0 9.95 34.43 962.53 951.73 324.249 689.697 4103.394 1164.551 966.492 1406.403 528.259 20.447 -25.33 89.417 -25.177 594.635 957.336 217.59 1123.199 754.852 710.754 709.229 1685.181 927.734 -5000 -19.531 -19.531 62.714 -32.806 119.934 450.897 360.718 858.917 1488.495 99.64 -2142.639 944.977 556.335 20.905 21.973 290.222 2545.929 2501.831 2109.07 1732.941 1378.326 1011.81 658.264 -1070.862 -27.466 -31.128 101.471 3.967 -334.93 -679.321 -1019.592 -1360.779 -1699.524 -2038.269 -2374.115 -2696.075 896.454 1439.819 447.235 90.027 5.341 -351.257 -708.313 422 330 442 36.21 31.82 26 8 2408 1 034
4773322 5626 2025/9/28 14:39:20 P15 75.98 32.63 0 9.98 34.24 962.55 951.73 325.012 690.918 4100.189 1167.45 966.187 1405.487 527.954 24.414 -55.542 109.558 -23.804 596.466 958.71 217.896 1123.199 754.852 713.043 709.076 1692.047 928.192 -5000 -5.646 -20.142 26.55 -31.281 121.46 451.813 361.328 860.901 1491.089 118.866 -2142.792 941.772 554.962 22.583 16.632 291.901 2542.725 2501.831 2117.92 1741.333 1396.484 1029.358 670.929 -1074.524 -27.313 -21.21 100.098 5.188 -334.625 -678.101 -1015.167 -1357.727 -1696.014 -2033.081 -2368.164 -2688.446 901.031 1443.634 447.235 88.043 1.678 -349.426 -704.803 453 325 441 36.26 31.76 26 8 2408 1 034
4773323 5626 2025/9/28 14:39:21 P15 75.98 32.73 0 9.98 34.46 962.54 951.73 325.47 691.071 4095.917 1169.739 968.323 1401.215 527.954 88.959 -19.379 105.591 -25.635 596.771 950.165 218.658 1123.657 755.005 716.248 708.771 1694.946 930.176 -5000 -3.052 -18.311 27.618 -31.891 122.223 449.219 361.786 863.342 1493.073 94.757 -2142.944 946.96 557.251 15.869 16.479 291.443 2544.25 2503.204 2119.904 1750.336 1396.027 1037.598 681.915 -1082.306 -24.719 -34.332 101.166 5.341 -331.268 -673.523 -1009.216 -1351.318 -1689.606 -2025.909 -2360.077 -2682.495 895.386 1441.803 447.083 94.604 1.984 -345.917 -695.953 442 325 439 36.24 31.8 26 8 2408 1 034
4773324 5626 2025/9/28 14:39:22 P15 75.92 32.7 0 10.14 34.42 962.54 951.75 323.792 690.002 4104.919 1167.908 968.018 1407.928 527.191 -35.095 -34.027 90.942 -26.093 598.602 955.2 219.879 1124.725 754.089 719.604 709.991 1693.268 930.939 -5000 -1.831 -20.142 36.926 -32.959 119.934 449.371 362.701 863.342 1492.615 104.065 -2139.893 948.334 557.709 26.093 20.599 291.443 2545.624 2501.221 2110.291 1735.077 1380.005 1014.709 660.858 -1082.458 -23.499 -46.692 103.455 3.662 -336.456 -680.389 -1019.135 -1360.168 -1698.608 -2037.048 -2372.284 -2694.244 900.879 1445.77 447.693 89.874 4.425 -350.647 -707.703 452 325 439 36.26 31.81 27 8 2408 1 034
4773325 5626 2025/9/28 14:39:23 P15 75.92 32.7 0 10.03 34.48 962.54 951.75 323.944 691.528 4107.056 1170.197 968.781 1407.013 526.733 -3.357 -12.665 107.727 -24.872 598.602 959.625 220.184 1124.573 754.242 722.504 710.144 1696.014 931.549 -5000 -11.292 -19.073 -68.665 -32.501 116.425 453.186 363.007 865.479 1492.615 112.61 -2142.334 949.86 558.014 24.109 14.191 290.985 2546.539 2502.441 2115.631 1740.265 1389.16 1027.985 671.082 -1088.409 -24.261 -42.877 102.692 4.425 -334.778 -677.185 -1014.252 -1356.354 -1694.031 -2032.013 -2366.791 -2688.293 899.658 1447.449 447.998 92.316 6.256 -349.121 -703.43 452 320 437 36.26 31.81 27 8 2408 1 034
4773326 5626 2025/9/28 14:39:24 P15 75.95 32.7 0 10.07 34.32 962.53 951.73 324.402 691.071 4105.988 1173.096 969.849 1405.182 526.276 2.441 -15.869 113.983 -26.398 599.823 957.489 219.879 1122.894 754.242 725.555 710.907 1695.557 932.159 -5000 -4.425 -19.073 -1.221 -32.043 119.171 453.339 362.549 866.394 1499.481 102.844 -2143.25 950.47 559.692 26.55 16.479 290.833 2547.607 2503.662 2120.514 1749.725 1394.501 1035.156 679.016 -1095.428 -22.736 -19.531 102.539 3.51 -332.489 -674.286 -1009.369 -1352.234 -1690.674 -2027.13 -2360.992 -2685.699 899.353 1445.618 448.608 95.825 4.578 -346.527 -696.564 451 325 435 36.26 31.67 27 8 2408 1 034
4773327 5626 2025/9/28 14:39:25 P15 75.88 32.63 0 9.87 34.37 962.53 951.76 322.723 691.681 4104.004 1174.927 970.459 1406.555 526.123 0.458 -13.275 119.781 -26.55 601.349 958.099 220.337 1126.862 753.326 728.302 711.517 1699.524 933.533 -5000 -12.36 -18.921 -12.817 -32.959 119.171 449.982 363.464 867.92 1496.582 102.234 -2143.097 951.538 561.066 25.787 12.817 291.443 2545.929 2503.204 2114.105 1742.859 1387.329 1022.186 666.199 -1104.431 -26.855 -20.599 101.929 5.493 -330.353 -673.828 -1013.031 -1355.286 -1694.183 -2032.318 -2366.333 -2691.956 900.879 1446.075 447.998 92.926 3.204 -349.121 -702.057 451 320 433 36.24 31.64 27 8 2408 1 034
4773328 5626 2025/9/28 14:39:26 P15 75.85 32.62 0 9.86 34.42 962.54 951.73 323.334 690.613 4104.614 1173.248 971.222 1403.961 525.97 -176.849 7.324 108.948 -26.855 602.57 956.879 220.032 1125.946 752.106 732.117 712.128 1690.979 933.075 -5000 -13.123 -20.294 -56.152 -31.891 118.256 453.644 363.617 869.446 1501.77 68.512 -2142.944 952.148 562.592 19.989 13.123 291.595 2547.76 2503.662 2117.767 1746.826 1392.517 1032.715 677.032 -1102.905 -23.346 -20.294 102.386 4.425 -339.05 -682.22 -1017.456 -1358.643 -1696.014 -2030.945 -2365.417 -2686.768 899.811 1448.669 448.303 93.689 4.578 -347.9 -698.7 438 320 431 36.27 31.73 27 8 2408 1 034
4773329 5626 2025/9/28 14:39:27 P15 75.81 32.62 0 10.02 34.37 962.54 951.73 323.944 691.223 4105.377 1177.979 971.985 1406.097 524.75 58.441 12.207 110.016 -24.414 603.638 959.625 221.252 1126.862 751.953 733.795 712.28 1700.745 933.075 -5000 -21.973 -20.752 -68.512 -31.281 120.544 454.102 364.99 871.582 1502.991 90.942 -2142.639 953.827 562.897 22.278 10.071 289.307 2548.676 2503.357 2117.004 1746.826 1392.975 1030.121 673.981 -1105.652 -25.33 -2.289 102.081 4.272 -331.879 -674.438 -1012.573 -1353.912 -1692.352 -2029.877 -2363.129 -2687.531 901.337 1451.721 447.388 94.604 2.594 -348.663 -699.31 450 320 430 36.27 31.65 27 8 2408 1 034
4773330 5626 2025/9/28 14:39:28 P15 75.86 32.56 0 9.97 34.23 962.55 951.75 323.639 691.223 4102.325 1178.436 972.443 1412.201 525.513 1.373 -1.526 131.683 -26.55 605.469 955.811 221.405 1127.319 752.563 737.305 711.975 1703.796 932.77 -5000 -12.665 -20.142 50.659 -33.417 115.967 451.508 364.227 871.429 1500.244 116.882 -2142.792 953.522 565.186 18.158 14.191 292.358 2544.556 2501.831 2113.647 1735.382 1378.326 1016.083 658.569 -1106.873 -26.55 -15.717 101.471 5.188 -334.167 -677.795 -1014.709 -1358.032 -1696.167 -2034.302 -2371.674 -2693.939 900.574 1451.416 448.151 92.621 2.747 -351.715 -706.482 438 320 428 36.24 31.62 27 8 2408 1 034
4773331 5626 2025/9/28 14:39:29 P15 75.82 32.7 0 10.07 34.3 962.53 951.74 323.639 691.986 4108.124 1180.878 972.748 1406.403 525.208 -14.343 -16.632 117.035 -25.33 605.927 958.405 220.947 1127.625 750.275 739.594 713.196 1706.085 935.822 -5000 -14.038 -20.447 37.994 -32.501 117.035 454.254 364.685 873.718 1506.348 107.88 -2142.181 955.353 567.017 18.616 15.259 292.358 2546.997 2502.136 2113.19 1738.434 1385.193 1019.592 665.741 -1114.96 -28.687 -14.343 100.403 5.493 -331.421 -669.098 -1014.099 -1357.422 -1695.862 -2040.1 -2370.453 -2690.125 901.642 1451.111 449.066 91.095 2.747 -350.342 -706.329 430 320 427 36.26 31.56 28 8 2408 1 034
4773332 5626 2025/9/28 14:39:30 P15 75.93 32.74 0 9.93 34.21 962.52 951.73 323.334 692.291 4104.004 1181.946 973.816 1406.86 524.445 -62.866 -15.411 105.438 -26.703 606.842 955.658 221.1 1130.066 749.512 742.34 713.501 1706.543 935.516 -5000 -7.172 -19.836 31.433 -32.043 115.356 452.728 364.99 874.786 1507.263 82.55 -2143.555 956.421 567.017 13.123 11.749 291.748 2546.082 2503.51 2116.394 1744.995 1390.381 1025.696 669.861 -1118.011 -26.093 2.441 102.844 6.409 -330.811 -675.049 -1013.336 -1355.286 -1694.031 -2031.25 -2366.486 -2691.498 903.473 1451.874 448.303 95.215 1.068 -348.816 -701.447 437 320 425 36.2 31.49 28 8 2408 1 034
4773333 5626 2025/9/28 14:39:31 P15 75.86 32.7 0 10 34.28 962.55 951.73 323.639 690.613 4101.868 1183.624 974.884 1413.269 523.682 97.046 -8.24 131.378 -27.008 608.215 957.184 220.947 1130.371 750.732 745.392 713.501 1706.39 933.99 -5000 -6.409 -19.836 -25.177 -32.654 117.798 449.524 365.295 877.228 1507.874 88.806 -2143.25 953.522 569.153 16.785 12.36 294.189 2543.64 2501.221 2109.07 1734.924 1376.648 1011.353 657.043 -1125.031 -25.33 -7.019 103.76 1.373 -338.135 -681.763 -1020.203 -1359.253 -1700.134 -2039.032 -2375.641 -2698.212 903.32 1455.383 446.472 92.01 5.188 -355.53 -710.449 452 320 424 36.2 31.51 28 8 2408 1 034
4773334 5626 2025/9/28 14:39:32 P15 75.79 32.63 0 10.05 34.22 962.55 951.72 323.792 691.071 4100.342 1184.235 974.579 1412.811 523.224 -29.602 -5.798 145.111 -25.635 608.673 955.811 221.558 1130.981 750.58 747.833 713.654 1711.578 935.059 -5000 -1.678 -20.294 -2.289 -32.806 115.662 451.66 366.211 880.28 1507.721 100.098 -2142.944 957.642 568.542 17.548 15.106 291.138 2541.351 2502.899 2113.647 1741.333 1387.482 1024.78 670.776 -1130.371 -24.567 -21.057 102.844 1.984 -335.693 -679.321 -1017.609 -1357.422 -1696.472 -2033.844 -2366.638 -2689.362 903.473 1455.688 447.693 90.027 5.035 -348.663 -702.972 450 315 422 36.26 31.56 28 8 2408 1 034
4773335 5626 2025/9/28 14:39:33 P15 75.97 32.65 0 9.93 34.31 962.55 951.72 322.876 690.765 4100.8 1187.439 976.105 1413.269 522.766 25.635 -14.191 115.051 -26.703 609.589 955.658 221.558 1131.744 749.969 750.58 714.874 1713.867 935.364 -5000 0.153 -19.684 13.275 -31.891 114.594 451.813 366.516 880.28 1509.705 101.929 -2142.639 958.405 570.068 21.973 9.918 292.206 2541.199 2502.136 2116.089 1742.249 1380.768 1018.524 663.452 -1138.153 -23.651 -12.36 103.455 2.289 -335.693 -678.864 -1016.846 -1359.253 -1697.998 -2035.828 -2373.047 -2695.465 903.168 1457.062 447.998 92.926 1.984 -350.189 -701.904 450 315 422 36.23 31.44 29 8 2408 1 034
4773336 5626 2025/9/28 14:39:34 P15 75.84 32.65 0 9.95 34.31 962.51 951.73 321.808 691.528 4105.682 1187.286 975.647 1414.185 523.071 -37.537 -6.561 125.732 -27.161 610.809 958.405 221.405 1131.744 749.664 754.242 716.553 1712.952 936.89 -5000 -10.529 -19.684 25.024 -31.586 112.457 451.05 365.906 880.28 1512.299 112.305 -2143.25 958.405 570.831 27.924 13.428 292.511 2546.082 2503.052 2113.037 1735.229 1381.073 1018.677 662.079 -1141.663 -24.567 9.46 104.675 3.967 -334.015 -677.948 -1016.083 -1358.49 -1697.998 -2035.522 -2372.284 -2693.634 903.015 1454.315 447.998 89.569 4.883 -351.257 -708.313 449 320 422 36.23 31.44 29 8 2408 1 034
4773337 5626 2025/9/28 14:39:35 P15 75.81 32.69 0 9.88 34.29 962.53 951.74 322.418 690.155 4101.257 1189.575 976.41 1413.879 522.156 86.06 -9.918 84.686 -26.55 612.335 958.252 221.71 1131.897 749.054 755.92 715.485 1711.426 936.584 -5000 -18.158 -21.21 -29.144 -33.112 113.678 451.66 367.126 881.5 1515.35 76.447 -2143.86 959.473 573.425 31.128 19.836 292.053 2545.166 2505.493 2117.767 1742.706 1389.923 1030.121 673.828 -1154.48 -27.313 1.221 100.708 6.866 -333.252 -675.354 -1012.421 -1354.675 -1692.2 -2028.351 -2364.807 -2685.394 905.914 1459.351 448.914 93.842 3.052 -347.29 -701.752 448 315 421 36.24 31.49 29 8 2408 1 034
4773338 5626 2025/9/28 14:39:36 P15 75.85 32.59 0 9.83 34.21 962.53 951.76 323.792 690.002 4100.189 1189.88 976.257 1413.879 521.698 -9.155 11.444 118.713 -26.703 613.098 953.369 222.931 1132.05 749.054 758.972 716.4 1717.834 936.584 -5000 -16.022 -21.21 -29.602 -32.806 112.305 449.677 367.584 883.484 1514.435 118.103 -2143.707 960.388 572.968 23.499 9.918 292.664 2541.809 2503.052 2116.699 1746.979 1396.484 1034.088 680.542 -1148.376 -28.992 -5.341 101.776 4.425 -332.031 -673.676 -1013.794 -1352.844 -1689.453 -2026.367 -2359.161 -2683.105 904.388 1458.13 447.235 93.994 0.61 -347.443 -699.005 436 315 421 36.21 31.44 29 8 2408 1 034
4773339 5626 2025/9/28 14:39:37 P15 75.84 32.53 0 10.02 34.23 962.54 951.75 322.876 691.681 4101.562 1192.474 977.173 1412.659 521.24 -171.356 -22.888 108.032 -26.398 613.403 959.473 222.626 1132.812 747.681 761.719 716.705 1718.445 938.263 -5000 -21.667 -21.057 -2.136 -31.891 110.016 451.965 366.516 884.705 1517.487 102.386 -2143.25 961.151 573.578 19.226 3.662 292.969 2548.218 2502.289 2116.394 1737.823 1384.888 1022.644 666.809 -1153.564 -26.703 -8.545 103.76 1.831 -337.372 -679.779 -1017.151 -1358.643 -1696.167 -2032.928 -2368.622 -2689.819 905.151 1457.825 447.845 92.773 6.104 -348.969 -704.651 448 315 421 36.23 31.43 29 8 2408 1 034
4773340 5626 2025/9/28 14:39:38 P15 75.85 32.65 0 9.81 34.16 962.51 951.74 322.266 689.24 4101.715 1193.237 977.783 1414.032 521.088 -26.703 -27.466 97.351 -27.466 615.082 957.031 223.694 1133.728 747.375 764.313 717.01 1716.309 937.195 -5000 -13.733 -21.362 -20.752 -32.196 108.795 451.965 368.195 885.315 1519.928 95.52 -2143.555 960.693 576.477 19.073 11.902 292.969 2546.387 2501.984 2117.462 1748.81 1393.28 1033.936 679.626 -1156.311 -25.177 -8.392 104.523 2.136 -334.473 -677.032 -1013.641 -1353.76 -1691.895 -2027.435 -2360.535 -2684.174 905.609 1460.876 447.388 93.842 5.798 -346.832 -697.632 433 310 420 36.24 31.31 29 8 2408 1 034
4773341 5626 2025/9/28 14:39:39 P15 75.84 32.7 0 9.95 34.21 962.53 951.76 321.503 691.071 4102.631 1194.458 978.394 1414.642 520.935 48.981 -33.264 87.128 -26.245 615.387 955.2 223.541 1133.423 747.528 767.67 717.926 1720.276 939.331 -5000 -15.106 -21.973 -10.681 -32.501 109.711 451.965 366.974 886.993 1520.996 99.182 -2143.25 962.677 576.477 16.632 13.58 292.664 2548.218 2502.441 2119.751 1747.131 1397.247 1035.156 675.659 -1162.415 -25.94 3.815 101.471 4.272 -331.573 -672.607 -1009.979 -1352.692 -1691.132 -2027.588 -2363.586 -2685.852 906.677 1459.503 448.761 95.978 6.256 -344.849 -695.343 447 315 420 36.26 31.4 29 8 2408 1 034
4773342 5626 2025/9/28 14:39:40 P15 75.79 32.62 0 9.83 34.14 962.55 951.73 321.503 690.918 4097.29 1198.12 979.004 1416.321 520.63 202.332 23.193 95.825 -25.94 615.845 958.557 224.457 1133.575 747.07 769.958 719.604 1721.344 939.484 -5000 -2.441 -20.447 -25.635 -32.043 106.964 452.728 367.584 888.214 1524.963 103.912 -2144.165 963.593 577.545 17.7 17.7 292.816 2549.438 2502.441 2115.479 1741.028 1382.751 1017.456 660.858 -1162.415 -25.024 0.61 104.98 3.052 -334.473 -677.338 -1015.015 -1357.269 -1696.625 -2033.691 -2370.758 -2693.176 906.372 1462.86 447.54 93.231 4.425 -349.426 -701.752 434 315 419 36.26 31.32 29 8 2408 1 034
4773343 5626 2025/9/28 14:39:41 P15 75.85 32.63 0 10 34.09 962.54 951.76 321.655 688.782 4102.936 1195.984 979.462 1415.71 520.325 -96.283 -19.073 115.204 -27.161 617.676 953.979 223.389 1134.796 746.613 772.858 717.773 1723.48 938.721 -5000 -7.629 -20.905 43.488 -33.112 106.354 450.287 366.974 888.824 1521.606 103.149 -2143.707 965.271 577.24 22.888 17.09 292.969 2543.182 2503.51 2118.835 1746.368 1396.027 1034.393 678.558 -1163.635 -24.109 -18.311 102.997 0.61 -336.304 -677.948 -1013.794 -1354.523 -1691.589 -2028.046 -2362.061 -2684.326 906.83 1465.454 447.235 93.994 2.289 -346.985 -698.395 450 310 418 36.2 31.29 30 8 2408 1 034
4773344 5626 2025/9/28 14:39:42 P15 75.72 32.7 0 9.86 34.09 962.52 951.75 321.045 690.46 4106.14 1199.951 980.225 1417.542 519.714 -57.678 8.24 118.713 -28.381 618.134 957.947 223.236 1132.66 746.765 774.689 719.757 1723.785 941.162 -5000 -7.324 -21.82 42.114 -33.264 105.743 450.745 368.958 890.045 1524.2 79.803 -2143.86 966.644 578.918 20.294 18.311 293.732 2545.319 2501.373 2117.157 1745.453 1393.585 1031.342 673.065 -1178.131 -25.94 -17.548 104.523 2.136 -331.726 -674.438 -1013.947 -1354.828 -1693.268 -2031.097 -2365.417 -2689.056 909.576 1464.691 446.625 92.926 3.357 -346.68 -698.547 434 310 417 36.26 31.33 30 8 2408 1 034
4773345 5626 2025/9/28 14:39:43 P15 75.82 32.65 0 10.05 34.09 962.54 951.73 321.045 688.477 4103.699 1200.409 981.14 1418.762 519.562 -55.695 1.984 117.188 -29.602 619.659 958.405 224.152 1135.712 745.697 777.13 719.757 1723.022 940.247 -5000 -3.052 -21.973 15.259 -32.654 104.065 451.813 369.568 890.961 1528.473 98.419 -2143.86 964.966 580.139 23.193 9.308 292.969 2547.15 2503.967 2115.784 1736.908 1381.989 1017.303 660.248 -1192.474 -25.635 0 102.844 5.646 -333.862 -676.117 -1015.472 -1358.185 -1697.083 -2035.065 -2371.979 -2695.618 904.846 1464.844 449.219 92.316 4.578 -350.037 -706.329 446 310 417 36.27 31.18 30 8 2408 1 034
4773346 5626 2025/9/28 14:39:44 P15 75.74 32.65 0 9.88 34.21 962.55 951.74 321.35 688.171 4103.394 1202.24 980.835 1418.152 519.867 -78.125 -32.196 116.73 -28.687 619.812 955.811 223.541 1136.169 744.171 779.724 718.384 1726.685 939.941 -5000 -4.578 -21.057 -58.594 -33.417 103.455 450.287 368.958 893.402 1526.337 106.201 -2142.639 967.712 581.207 16.022 20.294 292.816 2543.64 2501.678 2112.579 1739.349 1382.294 1020.813 667.725 -1190.491 -27.466 -23.651 102.539 3.967 -335.541 -681.152 -1018.524 -1360.779 -1700.134 -2037.048 -2372.284 -2695.465 908.813 1467.743 447.693 90.179 3.052 -353.394 -706.177 446 310 416 36.27 31.18 30 8 2408 1 034
4773347 5626 2025/9/28 14:39:45 P15 75.74 32.63 0 9.88 34.16 962.55 951.74 320.587 689.545 4103.088 1203.613 981.445 1416.473 518.799 -0.153 -31.281 112.457 -26.093 620.728 958.862 223.541 1135.864 745.392 781.86 720.215 1728.21 942.383 -5000 -8.545 -20.294 -7.172 -32.349 105.133 453.186 370.483 893.86 1532.288 114.136 -2143.555 967.102 581.207 18.005 21.057 293.427 2548.828 2502.441 2115.479 1743.774 1387.939 1026.306 669.403 -1196.442 -27.771 -32.349 102.234 1.526 -330.2 -673.37 -1009.827 -1353.455 -1693.42 -2030.334 -2365.723 -2689.514 908.813 1468.506 446.32 93.689 3.052 -348.206 -698.242 447 310 415 36.26 31.22 30 8 2408 1 034
4773348 5626 2025/9/28 14:39:46 P15 75.77 32.6 0 9.95 34.25 962.55 951.76 323.639 689.85 4096.985 1208.344 981.598 1421.051 518.036 -50.659 -19.836 118.866 -27.618 620.728 957.184 223.541 1133.27 745.239 785.522 722.504 1732.941 942.383 -5000 -5.646 -21.21 40.741 -32.501 101.166 449.829 369.72 895.081 1534.576 113.373 -2144.012 968.018 583.191 20.905 10.223 293.884 2545.624 2502.594 2111.511 1733.398 1377.716 1011.658 655.518 -1192.78 -30.212 -34.943 102.234 5.646 -333.862 -677.49 -1018.219 -1360.626 -1699.524 -2037.811 -2373.81 -2695.77 908.356 1465.912 447.235 89.874 1.221 -351.562 -708.466 431 310 415 36.23 31.3 30 8 2408 1 034
4773349 5626 2025/9/28 14:39:47 P15 75.78 32.65 0 10 34.11 962.52 951.74 321.198 688.171 4098.663 1203.461 982.208 1416.931 518.646 40.283 -23.804 125.275 -28.534 622.711 957.031 225.067 1136.78 745.087 787.048 720.673 1725.006 941.162 -5000 -1.678 -22.43 2.136 -32.196 103.302 451.355 370.331 897.064 1535.187 121.765 -2144.775 969.238 583.801 26.093 15.564 293.732 2543.488 2501.526 2114.41 1741.028 1385.345 1023.56 672.455 -1203.003 -25.94 -38.91 105.133 3.51 -334.473 -678.253 -1016.693 -1358.948 -1698.608 -2035.828 -2369.385 -2693.329 908.203 1468.811 448.608 92.01 5.493 -349.884 -702.209 446 305 415 36.24 31.15 30 8 2408 1 034
4773350 5626 2025/9/28 14:39:48 P15 75.79 32.63 0 9.86 34.14 962.58 951.77 321.35 689.697 4095.154 1208.649 983.887 1421.051 517.273 -65.155 -60.73 128.937 -27.771 623.322 959.167 225.525 1137.39 744.629 789.185 722.198 1733.246 943.909 -5000 -10.681 -21.82 44.403 -31.586 99.487 452.271 370.483 897.522 1537.17 102.386 -2143.86 969.696 584.259 24.719 20.905 293.884 2548.676 2501.831 2114.563 1742.859 1387.634 1024.17 667.725 -1203.918 -28.992 -28.687 102.386 2.136 -331.573 -674.744 -1013.184 -1354.98 -1693.573 -2031.25 -2366.333 -2690.125 908.813 1469.574 446.014 93.231 3.815 -348.053 -700.989 445 305 415 36.24 31.26 30 8 2408 1 034
4773351 5626 2025/9/28 14:39:49 P15 75.77 32.69 0 9.95 34.11 962.56 951.73 319.824 686.798 4104.004 1208.954 983.124 1414.948 517.273 -5.341 -14.038 113.22 -28.992 624.084 957.642 225.067 1138.153 744.019 791.321 722.046 1734.467 943.909 -5000 -1.526 -21.515 23.499 -33.569 98.877 451.813 370.789 898.438 1532.288 87.585 -2142.334 970.917 584.412 25.482 18.158 293.579 2544.25 2502.747 2114.258 1733.398 1377.869 1011.658 655.67 -1211.7 -27.313 -37.994 102.692 5.188 -335.236 -678.864 -1017.456 -1360.474 -1699.371 -2036.285 -2380.371 -2697.754 906.982 1467.438 449.829 89.417 4.12 -351.868 -710.297 433 305 415 36.21 31.08 31 8 2408 1 034
4773352 5626 2025/9/28 14:39:50 P15 75.75 32.67 0 9.98 34.08 962.54 951.75 320.74 687.103 4097.748 1209.259 984.65 1418.762 517.731 -30.06 -36.163 144.501 -28.534 625.61 954.895 225.22 1138 743.408 794.22 722.656 1734.467 944.061 -5000 -5.493 -21.057 10.986 -32.806 102.234 447.54 370.026 900.116 1538.544 85.907 -2143.555 972.443 587.311 22.278 25.024 294.037 2549.744 2502.899 2113.037 1740.112 1386.566 1022.949 669.403 -1208.496 -27.924 -34.943 101.776 5.188 -332.489 -677.185 -1015.93 -1357.269 -1695.557 -2033.691 -2366.943 -2689.362 908.661 1471.863 448.151 92.163 -0.458 -350.647 -703.735 445 305 415 36.26 31.12 31 8 2408 1 034
4773353 5626 2025/9/28 14:39:51 P15 75.85 32.69 0 9.86 34.01 962.59 951.74 319.977 686.493 4103.851 1208.801 984.039 1422.577 516.663 -20.905 -20.599 111.237 -29.755 624.847 955.505 224.609 1138.916 744.019 796.356 723.877 1736.603 943.146 -5000 -3.204 -20.905 31.128 -32.959 98.572 450.897 370.483 900.726 1537.781 110.474 -2143.86 971.832 587.006 25.482 15.259 291.748 2544.098 2500.763 2117.157 1747.284 1396.942 1033.63 679.474 -1212.311 -26.855 -39.062 104.523 2.594 -333.099 -676.117 -1012.573 -1350.861 -1689.606 -2026.825 -2360.077 -2682.8 908.661 1471.863 447.235 92.926 4.12 -349.579 -692.291 445 305 415 36.24 31.17 31 8 2408 1 034
4773354 5626 2025/9/28 14:39:52 P15 75.78 32.65 0 9.97 34.04 962.54 951.74 320.74 687.103 4097.29 1214.6 984.955 1418.61 516.51 19.226 -6.561 113.983 -28.229 626.373 956.573 224.609 1138.763 743.103 799.103 723.114 1739.807 944.977 -5000 -11.597 -21.362 61.34 -30.365 100.403 450.745 371.857 902.863 1541.748 65.765 -2144.012 973.358 588.837 17.548 20.447 295.105 2543.64 2503.357 2109.833 1735.382 1375.732 1011.047 656.128 -1214.294 -27.161 -5.951 103.76 3.052 -337.677 -683.746 -1020.508 -1362.915 -1702.728 -2039.642 -2375.946 -2697.296 911.56 1473.694 446.777 89.569 3.052 -354.156 -706.177 427 300 415 36.24 31.17 31 8 2408 1 034
4773355 5626 2025/9/28 14:39:53 P15 75.77 32.66 0 9.88 33.95 962.56 951.75 320.129 685.272 4098.206 1213.837 985.26 1419.373 516.052 22.125 4.272 121.46 -29.144 627.289 959.167 224.915 1138.763 742.34 801.086 723.267 1737.061 945.129 -5000 1.678 -21.667 21.82 -32.806 98.267 451.965 370.636 903.778 1542.053 99.792 -2144.623 974.121 589.6 18.921 10.681 294.037 2549.591 2503.815 2114.563 1744.08 1386.566 1025.543 672.607 -1211.853 -26.703 -17.09 103.76 2.136 -334.625 -678.406 -1016.083 -1356.201 -1696.014 -2031.403 -2365.57 -2689.362 909.729 1471.558 447.54 92.621 4.578 -348.663 -701.599 444 300 415 36.24 31.07 32 8 2408 1 034
4773356 5626 2025/9/28 14:39:54 P15 75.65 32.69 0 10.03 34.08 962.53 951.74 319.519 684.967 4105.988 1212.616 986.328 1418.304 516.052 -5.646 1.373 125.885 -28.687 627.594 958.099 225.067 1139.069 742.34 803.375 724.64 1733.093 945.74 -5000 -1.831 -21.973 -17.242 -32.196 95.978 453.796 371.704 904.083 1544.037 102.844 -2144.012 975.494 588.379 23.041 12.36 296.021 2547.455 2503.204 2121.124 1747.894 1397.552 1034.851 679.474 -1213.837 -27.161 -15.564 103.76 1.373 -333.862 -673.523 -1011.505 -1352.386 -1689.606 -2026.978 -2360.382 -2682.495 909.729 1472.473 448.761 93.536 3.662 -345.917 -698.242 444 300 415 36.21 31.07 32 8 2408 1 034
4773357 5626 2025/9/28 14:39:55 P15 75.77 32.69 0 9.95 34.09 962.55 951.76 321.198 685.272 4094.391 1217.957 986.023 1420.441 515.594 100.861 -17.09 112 -29.144 628.51 957.336 225.525 1140.747 741.577 804.596 725.861 1743.774 946.35 -5000 -4.12 -20.599 20.905 -33.112 96.741 453.796 371.704 905.457 1547.241 82.703 -2144.623 974.426 590.973 22.736 14.038 294.189 2546.692 2501.831 2116.852 1743.469 1392.059 1028.137 670.624 -1219.025 -32.196 -14.496 102.386 5.188 -330.811 -672.913 -1012.421 -1354.98 -1691.589 -2030.487 -2364.655 -2688.751 910.034 1473.083 449.829 93.231 0.61 -347.29 -700.378 416 300 414 36.21 31.07 32 8 2408 1 034
4773358 5626 2025/9/28 14:39:56 P15 75.81 32.77 0 9.9 34.09 962.58 951.75 319.366 685.272 4096.68 1215.057 987.396 1421.051 515.747 -92.926 -6.561 119.324 -27.466 629.272 954.742 224.609 1140.289 741.425 808.411 726.624 1743.622 947.266 -5000 1.373 -22.43 -66.528 -32.196 95.673 448.914 371.552 906.219 1546.783 77.362 -2144.012 974.579 592.041 18.616 16.479 294.952 2549.438 2502.136 2116.699 1739.96 1387.329 1027.374 671.692 -1221.466 -31.128 -9.766 102.692 5.646 -333.862 -676.27 -1013.184 -1356.659 -1694.489 -2030.487 -2366.943 -2687.531 910.339 1474.304 447.388 92.926 1.221 -349.274 -702.362 445 300 414 36.24 31.08 32 8 2408 1 034
4773359 5626 2025/9/28 14:39:57 P15 75.79 32.63 0 9.93 33.9 962.55 951.77 319.824 683.441 4102.02 1216.736 986.633 1422.272 515.594 10.529 -24.109 95.062 -29.907 629.73 958.405 225.067 1141.815 741.73 810.852 726.318 1741.486 945.587 -5000 -10.529 -21.973 25.177 -31.433 94.604 454.254 372.62 908.203 1545.563 79.651 -2144.318 974.121 592.651 27.466 12.665 295.105 2544.25 2503.052 2120.819 1747.437 1396.79 1035.767 680.847 -1228.943 -26.245 0.61 104.065 5.341 -332.336 -673.37 -1010.437 -1352.081 -1689.301 -2024.536 -2359.314 -2681.885 911.102 1474.304 447.845 93.689 4.272 -344.086 -696.869 431 295 413 36.26 31.1 32 8 2408 1 034
4773360 5626 2025/9/28 14:39:58 P15 75.89 32.66 0 10.07 33.95 962.55 951.75 319.977 683.594 4103.088 1218.262 987.549 1424.866 514.069 41.962 -13.428 92.01 -30.365 630.035 956.879 224.915 1140.747 740.662 812.836 726.318 1742.096 945.74 -5000 -16.479 -22.278 -20.599 -33.112 92.468 449.829 372.772 908.356 1548.004 99.487 -2144.47 978.394 592.651 26.093 16.022 294.342 2545.776 2501.221 2115.173 1744.843 1388.092 1026.764 670.471 -1226.959 -30.823 1.831 102.997 5.341 -332.031 -675.049 -1012.726 -1355.133 -1694.336 -2031.25 -2365.875 -2690.582 910.95 1477.051 446.167 93.536 3.51 -349.579 -700.684 443 295 413 36.28 31.01 32 8 2408 1 034
4773361 5626 2025/9/28 14:39:59 P15 75.79 32.66 0 9.81 33.95 962.52 951.75 319.519 686.34 4107.513 1220.398 988.159 1425.476 514.679 41.199 -28.229 102.539 -29.602 631.104 958.252 224.304 1142.12 740.356 814.972 727.692 1748.047 948.181 -5000 -2.136 -22.43 15.106 -31.738 90.942 454.559 373.23 909.576 1546.326 114.899 -2143.86 977.783 592.041 22.278 13.428 294.495 2547.455 2502.899 2112.732 1738.586 1376.801 1012.421 658.112 -1237.793 -30.06 -19.684 102.692 3.967 -332.336 -677.795 -1016.083 -1359.406 -1699.982 -2036.743 -2372.284 -2696.533 911.865 1477.966 445.862 91.4 3.967 -350.342 -704.803 430 295 413 36.23 30.94 32 8 2408 1 034
4773362 5626 2025/9/28 14:40:00 P15 75.86 32.63 0 9.8 33.97 962.54 951.74 319.214 684.967 4105.225 1221.924 988.77 1422.424 514.679 -34.79 -43.793 113.831 -30.518 634.613 955.963 225.067 1142.883 739.746 816.498 727.234 1749.725 948.944 -5000 -6.256 -22.125 -45.166 -32.349 90.332 451.66 373.23 910.187 1547.241 95.367 -2143.86 979.767 592.957 20.599 21.667 294.342 2545.471 2501.526 2119.598 1749.268 1398.163 1035.919 680.389 -1239.929 -28.076 -8.85 104.98 3.662 -333.557 -673.828 -1011.505 -1351.929 -1689.758 -2026.978 -2359.924 -2683.105 911.865 1477.814 448.151 94.147 3.967 -344.086 -696.869 443 295 413 36.26 30.87 33 8 2408 1 034
4773363 5626 2025/9/28 14:40:01 P15 75.78 32.6 0 9.8 33.93 962.56 951.75 320.129 685.577 4108.124 1221.313 988.922 1424.255 513.458 15.717 -18.463 82.55 -28.687 633.392 954.895 224.457 1142.731 739.899 819.702 726.929 1749.573 948.334 -5000 -3.967 -21.973 -41.199 -31.281 90.332 452.271 373.535 912.781 1547.699 95.978 -2144.165 980.682 594.177 20.752 18.311 295.41 2546.844 2500.916 2118.225 1744.232 1391.754 1026.917 669.556 -1240.54 -33.264 -34.637 104.065 4.73 -330.811 -672.913 -1012.878 -1354.37 -1692.657 -2030.945 -2365.875 -2689.819 911.713 1477.356 447.235 93.842 5.493 -347.29 -701.904 430 295 413 36.24 30.94 33 8 2408 1 034
4773364 5626 2025/9/28 14:40:02 P15 75.88 32.62 0 9.9 33.98 962.55 951.75 320.129 684.967 4107.819 1223.755 989.075 1425.629 512.848 21.515 -8.698 95.215 -29.755 633.392 957.947 223.999 1142.426 740.051 820.77 729.37 1750.183 948.944 -5000 0.61 -21.973 41.199 -33.112 86.365 454.712 373.688 912.476 1551.971 103.455 -2144.165 980.682 593.872 18.158 10.071 295.258 2547.15 2502.594 2113.953 1737.823 1377.258 1013.184 657.349 -1246.643 -28.076 -18.311 104.065 0.305 -334.93 -678.558 -1016.083 -1360.168 -1698.456 -2036.133 -2373.81 -2695.007 912.018 1480.103 446.472 91.858 2.747 -348.969 -704.193 445 295 413 36.2 30.89 33 8 2408 1 034
4773365 5626 2025/9/28 14:40:03 P15 75.75 32.67 0 9.85 33.92 962.56 951.75 320.129 680.542 4100.342 1224.67 989.532 1425.476 513.153 14.648 -6.866 107.422 -29.297 634.766 955.048 223.846 1143.494 739.288 823.212 726.624 1752.625 947.418 -5000 -8.24 -24.109 32.349 -32.349 92.163 449.677 373.535 914.459 1550.446 88.959 -2144.623 981.14 596.466 19.379 13.428 295.41 2541.809 2502.594 2115.784 1739.96 1384.583 1023.56 670.624 -1254.272 -27.313 -47.455 102.997 4.578 -333.71 -677.49 -1015.778 -1358.948 -1697.235 -2033.997 -2370.605 -2691.193 910.034 1478.424 447.998 89.874 2.289 -351.257 -706.024 430 295 413 36.23 30.79 33 8 2408 1 034
4773366 5626 2025/9/28 14:40:04 P15 75.79 32.66 0 9.98 33.92 962.55 951.75 319.977 681.763 4098.511 1228.333 988.922 1424.103 512.695 -22.736 -43.64 70.038 -30.518 634.613 957.336 223.694 1143.799 739.899 825.653 729.828 1752.93 948.486 -5000 -3.662 -21.21 59.967 -32.349 89.417 452.118 374.146 915.527 1556.091 108.948 -2142.487 981.903 596.619 13.123 16.632 295.258 2543.945 2503.357 2115.479 1746.368 1392.517 1027.679 671.692 -1253.815 -32.196 -24.567 102.844 5.188 -333.099 -675.201 -1013.489 -1354.98 -1693.42 -2031.708 -2364.96 -2689.819 912.476 1477.966 447.845 92.468 2.136 -347.137 -698.242 430 295 413 36.24 30.94 34 8 2408 1 034
4773367 5626 2025/9/28 14:40:05 P15 75.91 32.67 0 9.95 33.93 962.55 951.76 320.435 681.458 4092.712 1229.401 991.211 1426.239 512.085 79.498 -36.926 78.888 -30.518 635.376 957.031 224.762 1141.968 739.441 827.179 731.812 1756.134 949.86 -5000 -16.327 -23.346 6.256 -32.501 89.722 450.134 373.993 915.833 1558.075 100.098 -2143.86 981.903 597.534 16.632 19.684 296.326 2547.76 2502.441 2111.816 1736.45 1377.869 1012.421 659.79 -1259.308 -28.687 -16.174 101.624 5.493 -332.489 -678.101 -1016.693 -1359.711 -1699.677 -2035.828 -2371.521 -2695.77 913.696 1481.171 447.693 92.01 1.831 -351.41 -704.956 431 290 413 36.23 30.84 34 8 2408 1 034
4773368 5626 2025/9/28 14:40:06 P15 75.79 32.66 0 9.73 34.01 962.57 951.75 320.435 681 4092.865 1229.553 990.906 1422.424 512.085 -103.76 28.687 130.005 -31.281 635.529 956.726 225.525 1143.799 738.678 829.163 732.269 1757.355 950.012 -5000 -6.409 -23.041 -5.035 -32.043 89.874 451.508 374.603 917.511 1559.448 87.891 -2144.318 981.14 597.839 25.177 17.242 294.8 2548.37 2502.441 2114.258 1737.976 1383.972 1020.508 665.283 -1267.7 -31.738 -14.648 103.149 3.51 -330.353 -674.896 -1015.015 -1358.185 -1696.32 -2034.454 -2368.927 -2690.582 913.086 1481.781 447.235 90.332 1.068 -350.494 -706.94 429 280 414 36.23 30.84 34 8 2408 1 034
4773369 5626 2025/9/28 14:40:07 P15 75.72 32.63 0 9.95 33.98 962.54 951.76 320.129 680.084 4094.391 1231.384 991.821 1420.593 511.932 -14.954 4.73 132.599 -30.975 636.139 957.031 225.22 1144.257 737 831.604 732.269 1758.575 952.301 -5000 1.526 -22.43 -34.18 -33.417 85.754 451.05 374.451 917.969 1561.127 91.4 -2143.707 982.361 598.297 17.853 17.395 295.258 2547.302 2501.678 2115.479 1743.774 1390.076 1026.611 670.776 -1270.142 -28.076 -17.7 103.912 3.967 -335.693 -677.49 -1014.557 -1355.896 -1694.336 -2031.86 -2365.723 -2689.972 913.239 1480.255 447.845 93.536 4.12 -347.748 -699.463 428 280 415 36.24 30.84 34 8 2408 1 034
4773370 5626 2025/9/28 14:40:08 P15 75.78 32.69 0 9.86 33.8 962.55 951.75 319.672 677.948 4101.105 1230.774 991.364 1428.528 512.085 -31.281 -10.986 113.068 -30.518 636.292 957.184 224.152 1145.477 738.068 832.367 731.812 1759.796 949.097 -5000 -5.035 -23.193 13.733 -33.264 83.771 451.66 374.908 919.647 1558.228 101.624 -2144.47 983.429 598.297 22.125 18.005 295.105 2542.267 2501.678 2114.258 1734.467 1378.021 1013.489 656.586 -1269.379 -30.67 -15.411 105.591 2.441 -333.252 -676.88 -1016.998 -1358.795 -1698.303 -2036.285 -2373.047 -2694.397 915.222 1483.917 446.472 89.569 3.052 -350.647 -707.245 441 280 415 36.2 30.8 34 8 2408 1 034
4773371 5626 2025/9/28 14:40:09 P15 75.85 32.65 0 9.65 34.02 962.57 951.75 319.977 679.016 4102.478 1229.706 992.126 1429.138 511.322 -103.302 -7.324 130.768 -32.349 637.207 955.505 224.304 1143.799 738.068 835.266 731.812 1758.575 949.554 -5000 -12.207 -21.973 18.768 -33.569 82.703 451.355 374.756 919.647 1556.702 77.972 -2144.47 984.344 598.755 20.905 14.648 294.952 2543.488 2503.662 2112.732 1737.671 1384.43 1020.203 667.114 -1272.736 -31.281 -39.978 105.591 4.578 -333.557 -677.032 -1016.693 -1357.117 -1696.625 -2034.454 -2368.622 -2691.956 913.544 1481.323 447.54 90.332 3.662 -350.647 -706.024 441 280 415 36.26 30.86 34 8 2408 1 034
4773372 5626 2025/9/28 14:40:10 P15 75.85 32.66 0 9.65 33.83 962.55 951.75 319.519 677.795 4100.952 1232.3 992.584 1427.612 511.169 -32.501 7.172 120.544 -30.212 637.665 958.405 224.457 1145.782 737.61 837.555 732.88 1761.169 950.012 -5000 -0.763 -22.125 14.954 -33.264 81.329 450.439 375.519 921.326 1563.263 114.594 -2144.47 984.955 600.433 18.921 16.937 296.021 2543.03 2501.831 2115.936 1740.417 1388.702 1028.442 673.218 -1272.583 -28.229 -32.959 103.149 0.763 -334.473 -676.422 -1014.099 -1355.743 -1692.963 -2029.266 -2364.502 -2685.699 914.001 1484.222 449.677 90.332 5.341 -347.748 -701.904 441 270 416 36.24 30.74 34 8 2408 1 034
4773373 5626 2025/9/28 14:40:11 P15 75.77 32.71 0 9.86 33.86 962.57 951.75 318.756 677.643 4103.088 1230.011 992.737 1429.596 511.322 25.94 -19.989 126.19 -31.586 638.428 957.794 223.846 1147.003 737.305 840.149 733.185 1758.728 950.623 -5000 -6.561 -21.515 8.392 -33.722 81.94 450.287 375.366 922.699 1562.805 81.177 -2144.928 984.955 601.654 16.937 13.885 295.868 2544.25 2503.51 2112.579 1736.603 1380.005 1012.573 657.654 -1266.785 -32.501 -22.736 102.692 5.341 -332.794 -676.27 -1016.693 -1357.727 -1697.235 -2036.285 -2371.063 -2694.702 915.375 1483.459 445.557 91.095 2.441 -352.325 -706.635 427 270 416 36.26 30.73 34 8 2408 1 034
4773374 5626 2025/9/28 14:40:12 P15 75.84 32.66 0 9.81 33.77 962.56 951.74 318.451 677.795 4100.037 1234.894 993.195 1416.779 510.559 -32.654 31.281 112.152 -30.518 638.885 959.015 224.762 1146.851 736.237 841.217 734.863 1763.763 953.369 -5000 2.289 -23.041 -22.583 -32.043 81.329 455.322 375.214 924.988 1561.89 117.34 -2144.47 986.176 601.196 20.447 19.684 295.105 2548.676 2504.425 2108.002 1729.736 1375.122 1014.099 660.248 -1272.888 -30.518 -24.567 101.471 3.204 -332.184 -675.964 -1014.862 -1358.337 -1697.083 -2033.386 -2370.605 -2692.413 914.764 1485.901 449.066 91.4 2.136 -349.731 -708.618 443 270 416 36.24 30.71 34 8 2408 1 034
4773375 5626 2025/9/28 14:40:13 P15 75.82 32.69 0 9.81 33.73 962.55 951.75 319.214 675.964 4101.105 1236.115 993.347 1420.593 510.559 -29.907 -1.221 101.318 -30.975 639.801 958.252 224.152 1147.156 737.152 843.811 735.474 1765.289 952.301 -5000 3.815 -21.362 35.706 -33.112 79.041 451.05 376.129 923.309 1566.162 93.384 -2144.165 986.023 603.027 20.599 16.937 297.699 2542.267 2501.984 2115.631 1740.723 1388.092 1027.527 672.15 -1270.142 -31.586 -14.343 102.844 3.357 -335.541 -678.253 -1016.388 -1356.812 -1693.268 -2030.182 -2363.892 -2685.547 915.375 1485.596 445.557 92.621 2.289 -349.579 -704.498 428 270 417 36.23 30.68 35 8 2408 1 034
4773376 5626 2025/9/28 14:40:14 P15 75.81 32.66 0 9.69 33.77 962.54 951.76 318.298 675.964 4104.156 1236.572 993.042 1427.765 509.949 -45.929 -30.06 79.651 -32.654 640.564 958.405 223.541 1148.071 735.931 845.49 735.779 1762.695 951.385 -5000 3.357 -23.499 62.714 -35.248 79.498 449.829 376.129 924.835 1566.162 102.386 -2144.47 987.396 602.875 20.447 19.684 296.173 2543.945 2503.204 2119.293 1749.573 1394.348 1035.767 681.61 -1277.008 -30.67 0.458 103.149 2.594 -331.879 -674.744 -1010.742 -1352.386 -1690.063 -2025.299 -2357.941 -2681.427 913.239 1484.985 446.93 95.673 3.51 -344.238 -693.817 428 270 417 36.26 30.73 35 8 2408 1 034
4773377 5626 2025/9/28 14:40:15 P15 75.85 32.63 0 9.81 33.77 962.55 951.76 319.977 676.727 4097.443 1240.082 995.026 1425.171 510.254 -7.324 -40.436 108.643 -31.433 641.479 955.658 224.304 1147.461 737.305 847.321 735.474 1767.426 953.217 -5000 -10.376 -22.278 -4.425 -32.043 81.787 451.965 376.282 927.582 1567.688 101.929 -2144.47 988.159 603.638 24.872 16.479 295.715 2545.166 2502.289 2112.732 1733.246 1377.563 1015.778 660.553 -1281.433 -28.076 -3.052 105.286 4.12 -339.203 -682.22 -1019.897 -1360.626 -1700.287 -2037.354 -2375.946 -2695.923 915.527 1485.138 447.998 89.874 3.51 -351.562 -707.397 428 270 417 36.21 30.66 35 8 2408 1 034
4773378 5626 2025/9/28 14:40:16 P15 75.88 32.69 0 9.75 33.75 962.55 951.74 318.604 675.201 4100.342 1238.556 994.263 1430.359 509.338 -38.605 -21.515 109.253 -31.738 642.242 955.658 224.915 1148.071 735.931 849.152 735.168 1767.578 951.538 -5000 0.458 -23.956 -24.872 -33.569 79.956 451.05 376.282 928.04 1564.941 86.365 -2144.623 988.617 603.79 22.125 17.395 296.173 2541.351 2502.747 2114.868 1741.638 1388.397 1025.543 672.76 -1285.4 -28.687 -6.866 104.37 2.441 -333.099 -676.117 -1014.557 -1356.201 -1694.183 -2030.487 -2364.044 -2686.005 917.053 1487.122 447.083 96.741 5.035 -348.053 -700.836 427 265 418 36.21 30.66 35 8 2408 1 034
4773379 5626 2025/9/28 14:40:17 P15 75.91 32.73 0 9.83 33.9 962.54 951.76 317.993 675.507 4105.682 1238.098 994.568 1429.901 509.033 -10.834 -44.708 127.258 -32.654 642.09 958.862 224.304 1148.529 735.931 852.356 736.237 1766.205 953.674 -5000 -1.831 -23.804 -38.605 -33.875 72.937 452.118 376.587 926.819 1567.993 101.624 -2144.623 990.753 605.164 19.226 12.512 296.326 2545.471 2502.747 2118.835 1751.556 1396.027 1035.767 682.373 -1289.825 -33.264 -12.207 103.302 5.646 -331.268 -675.354 -1011.658 -1352.997 -1691.742 -2027.13 -2359.314 -2685.089 915.985 1487.885 447.083 92.773 0.61 -347.748 -698.09 424 265 418 36.24 30.71 35 8 2408 1 034
4773380 5626 2025/9/28 14:40:18 P15 75.89 32.67 0 9.9 33.72 962.55 951.75 319.214 673.523 4100.647 1241.455 995.941 1430.206 509.644 -68.817 -4.425 119.629 -30.975 642.548 957.794 224.762 1148.224 734.863 853.271 736.389 1770.63 953.369 -5000 -10.834 -25.177 13.885 -32.501 76.447 450.592 376.434 928.65 1568.451 93.994 -2144.47 989.075 603.943 19.684 19.531 296.631 2542.725 2501.678 2115.936 1746.063 1393.89 1031.036 676.575 -1283.569 -32.806 -7.782 104.065 5.493 -330.963 -673.523 -1012.573 -1353.912 -1692.047 -2029.572 -2363.434 -2686.768 915.375 1487.427 447.235 94.91 -7.324 -348.358 -699.158 440 265 418 36.28 30.53 35 8 2408 1 034
4773381 5626 2025/9/28 14:40:19 P15 75.91 32.63 0 9.95 33.84 962.56 951.77 318.604 676.27 4095.917 1242.828 996.552 1430.359 509.338 -84.076 -7.477 146.79 -29.602 643.616 959.93 224.915 1149.139 735.016 853.577 739.136 1769.104 955.2 -5000 4.73 -24.261 45.929 -32.501 75.989 451.813 376.282 929.565 1571.198 106.049 -2144.623 989.532 605.469 21.973 16.327 296.021 2549.286 2501.984 2114.41 1741.943 1384.888 1023.712 670.471 -1289.062 -27.924 -24.414 104.828 2.899 -334.32 -678.558 -1015.015 -1356.812 -1695.404 -2031.555 -2367.249 -2689.819 916.901 1487.885 447.845 92.01 3.967 -348.816 -700.684 439 265 418 36.27 30.56 35 8 2408 1 034
4773382 5626 2025/9/28 14:40:20 P15 75.93 32.63 0 9.75 33.67 962.55 951.73 318.146 676.27 4102.173 1242.981 996.246 1429.443 508.728 2.136 -13.58 114.899 -30.823 643.463 959.625 224.762 1149.292 734.711 856.171 739.136 1771.24 954.895 -5000 -7.935 -23.041 -5.035 -31.586 74.921 453.644 376.587 930.786 1567.383 88.806 -2144.928 990.143 606.079 19.684 14.191 296.021 2547.607 2503.662 2115.326 1743.622 1392.365 1028.595 675.659 -1292.572 -32.196 -1.068 103.455 4.12 -331.726 -674.744 -1013.336 -1354.675 -1693.268 -2030.029 -2362.213 -2685.242 915.527 1490.784 446.777 90.179 1.831 -348.969 -700.836 427 265 418 36.2 30.62 35 8 2408 1 034
4773383 5626 2025/9/28 14:40:21 P15 76.05 32.66 0 9.83 33.79 957.88 951.73 318.604 674.438 4100.8 1242.523 996.399 1427.155 507.965 -29.755 -21.057 122.986 -29.602 645.294 958.252 224.915 1149.902 733.795 858.612 739.441 1772.461 954.437 -5000 6.866 -23.651 -3.662 -30.975 78.583 453.644 377.197 932.159 1569.061 92.163 -2143.86 990.906 606.689 24.109 18.921 296.478 2547.15 2502.899 2118.683 1746.979 1397.095 1033.936 678.711 -1304.779 -28.687 -16.632 104.37 0.305 -331.726 -671.234 -1008.606 -1350.403 -1688.843 -2026.215 -2358.704 -2682.648 916.748 1491.241 449.524 93.536 5.341 -345.459 -695.953 440 265 418 36.27 30.64 36 8 2408 1 034
4773384 5626 2025/9/28 14:40:22 P15 75.93 32.65 0 9.8 33.86 957.88 951.77 318.604 673.37 4092.712 1245.88 997.162 1428.68 508.423 -10.986 -27.313 97.046 -31.281 644.684 955.353 224.915 1149.902 733.337 860.291 740.814 1773.376 955.353 -5000 -3.052 -25.024 21.21 -30.975 77.515 451.355 376.74 933.838 1574.249 94.299 -2146.606 991.669 607.91 21.82 18.463 296.021 2548.065 2501.984 2112.274 1735.382 1378.784 1016.846 662.537 -1303.558 -28.839 -17.242 103.455 3.204 -336.304 -679.169 -1015.625 -1359.253 -1699.066 -2036.133 -2371.979 -2692.871 916.595 1487.732 447.235 90.942 4.883 -351.41 -706.024 428 265 418 36.26 30.56 36 8 2408 1 034
4773385 5626 2025/9/28 14:40:23 P15 75.98 32.65 0 9.8 33.86 957.91 951.74 318.909 672.913 4097.29 1246.948 997.314 1426.544 507.812 22.888 -45.013 109.1 -30.975 646.057 952.606 224.609 1149.445 733.948 862.122 740.204 1775.665 955.658 -5000 -2.594 -24.567 41.809 -31.891 77.667 450.592 377.502 933.685 1575.623 93.079 -2143.555 992.279 609.436 22.125 16.174 297.546 2544.403 2502.289 2115.173 1743.164 1386.108 1027.222 673.065 -1305.847 -28.839 -38.91 103.149 2.441 -334.778 -678.711 -1015.472 -1356.506 -1694.946 -2029.724 -2366.028 -2687.531 919.495 1491.852 446.625 91.858 2.594 -350.189 -702.057 440 265 417 36.24 30.56 36 8 2408 1 034
4773386 5626 2025/9/28 14:40:24 P15 75.95 32.67 0 9.68 33.82 957.89 951.76 319.214 673.37 4107.361 1244.507 997.314 1429.596 507.507 -25.177 -25.787 114.288 -31.433 645.905 958.862 225.067 1151.123 733.49 864.563 739.899 1771.24 955.505 -5000 -11.139 -24.414 59.509 -30.975 75.073 454.102 377.96 934.448 1572.723 104.218 -2144.012 993.042 607.91 17.09 18.616 297.546 2547.607 2503.204 2119.904 1745.911 1395.721 1034.088 677.032 -1310.425 -28.992 -22.125 104.37 4.883 -331.879 -675.964 -1010.437 -1350.25 -1687.469 -2025.757 -2359.619 -2681.58 916.901 1490.631 448.151 92.621 4.272 -345.764 -697.937 412 265 417 36.26 30.58 36 8 2408 1 034
4773387 5626 2025/9/28 14:40:25 P15 75.97 32.7 0 9.7 33.82 957.93 951.71 318.298 669.25 4099.731 1246.948 997.467 1431.122 507.05 46.539 -25.787 114.746 -31.738 647.125 957.642 224.609 1151.123 731.964 865.479 740.356 1776.733 954.437 -5000 3.204 -22.125 17.548 -32.959 76.294 452.423 377.197 935.516 1574.86 67.139 -2143.86 993.347 610.352 24.719 11.139 296.936 2543.03 2503.204 2121.277 1747.742 1393.585 1033.63 675.049 -1312.103 -27.924 -21.667 105.896 2.136 -334.167 -673.981 -1011.2 -1353.607 -1690.674 -2030.945 -2367.096 -2687.683 917.511 1491.089 447.54 95.825 4.425 -344.543 -695.343 412 265 417 36.28 30.48 37 8 2408 1 034
4773388 5626 2025/9/28 14:40:26 P15 75.97 32.66 0 9.85 33.75 957.9 951.75 318.604 673.828 4105.377 1245.728 998.23 1432.8 506.744 -30.975 39.368 127.106 -33.112 646.973 958.252 224.304 1151.428 733.948 867.767 741.272 1772.614 956.116 -5000 -0.153 -24.109 -14.191 -33.417 70.19 452.881 378.723 935.822 1573.486 92.163 -2144.318 994.263 609.436 26.855 7.019 296.021 2546.234 2503.967 2114.41 1741.943 1389.008 1024.628 669.708 -1322.632 -31.586 -30.212 103.149 5.951 -332.794 -677.49 -1016.388 -1357.422 -1696.472 -2033.691 -2367.096 -2689.362 917.511 1492.004 445.557 91.705 2.441 -350.647 -703.278 439 260 417 36.26 30.61 37 8 2408 1 034
4773389 5626 2025/9/28 14:40:27 P15 75.98 32.69 0 9.54 33.66 957.9 951.75 318.604 671.692 4095.001 1251.526 998.84 1429.443 506.897 21.973 -27.618 104.065 -31.891 646.82 956.879 223.541 1151.581 732.727 869.751 742.188 1778.412 956.421 -5000 -9.918 -23.193 -27.924 -32.043 72.479 449.219 377.502 938.11 1579.285 104.523 -2144.318 994.415 610.809 19.989 10.986 296.783 2547.913 2503.51 2118.225 1743.469 1390.228 1031.647 675.812 -1320.648 -30.823 -8.24 105.591 0.305 -335.388 -677.49 -1014.099 -1356.201 -1692.963 -2029.114 -2364.349 -2686.31 918.121 1494.751 445.404 91.553 3.204 -348.358 -700.836 440 265 416 36.26 30.61 37 8 2408 1 034
4773390 5626 2025/9/28 14:40:28 P15 75.93 32.67 0 9.68 33.7 957.9 951.75 318.909 670.929 4092.56 1251.221 998.84 1428.833 505.981 63.782 0.916 85.907 -31.738 648.499 957.947 223.541 1150.97 732.269 871.124 744.019 1779.633 957.642 -5000 -0.763 -24.261 31.738 -31.891 72.632 453.644 377.655 938.11 1576.538 107.727 -2144.165 994.72 611.877 23.041 14.343 296.783 2548.065 2501.373 2121.124 1747.284 1394.958 1035.309 677.795 -1322.327 -30.518 -20.752 103.302 5.646 -333.252 -675.201 -1011.505 -1353.455 -1690.674 -2026.825 -2360.535 -2684.479 917.053 1491.699 447.083 94.91 4.73 -343.475 -696.259 426 265 416 36.27 30.42 37 8 2408 1 034
4773391 5626 2025/9/28 14:40:29 P15 75.99 32.69 0 9.71 33.68 957.91 951.74 317.688 669.556 4105.225 1249.39 999.756 1434.937 505.676 -11.292 -29.449 122.223 -32.349 648.956 958.71 224.304 1150.818 732.574 873.108 742.95 1778.107 957.794 -5000 -12.97 -24.414 44.25 -33.417 70.496 452.576 378.265 937.805 1579.895 93.689 -2144.165 995.483 611.725 27.618 14.496 295.715 2545.929 2502.289 2116.089 1744.995 1388.855 1024.17 667.725 -1323.242 -29.297 -35.553 106.049 2.747 -333.099 -675.964 -1014.099 -1354.828 -1694.031 -2031.403 -2365.875 -2690.277 919.495 1494.598 448.914 94.452 5.798 -347.9 -699.463 439 265 416 36.27 30.43 37 8 2408 1 034
4773392 5626 2025/9/28 14:40:30 P15 75.86 32.71 0 9.73 33.79 957.9 951.76 318.756 667.725 4100.494 1250.61 997.772 1433.105 505.676 -25.787 -21.82 111.542 -32.043 648.346 958.71 224.457 1152.344 733.49 874.329 743.561 1779.48 956.268 -5000 -5.035 -23.041 3.052 -33.722 70.801 453.339 378.418 939.636 1575.317 100.708 -2143.86 995.483 611.42 23.193 8.087 296.783 2541.656 2503.357 2113.953 1742.859 1388.855 1028.9 675.659 -1318.97 -31.281 -29.907 102.692 3.662 -333.099 -678.558 -1015.472 -1356.812 -1695.251 -2031.25 -2364.349 -2687.378 918.732 1494.293 446.777 91.858 2.289 -349.731 -701.447 424 260 416 36.23 30.49 37 8 2408 1 034
4773393 5626 2025/9/28 14:40:31 P15 75.97 32.71 0 9.8 33.74 957.88 951.75 317.841 671.844 4095.612 1253.357 999.298 1432.8 505.676 -77.209 -14.038 132.751 -31.586 648.804 960.693 225.22 1152.344 732.727 876.16 745.544 1781.006 957.794 -5000 -16.785 -23.804 -11.444 -33.112 68.054 451.965 378.723 940.399 1582.336 99.945 -2144.012 994.72 612.03 24.261 14.038 297.089 2549.286 2503.51 2120.819 1748.81 1393.89 1034.393 677.032 -1331.94 -32.043 -42.572 102.997 5.646 -330.963 -673.218 -1008.606 -1352.081 -1688.995 -2028.809 -2360.992 -2681.274 918.121 1493.53 445.862 94.757 1.526 -345.917 -696.564 438 260 416 36.26 30.43 37 8 2408 1 034
4773394 5626 2025/9/28 14:40:32 P15 75.97 32.66 0 9.73 33.62 957.9 951.76 316.772 666.962 4103.699 1251.068 1000.061 1434.784 505.676 -45.166 -63.782 115.509 -33.112 649.567 956.573 224.457 1153.87 732.117 877.686 743.866 1783.142 956.573 -5000 -8.85 -24.567 -27.618 -33.264 67.596 450.439 377.502 941.162 1580.811 75.684 -2143.86 996.399 613.251 23.193 22.278 297.852 2544.25 2501.984 2117.157 1747.742 1390.076 1029.358 674.133 -1335.907 -29.907 -33.875 105.743 3.967 -329.285 -673.828 -1011.353 -1352.997 -1692.505 -2029.419 -2363.892 -2687.836 923.004 1495.972 445.709 93.689 5.188 -349.121 -700.378 424 260 416 36.27 30.48 37 8 2408 1 034
4773395 5626 2025/9/28 14:40:33 P15 76.02 32.65 0 9.76 33.81 957.92 951.75 316.925 667.267 4105.682 1250.763 1000.366 1435.089 505.371 -25.482 -39.52 116.73 -33.264 650.177 958.405 225.22 1153.412 732.117 880.127 745.392 1773.224 957.947 -5000 -7.629 -23.804 31.281 -32.959 66.528 451.05 379.181 940.704 1582.794 104.675 -2143.555 997.62 613.861 15.717 20.905 297.546 2545.776 2501.831 2114.258 1739.349 1379.395 1016.846 660.095 -1338.043 -31.586 -10.986 101.929 3.662 -332.489 -676.575 -1014.252 -1357.422 -1696.625 -2033.691 -2371.216 -2694.244 918.884 1495.209 446.777 92.621 1.221 -350.952 -703.888 441 260 416 36.28 30.55 37 8 2408 1 034
4773396 5626 2025/9/28 14:40:34 P15 76.02 32.62 0 9.76 33.57 957.93 951.75 317.993 666.199 4099.426 1257.324 1000.061 1432.19 504.608 -46.997 -4.12 119.629 -32.196 650.635 958.557 225.067 1153.564 732.117 881.042 746.46 1786.041 957.947 -5000 -5.188 -23.956 -11.597 -32.806 67.291 451.202 379.944 941.772 1576.691 101.166 -2144.47 996.094 614.014 22.125 20.752 296.936 2543.03 2503.967 2117.31 1746.368 1393.127 1032.41 679.779 -1339.264 -27.161 -1.526 104.98 1.678 -333.862 -677.032 -1012.421 -1353.149 -1691.742 -2028.809 -2361.603 -2684.174 921.326 1497.65 446.777 91.705 3.357 -346.985 -698.242 402 260 416 36.27 30.43 38 8 2408 1 034
4773397 5626 2025/9/28 14:40:35 P15 76.04 32.69 0 9.71 33.74 957.93 951.74 318.146 670.166 4105.377 1256.256 1000.061 1434.631 504.913 42.114 -23.499 134.583 -33.264 651.855 958.099 226.135 1153.564 730.743 882.721 746.155 1785.736 958.557 -5000 3.815 -24.414 -72.479 -33.417 65.46 452.271 379.333 942.383 1581.879 111.694 -2144.165 999.298 613.556 18.768 20.447 297.699 2546.539 2503.204 2115.631 1746.063 1393.738 1032.715 676.575 -1340.027 -31.738 -4.883 103.912 4.883 -330.963 -673.065 -1009.521 -1350.25 -1688.995 -2025.757 -2357.178 -2684.021 918.121 1496.429 448.151 93.842 5.646 -347.9 -697.479 402 260 416 36.24 30.49 38 8 2408 1 034
4773398 5626 2025/9/28 14:40:36 P15 76.08 32.7 0 9.78 33.67 957.9 951.73 318.146 667.267 4106.445 1256.409 1000.977 1433.258 504.303 -23.956 3.967 122.375 -32.349 651.398 959.625 225.525 1154.022 730.743 883.942 745.697 1786.041 958.405 -5000 -8.24 -25.024 -8.24 -31.128 66.376 463.257 379.944 945.282 1584.015 90.942 -2144.012 997.467 613.556 25.33 17.395 297.546 2547.455 2503.357 2117.157 1742.706 1386.871 1023.865 664.978 -1341.248 -32.043 -29.449 105.591 2.899 -329.895 -673.676 -1011.353 -1355.286 -1694.031 -2031.708 -2368.927 -2691.498 920.105 1498.566 446.167 90.485 1.373 -349.731 -700.226 437 260 416 36.27 30.35 38 8 2408 1 034
4773399 5626 2025/9/28 14:40:37 P15 76.01 32.62 0 9.83 33.71 957.89 951.72 318.146 669.708 4105.53 1256.561 1001.282 1435.852 505.066 42.877 -32.501 141.754 -33.875 653.076 957.184 224.457 1154.175 730.743 885.773 745.392 1787.872 959.473 -5000 -4.12 -23.499 -67.444 -32.806 64.087 449.829 379.181 944.061 1582.489 112.915 -2143.86 1000.061 614.624 23.346 16.937 297.546 2545.776 2502.136 2112.427 1736.298 1376.19 1012.573 657.349 -1357.422 -31.128 -9.46 104.523 5.188 -333.71 -678.558 -1017.761 -1360.626 -1700.287 -2038.879 -2375.488 -2698.517 919.495 1495.209 446.625 91.858 2.747 -349.579 -703.125 425 260 416 36.21 30.35 38 8 2408 1 034
4773400 5626 2025/9/28 14:40:38 P15 76.05 32.66 0 9.88 33.78 957.93 951.73 317.383 666.046 4104.614 1258.24 1001.434 1429.749 504.303 33.417 -18.005 123.749 -31.891 652.466 957.947 226.135 1154.48 730.133 887.451 747.528 1784.973 959.015 -5000 -0.763 -24.719 15.411 -31.891 65.002 454.559 379.181 945.587 1587.524 101.013 -2144.318 999.603 614.777 16.937 16.785 297.546 2547.455 2502.441 2118.683 1746.674 1396.484 1033.478 678.253 -1356.049 -32.349 -13.733 102.386 5.341 -330.505 -670.929 -1008.759 -1349.945 -1689.301 -2026.52 -2359.161 -2682.8 923.615 1498.718 445.862 92.926 2.136 -345.764 -697.937 438 255 417 36.21 30.35 38 8 2408 1 034
4773401 5626 2025/9/28 14:40:39 P15 76.05 32.65 0 9.75 33.59 957.87 951.74 317.535 664.368 4102.936 1258.087 1001.282 1434.326 503.54 94.604 -3.204 98.877 -33.722 653.534 958.71 226.44 1155.548 731.354 889.282 749.207 1788.025 958.099 -5000 2.441 -25.482 38.147 -32.196 62.408 451.813 378.876 945.892 1585.693 98.877 -2143.555 997.925 614.319 24.872 18.463 298.157 2545.319 2503.204 2118.683 1746.521 1390.686 1029.816 672.455 -1351.166 -34.332 -19.836 103.149 5.493 -330.505 -673.37 -1010.437 -1353.607 -1691.895 -2028.503 -2366.18 -2688.599 920.258 1494.904 446.014 95.215 2.136 -343.018 -693.97 438 255 417 36.23 30.41 38 8 2408 1 034
4773402 5626 2025/9/28 14:40:40 P15 76.12 32.63 0 9.78 33.64 957.9 951.75 315.704 666.504 4095.917 1262.817 1002.502 1434.937 503.998 -95.673 -5.188 82.703 -31.738 652.618 958.252 225.372 1154.327 730.591 890.198 751.343 1793.518 961.761 -5000 -12.36 -23.651 -12.512 -32.196 62.256 451.66 379.639 946.503 1586.456 100.861 -2144.623 998.688 616.302 21.057 20.599 297.852 2546.082 2501.831 2114.41 1739.044 1379.089 1016.998 660.4 -1352.386 -30.67 -5.341 105.591 0.153 -334.778 -679.016 -1016.235 -1359.406 -1698.303 -2035.37 -2372.437 -2693.787 923.157 1498.566 445.251 91.705 2.899 -350.952 -704.346 437 250 418 36.24 30.32 38 8 2408 1 034
4773403 5626 2025/9/28 14:40:41 P15 76.05 32.67 0 9.78 33.6 957.91 951.73 317.841 664.368 4103.241 1259.46 1001.74 1435.242 502.93 -86.517 10.223 103.302 -33.417 653.534 955.811 225.83 1155.701 730.591 891.571 749.207 1790.466 958.405 -5000 -19.073 -24.261 -29.297 -33.722 59.814 452.728 380.096 946.808 1585.999 122.07 -2143.707 1000.671 616.608 18.768 14.954 298.309 2544.25 2502.289 2117.767 1747.437 1394.043 1032.41 680.084 -1360.626 -29.602 -14.191 105.743 1.068 -334.625 -677.032 -1013.641 -1353.912 -1691.589 -2028.656 -2360.84 -2684.479 921.936 1499.329 446.777 92.316 6.409 -347.443 -698.7 424 255 419 36.23 30.31 38 8 2408 1 034
4773404 5626 2025/9/28 14:40:42 P15 76.09 32.62 0 9.65 33.57 957.93 951.76 317.535 665.131 4104.004 1261.749 1001.282 1430.969 503.082 -28.992 -27.313 102.081 -34.485 654.297 957.642 225.983 1155.853 727.386 894.165 749.664 1785.431 960.236 -5000 -30.365 -23.804 21.21 -32.349 61.34 452.423 380.096 948.334 1589.661 109.253 -2144.928 1002.35 617.065 25.177 16.174 297.852 2547.607 2501.831 2121.735 1747.437 1397.4 1036.072 677.795 -1365.662 -31.586 -22.278 102.844 1.831 -330.963 -673.37 -1010.284 -1352.386 -1689.758 -2027.283 -2361.908 -2684.784 919.8 1500.397 445.557 94.147 1.526 -346.985 -698.242 436 255 419 36.23 30.3 38 8 2408 1 034
4773405 5626 2025/9/28 14:40:43 P15 76.04 32.73 0 9.85 33.65 957.91 951.75 317.078 664.825 4107.208 1261.292 1002.502 1435.547 502.472 -28.687 -28.076 112 -32.806 654.755 958.405 225.372 1153.107 729.523 895.081 750.122 1792.145 960.999 -5000 -16.174 -25.177 73.395 -32.959 60.883 453.491 380.554 948.029 1591.339 90.179 -2145.081 1002.655 616.608 18.921 20.294 298.157 2548.828 2504.425 2118.53 1745.453 1390.839 1024.17 666.962 -1373.749 -29.755 -24.414 106.201 5.951 -332.489 -674.438 -1013.489 -1355.286 -1694.031 -2031.708 -2366.943 -2691.04 919.189 1498.26 448.151 92.163 4.425 -347.9 -703.43 439 255 420 36.26 30.25 38 8 2408 1 034
4773406 5626 2025/9/28 14:40:44 P15 76.09 32.59 0 9.71 33.47 957.89 951.73 317.688 661.926 4101.41 1262.36 1003.418 1438.293 502.167 -50.659 -27.771 103.149 -34.332 654.755 957.794 226.593 1156.616 729.523 896.912 749.054 1791.229 959.473 -5000 -19.684 -24.567 70.648 -33.264 63.171 450.745 381.47 949.707 1589.813 98.419 -2143.86 999.908 617.065 26.093 11.902 298.004 2543.793 2501.678 2113.037 1735.229 1375.732 1011.505 656.891 -1368.713 -29.144 -22.888 105.438 3.204 -334.778 -682.068 -1020.66 -1363.678 -1702.728 -2038.727 -2376.709 -2697.601 923.157 1501.312 445.557 90.637 5.493 -351.257 -705.109 437 255 420 36.21 30.26 38 8 2408 1 034
4773407 5626 2025/9/28 14:40:45 P15 76.09 32.76 0 9.77 33.64 957.93 951.76 316.467 665.283 4105.682 1261.444 1003.876 1434.631 502.319 21.515 -1.678 102.234 -34.18 655.67 958.252 226.288 1156.616 727.081 898.132 750.732 1795.654 961.761 -5000 -13.885 -24.872 46.844 -33.264 61.035 453.033 380.707 949.097 1590.576 80.261 -2143.86 1003.265 617.828 18.463 8.24 298.157 2545.929 2502.899 2122.955 1748.352 1398.315 1037.292 679.169 -1365.204 -31.586 -3.357 104.828 5.188 -331.116 -673.523 -1009.827 -1352.234 -1690.216 -2026.978 -2360.382 -2683.258 920.258 1499.634 446.32 93.689 2.136 -345.612 -697.937 436 255 420 36.27 30.24 38 8 2408 1 034
4773408 5626 2025/9/28 14:40:46 P15 76.06 32.7 0 9.77 33.65 957.9 951.75 317.383 661.316 4098.358 1268.005 1003.571 1433.563 502.167 -11.597 -17.548 123.444 -33.569 657.196 958.252 224.609 1156.006 729.37 899.2 752.411 1798.401 959.167 -5000 -13.58 -24.872 -2.441 -32.654 62.408 452.881 381.012 950.775 1592.255 95.978 -2144.318 1002.808 619.507 27.771 15.106 298.462 2543.793 2503.357 2115.631 1745.758 1393.738 1030.426 675.201 -1368.713 -31.586 -7.324 104.065 2.594 -331.726 -674.744 -1012.421 -1354.37 -1693.42 -2030.182 -2361.755 -2687.683 921.173 1501.312 446.625 97.961 2.747 -349.884 -699.005 436 250 421 36.26 30.32 39 8 2408 1 034
4773409 5626 2025/9/28 14:40:47 P15 76.06 32.67 0 9.68 33.59 957.9 951.75 317.383 662.842 4107.208 1265.411 1003.571 1433.411 502.319 -4.73 -16.937 126.495 -33.112 655.975 959.167 226.135 1156.006 728.76 901.794 751.648 1795.197 960.846 -5000 -15.717 -25.482 1.068 -32.043 61.035 455.017 380.859 951.996 1591.187 68.054 -2144.012 1004.486 618.896 15.869 21.057 297.852 2547.455 2503.357 2118.073 1741.638 1386.871 1023.56 662.231 -1370.239 -33.264 -3.51 105.133 3.967 -328.979 -672.913 -1012.573 -1354.675 -1695.709 -2033.386 -2369.08 -2691.193 920.715 1502.38 441.589 91.553 1.831 -347.595 -702.515 418 250 420 36.24 30.19 39 8 2408 1 034
4773410 5626 2025/9/28 14:40:48 P15 76.04 32.67 0 9.58 33.59 957.88 951.77 316.62 661.011 4105.072 1266.174 1003.571 1433.563 501.709 49.438 -48.828 113.831 -33.417 657.043 958.71 226.898 1156.769 728.607 902.1 752.716 1793.976 960.846 -5000 -13.58 -25.024 6.866 -31.891 58.594 454.865 381.165 951.385 1594.238 79.041 -2144.928 1000.824 617.828 20.752 15.869 297.852 2548.218 2504.73 2113.953 1734.009 1378.021 1012.421 655.975 -1379.852 -30.06 -4.12 104.98 4.12 -335.236 -677.032 -1012.268 -1359.558 -1699.829 -2037.659 -2371.063 -2696.838 921.936 1500.244 446.777 89.417 5.798 -350.189 -706.635 440 255 420 36.24 30.19 39 8 2408 1 034
4773411 5626 2025/9/28 14:40:49 P15 76.1 32.71 0 9.77 33.6 957.9 951.75 317.078 664.062 4106.903 1267.09 1004.486 1432.648 501.862 -1.831 -36.774 104.828 -32.806 656.433 958.405 226.898 1157.837 727.539 903.778 754.395 1797.485 962.982 -5000 -15.564 -24.414 -17.09 -33.264 57.831 454.712 381.165 952.454 1593.17 85.144 -2144.47 1005.554 618.439 23.956 18.616 298.157 2547.15 2502.899 2120.972 1752.472 1397.552 1035.919 681.305 -1383.514 -34.943 2.289 104.218 5.035 -332.794 -675.812 -1011.658 -1352.997 -1692.2 -2027.283 -2360.382 -2684.174 922.852 1501.007 441.437 95.215 0.763 -346.68 -695.19 436 255 420 36.23 30.35 39 8 2408 1 034
4773412 5626 2025/9/28 14:40:50 P15 76.1 32.66 0 9.85 33.49 957.88 951.75 316.315 661.469 4098.511 1269.226 1004.181 1435.699 501.709 17.242 -23.041 96.741 -32.196 656.586 959.32 226.593 1157.227 727.844 906.067 756.073 1797.791 961.761 -5000 -10.681 -24.719 59.357 -32.654 59.204 453.339 380.859 953.217 1596.069 97.351 -2144.012 1003.418 620.575 18.616 19.836 298.309 2549.438 2501.526 2116.547 1746.063 1392.975 1030.426 673.981 -1376.343 -32.959 -15.564 103.302 4.73 -331.726 -673.828 -1011.963 -1352.692 -1691.284 -2029.266 -2362.061 -2686.768 921.783 1502.228 447.54 94.604 2.747 -346.68 -697.784 436 250 420 36.27 30.22 39 8 2408 1 034
4773413 5626 2025/9/28 14:40:51 P15 76.05 32.69 0 9.65 33.55 957.91 951.75 317.535 659.027 4100.494 1266.937 1004.028 1438.904 500.488 -11.902 0.61 93.536 -33.875 657.043 956.573 226.288 1156.464 729.37 906.372 753.784 1800.842 960.541 -5000 -11.902 -24.261 5.951 -33.875 56.915 451.508 381.317 954.59 1593.628 118.561 -2143.402 1004.639 619.507 19.073 16.327 299.225 2542.114 2503.204 2115.326 1742.706 1386.108 1021.729 665.894 -1379.852 -33.417 -16.174 103.302 4.883 -330.658 -675.201 -1012.573 -1355.438 -1694.641 -2031.555 -2366.028 -2691.193 921.783 1501.465 446.472 91.858 1.984 -349.884 -701.447 422 255 420 36.26 30.15 40 8 2408 1 034
4773414 5626 2025/9/28 14:40:52 P15 76.01 32.67 0 9.66 33.52 957.94 951.77 317.535 659.027 4097.595 1271.362 1005.402 1437.988 500.488 8.85 25.94 100.708 -34.027 658.112 957.642 227.509 1154.633 727.844 908.203 754.852 1802.826 961.914 -5000 -14.038 -26.093 -25.33 -33.264 59.509 452.271 381.47 954.285 1598.358 94.757 -2143.86 1004.791 620.88 16.632 19.379 299.072 2543.182 2502.441 2113.342 1733.704 1375.58 1012.268 655.06 -1373.444 -33.875 -11.292 104.218 1.373 -333.405 -677.948 -1016.846 -1360.931 -1699.829 -2037.201 -2375.336 -2695.465 922.394 1503.296 444.641 85.754 3.052 -351.257 -707.55 435 255 420 36.28 30.17 40 8 2408 1 034
4773415 5626 2025/9/28 14:40:53 P15 76.05 32.7 0 9.73 33.53 957.92 951.75 316.62 657.806 4100.8 1271.057 1005.249 1436.31 500.183 -150.452 -2.289 133.514 -34.79 658.112 957.794 227.356 1158.142 727.997 909.882 757.446 1803.589 960.999 -5000 -15.106 -24.567 31.738 -32.196 53.558 452.728 381.622 955.2 1596.222 95.062 -2144.47 1005.249 621.643 21.362 15.411 298.92 2542.419 2502.136 2120.667 1748.047 1396.79 1037.292 680.542 -1378.632 -32.043 8.545 105.591 2.747 -332.336 -674.591 -1011.047 -1352.539 -1690.674 -2026.978 -2360.382 -2682.8 923.004 1503.296 444.183 93.079 1.984 -345.154 -696.716 423 255 420 36.24 30.22 40 8 2408 1 034
4773416 5626 2025/9/28 14:40:54 P15 76.1 32.67 0 9.47 33.63 957.89 951.74 317.078 661.011 4102.631 1269.684 1005.096 1437.531 500.488 -58.289 11.444 156.25 -33.264 657.196 959.167 228.271 1158.295 727.997 909.882 757.141 1802.368 962.524 -5000 -3.815 -25.33 -74.921 -33.112 56.152 453.949 381.622 955.658 1596.222 81.787 -2144.012 1005.096 620.88 25.94 18.005 299.072 2548.065 2502.899 2117.462 1744.385 1392.67 1031.189 675.354 -1381.378 -34.332 -7.019 103.76 4.883 -330.811 -671.997 -1011.658 -1352.539 -1689.911 -2027.893 -2362.061 -2686.005 922.089 1501.77 446.777 93.994 1.678 -347.137 -700.684 438 255 420 36.24 30.2 40 8 2408 1 034
4773417 5626 2025/9/28 14:40:55 P15 76.01 32.65 0 9.8 33.5 957.91 951.77 316.162 659.79 4101.562 1270.905 1005.707 1436.005 500.488 118.866 -12.36 103.302 -33.875 658.722 959.015 231.018 1158.6 727.386 912.323 757.141 1803.741 963.593 -5000 -14.648 -24.872 16.174 -32.654 55.389 455.017 381.775 956.879 1593.323 89.569 -2144.928 1005.859 621.033 21.21 13.885 299.225 2548.828 2501.526 2116.089 1744.232 1385.803 1022.491 666.046 -1389.313 -30.212 -29.755 104.98 4.578 -331.879 -674.744 -1013.336 -1354.98 -1694.641 -2031.555 -2368.164 -2692.413 923.157 1501.77 447.235 94.452 4.578 -348.663 -700.378 421 250 420 36.26 30.17 40 8 2408 1 034
4773418 5626 2025/9/28 14:40:56 P15 76.04 32.69 0 9.7 33.59 957.87 951.75 316.62 656.433 4101.257 1272.43 1005.249 1437.836 500.031 -62.408 3.967 127.716 -34.332 659.332 951.233 230.408 1160.431 727.081 913.544 756.378 1802.826 961.456 -5000 -15.717 -26.703 10.529 -33.875 58.136 449.066 382.233 958.252 1599.274 107.422 -2144.47 1006.622 622.253 17.7 11.597 298.92 2543.793 2503.662 2116.699 1741.943 1386.566 1027.832 673.37 -1380.92 -31.738 -3.204 104.675 6.409 -333.405 -676.27 -1013.794 -1356.659 -1694.641 -2030.792 -2365.417 -2686.92 922.699 1502.686 447.235 91.705 6.104 -349.121 -701.904 421 250 420 36.26 30.05 40 8 2408 1 034
4773419 5626 2025/9/28 14:40:57 P15 76.04 32.62 0 9.77 33.62 957.89 951.73 316.162 656.586 4101.868 1272.43 1005.859 1438.293 499.725 -0.458 13.733 121.155 -34.485 659.79 955.505 230.713 1159.363 725.861 914.612 757.294 1804.657 961.609 -5000 -6.561 -26.855 -4.883 -33.722 53.711 452.728 382.385 958.099 1598.969 99.182 -2144.928 1007.538 621.338 21.057 13.275 298.615 2545.471 2503.357 2122.498 1748.505 1397.095 1037.75 681.152 -1390.839 -28.381 -15.411 104.98 1.526 -330.2 -672.455 -1008.301 -1351.776 -1689.453 -2025.909 -2360.687 -2682.495 925.293 1508.331 445.557 93.689 2.747 -347.29 -697.327 434 250 420 36.24 30.14 40 8 2408 1 034
4773420 5626 2025/9/28 14:40:58 P15 76.12 32.79 0 9.7 33.46 957.92 951.75 315.857 654.755 4102.936 1270.752 1005.554 1439.056 499.573 5.035 -11.444 138.245 -34.027 659.485 955.505 231.476 1159.973 726.776 916.443 758.057 1803.894 961.914 -5000 -5.951 -25.635 15.411 -33.264 54.016 450.134 381.927 958.252 1600.8 106.201 -2144.318 1006.165 623.779 21.21 19.226 298.92 2541.656 2502.441 2115.021 1746.521 1391.907 1030.426 675.812 -1390.076 -29.144 -21.515 105.133 -1.373 -332.489 -675.507 -1012.573 -1354.37 -1693.115 -2029.724 -2361.908 -2687.378 924.377 1503.448 447.54 93.384 4.425 -347.29 -697.327 421 250 420 36.23 30.17 40 8 2408 1 034
4773421 5626 2025/9/28 14:40:59 P15 76.12 32.7 0 9.7 33.48 957.9 951.75 316.467 655.823 4106.598 1273.193 1005.859 1434.937 499.573 58.289 -15.259 108.032 -34.637 660.553 960.236 228.729 1158.6 724.64 917.358 758.362 1803.284 963.287 -5000 -12.97 -26.093 39.062 -32.043 51.117 454.712 382.233 959.473 1601.562 98.267 -2145.233 1008.911 622.101 21.057 15.259 298.615 2548.523 2501.831 2114.563 1741.943 1385.498 1021.118 663.91 -1397.095 -28.687 -6.561 104.675 5.035 -331.573 -674.438 -1012.115 -1354.218 -1693.878 -2031.555 -2365.875 -2691.193 923.157 1504.364 447.388 92.621 5.188 -348.969 -701.599 434 250 420 36.23 30.17 40 8 2408 1 034
4773422 5626 2025/9/28 14:41:00 P15 75.98 32.67 0 9.58 33.51 957.9 951.75 315.094 654.144 4103.699 1275.177 1006.47 1437.225 499.268 34.027 11.749 124.512 -34.18 659.79 958.71 231.628 1160.278 723.572 918.884 760.956 1806.946 962.982 -5000 -12.97 -26.093 18.158 -33.722 53.101 452.576 382.69 959.473 1603.088 97.809 -2144.47 1007.233 622.101 19.989 16.479 299.53 2546.692 2503.204 2114.41 1743.164 1391.296 1028.595 674.744 -1402.13 -34.027 -13.428 105.133 5.035 -332.642 -676.422 -1014.709 -1355.286 -1693.268 -2031.403 -2364.349 -2687.225 924.072 1504.974 446.014 91.248 2.594 -349.579 -703.125 434 250 420 36.28 30.09 40 8 2408 1 034
4773423 5626 2025/9/28 14:41:01 P15 76.12 32.62 0 9.65 33.64 957.93 951.75 315.247 654.144 4105.53 1274.872 1006.47 1433.105 498.81 -107.422 -6.866 116.425 -35.095 660.248 957.794 229.95 1159.821 724.64 920.563 761.108 1806.946 964.813 -5000 5.035 -23.651 33.264 -33.722 51.575 451.965 382.385 959.93 1604.309 89.264 -2143.555 1009.827 623.169 17.853 10.376 299.072 2545.929 2501.068 2122.345 1749.115 1398.163 1038.818 680.695 -1399.689 -33.264 -2.441 104.523 4.883 -329.895 -671.234 -1007.996 -1350.861 -1688.995 -2026.062 -2360.687 -2683.563 923.157 1505.432 441.742 92.926 1.831 -349.121 -698.7 420 250 420 36.27 30.14 41 8 2408 1 034
4773424 5626 2025/9/28 14:41:02 P15 76.02 32.71 0 9.66 33.53 957.9 951.76 316.62 651.855 4093.018 1278.687 1007.08 1435.089 499.268 39.062 -16.174 114.899 -34.485 660.706 955.2 230.865 1159.515 724.487 921.021 763.245 1809.845 963.745 -5000 -1.526 -26.855 21.82 -32.349 55.237 450.745 382.233 961.914 1605.835 111.389 -2144.623 1010.132 623.627 17.7 15.869 299.072 2547.913 2502.747 2118.073 1743.164 1390.228 1030.884 671.692 -1402.283 -33.264 1.068 105.591 6.104 -331.116 -673.218 -1010.132 -1354.37 -1692.047 -2028.351 -2365.723 -2687.683 923.462 1505.28 444.489 92.926 0.916 -347.443 -699.158 434 250 420 36.26 30.1 41 8 2408 1 034
4773425 5626 2025/9/28 14:41:03 P15 76.16 32.67 0 9.65 33.47 957.93 951.76 316.315 652.924 4103.088 1276.703 1006.775 1441.345 498.657 -64.392 -0.61 101.013 -35.4 660.4 957.642 230.255 1161.346 725.403 922.394 760.803 1805.725 962.83 -5000 -8.24 -25.482 42.572 -34.18 51.117 452.576 383.148 961.151 1604.309 91.248 -2144.165 1010.895 623.322 18.768 14.496 299.377 2545.776 2502.594 2115.936 1741.638 1387.177 1020.66 664.062 -1406.097 -29.602 -1.221 104.065 3.967 -332.031 -674.286 -1013.489 -1354.98 -1694.336 -2033.386 -2367.554 -2693.024 924.377 1503.143 449.371 91.705 3.662 -348.206 -702.972 412 250 420 36.26 30.07 41 8 2408 1 034
4773426 5626 2025/9/28 14:41:04 P15 75.99 32.66 0 9.68 33.5 957.88 951.77 315.247 652.161 4102.325 1278.076 1008.453 1431.885 498.199 91.4 -20.294 123.901 -34.943 661.774 956.726 229.34 1160.889 724.792 924.225 761.414 1810.913 964.508 -5000 -3.204 -26.093 -4.425 -34.027 50.964 451.202 382.843 961.304 1603.546 90.637 -2144.623 1010.437 623.932 19.379 16.327 299.683 2545.166 2501.831 2115.021 1744.08 1392.822 1030.426 678.253 -1413.116 -30.518 -15.106 105.743 2.441 -333.557 -675.964 -1013.184 -1353.455 -1692.352 -2028.656 -2362.823 -2685.394 924.53 1506.653 446.32 91.4 5.951 -348.969 -699.921 436 250 420 36.26 30.05 41 8 2408 1 034
4773427 5626 2025/9/28 14:41:05 P15 76.01 32.69 0 9.58 33.49 957.9 951.77 316.315 649.414 4100.647 1278.076 1005.707 1438.141 498.047 -50.201 1.068 164.032 -34.18 661.926 957.184 229.34 1160.889 725.25 924.835 763.245 1809.692 963.287 -5000 -7.782 -26.398 69.427 -34.027 51.88 452.423 382.843 963.287 1603.394 86.365 -2144.47 1009.827 623.016 19.073 24.872 299.377 2541.656 2502.899 2117.92 1749.573 1395.416 1034.088 680.847 -1403.503 -28.687 -30.975 108.185 2.136 -333.099 -675.354 -1009.979 -1350.555 -1689.453 -2025.604 -2357.635 -2681.274 924.377 1506.653 446.625 93.536 3.815 -346.832 -695.19 417 255 420 36.27 29.99 42 8 2408 1 034
4773428 5626 2025/9/28 14:41:06 P15 75.97 32.62 0 9.58 33.53 957.91 951.74 316.315 652.161 4096.375 1281.738 1007.385 1434.326 498.505 -72.479 7.782 139.16 -34.485 662.079 955.505 230.103 1161.957 724.03 926.056 763.855 1814.728 965.118 -5000 -5.493 -26.855 65.46 -32.043 52.948 451.66 382.69 964.05 1608.429 95.825 -2145.081 1011.658 623.474 23.193 22.278 298.92 2543.945 2504.12 2118.53 1744.69 1392.059 1030.884 671.997 -1414.185 -29.907 -32.349 105.286 2.289 -333.252 -676.27 -1013.184 -1355.438 -1694.031 -2030.029 -2366.028 -2689.056 922.546 1506.653 447.693 93.079 6.714 -345.306 -698.7 417 255 420 36.21 30 42 8 2408 1 034
4773429 5626 2025/9/28 14:41:07 P15 76.08 32.63 0 9.54 33.51 957.92 951.77 315.857 651.55 4101.562 1278.534 1007.538 1443.024 497.742 61.188 -1.373 140.839 -34.637 662.384 957.336 229.797 1161.194 725.25 926.971 763.55 1808.929 963.898 -5000 -2.747 -26.398 -25.33 -33.417 53.101 450.897 382.538 964.355 1606.293 114.899 -2144.318 1011.2 623.779 19.226 11.902 299.683 2544.098 2504.12 2118.225 1740.417 1382.751 1019.592 660.858 -1414.795 -29.907 -2.441 105.133 4.12 -333.099 -676.117 -1014.252 -1357.422 -1696.32 -2033.234 -2371.674 -2693.481 925.14 1507.111 444.031 90.485 5.493 -352.02 -703.583 433 255 420 36.26 29.99 42 8 2408 1 034
4773430 5626 2025/9/28 14:41:08 P15 76.02 32.71 0 9.73 33.6 957.88 951.74 316.467 650.024 4099.731 1281.281 1007.996 1440.277 497.589 -97.504 -8.545 121.307 -34.637 662.537 957.031 228.729 1161.652 724.945 928.192 764.16 1815.033 963.593 -5000 -4.12 -25.635 -19.379 -34.027 51.575 452.271 382.996 965.424 1601.562 100.708 -2144.928 1011.353 623.169 21.515 16.937 299.377 2541.351 2501.831 2114.258 1743.774 1390.381 1030.121 676.575 -1417.694 -32.654 -8.24 105.438 3.815 -332.794 -677.338 -1013.336 -1354.37 -1692.2 -2028.961 -2360.687 -2684.479 924.377 1507.263 445.251 91.858 2.747 -350.342 -701.141 418 255 420 36.26 30.02 42 8 2408 1 034
4773431 5626 2025/9/28 14:41:09 P15 76.08 32.66 0 9.58 33.29 957.91 951.74 315.704 653.839 4102.936 1280.518 1008.606 1440.582 496.979 97.656 -10.376 128.784 -34.027 663.605 959.625 229.187 1159.821 724.64 929.871 764.923 1814.117 966.187 -5000 -3.204 -26.398 -16.479 -32.959 50.659 455.017 382.843 964.661 1607.208 113.525 -2144.47 1010.437 623.169 19.379 17.395 299.377 2547.76 2502.136 2120.667 1746.674 1396.027 1033.63 677.643 -1421.051 -30.67 9.918 104.523 6.561 -332.336 -673.065 -1011.047 -1352.386 -1689.758 -2027.435 -2358.398 -2681.274 924.683 1507.111 446.777 92.926 2.747 -345.459 -696.716 433 255 420 36.26 30.02 42 8 2408 1 034
4773432 5626 2025/9/28 14:41:10 P15 75.99 32.65 0 9.78 33.39 957.9 951.76 315.247 649.872 4104.004 1282.196 1009.064 1430.817 496.826 -18.463 -6.409 122.986 -34.18 663.605 959.015 230.103 1161.804 723.419 930.939 764.771 1813.049 966.949 -5000 -13.275 -26.703 0.916 -33.112 52.795 454.559 383.148 966.187 1609.955 126.343 -2144.47 1013.031 623.322 20.752 15.259 299.988 2548.676 2502.289 2119.598 1743.164 1390.686 1028.9 670.013 -1421.204 -28.687 -23.804 106.201 2.441 -334.625 -674.896 -1012.726 -1354.523 -1692.505 -2030.487 -2365.112 -2687.531 926.666 1508.789 446.777 92.926 3.357 -346.375 -699.921 433 260 420 36.26 30.04 42 8 2408 1 034
4773433 5626 2025/9/28 14:41:11 P15 76.06 32.6 0 9.61 33.47 957.9 951.77 315.704 652.771 4104.614 1282.196 1008.453 1441.193 497.437 -74.615 -35.706 119.019 -34.485 663.91 956.421 229.187 1162.415 723.572 931.702 765.839 1816.559 965.729 -5000 -12.817 -27.466 -1.068 -32.349 48.218 450.745 383.148 965.424 1605.377 106.659 -2144.165 1013.184 624.084 25.482 15.411 299.53 2545.471 2503.052 2115.173 1741.943 1384.583 1024.628 669.708 -1423.95 -31.281 -3.204 105.133 5.493 -333.252 -677.795 -1014.557 -1357.269 -1695.862 -2032.471 -2368.317 -2689.514 924.377 1506.958 446.93 90.942 -0.153 -348.816 -700.989 411 255 420 36.23 30 42 8 2408 1 034
4773434 5626 2025/9/28 14:41:12 P15 75.98 32.6 0 9.63 33.47 957.89 951.75 314.331 650.024 4104.767 1281.738 1009.216 1441.193 496.674 -0.763 -9.003 99.03 -34.637 664.062 959.32 230.103 1162.262 723.267 933.228 767.059 1815.186 966.797 -5000 -3.815 -27.618 45.624 -33.569 48.37 452.728 383.301 966.187 1601.715 111.237 -2143.555 1013.641 625 13.428 15.869 298.92 2546.692 2503.815 2115.631 1745.605 1393.89 1031.342 677.948 -1430.206 -29.297 -5.341 107.269 5.035 -334.778 -677.49 -1014.252 -1354.828 -1692.81 -2028.961 -2361.603 -2686.005 926.208 1509.399 448.151 91.705 3.967 -346.985 -698.09 420 255 420 36.24 30.07 42 8 2408 1 034
4773435 5626 2025/9/28 14:41:13 P15 75.97 32.7 0 9.59 33.45 957.9 951.76 315.552 652.466 4107.056 1284.027 1008.453 1439.819 496.674 -16.937 -8.087 106.354 -34.18 664.215 959.167 227.661 1162.72 723.114 934.296 767.822 1816.864 966.034 -5000 1.221 -27.313 63.324 -32.654 47.607 455.017 383.453 967.102 1605.988 99.487 -2144.928 1014.557 625 20.905 20.752 299.988 2546.539 2503.967 2119.141 1749.725 1396.484 1034.393 681 -1427.002 -31.891 -8.545 105.896 4.425 -331.268 -674.286 -1012.115 -1352.539 -1691.132 -2028.046 -2359.772 -2684.784 924.988 1508.331 446.777 94.91 2.136 -347.29 -698.242 432 255 419 36.24 29.92 42 8 2408 1 034
4773436 5626 2025/9/28 14:41:14 P15 75.91 32.76 0 9.7 33.48 957.9 951.76 316.01 647.125 4099.884 1282.959 1008.911 1440.582 496.521 -0.916 -19.073 90.485 -34.637 664.368 957.642 229.492 1162.872 723.114 934.296 767.365 1815.796 965.271 -5000 0.153 -27.771 -11.292 -33.875 53.253 451.66 382.996 968.17 1610.565 99.03 -2144.318 1014.252 625.61 19.531 18.463 300.446 2543.488 2503.815 2116.699 1746.979 1389.618 1028.9 672.76 -1435.699 -31.128 -12.665 107.269 3.662 -332.336 -675.659 -1012.726 -1353.455 -1692.505 -2029.266 -2365.265 -2689.362 926.819 1511.078 445.862 92.621 5.188 -342.102 -691.833 423 255 418 36.21 29.89 42 8 2408 1 034
4773437 5626 2025/9/28 14:41:15 P15 75.98 32.67 0 9.65 33.45 962.55 951.77 316.467 647.278 4098.511 1287.079 1009.521 1439.667 496.826 14.496 -29.297 98.267 -34.332 664.673 957.336 229.95 1162.72 724.182 936.279 769.806 1820.831 965.424 -5000 -3.815 -26.703 -78.125 -34.18 47.302 450.439 383.453 969.086 1612.701 104.065 -2144.928 1012.726 625.305 21.057 21.667 300.446 2542.877 2502.594 2114.41 1742.554 1386.261 1025.848 671.997 -1432.953 -28.076 -28.687 106.812 5.341 -335.083 -678.864 -1016.083 -1358.337 -1695.709 -2031.555 -2366.18 -2688.293 926.361 1508.484 447.54 90.942 4.272 -351.257 -701.904 433 260 418 36.24 29.86 42 8 2408 1 034
4773438 5626 2025/9/28 14:41:16 P15 75.99 32.71 0 9.56 33.5 962.53 951.74 315.704 648.041 4100.647 1286.316 1009.674 1438.446 496.826 12.207 -16.327 118.713 -34.332 664.673 959.167 229.492 1162.72 722.046 937.805 770.874 1819.458 969.543 -5000 -12.817 -28.381 31.128 -32.806 48.37 455.627 383.453 970.459 1609.039 96.893 -2144.47 1013.947 625.458 19.989 14.496 299.53 2547.913 2503.052 2117.615 1748.047 1392.059 1032.104 677.948 -1437.683 -30.365 -8.24 106.812 4.12 -333.252 -677.49 -1013.336 -1355.438 -1694.183 -2029.572 -2362.366 -2685.547 925.751 1511.993 446.472 90.79 2.594 -349.274 -698.853 422 260 418 36.24 30.04 42 8 2408 1 034
4773439 5626 2025/9/28 14:41:17 P15 75.93 32.66 0 9.65 33.55 962.58 951.74 314.178 648.499 4103.394 1287.842 1009.827 1429.443 496.063 -32.349 -23.804 77.515 -32.959 665.283 959.167 230.408 1162.567 720.673 938.263 770.111 1819.458 968.323 -5000 -7.782 -27.161 41.504 -32.806 47.607 454.102 383.759 970.154 1614.075 94.91 -2144.47 1013.641 625.305 17.7 10.376 299.835 2547.913 2501.984 2122.955 1748.199 1395.569 1036.072 678.253 -1441.65 -31.433 8.698 103.149 5.188 -331.421 -672.302 -1008.148 -1352.234 -1690.216 -2026.52 -2361.908 -2683.258 925.293 1510.468 445.862 91.095 0.763 -345.306 -696.716 422 255 417 36.21 29.92 43 8 2408 1 034
4773440 5626 2025/9/28 14:41:18 P15 75.99 32.66 0 9.7 33.33 962.55 951.75 315.552 646.515 4095.917 1288.91 1008.606 1436.92 495.758 -15.564 -4.272 81.329 -34.637 665.588 956.116 229.034 1163.635 722.504 940.247 770.569 1820.221 967.712 -5000 -12.207 -26.093 30.365 -31.738 50.354 451.965 384.827 970.306 1614.227 96.436 -2144.928 1015.472 626.984 20.447 14.648 300.293 2543.793 2503.51 2116.547 1746.826 1388.245 1027.069 670.776 -1438.904 -29.755 5.035 105.743 1.831 -331.726 -675.964 -1012.115 -1355.133 -1695.251 -2031.86 -2366.638 -2692.261 927.429 1511.688 444.794 91.4 1.678 -347.443 -697.479 432 255 416 36.27 29.89 43 8 2408 1 034
4773441 5626 2025/9/28 14:41:19 P15 75.99 32.73 0 9.49 33.35 962.53 951.74 313.721 647.888 4104.919 1288.3 1010.132 1433.868 495.453 -5.951 17.242 105.133 -35.553 665.894 958.71 228.882 1163.94 722.656 941.01 773.01 1822.51 968.781 -5000 -16.632 -27.466 -3.204 -33.417 46.539 451.05 384.064 969.543 1609.955 93.079 -2144.012 1016.388 626.526 16.022 16.327 299.683 2545.471 2501.221 2116.547 1740.112 1388.55 1026.154 669.556 -1441.193 -29.144 2.289 107.88 1.373 -323.334 -670.166 -1009.521 -1353.149 -1692.047 -2030.029 -2366.638 -2687.225 928.192 1513.367 444.183 90.637 1.984 -348.358 -702.057 432 255 416 36.28 29.91 43 8 2408 1 034
4773442 5626 2025/9/28 14:41:20 P15 76.08 32.6 0 9.73 33.52 962.54 951.75 315.704 648.499 4096.375 1290.588 1010.284 1441.345 494.995 49.286 -22.43 151.825 -34.18 665.283 958.405 227.814 1164.246 722.504 942.23 774.536 1825.104 968.475 -5000 -12.97 -27.313 11.902 -32.501 46.234 452.728 384.521 970.764 1609.65 99.03 -2144.012 1014.862 626.984 16.632 21.82 299.988 2545.319 2502.136 2116.852 1747.894 1394.501 1032.867 679.321 -1439.056 -34.027 -13.885 103.76 4.73 -331.879 -675.507 -1011.658 -1353.149 -1691.895 -2027.283 -2359.009 -2683.411 926.361 1510.01 445.404 91.858 2.136 -349.884 -699.615 418 260 414 36.28 29.91 43 8 2408 1 034
4773443 5626 2025/9/28 14:41:21 P15 75.97 32.65 0 9.53 33.36 962.52 951.75 314.789 642.242 4104.156 1286.774 1010.284 1442.108 495.3 -23.041 -31.281 129.242 -35.248 666.809 958.557 227.051 1164.246 721.13 942.841 772.4 1816.559 967.712 -5000 -11.597 -27.466 -30.975 -33.875 45.166 452.271 384.064 971.985 1615.295 97.504 -2144.775 1016.693 626.984 23.193 17.548 300.293 2545.776 2502.747 2120.667 1746.826 1394.958 1034.546 678.558 -1444.092 -32.349 -7.935 106.659 1.831 -332.336 -672.913 -1010.437 -1351.166 -1688.995 -2026.062 -2358.856 -2682.343 926.819 1512.146 445.251 91.553 3.967 -344.238 -696.869 431 260 414 36.26 29.91 43 8 2408 1 034
4773444 5626 2025/9/28 14:41:22 P15 75.98 32.76 0 9.81 33.37 962.53 951.78 315.247 642.7 4102.478 1290.283 1010.742 1443.176 495.605 14.496 -9.003 149.231 -34.637 666.656 953.369 227.814 1164.398 720.52 944.214 772.247 1821.899 966.187 -5000 -22.125 -28.076 39.673 -33.112 45.624 449.066 383.453 971.68 1614.075 98.419 -2144.47 1016.693 627.594 21.362 26.703 299.53 2545.471 2502.136 2116.089 1741.638 1388.55 1026.154 669.403 -1450.043 -29.449 -15.717 105.286 3.204 -333.099 -674.133 -1012.726 -1354.065 -1692.657 -2030.334 -2366.18 -2689.514 925.751 1510.162 446.32 95.673 4.883 -345.306 -699.768 419 260 414 36.26 29.86 43 8 2408 1 034
4773445 5626 2025/9/28 14:41:23 P15 75.98 32.76 0 9.81 33.41 962.55 951.78 315.094 645.447 4096.222 1291.351 1010.437 1442.871 494.69 22.43 13.275 124.664 -34.18 666.656 958.71 228.119 1162.262 722.198 945.435 776.062 1823.425 967.712 -5000 -7.019 -27.924 -6.409 -32.806 45.013 451.965 383.453 973.358 1617.126 90.942 -2144.47 1015.778 628.052 23.346 20.142 299.835 2549.591 2502.441 2115.784 1739.197 1388.092 1028.29 671.692 -1458.435 -31.738 -14.648 104.98 6.866 -332.794 -677.032 -1015.625 -1359.253 -1695.557 -2032.013 -2368.011 -2688.293 926.056 1509.705 446.014 91.248 2.594 -347.9 -701.294 432 255 413 36.26 29.84 43 8 2408 1 034
4773446 5626 2025/9/28 14:41:24 P15 76.04 32.69 0 9.71 33.35 962.55 951.76 315.399 642.242 4096.832 1291.809 1011.81 1439.514 495.148 21.667 -23.346 134.735 -33.875 667.267 959.473 227.356 1163.94 720.52 946.198 776.062 1822.968 967.102 -5000 -10.071 -28.381 -7.477 -32.806 45.929 452.271 383.911 972.9 1607.361 102.081 -2144.775 1016.846 629.425 28.076 16.327 300.598 2550.049 2502.594 2117.157 1750.336 1393.433 1033.783 680.695 -1457.367 -28.992 -26.245 106.201 1.678 -335.693 -679.321 -1014.862 -1355.286 -1694.794 -2030.029 -2362.213 -2686.005 928.04 1512.756 447.998 91.858 5.798 -347.748 -698.395 415 255 413 36.28 29.89 43 8 2408 1 034
4773447 5626 2025/9/28 14:41:25 P15 75.95 32.71 0 9.56 33.35 962.54 951.76 314.331 643.005 4104.767 1289.062 1011.81 1443.176 494.69 -66.528 17.395 120.087 -35.553 667.725 957.031 226.898 1164.551 720.52 947.571 774.994 1817.169 968.628 -5000 -24.261 -27.771 -64.24 -33.722 43.945 451.05 383.453 973.053 1616.821 109.406 -2144.623 1017.761 628.815 23.193 18.463 301.056 2545.929 2503.51 2116.547 1747.894 1394.806 1031.647 676.88 -1457.062 -33.112 0 105.896 1.526 -331.421 -674.744 -1011.658 -1353.607 -1692.352 -2027.893 -2358.856 -2684.631 928.04 1512.451 444.336 93.231 2.136 -349.426 -698.09 433 260 412 36.24 29.84 43 8 2408 1 034
4773448 5626 2025/9/28 14:41:26 P15 76.08 32.69 0 9.71 33.28 962.55 951.75 315.247 645.294 4107.056 1292.267 1011.353 1442.108 495.3 2.136 -21.667 111.847 -33.875 667.572 958.405 227.356 1165.161 720.062 948.029 775.146 1827.545 968.323 -5000 -20.142 -28.229 -25.635 -32.196 45.013 454.102 383.911 974.731 1613.922 101.318 -2145.233 1019.287 628.357 15.564 18.616 300.751 2546.997 2501.678 2113.647 1738.434 1385.345 1020.203 664.368 -1456.604 -33.264 -28.992 106.201 4.12 -334.167 -679.016 -1016.998 -1358.643 -1697.083 -2035.675 -2370.911 -2692.566 927.582 1510.773 445.251 88.501 1.831 -349.884 -706.787 416 260 411 36.27 29.78 43 8 2408 1 034
4773449 5626 2025/9/28 14:41:27 P15 76.04 32.69 0 9.54 33.32 962.54 951.76 314.789 640.717 4103.394 1292.572 1011.2 1443.634 494.08 -8.545 1.984 98.572 -35.706 667.725 957.031 227.203 1165.771 721.13 949.402 776.062 1827.698 966.492 -5000 -1.221 -28.534 8.392 -32.806 43.03 451.813 383.606 974.579 1614.227 86.67 -2145.081 1013.947 629.272 21.21 18.463 300.14 2544.25 2501.984 2116.089 1741.638 1387.634 1028.137 672.607 -1459.045 -30.06 -31.433 106.506 4.272 -333.862 -676.88 -1014.099 -1356.201 -1694.031 -2030.182 -2366.638 -2687.225 927.582 1511.993 446.014 90.179 5.035 -348.206 -701.752 416 260 411 36.24 29.81 43 8 2408 1 034
4773450 5626 2025/9/28 14:41:28 P15 75.91 32.66 0 9.61 33.37 962.54 951.75 314.789 643.005 4106.903 1293.488 1012.878 1441.04 493.622 -102.844 -14.954 131.989 -33.722 669.098 956.573 230.408 1164.551 719.604 950.47 774.078 1829.376 969.238 -5000 0.458 -27.466 6.866 -32.043 44.708 452.271 384.979 974.731 1614.685 86.975 -2144.775 1018.524 628.815 19.836 19.226 300.446 2546.997 2503.815 2120.667 1748.81 1394.653 1034.851 678.864 -1460.266 -31.586 -19.989 109.406 0.916 -334.32 -675.964 -1011.2 -1352.844 -1690.979 -2027.74 -2362.823 -2683.716 930.023 1513.367 444.641 92.773 2.441 -348.511 -701.141 429 255 411 36.26 29.84 43 8 2408 1 034
4773451 5626 2025/9/28 14:41:29 P15 75.82 32.69 0 9.59 33.35 962.52 951.73 315.094 641.327 4098.969 1293.793 1012.115 1441.956 494.08 -16.022 -19.836 98.877 -34.332 668.64 956.726 227.814 1164.856 720.367 951.538 776.978 1826.782 968.018 -5000 -1.678 -27.924 31.891 -33.417 43.182 451.66 382.385 975.952 1620.636 85.297 -2144.47 1017.609 629.883 24.872 10.223 300.751 2543.03 2501.068 2118.683 1745.605 1394.196 1034.698 676.575 -1469.269 -32.196 -6.866 104.218 5.341 -332.794 -674.133 -1011.81 -1354.523 -1692.2 -2028.656 -2364.655 -2686.768 928.497 1510.315 445.557 92.316 3.204 -345.154 -696.411 417 255 410 36.2 29.82 43 8 2408 1 034
4773452 5626 2025/9/28 14:41:30 P15 75.98 32.63 0 9.66 33.34 962.55 951.75 314.941 640.564 4106.14 1293.793 1011.658 1441.193 494.08 -2.289 -22.125 131.226 -35.4 668.945 957.947 228.271 1165.466 719.91 951.996 777.283 1827.85 969.086 -5000 -9.003 -27.618 -3.815 -33.112 43.64 452.728 383.911 976.715 1620.026 93.689 -2144.012 1020.203 628.815 31.128 17.548 300.293 2548.065 2501.526 2117.004 1743.164 1385.803 1024.628 669.403 -1466.98 -29.297 -22.888 106.964 4.578 -334.778 -680.084 -1016.235 -1359.253 -1698.151 -2034.302 -2372.742 -2692.871 927.734 1513.519 447.388 91.248 6.714 -349.579 -701.904 417 255 410 36.28 29.83 44 8 2408 1 034
4773453 5626 2025/9/28 14:41:31 P15 75.93 32.63 0 9.57 33.3 962.55 951.74 314.941 642.395 4106.75 1293.945 1012.421 1443.176 493.469 24.567 -32.349 98.724 -34.79 669.098 958.862 228.119 1165.771 718.231 952.911 776.215 1831.36 968.475 -5000 -12.512 -28.687 18.921 -31.586 42.725 454.102 384.369 977.631 1618.347 112.457 -2145.233 1020.66 628.967 34.027 21.21 300.293 2546.997 2501.831 2114.563 1743.011 1388.702 1026.001 672.302 -1464.996 -32.806 -13.885 106.506 2.441 -332.489 -676.727 -1014.862 -1356.354 -1694.489 -2031.097 -2363.739 -2686.157 928.345 1513.977 444.336 89.722 3.357 -349.274 -702.667 416 255 410 36.28 29.83 44 8 2408 1 034
4773454 5626 2025/9/28 14:41:32 P15 75.92 32.62 0 9.73 33.28 962.55 951.77 314.331 639.038 4104.156 1295.471 1012.268 1442.566 493.469 3.204 4.425 105.591 -35.553 669.25 958.71 228.271 1166.229 718.689 953.827 775.757 1829.224 968.933 -5000 -3.815 -27.161 15.259 -33.722 41.809 451.355 384.674 976.868 1622.314 107.269 -2144.775 1019.745 629.12 16.937 14.191 300.446 2547.607 2504.12 2119.904 1750.793 1400.452 1036.835 680.542 -1469.879 -29.907 -4.73 106.049 2.289 -332.947 -674.438 -1011.81 -1351.624 -1689.148 -2026.367 -2359.619 -2682.19 928.65 1515.503 445.709 91.095 2.899 -346.222 -697.937 417 255 410 36.23 29.71 44 8 2408 1 034
4773455 5626 2025/9/28 14:41:33 P15 75.97 32.69 0 9.54 33.43 962.55 951.76 315.552 641.174 4094.696 1297.76 1012.573 1442.413 493.164 8.545 -2.136 115.356 -35.706 668.793 958.099 228.271 1166.229 719.452 954.895 781.097 1834.412 970.001 -5000 -13.58 -27.771 -3.815 -32.806 41.504 454.712 384.064 977.478 1622.62 95.215 -2145.081 1016.388 628.815 25.787 16.632 301.056 2546.082 2502.136 2115.326 1745.3 1393.738 1029.816 675.812 -1470.032 -32.196 -8.85 105.591 3.967 -331.573 -672.302 -1010.742 -1352.386 -1691.895 -2029.114 -2361.755 -2687.073 928.04 1511.23 445.099 93.079 4.425 -347.137 -698.547 431 255 410 36.3 29.88 44 8 2408 1 034
4773456 5626 2025/9/28 14:41:34 P15 75.85 32.62 0 9.51 33.29 962.55 951.76 315.094 640.411 4100.342 1296.692 1013.184 1443.176 494.08 38.452 -9.308 116.577 -34.943 669.098 957.794 227.814 1165.924 719.147 955.963 779.114 1833.496 969.543 -5000 -1.526 -28.992 -7.172 -31.586 40.131 452.423 383.759 978.546 1617.584 126.801 -2144.775 1018.829 629.425 20.905 14.496 300.751 2547.76 2502.899 2112.885 1741.18 1385.345 1015.625 664.673 -1462.708 -27.466 -7.019 108.185 0.61 -333.71 -677.185 -1015.625 -1357.269 -1697.083 -2033.386 -2366.791 -2691.04 928.192 1517.334 446.777 97.046 3.204 -350.952 -702.209 430 255 410 36.26 29.79 44 8 2408 1 034
4773457 5626 2025/9/28 14:41:35 P15 75.91 32.66 0 9.65 33.29 962.55 951.77 315.094 636.597 4100.037 1297.76 1012.878 1442.413 493.317 157.166 1.373 119.324 -36.774 669.403 957.489 228.119 1166.687 719.299 956.421 780.64 1835.022 968.17 -5000 -0.916 -29.144 -9.918 -33.722 38.91 452.118 384.674 978.699 1620.941 104.218 -2145.081 1018.066 627.594 16.632 16.479 300.903 2542.572 2501.831 2115.173 1744.232 1391.754 1029.816 676.117 -1462.555 -32.501 -23.804 107.422 2.136 -333.862 -678.253 -1015.625 -1355.896 -1694.794 -2031.25 -2363.739 -2686.31 929.26 1515.045 444.489 90.637 1.831 -349.884 -700.836 433 255 410 36.27 29.71 44 8 2408 1 034
4773458 5626 2025/9/28 14:41:36 P15 75.97 32.63 0 9.66 33.42 962.55 951.76 314.789 636.292 4100.037 1300.201 1012.726 1441.04 493.469 -30.975 0.305 99.945 -34.027 670.471 957.947 228.271 1166.534 718.536 958.099 781.25 1835.632 968.781 -5000 1.221 -29.907 27.771 -32.196 41.504 452.271 384.979 979.004 1623.84 113.068 -2144.775 1018.372 629.73 14.648 15.259 301.361 2543.182 2502.136 2120.361 1751.251 1396.484 1036.224 682.22 -1468.658 -32.349 -22.43 106.354 1.831 -333.252 -669.708 -1009.674 -1352.539 -1691.742 -2028.046 -2360.992 -2683.563 928.65 1514.893 442.505 93.994 2.747 -346.375 -696.106 430 255 410 36.26 29.83 44 8 2408 1 034
4773459 5626 2025/9/28 14:41:37 P15 75.92 32.63 0 9.51 33.42 962.54 951.76 315.399 639.954 4101.41 1297.913 1012.878 1443.787 493.164 -32.959 -26.855 96.283 -31.738 669.708 959.778 226.746 1166.077 719.604 958.405 780.334 1835.022 969.849 -5000 -16.174 -28.839 44.556 -34.18 40.894 455.017 383.911 977.783 1621.094 125.885 -2144.775 1019.44 629.578 16.785 13.58 300.903 2548.065 2501.373 2123.871 1750.336 1395.416 1030.426 674.286 -1473.846 -28.076 -14.954 109.1 2.899 -331.726 -673.828 -1011.963 -1352.997 -1692.047 -2028.961 -2363.281 -2687.531 929.108 1515.198 444.336 91.705 4.12 -346.985 -698.09 430 255 410 36.26 29.68 44 8 2408 1 034
4773460 5626 2025/9/28 14:41:38 P15 75.97 32.71 0 9.63 33.28 962.55 951.74 314.178 636.749 4106.598 1299.133 1012.726 1442.566 492.401 -57.831 -19.989 81.329 -34.943 670.929 958.557 227.051 1166.382 717.926 959.625 781.403 1833.801 970.459 -5000 -6.714 -28.687 48.37 -33.569 40.741 454.407 385.437 980.53 1624.298 99.792 -2144.165 1021.729 629.12 19.379 17.548 300.903 2547.76 2502.747 2116.089 1738.739 1386.871 1025.543 668.64 -1472.778 -34.332 -11.749 103.302 5.188 -332.642 -676.88 -1014.252 -1356.964 -1695.099 -2032.623 -2367.859 -2688.751 929.108 1513.519 444.641 90.179 1.373 -349.731 -704.651 430 255 410 36.28 29.81 45 8 2408 1 034
4773461 5626 2025/9/28 14:41:39 P15 75.92 32.69 0 9.68 33.28 962.55 951.73 313.568 634.766 4105.225 1299.591 1013.184 1436.31 491.943 -67.749 -38.757 80.109 -34.18 670.776 959.167 227.203 1167.145 717.01 960.236 781.097 1834.717 970.764 -5000 -5.035 -28.687 -27.618 -32.196 42.725 453.644 385.437 982.208 1622.009 82.245 -2144.623 1022.186 629.883 19.073 13.275 301.514 2547.76 2502.441 2115.173 1744.69 1392.365 1029.053 677.338 -1472.168 -29.144 2.594 106.812 0.763 -337.83 -679.626 -1016.388 -1356.812 -1695.099 -2031.708 -2364.349 -2688.141 930.328 1515.961 445.099 90.485 3.357 -348.511 -699.615 409 255 410 36.24 29.72 45 8 2408 1 034
4773462 5626 2025/9/28 14:41:40 P15 75.95 32.63 0 9.71 33.28 962.56 951.74 315.399 634.003 4099.274 1297.302 1013.489 1443.939 492.096 138.092 -28.992 138.855 -35.248 670.471 955.353 227.203 1166.84 718.079 960.693 780.64 1832.428 968.781 -5000 1.068 -28.687 -7.019 -34.027 42.877 452.423 384.369 982.666 1621.246 90.79 -2144.928 1022.644 630.493 22.43 12.97 301.208 2542.419 2501.526 2122.345 1748.81 1396.942 1036.835 680.542 -1469.269 -28.381 -0.763 107.422 4.883 -332.184 -673.981 -1010.132 -1352.844 -1689.911 -2025.146 -2361.755 -2684.021 929.871 1513.977 445.404 93.842 3.662 -347.443 -697.632 413 255 410 36.23 29.61 45 8 2408 1 034
4773463 5626 2025/9/28 14:41:41 P15 75.92 32.76 0 9.63 33.27 962.56 951.78 314.331 634.613 4102.173 1300.354 1014.252 1445.312 492.401 -101.166 -33.569 132.904 -36.469 671.234 958.099 226.898 1165.619 718.689 962.067 782.318 1833.801 968.628 -5000 -8.087 -28.381 41.656 -34.332 38.757 451.05 384.064 981.445 1625.824 87.433 -2145.081 1020.508 630.798 20.142 18.616 301.666 2544.25 2502.594 2117.31 1746.521 1389.008 1029.205 672.913 -1469.574 -28.992 -10.071 106.201 3.052 -333.557 -676.117 -1013.336 -1357.117 -1694.183 -2029.419 -2366.486 -2689.209 926.971 1514.282 446.32 92.163 4.12 -345.917 -697.021 414 255 410 36.23 29.61 45 8 2408 1 034
4773464 5626 2025/9/28 14:41:42 P15 75.93 32.62 0 9.59 33.31 962.54 951.75 314.484 636.292 4094.543 1303.558 1014.252 1445.618 491.486 -2.289 -0.61 116.882 -35.095 671.387 958.405 227.509 1167.297 717.773 962.982 785.675 1837.616 970.917 -5000 -10.681 -28.229 0.61 -33.112 38.147 450.592 384.369 982.361 1627.045 86.823 -2144.928 1021.271 630.646 21.82 16.174 302.277 2549.133 2503.357 2114.41 1744.08 1386.719 1022.644 668.945 -1469.574 -28.839 -15.411 105.438 4.578 -335.236 -677.948 -1016.846 -1357.727 -1695.862 -2033.539 -2367.706 -2689.514 928.955 1512.604 445.557 90.027 4.73 -345.764 -702.057 411 260 410 36.24 29.71 45 8 2408 1 034
4773465 5626 2025/9/28 14:41:43 P15 75.91 32.65 0 9.61 33.31 962.54 951.75 315.247 630.798 4099.731 1303.406 1013.336 1443.634 492.249 -20.142 1.221 89.569 -35.095 671.844 951.843 228.119 1167.603 717.926 964.355 782.318 1839.752 969.543 -5000 -11.749 -28.992 30.212 -33.569 36.926 448.761 384.979 982.361 1626.434 126.648 -2144.47 1021.423 630.646 20.905 10.986 301.971 2542.725 2503.204 2114.41 1744.843 1394.043 1031.647 674.591 -1481.476 -27.924 11.597 105.591 3.967 -334.015 -675.964 -1013.641 -1354.37 -1692.505 -2028.198 -2360.382 -2685.089 931.396 1513.977 445.251 90.942 5.188 -346.985 -697.937 417 255 410 36.26 29.66 45 8 2408 1 034
4773466 5626 2025/9/28 14:41:44 P15 75.86 32.63 0 9.73 33.33 962.57 951.76 313.873 632.782 4098.053 1301.88 1015.167 1442.719 491.943 -62.714 -1.373 99.487 -35.4 671.692 958.862 229.187 1166.84 716.4 964.508 786.285 1834.869 970.764 -5000 -6.104 -29.297 31.586 -32.043 42.572 453.186 384.827 983.887 1626.74 111.542 -2145.233 1023.254 631.104 23.041 18.311 293.884 2549.286 2502.441 2120.972 1748.81 1394.958 1035.919 678.253 -1481.934 -27.618 -5.951 108.337 2.747 -333.252 -674.133 -1009.369 -1352.539 -1690.369 -2026.215 -2360.992 -2683.105 928.65 1517.487 443.878 93.079 1.678 -347.137 -697.327 430 255 410 36.26 29.7 45 8 2408 1 034
4773467 5626 2025/9/28 14:41:45 P15 75.95 32.7 0 9.63 33.19 962.54 951.74 314.331 634.613 4095.306 1303.711 1013.947 1444.855 491.028 43.793 -33.875 101.013 -34.943 669.708 959.015 229.492 1168.518 716.858 965.576 787.506 1839.142 971.222 -5000 2.747 -29.144 48.981 -33.417 35.858 452.423 384.827 984.65 1626.892 107.117 -2144.623 1022.644 632.172 27.161 21.973 301.971 2550.049 2501.221 2112.427 1734.619 1379.7 1015.93 662.537 -1477.509 -28.687 -13.733 106.354 3.51 -335.999 -679.016 -1019.897 -1360.474 -1699.066 -2037.048 -2372.589 -2693.634 929.718 1514.74 446.014 86.67 4.272 -351.715 -708.923 420 255 410 36.23 29.76 45 8 2408 1 034
4773468 5626 2025/9/28 14:41:46 P15 75.93 32.67 0 9.71 33.2 962.54 951.75 313.873 633.85 4102.173 1303.253 1014.862 1444.397 491.638 -44.098 -38.147 89.264 -33.569 672.455 960.541 228.577 1167.755 716.248 966.949 786.591 1839.447 972.29 -5000 -16.174 -29.602 79.498 -32.959 40.436 454.865 384.979 984.497 1625.214 107.422 -2144.623 1022.186 630.951 20.294 17.395 301.056 2548.218 2503.052 2115.784 1742.096 1389.771 1025.085 673.828 -1481.018 -29.144 -18.921 107.574 3.662 -336.304 -678.406 -1016.846 -1357.269 -1695.099 -2032.318 -2365.875 -2688.293 928.955 1514.282 446.32 88.348 2.441 -345.764 -701.752 431 250 410 36.28 29.7 45 8 2408 1 034
4773469 5626 2025/9/28 14:41:47 P15 75.88 32.67 0 9.59 33.13 962.58 951.74 314.178 630.798 4101.715 1304.016 1014.862 1444.702 491.18 -122.07 -8.698 100.708 -36.774 671.997 956.268 228.271 1168.671 715.637 968.018 785.065 1840.363 969.696 -5000 -7.629 -30.06 20.142 -33.112 36.774 451.813 385.132 986.176 1626.129 117.035 -2144.47 1021.118 632.477 20.905 17.853 301.361 2545.624 2502.747 2117.31 1749.878 1395.264 1035.004 681.305 -1486.511 -31.586 -14.954 106.354 3.662 -330.963 -675.201 -1010.132 -1351.776 -1690.063 -2026.215 -2358.093 -2683.716 929.413 1520.386 444.641 90.637 6.104 -349.121 -698.7 416 250 410 36.27 29.68 45 8 2408 1 034
4773470 5626 2025/9/28 14:41:48 P15 75.88 32.7 0 9.59 33.34 962.54 951.74 313.416 630.493 4104.462 1304.626 1015.167 1445.312 491.333 -64.545 -4.883 109.253 -36.011 672.607 958.252 227.203 1169.434 716.248 967.712 787.354 1839.294 970.764 -5000 -8.24 -29.297 39.368 -33.569 36.316 452.271 385.132 985.87 1628.723 90.179 -2144.318 1025.696 632.172 22.736 7.782 302.277 2546.387 2501.678 2118.378 1747.894 1396.179 1032.867 676.88 -1480.255 -32.349 -16.327 106.659 3.357 -329.437 -672.607 -1010.742 -1351.929 -1689.301 -2027.283 -2360.535 -2685.547 931.549 1519.623 445.251 91.095 1.831 -346.527 -698.242 416 250 410 36.24 29.65 45 8 2408 1 034
4773471 5626 2025/9/28 14:41:49 P15 75.84 32.66 0 9.9 33.43 962.51 951.76 314.331 630.188 4102.173 1302.032 1015.472 1447.296 491.028 -7.324 33.569 113.373 -36.316 672.913 957.794 228.119 1169.586 716.705 968.933 785.98 1833.649 970.154 -5000 -8.545 -28.229 26.398 -34.027 35.858 452.728 385.437 987.244 1625.519 117.493 -2144.47 1024.017 632.172 22.125 13.123 302.124 2543.945 2501.831 2116.699 1739.807 1385.956 1024.628 668.793 -1482.697 -28.076 -17.395 106.812 4.272 -335.083 -683.746 -1018.372 -1359.406 -1697.083 -2033.691 -2370.3 -2691.04 929.108 1513.977 444.794 90.332 4.578 -346.832 -702.972 429 250 410 36.27 29.57 45 8 2408 1 034
4773472 5626 2025/9/28 14:41:50 P15 75.93 32.67 0 9.63 33.26 962.57 951.75 314.484 629.883 4092.865 1308.594 1015.625 1443.787 490.723 132.904 -9.308 116.272 -35.095 673.065 957.031 227.203 1169.434 714.874 969.238 790.405 1843.262 971.985 -5000 -1.221 -30.06 18.005 -33.722 37.842 452.576 385.59 988.159 1630.859 86.975 -2144.775 1023.254 631.561 17.853 11.292 301.514 2548.676 2502.594 2114.258 1743.927 1389.923 1026.917 674.133 -1491.089 -29.449 -5.798 106.659 2.289 -334.778 -679.169 -1016.388 -1356.506 -1694.946 -2031.555 -2364.044 -2687.531 929.871 1518.097 442.047 88.501 0 -350.342 -700.989 420 250 410 36.3 29.71 45 8 2408 1 034
4773473 5626 2025/9/28 14:41:51 P15 75.97 32.7 0 9.54 33.22 962.54 951.73 314.484 629.425 4093.17 1308.899 1015.167 1443.634 490.875 -37.842 -18.921 112.915 -34.943 671.387 958.099 228.577 1169.128 715.637 969.391 790.1 1845.703 971.68 -5000 -6.561 -28.992 -109.406 -33.417 35.706 450.134 384.979 987.091 1629.944 106.812 -2144.928 1023.407 631.256 15.259 14.343 301.971 2545.776 2502.289 2117.462 1749.115 1397.4 1034.546 680.695 -1492.004 -28.381 -10.681 107.574 4.578 -333.099 -675.049 -1012.573 -1352.844 -1690.521 -2027.435 -2359.009 -2683.258 930.481 1515.656 446.014 90.485 2.594 -344.849 -695.19 430 250 410 36.26 29.65 45 8 2408 1 034
4773474 5626 2025/9/28 14:41:52 P15 75.93 32.63 0 9.54 33.31 962.55 951.76 313.11 629.578 4102.936 1306.152 1016.235 1445.923 491.028 11.902 -17.7 104.37 -34.943 673.676 959.167 227.814 1168.518 715.179 971.527 787.506 1842.804 972.9 -5000 -3.51 -30.365 -16.174 -32.959 38.147 451.965 385.132 987.549 1629.791 112.305 -2145.081 1023.865 631.714 22.736 19.226 302.277 2548.218 2502.899 2114.868 1743.774 1389.923 1027.374 672.302 -1496.429 -29.755 -12.817 108.185 1.984 -330.811 -674.744 -1012.421 -1354.218 -1693.726 -2030.487 -2363.586 -2689.209 930.634 1517.792 443.268 91.095 2.136 -349.731 -698.853 417 250 410 36.26 29.65 45 8 2408 1 034
4773475 5626 2025/9/28 14:41:53 P15 75.81 32.71 0 9.59 33.24 962.52 951.74 314.484 627.594 4099.884 1307.983 1015.32 1447.144 490.417 29.602 9.613 128.784 -35.095 673.37 957.794 227.661 1170.044 714.874 971.985 788.879 1846.008 970.459 -5000 -10.223 -29.602 -18.158 -33.112 36.621 451.508 385.742 988.464 1632.538 108.49 -2144.165 1023.865 632.935 28.534 19.684 301.971 2542.572 2501.678 2112.579 1741.028 1386.108 1023.712 669.861 -1495.056 -30.975 -13.885 105.286 0.763 -334.93 -678.711 -1015.32 -1356.964 -1695.557 -2031.86 -2365.112 -2688.446 932.77 1519.623 444.183 88.959 2.289 -349.121 -702.209 419 250 410 36.28 29.61 45 8 2408 1 034
4773476 5626 2025/9/28 14:41:54 P15 75.93 32.63 0 9.57 33.19 962.55 951.76 313.416 627.747 4104.614 1307.526 1015.93 1442.566 490.417 -6.866 -18.921 110.016 -36.163 673.981 957.947 228.424 1169.434 714.874 972.595 789.337 1838.226 971.985 -5000 -19.379 -29.602 32.349 -32.501 36.163 454.102 385.284 989.532 1631.317 92.773 -2144.318 1025.848 631.866 25.177 16.479 301.514 2546.997 2503.052 2118.225 1746.521 1396.942 1035.004 687.866 -1497.498 -27.466 -15.717 107.88 4.578 -334.167 -675.964 -1013.184 -1354.065 -1691.895 -2028.809 -2363.434 -2685.852 929.413 1515.808 446.167 90.332 4.425 -349.579 -702.515 432 250 410 36.26 29.65 46 8 2408 1 034
4773477 5626 2025/9/28 14:41:55 P18 75.95 32.65 0 9.69 33.21 963.15 951.75 313.721 626.678 4100.342 1309.814 1016.083 1446.686 489.96 -67.596 -5.493 109.558 -35.706 673.828 957.031 229.034 1169.891 714.874 973.358 790.405 1846.161 970.917 -5000 0.305 -29.755 -11.444 -34.027 36.774 453.186 385.59 989.685 1628.723 113.068 -2144.928 1027.222 633.545 17.853 10.071 302.429 2542.267 2500.916 2119.598 1751.404 1395.569 1035.156 679.932 -1507.111 -28.992 -2.441 106.506 2.899 -332.336 -674.744 -1010.437 -1352.844 -1691.284 -2026.978 -2360.077 -2684.479 930.634 1517.334 444.489 92.163 5.035 -347.748 -696.106 415 250 409 36.27 29.57 46 8 2408 1 034
4773478 5626 2025/9/28 14:41:56 P18 75.95 32.73 0 9.47 33.25 946.78 953.41 313.263 625.305 4105.072 1310.12 1016.388 1442.261 490.112 -24.414 -43.335 119.476 -35.4 675.659 960.083 229.034 1169.128 714.417 974.579 791.626 1845.245 969.849 -5000 -12.512 -30.212 -25.024 -32.501 39.52 455.475 385.895 990.753 1627.655 122.223 -2157.745 1026.306 632.172 21.515 10.071 303.65 2548.981 2501.221 2119.293 1741.638 1388.092 1024.628 666.504 -1504.517 -28.381 -7.324 108.643 1.831 -334.167 -674.591 -1013.641 -1355.286 -1693.115 -2031.555 -2367.096 -2691.04 932.465 1518.402 446.014 92.01 6.866 -348.663 -701.752 431 250 409 36.28 29.58 46 8 2408 1 034
4773479 5626 2025/9/28 14:41:57 P18 75.97 32.67 0 9.66 33.29 947.16 954.42 314.484 626.068 4101.105 1309.967 1016.388 1447.449 489.96 -12.97 -44.556 105.438 -36.163 674.744 956.573 229.187 1170.044 714.417 975.189 791.779 1845.856 971.527 -5000 -5.798 -30.212 77.057 -34.027 34.18 451.965 385.437 989.99 1630.554 157.318 -2151.184 1026.459 632.629 21.21 18.311 303.192 2544.861 2501.984 2115.326 1744.537 1388.702 1028.748 674.286 -1504.822 -28.687 0.61 105.286 4.578 -335.388 -679.016 -1016.083 -1357.574 -1696.014 -2031.708 -2366.638 -2688.599 930.481 1517.334 442.352 91.553 4.12 -350.342 -701.752 410 250 409 36.27 29.73 46 8 2408 1 034
4773480 5626 2025/9/28 14:41:58 P18 75.93 32.73 0 9.68 33.16 947.24 954.61 313.873 628.357 4104.767 1311.035 1017.761 1446.075 489.502 74.005 10.223 116.119 -34.943 675.812 953.979 229.034 1170.349 713.654 976.868 790.558 1849.213 972.9 -5000 1.984 -29.602 121.307 -32.196 35.248 451.202 385.895 990.753 1629.639 202.637 -2111.359 1027.374 632.629 20.447 21.21 293.274 2546.082 2503.51 2119.141 1750.031 1394.348 1034.851 679.626 -1506.958 -28.687 -2.899 108.337 1.373 -332.336 -674.896 -1010.742 -1352.386 -1689.911 -2026.52 -2360.382 -2682.343 931.091 1517.334 442.352 92.468 2.747 -346.375 -695.496 410 250 409 36.26 29.6 46 8 2408 1 034
4773481 5626 2025/9/28 14:41:59 P18 75.82 32.8 0 9.58 33.22 947.24 954.66 313.263 624.084 4104.614 1311.035 1016.083 1443.176 489.807 22.278 19.684 126.801 -35.706 675.354 958.405 227.966 1169.281 713.654 976.562 793.457 1841.125 972.9 -5000 -5.341 -29.602 123.138 -32.654 35.095 454.712 385.895 990.753 1633.453 236.816 -2069.092 1027.679 632.629 13.885 21.82 257.111 2547.302 2502.136 2118.073 1746.979 1391.754 1030.884 674.438 -1506.653 -27.466 -2.747 107.422 1.221 -332.184 -674.591 -1011.2 -1353.149 -1691.742 -2028.351 -2363.892 -2687.378 931.396 1522.217 442.505 91.248 3.815 -350.189 -698.242 428 250 409 36.23 29.65 46 8 2408 1 034
4773482 5626 2025/9/28 14:42:00 P18 75.98 32.67 0 9.73 33.25 947.24 954.66 314.026 624.237 4101.105 1309.662 1016.235 1447.144 489.349 17.242 30.518 118.408 -35.858 672.607 957.642 229.492 1171.112 714.264 976.562 791.779 1845.703 971.375 -5000 -5.646 -29.297 118.561 -34.18 36.621 451.202 386.047 991.821 1631.012 248.718 -2033.539 1026.154 633.087 18.158 25.94 216.064 2543.793 2503.357 2112.274 1740.723 1387.024 1024.323 671.082 -1510.162 -28.687 -8.087 108.185 5.493 -334.473 -678.864 -1018.372 -1358.948 -1697.54 -2033.844 -2367.096 -2690.277 929.718 1517.487 444.641 88.501 5.798 -349.274 -702.057 415 250 409 36.27 29.55 47 8 2408 1 034
4773483 5626 2025/9/28 14:42:01 P18 75.92 32.67 0 9.61 33.25 959.04 950.27 314.178 627.136 4105.377 1311.951 1016.541 1447.144 489.197 113.22 31.891 137.329 -35.248 674.744 959.473 230.255 1170.959 712.585 978.394 795.746 1850.281 973.358 -5000 -11.597 -30.365 101.318 -32.654 32.806 452.576 387.573 993.347 1635.742 244.141 -1985.779 1028.137 634.003 24.567 20.294 179.901 2545.776 2503.357 2116.852 1744.537 1393.127 1031.494 677.338 -1503.296 -31.433 -10.529 106.201 3.052 -331.573 -672.76 -1010.895 -1353.76 -1693.115 -2030.487 -2362.518 -2686.462 931.091 1517.944 444.489 89.874 2.136 -349.426 -701.752 428 250 409 36.3 29.6 47 8 2408 1 034
4773484 5626 2025/9/28 14:42:02 P18 75.95 32.69 0 9.58 33.24 950.95 948.29 316.315 623.322 4099.731 1315.918 1015.625 1445.77 489.349 -55.847 34.332 143.127 -35.706 676.422 953.522 231.628 1170.197 713.043 979.309 794.983 1858.521 970.612 -5000 -2.441 -31.433 53.253 -34.332 34.18 453.339 387.421 998.688 1642.609 236.206 -1940.918 1030.121 635.681 23.651 30.06 155.029 2542.114 2501.984 2117.767 1749.573 1396.79 1034.698 680.084 -1517.639 -30.975 -11.902 107.727 1.221 -332.184 -674.133 -1010.895 -1352.692 -1690.521 -2026.52 -2356.262 -2683.411 930.939 1518.097 443.878 92.468 1.984 -349.579 -697.021 414 245 409 36.31 29.55 47 8 2408 1 034
4773485 5626 2025/9/28 14:42:02 P18 75.91 32.6 0 9.56 33.35 931.89 947.67 316.925 622.559 4099.426 1319.275 1015.015 1448.975 488.892 174.561 56.915 146.027 -35.858 674.896 963.745 232.849 1172.028 713.501 978.699 800.018 1862.03 970.764 -5000 0.153 -30.06 174.713 -33.417 31.891 459.595 389.709 1002.96 1653.442 237.732 -1912.384 1031.952 639.496 23.499 27.008 139.16 2541.656 2503.052 2115.021 1744.232 1390.533 1025.696 669.403 -1513.367 -31.586 -14.801 105.743 5.951 -329.59 -674.438 -1011.963 -1352.539 -1692.963 -2030.64 -2365.112 -2690.582 933.533 1520.233 444.336 90.637 1.984 -349.731 -700.226 427 245 410 36.31 29.55 47 8 2408 1 034
4773486 5626 2025/9/28 14:42:03 P18 75.91 32.73 0 9.49 33.84 931.55 962.2 318.909 616.913 4097.137 1322.021 1015.167 1450.348 488.586 122.833 30.823 146.179 -36.926 679.321 968.323 234.375 1175.842 711.67 979.614 805.054 1860.809 971.832 -5000 -13.733 -31.433 122.528 -32.196 32.043 462.494 392.456 1009.216 1666.565 242.615 -1895.447 1029.205 645.142 24.872 26.703 126.648 2550.659 2502.899 2117.92 1740.875 1388.55 1027.679 672.302 -1514.74 -31.433 -11.292 105.591 4.883 -333.71 -676.727 -1014.862 -1357.117 -1694.641 -2031.403 -2365.875 -2686.92 935.669 1520.691 443.268 91.095 2.594 -348.663 -702.515 429 245 410 36.24 29.51 47 8 2408 1 034
4773487 5626 2025/9/28 14:42:04 P18 75.99 32.69 0 9.48 34.69 931.45 962.13 319.061 614.929 4106.445 1325.989 1015.32 1455.383 489.349 60.73 54.626 149.231 -35.4 683.136 969.696 236.816 1180.573 712.128 979.614 804.291 1868.134 973.663 -5000 0.305 -30.823 114.746 -33.417 23.804 465.393 396.118 1014.404 1675.11 230.713 -1886.902 1035.919 649.872 22.43 18.005 118.713 2546.997 2503.357 2121.277 1747.742 1397.705 1035.614 678.558 -1519.165 -28.076 6.409 107.727 4.73 -331.879 -673.065 -1009.216 -1351.318 -1687.164 -2025.604 -2360.077 -2682.495 940.247 1520.538 446.472 92.621 3.204 -344.849 -696.106 429 240 410 36.26 29.47 47 8 2408 1 034
4773488 5626 2025/9/28 14:42:05 P18 76.05 32.69 0 9.66 35.9 931.44 962.1 320.587 606.079 4099.274 1328.125 1016.235 1461.792 488.586 70.19 19.379 172.424 -36.163 686.951 963.593 238.19 1186.371 713.196 979.767 807.495 1873.322 974.426 -5000 -2.441 -30.823 96.436 -34.18 18.921 465.24 400.696 1021.729 1687.012 207.062 -1881.714 1036.835 655.975 21.057 27.771 111.237 2541.504 2501.373 2117.767 1743.317 1391.296 1028.595 670.929 -1524.963 -29.755 -3.052 102.234 1.831 -334.625 -676.117 -1014.404 -1355.896 -1693.115 -2031.708 -2366.486 -2689.362 942.383 1523.743 442.657 89.417 3.204 -345.917 -700.989 415 240 410 36.28 29.5 47 8 2408 1 034
4773489 5626 2025/9/28 14:42:06 P18 75.99 32.71 0 9.51 37.12 931.42 962.11 319.824 599.06 4103.241 1334.534 1018.219 1455.383 487.823 49.896 -12.207 149.078 -36.163 693.054 973.816 239.868 1190.643 711.67 980.072 814.514 1873.932 979.004 -5000 -5.341 -30.823 146.79 -32.806 15.411 470.886 405.884 1027.222 1701.355 224.609 -1879.578 1038.971 661.163 28.229 19.989 105.438 2548.981 2503.967 2112.274 1737.213 1379.7 1012.268 657.654 -1537.018 -28.229 -17.395 106.201 1.984 -334.778 -678.406 -1017.609 -1359.253 -1698.761 -2036.896 -2371.674 -2696.228 941.467 1523.132 446.014 91.248 4.425 -349.884 -704.193 427 240 410 36.24 29.37 47 8 2408 1 034
4773490 5626 2025/9/28 14:42:07 P18 76.09 32.66 0 9.44 38.62 931.42 962.1 321.045 593.262 4094.849 1337.738 1020.203 1465.912 487.518 56.915 -11.749 143.738 -37.842 699.005 970.764 241.547 1196.899 712.433 981.445 814.056 1882.477 980.53 -5000 -8.85 -31.281 113.525 -32.043 7.019 470.734 407.562 1035.004 1712.952 202.789 -1879.12 1040.039 666.809 29.449 27.161 101.166 2544.403 2502.899 2119.141 1749.573 1397.858 1035.767 681.305 -1538.086 -28.229 -33.264 106.049 -0.458 -333.252 -674.896 -1011.81 -1352.539 -1690.369 -2027.13 -2359.009 -2684.021 946.655 1522.369 445.709 89.264 2.747 -346.527 -696.716 427 240 410 36.27 29.38 47 8 2408 1 034
4773491 5626 2025/9/28 14:42:08 P18 76.04 32.66 0 9.53 39.97 931.41 962.12 321.045 589.294 4101.868 1335.907 1023.102 1473.694 487.061 0.458 13.123 162.506 -35.095 705.566 974.884 243.073 1199.646 711.975 981.445 812.988 1880.951 984.955 -5000 -2.441 -32.196 59.967 -33.112 -0.61 473.022 409.698 1038.971 1722.717 191.345 -1878.204 1042.328 670.013 28.381 23.651 97.504 2549.286 2502.441 2119.598 1744.537 1389.313 1028.595 669.556 -1535.645 -31.281 -5.188 106.049 3.052 -331.879 -674.744 -1011.505 -1354.523 -1692.81 -2029.877 -2368.164 -2689.209 950.623 1524.2 446.625 92.468 4.883 -348.053 -699.921 414 240 410 36.23 29.37 47 8 2408 1 034
4773492 5626 2025/9/28 14:42:09 P18 76.1 32.67 0 9.43 41.25 931.42 962.12 321.35 585.175 4094.238 1341.858 1025.085 1477.356 486.755 -43.793 -15.259 128.326 -34.79 710.297 975.494 244.598 1203.613 710.297 981.903 817.413 1885.529 987.091 -5000 1.678 -31.433 34.637 -32.501 -7.629 472.107 411.987 1044.312 1733.704 188.599 -1878.052 1042.938 675.354 28.534 20.905 94.452 2549.591 2503.815 2113.495 1736.755 1376.953 1013.947 658.112 -1549.225 -31.128 0.61 105.743 -1.373 -331.879 -676.117 -1013.947 -1357.88 -1697.998 -2035.37 -2373.657 -2694.397 950.165 1518.86 446.014 90.942 4.883 -349.121 -702.972 426 240 410 36.26 29.29 47 8 2408 1 034
4773493 5626 2025/9/28 14:42:10 P18 76.08 32.74 0 9.44 42.33 931.39 962.1 321.655 581.512 4102.631 1341.248 1027.832 1481.934 486.298 5.035 -1.068 144.958 -35.4 715.485 976.715 245.667 1206.055 712.585 983.429 811.615 1887.512 989.227 -5000 2.136 -32.349 77.667 -33.112 -12.207 476.074 413.361 1050.415 1745.3 183.716 -1877.289 1046.295 676.422 25.94 27.466 90.485 2548.37 2503.052 2115.479 1738.281 1383.972 1020.966 665.436 -1543.274 -26.855 2.747 104.675 1.221 -336.761 -680.389 -1018.066 -1360.779 -1699.524 -2036.438 -2373.199 -2693.176 949.097 1519.928 444.489 88.654 4.883 -351.562 -707.55 426 240 410 36.27 29.29 47 8 2408 1 034
4773494 5626 2025/9/28 14:42:11 P18 76.08 32.76 0 9.44 43.42 931.41 962.1 321.655 578.613 4104.156 1344.91 1030.579 1483.459 485.077 6.714 -27.008 166.626 -35.095 720.215 977.02 246.277 1210.022 712.891 985.107 811.31 1891.174 991.669 -5000 0.305 -31.586 90.637 -33.112 -18.463 475.922 414.276 1055.145 1741.638 172.729 -1877.747 1048.584 677.185 34.027 34.79 89.264 2547.302 2502.747 2119.751 1744.385 1391.449 1030.273 670.166 -1540.07 -30.518 -2.136 102.539 1.984 -333.862 -675.659 -1011.81 -1355.743 -1693.573 -2031.403 -2368.622 -2690.735 952.454 1517.181 444.183 91.553 1.831 -347.595 -700.378 426 240 409 36.24 29.22 47 8 2408 1 034
4773495 5626 2025/9/28 14:42:12 P18 76.08 32.7 0 9.41 44.18 931.41 962.1 322.876 579.376 4092.56 1348.267 1033.478 1491.089 485.229 -4.73 17.7 161.133 -34.18 722.961 977.936 246.277 1210.327 713.806 986.328 812.988 1895.142 994.873 -5000 -7.324 -30.67 36.011 -33.112 -22.736 474.701 413.818 1058.502 1758.423 191.345 -1878.052 1047.516 677.185 31.433 32.501 87.128 2546.997 2503.357 2111.969 1734.161 1374.969 1011.81 656.586 -1542.816 -27.161 9.308 103.302 2.289 -334.93 -679.932 -1017.151 -1360.321 -1699.829 -2034.607 -2374.115 -2696.075 951.538 1515.35 444.031 89.417 3.204 -352.631 -705.872 426 240 409 36.24 29.22 47 8 2408 1 034
4773496 5626 2025/9/28 14:42:13 P18 76.18 32.74 0 9.59 44.86 931.41 962.1 323.029 575.256 4102.783 1344.91 1036.224 1491.089 485.84 114.594 -34.027 156.097 -33.875 727.081 980.377 246.735 1213.379 709.076 989.685 806.58 1897.583 997.009 -5000 -6.561 -32.349 62.866 -32.959 -24.261 475.769 413.361 1062.317 1763.458 193.176 -1878.052 1049.805 676.88 30.518 34.18 85.449 2545.929 2502.289 2116.241 1738.586 1386.871 1025.391 669.098 -1543.121 -28.687 13.885 101.013 7.629 -332.642 -676.422 -1015.015 -1354.828 -1692.81 -2024.231 -2365.265 -2688.904 949.402 1509.857 445.404 90.027 3.357 -348.663 -702.82 427 240 409 36.24 29.22 47 8 2408 1 034
4773497 5626 2025/9/28 14:42:14 P18 76.15 32.73 0 9.7 45.5 931.4 962.1 323.334 574.341 4100.342 1346.741 1038.055 1492.004 484.467 2.594 -9.766 153.503 -34.332 728.76 979.614 246.277 1214.142 712.585 991.211 803.68 1893.005 997.62 -5000 -4.12 -30.06 5.951 -33.417 -27.161 475.464 412.903 1065.063 1764.832 175.323 -1878.662 1049.5 675.812 30.212 30.518 82.703 2543.64 2503.052 2118.835 1747.437 1394.043 1035.461 679.474 -1536.255 -26.703 36.621 100.25 2.289 -333.862 -676.422 -1012.268 -1355.133 -1692.505 -2028.046 -2363.739 -2684.021 951.843 1509.247 446.472 89.874 3.662 -346.069 -697.632 431 240 409 36.31 29.72 47 8 2408 1 034
4773498 5626 2025/9/28 14:42:15 P18 76.12 32.73 0 9.56 46.14 931.37 962.11 323.334 573.73 4095.306 1342.926 1040.955 1490.479 484.467 140.839 -7.324 160.828 -33.569 730.438 982.361 245.972 1215.21 712.891 994.72 796.814 1895.447 1001.129 -5000 2.441 -30.212 33.875 -33.417 -29.907 479.279 411.682 1067.81 1772.003 171.204 -1879.272 1048.584 671.692 33.875 33.112 81.787 2543.335 2502.136 2108.612 1734.009 1375.275 1010.437 657.654 -1526.337 -29.449 26.855 101.166 4.425 -334.32 -679.626 -1018.524 -1361.084 -1700.287 -2038.422 -2371.674 -2696.991 945.129 1501.77 444.946 88.196 2.747 -352.783 -708.466 432 240 409 36.28 29.83 47 8 2408 1 034
4773499 5626 2025/9/28 14:42:16 P18 76.16 32.63 0 9.66 46.58 931.41 962.1 324.707 575.104 4104.309 1345.367 1043.396 1491.852 484.314 90.485 -1.831 180.359 -33.417 730.286 985.565 244.751 1214.752 711.517 997.62 794.678 1892.395 1001.892 -5000 2.136 -32.043 65.002 -31.738 -29.602 482.33 409.698 1069.794 1773.987 196.991 -1879.425 1051.331 672.607 29.144 30.67 80.414 2546.997 2503.662 2115.784 1743.317 1389.923 1025.391 670.319 -1522.217 -28.076 36.774 98.114 0.916 -324.402 -671.234 -1011.047 -1352.539 -1692.505 -2030.334 -2364.044 -2686.768 944.366 1500.854 444.336 98.724 2.136 -348.663 -702.515 419 245 409 36.27 30.09 47 8 2408 1 034
4773500 5626 2025/9/28 14:42:17 P18 76.23 32.74 0 9.65 46.96 931.37 962.1 325.317 574.036 4093.628 1343.079 1044.464 1480.713 484.161 85.297 -28.229 173.035 -34.332 732.269 984.497 243.378 1214.142 712.585 1001.129 789.642 1891.632 1003.723 -5000 10.071 -31.738 60.12 -31.738 -25.177 481.415 408.478 1070.709 1781.006 180.969 -1879.272 1049.5 668.488 32.196 33.264 79.651 2544.403 2503.052 2121.735 1750.031 1396.179 1035.767 680.695 -1512.146 -27.161 63.629 97.656 5.951 -332.336 -674.896 -1009.521 -1351.929 -1689.453 -2026.367 -2360.382 -2682.19 940.704 1493.53 444.031 91.4 3.204 -346.222 -696.716 419 245 409 36.28 30.58 48 8 2408 1 034
4773501 5626 2025/9/28 14:42:18 P18 76.18 32.73 0 9.88 47.31 931.41 962.07 326.08 573.73 4090.118 1334.839 1046.295 1492.157 484.161 -77.972 -21.973 164.337 -33.875 730.743 988.77 242.157 1213.379 712.585 1005.249 779.419 1888.275 1004.486 -5000 -5.035 -31.738 68.512 -31.891 -26.855 483.398 405.884 1071.167 1784.668 181.122 -1879.578 1047.821 665.436 30.518 37.384 77.515 2546.387 2502.594 2109.985 1733.551 1378.174 1013.184 660.706 -1502.838 -28.687 47.76 96.436 8.545 -335.388 -679.016 -1018.524 -1360.321 -1698.914 -2037.964 -2372.742 -2693.939 935.516 1486.816 445.251 86.67 2.594 -352.325 -709.686 419 245 409 36.3 30.99 49 8 2408 1 034
4773502 5626 2025/9/28 14:42:19 P18 76.23 32.67 0 9.87 47.55 931.38 962.08 326.691 575.714 4092.712 1324.615 1047.058 1478.271 484.009 79.956 -5.035 161.133 -34.18 729.37 989.227 240.479 1212.006 713.043 1009.674 769.806 1884.766 1005.096 -5000 5.646 -30.975 55.542 -31.891 -24.414 485.84 403.137 1070.862 1784.973 191.956 -1880.798 1047.668 661.316 33.875 30.06 77.057 2544.098 2502.441 2115.173 1742.706 1387.024 1027.832 675.201 -1491.699 -27.618 21.973 95.825 0.305 -334.625 -679.016 -1014.404 -1356.354 -1694.031 -2030.029 -2365.875 -2686.462 934.753 1485.748 443.726 89.264 2.136 -350.342 -702.057 435 250 409 36.24 31.15 51 9 2408 1 034
4773503 5626 2025/9/28 14:42:20 P18 76.26 32.67 0 9.94 47.88 931.4 962.1 327.759 578.918 4101.257 1313.019 1047.516 1489.105 484.161 6.561 -12.36 161.438 -34.027 726.776 991.058 238.647 1210.938 712.28 1014.557 763.855 1870.27 1004.181 -5000 -6.561 -32.654 71.716 -32.654 -24.109 487.061 398.712 1069.641 1786.804 180.511 -1881.561 1047.974 657.654 36.011 32.349 74.768 2545.776 2502.899 2122.498 1749.573 1397.4 1037.75 679.169 -1476.746 -28.229 35.858 93.689 5.646 -332.947 -674.744 -1010.742 -1353.149 -1690.216 -2026.672 -2360.992 -2684.937 928.04 1476.746 445.709 93.994 1.678 -345.764 -697.021 425 250 409 36.3 32.01 53 10 2408 1 034
4773504 5626 2025/9/28 14:42:21 P18 76.22 32.74 0 9.8 48.21 931.4 962.07 328.827 583.038 4104.156 1296.844 1048.584 1485.138 484.314 -24.872 -24.109 156.555 -32.806 724.182 993.347 236.053 1209.869 711.517 1018.829 753.937 1873.169 1004.486 -5000 -20.294 -30.975 -9.918 -32.806 -22.125 489.502 396.881 1068.115 1785.736 187.988 -1881.409 1046.448 651.55 33.264 35.095 74.615 2546.539 2504.12 2117.92 1744.995 1387.329 1023.865 666.504 -1463.47 -20.905 39.978 94.299 1.373 -333.252 -675.964 -1013.794 -1356.659 -1696.014 -2032.928 -2369.385 -2692.261 927.277 1473.389 443.878 90.027 2.747 -348.663 -699.768 439 250 409 36.28 32.3 56 11 2408 1 034
4773505 5626 2025/9/28 14:42:22 P18 76.28 32.77 0 10.02 48.28 931.41 962.08 329.437 583.038 4096.069 1274.567 1048.431 1480.56 484.161 -27.313 -33.569 175.323 -34.637 720.673 994.72 231.934 1207.275 712.585 1023.254 745.85 1869.812 1000.977 -5000 -10.376 -31.281 -32.196 -32.654 -18.463 489.197 394.135 1065.674 1784.668 173.187 -1882.019 1042.786 645.752 37.537 30.67 73.853 2543.03 2501.831 2117.615 1747.131 1395.416 1033.478 679.016 -1442.413 -25.33 55.389 91.553 5.493 -330.963 -673.218 -1009.674 -1348.724 -1686.401 -2023.926 -2357.025 -2679.749 919.8 1466.37 443.115 89.111 2.441 -348.663 -700.989 429 255 409 36.28 32.63 60 12 2408 1 034
4773506 5626 2025/9/28 14:42:23 P18 76.22 32.69 0 10.33 48.5 931.4 962.09 330.353 589.447 4093.628 1254.272 1048.737 1479.34 484.161 27.313 -25.482 179.901 -34.027 717.773 989.227 232.086 1204.529 712.585 1028.748 740.204 1865.234 1002.197 -5000 5.035 -30.518 42.572 -32.349 -15.717 486.298 390.015 1063.843 1787.72 187.073 -1882.019 1042.328 639.801 35.095 32.043 72.937 2544.556 2502.899 2116.852 1741.943 1390.076 1030.579 673.218 -1430.206 -22.125 69.427 91.858 1.221 -334.167 -675.507 -1012.878 -1354.675 -1692.352 -2029.266 -2364.197 -2686.462 916.748 1462.097 443.726 91.095 3.662 -349.731 -701.447 429 255 409 36.28 32.63 60 12 2408 1 034
4773507 5626 2025/9/28 14:42:24 P18 76.28 32.66 0 10.16 48.68 931.4 962.09 332.184 588.837 4097.595 1239.166 1047.821 1479.187 484.619 65.765 -17.395 178.375 -34.637 713.043 997.467 228.119 1200.562 712.28 1033.173 737.305 1859.131 999.298 -5000 -4.12 -30.823 28.076 -33.875 -12.512 490.875 386.353 1060.028 1786.957 168.152 -1882.782 1038.666 635.376 33.722 23.499 72.479 2542.267 2503.052 2113.19 1738.892 1381.073 1015.167 660.553 -1412.048 -21.515 83.466 91.858 1.221 -335.083 -678.558 -1017.303 -1358.337 -1697.845 -2034.912 -2369.537 -2694.702 911.102 1454.62 444.336 88.196 5.493 -350.494 -704.498 443 255 409 36.28 32.63 60 12 2408 1 034
4773508 5626 2025/9/28 14:42:25 P18 76.28 32.66 0 10.22 48.68 931.36 962.08 332.031 597.992 4104.462 1216.583 1047.058 1472.778 484.467 83.618 42.419 170.135 -34.943 709.991 998.535 225.372 1197.205 712.738 1038.361 735.931 1850.891 999.146 -5000 4.883 -30.518 29.602 -32.196 -7.782 493.469 382.69 1055.756 1782.074 180.054 -1883.24 1035.156 628.51 38.605 33.417 71.564 2547.607 2501.221 2113.647 1740.875 1383.514 1020.05 666.351 -1394.348 -19.531 75.531 90.942 2.747 -334.93 -679.474 -1017.609 -1365.051 -1699.982 -2035.065 -2371.674 -2693.024 906.372 1448.975 444.641 86.975 3.51 -351.41 -703.583 446 260 409 36.28 33.17 65 13 2408 1 034
4773509 5626 2025/9/28 14:42:26 P18 76.2 32.73 0 10.28 48.9 931.4 962.1 332.794 599.365 4099.426 1194.611 1045.99 1469.727 485.077 -5.188 28.229 188.751 -37.842 705.719 997.314 223.236 1194.458 711.212 1042.633 734.558 1841.736 995.483 -5000 8.698 -31.433 106.201 -33.417 -1.984 491.028 378.876 1052.704 1781.006 175.018 -1884.003 1034.393 621.49 32.501 34.637 70.801 2545.776 2502.747 2114.563 1744.385 1388.855 1026.459 670.319 -1374.817 -18.921 71.259 90.637 2.441 -345.001 -683.441 -1018.677 -1358.49 -1697.235 -2033.539 -2368.164 -2692.566 902.1 1442.719 444.336 91.248 4.883 -348.358 -699.158 432 260 409 36.35 33.7 71 14 2408 1 034
4773510 5626 2025/9/28 14:42:27 P18 76.25 32.77 0 10.21 48.91 931.41 962.07 332.642 605.927 4095.459 1171.265 1044.617 1464.996 484.924 3.967 4.883 166.016 -35.4 698.547 1001.434 219.574 1190.186 712.128 1047.058 733.643 1833.649 994.11 -5000 -3.357 -30.823 65.765 -33.875 4.272 494.08 375.214 1048.889 1781.616 176.544 -1883.392 1033.63 616.455 33.264 35.858 70.496 2550.049 2501.984 2114.105 1732.33 1375.732 1011.353 655.212 -1347.656 -23.651 83.313 89.722 4.425 -334.167 -677.795 -1015.625 -1358.948 -1698.761 -2036.743 -2374.573 -2694.092 897.522 1437.073 444.489 88.806 4.73 -351.562 -709.381 449 260 409 36.33 33.89 78 16 2408 1 034
4773511 5626 2025/9/28 14:42:28 P18 76.29 32.74 0 10.28 49.11 931.39 962.07 333.099 611.115 4097.9 1151.428 1043.243 1457.52 485.535 140.839 2.441 166.931 -35.095 694.58 1002.502 216.675 1185.608 711.212 1051.788 733.643 1829.376 991.516 -5000 5.798 -30.212 116.272 -31.738 10.223 494.08 371.399 1044.922 1776.428 185.852 -1884.613 1030.426 610.199 32.806 34.027 69.427 2546.997 2503.052 2113.037 1739.655 1385.956 1022.186 669.556 -1331.787 -16.937 77.667 91.095 3.204 -332.947 -676.727 -1014.099 -1356.506 -1695.557 -2032.776 -2366.18 -2689.362 892.944 1430.359 445.099 89.569 3.51 -348.206 -700.684 451 260 409 36.31 34.43 98 21 2408 1 034
4773512 5626 2025/9/28 14:42:29 P18 76.3 32.7 0 10.39 49.14 931.4 962.1 333.557 620.27 4103.241 1126.404 1040.802 1456.146 485.229 -125.58 0.458 172.577 -35.706 688.629 1001.434 214.539 1181.335 711.67 1054.382 731.354 1823.425 989.685 -5000 0.305 -31.586 58.289 -32.806 15.259 492.859 368.042 1038.971 1772.461 209.198 -1885.223 1029.205 605.011 39.978 29.144 69.122 2545.471 2503.662 2116.394 1748.047 1395.569 1032.562 679.321 -1305.084 -19.226 75.531 87.28 2.747 -330.353 -674.286 -1010.895 -1352.234 -1690.826 -2027.74 -2359.161 -2684.021 888.824 1425.323 442.505 89.874 2.136 -350.037 -700.073 453 265 409 36.28 34.61 109 24 2408 1 034
4773513 5626 2025/9/28 14:42:30 P18 76.28 32.67 0 10.39 49.31 931.39 962.09 333.557 621.033 4097.748 1111.755 1039.124 1453.094 486.145 -5.493 -18.311 172.424 -34.18 684.204 1000.214 211.945 1176.147 712.128 1058.197 729.675 1817.169 985.413 -5000 10.681 -30.365 30.06 -32.806 23.804 492.096 363.77 1034.698 1771.088 177.307 -1884.613 1024.78 598.602 30.823 34.18 68.97 2541.809 2502.594 2109.528 1732.635 1376.648 1011.81 658.875 -1281.586 -17.548 75.073 88.043 5.188 -336.609 -680.084 -1019.287 -1360.626 -1699.524 -2037.659 -2373.352 -2694.855 885.315 1416.931 444.031 86.06 1.831 -349.121 -707.397 458 270 409 36.23 34.94 121 28 2408 1 034
4773514 5626 2025/9/28 14:42:31 P18 76.32 32.69 0 10.39 49.47 931.39 962.06 334.015 628.204 4095.917 1088.104 1035.614 1443.481 486.755 -5.188 -18.311 168.304 -34.485 678.101 1003.723 208.435 1172.028 711.975 1061.707 727.997 1806.641 983.276 -5000 -14.038 -29.602 58.289 -33.417 30.975 493.164 359.955 1029.51 1769.867 156.86 -1885.223 1023.102 593.719 37.079 31.433 67.444 2549.286 2502.747 2114.716 1741.486 1384.735 1025.391 671.844 -1262.207 -19.531 61.34 88.959 6.561 -332.642 -676.575 -1014.404 -1356.201 -1695.099 -2032.013 -2367.401 -2688.293 876.923 1411.133 449.677 89.722 2.899 -350.647 -701.904 457 275 409 36.31 35.14 132 31 2408 1 034
4773515 5626 2025/9/28 14:42:32 P18 76.28 32.71 0 10.41 49.59 931.38 962.08 334.473 633.85 4103.546 1072.54 1033.02 1427.46 485.992 72.784 -28.381 161.438 -34.637 672.455 1003.876 206.909 1166.84 710.144 1065.063 725.403 1797.791 981.14 -5000 4.425 -28.076 39.825 -32.654 40.741 493.011 355.988 1024.017 1770.02 168.61 -1886.139 1019.44 590.668 34.485 38.757 67.902 2548.37 2502.899 2120.819 1749.268 1397.095 1034.698 678.253 -1243.896 -16.479 69.733 85.602 5.341 -331.268 -672.15 -1010.437 -1351.471 -1689.453 -2027.13 -2358.246 -2682.19 872.04 1405.792 444.794 91.095 4.425 -345.917 -698.7 446 275 409 36.35 35.39 143 34 2408 1 034
4773516 5626 2025/9/28 14:42:33 P18 76.3 32.65 0 10.6 49.77 931.39 962.08 335.388 639.343 4105.835 1052.551 1030.731 1432.037 486.603 16.937 -24.414 168.61 -33.722 667.267 1003.265 203.247 1162.415 711.823 1067.352 722.198 1792.297 977.478 -5000 13.733 -28.381 102.234 -32.959 45.471 492.706 352.02 1017.609 1767.578 175.171 -1885.834 1016.846 586.548 28.534 33.112 66.986 2547.455 2503.357 2108.307 1734.619 1379.242 1012.573 659.637 -1220.398 -12.817 89.111 88.501 3.052 -336.609 -680.389 -1018.982 -1360.779 -1700.897 -2038.269 -2373.962 -2696.686 870.056 1400.452 446.014 86.517 4.883 -351.105 -711.06 446 275 409 36.35 35.39 143 34 2408 1 034
4773517 5626 2025/9/28 14:42:34 P18 76.28 32.69 0 10.55 49.67 931.39 962.06 335.236 646.21 4095.917 1034.241 1026.154 1425.934 486.755 111.694 19.073 159.149 -33.112 661.163 1004.791 199.585 1157.379 712.585 1069.641 718.842 1782.227 971.68 -5000 -1.678 -30.365 96.588 -32.806 55.542 492.554 348.511 1013.184 1752.93 182.8 -1887.512 1013.336 581.36 32.806 34.18 66.833 2549.591 2503.662 2113.342 1742.554 1386.261 1026.459 673.37 -1192.474 -17.242 75.836 85.907 4.883 -332.489 -676.27 -1013.184 -1354.828 -1694.031 -2029.877 -2363.129 -2686.462 863.342 1394.348 444.489 89.417 2.899 -350.952 -703.125 463 275 409 36.37 35.61 154 38 2408 1 034
4773518 5626 2025/9/28 14:42:35 P18 76.26 32.73 0 10.48 49.83 931.4 962.07 335.236 650.94 4098.969 1016.388 1023.254 1421.814 487.976 -101.776 9.918 187.225 -30.67 655.06 1003.265 195.618 1152.191 712.28 1071.93 717.316 1780.243 968.323 -5000 3.204 -30.365 47.302 -31.891 61.34 490.723 344.238 1007.08 1759.796 201.874 -1887.36 1007.385 579.681 37.689 32.501 66.833 2542.725 2501.831 2118.378 1750.488 1394.196 1034.088 680.389 -1169.739 -17.548 59.814 83.618 -3.052 -331.421 -674.744 -1010.437 -1351.166 -1689.453 -2025.299 -2357.025 -2682.19 859.985 1389.923 442.81 91.705 1.221 -348.053 -697.784 436 285 409 36.37 35.61 154 38 2408 1 034
4773519 5626 2025/9/28 14:42:36 P18 76.26 32.71 0 10.48 49.8 931.38 962.07 335.083 657.196 4102.936 1002.808 1018.982 1416.931 487.823 102.234 10.681 175.934 -30.06 650.177 1004.028 192.719 1147.919 712.128 1073.914 713.654 1768.799 964.203 -5000 14.343 -29.755 -34.027 -32.349 69.275 490.723 340.729 1001.434 1755.371 187.531 -1887.665 1004.944 576.019 35.858 21.515 66.528 2543.793 2502.899 2114.868 1742.096 1388.702 1024.933 668.64 -1145.02 -10.071 70.648 86.06 1.831 -333.71 -675.964 -1015.32 -1356.201 -1694.641 -2032.166 -2367.096 -2691.193 855.255 1384.43 442.81 88.196 6.561 -347.748 -700.226 464 290 409 36.31 35.9 164 41 2408 1 034
4773520 5626 2025/9/28 14:42:37 P18 76.43 32.76 0 10.65 49.94 931.37 962.08 335.388 662.842 4105.072 987.091 1015.167 1410.522 487.671 93.536 -10.834 177.155 -30.518 644.531 998.84 190.582 1143.036 712.28 1074.982 709.991 1762.695 961.914 -5000 15.259 -30.518 83.313 -32.806 76.599 488.281 336.761 995.483 1751.556 173.95 -1888.58 1003.113 575.714 34.637 30.365 65.765 2545.624 2500.61 2116.699 1743.469 1390.381 1030.579 675.964 -1125.793 -11.444 69.427 86.212 5.951 -332.489 -675.354 -1012.268 -1354.218 -1692.352 -2026.062 -2362.518 -2685.089 850.372 1376.19 444.794 89.264 3.052 -348.053 -699.921 455 290 410 36.31 36.07 174 44 2408 1 034
4773521 5626 2025/9/28 14:42:38 P18 76.42 32.67 0 10.51 50.08 931.35 962.06 336.151 669.25 4095.612 967.102 1011.2 1404.419 488.586 -39.062 -31.891 171.204 -29.602 638.428 1003.571 186.615 1138.153 712.738 1074.982 707.245 1757.355 958.099 -5000 9.003 -29.144 70.648 -30.823 82.092 488.892 334.167 990.143 1749.573 198.364 -1888.428 995.483 572.968 33.417 32.349 65.002 2545.776 2501.526 2117.31 1748.199 1396.179 1033.02 678.711 -1100.159 -14.954 73.242 83.771 4.12 -331.421 -673.065 -1010.59 -1351.929 -1690.369 -2026.672 -2357.178 -2683.411 846.405 1375.58 443.115 90.942 3.662 -346.222 -696.564 468 295 410 36.3 36.54 192 50 2408 1 034
4773522 5626 2025/9/28 14:42:39 P18 76.36 32.7 0 10.7 50.04 931.38 962.08 335.541 669.556 4103.394 956.879 1007.996 1400.909 488.586 -10.223 -13.123 184.784 -29.144 632.019 1003.418 183.716 1133.118 712.433 1075.287 704.651 1744.69 952.911 -5000 15.259 -29.755 32.349 -32.959 88.654 488.586 329.742 984.497 1744.232 169.83 -1889.343 997.314 570.831 32.349 30.212 64.24 2545.929 2502.747 2116.394 1738.892 1385.193 1021.271 663.605 -1073.303 -8.392 87.891 85.754 3.51 -335.388 -676.575 -1015.167 -1357.422 -1696.32 -2033.997 -2371.063 -2693.176 840.912 1363.831 442.81 88.959 5.798 -337.372 -695.648 459 295 410 36.31 36.52 200 53 2408 1 034
4773523 5626 2025/9/28 14:42:40 P18 76.3 32.6 0 10.55 50.2 931.4 962.05 335.541 673.828 4099.579 944.672 1003.113 1393.127 488.739 53.253 -32.806 157.623 -27.161 628.052 1005.554 180.969 1128.082 712.891 1076.508 701.141 1741.333 949.707 -5000 10.529 -30.06 -3.662 -30.975 98.572 486.908 326.538 980.225 1737.518 153.198 -1889.343 991.058 570.984 30.823 31.281 65.002 2548.828 2501.984 2112.732 1733.704 1374.817 1011.963 656.738 -1052.704 -10.223 95.673 83.313 4.272 -335.541 -680.695 -1018.829 -1361.694 -1701.508 -2038.879 -2375.641 -2696.228 839.081 1362.61 441.589 86.975 1.526 -354.004 -709.381 471 300 410 36.31 36.87 207 55 2408 1 034
4773524 5626 2025/9/28 14:42:41 P18 76.37 32.7 0 10.68 50.25 931.35 962.08 335.999 676.117 4096.985 925.293 999.298 1383.209 489.655 19.073 -9.613 150.604 -25.177 622.101 1001.129 177.46 1122.894 713.654 1076.05 701.599 1735.229 945.435 -5000 20.447 -29.297 86.365 -31.128 106.506 485.382 322.876 974.426 1737.671 179.138 -1889.954 988.617 568.848 31.586 41.504 64.24 2543.945 2502.289 2115.784 1745.605 1388.855 1029.51 673.981 -1035.614 -6.104 85.297 84.686 4.578 -330.2 -674.133 -1011.658 -1354.37 -1692.2 -2029.114 -2362.671 -2687.531 832.977 1354.523 444.031 89.874 4.425 -344.696 -696.411 463 305 412 36.33 36.86 214 58 2408 1 034
4773525 5626 2025/9/28 14:42:42 P18 76.32 32.73 0 10.82 50.29 931.4 962.09 335.236 676.27 4103.546 914.612 995.178 1383.972 490.723 -6.714 -23.346 178.68 -25.787 616.15 1002.655 173.798 1117.706 713.043 1076.355 697.174 1723.785 939.941 -5000 6.104 -30.06 35.095 -32.196 109.1 486.45 319.214 968.018 1723.938 181.427 -1890.106 985.413 566.559 37.384 30.823 63.477 2546.234 2502.899 2111.969 1737.518 1380.92 1014.252 660.706 -1015.015 -9.766 76.447 83.313 3.052 -332.642 -677.338 -1016.388 -1358.185 -1697.388 -2035.828 -2370.911 -2693.939 829.773 1351.013 442.352 87.28 2.136 -352.173 -706.024 475 305 417 36.33 37.01 221 61 2408 1 034
4773526 5626 2025/9/28 14:42:43 P18 76.37 32.79 0 10.85 50.28 931.4 962.08 334.778 676.422 4105.072 903.015 990.753 1368.408 490.57 5.798 -53.711 178.833 -24.567 610.809 1002.197 172.424 1113.434 713.806 1075.439 694.122 1717.682 937.347 -5000 10.986 -31.586 96.436 -32.501 114.441 485.535 315.399 963.135 1729.431 157.318 -1890.717 981.598 568.848 26.093 38.91 64.24 2546.387 2501.831 2114.105 1733.398 1381.683 1016.693 661.774 -993.958 -7.019 71.716 83.466 4.425 -336.761 -678.558 -1018.372 -1360.168 -1697.998 -2036.133 -2371.826 -2693.329 826.111 1344.299 444.183 86.212 3.51 -351.715 -707.397 465 310 426 36.28 37.17 227 63 2408 1 034
4773527 5626 2025/9/28 14:42:44 P18 76.4 32.74 0 10.75 50.41 931.42 962.06 336.456 677.49 4107.208 890.198 986.481 1368.866 491.486 -14.954 -37.079 187.836 -22.736 605.927 1002.502 169.22 1107.941 714.569 1074.677 692.444 1712.341 935.059 -5000 6.714 -30.518 43.488 -32.196 119.324 484.009 312.653 957.031 1717.987 176.392 -1891.785 977.783 569.916 33.722 26.55 63.019 2548.37 2503.204 2117.767 1742.554 1388.55 1029.968 674.591 -975.189 -7.782 81.177 82.55 5.798 -333.71 -676.727 -1012.726 -1355.133 -1692.505 -2028.198 -2364.197 -2685.699 820.923 1337.585 444.031 88.501 2.747 -348.663 -700.989 465 310 426 36.28 37.17 227 63 2408 1 034
4773528 5626 2025/9/28 14:42:45 P18 76.36 32.66 0 10.8 50.32 931.4 962.06 336.304 675.507 4099.274 876.923 982.361 1362.305 491.943 102.081 10.071 184.021 -23.804 601.044 1002.96 166.931 1103.668 713.959 1073.456 689.24 1704.102 928.497 -5000 11.749 -28.381 -30.975 -31.586 123.444 483.551 308.838 952.911 1721.191 176.392 -1891.785 972.9 566.406 40.588 24.414 62.866 2549.438 2502.747 2110.901 1735.229 1374.359 1009.827 655.212 -957.642 -5.646 82.55 83.313 5.341 -333.557 -679.626 -1018.066 -1361.084 -1701.508 -2037.201 -2372.894 -2697.144 815.887 1333.008 442.81 87.891 4.73 -352.325 -706.635 480 320 443 36.34 37.45 233 65 2408 1 034
4773529 5626 2025/9/28 14:42:46 P18 76.33 32.71 0 10.73 50.51 931.38 962.05 335.846 675.049 4107.056 865.784 978.546 1357.574 492.249 -149.536 -1.678 186.768 -22.583 594.788 1002.96 163.727 1099.396 714.722 1072.388 689.24 1697.845 925.14 -5000 -1.984 -29.297 15.717 -30.365 123.596 482.33 306.244 947.418 1708.221 196.075 -1891.785 969.391 567.474 33.417 30.975 62.714 2547.15 2502.747 2113.8 1740.875 1383.972 1021.423 667.419 -933.838 -5.646 86.975 81.787 3.51 -332.794 -678.558 -1015.472 -1357.574 -1697.235 -2033.234 -2366.943 -2689.819 814.667 1331.024 441.132 86.823 1.831 -350.494 -701.447 480 320 443 36.34 37.45 233 65 2408 1 034
4773530 5626 2025/9/28 14:42:47 P18 76.25 32.74 0 10.8 50.46 931.4 962.08 335.236 671.234 4097.748 855.408 973.663 1346.436 492.401 -32.501 -23.041 187.378 -22.43 590.057 1002.35 161.285 1094.208 714.569 1071.472 684.662 1689.453 922.089 -5000 -3.052 -28.381 -15.411 -31.586 124.359 482.025 302.734 941.772 1714.478 198.059 -1891.937 963.745 564.423 33.417 34.79 62.408 2549.591 2502.747 2115.784 1747.742 1393.89 1031.494 677.795 -910.187 -4.883 85.602 81.94 2.136 -333.862 -676.27 -1012.421 -1352.539 -1692.047 -2027.893 -2360.382 -2684.326 813.293 1325.226 441.895 86.67 4.73 -349.579 -699.158 482 320 464 36.34 37.68 244 69 2408 1 034
4773531 5626 2025/9/28 14:42:48 P18 76.4 32.7 0 10.94 50.54 931.4 962.07 336.304 668.793 4096.832 844.421 968.17 1347.961 492.859 -30.365 5.798 188.446 -23.041 585.022 1001.282 158.081 1089.63 715.637 1068.573 682.983 1682.739 917.206 -5000 -1.526 -29.602 4.272 -31.738 123.596 480.194 299.988 936.127 1711.884 154.877 -1892.09 960.236 563.965 36.316 30.518 61.798 2545.929 2501.984 2115.479 1745.148 1390.076 1029.816 674.744 -893.097 -4.883 59.509 80.566 3.357 -330.963 -674.744 -1011.353 -1352.844 -1690.979 -2027.13 -2361.298 -2685.852 813.141 1319.733 440.674 89.874 0.763 -348.053 -698.09 466 325 477 36.35 37.77 249 71 2408 1 034
4773532 5626 2025/9/28 14:42:49 P18 76.25 32.7 0 10.87 50.54 931.39 962.08 335.388 664.978 4102.936 837.708 965.424 1344.757 493.774 47.455 -23.193 177.002 -24.567 580.75 999.298 155.792 1085.205 715.637 1066.437 680.237 1678.009 912.17 -5000 -5.798 -28.229 41.351 -32.654 122.375 480.499 296.936 931.091 1695.557 179.901 -1893.005 957.947 561.523 38.147 36.163 61.646 2543.945 2501.373 2114.868 1744.385 1389.465 1025.696 672.15 -872.498 -5.951 70.801 82.092 5.493 -331.879 -676.88 -1014.099 -1355.743 -1694.794 -2031.555 -2364.655 -2688.751 802.765 1313.324 441.284 87.738 6.104 -350.8 -703.735 466 330 488 36.33 37.86 253 73 2408 1 034
4773533 5626 2025/9/28 14:42:50 P18 76.35 32.71 0 10.92 50.64 931.36 962.07 335.541 658.722 4097.443 821.228 960.999 1337.28 494.232 22.888 -10.376 163.269 -22.278 575.409 1000.061 154.266 1080.475 715.942 1065.369 680.847 1672.516 909.424 -5000 4.12 -29.602 35.095 -30.975 120.392 478.668 292.969 926.056 1704.254 189.209 -1893.311 953.064 560.608 32.959 35.553 61.951 2545.471 2501.221 2118.53 1750.641 1394.958 1035.309 681.305 -852.051 -3.815 68.97 80.872 4.578 -329.59 -674.133 -1006.622 -1349.487 -1689.301 -2025.146 -2357.025 -2681.885 799.866 1310.73 441.742 89.417 3.815 -346.832 -696.411 484 335 497 36.34 38 257 74 2408 1 034
4773534 5626 2025/9/28 14:42:51 P18 76.3 32.7 0 10.94 50.54 931.38 962.06 335.541 658.722 4101.562 818.024 956.421 1333.313 495.3 24.567 -3.51 164.49 -23.651 571.136 998.383 151.062 1076.66 716.4 1062.775 676.727 1666.565 904.846 -5000 14.954 -29.602 5.951 -31.586 116.425 477.448 290.833 922.394 1687.164 185.547 -1895.142 951.385 557.098 33.875 31.281 61.646 2541.656 2501.373 2118.378 1744.385 1389.923 1031.799 673.065 -830.383 -5.035 44.098 81.329 3.967 -331.421 -674.133 -1010.742 -1354.675 -1693.115 -2029.724 -2366.18 -2688.751 797.119 1304.016 442.047 87.891 2.441 -347.137 -698.242 472 335 505 36.35 38.06 261 76 2408 1 034
4773535 5626 2025/9/28 14:42:52 P18 76.33 32.73 0 10.94 50.66 931.42 962.08 335.846 655.67 4098.053 808.411 950.623 1326.294 495.453 61.493 0.916 155.029 -24.109 565.796 998.535 149.841 1072.235 717.316 1060.333 674.133 1655.579 900.421 -5000 9.766 -29.755 63.324 -31.738 112.61 477.448 287.323 917.206 1695.862 168.457 -1893.921 947.571 553.894 32.043 31.891 61.34 2543.64 2503.662 2116.089 1741.333 1389.465 1028.748 673.218 -808.105 -3.967 49.438 80.719 4.73 -331.116 -674.286 -1011.658 -1355.286 -1692.963 -2030.487 -2365.875 -2687.073 794.525 1299.438 440.826 86.67 3.052 -350.189 -703.278 487 335 510 36.31 38.13 264 78 2408 1 034
4773536 5626 2025/9/28 14:42:53 P18 76.32 32.69 0 10.89 50.67 931.4 962.07 335.541 647.888 4095.154 797.424 948.639 1323.242 495.605 42.114 0.305 178.375 -24.109 562.897 999.298 147.858 1067.505 716.858 1057.434 671.997 1651.459 897.522 -5000 7.477 -28.076 83.923 -30.823 111.084 476.074 284.729 911.865 1692.657 173.34 -1893.463 943.756 553.284 38.605 28.687 61.34 2548.828 2501.373 2118.835 1750.641 1393.738 1029.053 677.643 -781.708 -1.831 67.596 81.177 4.883 -330.353 -672.76 -1009.674 -1350.708 -1688.843 -2025.452 -2357.483 -2682.953 790.71 1291.656 442.657 89.264 1.984 -344.696 -695.648 476 340 515 36.35 38.2 267 79 2408 1 034
4773537 5626 2025/9/28 14:42:54 P18 76.28 32.67 0 10.91 50.74 931.4 962.06 335.693 647.736 4102.631 792.694 943.909 1319.275 496.521 -100.555 1.831 171.509 -25.94 557.098 999.908 144.196 1064.148 717.926 1055.145 667.877 1636.658 892.639 -5000 8.24 -29.907 28.992 -32.349 104.37 476.074 282.593 907.288 1687.469 170.898 -1894.226 938.873 553.436 35.095 20.752 61.493 2543.945 2500.916 2115.784 1742.096 1389.771 1024.323 668.793 -767.059 -2.441 52.643 82.092 6.866 -332.794 -668.182 -1011.658 -1355.743 -1694.336 -2032.623 -2367.249 -2690.735 787.811 1289.673 442.963 88.348 2.441 -347.29 -701.752 476 340 515 36.35 38.2 267 79 2408 1 034
4773538 5626 2025/9/28 14:42:55 P18 76.32 32.7 0 11.06 50.71 931.41 962.07 335.388 644.379 4099.274 782.166 940.399 1310.577 496.826 -101.318 -7.935 191.65 -25.94 551.91 998.688 143.127 1058.96 717.773 1052.094 666.962 1638.031 889.435 -5000 8.698 -29.144 0.61 -31.891 99.335 473.785 279.694 903.625 1682.587 177.002 -1893.921 937.805 547.333 37.842 29.449 60.272 2548.828 2501.984 2112.885 1733.704 1377.106 1010.895 655.212 -747.833 -1.831 52.795 82.092 4.425 -331.268 -674.744 -1015.32 -1358.49 -1697.693 -2036.285 -2373.047 -2694.855 785.217 1285.706 441.589 85.754 0.61 -352.478 -709.686 464 340 520 36.37 38.26 270 81 2408 1 034
4773539 5626 2025/9/28 14:42:56 P18 76.36 32.66 0 11.01 50.86 931.36 962.08 334.625 639.954 4106.598 773.01 937.042 1300.201 496.826 22.43 -13.733 142.975 -25.482 549.316 998.688 141.602 1055.908 716.553 1049.805 667.267 1634.674 888.824 -5000 14.648 -28.534 33.417 -30.518 95.673 472.717 277.1 898.743 1676.636 172.119 -1894.379 935.516 546.57 39.978 23.346 60.577 2546.692 2501.678 2121.124 1746.063 1393.585 1033.783 674.896 -735.016 -1.068 50.964 81.177 6.104 -329.59 -671.234 -1007.385 -1356.812 -1690.979 -2025.909 -2367.401 -2687.836 781.555 1280.975 441.437 90.027 1.831 -346.832 -697.784 479 350 529 36.31 38.47 272 83 2408 1 034
4773540 5626 2025/9/28 14:42:57 P18 76.39 32.71 0 11.04 50.77 931.4 962.07 335.083 636.902 4103.699 764.923 932.159 1301.575 497.894 73.853 -16.479 150.299 -26.703 543.671 995.636 139.618 1051.331 718.536 1045.532 664.062 1624.146 882.416 -5000 7.324 -28.229 -3.052 -31.433 90.332 472.412 275.421 893.402 1673.737 198.364 -1895.142 932.465 542.145 31.586 29.144 59.357 2546.387 2500.916 2116.852 1739.807 1384.277 1019.592 661.316 -722.504 4.272 61.646 82.245 4.73 -336.304 -678.101 -1015.93 -1358.795 -1697.388 -2035.217 -2372.131 -2694.244 778.809 1275.482 443.726 86.975 4.73 -347.443 -703.735 495 355 534 36.33 38.5 275 85 2408 1 034
4773541 5626 2025/9/28 14:42:58 P18 76.4 32.71 0 11.02 50.81 931.41 962.06 335.236 634.308 4103.088 757.904 930.023 1300.201 499.115 -8.392 3.967 176.849 -27.313 540.466 997.925 136.261 1047.668 719.147 1044.464 661.316 1618.805 878.143 -5000 11.902 -28.534 96.13 -32.654 85.297 472.717 272.064 889.587 1661.987 191.803 -1895.142 926.514 540.161 38.452 35.553 60.73 2543.945 2501.831 2111.053 1735.84 1381.226 1017.303 663.452 -701.599 0.916 66.528 80.109 5.951 -335.846 -679.321 -1017.609 -1364.288 -1699.219 -2035.217 -2369.385 -2692.261 776.978 1272.888 442.81 84.076 2.747 -354.309 -711.975 493 355 534 36.34 38.52 276 87 2408 1 034
4773542 5626 2025/9/28 14:42:59 P18 76.4 32.7 0 10.87 50.87 931.39 962.08 334.93 632.019 4093.781 748.901 924.683 1291.504 499.268 -30.365 -7.019 175.781 -27.466 536.804 995.178 134.277 1044.312 719.452 1039.886 660.095 1615.143 875.702 -5000 7.324 -28.534 77.667 -31.281 81.024 470.581 269.47 886.383 1667.328 181.274 -1895.905 924.225 536.194 34.637 37.079 59.967 2548.676 2503.815 2115.936 1742.554 1387.177 1027.832 673.37 -687.561 3.662 50.812 80.872 5.188 -334.625 -677.948 -1014.252 -1360.779 -1695.251 -2029.114 -2364.349 -2684.631 772.247 1263.275 442.352 87.28 4.12 -347.137 -700.073 493 355 539 36.33 38.68 278 89 2408 1 034
4773543 5626 2025/9/28 14:43:00 P18 76.4 32.71 0 10.87 50.91 931.4 962.08 334.625 628.967 4104.462 743.561 920.563 1286.926 499.115 43.64 -38.757 169.83 -27.924 532.227 997.162 133.209 1039.276 720.52 1036.835 658.112 1605.835 871.735 -5000 7.935 -28.687 7.935 -32.043 72.784 469.055 267.181 882.111 1663.361 181.885 -1896.057 922.089 535.126 36.926 35.4 59.662 2548.065 2503.052 2111.816 1736.755 1379.089 1010.437 656.128 -667.419 5.951 43.335 80.566 1.526 -336.151 -679.779 -1017.914 -1359.558 -1699.677 -2036.591 -2371.826 -2695.77 772.705 1264.648 440.521 85.144 4.578 -351.41 -704.346 483 365 544 36.35 38.68 280 91 2408 1 034
4773544 5626 2025/9/28 14:43:01 P18 76.3 32.74 0 11.09 50.82 931.38 962.07 334.473 623.474 4104.614 738.831 916.901 1286.774 500.031 -55.237 1.984 164.795 -27.466 529.022 995.789 130.615 1036.377 720.062 1034.241 654.907 1602.02 868.835 -5000 14.343 -28.839 -44.556 -32.043 71.259 469.055 265.656 876.617 1654.053 172.577 -1895.752 919.495 529.938 39.062 40.741 59.814 2546.387 2503.052 2114.868 1743.011 1385.498 1023.865 669.098 -655.06 6.409 45.624 79.651 1.221 -334.473 -679.321 -1016.693 -1357.574 -1696.93 -2033.386 -2368.011 -2690.887 769.043 1260.071 440.674 86.06 3.662 -350.189 -702.667 495 365 549 36.37 38.74 282 92 2408 1 034
4773545 5626 2025/9/28 14:43:02 P18 76.26 32.71 0 11.04 51.03 931.38 962.08 334.015 622.864 4099.274 728.302 913.391 1278.076 500.641 -23.193 34.79 136.261 -28.381 525.665 996.399 130.005 1032.867 720.52 1029.358 653.687 1597.595 865.326 -5000 8.545 -28.076 -34.943 -31.433 68.054 467.377 262.604 874.176 1654.205 179.291 -1896.973 916.748 525.055 39.52 34.18 58.899 2547.76 2500.916 2118.53 1745.148 1393.28 1031.342 676.27 -633.545 4.73 63.629 78.278 4.883 -333.862 -674.286 -1012.878 -1355.438 -1692.657 -2032.318 -2363.434 -2684.631 764.618 1253.815 441.895 88.043 4.12 -346.985 -700.989 485 365 554 36.34 38.95 283 94 2408 1 034
4773546 5626 2025/9/28 14:43:03 P18 76.37 32.67 0 11.09 50.92 931.39 962.08 333.862 618.591 4094.543 723.114 908.966 1276.398 501.404 -20.752 -9.003 167.694 -26.398 521.698 996.094 125.732 1029.205 721.436 1027.832 650.94 1587.83 863.342 -5000 15.411 -28.839 53.711 -32.043 63.019 468.14 260.162 868.988 1653.442 187.073 -1896.973 911.56 523.987 35.553 41.199 59.052 2548.828 2502.136 2116.852 1745.911 1390.228 1022.644 672.913 -611.725 5.798 55.695 81.482 1.221 -331.879 -675.507 -1011.2 -1353.455 -1692.657 -2028.656 -2362.671 -2687.836 764.16 1251.373 440.674 86.06 3.357 -348.969 -698.395 498 370 558 36.34 38.89 284 95 2408 1 034
4773547 5626 2025/9/28 14:43:04 P18 76.22 32.69 0 11.04 50.97 931.4 962.05 333.71 616.913 4095.154 714.722 907.44 1273.041 502.319 37.079 -16.632 162.048 -27.924 517.883 995.483 125.885 1025.848 721.741 1024.475 650.177 1585.999 859.985 -5000 4.425 -28.381 51.575 -31.281 59.052 467.377 257.874 865.631 1649.475 162.659 -1896.82 903.168 519.409 33.264 34.18 60.425 2549.896 2502.136 2114.868 1743.927 1390.228 1026.306 673.676 -605.774 6.104 53.406 78.43 4.272 -333.71 -676.88 -1014.862 -1355.743 -1693.878 -2030.792 -2365.112 -2682.495 760.345 1245.728 442.047 86.975 2.594 -348.358 -702.972 498 370 558 36.34 38.89 284 95 2408 1 034
4773548 5626 2025/9/28 14:43:05 P18 76.3 32.67 0 11.19 51.08 931.39 962.09 334.167 616.302 4098.511 712.128 901.642 1267.853 501.556 -37.689 11.139 146.79 -27.771 514.679 993.805 124.512 1022.949 722.198 1020.203 647.736 1578.369 854.797 -5000 -0.916 -29.449 35.706 -32.043 56.61 465.546 256.348 861.206 1645.813 180.206 -1897.888 905.151 516.968 27.924 28.076 59.204 2542.267 2501.678 2120.361 1747.894 1397.247 1035.309 680.237 -587.463 8.698 65.002 79.498 0.305 -332.794 -674.133 -1011.505 -1352.844 -1690.521 -2027.13 -2360.077 -2682.648 757.904 1242.676 439.606 85.144 4.425 -348.206 -698.395 498 370 563 36.33 38.94 285 96 2408 1 034
4773549 5626 2025/9/28 14:43:06 P18 76.22 32.69 0 11.12 51.05 931.38 962.07 334.473 613.403 4091.034 701.904 899.048 1262.207 503.235 -1.221 -38.3 175.934 -29.297 511.169 992.279 122.528 1017.914 723.114 1016.693 648.346 1577.454 853.119 -5000 5.188 -28.076 22.583 -32.349 49.286 465.851 253.601 857.544 1637.878 162.811 -1897.736 904.694 511.017 39.215 36.163 58.289 2547.302 2503.052 2116.394 1743.622 1387.939 1026.306 669.098 -570.831 9.308 77.209 81.177 1.678 -333.862 -675.354 -1012.421 -1354.675 -1693.268 -2030.792 -2367.401 -2689.362 755.92 1237.03 439.453 86.823 3.357 -346.222 -698.547 499 375 567 36.34 39.06 286 97 2408 1 034
4773550 5626 2025/9/28 14:43:07 P18 76.3 32.67 0 11.07 50.95 931.41 962.08 333.862 610.962 4098.816 697.327 896.759 1260.223 503.693 81.024 -50.354 142.517 -27.924 507.355 994.415 121.918 1014.404 723.114 1013.489 643.616 1571.198 849.915 -5000 9.155 -27.618 -84.839 -31.281 49.438 463.867 251.923 854.034 1634.521 173.798 -1898.041 899.506 510.712 35.553 32.654 59.052 2547.913 2501.068 2117.462 1740.723 1388.092 1027.374 672.607 -551.605 7.172 83.923 79.803 5.341 -333.252 -676.27 -1012.726 -1355.896 -1694.489 -2030.792 -2365.723 -2686.005 753.479 1232.452 440.521 86.67 3.967 -347.443 -701.447 499 380 576 36.35 39.02 286 98 2408 1 034
4773551 5626 2025/9/28 14:43:08 P18 76.32 32.69 0 11.14 51.03 931.43 962.07 333.557 610.046 4100.494 692.291 892.334 1257.324 504.761 99.182 10.376 163.574 -30.212 505.219 994.568 118.256 1011.658 723.572 1010.437 641.022 1562.805 846.252 -5000 9.766 -28.076 35.248 -32.806 46.844 464.325 250.244 849.304 1634.369 164.032 -1898.193 896.606 507.66 36.774 33.569 59.357 2544.25 2502.899 2120.819 1750.641 1395.264 1035.767 678.558 -533.142 6.866 67.902 79.498 2.594 -330.963 -673.218 -1009.216 -1350.555 -1689.148 -2024.689 -2360.992 -2683.716 753.784 1230.164 439.606 87.585 3.204 -347.443 -697.174 490 380 582 36.38 39.17 287 100 2408 1 034
4773552 5626 2025/9/28 14:43:09 P18 76.26 32.65 0 11.02 50.98 931.41 962.08 334.015 606.689 4092.407 684.814 889.13 1254.12 505.371 -5.341 9.308 194.397 -29.755 501.862 992.432 117.95 1007.843 724.335 1006.012 641.479 1559.296 843.658 -5000 11.139 -27.161 -5.798 -31.281 42.725 463.257 247.955 845.947 1632.385 157.166 -1898.804 894.775 503.693 31.586 35.858 58.594 2549.438 2503.204 2114.258 1742.401 1384.125 1022.491 667.114 -521.545 10.223 57.373 80.566 3.815 -333.862 -675.964 -1013.031 -1355.438 -1695.251 -2031.555 -2367.096 -2691.498 748.138 1225.891 441.895 86.67 5.646 -349.121 -701.752 501 380 588 36.4 39.23 287 101 2408 1 034
4773553 5626 2025/9/28 14:43:10 P18 76.36 32.67 0 11.21 51.18 931.4 962.07 333.862 605.011 4095.306 679.321 885.773 1247.711 505.829 9.613 24.719 176.086 -29.144 498.505 988.617 116.119 1005.249 724.945 1002.655 641.174 1556.396 841.064 -5000 14.343 -28.229 72.174 -30.975 37.994 461.731 246.277 843.353 1629.639 166.931 -1898.651 893.555 499.115 37.689 32.196 58.746 2544.25 2502.594 2111.816 1734.772 1375.122 1012.115 658.112 -511.475 11.292 65.155 80.414 3.51 -336.914 -681.458 -1019.135 -1362 -1700.897 -2037.659 -2376.251 -2697.601 747.833 1222.382 440.369 82.092 3.967 -352.173 -707.397 490 385 594 36.35 39.25 288 102 2408 1 034
4773554 5626 2025/9/28 14:43:11 P18 76.22 32.71 0 11.21 51.09 931.38 962.08 333.557 605.011 4094.238 674.286 882.568 1244.659 505.981 8.392 -13.275 190.125 -29.297 494.08 992.432 115.204 1002.197 725.555 997.314 636.597 1548.309 838.47 -5000 12.207 -28.076 39.368 -32.959 34.637 462.952 243.835 839.844 1624.451 169.678 -1898.193 890.045 493.774 31.281 34.027 58.441 2549.286 2500.61 2117.462 1747.742 1391.907 1033.173 677.032 -501.556 9.46 51.117 78.43 4.12 -329.132 -672.913 -1009.521 -1351.013 -1690.369 -2026.672 -2360.535 -2685.852 744.171 1218.414 439.148 86.975 2.441 -347.137 -697.021 505 390 600 36.35 39.25 289 102 2408 1 034
4773555 5626 2025/9/28 14:43:12 P18 76.39 32.69 0 11.22 51.13 931.4 962.07 332.794 604.095 4104.004 670.776 877.838 1240.54 506.897 19.836 10.223 155.029 -29.297 491.18 992.126 112 998.383 725.25 996.246 634.46 1541.138 835.724 -5000 15.717 -28.992 50.964 -31.433 33.417 459.747 241.699 835.724 1620.636 177.307 -1899.109 888.824 492.859 39.215 39.062 57.983 2547.607 2502.136 2116.699 1739.349 1384.277 1019.745 661.469 -487.366 7.324 50.049 77.667 5.493 -330.048 -672.913 -1012.421 -1355.286 -1694.336 -2033.081 -2369.843 -2692.108 741.272 1214.752 440.369 85.602 4.272 -349.884 -703.735 494 390 606 36.34 39.38 289 103 2408 1 034
4773556 5626 2025/9/28 14:43:13 P18 76.29 32.74 0 11.21 51.25 931.4 962.06 333.557 602.417 4097.748 665.131 875.854 1240.845 506.287 -9.003 -11.292 195.007 -29.755 489.502 991.211 111.237 996.094 726.013 991.669 631.866 1531.83 831.146 -5000 19.073 -29.297 -52.338 -32.349 30.212 460.815 240.326 832.214 1615.906 178.68 -1899.719 884.857 487.976 36.469 31.433 58.289 2543.488 2501.373 2112.122 1735.84 1377.869 1015.625 660.858 -485.077 12.817 55.389 78.735 5.341 -335.083 -679.779 -1017.456 -1359.406 -1699.066 -2036.285 -2372.284 -2694.855 738.831 1208.496 439.758 85.144 7.324 -351.562 -706.329 504 390 610 36.34 39.47 290 104 2408 1 034
4773557 5626 2025/9/28 14:43:14 P18 76.3 32.74 0 11.24 51.25 931.4 962.07 333.557 601.349 4099.426 658.722 873.413 1230.316 507.66 100.555 3.052 192.719 -30.67 485.229 987.701 110.321 993.958 724.792 988.007 632.019 1532.44 829.315 -5000 -1.831 -28.381 35.248 -31.586 29.449 459.137 238.495 829.01 1614.532 164.185 -1899.414 883.026 485.84 33.569 33.875 56.458 2547.15 2502.441 2117.462 1742.401 1390.533 1030.121 671.692 -472.412 8.698 60.272 77.515 4.73 -331.268 -673.065 -1010.437 -1352.692 -1690.979 -2029.114 -2364.502 -2686.768 735.931 1208.649 439.453 87.128 2.136 -346.832 -698.547 504 390 610 36.34 39.47 290 104 2408 1 034
4773558 5626 2025/9/28 14:43:15 P18 76.22 32.73 0 11.12 51.21 931.38 962.07 333.252 599.365 4093.17 651.855 870.361 1230.316 508.423 0 19.379 204.163 -30.212 484.009 987.549 109.711 989.532 726.929 983.887 632.629 1531.982 825.653 -5000 9.003 -28.381 -16.327 -31.891 26.55 458.527 236.969 825.958 1612.854 169.373 -1899.414 880.585 481.11 34.637 32.043 57.983 2543.945 2503.967 2113.342 1736.45 1380.157 1017.914 660.095 -456.696 15.259 59.967 77.362 4.578 -334.015 -677.032 -1014.404 -1357.269 -1696.625 -2034.149 -2371.216 -2693.176 735.779 1203.308 442.505 84.686 4.272 -347.9 -703.278 494 390 613 36.35 39.55 290 104 2408 1 034
4773559 5626 2025/9/28 14:43:16 P18 76.28 32.73 0 11.19 51.26 931.4 962.09 333.099 598.907 4099.426 648.193 867.615 1223.907 509.033 37.842 -19.684 180.511 -30.518 479.889 981.14 107.574 987.244 726.776 980.072 627.594 1522.064 824.738 -5000 3.815 -28.076 -2.899 -31.738 25.482 458.221 235.596 822.144 1607.513 167.084 -1900.33 877.838 478.21 42.267 36.926 57.068 2547.302 2503.967 2113.037 1735.229 1379.395 1016.693 661.011 -441.589 15.411 60.272 78.278 4.578 -332.336 -677.185 -1016.083 -1359.406 -1698.914 -2036.438 -2373.962 -2695.007 731.812 1200.256 440.063 83.16 3.967 -348.663 -703.735 505 400 615 36.35 39.52 290 105 2408 1 034
4773560 5626 2025/9/28 14:43:17 P18 76.35 32.67 0 11.24 51.24 931.44 962.09 333.099 598.755 4096.68 645.447 863.647 1223.755 509.796 -72.327 -68.97 196.991 -28.992 477.753 989.99 104.37 984.344 727.997 977.783 626.678 1521.301 820.923 -5000 4.578 -27.924 26.855 -31.128 23.499 459.29 233.002 819.55 1604.919 185.242 -1899.719 873.413 474.091 39.978 33.722 57.983 2543.182 2503.052 2116.699 1739.96 1387.939 1029.205 672.607 -432.739 11.597 94.299 77.515 1.678 -334.167 -676.727 -1013.031 -1355.743 -1693.42 -2030.334 -2366.028 -2685.699 733.185 1198.578 440.216 83.466 2.289 -350.494 -703.43 495 400 619 36.31 39.64 291 105 2408 1 034
4773561 5626 2025/9/28 14:43:18 P18 76.26 32.74 0 11.14 51.28 931.39 962.08 332.947 597.687 4088.135 638.733 862.122 1219.177 510.864 -49.438 -26.703 208.74 -30.365 474.396 986.176 105.286 981.903 727.997 973.358 625.61 1517.334 819.55 -5000 11.597 -28.076 5.493 -31.433 20.752 457.001 231.171 817.108 1602.325 161.591 -1900.177 872.192 467.682 34.79 27.466 57.526 2547.76 2503.357 2113.342 1737.976 1378.937 1015.472 659.18 -415.955 14.496 79.803 78.125 1.984 -334.167 -678.253 -1015.32 -1357.88 -1697.388 -2034.302 -2372.284 -2694.855 730.438 1193.542 439.301 83.618 2.594 -350.952 -704.346 496 405 620 36.35 39.62 291 106 2408 1 034
4773562 5626 2025/9/28 14:43:19 P18 76.26 32.63 0 11.46 51.26 931.45 962.07 333.71 596.619 4090.881 633.698 858.307 1218.109 511.932 -4.73 -45.471 183.868 -29.755 471.954 988.77 104.98 978.546 729.065 969.849 623.779 1513.367 817.108 -5000 -8.698 -27.771 68.054 -32.349 21.667 457.611 230.713 813.751 1599.731 173.95 -1900.482 868.683 467.377 37.384 31.128 57.831 2546.234 2500.763 2112.427 1735.382 1380.005 1016.846 661.316 -404.51 12.97 88.196 77.972 5.341 -331.879 -676.27 -1014.709 -1358.032 -1696.93 -2034.912 -2371.521 -2691.956 727.844 1191.101 439.758 82.092 2.899 -352.631 -709.381 507 405 621 36.37 39.73 291 107 2408 1 034
4773563 5626 2025/9/28 14:43:20 P18 76.25 32.74 0 11.29 51.3 931.41 962.08 332.947 596.313 4094.391 630.951 855.713 1214.447 511.627 57.526 -23.346 158.844 -29.755 469.055 988.617 103.455 975.189 729.675 965.424 620.88 1508.484 813.751 -5000 14.343 -28.381 99.03 -32.501 18.616 457.001 228.729 809.021 1595.459 192.261 -1899.872 865.784 462.952 37.842 30.823 57.678 2543.64 2503.204 2113.8 1741.791 1389.618 1027.374 673.828 -398.865 14.191 87.433 78.43 7.782 -334.473 -676.117 -1013.489 -1355.743 -1692.657 -2029.724 -2363.739 -2685.394 725.708 1184.235 439.758 84.534 3.204 -349.121 -703.43 493 400 622 36.34 39.7 291 107 2408 1 034
4773564 5626 2025/9/28 14:43:21 P18 76.37 32.69 0 11.26 51.32 931.41 962.09 332.489 594.94 4091.492 625.763 852.051 1211.548 512.238 -102.997 -0.305 175.171 -29.907 467.529 988.007 101.776 973.206 729.98 961.914 620.27 1502.533 811.615 -5000 10.834 -26.855 -7.629 -31.738 19.073 456.543 227.814 808.258 1591.797 177.612 -1901.093 865.479 459.137 37.537 27.008 57.068 2545.166 2501.221 2115.479 1736.755 1380.92 1016.846 659.18 -384.979 15.564 74.463 78.125 1.373 -340.424 -682.678 -1018.982 -1361.542 -1699.982 -2036.438 -2373.657 -2695.312 725.25 1183.777 438.385 83.923 5.951 -351.257 -706.94 507 400 624 36.31 39.79 291 108 2408 1 034
4773565 5626 2025/9/28 14:43:22 P18 76.33 32.63 0 11.18 51.31 931.42 962.1 332.031 594.94 4093.323 621.948 850.525 1204.987 513 76.599 -32.654 191.04 -29.755 464.478 988.312 99.945 971.527 729.065 959.167 617.218 1498.26 809.021 -5000 8.545 -28.381 98.724 -31.128 16.022 453.186 224.915 806.885 1585.846 184.326 -1901.398 861.816 455.627 37.994 32.654 56.915 2548.218 2503.204 2113.8 1734.772 1378.937 1015.472 658.875 -376.587 19.073 79.498 81.024 1.678 -336.914 -680.542 -1018.829 -1362.152 -1700.745 -2037.659 -2374.725 -2695.007 723.267 1180.573 438.69 81.635 3.052 -351.562 -708.16 512 400 625 36.38 39.87 290 108 2408 1 034
4773566 5626 2025/9/28 14:43:23 P18 76.23 32.6 0 11.19 51.29 931.42 962.08 332.336 594.33 4099.884 615.845 847.626 1202.087 513.458 -63.782 -45.929 178.528 -29.144 462.036 982.971 99.182 967.712 729.523 955.963 618.439 1493.835 806.427 -5000 11.902 -27.466 58.136 -31.281 16.022 454.254 224.304 802.46 1582.184 173.798 -1900.635 861.664 452.576 31.586 25.482 57.068 2547.302 2504.272 2117.157 1741.333 1387.634 1029.663 673.37 -364.685 13.733 58.289 77.362 4.578 -333.557 -676.727 -1014.252 -1356.049 -1694.641 -2030.64 -2365.723 -2687.225 719.91 1175.69 439.911 84.686 1.373 -347.9 -701.294 509 405 626 36.35 39.76 290 109 2408 1 034
4773567 5626 2025/9/28 14:43:24 P18 76.29 32.69 0 11.19 51.34 931.4 962.06 331.268 594.025 4091.644 613.098 845.184 1190.491 513.763 21.362 -9.003 186.615 -30.67 458.984 988.159 97.809 964.966 729.218 952.301 614.777 1486.969 805.054 -5000 3.204 -27.161 18.005 -32.043 12.817 452.881 222.321 800.171 1582.184 161.743 -1900.94 859.985 447.388 30.975 38.147 56.152 2549.133 2501.068 2118.378 1748.657 1394.196 1033.478 680.542 -366.058 20.142 76.904 79.041 3.662 -334.167 -675.964 -1012.421 -1351.929 -1691.132 -2026.672 -2358.856 -2682.648 718.994 1174.469 439.453 86.823 4.578 -345.306 -695.038 495 405 627 36.41 39.83 290 109 2408 1 034
4773568 5626 2025/9/28 14:43:25 P18 76.29 32.62 0 11.19 51.31 931.4 962.06 332.489 593.262 4089.355 608.368 841.827 1200.104 514.679 -137.939 -1.373 153.809 -29.755 456.543 987.854 95.825 963.287 731.659 948.029 614.166 1486.053 801.392 -5000 7.782 -27.924 -2.136 -32.196 13.733 454.102 220.947 796.204 1579.59 182.648 -1901.703 855.103 444.489 33.264 36.316 56.915 2545.471 2502.899 2110.596 1734.314 1376.19 1013.489 659.485 -355.225 18.005 71.564 76.141 4.12 -335.693 -680.847 -1018.066 -1360.321 -1703.491 -2039.337 -2376.251 -2696.838 717.773 1168.213 439.453 83.313 6.104 -350.952 -707.55 495 405 627 36.41 39.83 290 109 2408 1 034
4773569 5626 2025/9/28 14:43:26 P18 76.32 32.66 0 11.18 51.44 931.42 962.08 332.184 592.499 4099.884 604.706 839.844 1195.984 515.747 76.294 17.7 170.288 -29.907 453.949 986.328 95.673 960.236 731.812 944.824 611.572 1482.239 800.323 -5000 -3.357 -27.466 19.226 -31.891 13.123 450.439 219.727 793.152 1571.96 168.457 -1901.855 855.865 440.674 29.602 28.839 57.068 2546.844 2502.747 2114.41 1739.197 1386.871 1024.323 668.03 -346.527 15.564 69.275 77.972 5.341 -330.353 -675.659 -1014.557 -1355.896 -1693.878 -2031.403 -2366.028 -2687.988 714.417 1166.534 439.301 84.686 1.373 -348.358 -703.583 510 400 628 36.34 39.8 290 109 2408 1 034
4773570 5626 2025/9/28 14:43:27 P18 76.16 32.77 0 11.21 51.37 931.4 962.09 330.505 592.651 4096.832 601.501 838.318 1187.897 516.663 84.076 -13.885 153.503 -30.823 452.576 987.396 94.452 956.879 732.117 940.399 610.352 1476.44 797.729 -5000 14.648 -27.924 18.616 -32.043 10.376 450.745 218.048 791.321 1567.993 171.661 -1901.855 852.509 437.469 33.875 33.112 56.152 2548.37 2503.51 2117.004 1747.742 1395.569 1031.799 677.948 -337.372 19.836 79.803 82.55 3.052 -333.862 -676.727 -1013.947 -1354.218 -1692.963 -2028.961 -2362.671 -2686.157 714.874 1167.45 438.538 85.449 4.578 -349.121 -701.141 499 405 629 36.37 40.01 289 109 2408 1 034
4773571 5626 2025/9/28 14:43:28 P18 76.3 32.69 0 11.45 51.41 931.41 962.08 331.268 592.651 4095.306 596.924 834.808 1193.848 516.968 -6.561 -2.899 167.694 -31.128 449.677 986.176 93.384 953.979 733.032 937.5 607.605 1470.337 794.678 -5000 5.341 -27.924 -44.708 -33.112 11.749 452.881 216.37 787.811 1569.977 196.228 -1902.313 847.778 432.739 31.738 27.008 57.068 2543.793 2501.678 2112.732 1732.941 1376.495 1009.827 653.687 -326.691 18.005 82.092 77.667 7.324 -334.32 -678.101 -1017.609 -1360.168 -1698.608 -2037.048 -2373.199 -2694.702 711.365 1161.194 438.995 79.956 2.747 -351.562 -708.466 514 410 633 36.37 39.96 289 109 2408 1 034
4773572 5626 2025/9/28 14:43:29 P18 76.33 32.7 0 11.36 51.34 931.39 962.09 332.184 591.583 4084.625 591.583 832.52 1184.998 517.12 -31.281 1.373 177.307 -30.67 447.235 984.039 93.384 952.148 732.422 931.702 608.215 1470.795 792.389 -5000 7.782 -27.313 34.485 -32.501 10.071 451.813 214.691 785.522 1568.146 171.509 -1901.55 848.999 426.941 35.706 30.975 56.152 2547.302 2502.136 2115.173 1737.671 1383.82 1022.644 667.114 -318.451 18.616 48.37 77.515 4.883 -334.32 -676.27 -1014.709 -1356.354 -1696.777 -2034.302 -2370.148 -2690.277 709.686 1156.311 440.216 84.686 6.714 -349.579 -704.803 513 415 635 36.35 40.02 288 110 2408 1 034
4773573 5626 2025/9/28 14:43:30 P18 76.28 32.7 0 11.31 51.58 931.39 962.06 332.489 591.583 4090.576 588.684 829.62 1183.319 517.731 36.774 1.984 173.95 -30.518 446.167 981.445 91.4 949.402 733.49 930.176 606.079 1468.506 790.1 -5000 13.733 -27.313 -46.082 -32.196 9.613 451.66 214.081 781.86 1564.941 183.258 -1903.076 844.727 426.025 33.722 25.482 56.152 2544.25 2503.51 2114.563 1743.469 1387.482 1030.884 674.896 -304.26 19.684 58.899 76.599 7.477 -332.336 -676.27 -1012.573 -1354.675 -1693.115 -2028.809 -2362.671 -2686.31 707.703 1154.633 437.164 84.381 3.51 -350.647 -702.057 513 410 637 36.37 39.91 288 110 2408 1 034
4773574 5626 2025/9/28 14:43:31 P18 76.23 32.74 0 11.4 51.46 931.4 962.09 332.031 591.125 4090.729 584.564 828.247 1177.826 518.188 11.139 3.967 190.582 -30.518 444.031 983.429 91.095 948.029 732.727 926.361 603.79 1462.25 789.032 -5000 10.529 -28.076 71.411 -31.433 9.766 449.982 212.402 781.86 1559.143 176.544 -1902.313 843.048 424.194 36.621 31.891 55.847 2548.218 2503.662 2119.904 1746.521 1396.484 1035.156 678.864 -309.906 20.905 42.877 76.752 4.578 -332.794 -674.591 -1011.658 -1352.539 -1691.589 -2028.198 -2360.687 -2683.563 705.261 1150.513 439.453 85.907 4.425 -345.154 -695.343 502 415 640 36.4 40.01 287 110 2408 1 034
4773575 5626 2025/9/28 14:43:32 P18 76.19 32.7 0 11.33 51.56 931.4 962.06 331.421 590.668 4084.015 580.444 825.806 1175.995 519.257 -54.474 14.343 173.34 -30.212 441.895 983.429 89.722 945.587 731.506 922.852 604.095 1458.282 786.896 -5000 16.785 -27.466 111.389 -31.738 8.392 450.592 211.334 778.809 1559.906 169.678 -1902.924 842.285 419.769 44.25 35.4 55.542 2549.438 2501.526 2111.359 1730.957 1375.58 1012.268 656.738 -290.68 21.973 51.88 77.667 2.441 -336.151 -678.711 -1018.829 -1360.931 -1700.134 -2037.964 -2374.573 -2696.228 705.872 1147.614 437.469 80.872 5.035 -350.952 -709.991 518 415 642 36.35 40.17 287 110 2408 1 034
4773576 5626 2025/9/28 14:43:33 P18 76.26 32.65 0 11.41 51.49 931.41 962.07 331.421 590.363 4095.001 579.224 823.364 1176.453 519.562 53.253 -25.94 163.269 -30.823 438.232 983.887 88.348 943.909 734.558 919.342 601.196 1454.926 785.217 -5000 17.7 -27.313 10.681 -32.349 8.545 449.371 209.961 774.841 1551.666 178.833 -1902.466 836.334 415.955 37.689 39.062 56.152 2546.539 2502.441 2114.868 1738.129 1385.803 1026.306 669.861 -279.999 18.463 67.596 82.55 1.831 -331.116 -674.286 -1012.573 -1356.354 -1695.251 -2032.013 -2368.164 -2688.446 704.346 1146.088 438.538 82.855 2.289 -350.037 -704.956 503 420 644 36.33 40.12 287 110 2408 1 034
4773577 5626 2025/9/28 14:43:34 P18 76.2 32.65 0 11.31 51.49 931.39 962.08 331.726 591.125 4089.813 573.12 820.77 1172.943 520.172 -19.379 2.594 156.555 -29.449 435.181 983.582 87.28 941.467 735.779 916.901 600.281 1451.263 781.25 -5000 19.073 -26.245 30.212 -32.806 9.155 449.371 209.045 773.315 1554.108 174.255 -1903.229 836.945 412.75 37.842 33.875 56.152 2542.877 2503.204 2115.326 1745.148 1390.076 1029.968 678.253 -275.879 22.736 55.389 77.972 2.594 -334.93 -677.338 -1014.099 -1355.591 -1694.183 -2029.724 -2364.197 -2686.768 701.904 1141.51 438.69 82.855 4.272 -349.121 -700.378 514 420 647 36.35 40.17 286 111 2408 1 034
4773578 5626 2025/9/28 14:43:35 P18 76.23 32.65 0 11.41 51.54 931.43 962.08 331.116 590.21 4095.459 570.679 818.634 1171.722 520.325 16.785 -1.526 163.574 -29.297 434.723 980.835 86.975 938.873 735.168 912.323 597.839 1445.312 780.945 -5000 15.411 -28.534 -43.182 -31.433 8.545 446.93 206.604 769.806 1547.241 180.969 -1903.076 835.876 410.156 35.095 30.67 55.695 2546.997 2503.204 2115.479 1737.366 1381.073 1016.846 659.18 -263.519 19.226 34.943 76.904 0.305 -334.32 -677.49 -1014.252 -1357.574 -1696.32 -2033.691 -2371.826 -2693.329 702.057 1141.357 438.538 83.16 3.815 -349.274 -702.82 504 415 649 36.38 40.14 286 111 2408 1 034
4773579 5626 2025/9/28 14:43:36 P18 76.23 32.71 0 11.34 51.53 931.39 962.07 332.184 590.363 4095.001 566.711 816.498 1168.823 521.088 -53.864 -4.578 182.495 -29.755 432.129 984.955 84.686 937.042 735.474 909.729 599.213 1442.566 778.198 -5000 1.984 -26.093 78.278 -31.738 7.019 446.167 206.299 769.501 1543.121 179.901 -1902.771 834.961 406.952 27.313 35.706 54.779 2546.692 2503.51 2112.427 1732.788 1376.801 1011.505 656.128 -260.773 18.616 42.267 76.904 4.73 -334.167 -678.253 -1016.693 -1359.558 -1699.066 -2038.116 -2374.725 -2695.618 699.31 1136.627 438.995 81.329 1.068 -353.394 -710.602 516 420 651 36.33 40.14 286 111 2408 1 034
4773580 5626 2025/9/28 14:43:37 P18 76.22 32.69 0 11.21 51.39 931.39 962.08 331.116 590.057 4090.118 564.728 813.751 1167.603 522.461 -46.387 11.749 190.887 -31.128 431.519 980.225 83.771 934.448 736.389 905.304 596.008 1437.836 775.452 -5000 3.052 -26.093 16.479 -32.501 7.172 447.235 205.078 765.381 1538.391 170.441 -1903.381 831.604 402.374 36.163 28.687 55.389 2543.488 2502.441 2114.716 1736.145 1383.362 1022.949 666.504 -247.803 21.667 67.444 77.972 2.289 -331.268 -676.117 -1013.336 -1357.422 -1695.099 -2032.928 -2368.317 -2689.056 696.411 1134.796 438.232 82.245 2.441 -350.342 -703.735 516 420 651 36.33 40.14 286 111 2408 1 034
4773581 5626 2025/9/28 14:43:38 P18 76.2 32.69 0 11.26 51.39 931.44 962.08 331.573 589.6 4091.034 560.76 812.073 1161.041 522.156 -21.21 14.801 168.457 -29.907 427.704 983.429 84.991 932.007 737.152 902.252 594.177 1434.326 774.384 -5000 9.766 -26.703 50.507 -32.043 5.493 445.709 203.857 763.855 1541.595 182.343 -1903.687 829.468 401.154 33.264 33.417 55.389 2548.828 2501.678 2114.258 1744.843 1391.144 1028.595 674.133 -243.835 21.973 58.289 77.362 1.831 -332.489 -677.032 -1014.099 -1354.98 -1693.573 -2029.877 -2362.671 -2686.157 696.411 1130.829 438.385 82.703 4.12 -350.494 -701.904 506 425 656 36.38 40.26 285 111 2408 1 034
4773582 5626 2025/9/28 14:43:39 P18 76.19 32.67 0 11.29 51.43 931.41 962.07 331.573 589.6 4082.489 556.183 810.394 1160.431 522.614 -91.553 -1.373 173.492 -29.755 428.162 982.361 84.686 929.871 737.152 898.132 593.567 1432.037 772.705 -5000 -4.272 -26.855 66.376 -31.586 6.561 446.777 203.247 762.177 1538.849 180.206 -1903.687 827.179 397.034 32.959 29.297 56.152 2549.286 2502.289 2113.647 1740.57 1384.125 1016.846 662.079 -228.729 19.684 55.084 75.531 5.646 -331.879 -675.354 -1013.489 -1355.591 -1694.946 -2032.623 -2367.706 -2692.413 695.496 1127.93 437.164 83.16 1.678 -352.325 -705.566 506 425 658 36.38 40.22 285 111 2408 1 034
4773583 5626 2025/9/28 14:43:40 P18 76.35 32.65 0 11.24 51.51 931.42 962.07 331.268 589.905 4088.44 554.199 807.8 1159.973 523.224 -21.515 -5.493 178.223 -30.67 425.11 979.309 83.618 928.345 737.152 895.386 592.194 1427.46 769.348 -5000 3.51 -26.55 40.283 -33.264 5.798 445.709 201.874 758.362 1533.508 161.591 -1903.229 823.822 391.235 32.806 28.992 56 2544.556 2501.373 2109.985 1733.246 1377.563 1011.353 658.417 -222.626 23.956 48.828 78.43 1.678 -340.881 -683.746 -1021.881 -1362.915 -1701.813 -2039.337 -2375.488 -2698.059 693.207 1126.404 437.775 81.024 4.12 -353.241 -708.618 516 425 660 36.34 40.32 284 111 2408 1 034
4773584 5626 2025/9/28 14:43:41 P18 76.29 32.67 0 11.33 51.49 931.41 962.06 331.879 588.837 4087.982 551.758 805.359 1154.938 524.139 60.12 14.038 153.351 -29.602 423.584 981.14 82.397 926.208 738.068 892.334 591.583 1425.629 767.975 -5000 -1.373 -26.855 -6.866 -32.501 5.646 445.557 200.653 757.141 1532.745 152.435 -1903.992 823.822 392.151 30.975 35.4 55.237 2542.419 2501.526 2116.089 1739.044 1385.345 1024.628 668.64 -214.539 21.515 63.629 76.752 5.646 -332.947 -675.507 -1013.184 -1356.354 -1694.489 -2030.945 -2366.791 -2687.683 691.986 1123.657 436.249 84.534 3.204 -343.475 -695.19 507 425 663 36.37 40.28 284 111 2408 1 034
4773585 5626 2025/9/28 14:43:42 P18 76.18 32.59 0 11.4 51.65 935.92 962.09 330.963 590.21 4087.372 550.079 803.223 1153.717 524.597 73.853 -3.204 141.449 -30.518 421.295 978.699 80.872 924.835 737.915 888.824 588.531 1415.405 765.686 -5000 0 -27.313 -9.613 -33.417 5.798 444.489 200.043 754.7 1527.1 161.896 -1904.144 821.991 387.421 27.466 33.264 56.152 2544.708 2501.984 2119.293 1742.706 1390.839 1029.358 670.929 -221.1 21.515 66.223 76.599 0 -332.947 -674.438 -1011.047 -1353.302 -1691.742 -2029.114 -2365.417 -2686.92 691.833 1121.521 437.469 84.229 2.441 -348.053 -700.531 518 430 665 36.34 40.24 283 111 2408 1 034
4773586 5626 2025/9/28 14:43:43 P18 76.22 32.67 0 11.44 51.62 935.94 962.1 331.421 589.447 4085.083 543.823 800.781 1153.107 524.902 21.667 -14.038 145.416 -29.297 419.769 981.445 81.177 920.105 738.983 885.468 588.837 1419.067 764.008 -5000 12.207 -27.008 64.392 -32.196 5.188 446.014 199.127 752.411 1528.473 194.55 -1903.687 818.176 384.827 31.586 29.144 55.084 2543.182 2503.204 2115.784 1737.518 1381.989 1019.135 662.231 -212.25 23.193 59.052 76.294 4.578 -333.557 -675.812 -1013.794 -1357.269 -1695.557 -2033.539 -2371.368 -2691.193 689.392 1117.859 436.859 83.771 5.035 -349.274 -702.972 504 430 668 36.34 40.31 282 111 2408 1 034
4773587 5626 2025/9/28 14:43:44 P18 76.18 32.66 0 11.45 51.68 935.95 962.1 331.573 588.074 4083.405 540.771 799.561 1148.376 525.818 46.692 -8.24 158.386 -30.365 417.48 977.631 80.109 919.8 738.678 881.653 587.921 1415.71 762.329 -5000 9.766 -27.466 59.204 -32.501 4.425 444.946 197.296 749.969 1525.879 152.13 -1904.297 817.871 381.775 34.027 35.4 54.779 2543.488 2503.662 2110.291 1735.687 1376.953 1014.404 659.943 -208.282 24.567 61.34 69.885 7.019 -332.947 -677.185 -1015.472 -1358.337 -1698.303 -2036.133 -2364.044 -2692.719 687.256 1114.655 438.385 82.703 2.899 -352.325 -708.313 517 435 671 36.35 40.46 282 111 2408 1 034
4773588 5626 2025/9/28 14:43:45 P18 76.18 32.74 0 11.4 51.57 935.97 962.08 331.116 589.294 4085.541 539.398 798.187 1147.919 525.97 16.022 -8.545 170.746 -30.518 416.718 978.699 79.346 917.664 738.678 879.059 585.938 1409.607 760.651 -5000 0 -27.313 62.866 -32.806 6.409 444.794 196.991 747.833 1519.623 173.492 -1904.144 816.498 378.265 34.637 31.433 55.542 2545.929 2504.272 2115.479 1742.401 1384.888 1023.254 668.793 -205.841 21.82 71.411 76.141 3.967 -332.031 -676.575 -1013.794 -1357.269 -1695.251 -2031.708 -2367.554 -2689.362 686.646 1113.434 438.385 83.313 2.747 -350.494 -701.599 506 435 674 36.4 40.42 281 111 2408 1 034
4773589 5626 2025/9/28 14:43:46 P18 76.22 32.77 0 11.33 51.6 935.96 962.08 331.116 588.684 4080.811 534.668 795.288 1139.679 526.733 43.488 -22.736 224.762 -30.67 413.971 977.631 79.193 915.527 740.051 875.549 586.395 1409.454 760.04 -5000 17.548 -27.618 87.891 -31.738 4.272 443.573 196.075 746.155 1515.045 191.04 -1903.992 814.667 375.671 34.332 29.907 54.474 2544.403 2502.899 2115.631 1746.674 1391.144 1028.748 670.624 -195.77 26.703 68.665 77.667 5.646 -331.421 -674.286 -1012.421 -1354.523 -1693.115 -2030.334 -2363.892 -2689.514 684.509 1107.483 438.08 85.449 5.188 -346.069 -697.632 519 435 676 36.37 40.46 281 111 2408 1 034
4773590 5626 2025/9/28 14:43:47 P18 76.18 32.76 0 11.53 51.48 935.94 962.1 330.505 588.837 4088.898 533.295 793.457 1142.12 527.496 -68.054 3.204 158.081 -29.602 412.292 980.53 78.43 914.154 739.441 872.803 584.106 1404.572 758.209 -5000 14.191 -27.466 26.245 -31.281 5.035 441.895 194.092 744.781 1512.451 166.779 -1904.449 813.751 376.587 34.485 33.569 54.626 2546.692 2501.526 2116.547 1737.823 1381.378 1017.761 659.485 -186.92 21.362 72.784 75.989 4.272 -331.573 -674.438 -1013.947 -1358.185 -1696.625 -2034.149 -2372.589 -2694.092 684.204 1105.652 438.08 84.229 3.357 -348.511 -702.667 508 440 679 36.38 40.45 281 111 2408 1 034
4773591 5626 2025/9/28 14:43:48 P18 76.19 32.59 0 11.43 51.69 935.94 962.09 330.048 588.684 4087.982 530.243 792.236 1132.965 527.954 21.515 -14.496 174.255 -29.602 411.072 980.835 77.972 912.17 739.746 869.141 584.412 1401.978 757.904 -5000 11.749 -26.855 -48.37 -30.823 5.188 441.895 193.634 743.103 1511.078 177.612 -1904.755 811.005 372.314 35.858 28.992 54.626 2547.76 2503.967 2111.511 1732.33 1374.207 1009.674 653.381 -182.19 24.414 57.526 77.057 3.052 -335.846 -680.084 -1017.761 -1362 -1700.745 -2037.506 -2375.793 -2694.855 684.204 1110.535 438.385 81.482 3.204 -353.394 -708.618 508 440 679 36.38 40.45 281 111 2408 1 034
4773592 5626 2025/9/28 14:43:49 P18 76.19 32.7 0 11.43 51.75 935.95 962.1 330.2 588.379 4086.456 528.259 790.1 1137.543 527.954 -57.526 -45.166 172.882 -29.144 409.241 976.41 75.989 908.203 740.814 865.784 582.428 1398.01 755.005 -5000 19.684 -26.093 54.169 -32.043 5.493 442.963 191.956 739.441 1507.111 176.849 -1904.297 809.021 369.568 41.046 31.891 54.932 2545.776 2501.678 2117.462 1749.725 1397.095 1033.936 678.253 -181.732 25.787 67.749 78.125 1.831 -332.489 -674.896 -1011.353 -1352.081 -1690.063 -2025.757 -2357.025 -2682.8 682.373 1101.685 437.012 87.433 3.967 -346.985 -696.716 522 440 685 36.37 40.61 280 111 2408 1 034
4773593 5626 2025/9/28 14:43:50 P18 76.16 32.63 0 11.46 51.59 935.96 962.1 330.963 588.531 4081.726 527.191 787.354 1135.864 528.87 6.409 -19.379 158.081 -28.839 407.41 975.647 75.836 909.424 741.272 861.664 579.834 1395.874 752.106 -5000 25.94 -27.313 98.114 -32.959 3.967 441.284 192.413 739.441 1504.364 182.953 -1904.602 807.648 364.38 38.605 30.06 55.542 2541.962 2503.204 2117.004 1744.385 1387.329 1027.832 671.844 -174.561 24.567 81.635 75.989 2.747 -331.268 -675.354 -1011.81 -1355.133 -1694.183 -2030.945 -2367.554 -2689.819 680.542 1096.802 440.674 84.534 2.136 -347.595 -699.158 522 440 688 36.37 40.37 280 111 2408 1 034
4773594 5626 2025/9/28 14:43:51 P18 76.13 32.66 0 11.4 51.68 935.95 962.1 329.895 588.226 4086.761 524.597 785.98 1128.235 529.48 -17.853 -29.297 166.779 -28.687 405.731 978.699 75.531 906.219 738.983 859.375 577.545 1393.127 752.258 -5000 16.022 -27.466 74.768 -31.891 5.035 440.521 190.43 736.084 1503.448 180.054 -1904.602 806.427 365.601 39.062 30.06 54.321 2546.997 2502.899 2113.953 1738.281 1378.326 1013.947 659.027 -167.847 23.804 54.321 75.073 1.831 -331.268 -675.964 -1014.099 -1357.574 -1697.693 -2035.675 -2371.826 -2693.939 678.864 1096.649 436.554 83.16 2.899 -352.783 -706.024 507 440 690 36.35 40.47 279 111 2408 1 034
4773595 5626 2025/9/28 14:43:52 P18 76.1 32.71 0 11.56 51.56 935.96 962.1 330.2 588.989 4083.862 521.24 784.149 1128.235 529.938 0.305 -24.719 168.457 -29.602 403.9 980.225 73.547 904.083 741.577 856.934 577.087 1386.108 750.58 -5000 19.836 -27.618 10.834 -30.365 3.967 439.911 189.209 734.406 1502.838 174.103 -1905.212 804.291 362.396 35.858 34.485 55.084 2547.913 2501.221 2111.969 1734.619 1379.395 1013.794 659.18 -165.253 28.381 57.526 77.667 1.831 -336.609 -680.237 -1019.44 -1359.863 -1699.524 -2037.506 -2374.573 -2695.16 677.795 1097.107 437.927 79.956 4.73 -352.936 -709.229 520 445 693 36.38 40.49 279 111 2408 1 034
4773596 5626 2025/9/28 14:43:53 P18 76.1 32.73 0 11.41 51.69 935.96 962.09 329.742 588.226 4077.301 517.883 782.318 1129.15 531.006 -7.324 -6.409 188.446 -28.229 402.679 979.767 73.853 903.473 742.34 851.746 576.63 1384.43 749.054 -5000 5.035 -28.534 92.773 -32.196 3.51 441.437 188.599 732.117 1501.617 176.086 -1905.06 799.713 357.361 36.926 33.875 53.558 2549.438 2502.899 2118.683 1746.368 1393.585 1030.884 673.218 -157.623 27.924 70.801 74.615 4.73 -332.489 -673.676 -1011.658 -1352.386 -1690.521 -2028.351 -2361.908 -2684.937 676.117 1090.698 435.944 84.839 2.594 -347.137 -700.226 520 445 696 36.38 40.45 278 111 2408 1 034
4773597 5626 2025/9/28 14:43:54 P18 76.13 32.74 0 11.46 51.6 935.94 962.09 329.895 587.158 4083.557 515.442 781.708 1128.998 531.006 93.536 -25.482 168.762 -28.992 400.391 978.699 73.7 902.1 741.882 849.915 575.409 1382.141 747.07 -5000 -7.019 -26.55 -0.305 -32.349 4.73 441.132 188.446 729.98 1496.735 180.511 -1905.06 800.323 357.971 32.501 32.959 53.558 2545.929 2503.357 2113.495 1740.875 1385.498 1022.949 665.894 -155.487 26.855 54.474 76.141 0.916 -335.693 -677.032 -1013.336 -1356.201 -1696.014 -2031.25 -2369.69 -2692.566 676.88 1090.24 438.385 82.55 4.272 -348.358 -700.836 510 445 698 36.37 40.57 278 111 2408 1 034
4773598 5626 2025/9/28 14:43:55 P18 76.15 32.62 0 11.51 51.6 935.97 962.1 330.505 588.684 4077.148 512.848 778.809 1122.894 531.769 123.901 -0.153 174.561 -29.755 399.628 974.579 71.564 899.2 743.256 845.947 575.867 1375.122 744.324 -5000 7.935 -26.093 33.417 -31.891 3.967 441.589 185.394 728.607 1495.667 184.631 -1905.518 798.187 354.767 37.994 33.722 54.169 2543.64 2501.984 2112.579 1732.941 1375.58 1011.658 655.365 -154.266 26.245 72.174 74.921 3.052 -334.93 -678.711 -1017.609 -1360.779 -1699.524 -2037.048 -2375.183 -2695.77 673.065 1085.358 438.843 81.177 1.221 -350.037 -707.855 521 445 701 36.38 40.6 277 111 2408 1 034
4773599 5626 2025/9/28 14:43:56 P18 76.22 32.65 0 11.24 51.74 935.99 962.07 330.353 588.379 4079.742 510.864 776.825 1128.693 532.227 -15.106 13.885 153.961 -30.823 398.407 977.173 70.343 898.743 744.171 843.811 572.357 1373.291 741.882 -5000 5.951 -25.482 -52.49 -33.112 3.967 441.132 185.547 727.539 1493.225 174.713 -1904.907 796.051 352.783 32.349 33.875 54.016 2543.945 2502.441 2114.41 1742.249 1385.04 1023.56 670.319 -151.52 26.093 74.921 77.209 4.883 -331.726 -676.727 -1013.031 -1354.828 -1693.115 -2030.334 -2366.791 -2688.751 675.049 1085.815 437.469 82.703 4.272 -351.257 -703.735 521 445 703 36.4 40.6 277 110 2408 1 034
4773600 5626 2025/9/28 14:43:57 P18 76.29 32.74 0 11.65 51.66 935.97 962.09 329.895 588.226 4078.827 509.949 775.909 1120.911 531.616 54.321 -12.665 187.531 -29.602 396.576 979.614 68.817 896.149 744.171 841.827 572.357 1372.833 742.645 -5000 -4.73 -25.787 11.597 -32.043 4.272 438.385 184.326 724.945 1486.969 173.645 -1905.518 793.457 352.173 35.858 37.384 54.321 2547.913 2502.441 2118.225 1744.537 1388.245 1027.832 669.25 -138.702 30.67 68.97 77.667 2.747 -332.489 -674.286 -1011.2 -1354.37 -1693.115 -2029.266 -2367.096 -2689.209 672.913 1080.475 437.469 84.991 4.73 -346.832 -699.005 521 450 704 36.44 40.54 276 110 2408 1 034
4773601 5626 2025/9/28 14:43:58 P18 76.22 32.76 0 11.4 51.77 935.97 962.09 329.132 588.684 4080.811 506.287 773.926 1115.265 533.752 16.022 -7.324 189.972 -29.907 394.592 976.105 70.496 894.928 744.781 837.86 570.526 1371.155 742.34 -5000 2.136 -26.703 43.945 -32.349 4.578 439.148 183.716 722.809 1483.612 181.58 -1904.602 793.61 349.426 35.4 36.316 53.711 2545.471 2501.831 2111.969 1737.518 1379.242 1013.794 656.891 -139.618 29.449 100.25 77.515 4.272 -335.693 -680.084 -1018.066 -1360.321 -1699.524 -2036.285 -2372.131 -2696.075 670.776 1078.033 438.538 84.381 4.578 -350.494 -704.803 524 450 704 36.38 40.61 275 110 2408 1 034
4773602 5626 2025/9/28 14:43:59 P18 76.22 32.7 0 11.43 51.73 935.97 962.09 330.963 587.921 4076.691 503.845 772.095 1117.401 533.905 -43.335 -32.043 184.937 -28.687 395.203 975.189 68.359 892.639 744.781 835.114 570.221 1369.629 738.678 -5000 7.782 -26.703 80.109 -32.349 4.883 439.453 183.258 722.046 1477.356 186.768 -1905.67 790.558 347.595 30.975 32.654 54.321 2541.504 2501.221 2112.122 1736.603 1377.563 1016.083 664.062 -131.836 30.06 61.951 74.921 1.678 -337.219 -682.831 -1019.44 -1360.168 -1700.134 -2036.896 -2372.589 -2695.16 668.945 1077.728 437.622 81.024 6.104 -351.41 -706.94 524 450 704 36.38 40.61 275 110 2408 1 034
4773603 5626 2025/9/28 14:44:00 P18 76.09 32.7 0 11.55 51.71 935.96 962.08 331.116 588.684 4072.113 500.488 770.416 1113.892 534.363 -31.281 -6.561 179.138 -29.144 392.456 970.306 68.359 891.571 745.544 832.214 567.932 1365.814 738.068 -5000 17.395 -26.703 86.823 -32.501 4.578 439.911 182.037 719.147 1485.596 168.152 -1905.365 788.269 345.154 34.485 30.212 54.321 2546.997 2502.594 2117.462 1744.995 1393.433 1030.121 674.133 -129.242 29.297 56.763 76.294 0.61 -334.32 -675.964 -1013.794 -1354.218 -1692.505 -2029.572 -2362.976 -2686.615 669.098 1076.508 437.775 82.703 4.425 -347.595 -699.158 485 450 705 36.37 40.67 274 110 2408 1 034
4773604 5626 2025/9/28 14:44:01 P18 76.19 32.71 0 11.38 51.79 935.98 962.08 329.59 588.684 4071.655 497.589 769.348 1113.129 535.278 -65.918 -43.03 185.699 -28.687 391.083 978.546 68.207 890.503 745.239 829.468 567.78 1362 737 -5000 7.477 -26.245 7.019 -32.196 4.73 439.301 181.122 718.079 1473.389 200.348 -1905.67 786.438 342.56 29.602 25.787 54.169 2549.591 2502.899 2114.105 1739.96 1384.43 1017.609 661.926 -122.986 30.975 48.218 78.125 2.747 -333.099 -676.575 -1015.778 -1356.659 -1695.099 -2033.691 -2368.774 -2692.108 667.572 1075.897 438.995 82.855 5.035 -350.189 -703.583 522 450 705 36.4 40.64 274 110 2408 1 034
4773605 5626 2025/9/28 14:44:02 P18 76.19 32.76 0 11.56 51.83 935.98 962.09 329.59 587.921 4072.571 495.148 767.059 1110.84 535.278 36.774 1.373 180.817 -28.381 390.015 977.631 67.444 887.146 745.544 827.484 567.322 1357.88 735.321 -5000 6.561 -26.245 88.043 -31.433 4.272 438.995 179.596 716.095 1477.966 180.664 -1905.67 784.454 339.355 28.992 32.501 54.626 2550.964 2502.136 2112.885 1732.788 1375.732 1011.81 657.043 -123.901 27.313 63.019 75.684 3.204 -335.083 -679.779 -1016.998 -1361.694 -1701.05 -2037.964 -2375.793 -2695.007 667.572 1072.54 436.096 78.583 3.357 -353.851 -709.839 511 455 706 36.37 40.73 273 110 2408 1 034
4773606 5626 2025/9/28 14:44:03 P18 76.18 32.76 0 11.5 51.83 935.94 962.1 330.505 588.531 4070.74 491.943 765.686 1106.262 535.889 -32.806 6.104 184.784 -29.297 388.336 973.053 67.139 886.536 746.765 823.212 567.322 1357.727 732.88 -5000 13.123 -26.703 28.992 -31.128 4.578 437.775 179.443 715.027 1477.966 186.157 -1905.67 784.607 337.524 38.147 36.163 54.474 2544.708 2503.51 2116.241 1740.417 1385.803 1024.17 670.929 -124.207 29.602 57.678 76.904 4.425 -336.761 -679.626 -1016.083 -1358.032 -1697.235 -2033.234 -2368.469 -2689.972 664.673 1067.352 437.775 82.855 4.12 -349.884 -702.667 523 455 708 36.37 40.72 273 109 2408 1 034
4773607 5626 2025/9/28 14:44:04 P18 76.16 32.71 0 11.56 51.77 935.97 962.09 329.742 588.074 4076.538 491.791 764.771 1104.889 536.346 18.311 4.425 186.157 -29.144 386.047 970.612 65.918 884.399 745.544 820.618 564.27 1350.861 732.422 -5000 17.242 -26.093 90.637 -30.823 5.341 437.012 178.223 711.975 1472.931 180.359 -1905.365 782.928 338.593 32.654 37.537 54.016 2547.302 2502.136 2116.394 1743.317 1388.855 1023.56 666.504 -114.136 28.076 48.065 75.378 1.526 -331.421 -673.37 -1010.284 -1352.997 -1692.81 -2030.64 -2365.723 -2689.972 664.368 1068.115 436.249 84.534 3.662 -349.731 -703.125 512 455 710 36.35 40.67 273 109 2408 1 034
4773608 5626 2025/9/28 14:44:05 P18 76.22 32.69 0 11.5 51.75 935.99 962.11 330.2 587.769 4072.113 489.349 761.871 1107.635 536.957 30.975 -27.466 180.359 -29.449 386.353 975.494 65.46 883.179 747.07 817.566 564.575 1350.403 728.455 -5000 10.223 -26.55 27.924 -32.654 5.035 438.232 179.138 710.907 1464.996 171.356 -1906.128 781.555 335.541 31.281 24.109 54.474 2541.962 2502.136 2109.68 1732.635 1375.732 1008.911 655.823 -109.253 31.281 56 78.888 2.136 -337.067 -681 -1020.813 -1361.542 -1700.134 -2038.574 -2374.268 -2697.601 662.994 1063.843 437.622 80.109 5.341 -352.325 -708.313 523 465 712 36.38 40.78 272 109 2408 1 034
4773609 5626 2025/9/28 14:44:06 P18 76.18 32.73 0 11.5 51.83 935.94 962.07 329.59 587.769 4066.467 486.908 761.566 1097.87 538.025 -39.978 -18.158 173.187 -29.602 384.216 971.985 65.46 881.195 744.629 814.514 563.507 1350.098 729.218 -5000 5.798 -26.245 88.806 -31.281 4.578 437.012 177.002 709.839 1471.71 164.795 -1905.823 779.724 334.167 35.095 33.417 53.711 2547.455 2502.747 2113.953 1738.281 1381.073 1022.034 669.098 -100.403 33.112 87.28 78.125 1.831 -335.083 -677.948 -1014.709 -1359.253 -1699.219 -2032.928 -2367.554 -2688.751 660.095 1061.707 438.385 82.703 6.104 -349.426 -701.447 513 465 714 36.4 40.74 272 109 2408 1 034
4773610 5626 2025/9/28 14:44:07 P18 76.25 32.74 0 11.43 51.81 931.44 962.09 329.59 588.074 4074.249 485.535 759.583 1096.344 537.109 59.204 -9.308 164.337 -27.924 382.843 975.8 64.697 879.517 744.934 812.531 561.676 1344.299 728.302 -5000 -3.815 -26.855 15.259 -30.823 4.73 435.333 176.697 708.008 1468.201 164.642 -1905.823 778.351 333.557 30.823 33.264 54.169 2548.37 2503.51 2117.31 1744.69 1388.55 1025.848 667.725 -95.825 32.196 58.594 75.989 0.153 -332.184 -674.438 -1012.421 -1354.675 -1694.336 -2031.097 -2368.317 -2690.735 662.079 1061.707 436.554 84.076 6.104 -349.274 -700.073 524 465 716 36.4 40.86 271 109 2408 1 034
4773611 5626 2025/9/28 14:44:08 P18 76.23 32.73 0 11.4 51.81 931.44 962.09 329.132 587.463 4071.808 483.093 757.446 1101.837 539.093 -3.204 -17.548 179.443 -29.602 380.707 972.9 63.934 879.364 747.986 809.631 559.845 1341.553 724.945 -5000 18.463 -26.398 -43.182 -32.043 5.341 437.469 174.713 706.329 1464.386 162.811 -1906.281 774.841 332.031 33.264 28.992 53.558 2544.403 2501.221 2114.258 1732.483 1377.716 1013.947 657.959 -97.046 27.313 68.97 75.531 4.73 -334.93 -678.558 -1017.151 -1360.931 -1700.745 -2038.422 -2375.183 -2696.533 659.79 1058.35 439.453 80.566 3.357 -352.936 -711.67 517 470 718 36.34 40.85 270 109 2408 1 034
4773612 5626 2025/9/28 14:44:09 P18 76.19 32.73 0 11.48 51.78 931.46 962.07 330.505 588.837 4068.756 480.499 756.073 1098.328 539.093 117.188 9.766 167.542 -29.755 379.791 971.069 63.019 877.38 746.613 806.427 561.218 1342.01 723.724 -5000 5.188 -27.771 18.311 -33.112 5.188 435.638 174.713 705.261 1459.808 178.833 -1905.975 775.299 329.895 32.196 33.722 53.864 2541.656 2502.747 2115.326 1740.265 1385.04 1024.323 670.013 -91.705 29.907 71.411 75.989 7.019 -334.625 -678.253 -1014.252 -1357.422 -1695.709 -2032.471 -2368.622 -2689.209 658.569 1055.298 437.317 81.787 1.678 -348.969 -701.904 517 470 718 36.34 40.85 270 109 2408 1 034
4773613 5626 2025/9/28 14:44:10 P18 76.18 32.66 0 11.53 51.79 931.44 962.08 330.2 588.074 4065.247 477.905 755.31 1091.309 539.246 50.659 -46.539 175.171 -29.144 379.639 971.375 62.866 876.007 749.054 803.986 559.082 1338.959 723.724 -5000 5.341 -25.94 80.109 -31.128 5.341 435.028 174.103 703.735 1460.876 188.751 -1906.128 774.078 328.522 32.196 27.618 54.474 2543.945 2501.526 2117.767 1746.521 1394.348 1032.41 678.101 -97.656 33.112 52.032 76.904 1.678 -334.473 -676.27 -1013.336 -1353.607 -1690.979 -2027.588 -2361.145 -2683.258 657.501 1053.162 437.775 81.94 3.815 -348.816 -701.599 527 470 721 36.38 40.86 269 108 2408 1 034
4773614 5626 2025/9/28 14:44:11 P18 76.23 32.69 0 11.51 51.77 931.45 962.08 329.742 587.769 4070.282 476.99 753.784 1096.954 540.161 -75.378 -21.21 219.116 -29.907 377.808 972.595 62.103 874.023 747.986 801.544 558.014 1332.245 721.588 -5000 9.003 -27.313 66.681 -32.959 5.646 435.791 173.187 701.294 1457.672 175.476 -1905.518 772.247 327.301 33.722 32.501 53.711 2545.471 2503.357 2111.511 1731.415 1375.58 1012.726 656.128 -97.351 32.196 56.458 76.599 3.052 -337.524 -680.084 -1018.066 -1361.084 -1699.219 -2037.201 -2374.42 -2695.312 657.349 1052.246 437.469 78.735 5.493 -350.494 -708.008 524 475 723 36.37 40.84 269 108 2408 1 034
4773615 5626 2025/9/28 14:44:12 P18 76.32 32.79 0 11.5 51.86 931.46 962.09 329.742 587.921 4066.467 474.854 751.953 1094.818 539.551 -21.362 -5.951 164.642 -29.755 376.74 970.917 61.34 872.192 750.58 798.34 557.861 1332.397 719.91 -5000 17.548 -27.466 -20.752 -32.959 5.035 436.401 172.577 699.005 1452.332 175.629 -1905.365 769.958 324.707 25.94 28.381 54.321 2541.656 2501.526 2114.258 1740.723 1387.787 1024.017 670.166 -88.959 29.602 75.073 75.226 -2.441 -333.099 -677.185 -1016.083 -1356.201 -1694.946 -2033.081 -2366.028 -2687.988 656.586 1050.415 436.707 84.076 2.136 -349.579 -703.888 516 475 724 36.37 40.9 268 108 2408 1 034
4773616 5626 2025/9/28 14:44:13 P18 76.19 32.69 0 11.53 51.8 931.44 962.09 328.064 588.226 4070.587 474.701 751.953 1089.63 540.009 60.425 -15.259 170.593 -28.229 375.061 973.358 61.951 870.972 749.664 795.441 555.725 1331.329 720.978 -5000 4.272 -27.008 9.46 -32.043 6.256 433.655 172.119 698.242 1449.585 168.457 -1906.433 769.196 324.86 37.689 30.365 53.406 2546.692 2502.594 2121.277 1747.284 1394.806 1036.224 679.321 -79.041 29.907 58.441 74.615 5.341 -331.421 -673.676 -1009.521 -1351.776 -1689.758 -2026.825 -2361.908 -2683.411 654.755 1047.974 438.69 84.686 1.068 -346.68 -698.7 525 475 725 36.37 40.9 268 108 2408 1 034
4773617 5626 2025/9/28 14:44:14 P18 76.19 32.73 0 11.53 51.84 931.43 962.09 330.048 588.074 4063.416 471.802 749.664 1087.799 541.382 -9.766 -13.733 183.563 -29.297 374.756 975.189 61.188 869.141 749.664 793.152 554.962 1326.447 718.994 -5000 11.292 -25.635 37.689 -32.043 5.951 433.502 170.593 697.174 1444.092 182.19 -1906.128 767.517 321.808 32.043 26.245 52.795 2549.591 2503.967 2111.511 1729.889 1376.19 1012.115 656.128 -75.073 32.654 54.779 75.226 2.594 -336.151 -679.626 -1019.745 -1366.272 -1701.508 -2038.116 -2373.962 -2694.702 654.907 1045.074 436.859 79.803 4.12 -352.478 -710.144 526 475 726 36.37 40.89 267 108 2408 1 034
4773618 5626 2025/9/28 14:44:15 P18 76.18 32.66 0 11.36 51.91 931.46 962.1 330.505 587.769 4064.941 470.428 748.749 1088.715 541.84 -56.458 -25.94 179.138 -29.144 373.23 972.443 59.204 868.683 751.343 789.795 553.894 1322.174 715.637 -5000 4.425 -25.482 -23.193 -34.027 5.341 435.028 173.035 695.648 1448.059 153.503 -1906.738 762.177 321.503 30.212 25.177 53.711 2543.945 2503.815 2114.868 1743.927 1386.719 1027.527 674.133 -70.496 31.128 61.646 75.073 2.136 -333.71 -678.558 -1014.709 -1355.591 -1694.946 -2030.64 -2363.739 -2687.073 654.755 1044.159 438.538 82.397 5.493 -350.8 -701.752 526 480 728 36.41 40.89 267 108 2408 1 034
4773619 5626 2025/9/28 14:44:16 P18 76.26 32.63 0 11.5 51.92 931.45 962.1 330.505 588.379 4067.841 467.529 747.375 1088.104 541.229 -38.757 -4.425 211.029 -28.076 371.246 973.053 59.967 867.462 750.732 787.964 554.199 1323.09 716.553 -5000 10.529 -26.245 1.831 -31.586 5.798 432.892 170.135 693.97 1442.871 178.833 -1907.196 763.397 322.876 32.806 33.264 53.558 2546.539 2504.12 2119.904 1752.014 1395.721 1034.393 678.864 -66.986 33.875 67.444 77.209 2.136 -333.862 -674.591 -1010.895 -1351.776 -1690.521 -2026.672 -2358.398 -2683.411 652.771 1042.175 437.927 82.092 4.883 -346.832 -697.937 511 480 729 36.41 40.89 266 108 2408 1 034
4773620 5626 2025/9/28 14:44:17 P18 76.2 32.67 0 11.62 51.85 931.47 962.11 329.742 588.989 4066.315 467.072 744.934 1081.543 542.145 -58.594 -2.594 166.168 -29.297 369.568 975.647 58.441 865.021 750.732 785.522 553.131 1314.24 715.027 -5000 1.526 -26.245 88.501 -30.212 5.646 428.619 168.915 692.902 1443.787 160.065 -1906.586 762.329 319.672 37.842 30.365 53.101 2548.523 2501.373 2113.342 1736.45 1381.989 1017.151 653.381 -68.359 30.518 59.814 73.7 3.662 -332.184 -676.727 -1016.541 -1358.643 -1697.998 -2036.743 -2371.826 -2692.108 651.703 1041.107 435.791 79.346 3.662 -351.868 -708.16 526 480 730 36.38 40.89 266 107 2408 1 034
4773621 5626 2025/9/28 14:44:18 P18 76.28 32.69 0 11.5 51.9 931.46 962.08 330.505 587.921 4062.5 464.02 743.561 1085.51 542.45 26.093 -15.259 149.841 -28.839 369.873 968.781 58.441 864.105 751.495 782.776 552.216 1318.512 712.28 -5000 3.662 -26.093 28.687 -32.196 6.104 433.502 168.457 692.444 1437.988 156.25 -1907.043 761.108 318.451 30.06 32.959 54.169 2541.962 2502.594 2118.683 1742.706 1392.059 1030.579 676.117 -58.289 31.128 59.814 75.378 5.798 -331.573 -674.744 -1012.878 -1354.675 -1691.589 -2028.961 -2362.671 -2684.174 650.024 1036.377 437.012 83.008 2.136 -347.595 -694.58 514 485 731 36.41 40.9 265 107 2408 1 034
4773622 5626 2025/9/28 14:44:19 P18 76.35 32.73 0 11.4 51.85 931.42 962.11 329.895 588.074 4061.737 462.189 743.561 1081.848 542.755 112.915 -28.839 154.877 -27.618 368.042 973.358 58.289 862.274 751.801 779.724 551.147 1315.613 713.501 -5000 8.087 -27.008 51.422 -31.128 6.409 431.824 167.084 689.087 1437.531 161.896 -1906.738 757.294 317.535 33.722 34.18 53.406 2547.913 2503.815 2120.361 1751.709 1394.958 1033.63 678.558 -65.918 30.518 46.692 75.073 6.104 -330.353 -673.065 -1009.216 -1349.792 -1688.69 -2025.604 -2358.704 -2684.631 649.872 1035.004 436.707 85.602 1.984 -347.443 -697.784 529 485 732 36.33 40.93 265 107 2408 1 034
4773623 5626 2025/9/28 14:44:20 P18 76.19 32.74 0 11.51 51.87 931.42 962.1 329.895 588.226 4063.416 460.51 741.425 1075.745 543.06 -42.114 -2.289 161.743 -29.907 366.669 969.543 58.594 861.359 751.648 777.283 549.622 1309.967 710.907 -5000 -1.831 -26.855 -79.041 -31.433 6.409 433.655 167.542 687.256 1437.378 166.626 -1907.043 758.514 316.01 29.297 30.212 53.711 2546.692 2503.967 2113.8 1742.859 1386.871 1020.966 664.215 -62.408 28.992 61.646 75.531 4.73 -331.268 -675.201 -1013.489 -1355.591 -1695.709 -2033.539 -2366.638 -2691.956 649.414 1033.173 438.385 84.686 1.373 -349.274 -702.057 529 485 732 36.33 40.93 265 107 2408 1 034
4773624 5626 2025/9/28 14:44:21 P18 76.26 32.65 0 11.51 51.8 931.46 962.09 330.2 588.074 4058.228 457.764 740.662 1076.965 543.823 45.624 -23.346 170.441 -27.008 366.974 971.222 56.915 859.985 752.716 774.841 550.232 1312.866 710.144 -5000 1.678 -26.55 4.12 -31.128 6.866 434.265 166.168 686.188 1437.225 170.593 -1907.043 754.7 314.636 30.518 30.06 52.948 2543.335 2501.068 2119.446 1745.3 1393.585 1034.851 679.321 -59.204 31.738 48.981 75.226 5.035 -332.947 -675.201 -1011.658 -1353.76 -1690.979 -2026.367 -2361.45 -2682.8 648.193 1030.579 437.164 82.245 2.441 -348.511 -699.921 516 490 733 36.38 40.86 265 107 2408 1 034
4773625 5626 2025/9/28 14:44:22 P18 76.37 32.76 0 11.46 51.89 931.42 962.08 330.2 587.769 4059.296 458.374 738.068 1075.745 544.739 14.038 -27.924 176.544 -28.229 365.906 968.323 56.458 858.459 753.174 771.79 548.248 1304.626 707.703 -5000 2.899 -26.855 -51.88 -31.738 6.714 432.434 169.22 686.188 1429.749 169.067 -1907.043 754.089 313.416 29.602 32.806 53.711 2541.809 2503.662 2117.31 1746.368 1390.686 1031.647 676.88 -57.068 33.569 38.3 75.378 -0.458 -334.167 -676.575 -1013.031 -1354.065 -1692.505 -2028.351 -2362.976 -2687.378 646.973 1030.273 438.232 84.534 4.12 -346.68 -699.463 515 490 733 36.38 40.86 264 107 2408 1 034
4773626 5626 2025/9/28 14:44:23 P18 76.37 32.73 0 11.43 51.95 931.46 962.09 329.895 588.074 4061.279 456.39 735.779 1076.813 544.739 -5.188 -9.003 161.285 -28.839 363.77 973.206 54.474 857.391 753.326 769.043 547.485 1302.948 709.229 -5000 3.815 -25.94 -1.831 -32.501 7.477 433.502 165.253 683.136 1429.901 173.34 -1907.501 753.479 312.653 31.891 29.602 53.101 2545.929 2503.662 2116.241 1740.112 1381.683 1018.066 661.926 -56.763 30.212 51.117 75.836 5.646 -331.573 -672.607 -1012.726 -1358.185 -1697.845 -2035.522 -2372.742 -2694.55 645.752 1026.611 436.096 82.855 2.594 -347.29 -701.294 527 490 734 36.34 40.99 264 106 2408 1 034
4773627 5626 2025/9/28 14:44:24 P18 76.28 32.66 0 11.56 51.93 931.44 962.1 329.437 587.463 4061.737 455.017 736.847 1073.303 545.807 107.422 -12.665 156.86 -28.076 362.244 971.68 55.542 856.934 753.784 767.212 546.112 1303.864 707.703 -5000 2.747 -26.55 45.929 -32.043 6.104 431.213 164.337 682.831 1428.528 161.896 -1907.043 753.479 312.5 37.842 32.043 53.101 2547.455 2503.967 2112.122 1733.551 1380.005 1015.625 658.875 -55.542 35.553 65.46 75.684 3.662 -337.677 -680.084 -1019.44 -1360.779 -1699.524 -2038.269 -2374.573 -2694.702 646.515 1024.475 438.385 79.651 3.357 -351.562 -707.703 527 490 734 36.33 41.03 263 106 2408 1 034
4773628 5626 2025/9/28 14:44:25 P18 76.28 32.59 0 11.5 51.85 931.45 962.09 330.505 588.074 4055.176 452.728 734.558 1067.81 545.349 43.945 -1.068 162.506 -28.687 362.701 974.121 54.169 854.492 753.479 764.16 545.654 1300.049 704.803 -5000 3.052 -24.872 47.302 -30.975 6.409 430.45 163.879 682.068 1424.866 179.138 -1906.433 749.512 310.211 36.926 32.806 52.948 2547.76 2501.831 2117.767 1741.18 1389.313 1028.137 670.013 -51.117 35.553 55.389 76.904 3.967 -333.252 -675.049 -1013.031 -1355.591 -1688.385 -2028.198 -2364.96 -2689.056 644.531 1023.407 437.164 83.466 2.441 -346.375 -699.005 508 495 735 36.38 40.93 262 106 2408 1 034
4773629 5626 2025/9/28 14:44:26 P18 76.32 32.63 0 11.52 51.87 931.45 962.08 330.658 588.226 4051.208 450.439 733.795 1068.878 546.265 16.785 -30.212 155.64 -27.924 361.023 966.492 54.932 853.271 754.242 761.871 545.959 1293.64 704.041 -5000 2.289 -26.703 33.875 -31.128 6.866 432.281 162.811 680.237 1426.392 171.051 -1907.043 749.207 308.99 32.654 33.112 53.101 2547.607 2503.052 2113.8 1735.382 1379.7 1012.421 657.501 -41.504 36.469 59.509 75.531 5.341 -336.456 -679.016 -1018.829 -1361.237 -1699.982 -2037.811 -2373.505 -2696.075 643.463 1020.66 438.843 82.092 3.967 -349.731 -706.482 528 495 734 36.37 41.1 261 106 2408 1 034
4773630 5626 2025/9/28 14:44:27 P18 76.22 32.63 0 11.5 51.87 931.45 962.09 329.895 588.684 4057.465 449.829 732.117 1070.251 547.333 38.91 -28.687 175.018 -29.755 358.276 970.459 54.169 852.356 754.7 758.362 544.128 1296.997 702.972 -5000 7.172 -25.635 42.725 -31.891 6.714 431.213 162.659 678.101 1420.288 174.408 -1906.891 749.359 308.38 34.332 29.297 51.575 2545.624 2502.899 2115.631 1741.333 1383.667 1022.491 668.182 -36.316 36.316 69.58 76.141 5.035 -334.167 -677.338 -1014.404 -1356.506 -1695.862 -2031.86 -2368.469 -2689.362 643.463 1018.524 438.69 82.245 4.272 -350.342 -704.041 518 495 734 36.33 41.14 261 106 2408 1 034
4773631 5626 2025/9/28 14:44:28 P18 76.29 32.74 0 11.22 51.89 931.45 962.1 330.811 588.684 4050.751 447.998 731.506 1064.453 546.875 64.392 -25.787 194.55 -29.297 359.192 971.985 54.169 851.288 755.463 756.073 543.518 1292.572 701.904 -5000 15.869 -26.703 8.85 -31.891 6.409 429.993 161.896 678.711 1421.356 166.016 -1906.586 746.765 307.159 29.297 33.569 52.643 2549.133 2503.052 2118.225 1744.08 1387.482 1026.154 669.861 -33.722 35.858 52.643 75.684 3.204 -333.71 -675.354 -1012.726 -1355.743 -1694.336 -2030.029 -2366.791 -2689.056 643.616 1017.761 438.08 84.381 4.12 -347.9 -699.921 528 495 734 36.35 41.02 260 106 2408 1 034
4773632 5626 2025/9/28 14:44:29 P18 76.35 32.7 0 11.38 51.9 931.43 962.09 330.2 587.769 4053.04 446.014 729.218 1068.268 547.18 -1.678 -27.466 163.574 -29.297 357.208 969.543 53.864 850.067 755.92 754.547 543.06 1290.588 699.31 -5000 -2.289 -24.872 -51.575 -32.806 6.866 433.197 161.285 675.659 1419.067 178.833 -1906.128 744.934 305.939 38.3 30.823 53.711 2543.488 2501.984 2111.816 1732.941 1377.411 1010.895 655.975 -29.907 30.212 63.324 77.209 7.629 -334.93 -678.406 -1018.372 -1360.321 -1699.677 -2039.032 -2374.878 -2696.686 641.022 1015.472 438.232 81.787 3.052 -352.02 -708.771 522 495 734 36.34 41.11 260 106 2408 1 034
4773633 5626 2025/9/28 14:44:30 P18 76.29 32.7 0 11.6 51.88 931.46 962.1 330.811 588.531 4051.361 444.336 727.844 1064.606 547.638 4.578 22.583 167.389 -27.771 357.056 969.543 52.643 849.457 756.989 751.801 541.687 1291.656 698.7 -5000 10.834 -26.245 51.88 -31.738 6.561 430.756 160.98 674.133 1417.542 186.92 -1906.891 737.915 305.786 40.131 41.809 52.795 2543.182 2502.899 2116.699 1740.112 1387.024 1032.562 673.981 -25.635 36.316 61.798 76.447 1.831 -336.304 -679.169 -1016.235 -1359.711 -1697.388 -2033.691 -2369.537 -2690.735 641.327 1015.625 438.538 81.329 2.747 -348.511 -703.888 529 500 734 36.38 41.14 260 105 2408 1 034
4773634 5626 2025/9/28 14:44:31 P18 76.33 32.74 0 11.46 51.82 931.44 962.09 329.132 588.531 4048.309 444.031 726.471 1062.164 549.011 92.773 26.398 171.509 -27.924 355.682 971.527 50.964 847.168 756.073 749.664 541.382 1286.163 699.615 -5000 -0.916 -25.33 36.011 -31.433 7.019 430.908 159.912 673.828 1416.321 177.765 -1906.738 741.577 304.718 34.485 30.67 52.948 2549.896 2502.594 2119.598 1747.284 1396.332 1033.325 677.948 -27.161 31.738 64.392 74.31 5.188 -335.083 -675.964 -1013.794 -1354.065 -1685.944 -2026.978 -2360.535 -2684.326 639.038 1011.81 437.775 83.313 0.763 -348.663 -701.599 529 500 734 36.38 41.14 260 105 2408 1 034
4773635 5626 2025/9/28 14:44:32 P18 76.36 32.74 0 11.45 51.91 931.47 962.09 330.811 588.837 4049.377 441.895 726.013 1064.758 548.553 12.665 -19.073 186.615 -28.839 354.919 966.034 52.338 847.168 758.209 746.765 541.077 1287.231 696.411 -5000 0 -26.093 38.91 -32.196 6.409 429.993 160.828 672.913 1409.76 161.438 -1907.196 741.272 303.802 36.774 34.027 52.795 2541.504 2502.899 2111.206 1730.804 1375.885 1013.641 657.654 -17.395 36.316 49.896 74.158 4.12 -337.067 -680.389 -1018.829 -1362 -1701.355 -2038.269 -2376.862 -2696.533 640.869 1011.047 437.775 83.771 4.272 -350.647 -709.534 529 500 734 36.35 41.03 259 105 2408 1 034
4773636 5626 2025/9/28 14:44:33 P18 76.36 32.73 0 11.46 51.93 931.44 962.11 329.132 588.684 4046.021 440.826 725.098 1052.856 549.011 37.384 -4.578 175.629 -27.924 353.241 970.612 53.101 844.727 757.294 745.087 539.856 1284.79 698.242 -5000 -1.373 -24.414 7.019 -32.043 7.172 431.061 158.844 670.471 1411.438 187.378 -1907.043 737.61 303.497 36.316 40.588 52.338 2549.438 2503.357 2116.089 1739.655 1387.177 1025.391 669.861 -12.817 32.349 30.67 75.684 7.324 -334.32 -676.575 -1015.32 -1356.506 -1694.031 -2031.708 -2366.028 -2686.768 636.597 1009.979 442.505 81.94 2.289 -349.426 -703.735 520 500 734 36.37 41.11 259 105 2408 1 034
4773637 5626 2025/9/28 14:44:34 P18 76.36 32.69 0 11.45 51.98 931.43 962.1 328.827 586.7 4049.835 439.453 723.572 1053.467 549.164 -13.733 -6.714 178.223 -28.687 352.173 968.933 51.88 845.032 757.904 742.493 539.246 1280.975 695.953 -5000 2.899 -26.093 57.526 -31.433 7.477 430.908 158.997 669.25 1406.25 171.967 -1907.501 736.389 302.429 38.3 36.621 53.406 2543.945 2503.204 2119.751 1751.099 1393.585 1035.309 682.678 -20.599 36.316 32.654 74.31 1.831 -333.099 -675.659 -1010.742 -1352.234 -1690.674 -2026.215 -2360.229 -2682.8 638.733 1009.064 437.012 86.06 4.12 -347.748 -696.716 527 500 734 36.35 41.13 258 105 2408 1 034
4773638 5626 2025/9/28 14:44:35 P18 76.39 32.74 0 11.62 51.99 931.44 962.09 330.963 587.921 4047.852 438.69 723.572 1060.638 549.469 78.735 -40.588 194.397 -29.602 352.478 965.576 51.117 840.454 758.362 740.051 538.483 1279.907 693.359 -5000 2.899 -25.787 54.779 -32.349 7.019 429.535 158.234 667.725 1405.029 174.561 -1907.043 737 302.124 32.196 37.231 53.253 2544.708 2502.899 2110.291 1736.145 1378.632 1016.083 662.079 -18.463 36.316 40.283 76.294 2.899 -335.846 -680.237 -1018.066 -1360.474 -1699.829 -2036.591 -2373.657 -2695.618 638.123 1007.843 438.08 80.109 4.425 -352.783 -705.261 508 505 734 36.38 41.17 258 105 2408 1 034
4773639 5626 2025/9/28 14:44:36 P18 76.4 32.71 0 11.52 51.92 931.42 962.09 330.811 588.074 4049.988 439.148 722.198 1052.856 550.537 74.158 -15.259 174.561 -28.992 350.494 966.797 50.354 840.759 758.362 738.068 537.872 1270.599 693.97 -5000 -9.918 -24.414 34.332 -31.586 7.477 429.077 157.318 666.046 1405.945 177.307 -1907.806 736.389 301.056 37.537 31.433 52.948 2549.744 2502.441 2116.241 1740.417 1388.855 1029.358 672.455 -20.447 36.621 55.237 76.447 3.967 -336.151 -678.711 -1014.862 -1355.743 -1691.437 -2027.588 -2363.586 -2684.479 636.902 1005.554 436.554 82.092 4.425 -349.274 -703.583 530 500 735 36.35 41.17 258 105 2408 1 034
4773640 5626 2025/9/28 14:44:37 P18 76.37 32.66 0 11.43 51.95 931.41 962.08 331.879 588.531 4042.969 432.892 720.978 1054.23 550.232 19.989 -32.501 168.457 -28.076 349.884 966.797 50.049 839.844 758.514 735.779 537.72 1276.855 693.207 -5000 -6.409 -24.872 2.441 -32.196 7.172 431.213 156.708 665.436 1405.487 162.659 -1907.501 732.88 300.293 34.027 35.706 52.49 2546.387 2502.747 2120.056 1748.81 1393.738 1034.851 679.321 -18.768 33.722 51.422 74.921 2.441 -331.726 -675.049 -1009.827 -1351.929 -1689.453 -2025.146 -2359.619 -2682.495 636.444 1004.639 438.538 86.212 2.441 -345.306 -694.275 519 505 735 36.37 41.19 257 105 2408 1 034
4773641 5626 2025/9/28 14:44:38 P18 76.37 32.66 0 11.43 51.94 931.42 962.08 330.048 590.21 4048.767 434.57 720.062 1053.925 550.995 -56.305 -23.651 162.659 -27.771 347.9 968.781 50.049 838.776 759.735 732.574 537.109 1274.872 689.545 -5000 13.885 -25.33 -7.935 -32.043 7.172 428.009 157.013 664.52 1398.621 190.43 -1907.043 733.948 299.683 33.112 27.618 52.948 2546.997 2503.51 2119.446 1743.164 1388.245 1025.848 666.046 -17.548 36.316 61.035 75.989 1.831 -332.794 -674.438 -1012.268 -1354.675 -1693.726 -2030.334 -2367.706 -2688.904 635.529 1004.333 437.012 82.703 5.493 -348.053 -700.531 529 505 735 36.35 41.22 257 104 2408 1 034
4773642 5626 2025/9/28 14:44:39 P18 76.37 32.67 0 11.42 51.93 931.44 962.08 331.116 588.684 4041.748 430.908 718.689 1050.72 550.69 34.332 -19.989 168.152 -28.076 348.969 967.712 49.438 838.623 759.583 730.896 536.041 1273.193 691.681 -5000 0.61 -25.177 -0.916 -30.975 7.477 428.619 156.555 664.673 1392.365 181.427 -1907.349 730.743 298.767 32.349 37.842 52.643 2545.471 2503.052 2116.241 1745.605 1390.991 1031.036 677.185 -8.24 31.891 53.864 73.7 4.73 -333.557 -676.727 -1013.184 -1356.049 -1694.336 -2030.334 -2364.502 -2685.394 635.071 999.756 436.554 82.703 2.899 -349.274 -699.921 523 505 736 36.4 41.19 256 104 2408 1 034
4773643 5626 2025/9/28 14:44:40 P18 76.4 32.66 0 11.69 51.85 931.42 962.07 330.811 588.837 4044.495 431.671 718.079 1051.636 551.3 24.719 -11.444 194.397 -28.534 347.9 965.424 48.828 836.792 759.125 728.607 535.736 1270.599 689.545 -5000 7.629 -26.55 45.471 -30.518 8.85 428.772 155.487 661.469 1387.329 181.885 -1907.349 731.049 298.309 27.771 27.924 52.032 2545.624 2501.526 2119.446 1746.826 1395.416 1035.156 676.27 0 34.027 79.041 75.684 3.51 -330.811 -673.218 -1008.759 -1351.318 -1689.301 -2026.062 -2361.755 -2684.479 633.85 999.298 436.096 83.923 5.188 -345.306 -697.021 531 510 736 36.4 41.19 256 104 2408 1 034
4773644 5626 2025/9/28 14:44:41 P18 76.45 32.71 0 11.55 52.03 931.44 962.09 330.811 587.921 4043.274 430.908 716.248 1051.636 551.758 -30.975 -12.054 197.754 -29.602 346.527 964.813 48.676 835.724 759.277 726.776 534.821 1265.717 687.408 -5000 4.883 -25.177 31.128 -32.959 7.629 429.688 154.724 660.4 1395.264 169.22 -1908.264 729.218 297.089 25.024 23.804 52.795 2545.776 2504.272 2113.495 1740.417 1383.057 1017.151 662.537 -1.984 34.637 59.814 75.073 7.324 -332.336 -675.964 -1013.184 -1355.896 -1695.557 -2033.691 -2367.706 -2692.871 633.545 998.23 437.469 82.855 0.916 -350.952 -703.888 531 510 736 36.4 41.19 256 104 2408 1 034
4773645 5626 2025/9/28 14:44:42 P18 76.39 32.58 0 11.55 51.93 931.45 962.1 331.268 586.548 4040.07 426.788 714.722 1046.906 551.91 11.444 -39.062 171.814 -28.381 345.459 966.949 49.591 834.656 760.193 724.487 533.905 1264.648 686.798 -5000 -0.61 -25.787 54.016 -32.043 7.477 428.925 154.724 659.637 1398.01 179.291 -1907.654 726.013 296.326 30.67 36.163 52.643 2544.25 2503.51 2118.683 1748.657 1392.975 1035.461 681.915 -5.798 33.264 51.88 75.226 5.493 -330.963 -674.744 -1011.047 -1352.692 -1690.826 -2027.13 -2360.84 -2683.411 631.409 991.821 440.063 86.67 3.662 -345.917 -695.953 520 510 736 36.38 41.21 255 104 2408 1 034
4773646 5626 2025/9/28 14:44:43 P18 76.37 32.65 0 11.43 52.07 931.42 962.08 330.2 587.921 4040.527 427.246 713.959 1048.431 552.521 30.06 -23.651 165.558 -29.297 344.849 965.729 48.37 834.198 760.345 722.198 533.447 1262.207 685.272 -5000 -1.221 -24.872 30.975 -32.654 8.087 427.704 154.114 658.722 1392.212 182.8 -1907.959 725.708 295.41 32.043 33.264 53.253 2545.776 2503.815 2116.699 1744.843 1392.822 1029.968 672.913 1.068 36.316 47.15 76.294 0.763 -333.557 -675.659 -1014.709 -1355.286 -1694.641 -2032.166 -2366.486 -2689.362 630.951 993.347 434.723 82.55 1.068 -343.323 -697.784 520 510 735 36.37 41.23 254 104 2408 1 034
4773647 5626 2025/9/28 14:44:44 P18 76.43 32.69 0 11.58 51.95 931.42 962.09 328.522 588.531 4041.595 426.331 713.196 1047.974 552.979 -39.673 -23.041 185.547 -29.449 343.018 963.593 47.913 832.672 760.498 720.215 532.837 1262.054 686.646 -5000 8.392 -25.635 -24.872 -30.975 7.782 427.856 153.198 657.196 1385.193 156.25 -1908.417 726.624 295.715 33.875 25.177 52.49 2545.624 2502.441 2115.479 1735.229 1380.005 1015.472 658.264 7.019 36.621 59.662 74.615 4.272 -333.557 -676.422 -1015.778 -1358.643 -1697.693 -2035.675 -2372.894 -2695.16 630.341 990.601 437.164 81.482 3.052 -349.121 -706.329 530 510 735 36.34 41.2 254 104 2408 1 034
4773648 5626 2025/9/28 14:44:45 P18 76.45 32.74 0 11.57 52.06 931.41 962.06 331.421 588.684 4034.729 423.126 711.365 1043.854 552.979 -24.567 -11.444 203.4 -28.381 342.407 965.881 48.218 832.214 762.329 717.01 531.769 1260.681 685.272 -5000 8.24 -25.177 -1.526 -32.349 7.629 428.467 152.588 656.433 1391.144 150.146 -1903.076 724.03 293.732 39.52 27.618 52.948 2546.692 2504.12 2117.462 1739.349 1386.108 1022.949 667.114 10.986 37.842 63.477 75.531 2.136 -332.947 -676.422 -1014.252 -1356.659 -1695.557 -2033.234 -2369.69 -2689.514 630.493 990.448 436.707 80.414 4.272 -349.884 -705.261 506 510 735 36.37 41.33 254 104 2408 1 034
4773649 5626 2025/9/28 14:44:46 P18 76.4 32.69 0 11.52 52.07 931.44 962.1 331.573 588.531 4034.882 421.6 710.907 1039.581 553.284 66.376 -27.466 153.198 -27.924 342.865 963.593 46.997 830.231 760.956 715.485 532.074 1259.308 684.357 -5000 6.104 -28.992 97.961 -30.67 8.545 427.704 152.588 655.823 1390.076 174.408 -1907.806 722.198 293.884 32.959 32.806 52.795 2545.166 2503.357 2115.173 1743.927 1386.871 1024.933 667.877 15.869 38.757 63.629 76.447 3.357 -335.388 -677.338 -1013.794 -1356.354 -1694.946 -2032.471 -2367.249 -2691.345 629.883 989.685 437.469 82.397 4.272 -348.053 -699.615 521 510 735 36.35 41.2 253 104 2408 1 034
4773650 5626 2025/9/28 14:44:47 P18 76.5 32.76 0 11.5 51.92 931.43 962.09 331.116 588.531 4032.745 421.143 709.534 1043.396 553.284 7.935 -5.646 185.089 -28.534 342.255 967.407 46.997 827.637 762.177 713.043 530.853 1256.409 682.526 -5000 18.463 -25.482 66.528 -30.06 8.545 427.856 152.283 654.907 1386.566 152.283 -1907.654 721.283 293.121 32.654 28.229 52.643 2548.828 2501.221 2110.443 1733.093 1376.495 1009.674 655.823 16.479 32.959 65.613 76.599 5.493 -332.184 -676.27 -1016.998 -1359.1 -1698.914 -2037.964 -2373.962 -2696.228 627.289 985.26 437.469 79.956 2.289 -351.868 -708.618 531 510 735 36.37 41.26 253 104 2408 1 034
4773651 5626 2025/9/28 14:44:48 P18 76.33 32.59 0 11.58 52 931.39 962.07 331.421 589.142 4031.525 417.938 708.16 1040.802 554.047 78.583 -14.648 160.675 -28.992 341.492 965.729 46.539 828.4 762.634 711.975 530.243 1255.188 681.915 -5000 13.123 -25.33 78.125 -31.586 8.087 426.941 151.52 653.992 1384.888 171.204 -1907.349 720.978 293.274 32.349 25.94 52.49 2545.929 2503.357 2112.885 1739.502 1386.261 1022.491 668.64 10.223 35.858 58.594 74.768 6.256 -334.167 -676.727 -1015.625 -1357.117 -1696.014 -2032.928 -2366.638 -2689.362 629.272 984.802 438.232 80.261 1.526 -348.358 -702.972 531 510 736 36.37 41.25 252 104 2408 1 034
4773652 5626 2025/9/28 14:44:49 P18 76.46 32.71 0 11.63 52.12 931.42 962.11 331.726 588.531 4033.813 419.006 707.855 1036.987 554.199 -58.136 -10.071 171.051 -27.924 341.187 967.255 45.929 827.026 761.414 709.381 529.48 1251.068 681.458 -5000 -2.441 -26.398 -26.398 -30.975 8.698 426.025 150.604 653.381 1380.31 166.016 -1907.654 718.536 292.511 36.469 33.264 52.338 2548.218 2502.899 2118.835 1740.417 1383.209 1019.135 661.774 9.766 35.248 67.444 74.768 0.763 -333.099 -676.422 -1015.32 -1358.337 -1696.93 -2033.081 -2370.605 -2692.719 630.493 983.429 435.638 82.245 3.204 -349.884 -704.498 531 510 736 36.35 41.29 252 104 2408 1 034
4773653 5626 2025/9/28 14:44:50 P18 76.47 32.66 0 11.4 51.89 931.41 962.08 331.573 588.379 4031.982 416.107 706.024 1037.598 554.504 8.24 9.308 175.018 -28.076 339.203 963.135 45.471 824.89 764.008 706.787 529.48 1251.068 679.321 -5000 -10.681 -25.482 -26.398 -30.823 8.545 427.704 150.604 649.719 1381.378 160.522 -1908.569 718.384 291.595 36.926 33.417 52.032 2543.793 2503.51 2112.427 1733.704 1378.479 1016.235 660.706 7.477 38.3 60.577 75.531 1.373 -333.405 -677.643 -1015.625 -1358.49 -1697.083 -2035.37 -2373.657 -2692.871 626.831 982.971 435.791 78.888 4.12 -350.189 -706.482 534 515 736 36.35 41.2 252 104 2408 1 034
4773654 5626 2025/9/28 14:44:51 P18 76.39 32.66 0 11.59 52.04 931.41 962.09 330.2 588.684 4033.203 416.565 705.261 1035.767 555.725 -26.093 -20.142 171.814 -27.618 336.761 967.255 44.708 825.348 763.702 704.803 527.802 1247.253 679.932 -5000 0 -25.33 38.3 -31.738 8.087 424.957 149.536 649.719 1378.937 159.607 -1908.264 716.553 290.985 34.18 32.196 52.185 2548.37 2502.899 2115.479 1743.011 1390.533 1026.611 672.913 14.954 38.757 58.441 75.684 1.678 -336.304 -678.711 -1016.541 -1356.506 -1694.489 -2032.166 -2365.417 -2689.056 628.815 982.056 437.469 81.177 4.883 -347.9 -701.752 518 515 736 36.38 41.23 251 103 2408 1 034
4773655 5626 2025/9/28 14:44:52 P18 76.43 32.66 0 11.62 52.04 931.42 962.08 329.437 588.074 4032.135 415.649 704.956 1036.835 555.115 -56.152 39.368 174.103 -28.229 337.219 965.424 44.556 823.975 763.855 702.667 527.954 1244.354 678.864 -5000 5.188 -25.635 11.292 -31.891 8.698 427.551 149.689 648.499 1375.58 211.639 -1908.112 714.569 289.917 33.264 30.67 53.101 2544.556 2502.899 2120.209 1747.589 1396.179 1035.614 678.101 8.087 39.062 68.512 73.547 4.578 -332.336 -672.302 -1009.674 -1351.013 -1688.232 -2025.604 -2359.772 -2682.953 624.39 977.478 438.385 84.534 4.883 -344.696 -696.564 518 515 736 36.38 41.23 251 103 2408 1 034
4773656 5626 2025/9/28 14:44:53 P18 76.46 32.74 0 11.55 52.05 931.41 962.1 330.658 587.769 4028.778 414.734 703.888 1033.783 556.183 -70.343 38.757 168.915 -28.229 337.067 967.407 44.556 822.601 763.397 700.684 527.496 1243.134 677.032 -5000 -6.866 -25.024 -8.85 -31.738 8.392 426.636 148.773 647.43 1375.58 178.68 -1907.806 714.111 289.459 30.212 37.689 52.795 2550.201 2502.747 2116.089 1743.164 1384.43 1022.491 668.793 15.869 39.062 52.948 75.684 2.441 -334.015 -678.406 -1015.167 -1356.964 -1695.862 -2032.013 -2368.927 -2691.193 625.61 978.851 437.164 81.482 3.662 -352.631 -704.346 532 510 737 36.35 41.32 251 103 2408 1 034
4773657 5626 2025/9/28 14:44:54 P18 76.47 32.6 0 11.55 52.05 931.43 962.07 330.658 588.379 4029.999 414.734 702.82 1034.546 556.03 61.951 26.855 152.13 -28.534 334.32 965.729 43.64 821.533 764.465 697.937 526.123 1243.134 676.88 -5000 12.207 -25.024 44.25 -32.349 9.003 426.331 148.468 645.905 1369.781 178.07 -1908.112 714.569 288.849 31.281 41.046 52.338 2546.082 2501.526 2115.631 1746.216 1393.433 1030.884 678.101 17.395 38.3 54.016 75.378 4.73 -333.252 -676.117 -1013.336 -1353.912 -1692.2 -2028.503 -2360.382 -2684.174 623.322 975.037 438.69 85.449 4.425 -348.816 -701.141 532 515 737 36.4 41.3 250 103 2408 1 034
4773658 5626 2025/9/28 14:44:55 P18 76.45 32.7 0 11.52 52.16 931.42 962.09 330.353 588.379 4026.794 411.682 701.294 1030.884 556.335 68.359 -10.529 144.958 -27.771 334.778 967.407 43.182 820.465 764.465 696.564 526.428 1239.624 676.27 -5000 -0.153 -25.635 -10.834 -31.586 9.155 426.941 148.163 644.989 1365.509 178.375 -1907.501 710.754 288.544 25.177 25.024 52.49 2550.507 2503.052 2117.31 1746.979 1393.28 1031.342 676.422 12.665 34.332 64.697 74.463 1.831 -330.048 -673.065 -1011.505 -1352.386 -1690.979 -2027.588 -2359.924 -2685.089 622.406 974.426 435.791 83.618 3.204 -347.595 -697.479 524 520 737 36.38 41.33 250 103 2408 1 034
4773659 5626 2025/9/28 14:44:56 P18 76.45 32.69 0 11.5 52.02 931.43 962.1 330.505 588.379 4026.337 411.53 700.989 1023.865 556.183 -2.289 14.801 151.367 -28.534 334.778 966.339 43.03 820.16 762.939 694.885 525.055 1238.556 675.507 -5000 10.071 -23.804 70.496 -30.518 8.087 424.957 147.247 645.294 1368.256 187.378 -1907.654 709.991 289.001 27.466 29.297 51.727 2547.913 2501.831 2116.699 1740.57 1381.836 1017.456 660.4 19.684 34.485 68.207 75.226 0.916 -332.184 -675.201 -1013.184 -1357.269 -1695.251 -2032.928 -2369.995 -2693.176 623.016 973.663 436.249 81.482 2.441 -350.8 -696.869 523 515 737 36.37 41.31 249 103 2408 1 034
4773660 5626 2025/9/28 14:44:57 P18 76.46 32.73 0 11.63 51.97 931.45 962.09 331.268 588.226 4026.184 409.546 699.463 1024.628 557.098 -16.174 -11.444 173.492 -28.229 334.167 966.187 43.03 818.939 764.313 690.918 524.597 1237.335 673.828 -5000 3.967 -25.024 28.229 -31.586 9.308 423.431 146.79 644.531 1366.272 200.348 -1908.417 710.144 287.933 35.553 29.755 51.88 2547.76 2501.831 2121.277 1749.115 1393.585 1034.393 678.864 26.55 36.316 48.218 73.7 4.425 -330.658 -674.744 -1009.674 -1350.861 -1690.369 -2026.978 -2361.755 -2682.19 621.033 971.069 437.012 84.229 0.763 -346.375 -697.479 532 515 738 36.41 41.42 249 102 2408 1 034
4773661 5626 2025/9/28 14:44:58 P18 76.45 32.71 0 11.6 51.99 931.42 962.11 331.726 588.379 4022.369 408.325 698.853 1028.9 556.946 -18.616 -5.188 183.258 -28.076 333.252 965.271 42.725 818.024 766.296 690.308 524.445 1235.657 672.607 -5000 7.782 -24.872 -6.104 -31.128 9.308 426.178 146.332 641.327 1367.645 194.397 -1908.112 707.703 287.018 33.112 34.332 52.185 2549.438 2502.747 2118.988 1744.537 1389.465 1030.121 673.065 26.093 34.485 70.19 73.395 6.866 -327.606 -671.539 -1008.148 -1352.234 -1690.826 -2027.893 -2364.96 -2687.225 621.796 969.086 437.775 84.686 1.373 -346.069 -698.395 523 515 738 36.38 41.36 248 102 2408 1 034
4773662 5626 2025/9/28 14:44:59 P18 76.47 32.65 0 11.43 52.15 931.42 962.08 331.116 587.616 4025.421 408.173 697.021 1029.968 557.251 -51.575 -48.828 156.708 -27.771 330.353 964.203 42.267 817.871 766.296 688.782 524.139 1231.384 671.387 -5000 4.425 -25.024 -14.191 -31.891 8.85 426.483 146.942 641.632 1358.49 187.683 -1907.959 706.482 286.102 42.114 28.229 52.032 2543.793 2502.594 2113.953 1734.467 1378.174 1014.252 656.891 28.229 36.926 49.896 73.242 3.662 -333.557 -675.659 -1016.693 -1358.337 -1697.693 -2035.522 -2371.674 -2694.092 620.88 969.086 435.791 79.346 3.204 -349.579 -706.787 532 515 738 36.34 41.5 248 102 2408 1 034
4773663 5626 2025/9/28 14:45:00 P18 76.42 32.7 0 11.52 52.08 931.41 962.09 331.116 588.074 4024.811 406.647 697.479 1027.069 557.861 30.212 -21.21 154.877 -28.381 331.421 961.456 41.962 816.956 765.991 686.493 523.834 1231.689 670.319 -5000 6.409 -24.872 43.488 -31.433 9.003 424.957 146.942 640.259 1358.795 177.612 -1907.806 702.667 285.797 36.163 27.618 52.185 2543.945 2501.984 2114.258 1739.197 1381.531 1019.44 665.588 31.586 38.91 44.861 75.684 1.068 -335.083 -679.321 -1016.693 -1358.948 -1697.388 -2034.302 -2371.826 -2691.803 620.117 966.644 438.08 81.329 3.967 -352.631 -706.482 527 515 739 36.37 41.35 248 102 2408 1 034
4773664 5626 2025/9/28 14:45:01 P18 76.45 32.62 0 11.52 51.97 931.43 962.08 330.811 589.142 4025.726 404.816 696.259 1024.475 558.167 95.52 -38.91 153.351 -26.855 328.217 965.271 42.114 814.667 766.602 684.052 522.919 1230.774 671.692 -5000 0.61 -24.872 8.392 -30.518 8.85 423.737 146.179 638.428 1359.406 178.528 -1908.112 706.329 285.645 38.605 25.482 52.032 2547.455 2503.357 2119.141 1743.927 1390.991 1027.527 669.098 31.738 38.147 36.163 74.005 1.373 -332.794 -673.981 -1012.268 -1353.302 -1691.284 -2029.114 -2364.197 -2687.836 619.354 966.034 439.301 81.635 4.578 -345.306 -698.547 534 515 739 36.4 41.34 247 102 2408 1 034
4773665 5626 2025/9/28 14:45:02 P18 76.46 32.71 0 11.52 52.05 931.43 962.1 331.726 588.226 4017.944 402.069 695.038 1025.085 558.624 -14.496 -2.594 151.52 -28.381 330.2 963.135 40.894 813.599 765.991 682.373 522.308 1227.264 669.403 -5000 -10.529 -25.635 49.896 -31.128 9.613 425.11 144.806 638.428 1361.084 155.792 -1908.264 704.651 284.729 37.384 32.654 52.032 2548.065 2502.289 2112.274 1736.755 1378.784 1012.573 658.264 31.281 37.689 38.757 72.784 5.341 -333.557 -678.558 -1017.151 -1359.558 -1699.982 -2037.354 -2371.979 -2697.449 618.896 963.135 436.707 81.024 4.425 -348.969 -694.733 524 515 740 36.34 41.37 247 101 2408 1 034
4773666 5626 2025/9/28 14:45:03 P18 76.46 32.65 0 11.52 52.11 931.44 962.1 331.421 587.921 4022.675 403.595 692.444 1019.135 558.777 15.106 -21.057 151.825 -28.839 327.606 963.287 39.368 812.836 766.907 681 521.088 1222.687 668.64 -5000 -2.899 -24.414 38.3 -30.975 9.155 423.431 144.501 636.444 1358.948 168.457 -1908.722 703.583 284.271 35.858 24.261 51.727 2547.302 2503.51 2112.732 1739.044 1385.193 1019.592 665.131 39.368 39.215 39.52 74.158 3.204 -335.236 -679.626 -1017.151 -1359.406 -1698.608 -2035.828 -2371.063 -2694.244 617.523 961.304 436.249 79.956 3.967 -348.511 -704.193 533 515 740 36.37 41.43 247 101 2408 1 034
4773667 5626 2025/9/28 14:45:04 P18 76.5 32.6 0 11.52 52.14 931.41 962.09 330.811 587.311 4020.691 403.29 693.207 1022.949 559.387 -58.746 -6.256 166.626 -28.229 328.369 965.118 39.825 812.378 767.67 678.864 521.088 1223.45 666.199 -5000 21.973 -24.719 87.738 -31.586 9.308 425.873 144.196 635.681 1356.354 186.157 -1908.722 700.684 284.424 36.316 21.667 51.27 2543.793 2502.289 2119.598 1744.843 1390.228 1030.884 671.692 43.64 40.436 57.373 74.463 3.51 -333.862 -675.354 -1011.963 -1355.286 -1692.963 -2030.487 -2366.638 -2689.056 619.507 964.355 439.148 84.381 5.493 -346.375 -700.073 533 515 740 36.37 41.43 247 101 2408 1 034
4773668 5626 2025/9/28 14:45:05 P18 76.43 32.73 0 11.63 52.14 931.43 962.1 331.268 587.616 4016.113 399.628 692.444 1021.729 559.54 -20.599 -4.12 159.912 -27.161 326.996 964.966 40.741 811.005 767.212 674.896 520.782 1223.145 667.877 -5000 -2.441 -25.024 33.264 -31.281 9.003 424.805 143.127 634.766 1354.98 170.135 -1908.112 700.073 283.508 35.706 30.365 51.88 2549.744 2501.984 2111.664 1736.45 1380.92 1015.167 660.4 47.607 40.283 28.992 74.158 4.425 -333.862 -677.643 -1017.609 -1360.168 -1700.134 -2037.811 -2372.894 -2696.075 615.997 958.252 436.707 81.482 4.883 -350.647 -705.872 525 515 740 36.4 41.45 246 101 2408 1 034
4773669 5626 2025/9/28 14:45:06 P18 76.42 32.71 0 11.59 52.04 931.42 962.1 330.963 587.463 4019.623 401.154 690.918 1022.186 559.692 25.94 -13.123 168.762 -28.076 326.538 963.745 40.894 809.937 767.059 674.591 519.257 1220.398 666.199 -5000 16.327 -24.109 -10.986 -32.043 9.766 425.72 144.348 633.24 1354.98 156.555 -1908.112 700.836 282.44 35.706 34.18 52.795 2545.929 2501.831 2113.647 1735.992 1381.836 1017.151 660.706 45.471 37.384 44.25 72.937 4.272 -333.557 -677.185 -1017.456 -1359.253 -1697.235 -2037.354 -2373.962 -2695.007 616.15 959.625 439.453 78.583 2.899 -371.246 -721.436 523 515 740 36.31 41.38 246 101 2408 1 034
4773670 5626 2025/9/28 14:45:07 P18 76.43 32.7 0 11.59 52.12 931.4 962.1 330.2 588.531 4017.487 399.17 690.46 1014.404 560.455 13.428 -6.714 174.408 -26.855 325.47 964.813 40.131 808.716 768.127 673.218 519.562 1220.551 667.114 -5000 -1.831 -25.177 -42.114 -30.975 9.918 423.126 143.127 633.087 1350.098 165.1 -1907.806 696.716 282.44 32.043 37.842 51.575 2548.523 2502.289 2116.394 1740.875 1388.55 1025.848 670.929 47.302 36.621 38.147 75.378 4.272 -334.473 -677.338 -1015.93 -1357.574 -1695.709 -2033.234 -2365.875 -2689.972 617.371 958.862 437.927 81.177 2.289 -348.969 -703.735 533 515 740 36.41 41.39 246 101 2408 1 034
4773671 5626 2025/9/28 14:45:08 P18 76.52 32.71 0 11.62 52.12 931.41 962.09 331.726 588.531 4018.555 397.034 689.392 1014.252 560.455 -20.599 -5.493 189.972 -27.924 323.944 957.642 39.978 808.258 767.212 672.15 519.409 1216.431 663.91 -5000 6.104 -25.482 34.027 -30.67 9.613 423.279 142.822 633.24 1347.961 172.424 -1908.264 698.547 281.83 30.518 32.654 51.27 2546.997 2502.289 2115.173 1739.502 1382.599 1018.524 661.316 42.877 34.943 31.891 73.7 4.272 -330.048 -673.828 -1011.658 -1355.438 -1694.489 -2031.708 -2368.622 -2691.04 614.624 954.285 437.927 83.16 2.441 -346.68 -700.836 534 515 740 36.35 41.43 245 100 2408 1 034
4773672 5626 2025/9/28 14:45:09 P18 76.47 32.76 0 11.71 52.04 931.44 962.09 330.963 588.531 4018.25 396.881 688.171 1016.083 560.303 38.91 -20.294 164.032 -27.771 323.029 955.505 39.673 806.885 768.433 670.166 518.188 1216.125 664.368 -5000 0.61 -25.024 61.493 -31.128 9.46 423.126 142.517 631.104 1349.487 163.879 -1908.112 698.242 281.982 26.855 30.518 51.27 2547.607 2502.136 2109.07 1733.704 1376.953 1010.59 657.043 50.812 35.248 68.665 72.784 5.646 -334.778 -677.795 -1016.541 -1357.88 -1698.608 -2036.743 -2372.589 -2696.075 617.523 955.505 437.164 79.651 6.866 -354.309 -709.229 534 515 740 36.38 41.45 245 100 2408 1 034
4773673 5626 2025/9/28 14:45:10 P18 76.46 32.7 0 11.53 52.01 931.44 962.11 330.353 587.921 4015.045 397.034 687.103 1011.353 559.845 -2.899 -23.956 180.664 -28.229 322.723 962.219 38.757 807.19 769.196 668.488 517.578 1214.294 662.231 -5000 -8.392 -23.346 28.839 -32.501 9.46 424.347 142.365 630.493 1347.504 158.997 -1908.569 695.038 282.288 32.349 31.433 52.032 2543.793 2501.678 2114.258 1741.486 1386.871 1020.05 665.894 52.795 40.131 57.831 75.378 3.204 -335.541 -678.253 -1016.998 -1357.727 -1697.235 -2033.234 -2367.401 -2690.277 614.777 954.895 437.012 80.414 3.052 -349.731 -703.583 525 515 740 36.38 41.39 245 100 2408 1 034
4773674 5626 2025/9/28 14:45:11 P18 76.4 32.63 0 11.52 52.06 931.43 962.06 331.726 587.769 4013.977 396.271 686.951 1015.167 560.455 40.741 6.256 202.637 -28.687 322.723 961.914 39.062 803.986 769.043 665.741 516.968 1210.48 661.926 -5000 -7.172 -24.109 12.665 -32.806 9.766 425.415 142.212 628.815 1345.825 175.476 -1908.112 694.885 281.067 30.212 25.33 51.727 2546.234 2504.272 2116.089 1746.063 1393.433 1031.342 678.253 50.964 39.673 70.801 74.921 2.441 -334.015 -677.338 -1012.878 -1352.692 -1691.589 -2027.74 -2360.382 -2684.631 614.166 953.674 436.554 81.482 6.256 -347.748 -698.547 534 515 740 36.34 41.55 244 100 2408 1 034
4773675 5626 2025/9/28 14:45:12 P18 76.37 32.69 0 11.5 52.24 931.44 962.09 331.573 588.531 4011.841 395.05 685.883 1011.963 560.76 28.229 9.918 198.517 -28.076 322.876 963.593 37.842 804.901 768.433 664.368 517.12 1208.038 660.706 -5000 -7.019 -24.109 18.005 -30.67 9.613 422.058 140.839 629.73 1341.4 160.065 -1908.569 693.054 280.609 32.501 28.839 51.727 2547.607 2502.899 2110.901 1735.535 1377.106 1010.284 655.975 56 35.553 55.237 75.226 0.763 -335.541 -680.695 -1018.524 -1360.626 -1701.202 -2038.116 -2372.742 -2696.686 613.708 951.996 435.944 80.566 3.967 -352.631 -706.94 524 515 740 36.4 41.4 244 100 2408 1 034
4773676 5626 2025/9/28 14:45:13 P18 76.43 32.71 0 11.45 52.05 931.42 962.1 331.116 587.616 4010.62 393.982 685.272 1014.252 561.371 -0.916 -52.643 182.953 -28.992 321.503 958.71 37.994 803.375 769.653 661.011 516.663 1210.48 659.027 -5000 0.153 -24.109 57.526 -32.196 9.155 422.821 141.144 627.441 1339.111 149.231 -1908.875 693.359 279.846 36.316 30.518 52.49 2543.64 2502.289 2109.222 1735.84 1379.547 1015.015 661.621 59.357 36.469 49.286 73.853 1.068 -333.71 -678.864 -1017.303 -1359.1 -1698.456 -2036.133 -2370.605 -2693.176 613.556 947.571 436.096 79.651 2.747 -352.325 -708.771 524 515 740 36.4 41.4 244 100 2408 1 034
4773677 5626 2025/9/28 14:45:14 P18 76.4 32.76 0 11.57 52.01 931.44 962.09 330.658 588.379 4008.636 391.083 684.204 1005.554 561.676 30.823 -33.569 194.855 -27.466 321.655 961.151 37.994 803.223 770.111 660.553 516.663 1211.243 661.316 -5000 4.883 -25.635 -2.747 -30.365 10.223 423.126 141.144 627.136 1339.264 171.051 -1908.569 691.528 279.541 30.975 30.823 51.422 2545.471 2502.747 2114.716 1741.943 1385.956 1026.001 672.302 58.746 36.163 51.88 75.073 0.305 -334.32 -678.101 -1014.252 -1356.812 -1695.099 -2030.945 -2366.638 -2687.378 613.251 949.249 437.164 78.888 3.967 -348.358 -701.447 534 515 740 36.37 41.49 244 100 2408 1 034
4773678 5626 2025/9/28 14:45:15 P18 76.45 32.65 0 11.59 52.13 931.43 962.1 332.794 587.158 4008.026 391.388 683.594 1009.216 561.829 -32.196 -29.144 188.751 -27.313 319.366 959.167 37.994 802.002 770.721 658.112 515.289 1205.139 658.875 -5000 -0.61 -24.872 21.21 -31.738 10.071 424.347 139.008 625.153 1340.79 170.441 -1908.264 688.782 278.625 41.504 32.654 52.185 2543.488 2501.373 2117.004 1747.437 1396.942 1034.546 681.61 54.626 38.757 43.793 73.853 5.798 -332.794 -674.133 -1011.353 -1352.692 -1690.979 -2027.74 -2360.077 -2684.326 610.962 944.977 437.012 83.008 5.188 -348.358 -698.09 526 515 740 36.37 41.49 243 99 2408 1 034
4773679 5626 2025/9/28 14:45:16 P18 76.4 32.83 0 11.43 52.09 931.43 962.07 330.658 587.311 4008.942 390.625 682.22 999.451 562.286 -31.128 -14.343 165.253 -26.703 319.061 962.83 36.774 801.086 769.806 656.586 514.526 1203.918 659.637 -5000 7.629 -23.346 23.499 -31.128 10.071 421.6 139.465 625.763 1338.501 180.359 -1910.553 690.613 279.388 33.112 26.245 51.117 2548.676 2503.662 2109.68 1734.924 1374.054 1009.521 655.06 59.814 37.537 64.85 73.09 5.035 -335.541 -681.152 -1019.135 -1360.474 -1701.05 -2037.811 -2373.047 -2697.754 612.335 947.723 436.554 82.703 3.204 -353.851 -707.855 520 515 740 36.37 41.55 243 99 2408 1 034
4773680 5626 2025/9/28 14:45:17 P18 76.36 32.83 0 11.55 52.09 931.41 962.09 331.268 587.616 4005.432 388.947 681 1008.148 562.439 113.22 3.357 186.31 -28.076 319.519 963.135 36.926 800.323 769.806 655.365 514.679 1201.63 658.417 -5000 10.376 -24.414 -13.275 -30.975 10.529 423.584 139.313 624.39 1335.754 178.68 -1908.722 684.509 278.625 26.398 30.975 52.338 2550.659 2503.052 2113.19 1739.502 1380.463 1018.066 664.978 56.763 36.163 56.458 72.327 5.493 -335.083 -679.169 -1015.625 -1359.711 -1698.608 -2036.133 -2371.216 -2693.787 609.741 944.824 437.012 79.803 2.441 -351.715 -705.566 525 515 740 36.4 41.39 242 99 2408 1 034
4773681 5626 2025/9/28 14:45:18 P18 76.52 32.7 0 11.62 52.12 931.41 962.09 331.879 587.006 4006.042 388.489 680.237 1007.996 562.439 -77.057 30.365 170.288 -28.534 318.604 961.456 36.469 798.645 771.484 652.771 513.916 1200.409 655.06 -5000 5.341 -24.414 57.678 -32.654 10.376 423.431 138.855 622.559 1334.991 187.225 -1908.112 686.951 277.405 32.196 29.907 52.795 2543.793 2503.51 2117.31 1741.18 1388.245 1028.137 673.218 62.561 42.267 61.035 74.005 3.204 -335.083 -678.406 -1015.625 -1358.49 -1696.32 -2032.928 -2368.469 -2688.904 610.199 944.672 437.927 80.109 4.73 -353.699 -702.209 537 515 740 36.4 41.56 242 99 2408 1 034
4773682 5626 2025/9/28 14:45:19 P18 76.47 32.74 0 11.7 52.04 931.42 962.08 332.794 588.379 4002.38 384.827 680.237 1005.249 563.049 -35.706 -10.681 179.901 -26.855 318.604 961.609 36.316 799.561 770.874 651.855 513.306 1201.935 656.586 -5000 13.885 -24.414 7.935 -30.975 10.071 422.668 139.923 622.711 1333.771 156.097 -1908.264 686.798 277.1 35.858 28.687 51.27 2545.471 2501.831 2117.004 1748.352 1392.975 1033.173 679.779 61.34 40.131 61.035 75.531 4.883 -333.71 -676.27 -1013.336 -1352.234 -1690.826 -2026.215 -2360.535 -2683.716 610.657 942.688 432.434 85.144 5.493 -348.358 -697.479 526 515 740 36.35 41.49 241 99 2408 1 034
4773683 5626 2025/9/28 14:45:20 P18 76.33 32.77 0 11.53 52.21 931.43 962.09 331.421 587.616 4006.348 385.284 679.016 1007.69 563.049 -1.678 -28.992 172.424 -28.076 316.315 961.456 36.316 798.492 771.484 649.109 513.763 1198.883 655.975 -5000 -0.916 -24.872 2.441 -31.891 9.766 423.279 138.855 620.422 1329.041 172.424 -1908.112 686.035 277.1 31.433 31.128 51.88 2545.776 2502.594 2113.8 1733.551 1378.632 1013.641 654.602 59.052 39.062 58.746 74.768 1.984 -336.761 -678.253 -1018.219 -1360.321 -1698.456 -2036.743 -2374.115 -2696.075 609.436 941.62 436.707 78.888 2.899 -349.884 -706.482 538 515 739 36.41 41.51 241 99 2408 1 034
4773684 5626 2025/9/28 14:45:21 P18 76.4 32.7 0 11.71 52.16 931.42 962.08 332.642 587.921 4001.007 384.521 678.253 1002.197 563.202 25.482 -32.501 168.457 -27.771 317.383 960.236 36.926 798.035 771.484 647.43 513.306 1198.425 654.602 -5000 0.763 -25.33 96.13 -29.755 9.918 421.906 138.702 621.948 1330.872 186.005 -1907.043 680.237 276.031 33.264 35.095 52.032 2545.471 2502.594 2111.359 1737.061 1380.157 1015.32 662.994 62.866 39.978 55.542 74.921 5.188 -335.693 -679.779 -1017.761 -1358.795 -1698.303 -2035.828 -2370.148 -2694.092 609.283 939.026 437.164 79.041 5.035 -352.325 -706.482 526 515 739 36.35 41.54 241 99 2408 1 034
4773685 5626 2025/9/28 14:45:22 P18 76.36 32.7 0 11.46 52.12 931.45 962.09 332.031 587.616 3994.904 383.453 677.643 1001.587 563.507 -22.43 -21.667 153.198 -27.466 317.383 961.151 35.858 796.204 771.332 645.294 511.78 1196.289 654.297 -5000 3.51 -24.414 22.125 -31.433 10.681 421.753 137.024 620.422 1329.956 210.724 -1907.806 683.899 276.184 32.043 26.398 51.727 2548.828 2502.441 2116.852 1740.265 1386.871 1025.085 673.523 68.817 37.231 59.204 74.31 1.068 -332.642 -676.117 -1014.404 -1356.964 -1694.031 -2030.64 -2365.875 -2686.768 609.283 938.721 434.875 79.346 4.272 -349.884 -704.193 534 515 739 36.35 41.58 240 99 2408 1 034
4773686 5626 2025/9/28 14:45:23 P18 76.43 32.73 0 11.6 52.1 931.43 962.09 331.879 587.463 3996.735 383.301 677.185 995.789 564.27 36.926 -14.038 175.323 -28.229 315.704 956.879 35.706 795.288 771.179 643.463 512.085 1196.442 653.534 -5000 0.305 -23.651 -23.193 -31.433 10.376 422.363 137.024 618.896 1327.82 165.71 -1907.654 683.441 276.184 35.248 33.569 51.27 2548.218 2502.441 2115.326 1743.164 1385.803 1022.949 667.267 68.665 39.215 51.117 72.784 2.136 -330.811 -673.828 -1011.963 -1353.607 -1692.81 -2030.334 -2364.655 -2689.972 608.521 938.873 435.486 80.109 2.747 -347.748 -699.158 535 515 739 36.35 41.46 240 98 2408 1 034
4773687 5626 2025/9/28 14:45:24 P18 76.45 32.73 0 11.45 52.1 931.46 962.08 332.184 587.921 4001.312 383.911 676.422 999.603 564.117 -32.654 -6.409 169.83 -26.703 313.721 960.999 35.248 794.373 771.332 642.242 511.78 1192.627 652.618 -5000 17.7 -24.109 0.305 -29.297 10.071 420.074 137.329 617.371 1324.615 190.582 -1907.501 682.526 274.963 34.485 30.823 51.727 2547.15 2501.984 2113.8 1735.382 1377.716 1014.862 657.349 67.139 37.689 55.695 74.005 1.068 -332.184 -675.507 -1018.219 -1360.168 -1698.761 -2034.912 -2373.199 -2693.176 608.521 937.958 435.791 81.329 1.373 -350.8 -709.076 535 515 739 36.35 41.46 240 98 2408 1 034
4773688 5626 2025/9/28 14:45:25 P18 76.3 32.71 0 11.69 52.15 931.44 962.09 332.947 586.548 3998.718 384.216 674.896 1000.214 565.491 10.529 -14.801 200.348 -27.161 314.484 958.557 35.553 794.373 772.095 640.717 511.475 1193.542 650.787 -5000 1.221 -25.177 79.193 -33.722 9.918 421.448 137.329 617.523 1322.327 160.065 -1908.264 681.458 274.2 33.417 29.449 51.575 2541.962 2503.357 2109.07 1734.619 1378.479 1014.099 661.621 68.207 37.537 52.185 71.564 4.578 -333.862 -679.321 -1017.914 -1359.406 -1699.371 -2037.659 -2370.3 -2694.702 606.079 934.143 436.707 78.888 2.136 -352.936 -708.16 538 520 739 36.35 41.63 240 98 2408 1 034
4773689 5626 2025/9/28 14:45:26 P18 76.42 32.73 0 11.6 52.14 931.44 962.1 332.184 587.311 3999.023 382.385 675.201 996.246 564.575 102.234 -6.561 168.457 -28.381 312.347 952.606 34.637 793.304 771.179 639.648 510.864 1189.88 650.94 -5000 14.648 -24.109 82.397 -30.67 10.376 420.685 136.719 615.234 1320.953 162.811 -1907.654 681 274.2 34.79 25.024 51.27 2546.082 2502.747 2115.021 1741.943 1388.397 1020.203 670.013 71.411 39.215 41.809 73.7 6.409 -332.184 -675.201 -1014.557 -1355.743 -1694.336 -2032.318 -2365.723 -2689.819 606.079 931.549 436.554 82.245 2.899 -347.595 -701.447 534 520 739 36.38 41.54 240 98 2408 1 034
4773690 5626 2025/9/28 14:45:27 P18 76.42 32.7 0 11.6 52.14 931.47 962.08 333.252 585.327 3996.582 381.012 673.37 998.23 565.491 96.13 -18.005 166.016 -27.313 312.5 958.71 34.332 792.999 772.247 638.275 509.949 1189.88 650.177 -5000 25.024 -24.414 36.316 -31.738 10.071 422.668 136.414 615.692 1323.547 156.097 -1906.738 678.253 274.811 35.553 29.297 51.575 2543.182 2502.899 2111.359 1737.061 1385.04 1023.56 664.825 71.106 37.079 56.61 73.853 1.068 -334.93 -676.727 -1013.489 -1354.98 -1692.657 -2030.334 -2366.943 -2689.667 606.995 934.753 436.707 81.94 1.526 -347.29 -700.684 526 520 739 36.38 41.63 239 98 2408 1 034
4773691 5626 2025/9/28 14:45:28 P18 76.32 32.58 0 11.46 52.08 931.46 962.08 331.268 586.853 3998.26 381.012 673.065 998.993 564.88 -150.909 -17.242 175.323 -28.534 310.974 960.846 33.722 791.931 772.4 635.834 510.864 1183.929 649.872 -5000 12.665 -24.719 -8.087 -32.349 10.071 421.6 136.261 614.319 1319.885 156.25 -1907.043 679.626 274.048 31.891 30.518 51.422 2546.082 2502.441 2113.8 1738.281 1377.716 1014.557 658.722 77.362 37.842 58.899 74.615 4.272 -331.421 -676.88 -1014.862 -1357.574 -1697.388 -2034.302 -2371.063 -2694.244 605.164 932.007 435.486 81.635 1.678 -349.579 -702.667 535 520 739 36.37 41.54 239 98 2408 1 034
4773692 5626 2025/9/28 14:45:29 P18 76.35 32.71 0 11.67 52.07 931.45 962.07 332.184 588.531 3993.378 378.876 672.15 997.009 565.491 -61.798 -23.651 166.779 -27.466 311.279 960.846 33.875 790.71 773.315 633.85 509.186 1185.76 648.499 -5000 7.019 -24.109 -43.335 -30.67 10.376 419.769 135.193 613.861 1315.002 182.495 -1907.349 676.727 272.827 28.229 34.18 51.117 2548.218 2502.441 2110.901 1736.298 1375.58 1012.268 658.417 69.58 39.52 54.779 74.005 0.153 -335.999 -680.084 -1018.372 -1360.626 -1699.219 -2036.133 -2374.725 -2696.381 606.079 930.328 436.707 79.346 5.035 -354.462 -709.839 525 520 739 36.38 41.48 239 98 2408 1 034
4773693 5626 2025/9/28 14:45:30 P18 76.36 32.71 0 11.63 52.15 931.46 962.07 333.252 586.7 3993.53 377.502 670.929 996.552 565.186 -55.084 -18.616 176.239 -28.076 310.974 954.285 33.569 789.795 773.773 631.866 508.728 1186.218 647.125 -5000 6.256 -24.261 -7.477 -32.349 10.223 420.99 134.888 612.488 1314.087 162.201 -1906.738 676.727 272.827 31.281 27.924 51.575 2541.962 2501.526 2115.173 1738.892 1384.583 1025.085 669.556 81.024 38.757 52.185 73.547 4.272 -334.32 -677.795 -1014.252 -1358.032 -1695.862 -2032.776 -2369.232 -2688.599 605.164 931.244 435.333 81.177 1.678 -350.647 -704.041 528 520 739 36.4 41.59 239 98 2408 1 034
4773694 5626 2025/9/28 14:45:31 P18 76.37 32.7 0 11.46 52.17 931.44 962.1 332.947 587.006 3990.631 375.519 670.166 993.042 566.101 88.654 -23.956 189.514 -27.771 308.685 958.099 33.112 790.1 773.468 628.967 509.186 1185.15 647.583 -5000 -0.153 -24.414 27.771 -30.67 11.292 421.143 135.04 612.335 1316.833 173.492 -1907.043 675.964 272.98 31.128 29.907 53.101 2543.793 2503.204 2118.53 1744.843 1387.634 1027.374 669.556 75.531 39.062 59.967 72.784 5.646 -331.421 -678.406 -1012.115 -1354.523 -1692.505 -2029.877 -2366.333 -2688.751 602.264 928.65 435.791 83.618 3.662 -348.358 -699.615 529 520 739 36.38 41.57 238 97 2408 1 034
4773695 5626 2025/9/28 14:45:32 P18 76.35 32.67 0 11.63 52.22 931.45 962.08 332.642 587.311 3992.615 379.028 669.556 991.974 565.796 21.057 -30.365 183.868 -28.381 308.685 958.099 33.112 788.879 773.773 629.12 507.812 1180.573 647.278 -5000 2.747 -23.651 101.929 -30.518 10.681 419.922 134.888 611.572 1313.934 178.223 -1906.891 671.539 271.912 37.384 30.06 51.727 2548.37 2502.594 2113.953 1739.655 1379.547 1015.93 660.248 70.953 36.621 46.844 72.632 4.883 -327.606 -670.929 -1008.453 -1348.419 -1690.369 -2028.503 -2366.943 -2692.413 603.333 927.582 436.859 82.855 2.441 -353.241 -706.024 536 520 739 36.34 41.49 238 97 2408 1 034
4773696 5626 2025/9/28 14:45:33 P18 76.33 32.65 0 11.67 52.16 931.42 962.09 332.184 586.7 3992.31 376.282 668.793 992.889 566.254 -51.117 -5.798 182.495 -26.093 308.228 959.015 33.112 787.659 773.926 627.441 507.507 1180.573 646.82 -5000 7.019 -24.567 56.305 -31.281 10.529 419.312 135.04 610.199 1311.493 175.018 -1907.043 674.438 271.606 35.4 25.787 50.964 2547.455 2503.51 2111.511 1733.704 1375.885 1012.268 658.112 72.937 40.436 48.37 74.005 1.221 -335.846 -679.321 -1017.609 -1360.474 -1699.371 -2036.285 -2374.42 -2694.702 601.959 923.767 436.859 80.109 4.578 -352.173 -707.703 529 525 739 36.37 41.52 238 97 2408 1 034
4773697 5626 2025/9/28 14:45:34 P18 76.37 32.63 0 11.73 52.17 931.45 962.06 332.184 586.09 3989.258 377.502 668.793 991.974 565.643 -18.311 26.245 196.381 -27.161 307.77 961.151 32.043 786.896 773.926 625.763 509.033 1179.504 644.836 -5000 9.155 -24.261 11.139 -30.975 11.597 419.159 133.972 609.131 1312.256 164.337 -1907.349 672.455 271.149 32.196 20.447 50.964 2548.523 2504.425 2113.953 1741.943 1387.329 1023.865 670.319 69.427 40.436 51.575 74.005 3.204 -336.151 -678.711 -1016.083 -1356.964 -1695.557 -2031.86 -2365.57 -2689.056 602.264 925.14 435.486 81.787 3.357 -350.037 -702.515 529 525 739 36.37 41.52 238 97 2408 1 034
4773698 5626 2025/9/28 14:45:35 P18 76.35 32.69 0 11.67 52.17 931.44 962.07 333.099 587.158 3987.274 373.23 667.114 990.448 567.017 -49.438 -42.572 192.566 -27.008 307.007 951.08 32.501 786.743 774.536 623.779 506.592 1178.894 643.921 -5000 7.324 -24.872 26.398 -31.128 10.986 421.6 134.125 608.978 1312.103 170.593 -1907.806 671.539 271.149 32.196 31.433 51.27 2543.488 2502.899 2118.378 1743.317 1389.16 1027.985 668.64 74.921 37.689 52.948 74.005 3.967 -331.268 -674.133 -1010.59 -1352.539 -1693.726 -2030.64 -2368.011 -2688.599 603.943 924.072 435.333 82.703 3.967 -348.511 -701.447 537 520 739 36.37 41.57 238 97 2408 1 034
4773699 5626 2025/9/28 14:45:36 P18 76.37 32.76 0 11.45 52.18 931.42 962.11 333.099 587.311 3984.07 372.62 666.656 990.295 566.406 2.441 -36.316 183.411 -27.466 307.159 957.794 32.501 786.133 774.689 622.253 506.897 1177.826 644.836 -5000 -1.678 -22.888 29.602 -32.043 10.834 421.448 133.362 607.91 1309.509 185.242 -1907.654 670.471 270.538 35.706 27.924 51.27 2546.539 2502.441 2113.037 1735.992 1379.089 1011.505 658.112 72.632 37.537 59.204 72.479 5.798 -333.252 -676.88 -1017.609 -1360.321 -1698.914 -2038.116 -2375.793 -2698.212 601.654 922.852 437.927 78.735 1.678 -352.325 -706.94 537 525 739 36.37 41.57 237 97 2408 1 034
4773700 5626 2025/9/28 14:45:37 P18 76.32 32.69 0 11.67 52.16 931.43 962.08 334.93 587.463 3983.154 373.077 666.656 988.007 566.559 4.73 -1.373 169.373 -27.771 307.312 960.693 30.975 785.828 774.689 620.27 506.134 1174.774 644.226 -5000 4.578 -22.278 11.292 -31.891 10.529 420.38 133.209 607.91 1308.746 171.509 -1907.959 670.013 270.844 33.264 32.043 51.422 2549.133 2501.984 2113.037 1735.382 1378.479 1016.693 661.621 73.853 37.231 46.387 73.395 -0.763 -335.388 -679.474 -1017.456 -1360.779 -1698.914 -2036.133 -2373.962 -2693.176 602.722 920.868 434.418 78.278 3.815 -353.241 -709.534 527 525 739 36.37 41.63 237 97 2408 1 034
4773701 5626 2025/9/28 14:45:38 P18 76.32 32.67 0 11.63 52.13 931.43 962.06 333.099 586.09 3984.07 372.772 665.436 985.413 566.711 -93.536 -15.869 170.898 -27.313 306.854 961.304 30.823 783.691 773.315 619.049 506.592 1172.18 642.548 -5000 -2.747 -24.414 6.866 -30.365 11.139 418.396 133.209 606.537 1305.542 188.904 -1907.349 669.403 270.386 33.569 28.229 51.27 2549.438 2503.967 2116.699 1741.333 1384.888 1025.238 670.319 71.106 38.452 57.22 73.09 1.221 -334.473 -678.711 -1013.489 -1357.117 -1695.557 -2031.86 -2366.943 -2687.531 601.807 921.936 435.944 82.245 0 -350.8 -703.43 537 525 739 36.33 41.56 236 97 2408 1 034
4773702 5626 2025/9/28 14:45:39 P18 76.26 32.73 0 11.62 52.29 931.43 962.08 333.862 586.548 3979.187 372.314 664.52 988.312 567.017 38.147 -34.485 148.926 -26.855 306.244 958.557 32.043 784.149 776.062 617.371 505.219 1174.622 641.174 -5000 11.444 -23.956 31.128 -31.586 10.529 420.38 133.82 605.164 1306.61 177.46 -1910.4 667.572 269.623 30.823 35.248 51.422 2543.03 2501.526 2114.868 1743.317 1385.193 1022.949 667.267 79.651 40.436 51.727 74.463 1.831 -332.794 -676.27 -1013.336 -1355.591 -1694.641 -2031.555 -2368.011 -2691.65 602.875 927.429 435.486 82.855 1.984 -351.105 -701.599 536 525 739 36.37 41.69 236 97 2408 1 034
4773703 5626 2025/9/28 14:45:40 P18 76.35 32.65 0 11.53 52.24 931.43 962.08 333.71 586.09 3981.781 368.805 663.91 984.039 567.474 -69.275 -28.076 134.277 -28.534 304.871 949.86 31.433 782.318 775.299 615.845 505.066 1172.18 641.479 -5000 3.51 -23.956 14.496 -31.128 11.444 420.074 132.599 604.858 1305.084 164.032 -1908.112 669.098 270.081 37.384 31.281 51.117 2544.403 2502.899 2110.596 1732.941 1377.716 1011.047 657.654 86.517 40.741 43.488 73.853 2.747 -335.388 -678.253 -1017.914 -1359.711 -1698.608 -2036.591 -2373.199 -2695.77 600.433 917.664 437.775 79.346 3.967 -351.105 -709.534 519 525 739 36.35 41.66 235 96 2408 1 034
4773704 5626 2025/9/28 14:45:41 P18 76.3 32.65 0 11.63 52.24 931.44 962.11 333.71 587.006 3981.018 368.652 663.452 986.481 567.474 35.248 -13.733 180.969 -27.161 305.176 957.031 31.433 782.623 775.452 614.777 504.913 1171.265 641.937 -5000 -2.594 -24.109 5.798 -30.212 10.834 419.464 133.514 603.943 1303.864 174.103 -1907.959 667.114 268.86 32.654 33.875 50.812 2544.708 2503.052 2115.784 1737.671 1383.209 1016.541 661.011 90.79 42.419 50.201 75.836 2.289 -335.693 -678.558 -1016.235 -1358.948 -1697.235 -2033.691 -2371.063 -2692.108 601.501 917.816 435.638 78.735 3.51 -351.105 -705.872 539 520 739 36.37 41.69 235 96 2408 1 034
4773705 5626 2025/9/28 14:45:42 P18 76.36 32.73 0 11.55 52.12 931.46 962.1 333.252 585.785 3980.713 371.094 662.231 985.87 567.78 43.03 28.534 177.155 -28.381 304.26 948.944 30.823 781.555 775.757 613.403 503.693 1166.84 639.648 -5000 0.305 -23.651 -21.973 -32.349 11.139 420.99 132.751 603.485 1302.185 167.236 -1907.959 666.351 269.165 25.94 31.433 51.27 2543.335 2502.594 2114.41 1738.892 1389.313 1030.731 676.727 90.637 37.079 52.185 71.411 4.12 -328.064 -671.997 -1009.674 -1350.555 -1690.216 -2026.978 -2360.84 -2686.31 598.755 915.375 439.301 84.381 3.662 -350.342 -699.615 537 525 739 36.43 41.66 235 96 2408 1 034
4773706 5626 2025/9/28 14:45:43 P18 76.28 32.69 0 11.56 52.18 931.45 962.1 332.184 586.243 3981.171 370.178 662.231 984.497 567.932 12.817 -18.463 163.116 -27.924 302.887 958.099 30.975 781.86 774.994 610.962 504.608 1164.856 640.259 -5000 1.373 -23.956 11.139 -31.433 10.529 419.769 133.514 601.807 1300.507 179.901 -1907.501 666.199 268.25 30.06 32.043 52.032 2546.692 2501.678 2116.547 1741.486 1384.43 1020.66 663.91 92.163 40.741 58.136 74.768 1.831 -334.167 -677.338 -1013.794 -1357.117 -1696.472 -2033.386 -2369.995 -2691.65 599.518 915.985 437.164 82.55 4.883 -348.816 -700.226 524 525 739 36.37 41.71 235 96 2408 1 034
4773707 5626 2025/9/28 14:45:44 P18 76.16 32.79 0 11.46 52.1 931.45 962.09 333.099 586.09 3979.187 370.026 661.621 980.835 567.932 -12.207 -30.975 164.795 -27.771 302.277 958.557 30.823 780.029 774.536 610.046 503.693 1164.856 638.885 -5000 -4.883 -23.346 2.594 -30.67 10.529 419.006 131.836 602.264 1297.15 154.266 -1908.875 665.436 268.25 30.365 29.602 50.507 2547.455 2501.984 2109.528 1733.551 1377.258 1009.369 654.602 100.708 37.842 63.019 73.853 5.798 -335.388 -679.626 -1018.524 -1359.863 -1699.677 -2036.133 -2372.131 -2697.144 597.687 912.476 436.859 80.872 0.916 -353.241 -708.618 536 525 739 36.38 41.68 234 96 2408 1 034
4773708 5626 2025/9/28 14:45:45 P18 76.22 32.73 0 11.67 52.16 931.48 962.09 333.252 585.785 3975.525 366.821 661.163 981.598 568.695 127.563 -9.613 161.896 -27.771 302.124 954.285 30.365 779.114 775.146 608.368 503.387 1166.534 639.038 -5000 -9.155 -24.261 83.618 -31.128 11.444 419.159 130.615 600.739 1298.37 173.187 -1908.112 663.452 268.402 38.91 23.499 50.812 2547.455 2502.899 2114.563 1741.028 1386.719 1021.729 668.945 99.64 40.436 56.61 74.921 5.798 -332.184 -675.354 -1014.404 -1355.896 -1695.099 -2031.86 -2366.333 -2689.667 597.382 911.407 433.96 81.482 3.357 -351.562 -705.261 536 525 739 36.38 41.68 234 96 2408 1 034
4773709 5626 2025/9/28 14:45:46 P18 76.4 32.69 0 11.41 52.13 931.46 962.08 332.947 585.48 3975.22 367.279 660.553 977.478 568.542 1.068 -14.954 153.503 -26.245 303.345 959.015 30.365 778.503 774.994 606.842 503.082 1161.804 638.58 -5000 5.493 -23.804 6.104 -30.06 11.902 418.243 130.92 600.891 1295.013 169.678 -1907.959 661.316 265.503 32.501 34.943 51.422 2548.37 2501.984 2119.293 1743.927 1391.602 1029.816 670.624 97.961 42.419 67.291 74.31 2.441 -333.862 -677.185 -1013.947 -1355.896 -1694.183 -2031.555 -2368.164 -2690.43 598.297 913.544 437.622 80.261 5.646 -346.832 -700.378 529 530 739 36.4 41.66 234 96 2408 1 034
4773710 5626 2025/9/28 14:45:47 P18 76.36 32.7 0 11.62 52.29 931.43 962.07 332.184 585.785 3976.288 367.737 659.18 983.429 568.542 -82.397 -35.858 142.212 -28.229 302.582 958.252 30.823 776.367 776.52 604.858 502.777 1161.194 636.292 -5000 -7.782 -23.193 -14.191 -32.959 10.834 419.617 132.599 598.907 1293.945 154.724 -1908.417 661.316 266.571 35.248 36.774 51.88 2544.708 2502.594 2115.784 1740.57 1383.209 1018.372 663.757 94.452 39.062 60.73 72.632 5.035 -332.184 -675.049 -1012.421 -1353.149 -1692.505 -2031.25 -2364.807 -2689.209 599.67 909.882 439.148 81.482 4.425 -348.206 -701.904 524 530 739 36.33 41.61 234 96 2408 1 034
4773711 5626 2025/9/28 14:45:48 P18 76.25 32.66 0 11.67 52.16 931.44 962.09 334.625 585.327 3974.304 368.347 658.417 982.361 568.695 -27.618 -9.003 158.691 -28.076 301.361 953.979 30.06 778.046 776.672 604.553 502.625 1156.616 635.834 -5000 -5.188 -23.804 0.153 -32.349 10.834 418.701 132.141 599.67 1290.588 148.163 -1908.722 661.926 267.487 32.959 30.823 51.117 2542.114 2501.678 2110.291 1732.941 1376.801 1011.658 657.349 97.656 38.605 63.782 72.632 5.188 -333.71 -678.558 -1017.303 -1359.406 -1699.982 -2038.422 -2374.268 -2695.923 597.076 910.339 435.791 79.803 1.831 -355.225 -711.06 537 530 739 36.4 41.68 234 96 2408 1 034
4773712 5626 2025/9/28 14:45:49 P18 76.33 32.71 0 11.65 52.25 931.44 962.08 333.557 585.632 3972.931 366.364 657.806 977.783 568.848 101.624 -6.256 184.479 -27.161 299.683 957.794 30.06 776.672 774.994 601.959 501.862 1159.973 636.597 -5000 -16.022 -24.109 27.313 -31.586 11.292 417.633 130.92 597.534 1291.199 182.19 -1907.654 658.722 266.113 31.891 29.449 51.422 2548.676 2502.594 2113.19 1740.57 1384.277 1021.118 667.114 96.893 37.231 70.19 73.242 2.289 -334.167 -678.101 -1016.235 -1357.574 -1696.777 -2033.386 -2366.333 -2689.819 597.992 910.645 438.385 81.482 2.747 -351.41 -705.414 538 530 739 36.34 41.69 234 96 2408 1 034
4773713 5626 2025/9/28 14:45:50 P18 76.26 32.66 0 11.56 52.18 931.47 962.1 332.794 586.243 3970.032 362.244 657.501 977.173 569 -76.904 -8.087 177.307 -27.161 300.598 953.369 29.602 776.062 776.062 599.976 501.404 1158.447 636.139 -5000 -4.12 -19.226 39.825 -31.128 11.444 419.464 130.157 597.839 1291.809 184.784 -1908.264 659.18 265.198 29.907 26.093 50.964 2549.591 2504.12 2117.462 1745.148 1391.144 1027.832 670.013 97.656 38.147 59.357 73.395 0.763 -333.862 -677.338 -1015.625 -1355.133 -1694.489 -2031.86 -2366.333 -2690.43 597.076 909.576 436.554 83.923 5.188 -347.748 -699.768 519 535 739 36.34 41.73 233 96 2408 1 034
4773714 5626 2025/9/28 14:45:51 P18 76.29 32.67 0 11.65 52.23 931.42 962.1 334.473 585.785 3970.947 363.617 656.738 979.004 569.611 -75.073 -7.172 199.585 -27.466 299.53 951.385 29.602 776.062 777.588 598.907 500.793 1157.99 634.003 -5000 -3.967 -24.109 56.305 -32.501 10.529 418.396 131.226 597.687 1285.4 186.462 -1908.417 658.875 265.045 29.449 30.975 50.964 2541.504 2501.526 2116.852 1738.586 1382.751 1018.677 661.163 103.302 42.572 51.27 74.463 4.272 -333.71 -677.185 -1015.472 -1358.49 -1697.998 -2034.454 -2372.589 -2693.481 595.093 905.762 436.707 80.719 3.967 -349.274 -702.972 540 530 739 36.43 41.65 233 96 2408 1 034
4773715 5626 2025/9/28 14:45:52 P18 76.29 32.65 0 11.65 52.23 931.45 962.1 331.573 586.548 3968.353 362.396 656.128 969.543 569.763 -12.054 7.935 201.569 -27.313 298.462 957.794 30.06 774.994 776.978 597.534 500.793 1155.548 636.597 -5000 5.493 -23.193 52.948 -31.738 10.681 418.854 129.395 595.856 1288.3 202.942 -1908.417 657.043 264.435 30.212 33.569 50.659 2549.438 2502.747 2110.901 1732.483 1374.054 1010.742 657.043 104.37 39.978 32.501 74.463 1.831 -336.456 -681.763 -1019.897 -1363.983 -1702.271 -2038.574 -2376.709 -2696.228 597.076 907.898 437.469 80.109 3.662 -354.004 -709.686 528 535 739 36.43 41.73 233 96 2408 1 034
4773716 5626 2025/9/28 14:45:53 P18 76.33 32.71 0 11.48 52.21 931.47 962.09 332.947 587.158 3970.337 364.075 655.975 975.494 569.916 51.27 13.885 203.552 -27.161 297.241 957.794 27.313 774.384 777.588 596.161 500.793 1154.327 635.071 -5000 0.153 -22.888 59.357 -31.738 10.681 416.718 130.92 594.788 1283.112 177.765 -1908.264 658.112 263.824 29.449 23.041 50.812 2546.844 2501.221 2119.293 1751.404 1395.569 1034.546 678.711 100.098 42.419 37.994 74.463 2.441 -331.879 -673.981 -1010.132 -1351.318 -1690.063 -2026.062 -2358.551 -2684.021 596.161 906.067 438.995 83.771 3.662 -347.595 -696.106 537 535 739 36.4 41.69 233 95 2408 1 034
4773717 5626 2025/9/28 14:45:54 P18 76.33 32.76 0 11.77 52.15 931.43 962.07 332.489 585.175 3966.37 361.328 655.823 975.342 570.068 -63.782 23.041 175.934 -27.313 297.394 957.794 28.839 773.315 776.672 595.245 500.793 1153.717 635.681 -5000 1.068 -24.567 13.58 -31.281 11.292 418.854 128.937 594.788 1279.297 169.678 -1908.264 655.67 264.282 35.248 28.076 50.812 2549.744 2503.204 2119.751 1744.08 1388.245 1027.222 667.877 107.88 38.91 42.572 73.242 4.883 -330.353 -672.15 -1010.742 -1353.607 -1692.657 -2029.877 -2366.486 -2693.634 594.33 904.999 436.859 81.635 -0.763 -349.274 -701.752 528 535 739 36.35 41.7 232 95 2408 1 034
4773718 5626 2025/9/28 14:45:55 P18 76.37 32.74 0 11.7 52.33 931.46 962.08 332.642 584.564 3966.217 361.176 654.602 976.257 570.068 67.291 2.594 187.378 -28.076 297.699 954.285 29.297 773.01 776.062 593.567 499.573 1152.039 630.646 -5000 3.662 -24.719 -21.362 -32.196 10.834 418.243 131.073 593.109 1273.193 156.708 -1908.417 655.975 263.672 33.722 29.144 50.964 2543.945 2503.51 2113.8 1736.755 1379.547 1015.778 658.417 108.032 41.809 39.825 74.158 2.289 -335.083 -677.795 -1015.93 -1359.253 -1697.693 -2034.607 -2373.047 -2694.244 592.957 901.337 436.859 82.855 4.425 -349.426 -704.956 538 535 739 36.38 41.71 232 95 2408 1 034
4773719 5626 2025/9/28 14:45:56 P18 76.33 32.66 0 11.63 52.16 931.42 962.08 334.167 584.869 3965.607 362.244 653.687 975.037 570.068 -53.558 -19.836 165.71 -27.771 297.546 953.674 28.534 772.095 777.893 591.583 499.878 1148.071 631.561 -5000 7.629 -23.804 79.193 -32.196 10.986 418.243 131.531 593.872 1280.975 182.8 -1907.654 654.602 263.062 32.654 28.992 50.812 2542.419 2503.052 2112.885 1733.704 1378.326 1015.625 660.4 101.166 36.621 38.757 73.395 4.272 -336.304 -680.084 -1018.524 -1362.457 -1701.813 -2038.574 -2377.472 -2696.533 592.957 900.269 437.164 80.109 1.068 -353.394 -709.839 529 535 739 36.38 41.68 232 95 2408 1 034
4773720 5626 2025/9/28 14:45:57 P18 76.25 32.73 0 11.68 52.21 931.47 962.12 332.794 585.938 3964.539 360.26 652.771 971.68 570.831 25.024 -11.902 177.46 -28.229 295.715 955.353 27.924 772.4 778.198 590.515 498.81 1147.308 631.866 -5000 12.97 -23.651 -27.771 -31.586 10.681 418.701 129.242 592.041 1282.501 176.086 -1908.569 650.94 262.756 29.907 31.891 50.964 2546.997 2502.594 2118.988 1750.488 1394.348 1035.156 679.016 100.098 35.706 23.041 71.869 5.646 -334.167 -676.117 -1011.81 -1354.218 -1687.164 -2027.283 -2361.908 -2687.378 592.804 898.895 436.859 85.297 1.831 -347.595 -695.648 529 535 739 36.38 41.68 232 95 2408 1 034
4773721 5626 2025/9/28 14:45:58 P18 76.3 32.73 0 11.65 52.21 931.44 962.09 333.71 584.717 3963.318 362.701 650.482 972.29 570.679 -39.825 1.678 151.215 -26.855 296.936 953.979 26.855 771.027 777.74 588.531 498.352 1147.461 630.188 -5000 14.801 -23.651 9.918 -32.196 11.749 417.786 129.852 593.262 1277.466 165.253 -1908.569 653.534 262.299 35.553 36.926 51.88 2541.351 2503.967 2116.699 1741.028 1388.55 1024.933 667.114 102.692 38.757 57.831 74.158 0.305 -334.015 -675.507 -1013.947 -1355.743 -1693.42 -2031.25 -2366.18 -2689.819 594.177 900.574 436.249 81.177 3.357 -348.358 -702.515 529 535 739 36.37 41.72 232 95 2408 1 034
4773722 5626 2025/9/28 14:45:59 P18 76.35 32.74 0 11.6 52.19 931.41 962.09 333.557 586.243 3963.776 359.955 652.161 971.375 571.136 18.158 -22.43 198.517 -26.855 294.037 950.47 27.924 771.027 776.825 587.921 498.352 1147.003 630.493 -5000 13.885 -23.499 40.894 -30.212 11.444 417.023 128.937 592.957 1277.313 172.119 -1907.806 654.449 262.451 34.18 30.06 50.354 2546.844 2501.526 2114.716 1735.687 1379.395 1015.015 657.196 106.506 37.994 43.945 73.853 5.341 -335.388 -679.016 -1016.693 -1359.863 -1698.608 -2036.133 -2373.81 -2695.007 593.872 897.369 435.791 81.482 1.221 -349.731 -706.329 529 535 739 36.37 41.72 232 95 2408 1 034
4773723 5626 2025/9/28 14:46:00 P18 76.33 32.7 0 11.75 52.23 931.43 962.09 333.252 586.09 3961.945 359.039 649.719 965.576 572.052 27.618 -29.144 174.866 -28.229 294.342 953.827 25.94 769.501 776.825 586.7 498.657 1141.815 629.578 -5000 3.204 -23.346 27.771 -30.212 10.681 416.565 128.479 590.21 1277.313 181.732 -1908.264 653.687 261.536 35.706 32.654 50.964 2546.082 2502.289 2119.904 1749.725 1394.958 1033.478 679.474 113.831 41.809 45.319 73.853 4.425 -332.642 -675.507 -1010.742 -1351.929 -1690.216 -2025.604 -2358.398 -2683.105 594.482 898.59 437.622 82.703 4.272 -349.579 -699.158 518 535 739 36.37 41.72 231 95 2408 1 034
4773724 5626 2025/9/28 14:46:01 P18 76.28 32.62 0 11.68 52.22 931.46 962.09 333.252 585.785 3958.588 357.513 651.398 969.543 571.442 39.368 -34.332 163.879 -27.161 294.342 953.827 27.771 769.196 777.74 585.48 498.047 1143.646 630.493 -5000 24.872 -23.193 17.395 -31.128 10.986 418.243 126.038 590.21 1277.924 154.114 -1907.959 651.398 261.993 32.349 24.567 50.812 2548.981 2501.221 2118.988 1745.605 1392.975 1033.478 676.27 109.406 38.452 65.002 74.615 3.052 -330.2 -672.913 -1008.911 -1352.234 -1689.911 -2026.672 -2362.671 -2685.547 592.804 898.438 435.944 83.313 3.967 -345.306 -696.716 540 535 738 36.4 41.78 231 95 2408 1 034
4773725 5626 2025/9/28 14:46:02 P18 76.2 32.65 0 11.73 52.14 931.45 962.08 331.879 586.09 3957.214 357.971 650.635 964.508 571.899 32.959 -12.054 179.749 -26.855 293.732 956.573 28.076 768.433 779.266 583.649 497.437 1143.799 630.341 -5000 15.411 -23.804 -23.346 -31.433 11.139 418.396 127.563 589.142 1276.245 179.901 -1907.806 649.719 261.536 30.67 32.043 50.812 2549.133 2501.373 2115.936 1745.758 1386.261 1024.628 669.098 106.659 41.656 61.035 72.937 1.526 -334.32 -677.948 -1014.099 -1356.049 -1695.709 -2032.471 -2368.317 -2691.65 594.177 896.759 435.944 82.397 3.967 -349.884 -699.921 540 535 738 36.4 41.78 231 95 2408 1 034
4773726 5626 2025/9/28 14:46:03 P18 76.29 32.76 0 11.6 52.23 931.44 962.09 333.252 584.717 3956.299 355.988 650.024 969.696 572.052 36.316 -23.956 146.332 -26.55 293.274 955.963 28.534 767.059 778.961 581.97 497.742 1142.273 628.662 -5000 16.174 -23.804 11.292 -31.891 11.902 417.633 127.106 587.921 1274.872 160.675 -1907.959 649.567 261.383 33.722 23.956 50.659 2549.438 2503.51 2110.596 1734.314 1376.19 1010.437 656.433 111.694 40.588 59.204 73.09 4.883 -336.761 -680.237 -1018.219 -1360.474 -1701.05 -2037.811 -2372.437 -2696.991 591.125 893.707 437.164 81.635 4.425 -350.952 -705.261 528 540 738 36.43 41.8 231 95 2408 1 034
4773727 5626 2025/9/28 14:46:04 P18 76.23 32.65 0 11.6 52.25 931.45 962.11 334.473 585.022 3950.806 357.819 648.956 963.287 571.747 8.392 -37.079 172.119 -26.703 295.41 956.421 27.161 767.365 777.74 580.444 498.352 1141.663 628.052 -5000 13.275 -22.583 37.994 -30.823 11.444 415.649 127.106 588.531 1270.752 174.408 -1908.569 649.109 260.62 32.959 31.433 50.812 2548.523 2501.373 2119.904 1748.352 1396.332 1033.325 678.864 118.103 40.894 57.678 74.768 1.984 -332.031 -675.049 -1013.336 -1354.98 -1692.81 -2028.809 -2360.382 -2685.394 591.278 895.233 436.707 82.55 4.883 -349.579 -700.378 538 540 739 36.37 41.84 231 95 2408 1 034
4773728 5626 2025/9/28 14:46:05 P18 76.37 32.63 0 11.58 52.28 931.45 962.07 332.642 584.564 3955.383 357.819 647.736 968.933 571.899 4.12 -47.302 198.669 -27.924 294.189 953.369 26.55 767.059 778.503 578.308 496.674 1141.052 626.373 -5000 4.73 -22.736 67.291 -32.196 11.292 417.175 128.632 587.311 1269.531 167.999 -1908.417 648.499 260.62 28.839 25.94 51.727 2543.945 2503.967 2117.004 1747.131 1391.907 1032.715 676.27 119.629 40.436 44.403 74.158 1.068 -332.489 -675.049 -1011.047 -1352.692 -1691.132 -2026.978 -2361.603 -2685.242 590.668 893.097 437.164 81.177 3.967 -347.595 -697.479 527 540 739 36.37 41.66 230 95 2408 1 034
4773729 5626 2025/9/28 14:46:06 P18 76.32 32.63 0 11.58 52.28 931.43 962.1 333.71 585.785 3952.484 354.462 648.956 962.83 572.357 -65.002 -31.281 194.092 -27.008 292.358 955.2 25.787 767.212 778.046 577.545 497.131 1141.51 625.763 -5000 8.545 -18.311 59.814 -30.823 11.444 415.039 127.106 587.311 1263.123 178.528 -1908.875 647.583 259.094 31.128 36.163 51.117 2548.981 2503.357 2114.868 1743.469 1387.329 1021.576 665.436 127.563 37.231 54.932 73.547 5.035 -332.642 -675.049 -1013.031 -1353.455 -1692.657 -2030.334 -2364.349 -2689.667 590.057 892.334 437.012 82.245 3.052 -348.206 -701.294 538 540 740 36.34 41.7 230 95 2408 1 034
4773730 5626 2025/9/28 14:46:07 P18 76.35 32.7 0 11.75 52.18 931.45 962.08 333.252 586.7 3954.62 355.835 647.43 964.813 572.357 -37.537 9.003 167.999 -26.855 290.527 953.064 26.703 764.771 779.266 577.698 496.216 1138.611 626.373 -5000 9.918 -24.109 19.226 -31.128 10.986 415.802 126.648 585.48 1265.411 179.443 -1907.806 647.43 258.942 30.823 41.199 50.964 2547.15 2500.916 2118.225 1742.249 1390.533 1029.51 673.065 122.375 36.011 57.983 72.479 4.883 -331.879 -675.049 -1010.437 -1352.997 -1690.826 -2028.046 -2363.892 -2684.937 588.837 892.181 436.554 82.55 2.441 -348.969 -701.599 538 540 740 36.34 41.7 230 95 2408 1 034
4773731 5626 2025/9/28 14:46:08 P18 76.32 32.69 0 11.55 52.21 931.43 962.1 334.167 583.954 3952.332 355.682 646.057 963.745 572.205 65.613 -2.136 175.171 -26.703 291.595 954.59 26.855 764.771 779.724 574.646 495.758 1134.338 625.458 -5000 7.019 -23.346 10.071 -31.738 11.292 417.48 129.395 585.022 1268.463 184.021 -1908.722 644.989 259.247 31.738 32.349 50.812 2542.572 2501.984 2120.056 1749.268 1398.926 1036.682 680.389 121.765 37.842 35.095 72.784 0.916 -335.236 -675.659 -1012.878 -1353.302 -1690.369 -2027.283 -2360.077 -2682.8 590.973 892.334 437.469 81.482 3.815 -346.832 -698.853 529 540 741 36.34 41.78 229 95 2408 1 034
4773732 5626 2025/9/28 14:46:09 P18 76.4 32.66 0 11.63 52.22 931.44 962.09 333.405 584.412 3950.195 353.241 645.752 962.524 572.815 1.831 -17.395 166.931 -26.55 289.917 955.811 25.94 764.16 779.266 573.883 495.758 1133.728 626.068 -5000 5.646 -23.041 -14.191 -31.738 11.444 417.786 126.495 585.632 1267.7 165.405 -1909.79 645.447 260.01 30.823 25.787 51.117 2550.049 2503.052 2119.293 1747.131 1390.076 1030.579 673.218 118.713 41.046 51.422 74.005 2.136 -334.473 -676.727 -1013.031 -1355.438 -1694.031 -2030.487 -2365.112 -2688.141 588.379 888.672 437.317 83.923 4.883 -347.443 -698.242 529 540 742 36.4 41.74 229 95 2408 1 034
4773733 5626 2025/9/28 14:46:10 P18 76.35 32.71 0 11.7 52.27 931.44 962.08 334.32 585.938 3951.874 354.309 645.752 964.05 572.205 -4.425 -15.564 143.28 -27.008 289.459 951.691 25.787 763.855 778.961 572.662 495.758 1136.169 625.458 -5000 7.324 -22.736 14.038 -30.67 11.139 415.802 127.869 584.259 1263.123 163.727 -1908.875 645.447 258.484 38.452 28.992 50.507 2546.844 2502.594 2115.173 1740.417 1383.667 1017.303 660.858 117.798 41.962 57.831 74.615 4.12 -334.32 -677.338 -1015.93 -1357.727 -1697.083 -2035.065 -2369.08 -2693.024 594.33 888.519 437.927 79.651 4.272 -352.173 -704.956 539 540 743 36.38 41.81 229 94 2408 1 034
4773734 5626 2025/9/28 14:46:11 P18 76.4 32.71 0 11.67 52.24 931.46 962.09 334.778 584.717 3949.127 355.225 644.226 962.982 573.12 12.054 -15.411 138.702 -27.618 289.917 949.86 26.093 763.855 780.487 570.679 494.995 1128.998 623.474 -5000 9.155 -22.583 -5.341 -31.891 11.292 416.565 127.563 585.632 1261.749 154.114 -1908.264 644.379 258.636 35.858 35.553 51.422 2541.809 2503.204 2118.225 1746.979 1393.127 1036.682 682.678 121.307 40.588 42.267 73.547 2.441 -335.846 -678.406 -1013.184 -1355.286 -1692.047 -2028.503 -2364.349 -2684.174 589.752 889.13 436.554 81.177 4.272 -349.121 -700.226 530 540 743 36.38 41.83 229 94 2408 1 034
4773735 5626 2025/9/28 14:46:12 P18 76.37 32.71 0 11.58 52.29 931.44 962.08 333.862 583.801 3947.601 353.241 644.379 961.151 573.12 -35.553 -3.662 168.152 -27.771 288.849 952.911 25.024 763.245 778.961 569.611 496.368 1130.219 622.864 -5000 8.087 -23.193 -26.703 -31.738 10.986 416.26 126.343 583.038 1263.123 171.661 -1908.875 642.242 258.331 34.943 29.297 50.659 2545.776 2502.289 2122.498 1749.115 1397.4 1036.53 679.321 125.58 40.436 45.166 74.463 2.441 -333.252 -673.523 -1009.369 -1350.708 -1687.775 -2024.689 -2358.704 -2682.495 587.616 885.468 436.707 83.618 7.782 -344.086 -697.021 533 540 744 36.4 41.81 228 94 2408 1 034
4773736 5626 2025/9/28 14:46:13 P18 76.42 32.74 0 11.58 52.29 931.44 962.09 334.625 583.801 3945.007 349.884 643.921 959.32 573.883 -17.395 26.398 184.326 -26.398 289.001 951.843 25.33 761.414 780.487 568.542 494.537 1132.812 623.474 -5000 -0.153 -22.125 47.15 -30.06 12.054 417.328 126.801 583.038 1263.123 163.269 -1908.875 641.632 257.721 36.316 27.466 51.727 2544.861 2503.204 2116.394 1746.216 1389.16 1027.374 670.776 120.697 38.91 58.289 72.021 4.425 -330.658 -674.591 -1011.658 -1353.912 -1693.268 -2029.877 -2365.265 -2689.972 588.531 886.688 435.944 84.534 1.984 -347.9 -697.784 542 540 744 36.37 41.78 228 94 2408 1 034
4773737 5626 2025/9/28 14:46:14 P18 76.32 32.74 0 11.67 52.2 931.42 962.08 333.557 585.938 3945.465 353.241 643.616 960.388 574.188 68.054 3.967 176.239 -26.245 288.239 954.285 25.177 760.956 779.419 567.322 492.554 1130.524 623.322 -5000 9.003 -23.193 33.875 -30.823 11.292 415.649 126.953 582.123 1257.935 168.61 -1908.417 643.463 256.958 33.417 34.027 50.964 2547.302 2503.51 2117.92 1741.943 1387.482 1027.222 671.082 131.378 37.384 54.321 72.784 5.493 -335.846 -678.864 -1015.015 -1357.727 -1695.557 -2032.166 -2367.554 -2687.225 587.463 883.026 439.606 81.177 3.052 -345.459 -700.378 533 545 744 36.43 41.94 228 94 2408 1 034
4773738 5626 2025/9/28 14:46:15 P18 76.39 32.65 0 11.57 52.26 931.43 962.11 331.573 584.106 3944.855 351.715 643.005 951.538 574.036 14.954 -48.523 166.931 -28.229 288.696 950.775 25.024 760.651 780.029 566.101 494.537 1130.371 623.016 -5000 11.292 -22.583 45.929 -32.349 11.139 415.649 126.801 580.902 1254.425 155.64 -1907.806 641.022 257.416 32.806 31.738 50.812 2544.098 2502.747 2120.514 1748.047 1395.111 1034.851 679.779 122.528 40.741 55.084 74.615 1.373 -332.947 -676.27 -1011.353 -1353.302 -1690.216 -2025.909 -2360.687 -2682.343 586.395 884.399 436.249 83.008 4.578 -345.001 -696.259 539 545 745 36.37 41.86 228 94 2408 1 034
4773739 5626 2025/9/28 14:46:16 P18 76.36 32.6 0 11.67 52.34 931.46 962.07 333.557 585.022 3944.855 352.02 642.395 959.473 574.036 -60.577 9.308 169.678 -27.924 286.865 951.08 24.719 759.888 780.182 564.575 493.164 1129.456 622.559 -5000 11.292 -24.109 5.951 -32.196 11.902 416.107 126.648 579.834 1256.256 159.149 -1908.569 641.327 256.5 34.637 27.161 51.27 2545.929 2502.747 2119.598 1746.674 1392.365 1033.936 674.896 128.937 37.537 45.929 72.632 1.221 -333.252 -675.201 -1011.047 -1354.065 -1691.589 -2028.046 -2363.739 -2685.394 584.412 885.01 436.859 85.449 2.136 -348.206 -699.31 539 545 745 36.4 41.74 228 94 2408 1 034
4773740 5626 2025/9/28 14:46:17 P18 76.36 32.66 0 11.67 52.31 931.45 962.07 334.778 585.022 3941.345 348.053 641.022 953.979 574.341 59.814 0.61 185.394 -26.855 287.933 950.165 24.719 759.277 780.64 563.049 493.164 1128.082 620.88 -5000 7.019 -23.956 10.223 -29.907 12.054 415.955 126.19 580.444 1258.85 164.795 -1908.264 640.106 256.348 30.67 31.128 50.812 2544.708 2502.441 2116.089 1741.943 1388.397 1022.034 666.199 129.242 37.689 24.872 72.632 3.052 -332.184 -674.896 -1014.557 -1355.591 -1694.794 -2032.471 -2367.096 -2691.498 586.395 881.348 436.249 80.566 1.373 -348.969 -703.125 539 545 746 36.37 41.78 228 94 2408 1 034
4773741 5626 2025/9/28 14:46:18 P18 76.4 32.76 0 11.57 52.13 931.43 962.09 334.93 586.09 3939.056 346.832 642.09 956.879 574.493 57.831 -32.959 187.225 -27.313 287.781 953.064 24.414 759.735 781.403 561.676 493.317 1127.472 621.338 -5000 -8.392 -22.278 83.923 -30.975 11.444 416.26 124.664 579.987 1258.24 179.443 -1908.875 638.885 255.432 33.875 28.992 50.659 2548.981 2503.662 2113.647 1743.622 1388.702 1027.832 675.201 127.258 40.283 46.844 72.632 4.883 -333.71 -677.643 -1013.947 -1354.98 -1693.726 -2030.182 -2362.823 -2686.615 585.48 880.432 438.232 82.245 0.61 -349.121 -700.226 539 545 746 36.37 41.78 228 94 2408 1 034
4773742 5626 2025/9/28 14:46:19 P18 76.45 32.7 0 11.57 52.32 931.42 962.08 335.388 585.938 3939.056 348.511 640.106 952.148 574.036 37.537 -48.676 191.345 -26.703 286.407 949.707 24.261 757.141 782.318 560.15 492.401 1126.099 620.422 -5000 9.613 -22.736 96.741 -29.907 11.597 415.039 125.732 579.376 1256.409 169.22 -1908.417 639.038 255.585 39.368 29.755 50.812 2544.708 2502.594 2118.378 1749.42 1397.4 1035.004 680.695 124.207 41.962 41.351 73.853 1.831 -330.353 -672.76 -1010.132 -1351.013 -1689.301 -2026.52 -2358.551 -2683.411 587.921 880.28 435.486 80.566 2.747 -346.069 -696.259 539 545 747 36.34 41.9 227 94 2408 1 034
4773743 5626 2025/9/28 14:46:20 P18 76.46 32.74 0 11.65 52.26 931.44 962.08 335.846 585.175 3938.751 345.154 639.801 952.606 574.188 -6.104 -30.67 178.528 -28.076 285.95 944.519 23.956 758.057 781.708 559.387 491.943 1125.031 619.965 -5000 2.441 -21.515 81.635 -31.128 11.597 415.649 125.885 578.613 1256.256 171.814 -1907.349 638.123 255.585 31.128 25.94 50.354 2544.403 2502.899 2116.394 1746.368 1389.923 1028.29 673.065 126.495 38.757 53.101 71.259 4.578 -331.421 -675.201 -1011.963 -1353.302 -1693.268 -2030.334 -2364.502 -2688.599 584.106 879.211 436.249 83.771 2.441 -348.206 -699.31 541 545 747 36.35 41.86 227 93 2408 1 034
4773744 5626 2025/9/28 14:46:21 P18 76.39 32.66 0 11.72 52.22 931.43 962.08 332.947 584.869 3938.141 348.358 639.343 957.489 574.951 -50.812 -3.51 159.454 -27.618 285.034 952.911 23.193 758.362 782.013 558.014 492.401 1122.589 618.286 -5000 19.073 -23.651 57.526 -32.196 10.986 416.107 126.038 578.613 1253.204 136.108 -1908.569 634.308 254.822 30.975 30.67 50.659 2544.708 2502.289 2116.547 1736.45 1380.92 1017.151 658.722 126.801 38.147 44.098 72.632 5.951 -333.405 -675.507 -1014.099 -1354.37 -1694.183 -2032.471 -2370.758 -2692.871 584.106 877.838 436.554 80.719 1.526 -348.816 -705.109 532 540 747 36.38 41.83 227 93 2408 1 034
4773745 5626 2025/9/28 14:46:22 P18 76.4 32.67 0 11.65 52.23 931.44 962.07 334.778 584.259 3937.378 347.9 638.733 954.132 574.646 31.738 -42.572 177.307 -25.94 285.492 951.08 23.651 756.836 781.403 557.404 492.401 1119.69 617.523 -5000 17.395 -21.973 43.03 -30.823 11.444 416.107 125.885 576.782 1252.747 157.928 -1908.417 635.986 255.127 30.67 30.212 51.727 2542.572 2504.12 2118.378 1748.962 1398.315 1033.478 680.237 128.479 41.962 45.319 72.327 3.815 -333.557 -675.507 -1012.115 -1351.929 -1690.674 -2026.978 -2359.619 -2683.105 585.632 878.906 437.927 81.177 4.12 -352.478 -702.515 533 540 747 36.41 41.88 227 93 2408 1 034
4773746 5626 2025/9/28 14:46:23 P18 76.43 32.69 0 11.5 52.23 931.44 962.09 335.083 585.175 3934.784 345.459 637.817 949.249 574.493 69.733 -13.733 162.506 -27.924 283.508 949.249 23.651 755.768 782.166 554.047 491.791 1122.742 617.828 -5000 -1.526 -23.346 65.46 -31.433 12.054 415.039 125.427 577.087 1252.594 185.699 -1907.654 636.444 254.669 33.722 33.722 51.27 2545.166 2503.357 2115.631 1741.638 1391.449 1031.647 674.286 140.076 38.605 41.351 71.106 5.035 -333.862 -675.049 -1013.641 -1355.286 -1692.047 -2030.029 -2364.502 -2686.92 583.649 876.923 436.249 82.55 1.984 -346.375 -699.463 541 545 747 36.4 41.83 227 93 2408 1 034
4773747 5626 2025/9/28 14:46:24 P18 76.46 32.76 0 11.71 52.37 931.44 962.04 334.015 584.259 3934.326 347.595 638.123 955.505 574.951 40.131 -8.698 190.582 -27.313 285.492 949.097 24.414 756.226 781.403 553.131 491.333 1120.3 616.913 -5000 2.594 -22.43 65.765 -32.043 11.292 414.734 125.275 576.324 1246.49 194.855 -1907.806 635.681 254.364 28.229 33.722 50.964 2543.793 2501.526 2117.004 1738.434 1383.362 1018.372 660.553 131.073 41.809 27.313 73.242 3.662 -336.151 -677.185 -1016.083 -1357.88 -1696.167 -2035.37 -2371.368 -2693.329 583.496 875.397 437.775 80.414 5.951 -346.985 -703.888 530 545 746 36.43 41.82 226 93 2408 1 034
4773748 5626 2025/9/28 14:46:25 P18 76.46 32.63 0 11.75 52.26 931.41 962.09 335.236 585.022 3932.8 347.137 637.512 953.064 575.104 3.662 -6.409 195.465 -27.771 283.661 950.47 21.667 755.615 783.081 553.436 490.723 1118.469 616.608 -5000 12.207 -23.193 29.602 -32.043 11.749 415.649 125.275 575.562 1247.101 182.19 -1908.112 634.613 255.127 31.433 29.907 50.964 2543.03 2502.747 2120.361 1746.979 1395.569 1034.851 679.321 135.803 38.91 42.572 74.463 4.12 -333.862 -676.422 -1011.2 -1353.149 -1690.063 -2027.588 -2362.518 -2684.021 582.733 875.549 435.181 83.466 4.272 -345.459 -698.7 539 545 746 36.37 41.96 226 93 2408 1 034
4773749 5626 2025/9/28 14:46:26 P18 76.5 32.77 0 11.84 52.35 931.41 962.09 334.93 585.022 3931.274 343.323 636.597 950.012 576.019 90.332 2.747 192.108 -27.161 283.813 943.909 23.499 754.852 780.945 551.91 490.723 1119.08 617.523 -5000 13.275 -22.888 -40.894 -30.823 12.207 415.192 124.054 576.63 1249.847 163.879 -1908.264 634.308 253.601 33.112 32.196 50.201 2548.676 2504.425 2116.699 1745.911 1393.738 1031.342 674.744 134.583 38.452 59.509 74.615 4.272 -330.658 -673.676 -1013.489 -1353.607 -1691.132 -2028.198 -2361.145 -2686.157 584.259 874.481 435.791 83.923 3.204 -347.137 -697.632 530 545 745 36.38 41.81 226 93 2408 1 034
4773750 5626 2025/9/28 14:46:27 P18 76.37 32.67 0 11.76 52.39 931.42 962.05 334.473 585.938 3931.274 346.222 635.681 953.674 576.172 -92.01 13.428 195.16 -27.161 282.44 952.759 21.82 754.395 782.623 551.147 490.723 1115.723 618.286 -5000 8.545 -22.736 -33.417 -32.501 11.597 415.802 125.275 573.425 1241.913 172.729 -1908.264 634.003 253.296 29.449 28.381 51.27 2546.692 2502.136 2117.92 1739.655 1384.888 1021.118 662.079 131.378 36.469 56.458 71.411 2.594 -329.742 -675.964 -1012.573 -1356.201 -1695.099 -2031.708 -2369.385 -2692.566 581.665 872.192 435.638 83.008 2.594 -348.206 -703.583 540 545 744 36.38 41.99 226 92 2408 1 034
4773751 5626 2025/9/28 14:46:28 P18 76.42 32.73 0 11.4 52.25 931.43 962.08 335.388 584.564 3929.901 345.764 636.292 953.979 575.562 57.373 -10.986 185.394 -27.924 282.288 950.775 22.583 753.174 781.555 549.774 490.875 1114.349 615.54 -5000 17.395 -21.82 15.106 -30.975 11.444 415.344 125.885 573.12 1244.049 165.558 -1907.806 632.629 252.991 30.06 27.161 51.422 2545.471 2501.373 2109.985 1732.483 1375.885 1013.184 658.875 129.395 37.994 46.539 73.395 2.289 -331.116 -675.507 -1013.641 -1357.727 -1697.693 -2036.285 -2374.268 -2694.397 584.717 875.702 435.181 79.803 3.967 -354.919 -708.771 540 545 744 36.38 41.99 226 92 2408 1 034
4773752 5626 2025/9/28 14:46:29 P18 76.55 32.62 0 11.69 52.3 931.43 962.07 334.015 585.175 3929.138 346.832 635.071 939.636 576.324 -17.7 -21.973 158.691 -25.94 281.525 953.064 23.193 753.326 781.097 548.401 489.655 1115.723 616.913 -5000 18.616 -22.888 -18.921 -31.128 11.444 414.429 125.427 573.12 1241.455 178.986 -1908.722 632.324 251.923 35.4 32.501 50.812 2546.692 2502.136 2116.394 1746.216 1393.433 1031.189 675.049 132.141 39.368 50.812 72.479 5.798 -329.59 -671.997 -1009.521 -1350.861 -1689.758 -2026.978 -2359.924 -2684.937 583.038 871.429 437.164 84.686 1.831 -348.358 -698.09 530 545 742 36.38 41.87 226 92 2408 1 034
4773753 5626 2025/9/28 14:46:30 P18 76.42 32.62 0 11.57 52.3 931.42 962.06 335.693 584.106 3928.528 346.375 634.766 948.181 576.477 43.182 8.24 161.591 -27.008 282.745 949.86 22.278 752.716 780.334 547.028 490.112 1115.417 614.624 -5000 7.019 -22.43 26.55 -31.738 11.292 414.276 124.817 572.51 1242.218 179.901 -1908.722 630.798 252.075 33.875 33.875 50.812 2542.267 2502.441 2113.8 1740.265 1381.073 1017.456 661.469 127.869 40.283 48.828 75.073 1.526 -335.236 -678.864 -1015.015 -1356.964 -1696.472 -2033.386 -2369.69 -2692.566 581.97 871.887 437.317 82.55 5.035 -348.511 -701.752 534 545 741 36.38 41.86 225 92 2408 1 034
4773754 5626 2025/9/28 14:46:31 P18 76.52 32.77 0 11.6 52.41 931.43 962.08 336.456 583.954 3924.866 340.729 634.003 948.639 576.324 -23.651 5.951 166.931 -27.161 281.219 950.775 22.888 751.801 782.928 545.807 489.349 1114.349 615.387 -5000 6.409 -22.125 -3.662 -31.586 12.054 415.802 123.596 572.205 1245.575 198.364 -1908.875 629.883 252.838 33.875 30.365 50.812 2547.607 2504.272 2111.969 1733.246 1377.106 1013.489 659.332 138.702 39.368 46.387 74.615 1.678 -336.304 -680.542 -1019.592 -1361.542 -1700.439 -2038.116 -2374.268 -2694.55 581.97 872.803 437.164 76.294 4.578 -351.562 -709.076 533 550 741 36.37 41.82 225 92 2408 1 034
4773755 5626 2025/9/28 14:46:32 P18 76.57 32.67 0 11.65 52.31 931.38 962.06 335.236 585.175 3926.086 343.933 633.85 943.909 576.477 12.665 -2.899 170.593 -28.381 279.388 949.402 21.82 751.648 782.318 546.265 490.112 1109.924 614.319 -5000 16.785 -22.888 43.335 -30.06 10.681 413.818 124.664 571.594 1240.997 158.234 -1907.654 630.493 250.397 31.128 27.313 50.659 2547.455 2501.984 2115.479 1745.3 1389.771 1028.748 671.997 136.719 40.436 47.15 72.174 5.798 -328.522 -671.997 -1009.521 -1351.776 -1690.826 -2028.503 -2362.976 -2687.683 580.902 867.92 436.707 84.534 1.831 -346.375 -697.174 532 550 740 36.4 41.8 225 91 2408 1 034
4773756 5626 2025/9/28 14:46:33 P18 76.52 32.71 0 11.72 52.33 931.41 962.08 334.625 585.327 3923.95 341.339 632.782 948.029 576.63 -14.801 -21.057 152.283 -26.703 280.457 945.587 21.667 751.648 783.691 543.976 488.586 1110.229 614.624 -5000 6.561 -22.888 37.079 -32.196 11.139 415.955 122.986 570.831 1241.608 157.013 -1908.112 627.747 251.77 32.806 29.755 51.117 2549.896 2502.441 2113.037 1738.129 1378.479 1011.963 656.738 137.787 39.368 33.417 72.937 1.221 -334.778 -679.932 -1018.982 -1360.931 -1700.745 -2037.964 -2372.437 -2696.838 581.055 872.345 437.317 81.635 1.678 -353.851 -707.397 543 550 740 36.38 41.92 225 91 2408 1 034
4773757 5626 2025/9/28 14:46:34 P18 76.49 32.71 0 11.55 52.46 931.42 962.07 334.32 585.327 3922.272 341.949 632.629 947.418 576.935 -26.703 46.539 161.285 -26.398 280.151 952.606 21.667 750.732 783.539 542.297 489.807 1110.077 613.861 -5000 2.441 -21.973 -33.417 -32.043 10.681 415.344 122.833 570.679 1240.082 160.98 -1908.264 627.747 251.465 34.79 27.008 50.354 2550.354 2501.984 2114.258 1741.791 1383.972 1023.407 669.403 136.414 36.163 41.046 72.479 5.493 -333.252 -677.948 -1015.015 -1359.558 -1697.388 -2033.691 -2367.859 -2690.887 579.987 867.92 439.301 81.482 1.221 -352.631 -704.498 542 550 740 36.4 41.84 225 91 2408 1 034
4773758 5626 2025/9/28 14:46:35 P18 76.47 32.67 0 11.53 52.4 931.44 962.07 333.557 583.801 3921.204 345.306 632.629 947.418 576.782 -45.929 -4.272 135.193 -28.381 281.219 951.08 21.973 749.817 783.234 541.687 487.518 1109.009 612.946 -5000 4.425 -22.43 27.161 -32.043 11.444 414.429 125.427 569.153 1236.725 180.817 -1908.264 627.289 249.939 32.501 26.55 50.964 2544.25 2501.526 2119.141 1745.758 1393.585 1034.241 678.406 133.972 40.741 33.722 73.09 1.373 -334.015 -677.032 -1012.878 -1354.675 -1691.284 -2028.046 -2364.044 -2685.089 581.055 867.004 436.249 81.94 3.357 -350.952 -702.209 539 550 741 36.37 41.86 225 91 2408 1 034
4773759 5626 2025/9/28 14:46:36 P18 76.49 32.67 0 11.52 52.36 931.42 962.06 335.236 583.649 3921.051 344.238 631.866 945.282 576.935 -77.515 1.526 163.574 -27.008 280.304 950.47 21.667 749.054 781.86 540.161 488.281 1109.619 611.877 -5000 9.003 -22.736 -13.123 -31.891 10.986 414.581 125.427 568.848 1237.946 171.967 -1907.959 626.678 250.244 40.131 22.43 51.575 2542.419 2502.899 2111.053 1730.957 1375.427 1012.115 655.365 134.888 38.3 35.553 72.327 3.204 -335.541 -679.626 -1018.524 -1360.626 -1699.982 -2037.659 -2375.336 -2695.312 580.139 867.767 435.791 79.498 2.594 -354.309 -710.602 517 550 742 36.34 41.93 225 91 2408 1 034
4773760 5626 2025/9/28 14:46:37 P18 76.49 32.67 0 11.52 52.37 931.41 962.08 333.862 585.48 3920.135 342.407 632.324 942.383 577.698 18.463 -18.463 154.724 -26.245 278.168 951.538 21.515 749.207 782.318 539.246 488.434 1109.009 614.014 -5000 22.736 -22.43 52.643 -30.823 12.054 412.75 124.512 569.153 1231.689 153.503 -1907.654 628.204 250.092 34.027 26.55 50.964 2548.065 2503.967 2116.699 1743.469 1386.414 1026.306 671.539 138.092 39.062 35.248 72.174 3.052 -332.947 -677.49 -1014.252 -1356.964 -1695.862 -2031.708 -2366.18 -2688.293 579.681 867.157 438.843 82.245 1.221 -352.02 -701.904 542 550 742 36.37 41.87 224 91 2408 1 034
4773761 5626 2025/9/28 14:46:38 P18 76.56 32.63 0 11.69 52.34 931.42 962.07 335.083 585.022 3917.847 341.187 631.561 938.263 577.24 -6.256 3.815 160.217 -26.855 279.083 952.454 21.362 747.681 780.792 537.567 488.129 1104.279 612.488 -5000 3.967 -22.278 18.311 -30.975 11.902 413.208 122.833 568.39 1235.504 159.76 -1908.417 626.221 249.939 35.095 29.602 50.049 2549.286 2502.136 2120.514 1751.862 1396.027 1035.919 680.084 139.16 39.825 28.076 72.174 5.798 -330.2 -673.676 -1009.674 -1351.471 -1690.826 -2026.672 -2359.467 -2682.953 577.545 865.326 435.181 83.313 4.272 -350.647 -699.158 528 550 743 36.38 41.93 224 91 2408 1 034
4773762 5626 2025/9/28 14:46:39 P18 76.53 32.79 0 11.63 52.37 931.43 962.07 334.625 584.869 3917.542 341.339 630.951 936.584 577.545 -93.384 -12.207 158.997 -27.313 278.625 947.876 20.599 747.681 780.182 536.804 487.976 1104.584 612.335 -5000 7.782 -23.193 -2.899 -29.602 12.207 414.429 124.054 567.322 1234.741 189.819 -1908.112 626.831 249.023 33.875 28.992 50.659 2546.692 2502.747 2113.037 1739.807 1382.599 1020.355 666.656 137.787 39.062 31.433 72.327 3.357 -332.642 -678.101 -1016.388 -1358.337 -1697.998 -2035.522 -2370.3 -2693.329 579.071 863.495 435.791 79.041 1.984 -353.546 -707.703 528 550 743 36.38 41.93 224 91 2408 1 034
4773763 5626 2025/9/28 14:46:40 P18 76.53 32.73 0 11.65 52.36 931.41 962.07 334.93 584.259 3916.168 340.881 629.883 943.756 577.545 -31.891 -16.022 161.285 -27.771 278.625 949.402 20.599 746.918 783.234 535.736 486.603 1101.99 610.657 -5000 1.373 -23.804 16.327 -31.738 11.444 415.039 124.207 565.338 1232.91 174.561 -1908.417 625.305 249.634 36.316 36.926 50.201 2545.776 2503.204 2119.446 1743.622 1392.365 1032.562 676.88 132.599 38.147 65.613 72.784 4.578 -333.71 -676.422 -1013.031 -1355.133 -1692.352 -2028.809 -2362.061 -2684.021 578.613 866.852 436.707 81.635 3.357 -348.206 -700.836 539 550 742 36.37 41.92 223 91 2408 1 034
4773764 5626 2025/9/28 14:46:41 P18 76.53 32.73 0 11.65 52.29 931.42 962.07 335.693 583.801 3915.405 340.881 628.204 941.315 578.003 88.501 -2.899 141.907 -27.313 278.168 952.759 19.531 746.765 784.149 534.821 487.213 1098.785 610.504 -5000 1.678 -21.82 34.485 -31.281 11.444 413.666 122.375 566.711 1233.521 149.384 -1907.196 624.542 249.329 34.485 26.55 50.354 2548.981 2503.204 2119.446 1746.979 1393.738 1033.325 675.812 137.329 39.825 68.359 74.005 1.221 -331.116 -673.37 -1009.369 -1352.081 -1689.758 -2026.672 -2362.518 -2685.089 580.139 864.868 436.249 85.144 4.578 -346.832 -697.632 533 545 741 36.37 41.93 223 90 2408 1 034
4773765 5626 2025/9/28 14:46:42 P18 76.52 32.77 0 11.62 52.3 931.39 962.07 334.625 583.801 3914.642 339.508 628.204 941.925 577.85 -70.19 16.174 154.877 -25.177 277.71 950.623 20.294 746.46 784.607 534.515 487.061 1103.973 609.131 -5000 3.052 -21.973 -26.855 -30.365 12.207 414.734 123.444 565.491 1229.095 165.1 -1908.722 623.169 248.566 34.027 24.109 51.117 2543.945 2502.899 2113.342 1742.096 1384.888 1023.865 668.182 142.975 41.656 50.354 73.547 1.526 -334.778 -678.864 -1014.709 -1356.964 -1695.557 -2031.403 -2368.164 -2688.446 579.529 859.68 436.096 80.414 6.256 -349.731 -701.599 544 545 740 36.4 41.89 223 90 2408 1 034
4773766 5626 2025/9/28 14:46:43 P18 76.52 32.66 0 11.84 52.24 931.41 962.05 335.541 585.632 3913.116 336.914 627.594 936.584 577.85 -49.896 16.632 166.626 -26.855 277.1 949.86 20.447 746.155 782.471 532.227 486.45 1103.058 610.504 -5000 -4.12 -22.736 32.654 -31.738 11.292 414.581 123.138 565.033 1233.063 173.187 -1908.112 622.253 248.413 32.959 27.008 50.354 2546.082 2501.221 2121.735 1747.589 1394.806 1035.919 680.847 136.871 39.062 50.659 72.784 3.662 -331.726 -674.896 -1010.132 -1353.455 -1690.369 -2026.52 -2360.687 -2682.648 578.918 862.579 436.096 83.313 1.221 -347.443 -697.479 534 545 740 36.41 41.89 223 90 2408 1 034
4773767 5626 2025/9/28 14:46:44 P18 76.47 32.7 0 11.67 52.19 931.42 962.07 335.236 585.175 3912.354 337.982 628.052 939.941 577.85 38.452 -16.937 164.49 -27.008 278.473 951.08 19.989 744.476 784.302 530.548 487.366 1099.396 608.978 -5000 -9.46 -22.888 -27.924 -30.365 11.749 414.886 122.833 565.186 1230.621 176.392 -1908.569 622.406 247.955 33.875 31.281 50.964 2548.523 2501.373 2115.326 1744.537 1390.686 1027.985 670.776 142.822 44.403 39.062 73.242 3.815 -331.879 -674.286 -1012.268 -1353.76 -1692.352 -2028.656 -2362.061 -2687.683 576.63 860.138 436.554 84.381 1.068 -348.511 -699.615 544 550 740 36.37 42.02 223 90 2408 1 034
4773768 5626 2025/9/28 14:46:45 P18 76.47 32.73 0 11.74 52.27 931.44 962.07 336.456 584.412 3909.76 337.067 626.526 941.162 578.003 -49.744 -9.155 172.729 -26.703 277.1 950.012 19.379 744.629 784.76 529.938 486.145 1100.311 608.063 -5000 10.681 -22.583 -7.019 -31.281 12.207 415.649 123.444 564.27 1230.164 174.103 -1907.806 621.49 247.65 39.978 30.212 51.575 2543.793 2502.289 2114.258 1733.704 1377.563 1012.421 655.518 140.686 39.215 36.316 73.09 3.052 -333.405 -675.354 -1015.015 -1357.88 -1696.93 -2035.065 -2373.047 -2694.55 577.087 860.748 435.486 80.261 4.425 -348.969 -704.956 531 550 740 36.34 41.94 223 90 2408 1 034
4773769 5626 2025/9/28 14:46:46 P18 76.47 32.73 0 11.48 52.27 931.38 962.05 335.846 585.175 3909.149 340.729 626.831 937.042 578.156 43.03 -28.992 170.441 -27.466 277.1 951.538 19.684 743.866 783.691 528.87 485.84 1098.785 608.215 -5000 -4.883 -20.752 50.049 -30.212 11.749 412.598 123.291 563.812 1224.213 171.204 -1909.027 621.338 246.429 30.823 28.381 50.659 2547.913 2503.204 2119.904 1750.946 1394.653 1034.851 679.474 145.721 37.994 41.351 73.242 8.392 -330.2 -674.133 -1009.674 -1351.929 -1690.674 -2026.215 -2360.077 -2683.105 577.087 859.222 436.096 84.381 2.899 -347.137 -696.411 532 540 740 36.35 41.93 223 90 2408 1 034
4773770 5626 2025/9/28 14:46:47 P18 76.5 32.7 0 11.63 52.33 931.43 962.08 334.93 584.259 3908.691 339.813 625.61 939.331 578.766 112.762 -32.349 184.021 -27.008 274.658 952.148 18.616 743.561 784.912 527.802 486.298 1094.513 608.215 -5000 3.204 -22.888 -17.853 -31.738 12.512 412.75 122.681 564.117 1226.501 190.43 -1907.806 620.728 246.277 32.959 36.316 50.049 2548.828 2503.204 2115.784 1741.638 1385.04 1022.034 663.605 146.637 40.894 33.875 72.632 4.883 -333.252 -674.438 -1012.878 -1355.591 -1694.489 -2031.25 -2368.317 -2690.735 577.698 857.239 437.317 82.397 5.035 -347.443 -699.31 533 540 741 36.37 41.87 222 90 2408 1 034
4773771 5626 2025/9/28 14:46:48 P18 76.49 32.76 0 11.59 52.29 931.43 962.06 336.151 584.869 3908.081 335.693 625.458 939.484 578.461 -13.275 -31.586 175.323 -25.94 275.116 945.282 19.531 743.103 784.76 526.886 486.298 1098.022 607.91 -5000 2.289 -22.736 -1.678 -31.586 12.36 413.818 121.002 562.744 1226.807 197.144 -1908.722 619.965 246.429 34.027 33.722 50.507 2545.624 2501.526 2111.359 1731.262 1375.732 1010.284 655.823 146.179 41.504 36.774 73.547 2.136 -336.151 -679.474 -1019.745 -1358.948 -1698.914 -2038.422 -2380.676 -2696.228 576.63 856.628 436.707 77.972 3.967 -352.478 -709.839 540 545 741 36.38 41.98 222 89 2408 1 034
4773772 5626 2025/9/28 14:46:49 P18 76.45 32.74 0 11.62 52.3 931.44 962.05 334.93 583.649 3906.708 338.898 625.458 938.568 579.376 39.825 -59.662 156.403 -27.313 274.811 950.317 19.989 743.866 785.675 525.513 486.45 1093.445 605.774 -5000 1.678 -22.736 -1.221 -31.738 10.223 414.429 122.986 562.134 1224.365 194.55 -1908.264 618.896 246.582 36.621 33.264 51.27 2544.25 2503.052 2113.953 1742.249 1386.108 1026.154 672.76 139.465 41.504 31.738 73.547 5.646 -333.099 -677.338 -1014.404 -1356.201 -1694.794 -2031.097 -2364.96 -2687.988 575.714 854.645 437.164 82.397 4.578 -349.274 -701.752 531 545 741 36.34 41.91 222 89 2408 1 034
4773773 5626 2025/9/28 14:46:50 P18 76.52 32.65 0 11.52 52.37 931.4 962.08 335.846 584.564 3906.86 337.219 624.39 936.279 578.613 -77.82 -17.7 173.34 -26.245 274.658 950.165 19.073 742.34 783.234 524.445 485.382 1096.497 606.537 -5000 -7.324 -22.43 82.092 -30.975 11.444 414.276 124.817 561.523 1224.823 170.135 -1907.806 618.286 246.277 38.147 31.281 50.659 2542.725 2502.747 2115.784 1737.213 1382.141 1016.083 659.18 139.008 41.504 41.809 75.378 1.373 -337.067 -678.711 -1016.388 -1358.185 -1697.235 -2034.912 -2372.284 -2694.092 576.782 856.781 438.08 81.94 4.272 -348.053 -705.261 531 545 741 36.34 41.91 222 89 2408 1 034
4773774 5626 2025/9/28 14:46:51 P18 76.4 32.77 0 11.76 52.38 931.43 962.09 333.862 584.106 3904.266 337.524 624.542 935.059 579.224 52.185 13.885 176.544 -26.398 273.743 950.928 19.073 741.577 784.912 522.461 484.772 1093.14 606.689 -5000 -1.526 -22.888 54.016 -30.975 12.665 411.835 122.375 561.676 1223.755 174.408 -1908.722 619.659 245.209 33.112 25.635 50.354 2547.913 2503.967 2113.8 1735.84 1381.836 1018.524 661.926 143.89 41.504 43.945 73.242 1.526 -335.083 -678.864 -1018.219 -1359.253 -1698.608 -2035.828 -2371.216 -2692.566 577.087 856.323 437.317 78.735 3.052 -350.8 -706.94 541 540 740 36.35 41.86 222 89 2408 1 034
4773775 5626 2025/9/28 14:46:52 P18 76.52 32.7 0 11.77 52.49 931.39 962.07 335.388 583.496 3903.809 336.609 623.779 935.974 579.376 -9.003 1.526 181.122 -27.161 273.743 949.86 18.616 741.425 785.675 523.071 485.382 1092.072 605.469 -5000 4.12 -22.125 19.073 -31.891 11.597 414.124 123.596 560.608 1215.82 179.291 -1908.569 617.523 245.514 32.349 29.297 50.507 2543.488 2503.052 2115.479 1744.995 1393.127 1030.121 677.032 148.163 37.689 43.335 71.869 5.493 -330.963 -673.981 -1012.573 -1353.912 -1692.047 -2028.961 -2360.84 -2685.242 574.493 851.593 436.859 82.245 4.425 -349.731 -701.599 542 540 740 36.38 41.92 222 89 2408 1 034
4773776 5626 2025/9/28 14:46:53 P18 76.47 32.67 0 11.62 52.32 931.42 962.06 333.71 584.869 3902.435 336.151 624.237 937.347 579.224 -19.684 3.204 204.62 -26.093 272.98 950.47 18.311 740.967 785.065 521.088 484.619 1093.445 606.689 -5000 13.885 -21.973 -4.883 -30.67 10.986 411.987 123.444 559.845 1215.363 169.83 -1907.806 617.981 244.598 28.534 32.654 50.354 2546.844 2503.51 2110.291 1735.229 1375.275 1010.437 655.67 142.517 41.962 56.763 74.005 1.678 -335.999 -681.61 -1020.05 -1362 -1701.355 -2038.727 -2374.573 -2697.754 576.324 854.34 436.859 79.498 3.357 -352.631 -706.329 533 540 740 36.41 41.94 221 89 2408 1 034
4773777 5626 2025/9/28 14:46:54 P18 76.45 32.74 0 11.58 52.29 931.42 962.07 335.388 585.022 3901.062 336.761 622.864 937.653 579.376 39.978 -20.905 176.239 -27.618 272.827 949.554 18.921 741.425 785.522 520.325 484.619 1091.156 605.469 -5000 2.441 -22.888 74.005 -32.196 11.139 413.513 123.444 559.387 1219.635 175.323 -1906.738 617.981 244.598 37.689 33.264 50.812 2546.692 2502.441 2114.868 1740.265 1387.329 1023.865 669.708 148.163 42.419 61.035 74.158 3.357 -334.93 -677.185 -1016.083 -1356.506 -1694.794 -2032.471 -2367.096 -2689.819 574.036 853.424 440.063 81.329 5.188 -347.748 -702.362 542 545 739 36.37 41.86 221 89 2408 1 034
4773778 5626 2025/9/28 14:46:55 P18 76.46 32.74 0 11.55 52.29 931.43 962.04 335.693 585.48 3900.146 333.252 622.101 934.296 579.224 26.245 -40.741 155.334 -26.855 273.132 945.587 18.768 740.356 787.048 519.562 484.161 1090.851 604.553 -5000 -8.545 -22.278 72.327 -31.433 11.597 413.818 121.307 558.624 1219.788 158.386 -1908.417 615.997 244.446 33.875 30.823 50.354 2549.744 2503.815 2118.683 1745.3 1393.738 1033.63 678.253 151.367 41.809 49.286 73.547 6.256 -332.947 -673.676 -1010.742 -1351.624 -1689.453 -2026.672 -2359.161 -2682.648 575.714 851.593 438.385 82.55 3.967 -346.375 -698.242 532 545 739 36.37 41.96 221 89 2408 1 034
4773779 5626 2025/9/28 14:46:56 P18 76.52 32.69 0 11.67 52.35 931.43 962.07 335.541 585.327 3898.926 337.524 622.711 933.38 579.224 -41.046 -34.18 183.105 -26.398 271.759 951.538 16.937 740.356 785.98 518.036 484.314 1089.783 605.469 -5000 -6.104 -22.736 -9.766 -31.738 11.597 411.53 121.918 559.082 1217.346 150.909 -1907.654 614.471 243.988 31.433 28.992 50.659 2548.676 2500.763 2118.378 1743.317 1391.907 1028.748 670.624 154.572 36.774 72.937 72.174 5.951 -331.116 -672.913 -1011.047 -1353.302 -1692.047 -2029.877 -2364.807 -2689.056 574.188 851.288 439.758 83.618 2.899 -346.985 -700.073 533 540 739 36.31 42.05 221 89 2408 1 034
4773780 5626 2025/9/28 14:46:57 P18 76.5 32.71 0 11.63 52.34 931.41 962.07 334.93 584.106 3896.179 335.999 622.101 933.533 579.529 -85.602 -12.665 182.648 -27.924 273.743 947.266 17.853 739.746 786.743 516.815 481.567 1089.172 603.027 -5000 20.752 -22.888 2.441 -32.196 11.749 411.987 122.833 558.014 1212.616 169.83 -1908.417 615.54 243.835 33.264 29.297 50.507 2544.098 2501.831 2116.089 1740.723 1389.008 1027.985 672.607 153.046 38.147 78.125 72.937 -0.763 -336.456 -678.864 -1015.93 -1356.812 -1693.268 -2030.64 -2365.417 -2687.073 575.256 852.509 436.096 80.261 3.357 -346.527 -701.141 531 540 739 36.37 41.87 221 89 2408 1 034
4773781 5626 2025/9/28 14:46:58 P18 76.42 32.73 0 11.71 52.43 931.41 962.05 337.067 584.717 3896.027 332.031 620.88 930.176 579.376 48.828 -31.586 176.849 -27.313 272.064 945.74 18.616 738.983 786.285 516.663 482.33 1088.715 603.18 -5000 0.305 -22.278 -22.583 -30.975 11.749 413.208 121.155 558.624 1217.346 164.795 -1908.264 615.234 244.598 33.417 28.687 50.507 2547.913 2503.204 2118.683 1750.946 1393.738 1034.393 680.542 158.691 38.147 67.902 72.327 2.747 -330.505 -674.591 -1009.521 -1351.471 -1690.063 -2025.757 -2358.704 -2683.411 573.73 849.304 438.538 85.144 2.441 -347.29 -694.58 543 545 739 36.38 41.92 221 89 2408 1 034
4773782 5626 2025/9/28 14:46:59 P18 76.4 32.76 0 11.43 52.45 931.42 962.07 335.388 585.938 3896.79 337.067 621.796 930.786 579.834 82.397 9.155 153.046 -26.245 270.386 949.86 18.158 739.441 785.217 514.374 483.246 1088.409 603.79 -5000 9.46 -23.041 78.735 -30.518 10.223 411.835 122.833 560.76 1212.311 174.408 -1908.569 615.54 243.683 31.891 38.452 49.896 2546.692 2502.899 2116.089 1741.028 1386.871 1021.881 663.605 166.321 40.283 37.231 72.479 5.493 -333.252 -675.659 -1013.794 -1356.812 -1695.709 -2033.997 -2368.469 -2692.413 574.188 850.067 436.554 82.397 2.594 -347.137 -701.904 532 545 739 36.37 41.89 221 88 2408 1 034
4773783 5626 2025/9/28 14:47:00 P18 76.49 32.67 0 11.6 52.25 931.42 962.07 336.914 583.496 3888.092 333.099 620.88 932.465 580.597 -93.842 18.463 168.762 -26.855 272.369 946.045 17.548 739.136 786.743 513.916 483.551 1087.494 601.807 -5000 10.986 -22.125 49.591 -31.891 11.749 412.14 122.833 558.014 1210.175 204.01 -1908.417 614.777 243.683 32.654 25.482 50.354 2541.351 2504.578 2118.378 1748.047 1393.28 1034.393 681.152 167.847 41.504 51.422 72.479 1.984 -334.167 -676.727 -1011.353 -1352.692 -1690.369 -2025.604 -2359.772 -2682.037 574.493 850.067 435.944 83.313 3.052 -349.731 -699.31 532 545 739 36.37 41.89 221 88 2408 1 034
4773784 5626 2025/9/28 14:47:01 P18 76.42 32.74 0 11.55 52.37 931.42 962.06 335.846 584.869 3893.89 336.304 621.033 929.413 580.597 109.406 -14.648 205.383 -26.398 270.538 949.86 17.7 737.762 784.912 513 483.093 1087.189 602.57 -5000 12.817 -22.583 3.815 -29.297 11.292 411.224 122.681 556.641 1209.412 148.01 -1908.417 612.488 241.241 32.501 33.264 50.659 2547.15 2503.052 2116.394 1746.368 1389.16 1029.663 673.523 167.694 41.504 50.049 74.158 3.662 -332.642 -674.896 -1011.047 -1352.692 -1691.437 -2028.351 -2364.502 -2687.683 574.036 847.778 438.843 85.144 4.12 -345.917 -695.496 542 540 738 36.37 42.02 221 88 2408 1 034
4773785 5626 2025/9/28 14:47:02 P18 76.53 32.73 0 11.67 52.36 931.44 962.06 335.999 585.327 3893.433 333.557 619.659 933.228 580.75 33.722 -10.834 193.176 -25.024 270.081 948.944 17.7 736.084 786.438 510.712 482.788 1084.29 601.959 -5000 -1.984 -22.583 33.417 -30.212 11.444 411.377 122.833 555.267 1209.412 150.604 -1908.264 613.251 241.699 28.229 30.212 49.591 2546.997 2501.831 2114.41 1736.45 1377.563 1013.641 656.891 164.642 43.03 55.847 74.31 3.815 -336.151 -678.558 -1015.778 -1359.558 -1699.219 -2035.98 -2374.115 -2695.465 573.12 846.252 437.469 83.923 3.662 -350.647 -706.329 543 540 738 36.38 42.02 221 88 2408 1 034
4773786 5626 2025/9/28 14:47:03 P18 76.5 32.7 0 11.79 52.4 931.44 962.07 335.999 585.938 3890.991 331.268 619.965 933.075 580.139 40.588 -17.395 188.751 -26.703 270.538 949.554 18.005 735.321 787.506 510.864 482.635 1083.679 602.112 -5000 -1.984 -22.43 4.883 -31.586 10.986 412.598 120.85 555.42 1213.226 171.814 -1908.264 611.572 242.004 29.297 26.703 50.507 2550.049 2503.357 2123.413 1750.488 1396.027 1036.377 677.795 168.457 41.504 39.673 74.005 1.984 -331.421 -673.37 -1009.064 -1351.318 -1688.843 -2025.452 -2360.229 -2682.343 571.442 847.168 438.538 85.602 6.256 -350.342 -702.209 533 540 738 36.35 42.01 220 88 2408 1 034
4773787 5626 2025/9/28 14:47:04 P18 76.45 32.69 0 11.74 52.44 931.42 962.09 335.846 584.869 3890.686 332.642 618.591 928.497 580.902 -39.52 -28.076 172.577 -26.855 268.86 950.165 16.937 736.084 786.896 510.101 482.33 1082.611 601.654 -5000 5.798 -21.973 32.349 -31.128 10.986 411.53 122.986 553.284 1208.496 169.067 -1908.569 612.793 241.089 29.907 27.771 50.507 2547.455 2503.662 2115.936 1744.69 1389.008 1023.865 666.962 163.574 41.046 41.199 73.09 1.221 -332.489 -675.964 -1014.099 -1355.438 -1694.489 -2031.86 -2366.486 -2691.04 570.526 847.015 436.096 82.245 4.73 -348.511 -702.057 543 540 739 36.38 42.04 220 88 2408 1 034
4773788 5626 2025/9/28 14:47:05 P18 76.45 32.81 0 11.63 52.39 931.41 962.06 335.846 583.649 3886.871 333.557 619.507 931.549 580.75 -95.062 -39.062 170.898 -27.466 270.996 945.282 17.548 736.237 786.743 509.033 480.347 1082.306 600.891 -5000 3.204 -21.362 18.768 -32.043 11.444 410.461 123.444 554.199 1205.75 156.403 -1908.112 610.962 241.241 37.384 23.346 50.049 2543.945 2503.662 2110.291 1732.483 1378.479 1011.81 657.959 168.915 36.163 30.823 73.853 5.493 -334.167 -678.864 -1018.677 -1360.321 -1699.982 -2038.574 -2374.878 -2696.533 571.442 843.964 436.554 77.972 1.373 -350.647 -708.618 543 540 739 36.37 41.95 220 88 2408 1 034
4773789 5626 2025/9/28 14:47:06 P18 76.45 32.71 0 11.63 52.31 931.4 962.06 334.015 584.259 3889.771 331.421 617.981 927.582 580.597 107.269 -35.858 187.836 -25.94 269.012 948.486 16.632 734.711 786.438 509.186 482.178 1082.306 601.349 -5000 -4.578 -20.752 15.259 -30.975 11.444 411.53 123.291 552.826 1203.918 205.078 -1908.722 610.657 241.394 36.469 37.231 49.591 2546.844 2503.51 2113.8 1742.096 1390.228 1025.696 671.234 163.879 41.504 32.349 73.242 0.916 -333.862 -676.727 -1015.93 -1356.049 -1694.336 -2031.403 -2365.112 -2687.988 572.51 845.49 433.502 81.177 4.883 -349.121 -702.057 523 540 740 36.33 42.02 220 88 2408 1 034
4773790 5626 2025/9/28 14:47:07 P18 76.4 32.71 0 11.74 52.37 931.42 962.08 336.304 585.175 3886.719 329.742 617.523 930.023 580.75 25.482 14.801 175.934 -25.94 268.555 948.792 16.022 734.253 787.659 506.897 481.873 1079.712 599.518 -5000 -11.597 -22.43 40.131 -31.433 11.597 413.208 121.765 553.436 1208.801 167.236 -1908.264 608.826 240.936 30.67 34.027 51.27 2549.286 2501.984 2112.274 1738.129 1381.531 1014.862 660.248 161.438 41.199 37.842 72.937 3.815 -333.099 -676.575 -1016.846 -1357.727 -1695.099 -2034.454 -2369.843 -2694.855 572.662 845.032 438.08 79.803 4.272 -349.274 -702.972 545 540 740 36.38 41.95 220 88 2408 1 034
4773791 5626 2025/9/28 14:47:08 P18 76.46 32.84 0 11.67 52.38 931.4 962.05 334.778 585.175 3885.345 331.726 617.676 918.732 580.444 -15.564 19.379 175.171 -26.398 268.555 948.792 16.937 735.321 786.743 506.439 480.957 1080.17 601.349 -5000 9.46 -21.973 104.98 -31.738 11.749 413.055 120.544 552.979 1207.275 167.084 -1907.959 609.131 240.784 29.602 30.212 50.659 2549.744 2503.204 2113.647 1737.518 1380.463 1019.44 664.52 163.269 38.3 36.163 73.395 5.646 -334.473 -677.795 -1015.32 -1358.948 -1697.388 -2034.302 -2371.216 -2692.108 571.136 837.555 438.69 80.872 4.272 -352.02 -705.719 534 540 741 36.38 42.02 220 88 2408 1 034
4773792 5626 2025/9/28 14:47:09 P18 76.49 32.66 0 11.63 52.32 931.41 962.06 337.067 583.344 3885.651 333.099 616.455 927.277 580.444 71.411 12.207 170.441 -26.398 269.165 948.181 16.022 732.117 787.964 505.066 481.11 1079.102 598.907 -5000 -6.561 -21.362 -17.853 -31.586 11.597 412.598 122.986 552.216 1204.987 194.702 -1908.417 608.215 240.479 29.449 27.008 50.964 2542.419 2501.221 2114.716 1744.385 1392.517 1030.426 676.88 173.95 35.706 32.806 72.784 4.883 -332.489 -675.964 -1013.031 -1354.065 -1692.2 -2028.656 -2360.382 -2684.631 570.984 840.454 437.927 83.16 3.204 -348.969 -700.989 542 545 743 36.38 42.04 220 88 2408 1 034
4773793 5626 2025/9/28 14:47:10 P18 76.42 32.63 0 11.69 52.41 931.41 962.06 335.999 583.801 3884.735 329.437 615.997 925.446 581.207 32.196 -2.747 161.591 -26.093 267.944 951.385 15.869 733.032 787.354 503.693 481.567 1076.813 599.518 -5000 7.477 -21.362 64.697 -31.128 11.597 413.208 120.544 551.605 1201.324 149.689 -1907.501 607.91 241.699 32.043 29.907 50.049 2549.591 2502.899 2116.852 1745.453 1393.738 1030.273 674.133 167.236 40.436 54.779 73.547 5.188 -337.219 -679.779 -1016.541 -1355.591 -1693.726 -2030.487 -2363.281 -2686.768 571.136 841.827 437.469 84.076 5.035 -345.001 -695.953 543 545 744 36.37 42.01 220 88 2408 1 034
4773794 5626 2025/9/28 14:47:11 P18 76.42 32.67 0 11.63 52.34 931.45 962.06 336.761 583.344 3882.141 330.353 615.692 921.326 581.665 -19.989 -14.496 180.206 -27.008 268.555 945.892 16.632 732.727 784.912 502.777 480.804 1079.254 597.687 -5000 9.766 -21.82 52.948 -30.975 11.597 412.292 122.223 552.063 1206.818 155.182 -1908.417 608.215 240.021 26.398 28.992 50.659 2545.013 2503.51 2117.462 1741.486 1387.329 1026.306 673.828 164.948 43.793 61.493 73.547 2.441 -333.71 -677.49 -1016.388 -1357.88 -1696.625 -2033.234 -2368.164 -2688.599 571.289 843.964 436.707 81.329 3.052 -350.952 -704.803 543 545 744 36.37 42.01 220 88 2408 1 034
4773795 5626 2025/9/28 14:47:12 P18 76.37 32.67 0 11.75 52.35 931.4 962.07 335.388 584.106 3882.599 326.691 615.234 923.309 581.665 -50.812 -7.782 176.697 -26.703 266.266 947.113 16.479 732.422 786.743 502.319 480.499 1075.439 599.365 -5000 12.36 -22.736 -1.526 -30.975 11.749 412.292 121.613 551.453 1203.613 182.19 -1908.417 606.995 238.647 32.349 30.518 50.507 2548.981 2501.831 2120.209 1747.131 1397.095 1035.004 680.542 166.931 37.231 58.594 71.716 1.678 -330.963 -672.302 -1009.674 -1350.708 -1690.369 -2025.757 -2357.635 -2680.511 572.662 842.285 436.401 81.94 3.967 -348.358 -699.921 528 540 746 36.43 42 220 88 2408 1 034
4773796 5626 2025/9/28 14:47:13 P18 76.47 32.63 0 11.56 52.31 931.42 962.1 335.083 583.038 3880.157 328.674 614.929 922.699 581.36 -19.379 -23.651 168.915 -26.703 266.418 942.535 15.869 731.659 786.743 501.099 479.279 1076.05 598.145 -5000 14.954 -22.43 73.7 -31.128 12.665 411.072 121.307 551.3 1202.545 152.893 -1907.501 607.758 238.647 33.112 27.008 50.049 2548.218 2503.662 2117.615 1747.284 1389.618 1026.917 670.319 159.302 40.894 55.084 72.937 1.678 -332.642 -675.049 -1012.878 -1354.523 -1692.963 -2030.182 -2364.197 -2688.904 571.289 840.454 437.164 83.16 5.341 -347.29 -697.937 543 545 747 36.4 42.06 219 88 2408 1 034
4773797 5626 2025/9/28 14:47:14 P18 76.33 32.7 0 11.75 52.37 931.44 962.06 337.219 583.649 3879.395 325.775 614.471 923.462 581.055 25.94 4.425 157.471 -26.093 267.334 942.535 16.327 731.964 786.896 500.336 479.889 1075.897 598.145 -5000 -10.071 -21.21 49.133 -31.281 12.054 412.445 120.697 550.385 1203.003 159.912 -1908.417 606.232 238.953 30.518 24.109 50.201 2546.997 2503.51 2116.089 1742.249 1387.939 1028.29 673.065 162.048 40.894 49.286 73.853 1.373 -336.456 -679.016 -1015.167 -1357.269 -1694.946 -2031.708 -2367.249 -2687.225 570.984 841.37 436.707 80.719 3.815 -347.9 -701.294 532 545 749 36.34 42 219 88 2408 1 034
4773798 5626 2025/9/28 14:47:15 P18 76.39 32.79 0 11.73 52.27 931.44 962.08 336.456 583.038 3879.395 328.674 613.556 922.852 581.665 -43.945 -2.289 204.468 -26.855 266.724 941.925 15.869 731.659 787.964 500.183 479.584 1074.219 595.856 -5000 6.714 -21.057 -23.041 -32.043 11.749 411.072 122.986 551.147 1196.747 157.471 -1908.417 606.384 239.716 30.06 31.128 50.812 2541.351 2503.204 2119.904 1750.793 1395.111 1035.461 680.389 162.354 39.062 46.234 73.242 0.305 -332.947 -675.964 -1011.047 -1351.624 -1690.369 -2026.52 -2359.467 -2683.563 571.899 841.064 437.775 83.771 3.357 -346.832 -695.496 542 545 750 36.4 41.92 219 88 2408 1 034
4773799 5626 2025/9/28 14:47:16 P18 76.47 32.76 0 11.79 52.32 931.39 962.07 336.151 585.022 3877.411 328.064 613.556 923.92 581.818 5.798 -14.496 194.244 -26.093 266.113 948.792 15.717 731.964 788.116 498.047 480.347 1069.946 596.924 -5000 0.305 -22.278 -0.305 -31.738 11.444 412.445 121.002 549.011 1200.409 177.155 -1908.722 604.553 238.037 29.449 38.452 50.964 2549.286 2503.204 2114.258 1742.249 1381.378 1019.135 663.757 163.269 37.079 41.809 72.021 2.136 -332.031 -675.964 -1013.794 -1356.659 -1696.167 -2032.471 -2367.554 -2691.193 569.763 838.318 436.249 83.008 2.441 -350.342 -702.057 518 545 751 36.44 41.96 219 88 2408 1 034
4773800 5626 2025/9/28 14:47:17 P18 76.46 32.67 0 11.6 52.34 931.43 962.06 335.846 583.496 3876.495 328.979 614.014 926.361 581.818 -65.308 -25.482 184.326 -27.008 267.181 945.74 15.869 730.591 786.896 496.368 479.279 1072.235 595.398 -5000 2.441 -21.515 43.793 -31.738 11.749 412.14 123.291 548.096 1195.374 147.552 -1908.264 604.706 237.122 34.485 37.231 50.201 2544.708 2503.967 2110.138 1733.093 1374.969 1011.81 656.891 168.915 37.994 53.101 72.784 2.594 -335.693 -681 -1018.524 -1360.779 -1701.05 -2037.506 -2374.573 -2695.312 568.848 837.708 437.012 80.566 3.204 -351.562 -708.618 544 545 753 36.4 42.04 219 88 2408 1 034
4773801 5626 2025/9/28 14:47:18 P18 76.37 32.63 0 11.77 52.31 931.43 962.07 336.456 583.344 3874.817 326.996 612.64 917.969 582.733 95.367 -27.924 177.002 -26.855 265.198 947.723 15.106 729.675 786.438 497.131 477.905 1069.641 595.245 -5000 11.139 -22.125 -2.594 -30.823 12.207 408.783 122.07 549.164 1196.594 178.375 -1908.112 605.316 237.274 40.894 33.569 49.896 2548.065 2503.357 2119.751 1745.911 1391.602 1031.036 672.302 175.781 37.231 42.725 73.242 7.172 -331.421 -673.828 -1011.2 -1353.76 -1696.32 -2031.25 -2367.249 -2688.293 569 836.792 434.875 84.991 4.425 -343.628 -695.648 536 545 754 36.33 42.02 218 87 2408 1 034
4773802 5626 2025/9/28 14:47:19 P18 76.42 32.63 0 11.55 52.31 931.41 962.06 337.219 584.564 3874.207 326.385 612.03 923.309 581.97 -10.986 -1.068 168.304 -26.245 265.503 946.655 16.022 730.286 788.269 495.453 479.279 1071.777 595.093 -5000 1.678 -21.82 -53.711 -30.518 11.139 411.987 121.307 547.638 1197.815 175.018 -1908.112 600.281 237.274 28.534 24.567 50.659 2545.929 2503.967 2111.969 1737.671 1379.395 1014.709 660.858 172.729 38.452 55.847 72.021 4.578 -332.947 -676.727 -1014.252 -1356.812 -1697.083 -2035.217 -2369.995 -2694.092 569.305 834.503 437.164 81.787 4.12 -350.952 -705.414 544 545 755 36.41 42.12 218 87 2408 1 034
4773803 5626 2025/9/28 14:47:20 P18 76.32 32.71 0 11.62 52.38 931.43 962.07 336.151 583.954 3872.833 326.691 613.251 919.342 581.97 -77.82 8.24 179.749 -26.855 264.74 943.909 15.259 729.37 785.98 494.385 477.6 1069.031 595.856 -5000 11.444 -21.362 -44.861 -29.602 10.986 410.919 122.07 546.57 1194.916 151.978 -1908.417 603.943 236.664 30.975 24.109 50.354 2547.455 2503.357 2112.885 1739.96 1384.277 1020.508 666.351 168.61 38.605 55.084 72.937 0.763 -333.252 -677.49 -1016.235 -1357.574 -1696.625 -2034.149 -2367.554 -2691.65 569.153 837.402 435.638 80.719 2.289 -351.105 -705.261 534 545 757 36.37 42.01 218 87 2408 1 034
4773804 5626 2025/9/28 14:47:21 P18 76.36 32.7 0 11.84 52.37 931.45 962.08 336.761 583.191 3871.46 327.454 611.115 921.936 581.97 69.427 -8.087 173.34 -27.618 265.198 942.688 14.954 729.675 787.506 493.317 477.448 1070.557 593.719 -5000 4.272 -22.278 8.545 -32.196 11.597 410.767 121.918 548.401 1191.254 172.272 -1908.722 603.943 237.274 36.163 32.196 50.201 2541.809 2502.594 2115.936 1743.164 1389.465 1023.865 666.962 168.762 40.894 45.624 73.395 5.035 -331.116 -673.828 -1012.421 -1353.912 -1693.878 -2031.25 -2366.943 -2690.277 569.763 835.571 438.538 82.092 3.662 -347.9 -702.209 543 545 758 36.38 42.02 218 87 2408 1 034
4773805 5626 2025/9/28 14:47:22 P18 76.37 32.74 0 11.77 52.44 931.44 962.07 336.914 584.106 3870.85 325.317 612.03 918.579 582.733 17.09 -17.242 143.738 -27.466 264.587 946.96 14.954 729.065 786.743 492.096 478.821 1067.352 594.33 -5000 9.766 -21.667 -39.673 -29.907 10.986 410.309 120.239 547.791 1192.474 181.122 -1907.959 600.739 236.206 28.381 30.518 49.744 2548.828 2501.678 2108.765 1732.483 1374.054 1007.69 654.144 171.509 40.894 33.264 71.869 1.526 -335.846 -681 -1019.135 -1360.474 -1698.761 -2040.253 -2375.488 -2698.059 569.153 836.182 435.181 81.024 3.967 -354.919 -709.076 534 545 758 36.35 41.93 218 87 2408 1 034
4773806 5626 2025/9/28 14:47:23 P18 76.4 32.77 0 11.77 52.43 931.42 962.08 335.999 582.886 3870.697 327.454 610.352 921.631 582.275 -11.902 1.221 177.002 -27.313 263.519 939.178 14.191 728.149 788.269 493.774 477.905 1066.589 592.651 -5000 15.869 -21.973 25.635 -31.738 10.986 411.53 122.07 545.654 1193.848 152.283 -1908.417 601.044 235.901 31.586 29.449 50.964 2544.708 2504.12 2117.004 1741.028 1387.634 1027.527 670.471 169.83 41.656 21.057 71.869 3.357 -335.999 -677.795 -1015.32 -1357.422 -1695.404 -2031.708 -2368.469 -2689.819 567.627 832.367 437.622 81.94 5.035 -346.832 -701.752 534 545 760 36.35 41.93 218 87 2408 1 034
4773807 5626 2025/9/28 14:47:24 P18 76.39 32.71 0 11.77 52.29 931.46 962.07 336.456 583.801 3869.324 323.486 610.657 917.816 582.428 17.09 -16.022 179.749 -26.55 265.045 947.113 14.343 727.539 787.811 490.112 478.668 1067.81 594.177 -5000 19.073 -20.294 -10.834 -31.433 11.139 411.377 123.291 545.654 1194.458 146.637 -1908.722 601.349 235.596 29.449 28.839 50.201 2545.776 2504.272 2119.141 1748.352 1395.874 1036.224 680.237 167.847 39.825 23.499 72.632 1.526 -335.693 -676.575 -1011.2 -1352.997 -1689.453 -2026.215 -2361.603 -2682.495 569.305 834.808 438.538 83.923 3.967 -348.053 -700.531 534 550 762 36.41 41.98 218 87 2408 1 034
4773808 5626 2025/9/28 14:47:25 P18 76.3 32.76 0 11.7 52.33 931.42 962.09 335.999 584.106 3868.713 328.827 610.199 919.189 583.191 -82.245 -3.052 181.732 -25.482 263.062 947.571 13.885 726.929 787.659 490.112 478.668 1065.063 594.025 -5000 -2.441 -22.125 -28.992 -30.06 11.292 410.461 123.444 544.586 1189.27 150.452 -1908.722 601.959 235.443 33.417 37.994 50.659 2547.302 2501.984 2113.19 1733.093 1376.343 1013.489 657.196 165.1 40.741 31.586 72.479 4.425 -337.982 -680.847 -1018.982 -1361.237 -1699.829 -2037.354 -2379.303 -2696.075 568.085 831.909 437.469 79.346 4.578 -351.562 -709.686 543 550 763 36.34 42.02 218 87 2408 1 034
4773809 5626 2025/9/28 14:47:26 P18 76.42 32.66 0 11.6 52.39 931.41 962.07 335.693 582.581 3868.256 325.928 609.894 915.985 582.428 61.798 -12.665 154.114 -26.55 263.367 945.892 14.191 726.929 787.659 489.349 478.821 1065.369 593.872 -5000 15.869 -21.667 24.872 -29.449 11.749 410.614 121.46 544.128 1191.101 168.152 -1908.417 600.128 233.612 34.485 28.381 50.659 2548.523 2503.662 2115.784 1738.129 1386.414 1025.085 669.098 165.558 39.52 41.962 72.174 1.373 -334.625 -677.795 -1015.32 -1356.812 -1695.251 -2032.471 -2367.554 -2688.293 568.39 833.588 435.181 81.787 5.341 -349.579 -704.651 511 555 764 36.38 41.96 218 87 2408 1 034
4773810 5626 2025/9/28 14:47:27 P18 76.29 32.74 0 11.73 52.37 931.45 962.08 336.761 584.717 3866.272 323.486 608.978 915.222 582.581 -40.283 -8.087 154.419 -26.855 263.824 946.808 13.275 727.692 787.506 487.518 478.363 1063.232 592.957 -5000 7.477 -21.362 33.722 -30.67 10.834 410.919 120.697 546.57 1190.796 191.04 -1909.027 600.739 235.443 36.163 35.095 49.591 2548.981 2502.441 2118.073 1749.115 1397.858 1034.851 680.695 176.086 37.231 60.425 71.564 5.493 -332.031 -674.591 -1011.2 -1345.673 -1688.843 -2027.435 -2357.941 -2682.19 567.627 829.163 438.232 84.534 3.357 -346.832 -697.479 543 555 766 36.43 41.98 218 87 2408 1 034
4773811 5626 2025/9/28 14:47:28 P18 76.4 32.71 0 11.79 52.43 931.41 962.07 336.456 583.496 3864.441 326.08 609.436 913.391 583.344 74.158 9.766 141.907 -27.313 262.146 943.909 14.038 726.318 786.896 487.061 477.295 1061.859 592.346 -5000 -1.831 -21.667 29.602 -31.433 10.834 409.851 121.918 543.671 1189.117 175.171 -1903.076 597.229 234.528 35.553 32.501 49.438 2547.76 2503.052 2111.053 1736.145 1378.021 1015.32 662.079 173.34 40.283 45.471 71.564 4.578 -335.541 -679.932 -1018.372 -1360.474 -1700.439 -2037.354 -2373.505 -2695.923 566.254 829.926 437.622 81.177 4.12 -353.699 -708.466 543 555 767 36.38 42.02 217 87 2408 1 034
4773812 5626 2025/9/28 14:47:29 P18 76.37 32.69 0 11.67 52.41 931.45 962.08 335.541 582.886 3864.136 322.876 609.741 917.206 582.581 -5.035 15.564 132.446 -26.093 263.367 945.282 14.343 725.708 787.506 485.687 477.905 1065.369 594.025 -5000 8.24 -21.21 93.842 -30.823 11.292 411.682 121.613 542.297 1186.829 183.716 -1908.569 598.45 234.07 39.062 27.771 49.591 2546.692 2503.052 2114.105 1741.791 1389.313 1026.306 673.218 170.898 35.095 35.858 71.411 4.578 -333.405 -676.88 -1015.93 -1356.659 -1694.794 -2032.318 -2364.655 -2687.836 566.559 829.315 437.164 81.329 2.441 -348.969 -702.667 544 555 768 36.43 42.04 217 86 2408 1 034
4773813 5626 2025/9/28 14:47:30 P18 76.37 32.59 0 11.67 52.36 931.42 962.07 336.151 583.496 3862.305 324.402 608.215 914.307 583.038 -7.019 3.662 153.046 -26.093 262.756 947.571 14.191 725.403 786.896 484.924 478.21 1060.791 590.668 -5000 14.954 -21.057 14.648 -30.365 12.512 410.767 120.85 543.06 1188.202 165.558 -1907.196 598.45 234.985 29.755 30.06 50.049 2549.438 2503.204 2122.498 1748.352 1396.332 1034.546 678.558 175.171 41.199 43.793 71.411 5.493 -333.099 -673.218 -1009.827 -1350.555 -1688.538 -2025.452 -2358.093 -2682.343 566.101 831.146 437.469 83.771 4.578 -346.832 -699.005 531 555 770 36.35 41.97 216 86 2408 1 034
4773814 5626 2025/9/28 14:47:31 P18 76.35 32.7 0 11.69 52.39 931.42 962.07 335.236 582.733 3862.457 328.064 607.91 916.901 582.886 -1.831 -3.51 139.16 -26.855 261.23 945.74 14.191 724.945 787.506 484.161 478.058 1057.892 591.736 -5000 -3.967 -21.057 23.193 -31.586 10.986 411.072 124.207 542.908 1184.692 184.174 -1908.875 599.213 233.765 34.332 30.518 50.354 2546.082 2501.678 2120.209 1743.317 1390.228 1027.222 668.488 177.307 39.52 58.136 70.648 3.662 -333.71 -675.201 -1012.573 -1354.828 -1693.268 -2031.097 -2367.554 -2690.582 565.491 827.026 437.164 83.16 5.798 -345.154 -700.531 544 555 771 36.35 42.04 216 86 2408 1 034
4773815 5626 2025/9/28 14:47:32 P18 76.4 32.76 0 11.84 52.38 931.45 962.05 335.846 581.97 3860.474 323.944 607.91 915.68 583.038 -17.7 31.281 158.234 -26.398 261.383 943.756 14.496 725.403 786.591 483.856 477.753 1058.96 590.21 -5000 -1.984 -20.142 -3.662 -31.891 11.444 411.377 121.918 542.755 1186.066 159.912 -1908.569 598.145 234.68 36.621 31.738 50.201 2546.234 2502.441 2119.293 1743.317 1391.907 1031.952 675.507 174.408 40.283 40.741 68.359 3.815 -335.388 -676.27 -1013.794 -1355.591 -1692.505 -2029.266 -2364.655 -2685.089 566.559 829.773 437.469 82.55 6.104 -347.748 -701.599 544 555 771 36.35 42.04 216 86 2408 1 034
4773816 5626 2025/9/28 14:47:33 P18 76.32 32.7 0 11.56 52.44 931.43 962.07 335.388 583.496 3858.49 324.249 607.91 911.102 583.496 -24.719 3.51 164.948 -26.55 260.773 945.892 13.885 724.64 786.896 482.941 475.464 1058.807 590.82 -5000 6.561 -20.599 7.935 -33.112 12.054 410.004 121.765 542.45 1184.998 154.572 -1907.959 597.839 232.544 37.384 37.537 49.591 2548.218 2500.763 2120.056 1751.251 1397.095 1034.698 678.253 178.375 39.673 45.929 72.479 2.136 -332.794 -675.507 -1011.963 -1353.302 -1691.437 -2027.588 -2360.229 -2685.547 567.322 827.637 435.486 82.703 3.052 -346.375 -695.953 533 555 772 36.37 41.99 216 86 2408 1 034
4773817 5626 2025/9/28 14:47:34 P18 76.39 32.76 0 11.72 52.39 931.42 962.08 336.761 583.038 3858.948 320.74 608.215 910.339 583.801 62.714 -20.294 170.288 -26.855 261.383 942.383 13.885 723.724 785.828 481.873 476.837 1060.638 590.668 -5000 0.458 -20.447 43.945 -30.823 12.054 410.614 118.408 541.534 1186.218 161.285 -1908.875 597.229 234.222 35.706 28.687 49.591 2548.37 2501.373 2117.004 1741.333 1385.193 1022.491 666.351 175.629 36.011 50.354 72.327 6.256 -331.268 -674.438 -1011.047 -1354.98 -1693.42 -2029.877 -2368.317 -2690.735 565.948 827.637 437.469 83.923 2.747 -352.783 -705.872 535 555 772 36.37 42.07 216 86 2408 1 034
4773818 5626 2025/9/28 14:47:35 P18 76.23 32.74 0 11.65 52.33 931.44 962.06 335.693 583.344 3857.88 324.249 606.689 914.307 583.038 -44.403 -47.302 186.005 -26.855 261.536 946.35 14.038 721.741 787.354 480.347 476.99 1059.113 590.057 -5000 8.85 -21.362 67.596 -30.67 12.207 409.698 120.85 541.534 1183.319 191.04 -1904.297 596.161 233.459 38.3 32.501 50.507 2548.981 2501.984 2109.985 1734.009 1374.512 1009.674 656.281 169.678 37.842 48.981 71.259 2.594 -334.778 -680.542 -1019.592 -1361.542 -1701.508 -2037.964 -2375.183 -2697.906 566.711 828.857 435.638 79.346 3.204 -354.156 -710.144 544 560 773 36.38 42.13 216 86 2408 1 034
4773819 5626 2025/9/28 14:47:36 P18 76.3 32.76 0 11.8 52.36 931.45 962.06 335.388 582.428 3856.354 323.792 606.537 913.239 583.496 -59.967 -31.738 176.392 -27.466 260.162 943.604 13.123 723.267 785.522 480.194 476.837 1056.061 589.294 -5000 1.678 -21.057 54.474 -31.738 10.681 412.292 121.46 541.84 1184.082 168.762 -1908.722 596.619 233.307 33.722 24.109 50.049 2545.929 2501.373 2118.53 1746.368 1395.874 1033.478 676.88 175.323 36.011 49.896 70.343 6.256 -327.911 -670.776 -1008.606 -1350.403 -1688.538 -2025.757 -2360.535 -2684.784 565.796 825.958 436.096 84.229 2.136 -346.222 -698.09 528 560 773 36.38 42.07 216 86 2408 1 034
4773820 5626 2025/9/28 14:47:37 P18 76.16 32.71 0 11.85 52.36 931.43 962.08 335.541 584.259 3855.438 320.587 605.927 914.001 583.954 60.883 25.482 178.986 -26.398 260.925 945.587 13.885 723.267 788.574 478.668 476.685 1059.113 590.057 -5000 -2.289 -21.057 -15.106 -30.67 11.444 410.004 122.528 540.619 1180.573 174.103 -1908.569 595.398 231.628 36.621 22.278 50.354 2545.471 2503.204 2113.037 1737.518 1382.294 1016.083 659.637 176.239 39.825 46.844 71.716 5.035 -332.947 -675.507 -1014.709 -1356.201 -1695.251 -2033.234 -2369.69 -2692.871 567.474 825.348 439.301 87.433 3.815 -348.663 -702.972 535 560 774 36.37 42.07 216 85 2408 1 034
4773821 5626 2025/9/28 14:47:38 P18 76.29 32.76 0 11.7 52.26 931.41 962.07 335.693 581.97 3855.743 326.843 606.079 913.544 584.412 37.537 1.221 187.988 -27.466 260.62 941.925 13.428 723.267 788.116 478.516 476.379 1057.281 588.379 -5000 -13.275 -21.057 7.172 -30.823 10.529 409.546 122.681 539.703 1176.758 175.171 -1908.264 592.804 231.323 35.4 30.212 50.354 2544.25 2501.373 2110.138 1735.84 1380.31 1016.693 664.52 171.051 39.673 48.828 74.158 2.136 -334.167 -680.237 -1017.609 -1359.406 -1699.677 -2036.285 -2371.674 -2694.855 564.88 826.416 437.164 78.735 3.967 -353.394 -707.855 544 560 775 36.4 42.06 216 85 2408 1 034
4773822 5626 2025/9/28 14:47:39 P18 76.33 32.77 0 11.48 52.43 931.43 962.08 336.304 583.496 3855.591 327.454 606.384 911.865 584.259 -10.529 -1.831 183.105 -25.33 259.247 946.198 11.749 722.046 787.659 477.753 476.685 1056.061 589.294 -5000 -4.12 -20.447 26.703 -30.365 11.444 409.546 123.444 539.093 1176.758 161.438 -1909.027 595.245 230.713 30.518 30.365 48.523 2546.539 2503.357 2117.462 1746.216 1389.618 1028.748 672.607 170.135 40.283 49.744 74.463 2.747 -332.947 -675.354 -1011.505 -1352.997 -1691.895 -2026.062 -2363.586 -2686.92 564.88 824.127 437.012 84.229 4.578 -346.832 -696.716 536 560 776 36.35 42.08 216 85 2408 1 034
4773823 5626 2025/9/28 14:47:40 P18 76.4 32.74 0 11.56 52.36 931.45 962.07 337.372 582.123 3852.844 322.418 604.401 913.544 583.649 -48.37 -10.071 165.71 -25.787 260.01 944.977 10.986 721.588 787.964 476.532 476.074 1056.366 587.769 -5000 -1.221 -21.362 48.065 -30.975 12.207 411.682 122.986 538.635 1179.962 184.784 -1908.875 592.957 231.476 31.281 34.485 50.659 2544.25 2503.052 2113.647 1737.366 1380.157 1013.184 657.959 167.847 40.283 34.943 73.395 5.493 -333.557 -677.795 -1017.761 -1359.711 -1699.371 -2037.354 -2372.437 -2696.228 565.796 823.212 438.538 77.667 5.493 -351.41 -706.482 545 560 777 36.37 42.11 216 85 2408 1 034
4773824 5626 2025/9/28 14:47:41 P18 76.35 32.73 0 11.79 52.38 931.43 962.06 335.693 581.36 3851.929 323.639 605.011 910.034 583.038 -23.193 -14.648 199.585 -26.55 257.874 944.366 13.58 720.673 786.438 475.464 475.464 1054.84 589.294 -5000 -4.425 -20.447 68.97 -31.128 10.986 409.698 122.375 538.33 1181.488 163.574 -1908.264 594.177 229.797 30.67 30.975 50.354 2548.523 2502.289 2116.241 1739.044 1385.803 1022.644 665.741 174.103 34.332 29.144 71.106 5.798 -333.862 -675.507 -1014.404 -1355.591 -1694.489 -2029.114 -2364.502 -2688.293 562.134 819.092 437.775 81.329 2.747 -348.663 -705.261 528 565 779 36.33 42.14 215 85 2408 1 034
4773825 5626 2025/9/28 14:47:42 P18 76.3 32.67 0 11.56 52.45 931.4 962.05 336.609 582.733 3851.624 320.282 604.553 907.593 583.954 -62.714 -14.191 189.819 -27.008 259.094 941.162 12.512 720.673 785.37 474.854 475.922 1055.145 587.921 -5000 2.594 -20.905 72.327 -30.518 11.902 409.241 119.934 538.483 1179.962 166.626 -1909.18 594.33 232.239 27.771 23.804 50.049 2548.218 2501.526 2118.683 1742.096 1386.261 1025.391 664.978 170.135 39.368 36.011 70.648 3.815 -334.625 -676.575 -1013.794 -1357.422 -1694.794 -2031.25 -2369.385 -2691.65 565.491 825.806 437.622 83.771 6.866 -346.375 -700.073 544 560 780 36.4 42.09 215 85 2408 1 034
4773826 5626 2025/9/28 14:47:43 P18 76.19 32.67 0 11.7 52.45 931.4 962.05 336.914 581.665 3849.03 323.792 604.248 912.018 584.412 -81.787 -27.161 195.007 -27.466 258.026 943.756 12.36 720.673 788.574 473.785 475.464 1052.551 587.158 -5000 17.395 -20.599 17.853 -31.586 11.597 410.461 122.986 538.025 1170.044 187.531 -1908.417 592.804 231.018 25.94 31.128 50.354 2544.098 2502.747 2111.511 1729.279 1375.275 1011.658 655.823 169.678 36.316 31.433 71.716 3.815 -335.999 -679.169 -1017.914 -1360.626 -1699.219 -2038.422 -2375.641 -2695.923 563.965 821.686 438.08 79.346 2.747 -351.562 -710.449 544 560 780 36.4 42.09 215 85 2408 1 034
4773827 5626 2025/9/28 14:47:44 P18 76.25 32.67 0 11.72 52.45 931.41 962.05 336.914 581.818 3848.724 320.74 604.248 909.729 583.954 53.711 -28.381 171.509 -25.94 259.552 944.061 13.123 720.367 786.133 472.565 474.854 1053.009 586.548 -5000 9.46 -20.752 -9.003 -29.602 12.207 410.461 120.697 538.177 1177.673 153.503 -1908.417 592.499 229.797 33.417 30.212 50.812 2548.218 2503.662 2113.495 1741.486 1387.939 1023.102 670.013 172.729 38.757 40.588 73.395 3.357 -335.388 -678.558 -1016.541 -1356.812 -1695.251 -2032.471 -2365.57 -2689.819 565.186 820.007 434.418 82.092 3.204 -340.576 -700.226 544 565 780 36.4 42.16 215 85 2408 1 034
4773828 5626 2025/9/28 14:47:45 P18 76.23 32.74 0 11.77 52.35 931.39 962.07 335.541 581.818 3847.961 324.249 603.79 908.966 584.717 -88.501 -5.341 177.612 -27.161 260.01 943.451 13.123 720.215 788.422 472.107 474.701 1051.483 586.243 -5000 16.327 -20.294 20.599 -32.806 10.834 410.156 123.596 536.804 1171.722 169.373 -1908.722 591.125 229.034 34.332 30.823 50.354 2545.166 2503.357 2120.514 1750.793 1396.79 1036.835 681 175.629 39.215 44.556 73.547 0.305 -332.947 -674.286 -1009.216 -1351.471 -1688.843 -2024.536 -2359.009 -2681.274 565.033 821.838 438.69 83.16 4.883 -344.543 -695.648 536 565 780 36.44 42.05 215 85 2408 1 034
4773829 5626 2025/9/28 14:47:46 P18 76.26 32.71 0 11.72 52.39 931.44 962.06 336.304 581.512 3847.046 321.655 603.18 911.56 584.259 -87.128 -5.341 168.152 -27.466 257.111 944.824 11.597 719.604 788.727 471.344 474.854 1050.11 584.717 -5000 12.054 -20.294 -31.433 -31.586 12.207 411.377 122.375 536.804 1169.281 171.967 -1909.027 590.057 229.645 32.806 24.567 50.659 2543.945 2503.052 2110.596 1735.229 1380.31 1016.693 662.842 183.258 38.605 28.381 71.411 5.798 -333.252 -676.727 -1016.541 -1358.032 -1697.693 -2036.285 -2371.674 -2693.939 562.286 818.024 437.775 80.109 3.052 -351.105 -707.703 525 565 779 36.43 42.13 215 85 2408 1 034
4773830 5626 2025/9/28 14:47:47 P18 76.22 32.69 0 11.63 52.44 931.43 962.04 337.524 583.038 3846.436 318.756 601.654 905.609 584.259 59.662 -19.073 161.285 -27.008 257.568 941.315 11.902 717.468 788.879 471.191 474.701 1051.331 585.632 -5000 0.763 -21.21 8.85 -30.975 11.902 409.393 121.765 537.415 1175.232 152.283 -1908.264 591.736 231.018 31.128 33.569 50.201 2544.25 2503.204 2115.173 1741.638 1390.228 1027.374 674.133 185.699 39.368 46.234 72.479 9.003 -334.625 -677.032 -1015.167 -1355.896 -1693.42 -2030.945 -2364.96 -2687.073 562.897 818.329 437.317 81.329 4.73 -348.358 -702.972 535 565 778 36.35 42.11 215 85 2408 1 034
4773831 5626 2025/9/28 14:47:48 P18 76.36 32.73 0 11.63 52.43 931.44 962.06 337.067 583.038 3844.604 321.503 602.722 908.508 584.412 11.444 -24.567 157.318 -25.94 257.568 945.282 12.512 717.621 789.032 469.666 474.701 1049.652 586.7 -5000 -2.441 -21.057 51.727 -31.586 11.444 410.767 120.544 535.736 1174.316 163.269 -1908.112 589.752 229.492 26.855 37.842 50.201 2549.744 2501.068 2115.784 1748.657 1397.4 1033.783 679.779 185.699 36.926 43.335 71.564 5.035 -330.2 -672.607 -1010.437 -1351.013 -1689.911 -2026.215 -2357.33 -2683.411 564.728 819.244 438.995 84.534 4.883 -346.069 -695.648 545 565 778 36.4 42.09 215 85 2408 1 034
4773832 5626 2025/9/28 14:47:49 P18 76.25 32.63 0 11.77 52.48 931.41 962.05 336.609 582.428 3844.452 325.775 601.807 908.813 584.412 11.749 14.496 169.983 -26.398 256.5 942.993 12.665 717.926 788.422 468.903 474.854 1043.549 586.395 -5000 1.831 -20.752 21.667 -30.975 11.139 408.783 123.596 535.126 1173.553 170.898 -1908.569 590.82 228.271 28.839 25.787 50.964 2547.607 2502.747 2115.936 1744.537 1388.55 1027.069 671.082 186.005 39.673 37.842 72.327 3.052 -332.947 -675.354 -1013.489 -1356.354 -1695.709 -2032.471 -2369.537 -2692.261 562.439 817.261 440.216 84.076 4.578 -347.748 -700.226 537 565 777 36.4 42.04 215 85 2408 1 034
4773833 5626 2025/9/28 14:47:50 P18 76.33 32.67 0 11.72 52.39 931.43 962.05 336.761 582.275 3843.079 320.74 602.264 903.32 584.412 109.558 -30.823 170.593 -26.093 257.721 939.331 11.902 717.468 787.048 468.597 473.785 1047.363 585.48 -5000 6.104 -20.752 5.341 -30.823 11.749 409.851 120.239 535.889 1169.434 161.438 -1908.417 589.294 228.882 33.417 29.907 49.744 2548.218 2503.51 2120.056 1746.063 1394.196 1033.325 677.49 185.547 39.825 31.128 74.615 3.967 -332.794 -674.744 -1011.353 -1353.149 -1691.742 -2027.893 -2363.586 -2683.411 563.049 818.024 436.096 83.008 4.12 -348.053 -701.599 545 565 777 36.4 42.12 214 85 2408 1 034
4773834 5626 2025/9/28 14:47:51 P18 76.22 32.71 0 11.68 52.5 931.4 962.06 336.761 582.581 3842.316 319.061 600.586 905.914 585.48 -54.474 -32.959 156.555 -25.94 255.737 935.822 11.444 718.231 788.879 467.377 473.328 1048.737 584.412 -5000 -1.678 -21.362 20.294 -30.518 11.597 409.851 124.512 534.821 1170.654 157.013 -1908.569 588.837 228.577 29.449 34.485 50.049 2543.03 2502.289 2117.615 1747.131 1391.602 1030.731 675.354 186.615 38.91 55.542 73.547 6.409 -333.557 -676.27 -1012.268 -1353.302 -1691.589 -2026.672 -2362.671 -2686.92 561.829 816.04 437.775 83.313 5.798 -345.764 -695.19 526 565 777 36.41 42.07 214 85 2408 1 034
4773835 5626 2025/9/28 14:47:52 P18 76.3 32.71 0 11.81 52.4 931.43 962.05 337.372 581.207 3841.248 322.876 600.433 907.898 584.869 -10.071 -35.553 153.351 -26.703 257.111 939.636 12.512 717.773 787.811 466.003 474.243 1047.668 583.344 -5000 -2.289 -22.125 18.463 -32.043 11.292 408.783 124.359 535.431 1166.382 182.495 -1908.875 589.142 227.051 26.55 31.738 50.354 2541.809 2502.441 2113.037 1738.586 1382.141 1015.778 660.553 197.296 35.248 45.624 69.885 2.594 -332.489 -676.117 -1014.709 -1356.812 -1695.557 -2033.691 -2368.774 -2694.092 561.676 816.193 436.401 81.329 2.747 -350.647 -705.109 544 565 778 36.35 42.13 214 84 2408 1 034
4773836 5626 2025/9/28 14:47:53 P18 76.3 32.73 0 11.68 52.46 931.41 962.04 335.693 583.344 3841.705 322.571 599.365 904.694 584.564 -70.496 -9.308 135.651 -25.787 255.127 945.129 10.529 717.163 788.422 466.003 474.243 1045.074 585.327 -5000 13.428 -20.599 9.003 -31.281 10.529 408.783 123.444 534.058 1166.077 201.263 -1908.264 590.21 227.814 36.621 33.722 49.896 2546.997 2503.052 2120.209 1749.268 1398.468 1036.224 680.237 193.176 37.994 15.259 72.021 -1.984 -331.879 -673.828 -1010.284 -1350.098 -1688.385 -2025.604 -2358.398 -2682.343 563.507 817.871 437.164 82.703 2.899 -347.137 -699.005 535 565 778 36.35 42.02 214 84 2408 1 034
4773837 5626 2025/9/28 14:47:54 P18 76.33 32.66 0 11.84 52.47 931.45 962.07 335.693 580.902 3839.264 324.097 600.586 907.135 585.175 -0.305 -7.629 178.68 -27.618 256.653 942.841 11.444 717.468 787.811 465.393 473.633 1045.227 583.954 -5000 -4.73 -19.531 68.665 -31.128 11.139 409.393 123.138 533.447 1166.534 194.397 -1908.112 588.074 227.051 37.384 26.398 50.507 2543.945 2504.12 2117.615 1743.927 1391.296 1027.069 671.082 191.498 38.3 29.602 74.463 2.289 -334.473 -676.422 -1014.404 -1355.896 -1694.489 -2032.013 -2367.096 -2689.972 563.202 817.413 436.707 81.024 4.12 -346.832 -699.463 545 565 778 36.4 42.1 214 84 2408 1 034
4773838 5626 2025/9/28 14:47:55 P18 76.33 32.71 0 11.84 52.39 931.43 962.07 337.83 581.818 3838.654 322.266 599.365 907.593 584.869 24.109 -2.594 178.833 -26.55 255.89 932.617 11.749 716.553 789.49 464.172 472.87 1045.074 582.428 -5000 15.106 -20.447 -22.278 -31.738 11.902 408.63 122.833 534.363 1164.551 164.795 -1907.959 589.142 228.271 36.469 31.738 50.201 2542.419 2503.815 2111.511 1735.992 1376.19 1010.437 655.212 195.77 36.316 38.605 72.327 3.662 -333.099 -677.795 -1016.541 -1359.711 -1699.219 -2036.896 -2371.674 -2696.075 561.676 816.65 436.859 81.635 2.441 -352.631 -705.719 545 565 781 36.4 42.1 214 84 2408 1 034
4773839 5626 2025/9/28 14:47:56 P18 76.39 32.71 0 11.81 52.39 931.4 962.05 333.099 583.344 3837.433 319.977 599.518 903.473 585.327 -54.321 10.223 157.166 -26.245 255.127 945.129 11.597 716.095 789.642 463.409 473.785 1044.617 585.175 -5000 -2.136 -20.294 88.806 -30.823 11.292 409.546 120.697 532.532 1164.856 167.999 -1906.281 587.006 228.119 38.452 32.501 49.744 2549.438 2502.136 2118.835 1753.998 1396.942 1035.004 680.542 190.125 39.368 48.065 72.632 2.441 -332.642 -675.049 -1008.759 -1349.335 -1688.995 -2024.078 -2356.415 -2681.274 562.897 815.277 436.859 85.144 6.409 -347.748 -694.733 545 565 782 36.37 42.1 214 84 2408 1 034
4773840 5626 2025/9/28 14:47:57 P18 76.37 32.66 0 11.52 52.41 931.41 962.04 338.135 583.649 3836.365 318.298 598.907 903.473 585.785 -24.719 -19.531 163.116 -26.398 256.653 942.23 11.139 714.874 789.948 462.341 472.87 1044.922 584.106 -5000 -10.223 -20.905 -4.883 -31.128 10.529 409.393 122.223 533.447 1167.145 170.746 -1908.112 586.548 226.746 33.417 28.381 49.896 2545.929 2502.747 2117.767 1741.333 1388.092 1024.323 666.046 196.228 39.062 40.894 72.937 1.984 -333.71 -675.964 -1014.099 -1355.591 -1693.573 -2031.403 -2367.859 -2690.735 562.439 814.667 436.096 82.092 4.578 -347.748 -702.057 532 565 783 36.38 42.16 214 84 2408 1 034
4773841 5626 2025/9/28 14:47:58 P18 76.3 32.76 0 11.67 52.44 931.43 962.05 336.151 581.207 3835.297 322.418 599.06 904.999 585.327 11.902 14.038 173.95 -25.33 254.517 944.519 11.139 715.637 788.116 461.426 473.175 1042.633 583.496 -5000 -1.068 -20.447 27.924 -31.281 12.207 408.173 121.613 532.837 1166.229 169.22 -1908.112 585.632 225.525 36.926 32.043 49.896 2548.981 2503.204 2110.443 1732.33 1373.291 1009.521 654.144 195.312 39.215 29.449 72.937 0.916 -336.609 -680.695 -1018.982 -1362.305 -1701.813 -2039.49 -2377.777 -2698.059 561.829 814.056 436.707 80.414 5.188 -352.783 -708.008 545 565 784 36.37 42.13 213 84 2408 1 034
4773842 5626 2025/9/28 14:47:59 P18 76.36 32.69 0 11.65 52.53 931.43 962.05 337.067 581.818 3835.144 321.35 598.755 903.931 585.327 32.959 -12.817 216.37 -25.33 255.432 943.298 10.529 715.485 789.337 459.747 473.022 1043.243 581.97 -5000 -3.204 -20.447 32.501 -31.281 12.054 410.309 123.444 531.158 1165.161 168.915 -1907.501 585.632 226.288 38.3 32.654 49.896 2542.877 2503.967 2114.41 1740.417 1386.108 1026.154 672.607 191.04 40.741 35.706 74.768 0.763 -336.914 -680.084 -1015.93 -1359.1 -1697.235 -2032.928 -2368.317 -2689.819 561.676 813.599 440.063 82.703 5.646 -350.342 -702.209 545 565 785 36.38 42.08 213 84 2408 1 034
4773843 5626 2025/9/28 14:48:00 P18 76.28 32.67 0 11.72 52.45 931.43 962.05 333.862 582.275 3834.534 322.266 598.297 904.846 585.632 75.836 -21.515 189.056 -27.466 253.906 941.772 10.986 715.942 789.337 460.358 473.175 1038.818 581.97 -5000 2.289 -21.82 37.994 -32.196 10.071 410.156 121.765 531.464 1164.398 184.937 -1907.043 586.395 225.83 28.839 28.534 52.643 2546.539 2501.984 2114.716 1742.706 1386.108 1021.881 665.894 190.43 39.673 30.06 73.395 3.967 -332.947 -675.201 -1013.031 -1355.591 -1694.794 -2031.86 -2366.943 -2691.956 559.845 812.836 435.944 84.076 4.883 -350.342 -702.82 538 560 785 36.37 42.05 213 84 2408 1 034
4773844 5626 2025/9/28 14:48:01 P18 76.4 32.71 0 11.58 52.42 931.41 962.06 337.677 581.512 3832.55 320.892 597.687 903.32 586.09 -104.828 -28.229 182.19 -25.94 254.822 939.026 10.834 715.027 788.116 459.137 472.107 1042.48 581.512 -5000 13.733 -20.752 -3.51 -30.975 11.749 407.715 123.596 532.379 1160.126 168.457 -1907.959 585.175 226.593 33.112 35.4 49.744 2541.962 2502.747 2109.528 1734.467 1375.58 1011.505 658.722 195.007 36.774 36.469 71.564 3.967 -334.625 -681.152 -1019.135 -1362.457 -1701.508 -2038.422 -2374.725 -2697.601 558.777 809.479 437.927 79.956 1.526 -352.478 -707.855 537 565 786 36.43 42.13 213 84 2408 1 034
4773845 5626 2025/9/28 14:48:02 P18 76.35 32.76 0 11.77 52.56 931.41 962.04 337.83 583.801 3831.177 317.078 597.992 901.031 585.175 14.191 -3.052 191.498 -26.703 255.432 943.451 10.986 713.806 789.49 458.069 472.26 1041.412 581.97 -5000 6.714 -21.21 9.613 -30.67 11.139 408.783 120.544 531.921 1163.483 151.062 -1907.349 584.412 225.067 33.875 23.804 50.964 2549.591 2503.357 2114.105 1740.57 1384.43 1024.17 669.098 193.176 36.926 47.15 73.09 2.899 -333.557 -677.185 -1014.099 -1356.659 -1695.404 -2032.471 -2368.622 -2688.904 560.913 814.514 437.317 83.313 4.12 -349.121 -702.515 545 565 786 36.4 42.13 213 84 2408 1 034
4773846 5626 2025/9/28 14:48:03 P18 76.37 32.7 0 11.6 52.47 931.41 962.05 336.456 582.581 3830.414 317.383 598.45 903.168 586.395 -80.566 -44.403 190.582 -25.024 253.754 941.467 10.681 714.417 786.896 458.221 472.565 1042.48 582.733 -5000 13.428 -20.294 38.3 -30.823 11.749 409.698 120.544 530.548 1163.635 164.795 -1908.417 583.649 225.22 36.011 15.259 49.896 2546.997 2501.526 2117.157 1738.434 1384.277 1020.355 663.452 189.667 37.689 61.493 70.801 5.646 -332.336 -674.744 -1014.252 -1356.812 -1695.251 -2033.539 -2369.69 -2692.413 559.845 809.784 437.469 81.94 3.815 -346.985 -703.125 545 565 786 36.37 42.1 213 84 2408 1 034
4773847 5626 2025/9/28 14:48:04 P18 76.37 32.63 0 11.82 52.43 931.38 962.03 335.236 581.97 3829.041 319.824 597.229 898.132 585.938 32.806 -25.94 174.408 -27.161 253.754 942.23 10.681 713.959 788.269 457.153 472.107 1037.903 581.36 -5000 -4.73 -21.057 -10.071 -31.891 11.292 409.851 122.223 529.938 1161.194 168.304 -1907.959 584.259 225.525 31.128 20.447 48.523 2545.471 2503.052 2109.528 1732.941 1375.58 1011.2 659.332 185.547 37.689 38.3 71.564 6.104 -336.914 -681 -1020.203 -1362.305 -1702.118 -2039.795 -2374.573 -2698.364 561.676 810.242 436.707 77.515 2.899 -352.936 -708.313 545 565 786 36.37 42.1 213 84 2408 1 034
4773848 5626 2025/9/28 14:48:05 P18 76.4 32.7 0 11.69 52.46 931.4 962.05 335.846 581.818 3829.956 320.435 596.466 902.405 586.395 -12.36 -14.801 157.776 -27.313 253.754 942.841 10.529 713.654 789.642 456.848 471.039 1038.818 580.139 -5000 8.545 -21.057 -12.054 -31.586 10.986 408.936 123.749 529.785 1160.278 163.727 -1907.806 583.649 225.22 29.907 24.109 50.201 2544.556 2503.204 2117.157 1739.655 1387.939 1026.306 670.776 185.089 36.774 32.196 71.869 6.256 -335.388 -677.49 -1016.083 -1356.964 -1694.336 -2031.86 -2366.638 -2687.531 560.913 809.174 436.859 82.397 3.357 -348.663 -703.888 545 565 787 36.37 42.22 213 84 2408 1 034
4773849 5626 2025/9/28 14:48:06 P18 76.39 32.67 0 11.57 52.59 931.39 962.03 338.135 583.038 3829.346 317.993 596.161 899.2 585.632 120.697 11.597 122.833 -26.245 253.906 942.23 10.681 712.738 790.1 454.102 472.412 1038.818 581.36 -5000 9.46 -19.836 25.024 -30.975 10.986 408.936 122.833 529.327 1160.126 174.713 -1908.569 583.191 224.457 27.466 31.891 49.744 2545.929 2503.357 2118.683 1748.199 1393.28 1033.63 680.847 178.375 37.384 37.689 73.853 7.019 -333.71 -676.727 -1012.573 -1355.438 -1692.657 -2028.046 -2360.687 -2683.563 560.15 808.258 438.232 82.55 3.052 -346.68 -696.869 545 565 787 36.38 42.12 213 84 2408 1 034
4773850 5626 2025/9/28 14:48:07 P18 76.46 32.7 0 11.63 52.39 931.4 962.03 336.914 583.954 3828.278 316.62 597.687 901.489 586.243 42.572 25.787 145.264 -27.313 252.075 931.549 10.529 713.806 788.727 454.865 471.344 1037.75 581.055 -5000 12.512 -21.21 91.248 -30.67 10.681 408.63 122.681 529.48 1156.006 173.645 -1908.569 583.801 224.152 35.858 27.466 50.049 2545.776 2503.662 2108.459 1732.483 1375.427 1014.099 658.722 184.937 39.368 36.163 74.31 4.425 -334.32 -678.406 -1017.456 -1358.948 -1699.219 -2036.896 -2372.437 -2695.923 561.523 808.716 436.096 79.803 3.204 -352.631 -708.008 545 565 787 36.37 42.07 213 84 2408 1 034
4773851 5626 2025/9/28 14:48:08 P18 76.46 32.77 0 11.67 52.39 931.4 962.04 337.524 582.886 3826.752 319.519 596.008 900.421 585.938 -123.444 8.24 148.621 -25.94 253.448 942.23 10.529 713.196 790.71 452.271 471.802 1037.75 579.224 -5000 7.477 -21.667 98.877 -31.433 10.986 408.936 123.901 529.327 1157.684 160.37 -1907.654 582.733 224.304 27.161 30.67 50.659 2543.335 2502.441 2114.868 1742.249 1386.871 1024.323 671.539 191.345 36.774 40.436 72.174 5.493 -334.93 -679.321 -1017.303 -1357.727 -1695.709 -2032.776 -2366.943 -2689.362 561.066 810.547 438.08 84.076 3.052 -349.579 -702.057 536 565 787 36.34 42.04 213 84 2408 1 034
4773852 5626 2025/9/28 14:48:09 P18 76.36 32.77 0 11.7 52.39 931.41 962.03 336.456 582.886 3824.615 316.467 596.466 898.438 586.243 41.809 7.019 163.116 -25.635 251.923 943.451 10.376 713.196 790.558 453.491 471.954 1036.53 581.207 -5000 -10.071 -19.989 -26.855 -31.281 11.444 409.698 120.544 529.48 1157.532 162.964 -1907.959 581.97 225.677 31.586 31.738 50.049 2549.438 2502.289 2117.462 1749.42 1393.28 1033.173 680.389 194.702 38.757 41.504 73.395 1.526 -334.167 -677.338 -1012.573 -1353.607 -1692.81 -2028.503 -2361.145 -2684.326 559.998 809.784 437.622 83.466 4.425 -349.426 -699.005 544 565 787 36.37 42.13 213 84 2408 1 034
4773853 5626 2025/9/28 14:48:10 P18 76.4 32.66 0 11.65 52.38 931.41 962.04 336.761 583.801 3825.226 315.247 595.856 895.081 585.938 3.815 -33.569 179.749 -25.94 252.686 942.23 10.071 712.585 790.863 452.576 472.412 1038.361 581.055 -5000 4.12 -20.599 56.152 -30.67 10.986 408.936 122.375 529.022 1156.921 183.716 -1907.501 582.275 223.541 35.706 35.095 42.877 2545.929 2501.221 2109.68 1733.704 1373.596 1009.979 657.349 184.479 40.283 30.823 74.463 1.831 -335.541 -681 -1018.982 -1361.389 -1700.745 -2038.116 -2375.183 -2696.381 560.303 808.563 434.723 80.719 2.594 -353.394 -707.245 536 565 787 36.4 42.15 213 83 2408 1 034
4773854 5626 2025/9/28 14:48:11 P18 76.45 32.76 0 11.82 52.38 931.42 962.04 337.677 582.581 3824.158 322.266 594.635 900.116 586.7 23.193 7.324 209.961 -25.787 252.686 940.094 10.071 712.28 790.863 449.829 470.734 1036.072 578.308 -5000 4.883 -19.684 23.346 -30.823 11.139 408.325 124.664 529.327 1152.344 171.814 -1907.959 582.275 223.694 33.875 40.436 50.201 2542.267 2502.136 2117.31 1740.417 1385.803 1024.017 668.945 190.43 35.553 45.319 73.242 4.272 -333.71 -677.795 -1014.862 -1357.727 -1696.167 -2032.623 -2368.317 -2688.904 557.556 807.953 435.181 82.397 2.747 -348.969 -704.193 536 565 787 36.4 42.12 213 83 2408 1 034
4773855 5626 2025/9/28 14:48:12 P18 76.29 32.65 0 11.75 52.5 931.42 962.04 336.151 583.649 3823.09 321.198 595.703 891.876 586.548 20.905 -8.087 174.255 -25.94 251.312 942.383 10.681 711.365 790.405 451.202 470.734 1036.224 580.597 -5000 2.441 -20.294 72.174 -31.738 10.681 407.867 124.512 527.191 1151.733 178.375 -1907.654 581.512 222.931 29.907 28.076 50.049 2547.15 2501.984 2117.004 1748.047 1394.501 1033.02 677.643 189.667 36.316 52.185 72.479 3.967 -331.116 -679.779 -1014.709 -1353.302 -1690.979 -2027.893 -2359.619 -2684.326 558.624 807.8 436.859 84.076 1.526 -350.952 -700.989 539 565 787 36.38 42.1 213 83 2408 1 034
4773856 5626 2025/9/28 14:48:13 P18 76.45 32.65 0 11.74 52.49 931.39 962.03 336.609 583.191 3820.801 317.383 594.482 895.386 586.7 33.417 -36.621 182.19 -27.008 250.549 941.772 10.071 711.212 791.016 450.592 469.055 1033.325 579.529 -5000 -6.866 -20.599 2.289 -31.128 10.834 407.867 122.833 526.733 1155.243 158.997 -1910.248 581.818 222.015 36.621 32.654 49.744 2547.455 2503.51 2120.056 1747.284 1395.416 1033.783 675.354 185.547 39.673 47.455 71.716 1.526 -333.557 -673.065 -1010.132 -1351.776 -1689.453 -2027.13 -2361.755 -2684.784 559.54 808.258 437.469 83.618 2.899 -345.764 -697.327 545 570 787 36.38 42.04 212 83 2408 1 034
4773857 5626 2025/9/28 14:48:14 P18 76.46 32.71 0 11.74 52.51 931.43 962.03 337.524 581.97 3820.801 317.383 594.177 898.285 586.7 27.008 -55.847 168.304 -26.855 251.312 942.535 9.003 711.212 791.321 449.677 471.497 1032.41 578.308 -5000 1.831 -20.752 33.112 -30.975 11.444 409.851 123.901 527.191 1152.954 172.577 -1908.875 576.172 223.083 30.365 30.67 49.744 2543.03 2501.678 2114.563 1741.638 1385.04 1025.696 671.692 185.547 40.741 57.831 73.395 2.441 -334.778 -678.406 -1015.167 -1357.422 -1695.862 -2030.64 -2365.723 -2687.531 559.845 808.258 435.944 82.703 3.662 -349.579 -701.141 537 570 787 36.37 42.04 212 83 2408 1 034
4773858 5626 2025/9/28 14:48:15 P18 76.36 32.67 0 11.65 52.45 931.41 962.04 337.524 581.97 3820.19 318.604 594.025 898.438 587.158 3.357 -32.196 169.83 -27.008 250.854 941.01 9.003 711.212 789.337 450.287 470.581 1030.731 577.85 -5000 11.597 -20.752 -3.815 -32.654 10.529 408.783 123.138 526.581 1151.276 166.931 -1908.417 578.003 223.846 33.264 34.79 49.896 2545.929 2501.831 2116.699 1746.216 1391.296 1031.799 678.253 189.362 40.131 27.771 74.463 4.883 -333.862 -677.032 -1013.794 -1354.675 -1692.963 -2028.503 -2363.281 -2685.089 557.861 805.206 437.775 82.855 4.883 -345.459 -696.869 537 570 787 36.37 42.04 212 83 2408 1 034
4773859 5626 2025/9/28 14:48:16 P18 76.47 32.74 0 11.55 52.49 931.39 962.04 336.456 583.191 3819.275 316.467 594.635 896.149 586.7 -28.992 -16.174 149.384 -26.855 250.092 943.909 9.003 708.008 791.626 448.761 470.886 1031.036 579.376 -5000 7.019 -20.752 18.616 -30.67 11.139 407.867 122.833 526.428 1152.649 163.422 -1907.959 579.681 221.863 37.384 26.093 48.676 2548.828 2501.526 2121.124 1747.894 1394.806 1034.546 676.117 190.125 39.825 36.163 72.632 0.916 -332.489 -673.981 -1009.216 -1351.624 -1689.453 -2022.858 -2358.704 -2683.258 559.082 806.732 437.622 84.686 2.289 -347.9 -697.327 546 565 786 36.4 42.06 212 83 2408 1 034
4773860 5626 2025/9/28 14:48:17 P18 76.59 32.71 0 11.69 52.36 931.41 962.03 339.355 582.275 3818.97 318.604 593.262 894.623 587.616 30.518 -7.324 155.334 -27.008 250.549 938.568 9.46 709.076 791.473 447.998 470.734 1028.442 577.24 -5000 -6.561 -19.379 5.646 -30.365 12.207 408.936 124.054 526.733 1151.733 149.078 -1908.722 579.681 222.778 34.943 33.722 49.591 2544.556 2503.815 2115.784 1739.502 1387.939 1023.865 667.114 184.479 39.673 48.676 72.479 5.035 -334.32 -675.049 -1013.336 -1354.37 -1692.963 -2031.097 -2366.638 -2689.514 558.014 804.596 437.469 81.024 2.747 -348.053 -702.515 545 570 785 36.38 42.07 212 83 2408 1 034
4773861 5626 2025/9/28 14:48:18 P18 76.39 32.65 0 11.71 52.36 931.38 962.05 337.677 581.97 3817.902 321.35 592.804 895.844 587.616 44.556 16.174 173.492 -26.55 251.617 942.23 9.155 709.686 791.473 447.083 470.581 1030.884 576.782 -5000 -3.815 -20.294 -39.52 -31.891 10.681 408.936 123.749 525.665 1148.682 169.067 -1907.501 578.156 221.863 35.706 27.771 51.27 2544.25 2505.035 2116.852 1746.979 1392.365 1032.257 677.49 190.43 36.011 44.403 72.021 4.883 -332.947 -677.032 -1012.573 -1354.98 -1693.115 -2029.877 -2363.129 -2686.768 557.098 802.917 440.063 83.923 3.052 -346.985 -697.327 536 570 784 36.38 42.12 212 83 2408 1 034
4773862 5626 2025/9/28 14:48:19 P18 76.52 32.77 0 11.77 52.52 931.4 962.04 336.914 583.038 3817.749 317.993 593.414 895.538 587.006 40.131 -29.907 171.814 -25.94 249.786 940.857 9.155 709.229 791.626 447.083 470.886 1026.001 578.766 -5000 0.458 -19.836 -0.763 -30.823 11.597 409.851 120.544 525.055 1150.513 192.108 -1907.806 577.24 222.626 36.469 35.858 50.354 2549.591 2502.441 2117.767 1750.641 1395.874 1035.309 680.389 191.498 35.4 47.455 71.716 6.256 -329.285 -672.15 -1007.69 -1350.708 -1688.995 -2024.078 -2356.11 -2682.648 557.709 805.206 437.317 86.975 2.747 -348.663 -698.242 546 570 784 36.35 42.11 212 83 2408 1 034
4773863 5626 2025/9/28 14:48:20 P18 76.52 32.73 0 11.77 52.53 931.4 962.04 336.304 582.581 3816.681 317.535 593.262 895.081 587.463 -116.119 -19.684 161.591 -25.635 249.481 942.841 9.155 709.991 791.016 445.709 470.734 1029.816 579.071 -5000 0.763 -20.599 19.531 -30.365 10.834 409.546 121.765 525.055 1149.445 179.443 -1907.959 576.935 222.931 41.504 33.417 50.201 2549.286 2501.678 2117.157 1745.911 1387.787 1025.543 668.945 193.634 39.215 45.166 73.547 3.51 -331.726 -673.981 -1011.963 -1354.065 -1694.336 -2030.945 -2367.249 -2689.972 558.014 803.986 437.622 84.229 3.815 -346.68 -698.242 550 570 783 36.35 42.11 212 83 2408 1 034
4773864 5626 2025/9/28 14:48:21 P18 76.55 32.73 0 11.67 52.52 931.42 962.04 338.898 582.275 3815.613 319.366 592.194 894.623 586.853 53.711 11.902 152.588 -25.482 250.244 939.026 7.477 709.076 791.321 444.641 469.36 1029.51 576.477 -5000 4.883 -19.989 70.19 -31.281 11.444 408.325 125.58 526.886 1145.172 201.874 -1907.654 577.85 221.71 31.738 26.55 50.354 2541.962 2501.373 2117.92 1743.011 1390.381 1030.731 674.744 193.329 37.994 30.975 72.327 1.831 -335.083 -677.948 -1013.947 -1356.354 -1693.878 -2030.182 -2366.333 -2686.31 559.082 803.833 436.859 81.482 3.967 -348.053 -699.005 536 570 783 36.34 42.16 212 83 2408 1 034
4773865 5626 2025/9/28 14:48:22 P18 76.5 32.8 0 11.63 52.44 931.4 962.04 338.745 583.038 3814.545 314.941 592.651 891.113 587.463 49.591 25.482 154.419 -26.398 249.786 938.263 9.003 707.245 790.71 444.031 470.734 1029.663 576.477 -5000 3.052 -20.447 44.861 -29.449 11.444 408.173 121.155 524.902 1148.682 162.506 -1908.264 577.698 221.252 32.959 29.144 49.744 2548.523 2503.815 2118.225 1748.962 1396.637 1034.241 680.695 196.686 36.011 52.49 71.869 5.493 -330.048 -672.15 -1009.369 -1350.861 -1689.758 -2026.367 -2357.635 -2682.953 559.235 800.476 440.063 86.06 5.493 -346.985 -697.632 532 560 783 36.38 42.16 212 83 2408 1 034
4773866 5626 2025/9/28 14:48:23 P18 76.5 32.7 0 11.52 52.49 931.38 962.05 338.135 583.344 3813.477 316.62 592.804 891.113 587.921 -7.782 37.842 159.76 -26.245 248.108 942.383 8.85 707.092 790.558 443.42 469.818 1027.222 577.545 -5000 13.885 -20.294 37.231 -29.144 10.834 407.257 124.054 524.902 1145.02 192.413 -1908.264 577.545 219.879 34.485 31.433 49.286 2547.302 2501.221 2117.615 1741.486 1388.245 1025.085 665.741 206.146 36.316 54.626 72.021 5.646 -331.726 -672.913 -1011.2 -1354.218 -1692.352 -2030.792 -2365.723 -2688.446 556.946 800.629 438.08 82.703 1.526 -344.696 -699.768 545 560 783 36.41 42.09 212 83 2408 1 034
4773867 5626 2025/9/28 14:48:24 P18 76.55 32.71 0 11.65 52.45 931.4 962.04 339.203 583.191 3813.629 315.094 591.431 890.656 587.616 70.953 -14.191 179.138 -26.093 249.176 939.331 8.698 707.855 792.084 443.115 469.36 1027.985 576.172 -5000 18.616 -19.836 44.25 -30.975 10.834 407.715 123.444 524.292 1148.071 177.765 -1908.722 577.85 222.778 34.79 23.041 50.049 2544.25 2503.204 2117.157 1742.859 1388.397 1028.137 673.218 191.04 37.842 52.185 72.784 2.136 -336.609 -677.49 -1014.557 -1356.201 -1693.573 -2029.419 -2365.723 -2687.225 558.472 806.274 437.775 82.703 5.188 -347.443 -702.362 534 565 783 36.38 42.16 212 83 2408 1 034
4773868 5626 2025/9/28 14:48:25 P18 76.49 32.67 0 11.65 52.43 931.38 962.06 339.05 583.649 3811.035 313.873 591.125 891.876 587.463 -56.458 -30.67 152.588 -26.55 248.566 938.873 9.003 707.397 792.236 442.047 469.36 1027.222 576.172 -5000 -0.61 -20.294 13.733 -32.654 11.444 407.867 121.918 523.987 1148.682 163.574 -1908.722 575.562 221.558 29.144 28.534 49.438 2548.218 2501.831 2121.887 1747.742 1397.095 1035.919 677.032 196.991 33.569 65.308 68.97 5.188 -331.726 -672.455 -1008.911 -1352.234 -1689.758 -2026.367 -2360.229 -2682.19 556.03 801.392 437.469 83.923 2.289 -345.001 -697.937 534 565 783 36.38 42.16 212 83 2408 1 034
4773869 5626 2025/9/28 14:48:26 P18 76.45 32.71 0 11.69 52.46 931.41 962.05 339.813 582.886 3811.035 316.925 591.431 893.86 587.158 -11.597 -28.534 171.051 -25.94 247.65 941.772 9.003 708.313 792.847 439.911 469.208 1027.832 575.256 -5000 -0.153 -20.142 15.564 -31.433 10.834 408.02 124.512 523.071 1145.63 178.375 -1907.959 576.019 220.032 30.518 28.687 50.659 2542.572 2501.678 2116.241 1744.843 1391.296 1028.137 672.607 200.195 36.316 71.869 72.021 6.409 -330.505 -672.302 -1010.742 -1351.471 -1691.284 -2028.198 -2363.434 -2687.988 556.641 799.255 438.232 82.703 3.204 -347.748 -699.615 545 560 783 36.38 42.25 212 82 2408 1 034
4773870 5626 2025/9/28 14:48:27 P18 76.47 32.71 0 11.72 52.53 931.39 962.04 336.914 583.191 3810.883 320.74 590.515 895.691 587.921 -67.749 7.019 157.013 -27.008 249.634 940.857 8.698 708.618 792.389 440.521 469.055 1021.729 574.188 -5000 8.392 -19.684 66.528 -31.433 10.834 407.715 125.122 522.766 1142.426 190.277 -1908.569 576.477 220.032 38.452 35.095 50.812 2545.013 2503.815 2113.647 1736.145 1376.19 1012.268 655.975 195.923 37.689 51.422 73.547 0.153 -335.388 -679.169 -1016.388 -1359.863 -1699.066 -2035.675 -2373.81 -2695.465 559.235 802.155 437.775 81.787 3.052 -351.715 -704.956 545 560 782 36.35 42.16 211 82 2408 1 034
4773871 5626 2025/9/28 14:48:28 P18 76.43 32.62 0 11.55 52.47 931.41 962.05 338.287 582.428 3810.12 318.909 590.973 893.097 587.769 -55.542 -13.733 157.318 -26.55 248.26 938.416 8.698 706.329 791.168 440.674 469.36 1024.78 574.493 -5000 -0.763 -20.142 52.032 -31.128 10.834 407.715 124.207 520.477 1142.731 159.149 -1908.569 575.104 221.405 36.926 45.929 49.438 2545.471 2501.068 2120.514 1750.793 1398.773 1037.445 682.373 198.059 36.774 43.945 72.632 4.883 -329.59 -672.15 -1009.216 -1350.861 -1688.69 -2024.536 -2357.178 -2681.732 555.725 798.645 437.469 84.839 3.51 -346.68 -698.09 537 560 783 36.38 42.04 211 82 2408 1 034
4773872 5626 2025/9/28 14:48:29 P18 76.52 32.71 0 11.77 52.53 931.42 962.04 337.677 583.649 3807.831 313.11 590.668 892.944 587.616 61.035 -25.94 177.917 -25.024 249.176 942.535 8.24 706.787 791.931 439.911 467.834 1024.628 575.714 -5000 -0.305 -19.836 -25.024 -30.975 11.444 408.478 121.765 523.224 1143.799 173.34 -1908.264 574.493 219.116 36.316 32.196 50.049 2550.354 2502.747 2119.141 1745.148 1390.991 1030.121 671.234 192.413 35.858 43.64 71.106 6.561 -331.116 -674.133 -1009.979 -1354.065 -1693.115 -2030.182 -2367.096 -2689.056 555.573 798.34 437.775 84.991 1.678 -345.764 -699.31 544 560 783 36.44 42.24 210 82 2408 1 034
4773873 5626 2025/9/28 14:48:30 P18 76.45 32.74 0 11.63 52.54 931.42 962.06 337.83 582.581 3808.594 320.282 589.752 895.081 590.21 -42.572 10.529 179.138 -26.703 249.023 941.162 8.24 705.261 792.542 438.995 469.666 1023.56 573.73 -5000 -7.324 -19.989 43.03 -31.738 10.681 407.867 124.207 521.851 1140.594 176.392 -1908.112 574.493 219.574 42.114 25.635 50.201 2543.945 2503.967 2115.021 1740.875 1380.463 1017.914 661.926 199.127 39.215 50.507 73.7 1.831 -335.388 -677.948 -1014.404 -1356.354 -1696.167 -2033.234 -2370.911 -2693.481 556.793 800.018 439.453 80.872 3.204 -350.037 -704.193 545 560 784 36.41 42.13 210 82 2408 1 034
4773874 5626 2025/9/28 14:48:31 P18 76.52 32.7 0 11.77 52.47 931.4 962.07 339.203 582.886 3806.305 313.416 589.905 889.587 587.921 -55.237 -5.646 190.125 -26.093 248.108 941.62 8.85 705.566 789.337 438.232 469.208 1022.491 574.646 -5000 11.139 -19.836 36.926 -30.212 11.749 408.325 122.07 521.698 1142.578 175.781 -1907.501 573.425 219.574 33.875 28.687 49.133 2549.744 2503.357 2116.699 1748.199 1393.738 1032.867 679.626 208.435 34.18 59.509 69.885 6.104 -334.167 -676.27 -1012.268 -1353.149 -1691.742 -2028.351 -2359.619 -2683.716 555.573 797.272 439.606 83.466 5.188 -354.156 -707.092 536 560 785 36.37 42.18 210 82 2408 1 034
4773875 5626 2025/9/28 14:48:32 P18 76.49 32.69 0 11.62 52.46 931.4 962.06 337.677 583.649 3805.695 316.467 590.668 891.113 588.531 95.215 -16.327 184.479 -24.872 247.803 940.704 8.698 705.261 792.389 437.622 467.224 1023.56 575.562 -5000 -6.256 -19.684 0.153 -30.365 10.986 407.715 124.817 520.325 1137.695 169.678 -1906.738 573.883 217.743 36.163 33.722 49.744 2547.302 2502.441 2116.699 1747.589 1392.67 1031.799 675.964 200.348 37.994 54.626 74.005 1.373 -329.895 -672.455 -1010.59 -1352.386 -1691.437 -2027.435 -2361.908 -2685.547 556.335 797.424 437.927 83.008 5.188 -346.68 -697.021 545 555 787 36.37 42.19 210 82 2408 1 034
4773876 5626 2025/9/28 14:48:33 P18 76.4 32.69 0 11.59 52.46 931.4 962.04 335.999 583.649 3804.016 314.178 588.684 883.636 588.531 88.654 -20.142 175.781 -26.093 247.04 941.925 8.698 705.566 792.542 437.164 468.445 1021.576 575.256 -5000 0.153 -19.836 47.913 -31.738 10.986 408.478 122.681 521.24 1140.9 170.441 -1906.738 572.815 220.337 30.975 24.872 49.286 2549.591 2502.289 2117.92 1740.112 1382.294 1018.829 660.248 199.28 35.248 45.624 72.632 1.526 -333.252 -677.49 -1014.404 -1359.711 -1698.761 -2036.133 -2372.894 -2694.55 556.488 798.34 436.554 84.839 3.204 -349.121 -702.057 537 560 788 36.38 42.12 210 82 2408 1 034
4773877 5626 2025/9/28 14:48:34 P18 76.47 32.66 0 11.62 52.53 931.41 962.03 337.83 583.801 3804.474 315.399 588.837 886.23 588.226 -75.836 7.019 157.166 -26.703 246.429 942.841 6.256 705.566 792.084 436.859 468.445 1020.813 573.73 -5000 -6.104 -19.684 33.569 -30.975 11.444 406.494 123.901 521.545 1140.289 165.558 -1906.738 574.036 218.811 34.18 32.501 49.591 2548.37 2504.272 2118.073 1745.148 1393.89 1032.41 675.812 198.364 36.469 33.112 72.174 3.357 -333.252 -676.117 -1012.878 -1354.218 -1691.437 -2029.114 -2361.908 -2683.105 556.488 798.95 437.622 83.923 1.831 -348.816 -702.82 545 555 788 36.34 42.1 210 82 2408 1 034
4773878 5626 2025/9/28 14:48:35 P18 76.57 32.74 0 11.67 52.52 931.4 962.06 336.456 583.191 3803.101 317.688 588.531 889.282 588.226 9.46 -28.381 149.689 -26.703 246.429 941.01 8.545 704.651 792.542 435.944 468.903 1020.508 575.256 -5000 2.899 -19.531 -3.357 -29.907 10.529 406.189 125.732 520.02 1139.832 164.337 -1906.433 571.594 216.827 30.212 29.755 49.744 2548.676 2503.204 2118.53 1748.352 1394.348 1034.088 678.253 207.825 34.485 38.757 70.343 5.341 -330.505 -673.523 -1011.047 -1352.539 -1691.437 -2027.283 -2361.45 -2686.157 556.488 795.441 438.69 90.942 3.967 -345.306 -695.038 538 560 789 36.35 42.26 210 82 2408 1 034
4773879 5626 2025/9/28 14:48:36 P18 76.52 32.77 0 11.74 52.5 931.42 962.06 339.508 584.259 3797.913 312.653 587.769 886.841 588.684 7.172 -23.499 133.057 -27.008 247.192 937.042 8.545 705.261 793.61 434.723 467.224 1021.271 573.578 -5000 -12.665 -20.294 -21.362 -29.907 11.444 406.799 124.207 521.088 1139.374 164.642 -1906.433 573.425 218.964 35.858 28.534 49.591 2544.25 2501.678 2116.241 1742.249 1387.329 1022.491 660.095 199.432 38.91 31.433 73.547 2.441 -331.879 -674.744 -1013.184 -1354.98 -1694.031 -2031.86 -2368.622 -2691.803 556.793 797.119 439.453 81.482 2.899 -348.969 -701.752 538 560 789 36.35 42.26 210 82 2408 1 034
4773880 5626 2025/9/28 14:48:37 P18 76.46 32.66 0 11.77 52.43 931.41 962.06 338.287 583.344 3796.692 313.416 587.921 884.552 588.684 -27.466 -24.109 177.155 -25.787 245.209 941.315 7.629 703.888 791.321 433.96 467.529 1018.524 572.815 -5000 -4.425 -20.142 0.305 -29.755 11.749 406.799 124.207 520.63 1137.39 181.885 -1906.738 573.12 217.743 35.248 37.537 49.591 2547.913 2501.984 2119.751 1744.843 1392.822 1032.257 676.88 202.026 37.384 50.507 72.327 8.24 -335.083 -677.185 -1013.947 -1355.133 -1692.352 -2029.114 -2364.349 -2685.852 554.962 796.356 439.453 84.991 5.493 -348.053 -701.599 545 555 788 36.38 42.18 210 82 2408 1 034
4773881 5626 2025/9/28 14:48:38 P18 76.49 32.73 0 11.67 52.49 931.43 962.06 339.966 582.123 3800.201 313.873 587.006 888.824 588.531 -42.877 -2.594 155.945 -26.855 246.124 938.568 7.935 703.888 793.152 432.892 467.987 1019.135 572.052 -5000 3.662 -19.379 -27.161 -31.738 11.292 407.41 126.038 520.172 1135.101 173.34 -1907.349 571.289 219.116 35.4 28.687 49.896 2541.962 2502.441 2121.582 1749.42 1395.721 1037.14 679.474 205.536 37.689 38.605 72.784 2.747 -331.726 -673.523 -1008.911 -1352.539 -1688.995 -2026.367 -2361.145 -2683.411 554.962 796.356 436.707 85.754 2.747 -345.306 -695.19 546 555 788 36.31 42.12 210 82 2408 1 034
4773882 5626 2025/9/28 14:48:39 P18 76.49 32.58 0 11.55 52.46 931.4 962.04 337.982 583.191 3801.27 315.552 587.921 885.925 588.379 84.534 -11.292 171.967 -26.55 246.277 942.841 6.409 703.43 792.084 433.35 468.445 1016.388 573.578 -5000 10.529 -20.142 62.714 -30.06 11.597 406.952 123.749 519.409 1136.475 175.629 -1906.891 570.679 218.506 33.417 27.924 50.354 2549.133 2502.594 2115.936 1740.417 1384.277 1021.423 664.062 199.89 38.147 27.161 73.395 5.493 -334.473 -676.575 -1013.031 -1355.896 -1694.489 -2031.097 -2369.232 -2691.956 557.098 796.051 437.622 83.923 4.578 -348.816 -700.836 537 555 788 36.35 42.2 210 82 2408 1 034
4773883 5626 2025/9/28 14:48:40 P18 76.5 32.66 0 11.55 52.42 931.42 962.05 338.745 583.191 3798.676 316.01 587.616 885.162 588.989 57.068 -9.613 183.868 -26.245 248.108 941.772 8.24 703.125 792.084 431.824 468.14 1017.456 572.052 -5000 16.174 -18.921 9.46 -30.06 9.766 407.562 122.833 519.562 1134.186 156.708 -1907.349 571.899 217.59 31.433 24.567 50.659 2548.218 2502.289 2111.969 1732.178 1374.207 1011.353 656.738 204.926 36.621 39.673 74.463 2.441 -335.388 -680.084 -1018.524 -1361.847 -1700.592 -2037.506 -2376.099 -2696.838 555.267 795.135 437.012 81.94 2.747 -351.868 -708.466 546 560 788 36.37 42.2 210 82 2408 1 034
4773884 5626 2025/9/28 14:48:41 P18 76.5 32.76 0 11.74 52.6 931.43 962.04 338.287 582.581 3797.913 313.11 586.853 888.672 588.989 -27.618 -15.869 174.561 -26.093 245.056 940.552 6.104 704.193 793.152 432.281 467.224 1015.778 571.747 -5000 9.766 -19.836 0.763 -31.433 11.139 407.715 126.343 518.494 1132.202 149.536 -1907.501 570.374 217.896 36.774 30.06 49.896 2543.488 2502.747 2122.65 1748.047 1395.416 1034.851 677.49 198.669 37.842 45.929 70.801 4.883 -332.336 -672.15 -1007.69 -1350.861 -1687.927 -2024.994 -2359.467 -2682.19 554.199 792.389 438.08 85.449 4.883 -344.238 -696.106 535 560 788 36.38 42.18 209 82 2408 1 034
4773885 5626 2025/9/28 14:48:42 P18 76.45 32.74 0 11.62 52.51 931.43 962.06 337.372 582.733 3798.523 314.789 586.548 889.587 588.837 88.959 0.153 161.285 -26.398 244.598 940.094 7.477 703.43 792.847 431.213 467.072 1016.541 572.662 -5000 10.986 -19.684 63.477 -30.975 10.223 407.715 125.58 518.036 1134.796 147.552 -1907.349 570.526 217.133 31.738 23.193 50.354 2546.082 2503.204 2115.021 1742.859 1387.939 1022.339 666.199 197.144 38.147 30.518 72.327 1.831 -333.862 -676.27 -1014.099 -1355.591 -1695.404 -2033.081 -2366.486 -2692.719 556.641 795.135 434.113 82.397 3.662 -349.426 -700.836 548 555 788 36.37 42.18 209 82 2408 1 034
4773886 5626 2025/9/28 14:48:43 P18 76.49 32.77 0 11.72 52.44 931.4 962.06 339.355 583.496 3796.234 312.042 585.938 888.977 589.294 -50.659 -4.73 173.187 -25.177 245.361 939.178 7.477 701.904 792.847 430.298 467.224 1018.066 571.899 -5000 10.834 -19.836 43.64 -31.281 11.444 407.41 122.833 517.12 1134.949 171.661 -1907.654 569.763 217.133 33.417 35.706 49.133 2546.082 2502.136 2111.816 1734.314 1374.969 1011.963 657.043 200.806 33.722 51.88 71.106 4.12 -334.625 -679.016 -1017.914 -1361.542 -1700.592 -2038.116 -2375.793 -2696.228 553.589 794.067 437.622 81.177 2.441 -353.546 -709.076 542 555 788 36.41 42.15 209 81 2408 1 034
4773887 5626 2025/9/28 14:48:44 P18 76.49 32.67 0 11.72 52.41 931.4 962.04 338.745 583.191 3796.539 311.432 586.7 883.789 588.989 34.637 -22.125 176.697 -26.398 244.446 932.312 7.782 702.82 791.321 429.688 466.766 1015.472 572.357 -5000 5.798 -19.531 35.248 -30.365 10.986 405.884 124.664 517.273 1131.744 163.574 -1907.806 570.068 215.607 35.706 28.687 50.049 2546.234 2502.594 2118.988 1748.199 1396.179 1033.325 676.727 193.787 33.112 62.866 72.021 4.73 -330.353 -671.082 -1009.827 -1351.776 -1690.063 -2027.588 -2361.45 -2685.242 553.131 792.542 437.622 84.381 1.373 -348.511 -699.615 545 555 788 36.34 42.26 209 81 2408 1 034
4773888 5626 2025/9/28 14:48:45 P18 76.43 32.71 0 11.62 52.47 931.39 962.04 337.982 583.191 3795.776 311.432 585.48 887.451 589.905 40.436 -43.793 195.312 -26.55 244.293 940.857 7.019 701.141 792.694 429.535 467.834 1015.167 571.899 -5000 6.866 -19.989 -24.109 -30.518 11.444 407.715 122.223 516.968 1132.812 163.727 -1907.501 568.695 217.438 37.994 28.839 49.286 2549.896 2502.594 2116.089 1739.502 1382.904 1023.102 664.215 198.822 34.485 44.556 70.496 3.357 -329.285 -672.607 -1011.505 -1355.743 -1694.794 -2032.623 -2370.605 -2694.397 552.826 791.321 437.622 84.076 2.899 -348.969 -703.43 541 560 788 36.38 42.19 209 81 2408 1 034
4773889 5626 2025/9/28 14:48:46 P18 76.4 32.69 0 11.73 52.52 931.4 962.06 337.219 583.191 3793.945 313.263 585.785 884.094 588.989 3.662 -22.583 187.531 -26.093 244.751 939.178 7.172 701.141 792.084 428.467 467.377 1009.064 570.831 -5000 5.188 -20.294 46.692 -30.06 11.597 407.104 125.732 516.205 1132.812 172.882 -1907.654 569.305 215.149 37.994 25.94 50.659 2548.218 2503.662 2109.985 1733.246 1374.664 1011.505 657.959 196.686 37.537 27.313 70.496 4.883 -336.609 -679.932 -1016.998 -1359.863 -1699.066 -2035.98 -2374.268 -2694.855 554.199 791.168 439.453 81.177 5.035 -352.783 -708.923 545 560 788 36.4 42.12 209 81 2408 1 034
4773890 5626 2025/9/28 14:48:47 P18 76.5 32.69 0 11.77 52.48 931.42 962.08 339.355 583.954 3793.945 311.432 585.022 881.348 588.837 46.539 24.414 175.171 -26.855 244.598 936.279 7.172 702.057 792.542 428.467 466.309 1015.778 570.831 -5000 -3.357 -20.599 24.261 -30.212 11.444 406.494 124.512 517.578 1133.575 181.732 -1908.722 569.458 217.59 36.469 29.144 49.896 2544.403 2502.441 2114.563 1741.638 1386.566 1026.917 673.523 198.975 37.231 40.894 71.564 4.578 -334.32 -679.016 -1014.557 -1356.812 -1695.251 -2030.945 -2365.875 -2687.683 554.047 791.321 439.148 82.245 6.409 -348.816 -701.294 545 560 788 36.4 42.12 209 81 2408 1 034
4773891 5626 2025/9/28 14:48:48 P18 76.5 32.73 0 11.67 52.46 931.39 962.07 338.135 582.886 3793.03 313.873 585.327 885.925 590.057 3.662 -21.973 158.234 -25.635 243.835 940.704 7.019 701.447 793.457 427.856 467.529 1013.794 571.136 -5000 -6.104 -19.989 62.103 -31.128 10.986 407.104 122.681 516.815 1131.439 172.577 -1908.569 568.085 217.133 35.4 23.346 49.744 2549.591 2503.052 2113.495 1737.671 1377.563 1014.099 658.112 201.569 39.368 19.379 73.7 3.204 -341.034 -681.915 -1017.761 -1359.711 -1698.303 -2034.607 -2371.521 -2693.634 554.657 792.847 437.317 82.245 2.899 -350.494 -704.193 536 555 788 36.38 42.16 209 81 2408 1 034
4773892 5626 2025/9/28 14:48:49 P18 76.47 32.69 0 11.71 52.5 931.42 962.07 339.966 584.106 3791.199 310.822 585.938 885.62 588.989 -13.885 -34.943 178.375 -26.093 243.835 939.331 7.477 699.615 793.762 426.788 466.461 1014.862 571.136 -5000 -4.73 -20.142 56.305 -31.128 10.681 408.02 123.444 516.205 1132.355 133.82 -1908.112 567.627 216.217 32.806 27.161 49.591 2546.844 2503.052 2114.868 1737.518 1383.209 1021.576 666.199 202.637 35.858 32.806 72.174 3.357 -332.336 -676.575 -1014.709 -1357.574 -1696.014 -2034.149 -2369.69 -2690.582 552.826 791.168 437.469 81.787 1.831 -350.8 -706.94 536 560 788 36.37 42.19 209 81 2408 1 034
4773893 5626 2025/9/28 14:48:50 P18 76.49 32.69 0 11.67 52.59 931.41 962.06 338.898 582.581 3790.131 311.127 584.717 880.28 590.21 9.918 -21.21 169.22 -27.008 243.378 937.805 6.866 700.836 790.71 426.331 466.309 1011.505 570.068 -5000 -4.73 -20.905 -48.676 -29.755 10.071 406.036 124.512 515.594 1130.066 175.171 -1908.112 568.695 214.844 33.569 25.635 49.744 2547.455 2503.357 2116.241 1744.995 1392.365 1030.121 676.88 206.299 37.537 23.041 71.716 3.204 -333.557 -677.49 -1014.252 -1354.37 -1692.2 -2028.809 -2361.45 -2684.631 553.131 790.405 439.301 84.534 4.883 -351.715 -702.209 546 560 788 36.37 42.2 209 81 2408 1 034
4773894 5626 2025/9/28 14:48:51 P18 76.49 32.65 0 11.72 52.54 931.42 962.06 336.914 583.038 3791.046 313.873 585.785 885.01 589.752 -7.477 -20.142 183.716 -26.55 242.767 932.77 6.714 700.684 792.236 425.873 466.766 1011.353 570.374 -5000 -1.678 -20.294 -8.24 -30.823 10.834 407.104 124.054 515.137 1130.066 174.255 -1907.959 568.542 216.675 33.112 24.719 50.201 2545.929 2502.594 2121.124 1745.758 1394.348 1034.698 676.27 207.367 34.332 32.196 71.564 6.409 -333.405 -674.591 -1010.437 -1353.149 -1690.521 -2026.672 -2362.213 -2684.326 554.352 790.558 440.216 85.754 4.883 -346.832 -697.937 547 560 788 36.34 42.19 209 81 2408 1 034
4773895 5626 2025/9/28 14:48:52 P18 76.49 32.67 0 11.63 52.57 931.44 962.06 338.745 583.191 3790.131 314.026 584.869 880.737 589.6 10.071 2.899 171.204 -26.703 242.615 933.685 6.409 700.378 792.084 425.568 466.919 1010.132 569.458 -5000 3.052 -19.073 -37.537 -29.602 9.766 406.036 124.359 514.679 1127.777 154.724 -1911.469 568.237 214.539 34.332 26.703 49.591 2547.913 2503.967 2114.41 1741.943 1386.566 1024.17 669.861 206.604 35.248 39.062 70.801 5.188 -332.489 -676.88 -1014.099 -1356.201 -1695.251 -2032.471 -2366.18 -2689.667 554.504 790.405 439.148 83.466 2.441 -351.562 -703.278 537 560 788 36.4 42.19 209 81 2408 1 034
4773896 5626 2025/9/28 14:48:53 P18 76.42 32.77 0 11.71 52.49 931.39 962.06 339.508 582.733 3787.537 310.516 583.649 881.348 589.905 71.869 -7.324 163.422 -25.787 243.225 937.5 6.714 699.463 793.304 424.652 464.783 1012.726 569.153 -5000 7.172 -20.905 51.422 -29.907 12.054 407.41 124.207 514.984 1128.845 171.967 -1908.569 566.559 214.996 31.738 27.618 49.286 2543.945 2503.204 2119.904 1747.589 1397.705 1036.682 680.237 209.961 33.417 42.725 72.937 6.561 -333.405 -676.422 -1014.557 -1356.812 -1694.489 -2031.25 -2363.739 -2686.615 552.521 787.964 438.08 84.229 2.441 -347.443 -699.768 547 560 788 36.38 42.18 209 81 2408 1 034
4773897 5626 2025/9/28 14:48:54 P18 76.36 32.73 0 11.67 52.53 931.41 962.05 339.05 582.275 3782.806 313.568 583.649 883.636 589.905 -62.866 -30.823 186.615 -26.093 244.446 939.178 7.019 699.921 793.915 423.737 466.003 1012.573 569.153 -5000 1.831 -19.531 -4.578 -31.738 10.834 406.494 126.343 514.374 1127.777 172.577 -1908.569 566.406 214.081 32.654 30.06 50.507 2542.725 2501.678 2118.835 1742.554 1389.923 1028.137 670.776 199.127 36.926 27.924 71.411 5.493 -333.71 -674.438 -1013.336 -1354.523 -1692.505 -2030.334 -2366.486 -2688.141 554.199 788.879 440.674 90.485 5.035 -345.612 -698.7 545 565 788 36.35 42.13 208 81 2408 1 034
4773898 5626 2025/9/28 14:48:55 P18 76.42 32.62 0 11.6 52.51 931.42 962.06 338.898 582.428 3787.842 308.075 583.649 880.127 589.905 44.403 -4.73 165.1 -25.94 243.53 931.091 6.866 698.853 793.762 423.126 465.24 1011.505 568.848 -5000 6.561 -19.226 -9.003 -30.518 12.36 405.884 125.122 514.679 1127.014 162.659 -1908.417 566.406 215.149 35.248 26.55 49.591 2544.25 2501.373 2117.767 1743.011 1389.16 1029.968 675.201 196.228 37.384 58.441 71.411 1.526 -334.32 -678.101 -1014.404 -1356.354 -1693.726 -2029.724 -2366.18 -2686.615 553.284 789.185 437.012 83.008 4.12 -349.121 -701.904 545 565 788 36.35 42.19 208 81 2408 1 034
4773899 5626 2025/9/28 14:48:56 P18 76.45 32.71 0 11.77 52.61 931.42 962.05 338.287 583.801 3786.316 313.263 584.412 882.874 590.057 2.289 16.632 163.727 -26.855 242.615 931.702 6.866 699.31 792.847 422.516 464.63 1010.437 569.611 -5000 2.441 -19.836 81.177 -31.128 9.918 406.189 126.343 513 1123.047 145.874 -1907.806 566.254 213.47 30.975 32.349 50.049 2545.624 2501.984 2118.835 1749.573 1397.095 1034.698 679.474 208.74 38.147 61.951 72.021 1.984 -327.606 -670.319 -1007.385 -1349.335 -1688.385 -2024.994 -2357.941 -2684.021 553.436 789.185 437.164 84.839 3.51 -346.069 -696.259 538 565 788 36.38 42.18 208 81 2408 1 034
4773900 5626 2025/9/28 14:48:57 P18 76.5 32.71 0 11.76 52.5 931.42 962.04 338.135 582.581 3786.011 314.636 583.038 881.958 590.973 -20.142 -11.902 163.422 -27.313 243.225 939.484 7.019 699.005 793.915 421.753 465.851 1009.064 567.932 -5000 5.951 -19.531 47.76 -31.738 10.529 406.189 126.953 513.153 1125.183 175.781 -1907.806 565.338 213.318 25.33 25.024 49.133 2544.25 2501.984 2112.885 1740.875 1383.667 1018.677 663.605 218.658 34.79 50.812 72.479 -1.373 -330.963 -675.049 -1013.947 -1356.049 -1695.404 -2032.471 -2367.249 -2692.261 550.079 787.354 436.554 83.618 1.678 -350.952 -703.888 538 565 788 36.38 42.18 208 81 2408 1 034
4773901 5626 2025/9/28 14:48:58 P18 76.42 32.71 0 11.75 52.5 931.41 962.05 339.508 583.954 3786.621 311.89 582.733 883.026 590.21 -13.885 -1.831 143.127 -25.482 242.31 935.211 6.409 698.853 793.152 421.753 466.461 1008.759 568.848 -5000 3.967 -19.379 18.616 -30.67 10.529 405.884 123.291 513.611 1126.251 170.898 -1908.569 565.796 214.844 34.027 27.008 51.88 2546.692 2503.662 2112.732 1734.619 1377.563 1015.93 660.4 213.928 36.316 36.621 71.411 1.526 -336.304 -680.847 -1018.524 -1361.237 -1699.524 -2036.133 -2374.878 -2694.702 554.81 787.964 436.401 78.735 3.51 -353.394 -708.923 534 565 788 36.34 42.17 208 81 2408 1 034
4773902 5626 2025/9/28 14:48:59 P18 76.35 32.71 0 11.63 52.48 931.38 962.04 337.067 582.581 3784.637 312.042 582.428 879.364 590.363 14.954 24.719 178.833 -27.313 241.699 939.331 7.324 698.7 789.948 421.448 465.698 1008.453 569 -5000 14.496 -20.294 -22.888 -31.738 9.46 406.799 127.258 511.78 1126.404 162.201 -1907.959 565.491 213.623 27.008 30.975 49.286 2546.082 2502.747 2116.089 1744.232 1392.517 1029.205 671.692 211.945 37.842 53.558 73.547 3.052 -333.252 -673.37 -1012.421 -1353.607 -1692.657 -2029.724 -2366.486 -2689.514 552.368 787.506 438.69 83.466 4.12 -348.511 -700.684 535 565 788 36.41 42.18 208 81 2408 1 034
4773903 5626 2025/9/28 14:49:00 P18 76.4 32.7 0 11.72 52.44 931.4 962.07 338.593 584.106 3783.417 312.805 581.97 883.331 591.125 -31.738 23.499 171.814 -25.94 242.31 940.857 6.256 698.242 793.304 420.227 466.309 1004.791 569.153 -5000 7.629 -18.768 34.637 -30.975 10.223 405.731 126.953 512.238 1121.063 177.917 -1908.112 563.965 212.555 29.602 26.093 49.133 2548.065 2503.357 2113.037 1734.161 1376.953 1011.963 655.518 209.656 37.537 34.18 73.09 3.967 -335.236 -677.795 -1015.472 -1359.863 -1699.066 -2036.285 -2374.573 -2695.618 554.352 787.506 439.911 81.024 3.052 -349.731 -705.109 546 565 788 36.4 42.29 208 80 2408 1 034
4773904 5626 2025/9/28 14:49:01 P18 76.39 32.66 0 11.7 52.46 931.4 962.07 337.982 581.97 3782.349 311.432 581.207 883.179 590.515 73.242 6.866 159.454 -26.55 241.241 937.653 6.104 698.395 793.457 419.617 466.309 1002.96 566.559 -5000 2.136 -19.226 29.755 -31.128 10.681 407.257 126.953 513.153 1122.742 201.416 -1908.417 563.354 213.47 31.433 26.245 50.201 2543.793 2502.289 2115.479 1741.638 1385.803 1024.323 670.929 212.86 35.553 42.725 72.784 2.594 -334.32 -678.558 -1016.083 -1357.574 -1696.32 -2032.928 -2367.554 -2690.125 552.826 786.133 438.232 83.16 4.425 -350.189 -701.294 546 565 788 36.34 42.17 208 80 2408 1 034
4773905 5626 2025/9/28 14:49:02 P18 76.45 32.67 0 11.65 52.55 931.41 962.05 335.999 583.191 3781.128 309.143 582.428 875.397 591.583 32.043 -35.095 165.71 -26.703 241.852 940.552 6.104 697.174 793.762 419.464 464.783 1006.775 568.695 -5000 13.733 -18.768 20.294 -31.281 10.986 407.104 123.749 512.238 1121.216 195.465 -1907.043 563.354 214.691 30.518 29.907 49.896 2550.812 2502.289 2113.647 1740.265 1385.345 1020.66 664.215 208.588 34.027 47.607 73.395 6.714 -332.642 -671.997 -1013.794 -1356.659 -1695.557 -2032.776 -2366.943 -2691.956 551.147 784.302 440.063 84.076 5.035 -347.595 -701.294 538 565 788 36.4 42.21 208 80 2408 1 034
4773906 5626 2025/9/28 14:49:03 P18 76.3 32.69 0 11.65 52.52 931.41 962.02 338.135 583.649 3778.534 309.906 582.123 883.789 590.82 -20.752 -9.308 160.065 -26.703 240.784 938.873 5.798 698.242 793.304 419.312 462.494 1006.927 568.542 -5000 3.815 -19.836 -56.458 -30.365 10.071 406.036 127.563 511.169 1118.927 166.931 -1908.722 564.117 213.165 31.891 30.365 48.523 2545.776 2502.289 2108.154 1731.873 1375.275 1010.284 657.501 210.724 36.774 40.588 71.869 6.561 -336.761 -681 -1019.44 -1361.847 -1701.66 -2038.879 -2373.352 -2698.669 552.063 783.081 438.995 80.566 5.493 -352.631 -708.466 546 565 788 36.41 42.27 208 80 2408 1 034
4773907 5626 2025/9/28 14:49:04 P18 76.49 32.7 0 11.71 52.43 931.42 962.06 339.508 582.733 3779.755 307.77 580.75 877.533 591.125 55.237 -14.343 161.438 -26.245 241.241 937.958 5.951 696.564 793.61 416.718 464.63 1007.538 566.101 -5000 14.801 -19.379 13.733 -31.128 11.292 406.647 125.427 511.627 1122.437 171.814 -1909.027 564.117 214.539 33.875 31.586 50.049 2544.556 2501.221 2116.547 1741.486 1387.634 1024.17 669.861 208.435 35.858 32.043 70.801 3.662 -335.388 -677.49 -1013.336 -1356.506 -1694.183 -2032.776 -2365.57 -2686.005 548.706 783.234 436.554 83.313 4.272 -345.764 -699.005 537 565 787 36.4 42.29 208 80 2408 1 034
4773908 5626 2025/9/28 14:49:05 P18 76.4 32.7 0 11.77 52.59 931.43 962.04 336.151 583.649 3779.449 313.416 581.207 870.972 591.583 25.177 -40.894 165.71 -27.008 240.631 938.873 5.493 696.869 793.304 417.786 465.698 1004.791 567.932 -5000 5.188 -19.836 52.185 -30.212 9.918 405.731 125.885 510.254 1121.979 149.841 -1908.569 563.202 211.792 37.384 31.433 50.049 2547.302 2501.221 2121.887 1749.573 1396.179 1036.987 679.779 200.043 37.231 28.839 72.327 3.052 -332.489 -673.828 -1009.216 -1351.013 -1688.385 -2024.689 -2360.535 -2682.953 551.91 785.065 437.927 84.991 5.493 -346.985 -696.716 547 570 786 36.38 42.22 208 80 2408 1 034
4773909 5626 2025/9/28 14:49:06 P18 76.45 32.73 0 11.56 52.54 931.41 962.05 340.118 583.191 3778.534 308.838 580.597 877.533 591.431 -11.902 -7.629 172.272 -27.008 240.784 935.516 5.798 695.953 794.22 416.718 464.172 1005.554 565.643 -5000 -1.526 -19.226 -5.646 -30.975 10.376 406.647 125.885 511.322 1121.521 148.01 -1908.569 562.439 213.318 30.975 29.602 51.575 2544.098 2501.221 2112.885 1735.687 1382.141 1019.592 664.52 206.299 35.095 37.231 70.496 4.883 -335.236 -677.948 -1017.609 -1359.711 -1698.303 -2036.438 -2372.284 -2692.719 551.605 784.76 436.859 80.109 2.441 -352.478 -708.313 528 570 785 36.4 42.19 208 80 2408 1 034
4773910 5626 2025/9/28 14:49:07 P18 76.37 32.73 0 11.67 52.47 931.41 962.06 339.661 583.801 3776.55 309.448 580.444 874.634 591.278 109.253 -6.561 178.68 -26.855 241.241 935.059 5.646 697.174 792.847 416.26 462.799 1005.249 565.948 -5000 5.951 -19.836 87.433 -30.518 10.529 405.426 122.986 511.322 1121.368 163.422 -1908.875 562.897 212.25 33.417 34.637 49.591 2548.218 2501.373 2127.075 1748.81 1395.569 1034.546 677.49 205.536 37.689 40.436 73.547 2.747 -336.151 -676.88 -1012.878 -1354.218 -1691.284 -2028.503 -2363.434 -2684.174 551.91 784.912 437.164 82.397 5.035 -346.375 -699.158 545 565 783 36.4 42.29 207 80 2408 1 034
4773911 5626 2025/9/28 14:49:08 P18 76.35 32.6 0 11.53 52.5 931.4 962.06 339.508 583.344 3777.924 310.822 580.597 877.228 591.125 33.875 -8.087 175.323 -25.635 240.173 934.448 5.493 695.953 793.304 416.412 465.393 1004.639 566.711 -5000 9.46 -19.073 140.686 -30.365 10.834 406.036 122.528 510.406 1119.843 164.948 -1908.722 561.066 211.945 28.992 26.55 49.744 2546.997 2503.357 2117.462 1748.962 1396.637 1031.494 677.795 207.062 36.774 59.204 71.869 3.967 -328.674 -670.929 -1009.064 -1350.861 -1689.606 -2025.604 -2357.635 -2683.411 551.605 781.86 438.69 85.297 5.646 -345.764 -695.953 545 565 783 36.4 42.29 207 80 2408 1 034
4773912 5626 2025/9/28 14:49:09 P18 76.35 32.69 0 11.53 52.5 931.45 962.06 339.508 583.954 3775.94 312.958 580.139 874.939 591.583 39.978 -11.597 153.198 -26.245 240.021 938.873 6.104 696.106 792.542 414.886 464.172 998.993 565.796 -5000 5.493 -18.921 61.493 -30.06 9.918 405.579 128.021 511.475 1117.249 177.46 -1908.722 562.134 210.876 29.907 30.365 49.591 2546.844 2502.899 2117.157 1741.028 1386.108 1024.017 666.962 207.825 34.332 49.438 70.648 0.763 -331.726 -676.117 -1013.641 -1356.812 -1695.251 -2032.471 -2367.859 -2689.056 550.232 783.386 437.317 83.618 3.51 -350.189 -704.498 537 570 781 36.37 42.29 207 80 2408 1 034
4773913 5626 2025/9/28 14:49:10 P18 76.37 32.63 0 11.82 52.6 931.41 962.07 337.677 582.275 3775.33 312.958 579.987 877.991 591.888 -80.872 14.191 164.185 -25.482 241.852 936.89 5.798 695.953 792.999 413.971 464.325 1002.808 565.643 -5000 8.698 -19.073 12.36 -30.518 10.223 405.579 126.801 509.491 1114.044 164.337 -1908.417 560.76 210.876 32.654 35.095 49.744 2544.25 2502.594 2117.157 1744.537 1394.196 1033.173 676.88 212.097 33.569 25.482 71.869 3.967 -332.489 -674.744 -1009.521 -1351.776 -1689.758 -2027.13 -2361.298 -2683.411 548.553 780.182 440.826 83.923 1.831 -346.985 -700.989 538 570 781 36.37 42.16 207 80 2408 1 034
4773914 5626 2025/9/28 14:49:11 P18 76.39 32.69 0 11.75 52.56 931.42 962.05 338.745 583.191 3775.33 307.312 580.597 875.092 592.041 -125.275 -26.093 158.691 -26.093 240.784 935.822 5.341 693.512 792.389 414.124 464.783 1002.808 565.186 -5000 16.937 -19.531 33.875 -28.687 10.071 404.968 123.291 510.101 1118.469 144.348 -1908.875 561.523 210.724 29.144 29.907 49.438 2548.676 2502.289 2120.209 1744.995 1392.059 1033.325 675.049 209.503 38.147 39.825 73.09 1.831 -334.473 -675.354 -1011.963 -1354.37 -1692.2 -2028.809 -2364.96 -2686.462 550.69 781.708 436.554 84.229 2.594 -346.985 -698.853 547 575 781 36.35 42.2 207 80 2408 1 034
4773915 5626 2025/9/28 14:49:12 P18 76.35 32.69 0 11.79 52.52 931.44 962.04 338.44 583.649 3773.804 310.364 580.139 880.432 592.041 29.907 -11.444 177.765 -25.33 239.563 939.178 5.493 693.665 793.61 413.361 463.562 1002.655 565.796 -5000 1.526 -19.073 35.248 -30.67 9.766 405.426 127.563 508.728 1113.129 149.231 -1908.875 561.218 209.656 28.229 25.024 50.049 2547.302 2503.357 2113.342 1739.044 1383.209 1015.93 659.485 207.52 37.689 43.03 73.395 1.678 -333.252 -677.032 -1015.93 -1357.88 -1697.083 -2035.217 -2369.995 -2693.176 551.758 782.928 436.707 81.787 2.899 -349.274 -702.667 536 570 781 36.37 42.2 207 80 2408 1 034
4773916 5626 2025/9/28 14:49:13 P18 76.42 32.7 0 11.81 52.54 931.41 962.05 338.593 583.801 3773.651 312.042 579.681 874.786 592.499 118.408 2.594 170.746 -26.093 238.8 939.331 5.493 695.801 792.694 413.055 464.02 1002.502 564.117 -5000 9.766 -19.226 53.711 -30.518 10.071 405.273 128.632 509.796 1105.042 166.931 -1908.417 562.134 210.571 32.043 19.684 49.744 2546.692 2502.441 2121.277 1747.894 1396.79 1034.698 678.406 209.198 33.112 38.452 74.615 2.899 -334.167 -675.201 -1011.658 -1352.386 -1691.895 -2026.978 -2361.298 -2682.343 550.385 781.25 437.927 84.839 4.73 -345.001 -696.869 547 570 781 36.38 42.22 207 80 2408 1 034
4773917 5626 2025/9/28 14:49:14 P18 76.43 32.69 0 11.57 52.51 931.39 962.05 337.677 582.581 3772.278 311.89 578.461 868.683 592.041 27.008 -22.888 166.321 -25.635 240.173 938.11 5.341 695.496 793.762 411.682 464.172 1002.35 564.575 -5000 2.899 -19.073 -20.142 -30.975 10.834 405.884 127.258 508.575 1115.417 171.356 -1909.027 559.54 209.808 29.755 31.128 49.744 2542.725 2501.831 2117.004 1743.774 1388.55 1029.358 672.455 217.59 32.196 39.978 70.343 6.104 -332.489 -674.591 -1010.742 -1353.455 -1691.742 -2029.114 -2363.739 -2685.394 548.859 778.809 438.385 85.144 1.526 -346.222 -697.632 532 570 780 36.4 42.24 207 80 2408 1 034
4773918 5626 2025/9/28 14:49:15 P18 76.35 32.7 0 11.68 52.6 931.42 962.04 338.44 584.259 3769.226 311.584 578.766 878.601 592.041 -68.359 2.747 182.343 -26.703 239.563 934.601 4.883 694.885 792.542 410.767 463.104 1000.977 564.88 -5000 -8.24 -19.531 13.428 -30.823 9.46 405.579 126.648 508.118 1112.061 174.255 -1908.569 561.523 210.114 30.212 23.499 49.438 2545.319 2501.678 2113.342 1740.417 1380.768 1016.083 659.79 210.571 35.095 40.588 72.632 1.373 -333.405 -677.948 -1015.778 -1357.727 -1698.456 -2035.675 -2371.826 -2696.533 551.91 782.471 436.249 82.397 1.526 -351.868 -705.109 547 570 779 36.41 42.24 207 80 2408 1 034
4773919 5626 2025/9/28 14:49:16 P18 76.32 32.73 0 11.81 52.53 931.43 962.06 339.813 582.733 3769.989 307.312 578.003 874.481 592.346 173.645 -0.763 180.817 -26.55 238.953 935.516 5.493 693.359 793.762 410.919 463.104 1001.129 564.27 -5000 1.221 -18.921 -0.763 -30.67 11.139 406.494 126.953 508.728 1115.57 161.743 -1908.264 559.845 210.876 33.264 24.719 48.828 2545.319 2503.967 2120.209 1748.962 1394.196 1035.309 679.779 211.487 34.943 54.169 71.716 5.188 -323.944 -671.997 -1009.827 -1352.081 -1689.758 -2025.757 -2359.314 -2681.427 549.316 779.724 438.385 84.991 2.441 -345.306 -695.648 527 570 777 36.37 42.27 207 80 2408 1 034
4773920 5626 2025/9/28 14:49:17 P18 76.36 32.73 0 11.73 52.46 931.43 962.07 340.881 582.733 3769.226 309.906 577.393 876.007 592.499 19.684 -23.956 183.563 -26.093 238.647 937.805 5.035 691.681 793.61 410.156 463.257 1000.519 563.354 -5000 -10.071 -18.768 -3.51 -31.128 10.376 406.952 126.953 507.507 1114.807 178.375 -1908.569 558.472 210.266 26.093 22.888 49.133 2543.182 2502.441 2117.157 1742.096 1389.313 1027.679 668.793 218.353 33.569 49.896 70.496 5.035 -334.473 -675.049 -1012.573 -1354.065 -1692.505 -2030.334 -2365.417 -2688.293 549.622 779.572 437.927 83.771 1.678 -347.443 -700.684 547 575 776 36.37 42.24 207 80 2408 1 034
4773921 5626 2025/9/28 14:49:18 P18 76.3 32.69 0 11.69 52.43 931.44 962.06 337.83 583.038 3770.447 311.584 577.698 876.617 592.804 -137.787 -45.166 195.16 -26.398 237.732 932.617 5.798 693.054 792.999 410.614 463.562 998.383 564.423 -5000 -24.261 -18.921 -2.441 -30.975 9.766 405.426 126.648 506.592 1112.823 190.43 -1907.806 559.54 208.893 33.112 27.161 49.438 2547.455 2502.441 2111.359 1736.755 1379.089 1012.268 657.349 213.928 37.689 52.032 72.479 5.035 -334.015 -678.101 -1017.303 -1358.49 -1698.303 -2035.675 -2370.758 -2695.77 549.774 779.114 438.538 81.787 5.646 -350.8 -704.651 537 575 775 36.37 42.18 207 79 2408 1 034
4773922 5626 2025/9/28 14:49:19 P18 76.39 32.77 0 11.87 52.57 931.44 962.04 337.219 582.886 3768.768 311.127 577.545 875.854 593.262 -20.294 -40.283 175.934 -27.313 237.732 937.805 4.883 694.275 792.694 409.088 463.715 997.925 564.27 -5000 -2.441 -18.921 10.986 -30.975 10.223 406.036 127.106 508.118 1111.908 171.814 -1907.806 559.54 210.114 36.011 33.722 49.438 2546.539 2502.136 2119.446 1741.943 1383.057 1020.203 664.52 217.133 31.891 58.899 72.174 5.188 -333.862 -677.795 -1013.489 -1357.422 -1696.32 -2033.081 -2369.69 -2690.277 547.943 776.978 442.2 82.092 1.068 -350.342 -705.109 547 575 775 36.43 42.23 207 79 2408 1 034
4773923 5626 2025/9/28 14:49:20 P18 76.33 32.74 0 11.75 52.48 931.42 962.06 336.609 582.428 3767.395 309.906 577.85 862.579 592.499 63.477 -11.597 169.373 -26.855 238.342 936.737 4.425 693.359 790.71 408.936 463.409 997.009 564.423 -5000 11.749 -19.531 35.248 -30.365 9.766 405.884 127.106 506.592 1112.823 158.081 -1906.891 558.624 209.045 30.823 26.245 49.438 2546.997 2502.594 2117.92 1746.063 1388.702 1027.222 670.319 216.064 35.706 60.883 70.953 3.357 -332.031 -675.354 -1011.047 -1353.455 -1692.505 -2029.724 -2366.333 -2689.209 548.706 780.334 439.148 85.754 4.272 -348.206 -699.921 547 575 774 36.43 42.23 207 79 2408 1 034
4773924 5626 2025/9/28 14:49:21 P18 76.35 32.62 0 11.85 52.57 931.43 962.05 337.677 581.818 3768.005 312.195 577.24 876.465 593.567 50.354 -7.629 185.394 -26.855 237.732 931.702 4.272 692.749 791.626 408.478 463.409 996.857 562.439 -5000 8.545 -20.599 58.899 -31.281 9.613 405.579 126.038 505.524 1110.687 170.898 -1907.654 558.319 210.724 29.602 29.297 49.286 2544.556 2503.357 2110.748 1736.45 1377.106 1013.947 659.18 217.438 32.959 47.607 71.259 3.357 -331.726 -677.795 -1018.524 -1359.253 -1698.914 -2035.217 -2370.605 -2695.923 547.943 777.283 436.859 82.092 1.984 -352.325 -706.329 547 575 774 36.4 42.27 207 79 2408 1 034
4773925 5626 2025/9/28 14:49:22 P18 76.25 32.62 0 11.62 52.57 931.43 962.05 338.44 582.275 3766.327 311.89 575.409 875.397 592.957 66.528 2.899 171.204 -27.466 239.105 935.211 3.357 693.512 793.915 407.104 462.799 996.094 561.676 -5000 0 -18.616 72.632 -32.196 10.071 405.273 128.021 505.829 1109.009 146.332 -1908.112 558.014 208.282 31.738 35.248 49.744 2544.25 2503.052 2115.631 1741.333 1384.735 1024.628 669.556 220.947 35.858 55.389 73.853 1.526 -334.167 -677.795 -1014.252 -1358.032 -1696.167 -2031.708 -2367.859 -2689.362 549.316 778.046 440.979 81.635 2.136 -350.952 -703.43 547 575 774 36.37 42.36 207 79 2408 1 034
4773926 5626 2025/9/28 14:49:23 P18 76.35 32.69 0 11.8 52.43 931.4 962.06 339.355 583.801 3764.648 311.89 576.782 871.887 593.109 55.695 -13.123 185.547 -25.94 237.122 937.5 5.493 693.207 792.847 407.562 462.189 998.077 562.897 -5000 12.054 -19.989 -7.782 -29.755 9.918 405.121 127.716 505.981 1107.483 173.34 -1907.806 556.488 207.52 27.924 27.313 49.438 2547.15 2501.831 2116.394 1744.843 1387.787 1026.611 669.403 212.708 38.757 48.828 74.615 3.51 -331.726 -674.133 -1011.81 -1354.218 -1694.031 -2030.945 -2368.011 -2691.345 549.316 777.435 439.301 84.686 4.883 -346.68 -696.411 538 575 774 36.3 42.23 207 79 2408 1 034
4773927 5626 2025/9/28 14:49:24 P18 76.35 32.73 0 11.73 52.48 931.41 962.07 337.524 582.581 3762.817 307.617 575.714 867.767 593.109 82.092 -22.736 161.285 -25.482 236.816 936.432 4.578 692.139 792.694 406.342 462.952 998.077 562.134 -5000 -7.782 -19.379 103.607 -29.755 10.681 406.342 127.411 506.287 1108.856 167.236 -1908.264 556.335 208.74 31.433 34.332 49.133 2543.793 2503.51 2111.206 1734.924 1376.648 1010.895 656.128 216.827 32.959 51.27 70.19 4.73 -333.252 -677.948 -1016.541 -1360.016 -1699.829 -2037.506 -2372.589 -2696.228 549.316 775.146 438.538 82.245 3.662 -351.41 -705.109 547 575 775 36.37 42.29 207 79 2408 1 034
4773928 5626 2025/9/28 14:49:25 P18 76.33 32.74 0 11.63 52.45 931.45 962.05 338.898 582.123 3764.648 308.838 576.324 873.108 592.804 27.924 -25.635 173.492 -26.703 237.122 935.211 4.425 692.291 793.457 404.51 462.189 996.399 562.134 -5000 7.477 -18.005 46.387 -31.738 11.139 405.579 127.106 505.829 1106.873 167.542 -1907.501 557.556 209.503 27.771 26.245 49.896 2541.809 2501.678 2113.342 1741.18 1385.498 1022.339 669.403 212.708 37.537 36.926 72.632 3.967 -333.557 -677.185 -1015.167 -1356.201 -1696.167 -2035.98 -2367.401 -2689.056 548.248 777.13 437.317 81.329 5.646 -357.056 -704.346 538 575 776 36.35 42.19 207 79 2408 1 034
4773929 5626 2025/9/28 14:49:26 P18 76.26 32.77 0 11.73 52.56 931.42 962.05 337.219 581.97 3755.798 305.328 576.477 871.887 593.262 33.264 -5.341 179.901 -25.635 236.664 937.958 4.425 691.528 792.847 405.731 462.952 995.331 563.202 -5000 4.425 -18.311 19.073 -31.433 10.681 407.257 124.207 504.761 1109.772 150.909 -1907.959 556.183 208.893 30.365 37.689 49.744 2550.049 2502.441 2119.904 1744.843 1390.686 1032.104 676.27 220.642 33.875 46.539 70.343 4.73 -331.726 -674.744 -1011.81 -1354.065 -1691.742 -2027.74 -2363.129 -2683.105 547.485 776.978 438.385 83.618 1.831 -346.527 -700.073 535 575 776 36.37 42.34 207 79 2408 1 034
4773930 5626 2025/9/28 14:49:27 P18 76.37 32.74 0 11.67 52.53 931.38 962.09 338.44 583.649 3761.597 308.99 576.324 871.277 593.567 -17.395 -36.774 157.166 -26.398 236.511 939.331 3.967 690.918 792.694 405.579 462.494 993.347 561.981 -5000 12.665 -18.768 1.526 -31.586 9.766 404.816 127.106 506.744 1109.314 143.738 -1908.417 556.641 207.672 32.959 29.907 49.133 2548.37 2503.052 2113.647 1732.635 1376.495 1011.505 653.534 219.879 36.621 27.771 72.021 3.204 -346.375 -686.951 -1025.696 -1365.967 -1703.644 -2041.626 -2378.082 -2699.127 548.859 776.215 437.927 79.346 3.204 -352.02 -709.229 538 575 777 36.35 42.31 206 79 2408 1 034
4773931 5626 2025/9/28 14:49:28 P18 76.29 32.74 0 11.82 52.55 931.45 962.05 337.372 582.428 3760.529 307.617 575.867 874.176 593.567 11.749 -22.888 180.359 -27.008 236.511 936.279 3.815 692.139 792.084 404.358 462.341 993.195 560.76 -5000 17.853 -18.921 30.212 -32.196 9.613 406.342 127.869 504.913 1107.788 161.438 -1908.264 553.741 208.435 35.095 33.722 49.286 2546.234 2502.594 2115.784 1741.028 1387.482 1023.712 667.419 220.642 33.875 36.469 71.869 0.763 -324.707 -671.997 -1011.963 -1354.523 -1693.268 -2031.25 -2366.333 -2688.293 545.349 775.604 437.775 81.94 2.441 -352.936 -705.872 549 575 778 36.4 42.27 206 79 2408 1 034
4773932 5626 2025/9/28 14:49:29 P18 76.25 32.67 0 11.73 52.37 931.43 962.05 339.203 583.038 3757.935 306.396 574.799 870.972 593.109 12.054 -6.256 172.729 -26.093 238.19 936.584 4.272 691.833 793.457 403.442 462.494 994.72 562.439 -5000 8.392 -17.853 -62.103 -30.823 9.766 406.036 125.58 505.066 1108.246 157.166 -1908.264 556.183 208.13 35.4 32.349 49.591 2546.234 2503.357 2116.852 1744.232 1388.702 1029.968 676.27 216.98 34.485 31.128 68.817 1.221 -332.947 -676.27 -1012.878 -1355.286 -1693.573 -2029.572 -2362.823 -2685.394 547.638 773.773 438.385 84.076 3.51 -352.631 -702.362 549 575 778 36.4 42.27 206 79 2408 1 034
4773933 5626 2025/9/28 14:49:30 P18 76.29 32.79 0 11.7 52.48 931.43 962.06 337.677 582.886 3759.003 308.075 575.256 860.138 593.414 -168.457 -38.91 174.561 -26.398 236.816 938.568 5.493 691.071 789.032 403.29 461.578 993.195 561.523 -5000 1.068 -18.463 51.727 -29.602 9.918 404.816 128.479 505.066 1106.262 185.852 -1908.569 555.878 206.451 25.787 28.229 48.37 2546.539 2502.899 2122.803 1752.319 1394.348 1033.936 678.558 215.607 36.163 55.847 72.327 1.068 -332.031 -674.286 -1009.521 -1350.861 -1689.453 -2026.062 -2354.736 -2681.427 549.774 776.825 438.69 85.449 4.578 -346.985 -696.411 547 575 780 36.38 42.19 206 79 2408 1 034
4773934 5626 2025/9/28 14:49:31 P18 76.3 32.73 0 11.6 52.5 931.4 962.04 337.067 582.275 3758.698 310.516 575.104 872.803 594.025 -36.011 -6.104 157.471 -24.872 235.901 937.805 3.815 690.46 792.542 402.985 462.494 993.652 562.286 -5000 12.36 -19.226 37.231 -30.518 11.139 404.968 126.038 503.693 1107.178 162.811 -1908.417 554.657 206.757 29.602 33.264 49.591 2548.37 2502.899 2115.479 1738.892 1384.888 1021.423 665.894 217.133 34.485 78.888 71.716 2.899 -334.93 -677.948 -1016.693 -1357.727 -1695.862 -2033.844 -2368.469 -2690.43 547.791 775.146 438.232 81.635 1.984 -352.325 -708.008 549 575 781 36.33 42.2 206 79 2408 1 034
4773935 5626 2025/9/28 14:49:32 P18 76.35 32.65 0 11.73 52.48 931.43 962.06 337.83 582.886 3758.087 310.822 574.493 869.751 593.567 -26.703 28.381 164.795 -26.398 235.901 937.805 4.272 690.308 793.152 402.374 462.189 987.549 561.676 -5000 7.324 -18.463 19.836 -31.128 10.529 404.968 127.716 503.845 1106.262 147.705 -1907.959 555.267 205.994 32.501 33.569 49.896 2548.676 2502.289 2117.767 1741.943 1390.076 1028.748 672.913 215.759 37.384 35.4 71.716 5.646 -333.71 -676.575 -1013.489 -1355.438 -1692.657 -2029.419 -2365.417 -2687.225 547.638 772.4 438.843 84.534 4.425 -347.29 -701.447 547 580 783 36.37 42.28 206 79 2408 1 034
4773936 5626 2025/9/28 14:49:33 P18 76.35 32.6 0 11.73 52.56 931.39 962.06 336.304 581.36 3757.629 310.211 574.493 863.495 595.093 -1.526 50.507 156.403 -26.703 237.274 936.584 3.967 690.918 792.999 400.696 461.578 992.737 560.455 -5000 3.967 -19.073 53.864 -31.128 9.613 404.663 128.021 503.235 1101.227 176.849 -1908.112 554.657 206.757 34.637 22.125 49.286 2543.945 2501.526 2119.293 1747.742 1395.874 1034.546 678.711 210.571 36.621 25.024 71.411 1.678 -331.573 -672.455 -1010.59 -1351.471 -1684.57 -2023.926 -2357.788 -2681.274 548.248 773.163 437.317 82.703 4.272 -346.069 -699.31 541 580 784 36.44 42.24 206 78 2408 1 034
4773937 5626 2025/9/28 14:49:34 P18 76.4 32.69 0 11.69 52.6 931.38 962.06 338.287 582.123 3757.629 307.159 574.341 868.835 593.567 -80.566 10.376 168.304 -26.245 235.901 938.568 2.441 689.85 792.694 402.222 462.646 987.244 559.998 -5000 6.256 -19.989 81.94 -30.67 10.529 405.579 125.275 504.303 1104.126 157.776 -1908.264 554.657 208.435 31.281 27.161 49.438 2549.286 2502.747 2115.173 1736.45 1380.92 1018.982 663.147 213.47 36.163 28.992 73.853 3.51 -337.067 -679.626 -1017.303 -1360.321 -1698.914 -2037.811 -2373.81 -2694.397 548.096 774.994 437.775 81.024 4.578 -350.494 -707.703 546 580 785 36.38 42.28 206 78 2408 1 034
4773938 5626 2025/9/28 14:49:35 P18 76.29 32.67 0 11.69 52.5 931.38 962.02 338.593 582.275 3756.409 307.007 574.799 866.699 594.025 39.825 -12.512 157.623 -25.787 237.427 938.416 3.51 689.392 792.084 402.069 462.494 991.058 558.929 -5000 1.984 -18.921 37.689 -29.755 10.834 405.273 128.632 504.303 1093.445 166.016 -1908.264 554.199 206.604 34.943 27.466 49.286 2548.065 2504.12 2116.241 1740.723 1388.092 1026.001 670.929 215.912 33.264 37.079 70.953 1.526 -333.557 -676.88 -1015.167 -1356.659 -1694.031 -2031.86 -2366.028 -2686.31 547.18 774.841 437.775 83.618 1.984 -351.562 -706.329 537 580 785 36.44 42.29 206 78 2408 1 034
4773939 5626 2025/9/28 14:49:36 P18 76.28 32.69 0 11.87 52.46 931.42 962.05 338.745 582.275 3755.493 304.565 573.73 864.868 594.788 3.967 -16.022 150.146 -25.177 236.359 933.533 3.204 689.545 792.847 400.543 461.578 991.974 560.303 -5000 1.678 -18.921 6.714 -30.212 10.529 404.663 127.258 503.998 1103.516 169.983 -1908.264 554.199 207.214 34.332 26.398 49.438 2545.013 2503.815 2121.429 1747.742 1395.569 1035.919 678.558 213.165 34.027 32.043 72.784 3.662 -333.71 -675.201 -1010.437 -1352.997 -1689.453 -2025.452 -2360.229 -2682.495 546.722 771.79 438.232 84.839 2.289 -346.222 -697.479 525 580 786 36.41 42.36 206 78 2408 1 034
4773940 5626 2025/9/28 14:49:37 P18 76.36 32.67 0 11.68 52.5 931.39 962.05 337.219 581.665 3754.12 306.549 574.036 870.972 594.025 -64.85 -4.272 169.83 -27.466 236.359 933.99 4.272 689.545 791.168 399.475 460.968 990.753 559.54 -5000 4.272 -17.853 3.204 -31.738 9.766 404.358 128.479 501.709 1100.159 178.833 -1908.722 553.284 205.688 32.349 28.687 50.049 2543.945 2502.441 2109.528 1733.704 1375.885 1013.794 660.706 211.639 36.621 17.09 72.021 2.899 -334.625 -679.169 -1016.693 -1358.948 -1698.914 -2036.285 -2373.657 -2695.16 545.807 770.416 439.758 80.566 3.204 -352.631 -706.482 538 580 786 36.37 42.2 206 78 2408 1 034
4773941 5626 2025/9/28 14:49:38 P18 76.4 32.67 0 11.73 52.48 931.43 962.05 336.914 582.123 3753.815 305.481 574.036 870.361 594.482 79.651 3.052 130.768 -25.94 234.985 938.873 5.035 688.782 792.847 399.475 460.815 989.838 560.608 -5000 3.51 -18.921 45.776 -30.975 10.376 406.189 125.732 501.556 1102.753 177.155 -1908.264 552.368 206.451 32.501 37.384 49.133 2549.744 2501.831 2117.31 1739.807 1385.498 1024.475 669.25 219.269 35.553 25.482 73.242 4.883 -332.947 -676.27 -1013.947 -1356.506 -1694.183 -2030.64 -2366.943 -2687.836 546.57 768.28 438.232 83.313 3.967 -347.748 -702.362 547 580 787 36.38 42.36 206 78 2408 1 034
4773942 5626 2025/9/28 14:49:39 P18 76.28 32.7 0 11.67 52.46 931.43 962.04 337.524 581.512 3753.357 306.702 573.578 869.598 594.177 -81.94 -31.586 158.386 -26.855 234.985 936.737 3.204 689.24 793.61 399.017 462.341 988.922 558.929 -5000 -6.256 -19.073 26.855 -30.823 10.376 405.579 127.716 502.777 1101.532 193.787 -1908.875 552.063 206.451 35.248 24.261 50.049 2544.708 2502.289 2119.446 1745.758 1394.958 1035.309 678.711 222.168 36.469 19.836 72.937 2.441 -334.778 -676.575 -1006.47 -1353.149 -1691.895 -2027.74 -2363.434 -2683.716 548.401 772.858 438.385 84.229 5.188 -348.206 -699.158 539 580 787 36.35 42.34 206 78 2408 1 034
4773943 5626 2025/9/28 14:49:40 P18 76.33 32.63 0 11.7 52.57 931.38 962.07 337.067 582.581 3752.289 304.871 573.273 864.716 594.177 127.563 -22.736 149.994 -26.855 233.002 936.279 2.899 688.324 792.542 397.491 461.731 987.854 559.692 -5000 5.188 -18.311 49.744 -29.907 9.46 404.51 126.953 501.251 1101.074 166.626 -1908.722 554.199 205.078 30.212 23.804 49.896 2547.913 2503.052 2119.446 1748.81 1394.043 1033.63 677.338 226.746 31.586 37.231 70.648 5.493 -330.811 -673.37 -1010.132 -1350.708 -1690.674 -2026.978 -2360.077 -2684.326 545.959 770.111 437.317 86.212 4.272 -345.917 -695.496 539 580 787 36.35 42.34 206 78 2408 1 034
4773944 5626 2025/9/28 14:49:41 P18 76.3 32.73 0 11.77 52.53 931.4 962.05 339.05 582.123 3748.474 302.734 572.51 864.716 594.177 23.956 -22.43 147.705 -25.635 235.138 933.075 3.204 688.171 792.236 397.491 460.51 989.838 559.235 -5000 14.801 -18.921 -15.564 -30.212 11.292 402.985 125.58 501.709 1102.295 162.506 -1907.959 553.284 207.062 32.196 24.567 49.591 2547.607 2502.136 2113.19 1739.655 1385.803 1022.034 668.335 231.781 31.738 35.858 70.343 5.188 -334.32 -677.643 -1016.998 -1358.032 -1696.32 -2033.997 -2368.622 -2690.43 543.976 772.705 437.164 81.329 3.204 -354.004 -708.008 547 580 787 36.35 42.26 206 78 2408 1 034
4773945 5626 2025/9/28 14:49:42 P18 76.35 32.6 0 11.89 52.48 931.45 962.04 338.44 583.954 3750.916 305.481 573.12 868.835 594.635 105.896 10.376 152.283 -25.482 234.528 936.89 3.204 687.561 792.999 397.339 460.815 988.464 559.692 -5000 13.275 -18.463 -6.104 -30.365 9.613 404.358 128.479 501.251 1097.26 154.266 -1908.569 552.826 204.926 30.212 21.362 49.896 2546.539 2502.136 2116.394 1743.011 1386.566 1027.374 671.997 233.307 34.79 21.973 71.411 5.341 -332.336 -675.964 -1013.184 -1355.286 -1693.573 -2029.877 -2364.655 -2686.615 546.875 768.738 437.317 83.16 3.052 -348.816 -700.684 549 580 787 36.38 42.33 206 78 2408 1 034
4773946 5626 2025/9/28 14:49:43 P18 76.43 32.76 0 11.74 52.59 931.41 962.05 337.677 583.649 3748.779 307.312 572.51 867.462 594.788 -4.272 -34.027 170.898 -25.94 234.833 937.195 3.662 688.934 793.152 397.491 458.679 988.007 559.235 -5000 5.188 -17.853 46.997 -31.128 9.918 403.137 126.953 501.709 1096.039 172.882 -1908.875 551.605 205.078 32.349 30.365 49.438 2548.37 2500.61 2122.04 1747.742 1395.264 1035.156 678.711 231.628 34.027 34.637 71.564 6.714 -332.336 -674.744 -1012.268 -1354.98 -1690.369 -2027.435 -2362.213 -2684.021 546.722 769.348 437.622 85.602 2.289 -345.612 -697.327 537 580 787 36.38 42.34 206 78 2408 1 034
4773947 5626 2025/9/28 14:49:44 P18 76.37 32.67 0 11.58 52.49 931.4 962.03 338.745 583.191 3750 306.091 572.51 866.089 595.398 -119.781 -44.708 193.176 -26.245 234.68 937.042 3.662 688.477 793.152 396.423 461.426 982.819 558.167 -5000 14.648 -17.853 62.256 -30.518 10.071 404.358 126.648 502.319 1097.412 172.272 -1907.349 551.91 204.62 32.654 29.907 48.981 2548.065 2503.51 2112.427 1731.262 1376.19 1011.505 654.449 228.424 36.621 36.316 71.411 4.272 -335.541 -678.558 -1018.524 -1360.931 -1700.897 -2038.422 -2375.488 -2695.618 546.417 768.89 438.538 83.923 5.493 -352.478 -709.229 547 585 788 36.4 42.24 206 78 2408 1 034
4773948 5626 2025/9/28 14:49:45 P18 76.33 32.71 0 11.72 52.54 931.42 962.03 337.067 581.512 3748.322 304.26 572.357 869.141 595.245 42.725 -14.496 175.934 -27.313 233.917 935.669 3.052 688.171 791.931 397.034 460.968 985.718 557.861 -5000 7.324 -17.548 -3.357 -30.975 9.46 405.121 127.106 499.42 1098.48 177.307 -1909.027 550.995 204.62 31.281 35.553 49.896 2545.624 2502.136 2115.021 1739.96 1385.803 1025.391 669.098 231.476 34.027 18.311 70.648 4.578 -335.083 -678.864 -1015.93 -1357.88 -1694.946 -2033.539 -2368.774 -2689.819 545.959 769.348 439.758 81.635 3.967 -347.9 -701.599 547 585 788 36.37 42.27 206 78 2408 1 034
4773949 5626 2025/9/28 14:49:46 P18 76.45 32.73 0 11.7 52.58 931.42 962.05 337.372 582.428 3747.101 306.549 572.357 864.868 594.482 4.883 7.172 177.765 -26.093 235.901 937.5 3.967 687.103 792.847 395.813 461.121 987.854 557.709 -5000 2.136 -18.616 -21.21 -29.755 9.918 404.053 126.801 501.709 1095.123 186.31 -1908.875 551.605 203.857 36.621 27.771 49.286 2547.302 2501.678 2116.699 1743.927 1389.16 1027.222 673.981 235.443 33.264 26.093 73.395 1.526 -331.726 -676.575 -1012.268 -1354.218 -1693.573 -2029.877 -2362.823 -2687.378 548.096 769.806 436.249 83.923 3.967 -349.884 -701.294 547 585 790 36.35 42.37 205 78 2408 1 034
4773950 5626 2025/9/28 14:49:47 P18 76.37 32.73 0 11.75 52.58 931.42 962.03 337.219 582.275 3747.101 308.075 571.747 865.479 594.94 -82.397 -4.883 193.176 -25.94 233.002 938.11 2.289 687.103 792.999 395.05 461.121 985.718 558.929 -5000 -4.272 -18.005 79.956 -30.518 9.46 403.748 128.632 500.641 1099.091 165.1 -1908.722 552.063 203.4 29.144 27.313 49.744 2547.15 2502.747 2119.904 1749.268 1397.705 1034.851 679.169 233.307 34.637 34.943 71.564 0.763 -332.031 -673.218 -1010.437 -1353.455 -1691.132 -2033.539 -2364.044 -2684.326 547.028 770.111 437.775 84.229 2.441 -346.069 -696.716 547 585 791 36.38 42.22 205 78 2408 1 034
4773951 5626 2025/9/28 14:49:48 P18 76.36 32.69 0 11.74 52.64 931.4 962.04 339.355 582.275 3744.354 306.244 572.052 865.631 595.856 -76.904 8.85 175.629 -26.245 236.816 937.347 2.899 686.951 792.694 394.44 459.29 986.176 558.014 -5000 0 -17.7 10.376 -30.212 9.766 403.9 126.038 500.946 1095.123 171.356 -1908.569 551.758 203.705 35.248 35.858 49.286 2548.065 2502.441 2111.511 1734.314 1375.122 1011.81 656.738 232.086 34.943 43.793 71.411 1.221 -337.067 -681.61 -1018.982 -1362.305 -1701.66 -2038.116 -2377.319 -2697.296 547.18 769.348 436.401 82.245 2.136 -353.546 -708.008 547 585 792 36.41 42.29 205 78 2408 1 034
4773952 5626 2025/9/28 14:49:49 P18 76.39 32.69 0 11.73 52.46 931.38 962.04 338.898 582.581 3746.948 307.77 571.289 864.41 594.025 96.741 -20.142 168.457 -25.33 234.375 932.159 3.357 687.866 793.762 393.677 460.51 981.75 558.014 -5000 4.73 -18.616 0.305 -30.06 9.613 403.9 129.7 500.946 1097.87 158.691 -1909.027 550.842 204.468 33.722 32.959 49.896 2544.708 2503.51 2113.647 1740.265 1386.261 1022.949 669.098 233.002 36.774 40.588 72.479 4.73 -334.778 -677.49 -1016.388 -1356.506 -1696.014 -2032.318 -2365.265 -2688.446 544.891 767.365 438.843 80.719 3.967 -348.511 -701.599 533 585 793 36.41 42.25 205 78 2408 1 034
4773953 5626 2025/9/28 14:49:50 P18 76.4 32.7 0 11.75 52.5 931.42 962.03 338.135 581.512 3745.27 308.99 570.984 868.53 595.245 0.458 -33.875 180.664 -26.855 233.917 936.584 2.747 684.662 794.22 393.677 460.51 983.429 556.641 -5000 4.425 -16.785 5.493 -31.891 10.529 404.205 129.089 499.42 1096.954 187.988 -1908.417 549.774 204.926 30.06 28.229 49.896 2544.098 2503.815 2117.615 1743.011 1390.076 1031.189 675.507 235.443 36.469 32.196 72.479 2.136 -335.236 -676.575 -1012.573 -1356.659 -1692.963 -2028.351 -2362.671 -2683.563 545.959 767.212 438.843 83.771 4.272 -348.358 -700.684 547 585 793 36.34 42.38 205 78 2408 1 034
4773954 5626 2025/9/28 14:49:51 P18 76.46 32.66 0 11.65 52.52 931.39 962.02 337.83 581.818 3745.27 307.007 569.916 867.004 595.398 -43.64 13.428 165.253 -26.703 232.849 937.042 1.373 686.798 792.389 393.372 460.663 982.361 558.472 -5000 -6.256 -18.158 37.537 -31.433 10.376 405.426 128.784 498.199 1096.191 164.032 -1908.875 550.385 203.705 28.229 35.4 49.744 2546.082 2501.678 2118.378 1750.031 1398.163 1035.614 681.458 237.122 33.722 18.921 71.564 4.883 -331.573 -673.676 -1009.827 -1351.624 -1689.453 -2026.062 -2359.009 -2683.868 545.197 765.686 438.232 84.839 3.967 -346.985 -696.564 537 585 793 36.35 42.33 205 78 2408 1 034
4773955 5626 2025/9/28 14:49:52 P18 76.55 32.7 0 11.7 52.6 931.42 962.04 338.745 582.733 3744.507 303.65 571.442 865.631 595.398 -14.648 1.984 184.174 -26.245 234.985 936.127 2.594 687.256 792.847 392.609 461.731 984.344 557.556 -5000 6.104 -18.158 65.46 -28.839 10.529 404.816 126.343 500.946 1096.191 136.719 -1908.569 547.638 204.01 33.875 34.943 48.523 2549.438 2503.052 2111.053 1735.535 1378.479 1018.677 664.825 236.511 37.384 33.722 74.615 -1.678 -336.151 -679.169 -1017.914 -1360.931 -1699.371 -2037.201 -2374.42 -2694.55 547.028 767.517 437.927 81.329 5.035 -353.394 -707.55 537 585 795 36.35 42.33 205 78 2408 1 034
4773956 5626 2025/9/28 14:49:53 P18 76.39 32.7 0 11.62 52.55 931.38 962.04 339.203 581.97 3743.286 302.887 571.442 862.885 595.245 -16.022 -22.736 166.931 -26.55 233.917 934.143 2.899 685.73 792.542 391.846 460.51 984.955 556.03 -5000 11.902 -18.158 -47.15 -30.67 10.071 404.663 128.784 498.962 1088.257 143.127 -1908.112 549.469 203.705 37.384 37.842 50.049 2548.676 2503.052 2114.105 1738.892 1386.414 1024.017 669.098 230.255 33.875 40.894 71.564 2.136 -336.304 -679.626 -1016.998 -1358.337 -1696.32 -2032.928 -2367.249 -2688.751 545.349 768.28 437.012 82.397 2.747 -348.358 -703.125 548 585 795 36.37 42.34 205 78 2408 1 034
4773957 5626 2025/9/28 14:49:54 P18 76.45 32.79 0 11.72 52.47 931.4 962.04 339.05 583.801 3742.676 306.091 570.679 861.206 595.703 -29.144 1.831 176.544 -27.466 232.086 933.38 3.204 686.646 793.304 391.541 460.51 977.325 556.946 -5000 13.123 -18.158 38.605 -30.67 8.698 403.9 129.242 498.199 1094.055 161.285 -1908.875 550.079 202.789 34.027 33.722 49.591 2547.913 2502.289 2115.784 1746.826 1393.585 1032.562 679.474 234.528 33.264 50.049 71.411 5.493 -333.862 -676.727 -1012.573 -1352.997 -1691.589 -2028.351 -2360.992 -2684.784 543.823 767.975 438.69 84.534 3.204 -348.358 -699.31 539 585 796 36.38 42.4 205 78 2408 1 034
4773958 5626 2025/9/28 14:49:55 P18 76.53 32.66 0 11.6 52.5 931.39 962.02 340.271 582.428 3740.997 303.04 570.068 865.631 595.245 41.351 -8.85 193.939 -26.55 232.544 935.364 2.441 685.577 794.373 390.778 459.9 984.344 554.504 -5000 7.324 -19.226 0.763 -30.975 10.223 404.663 129.242 498.962 1094.818 157.471 -1908.264 548.401 202.942 34.485 37.384 49.438 2544.403 2502.594 2111.664 1735.84 1376.953 1012.421 657.501 232.239 36.469 42.725 71.716 2.594 -335.236 -679.169 -1016.998 -1359.558 -1699.524 -2036.896 -2372.437 -2695.465 545.349 766.144 439.301 82.092 2.747 -350.8 -705.414 548 585 797 36.43 42.3 205 78 2408 1 034
4773959 5626 2025/9/28 14:49:56 P18 76.45 32.63 0 11.81 52.48 931.39 962.04 338.745 582.886 3740.997 303.497 569.611 863.8 595.703 81.635 -2.289 190.887 -26.245 233.612 933.38 3.052 684.967 793.915 390.778 459.137 983.276 556.183 -5000 13.275 -18.158 24.872 -29.907 10.681 404.358 127.869 498.505 1094.666 170.441 -1907.806 548.553 204.468 28.992 25.94 49.744 2544.25 2503.662 2113.495 1735.382 1381.378 1018.677 664.062 230.103 35.4 32.196 72.327 0.763 -334.32 -678.406 -1017.303 -1359.406 -1697.693 -2035.522 -2371.216 -2691.04 545.197 766.907 436.554 81.329 2.441 -350.189 -706.94 539 585 798 36.37 42.31 205 78 2408 1 034
4773960 5626 2025/9/28 14:49:57 P18 76.49 32.73 0 11.77 52.5 931.37 962.03 338.593 583.801 3739.929 305.176 570.526 862.885 595.703 23.193 -41.199 171.051 -27.161 231.323 933.228 3.815 685.73 792.542 390.625 459.29 980.682 557.709 -5000 14.038 -18.158 30.518 -30.06 9.155 403.748 128.784 497.437 1092.834 170.898 -1908.569 548.553 202.484 32.501 31.128 49.591 2547.15 2501.831 2115.479 1743.469 1386.566 1026.764 672.455 233.002 33.569 47.76 72.174 2.747 -331.879 -677.185 -1014.099 -1356.506 -1695.557 -2031.25 -2364.197 -2687.988 545.197 766.907 438.385 83.923 4.12 -351.105 -701.904 548 590 798 36.34 42.22 205 78 2408 1 034
4773961 5626 2025/9/28 14:49:58 P18 76.49 32.66 0 11.77 52.52 931.39 962.03 339.203 581.512 3739.319 306.244 569.305 865.631 596.008 51.575 1.678 153.198 -26.55 232.391 935.516 2.899 685.425 793.457 389.709 459.595 980.53 555.115 -5000 -0.763 -17.548 16.785 -31.586 10.376 404.51 128.632 498.047 1091.461 173.035 -1908.112 548.248 203.857 33.264 29.755 49.591 2542.114 2502.441 2118.835 1747.437 1395.874 1034.241 679.474 235.291 35.553 34.79 72.632 1.984 -332.642 -672.607 -1010.437 -1350.861 -1688.232 -2024.994 -2358.551 -2681.427 545.502 766.296 437.775 84.076 5.646 -347.9 -698.7 543 590 799 36.4 42.38 205 78 2408 1 034
4773962 5626 2025/9/28 14:49:59 P18 76.47 32.69 0 11.69 52.53 931.36 962.02 338.287 582.275 3739.014 305.176 569.305 862.122 596.619 25.787 -46.692 159.302 -26.093 232.391 936.737 2.594 684.662 790.863 390.32 460.052 980.53 556.641 -5000 7.172 -18.768 -3.51 -30.365 10.986 404.663 126.038 497.742 1092.377 166.321 -1907.959 548.706 204.163 34.637 20.142 49.591 2549.896 2501.984 2111.969 1733.704 1375.275 1010.895 655.67 230.713 34.943 38.91 71.716 6.104 -335.693 -678.711 -1016.693 -1358.337 -1698.456 -2037.201 -2375.488 -2696.381 544.586 763.702 439.148 82.245 5.035 -350.8 -707.855 549 590 799 36.41 42.36 205 77 2408 1 034
4773963 5626 2025/9/28 14:50:00 P18 76.49 32.67 0 11.76 52.47 931.38 962.03 337.677 582.581 3739.014 307.159 569.153 862.579 595.856 17.09 -8.392 151.672 -26.245 231.323 929.871 2.594 684.509 793.457 388.947 459.595 980.53 556.946 -5000 5.035 -18.158 4.883 -30.823 9.308 403.29 129.089 496.979 1092.834 149.536 -1908.112 547.943 201.569 32.806 27.008 49.591 2547.76 2501.068 2114.258 1741.638 1389.618 1022.949 667.114 235.138 33.417 32.196 71.106 5.188 -334.778 -679.321 -1015.93 -1357.269 -1696.93 -2033.234 -2366.638 -2690.125 544.586 765.381 436.401 82.855 3.052 -352.325 -705.566 540 590 800 36.4 42.25 205 77 2408 1 034
4773964 5626 2025/9/28 14:50:01 P18 76.57 32.7 0 11.69 52.52 931.38 962 338.593 582.733 3737.64 303.345 569.153 856.934 596.008 38.147 28.076 155.945 -27.008 231.934 934.296 2.136 684.662 790.863 388.336 458.984 979.309 555.725 -5000 11.139 -18.311 20.447 -30.212 9.766 404.968 129.089 496.826 1090.24 162.659 -1908.264 547.485 202.026 29.297 25.635 50.049 2546.539 2502.441 2114.563 1743.774 1391.449 1028.9 675.507 240.784 35.706 30.212 72.784 0.61 -334.93 -678.253 -1016.083 -1356.201 -1694.336 -2030.945 -2364.655 -2687.378 546.57 766.602 438.995 83.313 3.662 -350.494 -701.752 540 590 800 36.4 42.25 205 77 2408 1 034
4773965 5626 2025/9/28 14:50:02 P18 76.43 32.69 0 11.81 52.62 931.42 962.03 339.355 581.97 3737.946 304.871 569.305 866.699 596.466 -44.098 -29.297 177.765 -26.093 231.628 935.516 1.678 684.662 792.847 388.184 459.9 974.731 554.199 -5000 10.681 -17.7 23.956 -31.586 9.155 404.816 129.852 496.216 1089.02 185.852 -1908.112 547.943 203.857 34.637 31.433 48.828 2545.624 2502.594 2115.326 1735.687 1382.294 1017.151 659.18 240.936 31.128 59.814 72.632 6.409 -332.642 -675.507 -1013.947 -1357.422 -1697.083 -2035.217 -2372.284 -2694.092 542.755 764.16 438.995 83.618 2.747 -349.426 -706.177 541 585 802 36.38 42.31 205 77 2408 1 034
4773966 5626 2025/9/28 14:50:03 P18 76.49 32.69 0 11.63 52.51 931.38 962.04 339.355 582.886 3736.877 305.176 568.848 861.359 596.466 -37.384 -53.406 179.749 -26.398 232.239 932.312 2.747 684.967 794.525 387.268 458.679 978.241 556.03 -5000 -13.733 -17.853 -11.597 -29.755 9.613 403.748 129.089 497.437 1090.393 184.021 -1908.569 546.57 202.637 36.163 30.06 49.438 2544.861 2502.747 2110.291 1733.246 1379.242 1013.336 658.875 235.901 35.706 47.607 73.395 3.204 -336.456 -679.779 -1019.745 -1362.152 -1700.439 -2038.116 -2375.031 -2695.16 544.586 764.008 438.232 79.041 5.341 -352.631 -707.855 548 585 802 36.35 42.26 204 77 2408 1 034
4773967 5626 2025/9/28 14:50:04 P18 76.56 32.7 0 11.55 52.6 931.39 962.02 337.982 582.733 3737.03 307.007 568.085 864.258 596.771 20.752 -36.926 146.484 -26.855 232.391 934.601 2.441 685.12 794.067 387.115 458.527 979.309 554.657 -5000 10.071 -18.158 17.395 -31.586 9.308 404.053 130.005 496.521 1086.884 168.915 -1908.569 546.265 201.874 39.52 31.281 49.438 2544.098 2502.594 2115.021 1738.281 1387.024 1023.102 665.588 236.206 31.586 38.147 71.564 1.068 -334.167 -677.185 -1014.404 -1357.269 -1695.862 -2032.776 -2366.638 -2688.599 543.823 763.55 437.622 81.94 3.967 -349.274 -703.43 539 585 803 36.38 42.36 204 77 2408 1 034
4773968 5626 2025/9/28 14:50:05 P18 76.5 32.73 0 11.5 52.64 931.36 962.01 338.44 584.259 3735.046 302.582 568.542 856.323 596.161 -43.335 -14.801 146.637 -27.313 230.103 932.922 2.747 684.662 791.016 386.505 458.679 978.088 555.42 -5000 -5.951 -18.463 -18.616 -30.06 8.85 403.595 129.395 496.521 1087.646 157.471 -1908.875 547.485 201.263 36.011 39.062 49.133 2546.082 2501.526 2117.615 1739.96 1387.177 1024.17 665.894 240.631 33.112 14.954 70.496 5.646 -332.947 -675.049 -1012.878 -1356.049 -1695.251 -2033.234 -2369.537 -2691.803 544.586 763.855 440.674 83.923 3.357 -347.9 -703.278 548 585 803 36.34 42.25 203 77 2408 1 034
4773969 5626 2025/9/28 14:50:06 P18 76.59 32.69 0 11.67 52.65 931.37 962.01 339.661 582.581 3734.283 303.192 568.848 861.511 596.466 49.744 8.545 159.454 -26.55 232.086 929.26 2.289 682.831 793.61 386.505 459.595 977.936 554.81 -5000 2.136 -18.158 43.793 -30.67 10.681 404.205 126.648 496.521 1088.409 164.642 -1908.264 545.959 202.942 35.4 33.875 50.659 2548.523 2502.747 2111.053 1735.382 1373.901 1005.859 656.586 235.748 34.18 17.395 72.174 9.613 -334.32 -679.626 -1017.914 -1359.863 -1699.829 -2037.354 -2373.047 -2696.381 542.145 761.261 438.69 80.261 4.578 -353.241 -708.771 535 580 803 36.35 42.39 203 77 2408 1 034
4773970 5626 2025/9/28 14:50:07 P18 76.45 32.67 0 11.57 52.62 931.37 962.02 339.05 583.038 3734.589 302.429 568.695 859.833 596.924 20.294 -0.61 175.476 -26.855 231.323 932.465 2.136 682.526 793.457 385.895 458.984 978.851 555.878 -5000 3.967 -18.311 -1.068 -30.365 9.766 403.748 126.038 496.063 1088.409 155.182 -1908.569 546.265 202.026 30.06 31.433 48.523 2548.218 2501.984 2114.868 1737.671 1384.735 1023.102 667.725 234.985 31.281 61.493 72.937 7.935 -335.693 -678.711 -1015.93 -1358.795 -1698.761 -2034.302 -2368.622 -2689.819 543.213 760.956 439.606 84.229 3.052 -349.731 -704.803 548 580 803 36.38 42.33 203 77 2408 1 034
4773971 5626 2025/9/28 14:50:08 P18 76.56 32.76 0 11.6 52.6 931.36 961.99 339.661 583.496 3731.689 301.514 567.932 861.969 597.076 -16.937 17.548 209.045 -26.245 232.697 934.601 1.984 682.983 794.373 385.132 456.848 979.309 554.504 -5000 8.85 -17.395 14.648 -30.823 9.46 404.053 128.937 495.911 1087.799 166.626 -1908.569 546.265 201.569 27.313 28.534 49.896 2546.539 2502.441 2114.563 1744.69 1390.381 1030.426 676.88 242.157 31.586 45.166 70.953 6.104 -333.252 -676.422 -1012.573 -1353.149 -1691.437 -2027.283 -2359.772 -2684.021 543.976 760.04 440.216 82.397 2.899 -347.748 -699.005 537 580 803 36.37 42.36 203 77 2408 1 034
4773972 5626 2025/9/28 14:50:09 P18 76.42 32.79 0 11.74 52.55 931.39 962.01 336.914 583.038 3731.689 304.871 567.627 859.375 596.619 -83.923 13.58 190.43 -26.855 230.408 934.753 1.526 682.983 793.152 385.132 458.984 976.257 554.81 -5000 -2.136 -18.921 80.719 -30.06 8.545 403.29 128.326 494.843 1085.51 168.457 -1909.027 546.112 200.195 31.738 28.534 49.438 2546.997 2503.51 2111.816 1735.687 1376.648 1012.421 656.738 241.394 35.706 39.673 71.869 2.136 -333.252 -677.795 -1016.541 -1359.711 -1698.914 -2036.285 -2374.878 -2696.991 543.823 762.939 436.707 82.397 3.51 -351.105 -705.109 549 580 802 36.35 42.33 203 77 2408 1 034
4773973 5626 2025/9/28 14:50:10 P18 76.53 32.66 0 11.63 52.57 931.39 962.03 338.745 582.886 3732.452 303.65 567.78 856.934 596.313 -111.847 27.008 182.8 -26.855 230.56 932.465 1.984 682.373 792.084 384.369 458.832 977.936 554.81 -5000 8.698 -18.463 66.681 -31.281 9.766 404.205 126.038 494.995 1087.799 182.648 -1908.722 544.891 202.637 39.062 23.499 50.049 2546.539 2502.899 2114.258 1741.18 1384.735 1022.034 668.488 240.326 35.553 35.553 73.547 1.221 -335.388 -679.016 -1015.625 -1358.185 -1696.625 -2032.623 -2366.333 -2689.972 543.823 762.177 438.995 82.703 1.831 -351.562 -702.82 539 585 801 36.4 42.36 203 77 2408 1 034
4773974 5626 2025/9/28 14:50:11 P18 76.5 32.73 0 11.87 52.61 931.39 962.01 339.355 583.801 3731.079 305.328 569.153 859.68 597.534 93.231 0.458 191.345 -26.55 230.865 932.617 2.136 683.136 794.373 383.759 457.764 977.02 554.504 -5000 0.61 -16.937 -15.411 -31.128 9.155 403.137 129.395 493.927 1082.153 167.084 -1908.569 545.349 201.874 30.518 21.82 49.896 2546.387 2502.899 2117.004 1745.911 1392.212 1032.715 678.711 237.885 35.248 54.474 72.327 5.188 -332.947 -676.575 -1012.878 -1354.218 -1692.047 -2028.351 -2361.603 -2685.852 542.45 760.193 439.453 83.923 5.341 -348.206 -699.615 541 580 800 36.37 42.28 203 77 2408 1 034
4773975 5626 2025/9/28 14:50:12 P18 76.55 32.73 0 11.67 52.61 931.37 962.01 339.355 583.191 3731.079 305.786 567.474 857.544 596.771 -43.488 -13.733 187.073 -26.093 232.391 930.939 1.831 682.373 793.762 384.064 458.679 976.105 553.436 -5000 4.883 -17.242 25.33 -30.212 10.071 403.29 127.563 495.911 1082.458 173.645 -1908.875 544.891 200.653 29.907 29.449 49.133 2547.302 2502.136 2120.972 1748.047 1395.721 1033.325 676.575 241.241 35.553 46.539 70.038 5.188 -330.963 -672.913 -1010.59 -1352.539 -1689.911 -2026.978 -2358.856 -2682.8 543.671 759.43 438.843 85.907 3.967 -344.543 -696.869 541 580 800 36.37 42.28 203 77 2408 1 034
4773976 5626 2025/9/28 14:50:13 P18 76.5 32.69 0 11.55 52.55 931.35 962.04 339.508 582.886 3724.518 304.718 566.864 862.732 596.924 -45.471 -6.256 191.04 -26.855 230.408 935.669 1.221 682.526 794.678 383.301 458.527 975.037 553.741 -5000 -1.221 -17.395 -20.447 -30.823 10.071 404.816 129.089 494.843 1083.527 151.215 -1908.722 544.434 200.653 33.875 30.823 50.507 2543.64 2501.526 2112.732 1740.265 1387.024 1023.102 669.403 242.31 32.959 30.975 72.327 4.883 -331.879 -672.455 -1013.641 -1355.591 -1693.42 -2031.097 -2364.807 -2688.446 543.365 764.465 438.69 82.703 2.594 -352.936 -705.566 543 580 799 36.37 42.36 203 77 2408 1 034
4773977 5626 2025/9/28 14:50:14 P18 76.56 32.71 0 11.67 52.63 931.35 962.01 340.576 582.886 3728.638 303.04 566.711 857.544 596.924 -16.937 -16.327 165.1 -26.855 229.95 933.533 2.747 681.61 793.61 382.996 457.764 976.257 552.979 -5000 5.951 -18.158 -11.292 -30.518 10.529 403.9 128.784 493.927 1086.578 167.236 -1909.332 544.128 201.416 34.943 27.008 49.896 2544.403 2502.441 2119.598 1745.453 1394.348 1033.936 677.643 242.004 32.043 33.112 71.106 3.967 -330.658 -673.065 -1010.284 -1353.302 -1690.369 -2028.046 -2361.908 -2683.105 544.586 761.108 440.216 83.618 2.136 -349.579 -703.125 539 580 799 36.43 42.21 203 77 2408 1 034
4773978 5626 2025/9/28 14:50:15 P18 76.52 32.73 0 11.79 52.54 931.35 962.03 340.424 583.344 3728.485 302.734 567.169 856.476 596.771 20.752 -4.73 188.141 -25.94 230.713 936.127 2.441 682.068 793.762 381.775 458.069 974.884 553.131 -5000 -0.61 -18.463 42.725 -29.297 10.071 403.137 128.174 495.3 1082.001 172.424 -1907.806 541.382 200.348 39.215 27.466 50.201 2548.828 2502.289 2120.361 1746.216 1393.127 1033.02 674.591 240.936 35.706 32.501 72.174 2.899 -331.726 -672.302 -1008.148 -1350.555 -1688.385 -2024.384 -2360.687 -2683.716 543.06 760.803 438.843 86.823 5.035 -344.696 -692.749 548 580 800 36.38 42.33 203 77 2408 1 034
4773979 5626 2025/9/28 14:50:16 P18 76.53 32.7 0 11.65 52.57 931.37 962.03 339.813 583.496 3727.417 303.65 565.948 857.697 597.229 65.613 -15.869 166.168 -25.177 232.544 935.669 1.678 681.915 794.525 380.707 458.069 975.342 553.436 -5000 7.629 -18.005 6.104 -31.281 10.071 404.816 128.479 494.385 1084.137 182.648 -1908.569 543.365 200.043 31.281 27.618 49.286 2545.471 2501.831 2113.647 1742.249 1385.193 1024.17 671.844 237.122 35.248 20.294 71.869 2.136 -334.473 -677.795 -1015.015 -1356.049 -1694.794 -2031.403 -2365.417 -2687.531 543.06 759.277 443.726 82.855 5.341 -349.731 -701.752 548 580 800 36.38 42.33 203 77 2408 1 034
4773980 5626 2025/9/28 14:50:17 P18 76.49 32.71 0 11.65 52.5 931.35 962.01 339.05 583.344 3727.112 303.65 566.254 856.628 597.229 40.436 11.902 174.866 -25.482 229.187 933.685 1.831 681.458 791.931 382.385 458.374 974.579 553.894 -5000 -3.204 -17.548 5.798 -31.281 9.613 404.968 127.106 493.469 1084.442 160.217 -1908.264 542.908 201.416 32.501 35.858 49.133 2546.539 2502.747 2116.699 1751.251 1394.653 1034.088 679.626 233.459 32.959 37.537 70.343 4.12 -333.099 -676.727 -1012.421 -1352.997 -1691.132 -2027.893 -2360.077 -2683.716 541.84 759.583 439.301 85.449 2.289 -349.426 -699.615 548 575 800 36.35 42.31 203 77 2408 1 034
4773981 5626 2025/9/28 14:50:18 P18 76.47 32.77 0 11.82 52.53 931.37 962.02 339.05 582.886 3719.788 303.04 566.101 858.307 597.839 56.915 -38.452 174.561 -25.33 230.408 934.601 1.068 680.847 794.678 380.707 458.069 974.579 553.284 -5000 4.272 -17.548 37.994 -30.975 9.46 404.51 127.869 493.164 1083.221 145.264 -1908.569 542.603 200.806 30.823 34.332 48.981 2546.387 2501.526 2115.631 1745.453 1389.771 1029.51 674.591 240.936 35.4 40.588 71.564 1.831 -332.794 -675.201 -1011.505 -1353.455 -1692.657 -2028.503 -2363.739 -2687.683 542.603 760.04 437.164 85.297 3.51 -347.29 -698.242 540 575 801 36.34 42.26 203 77 2408 1 034
4773982 5626 2025/9/28 14:50:19 P18 76.5 32.76 0 11.64 52.53 931.38 962.01 338.44 584.106 3726.807 304.413 564.88 855.255 598.145 -36.621 19.989 162.506 -26.855 228.424 931.702 1.831 681.763 790.71 381.012 457.764 972.9 553.131 -5000 5.188 -17.7 24.261 -30.67 8.698 403.137 129.089 493.469 1080.475 169.983 -1908.875 543.823 200.5 33.722 34.943 50.049 2545.776 2501.984 2112.732 1737.518 1378.479 1014.404 658.569 237.122 32.654 31.891 72.327 2.441 -332.642 -677.49 -1014.557 -1354.828 -1696.167 -2034.76 -2370.911 -2694.244 542.297 758.514 437.927 83.313 3.052 -350.8 -704.651 549 575 802 36.37 42.22 203 77 2408 1 034
4773983 5626 2025/9/28 14:50:20 P18 76.56 32.69 0 11.65 52.56 931.35 962.01 337.677 584.564 3725.739 308.228 565.643 859.985 597.839 -49.896 -6.409 158.844 -26.703 229.95 935.822 1.373 681 795.135 380.554 457.764 972.29 551.3 -5000 -7.019 -17.7 34.332 -31.433 9.613 403.748 129.7 491.791 1079.865 159.912 -1908.264 542.45 198.822 33.569 23.193 50.049 2543.945 2501.984 2119.141 1749.725 1395.874 1035.156 681.152 240.173 35.553 31.433 71.716 5.035 -334.473 -676.27 -1011.353 -1351.166 -1690.063 -2026.367 -2358.246 -2682.953 541.992 759.125 439.911 86.365 3.662 -346.527 -696.716 540 580 803 36.4 42.36 203 77 2408 1 034
4773984 5626 2025/9/28 14:50:21 P18 76.43 32.67 0 11.76 52.59 931.38 962.03 339.355 583.954 3724.67 303.65 565.643 859.833 597.687 48.981 13.885 140.839 -25.94 229.645 934.753 1.373 681.152 794.983 379.944 455.627 973.663 552.979 -5000 1.526 -17.548 29.602 -31.281 8.698 402.832 130.005 493.774 1081.848 179.749 -1909.027 542.603 200.043 32.959 33.569 48.828 2546.082 2503.204 2115.784 1744.537 1387.024 1024.628 669.556 245.361 32.654 46.997 73.242 3.815 -331.726 -676.117 -1012.878 -1354.065 -1693.42 -2030.029 -2364.655 -2689.514 543.823 759.735 438.995 84.381 2.136 -351.41 -702.667 549 580 803 36.41 42.25 203 77 2408 1 034
4773985 5626 2025/9/28 14:50:22 P18 76.57 32.71 0 11.65 52.48 931.37 962.04 339.661 582.733 3724.67 306.244 565.186 860.596 597.534 35.706 -10.071 165.863 -25.177 229.797 936.279 1.526 680.695 794.83 378.876 457.153 973.206 551.605 -5000 8.698 -17.548 35.858 -31.128 10.529 404.358 130.31 492.401 1080.933 168.152 -1908.875 541.992 199.738 35.858 35.095 48.981 2542.572 2501.526 2109.833 1734.314 1376.495 1010.742 657.196 237.274 35.248 23.499 71.869 1.831 -337.524 -677.49 -1018.524 -1361.084 -1700.745 -2038.116 -2372.742 -2696.228 544.586 758.209 438.08 80.261 3.815 -353.241 -707.855 540 575 804 36.4 42.25 203 77 2408 1 034
4773986 5626 2025/9/28 14:50:23 P18 76.57 32.76 0 11.65 52.49 931.35 962.04 338.593 583.649 3724.213 305.328 565.948 857.391 597.687 -65.308 -13.123 155.945 -26.55 228.119 931.549 1.526 680.695 793.762 379.028 457.458 971.985 552.368 -5000 14.343 -17.7 2.289 -29.907 9.613 403.137 129.547 491.943 1077.271 190.735 -1908.264 540.314 199.127 34.943 34.79 49.744 2545.471 2502.747 2119.293 1745.453 1395.416 1033.783 675.507 244.751 33.722 25.787 70.801 3.815 -331.116 -672.913 -1009.979 -1350.861 -1689.453 -2028.198 -2362.061 -2684.784 542.603 757.599 442.505 84.686 1.068 -344.849 -697.479 540 575 804 36.4 42.25 203 77 2408 1 034
4773987 5626 2025/9/28 14:50:24 P18 76.56 32.8 0 11.62 52.58 931.42 962.02 339.05 584.106 3722.992 302.124 564.88 857.239 597.687 -3.967 -3.357 153.198 -26.703 228.882 933.685 1.678 680.542 794.678 378.876 456.848 970.001 552.673 -5000 2.594 -17.548 99.03 -31.281 9.766 404.053 127.258 491.943 1080.017 172.424 -1908.264 541.077 199.738 33.264 34.485 50.049 2550.507 2501.678 2116.547 1737.366 1380.92 1016.846 659.027 246.582 33.264 32.501 71.564 5.493 -333.557 -676.27 -1013.947 -1357.727 -1696.93 -2033.844 -2370.911 -2692.261 542.145 754.547 439.758 84.839 3.662 -350.494 -705.566 549 575 804 36.38 42.34 203 77 2408 1 034
4773988 5626 2025/9/28 14:50:25 P18 76.5 32.66 0 11.81 52.54 931.39 962.02 340.118 584.412 3722.229 302.734 564.88 853.882 597.687 59.204 -24.414 172.119 -26.245 227.966 936.127 1.526 680.237 794.83 378.113 456.848 968.933 551.758 -5000 5.493 -17.242 56.305 -31.586 9.155 402.832 129.547 493.774 1076.965 169.067 -1908.722 541.84 198.212 35.553 27.313 49.133 2547.607 2502.594 2112.732 1739.502 1379.852 1016.693 663.757 236.053 34.18 40.283 72.174 8.698 -332.947 -677.49 -1015.778 -1357.422 -1697.54 -2034.149 -2369.232 -2693.329 539.246 755.92 439.148 82.855 3.51 -350.8 -705.719 534 575 805 36.38 42.31 203 77 2408 1 034
4773989 5626 2025/9/28 14:50:26 P18 76.55 32.67 0 11.75 52.58 931.38 962.02 339.661 584.106 3721.466 304.26 564.88 855.255 597.992 -62.866 15.869 168.152 -27.161 227.509 935.669 1.678 680.084 794.373 377.96 456.39 970.154 551.605 -5000 3.204 -17.09 43.182 -29.297 9.003 402.985 129.7 492.096 1074.829 175.934 -1908.875 540.771 197.144 36.774 34.79 49.133 2546.692 2501.984 2118.53 1743.927 1391.907 1029.816 675.049 228.729 35.553 41.199 70.801 0.305 -335.846 -677.338 -1015.472 -1355.743 -1693.42 -2030.487 -2363.586 -2686.157 541.992 753.326 438.843 82.703 4.73 -346.68 -700.378 540 575 805 36.38 42.3 203 77 2408 1 034
4773990 5626 2025/9/28 14:50:27 P18 76.49 32.83 0 11.74 52.58 931.38 962.04 338.898 582.581 3721.466 303.497 564.88 859.375 598.145 14.801 5.646 172.424 -26.093 228.577 930.939 1.068 679.474 791.779 377.808 457.001 969.391 550.69 -5000 -5.951 -17.09 5.188 -31.586 8.85 402.985 129.7 490.723 1075.439 182.648 -1909.027 540.924 199.89 32.501 34.79 49.591 2544.098 2501.526 2110.138 1734.772 1377.716 1011.963 657.654 227.051 32.959 61.646 71.106 2.899 -332.947 -679.016 -1017.151 -1359.558 -1699.371 -2037.201 -2371.979 -2696.075 540.466 754.7 437.775 82.855 3.662 -350.342 -705.261 548 575 806 36.37 42.37 203 77 2408 1 034
4773991 5626 2025/9/28 14:50:28 P18 76.45 32.74 0 11.77 52.59 931.36 962.04 338.287 583.649 3720.856 303.345 564.423 855.56 598.145 58.289 -19.226 145.874 -25.33 229.797 936.737 -1.068 679.932 794.983 377.045 457.916 968.17 551.453 -5000 13.123 -17.548 -4.12 -30.518 9.766 403.9 127.258 491.791 1078.796 154.419 -1907.654 540.466 199.432 35.095 34.18 49.133 2548.828 2501.221 2115.326 1740.875 1384.583 1023.865 667.725 229.187 32.654 56.305 70.801 2.899 -333.099 -677.338 -1013.641 -1357.88 -1696.014 -2031.555 -2367.249 -2688.141 542.45 755.615 437.927 84.534 2.289 -348.053 -700.684 540 575 806 36.37 42.42 203 77 2408 1 034
4773992 5626 2025/9/28 14:50:29 P18 76.64 32.77 0 11.67 52.51 931.39 962.02 339.661 582.733 3719.482 304.718 563.66 856.934 597.992 -113.373 12.207 190.43 -26.703 227.509 935.059 1.068 679.016 792.694 377.045 457.306 967.407 550.232 -5000 14.496 -17.09 22.736 -31.891 9.613 404.51 129.242 490.57 1077.118 155.029 -1908.417 540.466 199.28 36.163 23.956 49.744 2543.945 2500.763 2120.667 1746.979 1395.874 1036.987 682.068 229.95 32.196 31.586 71.106 6.866 -331.573 -672.607 -1009.521 -1351.471 -1688.995 -2025.757 -2360.687 -2682.037 540.771 754.242 439.606 84.839 8.392 -345.917 -699.31 549 575 807 36.37 42.4 202 77 2408 1 034
4773993 5626 2025/9/28 14:50:30 P18 76.53 32.73 0 11.72 52.52 931.39 962.01 339.355 583.954 3718.414 302.277 563.66 850.677 598.297 5.646 -28.687 166.779 -26.245 227.814 933.685 1.526 679.779 791.779 376.74 457.153 970.001 552.979 -5000 7.172 -16.174 -0.458 -31.586 9.155 404.053 127.563 491.486 1078.339 161.285 -1908.569 540.009 199.432 33.569 28.381 49.133 2546.539 2501.984 2110.443 1733.246 1374.359 1012.878 658.112 234.222 31.433 35.858 71.869 5.646 -334.167 -679.169 -1016.998 -1360.016 -1699.829 -2036.438 -2374.268 -2694.855 541.077 754.089 439.453 84.381 2.289 -353.394 -708.466 540 575 807 36.33 42.32 202 77 2408 1 034
4773994 5626 2025/9/28 14:50:31 P18 76.43 32.59 0 11.57 52.61 931.39 962.01 338.593 582.733 3717.804 305.176 564.117 853.882 598.297 -11.902 -22.888 181.732 -25.94 227.051 936.127 0.916 678.101 794.678 375.671 457.001 967.865 550.995 -5000 14.343 -17.548 -45.319 -31.433 10.376 402.679 128.784 492.401 1076.66 169.983 -1908.875 540.924 197.601 35.706 20.599 48.828 2550.049 2502.594 2115.173 1742.554 1387.787 1024.933 671.387 235.901 33.875 51.27 70.19 6.409 -333.252 -677.338 -1014.557 -1356.201 -1695.251 -2031.25 -2364.502 -2688.293 540.924 756.226 438.538 85.144 3.815 -349.884 -702.515 549 575 807 36.41 42.38 202 77 2408 1 034
4773995 5626 2025/9/28 14:50:32 P18 76.53 32.73 0 11.76 52.55 931.35 962.02 340.271 582.733 3717.194 302.887 563.66 853.729 599.213 69.885 -36.621 193.481 -26.245 227.966 931.396 0.61 677.795 794.983 375.214 457.306 968.933 550.385 -5000 3.967 -17.242 80.719 -30.67 10.223 403.137 127.563 491.333 1076.813 164.49 -1909.027 540.924 198.822 34.18 30.518 49.438 2548.37 2502.747 2121.429 1748.047 1396.027 1037.14 680.237 228.119 34.943 48.523 72.174 3.662 -333.862 -673.981 -1010.132 -1352.081 -1687.622 -2025.452 -2360.84 -2682.648 541.687 755.463 440.216 86.975 3.967 -346.375 -696.411 529 575 807 36.38 42.31 202 77 2408 1 034
4773996 5626 2025/9/28 14:50:33 P18 76.46 32.7 0 11.74 52.58 931.37 962.01 340.424 582.886 3717.041 303.345 563.354 856.934 598.297 10.223 5.493 196.228 -25.177 227.356 932.77 1.221 679.016 795.135 374.908 456.848 967.102 549.622 -5000 10.376 -18.311 20.447 -31.281 9.155 402.985 129.7 491.486 1072.54 162.506 -1908.417 539.551 199.738 37.537 26.398 50.201 2542.267 2503.052 2116.699 1742.096 1388.55 1026.306 668.335 227.814 30.67 48.981 71.106 5.341 -330.811 -673.981 -1011.963 -1354.675 -1690.826 -2031.097 -2367.096 -2688.599 541.077 753.326 437.927 84.534 2.136 -347.595 -701.599 549 575 807 36.41 42.39 202 77 2408 1 034
4773997 5626 2025/9/28 14:50:34 P18 76.6 32.7 0 11.64 52.53 931.37 962.03 338.44 583.801 3712.463 305.176 563.507 853.882 597.839 -23.651 14.191 187.378 -25.482 227.814 935.669 0.763 677.948 794.83 374.603 457.153 967.56 550.842 -5000 0.61 -17.548 -66.223 -30.67 9.308 401.459 130.157 489.655 1071.777 172.272 -1908.417 540.771 198.212 39.368 27.924 49.744 2546.692 2503.204 2116.547 1743.011 1389.16 1029.358 675.049 223.846 34.943 25.94 72.021 1.068 -335.999 -679.169 -1015.167 -1356.506 -1694.336 -2030.182 -2364.349 -2685.699 541.229 754.089 439.453 84.686 6.866 -347.748 -700.684 549 575 807 36.41 42.39 202 77 2408 1 034
4773998 5626 2025/9/28 14:50:35 P18 76.5 32.77 0 11.71 52.65 931.37 962.01 339.05 583.496 3707.733 303.04 562.897 850.525 597.992 5.341 48.065 190.43 -26.855 227.203 933.228 1.221 677.49 793.304 373.84 456.238 965.271 550.079 -5000 7.782 -17.853 39.825 -30.518 9.308 402.374 129.395 489.96 1074.524 172.577 -1908.875 540.924 197.144 30.212 37.537 49.133 2546.692 2501.678 2120.361 1751.099 1398.163 1035.614 679.169 230.103 30.975 47.15 70.953 0.458 -331.879 -672.76 -1011.658 -1352.386 -1690.369 -2026.825 -2359.467 -2684.631 541.534 756.378 438.385 85.754 2.594 -348.663 -698.7 540 580 806 36.4 42.33 202 77 2408 1 034
4773999 5626 2025/9/28 14:50:36 P18 76.47 32.77 0 11.67 52.65 931.37 962 340.118 583.191 3714.752 305.939 562.897 852.203 597.992 69.885 -10.529 155.792 -27.008 227.509 935.364 1.526 678.101 794.373 373.993 456.848 961.761 549.774 -5000 -3.51 -16.785 61.035 -30.518 9.766 402.832 128.784 490.112 1071.625 180.969 -1908.112 538.635 197.906 31.128 30.67 50.507 2549.286 2501.984 2113.647 1741.18 1385.193 1019.897 663.147 232.086 29.449 65.46 71.411 4.272 -332.336 -675.812 -1014.252 -1356.049 -1696.014 -2033.234 -2367.401 -2692.871 540.161 753.174 440.063 85.297 2.899 -349.121 -701.294 540 580 806 36.37 42.24 202 77 2408 1 034
4774000 5626 2025/9/28 14:50:37 P18 76.52 32.74 0 11.6 52.66 931.37 962 340.576 583.038 3715.057 306.702 562.439 853.577 598.145 148.315 -17.853 172.424 -24.872 227.814 935.059 0.61 677.643 795.288 373.535 456.696 963.135 549.316 -5000 14.954 -17.548 39.825 -30.975 9.766 403.9 130.615 488.739 1073.914 158.386 -1908.417 538.025 196.991 34.18 28.229 49.438 2542.877 2503.51 2116.547 1745.605 1393.738 1032.104 678.253 238.647 32.501 34.943 72.174 1.221 -334.473 -676.88 -1013.184 -1353.302 -1690.979 -2028.351 -2361.298 -2683.105 540.924 754.395 437.927 82.855 4.272 -348.511 -701.141 549 580 806 36.38 42.36 202 77 2408 1 034
4774001 5626 2025/9/28 14:50:38 P18 76.45 32.77 0 11.75 52.63 931.37 962.02 338.745 582.275 3714.905 305.328 562.592 855.56 598.907 79.651 -30.823 195.16 -26.855 227.203 930.176 0.153 677.948 794.678 372.925 456.085 965.118 548.706 -5000 -0.61 -17.09 8.545 -30.975 8.698 402.222 130.005 489.349 1069.489 148.926 -1908.569 539.093 197.754 28.381 23.041 49.591 2543.793 2501.373 2117.615 1747.589 1392.059 1032.562 676.27 232.086 32.043 24.719 71.716 4.883 -331.726 -674.133 -1010.437 -1352.692 -1691.589 -2027.588 -2362.213 -2686.31 540.924 754.547 438.385 84.534 2.289 -348.358 -697.784 537 580 805 36.35 42.33 202 77 2408 1 034
4774002 5626 2025/9/28 14:50:39 P18 76.47 32.69 0 11.77 52.54 931.39 962.02 338.44 583.191 3711.548 306.396 562.134 852.051 598.907 -16.785 -52.795 177.002 -25.482 226.135 934.753 0.458 676.575 794.83 372.467 455.78 964.05 550.079 -5000 1.373 -17.548 22.736 -31.738 8.698 402.679 129.7 488.586 1072.998 154.572 -1908.722 536.194 196.381 28.687 23.804 48.981 2548.065 2503.052 2116.394 1741.18 1382.904 1019.135 661.774 240.784 31.586 30.212 71.869 0.458 -335.083 -677.49 -1014.404 -1357.727 -1696.472 -2033.691 -2371.521 -2693.176 540.009 752.869 438.08 84.686 1.831 -350.647 -702.362 549 580 805 36.38 42.42 202 77 2408 1 034
4774003 5626 2025/9/28 14:50:40 P18 76.56 32.69 0 11.72 52.56 931.37 962.02 339.508 583.649 3712.616 305.328 562.744 850.677 598.755 -35.095 -47.455 160.37 -26.398 224.762 935.974 0.61 677.643 792.542 372.62 457.458 965.271 548.859 -5000 0.305 -16.937 73.547 -30.365 9.155 402.679 128.021 490.57 1070.709 144.501 -1908.722 538.33 197.754 31.586 34.332 49.286 2547.76 2502.747 2110.291 1735.229 1377.563 1013.336 659.332 234.833 32.196 48.37 71.716 0 -335.999 -681.458 -1019.44 -1360.779 -1700.287 -2037.354 -2372.131 -2695.465 541.687 751.953 437.469 81.024 2.136 -352.478 -706.482 550 580 805 36.35 42.37 202 77 2408 1 034
4774004 5626 2025/9/28 14:50:41 P18 76.52 32.74 0 11.74 52.68 931.37 962.03 338.745 583.801 3712.158 306.244 561.829 853.882 598.297 -17.242 -29.297 154.114 -25.635 226.135 936.737 1.526 676.88 794.83 371.552 455.78 962.067 549.164 -5000 -3.815 -18.463 17.242 -30.823 8.698 402.985 131.531 488.434 1068.42 147.552 -1908.875 538.177 195.77 29.144 31.128 49.591 2546.997 2503.204 2119.141 1747.284 1393.127 1035.004 677.795 234.528 34.332 24.567 71.716 2.441 -331.268 -672.607 -1009.827 -1352.844 -1690.826 -2027.893 -2365.417 -2686.92 540.924 749.817 437.164 86.212 4.578 -345.917 -696.564 552 580 805 36.41 42.38 202 77 2408 1 034
4774005 5626 2025/9/28 14:50:42 P18 76.45 32.6 0 11.6 52.57 931.4 962.05 339.203 583.191 3710.938 303.65 560.76 855.865 598.602 67.749 0.153 157.013 -26.855 226.746 933.38 0.458 677.795 795.135 371.246 455.17 965.118 548.553 -5000 7.477 -17.548 63.324 -32.196 9.308 402.679 130.005 489.502 1065.216 187.225 -1908.417 538.33 198.059 33.569 33.569 49.591 2541.809 2503.204 2115.173 1739.349 1379.547 1016.693 661.011 238.037 35.706 39.062 71.259 4.73 -335.846 -678.864 -1016.541 -1358.49 -1698.303 -2035.217 -2373.505 -2695.312 540.009 750.122 439.301 84.076 3.51 -348.358 -701.752 532 585 804 36.41 42.32 202 77 2408 1 034
4774006 5626 2025/9/28 14:50:43 P18 76.52 32.7 0 11.86 52.6 931.39 962.03 340.118 582.428 3709.869 303.802 561.523 854.797 598.755 56.61 0.305 168.762 -28.534 225.83 934.448 0.153 676.88 794.83 371.094 455.627 962.067 547.791 -5000 5.493 -16.937 56 -31.128 9.155 404.358 130.31 488.586 1071.014 179.138 -1908.569 535.278 196.381 35.095 32.959 52.795 2543.64 2502.441 2112.427 1738.434 1385.345 1020.813 666.809 236.359 31.433 54.169 71.716 2.136 -333.862 -678.711 -1017.456 -1358.185 -1696.93 -2034.912 -2369.08 -2691.04 540.771 751.648 439.301 81.635 2.441 -354.462 -707.855 550 585 804 36.38 42.31 202 77 2408 1 034
4774007 5626 2025/9/28 14:50:44 P18 76.53 32.66 0 11.81 52.59 931.37 962.03 339.966 583.344 3709.717 301.666 561.676 853.577 599.365 98.267 1.678 155.334 -25.177 225.677 933.838 0 676.27 794.525 371.399 456.39 965.118 549.469 -5000 1.678 -17.242 54.321 -31.128 9.46 403.748 128.021 487.976 1071.167 145.569 -1908.569 537.262 198.364 31.433 24.567 49.744 2545.624 2503.967 2116.699 1744.232 1389.16 1026.306 670.319 233.765 31.128 45.166 69.885 5.646 -332.794 -675.049 -1013.489 -1355.591 -1693.726 -2030.945 -2365.723 -2689.209 540.314 746.155 439.453 84.381 2.899 -348.816 -702.362 539 585 804 36.34 42.28 202 77 2408 1 034
4774008 5626 2025/9/28 14:50:45 P18 76.5 32.74 0 11.75 52.53 931.35 962.03 339.203 583.954 3709.259 301.056 562.439 853.119 598.602 -131.836 -25.787 154.877 -26.093 227.509 935.516 -1.068 676.422 794.22 369.873 456.085 963.745 548.706 -5000 -0.458 -16.937 55.847 -30.212 9.155 403.748 128.326 488.586 1071.32 163.879 -1908.112 536.499 196.075 30.975 29.907 49.591 2550.049 2503.967 2113.8 1734.009 1377.563 1011.81 654.907 235.138 31.738 59.357 71.411 5.035 -335.083 -677.948 -1016.693 -1360.168 -1698.761 -2036.133 -2373.352 -2695.007 540.466 749.969 439.453 82.092 2.289 -350.494 -707.703 539 585 804 36.34 42.28 202 77 2408 1 034
4774009 5626 2025/9/28 14:50:46 P18 76.37 32.66 0 11.67 52.52 931.39 962.02 336.456 582.886 3708.191 303.192 561.066 850.677 598.602 -27.771 -10.071 172.119 -25.787 227.051 936.584 0.153 675.507 794.22 369.873 455.627 962.372 550.079 -5000 -5.341 -18.158 41.199 -31.281 10.376 403.9 127.869 487.213 1068.878 170.593 -1908.417 536.194 196.838 31.738 27.008 48.981 2549.744 2503.052 2114.563 1741.028 1386.566 1021.881 668.488 226.593 34.637 44.861 73.242 5.646 -333.862 -676.575 -1015.625 -1355.133 -1694.336 -2031.097 -2365.723 -2687.683 539.856 751.495 441.284 85.144 5.188 -349.884 -702.82 550 585 803 36.34 42.37 202 77 2408 1 034
4774010 5626 2025/9/28 14:50:47 P18 76.37 32.76 0 11.67 52.6 931.39 962.03 339.813 584.564 3707.886 300.293 560.303 852.966 599.06 -26.093 -40.741 149.841 -25.635 226.44 934.296 0.458 676.422 794.678 369.72 455.627 963.287 548.401 -5000 3.357 -17.09 27.313 -31.128 8.545 402.832 129.089 488.129 1069.794 180.054 -1908.417 536.499 196.686 34.485 28.687 49.286 2545.624 2503.204 2117.004 1745.148 1393.738 1031.189 676.575 231.018 32.196 71.259 72.937 6.104 -331.268 -673.37 -1012.115 -1353.455 -1690.979 -2027.893 -2360.382 -2682.953 539.703 743.866 440.369 84.076 3.815 -346.68 -701.447 549 595 803 36.35 42.29 201 76 2408 1 034
4774011 5626 2025/9/28 14:50:48 P18 76.49 32.71 0 11.67 52.56 931.4 962.03 337.982 583.649 3707.886 301.819 560.913 845.795 598.602 -42.877 -40.131 165.558 -26.093 225.677 935.669 0.458 675.354 792.999 369.568 454.865 963.898 548.859 -5000 -2.899 -16.327 23.193 -30.212 9.155 403.29 130.31 487.213 1066.437 194.092 -1908.417 536.499 195.16 28.992 37.537 49.286 2546.387 2502.289 2110.901 1734.009 1374.969 1012.421 655.67 232.697 30.06 63.019 71.564 4.883 -333.557 -679.169 -1016.541 -1359.406 -1700.439 -2038.269 -2374.725 -2696.533 539.551 748.901 438.69 82.245 0.763 -352.478 -707.703 552 595 803 36.37 42.45 201 76 2408 1 034
4774012 5626 2025/9/28 14:50:49 P18 76.35 32.63 0 11.84 52.53 931.4 962.04 338.44 583.496 3706.207 302.582 559.845 853.119 598.755 61.188 -13.275 151.215 -26.398 225.22 934.753 -0.153 675.507 796.509 368.652 455.475 960.388 547.028 -5000 1.831 -17.548 48.828 -30.975 9.46 403.595 129.547 486.145 1068.268 174.408 -1908.569 535.431 195.923 27.771 30.975 47.455 2543.64 2502.899 2114.563 1740.57 1385.345 1025.696 670.471 232.544 30.212 42.114 70.19 0.61 -332.336 -676.27 -1012.421 -1356.049 -1694.489 -2030.945 -2366.333 -2687.836 539.246 749.817 438.385 86.06 3.662 -349.731 -702.515 541 595 803 36.4 42.39 201 76 2408 1 034
4774013 5626 2025/9/28 14:50:50 P18 76.45 32.76 0 11.72 52.63 931.38 962.02 339.966 583.344 3705.292 303.345 559.998 848.694 599.213 -35.706 -20.294 167.847 -25.787 224.609 935.059 -0.305 675.049 795.135 368.195 454.865 962.677 546.417 -5000 9.308 -18.158 2.441 -31.738 9.613 404.053 131.226 486.45 1065.216 185.089 -1908.722 535.278 196.075 29.602 21.515 49.438 2543.488 2501.678 2116.699 1747.742 1396.027 1033.325 679.779 234.07 32.654 37.994 72.479 2.136 -330.811 -673.218 -1010.59 -1352.234 -1689.911 -2027.13 -2358.093 -2683.105 538.788 749.207 438.385 83.313 1.678 -346.375 -698.242 549 595 803 36.34 42.28 201 76 2408 1 034
4774014 5626 2025/9/28 14:50:51 P18 76.37 32.71 0 11.73 52.51 931.38 962.04 339.355 584.412 3704.987 302.429 561.371 847.778 599.365 -7.935 15.564 175.323 -26.398 226.288 936.584 -0.305 675.659 793.762 368.042 455.475 961.761 546.265 -5000 1.221 -16.479 9.308 -29.602 9.003 402.069 129.242 488.281 1059.265 160.217 -1908.569 536.346 194.702 38.605 28.839 49.591 2548.37 2501.831 2115.631 1743.469 1389.313 1025.543 669.098 241.241 32.806 24.414 72.479 0.916 -333.099 -675.201 -1013.031 -1354.675 -1693.115 -2031.708 -2366.333 -2690.125 540.466 749.512 438.843 83.923 3.662 -348.511 -700.836 543 595 802 36.4 42.35 201 76 2408 1 034
4774015 5626 2025/9/28 14:50:52 P18 76.4 32.65 0 11.75 52.52 931.36 962 338.593 583.038 3698.73 302.582 559.845 849.915 599.365 28.381 -14.496 149.689 -26.55 225.372 935.822 0 674.438 794.678 367.584 455.933 960.083 547.638 -5000 13.428 -17.548 21.82 -31.128 10.071 399.475 129.089 486.908 1067.352 181.122 -1908.875 535.583 194.244 29.144 30.212 49.133 2548.523 2503.662 2118.073 1741.638 1388.397 1027.832 670.929 235.748 35.706 45.776 73.395 3.967 -335.693 -678.253 -1014.862 -1356.659 -1695.099 -2032.013 -2366.638 -2687.531 540.009 749.817 439.453 82.703 4.883 -349.274 -701.752 552 595 802 36.37 42.43 201 76 2408 1 034
4774016 5626 2025/9/28 14:50:53 P18 76.36 32.77 0 11.67 52.56 931.39 962.03 340.118 583.344 3703.308 301.361 560.303 848.389 599.518 89.111 -25.94 179.749 -26.855 225.83 932.312 -0.305 673.828 794.22 367.889 452.881 961.456 547.028 -5000 19.379 -16.937 24.261 -30.823 9.766 402.374 127.563 485.84 1067.505 175.171 -1908.875 535.583 196.838 30.06 26.093 49.286 2547.913 2502.747 2120.209 1746.826 1395.416 1037.14 681.458 246.582 30.518 47.607 71.106 3.357 -330.2 -673.065 -1009.521 -1352.386 -1689.911 -2026.367 -2360.229 -2682.495 538.177 748.901 437.622 87.28 1.831 -345.917 -696.716 541 595 802 36.34 42.38 201 76 2408 1 034
4774017 5626 2025/9/28 14:50:54 P18 76.37 32.7 0 11.86 52.47 931.41 962.02 339.203 582.886 3703.766 307.312 559.387 851.898 599.06 26.398 2.747 152.13 -27.618 224.304 935.364 -0.153 674.744 794.983 366.364 455.475 959.93 548.248 -5000 -7.935 -16.479 17.7 -33.112 8.392 403.137 130.157 485.535 1064.148 157.471 -1909.18 533.142 195.77 31.433 21.515 52.338 2546.997 2502.441 2114.258 1737.061 1385.345 1023.102 667.572 240.021 29.907 26.398 69.885 4.73 -331.573 -674.286 -1011.81 -1353.455 -1692.505 -2029.419 -2362.976 -2689.209 538.177 746.613 440.216 86.06 2.899 -347.443 -700.073 550 595 801 36.41 42.41 201 76 2408 1 034
4774018 5626 2025/9/28 14:50:55 P18 76.42 32.77 0 11.77 52.52 931.41 962.04 338.287 583.038 3702.698 303.65 559.998 849.304 599.06 -50.201 -17.395 157.471 -24.719 224.152 932.77 0.305 674.438 794.067 366.974 453.644 959.167 547.943 -5000 12.665 -16.327 64.24 -30.823 9.308 402.374 128.632 486.145 1065.979 167.999 -1908.417 534.363 194.702 34.637 21.362 49.591 2548.676 2504.12 2115.326 1743.164 1390.533 1028.9 675.659 241.241 32.196 27.008 70.496 3.967 -332.184 -674.896 -1011.81 -1353.302 -1692.963 -2029.419 -2362.518 -2685.699 537.262 746.613 439.606 83.923 3.51 -350.8 -701.447 550 595 801 36.41 42.41 201 76 2408 1 034
4774019 5626 2025/9/28 14:50:56 P18 76.52 32.71 0 11.63 52.56 931.41 962.05 339.05 583.649 3702.087 305.634 559.845 849.304 599.365 -25.33 -42.267 142.059 -25.024 224.152 935.364 0.458 674.133 794.83 366.058 454.254 959.625 547.18 -5000 2.594 -18.005 26.855 -30.365 8.698 402.222 130.005 485.229 1061.554 174.713 -1908.722 535.583 194.244 32.654 25.33 49.286 2546.997 2503.204 2120.514 1746.826 1396.332 1035.461 677.795 238.495 34.332 15.259 72.327 5.188 -317.841 -663.3 -1002.045 -1347.198 -1686.554 -2022.552 -2357.483 -2681.274 538.94 742.645 438.843 86.67 4.272 -328.674 -686.646 541 590 801 36.38 42.28 201 76 2408 1 034
4774020 5626 2025/9/28 14:50:57 P18 76.5 32.7 0 11.73 52.55 931.4 962.01 339.661 582.733 3701.019 303.192 559.082 850.983 599.67 46.387 -14.038 160.217 -25.94 224.762 931.854 -0.153 674.591 795.135 365.448 454.254 959.015 545.807 -5000 -5.951 -17.548 30.365 -31.128 9.46 402.527 129.852 486.908 1062.012 180.054 -1908.875 533.142 195.16 32.501 29.602 49.286 2542.114 2503.815 2116.394 1740.723 1386.566 1022.949 665.894 238.8 31.128 37.384 70.496 6.714 -332.031 -673.828 -1012.726 -1354.37 -1693.115 -2031.097 -2366.943 -2690.735 537.72 746.613 441.132 84.991 0.916 -345.154 -700.073 541 595 801 36.37 42.33 201 76 2408 1 034
4774021 5626 2025/9/28 14:50:58 P18 76.36 32.69 0 11.81 52.51 931.43 962.03 339.966 583.038 3699.799 304.718 558.777 850.83 599.213 -27.924 6.409 164.185 -26.093 225.372 934.601 -0.763 674.286 794.678 364.685 454.712 959.32 545.654 -5000 8.545 -17.09 51.575 -30.975 8.698 402.222 130.157 485.687 1063.843 179.138 -1909.332 534.973 194.702 29.144 29.297 53.253 2542.267 2503.052 2109.528 1732.941 1373.901 1011.963 657.349 234.985 30.06 50.201 70.953 5.951 -334.778 -680.084 -1018.829 -1362.457 -1701.508 -2038.269 -2374.725 -2695.77 538.635 747.07 438.08 83.771 1.831 -352.936 -708.313 549 590 801 36.38 42.39 201 76 2408 1 034
4774022 5626 2025/9/28 14:50:59 P18 76.4 32.76 0 11.65 52.55 931.41 962.03 338.593 583.496 3700.256 302.277 559.235 850.677 599.518 -89.569 0.763 147.552 -26.703 223.999 932.159 -0.305 674.744 793.915 364.99 454.102 957.336 545.502 -5000 11.749 -17.09 89.874 -31.738 7.935 401.917 129.852 484.009 1061.707 176.544 -1908.875 534.058 196.381 27.618 27.618 50.049 2544.25 2501.526 2121.277 1746.216 1394.043 1034.851 678.406 241.852 33.875 32.654 71.411 4.578 -332.489 -673.065 -1008.759 -1351.624 -1689.453 -2025.909 -2362.671 -2686.005 538.788 745.544 438.385 86.975 5.188 -345.612 -698.395 541 590 801 36.37 42.39 201 76 2408 1 034
4774023 5626 2025/9/28 14:51:00 P18 76.46 32.69 0 11.55 52.45 931.41 962.01 338.745 583.344 3699.036 302.734 558.472 850.677 599.518 -15.564 -2.136 190.125 -27.161 223.541 933.533 -0.305 674.591 794.525 364.38 454.407 956.421 545.654 -5000 9.003 -15.717 30.975 -30.823 8.087 403.29 129.547 485.382 1063.538 170.593 -1908.112 531.769 195.312 27.313 29.144 49.133 2546.082 2502.747 2114.41 1740.57 1382.141 1018.219 661.011 242.004 33.569 33.417 68.97 1.831 -335.083 -678.253 -1015.015 -1356.812 -1697.54 -2034.454 -2369.995 -2694.092 538.635 747.07 437.927 83.466 3.967 -350.647 -703.125 550 590 801 36.37 42.42 201 76 2408 1 034
4774024 5626 2025/9/28 14:51:01 P18 76.39 32.69 0 11.65 52.45 931.42 962.02 337.067 583.191 3699.951 307.007 559.845 851.135 599.365 91.248 34.027 169.678 -26.855 223.389 935.059 -0.153 673.523 794.525 364.685 454.712 957.947 547.028 -5000 21.82 -16.632 40.436 -32.654 8.087 402.527 130.768 483.704 1060.028 175.781 -1908.875 532.227 194.092 30.365 43.03 49.286 2546.387 2503.204 2109.528 1735.84 1376.19 1013.641 659.943 241.089 33.417 30.365 71.564 0.916 -335.693 -680.389 -1018.066 -1360.168 -1699.829 -2036.591 -2373.199 -2696.533 539.093 747.07 439.148 81.329 4.272 -353.546 -708.618 538 590 800 36.38 42.44 201 76 2408 1 034
4774025 5626 2025/9/28 14:51:02 P18 76.33 32.7 0 11.79 52.61 931.42 962.04 339.813 583.191 3698.578 304.565 557.861 849.609 599.213 0.763 -3.967 149.536 -26.245 224.609 932.922 -0.305 673.981 795.135 364.227 453.186 958.252 544.434 -5000 15.259 -16.327 48.981 -30.518 8.698 402.222 129.7 485.84 1059.875 173.187 -1908.264 531.006 194.092 31.891 32.806 49.744 2543.335 2502.289 2115.631 1744.995 1392.67 1030.121 674.591 248.871 33.264 20.294 70.953 4.73 -331.421 -673.218 -1011.505 -1352.386 -1690.979 -2027.74 -2361.45 -2686.462 537.567 742.493 440.216 85.754 4.272 -347.9 -697.784 553 590 800 36.41 42.41 201 76 2408 1 034
4774026 5626 2025/9/28 14:51:03 P18 76.47 32.77 0 11.69 52.59 931.39 962.03 340.271 583.496 3692.169 303.955 558.319 850.067 599.518 34.18 -20.599 152.893 -26.55 224.304 932.617 -0.458 673.523 795.288 362.701 454.559 957.794 544.891 -5000 26.855 -16.632 -37.689 -31.586 8.545 402.374 129.7 485.229 1059.723 149.841 -1908.569 533.905 193.481 37.537 22.278 50.049 2542.572 2503.357 2114.41 1741.638 1381.836 1017.609 662.079 243.683 34.027 9.003 71.411 4.578 -331.726 -676.117 -1014.099 -1356.964 -1697.235 -2035.37 -2370.605 -2695.312 537.262 743.561 439.758 84.229 3.662 -350.189 -704.041 540 590 799 36.38 42.31 201 76 2408 1 034
4774027 5626 2025/9/28 14:51:04 P18 76.4 32.76 0 11.67 52.59 931.41 962.05 339.203 583.344 3696.289 303.345 558.319 844.879 600.128 -32.654 -45.776 176.544 -27.924 223.083 933.075 0 672.607 793.457 363.159 453.949 954.742 545.654 -5000 15.411 -16.785 -20.447 -30.06 7.629 401.611 129.242 483.246 1061.554 171.356 -1909.18 532.684 193.787 36.011 27.618 49.591 2546.997 2503.357 2096.863 1726.227 1372.833 1010.437 655.975 239.563 34.485 16.174 71.716 3.967 -336.151 -680.695 -1018.982 -1360.626 -1701.05 -2038.574 -2373.657 -2696.686 538.788 745.239 440.063 81.94 3.815 -352.631 -707.397 550 590 798 36.4 42.36 201 76 2408 1 034
4774028 5626 2025/9/28 14:51:05 P18 76.39 32.74 0 11.67 52.58 931.41 962.03 338.44 583.496 3697.205 306.549 557.861 847.931 600.586 57.373 -4.73 158.997 -25.177 222.626 934.906 -0.61 672.302 794.678 363.77 454.102 956.116 545.959 -5000 -6.561 -17.09 23.651 -30.212 8.087 401.917 130.005 483.398 1058.502 162.964 -1909.485 532.837 193.024 32.501 27.771 49.591 2548.523 2501.678 2119.141 1742.401 1388.092 1028.442 671.387 244.446 30.06 39.062 72.021 0.763 -335.846 -677.185 -1014.709 -1357.88 -1695.099 -2031.555 -2367.554 -2688.141 538.177 743.866 437.775 83.618 0.458 -350.189 -702.362 541 590 798 36.4 42.39 201 76 2408 1 034
4774029 5626 2025/9/28 14:51:06 P18 76.39 32.69 0 11.82 52.63 931.39 962.03 339.508 584.106 3695.984 302.124 557.861 846.1 599.823 12.054 -32.196 171.509 -26.703 224.304 930.634 0.153 672.302 794.067 362.854 454.407 954.285 544.586 -5000 5.951 -16.327 -2.441 -30.212 9.003 402.069 129.089 484.314 1059.723 170.441 -1909.485 532.379 193.329 35.095 26.703 49.133 2548.828 2504.272 2115.479 1739.044 1381.683 1017.151 660.095 237.122 33.264 32.501 72.937 3.51 -332.947 -675.354 -1012.726 -1356.506 -1695.557 -2032.013 -2369.385 -2691.345 539.246 744.934 438.232 83.771 4.272 -349.121 -702.362 541 590 798 36.4 42.39 201 76 2408 1 034
4774030 5626 2025/9/28 14:51:07 P18 76.4 32.71 0 11.81 52.48 931.41 962.04 337.982 583.191 3695.831 304.871 558.472 846.71 600.128 54.321 -54.474 179.138 -25.635 222.473 933.99 -0.153 671.844 792.236 362.091 454.559 956.421 546.417 -5000 11.444 -17.09 63.019 -30.212 8.85 401.764 129.547 482.941 1060.791 166.016 -1909.027 532.532 192.719 34.943 33.417 48.828 2547.455 2502.594 2112.427 1732.941 1378.937 1014.404 657.654 239.41 31.891 39.52 70.801 1.984 -334.778 -679.169 -1017.761 -1360.626 -1698.303 -2037.354 -2373.505 -2694.55 537.109 746.155 438.69 80.872 4.73 -352.02 -709.229 551 590 797 36.38 42.37 201 76 2408 1 034
4774031 5626 2025/9/28 14:51:08 P18 76.42 32.66 0 11.65 52.7 931.41 962.04 339.508 584.106 3695.831 299.988 557.709 849.457 599.823 -20.142 4.578 195.465 -25.94 223.694 932.312 -0.61 672.913 794.983 361.633 453.796 956.421 545.197 -5000 0 -15.717 23.651 -30.823 7.935 401.917 128.784 484.009 1061.554 169.373 -1908.722 531.921 193.176 36.163 32.806 49.896 2545.929 2501.678 2115.631 1741.028 1382.294 1022.949 670.013 233.765 34.485 31.586 71.716 2.289 -334.778 -677.49 -1014.099 -1356.506 -1694.794 -2030.182 -2366.18 -2687.378 538.177 744.476 439.453 84.229 2.441 -348.816 -700.836 550 590 797 36.37 42.29 201 76 2408 1 034
4774032 5626 2025/9/28 14:51:09 P18 76.35 32.65 0 11.63 52.66 931.42 962.04 339.355 582.428 3694.916 306.854 556.793 847.931 600.128 13.885 16.632 178.223 -24.872 223.541 934.448 -1.221 671.997 794.83 362.091 453.644 954.895 543.671 -5000 7.629 -16.632 31.586 -29.907 8.698 402.527 129.852 483.093 1060.486 154.572 -1909.027 529.175 193.024 33.569 31.128 49.133 2543.03 2503.967 2116.089 1737.823 1383.057 1018.829 660.553 236.511 32.959 26.398 74.31 1.678 -337.219 -678.711 -1015.472 -1357.727 -1696.014 -2034.454 -2370.453 -2692.719 537.872 745.697 439.453 84.229 3.052 -349.884 -704.956 539 590 797 36.37 42.37 201 76 2408 1 034
4774033 5626 2025/9/28 14:51:10 P18 76.29 32.69 0 11.89 52.55 931.39 962.04 339.355 583.344 3693.237 302.887 557.709 846.71 599.518 13.275 -30.518 162.964 -26.245 223.846 934.753 0 671.844 794.373 361.023 454.102 954.742 544.739 -5000 8.087 -17.242 -3.662 -30.365 8.698 401.611 128.937 483.398 1055.908 163.422 -1908.417 531.158 192.566 35.248 21.362 48.981 2548.065 2501.678 2110.596 1734.314 1375.732 1010.59 657.654 241.241 31.433 27.008 71.869 1.984 -333.557 -680.389 -1018.372 -1360.626 -1700.287 -2037.048 -2373.047 -2695.618 538.94 743.866 436.707 79.498 3.052 -353.088 -705.719 550 585 797 36.43 42.35 201 76 2408 1 034
4774034 5626 2025/9/28 14:51:11 P18 76.32 32.66 0 11.63 52.75 931.41 962.04 338.745 582.733 3692.322 307.617 557.709 848.999 599.67 -18.005 -4.73 172.272 -27.161 223.083 931.702 0 669.861 793.915 362.854 453.033 953.369 543.518 -5000 11.749 -16.327 67.596 -31.891 7.935 401.764 130.005 481.873 1058.35 150.452 -1908.569 531.616 193.634 32.501 25.94 49.133 2543.335 2502.136 2115.173 1742.859 1388.855 1026.306 672.607 238.953 34.027 31.891 71.869 1.221 -333.71 -677.032 -1014.862 -1355.286 -1693.726 -2030.64 -2364.96 -2687.683 538.33 744.019 438.538 83.313 4.12 -348.663 -701.294 551 585 796 36.33 42.4 201 76 2408 1 034
4774035 5626 2025/9/28 14:51:12 P18 76.32 32.71 0 11.63 52.61 931.42 962.04 338.745 581.97 3692.474 306.702 556.946 846.558 599.976 -51.575 -14.038 152.13 -26.55 222.321 931.854 -0.763 671.387 794.373 359.497 454.254 953.522 543.976 -5000 -4.12 -16.785 18.311 -31.891 10.223 402.527 129.547 482.33 1055.145 147.705 -1909.027 532.227 194.702 43.64 27.008 49.133 2541.504 2503.204 2117.157 1748.962 1396.79 1034.088 680.237 240.784 28.534 33.112 70.19 4.73 -332.947 -674.591 -1011.963 -1352.997 -1689.758 -2025.909 -2356.72 -2682.343 537.262 742.188 440.063 85.297 5.035 -346.527 -697.174 545 585 795 36.4 42.35 201 76 2408 1 034
4774036 5626 2025/9/28 14:51:13 P18 76.29 32.74 0 11.55 52.58 931.44 962.03 339.203 583.191 3691.711 302.582 556.641 841.522 599.67 53.711 -28.839 160.522 -26.398 222.168 935.669 -1.068 671.234 792.999 360.26 453.186 951.538 543.671 -5000 16.937 -16.785 -13.123 -30.212 8.698 400.696 128.784 483.704 1057.434 147.247 -1909.027 531.921 192.413 35.858 37.842 49.133 2547.76 2503.357 2112.427 1731.567 1376.343 1011.81 655.67 240.936 34.332 30.365 71.869 3.204 -336.914 -680.389 -1019.135 -1361.542 -1701.05 -2039.49 -2377.472 -2698.364 537.872 743.408 441.742 81.329 4.883 -351.868 -708.771 551 585 795 36.34 42.4 201 76 2408 1 034
4774037 5626 2025/9/28 14:51:14 P18 76.33 32.76 0 11.63 52.66 931.42 962.04 338.745 583.649 3689.88 300.14 557.251 844.421 599.976 56.915 -1.678 164.185 -26.398 223.083 932.312 -0.916 672.15 793.152 359.65 453.186 954.285 543.823 -5000 6.561 -16.022 79.956 -29.449 8.85 402.222 127.258 483.704 1059.875 162.201 -1909.485 530.853 192.261 31.281 23.499 49.133 2548.981 2502.899 2116.547 1738.892 1384.583 1025.238 668.488 241.089 30.823 29.449 69.733 4.425 -334.93 -677.185 -1015.015 -1358.795 -1695.404 -2032.318 -2368.011 -2689.056 537.415 742.188 437.927 84.686 4.73 -349.579 -703.125 542 585 794 36.41 42.38 201 76 2408 1 034
4774038 5626 2025/9/28 14:51:15 P18 76.4 32.69 0 11.77 52.57 931.4 962.02 337.067 582.123 3690.948 307.922 556.183 844.727 599.823 -76.447 5.188 194.855 -26.245 221.71 935.059 -0.763 671.387 793.61 359.65 453.796 949.402 544.281 -5000 7.019 -16.632 44.403 -31.128 8.24 403.137 130.463 482.025 1057.739 169.983 -1908.722 531.006 192.413 39.673 26.855 49.286 2546.082 2503.357 2118.53 1746.674 1395.569 1033.936 676.27 246.429 32.501 33.264 71.106 3.662 -332.947 -672.455 -1011.81 -1353.607 -1691.132 -2028.351 -2360.229 -2683.105 538.33 746.002 439.148 84.076 3.967 -346.375 -699.31 551 585 794 36.4 42.33 201 76 2408 1 034
4774039 5626 2025/9/28 14:51:16 P18 76.3 32.7 0 11.84 52.55 931.42 962.04 337.677 581.665 3690.186 307.77 555.878 847.321 600.281 113.373 -11.597 160.217 -26.855 222.931 934.601 -0.458 670.319 792.389 358.887 453.033 952.759 542.45 -5000 12.054 -17.09 57.678 -32.196 8.698 402.222 129.547 481.262 1056.366 186.768 -1909.18 530.548 193.024 36.469 33.722 49.591 2544.098 2501.984 2114.258 1732.941 1377.106 1012.878 657.196 242.31 34.79 35.4 71.564 4.272 -337.83 -679.626 -1018.066 -1361.694 -1700.439 -2038.574 -2378.235 -2698.669 538.788 740.509 439.758 81.024 3.815 -352.173 -708.16 552 585 794 36.4 42.33 201 76 2408 1 034
4774040 5626 2025/9/28 14:51:17 P18 76.43 32.71 0 11.77 52.78 931.4 962.06 336.761 583.344 3689.27 302.734 556.03 833.282 599.976 -76.141 -22.278 179.138 -26.245 223.236 932.617 -0.916 670.776 793.457 358.887 453.949 952.759 543.976 -5000 -4.883 -15.717 36.316 -29.297 8.545 401.764 127.869 481.567 1057.434 176.392 -1908.417 530.396 192.413 32.959 34.485 48.218 2548.37 2502.441 2114.258 1738.281 1384.43 1023.407 667.419 241.852 31.433 19.989 71.106 1.373 -335.236 -678.558 -1016.083 -1359.1 -1697.388 -2033.997 -2369.232 -2690.43 537.109 741.119 438.538 85.907 4.73 -349.731 -704.956 552 585 794 36.4 42.33 201 76 2408 1 034
4774041 5626 2025/9/28 14:51:18 P18 76.37 32.69 0 11.72 52.62 931.41 962.04 338.135 583.191 3689.117 305.786 555.878 845.642 600.128 -34.18 -4.578 164.948 -26.55 221.863 933.38 -0.458 671.539 794.373 358.124 453.796 951.538 544.128 -5000 6.866 -16.937 11.292 -30.212 8.24 402.374 130.31 481.72 1052.246 173.798 -1908.417 528.717 191.345 25.177 30.823 51.575 2546.082 2503.357 2115.784 1747.131 1394.348 1031.189 677.948 240.784 34.18 33.569 69.885 4.578 -333.252 -676.27 -1011.81 -1353.149 -1692.657 -2028.809 -2360.84 -2685.547 537.72 740.967 440.369 87.128 3.052 -347.9 -699.31 529 585 794 36.38 42.28 200 76 2408 1 034
4774042 5626 2025/9/28 14:51:19 P18 76.33 32.66 0 11.69 52.61 931.41 962.04 339.355 582.581 3687.439 303.345 555.725 843.353 599.823 -73.395 -8.545 183.105 -26.245 221.71 932.007 -0.763 669.098 794.067 357.971 453.339 951.691 543.823 -5000 9.918 -16.937 3.357 -30.823 9.613 402.069 128.021 481.415 1057.739 153.656 -1908.875 529.938 192.871 41.504 29.297 49.896 2546.539 2502.747 2118.683 1747.131 1395.721 1033.02 677.032 243.683 34.485 10.529 72.327 3.357 -332.947 -672.302 -1010.437 -1351.471 -1688.995 -2026.52 -2358.856 -2682.648 536.957 741.119 436.707 84.686 3.815 -346.069 -696.869 550 585 794 36.37 42.37 200 76 2408 1 034
4774043 5626 2025/9/28 14:51:20 P18 76.32 32.63 0 11.7 52.54 931.44 962.02 338.135 581.512 3688.049 310.211 555.42 846.1 600.281 -48.676 -5.188 182.19 -26.855 222.931 933.533 -1.068 670.319 794.067 357.513 453.033 946.96 542.145 -5000 10.681 -16.479 -23.041 -31.586 9.003 401.611 129.395 480.957 1052.246 181.122 -1908.264 530.09 191.65 32.196 29.602 49.438 2544.403 2502.594 2115.936 1742.096 1384.277 1023.712 669.098 246.582 33.264 6.866 71.564 6.256 -331.573 -675.354 -1012.726 -1354.828 -1693.726 -2030.945 -2366.333 -2688.293 535.736 741.119 439.758 85.449 0.153 -349.731 -702.667 541 585 793 36.4 42.4 200 76 2408 1 034
4774044 5626 2025/9/28 14:51:21 P18 76.42 32.7 0 11.75 52.65 931.42 962.04 337.677 580.292 3686.523 302.582 556.183 848.999 600.128 41.809 15.259 170.593 -26.855 222.626 931.702 -0.916 669.708 793.457 357.361 452.576 951.233 542.603 -5000 1.221 -16.327 28.076 -32.196 8.392 402.832 129.852 479.584 1051.025 177.917 -1908.875 529.022 191.04 30.823 27.924 48.981 2543.335 2502.899 2115.784 1745.911 1392.822 1029.816 676.88 241.241 33.569 19.836 72.784 1.831 -333.099 -676.575 -1013.184 -1353.149 -1692.047 -2028.656 -2361.145 -2684.784 537.262 741.425 438.538 85.602 2.747 -347.595 -692.139 551 585 792 36.41 42.29 200 76 2408 1 034
4774045 5626 2025/9/28 14:51:22 P18 76.4 32.74 0 11.65 52.64 931.43 962.04 339.355 582.886 3686.523 306.091 555.115 839.233 599.976 -58.746 -31.586 169.22 -26.245 222.778 935.059 -1.221 670.471 793.61 356.903 453.186 946.198 542.755 -5000 3.052 -16.022 41.504 -29.907 8.392 401.611 128.784 481.873 1052.094 172.424 -1908.569 529.48 191.345 26.703 25.33 49.591 2548.065 2503.052 2119.293 1749.725 1394.043 1037.598 680.847 241.699 29.907 18.158 72.021 2.289 -332.947 -676.27 -1011.81 -1353.76 -1691.132 -2026.978 -2360.077 -2683.411 538.483 742.34 438.08 89.264 1.221 -346.985 -696.106 541 580 791 36.4 42.39 200 76 2408 1 034
4774046 5626 2025/9/28 14:51:23 P18 76.42 32.7 0 11.67 52.52 931.41 962.02 338.898 581.818 3685.303 301.514 554.81 843.658 600.739 57.831 -50.659 165.405 -25.177 221.405 932.922 -1.526 669.098 794.22 356.598 452.423 950.928 542.755 -5000 1.831 -16.632 100.403 -30.365 9.003 402.832 129.395 480.194 1054.535 175.323 -1907.959 528.564 192.871 33.112 27.008 49.591 2543.488 2501.678 2116.394 1746.063 1391.602 1026.764 670.624 252.686 34.18 23.956 72.327 0.763 -332.947 -675.354 -1013.794 -1354.828 -1693.878 -2030.64 -2364.96 -2688.751 537.109 742.188 443.42 83.771 3.662 -348.358 -700.378 553 585 790 36.4 42.35 200 76 2408 1 034
4774047 5626 2025/9/28 14:51:24 P18 76.36 32.79 0 11.68 52.6 931.42 962.05 338.745 583.191 3684.692 301.208 555.267 841.827 600.281 -83.923 -21.82 182.343 -26.855 220.642 931.396 -0.458 670.013 793.457 356.14 452.881 949.402 543.06 -5000 8.087 -16.479 -17.242 -29.755 7.324 401.917 129.395 479.889 1052.246 167.084 -1908.569 529.48 191.345 32.501 18.921 49.591 2546.844 2502.441 2115.021 1744.385 1387.024 1026.611 672.76 246.277 29.144 25.177 70.343 5.188 -331.726 -677.338 -1014.252 -1356.659 -1695.709 -2032.166 -2365.265 -2688.446 536.499 740.509 438.69 84.229 3.052 -348.816 -701.447 542 585 788 36.37 42.33 200 76 2408 1 034
4774048 5626 2025/9/28 14:51:25 P18 76.35 32.79 0 11.69 52.6 931.42 962.06 339.508 582.581 3685.303 302.124 553.589 839.081 599.823 13.428 -32.196 187.683 -26.245 221.558 931.702 -1.526 669.25 794.22 356.445 453.033 949.097 542.45 -5000 14.648 -17.09 7.629 -29.755 8.698 401.459 129.242 480.652 1054.077 172.882 -1908.264 529.022 192.413 33.417 32.959 48.523 2545.319 2502.747 2120.514 1747.131 1395.416 1033.936 678.406 244.293 30.212 11.139 71.564 6.409 -332.794 -674.744 -1010.59 -1352.692 -1689.911 -2026.062 -2360.382 -2683.105 535.889 738.22 439.606 84.991 2.899 -346.222 -699.768 550 580 788 36.38 42.36 200 76 2408 1 034
4774049 5626 2025/9/28 14:51:26 P18 76.29 32.67 0 11.63 52.55 931.43 962.05 337.372 581.97 3683.777 304.871 554.504 844.269 600.739 13.733 -18.311 164.49 -26.855 221.405 934.753 -0.458 669.556 794.983 355.377 452.576 948.639 541.534 -5000 -2.899 -16.479 26.703 -33.264 7.935 401.611 129.547 479.889 1051.941 162.659 -1908.417 525.97 191.04 32.806 27.771 49.286 2544.25 2501.984 2119.751 1747.894 1393.585 1033.63 676.727 243.683 32.349 6.104 72.479 2.441 -334.167 -675.354 -1010.742 -1353.455 -1690.674 -2027.283 -2363.129 -2685.547 537.109 740.662 439.758 86.212 4.12 -345.306 -695.648 542 580 787 36.4 42.39 200 76 2408 1 034
4774050 5626 2025/9/28 14:51:27 P18 76.3 32.69 0 11.73 52.57 931.42 962.06 338.898 583.954 3682.861 302.582 554.657 845.184 600.281 33.722 2.899 161.133 -26.55 222.321 934.753 -1.831 668.03 794.373 355.072 453.033 949.554 542.908 -5000 -1.373 -16.174 -39.368 -30.67 8.392 402.222 127.869 480.347 1053.772 165.405 -1908.722 528.564 191.04 31.128 31.433 50.201 2549.286 2501.221 2113.8 1739.807 1386.261 1022.186 668.64 244.446 29.297 25.024 70.496 4.73 -332.489 -675.507 -1015.015 -1356.201 -1695.099 -2032.776 -2366.638 -2690.582 535.583 738.373 441.589 84.381 1.526 -349.579 -704.651 542 580 787 36.4 42.39 200 76 2408 1 034
4774051 5626 2025/9/28 14:51:28 P18 76.39 32.73 0 11.79 52.52 931.41 962.07 338.745 583.038 3682.404 304.108 554.962 842.133 600.586 -25.787 -15.411 146.637 -25.482 220.184 934.906 -1.221 670.166 793.304 355.53 452.576 949.554 542.755 -5000 8.087 -17.242 38.605 -30.212 7.782 401.764 128.784 479.736 1049.347 157.166 -1908.722 529.022 190.125 25.787 26.398 48.981 2547.302 2503.204 2117.157 1743.469 1389.923 1030.731 673.523 247.192 33.722 38.452 73.395 2.441 -334.93 -677.795 -1013.336 -1354.98 -1693.268 -2029.266 -2365.57 -2685.699 541.534 739.594 439.148 84.839 5.188 -347.29 -700.378 542 580 786 36.35 42.48 200 76 2408 1 034
4774052 5626 2025/9/28 14:51:29 P18 76.39 32.74 0 11.89 52.65 931.45 962.07 339.661 583.344 3681.793 301.971 553.589 838.776 600.128 -21.21 -12.207 143.89 -25.94 220.337 932.465 -1.068 669.098 795.135 352.936 451.66 949.402 541.382 -5000 -13.123 -16.785 38.91 -30.975 9.308 402.069 128.937 479.584 1053.314 162.048 -1908.264 528.259 191.65 29.449 34.485 49.591 2544.556 2503.052 2120.209 1749.573 1395.111 1036.377 680.847 250.092 31.433 38.757 72.021 1.373 -331.573 -673.523 -1008.759 -1351.166 -1688.232 -2024.384 -2358.856 -2680.359 537.72 740.356 438.843 85.602 3.052 -346.527 -697.174 550 580 786 36.33 42.34 200 75 2408 1 034
4774053 5626 2025/9/28 14:51:30 P18 76.45 32.71 0 11.82 52.56 931.4 962.07 338.287 582.275 3681.03 304.413 554.199 839.081 600.433 -28.229 37.842 166.779 -25.33 222.473 935.364 -1.678 668.182 793.61 354.614 452.576 946.96 541.84 -5000 -2.899 -15.717 42.419 -29.449 8.545 402.069 128.021 479.736 1050.415 168.304 -1908.112 527.649 191.65 29.297 28.992 49.133 2548.37 2503.204 2118.378 1743.164 1391.296 1030.579 671.844 245.209 30.06 25.94 70.801 0.61 -331.726 -673.676 -1011.2 -1353.455 -1692.2 -2028.809 -2364.349 -2686.768 536.499 742.34 439.606 86.365 3.662 -347.748 -700.226 542 575 785 36.38 42.39 200 75 2408 1 034
4774054 5626 2025/9/28 14:51:31 P18 76.4 32.73 0 11.62 52.62 931.44 962.04 339.813 583.191 3680.115 302.277 554.352 842.133 599.365 61.646 -10.681 182.343 -26.55 220.184 933.685 -1.221 668.64 795.288 354.156 452.271 949.86 541.687 -5000 0.153 -15.259 -87.128 -29.755 8.85 402.069 128.479 479.736 1051.636 166.779 -1908.875 524.75 191.04 36.926 27.618 49.438 2545.166 2502.441 2115.173 1739.96 1384.43 1023.865 668.64 243.835 32.806 39.978 71.106 6.104 -334.015 -676.727 -1015.778 -1357.269 -1695.251 -2031.86 -2368.164 -2688.751 535.889 737.61 439.606 85.144 3.815 -347.9 -702.362 550 575 784 36.35 42.4 200 75 2408 1 034
4774055 5626 2025/9/28 14:51:32 P18 76.4 32.66 0 11.65 52.55 931.43 962.05 339.355 581.512 3673.859 305.176 553.436 841.98 600.739 39.978 -11.139 175.171 -25.33 220.49 935.059 -1.526 668.335 794.678 353.699 452.118 948.181 540.924 -5000 -5.188 -15.717 29.907 -31.128 8.698 400.391 129.395 478.821 1052.094 170.593 -1908.569 526.886 190.277 33.875 24.109 50.049 2543.03 2503.052 2116.241 1743.622 1387.329 1027.679 674.133 242.31 31.738 30.06 70.343 6.561 -334.778 -677.185 -1013.336 -1355.896 -1694.031 -2029.572 -2365.112 -2686.615 536.194 733.643 440.063 84.534 4.12 -349.274 -700.989 552 575 783 36.38 42.36 200 75 2408 1 034
4774056 5626 2025/9/28 14:51:33 P18 76.36 32.74 0 11.79 52.6 931.4 962.06 338.135 582.123 3672.638 304.565 554.504 838.165 600.128 54.321 -0.763 169.22 -26.245 220.795 935.669 0.916 667.419 793.304 353.546 451.965 946.655 541.992 -5000 11.444 -16.937 33.875 -29.602 9.46 401.459 128.326 479.736 1049.957 166.779 -1908.722 527.649 189.972 29.907 28.839 48.218 2547.607 2502.136 2121.887 1748.352 1397.095 1037.292 678.711 243.683 32.501 40.131 71.411 3.052 -332.642 -673.523 -1008.911 -1351.013 -1688.08 -2024.994 -2360.535 -2682.037 536.194 742.188 437.622 86.517 1.221 -345.459 -696.564 553 580 783 36.38 42.51 200 75 2408 1 034
4774057 5626 2025/9/28 14:51:34 P18 76.36 32.69 0 11.7 52.57 931.41 962.07 337.982 583.038 3679.657 306.091 554.047 842.285 601.044 5.646 -19.073 194.244 -24.567 219.421 935.364 -1.831 668.03 793.152 352.325 451.813 947.266 541.382 -5000 19.073 -17.09 28.381 -29.755 8.545 401.154 129.242 478.973 1046.143 164.642 -1909.027 528.107 190.582 30.67 21.667 49.286 2546.387 2504.272 2112.122 1735.229 1375.732 1011.658 656.586 248.108 30.212 47.302 70.801 3.204 -333.099 -679.016 -1018.219 -1361.847 -1701.66 -2038.727 -2375.183 -2696.991 535.278 738.525 439.606 83.16 2.594 -352.478 -706.329 551 580 782 36.35 42.46 200 75 2408 1 034
4774058 5626 2025/9/28 14:51:35 P18 76.4 32.7 0 11.74 52.54 931.42 962.05 338.745 582.581 3678.284 300.751 553.589 840.149 600.128 -63.629 -4.883 184.174 -26.55 220.49 931.549 -0.61 666.656 794.22 352.325 452.118 947.266 540.924 -5000 11.597 -16.937 84.381 -30.518 9.308 400.848 128.479 478.668 1050.72 196.838 -1909.18 526.886 190.735 33.875 28.076 49.133 2548.065 2502.899 2113.19 1740.112 1384.43 1020.508 667.572 241.394 34.79 51.27 73.395 2.441 -332.336 -675.507 -1014.099 -1355.133 -1693.573 -2030.334 -2364.349 -2688.141 536.041 737.762 439.453 83.771 5.035 -349.274 -700.073 550 575 781 36.35 42.29 200 75 2408 1 034
4774059 5626 2025/9/28 14:51:36 P18 76.4 32.77 0 11.74 52.52 931.44 962.04 338.898 581.36 3678.131 304.26 553.284 841.675 600.281 88.806 -20.905 203.247 -26.55 220.49 933.533 -1.526 668.335 794.83 350.647 451.813 945.892 540.161 -5000 -16.937 -14.496 46.387 -31.738 9.766 402.527 129.395 478.668 1047.668 163.574 -1908.875 527.039 191.345 31.281 27.618 49.591 2542.114 2503.51 2114.563 1747.284 1392.365 1028.748 674.744 241.089 30.67 42.725 72.937 2.441 -333.252 -677.49 -1015.167 -1356.201 -1694.794 -2031.403 -2364.96 -2687.073 536.346 738.678 439.148 83.771 2.136 -349.426 -700.378 538 575 781 36.35 42.37 200 75 2408 1 034
4774060 5626 2025/9/28 14:51:37 P18 76.42 32.66 0 11.7 52.67 931.44 962.04 339.05 581.97 3677.673 306.244 553.589 838.013 600.586 38.757 12.665 206.451 -25.482 220.337 934.753 -0.916 668.03 793.457 352.02 453.186 943.146 541.077 -5000 11.444 -16.174 17.7 -30.06 9.155 401.764 127.869 480.042 1047.058 184.937 -1909.18 526.276 189.514 28.076 29.297 49.286 2548.218 2502.747 2119.293 1749.725 1394.501 1034.241 680.389 252.533 28.229 49.896 70.801 3.51 -331.573 -674.591 -1010.437 -1352.692 -1691.284 -2027.588 -2359.772 -2684.174 534.821 736.389 440.063 86.67 3.967 -347.595 -697.479 541 575 781 36.38 42.4 200 75 2408 1 034
4774061 5626 2025/9/28 14:51:38 P18 76.47 32.65 0 11.75 52.66 931.43 962.03 338.135 582.428 3676.758 305.481 553.284 843.048 601.044 -6.409 -4.272 179.138 -26.093 221.252 935.364 -1.526 666.809 794.83 351.868 451.813 945.892 541.077 -5000 18.005 -17.395 25.94 -31.586 9.003 402.527 127.563 476.837 1048.279 154.572 -1908.722 526.123 191.65 34.485 33.417 49.133 2550.049 2503.204 2110.291 1734.467 1373.749 1009.521 656.281 243.835 31.128 37.689 72.021 7.782 -333.71 -679.169 -1017.151 -1360.321 -1700.134 -2036.743 -2372.437 -2695.923 535.583 736.847 439.758 83.16 2.594 -352.325 -707.245 541 575 781 36.38 42.4 200 75 2408 1 034
4774062 5626 2025/9/28 14:51:39 P18 76.45 32.74 0 11.58 52.63 931.42 962.04 337.372 582.733 3676.605 303.802 553.284 840.607 600.586 46.387 -12.97 174.408 -26.703 220.337 932.007 -1.221 667.877 792.542 351.41 452.576 942.841 540.161 -5000 4.12 -16.785 11.292 -31.586 8.24 401.001 127.869 476.837 1047.058 146.942 -1908.875 526.276 191.65 31.891 29.144 49.286 2544.556 2502.441 2114.258 1741.486 1387.329 1023.254 670.013 245.056 32.501 28.229 71.716 3.662 -333.557 -676.88 -1014.709 -1355.743 -1695.404 -2031.708 -2365.723 -2689.819 536.346 737.915 439.758 82.397 3.967 -349.121 -701.141 541 565 781 36.4 42.4 200 75 2408 1 034
4774063 5626 2025/9/28 14:51:40 P18 76.39 32.7 0 11.69 52.68 931.42 962.04 338.287 581.512 3676.147 307.007 552.368 836.029 600.433 -13.58 -7.782 188.599 -25.787 220.947 933.838 -1.373 668.03 792.694 350.8 452.118 946.045 540.009 -5000 9.308 -17.09 48.523 -31.281 8.392 401.611 129.852 478.516 1046.295 170.593 -1909.18 525.665 189.667 34.332 34.18 50.201 2542.419 2502.136 2115.631 1745.453 1390.991 1029.816 676.422 237.274 32.043 46.387 73.242 6.561 -335.541 -679.321 -1015.167 -1356.506 -1695.709 -2030.792 -2364.807 -2687.225 535.736 741.73 440.216 85.144 5.188 -347.9 -698.7 543 570 780 36.35 42.42 200 75 2408 1 034
4774064 5626 2025/9/28 14:51:41 P18 76.33 32.74 0 11.67 52.69 931.42 962.07 339.661 583.191 3675.842 299.988 552.673 842.285 600.433 -85.602 -3.815 183.563 -25.33 220.337 933.838 -1.831 667.572 794.678 349.579 451.813 946.503 540.924 -5000 15.869 -17.09 38.147 -30.975 8.85 401.764 128.479 477.753 1048.431 146.332 -1909.18 526.276 189.819 42.267 27.618 49.286 2545.929 2503.052 2111.969 1738.434 1380.31 1013.489 659.332 242.004 32.654 53.101 71.411 1.831 -333.862 -678.253 -1016.388 -1358.49 -1698.914 -2035.217 -2369.232 -2694.55 535.889 737.457 438.843 83.313 6.256 -351.41 -705.566 553 570 780 36.37 42.28 200 75 2408 1 034
4774065 5626 2025/9/28 14:51:42 P18 76.39 32.71 0 11.79 52.55 931.42 962.04 340.118 582.275 3669.434 301.208 552.063 840.607 600.891 -15.869 -23.804 186.462 -25.33 219.879 933.838 -1.068 667.114 794.983 349.884 451.66 945.892 540.466 -5000 5.646 -16.937 -3.052 -30.975 8.85 402.069 128.784 477.905 1047.516 172.424 -1909.18 525.208 189.667 39.978 29.297 49.744 2543.03 2502.899 2111.206 1734.009 1378.326 1013.184 659.18 245.361 33.417 48.828 71.716 3.51 -334.32 -677.795 -1018.524 -1360.626 -1699.371 -2037.964 -2373.352 -2694.55 535.736 734.253 439.758 81.635 5.188 -351.868 -709.839 553 570 779 36.4 42.35 200 75 2408 1 034
4774066 5626 2025/9/28 14:51:43 P18 76.45 32.66 0 11.69 52.51 931.41 962.05 339.813 583.649 3674.164 301.666 552.216 839.386 600.891 60.272 -39.062 174.408 -26.398 220.642 933.99 -1.221 667.572 795.898 350.189 451.813 945.282 540.924 -5000 4.12 -17.09 51.727 -29.755 7.629 401.459 128.632 478.363 1047.516 169.983 -1908.417 523.834 189.056 30.67 26.55 50.049 2546.692 2502.136 2113.8 1742.096 1387.939 1024.628 672.607 243.988 32.349 41.504 69.58 3.967 -331.879 -676.117 -1013.641 -1354.37 -1693.268 -2030.182 -2365.112 -2687.225 537.109 734.1 439.758 84.229 3.967 -349.884 -701.904 544 565 778 36.4 42.36 200 75 2408 1 034
4774067 5626 2025/9/28 14:51:44 P18 76.57 32.74 0 11.67 52.48 931.43 962.05 338.135 583.496 3671.265 304.718 552.673 839.386 600.433 73.547 -29.755 169.983 -25.33 218.811 934.296 -1.526 666.809 795.288 350.494 450.287 944.366 540.924 -5000 4.883 -16.632 -6.409 -31.128 7.172 401.001 129.242 476.532 1045.38 161.133 -1908.264 526.123 188.599 30.823 34.18 49.438 2547.76 2504.272 2120.056 1745.911 1393.738 1034.393 677.795 245.667 33.569 40.436 72.479 1.831 -334.473 -675.964 -1011.658 -1353.302 -1690.216 -2026.978 -2362.061 -2682.8 537.415 737.457 440.826 84.839 4.578 -345.306 -698.395 553 565 777 36.4 42.47 200 75 2408 1 034
4774068 5626 2025/9/28 14:51:45 P18 76.49 32.71 0 11.76 52.62 931.42 962.04 338.44 583.191 3672.791 303.345 551.758 838.928 600.433 -114.136 -10.986 153.351 -27.161 218.506 934.601 -3.204 666.504 794.525 349.884 451.66 941.467 540.009 -5000 -1.373 -16.479 33.875 -30.518 7.782 401.306 128.479 476.837 1045.685 162.201 -1908.264 526.276 189.056 30.212 28.992 49.896 2547.913 2503.204 2110.901 1733.856 1379.395 1011.963 655.67 247.498 29.907 28.381 70.343 5.188 -335.388 -677.49 -1018.066 -1360.474 -1700.134 -2039.49 -2375.641 -2696.991 535.889 736.084 438.538 82.397 0.763 -354.156 -710.449 542 565 776 36.38 42.44 200 75 2408 1 034
4774069 5626 2025/9/28 14:51:46 P18 76.6 32.74 0 11.59 52.64 931.43 962.04 338.745 582.123 3672.485 302.429 552.368 839.386 600.586 -10.681 -18.311 157.013 -26.093 219.421 931.549 -1.221 666.199 794.525 349.426 451.66 940.399 541.077 -5000 13.123 -16.632 62.866 -30.67 8.85 402.527 128.784 476.379 1046.6 162.201 -1908.569 524.292 190.125 33.417 28.381 49.591 2547.455 2502.747 2113.647 1742.554 1383.972 1023.102 669.708 244.904 33.417 25.33 71.716 0.61 -335.541 -679.779 -1016.388 -1359.711 -1696.93 -2032.318 -2366.638 -2689.819 536.041 743.103 439.453 82.55 5.798 -352.478 -704.651 552 565 775 36.4 42.42 200 75 2408 1 034
4774070 5626 2025/9/28 14:51:47 P18 76.39 32.71 0 11.89 52.6 931.42 962.05 337.067 583.344 3672.18 303.802 553.589 836.029 600.433 26.398 -28.687 182.19 -26.245 220.032 935.822 -1.678 666.962 794.067 349.426 452.576 942.688 540.771 -5000 8.85 -16.022 44.403 -29.449 8.545 401.154 127.258 478.516 1040.039 168.61 -1909.027 525.208 188.904 34.79 22.43 48.828 2547.607 2503.357 2114.563 1743.011 1392.059 1028.137 674.744 245.209 31.738 30.518 72.632 4.578 -333.099 -675.507 -1014.252 -1355.286 -1693.42 -2030.487 -2364.502 -2686.31 535.278 734.863 440.063 84.534 4.578 -346.832 -700.684 524 560 774 36.38 42.46 199 75 2408 1 034
4774071 5626 2025/9/28 14:51:48 P18 76.46 32.69 0 11.65 52.62 931.43 962.07 339.05 582.581 3671.57 304.718 552.521 841.675 600.586 24.414 -6.714 145.111 -27.008 218.964 930.328 -1.373 666.504 793.457 348.969 450.439 942.993 539.856 -5000 16.785 -16.937 -28.381 -30.212 8.24 401.611 129.089 475.922 1042.48 164.185 -1908.875 524.445 188.599 34.332 30.823 49.591 2546.082 2502.441 2111.816 1737.061 1378.784 1013.336 658.569 244.446 28.687 43.03 70.343 4.272 -333.252 -677.795 -1015.625 -1357.269 -1697.54 -2034.607 -2370.605 -2693.939 536.652 735.474 439.453 84.229 1.831 -350.952 -704.193 551 555 774 36.41 42.5 199 75 2408 1 034
4774072 5626 2025/9/28 14:51:49 P18 76.52 32.74 0 11.77 52.54 931.43 962.04 337.372 583.038 3671.112 303.802 552.368 828.552 601.349 -6.561 29.755 164.642 -25.94 219.879 934.906 -2.136 666.656 794.067 349.579 452.271 943.146 540.009 -5000 9.155 -16.174 1.373 -29.449 8.85 401.001 127.106 477.295 1041.565 180.664 -1909.485 523.834 188.599 31.281 33.569 50.049 2548.37 2502.289 2111.969 1737.671 1379.7 1017.151 663.757 250.854 30.823 52.185 71.259 4.883 -331.268 -675.659 -1014.252 -1357.88 -1697.998 -2034.912 -2371.216 -2692.871 534.058 732.269 440.063 83.923 2.747 -350.8 -705.109 542 555 774 36.37 42.4 199 75 2408 1 034
4774073 5626 2025/9/28 14:51:50 P18 76.53 32.74 0 11.67 52.54 931.4 962.04 337.83 582.123 3671.265 305.176 552.368 839.996 600.891 -21.362 6.256 169.83 -26.703 218.811 934.601 -2.136 666.199 793.915 348.663 451.508 942.383 541.077 -5000 19.684 -16.479 -36.011 -30.212 9.003 402.985 127.869 475.464 1044.159 167.084 -1909.027 524.75 189.209 32.196 22.43 48.981 2546.082 2503.204 2116.699 1744.385 1391.602 1027.985 673.981 251.465 33.417 34.485 69.427 6.104 -334.167 -677.032 -1015.015 -1355.438 -1693.573 -2031.403 -2365.723 -2688.293 533.905 732.269 439.301 83.466 5.035 -347.9 -700.989 542 560 774 36.37 42.4 199 75 2408 1 034
4774074 5626 2025/9/28 14:51:51 P18 76.6 32.7 0 11.6 52.6 931.42 962.05 340.271 581.665 3670.197 302.734 551.605 839.996 600.891 -96.741 6.866 141.602 -26.245 219.727 933.38 -1.984 666.046 795.135 348.053 450.745 942.383 539.551 -5000 0.763 -16.327 15.259 -30.823 9.766 401.611 128.632 475.922 1031.952 163.269 -1908.417 524.139 190.43 35.858 27.313 49.133 2541.656 2501.678 2118.683 1749.42 1398.621 1036.53 681.61 248.26 29.907 27.618 70.801 5.035 -330.048 -672.607 -1007.08 -1349.487 -1687.927 -2027.13 -2359.009 -2682.953 535.431 733.795 439.758 84.686 2.136 -345.459 -698.09 545 560 773 36.43 42.44 199 75 2408 1 034
4774075 5626 2025/9/28 14:51:52 P18 76.53 32.71 0 11.72 52.59 931.42 962.06 339.355 583.649 3668.518 303.955 551.3 833.282 600.586 52.49 -6.104 174.866 -27.313 217.743 933.838 -2.289 665.436 794.83 348.053 450.745 940.094 539.551 -5000 7.629 -16.785 9.308 -30.518 7.477 401.154 127.869 475.311 1036.835 169.525 -1908.875 523.987 188.141 32.196 28.839 49.744 2547.76 2503.052 2115.479 1736.908 1383.057 1021.271 665.894 244.293 29.602 22.43 71.106 2.899 -335.999 -681 -1017.914 -1360.168 -1698.761 -2036.133 -2373.352 -2692.871 535.126 735.321 437.775 83.618 4.272 -345.154 -697.937 553 560 773 36.4 42.4 199 75 2408 1 034
4774076 5626 2025/9/28 14:51:53 P18 76.55 32.7 0 11.74 52.71 931.41 962.05 339.203 581.97 3669.891 303.65 551.147 839.233 601.349 1.221 -12.817 178.986 -26.703 219.421 927.124 -2.289 665.436 794.678 347.9 450.287 941.467 538.483 -5000 8.24 -15.717 -2.289 -30.518 8.24 401.154 127.106 475.159 1038.818 171.661 -1909.485 523.682 189.514 34.18 29.297 49.438 2543.793 2503.204 2114.258 1744.08 1389.618 1028.442 675.049 241.241 30.212 34.332 71.106 5.035 -334.473 -678.711 -1015.778 -1356.964 -1695.099 -2030.945 -2363.739 -2687.378 533.142 731.964 437.927 83.771 3.967 -351.105 -701.599 545 555 773 36.38 42.46 199 75 2408 1 034
4774077 5626 2025/9/28 14:51:54 P18 76.6 32.74 0 11.87 52.64 931.41 962.07 338.745 583.344 3668.365 303.04 551.91 839.233 600.739 24.719 -31.586 162.354 -25.635 219.727 935.669 -1.984 665.131 795.288 347.29 451.202 939.636 539.856 -5000 9.766 -16.022 -8.698 -30.975 8.698 402.222 127.869 475.159 1042.633 160.065 -1909.027 522.614 188.446 34.332 32.349 49.286 2550.049 2503.815 2119.598 1749.42 1396.179 1033.478 679.016 239.105 29.297 41.504 72.937 1.984 -331.116 -672.455 -1010.132 -1351.929 -1689.911 -2027.283 -2360.84 -2684.937 532.532 733.948 438.69 87.28 4.12 -346.68 -697.021 553 555 772 36.37 42.45 199 75 2408 1 034
4774078 5626 2025/9/28 14:51:55 P18 76.57 32.73 0 11.75 52.68 931.4 962.03 338.287 582.733 3668.213 307.007 551.3 840.302 600.891 -39.52 -32.806 153.503 -27.161 218.811 936.127 -1.221 665.894 795.593 346.68 450.745 940.247 538.94 -5000 4.12 -16.174 86.517 -31.586 8.24 401.917 128.632 475.159 1033.325 164.49 -1908.722 522.766 187.531 33.417 23.804 49.438 2545.776 2504.272 2117.31 1740.723 1387.787 1026.917 670.013 238.037 32.654 24.719 71.716 2.441 -335.693 -678.253 -1015.167 -1357.422 -1695.251 -2030.945 -2367.859 -2689.362 534.515 732.88 441.742 84.076 3.967 -348.816 -702.82 540 560 771 36.34 42.48 199 75 2408 1 034
4774079 5626 2025/9/28 14:51:56 P18 76.5 32.69 0 11.76 52.71 931.41 962.04 338.898 583.344 3667.908 303.65 550.842 833.74 601.349 -16.327 -14.038 156.555 -26.55 217.438 927.734 -2.747 665.894 794.373 346.68 450.745 938.721 538.635 -5000 6.409 -15.717 -17.242 -29.449 7.935 401.001 127.258 474.854 1040.802 177.307 -1908.417 524.139 188.446 33.569 27.618 48.676 2547.15 2501.984 2117.157 1749.115 1396.637 1033.936 679.932 243.53 32.043 26.398 71.716 1.373 -332.642 -680.084 -1014.252 -1353.149 -1691.284 -2027.283 -2359.924 -2685.394 535.431 735.016 439.911 84.839 3.815 -348.816 -698.853 551 560 770 36.41 42.48 199 75 2408 1 034
4774080 5626 2025/9/28 14:51:57 P18 76.49 32.73 0 11.6 52.63 931.43 962.07 338.287 584.106 3667.145 306.854 551.605 839.386 601.807 -88.501 -14.801 156.708 -26.55 217.743 932.922 -2.289 664.978 795.135 345.764 451.202 941.01 539.551 -5000 11.597 -16.632 23.193 -30.823 8.392 401.611 128.021 475.311 1037.75 155.792 -1908.417 522.919 187.683 29.602 33.264 49.438 2545.624 2503.51 2117.157 1745.148 1393.28 1029.816 672.607 244.141 34.332 40.894 71.564 4.578 -333.099 -674.133 -1012.726 -1353.149 -1691.437 -2029.877 -2364.96 -2689.819 534.058 731.964 438.08 83.466 4.272 -347.443 -698.09 542 560 768 36.37 42.37 199 75 2408 1 034
4774081 5626 2025/9/28 14:51:58 P18 76.55 32.67 0 11.62 52.62 931.39 962.06 340.271 583.496 3666.534 300.751 550.232 838.165 600.739 81.635 -7.324 151.215 -25.787 218.201 934.143 -2.289 664.978 795.746 344.238 451.355 940.857 538.483 -5000 14.648 -16.327 -12.054 -30.365 8.087 401.917 128.479 475.159 1041.412 177.307 -1908.875 522.766 187.225 36.469 30.06 49.591 2545.471 2502.289 2111.359 1737.823 1377.106 1012.726 658.112 244.293 32.349 51.422 71.716 1.373 -334.93 -679.321 -1016.388 -1359.863 -1699.371 -2035.98 -2372.742 -2696.533 535.278 733.185 439.148 83.618 2.594 -353.546 -706.024 550 560 767 36.38 42.46 199 75 2408 1 034
