4324735 4728 2025/10/29 10:40:03 P13 0 0 0 0 0 0 0 89.111 181.732 906.83 8.698 240.784 226.135 3789.52 1.068 11.597 1322.174 -23.193 116.272 223.389 102.844 452.881 285.034 365.143 272.522 19.073 504.456 -4991.15 62.714 80.566 -755.92 14.343 -19.226 961.914 68.817 226.135 398.407 168.304 -969.086 236.969 53.406 137.94 113.678 68.97 2516.174 2265.015 实验室 1 074
4324736 4728 2025/10/29 10:40:04 P13 0 0 0 0 0 0 0 87.433 179.901 907.898 8.545 238.342 310.822 3792.419 -2.441 -117.95 1313.629 -23.651 105.286 222.168 100.708 447.846 281.982 362.701 264.74 19.226 493.469 -4989.014 128.784 70.496 -693.97 12.36 -18.616 951.691 69.58 221.252 395.66 166.626 -1239.929 232.697 52.338 133.972 111.847 65.308 2516.174 2259.216 实验室 1 074
4324737 4728 2025/10/29 10:40:05 P13 0 0 0 0 0 0 0 87.433 179.901 907.898 8.545 238.342 310.822 3792.419 -2.441 -117.95 1313.629 -23.651 105.286 222.168 100.708 447.846 281.982 362.701 264.74 19.226 493.469 -4989.014 128.784 70.496 -693.97 12.36 -18.616 951.691 69.58 221.252 395.66 166.626 -1239.929 232.697 52.338 133.972 111.847 65.308 2516.174 2259.216 实验室 1 074
4324738 4728 2025/10/29 10:40:06 P13 0 0 0 0 0 0 0 85.754 179.901 907.135 8.24 237.732 216.522 3790.131 -24.109 -103.302 1315.765 -23.193 101.166 221.252 101.776 445.252 281.067 360.87 262.146 18.311 498.657 -4990.845 106.964 68.054 -669.098 12.97 -19.379 950.928 68.512 219.727 394.745 166.473 -1141.205 232.239 51.727 134.277 111.084 67.902 2516.327 2259.979 实验室 1 074
4324739 4728 2025/10/29 10:40:07 P13 0 0 0 0 0 0 0 85.754 179.901 907.135 8.24 237.732 216.522 3790.131 -24.109 -103.302 1315.765 -23.193 101.166 221.252 101.776 445.252 281.067 360.87 262.146 18.311 498.657 -4990.845 106.964 68.054 -669.098 12.97 -19.379 950.928 68.512 219.727 394.745 166.473 -1141.205 232.239 51.727 134.277 111.084 67.902 2516.327 2259.979 实验室 1 074
4324740 4728 2025/10/29 10:40:08 P13 0 0 0 0 0 0 0 85.297 179.596 906.982 8.087 236.054 214.233 3791.046 -34.637 -216.217 1302.795 -22.736 100.555 219.879 99.792 442.963 281.067 360.107 259.247 18.616 497.742 -4992.371 98.877 62.408 -706.482 12.665 -18.921 948.181 68.207 219.116 394.44 165.1 -1083.984 230.56 51.422 126.801 114.136 63.477 2515.564 2258.148 实验室 1 074
4324741 4728 2025/10/29 10:40:09 P13 0 0 0 0 0 0 0 85.297 179.596 906.982 8.087 236.054 214.233 3791.046 -34.637 -216.217 1302.795 -22.736 100.555 219.879 99.792 442.963 281.067 360.107 259.247 18.616 497.742 -4992.371 98.877 62.408 -706.482 12.665 -18.921 948.181 68.207 219.116 394.44 165.1 -1083.984 230.56 51.422 126.801 114.136 63.477 2515.564 2258.148 实验室 1 074
4324742 4728 2025/10/29 10:40:10 P13 0 0 0 0 0 0 0 85.297 179.596 906.982 8.087 236.054 214.233 3791.046 -34.637 -216.217 1302.795 -22.736 100.555 219.879 99.792 442.963 281.067 360.107 259.247 18.616 497.742 -4992.371 98.877 62.408 -706.482 12.665 -18.921 948.181 68.207 219.116 394.44 165.1 -1083.984 230.56 51.422 126.801 114.136 63.477 2515.564 2258.148 实验室 1 074
4324743 4728 2025/10/29 10:40:11 P13 0 0 0 0 0 0 0 85.144 178.68 906.22 8.087 235.901 211.792 3789.673 -59.967 -99.64 1297.15 -23.804 96.741 219.879 100.403 439.911 279.541 357.971 256.5 18.311 494.385 -4989.624 142.517 61.951 -684.357 12.665 -19.073 945.587 67.291 217.59 393.524 164.032 -1051.178 229.95 50.659 131.073 114.899 62.866 2516.937 2257.69 实验室 1 074
4324744 4728 2025/10/29 10:40:12 P13 0 0 0 0 0 0 0 85.144 178.68 906.22 8.087 235.901 211.792 3789.673 -59.967 -99.64 1297.15 -23.804 96.741 219.879 100.403 439.911 279.541 357.971 256.5 18.311 494.385 -4989.624 142.517 61.951 -684.357 12.665 -19.073 945.587 67.291 217.59 393.524 164.032 -1051.178 229.95 50.659 131.073 114.899 62.866 2516.937 2257.69 实验室 1 074
4324745 4728 2025/10/29 10:40:13 P13 0 0 0 0 0 0 0 83.771 178.223 904.999 7.935 233.154 209.656 3789.368 -27.618 -70.953 1295.929 -22.278 95.978 217.133 99.335 437.47 278.778 355.53 253.449 17.7 491.486 -4991.15 -2.136 53.711 -657.806 11.902 -18.768 944.061 66.986 216.217 391.998 163.879 -941.315 227.814 50.354 125.885 113.525 63.019 2515.717 2259.521 实验室 1 074
4324746 4728 2025/10/29 10:40:14 P13 0 0 0 0 0 0 0 83.771 178.223 904.999 7.935 233.154 209.656 3789.368 -27.618 -70.953 1295.929 -22.278 95.978 217.133 99.335 437.47 278.778 355.53 253.449 17.7 491.486 -4991.15 -2.136 53.711 -657.806 11.902 -18.768 944.061 66.986 216.217 391.998 163.879 -941.315 227.814 50.354 125.885 113.525 63.019 2515.717 2259.521 实验室 1 074
4324747 4728 2025/10/29 10:40:15 P13 0 0 0 0 0 0 0 83.923 178.07 902.1 8.85 232.697 208.435 3791.504 -19.379 -317.688 1318.359 -23.346 94.757 215.607 100.098 433.044 278.473 353.851 254.517 16.937 488.281 -4989.624 -87.28 61.798 -705.566 11.597 -19.531 943.756 65.918 215.912 395.355 163.269 -636.444 230.103 48.828 124.207 110.474 63.934 2517.09 2258.453 实验室 1 074
4324748 4728 2025/10/29 10:40:16 P13 0 0 0 0 0 0 0 83.923 178.07 902.1 8.85 232.697 208.435 3791.504 -19.379 -317.688 1318.359 -23.346 94.757 215.607 100.098 433.044 278.473 353.851 254.517 16.937 488.281 -4989.624 -87.28 61.798 -705.566 11.597 -19.531 943.756 65.918 215.912 395.355 163.269 -636.444 230.103 48.828 124.207 110.474 63.934 2517.09 2258.453 实验室 1 074
4324749 4728 2025/10/29 10:40:17 P13 0 0 0 0 0 0 0 83.923 178.07 902.1 8.85 232.697 208.435 3791.504 -19.379 -317.688 1318.359 -23.346 94.757 215.607 100.098 433.044 278.473 353.851 254.517 16.937 488.281 -4989.624 -87.28 61.798 -705.566 11.597 -19.531 943.756 65.918 215.912 395.355 163.269 -636.444 230.103 48.828 124.207 110.474 63.934 2517.09 2258.453 实验室 1 074
4324750 4728 2025/10/29 10:40:18 P13 0 0 0 0 0 0 0 84.381 179.291 899.963 9.003 231.781 207.977 3790.283 9.155 6.256 1318.359 -23.956 96.436 216.827 99.945 429.84 279.694 353.088 256.348 17.548 485.992 -4989.166 -83.466 75.836 -759.888 10.376 -18.616 945.74 66.681 217.896 396.271 163.574 -636.139 231.171 49.133 131.836 112.61 64.24 2516.479 2258.453 实验室 1 074
4324751 4728 2025/10/29 10:40:19 P13 0 0 0 0 0 0 0 84.381 179.291 899.963 9.003 231.781 207.977 3790.283 9.155 6.256 1318.359 -23.956 96.436 216.827 99.945 429.84 279.694 353.088 256.348 17.548 485.992 -4989.166 -83.466 75.836 -759.888 10.376 -18.616 945.74 66.681 217.896 396.271 163.574 -636.139 231.171 49.133 131.836 112.61 64.24 2516.479 2258.453 实验室 1 074
4324752 4728 2025/10/29 10:40:20 P13 0 0 0 0 0 0 0 85.602 179.443 897.064 9.308 232.239 210.114 3791.809 -2.441 310.974 1321.564 -23.499 98.267 217.59 99.64 430.298 280.762 350.189 258.484 17.853 485.23 -4989.472 -43.03 77.209 -754.089 10.223 -19.379 947.876 66.528 219.421 395.508 163.879 -807.343 232.849 50.049 127.411 116.119 65.613 2516.785 2255.554 实验室 1 074
4324753 4728 2025/10/29 10:40:21 P13 0 0 0 0 0 0 0 85.602 179.443 897.064 9.308 232.239 210.114 3791.809 -2.441 310.974 1321.564 -23.499 98.267 217.59 99.64 430.298 280.762 350.189 258.484 17.853 485.23 -4989.472 -43.03 77.209 -754.089 10.223 -19.379 947.876 66.528 219.421 395.508 163.879 -807.343 232.849 50.049 127.411 116.119 65.613 2516.785 2255.554 实验室 1 074
4324754 4728 2025/10/29 10:40:22 P13 0 0 0 0 0 0 0 86.212 179.138 895.386 9.308 235.138 210.724 3790.741 14.954 280.914 1325.836 -23.193 99.945 217.896 99.64 431.061 282.288 350.494 258.484 18.311 485.992 -4991.303 -56 78.43 -746.155 9.003 -19.073 948.792 66.681 220.795 395.966 165.1 -932.159 232.849 50.659 129.395 116.577 64.24 2515.717 2257.08 实验室 1 074
4324755 4728 2025/10/29 10:40:23 P13 0 0 0 0 0 0 0 86.212 179.138 895.386 9.308 235.138 210.724 3790.741 14.954 280.914 1325.836 -23.193 99.945 217.896 99.64 431.061 282.288 350.494 258.484 18.311 485.992 -4991.303 -56 78.43 -746.155 9.003 -19.073 948.792 66.681 220.795 395.966 165.1 -932.159 232.849 50.659 129.395 116.577 64.24 2515.717 2257.08 实验室 1 074
4324756 4728 2025/10/29 10:40:24 P13 0 0 0 0 0 0 0 86.212 179.138 895.386 9.308 235.138 210.724 3790.741 14.954 280.914 1325.836 -23.193 99.945 217.896 99.64 431.061 282.288 350.494 258.484 18.311 485.992 -4991.303 -56 78.43 -746.155 9.003 -19.073 948.792 66.681 220.795 395.966 165.1 -932.159 232.849 50.659 129.395 116.577 64.24 2515.717 2257.08 实验室 1 074
4324757 4728 2025/10/29 10:40:25 P13 0 0 0 0 0 0 0 86.212 180.206 895.081 9.46 236.054 210.877 3789.978 33.569 -3.357 1319.275 -23.346 99.64 218.506 99.64 432.434 283.814 351.257 259.705 18.616 487.061 -4989.472 -1.221 79.651 -750.275 8.85 -18.616 948.639 67.444 220.337 395.966 162.964 -975.952 233.765 51.117 120.544 114.288 64.85 2515.717 2258.606 实验室 1 074
4324758 4728 2025/10/29 10:40:26 P13 0 0 0 0 0 0 0 86.212 180.206 895.081 9.46 236.054 210.877 3789.978 33.569 -3.357 1319.275 -23.346 99.64 218.506 99.64 432.434 283.814 351.257 259.705 18.616 487.061 -4989.472 -1.221 79.651 -750.275 8.85 -18.616 948.639 67.444 220.337 395.966 162.964 -975.952 233.765 51.117 120.544 114.288 64.85 2515.717 2258.606 实验室 1 074
4324759 4728 2025/10/29 10:40:27 P13 0 0 0 0 0 0 0 87.433 180.359 894.47 9.308 237.885 212.708 3789.673 39.368 -53.558 1317.902 -23.193 98.267 218.964 99.335 434.113 283.661 351.563 260.01 18.921 487.671 -4989.014 -26.398 78.735 -714.722 9.308 -19.379 949.554 67.749 221.252 395.508 163.574 -987.244 232.849 51.575 130.92 115.509 64.697 2516.022 2259.064 实验室 1 074
4324760 4728 2025/10/29 10:40:28 P13 0 0 0 0 0 0 0 87.433 180.359 894.47 9.308 237.885 212.708 3789.673 39.368 -53.558 1317.902 -23.193 98.267 218.964 99.335 434.113 283.661 351.563 260.01 18.921 487.671 -4989.014 -26.398 78.735 -714.722 9.308 -19.379 949.554 67.749 221.252 395.508 163.574 -987.244 232.849 51.575 130.92 115.509 64.697 2516.022 2259.064 实验室 1 074
4324761 4728 2025/10/29 10:40:29 P13 0 0 0 0 0 0 0 88.196 180.664 894.318 8.85 238.342 213.013 3790.283 49.744 -9.766 1313.782 -22.888 100.403 220.032 99.64 434.57 284.424 353.088 260.62 18.768 488.281 -4991.913 18.158 82.092 -735.169 9.155 -19.379 948.486 67.596 221.405 394.745 163.574 -987.091 232.849 51.422 127.716 112.457 63.171 2516.785 2258.606 实验室 1 074
4324762 4728 2025/10/29 10:40:30 P13 0 0 0 0 0 0 0 88.196 180.664 894.318 8.85 238.342 213.013 3790.283 49.744 -9.766 1313.782 -22.888 100.403 220.032 99.64 434.57 284.424 353.088 260.62 18.768 488.281 -4991.913 18.158 82.092 -735.169 9.155 -19.379 948.486 67.596 221.405 394.745 163.574 -987.091 232.849 51.422 127.716 112.457 63.171 2516.785 2258.606 实验室 1 074
4324763 4728 2025/10/29 10:40:31 P13 0 0 0 0 0 0 0 87.28 180.664 893.707 9.46 238.953 214.233 3790.588 10.834 -133.667 1316.528 -23.651 102.081 219.727 99.64 435.333 284.882 353.394 261.078 19.073 489.044 -4989.319 -15.869 80.261 -718.994 9.003 -19.379 948.029 68.359 221.405 393.829 163.574 -986.481 232.544 51.88 129.7 111.542 63.782 2515.717 2254.639 实验室 1 074
4324764 4728 2025/10/29 10:40:32 P13 0 0 0 0 0 0 0 87.28 180.664 893.707 9.46 238.953 214.233 3790.588 10.834 -133.667 1316.528 -23.651 102.081 219.727 99.64 435.333 284.882 353.394 261.078 19.073 489.044 -4989.319 -15.869 80.261 -718.994 9.003 -19.379 948.029 68.359 221.405 393.829 163.574 -986.481 232.544 51.88 129.7 111.542 63.782 2515.717 2254.639 实验室 1 074
4324765 4728 2025/10/29 10:40:33 P13 0 0 0 0 0 0 0 87.28 180.664 893.707 9.46 238.953 214.233 3790.588 10.834 -133.667 1316.528 -23.651 102.081 219.727 99.64 435.333 284.882 353.394 261.078 19.073 489.044 -4989.319 -15.869 80.261 -718.994 9.003 -19.379 948.029 68.359 221.405 393.829 163.574 -986.481 232.544 51.88 129.7 111.542 63.782 2515.717 2254.639 实验室 1 074
4324766 4728 2025/10/29 10:40:34 P13 0 0 0 0 0 0 0 87.891 181.427 894.47 9.46 239.563 215.149 3789.978 50.507 -50.812 1316.071 -22.888 99.64 219.879 99.945 436.096 285.187 353.699 261.231 19.073 490.265 -4992.371 -54.474 80.719 -706.787 9.155 -19.836 948.334 67.444 220.795 394.44 164.185 -989.838 233.154 52.49 126.953 113.068 65.155 2515.564 2259.521 实验室 1 074
4324767 4728 2025/10/29 10:40:35 P13 0 0 0 0 0 0 0 87.891 181.427 894.47 9.46 239.563 215.149 3789.978 50.507 -50.812 1316.071 -22.888 99.64 219.879 99.945 436.096 285.187 353.699 261.231 19.073 490.265 -4992.371 -54.474 80.719 -706.787 9.155 -19.836 948.334 67.444 220.795 394.44 164.185 -989.838 233.154 52.49 126.953 113.068 65.155 2515.564 2259.521 实验室 1 074
4324768 4728 2025/10/29 10:40:36 P13 0 0 0 0 0 0 0 87.738 181.885 893.86 8.698 240.173 214.844 3789.825 -5.798 62.714 1313.934 -23.956 102.539 220.337 99.792 437.164 285.034 354.767 261.688 19.226 490.723 -4989.014 -36.926 76.141 -730.591 10.071 -19.226 948.029 67.749 220.947 393.524 163.269 -979.614 233.46 51.88 131.531 115.356 63.934 2516.479 2256.622 实验室 1 074
4324769 4728 2025/10/29 10:40:37 P13 0 0 0 0 0 0 0 87.738 181.885 893.86 8.698 240.173 214.844 3789.825 -5.798 62.714 1313.934 -23.956 102.539 220.337 99.792 437.164 285.034 354.767 261.688 19.226 490.723 -4989.014 -36.926 76.141 -730.591 10.071 -19.226 948.029 67.749 220.947 393.524 163.269 -979.614 233.46 51.88 131.531 115.356 63.934 2516.479 2256.622 实验室 1 074
4324770 4728 2025/10/29 10:40:38 P13 0 0 0 0 0 0 0 87.433 181.58 894.47 8.698 240.326 214.996 3790.131 18.921 74.615 1313.477 -23.193 98.114 219.879 99.792 437.927 286.102 354.767 263.214 19.226 490.418 -4990.234 -35.553 77.667 -724.945 8.698 -18.921 948.029 67.139 220.642 393.829 164.032 -975.189 232.697 52.49 141.296 113.678 64.545 2516.174 2258.453 实验室 1 074
4324771 4728 2025/10/29 10:40:39 P13 0 0 0 0 0 0 0 87.433 181.58 894.47 8.698 240.326 214.996 3790.131 18.921 74.615 1313.477 -23.193 98.114 219.879 99.792 437.927 286.102 354.767 263.214 19.226 490.418 -4990.234 -35.553 77.667 -724.945 8.698 -18.921 948.029 67.139 220.642 393.829 164.032 -975.189 232.697 52.49 141.296 113.678 64.545 2516.174 2258.453 实验室 1 074
4324772 4728 2025/10/29 10:40:40 P13 0 0 0 0 0 0 0 87.433 181.58 894.47 8.698 240.326 214.996 3790.131 18.921 74.615 1313.477 -23.193 98.114 219.879 99.792 437.927 286.102 354.767 263.214 19.226 490.418 -4990.234 -35.553 77.667 -724.945 8.698 -18.921 948.029 67.139 220.642 393.829 164.032 -975.189 232.697 52.49 141.296 113.678 64.545 2516.174 2258.453 实验室 1 074
4324773 4728 2025/10/29 10:40:41 P13 0 0 0 0 0 0 0 88.654 181.427 895.996 8.85 240.021 215.149 3791.504 3.357 94.604 1314.697 -22.583 99.64 219.727 99.182 438.385 286.102 355.682 263.214 19.073 491.943 -4990.997 -21.667 79.651 -713.501 8.85 -19.379 947.418 67.749 220.49 393.829 163.269 -994.721 233.46 52.185 134.735 112 61.646 2517.09 2258.911 实验室 1 074
4324774 4728 2025/10/29 10:40:42 P13 0 0 0 0 0 0 0 88.654 181.427 895.996 8.85 240.021 215.149 3791.504 3.357 94.604 1314.697 -22.583 99.64 219.727 99.182 438.385 286.102 355.682 263.214 19.073 491.943 -4990.997 -21.667 79.651 -713.501 8.85 -19.379 947.418 67.749 220.49 393.829 163.269 -994.721 233.46 52.185 134.735 112 61.646 2517.09 2258.911 实验室 1 074
4324775 4728 2025/10/29 10:40:43 P13 0 0 0 0 0 0 0 88.043 182.495 894.623 9.155 240.936 215.759 3790.283 18.311 -144.653 1310.883 -22.888 100.861 219.727 99.03 437.775 285.95 356.14 263.062 19.379 491.486 -4989.319 40.894 78.278 -678.253 9.155 -19.836 946.655 67.291 220.49 392.761 163.574 -982.208 233.154 51.727 124.664 115.051 68.359 2515.564 2258.301 实验室 1 074
4324776 4728 2025/10/29 10:40:44 P13 0 0 0 0 0 0 0 88.043 182.495 894.623 9.155 240.936 215.759 3790.283 18.311 -144.653 1310.883 -22.888 100.861 219.727 99.03 437.775 285.95 356.14 263.062 19.379 491.486 -4989.319 40.894 78.278 -678.253 9.155 -19.836 946.655 67.291 220.49 392.761 163.574 -982.208 233.154 51.727 124.664 115.051 68.359 2515.564 2258.301 实验室 1 074
4324777 4728 2025/10/29 10:40:45 P13 0 0 0 0 0 0 0 88.196 181.732 894.47 9.155 239.258 215.759 3790.131 3.204 -125.427 1314.545 -23.346 96.741 220.49 99.03 438.843 285.645 356.445 263.825 19.531 491.638 -4989.624 41.504 80.261 -692.749 9.155 -19.379 947.876 66.681 220.337 392.914 161.896 -977.936 232.544 52.032 128.784 113.678 65.613 2515.869 2258.301 实验室 1 074
4324778 4728 2025/10/29 10:40:46 P13 0 0 0 0 0 0 0 88.196 181.732 894.47 9.155 239.258 215.759 3790.131 3.204 -125.427 1314.545 -23.346 96.741 220.49 99.03 438.843 285.645 356.445 263.825 19.531 491.638 -4989.624 41.504 80.261 -692.749 9.155 -19.379 947.876 66.681 220.337 392.914 161.896 -977.936 232.544 52.032 128.784 113.678 65.613 2515.869 2258.301 实验室 1 074
4324779 4728 2025/10/29 10:40:47 P13 0 0 0 0 0 0 0 88.043 182.037 894.47 9.308 240.173 217.285 3789.825 -10.986 221.863 1313.477 -23.193 98.114 220.642 100.403 438.995 286.56 356.445 264.893 19.073 491.638 -4992.218 66.834 79.651 -682.221 9.308 -19.226 946.35 67.291 220.184 391.998 160.98 -995.026 232.086 52.49 127.869 112.763 62.256 2517.395 2258.301 实验室 1 074
4324780 4728 2025/10/29 10:40:48 P13 0 0 0 0 0 0 0 88.043 182.037 894.47 9.308 240.173 217.285 3789.825 -10.986 221.863 1313.477 -23.193 98.114 220.642 100.403 438.995 286.56 356.445 264.893 19.073 491.638 -4992.218 66.834 79.651 -682.221 9.308 -19.226 946.35 67.291 220.184 391.998 160.98 -995.026 232.086 52.49 127.869 112.763 62.256 2517.395 2258.301 实验室 1 074
4324781 4728 2025/10/29 10:40:49 P13 0 0 0 0 0 0 0 88.043 182.037 894.47 9.308 240.173 217.285 3789.825 -10.986 221.863 1313.477 -23.193 98.114 220.642 100.403 438.995 286.56 356.445 264.893 19.073 491.638 -4992.218 66.834 79.651 -682.221 9.308 -19.226 946.35 67.291 220.184 391.998 160.98 -995.026 232.086 52.49 127.869 112.763 62.256 2517.395 2258.301 实验室 1 074
4324782 4728 2025/10/29 10:40:50 P13 0 0 0 0 0 0 0 88.501 182.037 895.538 8.392 240.784 216.827 3791.809 46.387 223.084 1327.515 -23.499 96.283 220.795 99.182 439.148 286.408 356.293 264.587 18.921 492.249 -4989.472 116.272 78.125 -694.885 9.918 -19.379 945.587 67.444 220.642 392.304 162.354 -974.884 232.697 52.185 126.038 109.1 65.155 2516.632 2257.538 实验室 1 074
4324783 4728 2025/10/29 10:40:51 P13 0 0 0 0 0 0 0 88.501 182.037 895.538 8.392 240.784 216.827 3791.809 46.387 223.084 1327.515 -23.499 96.283 220.795 99.182 439.148 286.408 356.293 264.587 18.921 492.249 -4989.472 116.272 78.125 -694.885 9.918 -19.379 945.587 67.444 220.642 392.304 162.354 -974.884 232.697 52.185 126.038 109.1 65.155 2516.632 2257.538 实验室 1 074
4324784 4728 2025/10/29 10:40:52 P13 0 0 0 0 0 0 0 88.196 182.8 895.081 8.698 240.936 216.37 3790.741 20.905 -107.88 1325.684 -23.346 96.741 220.032 99.487 439.606 287.018 356.751 265.198 18.463 491.943 -4989.776 110.016 78.888 -692.444 10.071 -19.379 945.435 66.834 219.879 392.456 162.354 -983.429 232.697 51.88 122.833 109.1 64.087 2516.327 2259.674 实验室 1 074
4324785 4728 2025/10/29 10:40:53 P13 0 0 0 0 0 0 0 88.196 182.8 895.081 8.698 240.936 216.37 3790.741 20.905 -107.88 1325.684 -23.346 96.741 220.032 99.487 439.606 287.018 356.751 265.198 18.463 491.943 -4989.776 110.016 78.888 -692.444 10.071 -19.379 945.435 66.834 219.879 392.456 162.354 -983.429 232.697 51.88 122.833 109.1 64.087 2516.327 2259.674 实验室 1 074
4324786 4728 2025/10/29 10:40:54 P13 0 0 0 0 0 0 0 89.111 182.19 894.775 9.46 240.173 217.59 3790.588 44.098 -136.414 1315.002 -23.041 97.046 220.49 98.724 440.216 286.56 357.056 265.198 19.073 492.096 -4992.371 68.359 82.397 -663.757 9.308 -19.226 944.824 67.596 219.269 391.541 160.37 -972.748 232.391 52.49 114.441 112.457 63.629 2515.717 2258.606 实验室 1 074
4324787 4728 2025/10/29 10:40:55 P13 0 0 0 0 0 0 0 89.111 182.19 894.775 9.46 240.173 217.59 3790.588 44.098 -136.414 1315.002 -23.041 97.046 220.49 98.724 440.216 286.56 357.056 265.198 19.073 492.096 -4992.371 68.359 82.397 -663.757 9.308 -19.226 944.824 67.596 219.269 391.541 160.37 -972.748 232.391 52.49 114.441 112.457 63.629 2515.717 2258.606 实验室 1 074
4324788 4728 2025/10/29 10:40:56 P13 0 0 0 0 0 0 0 89.111 182.19 894.775 9.46 240.173 217.59 3790.588 44.098 -136.414 1315.002 -23.041 97.046 220.49 98.724 440.216 286.56 357.056 265.198 19.073 492.096 -4992.371 68.359 82.397 -663.757 9.308 -19.226 944.824 67.596 219.269 391.541 160.37 -972.748 232.391 52.49 114.441 112.457 63.629 2515.717 2258.606 实验室 1 074
4324789 4728 2025/10/29 10:40:57 P13 0 0 0 0 0 0 0 88.959 182.037 894.47 9.155 240.479 217.133 3789.978 11.292 -113.525 1315.155 -23.804 93.994 220.184 99.945 439.148 286.713 355.988 265.198 19.073 492.554 -4989.776 25.482 78.583 -681.152 9.918 -19.073 943.756 67.291 219.269 391.388 161.896 -968.781 232.239 51.27 128.326 114.136 63.171 2515.717 2253.723 实验室 1 074
4324790 4728 2025/10/29 10:40:58 P13 0 0 0 0 0 0 0 88.959 182.037 894.47 9.155 240.479 217.133 3789.978 11.292 -113.525 1315.155 -23.804 93.994 220.184 99.945 439.148 286.713 355.988 265.198 19.073 492.554 -4989.776 25.482 78.583 -681.152 9.918 -19.073 943.756 67.291 219.269 391.388 161.896 -968.781 232.239 51.27 128.326 114.136 63.171 2515.717 2253.723 实验室 1 074
4324791 4728 2025/10/29 10:40:59 P13 0 0 0 0 0 0 0 88.806 182.8 894.47 8.545 240.326 217.59 3791.351 36.011 -170.898 1315.918 -23.041 94.147 220.49 98.724 439.453 287.17 356.751 266.266 19.836 492.401 -4992.828 96.893 79.956 -681 9.155 -18.158 943.909 66.986 219.574 390.93 161.896 -970.764 231.934 51.88 127.258 115.356 66.528 2516.327 2258.148 实验室 1 074
4324792 4728 2025/10/29 10:41:00 P13 0 0 0 0 0 0 0 88.806 182.8 894.47 8.545 240.326 217.59 3791.351 36.011 -170.898 1315.918 -23.041 94.147 220.49 98.724 439.453 287.17 356.751 266.266 19.836 492.401 -4992.828 96.893 79.956 -681 9.155 -18.158 943.909 66.986 219.574 390.93 161.896 -970.764 231.934 51.88 127.258 115.356 66.528 2516.327 2258.148 实验室 1 074
4324793 4728 2025/10/29 10:41:01 P13 0 0 0 0 0 0 0 88.501 182.8 893.86 8.85 239.868 217.285 3789.368 15.564 -42.877 1307.678 -22.736 95.52 220.642 98.419 440.216 286.56 356.903 266.113 18.921 492.401 -4989.472 55.389 80.261 -674.744 9.003 -19.531 943.298 67.444 219.727 391.235 160.065 -974.121 232.391 52.49 124.817 110.474 67.139 2516.022 2258.453 实验室 1 074
4324794 4728 2025/10/29 10:41:02 P13 0 0 0 0 0 0 0 88.501 182.8 893.86 8.85 239.868 217.285 3789.368 15.564 -42.877 1307.678 -22.736 95.52 220.642 98.419 440.216 286.56 356.903 266.113 18.921 492.401 -4989.472 55.389 80.261 -674.744 9.003 -19.531 943.298 67.444 219.727 391.235 160.065 -974.121 232.391 52.49 124.817 110.474 67.139 2516.022 2258.453 实验室 1 074
4324795 4728 2025/10/29 10:41:03 P13 0 0 0 0 0 0 0 88.501 182.8 893.86 8.85 239.868 217.285 3789.368 15.564 -42.877 1307.678 -22.736 95.52 220.642 98.419 440.216 286.56 356.903 266.113 18.921 492.401 -4989.472 55.389 80.261 -674.744 9.003 -19.531 943.298 67.444 219.727 391.235 160.065 -974.121 232.391 52.49 124.817 110.474 67.139 2516.022 2258.453 实验室 1 074
4324796 4728 2025/10/29 10:41:04 P13 0 0 0 0 0 0 0 88.348 182.343 893.402 9.918 239.868 217.438 3790.283 52.032 -182.343 1314.392 -23.804 93.994 220.032 98.419 439.606 287.018 357.361 265.808 18.768 493.164 -4992.828 86.823 81.177 -682.068 9.766 -19.379 941.62 67.139 218.811 390.625 161.896 -968.018 231.628 51.575 117.798 112.457 63.782 2516.174 2256.47 实验室 1 074
4324797 4728 2025/10/29 10:41:05 P13 0 0 0 0 0 0 0 88.348 182.343 893.402 9.918 239.868 217.438 3790.283 52.032 -182.343 1314.392 -23.804 93.994 220.032 98.419 439.606 287.018 357.361 265.808 18.768 493.164 -4992.828 86.823 81.177 -682.068 9.766 -19.379 941.62 67.139 218.811 390.625 161.896 -968.018 231.628 51.575 117.798 112.457 63.782 2516.174 2256.47 实验室 1 074
4324798 4728 2025/10/29 10:41:06 P13 0 0 0 0 0 0 0 88.501 182.648 894.165 8.698 239.868 216.98 3791.504 29.144 39.368 1320.953 -22.888 93.689 220.795 97.809 438.995 287.323 356.598 266.724 18.616 493.927 -4989.624 33.264 74.463 -686.34 9.613 -19.073 940.857 67.291 218.964 390.32 160.675 -970.306 232.391 51.727 128.632 111.237 63.782 2517.242 2257.996 实验室 1 074
4324799 4728 2025/10/29 10:41:07 P13 0 0 0 0 0 0 0 88.501 182.648 894.165 8.698 239.868 216.98 3791.504 29.144 39.368 1320.953 -22.888 93.689 220.795 97.809 438.995 287.323 356.598 266.724 18.616 493.927 -4989.624 33.264 74.463 -686.34 9.613 -19.073 940.857 67.291 218.964 390.32 160.675 -970.306 232.391 51.727 128.632 111.237 63.782 2517.242 2257.996 实验室 1 074
4324800 4728 2025/10/29 10:41:08 P13 0 0 0 0 0 0 0 88.196 182.648 894.623 8.545 240.479 216.98 3790.283 35.248 68.207 1318.054 -22.888 92.621 220.184 98.114 439.758 287.018 357.361 266.571 18.463 493.317 -4989.319 100.25 81.635 -650.482 10.376 -19.836 941.773 66.528 219.421 390.93 161.438 -978.394 231.628 51.422 124.207 110.016 64.545 2515.717 2258.759 实验室 1 074
4324801 4728 2025/10/29 10:41:09 P13 0 0 0 0 0 0 0 88.196 182.648 894.623 8.545 240.479 216.98 3790.283 35.248 68.207 1318.054 -22.888 92.621 220.184 98.114 439.758 287.018 357.361 266.571 18.463 493.317 -4989.319 100.25 81.635 -650.482 10.376 -19.836 941.773 66.528 219.421 390.93 161.438 -978.394 231.628 51.422 124.207 110.016 64.545 2515.717 2258.759 实验室 1 074
4324802 4728 2025/10/29 10:41:10 P13 0 0 0 0 0 0 0 88.196 182.648 894.623 8.545 240.479 216.98 3790.283 35.248 68.207 1318.054 -22.888 92.621 220.184 98.114 439.758 287.018 357.361 266.571 18.463 493.317 -4989.319 100.25 81.635 -650.482 10.376 -19.836 941.773 66.528 219.421 390.93 161.438 -978.394 231.628 51.422 124.207 110.016 64.545 2515.717 2258.759 实验室 1 074
4324803 4728 2025/10/29 10:41:11 P13 0 0 0 0 0 0 0 88.196 182.953 892.792 9.46 239.563 218.811 3790.283 76.141 -9.918 1322.021 -23.193 92.468 219.879 98.419 439.606 287.17 356.903 266.724 18.768 493.164 -4992.523 74.005 80.109 -665.588 9.155 -19.073 941.01 66.986 218.201 390.167 161.438 -982.361 231.628 52.185 124.97 112.763 63.629 2516.327 2253.418 实验室 1 074
4324804 4728 2025/10/29 10:41:12 P13 0 0 0 0 0 0 0 88.196 182.953 892.792 9.46 239.563 218.811 3790.283 76.141 -9.918 1322.021 -23.193 92.468 219.879 98.419 439.606 287.17 356.903 266.724 18.768 493.164 -4992.523 74.005 80.109 -665.588 9.155 -19.073 941.01 66.986 218.201 390.167 161.438 -982.361 231.628 52.185 124.97 112.763 63.629 2516.327 2253.418 实验室 1 074
4324805 4728 2025/10/29 10:41:13 P13 0 0 0 0 0 0 0 88.806 181.885 891.876 9.918 239.563 218.201 3791.962 -17.853 -26.093 1310.73 -23.346 92.926 220.337 97.961 440.064 286.713 357.361 266.724 18.921 493.012 -4991.455 93.079 77.057 -652.466 9.003 -18.463 940.704 66.681 218.201 389.862 160.523 -978.088 231.781 51.422 119.171 111.847 65.155 2516.022 2259.674 实验室 1 074
4324806 4728 2025/10/29 10:41:14 P13 0 0 0 0 0 0 0 88.806 181.885 891.876 9.918 239.563 218.201 3791.962 -17.853 -26.093 1310.73 -23.346 92.926 220.337 97.961 440.064 286.713 357.361 266.724 18.921 493.012 -4991.455 93.079 77.057 -652.466 9.003 -18.463 940.704 66.681 218.201 389.862 160.523 -978.088 231.781 51.422 119.171 111.847 65.155 2516.022 2259.674 实验室 1 074
4324807 4728 2025/10/29 10:41:15 P13 0 0 0 0 0 0 0 87.891 183.106 892.029 8.545 240.326 217.743 3790.283 27.771 -11.444 1312.256 -23.193 92.316 219.421 98.267 439.606 287.323 356.14 266.724 19.073 492.096 -4989.319 87.128 78.43 -641.785 9.46 -19.379 940.399 66.071 218.201 389.252 160.523 -980.53 232.086 51.422 124.512 112.457 63.782 2516.479 2257.538 实验室 1 074
4324808 4728 2025/10/29 10:41:16 P13 0 0 0 0 0 0 0 87.891 183.106 892.029 8.545 240.326 217.743 3790.283 27.771 -11.444 1312.256 -23.193 92.316 219.421 98.267 439.606 287.323 356.14 266.724 19.073 492.096 -4989.319 87.128 78.43 -641.785 9.46 -19.379 940.399 66.071 218.201 389.252 160.523 -980.53 232.086 51.422 124.512 112.457 63.782 2516.479 2257.538 实验室 1 074
4324809 4728 2025/10/29 10:41:17 P13 0 0 0 0 0 0 0 87.891 183.106 892.029 8.545 240.326 217.743 3790.283 27.771 -11.444 1312.256 -23.193 92.316 219.421 98.267 439.606 287.323 356.14 266.724 19.073 492.096 -4989.319 87.128 78.43 -641.785 9.46 -19.379 940.399 66.071 218.201 389.252 160.523 -980.53 232.086 51.422 124.512 112.457 63.782 2516.479 2257.538 实验室 1 074
4324810 4728 2025/10/29 10:41:18 P13 0 0 0 0 0 0 0 88.501 182.8 892.029 9.155 239.563 217.743 3789.825 8.24 61.34 1318.665 -23.651 93.536 219.879 97.961 439.911 287.323 356.903 267.181 19.531 492.706 -4989.624 43.335 79.041 -644.836 9.613 -19.073 939.179 67.444 218.658 388.794 160.065 -977.325 231.323 51.27 118.103 112 63.171 2516.174 2265.167 实验室 1 074
4324811 4728 2025/10/29 10:41:19 P13 0 0 0 0 0 0 0 88.501 182.8 892.029 9.155 239.563 217.743 3789.825 8.24 61.34 1318.665 -23.651 93.536 219.879 97.961 439.911 287.323 356.903 267.181 19.531 492.706 -4989.624 43.335 79.041 -644.836 9.613 -19.073 939.179 67.444 218.658 388.794 160.065 -977.325 231.323 51.27 118.103 112 63.171 2516.174 2265.167 实验室 1 074
4324812 4728 2025/10/29 10:41:20 P13 0 0 0 0 0 0 0 88.196 183.106 892.944 9.46 239.258 217.59 3791.046 16.174 145.111 1305.389 -23.193 90.027 220.184 97.656 439.301 287.476 355.53 267.334 19.531 492.554 -4990.845 52.49 81.94 -634.918 10.071 -19.531 938.721 66.834 217.896 388.794 160.065 -980.988 232.544 51.88 122.223 114.288 65.155 2517.395 2258.911 实验室 1 074
4324813 4728 2025/10/29 10:41:21 P13 0 0 0 0 0 0 0 88.196 183.106 892.944 9.46 239.258 217.59 3791.046 16.174 145.111 1305.389 -23.193 90.027 220.184 97.656 439.301 287.476 355.53 267.334 19.531 492.554 -4990.845 52.49 81.94 -634.918 10.071 -19.531 938.721 66.834 217.896 388.794 160.065 -980.988 232.544 51.88 122.223 114.288 65.155 2517.395 2258.911 实验室 1 074
4324814 4728 2025/10/29 10:41:22 P13 0 0 0 0 0 0 0 89.264 184.021 891.266 8.545 240.021 217.438 3789.825 -11.749 274.2 1311.646 -22.583 90.332 220.795 97.046 438.69 287.476 355.988 267.792 18.616 492.859 -4990.54 61.34 77.362 -662.537 9.308 -19.531 938.721 66.376 218.506 388.641 160.98 -979.157 231.781 50.964 122.376 110.931 63.171 2515.717 2258.911 实验室 1 074
4324815 4728 2025/10/29 10:41:23 P13 0 0 0 0 0 0 0 89.264 184.021 891.266 8.545 240.021 217.438 3789.825 -11.749 274.2 1311.646 -22.583 90.332 220.795 97.046 438.69 287.476 355.988 267.792 18.616 492.859 -4990.54 61.34 77.362 -662.537 9.308 -19.531 938.721 66.376 218.506 388.641 160.98 -979.157 231.781 50.964 122.376 110.931 63.171 2515.717 2258.911 实验室 1 074
4324816 4728 2025/10/29 10:41:24 P13 0 0 0 0 0 0 0 88.348 183.411 892.181 8.545 239.868 217.133 3789.52 56.458 74.463 1313.477 -23.193 92.163 220.337 98.114 439.453 287.323 355.53 267.334 19.073 492.554 -4989.624 78.888 83.618 -673.523 10.071 -19.379 937.042 66.223 217.285 388.641 160.065 -978.394 231.934 51.575 124.512 110.474 68.054 2517.09 2258.606 实验室 1 074
4324817 4728 2025/10/29 10:41:25 P13 0 0 0 0 0 0 0 88.654 183.106 891.876 8.85 239.41 217.285 3792.572 7.629 -136.719 1316.986 -23.193 91.4 220.49 97.809 439.758 287.323 356.598 267.334 19.379 492.859 -4991.913 47.15 80.414 -662.079 8.85 -19.226 937.958 66.681 217.59 389.404 161.133 -981.14 231.476 52.643 120.85 112 63.934 2517.242 2258.911 实验室 1 074
4324818 4728 2025/10/29 10:41:26 P13 0 0 0 0 0 0 0 88.654 183.106 891.876 8.85 239.41 217.285 3792.572 7.629 -136.719 1316.986 -23.193 91.4 220.49 97.809 439.758 287.323 356.598 267.334 19.379 492.859 -4991.913 47.15 80.414 -662.079 8.85 -19.226 937.958 66.681 217.59 389.404 161.133 -981.14 231.476 52.643 120.85 112 63.934 2517.242 2258.911 实验室 1 074
4324819 4728 2025/10/29 10:41:27 P13 0 0 0 0 0 0 0 88.196 182.953 892.181 9.003 238.8 217.285 3790.588 14.038 -140.533 1314.392 -23.041 88.806 221.1 97.656 440.369 286.56 356.751 267.639 18.768 493.012 -4989.624 42.725 82.855 -681.915 9.003 -18.616 937.195 66.223 216.98 388.947 160.217 -982.819 231.323 52.032 128.784 110.626 64.545 2516.022 2256.012 实验室 1 074
4324820 4728 2025/10/29 10:41:28 P13 0 0 0 0 0 0 0 88.501 182.953 891.419 9.155 239.258 217.285 3792.267 5.188 -84.991 1309.052 -22.888 90.942 220.184 97.656 439.911 286.713 355.988 267.639 18.616 492.859 -4990.845 9.766 78.278 -616.76 9.155 -19.684 937.653 66.834 216.98 388.336 160.523 -977.02 231.934 52.032 120.85 112.457 61.798 2516.174 2261.505 实验室 1 074
4324821 4728 2025/10/29 10:41:29 P13 0 0 0 0 0 0 0 87.585 182.648 890.656 8.545 239.105 217.133 3789.673 50.201 -89.264 1310.272 -22.43 90.942 220.032 96.741 439.148 287.323 355.835 267.487 19.836 492.859 -4989.776 38.3 80.719 -626.221 9.155 -19.531 937.5 66.223 217.438 388.031 160.37 -977.936 231.171 52.185 128.021 110.474 63.629 2516.174 2261.505 实验室 1 074
4324822 4728 2025/10/29 10:41:30 P13 0 0 0 0 0 0 0 88.348 182.648 891.419 8.85 239.105 216.827 3790.131 14.038 -68.359 1295.319 -23.193 92.316 220.795 97.198 439.301 287.476 355.53 267.487 19.073 492.401 -4992.523 60.577 79.651 -661.926 9.155 -19.379 936.432 66.834 216.827 387.726 160.217 -980.225 231.323 51.422 120.392 110.474 63.019 2516.022 2258.911 实验室 1 074
4324823 4728 2025/10/29 10:41:31 P13 0 0 0 0 0 0 0 88.348 182.648 891.419 8.85 239.105 216.827 3790.131 14.038 -68.359 1295.319 -23.193 92.316 220.795 97.198 439.301 287.476 355.53 267.487 19.073 492.401 -4992.523 60.577 79.651 -661.926 9.155 -19.379 936.432 66.834 216.827 387.726 160.217 -980.225 231.323 51.422 120.392 110.474 63.019 2516.022 2258.911 实验室 1 074
4324824 4728 2025/10/29 10:41:32 P13 0 0 0 0 0 0 0 88.654 183.106 890.503 8.545 239.105 216.217 3791.351 53.406 -110.016 1308.746 -22.583 90.79 220.947 96.893 439.606 286.865 355.835 268.25 18.616 492.706 -4989.776 57.983 79.193 -654.45 9.46 -19.531 936.89 66.376 217.59 387.726 160.065 -979.462 231.628 51.727 123.901 112.763 63.629 2516.327 2259.674 实验室 1 074
4324825 4728 2025/10/29 10:41:33 P13 0 0 0 0 0 0 0 89.111 182.953 891.419 8.698 238.953 217.438 3789.825 15.411 -82.245 1310.272 -23.041 90.027 220.184 97.046 439.606 287.018 356.14 268.097 19.989 492.706 -4989.319 93.536 77.515 -660.858 9.46 -19.226 936.737 67.139 216.827 387.878 160.065 -978.699 231.781 51.727 125.885 109.1 61.798 2516.022 2258.148 实验室 1 074
4324826 4728 2025/10/29 10:41:34 P13 0 0 0 0 0 0 0 89.264 183.106 891.113 8.545 238.8 216.522 3789.673 19.531 -0.61 1315.002 -22.43 89.569 220.642 97.046 439.148 286.713 355.53 267.944 18.921 492.859 -4990.234 66.223 81.177 -645.142 8.85 -20.447 937.347 66.528 216.37 388.031 159.76 -976.41 231.171 51.117 124.817 110.474 65.918 2515.869 2259.979 实验室 1 074
4324827 4728 2025/10/29 10:41:35 P13 0 0 0 0 0 0 0 88.348 183.411 890.808 9.46 238.953 217.743 3789.368 35.4 -12.512 1303.864 -23.499 88.806 220.184 97.656 439.606 287.018 356.293 268.25 18.158 492.401 -4989.929 51.88 77.515 -655.518 10.071 -19.836 935.822 66.071 216.827 386.963 158.691 -980.835 231.934 51.422 115.814 111.847 63.324 2516.937 2259.216 实验室 1 074
4324828 4728 2025/10/29 10:41:36 P13 0 0 0 0 0 0 0 88.196 184.174 890.503 8.698 238.953 218.353 3790.741 27.466 -18.005 1309.662 -22.736 88.959 219.269 97.046 439.301 287.323 355.53 268.86 19.226 492.401 -4989.014 70.953 78.43 -670.471 8.85 -19.379 935.669 67.444 216.98 387.421 159.149 -980.988 231.018 51.422 124.817 111.542 67.291 2516.327 2258.911 实验室 1 074
4324829 4728 2025/10/29 10:41:37 P13 0 0 0 0 0 0 0 88.196 183.106 891.419 9.155 238.342 217.59 3789.673 7.629 20.752 1307.526 -22.583 89.722 220.184 97.046 438.843 286.865 356.14 268.097 19.379 492.554 -4989.319 63.934 79.498 -654.602 9.308 -19.989 935.822 66.681 216.522 387.116 159.454 -976.105 231.628 51.27 121.46 112 63.171 2515.411 2258.911 实验室 1 074
4324830 4728 2025/10/29 10:41:38 P13 0 0 0 0 0 0 0 88.043 183.106 890.808 9.155 238.19 217.896 3792.572 47.76 57.373 1302.185 -23.651 88.348 220.184 96.741 438.843 287.781 355.835 268.402 19.531 492.401 -4989.624 35.095 76.294 -636.597 9.308 -18.463 935.211 66.223 216.37 386.963 159.302 -981.293 231.934 51.422 130.463 111.084 62.714 2517.395 2257.385 实验室 1 074
4324831 4728 2025/10/29 10:41:39 P13 0 0 0 0 0 0 0 89.417 183.563 890.656 9.003 238.037 217.438 3792.114 27.161 70.19 1314.85 -23.499 88.196 220.49 96.588 439.911 286.865 356.903 268.097 18.768 492.401 -4989.472 20.142 84.686 -610.504 9.308 -19.226 935.516 66.071 217.59 387.268 158.997 -982.056 230.713 52.032 129.395 110.169 63.782 2516.785 2258.301 实验室 1 074
4324832 4728 2025/10/29 10:41:40 P13 0 0 0 0 0 0 0 88.654 183.106 890.503 9.46 238.8 216.522 3790.283 -14.038 -4.272 1309.052 -23.041 88.043 220.337 96.741 439.453 286.56 355.988 267.944 18.616 491.943 -4991.913 46.082 77.667 -622.864 10.376 -19.531 934.448 66.376 216.217 386.658 159.76 -981.445 231.628 51.575 125.122 110.474 67.902 2516.785 2255.096 实验室 1 074
4324833 4728 2025/10/29 10:41:41 P13 0 0 0 0 0 0 0 88.654 183.563 890.35 8.85 239.105 216.98 3790.741 22.278 51.88 1302.795 -23.041 88.501 221.1 97.351 440.369 286.56 355.53 268.097 18.311 491.943 -4992.828 49.591 76.904 -635.834 10.223 -19.226 935.059 65.918 216.522 387.116 158.997 -978.546 231.323 51.27 121.307 110.931 62.561 2516.479 2259.979 实验室 1 074
4324834 4728 2025/10/29 10:41:42 P13 0 0 0 0 0 0 0 88.654 183.106 890.045 8.392 238.648 217.59 3790.741 5.493 -13.275 1308.746 -22.888 87.585 220.49 97.046 439.148 286.865 356.445 269.013 18.921 492.249 -4992.371 63.171 79.346 -614.471 9.46 -19.073 935.059 66.834 217.285 386.81 158.081 -978.851 230.866 51.575 119.171 107.88 64.545 2515.869 2259.827 实验室 1 074
4324835 4728 2025/10/29 10:41:43 P13 0 0 0 0 0 0 0 87.891 182.953 889.893 9.003 238.953 217.438 3789.673 18.158 -5.798 1309.357 -23.193 88.043 220.642 96.893 439.606 287.781 355.835 268.86 18.463 492.249 -4989.319 93.079 79.041 -594.94 9.766 -18.616 934.753 66.223 216.827 387.421 158.081 -979.767 231.171 51.575 116.119 113.373 61.646 2516.174 2259.216 实验室 1 074
4324836 4728 2025/10/29 10:41:44 P13 0 0 0 0 0 0 0 88.348 183.411 890.198 8.392 238.8 217.896 3789.673 42.114 9.003 1319.733 -23.193 89.111 220.337 97.656 439.911 287.323 355.682 268.707 19.073 491.943 -4989.624 108.643 78.125 -589.142 9.308 -19.379 935.669 65.918 216.675 386.963 158.386 -978.394 231.323 52.49 124.817 106.812 66.071 2515.717 2259.827 实验室 1 074
4324837 4728 2025/10/29 10:41:45 P13 0 0 0 0 0 0 0 88.043 183.258 889.893 8.698 239.258 217.59 3789.215 34.485 5.646 1308.746 -23.956 88.043 220.947 96.588 439.911 287.781 355.988 268.25 18.921 491.943 -4989.929 94.299 79.041 -588.989 10.071 -19.379 934.296 66.071 216.675 386.353 158.081 -976.868 230.866 51.575 128.937 107.88 62.561 2516.785 2259.216 实验室 1 074
4324838 4728 2025/10/29 10:41:46 P13 0 0 0 0 0 0 0 88.348 183.106 889.435 8.087 238.495 217.59 3789.215 9.003 -1.068 1314.85 -23.804 87.585 220.642 97.046 439.453 287.323 355.682 268.555 18.768 492.096 -4989.624 50.507 78.735 -608.063 9.613 -18.921 933.991 66.071 216.827 386.505 157.166 -980.225 230.866 51.88 121.002 111.084 62.408 2516.632 2257.08 实验室 1 074
4324839 4728 2025/10/29 10:41:47 P13 0 0 0 0 0 0 0 88.806 183.411 890.045 8.85 238.648 216.98 3791.656 -3.815 15.869 1312.866 -23.041 87.891 220.337 96.741 439.758 286.713 355.988 267.639 19.531 492.554 -4989.166 42.267 77.667 -635.529 9.003 -19.379 934.296 66.528 216.37 385.742 158.234 -978.241 231.171 52.338 122.681 108.795 63.934 2516.785 2256.927 实验室 1 074
4324840 4728 2025/10/29 10:41:48 P13 0 0 0 0 0 0 0 88.043 183.411 890.503 8.24 238.495 216.98 3789.673 -23.651 81.635 1306 -23.346 87.128 221.1 97.351 439.148 287.17 355.835 268.25 18.921 492.249 -4989.624 28.687 80.414 -624.542 10.071 -19.226 933.38 66.528 216.065 386.2 157.776 -980.682 230.713 51.27 113.068 106.506 61.951 2516.022 2257.843 实验室 1 074
4324841 4728 2025/10/29 10:41:49 P13 0 0 0 0 0 0 0 87.738 183.563 889.435 9.308 238.342 217.133 3791.046 -9.46 45.319 1307.678 -22.888 88.043 220.642 96.283 439.453 287.476 355.988 268.097 19.073 492.096 -4992.218 29.297 78.43 -621.338 9.308 -19.531 933.991 65.918 215.759 386.658 157.776 -981.751 230.866 52.49 120.392 110.321 63.171 2515.869 2259.064 实验室 1 074
4324842 4728 2025/10/29 10:41:50 P13 0 0 0 0 0 0 0 87.891 183.563 888.977 9.155 239.41 217.285 3790.283 73.853 -13.733 1310.425 -23.651 87.433 220.337 96.436 439.758 287.018 355.988 268.25 18.616 491.943 -4989.166 -1.984 79.346 -601.959 9.155 -19.684 933.533 65.46 215.912 386.2 158.234 -978.241 231.323 51.727 119.782 106.201 64.85 2516.174 2258.148 实验室 1 074
4324843 4728 2025/10/29 10:41:51 P13 0 0 0 0 0 0 0 88.043 183.868 888.672 9.003 238.495 217.285 3789.673 12.512 -81.787 1301.88 -23.499 86.365 220.49 96.588 438.995 286.713 356.903 268.707 18.616 492.554 -4989.624 17.7 80.872 -576.172 9.918 -19.379 933.533 65.918 215.759 386.353 158.081 -976.868 230.56 51.575 124.664 108.643 64.85 2516.022 2258.301 实验室 1 074
4324844 4728 2025/10/29 10:41:52 P13 0 0 0 0 0 0 0 88.043 183.868 888.672 9.003 238.495 217.285 3789.673 12.512 -81.787 1301.88 -23.499 86.365 220.49 96.588 438.995 286.713 356.903 268.707 18.616 492.554 -4989.624 17.7 80.872 -576.172 9.918 -19.379 933.533 65.918 215.759 386.353 158.081 -976.868 230.56 51.575 124.664 108.643 64.85 2516.022 2258.301 实验室 1 074
4324845 4728 2025/10/29 10:41:53 P13 0 0 0 0 0 0 0 88.959 183.258 889.13 8.24 238.8 217.896 3791.504 41.962 -90.942 1312.408 -22.43 86.365 220.49 96.13 439.606 286.865 355.682 268.555 19.226 491.638 -4989.929 47.455 80.109 -618.439 9.46 -19.226 933.533 65.613 215.607 386.047 157.776 -981.14 230.255 51.727 119.019 108.032 61.951 2516.785 2258.606 实验室 1 074
4324846 4728 2025/10/29 10:41:54 P13 0 0 0 0 0 0 0 88.348 183.411 888.977 8.545 238.342 217.743 3788.91 29.907 -62.866 1313.171 -23.193 85.754 220.184 95.978 439.453 286.713 355.682 268.25 19.226 491.943 -4990.997 40.436 81.94 -640.259 9.46 -19.531 932.617 66.376 215.759 385.59 157.318 -982.056 230.713 52.032 121.307 109.558 63.934 2516.937 2259.369 实验室 1 074
4324847 4728 2025/10/29 10:41:55 P13 0 0 0 0 0 0 0 87.585 183.411 888.367 8.24 238.342 218.201 3789.673 28.687 -29.602 1308.136 -23.346 86.517 220.184 95.978 438.538 287.17 355.53 268.402 19.531 491.943 -4989.014 61.646 80.109 -633.85 9.308 -18.311 932.465 65.765 215.912 385.895 156.86 -981.903 230.255 52.032 116.73 108.795 61.188 2516.785 2259.827 实验室 1 074
4324848 4728 2025/10/29 10:41:56 P13 0 0 0 0 0 0 0 87.738 184.479 888.672 9.308 238.19 218.353 3790.436 63.782 -13.123 1306.152 -23.956 87.28 220.184 96.588 439.453 286.56 355.988 268.25 18.616 491.943 -4992.218 78.278 76.447 -621.185 8.85 -19.531 931.854 65.918 215.454 385.437 158.234 -981.751 230.408 51.422 117.95 109.558 65.613 2517.09 2260.437 实验室 1 074
4324849 4728 2025/10/29 10:41:57 P13 0 0 0 0 0 0 0 87.891 183.258 889.587 9.003 238.342 217.743 3789.978 37.842 -17.242 1324.768 -23.804 85.754 220.49 96.283 439.453 287.323 355.377 268.86 19.531 491.943 -4990.234 91.095 78.125 -581.97 10.681 -19.684 931.702 66.071 215.759 384.827 158.234 -981.293 231.018 51.575 116.119 107.422 63.782 2515.869 2265.625 实验室 1 074
4324850 4728 2025/10/29 10:41:58 P13 0 0 0 0 0 0 0 88.654 184.174 888.519 8.545 238.19 218.201 3789.978 6.561 77.362 1316.376 -23.956 86.212 220.642 96.436 438.995 286.408 355.53 268.707 18.311 492.249 -4989.624 45.929 79.041 -630.188 10.223 -19.226 931.702 65.765 215.607 385.742 158.386 -979.462 230.408 52.032 116.882 108.49 66.681 2516.479 2263.947 实验室 1 074
4324851 4728 2025/10/29 10:41:59 P13 0 0 0 0 0 0 0 87.891 183.716 888.062 8.087 238.19 216.98 3791.504 23.956 97.198 1317.902 -23.193 86.212 220.184 95.673 439.301 286.865 355.835 268.097 19.684 491.943 -4989.472 21.667 77.667 -619.812 9.46 -19.531 932.312 66.071 216.37 386.353 159.149 -980.072 230.408 52.338 112.457 113.983 65.46 2516.479 2259.369 实验室 1 074
4324852 4728 2025/10/29 10:42:00 P13 0 0 0 0 0 0 0 87.585 183.411 890.045 9.46 237.732 217.133 3790.283 -27.771 65.765 1321.411 -23.193 86.975 220.49 95.673 439.911 286.865 355.682 268.555 18.921 491.943 -4992.065 -2.747 80.109 -628.357 9.46 -19.073 931.397 65.308 215.302 385.132 157.623 -979.767 230.56 51.422 118.561 113.983 63.477 2515.411 2258.759 实验室 1 074
4324853 4728 2025/10/29 10:42:01 P13 0 0 0 0 0 0 0 87.891 183.716 889.282 9.003 237.885 218.506 3790.436 62.256 57.983 1316.071 -23.346 86.212 220.642 95.52 439.606 286.408 355.53 269.47 18.616 492.249 -4988.861 17.548 80.872 -638.58 9.003 -19.989 931.702 66.223 215.912 386.047 157.318 -979.767 230.103 51.727 121.155 109.406 63.934 2515.259 2256.47 实验室 1 074
4324854 4728 2025/10/29 10:42:02 P13 0 0 0 0 0 0 0 87.891 183.563 888.367 8.24 238.342 216.98 3790.894 0.916 154.114 1314.545 -22.278 87.28 220.184 95.673 439.606 286.865 355.53 269.165 19.836 492.401 -4990.082 64.697 81.635 -615.54 9.155 -19.226 931.091 65.765 215.607 385.895 156.86 -981.751 230.255 52.185 123.749 111.847 65.613 2515.564 2260.132 实验室 1 074
4324855 4728 2025/10/29 10:42:03 P13 0 0 0 0 0 0 0 88.196 183.716 888.977 8.698 238.8 217.133 3791.351 2.441 162.506 1308.136 -23.346 86.365 220.795 95.825 439.606 287.17 355.988 269.47 18.768 491.943 -4989.624 81.787 77.667 -617.676 10.071 -18.311 931.091 65.918 216.065 385.742 157.013 -980.988 230.408 51.27 119.171 112 65.918 2516.327 2258.759 实验室 1 074
4324856 4728 2025/10/29 10:42:04 P13 0 0 0 0 0 0 0 88.196 183.563 888.367 9.46 238.8 217.285 3790.894 40.894 11.292 1300.812 -23.346 85.602 220.337 95.825 438.995 286.713 356.14 268.86 18.921 492.096 -4990.234 50.964 78.735 -608.521 9.766 -19.379 931.549 65.613 215.302 385.437 157.929 -978.546 230.56 51.727 122.223 109.1 63.019 2516.937 2256.165 实验室 1 074
4324857 4728 2025/10/29 10:42:05 P13 0 0 0 0 0 0 0 88.806 184.326 888.062 8.85 238.495 218.353 3792.267 22.736 8.698 1313.477 -23.041 85.449 220.49 96.283 438.995 287.476 355.682 269.623 18.616 493.469 -4989.472 50.201 79.193 -577.85 8.698 -19.531 930.786 66.376 214.844 384.827 156.555 -976.257 230.103 51.422 113.983 110.321 62.714 2516.174 2259.216 实验室 1 074
4324858 4728 2025/10/29 10:42:06 P13 0 0 0 0 0 0 0 88.043 183.716 887.756 8.698 238.342 217.438 3790.894 20.599 -80.719 1302.185 -23.041 85.297 221.1 95.52 440.064 286.255 355.988 268.402 18.311 492.706 -4992.371 33.722 77.82 -634.308 9.003 -19.226 930.786 65.613 214.844 385.284 156.708 -980.072 230.103 52.185 114.746 110.016 60.425 2515.717 2253.571 实验室 1 074
4324859 4728 2025/10/29 10:42:07 P13 0 0 0 0 0 0 0 88.043 183.868 888.214 8.24 238.342 217.896 3789.978 -5.035 -10.223 1306.458 -23.193 85.907 219.879 95.367 438.995 286.56 355.377 269.165 19.531 492.706 -4989.014 15.564 79.498 -627.441 9.308 -19.379 931.397 67.139 215.607 385.284 157.623 -976.868 230.255 52.032 126.801 110.321 62.408 2515.717 2258.759 实验室 1 074
4324860 4728 2025/10/29 10:42:08 P13 0 0 0 0 0 0 0 88.196 183.411 889.435 9.613 238.037 217.59 3792.114 43.945 59.509 1303.558 -23.346 84.229 220.795 95.367 439.301 287.17 354.919 269.013 18.616 491.791 -4989.929 15.259 80.109 -624.542 9.613 -19.684 930.481 65.46 214.996 384.674 156.403 -972.595 230.56 51.575 119.782 108.948 63.934 2516.785 2259.521 实验室 1 074
4324861 4728 2025/10/29 10:42:09 P13 0 0 0 0 0 0 0 88.196 184.479 886.841 8.698 238.037 216.98 3791.351 17.7 -22.736 1315.002 -23.346 84.839 219.879 95.978 438.995 286.56 355.53 269.47 18.921 491.638 -4988.861 -3.204 81.787 -603.18 9.308 -19.379 931.244 66.223 215.302 384.522 156.708 -975.8 230.103 51.27 122.223 110.779 65.46 2516.174 2259.216 实验室 1 074
4324862 4728 2025/10/29 10:42:10 P13 0 0 0 0 0 0 0 88.348 183.716 887.604 9.003 238.19 217.133 3790.894 15.869 48.523 1307.22 -23.041 84.076 220.184 95.215 439.301 286.56 356.293 269.47 18.921 491.638 -4990.692 -16.632 79.346 -603.18 9.308 -19.379 930.786 65.918 214.996 384.369 158.234 -979.767 230.103 51.575 110.321 113.22 65.613 2515.869 2259.216 实验室 1 074
4324863 4728 2025/10/29 10:42:11 P13 0 0 0 0 0 0 0 88.196 184.326 888.519 9.155 238.19 217.438 3790.436 -3.51 118.103 1317.596 -23.041 86.365 219.727 95.367 438.995 286.408 356.445 269.165 19.379 492.706 -4989.624 15.259 80.872 -584.869 9.308 -19.379 930.176 66.223 214.844 384.674 157.318 -977.173 230.713 51.88 116.272 107.727 64.392 2515.564 2259.979 实验室 1 074
4324864 4728 2025/10/29 10:42:12 P13 0 0 0 0 0 0 0 88.501 184.326 888.214 8.85 237.732 216.675 3790.283 33.112 78.278 1309.204 -22.888 84.534 220.032 95.367 438.995 286.56 355.835 268.86 18.768 491.943 -4993.286 51.88 80.566 -590.515 9.766 -19.531 930.023 65.765 214.691 384.522 156.708 -978.241 230.408 51.575 120.85 107.575 63.477 2515.717 2258.911 实验室 1 074
4324865 4728 2025/10/29 10:42:13 P13 0 0 0 0 0 0 0 88.806 184.784 888.214 9.308 238.495 217.133 3791.504 48.37 20.294 1306.458 -23.346 85.297 220.184 95.825 439.453 286.56 356.445 269.47 19.531 492.401 -4991.15 40.741 79.803 -610.046 9.003 -18.921 929.108 65.308 214.844 384.369 155.945 -978.546 229.95 52.795 124.207 108.948 66.834 2516.327 2258.759 实验室 1 074
4324866 4728 2025/10/29 10:42:14 P13 0 0 0 0 0 0 0 88.501 183.716 887.756 8.85 237.427 217.896 3791.809 3.967 -30.518 1309.967 -23.041 84.534 220.032 95.52 439.301 286.713 355.53 269.47 18.768 491.943 -4993.438 79.651 80.414 -592.651 9.46 -18.768 929.718 66.071 214.691 383.606 156.555 -977.631 230.713 52.49 119.934 113.525 68.207 2517.242 2258.911 实验室 1 074
4324867 4728 2025/10/29 10:42:15 P13 0 0 0 0 0 0 0 87.128 184.631 887.604 8.85 238.342 217.743 3790.588 -36.163 -89.569 1313.934 -23.499 83.16 220.032 95.52 439.148 286.255 356.445 269.775 18.768 491.943 -4990.54 80.719 80.109 -601.502 9.308 -19.379 929.871 65.918 214.996 383.911 155.64 -979.462 229.95 51.27 120.087 108.337 64.24 2515.717 2258.606 实验室 1 074
4324868 4728 2025/10/29 10:42:16 P13 0 0 0 0 0 0 0 88.654 184.326 887.146 9.766 237.885 217.59 3789.978 32.959 -48.981 1309.509 -22.583 84.534 220.337 94.91 438.843 286.255 354.919 269.318 18.616 491.791 -4989.624 56.915 81.024 -596.008 9.308 -19.379 929.565 66.223 214.691 384.064 157.623 -973.816 229.797 51.27 126.495 109.863 64.545 2515.564 2256.47 实验室 1 074
4324869 4728 2025/10/29 10:42:17 P13 0 0 0 0 0 0 0 88.043 183.563 888.672 9.003 238.037 216.37 3790.436 -9.003 -49.286 1305.542 -23.041 83.313 220.032 95.825 439.758 286.408 355.988 269.013 18.921 492.096 -4990.692 56.915 79.956 -550.079 9.308 -19.684 929.26 65.002 214.386 384.064 155.335 -979.309 230.408 51.727 120.85 110.931 63.782 2516.327 2258.606 实验室 1 074
4324870 4728 2025/10/29 10:42:18 P13 0 0 0 0 0 0 0 88.043 183.563 887.604 8.24 237.732 216.827 3791.046 60.577 6.104 1316.071 -23.041 84.839 220.032 95.215 438.843 286.713 354.767 268.86 19.226 491.638 -4988.861 60.577 79.498 -572.51 9.918 -19.379 929.413 65.613 214.233 383.606 155.792 -973.663 229.187 51.575 117.645 111.847 63.171 2517.395 2255.859 实验室 1 074
4324871 4728 2025/10/29 10:42:19 P13 0 0 0 0 0 0 0 87.891 183.563 886.383 8.545 237.579 217.743 3791.656 28.687 25.33 1305.847 -23.041 84.229 219.879 94.757 439.301 286.713 355.225 269.623 19.531 491.943 -4988.708 25.787 79.041 -590.668 9.766 -19.531 928.497 66.376 214.996 383.911 156.25 -974.579 230.103 52.032 124.054 108.643 62.866 2517.242 2258.453 实验室 1 074
4324872 4728 2025/10/29 10:42:20 P13 0 0 0 0 0 0 0 88.043 183.411 887.299 8.392 237.579 217.438 3791.046 0.305 40.894 1304.321 -23.193 84.229 220.49 95.367 439.148 286.408 355.53 269.623 19.226 492.706 -4989.014 27.313 81.787 -586.395 9.46 -19.226 928.497 64.85 214.386 383.606 155.182 -976.257 229.95 51.575 121.155 108.948 62.866 2516.022 2259.369 实验室 1 074
4324873 4728 2025/10/29 10:42:21 P13 0 0 0 0 0 0 0 88.348 183.563 886.536 9.308 237.885 217.438 3789.52 34.79 19.989 1308.746 -23.193 84.381 220.032 95.673 439.301 286.255 354.767 269.623 18.921 492.401 -4992.218 43.03 79.041 -610.199 9.46 -18.921 928.04 65.46 213.928 383.606 156.403 -973.663 230.103 52.338 118.713 111.237 62.866 2516.479 2258.301 实验室 1 074
4324874 4728 2025/10/29 10:42:22 P13 0 0 0 0 0 0 0 88.348 183.716 886.231 9.308 238.037 217.438 3789.825 17.395 -42.114 1303.101 -23.193 83.923 220.642 94.757 438.843 286.255 355.682 269.623 18.921 492.401 -4990.387 24.872 79.651 -567.474 9.155 -19.073 927.734 65.308 214.539 383.606 156.403 -972.595 229.34 51.27 119.476 110.169 67.596 2517.242 2257.69 实验室 1 074
4324875 4728 2025/10/29 10:42:23 P13 0 0 0 0 0 0 0 88.043 184.021 887.146 9.155 238.19 217.896 3789.52 -8.24 -119.019 1306.763 -22.583 84.076 220.337 94.91 438.538 286.56 355.377 269.928 19.073 491.943 -4989.624 13.123 83.466 -603.18 9.46 -19.531 928.955 65.46 213.623 383.606 156.25 -977.02 229.95 52.032 122.986 111.847 62.408 2516.327 2261.81 实验室 1 074
4324876 4728 2025/10/29 10:42:24 P13 0 0 0 0 0 0 0 88.043 184.021 887.146 9.155 238.19 217.896 3789.52 -8.24 -119.019 1306.763 -22.583 84.076 220.337 94.91 438.538 286.56 355.377 269.928 19.073 491.943 -4989.624 13.123 83.466 -603.18 9.46 -19.531 928.955 65.46 213.623 383.606 156.25 -977.02 229.95 52.032 122.986 111.847 62.408 2516.327 2261.81 实验室 1 074
4324877 4728 2025/10/29 10:42:25 P13 0 0 0 0 0 0 0 88.043 182.953 886.841 8.85 238.037 217.133 3790.894 -13.733 -127.716 1318.359 -23.193 83.771 220.032 95.062 439.301 286.713 354.462 269.47 18.921 492.249 -4989.014 37.079 79.193 -570.984 9.46 -19.531 927.582 65.308 213.776 383.759 155.487 -975.647 230.103 51.88 118.256 109.1 62.561 2515.564 2259.979 实验室 1 074
4324878 4728 2025/10/29 10:42:26 P13 0 0 0 0 0 0 0 88.348 184.021 886.078 9.308 238.648 216.98 3792.572 55.237 -102.081 1311.34 -23.651 83.008 220.184 95.825 438.69 286.408 355.377 269.775 18.921 491.638 -4989.776 29.144 80.414 -577.24 9.918 -18.921 927.429 65.613 213.928 382.996 157.013 -974.731 229.797 51.727 112 108.795 63.171 2517.09 2260.132 实验室 1 074
4324879 4728 2025/10/29 10:42:27 P13 0 0 0 0 0 0 0 88.348 183.563 886.688 8.698 238.037 216.827 3789.978 -1.221 -68.054 1298.065 -23.346 83.466 220.795 95.367 439.758 286.255 355.377 270.081 18.463 492.249 -4989.624 26.703 78.735 -593.872 9.46 -19.226 928.955 65.765 213.928 383.453 155.335 -976.715 229.492 52.032 110.626 109.1 62.103 2517.09 2256.622 实验室 1 074
4324880 4728 2025/10/29 10:42:28 P13 0 0 0 0 0 0 0 88.043 183.563 886.536 9.155 237.122 217.285 3789.52 61.798 -104.065 1308.136 -23.346 83.008 221.1 95.367 440.064 286.408 354.919 269.165 18.311 491.791 -4990.997 63.934 80.261 -586.548 9.155 -19.226 927.124 65.308 213.928 383.148 155.487 -974.884 229.95 51.422 118.103 108.185 58.594 2516.479 2258.606 实验室 1 074
4324881 4728 2025/10/29 10:42:29 P13 0 0 0 0 0 0 0 88.043 184.021 886.231 9.308 237.732 216.675 3790.436 -0.458 -129.547 1301.422 -23.499 84.381 220.795 94.604 438.995 286.102 356.14 269.318 18.616 492.096 -4990.387 98.114 78.583 -604.858 9.155 -18.768 927.277 65.613 214.844 383.759 155.945 -975.8 229.95 51.27 118.561 106.964 64.087 2517.395 2258.606 实验室 1 074
4324882 4728 2025/10/29 10:42:30 P13 0 0 0 0 0 0 0 88.501 183.716 886.993 8.85 237.885 216.98 3790.283 34.637 -90.332 1295.776 -23.041 82.703 220.184 94.147 439.911 286.56 354.767 269.775 18.768 492.401 -4989.319 96.283 80.566 -614.929 9.613 -19.226 928.65 64.85 214.081 382.843 155.029 -975.952 230.713 50.964 120.697 111.389 60.883 2516.327 2259.216 实验室 1 074
4324883 4728 2025/10/29 10:42:31 P13 0 0 0 0 0 0 0 88.043 183.716 886.383 8.545 237.885 217.59 3790.741 -7.782 -20.142 1300.964 -23.346 84.076 220.49 95.215 439.758 286.865 355.988 270.081 18.768 491.943 -4989.472 77.667 79.498 -583.801 9.003 -19.226 927.277 64.85 213.928 382.69 155.182 -981.445 229.34 51.727 122.376 110.626 63.171 2515.717 2256.165 实验室 1 074
4324884 4728 2025/10/29 10:42:32 P13 0 0 0 0 0 0 0 87.891 184.021 885.62 8.85 238.495 217.133 3789.52 5.188 62.256 1296.234 -22.43 83.008 219.727 94.604 439.301 286.255 354.767 270.081 18.768 491.486 -4990.54 108.032 79.346 -598.755 9.766 -19.989 927.277 65.46 213.776 383.759 156.097 -984.955 230.103 51.727 119.019 108.337 63.629 2515.869 2260.132 实验室 1 074
4324885 4728 2025/10/29 10:42:33 P13 0 0 0 0 0 0 0 88.196 184.784 886.078 8.545 237.579 217.133 3790.436 -33.112 54.169 1295.166 -23.499 83.313 219.879 94.604 439.301 286.255 355.225 270.081 19.379 491.791 -4990.692 91.248 80.414 -592.041 9.003 -19.226 927.429 65.613 213.928 382.843 155.029 -979.614 229.95 51.422 120.392 111.847 64.545 2516.174 2259.979 实验室 1 074
4324886 4728 2025/10/29 10:42:34 P13 0 0 0 0 0 0 0 87.891 183.563 885.773 8.85 237.427 217.285 3790.131 22.278 44.098 1301.27 -22.583 83.313 220.642 94.299 439.301 286.408 354.919 269.47 18.616 491.943 -4990.54 79.956 81.329 -600.586 9.308 -19.531 926.209 65.613 213.776 382.996 156.403 -980.835 229.492 52.338 116.577 108.643 64.24 2515.717 2258.301 实验室 1 074
4324887 4728 2025/10/29 10:42:35 P13 0 0 0 0 0 0 0 87.585 183.868 885.468 8.24 237.427 218.048 3789.825 50.049 -32.959 1304.932 -23.651 82.703 220.795 94.299 439.148 286.255 354.919 269.623 18.921 492.249 -4988.861 94.757 77.057 -592.194 9.46 -18.921 927.124 65.155 213.623 382.385 154.419 -978.546 229.34 52.185 120.85 110.016 63.477 2516.327 2257.843 实验室 1 074
4324888 4728 2025/10/29 10:42:36 P13 0 0 0 0 0 0 0 88.348 184.021 885.315 9.308 237.579 217.285 3790.436 45.929 -2.747 1307.831 -23.193 83.008 220.337 94.604 439.453 285.95 354.919 269.165 18.311 492.401 -4989.166 74.463 79.193 -590.363 9.46 -19.379 926.361 65.765 213.318 382.843 155.487 -978.546 229.95 50.812 120.544 108.337 64.392 2515.564 2258.911 实验室 1 074
4324889 4728 2025/10/29 10:42:37 P13 0 0 0 0 0 0 0 88.348 183.411 887.146 8.545 237.732 217.59 3789.673 33.264 13.886 1295.929 -23.651 83.16 220.337 94.757 439.758 285.95 355.072 269.623 19.073 491.943 -4990.997 65.46 80.109 -607.452 9.155 -19.226 926.819 65.613 213.165 382.233 155.64 -977.325 229.492 51.575 122.07 110.626 67.749 2517.242 2257.996 实验室 1 074
4324890 4728 2025/10/29 10:42:38 P13 0 0 0 0 0 0 0 88.806 184.174 886.231 8.85 237.274 217.285 3791.962 19.073 36.011 1307.983 -23.499 83.008 220.184 93.994 438.995 285.95 354.767 269.013 18.921 492.096 -4990.234 57.22 79.956 -561.371 9.003 -19.379 925.751 65.918 213.165 382.08 154.572 -979.157 230.103 51.727 119.782 112.152 62.714 2517.242 2260.742 实验室 1 074
4324891 4728 2025/10/29 10:42:39 P13 0 0 0 0 0 0 0 88.043 182.953 884.552 8.087 237.732 217.438 3791.504 41.351 81.635 1314.697 -23.346 83.313 220.032 95.215 439.148 285.797 355.377 269.623 18.463 491.333 -4991.913 42.877 81.329 -520.935 9.003 -19.531 924.683 65.002 213.623 382.385 155.029 -974.579 229.034 51.422 123.901 108.49 63.171 2517.7 2257.996 实验室 1 074
4324892 4728 2025/10/29 10:42:40 P13 0 0 0 0 0 0 0 88.043 183.563 885.773 8.698 237.579 218.048 3791.809 -8.545 47.302 1293.488 -23.346 81.94 220.337 94.299 439.301 285.492 355.53 270.233 18.616 491.333 -4989.166 57.831 77.362 -546.265 9.918 -19.226 925.293 66.223 213.471 382.08 155.029 -974.426 229.187 51.422 116.73 108.643 63.934 2516.174 2259.369 实验室 1 074
4324893 4728 2025/10/29 10:42:41 P13 0 0 0 0 0 0 0 88.348 184.021 885.162 9.308 237.732 216.827 3790.588 -21.21 52.948 1296.387 -22.583 81.94 220.642 94.147 438.69 285.645 355.072 269.623 18.311 492.706 -4990.082 43.488 79.651 -538.483 9.308 -19.531 925.293 64.392 213.013 382.385 154.724 -982.361 229.34 52.032 112.305 111.542 62.408 2515.869 2259.369 实验室 1 074
4324894 4728 2025/10/29 10:42:42 P13 0 0 0 0 0 0 0 88.501 184.326 884.247 9.003 237.579 216.98 3791.962 38.3 -16.937 1302.49 -23.651 82.245 220.032 94.452 438.538 285.797 355.377 270.386 18.768 491.638 -4991.607 28.992 79.956 -559.998 9.918 -18.463 925.751 65.765 213.471 381.928 155.487 -977.478 229.492 51.575 118.866 108.185 65.765 2516.785 2258.759 实验室 1 074
4324895 4728 2025/10/29 10:42:43 P13 0 0 0 0 0 0 0 88.501 183.868 885.01 7.935 236.816 216.827 3790.741 18.311 -34.79 1308.746 -23.193 82.397 220.337 94.604 439.758 286.713 354.462 269.165 18.463 491.638 -4988.708 -6.256 79.956 -601.807 9.46 -18.311 925.293 65.155 213.471 382.08 153.809 -984.955 229.492 52.49 119.476 110.169 59.357 2515.411 2255.859 实验室 1 074
4324896 4728 2025/10/29 10:42:44 P13 0 0 0 0 0 0 0 89.111 183.868 885.468 8.545 237.579 217.285 3789.673 44.25 -139.771 1306.763 -23.499 82.092 220.032 94.147 438.995 285.797 356.445 270.386 18.921 491.638 -4992.371 10.223 80.109 -602.417 9.003 -18.616 924.988 65.308 213.013 381.622 155.029 -977.631 229.187 50.507 117.035 109.253 63.629 2515.869 2258.911 实验室 1 074
4324897 4728 2025/10/29 10:42:45 P13 0 0 0 0 0 0 0 88.043 183.258 885.162 8.698 238.037 217.285 3790.894 6.256 -115.509 1302.49 -23.346 81.635 220.642 95.062 439.148 285.797 355.225 270.386 18.768 491.791 -4990.997 -4.883 80.566 -573.578 9.155 -19.379 924.835 65.002 213.623 381.928 154.114 -981.293 229.187 51.88 120.85 109.406 66.071 2515.717 2258.911 实验室 1 074
4324898 4728 2025/10/29 10:42:46 P13 0 0 0 0 0 0 0 88.043 184.631 885.162 9.46 237.122 216.98 3791.962 22.583 -37.842 1304.016 -23.346 82.55 220.032 94.147 438.843 285.492 355.377 269.623 18.311 491.638 -4990.387 -34.637 78.583 -556.183 9.308 -19.684 924.53 65.46 212.555 381.317 154.114 -982.666 229.34 51.27 119.019 109.863 60.73 2516.632 2258.911 实验室 1 074
4324899 4728 2025/10/29 10:42:47 P13 0 0 0 0 0 0 0 88.501 183.868 885.773 8.545 237.427 216.065 3789.825 27.924 63.324 1311.34 -22.888 81.329 220.795 93.994 438.995 286.255 354.614 270.233 18.463 492.249 -4992.218 8.392 79.193 -555.42 9.766 -19.531 924.225 65.002 213.013 381.165 154.114 -980.072 228.577 51.27 124.512 109.1 61.951 2515.869 2258.606 实验室 1 074
4324900 4728 2025/10/29 10:42:48 P13 0 0 0 0 0 0 0 88.043 183.563 884.399 8.85 237.274 216.217 3789.215 13.275 101.013 1305.389 -22.888 80.872 220.49 93.384 439.911 285.95 355.072 270.233 18.768 491.638 -4989.472 -20.447 79.498 -570.374 9.46 -18.768 923.462 64.392 212.708 381.47 153.656 -980.682 229.034 52.185 116.73 106.201 63.171 2515.869 2260.742 实验室 1 074
4324901 4728 2025/10/29 10:42:49 P13 0 0 0 0 0 0 0 87.28 183.868 884.399 8.545 236.816 217.133 3789.978 37.231 43.945 1297.455 -22.583 82.092 220.184 93.536 439.148 286.255 355.225 269.928 18.616 492.249 -4991.455 10.834 78.278 -583.344 9.003 -19.531 924.225 65.002 212.708 381.622 154.266 -976.41 228.729 52.49 108.49 108.337 63.171 2516.022 2258.301 实验室 1 074
4324902 4728 2025/10/29 10:42:50 P13 0 0 0 0 0 0 0 88.348 184.631 884.094 8.24 237.579 216.827 3788.91 12.36 -54.016 1307.983 -23.193 81.635 219.269 93.536 438.538 286.102 355.53 270.538 18.463 491.333 -4992.218 20.294 82.245 -581.818 8.24 -18.921 923.767 65.002 213.165 381.47 154.572 -979.004 228.882 50.964 111.542 108.032 64.24 2515.717 2259.521 实验室 1 074
4324903 4728 2025/10/29 10:42:51 P13 0 0 0 0 0 0 0 87.738 183.563 883.942 8.545 237.579 216.522 3792.572 27.008 15.564 1311.798 -22.43 82.855 220.184 93.536 438.995 286.102 354.767 270.233 19.531 491.943 -4992.523 30.67 80.414 -552.521 9.003 -19.379 923.615 65.155 213.318 381.928 153.961 -984.345 229.034 51.88 115.051 108.795 64.087 2516.174 2258.911 实验室 1 074
4324904 4728 2025/10/29 10:42:52 P13 0 0 0 0 0 0 0 87.433 184.174 884.857 8.698 237.885 217.59 3789.673 25.33 126.495 1300.354 -23.193 80.872 220.337 94.299 439.148 287.018 354.919 270.691 19.226 492.096 -4989.929 24.414 79.346 -547.943 9.155 -19.379 924.53 64.545 212.555 381.317 154.419 -984.497 229.187 51.88 115.814 105.743 63.629 2515.869 2256.012 实验室 1 074
4324905 4728 2025/10/29 10:42:53 P13 0 0 0 0 0 0 0 87.433 184.174 884.857 8.698 237.885 217.59 3789.673 25.33 126.495 1300.354 -23.193 80.872 220.337 94.299 439.148 287.018 354.919 270.691 19.226 492.096 -4989.929 24.414 79.346 -547.943 9.155 -19.379 924.53 64.545 212.555 381.317 154.419 -984.497 229.187 51.88 115.814 105.743 63.629 2515.869 2256.012 实验室 1 074
4324906 4728 2025/10/29 10:42:54 P13 0 0 0 0 0 0 0 88.196 183.563 884.705 8.24 237.274 218.048 3789.825 -0.458 129.547 1310.272 -22.583 81.787 220.337 94.147 439.758 285.797 354.919 270.081 19.226 491.943 -4989.319 31.433 82.092 -575.562 9.46 -19.379 924.835 65.002 212.555 381.317 154.724 -986.176 228.729 51.88 119.934 106.201 69.733 2515.564 2258.606 实验室 1 074
4324907 4728 2025/10/29 10:42:55 P13 0 0 0 0 0 0 0 87.738 184.021 883.942 9.155 238.037 217.438 3789.978 21.21 35.4 1315.308 -23.956 81.787 220.795 93.994 439.606 286.408 354.919 270.386 18.311 492.401 -4989.472 20.905 81.329 -616.913 9.155 -18.463 923.767 64.85 212.708 381.47 154.114 -981.751 229.187 51.575 110.626 109.406 63.477 2516.785 2258.911 实验室 1 074
4324908 4728 2025/10/29 10:42:56 P13 0 0 0 0 0 0 0 88.501 184.631 883.484 8.392 237.122 216.522 3789.825 13.886 46.234 1312.103 -23.193 81.482 220.184 93.079 439.148 286.102 355.377 270.386 18.463 491.638 -4991.913 14.038 82.245 -614.624 10.529 -19.684 923.004 65.308 212.402 380.707 154.572 -992.737 228.577 51.27 114.288 108.948 60.12 2516.022 2257.843 实验室 1 074
4324909 4728 2025/10/29 10:42:57 P13 0 0 0 0 0 0 0 88.654 183.716 884.247 9.003 237.274 217.59 3789.978 5.188 -29.297 1304.016 -23.346 80.872 220.337 93.536 438.995 285.797 355.072 270.081 18.768 491.638 -4992.371 26.703 78.888 -636.444 9.766 -19.684 923.462 65.155 212.402 380.859 153.046 -992.279 230.103 51.27 115.051 107.727 61.951 2516.022 2260.895 实验室 1 074
4324910 4728 2025/10/29 10:42:58 P13 0 0 0 0 0 0 0 87.891 184.326 884.094 8.545 237.579 217.285 3789.673 19.684 -52.185 1295.471 -23.193 80.566 220.032 94.147 438.69 285.645 354.309 271.149 18.463 492.249 -4989.166 -6.256 78.125 -588.532 9.003 -19.379 923.157 64.24 212.402 380.859 155.029 -999.451 229.34 51.727 119.476 110.016 63.324 2516.632 2257.996 实验室 1 074
4324911 4728 2025/10/29 10:42:59 P13 0 0 0 0 0 0 0 87.738 183.411 883.484 9.308 237.427 217.285 3790.741 11.749 27.618 1297.455 -22.736 80.719 220.032 93.994 439.301 285.95 354.919 270.538 18.768 491.943 -4989.624 -37.231 78.43 -569 9.766 -19.531 923.309 65.613 212.86 381.317 154.114 -985.87 228.577 51.575 122.986 107.117 66.986 2516.632 2257.996 实验室 1 074
4324912 4728 2025/10/29 10:43:00 P13 0 0 0 0 0 0 0 88.196 184.631 884.399 8.698 237.427 217.133 3791.809 -12.512 70.953 1300.049 -23.041 81.94 220.184 93.231 439.148 285.645 354.614 270.233 18.158 492.096 -4989.319 -18.921 76.447 -551.453 9.003 -19.989 922.852 65.765 212.25 380.554 155.182 -979.919 229.797 51.575 115.967 107.727 62.256 2516.937 2259.369 实验室 1 074
4324913 4728 2025/10/29 10:43:01 P13 0 0 0 0 0 0 0 88.043 184.326 883.331 8.392 237.427 217.438 3791.199 5.951 10.529 1304.016 -22.736 80.872 220.49 93.384 438.69 285.797 354.919 270.996 18.616 491.638 -4991.76 -31.128 80.719 -551.605 9.46 -19.531 922.394 65.46 212.708 381.317 154.419 -978.241 228.729 51.575 116.272 108.795 63.782 2517.09 2259.216 实验室 1 074
4324914 4728 2025/10/29 10:43:02 P13 0 0 0 0 0 0 0 88.043 183.411 883.484 8.392 236.816 217.285 3789.825 50.354 -83.771 1305.237 -22.583 81.177 220.184 93.079 439.453 285.492 354.767 270.538 18.921 492.249 -4989.319 -27.313 80.261 -540.924 8.698 -19.226 922.089 65.002 213.165 380.859 153.809 -979.919 228.882 51.88 119.782 106.049 64.85 2516.327 2256.012 实验室 1 074
4324915 4728 2025/10/29 10:43:03 P13 0 0 0 0 0 0 0 88.196 183.106 883.942 8.545 237.274 217.896 3789.978 -4.883 -34.637 1305.389 -23.804 80.261 220.032 94.147 439.453 285.645 355.377 270.538 19.226 491.028 -4988.403 -8.85 78.43 -545.96 8.85 -19.073 922.089 64.545 212.402 380.249 154.114 -977.325 228.882 52.185 122.986 109.558 62.408 2516.479 2256.317 实验室 1 074
4324916 4728 2025/10/29 10:43:04 P15 0 0 0 0 0 0 0 88.501 183.868 884.399 8.85 237.122 216.98 3789.673 -6.561 -18.158 1307.526 -22.43 79.651 220.032 92.926 439.148 285.95 354.767 270.691 18.768 491.943 -4991.76 -3.204 79.498 -541.534 8.545 -19.379 922.699 65.002 211.945 379.944 153.503 -983.276 229.187 51.27 121.46 107.422 63.629 2516.632 2260.895 实验室 1 074
4324917 4728 2025/10/29 10:43:05 P15 0 0 0 0 0 0 0 88.348 184.021 883.484 9.003 237.274 216.827 3791.504 27.466 -93.079 1309.967 -23.651 81.177 220.032 93.079 439.453 285.797 355.377 270.386 19.684 491.638 -4989.624 2.289 79.651 -557.861 9.46 -19.379 921.783 65.46 212.402 379.791 151.672 -973.969 228.729 51.422 120.239 110.016 62.103 2517.7 2258.911 实验室 1 074
4324918 4728 2025/10/29 10:43:06 P15 0 0 0 0 0 0 0 89.417 184.326 883.942 8.85 236.969 217.59 3791.199 9.46 -48.37 1305.695 -23.346 80.719 221.1 93.689 438.995 286.102 355.377 270.538 19.379 491.333 -4991.76 35.706 83.313 -566.711 9.155 -19.531 922.546 65.46 212.097 379.791 155.029 -1013.031 228.424 51.575 118.866 107.269 58.899 2516.479 2259.064 实验室 1 074
4324919 4728 2025/10/29 10:43:07 P15 0 0 0 0 0 0 0 88.654 183.868 884.247 9.46 237.732 216.98 3791.046 62.103 30.67 1297.302 -23.499 80.566 221.558 94.147 439.453 285.797 355.225 270.386 18.768 491.791 -4989.472 88.043 79.803 -564.575 9.46 -18.005 921.478 64.85 211.945 388.794 154.114 -1144.562 230.866 51.575 119.019 109.558 62.408 2516.174 2259.979 实验室 1 074
4324920 4728 2025/10/29 10:43:08 P15 0 0 0 0 0 0 0 88.348 184.784 884.399 10.986 236.969 216.827 3789.368 49.133 91.095 1309.814 -23.346 80.719 221.558 95.367 439.148 285.645 355.682 271.454 18.616 491.333 -4990.234 103.607 80.414 -563.355 10.376 -18.616 921.021 65.613 212.25 408.783 153.809 -1277.161 234.833 51.422 119.934 108.643 62.561 2516.022 2258.606 实验室 1 074
4324921 4728 2025/10/29 10:43:09 P15 0 0 0 0 0 0 0 87.738 183.563 883.942 15.106 237.122 216.065 3790.131 8.698 186.005 1309.052 -23.346 80.414 221.405 94.91 439.606 285.339 354.614 272.827 19.226 492.249 -4989.929 68.665 79.041 -537.872 8.85 -18.921 921.326 65.613 212.555 433.502 152.13 -1331.482 242.462 51.27 115.204 108.185 62.103 2516.022 2258.606 实验室 1 074
4324922 4728 2025/10/29 10:43:10 P15 0 0 0 0 0 0 0 87.28 183.411 882.568 21.057 236.664 216.217 3790.894 40.131 177.918 1298.37 -23.041 81.177 221.1 95.673 439.301 285.339 354.157 274.811 19.684 491.791 -4989.624 37.842 77.057 -517.578 9.766 -19.836 921.326 65.918 211.945 459.442 153.198 -1352.386 252.838 51.27 121.46 109.253 63.171 2516.937 2256.775 实验室 1 074
4324923 4728 2025/10/29 10:43:11 P15 0 0 0 0 0 0 0 87.433 184.631 883.331 27.771 237.274 215.302 3792.267 20.294 119.629 1300.659 -23.193 81.482 220.795 95.673 439.301 285.339 354.767 277.863 19.379 491.333 -4989.929 54.779 79.498 -502.472 9.46 -19.379 921.783 65.002 211.487 482.788 153.046 -1342.621 266.113 51.422 118.103 106.354 67.444 2516.479 2258.301 实验室 1 074
4324924 4728 2025/10/29 10:43:12 P15 0 0 0 0 0 0 0 87.28 183.106 881.653 34.027 236.206 215.454 3790.741 -24.414 70.038 1311.188 -23.499 81.635 220.795 96.283 438.843 285.492 354.157 281.067 19.226 491.028 -4991.455 48.218 76.599 -530.243 8.698 -18.616 923.92 65.002 211.945 504.913 151.825 -1266.022 279.236 51.727 120.85 107.422 62.561 2515.869 2260.132 实验室 1 074
4324925 4728 2025/10/29 10:43:13 P15 0 0 0 0 0 0 0 88.043 183.106 880.28 45.471 236.816 215.149 3791.504 -23.651 -3.51 1300.507 -22.736 83.923 220.032 97.046 438.69 284.882 353.851 287.476 19.989 491.333 -4989.472 26.703 77.515 -522.766 9.918 -19.379 928.803 64.24 212.402 527.802 152.13 -1159.821 296.783 51.422 119.019 107.575 62.714 2516.174 2259.216 实验室 1 074
4324926 4728 2025/10/29 10:43:14 P15 0 0 0 0 0 0 0 87.585 183.868 879.517 59.967 236.511 216.065 3790.436 2.136 -16.327 1295.624 -23.193 91.095 219.116 99.64 438.232 284.729 353.699 300.598 20.752 490.112 -4989.166 40.588 79.193 -541.84 8.545 -19.836 938.721 64.24 212.402 549.316 152.588 -1064.911 317.535 51.575 118.103 105.743 61.951 2517.395 2258.148 实验室 1 074
4324927 4728 2025/10/29 10:43:15 P15 0 0 0 0 0 0 0 87.585 183.716 876.465 75.531 237.885 218.201 3790.436 -8.85 75.226 1297.302 -23.193 115.051 219.116 101.929 438.08 284.424 353.394 321.96 22.583 489.96 -4991.455 13.428 78.888 -521.851 9.308 -19.836 957.336 64.392 214.691 568.237 151.978 -984.345 342.712 50.659 117.645 105.438 65.613 2516.022 2256.47 实验室 1 074
4324928 4728 2025/10/29 10:43:16 P15 0 0 0 0 0 0 0 87.738 184.631 872.803 90.637 239.716 226.135 3789.52 -8.24 103.76 1292.877 -23.041 163.117 218.201 103.912 436.859 285.187 353.394 347.595 25.024 490.112 -4989.166 -22.583 79.041 -531.158 8.24 -19.531 981.903 66.528 220.795 585.175 152.283 -941.925 368.958 51.422 115.509 106.049 63.934 2515.411 2258.911 实验室 1 074
4324929 4728 2025/10/29 10:43:17 P15 0 0 0 0 0 0 0 89.417 183.411 867.31 106.201 247.803 243.53 3789.215 21.973 18.311 1309.662 -23.499 233.46 217.285 108.185 438.385 285.645 353.088 373.993 26.703 489.655 -4992.371 -42.877 80.261 -554.352 8.545 -17.853 1011.047 64.85 231.323 603.79 150.909 -919.037 395.508 51.88 116.119 104.828 68.97 2516.937 2258.759 实验室 1 074
4324930 4728 2025/10/29 10:43:18 P15 0 0 0 0 0 0 0 91.248 184.021 864.105 121.765 263.672 266.724 3789.215 38.452 -106.049 1307.983 -22.888 321.96 218.506 113.068 439.606 286.713 353.394 401.306 30.67 492.401 -4989.166 -64.545 78.735 -541.382 8.087 -17.09 1042.786 66.223 247.803 623.627 151.52 -910.492 423.584 53.558 122.681 104.981 64.545 2515.564 2262.268 实验室 1 074
4324931 4728 2025/10/29 10:43:19 P15 0 0 0 0 0 0 0 94.91 184.174 860.901 137.482 287.781 296.326 3790.588 -7.019 -144.196 1308.136 -22.888 417.481 220.642 120.087 443.878 287.17 356.14 428.467 33.417 497.284 -4989.166 -60.12 81.024 -516.205 8.698 -17.853 1077.271 65.613 267.487 643.616 150.757 -903.32 449.829 57.983 116.425 109.253 66.376 2515.411 2255.249 实验室 1 074
4324932 4728 2025/10/29 10:43:20 P15 0 0 0 0 0 0 0 99.64 184.937 857.239 155.182 323.792 332.184 3789.978 14.191 -98.572 1309.052 -23.499 457.153 225.067 128.021 453.491 287.476 360.718 458.374 36.774 505.066 -4992.218 -46.082 80.261 -493.774 9.155 -19.836 1116.791 66.071 293.884 663.3 152.283 -915.375 477.448 62.714 114.594 110.321 62.866 2515.564 2256.317 实验室 1 074
4324933 4728 2025/10/29 10:43:21 P15 0 0 0 0 0 0 0 105.743 185.7 857.086 172.882 368.5 371.552 3789.673 -32.196 -93.689 1306.152 -23.499 396.118 229.797 135.04 467.377 288.239 367.432 485.992 39.825 517.578 -4989.014 -49.896 78.278 -456.085 8.545 -21.057 1157.532 67.596 321.96 683.289 149.841 -927.429 502.93 71.411 112.61 109.253 65.308 2516.785 2252.35 实验室 1 074
4324934 4728 2025/10/29 10:43:22 P15 0 0 0 0 0 0 0 111.847 185.7 860.138 191.345 421.143 409.088 3790.894 35.553 -263.825 1307.678 -23.041 321.808 236.511 141.754 486.145 288.849 377.808 512.085 43.182 534.515 -4992.371 -75.378 78.735 -446.777 7.935 -18.616 1197.51 71.106 350.647 702.21 148.773 -931.244 526.733 82.092 116.119 108.185 70.496 2516.174 2258.606 实验室 1 074
4324935 4728 2025/10/29 10:43:23 P15 0 0 0 0 0 0 0 118.408 186.615 865.479 209.198 481.72 443.573 3789.673 37.079 -278.32 1306.152 -23.499 251.77 243.225 147.705 508.575 289.917 388.641 536.346 48.218 554.962 -4989.929 -37.842 78.735 -431.213 8.24 -14.648 1236.877 75.226 381.47 719.299 146.637 -933.838 548.401 94.91 121.918 110.779 70.801 2516.327 2254.639 实验室 1 074
4324936 4728 2025/10/29 10:43:24 P15 0 0 0 0 0 0 0 124.97 186.615 872.955 228.119 549.469 475.617 3789.978 -37.537 -354.309 1307.831 -23.346 192.413 250.092 152.893 535.736 290.07 403.748 560.761 61.798 578.919 -4989.776 -1.678 78.125 -415.192 8.545 -12.207 1274.719 79.498 412.445 735.169 147.095 -954.742 569.305 109.863 119.476 108.185 82.397 2516.174 2258.911 实验室 1 074
4324937 4728 2025/10/29 10:43:25 P15 0 0 0 0 0 0 0 124.97 186.615 872.955 228.119 549.469 475.617 3789.978 -37.537 -354.309 1307.831 -23.346 192.413 250.092 152.893 535.736 290.07 403.748 560.761 61.798 578.919 -4989.776 -1.678 78.125 -415.192 8.545 -12.207 1274.719 79.498 412.445 735.169 147.095 -954.742 569.305 109.863 119.476 108.185 82.397 2516.174 2258.911 实验室 1 074
4324938 4728 2025/10/29 10:43:26 P15 0 0 0 0 0 0 0 129.7 187.683 885.468 245.361 621.338 504.761 3789.368 -6.714 -368.042 1305.542 -22.888 152.588 256.195 155.945 564.117 291.138 420.685 581.818 68.512 607.91 -4988.861 47.455 80.261 -358.734 8.392 -11.597 1311.493 86.365 443.42 751.953 148.01 -965.271 587.006 126.038 117.035 107.117 86.06 2515.717 2259.369 实验室 1 074
4324939 4728 2025/10/29 10:43:27 P15 0 0 0 0 0 0 0 136.261 189.972 902.1 263.672 700.684 531.006 3790.588 0.458 -497.742 1314.24 -22.43 122.07 263.367 159.76 595.551 291.29 441.284 602.57 7.935 637.817 -4989.319 31.128 76.752 -311.89 8.545 -12.512 1348.419 94.91 475.159 766.907 146.79 -978.088 605.164 142.517 114.441 101.624 91.095 2515.564 2262.573 实验室 1 074
4324940 4728 2025/10/29 10:43:28 P15 0 0 0 0 0 0 0 139.313 194.092 920.41 281.067 781.708 555.725 3791.046 -32.501 -645.752 1303.558 -23.193 106.506 269.928 164.795 625 291.901 463.715 621.796 45.929 670.624 -4992.065 92.011 81.177 -302.124 7.782 -13.428 1382.904 103.76 506.134 781.25 147.4 -990.753 621.185 159.76 110.169 105.591 96.741 2516.479 2262.878 实验室 1 074
4324941 4728 2025/10/29 10:43:29 P15 0 0 0 0 0 0 0 143.585 200.348 941.315 298.767 862.427 574.951 3792.114 -48.676 -746.002 1309.357 -22.278 104.828 275.726 170.898 654.144 292.206 487.366 637.97 240.173 703.888 -4989.319 110.321 78.888 -256.043 7.477 -14.801 1415.71 114.288 536.041 794.83 147.553 -997.925 636.597 175.324 123.291 101.318 106.506 2516.327 2259.827 实验室 1 074
4324942 4728 2025/10/29 10:43:30 P15 0 0 0 0 0 0 0 146.027 210.114 965.271 315.857 941.773 592.651 3791.351 -62.103 -874.023 1311.646 -23.651 111.847 281.372 176.697 680.542 292.206 512.238 653.992 317.841 734.558 -4989.776 67.596 77.667 -256.348 8.24 -15.411 1445.313 125.58 564.88 809.021 147.553 -1008.911 649.567 191.04 113.678 105.896 110.779 2516.937 2259.674 实验室 1 074
4324943 4728 2025/10/29 10:43:31 P15 0 0 0 0 0 0 0 149.231 217.133 990.601 328.369 1018.677 608.063 3789.673 -65.918 -1063.843 1300.049 -23.041 121.46 287.781 180.969 704.498 292.511 536.652 667.877 184.021 762.94 -4990.997 48.828 79.498 -251.77 9.46 -15.106 1473.236 137.329 591.888 820.16 149.841 -1019.287 662.384 205.231 119.629 105.591 116.425 2515.259 2255.859 实验室 1 074
4324944 4728 2025/10/29 10:43:32 P15 0 0 0 0 0 0 0 149.689 222.168 1018.066 345.764 1096.649 623.169 3791.046 -49.286 -1101.074 1303.864 -22.736 139.008 292.969 190.735 728.149 292.511 563.355 681.305 58.899 790.558 -4989.776 -12.36 78.735 -245.514 8.087 -13.123 1502.075 150.299 618.286 832.062 152.13 -1024.78 675.507 218.811 110.626 108.337 118.866 2516.785 2259.674 实验室 1 074
4324945 4728 2025/10/29 10:43:33 P15 0 0 0 0 0 0 0 151.215 217.743 1045.99 364.075 1170.197 635.834 3790.741 -22.736 -1087.646 1314.392 -23.193 158.234 297.699 197.601 750.122 292.511 589.142 693.207 -15.564 815.43 -4991.913 -91.553 77.82 -245.209 8.85 -10.376 1528.168 164.337 644.226 842.59 156.25 -1038.208 687.256 232.086 112 108.185 130.005 2516.479 2258.606 实验室 1 074
4324946 4728 2025/10/29 10:43:34 P15 0 0 0 0 0 0 0 152.435 207.062 1073.914 378.723 1240.387 646.973 3792.114 -98.114 -1134.338 1312.256 -23.346 179.138 302.429 204.773 768.89 292.664 615.387 703.888 -44.403 838.013 -4990.387 -131.836 78.43 -221.558 7.935 -9.155 1552.582 178.223 668.182 853.577 159.76 -1044.464 698.242 243.073 117.493 106.354 136.566 2516.174 2256.012 实验室 1 074
4324947 4728 2025/10/29 10:43:35 P15 0 0 0 0 0 0 0 152.283 191.04 1101.685 389.252 1305.542 656.891 3791.351 -92.926 -1169.586 1326.294 -23.041 202.026 306.702 213.165 785.828 293.732 640.869 713.654 -50.812 857.086 -4989.776 -150.604 76.294 -211.182 7.935 -5.798 1575.317 191.345 690.918 862.885 162.811 -1070.709 707.398 253.754 117.188 109.711 140.381 2517.09 2258.606 实验室 1 074
4324948 4728 2025/10/29 10:43:36 P15 0 0 0 0 0 0 0 152.741 174.713 1129.761 398.56 1365.509 665.283 3791.809 -55.695 -998.535 1329.651 -23.499 225.678 311.89 220.642 801.544 293.732 665.283 722.351 -51.727 874.786 -4992.676 -191.04 78.735 -224.457 8.392 -4.272 1596.222 205.231 711.823 871.887 165.863 -1064.758 716.705 263.214 120.544 108.948 149.841 2516.632 2258.759 实验室 1 074
4324949 4728 2025/10/29 10:43:37 P15 0 0 0 0 0 0 0 152.893 162.659 1155.243 408.02 1420.288 672.76 3789.52 -105.896 -994.263 1331.024 -22.43 250.092 314.941 229.95 815.43 293.274 688.782 730.438 -50.201 890.503 -4992.523 -229.34 77.667 -232.697 8.392 -2.441 1616.669 218.658 732.117 881.348 170.288 -1062.775 726.471 272.369 121.307 108.032 152.283 2515.869 2258.606 实验室 1 074
4324950 4728 2025/10/29 10:43:38 P15 0 0 0 0 0 0 0 153.809 151.978 1182.861 419.922 1473.389 679.169 3791.046 -79.651 -1011.81 1338.196 -22.736 274.963 318.604 237.579 828.4 292.969 713.196 737.915 -50.812 906.22 -4990.234 -279.083 78.278 -206.604 7.935 -1.221 1637.878 231.781 751.343 889.587 177.155 -1077.118 736.084 280.304 119.629 112.915 164.49 2516.327 2258.606 实验室 1 074
4324951 4728 2025/10/29 10:43:39 P15 0 0 0 0 0 0 0 153.351 147.247 1207.581 431.366 1521.454 685.73 3790.283 -93.384 -920.868 1359.711 -22.888 301.819 322.876 247.65 839.844 293.427 735.626 745.239 -49.896 918.732 -4989.319 -305.634 78.125 -239.716 7.477 -0.916 1655.426 244.141 771.027 897.827 181.122 -1072.388 743.713 288.696 119.934 112.305 160.523 2516.937 2259.216 实验室 1 074
4324952 4728 2025/10/29 10:43:40 P15 0 0 0 0 0 0 0 152.435 144.653 1230.927 444.183 1564.331 690.613 3791.199 -83.313 -816.803 1360.168 -22.888 327.759 325.623 257.111 850.22 293.579 758.057 752.411 -50.812 930.176 -4990.387 -334.473 78.583 -258.484 8.545 1.221 1673.584 256.653 787.659 905.151 185.852 -1072.083 751.343 296.326 131.378 114.899 164.337 2516.022 2258.606 实验室 1 074
4324953 4728 2025/10/29 10:43:41 P15 0 0 0 0 0 0 0 152.283 146.637 1253.662 454.102 1603.394 695.496 3791.809 -88.196 -839.386 1375.732 -23.041 353.699 329.742 265.198 860.138 293.427 779.114 756.836 -48.676 941.315 -4992.676 -358.734 80.872 -240.631 7.935 0.763 1690.369 267.487 803.375 912.17 193.024 -1077.881 758.514 304.871 129.089 121.155 172.882 2516.327 2259.521 实验室 1 074
4324954 4728 2025/10/29 10:43:42 P15 0 0 0 0 0 0 0 152.283 149.536 1275.024 461.884 1638.184 699.31 3789.063 -112 -799.561 1378.174 -23.193 377.96 332.642 276.032 869.141 292.969 799.103 762.024 -48.676 950.47 -4992.676 -392.151 79.193 -255.28 9.003 2.289 1705.933 278.015 818.787 919.495 199.127 -1078.949 765.381 312.5 131.226 123.444 171.509 2516.327 2261.658 实验室 1 074
4324955 4728 2025/10/29 10:43:43 P15 0 0 0 0 0 0 0 151.978 154.572 1296.082 469.055 1671.295 703.735 3790.588 -100.25 -737.61 1374.969 -23.041 403.595 335.846 284.424 876.007 293.121 819.702 766.907 -48.523 959.473 -4990.845 -385.59 78.125 -268.402 8.698 3.51 1721.802 288.086 834.656 926.666 207.52 -1085.815 772.4 320.587 129.242 126.495 176.544 2516.479 2258.301 实验室 1 074
4324956 4728 2025/10/29 10:43:44 P15 0 0 0 0 0 0 0 151.52 160.675 1315.002 478.058 1701.355 706.177 3789.673 -75.684 -630.188 1400.909 -22.888 428.925 337.524 292.816 882.568 293.274 838.471 771.79 -47.913 967.712 -4989.624 -417.175 75.684 -254.974 8.087 8.24 1736.145 297.241 847.931 933.838 214.996 -1083.832 778.961 329.132 138.245 130.463 179.749 2515.717 2258.453 实验室 1 074
4324957 4728 2025/10/29 10:43:45 P15 0 0 0 0 0 0 0 151.978 170.136 1330.566 488.129 1728.516 708.771 3788.757 -75.684 -655.823 1420.288 -22.888 452.271 339.813 302.887 889.435 292.053 856.476 775.909 -47.76 975.647 -4991.303 -489.197 78.583 -240.936 8.087 14.954 1751.099 307.617 861.359 939.179 222.778 -1087.036 784.607 335.083 153.656 133.514 181.427 2515.717 2258.911 实验室 1 074
4324958 4728 2025/10/29 10:43:46 P15 0 0 0 0 0 0 0 151.215 177.918 1346.13 498.81 1753.54 712.28 3790.283 -117.798 -637.36 1431.885 -23.499 475.922 343.17 311.585 894.47 292.664 874.329 779.724 -46.997 981.903 -4992.218 -540.314 79.803 -248.108 8.24 24.719 1763.763 314.789 874.634 945.74 229.34 -1085.815 791.016 340.881 148.315 136.719 189.667 2516.785 2258.911 实验室 1 074
4324959 4728 2025/10/29 10:43:47 P15 0 0 0 0 0 0 0 150.299 186.005 1361.237 509.796 1775.36 713.654 3791.046 -66.223 -525.818 1442.871 -21.667 498.2 344.086 320.129 900.726 292.206 890.656 782.623 -46.387 989.533 -4990.387 -579.376 78.43 -233.154 8.24 32.959 1776.886 322.723 885.773 950.623 236.969 -1097.565 795.746 342.865 146.942 141.296 189.972 2516.632 2257.538 实验室 1 074
4324960 4728 2025/10/29 10:43:48 P15 0 0 0 0 0 0 0 149.689 196.533 1373.749 520.935 1795.959 715.79 3789.215 -69.427 -448.151 1457.214 -22.583 519.562 345.764 328.674 904.388 291.901 906.22 785.98 -47.302 995.178 -4989.929 -632.935 79.193 -252.228 7.935 36.774 1787.262 329.59 897.064 955.2 243.378 -1100.006 801.697 343.628 158.997 143.738 194.55 2516.632 2258.453 实验室 1 074
4324961 4728 2025/10/29 10:43:49 P15 0 0 0 0 0 0 0 149.536 202.332 1386.108 532.379 1816.254 717.316 3791.504 -123.138 -481.11 1475.067 -21.973 541.992 347.748 336.914 909.424 290.833 922.241 789.185 -46.387 1002.197 -4991.303 -666.046 76.599 -306.854 8.087 28.381 1800.537 335.999 908.356 961.914 252.991 -1100.159 806.732 339.966 159.149 149.536 190.43 2516.632 2258.759 实验室 1 074
4324962 4728 2025/10/29 10:43:50 P15 0 0 0 0 0 0 0 149.078 210.114 1398.468 542.145 1834.717 719.91 3791.046 -96.283 -418.243 1481.018 -23.193 560.761 350.189 344.696 913.391 290.985 937.195 791.779 -46.387 1005.859 -4990.082 -708.618 79.651 -324.554 8.545 11.597 1810.913 342.712 919.342 965.576 260.315 -1098.938 812.988 332.184 170.593 152.13 199.28 2517.09 2254.944 实验室 1 074
4324963 4728 2025/10/29 10:43:51 P15 0 0 0 0 0 0 0 149.689 216.522 1410.675 551.148 1851.196 720.52 3791.046 -93.384 -306.091 1504.517 -23.193 581.36 351.868 353.088 916.901 290.833 951.996 794.678 -46.387 1010.742 -4993.134 -730.743 72.937 -329.132 9.003 -14.801 1821.747 348.511 928.955 970.917 267.639 -1097.26 817.413 324.249 170.441 156.86 198.059 2516.479 2259.064 实验室 1 074
4324964 4728 2025/10/29 10:43:52 P15 0 0 0 0 0 0 0 148.315 225.22 1420.288 558.929 1866.455 722.351 3791.351 -38.452 -196.381 1514.587 -23.499 600.281 353.088 359.345 919.952 290.68 965.881 797.119 -45.776 1015.93 -4991.607 -745.544 79.041 -327.301 8.545 -36.316 1832.123 353.699 938.721 976.105 274.811 -1097.412 821.838 314.026 180.512 162.354 198.059 2516.632 2258.759 实验室 1 074
4324965 4728 2025/10/29 10:43:53 P15 0 0 0 0 0 0 0 148.926 226.898 1431.274 565.949 1879.272 723.267 3789.825 -73.242 -141.754 1536.102 -23.346 615.997 354.309 367.127 923.309 289.917 978.699 798.95 -45.013 1020.05 -4990.54 -765.991 78.43 -302.429 8.545 -50.507 1842.346 359.192 947.571 979.767 284.271 -1099.091 826.416 306.854 182.037 166.931 204.315 2515.717 2257.385 实验室 1 074
4324966 4728 2025/10/29 10:43:54 P15 0 0 0 0 0 0 0 148.926 226.898 1431.274 565.949 1879.272 723.267 3789.825 -73.242 -141.754 1536.102 -23.346 615.997 354.309 367.127 923.309 289.917 978.699 798.95 -45.013 1020.05 -4990.54 -765.991 78.43 -302.429 8.545 -50.507 1842.346 359.192 947.571 979.767 284.271 -1099.091 826.416 306.854 182.037 166.931 204.315 2515.717 2257.385 实验室 1 074
4324967 4728 2025/10/29 10:43:55 P15 0 0 0 0 0 0 0 147.705 236.511 1439.056 573.12 1893.311 724.03 3791.962 -105.438 -110.169 1543.579 -23.499 633.392 356.14 373.84 925.14 289.917 992.737 801.544 -45.166 1024.628 -4992.371 -790.405 78.278 -296.326 8.087 -57.373 1850.891 363.007 957.336 984.497 292.053 -1104.584 831.146 294.952 184.021 169.983 207.367 2516.632 2258.301 实验室 1 074
4324968 4728 2025/10/29 10:43:56 P15 0 0 0 0 0 0 0 147.095 240.021 1447.296 579.681 1906.738 724.793 3790.588 -49.896 -101.166 1562.653 -23.956 649.414 357.056 381.317 928.04 289.917 1004.639 803.986 -45.013 1029.358 -4989.472 -801.697 77.667 -254.822 8.087 -52.795 1860.504 367.737 965.729 988.464 299.225 -1104.584 835.571 288.696 181.885 173.798 210.114 2516.785 2259.064 实验室 1 074
4324969 4728 2025/10/29 10:43:57 P15 0 0 0 0 0 0 0 147.858 245.972 1456.909 584.869 1918.488 726.013 3790.283 -37.231 -57.678 1580.505 -23.041 665.436 359.345 386.505 930.786 288.849 1017.151 804.901 -43.793 1032.257 -4992.676 -801.392 77.057 -265.35 8.087 -37.842 1868.591 371.552 974.579 992.584 306.702 -1104.736 839.844 284.119 199.28 179.596 207.214 2515.259 2260.895 实验室 1 074
4324970 4728 2025/10/29 10:43:58 P15 0 0 0 0 0 0 0 146.484 251.77 1462.402 590.363 1928.711 726.929 3791.199 -30.365 -19.989 1582.794 -22.583 678.253 359.65 392.914 933.075 288.391 1029.053 806.885 -43.945 1035.004 -4990.082 -802.46 77.209 -287.018 8.545 -20.752 1878.052 375.366 981.445 997.009 314.026 -1103.973 843.811 283.356 200.195 180.817 210.266 2516.327 2257.996 实验室 1 074
4324971 4728 2025/10/29 10:43:59 P15 0 0 0 0 0 0 0 147.095 257.111 1469.269 595.856 1938.477 727.844 3789.52 -22.278 34.332 1599.274 -23.193 690.308 360.565 398.56 934.753 288.544 1040.955 808.106 -43.945 1038.818 -4989.776 -840.759 77.057 -306.091 8.087 4.12 1885.681 378.571 989.075 999.603 320.587 -1097.87 847.473 284.882 203.095 182.19 218.201 2516.785 2262.726 实验室 1 074
4324972 4728 2025/10/29 10:44:00 P15 0 0 0 0 0 0 0 146.027 257.263 1476.44 600.739 1948.547 728.607 3788.91 -63.477 28.687 1622.925 -22.888 701.752 361.328 404.816 936.585 287.628 1051.636 809.631 -43.945 1041.412 -4989.472 -850.678 78.125 -334.778 8.087 28.687 1893.005 382.08 996.246 1003.418 327.911 -1100.159 851.288 290.833 210.114 189.056 210.266 2515.411 2259.369 实验室 1 074
4324973 4728 2025/10/29 10:44:01 P15 0 0 0 0 0 0 0 145.721 264.587 1483.307 605.621 1957.855 728.455 3789.673 -47.455 -76.904 1628.113 -22.43 712.891 363.007 410.004 939.179 288.544 1062.622 811.157 -43.793 1044.769 -4989.776 -904.236 77.82 -314.941 8.698 55.847 1900.482 384.522 1004.944 1007.08 334.778 -1101.074 853.272 302.734 206.451 191.803 211.792 2516.632 2258.301 实验室 1 074
4324974 4728 2025/10/29 10:44:02 P15 0 0 0 0 0 0 0 144.959 267.487 1488.037 610.046 1965.942 728.76 3789.368 -57.068 -43.64 1634.521 -21.667 725.25 363.312 415.344 939.941 287.628 1073.151 811.768 -43.182 1048.279 -4989.776 -909.729 78.735 -316.162 8.24 85.907 1907.959 388.336 1011.353 1010.895 340.881 -1095.886 856.476 314.331 219.574 199.738 214.996 2515.259 2258.301 实验室 1 074
4324975 4728 2025/10/29 10:44:03 P15 0 0 0 0 0 0 0 145.264 272.522 1493.225 615.234 1974.335 729.675 3789.52 -49.744 -6.256 1649.78 -21.515 734.1 364.38 420.38 941.773 286.865 1083.374 812.073 -42.572 1050.11 -4992.218 -898.438 78.735 -347.29 8.24 107.727 1914.978 390.625 1017.303 1013.794 350.037 -1098.175 859.833 331.268 221.405 200.806 216.675 2515.411 2259.979 实验室 1 074
4324976 4728 2025/10/29 10:44:04 P15 0 0 0 0 0 0 0 144.959 275.269 1498.566 619.659 1981.964 729.828 3790.131 -27.466 -84.381 1669.769 -22.125 743.103 364.838 424.805 943.604 286.865 1094.055 813.904 -43.03 1052.551 -4989.472 -883.026 81.177 -360.413 8.85 130.615 1921.844 392.609 1023.865 1017.914 356.14 -1094.666 861.664 346.985 227.509 205.078 219.421 2515.411 2258.606 实验室 1 074
4324977 4728 2025/10/29 10:44:05 P15 0 0 0 0 0 0 0 144.959 276.184 1504.517 623.627 1988.678 730.286 3790.131 -27.313 -95.673 1687.317 -21.515 751.343 365.601 429.382 945.282 286.102 1102.6 815.888 -42.877 1054.382 -4989.319 -888.367 77.972 -391.693 8.087 155.792 1928.558 394.745 1031.036 1020.66 364.533 -1096.344 864.105 370.331 233.612 208.588 219.879 2517.09 2257.385 实验室 1 074
4324978 4728 2025/10/29 10:44:06 P15 0 0 0 0 0 0 0 144.043 277.405 1509.094 627.441 1995.392 730.286 3790.588 -61.34 -88.043 1687.622 -21.515 760.498 366.821 433.655 945.892 286.408 1111.908 815.888 -43.182 1056.213 -4991.607 -880.585 78.278 -361.176 8.85 180.969 1934.967 397.797 1036.682 1023.865 370.789 -1100.464 867.462 391.693 244.293 213.928 218.964 2515.869 2259.521 实验室 1 074
4324979 4728 2025/10/29 10:44:07 P15 0 0 0 0 0 0 0 143.738 283.051 1513.062 630.646 2002.563 731.354 3790.894 -49.896 -44.708 1713.715 -21.973 766.754 367.584 438.843 946.808 285.95 1121.216 817.871 -41.504 1060.028 -4989.166 -869.293 79.803 -353.241 7.935 196.228 1941.071 400.085 1043.549 1027.527 378.113 -1100.616 869.141 413.055 241.089 216.522 220.947 2515.564 2259.216 实验室 1 074
4324980 4728 2025/10/29 10:44:08 P15 0 0 0 0 0 0 0 143.585 283.356 1517.639 634.46 2008.057 731.812 3790.588 -35.553 -45.624 1720.123 -22.888 772.705 367.432 442.047 948.181 284.576 1130.066 817.871 -41.809 1061.249 -4992.676 -838.165 78.735 -303.65 8.545 213.318 1947.479 401.459 1048.584 1029.968 384.064 -1094.666 871.582 434.265 244.141 220.184 221.71 2516.937 2259.521 实验室 1 074
4324981 4728 2025/10/29 10:44:09 P15 0 0 0 0 0 0 0 142.67 280.304 1520.844 638.123 2014.465 731.964 3789.063 14.191 -52.795 1729.431 -22.43 780.335 368.347 445.404 949.097 285.034 1138.916 818.024 -42.267 1063.69 -4990.54 -838.013 78.888 -308.685 9.003 231.323 1952.515 403.137 1053.619 1033.173 390.625 -1104.431 873.871 452.881 247.65 221.71 224.152 2515.564 2260.284 实验室 1 074
4324982 4728 2025/10/29 10:44:10 P15 0 0 0 0 0 0 0 143.585 287.781 1524.963 641.937 2020.416 731.659 3789.063 -22.736 -122.681 1737.976 -23.041 784.76 369.263 450.44 950.317 283.661 1147.614 819.244 -42.267 1064.148 -4989.472 -828.247 78.735 -321.503 8.24 248.718 1958.923 404.663 1059.57 1035.309 397.492 -1099.548 877.38 472.26 244.751 228.272 222.168 2515.259 2257.843 实验室 1 074
4324983 4728 2025/10/29 10:44:11 P15 0 0 0 0 0 0 0 142.822 292.053 1528.625 644.989 2025.452 730.896 3789.368 -44.25 -166.016 1748.505 -22.736 790.253 369.568 453.949 951.233 283.508 1155.243 819.702 -42.114 1066.132 -4991.607 -849.457 78.43 -321.96 8.85 255.432 1963.959 405.884 1065.674 1038.513 402.374 -1098.633 880.432 497.589 250.702 230.408 223.999 2515.717 2255.402 实验室 1 074
4324984 4728 2025/10/29 10:44:12 P15 0 0 0 0 0 0 0 142.822 291.596 1533.203 649.109 2030.334 732.88 3789.368 -4.578 -77.972 1764.374 -23.193 794.373 370.178 457.306 951.538 282.898 1164.246 820.618 -41.199 1068.268 -4989.319 -830.689 79.956 -329.59 8.24 269.013 1969.91 407.867 1070.099 1041.107 407.867 -1096.344 882.874 521.393 254.822 231.018 226.593 2516.174 2260.132 实验室 1 074
4324985 4728 2025/10/29 10:44:13 P15 0 0 0 0 0 0 0 142.365 292.664 1536.255 652.008 2035.065 733.185 3789.52 -25.024 -31.281 1770.782 -24.261 800.018 369.873 461.578 953.522 282.593 1172.18 820.618 -41.351 1069.336 -4991.76 -809.021 77.515 -338.44 9.155 281.067 1974.487 408.936 1074.524 1043.243 414.734 -1110.077 885.773 543.671 265.198 236.511 220.49 2515.869 2258.606 实验室 1 074
4324986 4728 2025/10/29 10:44:14 P15 0 0 0 0 0 0 0 142.059 292.816 1539.307 655.67 2040.1 733.185 3789.215 -39.52 2.441 1785.583 -24.109 802.155 371.246 464.325 953.369 282.135 1179.962 822.144 -40.894 1070.404 -4989.624 -811.768 79.956 -343.018 9.155 285.645 1979.523 410.309 1080.017 1045.532 421.295 -1132.965 888.825 553.742 266.113 240.631 226.593 2516.174 2254.944 实验室 1 074
4324987 4728 2025/10/29 10:44:15 P15 0 0 0 0 0 0 0 141.602 296.173 1542.664 657.806 2044.983 732.727 3790.283 30.823 9.613 1805.42 -23.956 806.732 372.009 467.835 955.048 281.525 1188.507 821.533 -40.741 1072.235 -4989.014 -834.045 78.583 -345.001 9.003 292.969 1984.406 411.53 1084.595 1047.974 425.72 -1110.535 891.724 573.731 278.32 243.53 227.661 2515.411 2259.064 实验室 1 074
4324988 4728 2025/10/29 10:44:16 P15 0 0 0 0 0 0 0 141.907 297.852 1545.715 660.553 2049.103 733.032 3790.283 -27.008 28.839 1812.134 -24.261 809.937 371.857 470.886 954.742 281.525 1193.848 822.907 -41.351 1073.151 -4989.014 -856.476 77.82 -363.77 9.155 298.157 1988.831 412.903 1089.478 1050.568 431.976 -1101.074 895.386 593.262 272.064 246.735 230.408 2516.937 2258.301 实验室 1 074
4324989 4728 2025/10/29 10:44:17 P15 0 0 0 0 0 0 0 141.602 299.683 1549.072 664.063 2053.07 733.337 3790.741 -23.651 30.212 1817.169 -24.109 811.157 372.772 473.328 955.811 280.304 1201.782 822.449 -41.504 1074.066 -4989.319 -865.173 76.752 -375.061 9.46 300.446 1994.019 414.124 1093.903 1053.009 437.622 -1105.804 897.217 608.215 278.778 250.702 234.985 2516.479 2259.064 实验室 1 074
4324990 4728 2025/10/29 10:44:18 P15 0 0 0 0 0 0 0 142.212 297.089 1551.666 666.504 2056.732 733.49 3791.199 18.768 64.545 1833.038 -23.956 815.888 372.772 475.922 956.268 279.846 1208.801 823.364 -41.046 1075.745 -4993.134 -828.552 79.346 -364.533 9.003 303.65 1998.749 415.955 1098.328 1055.908 442.505 -1114.502 900.726 618.897 280.609 252.228 229.34 2515.717 2258.911 实验室 1 074
4324991 4728 2025/10/29 10:44:19 P15 0 0 0 0 0 0 0 140.839 298.767 1553.192 669.098 2061.31 733.185 3790.894 -59.357 97.046 1835.327 -23.804 817.413 373.077 478.516 956.421 279.694 1215.515 823.059 -40.436 1077.423 -4989.624 -808.716 78.583 -352.783 8.85 305.176 2003.021 416.26 1102.753 1058.044 447.998 -1105.957 902.557 626.984 282.898 257.721 234.222 2516.632 2258.606 实验室 1 074
4324992 4728 2025/10/29 10:44:20 P15 0 0 0 0 0 0 0 141.449 300.293 1555.328 671.387 2064.819 733.49 3789.825 -8.545 175.629 1831.36 -24.872 820.007 373.993 481.72 958.252 279.083 1222.382 823.059 -41.199 1077.576 -4989.776 -780.945 78.583 -357.208 9.308 305.481 2006.836 416.565 1106.873 1059.723 453.491 -1101.99 904.388 628.967 286.865 259.705 231.628 2517.09 2254.639 实验室 1 074
4324993 4728 2025/10/29 10:44:21 P15 0 0 0 0 0 0 0 140.533 301.971 1558.228 673.828 2067.261 733.643 3789.825 28.534 141.449 1847.229 -24.414 823.822 374.146 483.704 957.947 278.473 1228.485 823.517 -40.588 1079.102 -4992.065 -756.073 77.362 -336.914 9.155 305.328 2010.956 418.243 1111.145 1061.401 459.29 -1099.548 906.677 629.425 291.901 259.705 232.849 2515.411 2258.453 实验室 1 074
4324994 4728 2025/10/29 10:44:22 P15 0 0 0 0 0 0 0 141.296 299.072 1560.364 675.812 2070.618 733.795 3789.673 27.313 77.972 1861.877 -24.109 825.958 373.993 486.145 958.405 278.015 1234.894 824.28 -40.741 1080.322 -4992.676 -744.324 78.278 -362.091 9.155 304.565 2015.686 419.159 1114.96 1063.995 463.104 -1094.666 909.119 626.526 292.664 262.146 236.664 2515.411 2254.639 实验室 1 074
4324995 4728 2025/10/29 10:44:23 P15 0 0 0 0 0 0 0 140.076 304.108 1563.11 678.101 2074.127 733.49 3789.368 15.869 97.351 1862.793 -24.567 827.942 373.84 489.044 958.557 277.71 1241.455 825.348 -40.588 1079.712 -4989.776 -766.907 82.245 -357.208 9.003 304.413 2019.196 419.312 1119.537 1065.979 467.682 -1108.398 910.339 617.676 287.781 265.808 232.544 2515.869 2258.759 实验室 1 074
4324996 4728 2025/10/29 10:44:24 P15 0 0 0 0 0 0 0 140.076 303.65 1564.484 680.237 2078.094 734.1 3788.91 -1.373 140.839 1870.117 -24.414 827.637 374.146 491.791 959.015 277.252 1247.559 824.738 -40.741 1080.933 -4989.624 -766.602 79.498 -348.663 10.071 303.65 2023.01 420.685 1123.199 1067.505 470.581 -1105.042 912.476 609.131 292.969 265.656 233.612 2515.717 2258.606 实验室 1 074
4324997 4728 2025/10/29 10:44:25 P15 0 0 0 0 0 0 0 139.923 306.702 1567.535 683.136 2079.62 733.948 3788.757 -40.283 101.166 1883.087 -24.109 830.383 375.214 493.164 959.473 276.642 1253.204 825.501 -39.978 1082.306 -4992.065 -756.836 78.43 -330.048 9.155 302.429 2027.893 421.906 1127.625 1069.489 474.854 -1099.091 912.933 598.908 304.565 271.454 235.291 2515.259 2261.505 实验室 1 074
4324998 4728 2025/10/29 10:44:26 P15 0 0 0 0 0 0 0 139.923 306.702 1567.535 683.136 2079.62 733.948 3788.757 -40.283 101.166 1883.087 -24.109 830.383 375.214 493.164 959.473 276.642 1253.204 825.501 -39.978 1082.306 -4992.065 -756.836 78.43 -330.048 9.155 302.429 2027.893 421.906 1127.625 1069.489 474.854 -1099.091 912.933 598.908 304.565 271.454 235.291 2515.259 2261.505 实验室 1 074
4324999 4728 2025/10/29 10:44:27 P15 0 0 0 0 0 0 0 140.228 305.328 1569.366 684.815 2083.13 733.948 3790.283 6.561 44.25 1885.834 -24.261 832.062 375.366 494.69 960.388 275.879 1259.918 825.501 -39.978 1082.611 -4991.15 -784.76 77.515 -353.088 8.85 301.056 2031.097 422.058 1130.524 1071.32 480.347 -1098.022 914.307 592.957 303.192 276.489 234.07 2515.564 2258.148 实验室 1 074
4325000 4728 2025/10/29 10:44:28 P15 0 0 0 0 0 0 0 139.618 305.634 1570.74 686.188 2085.724 734.406 3789.368 -9.155 21.362 1881.714 -24.414 832.52 375.366 498.962 961.151 275.879 1265.259 825.806 -39.52 1083.069 -4989.624 -805.054 78.43 -356.14 8.85 299.835 2034.302 422.821 1134.796 1073.608 484.467 -1109.619 915.527 581.207 309.753 276.794 234.833 2516.327 2259.216 实验室 1 074
4325001 4728 2025/10/29 10:44:29 P15 0 0 0 0 0 0 0 139.465 309.448 1574.402 688.934 2088.623 733.795 3791.351 13.428 68.97 1893.463 -23.499 833.893 375.824 498.657 961.456 275.574 1270.447 825.195 -39.825 1084.29 -4992.523 -777.13 74.768 -352.783 9.155 298.309 2037.201 423.279 1138.458 1075.897 488.129 -1103.516 916.138 572.662 311.585 278.626 240.021 2516.479 2257.996 实验室 1 074
4325002 4728 2025/10/29 10:44:30 P15 0 0 0 0 0 0 0 139.008 307.77 1576.385 691.681 2091.217 734.1 3790.588 1.984 32.959 1909.79 -23.804 834.656 375.214 500.641 960.693 274.048 1276.245 825.348 -39.52 1085.358 -4989.472 -751.038 79.041 -367.127 9.003 296.783 2041.168 424.194 1141.968 1077.271 490.112 -1087.494 917.511 562.134 312.347 278.015 236.054 2515.869 2259.216 实验室 1 074
4325003 4728 2025/10/29 10:44:31 P15 0 0 0 0 0 0 0 139.313 305.786 1578.217 691.834 2093.048 733.948 3789.673 33.264 116.272 1915.588 -24.414 835.571 376.587 503.388 962.219 274.2 1281.128 825.653 -39.063 1085.205 -4991.607 -755.158 79.803 -361.328 9.155 294.8 2044.22 424.957 1145.325 1078.491 496.216 -1105.652 917.511 547.028 301.209 279.388 243.378 2516.327 2258.911 实验室 1 074
4325004 4728 2025/10/29 10:44:32 P15 0 0 0 0 0 0 0 138.702 306.549 1578.827 694.58 2095.642 734.253 3788.757 -17.09 130.92 1919.556 -24.719 836.639 377.045 505.219 962.677 273.132 1286.774 825.501 -39.063 1085.815 -4992.676 -792.847 79.193 -335.236 9.766 296.021 2047.882 424.805 1148.682 1080.78 499.268 -1101.685 919.19 548.554 315.552 283.814 238.8 2515.564 2257.843 实验室 1 074
4325005 4728 2025/10/29 10:44:33 P15 0 0 0 0 0 0 0 138.702 307.312 1581.421 696.106 2097.931 733.185 3789.215 -9.003 138.855 1927.49 -24.719 838.928 376.74 506.744 962.677 272.217 1291.504 825.806 -39.368 1085.815 -4988.861 -763.092 78.125 -341.492 9.308 292.358 2050.171 426.025 1152.649 1082.611 503.998 -1095.428 919.342 532.532 319.519 283.508 235.291 2515.564 2260.742 实验室 1 074
4325006 4728 2025/10/29 10:44:34 P15 0 0 0 0 0 0 0 138.55 309.143 1582.336 697.937 2100.983 734.711 3789.063 -44.708 133.82 1918.64 -24.109 838.013 376.587 509.033 962.83 271.912 1296.692 826.111 -38.91 1086.578 -4989.929 -790.863 80.109 -368.958 9.46 294.952 2053.833 426.788 1155.548 1083.832 507.507 -1098.785 920.105 522.156 317.383 288.086 240.936 2515.564 2259.216 实验室 1 074
4325007 4728 2025/10/29 10:44:35 P15 0 0 0 0 0 0 0 138.397 308.38 1583.557 700.378 2103.271 734.253 3789.215 11.749 81.329 1935.425 -24.109 838.623 377.655 510.254 962.982 271.606 1301.27 826.111 -38.452 1087.646 -4988.708 -799.866 77.82 -388.489 9.155 291.596 2056.427 427.399 1159.668 1085.968 512.085 -1092.529 921.173 514.984 320.892 290.833 240.326 2514.954 2259.216 实验室 1 074
4325008 4728 2025/10/29 10:44:36 P15 0 0 0 0 0 0 0 138.855 310.059 1587.219 701.752 2105.255 734.406 3788.91 26.55 130.768 1943.207 -23.499 839.844 377.197 512.543 963.898 271.301 1306.458 825.958 -38.91 1087.646 -4992.981 -763.245 79.346 -384.827 9.613 292.053 2059.937 428.162 1161.957 1086.884 514.374 -1097.87 922.699 501.556 322.571 292.969 239.41 2514.954 2260.895 实验室 1 074
4325009 4728 2025/10/29 10:44:37 P15 0 0 0 0 0 0 0 137.482 309.448 1588.44 702.82 2106.323 734.711 3791.504 -3.51 136.566 1946.716 -24.567 839.844 378.265 513.916 963.898 271.301 1311.188 826.111 -38.757 1089.02 -4990.997 -719.147 77.972 -382.538 9.155 294.952 2062.988 427.856 1164.703 1088.715 518.646 -1088.562 922.699 498.81 318.604 292.664 240.173 2516.632 2259.979 实验室 1 074
4325010 4728 2025/10/29 10:44:38 P15 0 0 0 0 0 0 0 137.94 309.143 1589.813 704.346 2108.612 733.337 3789.825 -4.12 120.544 1954.956 -23.651 840.759 377.808 515.289 964.356 270.233 1315.46 825.958 -38.3 1089.478 -4990.082 -671.387 79.803 -386.81 9.766 290.222 2065.735 427.856 1168.823 1090.698 521.545 -1093.903 923.462 486.45 329.285 295.868 240.784 2514.954 2260.284 实验室 1 074
4325011 4728 2025/10/29 10:44:39 P15 0 0 0 0 0 0 0 137.634 310.059 1591.492 705.872 2111.053 734.558 3789.215 8.85 94.299 1957.092 -23.804 839.844 377.35 516.357 964.966 269.47 1319.58 826.263 -37.537 1089.172 -4991.607 -636.749 77.82 -397.186 9.918 290.68 2069.702 428.772 1171.265 1091.309 525.665 -1087.952 924.225 479.279 328.522 299.835 239.41 2515.411 2258.606 实验室 1 074
4325012 4728 2025/10/29 10:44:40 P15 0 0 0 0 0 0 0 137.329 313.721 1593.018 708.313 2112.885 734.253 3788.91 17.09 193.634 1956.024 -24.567 839.844 378.571 518.341 964.966 268.86 1323.853 826.263 -39.063 1090.393 -4989.624 -616.913 80.872 -402.832 10.376 292.053 2071.075 429.535 1173.859 1093.445 529.327 -1095.734 925.293 468.75 317.078 301.056 242.92 2515.411 2257.843 实验室 1 074
4325013 4728 2025/10/29 10:44:41 P15 0 0 0 0 0 0 0 138.397 313.416 1594.238 709.381 2115.326 735.016 3789.063 36.469 267.029 1974.487 -23.804 840.149 378.876 519.714 965.271 268.707 1328.278 826.721 -38.452 1091.461 -4990.082 -640.869 78.278 -388.489 9.46 289.764 2073.669 429.688 1177.826 1094.513 531.921 -1091.309 926.209 460.968 331.726 302.124 244.293 2514.954 2254.486 实验室 1 074
4325014 4728 2025/10/29 10:44:42 P15 0 0 0 0 0 0 0 137.634 314.331 1595.154 710.602 2116.394 733.643 3790.894 36.316 266.876 1989.746 -24.261 842.285 378.723 521.088 965.729 268.25 1332.703 826.111 -39.52 1091.156 -4989.472 -631.714 79.041 -379.639 12.817 288.696 2076.721 430.908 1180.42 1096.191 535.278 -1099.701 927.124 460.205 336.914 306.549 243.225 2516.785 2258.606 实验室 1 074
4325015 4728 2025/10/29 10:44:43 P15 0 0 0 0 0 0 0 137.177 310.059 1597.137 712.433 2119.293 733.643 3789.978 23.193 184.937 1978.76 -24.109 841.217 378.265 522.919 965.576 267.181 1336.212 826.416 -39.215 1090.393 -4989.472 -616.913 78.278 -373.993 10.376 291.748 2079.315 431.671 1183.014 1097.565 537.109 -1091.003 928.192 448.914 336.304 305.939 242.157 2515.106 2257.996 实验室 1 074
4325016 4728 2025/10/29 10:44:44 P15 0 0 0 0 0 0 0 137.329 312.653 1598.663 713.806 2121.277 735.016 3789.978 13.428 174.713 1978.912 -24.414 840.607 378.265 524.597 966.187 267.181 1341.4 826.111 -38.3 1091.461 -4992.371 -632.782 78.735 -366.669 10.529 290.375 2082.367 430.908 1185.303 1098.633 540.009 -1098.48 930.023 441.742 338.745 305.328 241.394 2515.411 2262.421 实验室 1 074
4325017 4728 2025/10/29 10:44:45 P15 0 0 0 0 0 0 0 137.177 314.179 1599.579 715.942 2122.498 734.1 3790.894 10.223 175.171 1995.85 -24.261 842.285 378.571 525.513 966.644 266.419 1344.757 825.806 -38.91 1092.224 -4989.319 -670.166 78.43 -362.244 10.071 289.459 2084.961 431.671 1188.507 1100.159 544.128 -1100.616 931.397 438.995 336.914 309.296 241.852 2516.785 2253.876 实验室 1 074
4325018 4728 2025/10/29 10:44:46 P15 0 0 0 0 0 0 0 136.719 310.669 1602.783 716.095 2123.566 734.863 3791.504 25.635 182.648 1998.749 -24.261 840.454 379.639 526.581 967.56 266.724 1348.419 825.958 -38.605 1091.614 -4989.472 -652.313 79.346 -386.658 10.071 293.884 2086.639 430.908 1190.948 1101.532 546.112 -1109.467 932.159 426.941 342.56 312.653 239.105 2516.937 2258.606 实验室 1 074
4325019 4728 2025/10/29 10:44:47 P15 0 0 0 0 0 0 0 136.566 314.789 1603.241 717.316 2126.465 735.931 3788.91 37.079 242.615 1996.613 -24.414 841.065 379.334 529.48 966.95 265.503 1352.386 825.958 -37.842 1091.461 -4991.303 -641.48 77.972 -405.884 11.292 294.647 2089.386 431.366 1193.848 1102.905 548.401 -1109.924 934.448 422.974 345.001 313.11 243.073 2515.869 2253.113 实验室 1 074
4325020 4728 2025/10/29 10:44:48 P15 0 0 0 0 0 0 0 137.024 313.11 1603.851 718.689 2127.991 735.321 3789.52 -8.087 211.029 2004.242 -24.414 839.844 379.639 530.396 967.102 266.113 1356.049 825.958 -37.842 1091.919 -4989.929 -623.169 80.109 -394.135 9.918 295.105 2092.133 431.671 1196.747 1104.279 551.453 -1108.704 935.211 415.497 345.001 313.721 243.683 2516.022 2257.996 实验室 1 074
4325021 4728 2025/10/29 10:44:49 P15 0 0 0 0 0 0 0 136.566 312.347 1605.225 721.13 2128.296 734.558 3789.52 -3.662 140.381 2012.329 -24.109 840.454 379.334 530.853 967.56 264.435 1359.558 826.416 -39.368 1092.224 -4990.082 -578.308 78.735 -385.437 9.918 294.8 2093.658 433.655 1198.73 1105.804 553.284 -1098.022 936.585 409.393 346.069 317.841 245.819 2516.174 2258.606 实验室 1 074
4325022 4728 2025/10/29 10:44:50 P15 0 0 0 0 0 0 0 136.108 315.247 1606.14 721.436 2129.822 735.626 3789.368 57.831 43.488 2005.615 -24.109 839.844 380.096 531.311 968.323 263.977 1362.762 825.806 -37.842 1093.14 -4989.472 -562.286 77.972 -381.775 10.376 295.41 2096.1 432.282 1201.477 1107.635 555.878 -1099.243 938.11 405.426 355.682 318.451 243.835 2515.564 2257.538 实验室 1 074
4325023 4728 2025/10/29 10:44:51 P15 0 0 0 0 0 0 0 135.956 315.247 1607.666 721.893 2131.653 735.016 3789.368 24.719 74.615 2009.888 -24.261 839.996 379.486 532.99 967.407 262.756 1366.577 826.111 -37.994 1093.597 -4993.134 -533.295 79.498 -350.037 10.071 294.19 2099.762 433.807 1204.376 1108.246 558.777 -1096.497 939.179 399.78 344.849 320.892 243.225 2515.259 2259.521 实验室 1 074
4325024 4728 2025/10/29 10:44:52 P15 0 0 0 0 0 0 0 136.108 315.094 1608.276 723.877 2133.179 735.474 3790.894 38.147 73.09 2020.721 -24.261 841.98 379.639 533.6 967.712 262.909 1369.629 825.653 -37.842 1093.292 -4992.065 -549.927 80.414 -350.8 10.071 292.664 2101.44 433.807 1206.818 1109.467 564.575 -1105.652 941.467 392.914 345.459 319.061 243.683 2515.869 2258.911 实验室 1 074
4325025 4728 2025/10/29 10:44:53 P15 0 0 0 0 0 0 0 135.651 316.01 1609.802 724.793 2135.01 735.474 3790.436 13.733 83.313 2012.787 -24.567 840.149 379.944 535.126 968.018 261.993 1374.207 825.501 -38.147 1093.445 -4991.76 -570.679 80.566 -359.802 10.834 295.868 2102.966 433.35 1208.801 1110.535 565.643 -1107.483 942.383 387.116 356.903 322.113 243.53 2515.869 2258.606 实验室 1 074
4325026 4728 2025/10/29 10:44:54 P15 0 0 0 0 0 0 0 135.193 315.247 1611.938 726.471 2135.773 733.795 3791.046 7.629 253.449 2020.569 -24.567 839.081 379.791 536.041 969.238 261.993 1376.953 825.653 -37.842 1093.597 -4989.776 -562.134 76.141 -337.83 10.529 298.462 2104.95 433.655 1211.395 1111.298 566.406 -1108.398 944.214 381.165 353.699 323.486 243.225 2515.564 2258.606 实验室 1 074
4325027 4728 2025/10/29 10:44:55 P15 0 0 0 0 0 0 0 135.803 313.11 1613.007 726.471 2137.146 735.169 3791.504 -24.109 202.484 2026.215 -23.956 841.37 379.639 536.804 968.475 261.231 1379.7 825.348 -37.537 1094.36 -4991.913 -542.145 77.667 -380.554 10.834 297.089 2107.391 434.57 1213.531 1113.129 570.679 -1106.72 945.74 377.197 355.988 324.097 249.176 2515.869 2256.775 实验室 1 074
4325028 4728 2025/10/29 10:44:56 P15 0 0 0 0 0 0 0 134.888 314.179 1613.159 728.76 2139.282 735.474 3790.283 -12.207 133.972 2036.896 -24.414 839.539 379.639 538.94 968.933 261.383 1383.057 825.195 -36.774 1094.36 -4991.303 -534.821 78.43 -395.05 10.529 299.683 2108.459 434.418 1216.125 1113.434 572.052 -1099.243 946.35 372.315 357.513 324.402 246.582 2516.327 2257.385 实验室 1 074
4325029 4728 2025/10/29 10:44:57 P15 0 0 0 0 0 0 0 134.888 314.179 1613.159 728.76 2139.282 735.474 3790.283 -12.207 133.972 2036.896 -24.414 839.539 379.639 538.94 968.933 261.383 1383.057 825.195 -36.774 1094.36 -4991.303 -534.821 78.43 -395.05 10.529 299.683 2108.459 434.418 1216.125 1113.434 572.052 -1099.243 946.35 372.315 357.513 324.402 246.582 2516.327 2257.385 实验室 1 074
4325030 4728 2025/10/29 10:44:58 P15 0 0 0 0 0 0 0 135.193 315.552 1613.922 729.828 2140.503 734.711 3789.825 30.06 82.245 2027.893 -24.567 839.691 379.944 538.178 968.781 260.468 1386.261 825.348 -38.3 1094.36 -4990.234 -507.202 77.82 -406.189 10.681 298.615 2111.053 434.876 1218.262 1115.57 575.714 -1100.464 947.876 366.669 356.903 329.132 248.871 2515.259 2259.216 实验室 1 074
4325031 4728 2025/10/29 10:44:59 P15 0 0 0 0 0 0 0 134.888 316.467 1615.906 731.049 2141.266 735.474 3790.436 47.913 143.127 2041.473 -23.956 840.607 379.791 540.314 969.391 260.01 1389.465 824.89 -36.926 1094.36 -4992.371 -560.303 78.735 -384.827 10.071 296.478 2112.274 435.791 1221.008 1115.875 575.867 -1099.701 949.249 364.685 357.056 328.217 242.157 2517.09 2258.606 实验室 1 074
4325032 4728 2025/10/29 10:45:00 P15 0 0 0 0 0 0 0 135.04 316.773 1618.805 731.049 2142.792 735.626 3791.046 75.836 232.697 2043.304 -24.109 839.996 381.165 541.077 969.086 259.399 1391.754 824.585 -37.231 1094.513 -4989.929 -586.548 78.735 -406.342 10.529 299.835 2115.021 435.028 1222.382 1117.096 577.698 -1104.126 949.86 359.955 365.753 329.132 250.855 2516.785 2258.911 实验室 1 074
4325033 4728 2025/10/29 10:45:01 P15 0 0 0 0 0 0 0 134.735 315.399 1618.347 732.575 2144.318 735.169 3790.131 1.984 248.108 2054.443 -24.872 838.776 380.402 542.45 969.086 258.179 1395.264 825.043 -37.994 1094.971 -4992.676 -596.924 78.125 -394.44 10.529 302.277 2117.767 434.876 1224.823 1117.706 582.123 -1106.873 952.148 355.988 364.685 334.168 246.277 2517.09 2259.064 实验室 1 074
4325034 4728 2025/10/29 10:45:02 P15 0 0 0 0 0 0 0 134.583 313.416 1619.11 732.88 2145.081 735.016 3788.91 11.444 268.402 2055.664 -25.33 839.844 380.402 543.518 969.696 258.484 1397.095 825.043 -37.384 1094.971 -4989.929 -593.414 81.329 -413.513 10.529 300.598 2118.988 435.181 1226.654 1119.08 583.344 -1103.516 952.606 349.731 352.478 333.557 248.261 2515.564 2263.947 实验室 1 074
4325035 4728 2025/10/29 10:45:03 P15 0 0 0 0 0 0 0 135.04 314.026 1619.72 734.558 2146.759 735.931 3788.757 38.452 262.451 2056.427 -24.261 839.691 380.096 544.586 969.849 257.416 1399.841 824.432 -37.384 1094.971 -4990.082 -569.763 80.566 -404.053 11.292 301.361 2120.972 435.333 1228.943 1120.3 584.869 -1097.87 954.285 346.985 370.178 337.83 244.141 2515.564 2259.216 实验室 1 074
4325036 4728 2025/10/29 10:45:04 P15 0 0 0 0 0 0 0 134.43 316.01 1620.941 735.169 2146.759 736.237 3790.741 15.106 221.252 2062.531 -23.651 838.623 379.944 544.586 970.001 257.111 1402.283 824.127 -37.231 1095.886 -4990.234 -558.167 79.041 -446.93 10.986 302.429 2122.498 435.791 1230.927 1121.826 586.548 -1104.126 955.048 342.407 366.516 338.593 247.345 2516.174 2258.759 实验室 1 074
4325037 4728 2025/10/29 10:45:05 P15 0 0 0 0 0 0 0 134.277 316.315 1622.314 736.389 2149.506 735.016 3789.52 14.801 203.247 2066.65 -24.567 838.623 381.165 545.807 970.306 256.805 1405.487 824.127 -37.537 1094.971 -4990.082 -541.229 77.057 -426.178 10.376 304.718 2124.329 435.791 1233.063 1122.894 590.21 -1099.854 955.505 339.356 372.467 338.898 247.498 2516.327 2258.759 实验室 1 074
4325038 4728 2025/10/29 10:45:06 P15 0 0 0 0 0 0 0 134.583 318.604 1622.772 738.068 2149.658 735.321 3788.91 34.485 196.686 2061.31 -23.804 837.86 380.859 546.417 970.154 256.348 1407.928 824.432 -37.689 1095.734 -4992.371 -514.832 77.972 -434.57 10.376 303.497 2126.16 436.859 1235.504 1123.505 590.82 -1102.6 957.642 339.356 371.399 338.898 244.751 2515.259 2258.301 实验室 1 074
4325039 4728 2025/10/29 10:45:07 P15 0 0 0 0 0 0 0 134.277 316.467 1622.62 738.068 2150.879 736.084 3790.283 36.774 273.59 2078.247 -24.567 838.776 380.707 548.401 970.612 254.974 1411.133 823.975 -37.384 1095.734 -4990.845 -529.785 79.346 -456.848 10.376 304.26 2127.838 436.554 1237.183 1124.268 593.262 -1106.873 958.099 332.336 375.977 342.407 251.007 2515.717 2257.996 实验室 1 074
4325040 4728 2025/10/29 10:45:08 P15 0 0 0 0 0 0 0 134.43 317.841 1623.993 737.915 2152.1 735.169 3791.046 23.804 148.01 2073.517 -24.261 838.318 381.012 547.638 970.917 254.822 1413.574 823.822 -37.537 1095.734 -4990.082 -535.431 77.972 -439.758 10.834 303.65 2129.211 435.944 1239.929 1124.878 594.788 -1103.058 958.71 333.099 378.571 341.187 247.65 2516.632 2258.301 实验室 1 074
4325041 4728 2025/10/29 10:45:09 P15 0 0 0 0 0 0 0 133.82 313.416 1625.519 740.662 2152.557 735.779 3788.757 53.711 109.1 2074.585 -23.651 838.013 380.859 548.401 970.612 254.822 1414.948 824.28 -36.011 1095.581 -4989.472 -547.028 80.109 -425.11 10.681 303.955 2131.5 437.317 1242.065 1125.946 596.924 -1107.635 959.473 331.879 378.723 343.17 247.192 2515.259 2264.404 实验室 1 074
4325042 4728 2025/10/29 10:45:10 P15 0 0 0 0 0 0 0 133.82 316.162 1627.197 741.272 2154.694 736.084 3789.368 43.03 33.875 2083.74 -24.261 838.776 380.402 549.316 970.612 253.906 1418.152 824.28 -36.316 1096.191 -4989.624 -528.259 77.972 -409.241 11.292 304.26 2133.789 437.012 1243.744 1127.014 598.45 -1099.548 960.999 325.623 374.756 342.407 247.498 2515.259 2259.369 实验室 1 074
4325043 4728 2025/10/29 10:45:11 P15 0 0 0 0 0 0 0 133.82 319.367 1626.892 742.035 2155.762 735.169 3788.757 -9.766 25.787 2084.808 -24.109 838.471 381.317 550.232 970.764 253.143 1420.746 823.059 -37.537 1095.886 -4992.828 -557.098 77.972 -371.552 11.292 304.871 2134.247 436.859 1245.728 1128.998 598.602 -1099.548 961.914 322.571 370.331 344.238 249.634 2515.106 2260.742 实验室 1 074
4325044 4728 2025/10/29 10:45:12 P15 0 0 0 0 0 0 0 134.277 318.146 1628.113 742.34 2156.525 736.694 3789.673 31.128 36.774 2099.915 -24.567 838.471 381.012 551.453 970.917 252.533 1422.272 823.517 -36.774 1095.886 -4988.708 -580.139 80.719 -363.312 11.292 305.023 2136.23 437.164 1247.253 1128.845 601.502 -1102.448 962.83 319.824 377.96 346.985 248.413 2516.022 2254.944 实验室 1 074
4325045 4728 2025/10/29 10:45:13 P15 0 0 0 0 0 0 0 133.82 320.435 1628.723 744.324 2156.83 736.237 3790.588 18.463 31.738 2092.438 -24.261 839.081 380.554 551.91 971.68 252.228 1424.408 823.059 -36.469 1096.344 -4989.624 -561.218 81.635 -412.14 10.834 305.176 2138.214 437.775 1248.627 1130.371 601.654 -1105.194 964.203 317.688 381.012 348.206 249.023 2515.259 2259.827 实验室 1 074
4325046 4728 2025/10/29 10:45:14 P15 0 0 0 0 0 0 0 133.514 316.773 1629.639 745.087 2157.745 736.084 3790.894 21.21 62.103 2093.353 -23.804 837.097 381.47 552.368 971.069 251.617 1426.086 822.907 -37.079 1096.344 -4991.607 -547.485 79.651 -451.355 11.444 305.634 2139.893 438.538 1251.068 1130.981 605.927 -1107.33 965.118 314.941 382.996 348.511 249.023 2515.259 2259.521 实验室 1 074
4325047 4728 2025/10/29 10:45:15 P15 0 0 0 0 0 0 0 133.057 319.519 1630.402 745.697 2158.661 735.016 3789.063 60.73 68.359 2098.694 -24.719 837.097 381.47 553.589 971.68 252.075 1428.375 823.975 -36.926 1096.497 -4990.387 -574.493 80.261 -442.2 10.834 305.481 2140.045 437.775 1253.204 1131.439 607.91 -1107.788 964.813 312.958 377.35 350.494 248.413 2515.869 2252.502 实验室 1 074
4325048 4728 2025/10/29 10:45:16 P15 0 0 0 0 0 0 0 133.209 319.824 1632.385 746.002 2160.339 735.321 3790.741 -16.937 111.694 2092.896 -24.261 837.402 380.859 553.742 971.832 250.855 1430.359 822.907 -37.079 1096.497 -4989.166 -516.51 77.209 -452.728 11.444 305.023 2142.944 437.622 1254.12 1132.202 608.826 -1107.941 966.95 310.822 383.148 350.647 248.261 2516.785 2257.233 实验室 1 074
4325049 4728 2025/10/29 10:45:17 P15 0 0 0 0 0 0 0 133.362 322.418 1633.301 746.307 2160.339 735.474 3789.368 12.665 196.686 2112.427 -23.193 837.25 381.012 554.504 972.748 251.007 1432.495 822.296 -36.621 1096.802 -4992.371 -502.93 79.041 -486.145 11.292 305.786 2144.012 438.08 1256.104 1133.728 611.115 -1109.619 967.102 308.075 381.47 352.631 249.023 2516.174 2259.674 实验室 1 074
4325050 4728 2025/10/29 10:45:18 P15 0 0 0 0 0 0 0 132.752 322.266 1633.453 747.223 2161.56 736.389 3789.063 34.485 235.596 2093.811 -24.261 836.639 381.012 554.81 971.68 249.786 1434.326 823.059 -36.774 1097.412 -4989.929 -518.341 78.43 -491.638 10.681 305.328 2146.301 438.538 1258.087 1133.728 611.42 -1102.448 967.255 305.328 383.301 354.157 249.481 2514.954 2258.606 实验室 1 074
4325051 4728 2025/10/29 10:45:19 P15 0 0 0 0 0 0 0 132.294 318.146 1634.216 747.681 2162.323 736.389 3788.605 1.526 277.405 2113.495 -23.499 837.25 381.317 555.573 971.832 249.329 1436.462 822.907 -36.621 1097.412 -4988.708 -507.66 79.346 -451.965 11.597 305.481 2147.217 437.927 1260.223 1135.559 613.861 -1103.973 968.323 304.108 396.729 356.14 249.939 2516.022 2258.606 实验室 1 074
4325052 4728 2025/10/29 10:45:20 P15 0 0 0 0 0 0 0 132.752 320.435 1635.284 748.749 2162.933 735.626 3788.91 48.523 234.833 2113.647 -24.414 836.945 381.012 557.404 972.138 248.413 1437.683 822.144 -35.858 1096.954 -4990.082 -501.251 77.667 -450.44 11.597 306.244 2147.98 437.927 1261.139 1135.254 614.624 -1111.145 968.781 301.971 393.066 358.276 249.786 2516.174 2258.301 实验室 1 074
4325053 4728 2025/10/29 10:45:21 P15 0 0 0 0 0 0 0 132.446 319.824 1635.742 749.512 2164.001 735.016 3791.504 61.798 231.628 2117.767 -24.109 836.029 381.012 557.556 972.443 248.718 1439.362 822.144 -36.926 1097.26 -4991.913 -490.112 80.719 -449.219 11.902 305.786 2149.353 438.232 1262.512 1136.322 615.692 -1102.905 970.154 304.108 384.674 354.614 249.939 2517.09 2259.064 实验室 1 074
4325054 4728 2025/10/29 10:45:22 P15 0 0 0 0 0 0 0 132.599 319.824 1636.353 750.885 2164.917 735.474 3789.52 7.172 211.487 2121.124 -24.567 836.182 380.859 558.624 972.29 247.955 1442.108 822.449 -37.079 1097.26 -4992.065 -525.36 77.515 -463.715 11.749 305.481 2151.184 438.232 1264.801 1137.238 619.202 -1101.074 971.222 298.004 386.81 357.208 251.77 2515.259 2258.911 实验室 1 074
4325055 4728 2025/10/29 10:45:23 P15 0 0 0 0 0 0 0 132.752 322.418 1637.573 751.038 2166.138 735.931 3789.063 41.656 187.378 2121.582 -23.956 836.792 381.317 558.319 972.29 247.345 1443.024 821.838 -35.858 1097.107 -4990.387 -545.349 78.888 -421.753 11.444 304.718 2152.405 438.69 1266.479 1137.695 619.507 -1106.873 971.527 297.394 386.963 360.26 249.481 2515.106 2260.132 实验室 1 074
4325056 4728 2025/10/29 10:45:24 P15 0 0 0 0 0 0 0 132.141 317.383 1638.184 752.106 2166.748 735.474 3791.504 32.501 254.517 2133.026 -24.261 836.487 381.622 559.387 973.663 246.735 1444.702 822.144 -36.163 1096.954 -4989.929 -521.088 77.82 -418.701 10.834 305.176 2153.32 438.08 1267.853 1138.611 619.049 -1104.431 972.29 296.631 396.118 360.87 251.465 2516.327 2257.69 实验室 1 074
4325057 4728 2025/10/29 10:45:25 P15 0 0 0 0 0 0 0 132.141 319.977 1638.489 752.716 2167.511 736.389 3788.757 24.567 224.915 2124.176 -23.804 835.877 381.317 559.54 972.29 246.429 1445.923 821.838 -35.248 1098.48 -4989.624 -494.843 79.041 -413.208 11.292 304.413 2154.999 438.385 1269.836 1140.289 620.728 -1104.279 972.748 295.715 391.846 359.65 247.955 2515.106 2258.606 实验室 1 074
4325058 4728 2025/10/29 10:45:26 P15 0 0 0 0 0 0 0 132.446 319.367 1639.709 753.632 2168.579 735.931 3789.215 7.935 313.263 2116.699 -24.414 835.571 381.47 561.066 973.206 245.667 1448.059 821.381 -36.469 1097.26 -4989.929 -476.227 79.498 -427.094 11.902 304.108 2156.372 438.843 1270.752 1140.289 621.948 -1102.6 973.511 293.274 392.456 363.312 255.737 2516.479 2258.148 实验室 1 074
4325059 4728 2025/10/29 10:45:27 P15 0 0 0 0 0 0 0 132.446 317.383 1641.083 753.632 2169.037 735.474 3790.131 3.052 262.299 2119.904 -24.261 835.114 381.622 561.066 973.663 246.277 1449.432 821.381 -36.011 1098.175 -4991.607 -513.153 79.956 -455.475 11.444 303.04 2157.135 438.538 1272.43 1141.357 624.237 -1098.633 973.511 291.901 397.644 360.413 251.923 2515.564 2258.148 实验室 1 074
4325060 4728 2025/10/29 10:45:28 P15 0 0 0 0 0 0 0 132.294 318.298 1640.472 753.937 2169.342 735.474 3789.368 37.994 196.533 2133.942 -24.261 835.571 381.165 560.913 972.9 245.056 1450.5 820.923 -36.011 1098.328 -4991.913 -526.428 78.43 -500.488 11.292 304.108 2158.356 438.385 1273.956 1142.578 624.695 -1102.753 974.426 290.527 391.693 365.143 250.397 2515.717 2257.996 实验室 1 074
4325061 4728 2025/10/29 10:45:29 P15 0 0 0 0 0 0 0 132.141 317.688 1641.846 755.005 2170.563 735.931 3789.978 52.185 169.983 2133.026 -23.499 835.724 381.317 561.676 972.9 244.904 1452.332 820.923 -35.706 1098.175 -4992.218 -554.504 77.515 -502.93 11.749 303.803 2160.492 438.995 1274.872 1143.188 627.594 -1104.736 974.731 288.849 401.764 363.922 253.906 2515.869 2259.064 实验室 1 074
4325062 4728 2025/10/29 10:45:30 P15 0 0 0 0 0 0 0 131.531 322.723 1641.998 755.158 2171.173 736.237 3788.91 18.311 185.242 2138.672 -24.261 834.961 381.47 562.592 973.206 243.988 1454.01 821.228 -35.248 1097.717 -4990.692 -598.755 77.972 -494.385 11.444 304.108 2161.865 439.911 1277.313 1142.731 628.51 -1102.905 975.342 288.391 399.017 364.685 251.465 2515.717 2255.859 实验室 1 074
4325063 4728 2025/10/29 10:45:31 P15 0 0 0 0 0 0 0 131.683 318.756 1643.372 756.073 2172.241 735.931 3790.894 19.073 279.846 2136.688 -23.956 834.503 381.622 563.355 973.511 243.53 1455.688 820.618 -35.706 1098.022 -4989.624 -563.049 76.904 -471.039 12.054 302.429 2162.323 438.843 1278.534 1144.104 628.51 -1097.565 976.41 286.255 399.78 367.889 251.77 2516.479 2263.947 实验室 1 074
4325064 4728 2025/10/29 10:45:32 P15 0 0 0 0 0 0 0 131.531 317.841 1644.44 756.531 2172.546 736.084 3790.131 36.316 235.443 2138.672 -23.956 834.961 381.47 563.507 973.358 243.53 1456.909 820.16 -35.095 1098.633 -4989.319 -527.039 78.735 -458.679 11.597 303.04 2163.391 439.606 1280.06 1145.63 629.578 -1102.448 976.257 287.476 394.44 367.279 255.28 2515.259 2257.996 实验室 1 074
4325065 4728 2025/10/29 10:45:33 P15 0 0 0 0 0 0 0 131.836 322.418 1643.677 757.294 2173.157 737.152 3789.52 33.264 168.457 2139.13 -24.567 835.114 381.317 564.423 973.206 242.615 1458.588 821.075 -36.163 1098.022 -4991.76 -506.439 77.362 -463.409 11.597 303.65 2165.527 439.301 1281.433 1145.63 632.019 -1094.818 977.478 284.729 406.647 367.127 251.465 2515.564 2262.268 实验室 1 074
4325066 4728 2025/10/29 10:45:34 P15 0 0 0 0 0 0 0 131.073 321.198 1645.66 758.057 2173.767 735.931 3791.351 11.749 91.858 2147.369 -24.261 835.571 381.317 563.965 973.511 242.92 1459.198 820.007 -35.706 1098.938 -4992.523 -506.287 77.972 -464.935 11.902 301.361 2165.985 439.606 1282.806 1146.393 630.798 -1099.854 977.783 282.745 399.78 368.5 250.244 2516.632 2262.421 实验室 1 074
4325067 4728 2025/10/29 10:45:35 P15 0 0 0 0 0 0 0 131.531 322.113 1645.05 758.362 2175.293 736.847 3790.283 29.449 133.362 2152.405 -23.956 834.503 381.012 565.186 973.358 241.699 1461.182 820.313 -36.316 1098.022 -4989.929 -508.728 76.599 -415.802 11.444 302.734 2168.427 439.758 1284.027 1146.24 633.698 -1098.328 978.394 282.898 407.41 369.721 252.533 2515.869 2257.69 实验室 1 074
4325068 4728 2025/10/29 10:45:36 P15 0 0 0 0 0 0 0 130.92 320.587 1646.423 758.667 2174.53 736.694 3789.215 41.962 211.639 2149.048 -23.651 834.656 381.317 564.88 974.121 241.089 1461.945 819.55 -35.4 1098.48 -4989.624 -515.595 80.566 -444.183 11.444 300.14 2167.816 440.369 1285.858 1148.071 635.223 -1104.431 978.851 282.135 402.069 368.5 253.906 2515.411 2263.184 实验室 1 074
4325069 4728 2025/10/29 10:45:37 P15 0 0 0 0 0 0 0 131.073 320.129 1647.339 759.735 2175.903 737.305 3791.046 -18.005 255.585 2154.846 -24.261 835.114 381.47 565.796 973.969 241.394 1463.013 819.702 -36.163 1098.175 -4989.624 -474.854 78.583 -456.39 11.902 300.751 2168.884 439.301 1287.689 1148.376 637.207 -1101.074 979.004 281.067 407.257 369.873 252.38 2517.09 2257.996 实验室 1 074
4325070 4728 2025/10/29 10:45:38 P15 0 0 0 0 0 0 0 130.768 321.045 1648.102 759.583 2176.514 736.389 3789.215 31.891 137.482 2158.661 -23.804 834.045 381.012 566.559 974.121 241.394 1464.081 819.092 -35.553 1099.091 -4989.929 -485.23 78.735 -501.251 12.207 299.377 2170.715 440.064 1288.757 1149.597 637.512 -1097.107 979.767 281.982 409.546 370.178 252.991 2515.564 2258.301 实验室 1 074
4325071 4728 2025/10/29 10:45:39 P15 0 0 0 0 0 0 0 130.768 318.909 1647.949 760.651 2176.666 736.084 3791.046 41.046 107.575 2164.307 -23.956 834.503 381.165 566.711 974.426 240.631 1465.454 819.244 -36.316 1099.243 -4989.166 -504.456 81.177 -516.51 11.902 299.377 2171.631 439.911 1289.52 1149.292 640.411 -1095.886 980.072 280.609 408.02 370.331 254.211 2516.785 2254.639 实验室 1 074
4325072 4728 2025/10/29 10:45:40 P15 0 0 0 0 0 0 0 130.615 319.824 1649.17 761.108 2178.345 736.084 3789.063 46.539 151.062 2166.443 -22.888 833.435 381.622 567.017 974.274 239.868 1466.98 818.939 -35.706 1099.243 -4990.082 -527.039 78.735 -528.259 12.207 298.615 2173.157 439.758 1290.894 1149.902 639.648 -1094.055 980.682 279.999 410.461 374.298 252.686 2515.564 2259.216 实验室 1 074
4325073 4728 2025/10/29 10:45:41 P15 0 0 0 0 0 0 0 131.226 320.892 1649.78 761.719 2178.802 737.152 3789.215 46.082 112.763 2179.871 -23.956 833.13 381.165 567.78 973.816 238.8 1467.743 819.244 -36.011 1098.785 -4990.845 -539.398 81.024 -508.423 11.597 299.835 2174.53 440.064 1292.725 1150.208 642.548 -1095.581 981.14 277.71 404.053 369.873 256.348 2516.022 2258.759 实验室 1 074
4325074 4728 2025/10/29 10:45:42 P15 0 0 0 0 0 0 0 130.768 322.571 1649.78 762.024 2179.718 736.237 3790.894 5.188 136.871 2175.598 -24.414 834.045 382.08 569 974.731 238.648 1469.421 819.092 -35.553 1098.785 -4990.997 -542.603 78.43 -479.889 12.512 298.767 2175.14 440.064 1293.64 1151.428 643.005 -1087.341 981.751 277.1 404.205 374.146 253.906 2515.717 2259.521 实验室 1 074
4325075 4728 2025/10/29 10:45:43 P15 0 0 0 0 0 0 0 130.31 317.535 1650.391 762.177 2179.565 736.847 3789.063 29.602 140.991 2172.852 -23.499 833.588 381.165 569 974.731 238.495 1469.727 818.481 -35.095 1098.785 -4992.523 -567.932 79.956 -490.723 11.749 297.546 2176.056 440.826 1295.319 1152.649 645.294 -1093.903 981.751 277.252 409.393 375.519 249.023 2515.411 2259.216 实验室 1 074
4325076 4728 2025/10/29 10:45:44 P15 0 0 0 0 0 0 0 130.463 321.045 1651.154 763.702 2180.481 736.084 3790.741 0.61 226.288 2166.443 -24.414 833.435 380.859 569.305 973.816 237.885 1471.71 819.397 -36.011 1098.938 -4992.523 -582.581 78.735 -493.317 11.902 296.478 2178.192 440.521 1296.539 1152.191 646.973 -1095.276 982.513 275.269 410.919 374.146 253.449 2516.174 2255.096 实验室 1 074
4325077 4728 2025/10/29 10:45:45 P15 0 0 0 0 0 0 0 130.615 320.129 1652.985 763.55 2180.939 736.542 3789.52 57.678 263.825 2175.293 -24.109 833.74 381.928 569.153 975.342 238.037 1472.015 818.329 -36.011 1098.938 -4989.014 -551.605 79.041 -500.031 11.749 296.478 2177.887 440.216 1297.607 1152.802 646.362 -1092.987 982.819 276.337 421.906 375.366 256.958 2515.259 2263.184 实验室 1 074
4325078 4728 2025/10/29 10:45:46 P15 0 0 0 0 0 0 0 130.158 324.707 1651.459 764.465 2180.939 736.542 3790.283 16.479 278.32 2171.021 -24.414 832.672 381.928 571.289 975.494 236.816 1472.168 818.329 -35.248 1098.48 -4989.929 -542.908 81.329 -485.23 12.97 295.563 2179.26 440.521 1298.828 1153.107 647.583 -1095.581 983.887 273.743 417.481 377.96 253.449 2515.869 2258.606 实验室 1 074
4325079 4728 2025/10/29 10:45:47 P15 0 0 0 0 0 0 0 130.158 321.045 1653.442 764.465 2183.685 736.694 3790.436 26.703 206.757 2179.108 -24.414 832.52 381.622 570.984 975.342 236.969 1474.304 818.329 -36.011 1098.175 -4989.776 -521.698 80.414 -469.055 12.207 297.089 2180.176 439.911 1299.896 1153.87 647.583 -1092.987 984.65 273.743 420.532 377.502 252.533 2516.632 2258.301 实验室 1 074
4325080 4728 2025/10/29 10:45:48 P15 0 0 0 0 0 0 0 130.31 323.181 1652.527 765.076 2182.617 736.389 3788.91 50.659 151.52 2176.056 -23.804 832.214 381.47 571.594 974.274 235.901 1475.067 818.481 -36.469 1098.785 -4989.776 -534.21 83.16 -516.51 11.749 295.258 2181.702 440.064 1301.88 1154.48 648.804 -1095.581 984.802 272.522 421.753 377.96 251.312 2515.564 2258.911 实验室 1 074
4325081 4728 2025/10/29 10:45:49 P15 0 0 0 0 0 0 0 130.005 321.655 1653.595 765.686 2183.38 736.389 3791.504 38.91 130.92 2183.228 -23.193 832.062 381.317 571.594 974.884 236.054 1475.677 817.871 -35.858 1099.548 -4989.929 -515.289 80.261 -520.63 12.207 294.495 2182.159 439.911 1303.101 1156.311 651.245 -1091.919 984.345 273.59 418.243 379.334 252.686 2516.479 2257.69 实验室 1 074
4325082 4728 2025/10/29 10:45:50 P15 0 0 0 0 0 0 0 129.852 321.198 1654.663 766.296 2184.296 736.389 3790.283 13.123 114.441 2183.838 -23.804 832.214 381.317 571.594 975.037 235.596 1475.983 817.566 -36.316 1099.854 -4990.387 -489.807 79.346 -545.349 11.749 293.121 2182.465 440.979 1304.321 1156.006 654.602 -1100.922 985.107 274.353 419.922 386.353 250.397 2515.411 2253.876 实验室 1 074
4325083 4728 2025/10/29 10:45:51 P15 0 0 0 0 0 0 0 130.005 323.029 1654.663 766.602 2184.143 736.694 3791.199 8.392 96.741 2180.176 -23.346 831.146 381.47 571.899 974.426 235.138 1477.356 816.956 -34.79 1099.396 -4991.455 -478.821 79.346 -517.426 12.054 292.969 2183.533 440.674 1305.389 1157.227 653.381 -1105.652 985.87 273.132 420.99 385.59 255.432 2516.174 2255.859 实验室 1 074
4325084 4728 2025/10/29 10:45:52 P15 0 0 0 0 0 0 0 130.158 322.723 1655.426 766.907 2185.516 737.305 3788.91 75.378 125.732 2193.146 -23.499 832.52 381.165 572.357 975.037 234.528 1478.882 817.871 -35.4 1098.938 -4992.371 -468.75 83.618 -546.875 12.665 295.715 2185.211 440.826 1306.61 1156.921 652.771 -1106.72 986.023 272.369 416.107 386.353 255.127 2515.259 2257.08 实验室 1 074
4325085 4728 2025/10/29 10:45:53 P15 0 0 0 0 0 0 0 129.7 324.249 1655.731 767.67 2185.974 738.068 3791.046 32.959 175.324 2189.331 -23.499 831.757 380.859 573.425 974.426 234.375 1479.034 818.024 -35.706 1098.633 -4992.523 -435.944 80.566 -553.131 12.207 292.969 2185.364 440.521 1308.136 1157.379 654.297 -1103.516 986.328 272.675 415.955 388.794 254.517 2516.327 2260.284 实验室 1 074
4325086 4728 2025/10/29 10:45:54 P15 0 0 0 0 0 0 0 129.395 322.876 1657.257 768.433 2186.432 737.152 3789.52 5.646 181.122 2191.01 -24.109 831.757 381.165 574.188 975.647 233.765 1479.492 817.108 -35.248 1099.091 -4990.082 -424.5 79.498 -547.638 12.97 293.274 2186.737 439.758 1309.204 1157.532 654.45 -1100.159 986.939 272.217 421.906 387.421 255.127 2515.564 2257.996 实验室 1 074
4325087 4728 2025/10/29 10:45:55 P15 0 0 0 0 0 0 0 129.7 322.418 1656.952 768.89 2187.042 736.237 3791.504 5.798 203.4 2198.639 -24.414 832.062 381.775 574.188 975.342 233.917 1480.56 817.108 -35.4 1100.006 -4989.319 -411.987 79.651 -577.24 13.275 293.732 2187.805 440.216 1310.425 1159.363 657.196 -1106.873 987.091 270.233 410.461 390.625 252.075 2516.785 2258.301 实验室 1 074
4325088 4728 2025/10/29 10:45:56 P15 0 0 0 0 0 0 0 130.005 323.029 1658.02 769.196 2187.653 737 3789.063 86.823 207.367 2198.334 -24.414 831.604 381.47 574.188 975.037 233.002 1482.391 816.803 -35.4 1099.396 -4989.624 -422.974 78.735 -589.447 12.207 291.748 2189.026 440.674 1311.34 1159.21 658.264 -1098.48 987.854 269.928 424.042 391.998 255.737 2514.801 2261.505 实验室 1 074
4325089 4728 2025/10/29 10:45:57 P15 0 0 0 0 0 0 0 129.547 324.707 1657.715 768.585 2188.11 736.847 3790.741 25.635 179.749 2194.824 -23.956 830.689 381.47 575.256 975.342 232.697 1482.086 816.956 -34.943 1099.701 -4989.624 -432.892 80.261 -576.935 11.749 292.511 2190.552 441.132 1312.561 1159.515 657.349 -1101.379 988.007 270.081 425.11 389.71 254.517 2516.174 2256.012 实验室 1 074
4325090 4728 2025/10/29 10:45:58 P15 0 0 0 0 0 0 0 129.242 323.486 1658.936 769.653 2188.263 736.694 3789.52 48.828 178.986 2214.508 -23.651 831.299 380.707 574.951 975.342 232.239 1482.544 816.65 -34.943 1099.091 -4990.387 -442.81 80.566 -561.829 12.207 290.833 2189.789 441.437 1314.697 1161.041 659.943 -1101.532 988.159 269.47 428.009 390.015 250.397 2516.022 2258.453 实验室 1 074
4325091 4728 2025/10/29 10:45:59 P15 0 0 0 0 0 0 0 129.852 323.944 1658.936 770.111 2188.721 737.152 3790.894 16.632 225.067 2208.862 -23.499 830.994 381.165 576.019 975.189 231.323 1483.154 816.345 -35.248 1099.701 -4992.676 -418.549 80.261 -538.94 12.207 291.29 2190.704 440.826 1314.545 1161.194 660.553 -1103.821 988.617 268.097 427.551 389.862 254.669 2516.174 2266.083 实验室 1 074
4325092 4728 2025/10/29 10:46:00 P15 0 0 0 0 0 0 0 129.089 327.759 1660.309 770.111 2190.094 737.915 3789.215 46.844 199.432 2211.304 -23.956 830.078 381.165 575.867 975.037 231.476 1483.917 816.04 -34.485 1100.464 -4989.624 -414.276 80.261 -553.131 12.817 289.764 2193.146 441.132 1316.223 1161.499 661.469 -1100.159 989.075 268.097 428.162 390.93 250.549 2515.411 2259.521 实验室 1 074
4325093 4728 2025/10/29 10:46:01 P15 0 0 0 0 0 0 0 129.395 323.334 1660.461 771.027 2189.941 737.152 3789.825 52.338 150.604 2205.811 -24.109 829.773 381.012 576.782 975.952 230.866 1484.68 815.888 -35.4 1099.396 -4989.929 -457.764 78.43 -557.098 12.817 289.459 2192.383 440.674 1317.291 1161.346 664.825 -1100.006 989.533 267.792 434.723 390.93 255.28 2516.174 2256.012 实验室 1 074
4325094 4728 2025/10/29 10:46:02 P15 0 0 0 0 0 0 0 128.784 325.012 1661.987 771.79 2190.094 736.694 3789.52 46.539 134.888 2211.456 -23.804 830.078 380.554 576.782 975.189 231.018 1484.985 815.735 -35.706 1099.548 -4989.319 -482.025 77.667 -531.311 12.36 287.323 2194.061 441.284 1318.512 1163.33 666.351 -1108.093 989.685 267.639 435.791 395.355 253.449 2515.259 2258.759 实验室 1 074
4325095 4728 2025/10/29 10:46:03 P15 0 0 0 0 0 0 0 128.784 323.639 1662.598 771.942 2190.857 736.847 3789.368 57.373 211.182 2223.969 -23.651 830.689 382.538 577.545 975.494 230.713 1485.901 815.735 -35.706 1099.701 -4989.014 -488.586 80.109 -546.112 12.665 288.086 2194.214 441.132 1319.58 1162.872 665.131 -1103.058 990.143 266.724 427.399 394.44 253.449 2516.632 2258.453 实验室 1 074
4325096 4728 2025/10/29 10:46:04 P15 0 0 0 0 0 0 0 128.937 321.503 1661.682 773.01 2192.841 737.152 3790.436 20.447 223.846 2216.187 -23.956 829.62 381.165 577.698 976.868 229.797 1486.969 815.125 -35.553 1099.701 -4990.54 -436.859 79.193 -568.39 12.665 287.781 2195.587 440.216 1320.496 1163.33 666.962 -1099.548 990.906 266.419 440.064 395.508 259.857 2516.022 2257.233 实验室 1 074
4325097 4728 2025/10/29 10:46:05 P15 0 0 0 0 0 0 0 129.089 324.707 1661.53 772.553 2191.925 737.457 3789.063 78.583 180.969 2220.001 -24.109 829.163 380.859 578.156 975.647 229.492 1487.579 815.735 -35.553 1099.396 -4992.065 -436.707 79.651 -582.733 12.207 287.781 2197.266 440.979 1322.327 1164.093 668.03 -1100.464 990.753 265.961 427.704 395.66 254.974 2515.869 2258.453 实验室 1 074
4325098 4728 2025/10/29 10:46:06 P15 0 0 0 0 0 0 0 128.784 327.606 1663.513 772.705 2193.146 737.152 3791.351 63.934 242.615 2225.647 -24.414 829.315 381.47 578.613 976.41 229.492 1487.885 815.277 -34.943 1100.464 -4992.828 -442.658 78.278 -566.101 12.817 284.119 2197.418 440.369 1322.784 1164.093 665.588 -1100.006 992.127 265.503 437.317 394.898 257.568 2516.632 2256.775 实验室 1 074
4325099 4728 2025/10/29 10:46:07 P15 0 0 0 0 0 0 0 128.937 321.655 1663.818 773.163 2193.146 737.305 3789.673 13.123 291.443 2233.734 -23.651 829.315 381.165 578.919 975.8 228.577 1488.037 814.667 -35.553 1099.701 -4992.676 -445.557 80.261 -590.668 13.275 285.339 2197.418 440.674 1323.547 1165.009 667.725 -1100.159 991.821 265.808 448.914 396.881 255.89 2515.411 2258.911 实验室 1 074
4325100 4728 2025/10/29 10:46:08 P15 0 0 0 0 0 0 0 128.784 324.707 1664.276 773.468 2193.604 736.847 3791.351 7.782 232.391 2235.87 -23.499 829.163 381.775 578.766 975.8 229.034 1488.647 814.514 -35.095 1099.854 -4992.065 -426.636 80.109 -564.27 12.817 286.255 2198.639 440.979 1324.463 1165.771 668.335 -1105.499 991.516 265.198 429.382 398.712 256.195 2516.937 2256.012 实验室 1 074
4325101 4728 2025/10/29 10:46:09 P15 0 0 0 0 0 0 0 129.7 326.08 1664.581 774.231 2194.214 737.763 3789.673 33.112 242.462 2226.257 -23.499 829.315 380.859 578.919 976.257 227.661 1489.258 814.514 -34.332 1099.243 -4990.692 -407.105 80.872 -566.559 12.665 285.95 2199.707 441.437 1326.141 1165.924 669.251 -1100.922 992.279 265.35 435.638 398.254 258.179 2515.411 2259.979 实验室 1 074
4325102 4728 2025/10/29 10:46:10 P15 0 0 0 0 0 0 0 129.395 321.655 1665.649 774.689 2193.756 737.457 3790.894 6.866 204.01 2234.802 -24.414 829.468 380.554 579.681 977.02 227.661 1489.716 814.514 -35.095 1099.548 -4989.166 -408.173 80.719 -565.796 12.512 286.102 2200.317 440.826 1327.515 1165.924 672.455 -1102.448 992.432 265.045 431.519 399.323 254.669 2517.242 2260.895 实验室 1 074
4325103 4728 2025/10/29 10:46:11 P15 0 0 0 0 0 0 0 128.479 325.47 1665.344 774.231 2194.824 737.61 3790.131 -5.188 91.705 2228.241 -23.193 828.4 381.622 579.834 976.105 227.661 1490.326 814.209 -35.4 1100.159 -4989.929 -408.63 78.735 -572.968 12.36 285.95 2201.385 441.437 1327.667 1166.84 671.997 -1106.415 992.432 266.419 435.791 399.323 256.653 2515.106 2258.453 实验室 1 074
4325104 4728 2025/10/29 10:46:12 P15 0 0 0 0 0 0 0 127.716 325.012 1665.192 775.147 2195.129 737.763 3789.063 25.177 79.041 2241.211 -23.499 828.705 380.859 579.681 975.8 226.44 1491.089 814.667 -34.332 1099.243 -4989.472 -393.219 80.109 -571.594 12.512 283.661 2201.385 441.284 1330.109 1167.145 671.692 -1108.093 992.889 264.587 441.132 399.628 254.974 2514.801 2258.148 实验室 1 074
4325105 4728 2025/10/29 10:46:13 P15 0 0 0 0 0 0 0 128.784 325.47 1665.497 776.215 2195.74 737.457 3790.588 86.212 118.561 2231.445 -23.499 828.552 380.707 581.207 976.563 226.288 1491.089 813.904 -35.858 1100.159 -4989.624 -392.761 80.109 -576.172 12.665 286.408 2203.064 440.979 1330.261 1167.755 673.523 -1103.058 993.347 263.672 450.745 401.611 255.432 2516.327 2259.979 实验室 1 074
4325106 4728 2025/10/29 10:46:14 P15 0 0 0 0 0 0 0 129.089 323.486 1666.718 776.367 2196.655 738.068 3789.063 58.746 64.392 2239.685 -24.109 829.01 380.859 580.75 976.563 225.525 1491.394 814.209 -35.553 1099.854 -4992.065 -394.44 80.414 -578.461 12.97 284.271 2203.522 440.674 1330.872 1168.213 676.727 -1100.769 993.805 264.435 447.54 400.085 253.449 2515.106 2258.759 实验室 1 074
4325107 4728 2025/10/29 10:46:15 P15 0 0 0 0 0 0 0 127.869 326.386 1667.48 776.215 2197.113 736.847 3790.283 13.275 24.414 2239.38 -23.804 828.857 380.249 581.055 975.952 225.525 1491.699 813.294 -35.248 1100.311 -4992.218 -406.189 80.109 -565.491 12.817 284.729 2203.674 441.284 1331.635 1168.518 674.286 -1101.532 994.263 263.519 437.47 400.391 258.637 2516.785 2258.606 实验室 1 074
4325108 4728 2025/10/29 10:46:16 P15 0 0 0 0 0 0 0 128.174 324.86 1667.938 776.367 2197.266 737.457 3790.588 11.597 110.016 2239.99 -23.193 828.095 380.859 581.207 975.8 225.983 1492.31 813.904 -35.095 1100.159 -4992.676 -431.061 78.583 -566.711 12.512 284.424 2204.895 440.979 1332.397 1169.891 675.507 -1097.26 994.263 263.672 443.726 403.9 258.484 2515.564 2258.301 实验室 1 074
4325109 4728 2025/10/29 10:46:17 P15 0 0 0 0 0 0 0 128.326 325.165 1668.091 777.13 2197.723 737.61 3788.605 28.381 102.844 2242.279 -24.261 827.789 380.402 581.207 976.715 224.304 1493.073 813.904 -34.943 1099.701 -4992.218 -446.167 79.803 -580.292 12.817 284.271 2206.116 441.132 1333.771 1169.281 676.575 -1101.99 994.568 262.909 438.538 404.511 256.5 2516.632 2258.911 实验室 1 074
4325110 4728 2025/10/29 10:46:18 P15 0 0 0 0 0 0 0 128.326 326.691 1669.312 777.741 2197.571 737.152 3790.741 19.836 108.185 2250.061 -23.193 827.942 380.554 581.97 976.41 224.152 1493.073 813.446 -35.248 1099.854 -4991.913 -414.581 79.651 -592.499 12.817 282.898 2206.421 441.589 1334.076 1169.739 676.727 -1096.649 995.026 263.062 439.453 405.426 257.568 2516.479 2259.827 实验室 1 074
4325111 4728 2025/10/29 10:46:19 P15 0 0 0 0 0 0 0 128.479 325.012 1668.396 777.283 2198.639 738.22 3789.215 38.452 139.771 2240.143 -23.651 827.332 380.707 582.886 976.715 224.304 1493.073 812.836 -33.875 1099.854 -4990.692 -438.232 78.888 -595.245 12.97 284.576 2206.879 441.437 1335.907 1169.434 677.795 -1101.532 995.331 262.756 448.456 409.393 260.315 2515.717 2259.064 实验室 1 074
4325112 4728 2025/10/29 10:46:20 P15 0 0 0 0 0 0 0 128.479 327.606 1668.549 779.114 2198.486 736.542 3790.894 -2.594 68.665 2231.598 -23.499 827.789 379.944 582.428 976.563 223.541 1493.683 812.683 -35.4 1100.006 -4989.319 -434.723 77.515 -616.455 13.275 283.203 2207.642 441.895 1337.28 1170.654 678.253 -1100.769 995.941 261.841 451.508 408.478 259.552 2516.479 2254.639 实验室 1 074
4325113 4728 2025/10/29 10:46:21 P15 0 0 0 0 0 0 0 128.021 325.623 1669.312 778.961 2200.012 737.61 3790.894 31.433 61.798 2256.775 -24.109 827.179 380.249 584.259 976.563 223.236 1494.446 812.683 -35.553 1099.548 -4989.776 -438.995 82.397 -616.455 13.428 284.729 2208.405 441.589 1337.738 1170.807 679.016 -1103.21 996.399 262.756 443.115 410.004 250.855 2516.022 2258.301 实验室 1 074
4325114 4728 2025/10/29 10:46:22 P15 0 0 0 0 0 0 0 128.021 327.148 1669.769 779.724 2199.097 737.152 3789.673 69.275 165.1 2260.132 -23.651 827.637 380.554 582.886 976.41 222.778 1494.904 812.225 -35.248 1099.701 -4989.472 -428.772 67.749 -606.384 13.275 283.661 2208.71 441.284 1338.196 1171.417 682.526 -1101.379 995.483 263.367 448.761 406.799 259.857 2515.869 2257.996 实验室 1 074
4325115 4728 2025/10/29 10:46:23 P15 0 0 0 0 0 0 0 127.716 325.623 1671.143 778.503 2199.707 737.61 3790.741 52.185 286.865 2266.846 -23.499 827.332 380.707 583.038 976.715 222.321 1494.446 812.378 -34.485 1099.854 -4989.472 -420.685 80.872 -630.951 12.97 283.814 2210.541 440.521 1339.111 1171.57 681.763 -1103.821 996.094 261.383 443.115 407.105 260.468 2516.785 2260.132 实验室 1 074
4325116 4728 2025/10/29 10:46:24 P15 0 0 0 0 0 0 0 128.021 326.08 1670.685 779.724 2200.165 737.457 3788.147 22.278 349.274 2252.045 -23.193 827.026 380.859 583.191 976.41 221.71 1494.141 811.768 -35.095 1099.854 -4989.624 -387.421 78.278 -610.962 12.817 281.372 2210.999 441.437 1339.569 1172.028 681.458 -1097.87 996.704 262.146 452.728 409.699 255.737 2515.259 2257.538 实验室 1 074
4325117 4728 2025/10/29 10:46:25 P15 0 0 0 0 0 0 0 127.564 324.554 1670.99 779.572 2200.317 737.763 3788.757 -8.087 327.911 2262.421 -23.346 826.111 379.944 582.886 976.257 221.71 1494.751 811.92 -34.485 1099.854 -4991.607 -400.391 80.261 -618.591 13.428 283.203 2210.388 441.284 1341.553 1172.791 681.152 -1101.532 996.399 262.604 447.235 410.004 257.568 2514.801 2256.012 实验室 1 074
4325118 4728 2025/10/29 10:46:26 P15 0 0 0 0 0 0 0 128.174 324.707 1671.906 779.572 2200.47 736.694 3790.283 54.474 326.233 2265.015 -24.109 826.874 380.859 584.259 977.02 221.71 1495.056 811.615 -34.332 1100.159 -4992.828 -417.786 78.583 -612.335 12.97 283.051 2211.914 441.284 1341.553 1172.485 683.441 -1097.87 996.704 262.299 456.238 409.699 258.026 2516.785 2256.775 实验室 1 074
4325119 4728 2025/10/29 10:46:27 P15 0 0 0 0 0 0 0 126.801 326.233 1671.6 780.487 2201.233 737.152 3789.825 63.324 235.443 2257.538 -23.499 827.332 380.707 583.954 977.325 220.49 1495.056 811.157 -35.706 1100.464 -4992.371 -422.363 80.261 -650.94 13.733 281.525 2212.524 441.895 1342.926 1173.096 682.678 -1100.464 997.772 261.383 450.592 410.004 258.179 2515.564 2257.538 实验室 1 074
4325120 4728 2025/10/29 10:46:28 P15 0 0 0 0 0 0 0 128.174 326.691 1673.126 780.487 2201.233 736.847 3791.046 53.711 197.754 2258.606 -22.888 826.721 380.554 585.327 977.783 220.947 1495.667 811.615 -34.79 1099.548 -4990.997 -435.944 79.346 -675.049 12.97 282.288 2213.287 441.284 1343.842 1173.248 683.289 -1100.922 997.62 261.993 459.9 409.241 258.026 2516.937 2258.301 实验室 1 074
4325121 4728 2025/10/29 10:46:29 P15 0 0 0 0 0 0 0 127.411 324.86 1672.363 780.487 2202.759 738.831 3788.757 10.986 243.225 2259.064 -23.956 825.806 380.707 585.632 977.173 220.795 1495.819 811.768 -33.417 1099.854 -4990.54 -425.72 80.414 -674.591 13.275 282.898 2212.524 440.369 1344.757 1173.553 683.136 -1098.48 997.467 261.536 449.677 410.767 256.195 2515.259 2258.759 实验室 1 074
4325122 4728 2025/10/29 10:46:30 P15 0 0 0 0 0 0 0 127.564 326.691 1672.668 780.945 2202.911 738.22 3790.588 14.038 194.702 2263.794 -23.499 826.111 381.012 584.259 976.868 220.337 1495.819 812.073 -33.875 1099.854 -4989.319 -434.876 81.329 -650.787 13.275 281.067 2213.898 441.437 1345.062 1174.469 682.983 -1102.142 997.772 261.231 453.796 413.361 258.942 2516.479 2258.759 实验室 1 074
4325123 4728 2025/10/29 10:46:31 P15 0 0 0 0 0 0 0 127.258 326.538 1673.737 781.86 2202.759 738.525 3788.91 46.844 193.024 2274.628 -24.109 825.806 380.402 586.548 976.563 220.795 1496.582 811.462 -34.79 1100.159 -4989.472 -415.649 78.888 -642.242 12.665 282.288 2215.271 440.826 1345.673 1174.164 681.915 -1125.946 998.23 260.925 449.219 413.055 257.568 2515.259 2259.216 实验室 1 074
4325124 4728 2025/10/29 10:46:32 P15 0 0 0 0 0 0 0 126.953 326.08 1673.737 781.25 2202.606 737.915 3789.368 26.245 170.746 2261.047 -23.499 826.111 380.707 585.938 977.02 219.574 1496.735 811.157 -34.943 1100.006 -4990.082 -376.587 79.651 -652.008 13.123 282.44 2216.187 441.589 1346.741 1174.622 683.746 -1101.685 998.535 260.315 460.663 414.276 258.179 2516.174 2257.08 实验室 1 074
4325125 4728 2025/10/29 10:46:33 P15 0 0 0 0 0 0 0 127.258 327.148 1674.805 782.166 2203.522 737.915 3789.52 -10.376 139.313 2267.914 -23.193 826.111 379.944 586.09 977.325 219.116 1496.277 810.7 -34.332 1100.006 -4989.624 -344.086 79.193 -681.915 13.428 281.525 2217.56 441.589 1348.114 1175.079 686.035 -1104.279 998.993 260.773 459.442 412.903 254.211 2515.411 2257.385 实验室 1 074
4325126 4728 2025/10/29 10:46:34 P15 0 0 0 0 0 0 0 127.258 328.98 1674.957 783.081 2203.674 737.61 3790.436 26.093 91.248 2275.085 -23.956 825.958 380.096 586.09 976.868 218.506 1495.972 811.005 -35.095 1100.159 -4989.014 -346.375 78.888 -673.828 13.123 282.288 2216.644 441.895 1348.877 1175.995 687.714 -1104.431 999.756 260.468 449.982 416.107 257.874 2516.174 2259.521 实验室 1 074
4325127 4728 2025/10/29 10:46:35 P15 0 0 0 0 0 0 0 126.801 326.08 1674.805 782.166 2204.59 738.22 3789.063 77.515 106.049 2273.56 -23.804 825.806 381.012 586.853 976.715 219.269 1497.192 811.005 -33.722 1100.006 -4989.472 -350.952 82.55 -670.471 14.038 279.541 2217.255 441.284 1349.792 1175.995 688.324 -1100.922 999.603 259.705 458.527 418.396 251.77 2515.869 2257.996 实验室 1 074
4325128 4728 2025/10/29 10:46:36 P15 0 0 0 0 0 0 0 127.716 327.148 1675.873 783.234 2204.437 737.915 3789.673 37.384 91.248 2283.02 -23.956 825.195 380.402 586.548 977.325 217.896 1496.582 810.547 -33.417 1100.769 -4990.845 -344.696 78.583 -673.37 13.275 280.151 2218.475 440.979 1350.708 1176.3 688.629 -1098.633 1000.061 261.078 456.848 417.481 256.195 2516.479 2259.064 实验室 1 074
4325129 4728 2025/10/29 10:46:37 P15 0 0 0 0 0 0 0 126.648 327.606 1675.568 783.997 2205.048 736.389 3789.215 62.866 56.305 2276.306 -23.651 825.348 380.554 586.7 976.563 217.59 1497.65 810.394 -36.163 1100.616 -4991.607 -360.107 81.024 -655.823 13.733 281.677 2218.628 441.742 1350.861 1178.131 691.071 -1100.311 1000.366 259.705 457.611 419.159 256.043 2515.564 2259.521 实验室 1 074
4325130 4728 2025/10/29 10:46:38 P15 0 0 0 0 0 0 0 127.258 328.98 1676.178 783.539 2205.353 737.61 3789.52 47.607 34.637 2269.592 -23.956 825.501 380.707 587.006 977.478 217.285 1496.582 809.631 -34.485 1100.769 -4991.913 -402.527 79.346 -651.398 13.886 280.914 2219.238 440.979 1352.386 1178.436 690.002 -1098.175 1000.671 260.62 459.137 419.159 259.094 2515.564 2260.59 实验室 1 074
4325131 4728 2025/10/29 10:46:39 P15 0 0 0 0 0 0 0 126.495 329.285 1676.483 783.844 2205.963 737.305 3789.825 21.21 222.473 2285.461 -23.651 825.501 379.639 587.463 977.325 216.827 1496.429 809.631 -34.79 1101.227 -4990.387 -433.044 79.956 -662.689 13.886 282.135 2220.001 442.81 1353.302 1178.131 693.512 -1094.055 1001.129 259.399 458.221 418.549 260.01 2515.411 2258.453 实验室 1 074
4325132 4728 2025/10/29 10:46:40 P15 0 0 0 0 0 0 0 126.801 328.827 1678.467 784.149 2206.421 737.457 3789.673 5.798 348.206 2286.224 -23.804 825.501 380.402 587.311 976.715 216.675 1497.192 809.937 -34.943 1101.074 -4989.624 -449.829 78.888 -640.106 13.58 281.525 2220.612 441.589 1354.828 1177.979 693.97 -1098.48 1001.587 260.01 454.712 418.549 254.517 2515.564 2259.521 实验室 1 074
4325133 4728 2025/10/29 10:46:41 P15 0 0 0 0 0 0 0 126.648 327.606 1677.856 784.912 2207.184 738.678 3789.825 19.073 246.277 2284.241 -24.567 823.975 380.402 588.379 977.631 216.675 1497.192 809.937 -32.959 1100.769 -4989.929 -458.221 81.94 -630.798 13.733 284.424 2221.069 440.979 1354.675 1178.589 692.902 -1102.142 1000.977 258.789 467.377 416.412 256.195 2516.022 2257.843 实验室 1 074
4325134 4728 2025/10/29 10:46:42 P15 0 0 0 0 0 0 0 126.801 326.691 1677.246 785.37 2206.573 738.373 3789.52 34.79 218.964 2279.053 -23.804 824.432 380.249 588.074 977.02 215.454 1497.345 809.326 -34.485 1100.006 -4989.472 -451.05 80.719 -686.035 13.886 281.372 2221.222 441.589 1355.133 1179.199 694.428 -1098.328 1001.434 259.857 465.851 412.598 258.331 2515.411 2259.369 实验室 1 074
4325135 4728 2025/10/29 10:46:43 P15 0 0 0 0 0 0 0 126.953 329.285 1678.925 784.454 2206.726 738.068 3791.504 0.61 305.328 2274.628 -23.651 824.89 380.249 588.226 977.173 215.607 1497.192 809.326 -34.027 1099.396 -4989.929 -458.221 78.43 -691.834 13.123 283.966 2222.748 441.742 1356.354 1179.81 696.411 -1093.903 1001.892 259.399 462.036 416.565 258.484 2515.869 2258.606 实验室 1 074
4325136 4728 2025/10/29 10:46:44 P15 0 0 0 0 0 0 0 126.648 328.674 1678.619 784.454 2208.252 737.763 3789.52 29.907 187.531 2282.257 -24.261 823.822 380.707 588.989 977.173 216.217 1497.65 810.089 -34.027 1100.464 -4988.861 -450.134 78.278 -686.798 13.886 284.882 2222.748 441.589 1357.88 1179.657 698.395 -1100.769 1001.587 259.399 458.069 419.617 256.805 2514.954 2259.521 实验室 1 074
4325137 4728 2025/10/29 10:46:45 P15 0 0 0 0 0 0 0 126.343 330.963 1677.856 784.76 2207.642 737.915 3791.199 62.561 103.607 2289.429 -23.804 823.364 378.418 589.6 977.631 215.302 1497.345 809.326 -33.722 1100.922 -4989.472 -398.254 81.177 -670.319 13.886 282.898 2222.748 441.437 1358.032 1180.725 695.801 -1098.48 1002.35 259.399 459.137 422.363 254.517 2516.327 2257.69 实验室 1 074
4325138 4728 2025/10/29 10:46:46 P15 0 0 0 0 0 0 0 126.495 326.843 1679.077 785.98 2207.031 737.763 3788.757 62.408 88.043 2301.178 -23.193 823.364 379.486 589.142 977.02 214.539 1497.498 808.716 -33.875 1100.922 -4989.319 -366.974 81.329 -667.419 13.428 281.982 2223.969 441.895 1359.558 1181.335 696.411 -1096.039 1002.197 258.637 457.306 423.889 261.231 2515.564 2258.911 实验室 1 074
4325139 4728 2025/10/29 10:46:47 P15 0 0 0 0 0 0 0 126.648 329.59 1679.535 786.591 2208.099 739.288 3790.588 24.567 143.28 2300.11 -23.956 823.822 379.639 589.142 976.715 213.928 1497.955 809.784 -34.332 1100.464 -4990.234 -327.759 87.28 -667.419 13.733 284.119 2224.579 441.437 1359.558 1180.573 699.005 -1100.311 1002.96 259.857 465.241 423.889 261.993 2516.632 2259.369 实验室 1 074
4325140 4728 2025/10/29 10:46:48 P15 0 0 0 0 0 0 0 126.648 327.606 1679.84 785.828 2208.862 738.373 3790.894 55.237 253.296 2297.821 -24.261 822.754 380.402 589.752 977.478 214.844 1497.498 808.563 -35.4 1100.464 -4992.218 -307.159 79.346 -661.011 13.58 284.424 2224.579 442.047 1360.779 1180.725 699.005 -1099.854 1002.655 259.247 468.445 424.652 258.637 2515.564 2258.606 实验室 1 074
4325141 4728 2025/10/29 10:46:49 P15 0 0 0 0 0 0 0 125.732 330.048 1681.213 785.675 2209.473 737.457 3789.978 25.94 298.92 2291.87 -24.109 824.127 380.096 590.21 977.631 214.844 1497.345 807.953 -34.332 1100.769 -4992.676 -297.089 78.278 -651.245 13.733 282.288 2225.037 441.284 1360.779 1181.335 697.327 -1097.26 1002.808 258.331 458.374 424.347 258.331 2515.717 2258.606 实验室 1 074
4325142 4728 2025/10/29 10:46:50 P15 0 0 0 0 0 0 0 126.648 328.217 1681.061 786.285 2208.71 738.831 3791.199 26.855 246.887 2299.5 -23.804 822.449 379.944 590.363 977.325 213.318 1498.413 807.8 -34.18 1100.311 -4992.523 -269.013 78.888 -712.738 13.733 285.797 2227.02 441.437 1361.694 1181.335 701.141 -1098.938 1002.96 259.399 457.459 422.058 259.705 2516.479 2258.759 实验室 1 074
4325143 4728 2025/10/29 10:46:51 P15 0 0 0 0 0 0 0 126.648 327.759 1680.908 787.048 2209.32 738.373 3789.825 40.588 212.555 2276.917 -23.193 823.669 379.639 590.057 978.088 213.776 1497.345 808.868 -34.027 1100.006 -4989.166 -287.018 80.414 -702.82 13.428 284.729 2227.02 440.979 1363.068 1181.946 702.515 -1096.497 1003.265 259.552 467.682 421.448 257.568 2514.496 2259.521 实验室 1 074
4325144 4728 2025/10/29 10:46:52 P15 0 0 0 0 0 0 0 126.343 327.911 1681.519 786.438 2209.625 738.983 3789.215 16.479 204.773 2296.143 -23.956 822.754 379.639 590.973 978.394 213.165 1496.887 807.8 -32.959 1100.464 -4989.166 -323.334 80.719 -734.253 13.733 285.645 2227.02 441.589 1363.068 1181.946 702.82 -1098.785 1003.723 258.789 473.785 421.448 260.01 2516.327 2260.742 实验室 1 074
4325145 4728 2025/10/29 10:46:53 P15 0 0 0 0 0 0 0 126.495 330.963 1682.434 787.048 2210.388 737.915 3790.741 53.406 157.776 2301.941 -23.346 823.517 379.334 590.363 977.478 212.555 1496.887 807.953 -33.722 1101.379 -4989.624 -329.285 79.041 -727.692 13.428 282.135 2227.325 441.742 1364.136 1183.014 701.752 -1097.26 1004.639 257.874 467.377 422.363 259.705 2516.479 2259.521 实验室 1 074
4325146 4728 2025/10/29 10:46:54 P15 0 0 0 0 0 0 0 126.038 331.116 1682.434 787.964 2210.236 738.22 3789.825 36.163 118.713 2299.347 -24.109 823.059 379.944 591.278 977.936 212.25 1497.192 807.953 -33.875 1100.616 -4989.929 -319.061 82.397 -705.109 14.038 285.339 2228.088 441.437 1365.356 1182.709 702.21 -1095.734 1004.486 258.331 468.14 422.211 254.822 2515.869 2258.301 实验室 1 074
4325147 4728 2025/10/29 10:46:55 P15 0 0 0 0 0 0 0 126.343 329.59 1682.129 787.659 2210.541 739.136 3790.588 26.398 194.702 2288.513 -23.651 822.144 379.639 590.668 977.478 211.945 1497.192 808.258 -33.569 1100.616 -4989.319 -308.228 78.735 -715.79 13.428 283.966 2229.309 442.2 1365.662 1183.167 703.125 -1094.971 1004.333 259.399 468.903 424.957 264.893 2516.022 2259.369 实验室 1 074
4325148 4728 2025/10/29 10:46:56 P15 0 0 0 0 0 0 0 126.038 333.405 1682.739 787.811 2211.456 737.61 3789.063 43.793 248.566 2315.369 -23.499 822.449 379.486 591.431 977.478 211.334 1496.887 808.106 -34.943 1100.769 -4989.014 -310.516 81.329 -708.923 13.428 283.203 2229.767 442.2 1367.035 1183.624 701.904 -1102.6 1004.181 258.331 477.6 426.025 258.789 2514.954 2259.064 实验室 1 074
4325149 4728 2025/10/29 10:46:57 P15 0 0 0 0 0 0 0 126.648 330.2 1682.129 787.964 2210.693 737.305 3790.283 -4.425 212.555 2311.249 -23.956 821.075 379.639 591.431 977.478 211.029 1496.887 807.495 -34.485 1100.922 -4990.54 -332.947 78.735 -709.076 14.038 284.119 2230.835 442.81 1367.95 1183.777 704.041 -1099.548 1004.791 259.552 468.903 424.957 259.094 2516.632 2258.148 实验室 1 074
4325150 4728 2025/10/29 10:46:58 P15 0 0 0 0 0 0 0 125.732 329.59 1682.892 788.574 2212.677 737.763 3789.368 19.836 129.395 2315.979 -23.956 821.991 379.944 592.499 978.241 211.029 1496.887 808.106 -33.875 1100.922 -4991.455 -354.614 79.803 -724.945 14.038 282.745 2230.682 441.895 1367.95 1183.929 703.583 -1098.938 1005.096 258.637 465.851 428.009 254.669 2515.564 2258.301 实验室 1 074
4325151 4728 2025/10/29 10:46:59 P15 0 0 0 0 0 0 0 125.732 329.59 1683.35 788.574 2212.067 738.678 3789.673 14.801 138.092 2308.044 -23.651 821.686 379.334 592.041 977.478 210.877 1496.887 807.8 -33.722 1100.922 -4991.303 -359.955 78.43 -747.833 13.733 284.424 2230.072 442.658 1369.171 1184.692 704.804 -1096.497 1005.096 258.637 469.513 425.873 258.484 2516.174 2256.165 实验室 1 074
4325152 4728 2025/10/29 10:47:00 P15 0 0 0 0 0 0 0 125.58 333.557 1684.113 788.879 2212.524 738.068 3789.215 36.316 186.31 2313.385 -24.109 822.144 379.944 592.804 978.088 210.571 1497.345 807.19 -34.485 1100.311 -4992.371 -380.859 78.888 -772.553 14.343 285.645 2231.903 440.826 1369.781 1184.998 704.651 -1094.666 1005.859 258.026 469.055 428.467 260.01 2515.869 2258.759 实验室 1 074
4325153 4728 2025/10/29 10:47:01 P15 0 0 0 0 0 0 0 125.275 329.437 1686.249 789.032 2212.219 738.525 3789.368 14.801 218.201 2319.336 -24.109 821.838 379.028 593.109 978.088 210.419 1496.735 806.732 -34.027 1101.074 -4991.76 -389.557 81.329 -734.558 14.648 285.339 2231.903 440.216 1370.392 1185.303 706.94 -1096.191 1005.707 259.399 474.701 427.246 254.211 2516.174 2259.064 实验室 1 074
4325154 4728 2025/10/29 10:47:02 P15 0 0 0 0 0 0 0 125.427 331.574 1684.265 789.337 2213.44 738.678 3788.91 60.272 144.348 2319.489 -23.651 821.686 379.334 592.346 978.088 210.114 1496.582 806.274 -33.417 1100.311 -4989.472 -398.254 81.177 -746.307 13.733 285.645 2232.056 442.2 1371.918 1186.218 708.618 -1102.448 1006.012 259.857 469.36 427.094 259.094 2515.717 2260.742 实验室 1 074
4325155 4728 2025/10/29 10:47:03 P15 0 0 0 0 0 0 0 125.732 332.336 1684.265 788.879 2212.83 738.831 3789.52 70.801 114.136 2309.265 -24.261 821.075 379.639 592.804 978.088 209.351 1496.582 806.427 -34.027 1100.769 -4989.776 -377.502 80.872 -729.675 13.733 286.713 2232.666 441.895 1372.681 1185.913 708.771 -1096.954 1005.859 259.094 470.734 431.519 258.484 2515.869 2258.301 实验室 1 074
4325156 4728 2025/10/29 10:47:04 P15 0 0 0 0 0 0 0 126.038 328.827 1685.791 790.405 2214.355 737.915 3790.283 40.741 81.94 2316.895 -23.804 821.533 379.486 593.872 978.546 209.198 1496.887 806.427 -34.332 1100.464 -4990.082 -379.639 82.397 -737.457 14.801 285.797 2233.429 441.284 1372.986 1185.455 709.381 -1094.666 1006.47 258.026 481.873 432.892 262.146 2515.717 2254.639 实验室 1 074
4325157 4728 2025/10/29 10:47:05 P15 0 0 0 0 0 0 0 125.732 332.947 1685.486 789.642 2214.661 738.831 3789.063 37.689 17.242 2314.148 -23.956 820.618 379.334 593.262 977.936 209.045 1497.65 806.732 -34.637 1100.006 -4989.929 -384.979 81.329 -745.697 13.733 287.933 2234.344 440.674 1373.749 1186.981 709.534 -1092.682 1006.165 258.179 468.75 434.113 264.74 2515.717 2261.81 实验室 1 074
4325158 4728 2025/10/29 10:47:06 P15 0 0 0 0 0 0 0 124.664 328.522 1687.317 789.948 2214.661 738.678 3791.351 50.964 17.853 2325.897 -24.109 820.923 379.181 593.262 978.699 209.351 1496.429 805.664 -34.637 1100.616 -4989.319 -417.786 81.024 -767.059 13.733 286.102 2234.192 441.132 1373.444 1186.676 712.891 -1096.191 1006.622 258.026 480.194 433.35 260.468 2516.785 2258.301 实验室 1 074
4325159 4728 2025/10/29 10:47:07 P15 0 0 0 0 0 0 0 125.58 333.099 1685.638 789.948 2214.508 738.678 3789.215 28.534 -34.18 2312.927 -23.651 820.923 378.876 593.262 977.783 208.588 1496.124 805.817 -32.959 1100.616 -4989.472 -428.925 79.041 -773.01 13.733 286.865 2235.107 441.284 1376.038 1187.286 713.348 -1125.031 1006.775 259.399 473.48 433.807 260.162 2514.801 2258.148 实验室 1 074
4325160 4728 2025/10/29 10:47:08 P15 0 0 0 0 0 0 0 125.427 330.353 1686.707 790.558 2215.881 738.831 3790.588 63.477 -75.684 2301.178 -23.804 820.77 379.334 593.414 977.783 207.977 1496.735 806.274 -32.959 1101.074 -4989.929 -438.538 82.397 -779.877 14.343 287.476 2235.107 441.132 1374.512 1187.744 712.738 -1126.099 1006.775 258.026 475.617 429.688 258.484 2516.022 2258.453 实验室 1 074
4325161 4728 2025/10/29 10:47:09 P15 0 0 0 0 0 0 0 124.817 332.794 1686.401 790.405 2215.576 738.525 3788.605 51.27 -1.831 2311.096 -24.414 820.313 380.249 593.872 978.394 208.435 1496.277 805.969 -33.264 1100.006 -4990.692 -410.461 79.498 -806.58 14.343 283.814 2236.023 441.895 1376.038 1187.592 713.654 -1109.619 1006.622 259.705 481.262 432.739 258.942 2515.411 2259.827 实验室 1 074
4325162 4728 2025/10/29 10:47:10 P15 0 0 0 0 0 0 0 125.427 330.811 1687.469 790.558 2214.661 737.763 3789.673 55.847 88.501 2322.388 -24.261 820.465 379.334 594.33 978.394 207.52 1495.819 805.206 -34.332 1101.074 -4991.303 -400.696 80.109 -809.021 13.733 286.865 2236.023 441.284 1376.495 1187.592 713.196 -1100.464 1007.843 257.874 481.11 433.502 255.89 2516.022 2258.759 实验室 1 074
4325163 4728 2025/10/29 10:47:11 P15 0 0 0 0 0 0 0 125.427 333.099 1687.775 790.71 2216.034 738.068 3789.825 39.368 176.849 2332.764 -23.193 820.77 379.028 594.33 978.546 207.214 1495.667 805.054 -35.4 1101.837 -4992.065 -389.404 80.872 -769.196 13.733 286.255 2237.701 441.589 1377.869 1187.744 711.975 -1111.908 1008.301 257.874 481.873 434.113 265.198 2515.259 2258.148 实验室 1 074
4325164 4728 2025/10/29 10:47:12 P15 0 0 0 0 0 0 0 126.19 333.099 1687.317 791.016 2216.034 739.441 3789.063 28.839 246.277 2325.287 -23.193 820.618 379.181 594.788 979.309 206.909 1494.904 805.206 -34.637 1100.464 -4993.134 -385.132 82.703 -731.506 13.733 288.696 2237.549 441.589 1378.021 1188.812 711.975 -1105.042 1007.996 258.026 475.922 434.113 260.315 2515.717 2262.573 实验室 1 074
4325165 4728 2025/10/29 10:47:13 P15 0 0 0 0 0 0 0 125.122 333.405 1687.622 791.473 2216.187 738.983 3791.809 32.654 209.503 2330.322 -23.956 820.618 378.265 594.33 978.088 206.604 1495.361 805.206 -34.027 1101.379 -4991.76 -346.985 79.346 -736.694 14.038 287.781 2237.244 441.742 1378.784 1189.423 713.806 -1102.142 1007.996 258.179 472.717 435.181 260.773 2515.564 2258.911 实验室 1 074
4325166 4728 2025/10/29 10:47:14 P15 0 0 0 0 0 0 0 125.427 330.2 1688.385 791.321 2216.187 738.525 3789.978 55.542 178.223 2326.965 -23.346 820.313 379.181 594.33 978.851 206.604 1494.751 804.749 -33.722 1101.685 -4990.997 -332.031 79.346 -766.907 13.58 287.781 2238.007 441.742 1379.7 1188.507 713.806 -1109.772 1008.759 258.484 482.33 434.723 261.078 2515.717 2261.047 实验室 1 074
4325167 4728 2025/10/29 10:47:15 P15 0 0 0 0 0 0 0 124.664 334.015 1688.232 791.016 2216.644 738.831 3790.741 15.564 155.335 2335.51 -24.109 820.313 378.571 594.635 978.546 206.451 1495.819 804.443 -33.875 1101.532 -4989.624 -341.644 79.346 -789.795 13.123 288.849 2238.77 440.826 1380.463 1189.575 714.264 -1103.668 1008.606 257.874 479.584 438.995 258.331 2516.174 2252.96 实验室 1 074
4325168 4728 2025/10/29 10:47:16 P15 0 0 0 0 0 0 0 124.97 332.031 1689.148 791.473 2218.018 739.288 3789.215 50.964 212.402 2333.679 -23.804 819.855 379.181 594.788 978.851 205.994 1495.667 804.596 -33.417 1101.99 -4989.624 -338.44 77.82 -815.582 16.022 288.696 2239.38 441.437 1380.615 1189.88 716.553 -1111.145 1008.453 257.721 480.194 436.707 262.146 2515.411 2258.148 实验室 1 074
4325169 4728 2025/10/29 10:47:17 P15 0 0 0 0 0 0 0 125.275 329.59 1690.369 791.321 2216.797 738.983 3789.978 23.499 209.045 2320.251 -24.109 819.855 378.876 595.856 978.546 205.231 1494.751 804.596 -33.722 1100.922 -4989.472 -342.407 81.177 -792.694 14.038 289.459 2239.838 441.284 1381.531 1189.575 718.689 -1101.99 1008.606 257.721 485.382 436.401 260.01 2516.174 2259.521 实验室 1 074
4325170 4728 2025/10/29 10:47:18 P15 0 0 0 0 0 0 0 124.207 333.252 1689.758 791.168 2217.865 738.983 3789.978 43.945 237.427 2330.322 -24.109 819.397 379.334 595.703 978.394 206.299 1494.598 804.901 -33.264 1100.769 -4989.929 -360.87 78.583 -823.059 14.496 291.138 2240.448 441.284 1382.294 1190.491 717.468 -1102.448 1008.911 258.179 484.009 439.148 261.536 2515.411 2261.658 实验室 1 074
4325171 4728 2025/10/29 10:47:19 P15 0 0 0 0 0 0 0 125.122 330.505 1689.911 791.473 2219.238 738.983 3789.063 6.256 154.114 2333.374 -24.261 819.092 379.181 595.703 978.394 204.773 1494.751 804.291 -34.485 1100.616 -4990.845 -370.789 79.651 -791.626 14.191 290.375 2239.838 441.589 1383.057 1191.101 720.673 -1105.804 1009.216 258.179 487.366 439.453 260.925 2515.717 2253.876 实验室 1 074
4325172 4728 2025/10/29 10:47:20 P15 0 0 0 0 0 0 0 124.97 334.625 1690.216 791.931 2218.17 738.525 3791.656 36.316 116.73 2347.412 -23.499 819.092 378.723 596.161 978.699 205.078 1493.683 803.68 -34.485 1101.227 -4991.607 -360.565 80.566 -758.057 13.733 290.985 2241.211 441.284 1383.362 1191.254 719.452 -1107.025 1009.521 258.179 491.943 442.047 261.993 2516.479 2256.622 实验室 1 074
4325173 4728 2025/10/29 10:47:21 P15 0 0 0 0 0 0 0 124.817 332.794 1690.369 792.236 2218.628 738.831 3789.215 -3.967 175.476 2347.565 -23.499 819.397 378.876 595.551 978.088 204.926 1493.683 803.528 -34.027 1101.837 -4992.065 -372.162 79.041 -782.318 14.648 290.07 2241.516 441.895 1384.277 1191.406 720.673 -1100.159 1009.064 258.484 489.807 441.589 258.942 2515.411 2259.369 实验室 1 074
4325174 4728 2025/10/29 10:47:22 P15 0 0 0 0 0 0 0 124.664 330.2 1690.369 791.931 2218.018 739.136 3789.825 57.373 266.113 2344.971 -23.804 818.634 379.181 596.924 979.157 204.773 1493.835 804.291 -33.722 1101.074 -4992.676 -327.301 79.041 -797.577 15.106 291.29 2241.058 440.826 1385.04 1191.254 721.283 -1100.616 1009.216 259.094 487.671 440.979 264.893 2516.174 2256.165 实验室 1 074
4325175 4728 2025/10/29 10:47:23 P15 0 0 0 0 0 0 0 124.359 331.726 1691.132 791.779 2219.543 739.441 3789.673 40.283 251.923 2333.069 -24.109 819.397 379.028 596.771 978.088 204.468 1493.988 804.138 -33.569 1100.769 -4992.828 -286.56 82.245 -810.547 15.259 290.527 2242.279 441.132 1386.261 1192.169 724.793 -1100.311 1009.674 257.874 490.265 439.148 263.214 2515.411 2255.554 实验室 1 074
4325176 4728 2025/10/29 10:47:24 P15 0 0 0 0 0 0 0 124.664 332.489 1690.826 792.389 2218.781 738.983 3790.283 49.896 155.487 2343.14 -23.956 818.481 378.571 596.314 979.309 203.857 1492.767 803.223 -34.18 1101.227 -4990.54 -263.214 80.109 -774.994 14.496 293.579 2243.042 441.895 1386.108 1191.711 724.64 -1105.652 1010.284 258.789 492.401 443.42 260.315 2514.954 2261.81 实验室 1 074
4325177 4728 2025/10/29 10:47:25 P15 0 0 0 0 0 0 0 124.664 333.252 1691.742 791.473 2220.154 738.831 3790.894 29.907 53.558 2334.442 -23.804 818.024 380.096 597.534 979.157 203.705 1494.293 803.833 -33.569 1101.227 -4989.776 -260.01 80.414 -824.432 14.191 292.664 2242.889 441.437 1387.024 1192.169 723.877 -1099.396 1009.979 257.568 495.911 442.505 258.331 2517.242 2259.216 实验室 1 074
4325178 4728 2025/10/29 10:47:26 P15 0 0 0 0 0 0 0 124.207 331.421 1691.895 792.389 2219.238 739.136 3788.605 62.866 71.869 2353.058 -23.956 818.024 378.571 598.145 979.157 204.163 1492.767 803.528 -34.637 1101.074 -4989.472 -284.882 81.482 -825.348 14.496 292.969 2243.805 441.132 1387.024 1192.474 723.419 -1100.922 1010.742 259.857 487.061 446.014 261.231 2516.479 2254.333 实验室 1 074
4325179 4728 2025/10/29 10:47:27 P15 0 0 0 0 0 0 0 125.427 333.099 1692.352 792.236 2219.238 739.594 3790.741 7.019 92.926 2340.698 -23.804 818.024 378.418 597.534 979.309 203.247 1492.462 803.375 -33.569 1101.227 -4990.234 -300.293 80.566 -830.078 13.58 291.138 2244.72 441.284 1387.939 1192.78 724.487 -1100.769 1010.437 258.637 486.45 442.963 263.977 2515.869 2259.216 实验室 1 074
4325180 4728 2025/10/29 10:47:28 P15 0 0 0 0 0 0 0 124.207 335.236 1692.81 792.236 2219.849 738.525 3788.91 56.915 123.596 2337.952 -23.651 818.176 378.265 597.076 979.157 202.332 1492.462 802.307 -34.18 1101.99 -4990.692 -311.89 81.024 -825.501 14.801 293.121 2243.805 441.437 1388.702 1192.322 721.588 -1096.954 1011.047 257.568 488.739 444.946 262.299 2515.564 2259.827 实验室 1 074
4325181 4728 2025/10/29 10:47:29 P15 0 0 0 0 0 0 0 124.054 332.794 1691.742 792.236 2220.459 738.831 3791.199 48.981 143.127 2345.581 -23.804 818.024 378.265 598.145 978.851 202.942 1491.699 803.223 -33.569 1100.922 -4992.218 -329.285 77.972 -833.588 14.648 292.511 2244.415 441.284 1389.465 1193.237 721.588 -1092.987 1010.284 258.484 489.502 445.709 261.231 2517.395 2258.606 实验室 1 074
4325182 4728 2025/10/29 10:47:30 P15 0 0 0 0 0 0 0 124.207 332.794 1692.2 792.084 2221.527 740.051 3789.368 43.945 268.25 2351.685 -23.499 817.719 379.028 597.229 979.004 202.484 1492.462 803.528 -32.501 1101.074 -4992.371 -337.677 80.109 -818.634 15.564 291.596 2245.026 440.979 1390.991 1194.305 722.656 -1091.156 1010.895 259.552 488.586 445.557 261.231 2515.717 2260.742 实验室 1 074
4325183 4728 2025/10/29 10:47:31 P15 0 0 0 0 0 0 0 124.054 329.59 1693.268 792.236 2221.985 739.288 3790.894 40.588 277.863 2350.006 -23.956 816.956 378.723 599.213 979.157 202.637 1491.699 803.833 -33.417 1101.379 -4992.676 -334.778 78.278 -823.059 14.648 294.342 2245.636 440.674 1390.228 1193.695 721.588 -1093.75 1010.742 258.637 500.946 443.268 260.315 2516.632 2255.096 实验室 1 074
4325184 4728 2025/10/29 10:47:32 P15 0 0 0 0 0 0 0 124.817 330.963 1693.726 792.999 2220.306 738.678 3790.588 36.469 310.974 2357.941 -23.804 816.956 377.96 597.992 979.767 201.721 1491.241 802.002 -33.722 1100.616 -4989.929 -249.481 81.177 -872.955 14.343 295.258 2246.857 440.979 1391.754 1193.695 721.893 -1101.074 1011.353 258.179 492.859 446.167 262.604 2516.632 2257.233 实验室 1 074
4325185 4728 2025/10/29 10:47:33 P15 0 0 0 0 0 0 0 124.359 334.473 1693.573 793.152 2221.68 739.441 3788.91 0.916 255.585 2365.875 -23.956 816.498 378.723 598.145 978.699 201.721 1490.936 801.849 -33.417 1101.837 -4989.472 -219.727 80.261 -853.272 15.106 294.8 2246.857 440.369 1392.822 1194.763 720.673 -1098.022 1011.353 258.026 485.992 444.641 264.435 2515.564 2258.606 实验室 1 074
4325186 4728 2025/10/29 10:47:34 P15 0 0 0 0 0 0 0 125.122 334.93 1695.099 792.694 2221.375 740.051 3789.673 27.466 204.62 2354.736 -24.109 816.956 377.808 598.297 979.919 201.263 1490.479 802.46 -33.112 1101.074 -4989.472 -263.672 81.482 -875.397 14.648 294.037 2247.162 440.826 1392.822 1194.458 721.588 -1107.635 1011.81 258.789 489.655 444.946 260.62 2516.632 2257.843 实验室 1 074
4325187 4728 2025/10/29 10:47:35 P15 0 0 0 0 0 0 0 124.207 334.473 1694.183 792.999 2222.137 740.204 3789.52 54.779 269.775 2363.281 -24.567 816.956 378.265 599.67 979.919 201.111 1490.479 802.307 -32.959 1101.532 -4989.014 -281.677 81.177 -890.35 14.648 296.783 2247.925 440.216 1393.127 1194.763 724.03 -1100.922 1011.963 259.247 488.281 447.388 266.419 2515.411 2256.927 实验室 1 074
4325188 4728 2025/10/29 10:47:36 P15 0 0 0 0 0 0 0 125.122 335.693 1695.557 793.152 2221.985 739.136 3789.52 42.419 227.051 2363.892 -23.956 816.803 378.418 599.823 979.462 200.653 1490.021 802.002 -33.875 1101.99 -4989.319 -284.729 79.956 -866.699 14.648 294.19 2248.23 440.674 1394.653 1194.916 723.572 -1097.107 1012.878 258.942 498.81 445.709 263.214 2515.259 2260.132 实验室 1 074
4325189 4728 2025/10/29 10:47:37 P15 0 0 0 0 0 0 0 124.054 336.151 1694.641 793.304 2221.832 740.204 3791.199 43.182 233.154 2359.009 -24.414 817.413 377.96 599.365 979.767 200.653 1490.631 801.849 -33.264 1101.685 -4991.455 -265.808 81.024 -847.473 15.259 293.732 2248.383 441.284 1394.806 1195.526 724.945 -1095.734 1011.963 258.331 500.794 446.472 261.536 2516.632 2261.2 实验室 1 074
4325190 4728 2025/10/29 10:47:38 P15 0 0 0 0 0 0 0 123.749 333.862 1696.32 793.304 2222.748 739.288 3788.91 23.651 180.054 2356.72 -23.956 816.193 378.723 599.67 980.072 200.806 1490.021 802.002 -34.027 1102.6 -4991.76 -274.353 80.872 -837.708 14.954 296.631 2248.688 440.674 1395.721 1195.526 726.776 -1101.99 1012.115 260.01 499.573 448.456 261.231 2515.869 2259.521 实验室 1 074
4325191 4728 2025/10/29 10:47:39 P15 0 0 0 0 0 0 0 124.207 337.982 1695.862 794.067 2222.595 739.288 3789.215 19.073 140.381 2361.755 -23.193 816.193 377.808 599.976 979.462 200.043 1489.716 801.086 -34.18 1101.99 -4992.828 -261.536 81.329 -890.045 14.648 296.173 2249.146 441.589 1396.027 1196.594 727.539 -1094.818 1012.878 258.637 499.115 445.709 263.062 2515.564 2259.216 实验室 1 074
4325192 4728 2025/10/29 10:47:40 P15 0 0 0 0 0 0 0 123.291 334.778 1696.014 793.61 2223.663 739.746 3790.741 12.665 167.847 2362.823 -24.261 815.888 378.418 599.365 980.225 200.348 1489.716 801.392 -34.18 1101.685 -4990.387 -251.312 81.024 -877.38 14.801 296.478 2249.298 440.979 1397.095 1196.747 727.539 -1102.6 1012.573 259.247 496.521 449.524 264.587 2516.632 2257.538 实验室 1 074
4325193 4728 2025/10/29 10:47:41 P15 0 0 0 0 0 0 0 124.054 336.914 1695.557 794.373 2223.663 739.441 3789.673 40.436 144.043 2364.655 -24.109 816.65 377.502 599.976 979.309 199.738 1489.563 801.544 -34.485 1101.837 -4989.014 -243.988 65.46 -856.323 14.038 296.326 2249.603 440.826 1397.247 1196.899 725.25 -1105.194 1013.184 258.484 506.439 449.982 261.078 2515.717 2258.911 实验室 1 074
4325194 4728 2025/10/29 10:47:42 P15 0 0 0 0 0 0 0 123.596 334.473 1696.167 793.304 2223.206 740.051 3790.894 70.648 159.607 2361.603 -24.567 815.735 377.96 600.739 979.767 199.127 1488.953 801.392 -32.806 1101.685 -4989.624 -223.389 79.346 -843.353 15.259 296.478 2249.756 441.284 1397.552 1196.442 726.624 -1101.379 1013.184 259.094 514.984 453.339 268.707 2517.09 2258.759 实验室 1 074
4325195 4728 2025/10/29 10:47:43 P15 0 0 0 0 0 0 0 123.901 335.388 1697.083 794.373 2223.358 740.662 3790.436 -6.561 208.13 2361.908 -24.109 816.345 377.808 599.365 979.919 199.28 1488.342 800.781 -32.959 1102.295 -4989.776 -209.198 83.313 -860.138 15.564 298.615 2250.824 440.826 1399.078 1197.968 725.25 -1102.6 1014.099 258.637 504.913 450.745 263.214 2514.954 2257.996 实验室 1 074
4325196 4728 2025/10/29 10:47:44 P15 0 0 0 0 0 0 0 123.596 334.625 1697.083 794.22 2223.816 740.051 3789.215 47.913 245.361 2357.635 -24.261 815.277 378.265 599.976 979.767 199.432 1488.037 801.544 -33.417 1101.99 -4989.319 -207.977 81.329 -889.587 14.801 300.14 2251.282 440.369 1398.926 1197.205 726.318 -1104.736 1013.489 259.705 498.047 449.219 261.841 2516.479 2258.301 实验室 1 074
4325197 4728 2025/10/29 10:47:45 P15 0 0 0 0 0 0 0 123.749 335.999 1697.388 793.915 2224.121 740.967 3790.436 41.199 216.827 2362.823 -24.261 815.735 377.808 600.891 980.377 199.738 1487.579 800.781 -33.112 1101.837 -4990.234 -195.007 80.109 -885.773 15.411 299.072 2251.434 440.674 1399.994 1198.12 724.945 -1105.194 1013.336 260.62 501.556 449.677 260.925 2516.174 2254.639 实验室 1 074
4325198 4728 2025/10/29 10:47:46 P15 0 0 0 0 0 0 0 124.207 335.388 1698.303 793.457 2223.663 739.746 3789.368 28.381 242.462 2379.303 -23.651 815.888 378.418 600.739 980.53 198.364 1487.122 800.324 -32.959 1101.99 -4991.913 -187.225 81.329 -915.527 14.496 298.615 2252.808 440.521 1400.452 1197.815 725.861 -1106.11 1013.947 259.857 500.794 448.761 262.909 2515.259 2258.453 实验室 1 074
4325199 4728 2025/10/29 10:47:47 P15 0 0 0 0 0 0 0 124.359 336.151 1699.219 793.915 2224.579 739.746 3791.809 38.147 187.073 2369.08 -23.804 815.43 377.655 600.433 981.293 198.212 1486.816 800.781 -32.959 1101.837 -4991.15 -196.991 80.872 -910.492 14.648 297.546 2252.655 441.437 1401.062 1197.968 726.624 -1101.685 1014.404 259.705 501.862 452.423 267.944 2516.327 2259.064 实验室 1 074
4325200 4728 2025/10/29 10:47:48 P15 0 0 0 0 0 0 0 123.596 335.541 1697.388 794.22 2225.342 740.204 3788.605 45.319 272.064 2364.502 -24.719 814.514 377.808 601.349 980.377 198.669 1486.664 800.934 -33.569 1101.99 -4990.082 -219.269 84.229 -915.222 14.191 298.157 2252.197 441.132 1401.825 1198.273 729.218 -1106.567 1013.794 258.942 505.219 451.202 258.789 2516.327 2258.453 实验室 1 074
4325201 4728 2025/10/29 10:47:49 P15 0 0 0 0 0 0 0 123.291 336.914 1698.151 794.373 2225.189 740.051 3790.894 50.507 278.778 2361.45 -23.956 814.362 377.35 601.196 980.682 197.907 1486.359 800.629 -33.569 1101.837 -4989.472 -258.026 80.414 -932.312 14.954 299.53 2254.333 440.979 1401.672 1198.273 726.471 -1102.295 1014.099 259.705 508.27 451.05 261.231 2516.479 2260.132 实验室 1 074
4325202 4728 2025/10/29 10:47:50 P15 0 0 0 0 0 0 0 123.749 338.287 1699.066 795.441 2225.952 739.899 3788.91 50.507 231.018 2372.284 -23.956 815.43 377.35 601.502 980.225 197.449 1486.969 799.713 -33.569 1102.753 -4990.387 -274.048 80.872 -903.626 15.564 299.683 2253.418 441.132 1402.588 1199.036 728.76 -1104.126 1014.862 259.247 506.287 453.796 262.146 2515.106 2258.301 实验室 1 074
4325203 4728 2025/10/29 10:47:51 P15 0 0 0 0 0 0 0 123.596 333.862 1699.219 795.136 2225.494 740.204 3790.283 27.924 95.978 2375.336 -23.499 814.972 377.502 601.959 980.377 197.449 1485.901 799.561 -34.18 1102.448 -4989.929 -291.443 79.346 -918.579 15.259 299.53 2253.876 441.132 1403.809 1198.73 730.133 -1106.415 1015.167 259.247 507.355 452.423 263.214 2516.479 2259.521 实验室 1 074
4325204 4728 2025/10/29 10:47:52 P15 0 0 0 0 0 0 0 122.986 335.236 1698.608 794.373 2226.563 740.662 3789.52 7.935 131.226 2371.216 -24.261 813.904 377.655 602.112 981.14 197.601 1485.901 799.713 -32.196 1102.295 -4990.54 -280.914 79.651 -908.661 14.954 301.666 2254.333 440.979 1403.809 1199.036 729.981 -1101.532 1014.557 260.01 505.981 453.186 263.062 2515.259 2258.911 实验室 1 074
4325205 4728 2025/10/29 10:47:53 P15 0 0 0 0 0 0 0 123.596 336.151 1699.829 793.915 2226.105 740.356 3788.757 40.436 88.043 2371.674 -24.109 814.209 377.96 602.264 980.377 196.686 1485.596 799.103 -32.959 1101.837 -4991.913 -271.454 80.414 -910.034 14.496 300.14 2255.402 440.521 1404.419 1198.883 729.675 -1104.431 1014.709 260.162 497.742 455.78 259.552 2515.564 2259.521 实验室 1 074
4325206 4728 2025/10/29 10:47:54 P15 0 0 0 0 0 0 0 123.749 335.693 1699.829 794.22 2225.8 740.662 3790.436 34.79 33.569 2373.81 -23.956 813.904 377.197 601.807 980.53 196.838 1484.985 799.408 -33.569 1101.074 -4991.607 -244.293 81.177 -918.427 14.954 299.377 2255.096 441.437 1405.182 1199.646 727.539 -1104.431 1015.015 260.01 502.777 455.017 260.315 2516.174 2263.336 实验室 1 074
4325207 4728 2025/10/29 10:47:55 P15 0 0 0 0 0 0 0 123.138 337.677 1699.219 794.525 2227.325 740.814 3789.52 34.79 23.499 2379.303 -24.109 814.667 378.723 602.57 980.377 196.228 1485.138 799.408 -33.264 1101.685 -4989.929 -251.77 79.956 -933.228 14.648 299.377 2256.165 441.437 1405.792 1200.256 728.912 -1102.295 1015.32 259.705 500.641 455.017 262.909 2515.259 2259.216 实验室 1 074
4325208 4728 2025/10/29 10:47:56 P15 0 0 0 0 0 0 0 123.291 335.693 1699.524 794.525 2226.715 740.662 3789.215 54.169 79.041 2376.709 -24.414 813.599 378.265 602.112 980.53 196.533 1484.68 800.476 -33.264 1101.685 -4989.472 -269.47 82.092 -908.814 15.411 301.666 2254.486 440.369 1406.25 1200.104 731.506 -1103.21 1014.862 260.01 510.254 455.78 262.146 2515.411 2259.827 实验室 1 074
4325209 4728 2025/10/29 10:47:57 P15 0 0 0 0 0 0 0 123.138 332.642 1701.508 794.373 2226.868 740.509 3790.894 13.886 118.713 2390.289 -23.804 813.599 377.197 602.722 981.293 195.77 1484.07 798.645 -32.501 1101.379 -4989.624 -277.252 81.635 -920.868 14.648 300.14 2256.622 440.521 1406.555 1199.951 734.253 -1094.36 1015.167 260.773 506.287 457.611 262.299 2516.174 2256.775 实验室 1 074
4325210 4728 2025/10/29 10:47:58 P15 0 0 0 0 0 0 0 122.986 338.135 1700.897 794.373 2227.325 740.967 3789.063 40.588 182.037 2383.728 -23.804 813.294 377.35 603.027 981.598 196.075 1483.917 799.103 -32.806 1102.142 -4989.624 -286.56 80.109 -918.121 14.343 300.903 2256.317 440.674 1407.471 1200.714 733.337 -1105.194 1015.32 260.468 500.488 454.407 265.198 2515.564 2258.911 实验室 1 074
4325211 4728 2025/10/29 10:47:59 P15 0 0 0 0 0 0 0 123.749 338.287 1701.66 794.83 2226.868 740.814 3789.978 36.926 158.234 2384.644 -24.414 812.988 377.045 602.875 980.682 195.77 1483.459 798.492 -33.417 1101.379 -4989.776 -267.639 81.787 -943.451 14.343 301.514 2256.622 440.674 1407.623 1200.104 734.863 -1095.886 1015.32 259.705 499.42 451.965 262.146 2516.327 2257.538 实验室 1 074
4325212 4728 2025/10/29 10:48:00 P15 0 0 0 0 0 0 0 122.986 336.609 1700.745 794.373 2228.546 739.899 3789.215 67.291 167.389 2391.357 -24.719 812.988 377.502 602.722 980.225 195.16 1483.765 798.34 -33.722 1101.99 -4990.54 -236.816 81.177 -939.636 15.106 302.734 2256.47 441.132 1408.691 1201.172 735.321 -1103.21 1015.625 260.01 507.202 451.66 266.419 2515.106 2258.606 实验室 1 074
4325213 4728 2025/10/29 10:48:01 P15 0 0 0 0 0 0 0 123.138 339.05 1701.05 795.593 2227.783 740.051 3788.91 36.621 165.71 2395.325 -23.956 813.446 376.74 603.18 980.682 195.313 1483.459 798.34 -32.806 1102.142 -4991.607 -249.329 82.092 -940.094 15.869 302.124 2257.08 440.521 1409.912 1201.782 736.237 -1099.091 1015.93 260.62 506.897 454.559 264.587 2515.717 2258.606 实验室 1 074
4325214 4728 2025/10/29 10:48:02 P15 0 0 0 0 0 0 0 122.986 340.118 1701.202 794.83 2228.241 740.509 3789.215 41.199 150.604 2388.153 -24.719 813.141 377.808 603.333 980.53 195.77 1482.697 798.645 -33.264 1102.448 -4992.371 -223.084 83.16 -942.23 15.106 303.65 2257.996 440.369 1409.149 1200.867 737 -1096.497 1015.93 261.536 509.491 456.696 262.756 2515.411 2263.336 实验室 1 074
4325215 4728 2025/10/29 10:48:03 P15 0 0 0 0 0 0 0 122.986 338.593 1700.745 794.678 2229.156 739.899 3789.215 23.346 114.288 2389.679 -24.567 812.378 377.655 603.638 980.53 193.939 1482.391 797.882 -33.722 1102.142 -4992.676 -235.291 79.803 -968.323 15.564 302.887 2257.538 440.674 1410.828 1202.24 739.441 -1102.905 1015.93 260.925 510.712 460.51 261.993 2515.106 2259.521 实验室 1 074
4325216 4728 2025/10/29 10:48:04 P15 0 0 0 0 0 0 0 122.833 335.999 1702.271 794.373 2227.783 740.509 3790.436 49.438 175.476 2385.559 -24.109 812.988 377.045 604.248 980.835 194.702 1481.781 798.34 -33.417 1101.532 -4990.692 -233.765 81.787 -999.146 14.343 301.971 2258.301 440.064 1410.065 1201.782 739.746 -1098.938 1016.541 260.925 511.475 455.627 262.756 2517.09 2258.759 实验室 1 074
4325217 4728 2025/10/29 10:48:05 P15 0 0 0 0 0 0 0 123.291 336.914 1702.423 794.983 2228.394 740.662 3789.52 41.046 169.22 2387.085 -23.956 812.988 377.197 603.943 980.682 194.397 1482.086 797.577 -34.027 1102.142 -4989.776 -244.598 82.855 -992.127 14.954 302.124 2258.301 441.284 1410.675 1201.935 739.136 -1100.006 1016.388 262.299 507.813 458.221 269.775 2515.564 2258.606 实验室 1 074
4325218 4728 2025/10/29 10:48:06 P15 0 0 0 0 0 0 0 123.444 335.388 1702.423 794.22 2229.004 740.662 3790.283 26.093 151.978 2389.679 -23.956 812.683 377.197 604.248 980.53 193.939 1481.781 797.119 -32.959 1101.837 -4989.776 -277.71 81.94 -977.325 14.954 301.209 2258.301 440.979 1411.743 1202.24 738.983 -1096.344 1016.388 261.231 501.862 459.137 263.519 2516.327 2256.622 实验室 1 074
4325219 4728 2025/10/29 10:48:07 P15 0 0 0 0 0 0 0 123.444 335.083 1703.644 794.067 2228.546 740.814 3789.063 35.095 155.792 2391.357 -23.804 812.683 376.434 604.248 981.751 193.634 1481.323 797.73 -32.654 1102.753 -4989.776 -291.596 80.719 -974.121 14.954 303.65 2259.827 440.979 1412.048 1201.935 737.61 -1096.497 1016.541 261.231 511.932 458.832 263.672 2515.259 2259.369 实验室 1 074
4325220 4728 2025/10/29 10:48:08 P15 0 0 0 0 0 0 0 122.376 338.287 1702.423 794.22 2228.546 740.814 3789.368 35.706 185.852 2393.799 -23.956 811.92 377.35 603.943 981.293 194.092 1480.713 798.035 -33.112 1101.685 -4988.708 -271.149 80.566 -993.347 15.259 303.65 2259.521 439.911 1412.201 1202.24 736.694 -1106.11 1016.846 261.383 512.695 457.001 262.451 2516.022 2259.979 实验室 1 074
4325221 4728 2025/10/29 10:48:09 P18 0 0 0 0 0 0 0 122.986 340.729 1702.576 794.22 2229.919 740.356 3789.825 45.471 143.738 2394.104 -23.956 811.768 377.197 604.401 981.445 193.787 1480.713 798.035 -33.722 1101.837 -4989.776 -260.315 81.177 -985.565 15.259 302.734 2259.216 440.826 1413.574 1202.545 737.457 -1102.295 1016.541 260.01 515.9 460.815 263.672 2516.632 2258.606 实验室 1 074
4325222 4728 2025/10/29 10:48:10 P18 0 0 0 0 0 0 0 122.681 335.846 1704.254 794.22 2229.309 739.899 3790.283 33.112 66.528 2395.325 -23.956 811.768 376.74 603.79 980.988 193.024 1480.103 797.424 -33.264 1101.837 -4989.472 -229.492 80.719 -980.988 15.106 303.955 2259.827 441.895 1413.574 1202.545 738.831 -1106.567 1017.456 260.62 511.627 457.306 265.045 2515.259 2258.606 实验室 1 074
4325223 4728 2025/10/29 10:48:11 P18 0 0 0 0 0 0 0 122.986 335.541 1703.491 793.762 2230.225 739.746 3790.588 40.588 89.569 2399.902 -24.414 811.157 376.74 604.401 981.14 193.481 1479.645 797.272 -34.18 1101.685 -4992.676 -231.323 80.566 -978.088 15.259 304.108 2259.064 440.979 1414.337 1203.156 738.068 -1105.804 1017.151 262.756 515.9 455.933 263.672 2516.327 2258.759 实验室 1 074
4325224 4728 2025/10/29 10:48:12 P18 0 0 0 0 0 0 0 122.528 340.576 1703.796 793.915 2229.614 740.509 3788.91 41.656 113.22 2398.987 -24.719 811.768 376.587 605.316 980.682 193.024 1480.56 796.814 -33.722 1101.99 -4993.286 -259.399 81.329 -962.372 15.106 303.803 2260.742 440.979 1414.185 1203.003 735.931 -1105.957 1017.151 261.231 507.355 456.848 262.756 2514.648 2262.878 实验室 1 074
4325225 4728 2025/10/29 10:48:13 P18 0 0 0 0 0 0 0 122.528 339.356 1705.017 794.373 2229.919 740.662 3790.436 15.259 85.297 2392.883 -24.109 811.615 376.892 605.774 981.293 192.566 1479.187 796.967 -33.112 1101.685 -4992.065 -294.037 81.024 -983.276 15.564 304.108 2260.132 440.521 1414.185 1203.461 739.441 -1100.616 1017.151 261.383 514.526 458.527 261.231 2516.174 2253.723 实验室 1 074
4325226 4728 2025/10/29 10:48:14 P18 0 0 0 0 0 0 0 122.376 335.541 1703.644 793.457 2229.919 741.272 3789.215 73.853 99.792 2388.458 -23.956 810.7 376.282 562.897 981.598 192.719 1478.424 797.882 -32.349 1101.685 -4990.845 -334.625 80.261 -993.5 14.954 304.108 2261.505 439.758 1413.727 1249.237 741.577 -1084.9 1026.917 261.688 511.169 458.221 264.435 2515.717 2260.284 实验室 1 074
4325227 4728 2025/10/29 10:48:15 P18 0 0 0 0 0 0 0 122.376 336.914 1705.475 785.523 2230.835 740.662 3789.52 46.692 197.754 2391.663 -24.872 810.852 376.892 532.99 980.988 192.566 1479.187 808.868 -29.449 1102.295 -4989.776 -388.794 81.024 -1004.791 15.564 304.871 2268.829 438.69 1410.828 1279.602 737.305 -1047.668 1054.993 261.383 515.137 457.459 261.841 2515.869 2258.759 实验室 1 074
4325228 4728 2025/10/29 10:48:16 P18 0 0 0 0 0 0 0 122.528 337.982 1705.322 758.667 2230.53 742.645 3789.978 10.376 314.331 2386.78 -24.414 810.242 375.519 532.074 982.056 192.566 1478.271 816.04 -22.43 1102.142 -4989.319 -388.336 80.566 -1024.475 14.954 278.626 2290.802 438.995 1411.896 1280.518 736.694 -1020.355 1067.81 262.146 512.543 459.9 264.13 2515.717 2259.827 实验室 1 074
4325229 4728 2025/10/29 10:48:17 P18 0 0 0 0 0 0 0 122.681 341.187 1705.322 713.348 2230.53 752.106 3789.368 61.035 406.494 2397.461 -23.193 810.242 377.502 541.382 984.192 191.803 1478.271 815.888 -16.174 1102.142 -4989.166 -354.614 81.94 -988.464 15.411 221.1 2314.911 438.995 1422.729 1270.752 736.694 -1007.996 1068.42 262.451 526.886 461.273 262.909 2516.479 2258.759 实验室 1 074
4325230 4728 2025/10/29 10:48:18 P18 0 0 0 0 0 0 0 124.97 348.358 1706.238 658.722 2230.835 766.296 3792.114 63.782 340.271 2399.292 -21.973 810.089 381.775 561.218 989.685 192.108 1480.56 809.326 -10.834 1105.804 -4989.776 -341.187 81.787 -977.783 15.411 170.136 2336.273 439.453 1444.092 1257.019 736.389 -1005.249 1060.486 260.925 513.763 462.036 265.961 2516.022 2261.353 实验室 1 074
4325231 4728 2025/10/29 10:48:19 P18 0 0 0 0 0 0 0 126.801 370.331 1707.306 601.959 2229.767 782.013 3790.283 8.087 193.024 2397.003 -20.599 810.7 392.609 589.294 997.467 192.413 1487.885 800.476 -8.087 1113.281 -4989.166 -301.819 79.346 -1024.78 15.106 125.427 2350.616 441.895 1468.811 1240.234 737.457 -992.584 1047.974 259.094 511.78 459.9 263.825 2515.564 2261.2 实验室 1 074
4325232 4728 2025/10/29 10:48:20 P18 0 0 0 0 0 0 0 130.768 406.189 1710.663 549.164 2224.731 796.661 3791.504 12.36 77.362 2395.02 -19.989 812.683 415.039 620.728 1011.963 191.65 1504.211 784.454 -7.629 1126.556 -4989.166 -285.645 79.651 -1026.764 15.411 96.436 2363.129 444.489 1492.615 1222.534 730.591 -939.331 1031.342 256.195 509.949 459.747 269.623 2516.022 2259.521 实验室 1 074
4325233 4728 2025/10/29 10:48:21 P18 0 0 0 0 0 0 0 135.498 458.069 1718.292 508.575 2215.118 807.037 3789.673 -9.155 49.133 2410.583 -19.989 818.024 441.132 635.223 1030.273 191.04 1530.304 766.449 -7.172 1146.088 -4989.929 -271.301 82.092 -1035.461 14.801 92.163 2364.502 449.066 1505.127 1205.75 737.152 -886.841 1011.658 251.617 508.27 460.663 261.231 2515.106 2257.538 实验室 1 074
4325234 4728 2025/10/29 10:48:22 P18 0 0 0 0 0 0 0 140.381 496.826 1728.058 475.159 2201.08 810.7 3790.131 20.142 95.52 2398.376 -20.294 825.806 467.682 639.038 1051.331 190.277 1564.941 748.138 -7.629 1170.959 -4990.387 -304.565 80.872 -1072.693 16.632 108.337 2359.009 453.186 1502.075 1188.049 736.084 -855.103 986.176 247.955 512.695 460.053 255.432 2515.869 2258.759 实验室 1 074
4325235 4728 2025/10/29 10:48:23 P18 0 0 0 0 0 0 0 141.754 484.619 1736.755 447.998 2180.481 809.631 3789.368 40.588 218.201 2402.802 -20.752 835.571 489.044 637.665 1071.472 190.277 1601.868 728.455 -8.392 1195.679 -4990.997 -295.563 81.482 -1106.567 16.174 147.858 2350.464 457.459 1486.359 1170.502 738.22 -843.506 957.642 240.173 520.935 462.799 254.211 2515.259 2256.622 实验室 1 074
4325236 4728 2025/10/29 10:48:24 P18 0 0 0 0 0 0 0 140.839 451.965 1744.232 424.042 2154.694 802.002 3789.673 24.109 282.745 2403.87 -21.82 842.133 501.251 636.749 1088.257 190.582 1635.895 708.008 -9.308 1217.346 -4992.828 -319.977 82.092 -1141.357 15.717 174.255 2337.952 457.306 1465.759 1154.022 735.626 -841.37 922.394 227.356 522.919 461.884 242.462 2516.327 2258.911 实验室 1 074
4325237 4728 2025/10/29 10:48:25 P18 0 0 0 0 0 0 0 140.839 426.025 1750.488 398.712 2123.871 790.1 3790.588 30.823 403.29 2408.905 -23.041 842.59 508.118 631.409 1098.328 190.43 1664.734 687.714 -10.681 1236.725 -4991.303 -347.443 82.703 -1211.09 14.343 208.435 2324.371 455.322 1440.43 1137.695 737.457 -846.71 886.536 209.961 520.172 464.63 223.389 2516.174 2258.606 实验室 1 074
4325238 4728 2025/10/29 10:48:26 P18 0 0 0 0 0 0 0 137.634 415.802 1750.793 377.045 2087.555 777.741 3789.825 30.518 727.234 2410.889 -23.804 835.266 507.813 626.831 1101.685 191.04 1688.08 668.945 -12.207 1249.847 -4990.54 -313.263 81.482 -1270.752 15.717 243.53 2308.96 448.914 1412.811 1122.131 739.136 -854.645 852.814 191.956 523.224 463.715 213.318 2515.717 2259.216 实验室 1 074
4325239 4728 2025/10/29 10:48:27 P18 0 0 0 0 0 0 0 135.803 414.887 1750.793 354.462 2048.035 762.94 3789.825 96.13 1056.213 2413.635 -24.109 822.449 505.219 620.422 1100.311 190.582 1705.627 650.482 -14.038 1259.46 -4989.166 -298.462 81.635 -1333.16 15.564 271.606 2291.87 439.453 1383.514 1107.635 739.746 -869.598 822.754 174.255 514.526 466.156 200.195 2516.479 2261.353 实验室 1 074
4325240 4728 2025/10/29 10:48:28 P18 0 0 0 0 0 0 0 133.514 422.974 1748.962 333.71 2004.395 747.833 3790.588 87.433 1268.311 2413.788 -24.567 802.46 501.099 613.403 1093.903 190.735 1716.156 633.85 -17.09 1264.343 -4989.014 -290.833 81.635 -1363.831 15.717 294.342 2275.238 428.467 1353.455 1091.919 735.474 -882.111 796.051 156.708 516.205 465.241 180.206 2515.717 2258.148 实验室 1 074
4325241 4728 2025/10/29 10:48:29 P18 0 0 0 0 0 0 0 130.615 432.434 1744.08 314.026 1956.177 733.337 3789.673 83.466 1475.525 2403.87 -24.109 780.182 494.69 605.164 1084.595 190.735 1721.954 617.523 -20.447 1266.479 -4989.776 -284.424 81.177 -1404.724 15.717 305.786 2254.944 417.633 1323.547 1077.118 730.133 -894.318 773.163 141.296 517.12 466.003 166.931 2515.869 2263.489 实验室 1 074
4325242 4728 2025/10/29 10:48:30 P18 0 0 0 0 0 0 0 128.784 452.271 1738.892 294.342 1905.06 716.705 3791.199 144.501 1630.096 2397.003 -24.261 756.073 489.197 596.161 1073.456 191.803 1722.412 602.57 -23.499 1266.174 -4989.166 -225.372 79.193 -1447.144 16.632 291.748 2236.328 405.884 1292.114 1063.232 726.013 -908.051 753.326 126.343 519.562 462.952 155.792 2516.785 2258.606 实验室 1 074
4325243 4728 2025/10/29 10:48:31 P18 0 0 0 0 0 0 0 126.953 470.123 1730.347 275.116 1850.891 702.515 3789.673 139.16 1693.726 2410.431 -23.804 730.591 482.178 587.463 1060.944 190.582 1718.292 588.074 -25.635 1261.444 -4989.624 -130.92 81.94 -1456.451 15.717 252.228 2217.255 392.456 1261.139 1049.652 723.724 -910.339 733.49 114.441 522.919 462.036 148.621 2515.259 2257.69 实验室 1 074
4325244 4728 2025/10/29 10:48:32 P18 0 0 0 0 0 0 0 125.427 485.687 1722.87 258.789 1794.586 688.477 3789.825 173.645 1697.845 2386.169 -23.193 705.566 475.769 577.545 1048.279 191.04 1709.9 574.799 -27.771 1256.561 -4990.082 -40.131 81.787 -1455.688 16.632 208.588 2197.723 380.554 1230.316 1037.903 723.419 -919.19 715.637 102.387 517.12 460.968 139.465 2517.395 2258.606 实验室 1 074
4325245 4728 2025/10/29 10:48:33 P18 0 0 0 0 0 0 0 123.596 492.401 1712.952 246.887 1736.45 674.286 3789.52 208.13 1861.115 2380.066 -22.278 680.389 469.208 567.474 1034.241 191.803 1698.914 561.676 -30.518 1248.932 -4989.776 57.068 81.787 -1478.119 16.327 165.1 2178.802 368.958 1201.019 1025.696 718.689 -931.702 698.395 92.011 513.306 459.442 128.174 2515.411 2260.437 实验室 1 074
4325246 4728 2025/10/29 10:48:34 P18 0 0 0 0 0 0 0 121.46 485.84 1701.202 239.868 1677.399 660.706 3789.978 187.988 1829.376 2371.063 -22.43 654.907 462.189 558.167 1020.355 192.261 1684.418 550.079 -32.806 1240.845 -4992.523 121.765 81.482 -1467.285 16.785 124.664 2158.813 358.582 1172.485 1012.878 714.264 -937.347 682.526 83.16 512.695 456.543 120.697 2516.785 2262.573 实验室 1 074
4325247 4728 2025/10/29 10:48:35 P18 0 0 0 0 0 0 0 119.629 465.241 1688.538 234.985 1617.432 647.583 3791.656 189.972 1723.175 2354.431 -22.278 631.561 455.17 547.638 1006.47 193.024 1667.328 538.483 -35.095 1231.689 -4992.676 184.021 82.397 -1479.187 16.937 78.735 2140.198 347.748 1144.409 1001.129 709.992 -941.773 667.267 74.768 512.695 456.39 115.662 2517.7 2258.606 实验室 1 074
4325248 4728 2025/10/29 10:48:36 P18 0 0 0 0 0 0 0 119.324 430.603 1677.704 222.015 1557.922 634.766 3788.91 201.111 1508.789 2341.461 -21.973 608.063 449.524 537.262 992.279 193.787 1648.407 528.717 -36.621 1222.534 -4991.455 244.293 81.635 -1473.999 17.09 32.349 2120.667 337.067 1118.774 990.143 702.667 -943.451 653.381 66.223 504.15 453.949 111.694 2515.259 2259.216 实验室 1 074
4325249 4728 2025/10/29 10:48:37 P18 0 0 0 0 0 0 0 117.035 393.829 1664.429 205.841 1500.092 622.406 3790.894 223.084 1330.719 2318.573 -23.193 587.311 442.963 527.954 978.088 193.176 1628.571 518.189 -37.994 1212.158 -4990.54 305.023 83.618 -1468.048 17.7 -1.068 2101.746 327.148 1092.682 978.851 697.632 -953.674 639.496 59.509 501.862 449.829 107.727 2516.327 2259.521 实验室 1 074
4325250 4728 2025/10/29 10:48:38 P18 0 0 0 0 0 0 0 115.814 363.464 1651.764 189.362 1442.719 611.115 3789.52 147.095 1222.229 2318.726 -23.651 565.949 437.012 518.189 964.356 194.855 1606.75 509.033 -40.131 1201.324 -4988.861 383.453 82.397 -1449.738 17.09 -31.433 2082.977 319.214 1069.183 968.933 692.291 -952.454 628.51 52.795 502.93 448.456 100.708 2513.885 2258.911 实验室 1 074
4325251 4728 2025/10/29 10:48:39 P18 0 0 0 0 0 0 0 114.746 323.181 1639.099 174.713 1388.092 599.365 3789.215 196.686 1044.617 2289.124 -23.651 546.875 429.993 508.728 950.928 195.313 1585.083 500.336 -39.673 1191.711 -4988.861 386.81 80.566 -1419.983 17.548 -52.948 2065.887 309.448 1046.906 959.168 684.204 -955.2 618.439 47.607 495.3 445.404 98.572 2515.564 2258.606 实验室 1 074
4325252 4728 2025/10/29 10:48:40 P18 0 0 0 0 0 0 0 113.22 289.764 1625.519 162.201 1334.381 589.142 3791.046 197.754 1008.911 2280.273 -23.651 527.954 424.957 498.962 937.5 195.77 1561.584 491.791 -43.03 1180.573 -4990.845 432.587 82.55 -1416.931 17.242 -57.22 2047.119 302.734 1025.543 949.097 677.185 -970.306 609.741 41.809 481.11 443.573 96.436 2516.632 2263.947 实验室 1 074
4325253 4728 2025/10/29 10:48:41 P18 0 0 0 0 0 0 0 112.305 260.315 1612.396 151.825 1283.722 577.24 3789.063 189.972 1060.791 2260.59 -23.804 510.407 419.769 490.723 924.683 196.075 1539.459 483.093 -43.182 1169.586 -4993.286 449.829 82.55 -1405.487 17.7 -51.88 2029.877 294.19 1005.402 940.247 668.335 -971.069 600.586 37.231 477.753 434.113 93.689 2515.106 2256.622 实验室 1 074
4325254 4728 2025/10/29 10:48:42 P18 0 0 0 0 0 0 0 110.931 225.983 1599.579 141.602 1234.131 567.169 3790.283 221.71 1025.085 2252.502 -23.804 494.69 414.429 482.788 912.17 195.923 1515.198 475.922 -38.91 1159.668 -4990.54 485.23 83.16 -1390.228 17.853 -36.316 2012.634 287.781 986.939 930.634 660.553 -964.05 593.414 32.196 466.461 428.009 90.332 2515.564 2258.911 实验室 1 074
4325255 4728 2025/10/29 10:48:43 P18 0 0 0 0 0 0 0 109.863 200.348 1586.151 134.125 1186.829 557.251 3790.588 236.969 933.838 2232.361 -23.651 479.431 409.241 473.938 899.353 196.228 1493.835 468.597 -25.94 1148.071 -4989.776 518.341 84.534 -1399.231 18.311 -15.259 1995.697 280.457 968.933 922.241 652.161 -964.203 585.938 28.076 469.971 426.636 86.365 2516.632 2259.064 实验室 1 074
4325256 4728 2025/10/29 10:48:44 P18 0 0 0 0 0 0 0 108.337 176.544 1573.181 126.495 1141.357 547.791 3788.91 195.923 858.917 2204.285 -23.041 463.562 405.731 466.309 887.604 196.838 1470.184 461.884 4.272 1137.39 -4989.929 543.823 80.872 -1407.318 18.158 7.782 1979.675 273.438 953.064 914.154 641.632 -963.898 580.75 24.261 461.884 421.448 88.806 2516.174 2259.064 实验室 1 074
4325257 4728 2025/10/29 10:48:45 P18 0 0 0 0 0 0 0 108.185 158.691 1563.11 120.544 1096.497 537.872 3789.215 181.732 759.888 2192.535 -22.583 450.592 399.933 458.679 876.312 197.296 1447.754 455.17 51.88 1127.014 -4992.523 576.172 80.261 -1399.384 18.616 23.499 1963.501 268.25 935.669 905.457 633.087 -964.661 574.951 20.294 458.984 415.039 86.975 2516.022 2254.791 实验室 1 074
4325258 4728 2025/10/29 10:48:46 P18 0 0 0 0 0 0 0 107.575 146.179 1550.14 115.967 1054.993 529.633 3790.436 175.781 732.727 2173.309 -22.278 436.401 395.508 451.66 865.173 198.364 1425.781 449.066 112.763 1116.333 -4990.692 572.968 80.566 -1355.591 18.158 34.18 1948.09 261.841 920.715 897.369 624.237 -969.086 570.221 17.242 461.578 416.565 82.703 2516.174 2258.606 实验室 1 074
4325259 4728 2025/10/29 10:48:47 P18 0 0 0 0 0 0 0 105.743 138.55 1536.56 109.711 1014.709 520.172 3790.131 160.37 691.223 2147.522 -22.888 424.5 391.083 445.252 853.577 198.669 1404.266 442.81 182.037 1104.279 -4988.861 583.801 82.703 -1334.076 18.616 36.774 1932.373 256.195 906.372 889.587 617.218 -962.219 565.338 13.733 447.846 409.546 83.771 2515.564 2260.437 实验室 1 074
4325260 4728 2025/10/29 10:48:48 P18 0 0 0 0 0 0 0 105.591 135.346 1526.337 102.387 976.105 512.695 3791.046 152.435 595.856 2137.756 -22.888 411.987 387.116 439.911 844.116 199.432 1382.446 436.707 254.364 1092.682 -4989.929 598.602 81.787 -1380.31 18.616 32.349 1917.725 251.007 892.487 881.958 606.995 -966.644 561.218 11.444 439.911 402.527 82.397 2516.174 2262.115 实验室 1 074
4325261 4728 2025/10/29 10:48:49 P18 0 0 0 0 0 0 0 104.218 135.803 1514.587 95.978 939.484 503.845 3789.978 179.443 522.919 2102.966 -22.43 400.543 383.301 432.282 832.672 199.585 1361.084 431.519 321.198 1083.527 -4989.014 618.897 83.923 -1390.533 18.158 28.534 1902.161 246.582 879.517 874.786 596.771 -966.034 557.861 8.545 433.502 397.034 85.297 2515.259 2259.521 实验室 1 074
4325262 4728 2025/10/29 10:48:50 P18 0 0 0 0 0 0 0 103.912 140.381 1502.686 91.248 904.999 496.826 3792.419 152.283 559.235 2088.776 -22.888 390.32 379.334 425.72 821.686 200.348 1340.942 426.025 329.742 1072.388 -4990.692 609.589 83.008 -1383.209 18.463 21.515 1888.275 241.242 866.394 867.462 585.785 -963.287 553.284 6.104 426.788 390.167 79.803 2516.785 2258.759 实验室 1 074
4325263 4728 2025/10/29 10:48:51 P18 0 0 0 0 0 0 0 102.692 145.874 1492.004 87.433 872.345 490.112 3789.215 177.46 411.987 2077.026 -22.888 379.791 376.129 420.075 812.531 201.721 1321.869 421.448 259.247 1062.164 -4992.371 590.82 81.635 -1382.599 18.921 17.09 1873.779 236.054 854.492 860.748 578.156 -971.527 549.774 5.493 423.126 387.573 79.803 2515.259 2259.216 实验室 1 074
4325264 4728 2025/10/29 10:48:52 P18 0 0 0 0 0 0 0 101.624 154.724 1480.865 84.076 840.454 481.567 3791.504 115.509 397.644 2061.157 -23.193 368.958 372.315 414.887 801.849 202.026 1302.795 416.26 177.46 1051.331 -4993.286 605.469 81.94 -1352.539 18.768 10.681 1860.046 232.239 842.438 854.034 568.848 -970.154 546.417 3.967 423.126 384.064 76.752 2517.242 2258.301 实验室 1 074
4325265 4728 2025/10/29 10:48:53 P18 0 0 0 0 0 0 0 101.013 163.269 1472.473 79.803 811.157 474.243 3788.91 129.089 345.459 2026.978 -23.499 359.497 368.805 409.546 792.694 202.637 1284.332 411.224 98.572 1040.344 -4991.76 625.916 81.024 -1345.367 19.073 7.324 1846.466 228.272 831.757 846.863 562.134 -970.917 541.992 3.662 409.393 378.723 76.447 2516.174 2258.911 实验室 1 074
4325266 4728 2025/10/29 10:48:54 P18 0 0 0 0 0 0 0 99.945 172.882 1462.402 75.073 782.471 468.903 3791.046 146.942 194.702 2025.909 -23.041 351.715 365.295 404.358 783.539 203.705 1265.106 407.105 38.91 1029.968 -4989.776 657.806 82.397 -1339.264 18.616 4.73 1834.106 224.609 820.923 841.37 551.758 -968.323 537.567 3.357 405.884 375.214 75.226 2516.632 2257.843 实验室 1 074
4325267 4728 2025/10/29 10:48:55 P18 0 0 0 0 0 0 0 100.555 180.969 1452.789 71.106 755.615 461.426 3789.063 128.479 91.095 2011.566 -22.888 342.255 361.786 399.017 774.536 204.163 1247.711 402.527 4.883 1019.745 -4989.624 691.681 83.008 -1344.604 18.005 3.357 1820.984 220.49 810.242 834.656 545.044 -963.898 532.837 6.104 398.102 366.821 77.82 2515.411 2258.606 实验室 1 074
4325268 4728 2025/10/29 10:48:56 P18 0 0 0 0 0 0 0 99.182 189.514 1444.092 68.359 729.675 455.17 3790.894 104.37 50.201 2001.953 -23.193 334.93 359.192 395.05 766.907 204.315 1230.621 398.407 -0.763 1009.674 -4990.082 716.858 81.482 -1331.482 19.531 2.899 1807.861 216.065 800.171 828.4 534.21 -965.881 528.107 8.698 401.154 372.162 74.768 2517.09 2259.369 实验室 1 074
4325269 4728 2025/10/29 10:48:57 P18 0 0 0 0 0 0 0 99.792 195.465 1434.174 64.85 705.261 450.134 3789.063 120.85 63.782 1985.474 -22.888 326.996 355.988 389.862 757.294 204.926 1214.142 394.745 13.428 1000.061 -4989.624 737.61 83.618 -1335.144 18.158 1.984 1796.57 213.471 790.71 822.754 526.581 -968.323 522.308 14.954 389.71 363.007 72.632 2515.564 2259.369 实验室 1 074
4325270 4728 2025/10/29 10:48:58 P18 0 0 0 0 0 0 0 98.572 201.874 1426.239 61.951 682.678 443.726 3789.52 91.553 167.084 1964.417 -23.346 319.519 352.631 385.284 748.596 205.841 1198.12 390.778 34.943 989.99 -4992.218 765.839 84.534 -1358.032 19.531 2.136 1784.515 210.114 781.555 816.803 524.139 -970.306 516.052 23.804 390.778 360.26 75.684 2517.242 2257.08 实验室 1 074
4325271 4728 2025/10/29 10:48:59 P18 0 0 0 0 0 0 0 97.961 205.994 1417.084 59.662 660.248 436.859 3788.452 123.901 220.337 1946.869 -23.499 312.805 351.715 381.165 741.73 206.451 1181.641 386.658 54.779 980.835 -4992.218 768.28 83.771 -1356.354 19.226 1.984 1773.071 206.299 772.095 811.462 514.679 -971.985 510.559 32.349 384.064 356.445 74.158 2515.564 2257.69 实验室 1 074
4325272 4728 2025/10/29 10:49:00 P18 0 0 0 0 0 0 0 97.351 209.198 1410.522 57.22 638.733 431.366 3791.809 112.457 185.7 1942.444 -23.041 306.244 348.816 377.045 733.643 207.062 1166.229 382.69 67.444 971.222 -4992.065 778.198 81.482 -1338.348 18.768 1.678 1761.017 202.942 763.55 805.969 508.881 -971.527 503.998 43.64 381.928 353.699 75.073 2517.09 2258.759 实验室 1 074
4325273 4728 2025/10/29 10:49:01 P18 0 0 0 0 0 0 0 96.741 210.877 1402.893 54.169 619.202 426.483 3791.199 118.713 62.561 1933.289 -23.041 299.835 345.459 372.467 726.471 208.74 1150.97 379.791 72.479 961.151 -4989.319 782.623 81.94 -1316.681 18.921 0.458 1750.031 200.043 754.547 800.781 502.014 -969.544 498.047 58.441 379.028 346.069 73.853 2516.174 2260.284 实验室 1 074
4325274 4728 2025/10/29 10:49:02 P18 0 0 0 0 0 0 0 96.13 211.792 1394.348 52.032 599.823 420.99 3789.673 108.032 66.528 1909.027 -22.888 292.816 342.407 368.5 718.079 208.893 1136.322 376.587 71.716 951.08 -4988.861 767.67 81.94 -1326.141 18.311 0 1739.502 197.754 747.223 795.898 494.995 -972.9 491.028 77.972 379.639 345.612 74.005 2516.022 2259.064 实验室 1 074
4325275 4728 2025/10/29 10:49:03 P18 0 0 0 0 0 0 0 96.588 211.945 1388.092 49.744 583.496 416.565 3789.063 62.256 102.539 1909.18 -23.346 286.865 340.271 364.075 710.907 209.198 1123.199 372.772 66.986 942.383 -4990.082 761.261 80.261 -1373.596 18.463 1.373 1729.279 194.397 738.678 790.405 488.586 -970.459 485.535 89.722 374.756 341.492 73.09 2515.411 2260.742 实验室 1 074
4325276 4728 2025/10/29 10:49:04 P18 0 0 0 0 0 0 0 94.91 210.877 1380.615 47.607 565.186 412.14 3790.588 128.479 114.899 1895.447 -23.499 281.525 338.135 360.565 704.498 209.961 1108.093 369.568 62.866 933.991 -4989.166 746.155 86.212 -1375.58 18.616 0.153 1718.597 192.566 731.506 785.675 483.093 -971.222 480.042 107.117 370.636 336.456 71.564 2516.327 2258.606 实验室 1 074
4325277 4728 2025/10/29 10:49:05 P18 0 0 0 0 0 0 0 94.91 209.961 1372.681 45.776 549.164 406.799 3789.52 73.242 35.858 1891.022 -23.041 276.032 335.388 357.208 697.632 210.571 1094.666 367.737 57.983 925.14 -4988.251 760.956 81.94 -1419.525 18.463 0 1709.747 190.125 723.724 780.64 476.379 -971.68 472.107 130.92 368.958 331.421 74.463 2515.259 2260.132 实验室 1 074
4325278 4728 2025/10/29 10:49:06 P18 0 0 0 0 0 0 0 94.757 208.283 1366.73 43.488 534.21 402.832 3790.894 66.223 43.03 1880.798 -23.346 270.081 333.557 353.546 691.071 211.182 1081.238 364.075 54.169 916.29 -4990.082 750.732 80.872 -1426.697 18.768 0.153 1699.219 187.531 716.095 775.604 471.191 -968.018 468.292 145.111 361.939 327.454 71.869 2516.327 2259.064 实验室 1 074
4325279 4728 2025/10/29 10:49:07 P18 0 0 0 0 0 0 0 94.299 206.299 1359.863 41.656 520.172 397.949 3789.368 82.092 35.553 1860.962 -23.346 265.35 330.658 350.189 683.899 211.487 1068.726 361.633 51.27 907.898 -4989.776 716.095 77.057 -1406.555 18.616 -0.763 1689.758 184.784 708.923 770.874 464.478 -969.238 463.562 165.405 367.279 328.064 72.174 2515.869 2258.453 实验室 1 074
4325280 4728 2025/10/29 10:49:08 P18 0 0 0 0 0 0 0 93.994 202.942 1354.98 40.283 507.202 393.066 3791.504 93.689 -7.172 1849.213 -23.041 260.773 329.132 347.138 679.016 212.708 1055.298 358.734 49.591 900.421 -4990.845 729.37 80.261 -1387.939 18.463 -1.373 1680.908 182.343 701.294 766.296 460.053 -970.001 459.9 187.225 352.173 325.012 70.953 2516.174 2257.843 实验室 1 074
4325281 4728 2025/10/29 10:49:09 P18 0 0 0 0 0 0 0 94.147 201.569 1348.267 39.215 493.774 389.252 3789.52 86.06 -70.19 1839.142 -22.888 256.653 327.301 344.086 672.76 213.318 1042.786 356.293 47.76 892.181 -4990.997 725.708 80.566 -1378.784 18.768 -1.373 1670.837 180.359 695.19 762.634 454.559 -968.933 457.153 209.503 355.988 322.571 70.648 2516.022 2254.486 实验室 1 074
4325282 4728 2025/10/29 10:49:10 P18 0 0 0 0 0 0 0 93.231 199.432 1341.705 38.3 482.941 386.047 3790.436 61.188 -23.193 1851.196 -23.193 252.686 325.165 340.576 665.894 214.081 1031.799 353.394 45.929 883.942 -4991.607 700.684 84.229 -1356.354 19.226 -1.678 1661.53 178.07 688.324 758.82 447.998 -980.682 455.017 229.797 349.121 318.756 72.021 2515.717 2260.284 实验室 1 074
4325283 4728 2025/10/29 10:49:11 P18 0 0 0 0 0 0 0 92.926 197.144 1336.975 36.621 470.886 381.928 3789.368 81.94 -1.831 1836.395 -23.193 248.413 323.486 337.982 661.316 214.539 1019.135 351.563 45.776 876.617 -4992.676 671.692 81.177 -1347.809 18.311 -2.289 1653.595 176.086 681.458 753.784 442.505 -971.68 453.186 249.939 352.631 318.146 70.343 2516.174 2261.353 实验室 1 074
4325284 4728 2025/10/29 10:49:12 P18 0 0 0 0 0 0 0 93.384 195.923 1330.719 35.4 460.358 377.197 3789.673 77.209 40.588 1833.496 -23.193 244.751 321.198 334.778 655.823 214.996 1007.996 348.511 43.793 868.835 -4992.981 645.752 82.245 -1325.531 19.226 -2.747 1644.44 174.408 675.354 750.122 437.622 -966.95 451.508 267.639 353.088 312.195 70.038 2515.869 2258.148 实验室 1 074
4325285 4728 2025/10/29 10:49:13 P18 0 0 0 0 0 0 0 92.468 192.871 1325.684 33.569 450.897 373.84 3789.825 46.234 61.34 1822.968 -23.499 240.479 319.367 332.489 650.787 215.607 995.941 346.527 43.335 861.664 -4992.981 652.161 80.719 -1325.378 17.853 -3.204 1636.658 171.661 669.098 745.697 434.265 -969.238 449.982 289.917 343.018 310.669 70.953 2516.327 2256.012 实验室 1 074
4325286 4728 2025/10/29 10:49:14 P18 0 0 0 0 0 0 0 92.773 191.956 1319.885 33.112 441.742 369.568 3789.52 58.746 146.332 1819 -23.041 237.122 317.688 329.285 645.142 216.522 986.328 344.544 42.114 854.034 -4992.523 645.905 83.008 -1374.817 18.768 -3.51 1628.418 170.746 663.3 742.188 431.824 -973.816 448.456 310.059 341.187 309.448 65.46 2515.869 2257.843 实验室 1 074
4325287 4728 2025/10/29 10:49:15 P18 0 0 0 0 0 0 0 92.163 190.277 1314.545 31.586 433.197 366.821 3791.199 63.934 234.833 1802.673 -21.973 233.154 316.162 326.843 640.564 217.59 974.121 341.644 42.572 847.168 -4992.371 667.572 83.618 -1390.381 18.005 -3.662 1621.857 167.847 657.959 737.915 425.415 -970.306 446.472 329.59 341.797 303.803 69.885 2516.785 2257.843 实验室 1 074
4325288 4728 2025/10/29 10:49:16 P18 0 0 0 0 0 0 0 92.316 188.904 1310.272 30.518 424.957 364.533 3790.283 78.278 184.631 1802.063 -22.583 230.255 314.636 323.181 635.834 217.59 963.593 339.813 41.809 841.217 -4990.387 672.913 82.703 -1394.806 18.616 -3.357 1613.159 167.084 651.398 733.948 420.99 -970.306 444.946 343.323 331.879 303.65 69.275 2515.564 2260.284 实验室 1 074
4325289 4728 2025/10/29 10:49:17 P18 0 0 0 0 0 0 0 91.553 186.92 1304.779 29.602 416.718 360.87 3791.504 87.128 64.85 1789.856 -22.736 227.051 313.263 321.35 630.798 219.421 953.522 338.287 41.656 833.893 -4989.624 670.471 80.414 -1398.163 18.463 -2.899 1605.377 165.1 646.515 730.591 416.107 -970.001 440.979 353.394 332.642 299.683 66.528 2517.09 2258.301 实验室 1 074
4325290 4728 2025/10/29 10:49:18 P18 0 0 0 0 0 0 0 91.4 186.31 1300.507 28.992 409.241 356.903 3790.588 65.002 47.302 1781.616 -22.736 224.457 311.279 318.604 626.526 218.964 942.993 336.304 40.588 827.637 -4989.929 669.251 82.55 -1375.427 18.616 -4.73 1598.053 164.185 640.717 727.387 411.072 -972.443 439.758 355.988 331.116 298.92 70.038 2515.411 2256.317 实验室 1 074
4325291 4728 2025/10/29 10:49:19 P18 0 0 0 0 0 0 0 91.095 185.852 1295.319 28.839 402.222 354.309 3789.978 66.986 116.73 1767.883 -23.346 222.168 310.059 316.01 621.796 219.574 933.228 334.015 40.283 822.144 -4988.861 669.403 81.329 -1367.95 18.768 -4.883 1590.576 162.811 635.681 723.877 407.562 -973.206 436.707 351.257 337.982 295.868 70.496 2515.259 2258.759 实验室 1 074
4325292 4728 2025/10/29 10:49:20 P18 0 0 0 0 0 0 0 91.095 183.716 1290.588 27.771 395.508 351.868 3790.894 57.526 43.64 1769.257 -23.193 218.964 308.533 314.179 617.981 220.49 923.462 332.794 39.978 814.667 -4989.624 672.302 80.566 -1359.253 18.158 -4.73 1584.473 160.217 630.341 720.215 404.663 -972.138 432.282 340.729 325.165 292.358 71.106 2516.937 2257.08 实验室 1 074
4325293 4728 2025/10/29 10:49:21 P18 0 0 0 0 0 0 0 90.942 182.19 1285.706 26.398 390.32 349.274 3789.368 48.523 53.864 1774.445 -23.193 216.827 307.617 310.822 613.403 220.947 914.307 330.505 39.063 808.106 -4989.776 678.101 80.261 -1330.566 18.616 -3.967 1576.691 158.844 625.458 717.163 400.391 -972.138 428.925 320.892 324.402 293.579 70.19 2516.479 2257.233 实验室 1 074
4325294 4728 2025/10/29 10:49:22 P18 0 0 0 0 0 0 0 91.4 182.19 1281.433 25.94 383.759 345.764 3791.504 86.975 76.904 1764.069 -23.193 215.149 305.634 309.143 610.046 221.558 904.541 328.98 39.52 803.375 -4989.319 642.242 83.618 -1354.98 18.616 -3.967 1570.435 157.013 620.575 713.043 396.576 -973.053 425.568 303.955 322.571 288.391 68.97 2516.632 2258.911 实验室 1 074
4325295 4728 2025/10/29 10:49:23 P18 0 0 0 0 0 0 0 91.705 181.427 1277.313 25.33 377.35 343.17 3789.825 51.575 95.825 1755.219 -22.736 212.86 304.108 306.244 605.164 222.015 895.996 326.691 38.452 797.577 -4989.624 673.37 81.177 -1358.948 18.311 -5.035 1564.026 156.25 615.692 709.992 392.456 -972.443 422.516 269.775 315.094 288.696 70.038 2515.869 2263.184 实验室 1 074
4325296 4728 2025/10/29 10:49:24 P18 0 0 0 0 0 0 0 90.485 180.359 1272.278 24.567 373.535 341.187 3790.283 19.379 -17.09 1746.521 -23.346 211.487 303.345 304.413 601.044 223.084 887.604 326.233 38.452 791.016 -4989.472 654.297 80.109 -1358.948 18.463 -4.883 1557.465 154.724 611.572 707.092 388.184 -973.358 419.464 258.484 319.519 287.323 77.209 2516.174 2259.064 实验室 1 074
4325297 4728 2025/10/29 10:49:25 P18 0 0 0 0 0 0 0 90.332 179.749 1268.921 24.414 368.042 338.898 3790.283 20.752 -17.7 1753.845 -23.193 209.656 301.819 302.734 597.534 223.694 878.143 324.249 38.147 785.523 -4989.014 625.61 79.498 -1360.626 18.616 -4.425 1551.361 153.503 606.537 703.735 385.742 -975.494 415.955 231.323 319.977 286.255 68.512 2517.09 2257.996 实验室 1 074
4325298 4728 2025/10/29 10:49:26 P18 0 0 0 0 0 0 0 90.332 179.901 1264.038 23.346 363.77 335.388 3789.368 65.918 -27.924 1752.625 -23.956 209.045 300.446 299.53 593.72 224.152 870.514 322.723 37.231 780.64 -4989.929 608.673 81.329 -1356.659 18.158 -4.578 1544.037 151.825 602.57 701.294 381.165 -972.9 413.818 216.522 318.298 280.151 68.054 2516.785 2254.028 实验室 1 074
4325299 4728 2025/10/29 10:49:27 P18 0 0 0 0 0 0 0 90.485 179.443 1261.139 23.956 359.192 334.015 3791.809 79.956 -47.913 1743.774 -23.193 207.672 298.92 297.546 590.21 223.694 862.274 321.198 37.384 775.299 -4992.065 596.466 82.245 -1378.784 18.311 -5.493 1538.544 150.909 597.382 697.632 378.418 -975.494 411.53 191.193 323.944 280.457 69.733 2516.937 2258.453 实验室 1 074
4325300 4728 2025/10/29 10:49:28 P18 0 0 0 0 0 0 0 89.722 178.528 1256.561 22.278 355.225 330.811 3789.063 55.084 -65.308 1732.025 -23.956 207.214 297.852 295.258 586.853 225.22 854.187 319.824 36.774 770.111 -4991.913 599.976 81.482 -1383.667 18.616 -4.73 1533.203 149.078 592.957 694.885 373.993 -968.475 408.936 170.441 312.653 278.931 68.665 2515.564 2259.979 实验室 1 074
4325301 4728 2025/10/29 10:49:29 P18 0 0 0 0 0 0 0 90.79 178.07 1253.662 22.736 350.952 328.98 3790.131 78.735 29.297 1731.415 -22.43 205.536 296.173 293.121 584.259 225.678 845.49 318.451 38.3 765.076 -4992.523 589.294 80.566 -1409.607 18.005 -4.883 1527.557 148.773 588.532 691.986 371.552 -970.154 406.952 149.841 308.075 277.863 67.749 2516.022 2260.742 实验室 1 074
4325302 4728 2025/10/29 10:49:30 P18 0 0 0 0 0 0 0 90.637 177.612 1249.847 21.515 346.68 326.386 3790.741 52.795 131.531 1719.36 -22.888 205.078 294.952 291.29 581.207 225.83 837.708 317.078 36.774 760.04 -4989.624 598.755 82.397 -1375.58 18.311 -5.341 1520.691 147.4 584.259 689.24 366.974 -973.663 405.426 133.057 306.091 275.726 74.615 2515.564 2258.606 实验室 1 074
4325303 4728 2025/10/29 10:49:31 P18 0 0 0 0 0 0 0 89.569 177.155 1245.88 21.362 343.933 325.012 3791.504 65.308 309.448 1723.175 -23.346 204.62 294.647 289.612 577.698 227.509 830.231 316.315 36.469 754.395 -4989.776 592.194 80.872 -1358.337 18.463 -4.12 1515.808 145.416 579.987 685.883 367.584 -975.342 404.053 114.746 301.971 277.1 69.122 2516.785 2258.759 实验室 1 074
4325304 4728 2025/10/29 10:49:32 P18 0 0 0 0 0 0 0 90.179 177.155 1241.608 20.905 340.271 322.571 3790.741 63.477 301.819 1720.276 -23.041 203.857 292.969 287.018 574.493 227.203 822.907 314.179 35.706 751.19 -4989.624 604.096 78.888 -1334.534 18.158 -5.188 1509.705 144.959 576.172 683.289 362.244 -967.102 402.832 96.436 309.753 274.811 65.918 2516.632 2259.674 实验室 1 074
4325305 4728 2025/10/29 10:49:33 P18 0 0 0 0 0 0 0 90.79 177.002 1238.098 20.752 336.762 320.892 3789.978 8.545 253.906 1722.107 -23.499 205.689 292.206 285.645 571.442 227.661 816.04 313.11 35.858 746.307 -4989.776 608.673 81.329 -1361.542 18.311 -4.73 1504.669 144.043 571.899 680.847 360.87 -969.238 401.001 79.041 303.345 273.285 67.902 2515.564 2257.69 实验室 1 074
4325306 4728 2025/10/29 10:49:34 P18 0 0 0 0 0 0 0 90.79 176.697 1235.046 21.057 334.015 318.298 3790.894 43.64 118.866 1718.75 -22.43 204.468 291.29 283.508 568.695 228.119 808.411 311.89 35.095 741.272 -4990.082 620.422 83.771 -1381.226 18.463 -4.73 1500.092 142.365 568.085 678.253 356.445 -966.644 399.78 66.681 304.565 271.149 67.444 2516.785 2259.064 实验室 1 074
4325307 4728 2025/10/29 10:49:35 P18 0 0 0 0 0 0 0 89.111 176.697 1230.927 20.142 331.268 316.62 3789.368 66.834 -10.376 1707.306 -23.346 204.163 290.68 281.83 565.949 229.797 802.46 311.89 35.095 737.152 -4991.15 588.684 79.956 -1395.569 18.311 -4.272 1494.293 142.059 564.27 675.507 354.309 -970.306 397.644 47.607 290.527 269.318 67.902 2515.259 2258.301 实验室 1 074
4325308 4728 2025/10/29 10:49:36 P18 0 0 0 0 0 0 0 89.264 176.544 1227.875 19.684 329.285 315.399 3790.436 52.948 -12.36 1707.306 -23.041 205.536 289.154 279.999 563.507 229.492 795.288 309.753 34.79 732.422 -4992.371 574.951 80.719 -1404.724 18.921 -4.12 1488.953 140.686 560.761 673.218 352.173 -966.339 396.271 44.861 303.803 268.25 67.596 2516.632 2254.181 实验室 1 074
4325309 4728 2025/10/29 10:49:37 P18 0 0 0 0 0 0 0 89.417 177.002 1225.586 19.531 325.928 313.263 3789.825 3.815 1.678 1690.674 -23.346 206.299 288.239 278.626 561.066 229.95 787.354 308.533 34.485 729.675 -4990.997 583.801 82.092 -1393.433 19.684 -4.272 1484.528 140.228 556.793 671.082 351.257 -961.762 395.355 34.18 303.955 263.519 67.596 2515.717 2260.284 实验室 1 074
4325310 4728 2025/10/29 10:49:38 P18 0 0 0 0 0 0 0 89.874 176.086 1222.076 18.768 323.334 311.432 3792.114 61.34 38.3 1689.911 -22.583 206.146 287.17 276.184 558.167 230.866 781.097 307.922 34.637 724.64 -4989.014 588.379 81.635 -1374.664 18.311 -3.967 1479.492 139.313 553.131 667.877 347.29 -968.323 393.524 26.398 297.394 263.519 68.054 2516.937 2259.521 实验室 1 074
4325311 4728 2025/10/29 10:49:39 P18 0 0 0 0 0 0 0 89.264 175.629 1218.109 18.311 321.655 310.059 3789.673 77.057 89.874 1698.456 -23.041 207.52 286.865 275.116 555.725 232.544 775.452 307.159 34.332 720.673 -4989.624 582.581 82.245 -1369.934 17.548 -3.662 1475.22 137.482 550.537 665.741 344.391 -971.985 392.609 21.057 301.056 263.062 65.613 2515.869 2264.709 实验室 1 074
4325312 4728 2025/10/29 10:49:40 P18 0 0 0 0 0 0 0 89.569 175.171 1216.888 18.005 318.604 308.838 3789.978 46.387 72.327 1688.995 -22.888 206.451 285.492 273.895 553.284 231.781 768.89 305.328 34.637 717.316 -4990.234 575.256 83.771 -1359.558 18.158 -3.815 1471.252 136.871 546.112 663.91 342.712 -973.969 390.625 18.311 299.225 259.552 72.632 2515.411 2258.759 实验室 1 074
4325313 4728 2025/10/29 10:49:41 P18 0 0 0 0 0 0 0 89.722 175.018 1213.379 18.005 317.078 306.397 3791.504 59.509 -24.872 1684.875 -22.278 210.419 283.966 271.606 551.3 232.086 762.329 305.328 34.18 713.043 -4989.624 531.769 82.092 -1365.967 18.005 -4.272 1465.759 137.177 542.603 660.858 339.966 -976.257 389.404 14.496 295.41 259.857 65.613 2516.785 2260.895 实验室 1 074
4325314 4728 2025/10/29 10:49:42 P18 0 0 0 0 0 0 0 89.874 175.629 1208.801 17.548 315.552 305.481 3789.368 54.016 2.441 1674.805 -23.193 209.808 283.508 269.928 548.401 233.002 756.836 303.803 33.417 709.534 -4990.234 521.545 82.245 -1351.776 18.463 -3.51 1460.571 135.04 539.856 658.722 339.203 -977.478 388.031 13.886 299.377 257.874 68.054 2515.564 2258.606 实验室 1 074
4325315 4728 2025/10/29 10:49:43 P18 0 0 0 0 0 0 0 89.111 174.866 1206.055 17.548 313.873 303.192 3791.809 16.785 48.065 1684.57 -23.193 210.419 283.508 268.555 546.112 233.46 750.732 303.65 33.264 705.872 -4990.997 502.167 83.618 -1317.444 18.463 -3.204 1457.367 134.125 536.652 656.433 335.999 -971.985 385.895 14.191 291.748 258.026 66.071 2518.005 2256.775 实验室 1 074
4325316 4728 2025/10/29 10:49:44 P18 0 0 0 0 0 0 0 89.417 175.476 1203.308 17.548 312.195 302.582 3789.825 74.158 70.19 1687.927 -23.346 213.165 282.135 266.571 544.586 233.46 745.85 301.819 32.959 702.515 -4992.371 524.902 84.534 -1333.313 18.616 -3.357 1452.637 133.209 533.447 654.907 335.083 -973.663 384.216 15.259 290.985 254.517 67.444 2515.411 2257.996 实验室 1 074
4325317 4728 2025/10/29 10:49:45 P18 0 0 0 0 0 0 0 89.264 175.781 1201.324 17.853 309.143 301.056 3791.046 30.975 -16.327 1676.788 -22.43 213.471 280.914 264.435 541.382 234.222 739.594 300.598 32.806 699.31 -4991.913 538.788 81.177 -1360.626 17.853 -3.357 1448.364 133.667 528.87 651.55 333.557 -978.546 382.69 17.853 296.478 255.737 67.444 2515.869 2258.301 实验室 1 074
4325318 4728 2025/10/29 10:49:46 P18 0 0 0 0 0 0 0 89.569 174.713 1198.73 16.937 307.465 298.92 3789.52 59.357 -75.531 1673.126 -22.583 214.386 279.999 263.977 539.856 234.833 733.795 299.988 32.959 695.343 -4989.472 527.496 82.397 -1372.375 18.311 -3.51 1444.855 131.683 526.276 649.567 330.811 -973.053 381.317 19.684 291.901 255.127 66.681 2515.869 2259.521 实验室 1 074
4325319 4728 2025/10/29 10:49:47 P18 0 0 0 0 0 0 0 89.722 174.561 1195.526 16.937 305.786 296.936 3790.588 52.795 -57.831 1675.568 -23.041 216.065 279.236 261.841 538.025 234.985 728.455 299.377 32.654 692.902 -4989.166 532.379 82.092 -1394.196 18.158 -3.204 1440.735 130.615 522.614 647.43 329.285 -969.696 379.639 23.651 287.17 252.38 66.528 2515.411 2257.996 实验室 1 074
4325320 4728 2025/10/29 10:49:48 P18 0 0 0 0 0 0 0 88.806 173.95 1193.085 15.869 304.26 296.783 3789.52 35.858 -71.869 1670.685 -23.346 218.506 278.168 261.231 536.346 235.443 723.419 298.157 32.959 689.24 -4989.624 566.254 83.618 -1427.46 18.158 -3.357 1436.462 130.158 520.02 645.599 328.064 -971.832 377.502 28.076 288.849 253.601 69.122 2516.174 2259.369 实验室 1 074
4325321 4728 2025/10/29 10:49:49 P18 0 0 0 0 0 0 0 89.264 175.476 1189.88 16.785 302.429 294.495 3790.894 -7.477 -138.855 1665.344 -22.43 221.558 278.168 259.094 534.363 235.443 717.926 297.394 32.349 686.035 -4989.624 572.357 80.719 -1435.242 17.853 -3.204 1431.885 130.005 516.663 643.158 326.233 -972.138 376.587 31.433 282.593 251.77 68.512 2515.869 2260.437 实验室 1 074
4325322 4728 2025/10/29 10:49:50 P18 0 0 0 0 0 0 0 89.569 173.95 1187.744 16.174 301.209 292.969 3791.504 54.321 -219.421 1667.023 -22.583 221.71 276.642 257.874 532.532 236.511 712.585 296.631 32.196 682.526 -4989.166 537.72 81.635 -1411.896 17.853 -3.052 1428.223 128.937 513.763 640.869 322.571 -970.154 374.451 37.079 281.982 246.887 69.275 2516.785 2259.521 实验室 1 074
4325323 4728 2025/10/29 10:49:51 P18 0 0 0 0 0 0 0 88.654 173.798 1184.54 15.411 300.293 292.358 3789.52 24.567 -211.182 1660.461 -22.888 223.999 276.184 257.263 531.006 237.427 707.703 296.326 31.738 680.237 -4989.319 528.259 81.94 -1393.738 18.005 -2.899 1424.255 127.869 511.475 639.191 322.723 -972.595 372.925 39.978 280.762 246.887 67.749 2516.632 2256.165 实验室 1 074
4325324 4728 2025/10/29 10:49:52 P18 0 0 0 0 0 0 0 89.722 174.103 1181.335 15.564 298.615 290.985 3791.962 40.894 -155.182 1662.598 -23.041 225.525 275.574 255.127 528.565 237.579 702.972 295.563 31.281 676.88 -4991.76 533.905 81.635 -1392.059 17.7 -3.052 1420.288 127.716 508.27 637.207 321.198 -971.68 372.62 45.471 293.274 244.141 66.681 2516.479 2253.265 实验室 1 074
4325325 4728 2025/10/29 10:49:53 P18 0 0 0 0 0 0 0 89.874 174.866 1179.962 15.869 297.546 290.07 3790.283 45.319 -76.904 1661.072 -22.583 228.272 274.963 254.059 527.039 237.579 698.242 294.19 31.586 673.828 -4991.913 545.654 80.872 -1396.637 17.853 -3.51 1415.71 127.258 505.066 635.223 319.519 -975.189 370.178 50.812 281.982 249.176 69.58 2516.022 2258.759 实验室 1 074
4325326 4728 2025/10/29 10:49:54 P18 0 0 0 0 0 0 0 89.874 174.103 1177.673 15.564 296.326 288.391 3790.283 45.471 16.022 1654.358 -22.888 230.713 274.2 252.075 525.36 238.648 693.665 293.579 31.281 670.471 -4992.371 532.532 85.144 -1425.476 17.7 -2.899 1413.422 125.58 502.93 633.087 317.535 -989.227 368.5 55.847 283.356 245.972 67.596 2515.869 2258.301 实验室 1 074
4325327 4728 2025/10/29 10:49:55 P18 0 0 0 0 0 0 0 89.264 174.713 1174.011 16.174 295.105 288.696 3791.351 30.823 -6.409 1651.611 -23.041 233.154 273.132 251.16 523.377 238.8 689.24 293.121 30.67 668.182 -4992.523 534.058 81.787 -1411.133 17.853 -2.747 1409.454 125.275 499.878 631.256 316.162 -994.873 366.974 60.577 274.506 244.141 68.665 2516.479 2259.674 实验室 1 074
4325328 4728 2025/10/29 10:49:56 P18 0 0 0 0 0 0 0 88.806 174.713 1172.333 15.411 293.884 286.713 3789.368 58.136 -97.046 1649.628 -23.346 235.748 273.895 249.939 522.156 239.258 685.12 292.206 30.518 665.436 -4992.371 546.875 79.651 -1412.506 18.463 -2.441 1405.487 124.664 497.437 629.578 315.247 -990.143 366.058 65.002 280.151 241.547 66.223 2515.869 2252.35 实验室 1 074
4325329 4728 2025/10/29 10:49:57 P18 0 0 0 0 0 0 0 88.959 173.645 1169.739 14.343 292.664 285.492 3791.504 24.567 -49.591 1648.254 -23.346 239.105 273.132 248.413 520.325 240.631 679.627 291.596 30.975 662.384 -4992.065 534.821 82.703 -1392.212 17.7 -2.594 1401.978 124.054 494.69 627.594 314.026 -990.601 364.533 66.986 287.628 241.242 65.765 2516.327 2258.301 实验室 1 074
4325330 4728 2025/10/29 10:49:58 P18 0 0 0 0 0 0 0 89.111 174.255 1167.908 14.648 291.748 284.576 3790.741 48.676 -18.005 1644.745 -22.583 239.258 271.149 246.887 519.409 240.173 675.659 291.443 30.212 661.011 -4991.15 533.905 80.719 -1399.384 17.395 -3.204 1398.621 124.054 491.943 625.763 313.11 -986.633 363.159 71.564 284.576 238.8 67.139 2515.564 2257.385 实验室 1 074
4325331 4728 2025/10/29 10:49:59 P18 0 0 0 0 0 0 0 88.959 173.95 1164.856 14.648 291.748 284.119 3789.825 7.477 36.926 1636.658 -23.041 242.92 271.606 246.735 517.731 241.242 671.234 290.985 30.67 657.196 -4990.692 511.627 82.855 -1384.43 17.853 -2.899 1396.179 122.528 489.655 624.237 311.432 -991.058 361.481 74.158 283.051 240.021 66.223 2516.479 2257.69 实验室 1 074
4325332 4728 2025/10/29 10:50:00 P18 0 0 0 0 0 0 0 89.111 174.408 1163.025 14.496 290.375 281.982 3790.894 -5.035 64.545 1632.385 -23.499 246.124 270.233 244.904 516.052 241.394 667.877 289.764 30.212 654.297 -4987.945 512.238 84.534 -1399.841 18.005 -3.204 1391.449 122.986 487.061 622.711 309.296 -991.211 360.87 76.904 276.794 239.41 65.155 2516.479 2255.096 实验室 1 074
4325333 4728 2025/10/29 10:50:01 P18 0 0 0 0 0 0 0 88.501 174.408 1159.821 14.648 289.612 281.677 3789.673 34.943 40.894 1637.268 -23.193 247.04 269.928 243.988 514.374 241.699 663.147 289.917 30.06 652.618 -4989.319 537.72 81.024 -1401.367 18.616 -2.289 1387.787 121.46 484.924 619.965 309.753 -987.701 360.107 81.329 275.116 241.699 65.308 2515.869 2259.521 实验室 1 074
4325334 4728 2025/10/29 10:50:02 P18 0 0 0 0 0 0 0 89.264 173.95 1158.752 14.343 288.239 280.762 3791.504 74.158 21.667 1634.521 -22.583 249.023 269.165 242.157 513.763 241.699 658.569 288.696 30.823 650.635 -4989.319 561.371 82.092 -1402.435 17.853 -3.204 1384.735 121.613 481.415 618.744 314.331 -986.481 358.887 82.092 271.149 237.274 67.139 2516.022 2258.453 实验室 1 074
4325335 4728 2025/10/29 10:50:03 P18 0 0 0 0 0 0 0 89.264 174.408 1156.616 14.496 287.17 279.541 3790.283 34.637 52.49 1628.876 -22.583 252.991 268.707 241.547 513.001 242.157 655.06 288.849 29.907 648.193 -4989.014 541.382 83.008 -1374.359 17.548 -2.747 1382.141 120.85 479.736 617.065 304.871 -989.075 357.971 84.686 269.165 237.122 64.24 2516.632 2259.369 实验室 1 074
4325336 4728 2025/10/29 10:50:04 P18 0 0 0 0 0 0 0 88.501 174.103 1154.48 14.038 287.17 279.236 3789.368 45.319 73.242 1627.96 -23.499 254.669 268.25 240.631 511.475 243.073 651.55 287.933 30.06 644.989 -4989.166 557.251 81.177 -1377.716 17.09 -2.594 1378.784 119.629 477.295 615.082 303.65 -986.939 355.53 85.907 271.912 235.901 66.223 2516.174 2261.353 实验室 1 074
4325337 4728 2025/10/29 10:50:05 P18 0 0 0 0 0 0 0 89.569 173.798 1151.276 14.954 286.255 277.71 3791.351 68.665 168.304 1624.603 -22.43 255.585 267.487 238.953 509.796 243.378 647.278 287.17 29.755 642.7 -4989.472 555.725 79.803 -1384.888 16.937 -3.662 1375.885 119.629 474.701 613.556 302.582 -988.922 356.14 87.891 270.996 235.596 67.139 2516.479 2257.233 实验室 1 074
4325338 4728 2025/10/29 10:50:06 P18 0 0 0 0 0 0 0 89.111 174.561 1149.902 13.733 285.95 276.947 3789.368 46.692 230.103 1625.061 -23.499 259.552 267.181 237.579 508.118 244.446 643.616 287.476 29.907 640.564 -4989.319 526.581 79.651 -1372.375 17.548 -2.594 1372.375 119.324 472.565 611.572 301.666 -987.854 353.394 89.111 270.691 233.917 65.613 2516.937 2257.69 实验室 1 074
4325339 4728 2025/10/29 10:50:07 P18 0 0 0 0 0 0 0 89.264 174.713 1147.156 13.886 284.576 275.726 3790.131 5.341 182.8 1616.211 -22.888 263.977 266.113 236.816 507.507 243.835 640.869 286.102 28.839 638.428 -4990.082 491.943 81.787 -1374.359 17.242 -3.815 1369.781 118.561 470.123 610.046 299.835 -989.075 352.783 88.959 275.879 228.577 64.545 2515.411 2258.148 实验室 1 074
4325340 4728 2025/10/29 10:50:08 P18 0 0 0 0 0 0 0 89.417 174.866 1144.714 13.886 283.508 275.574 3791.656 25.787 103.455 1621.399 -23.193 264.282 266.113 235.596 506.287 244.598 637.054 285.645 28.687 636.902 -4989.624 454.559 79.956 -1393.89 18.311 -3.51 1366.425 118.256 467.987 609.741 300.446 -989.075 352.173 89.722 271.912 228.119 67.902 2516.632 2260.132 实验室 1 074
4325341 4728 2025/10/29 10:50:09 P18 0 0 0 0 0 0 0 88.654 173.798 1143.036 13.428 283.051 274.963 3789.825 48.065 54.474 1627.197 -23.041 269.623 265.35 234.375 504.761 246.582 632.782 285.797 28.992 634.46 -4989.624 470.429 81.482 -1394.958 18.311 -3.357 1363.068 117.34 466.309 607.605 298.157 -990.295 350.952 89.569 261.231 229.797 66.528 2515.564 2258.606 实验室 1 074
4325342 4728 2025/10/29 10:50:10 P18 0 0 0 0 0 0 0 88.806 173.492 1141.51 14.038 282.898 273.59 3790.588 36.774 25.177 1608.887 -22.888 268.707 264.435 233.002 504.15 245.667 629.273 285.339 29.144 632.324 -4989.319 480.347 80.566 -1426.392 17.853 -2.441 1360.931 116.882 463.867 605.621 298.157 -990.753 349.884 90.637 268.555 229.492 64.545 2516.174 2259.216 实验室 1 074
4325343 4728 2025/10/29 10:50:11 P18 0 0 0 0 0 0 0 89.417 173.798 1140.747 12.97 281.525 273.438 3789.215 34.485 -38.757 1614.685 -23.193 272.369 264.282 233.154 503.54 245.972 626.526 284.729 29.144 630.188 -4992.065 526.581 81.177 -1396.027 17.395 -3.662 1357.88 115.509 461.426 604.401 295.563 -988.464 348.358 90.79 257.416 233.002 66.528 2516.479 2259.216 实验室 1 074
4325344 4728 2025/10/29 10:50:12 P18 0 0 0 0 0 0 0 88.806 174.408 1137.543 13.733 281.372 273.132 3789.368 13.886 -70.343 1596.069 -22.888 273.132 263.519 231.934 502.625 246.124 622.559 284.119 29.144 628.204 -4992.523 524.597 79.498 -1379.852 17.853 -3.51 1356.506 116.272 459.29 602.57 295.105 -989.533 347.748 90.79 267.181 229.645 66.986 2515.411 2252.655 实验室 1 074
4325345 4728 2025/10/29 10:50:13 P18 0 0 0 0 0 0 0 88.654 173.95 1136.017 14.038 280.304 271.759 3791.504 3.052 -93.842 1601.563 -23.193 278.473 263.519 230.255 500.946 246.582 620.575 283.051 28.839 626.984 -4992.523 529.327 80.414 -1362.61 17.853 -3.815 1351.776 115.051 457.764 601.349 293.732 -991.516 346.68 89.417 265.35 231.781 67.291 2516.327 2254.639 实验室 1 074
4325346 4728 2025/10/29 10:50:14 P18 0 0 0 0 0 0 0 89.111 174.561 1133.881 13.428 280.151 270.386 3789.825 23.804 -113.22 1607.056 -23.041 279.694 262.604 229.187 500.183 246.582 616.608 282.898 28.381 625.61 -4992.371 512.695 83.313 -1389.771 18.463 -4.73 1349.487 115.204 454.865 599.823 292.969 -987.396 345.612 89.111 262.909 229.492 65.308 2515.564 2257.843 实验室 1 074
4325347 4728 2025/10/29 10:50:15 P18 0 0 0 0 0 0 0 89.111 174.408 1131.744 13.428 279.846 270.996 3791.046 19.226 -107.422 1600.494 -23.041 281.677 262.604 227.814 498.962 247.955 613.556 282.745 29.297 623.016 -4992.523 484.467 81.329 -1391.144 17.548 -3.815 1346.13 114.441 453.491 597.687 292.664 -985.565 344.849 88.501 266.419 226.898 65.155 2517.09 2256.622 实验室 1 074
4325348 4728 2025/10/29 10:50:16 P18 0 0 0 0 0 0 0 88.959 174.103 1130.219 12.97 278.778 270.386 3789.368 3.662 -5.035 1595.154 -22.583 284.424 261.536 227.203 497.589 247.955 610.657 282.593 28.076 620.728 -4989.319 488.281 83.008 -1398.621 16.937 -4.272 1343.994 113.525 451.05 596.161 290.68 -986.633 343.933 88.043 256.043 227.509 64.392 2516.327 2259.064 实验室 1 074
4325349 4728 2025/10/29 10:50:17 P18 0 0 0 0 0 0 0 88.806 174.103 1128.235 13.733 277.863 269.013 3790.588 38.147 35.706 1590.729 -22.888 287.781 261.536 225.983 497.131 248.108 607.605 281.525 28.381 619.965 -4989.014 455.78 81.482 -1406.25 17.7 -4.883 1340.942 114.136 448.914 595.093 290.07 -983.276 343.475 86.67 259.247 228.119 66.071 2515.411 2258.148 实验室 1 074
4325350 4728 2025/10/29 10:50:18 P18 0 0 0 0 0 0 0 88.806 174.255 1125.183 12.512 277.557 268.86 3789.52 52.795 11.444 1596.832 -23.193 292.816 260.162 225.22 495.758 249.481 601.807 281.372 28.229 616.15 -4989.166 454.407 81.482 -1360.931 17.853 -4.425 1336.212 113.678 445.252 592.194 287.628 -984.192 341.187 85.754 252.075 220.947 63.934 2515.411 2258.759 实验室 1 074
4325351 4728 2025/10/29 10:50:19 P18 0 0 0 0 0 0 0 89.264 173.645 1123.047 12.665 276.489 267.181 3791.351 43.793 -87.128 1592.102 -23.193 296.936 259.552 224.304 494.69 249.329 599.06 280.762 28.076 614.014 -4989.319 452.423 82.703 -1370.239 16.937 -4.73 1333.16 112.457 443.42 590.21 287.018 -982.819 340.881 85.144 251.617 224.609 66.071 2517.395 2257.233 实验室 1 074
4325352 4728 2025/10/29 10:50:20 P18 0 0 0 0 0 0 0 88.959 174.255 1120.605 12.97 276.642 266.266 3790.436 25.635 -43.03 1589.661 -22.888 298.309 259.247 222.321 494.08 249.481 596.314 280.457 27.924 613.098 -4989.166 430.298 82.397 -1374.054 18.005 -4.73 1330.566 112.152 441.589 589.6 286.56 -988.77 339.966 84.076 254.669 219.879 67.749 2515.717 2257.996 实验室 1 074
4325353 4728 2025/10/29 10:50:21 P18 0 0 0 0 0 0 0 89.417 174.561 1118.469 13.123 275.879 266.571 3791.046 55.695 -90.942 1592.712 -23.041 301.361 258.942 221.558 493.317 249.634 593.414 279.846 27.771 610.504 -4989.776 403.748 81.177 -1372.528 18.158 -5.341 1328.43 111.389 439.301 588.379 285.797 -994.568 338.593 83.313 266.724 222.626 66.528 2515.717 2256.165 实验室 1 074
4325354 4728 2025/10/29 10:50:22 P18 0 0 0 0 0 0 0 89.111 174.103 1117.706 12.665 275.269 265.503 3789.978 20.905 -129.395 1590.118 -23.193 302.277 259.247 220.642 491.638 250.244 590.82 279.541 27.618 609.283 -4990.54 399.323 83.618 -1377.869 17.242 -5.341 1325.378 111.237 438.538 587.158 283.814 -982.971 337.982 82.245 252.38 221.71 66.681 2516.785 2257.538 实验室 1 074
4325355 4728 2025/10/29 10:50:23 P18 0 0 0 0 0 0 0 89.417 173.95 1116.18 13.428 274.963 264.587 3790.894 45.013 -118.713 1594.238 -22.888 305.786 258.026 219.421 491.486 250.244 588.684 279.388 27.313 607.758 -4990.845 404.511 82.245 -1402.13 17.09 -5.798 1323.242 110.931 436.096 585.938 283.814 -987.701 337.982 81.94 258.331 220.184 66.681 2515.564 2258.606 实验室 1 074
4325356 4728 2025/10/29 10:50:24 P18 0 0 0 0 0 0 0 89.874 173.95 1114.349 12.817 274.2 263.519 3792.725 77.667 16.632 1581.421 -23.193 307.007 257.721 218.506 490.875 250.549 585.175 278.778 27.924 606.537 -4990.997 425.72 81.94 -1407.013 17.242 -6.104 1321.716 110.474 434.113 584.259 281.83 -989.227 336.762 80.261 254.059 221.863 65.765 2516.174 2257.69 实验室 1 074
4325357 4728 2025/10/29 10:50:25 P18 0 0 0 0 0 0 0 89.417 173.798 1112.976 12.512 273.59 263.672 3789.52 73.395 18.921 1582.642 -22.43 311.127 257.568 218.811 489.807 251.617 582.123 278.931 27.924 605.469 -4992.065 451.508 83.313 -1402.435 16.937 -5.493 1318.97 109.863 432.282 582.733 281.067 -982.056 335.693 80.261 254.669 218.201 68.359 2516.174 2257.538 实验室 1 074
4325358 4728 2025/10/29 10:50:26 P18 0 0 0 0 0 0 0 89.569 173.95 1111.298 13.123 273.438 263.062 3789.52 5.493 108.795 1563.416 -23.193 312.195 257.263 216.675 489.197 251.923 579.681 278.015 27.618 604.096 -4992.371 443.268 82.092 -1380.463 18.311 -7.172 1316.376 109.406 430.756 582.581 280.151 -981.14 335.693 78.125 247.345 219.574 63.782 2515.717 2253.723 实验室 1 074
4325359 4728 2025/10/29 10:50:27 P18 0 0 0 0 0 0 0 89.874 173.95 1109.924 11.292 272.675 261.841 3790.741 18.616 101.166 1573.639 -21.973 315.094 256.5 216.827 489.502 252.075 577.393 277.405 27.924 602.417 -4990.387 413.971 80.719 -1365.356 17.09 -5.798 1314.087 108.643 428.925 580.444 279.236 -978.699 334.015 78.43 245.667 218.506 64.545 2516.632 2259.521 实验室 1 074
4325360 4728 2025/10/29 10:50:28 P18 0 0 0 0 0 0 0 89.264 173.798 1107.635 12.054 272.522 262.146 3789.978 7.782 47.607 1571.503 -22.736 317.383 256.348 216.217 487.518 252.686 575.256 278.626 27.313 601.349 -4990.082 412.293 81.329 -1384.125 16.785 -6.714 1311.951 108.337 427.551 579.376 278.32 -976.563 333.252 78.125 252.991 216.98 66.834 2516.327 2264.557 实验室 1 074
4325361 4728 2025/10/29 10:50:29 P18 0 0 0 0 0 0 0 89.264 173.645 1106.11 12.36 273.285 261.231 3791.656 8.087 -32.959 1568.909 -23.651 321.808 256.348 214.996 486.908 252.686 573.425 277.557 27.466 599.518 -4989.776 389.404 82.55 -1398.773 17.09 -7.172 1309.204 108.643 426.025 578.461 278.168 -983.276 332.794 76.599 256.348 217.743 71.411 2517.395 2258.759 实验室 1 074
4325362 4728 2025/10/29 10:50:30 P18 0 0 0 0 0 0 0 89.874 174.561 1105.499 12.665 271.606 261.231 3789.52 49.133 -63.934 1570.587 -23.499 324.707 255.127 213.318 487.213 252.991 570.984 276.794 26.398 598.297 -4989.776 377.045 81.94 -1405.182 17.853 -7.172 1307.373 107.88 424.347 578.003 276.794 -984.955 332.184 75.836 254.517 215.454 63.782 2515.411 2259.064 实验室 1 074
4325363 4728 2025/10/29 10:50:31 P18 0 0 0 0 0 0 0 89.264 174.255 1103.516 11.902 272.064 261.993 3790.283 43.488 -78.43 1572.723 -23.193 325.775 254.059 212.708 486.145 253.449 568.237 277.405 27.008 597.382 -4989.776 383.301 81.177 -1380.615 17.7 -7.019 1304.626 107.88 422.821 576.477 275.726 -979.614 331.116 76.141 247.04 214.691 65.765 2516.022 2258.606 实验室 1 074
4325364 4728 2025/10/29 10:50:32 P18 0 0 0 0 0 0 0 89.722 173.645 1102.6 11.902 271.301 260.62 3791.504 -1.068 -80.566 1555.634 -21.973 327.301 255.127 212.555 485.84 253.296 565.949 276.642 27.618 595.551 -4989.014 420.532 81.635 -1379.395 17.7 -7.324 1303.406 107.117 420.38 574.188 274.658 -983.887 330.048 75.226 246.124 212.402 63.477 2516.479 2254.639 实验室 1 074
4325365 4728 2025/10/29 10:50:33 P18 0 0 0 0 0 0 0 89.874 174.713 1099.854 12.36 270.538 258.942 3789.825 14.038 -108.185 1574.707 -22.583 331.726 253.754 211.334 485.077 253.906 563.202 276.184 26.855 595.245 -4989.929 397.339 81.635 -1374.664 16.632 -7.782 1300.354 106.964 419.312 573.578 273.59 -978.241 330.048 74.158 247.192 213.013 65.613 2515.564 2259.674 实验室 1 074
4325366 4728 2025/10/29 10:50:34 P18 0 0 0 0 0 0 0 89.264 174.255 1098.785 12.36 270.386 258.637 3789.978 45.013 -140.991 1573.486 -22.888 333.862 253.754 210.114 484.009 254.517 562.134 276.032 27.008 592.957 -4990.082 376.892 83.923 -1382.294 16.785 -8.24 1297.607 106.659 417.786 572.205 273.285 -986.481 329.132 74.158 247.65 211.029 66.223 2515.259 2259.521 实验室 1 074
4325367 4728 2025/10/29 10:50:35 P18 0 0 0 0 0 0 0 89.264 173.798 1097.412 11.749 269.775 258.789 3790.283 16.479 -83.771 1566.925 -22.888 335.693 253.754 210.266 483.704 254.974 558.777 276.032 26.855 591.736 -4992.828 355.835 77.667 -1361.084 17.09 -7.324 1296.082 106.659 416.26 570.984 272.675 -995.483 328.369 73.395 246.735 212.097 64.24 2517.09 2260.895 实验室 1 074
4325368 4728 2025/10/29 10:50:36 P18 0 0 0 0 0 0 0 88.959 174.255 1095.734 12.36 269.165 258.484 3789.215 12.054 -120.544 1557.465 -22.888 337.219 253.754 209.198 482.941 255.737 557.251 275.879 26.855 590.82 -4992.371 345.764 81.024 -1366.119 16.937 -7.172 1293.945 106.049 414.429 570.221 272.522 -994.263 327.301 74.921 247.65 212.402 65.46 2515.564 2259.064 实验室 1 074
4325369 4728 2025/10/29 10:50:37 P18 0 0 0 0 0 0 0 90.027 174.103 1094.666 11.749 269.318 258.179 3791.351 8.85 -35.248 1566.925 -23.193 339.05 253.143 208.893 483.093 255.28 554.352 275.574 27.008 588.837 -4990.082 317.993 79.803 -1384.735 16.785 -8.545 1292.725 105.438 412.903 568.39 272.98 -980.682 326.996 72.174 251.007 211.945 65.308 2516.327 2261.505 实验室 1 074
4325370 4728 2025/10/29 10:50:38 P18 0 0 0 0 0 0 0 89.569 174.713 1092.529 12.665 268.402 257.721 3791.199 62.866 -3.815 1545.41 -22.278 341.644 252.228 207.367 481.72 255.432 552.979 274.506 26.093 588.684 -4989.929 328.674 83.16 -1401.978 16.785 -8.698 1289.368 105.591 411.224 567.169 272.064 -978.241 326.386 71.716 250.855 208.435 65.308 2516.327 2258.759 实验室 1 074
4325371 4728 2025/10/29 10:50:39 P18 0 0 0 0 0 0 0 89.722 173.95 1091.309 11.749 268.707 257.111 3789.063 43.945 -27.924 1553.65 -23.193 344.544 252.838 206.909 481.567 256.653 550.537 275.116 26.55 586.548 -4989.014 338.135 79.498 -1394.958 17.7 -9.46 1287.689 104.218 410.309 566.559 270.386 -977.631 325.623 72.021 246.277 208.283 67.291 2516.632 2260.284 实验室 1 074
4325372 4728 2025/10/29 10:50:40 P18 0 0 0 0 0 0 0 89.569 173.95 1089.783 12.054 268.555 255.89 3791.962 39.063 11.749 1552.124 -23.193 349.884 252.38 205.383 480.194 256.195 549.316 274.811 26.55 585.785 -4989.624 316.01 83.771 -1385.498 17.7 -9.155 1284.79 104.828 409.241 565.643 270.691 -985.413 324.249 70.19 243.53 207.367 66.376 2516.937 2263.184 实验室 1 074
4325373 4728 2025/10/29 10:50:41 P18 0 0 0 0 0 0 0 89.417 173.95 1088.562 12.207 268.25 256.195 3790.131 20.752 10.376 1549.225 -23.346 352.478 251.923 204.62 480.194 256.195 546.722 274.048 26.55 584.869 -4989.472 251.16 82.397 -1359.558 17.548 -10.223 1282.654 104.218 408.02 564.88 270.691 -983.582 324.097 69.885 244.293 207.52 63.324 2515.564 2258.759 实验室 1 074
4325374 4728 2025/10/29 10:50:42 P18 0 0 0 0 0 0 0 90.332 173.798 1088.409 11.749 267.181 255.89 3789.215 33.875 34.637 1564.331 -22.888 352.631 251.16 204.163 480.347 256.958 544.281 273.895 26.55 583.649 -4989.929 224.915 81.635 -1349.335 16.632 -9.918 1282.806 104.065 405.121 563.049 269.775 -991.211 323.181 69.885 236.054 205.231 65.308 2516.327 2258.301 实验室 1 074
4325375 4728 2025/10/29 10:50:43 P18 0 0 0 0 0 0 0 89.264 174.255 1085.815 11.139 267.639 255.585 3791.046 27.008 16.174 1550.598 -23.193 356.598 251.312 202.789 479.279 257.568 543.06 273.743 26.703 582.581 -4990.082 244.904 80.414 -1354.98 16.937 -9.918 1279.449 102.997 404.663 561.981 268.097 -993.042 322.723 69.275 235.291 209.656 65.46 2518.005 2258.606 实验室 1 074
4325376 4728 2025/10/29 10:50:44 P18 0 0 0 0 0 0 0 89.417 174.561 1084.9 12.207 266.876 254.364 3790.436 17.7 14.191 1546.478 -23.193 357.361 251.007 202.637 478.973 256.653 541.534 273.438 26.245 581.818 -4989.472 260.925 82.397 -1373.596 17.09 -10.223 1276.855 102.692 402.832 561.523 267.487 -980.835 322.113 68.512 236.511 207.825 67.291 2515.717 2258.148 实验室 1 074
4325377 4728 2025/10/29 10:50:45 P18 0 0 0 0 0 0 0 89.264 174.561 1083.984 11.597 266.724 254.822 3789.52 -5.951 -13.886 1562.958 -23.041 360.87 249.939 201.874 478.21 258.484 538.788 273.438 25.635 580.597 -4990.082 307.465 80.566 -1367.798 17.395 -9.766 1275.024 102.844 401.459 559.54 266.876 -981.751 322.266 68.665 235.291 206.299 64.545 2515.717 2257.538 实验室 1 074
4325378 4728 2025/10/29 10:50:46 P18 0 0 0 0 0 0 0 89.417 174.255 1081.238 12.207 265.961 254.517 3791.962 21.667 -0.61 1549.377 -23.651 362.549 250.549 201.263 477.905 258.026 537.262 273.285 26.398 579.529 -4990.845 323.944 81.177 -1367.798 16.174 -10.223 1273.193 102.844 399.933 558.624 266.113 -980.988 321.35 67.902 244.446 205.383 66.986 2516.632 2258.148 实验室 1 074
4325379 4728 2025/10/29 10:50:47 P18 0 0 0 0 0 0 0 89.111 174.255 1081.085 10.986 265.808 254.517 3790.588 4.578 40.283 1543.579 -23.193 364.533 249.786 200.348 477.6 258.789 535.278 274.353 25.787 578.766 -4990.845 320.892 83.313 -1368.866 16.327 -10.681 1271.667 103.149 398.712 557.556 265.961 -984.345 321.198 67.596 235.138 205.383 65.002 2516.327 2257.69 实验室 1 074
4325380 4728 2025/10/29 10:50:48 P18 0 0 0 0 0 0 0 89.569 173.95 1079.407 11.749 265.503 253.906 3790.894 54.474 88.196 1550.446 -23.499 365.753 249.329 200.195 477.295 258.789 533.295 272.98 26.245 577.545 -4991.303 342.407 81.94 -1387.634 16.937 -10.071 1269.531 101.776 397.339 556.946 265.961 -986.939 319.977 68.054 236.511 200.043 65.46 2515.564 2259.521 实验室 1 074
4325381 4728 2025/10/29 10:50:49 P18 0 0 0 0 0 0 0 90.027 174.255 1078.491 12.054 265.503 253.601 3791.046 37.231 65.918 1552.429 -22.888 367.127 249.023 199.127 476.99 259.705 531.311 272.369 26.245 576.477 -4991.913 362.549 81.94 -1372.07 16.785 -10.681 1267.548 102.234 395.966 555.878 263.977 -982.513 318.909 67.291 242.004 203.095 65.46 2516.785 2258.911 实验室 1 074
4325382 4728 2025/10/29 10:50:50 P18 0 0 0 0 0 0 0 89.569 174.561 1077.271 11.139 265.35 252.991 3789.368 5.646 -0.458 1544.342 -23.499 373.077 248.871 198.364 476.532 258.331 531.006 271.759 26.703 575.409 -4992.523 349.884 83.923 -1381.683 16.937 -11.444 1266.327 100.861 394.592 554.504 263.977 -990.448 318.298 66.376 234.528 203.552 64.087 2515.564 2255.096 实验室 1 074
4325383 4728 2025/10/29 10:50:51 P18 0 0 0 0 0 0 0 89.874 174.255 1076.05 11.444 264.587 252.991 3790.741 34.027 38.147 1536.407 -22.43 372.467 249.023 197.601 475.922 259.552 527.191 272.675 25.787 574.951 -4992.676 352.478 80.872 -1363.831 16.785 -11.444 1264.038 101.166 393.219 553.589 263.519 -984.345 318.146 66.223 235.596 205.231 68.054 2515.717 2261.353 实验室 1 074
4325384 4728 2025/10/29 10:50:52 P18 0 0 0 0 0 0 0 89.569 174.866 1074.524 11.139 264.587 252.838 3791.199 23.499 118.103 1544.495 -23.346 375.824 247.955 197.601 475.006 259.399 527.191 272.064 26.093 573.883 -4992.371 360.718 79.956 -1371.46 16.937 -11.292 1262.512 101.013 391.998 552.673 262.451 -980.53 317.078 66.223 241.699 204.62 61.493 2517.09 2264.099 实验室 1 074
4325385 4728 2025/10/29 10:50:53 P18 0 0 0 0 0 0 0 89.874 173.34 1073.608 11.292 265.35 251.465 3789.368 30.365 54.321 1543.427 -23.193 370.026 248.108 196.838 475.006 260.162 524.902 271.759 25.024 573.273 -4992.371 370.026 82.397 -1369.781 17.548 -12.054 1260.986 100.403 391.235 552.368 261.841 -974.884 316.162 65.918 233.002 204.163 66.376 2515.564 2258.759 实验室 1 074
4325386 4728 2025/10/29 10:50:54 P18 0 0 0 0 0 0 0 89.417 174.561 1072.235 11.139 264.282 251.312 3791.656 -6.256 -3.815 1540.375 -22.278 380.707 248.718 196.228 474.548 260.468 522.919 272.064 25.482 572.51 -4991.303 384.979 80.872 -1376.343 16.327 -11.902 1258.85 100.555 389.252 550.079 261.688 -975.342 316.162 65.308 226.593 201.416 63.171 2516.479 2257.385 实验室 1 074
4325387 4728 2025/10/29 10:50:55 P18 0 0 0 0 0 0 0 89.264 174.103 1070.709 11.597 263.672 252.075 3790.588 39.063 -20.599 1538.696 -23.193 381.012 247.345 195.465 474.243 261.078 520.935 271.759 25.635 571.289 -4990.54 431.366 84.686 -1403.351 16.174 -11.597 1256.409 101.013 388.184 549.927 260.925 -988.77 315.094 65.46 238.19 198.212 65.155 2516.937 2258.759 实验室 1 074
4325388 4728 2025/10/29 10:50:56 P18 0 0 0 0 0 0 0 89.874 174.408 1069.183 10.681 264.13 252.533 3789.52 45.776 2.289 1524.506 -22.583 386.353 247.803 193.939 473.633 260.62 519.409 271.301 24.872 570.221 -4989.776 412.445 79.041 -1388.855 16.632 -12.665 1255.188 99.792 386.81 549.011 259.094 -988.464 314.789 64.545 238.953 197.907 64.545 2515.717 2257.69 实验室 1 074
4325389 4728 2025/10/29 10:50:57 P18 0 0 0 0 0 0 0 89.417 174.561 1067.963 10.681 263.519 250.092 3791.199 56.763 -42.114 1530.151 -23.346 385.895 247.04 194.244 474.243 260.773 518.341 270.844 25.33 570.068 -4989.624 422.974 81.635 -1377.411 16.632 -13.123 1253.51 99.182 386.047 548.096 261.688 -984.497 314.179 64.697 229.187 200.806 66.223 2516.937 2258.606 实验室 1 074
4325390 4728 2025/10/29 10:50:58 P18 0 0 0 0 0 0 0 89.569 174.103 1068.573 10.986 262.909 249.634 3789.825 26.245 -60.272 1527.405 -23.193 389.862 246.735 193.481 473.938 260.925 517.426 270.844 25.482 568.695 -4989.014 432.434 81.482 -1358.643 16.479 -12.817 1251.984 98.724 383.911 548.096 260.01 -982.361 313.568 64.392 234.985 199.28 65.765 2516.785 2260.742 实验室 1 074
4325391 4728 2025/10/29 10:50:59 P18 0 0 0 0 0 0 0 89.722 173.645 1067.047 10.834 262.909 249.329 3789.978 30.975 -162.354 1533.966 -23.651 394.287 246.124 193.024 472.565 261.993 515.289 270.386 25.635 567.78 -4989.929 415.192 80.872 -1339.417 17.395 -13.123 1249.695 99.335 383.911 545.807 257.874 -985.413 313.263 63.934 228.272 200.653 65.46 2516.479 2253.265 实验室 1 074
4325392 4728 2025/10/29 10:51:00 P18 0 0 0 0 0 0 0 89.417 174.103 1065.826 10.986 263.062 249.481 3791.504 4.578 -211.792 1524.506 -23.804 391.846 246.277 191.956 472.26 262.299 513.916 270.844 25.33 567.017 -4989.472 365.753 77.209 -1323.853 16.937 -13.275 1248.169 98.877 382.233 545.044 256.958 -985.718 313.416 63.934 226.44 199.585 63.629 2516.632 2258.453 实验室 1 074
4325393 4728 2025/10/29 10:51:01 P18 0 0 0 0 0 0 0 89.569 174.103 1064.453 11.749 262.299 250.092 3789.825 37.689 -139.923 1526.947 -23.041 397.949 246.429 191.193 473.023 261.383 512.39 270.691 24.567 567.017 -4989.319 347.9 81.329 -1336.975 16.937 -12.97 1245.27 98.724 380.707 544.128 256.805 -984.192 312.195 63.934 229.645 197.754 64.545 2515.717 2258.606 实验室 1 074
4325394 4728 2025/10/29 10:51:02 P18 0 0 0 0 0 0 0 89.111 174.103 1063.385 10.529 262.756 248.566 3789.368 61.188 -7.019 1517.944 -23.346 396.271 245.667 191.04 471.954 261.993 510.254 270.233 25.024 565.338 -4989.624 323.181 80.566 -1349.792 16.632 -14.343 1245.117 98.267 379.639 543.366 258.179 -986.939 311.89 63.629 234.07 193.787 65.46 2515.717 2258.453 实验室 1 074
4325395 4728 2025/10/29 10:51:03 P18 0 0 0 0 0 0 0 89.722 174.866 1062.317 11.292 261.383 249.329 3791.504 12.665 92.773 1517.792 -22.736 400.696 245.514 190.43 471.344 262.604 508.728 270.386 25.177 564.728 -4991.15 312.347 80.566 -1347.504 16.785 -13.886 1243.286 98.114 378.113 542.755 256.958 -985.107 310.669 63.629 228.729 193.634 68.512 2517.09 2258.453 实验室 1 074
4325396 4728 2025/10/29 10:51:04 P18 0 0 0 0 0 0 0 90.332 174.255 1061.249 10.834 261.383 248.718 3789.52 36.926 86.67 1518.555 -23.804 400.543 245.361 189.819 471.039 262.756 508.27 269.775 25.635 563.965 -4992.676 341.797 81.329 -1355.591 16.479 -13.58 1240.997 98.267 378.418 541.534 255.737 -993.805 310.516 62.866 222.931 197.144 66.376 2516.479 2259.827 实验室 1 074
4325397 4728 2025/10/29 10:51:05 P18 0 0 0 0 0 0 0 89.722 174.103 1059.723 10.529 261.993 247.803 3789.52 -19.684 98.267 1521.759 -23.193 402.832 245.056 189.209 471.039 263.062 505.676 269.775 25.177 563.202 -4993.134 331.574 79.803 -1379.547 17.09 -14.038 1239.777 97.198 376.282 540.772 256.653 -1004.333 310.364 62.866 225.83 194.092 68.359 2516.479 2258.148 实验室 1 074
4325398 4728 2025/10/29 10:51:06 P18 0 0 0 0 0 0 0 90.485 174.866 1059.113 11.139 261.383 246.887 3791.046 15.259 36.926 1522.827 -22.736 405.884 244.904 187.683 471.344 262.756 505.371 269.928 24.567 563.049 -4992.371 338.287 85.297 -1351.013 16.937 -13.733 1237.946 97.046 374.603 540.161 254.364 -1002.197 309.296 63.019 228.424 190.888 70.496 2516.632 2258.606 实验室 1 074
4325399 4728 2025/10/29 10:51:07 P18 0 0 0 0 0 0 0 89.722 174.561 1057.434 10.529 261.078 247.345 3789.52 25.482 -8.087 1503.448 -23.193 410.614 244.446 187.531 470.734 263.062 503.845 269.47 25.024 562.439 -4990.387 367.127 80.566 -1338.348 16.632 -14.343 1237.183 96.893 374.146 539.398 255.28 -1001.74 308.685 62.561 222.015 191.345 65.765 2514.954 2258.759 实验室 1 074
4325400 4728 2025/10/29 10:51:08 P18 0 0 0 0 0 0 0 89.111 174.561 1056.213 10.529 261.231 247.345 3791.809 1.373 -19.226 1509.247 -22.278 411.987 244.293 187.683 469.818 263.825 501.862 270.081 25.024 561.218 -4990.082 388.184 81.177 -1385.193 16.174 -14.648 1235.199 96.588 372.62 537.872 254.822 -998.535 308.838 62.103 229.187 191.193 64.545 2516.785 2258.148 实验室 1 074
4325401 4728 2025/10/29 10:51:09 P18 0 0 0 0 0 0 0 89.569 174.713 1056.366 9.918 260.468 247.04 3789.215 44.556 -46.997 1511.688 -24.261 413.361 243.683 187.225 469.36 263.214 500.641 269.318 24.872 560.303 -4989.929 402.069 80.719 -1382.751 16.174 -14.343 1233.826 96.893 372.009 537.109 253.296 -996.552 308.533 61.951 225.067 191.803 64.85 2516.174 2256.47 实验室 1 074
4325402 4728 2025/10/29 10:51:10 P18 0 0 0 0 0 0 0 89.264 175.171 1053.925 9.918 261.231 246.582 3789.825 37.689 -50.201 1511.383 -22.888 413.361 243.683 185.547 469.055 263.977 498.352 269.013 24.872 559.692 -4989.929 403.442 80.261 -1396.484 16.479 -14.954 1232.147 96.436 370.941 536.194 253.449 -1003.876 307.922 61.646 224.762 189.972 62.408 2515.259 2258.148 实验室 1 074
4325403 4728 2025/10/29 10:51:11 P18 0 0 0 0 0 0 0 90.332 174.255 1053.619 10.071 259.399 246.582 3791.809 33.112 -40.741 1510.468 -23.041 417.786 244.141 185.242 468.903 264.13 498.657 268.555 24.414 559.54 -4989.319 382.538 80.414 -1372.986 16.632 -14.648 1229.706 96.588 370.331 535.736 251.617 -1001.129 306.549 61.798 232.544 188.904 65.155 2516.632 2260.437 实验室 1 074
4325404 4728 2025/10/29 10:51:12 P18 0 0 0 0 0 0 0 89.111 174.561 1053.162 10.681 259.857 245.667 3789.215 23.956 -14.954 1495.972 -23.499 418.396 243.378 186.005 469.208 264.893 496.979 268.402 25.024 558.777 -4989.472 394.592 80.719 -1366.73 16.174 -14.954 1228.333 95.673 369.11 533.905 251.312 -999.146 306.091 61.493 224.304 188.294 65.155 2516.174 2261.963 实验室 1 074
4325405 4728 2025/10/29 10:51:13 P18 0 0 0 0 0 0 0 89.417 174.408 1052.551 10.681 259.399 245.819 3791.504 -18.158 -148.926 1498.26 -23.804 418.549 242.92 184.631 468.75 265.198 495.3 268.25 25.177 558.014 -4989.929 412.75 78.43 -1362.152 17.09 -14.801 1226.501 95.673 367.737 533.905 252.686 -1000.061 305.939 60.73 222.626 186.462 63.171 2516.327 2257.996 实验室 1 074
4325406 4728 2025/10/29 10:51:14 P18 0 0 0 0 0 0 0 89.569 175.171 1050.72 10.834 260.468 245.667 3789.673 45.319 -139.313 1508.179 -23.193 423.889 242.92 184.326 468.445 265.198 493.774 268.402 24.414 557.404 -4990.082 372.315 81.94 -1349.945 17.09 -15.106 1225.433 95.062 366.516 532.99 252.075 -1008.759 305.176 61.646 217.743 188.599 64.85 2516.022 2257.233 实验室 1 074
4325407 4728 2025/10/29 10:51:15 P18 0 0 0 0 0 0 0 89.722 174.103 1050.262 11.139 259.247 245.361 3789.825 29.755 -103.912 1497.955 -23.499 429.84 243.073 183.563 468.445 264.587 492.859 268.097 24.719 556.488 -4990.54 369.415 80.872 -1356.964 16.022 -14.801 1223.755 95.52 365.753 532.227 251.16 -1007.08 304.413 61.188 224.609 191.65 65.155 2515.869 2259.216 实验室 1 074
4325408 4728 2025/10/29 10:51:16 P18 0 0 0 0 0 0 0 90.332 173.95 1048.279 11.444 259.094 245.514 3791.656 -0.61 -117.34 1517.181 -23.193 425.415 242.92 182.495 467.987 264.74 492.249 268.402 24.719 556.488 -4991.455 382.385 82.245 -1342.468 16.022 -15.564 1221.771 95.062 364.99 531.616 250.244 -1008.148 303.955 61.34 220.184 188.904 66.376 2516.479 2258.759 实验室 1 074
4325409 4728 2025/10/29 10:51:17 P18 0 0 0 0 0 0 0 89.569 174.713 1048.279 10.681 259.399 245.361 3789.673 13.428 -56.152 1501.312 -23.499 429.993 242.004 182.648 467.835 265.503 490.265 268.86 24.414 555.267 -4992.523 386.658 80.109 -1317.139 16.479 -15.564 1221.008 94.757 363.77 530.243 250.397 -1006.927 304.108 61.188 222.168 187.073 63.934 2517.09 2259.064 实验室 1 074
4325410 4728 2025/10/29 10:51:18 P18 0 0 0 0 0 0 0 89.569 174.713 1046.906 10.529 258.484 245.667 3790.283 30.67 24.109 1508.179 -23.346 432.434 242.157 182.037 467.682 265.656 489.655 268.097 24.872 554.81 -4992.371 364.075 81.482 -1315.613 16.632 -15.717 1219.025 94.91 362.854 529.785 251.007 -1007.996 302.887 60.577 225.983 189.514 67.291 2515.564 2259.369 实验室 1 074
4325411 4728 2025/10/29 10:51:19 P18 0 0 0 0 0 0 0 89.722 174.713 1045.074 10.529 259.094 243.53 3791.809 61.646 28.687 1508.484 -22.583 430.298 242.92 181.122 467.377 265.961 487.976 268.86 24.414 553.589 -4992.828 314.484 80.261 -1366.272 16.479 -15.717 1217.957 94.604 361.176 529.785 249.481 -1002.35 302.734 61.34 230.408 189.667 65.46 2516.785 2258.148 实验室 1 074
4325412 4728 2025/10/29 10:51:20 P18 0 0 0 0 0 0 0 90.027 174.103 1045.685 11.139 259.094 244.446 3789.978 32.349 -3.357 1500.397 -23.193 434.876 242.004 180.664 467.377 266.419 486.603 267.944 24.414 553.436 -4991.607 305.939 85.144 -1357.574 16.174 -15.106 1216.125 94.452 360.87 527.954 248.261 -1003.723 302.887 60.577 220.642 187.225 64.087 2516.174 2258.453 实验室 1 074
4325413 4728 2025/10/29 10:51:21 P18 0 0 0 0 0 0 0 90.179 174.561 1043.854 10.681 258.179 245.056 3789.368 24.414 10.834 1495.667 -23.041 438.843 242.004 180.359 467.377 266.419 486.298 267.487 25.177 553.131 -4991.15 302.277 80.872 -1358.643 16.327 -15.106 1215.515 93.994 360.413 527.649 249.176 -995.026 301.666 60.73 218.048 185.547 70.496 2515.411 2259.064 实验室 1 074
4325414 4728 2025/10/29 10:51:22 P18 0 0 0 0 0 0 0 89.722 174.561 1042.48 11.292 257.721 244.141 3790.588 29.297 54.626 1495.056 -23.193 436.554 241.852 178.833 466.919 266.419 485.23 267.792 24.719 552.521 -4989.624 331.116 81.94 -1359.1 16.327 -15.411 1213.226 94.147 359.192 526.733 248.261 -997.467 301.361 60.73 219.727 187.683 65.155 2516.479 2260.284 实验室 1 074
4325415 4728 2025/10/29 10:51:23 P18 0 0 0 0 0 0 0 89.874 174.713 1041.718 10.223 257.721 243.988 3789.063 47.913 37.384 1488.037 -23.651 442.505 241.089 179.749 466.614 266.724 483.551 267.792 24.719 551.605 -4990.082 316.773 82.55 -1360.321 16.174 -16.327 1213.379 93.536 358.124 525.971 247.345 -1001.129 301.056 60.73 228.272 185.089 63.477 2515.869 2258.606 实验室 1 074
4325416 4728 2025/10/29 10:51:24 P18 0 0 0 0 0 0 0 89.874 174.408 1041.107 10.529 257.416 244.751 3790.741 14.343 16.479 1487.885 -22.888 444.336 241.089 179.291 466.461 267.639 482.636 267.334 24.567 552.063 -4989.624 341.492 80.719 -1363.068 16.785 -16.632 1210.785 93.231 357.208 524.902 247.955 -996.857 300.293 60.272 226.898 186.768 67.444 2516.937 2258.301 实验室 1 074
4325417 4728 2025/10/29 10:51:25 P18 0 0 0 0 0 0 0 89.569 175.476 1039.581 10.529 256.805 244.751 3789.978 -1.678 10.529 1501.16 -23.499 441.895 240.784 178.375 466.309 267.181 480.652 267.487 24.109 551.453 -4989.624 329.895 80.872 -1348.572 16.174 -16.785 1209.717 92.163 355.682 524.292 245.972 -990.601 299.988 60.73 225.678 185.852 65.613 2516.785 2258.453 实验室 1 074
4325418 4728 2025/10/29 10:51:26 P18 0 0 0 0 0 0 0 89.874 175.018 1038.971 9.766 258.026 242.92 3789.673 -9.46 -30.67 1502.686 -23.193 446.777 241.089 178.223 466.003 267.792 479.126 267.639 24.109 551.3 -4990.082 330.2 79.803 -1331.635 16.632 -16.327 1208.496 92.468 354.919 523.834 248.566 -991.974 300.293 60.272 220.032 184.937 68.054 2516.174 2258.453 实验室 1 074
4325419 4728 2025/10/29 10:51:27 P18 0 0 0 0 0 0 0 89.569 175.324 1037.903 9.308 257.721 243.073 3791.199 72.327 -18.768 1499.023 -23.041 444.183 240.784 177.155 465.698 267.639 478.363 268.097 23.956 549.774 -4988.861 328.064 80.566 -1324.768 15.411 -16.022 1207.275 92.316 354.309 523.834 247.803 -993.042 299.53 60.12 217.896 184.479 60.73 2516.632 2257.996 实验室 1 074
4325420 4728 2025/10/29 10:51:28 P18 0 0 0 0 0 0 0 90.027 174.561 1037.903 10.071 257.263 243.835 3790.894 31.586 22.125 1491.089 -23.041 444.336 240.784 176.086 466.156 267.029 478.363 267.487 25.024 549.622 -4989.472 341.034 81.177 -1338.348 16.327 -16.174 1204.681 92.468 353.394 522.919 246.277 -999.603 298.767 59.814 212.86 185.7 65.613 2516.632 2257.996 实验室 1 074
4325421 4728 2025/10/29 10:51:29 P18 0 0 0 0 0 0 0 89.874 174.255 1036.377 10.376 256.958 242.615 3790.283 23.956 -4.73 1488.342 -22.736 449.829 240.021 176.697 465.698 268.25 475.464 267.639 24.261 548.859 -4989.929 321.503 80.566 -1323.242 16.022 -16.632 1204.529 92.316 352.478 521.698 246.429 -994.11 299.377 59.814 217.133 186.462 62.103 2515.869 2258.606 实验室 1 074
4325422 4728 2025/10/29 10:51:30 P18 0 0 0 0 0 0 0 90.179 175.476 1035.919 10.986 256.5 242.767 3790.894 22.43 54.016 1484.528 -23.041 454.712 239.105 175.171 465.698 267.792 475.922 267.334 23.956 549.164 -4990.692 282.898 78.583 -1311.035 15.869 -16.785 1202.698 90.942 351.105 521.088 245.056 -994.263 298.157 59.509 213.471 185.394 70.801 2516.632 2258.759 实验室 1 074
4325423 4728 2025/10/29 10:51:31 P18 0 0 0 0 0 0 0 90.179 174.408 1035.461 10.529 256.5 242.462 3790.436 10.834 11.292 1487.427 -23.041 454.559 240.631 175.476 465.393 268.555 474.243 266.876 23.956 548.401 -4990.845 289.002 82.703 -1324.768 16.022 -16.785 1200.562 91.858 350.647 520.325 245.514 -993.805 297.546 59.814 214.539 185.394 64.697 2517.09 2256.012 实验室 1 074
4325424 4728 2025/10/29 10:51:32 P18 0 0 0 0 0 0 0 90.79 175.629 1033.325 10.376 256.043 242.157 3789.673 18.768 -55.389 1485.748 -23.346 454.407 240.021 175.171 465.088 268.25 473.633 267.792 23.956 547.485 -4991.455 271.606 80.414 -1332.245 15.869 -15.869 1199.951 91.705 349.579 519.104 245.056 -994.11 297.852 59.662 207.977 183.716 62.866 2515.869 2257.996 实验室 1 074
4325425 4728 2025/10/29 10:51:33 P18 0 0 0 0 0 0 0 90.179 175.476 1032.562 10.681 257.263 242.462 3791.962 31.738 -128.784 1481.628 -23.346 457.611 239.868 174.255 464.325 268.402 473.328 267.487 24.567 547.485 -4991.455 270.386 82.245 -1338.501 15.564 -17.242 1198.273 91.4 349.121 518.799 244.751 -993.347 297.241 59.662 218.048 184.784 64.545 2516.937 2257.538 实验室 1 074
4325426 4728 2025/10/29 10:51:34 P18 0 0 0 0 0 0 0 90.332 174.561 1032.562 10.071 256.348 243.378 3789.368 56.458 -51.88 1480.713 -23.193 459.9 239.563 173.95 464.172 268.86 471.802 266.876 23.804 547.028 -4992.371 298.462 82.397 -1350.555 16.479 -16.327 1196.899 91.095 347.9 517.883 243.988 -1000.977 297.394 59.662 217.743 180.817 62.714 2516.327 2258.606 实验室 1 074
4325427 4728 2025/10/29 10:51:35 P18 0 0 0 0 0 0 0 90.027 175.171 1030.426 10.376 255.585 240.936 3790.588 39.063 93.384 1477.509 -23.651 460.51 239.105 173.645 465.088 269.165 470.734 266.876 24.109 546.57 -4992.371 335.083 80.719 -1345.367 16.785 -16.937 1195.374 91.553 347.138 517.273 242.92 -1002.655 296.783 59.204 213.318 187.836 62.714 2516.479 2257.843 实验室 1 074
4325428 4728 2025/10/29 10:51:36 P18 0 0 0 0 0 0 0 89.417 174.866 1029.968 11.597 256.195 241.547 3791.046 -10.986 305.481 1478.119 -23.804 464.02 239.258 173.035 465.546 269.47 469.208 266.571 23.804 546.265 -4992.523 354.157 80.261 -1311.646 16.785 -16.479 1194.153 90.79 346.375 516.815 243.073 -998.077 296.326 59.357 221.405 183.563 66.071 2517.395 2259.674 实验室 1 074
4325429 4728 2025/10/29 10:51:37 P18 0 0 0 0 0 0 0 90.027 175.324 1029.358 9.918 255.432 241.547 3789.673 35.706 347.443 1479.645 -22.583 464.63 239.105 172.577 464.325 269.775 469.055 267.029 23.956 546.265 -4992.523 383.759 81.787 -1313.477 16.022 -17.09 1193.542 90.942 346.527 516.51 242.92 -1003.723 295.41 59.204 214.996 180.206 64.545 2515.869 2259.674 实验室 1 074
4325430 4728 2025/10/29 10:51:38 P18 0 0 0 0 0 0 0 90.637 175.629 1028.748 10.376 255.127 241.699 3790.741 3.51 227.966 1481.323 -23.346 467.072 238.8 172.119 464.172 269.775 468.292 267.029 23.956 545.654 -4992.218 343.933 84.076 -1335.297 16.022 -15.869 1192.627 90.332 345.154 514.984 242.92 -1006.165 294.952 59.052 216.522 174.866 64.087 2516.174 2258.606 实验室 1 074
4325431 4728 2025/10/29 10:51:39 P18 0 0 0 0 0 0 0 90.332 175.781 1027.985 9.766 255.127 241.852 3790.436 27.161 60.425 1478.271 -23.193 466.309 238.037 171.509 464.478 269.623 466.766 266.876 23.346 544.891 -4992.065 339.966 85.144 -1334.686 16.022 -16.937 1190.796 90.332 344.086 514.679 241.852 -1003.265 294.952 60.425 209.656 179.291 63.477 2516.174 2259.064 实验室 1 074
4325432 4728 2025/10/29 10:51:40 P18 0 0 0 0 0 0 0 90.027 175.171 1027.222 10.529 255.28 241.089 3789.825 36.621 -136.719 1473.694 -23.804 467.987 238.342 171.661 464.783 269.928 465.393 266.419 23.346 544.434 -4989.624 348.206 80.109 -1335.144 16.632 -16.174 1189.423 90.027 343.018 514.221 242.31 -1005.859 294.647 58.899 208.435 178.07 63.934 2515.564 2259.369 实验室 1 074
4325433 4728 2025/10/29 10:51:41 P18 0 0 0 0 0 0 0 90.179 174.866 1026.306 9.766 255.28 241.089 3789.978 32.196 -169.373 1481.628 -23.499 471.039 238.342 171.661 464.172 270.386 465.241 266.571 23.499 544.434 -4989.472 355.988 83.313 -1327.362 17.09 -16.479 1188.202 89.569 342.407 513.153 242.004 -1016.388 293.274 59.204 212.097 173.34 65.002 2516.479 2258.759 实验室 1 074
4325434 4728 2025/10/29 10:51:42 P18 0 0 0 0 0 0 0 90.027 175.171 1026.459 9.46 255.89 241.089 3789.52 30.06 -177.002 1470.49 -23.651 472.565 238.19 170.441 463.562 270.996 463.562 266.113 23.651 543.823 -4991.15 328.98 82.855 -1319.733 17.09 -17.09 1187.439 90.027 341.95 512.695 241.547 -1018.677 293.579 58.594 205.689 177.155 63.629 2516.022 2257.996 实验室 1 074
4325435 4728 2025/10/29 10:51:43 P18 0 0 0 0 0 0 0 89.722 175.476 1025.543 10.223 254.822 241.089 3790.741 43.335 -127.716 1467.133 -23.193 474.701 237.274 171.051 463.562 271.301 462.494 267.029 23.651 543.213 -4992.523 309.296 80.261 -1308.594 16.022 -17.09 1185.608 89.874 340.881 511.932 240.021 -1007.233 293.579 58.441 204.62 175.476 67.444 2516.937 2258.148 实验室 1 074
4325436 4728 2025/10/29 10:51:44 P18 0 0 0 0 0 0 0 90.027 176.086 1024.17 9.766 254.669 240.326 3789.215 -8.24 -109.1 1479.492 -23.346 475.617 237.732 169.83 463.257 270.691 461.578 267.181 23.651 543.823 -4991.15 296.021 80.872 -1321.106 16.022 -17.242 1184.998 89.569 340.118 511.169 240.479 -1014.252 293.274 58.746 210.877 177.002 64.087 2516.632 2258.911 实验室 1 074
4325437 4728 2025/10/29 10:51:45 P18 0 0 0 0 0 0 0 90.027 175.781 1022.644 9.766 254.211 241.089 3791.504 19.073 -150.452 1464.691 -23.193 476.532 238.037 169.983 463.562 271.454 459.29 266.724 23.193 543.823 -4989.014 271.759 83.313 -1353.76 16.479 -16.632 1183.472 89.874 339.356 511.017 240.021 -1003.723 293.121 58.899 203.4 174.713 62.866 2517.09 2258.606 实验室 1 074
4325438 4728 2025/10/29 10:51:46 P18 0 0 0 0 0 0 0 90.332 175.171 1022.949 9.613 254.517 240.021 3789.825 48.828 -109.253 1477.966 -23.804 476.99 237.274 169.373 463.409 271.454 460.205 266.571 24.109 542.297 -4990.082 260.01 81.482 -1349.335 15.411 -17.395 1181.946 88.806 338.745 509.796 239.258 -1015.93 292.358 58.136 209.808 175.171 63.934 2516.022 2259.216 实验室 1 074
4325439 4728 2025/10/29 10:51:47 P18 0 0 0 0 0 0 0 90.485 175.476 1021.881 10.223 254.364 240.326 3791.046 18.311 -23.956 1464.996 -23.041 476.379 238.19 168.304 464.172 271.912 460.205 266.266 23.193 542.297 -4989.624 234.833 81.635 -1315.155 15.717 -16.937 1181.03 89.111 338.135 509.644 238.19 -1011.047 291.596 58.594 213.776 175.476 64.545 2515.411 2257.538 实验室 1 074
4325440 4728 2025/10/29 10:51:48 P18 0 0 0 0 0 0 0 90.027 175.171 1021.118 10.071 253.601 240.479 3792.877 12.665 14.038 1458.74 -23.193 480.042 237.732 167.999 462.799 271.301 458.374 265.961 23.651 541.992 -4990.54 245.209 80.414 -1282.654 15.411 -16.327 1179.657 88.806 337.067 509.033 238.495 -1017.303 291.138 59.662 202.179 175.629 68.97 2516.327 2259.521 实验室 1 074
4325441 4728 2025/10/29 10:51:49 P18 0 0 0 0 0 0 0 90.027 175.934 1019.745 9.308 254.211 239.258 3789.52 54.932 30.975 1452.942 -23.041 478.516 236.816 167.389 463.104 271.759 457.611 266.876 23.193 541.382 -4991.455 260.162 80.414 -1321.564 15.717 -16.785 1179.047 89.111 335.999 508.881 238.037 -1013.184 291.443 58.746 205.994 174.866 70.19 2516.785 2259.674 实验室 1 074
4325442 4728 2025/10/29 10:51:50 P18 0 0 0 0 0 0 0 89.874 175.781 1019.592 9.918 254.211 239.868 3791.046 48.828 21.21 1466.217 -22.583 482.483 236.969 166.931 463.257 271.759 456.848 265.961 22.736 540.772 -4992.218 286.255 79.956 -1352.539 15.869 -17.09 1177.826 88.501 335.693 508.118 238.648 -1013.336 290.985 58.289 198.364 170.593 68.054 2516.632 2261.2 实验室 1 074
4325443 4728 2025/10/29 10:51:51 P18 0 0 0 0 0 0 0 89.722 174.713 1018.677 10.376 253.906 240.021 3790.436 31.433 19.684 1469.574 -22.43 484.314 237.274 166.168 463.715 271.759 455.475 266.419 23.041 541.382 -4990.54 305.939 82.855 -1337.128 16.022 -16.632 1176.453 87.891 334.93 507.66 237.885 -1015.015 290.527 58.746 206.451 173.95 63.629 2516.327 2258.148 实验室 1 074
4325444 4728 2025/10/29 10:51:52 P18 0 0 0 0 0 0 0 89.874 175.934 1018.219 9.918 254.059 239.563 3789.215 8.698 21.057 1454.926 -22.278 482.788 236.664 165.71 463.409 271.759 454.407 267.029 23.651 540.466 -4989.929 294.495 81.329 -1315.765 15.717 -17.395 1175.69 88.348 333.71 507.813 238.342 -1007.996 290.222 58.441 208.13 170.898 64.85 2515.717 2256.165 实验室 1 074
4325445 4728 2025/10/29 10:51:53 P18 0 0 0 0 0 0 0 89.722 175.934 1017.151 9.766 254.364 239.258 3792.267 3.815 25.177 1456.757 -23.651 484.161 237.122 166.016 462.952 272.217 454.102 266.419 23.499 540.161 -4989.166 272.369 80.566 -1329.803 16.022 -17.242 1174.622 88.806 333.71 505.829 236.664 -1010.437 290.07 58.746 204.163 172.73 63.477 2516.632 2258.606 实验室 1 074
4325446 4728 2025/10/29 10:51:54 P18 0 0 0 0 0 0 0 90.179 175.324 1017.456 10.071 253.143 239.41 3790.131 3.967 30.212 1454.468 -23.499 484.467 237.122 165.1 462.952 272.675 454.102 266.113 23.956 539.398 -4990.082 294.19 81.482 -1321.259 16.022 -17.09 1172.943 88.501 333.405 505.219 236.816 -1009.979 289.307 58.289 201.569 172.119 64.24 2515.869 2259.064 实验室 1 074
4325447 4728 2025/10/29 10:51:55 P18 0 0 0 0 0 0 0 90.027 176.086 1015.472 10.376 253.754 239.563 3789.673 0.153 5.646 1468.201 -22.736 487.061 236.206 165.558 462.341 272.827 452.271 266.419 22.888 540.466 -4989.776 287.323 82.245 -1295.013 16.174 -16.327 1172.18 87.891 332.336 504.761 237.732 -996.094 289.307 58.594 202.637 172.577 68.817 2515.564 2258.301 实验室 1 074
4325448 4728 2025/10/29 10:51:56 P18 0 0 0 0 0 0 0 90.027 175.476 1015.625 9.918 253.906 238.342 3791.504 2.289 5.646 1455.078 -23.041 487.061 236.664 164.642 462.036 272.98 451.202 265.961 23.651 538.94 -4991.303 308.838 82.092 -1271.515 15.717 -16.327 1170.654 87.585 332.031 504.303 236.206 -1006.317 288.391 57.526 209.503 172.119 62.561 2516.937 2256.165 实验室 1 074
4325449 4728 2025/10/29 10:51:57 P18 0 0 0 0 0 0 0 90.179 176.239 1014.862 9.918 252.991 238.495 3790.283 24.109 -5.341 1459.808 -22.583 489.502 236.206 164.185 462.189 273.285 450.287 266.571 23.041 538.94 -4991.15 343.018 80.261 -1287.842 15.564 -16.937 1169.739 86.975 330.505 504.303 235.443 -1006.47 288.544 58.899 201.721 171.814 66.986 2515.564 2258.911 实验室 1 074
4325450 4728 2025/10/29 10:51:58 P18 0 0 0 0 0 0 0 90.79 175.171 1014.099 9.918 253.143 238.8 3790.283 28.687 -45.624 1451.416 -23.346 490.875 236.816 163.727 462.341 273.132 450.592 266.266 23.499 538.635 -4990.082 341.797 81.635 -1327.209 15.717 -16.632 1168.365 87.28 330.048 503.235 235.138 -997.772 288.086 57.983 201.569 171.204 68.512 2515.411 2261.658 实验室 1 074
4325451 4728 2025/10/29 10:51:59 P18 0 0 0 0 0 0 0 90.637 175.324 1014.252 9.918 253.143 238.953 3790.283 21.667 -15.411 1445.007 -23.651 489.655 236.511 163.879 461.731 273.285 448.303 266.266 23.651 538.635 -4990.082 318.146 81.787 -1343.689 16.632 -17.242 1167.297 86.975 330.048 502.472 236.054 -1006.775 288.086 57.526 202.942 167.084 68.054 2516.632 2258.301 实验室 1 074
4325452 4728 2025/10/29 10:52:00 P18 0 0 0 0 0 0 0 90.027 175.629 1013.184 9.613 253.601 238.8 3789.825 5.341 -39.673 1449.89 -23.193 491.18 235.596 164.185 461.731 273.285 448.303 266.724 23.193 537.872 -4989.624 303.65 80.566 -1320.496 15.869 -17.242 1166.229 87.585 328.674 502.014 236.206 -1002.96 287.933 57.983 205.536 169.678 66.071 2516.632 2257.843 实验室 1 074
4325453 4728 2025/10/29 10:52:01 P18 0 0 0 0 0 0 0 90.637 175.324 1012.268 10.376 252.38 238.953 3789.215 -10.529 -127.716 1455.078 -23.499 489.807 235.748 162.506 462.341 273.743 448.303 265.961 23.193 537.262 -4989.929 290.833 83.618 -1312.866 15.411 -16.632 1164.703 86.823 328.674 501.709 234.68 -1004.486 287.018 57.678 200.653 169.983 61.951 2515.411 2257.69 实验室 1 074
4325454 4728 2025/10/29 10:52:02 P18 0 0 0 0 0 0 0 91.095 175.324 1010.437 10.986 252.686 238.8 3792.267 31.586 -99.945 1453.705 -23.041 491.028 236.511 162.354 462.189 273.132 446.93 266.266 23.193 537.872 -4991.913 309.906 80.566 -1331.787 16.174 -16.327 1164.093 86.67 327.301 501.251 234.222 -1005.096 287.018 58.136 209.198 170.593 61.798 2516.479 2259.064 实验室 1 074
4325455 4728 2025/10/29 10:52:03 P18 0 0 0 0 0 0 0 90.485 176.392 1010.132 9.918 252.991 238.648 3789.368 14.954 -9.003 1460.571 -22.583 492.249 235.901 162.048 461.884 273.895 445.862 265.961 23.041 538.33 -4992.218 316.467 80.566 -1317.902 15.717 -16.937 1163.177 86.67 326.691 500.794 234.07 -1016.235 286.408 57.831 213.318 169.067 62.561 2516.174 2258.606 实验室 1 074
4325456 4728 2025/10/29 10:52:04 P18 0 0 0 0 0 0 0 90.027 175.934 1010.59 10.376 252.686 238.495 3789.978 -18.616 -53.253 1456.909 -21.973 494.385 235.596 161.438 462.341 273.895 445.099 265.808 22.583 537.415 -4992.828 304.108 83.16 -1297.76 15.564 -17.09 1162.415 86.365 325.623 500.794 233.765 -1015.472 286.408 58.136 208.893 168.304 68.817 2515.411 2258.148 实验室 1 074
4325457 4728 2025/10/29 10:52:05 P18 0 0 0 0 0 0 0 90.942 175.781 1009.064 9.918 251.77 237.732 3792.725 -19.836 -66.223 1455.383 -22.736 494.08 235.138 161.743 462.647 274.2 444.031 265.961 23.499 536.804 -4992.371 268.555 82.55 -1333.923 15.259 -16.632 1160.889 86.212 325.165 499.268 233.765 -1003.418 285.95 58.289 211.945 163.269 65.002 2516.174 2257.08 实验室 1 074
4325458 4728 2025/10/29 10:52:06 P18 0 0 0 0 0 0 0 90.332 175.934 1009.064 10.071 252.228 237.885 3790.894 34.79 -74.158 1457.214 -22.583 494.995 234.68 161.133 461.273 274.048 443.726 265.656 22.736 536.652 -4991.455 294.647 80.261 -1334.229 15.869 -16.785 1160.431 86.06 324.402 498.352 233.002 -1003.571 285.797 57.983 201.721 169.067 73.853 2516.479 2257.843 实验室 1 074
4325459 4728 2025/10/29 10:52:07 P18 0 0 0 0 0 0 0 90.485 175.934 1008.148 10.529 251.465 238.037 3790.588 34.332 -39.368 1442.871 -23.193 494.08 236.054 160.523 462.799 274.2 443.878 265.656 22.736 536.652 -4990.692 323.792 80.566 -1325.531 15.564 -16.937 1158.752 86.67 323.792 498.352 233.917 -1001.587 284.882 57.526 203.705 167.389 68.207 2515.717 2253.418 实验室 1 074
4325460 4728 2025/10/29 10:52:08 P18 0 0 0 0 0 0 0 90.027 176.086 1007.843 10.376 252.38 237.427 3790.894 29.449 -17.242 1446.533 -23.499 494.385 234.833 159.912 462.341 274.506 443.115 265.503 22.736 536.194 -4989.929 309.753 82.397 -1318.359 15.411 -16.785 1158.295 85.907 323.792 498.2 233.765 -1000.214 284.882 57.373 200.501 166.779 68.207 2516.785 2257.996 实验室 1 074
4325461 4728 2025/10/29 10:52:09 P18 0 0 0 0 0 0 0 90.485 176.086 1007.233 9.918 251.77 238.19 3790.588 54.626 95.52 1447.144 -22.43 494.69 234.68 160.065 462.494 274.506 442.2 265.045 22.583 536.194 -4989.776 318.909 80.872 -1310.12 15.411 -16.785 1157.532 85.602 323.029 497.589 232.849 -1001.892 284.271 57.373 194.092 168.457 63.629 2516.327 2258.301 实验室 1 074
4325462 4728 2025/10/29 10:52:10 P18 0 0 0 0 0 0 0 90.179 175.934 1006.165 9.46 253.296 238.342 3789.673 27.161 -2.747 1441.803 -23.041 494.69 234.528 159.607 461.884 275.269 441.284 265.808 22.888 534.821 -4989.624 291.138 82.397 -1311.188 15.869 -16.327 1156.006 86.365 322.418 496.826 232.391 -1002.045 284.424 57.068 188.446 171.051 66.986 2515.564 2261.81 实验室 1 074
4325463 4728 2025/10/29 10:52:11 P18 0 0 0 0 0 0 0 89.569 176.544 1004.944 10.071 251.312 237.122 3791.504 3.357 -40.588 1446.533 -23.193 495.3 234.375 158.997 462.189 275.574 440.521 266.724 23.041 535.889 -4989.166 297.699 81.024 -1308.289 15.869 -16.174 1156.006 85.754 321.198 495.606 232.239 -1002.655 285.187 57.068 190.43 165.71 63.629 2517.09 2265.32 实验室 1 074
4325464 4728 2025/10/29 10:52:12 P18 0 0 0 0 0 0 0 90.637 175.934 1004.486 10.376 251.77 238.037 3790.283 22.125 -53.558 1445.923 -23.041 495.911 235.291 159.149 462.189 275.116 439.758 265.961 22.583 534.973 -4989.776 336.456 81.329 -1312.256 15.259 -15.259 1153.412 86.06 321.808 495.911 231.781 -1001.892 283.661 57.831 199.28 166.168 68.97 2515.717 2259.521 实验室 1 074
4325465 4728 2025/10/29 10:52:13 P18 0 0 0 0 0 0 0 90.485 176.392 1004.486 9.766 251.77 237.732 3789.825 12.817 -122.986 1437.988 -22.583 495.453 234.222 158.844 461.731 275.421 438.385 266.113 23.193 535.278 -4989.624 351.41 83.923 -1284.027 15.411 -16.785 1153.259 84.991 320.74 494.843 231.781 -996.094 283.966 56.915 189.362 169.067 67.139 2515.411 2257.996 实验室 1 074
4325466 4728 2025/10/29 10:52:14 P18 0 0 0 0 0 0 0 90.179 177.002 1004.486 9.613 251.465 237.427 3791.046 8.85 -99.335 1437.683 -22.888 495.148 233.765 158.539 460.815 275.574 437.927 266.113 22.583 534.515 -4989.929 381.165 81.024 -1263.123 15.564 -16.785 1152.802 84.991 319.977 494.385 231.628 -1005.707 283.508 57.068 192.871 165.253 65.155 2517.7 2261.2 实验室 1 074
4325467 4728 2025/10/29 10:52:15 P18 0 0 0 0 0 0 0 90.179 177.002 1003.265 9.766 252.075 237.427 3789.673 -9.46 -134.125 1439.209 -23.346 495.453 234.222 158.386 461.426 275.116 437.622 266.419 22.888 534.363 -4991.455 389.557 81.635 -1272.43 16.174 -16.785 1150.97 84.839 319.824 493.622 230.713 -999.603 283.661 57.373 190.125 169.22 62.103 2516.785 2259.369 实验室 1 074
4325468 4728 2025/10/29 10:52:16 P18 0 0 0 0 0 0 0 90.332 176.239 1003.418 9.613 251.16 237.122 3789.673 38.605 -145.264 1434.479 -23.346 495.3 233.612 158.386 460.968 275.726 437.012 265.503 23.193 533.6 -4991.15 309.906 80.261 -1269.226 16.785 -16.937 1149.75 85.144 319.367 493.469 231.934 -1015.015 282.898 57.068 200.653 166.931 67.902 2516.022 2258.911 实验室 1 074
4325469 4728 2025/10/29 10:52:17 P18 0 0 0 0 0 0 0 90.637 175.781 1001.892 9.766 251.16 237.579 3789.673 43.64 -54.932 1442.108 -23.346 495.148 233.917 157.776 460.968 276.489 436.096 264.893 23.193 533.752 -4992.218 300.903 80.261 -1271.973 16.785 -16.632 1148.834 85.449 318.756 492.706 231.628 -1003.723 282.44 56.763 200.043 167.236 65.613 2517.09 2257.996 实验室 1 074
4325470 4728 2025/10/29 10:52:17 P18 0 0 0 0 0 0 0 90.79 176.239 1001.74 10.071 251.16 236.664 3789.063 33.569 39.978 1431.122 -23.651 495.148 233.307 157.166 460.968 276.489 435.028 265.198 23.193 534.515 -4991.76 288.849 78.583 -1290.283 15.411 -16.785 1147.766 84.839 318.451 491.943 230.713 -1003.265 282.288 56.458 202.179 166.473 63.629 2515.411 2256.622 实验室 1 074
4325471 4728 2025/10/29 10:52:18 P18 0 0 0 0 0 0 0 91.095 176.239 1000.366 9.918 250.397 237.122 3791.046 28.229 47.607 1440.125 -23.804 494.995 234.222 156.86 461.273 276.184 435.333 265.045 23.499 532.837 -4990.54 258.026 83.16 -1301.422 15.106 -16.785 1146.698 84.686 316.925 491.638 231.171 -1002.808 281.525 57.22 200.958 164.948 65.613 2517.395 2258.911 实验室 1 074
4325472 4728 2025/10/29 10:52:19 P18 0 0 0 0 0 0 0 90.637 176.239 1000.519 9.613 251.77 236.816 3789.368 -7.935 11.902 1440.735 -23.346 494.385 233.765 157.013 460.815 276.489 433.96 265.961 22.736 533.447 -4990.54 237.732 82.55 -1282.349 15.869 -16.632 1145.935 84.686 316.773 491.028 230.866 -1003.723 282.288 56.458 198.059 165.558 63.782 2516.327 2257.996 实验室 1 074
4325473 4728 2025/10/29 10:52:20 P18 0 0 0 0 0 0 0 90.179 176.239 999.756 10.681 250.549 236.969 3790.283 46.692 -35.248 1431.274 -22.278 493.774 233.765 156.25 461.578 276.032 433.655 265.961 22.125 533.447 -4989.472 233.154 79.193 -1264.954 15.564 -16.327 1145.477 84.381 316.162 491.943 230.103 -1024.17 281.067 57.678 200.806 164.642 62.561 2516.174 2258.759 实验室 1 074
4325474 4728 2025/10/29 10:52:21 P18 0 0 0 0 0 0 0 90.179 176.392 999.603 9.46 251.77 236.511 3791.199 21.973 -44.098 1439.209 -23.651 494.385 233.002 155.792 460.815 277.252 433.044 265.045 22.736 532.379 -4989.166 236.664 81.482 -1253.052 15.564 -16.327 1144.257 84.534 315.857 490.265 230.56 -1002.197 281.982 57.068 197.907 165.71 63.629 2516.785 2258.759 实验室 1 074
4325475 4728 2025/10/29 10:52:22 P18 0 0 0 0 0 0 0 91.095 176.544 997.925 9.003 250.702 236.206 3790.283 6.866 -84.076 1431.58 -23.346 492.706 233.917 155.182 461.121 276.337 432.129 265.656 23.193 532.837 -4988.861 281.22 81.787 -1274.109 15.717 -15.869 1142.578 84.076 314.941 490.265 228.882 -1003.265 280.762 57.373 202.637 164.032 64.24 2516.174 2260.742 实验室 1 074
4325476 4728 2025/10/29 10:52:23 P18 0 0 0 0 0 0 0 90.027 176.239 997.315 9.918 250.244 236.816 3790.894 -4.73 6.104 1435.242 -23.346 492.249 233.612 155.029 460.663 276.947 431.213 265.503 22.125 532.684 -4989.776 325.47 83.008 -1303.711 15.106 -14.954 1141.663 83.313 314.026 490.265 228.577 -1005.859 280.609 57.373 198.822 162.506 64.85 2515.411 2257.996 实验室 1 074
4325477 4728 2025/10/29 10:52:24 P18 0 0 0 0 0 0 0 90.485 176.239 996.857 9.766 250.397 236.359 3790.894 6.714 -5.951 1434.021 -23.193 492.249 233.765 155.029 461.273 276.642 430.603 265.808 22.278 532.379 -4990.997 330.811 79.651 -1309.204 15.411 -16.174 1141.052 83.923 313.721 488.892 227.203 -993.805 280.304 57.373 198.364 164.185 65.155 2516.785 2259.064 实验室 1 074
4325478 4728 2025/10/29 10:52:25 P18 0 0 0 0 0 0 0 90.179 176.849 995.636 9.155 250.549 236.206 3790.283 8.24 -18.158 1433.716 -23.346 490.875 232.697 154.572 459.9 276.794 429.535 265.503 22.583 532.074 -4991.913 307.312 81.329 -1304.932 15.564 -16.479 1140.289 84.381 313.11 488.129 228.882 -1000.061 279.846 56.915 198.212 165.1 64.85 2516.632 2258.301 实验室 1 074
4325479 4728 2025/10/29 10:52:26 P18 0 0 0 0 0 0 0 90.332 177.155 995.636 9.46 250.702 236.206 3789.673 8.087 -18.005 1427.765 -23.041 490.265 232.697 154.877 460.358 277.405 428.619 264.587 22.278 531.311 -4992.523 269.623 81.024 -1291.809 15.411 -17.09 1139.526 83.618 312.805 487.976 228.272 -995.331 279.694 56.458 200.806 159.912 61.035 2515.259 2259.064 实验室 1 074
4325480 4728 2025/10/29 10:52:27 P18 0 0 0 0 0 0 0 89.874 176.392 994.873 9.46 250.397 235.596 3791.046 3.662 -33.264 1434.479 -23.499 490.57 232.849 152.588 460.358 276.947 429.077 265.045 23.041 531.006 -4989.472 265.35 83.618 -1266.022 15.106 -16.022 1138.611 83.618 312.195 487.061 227.356 -990.143 279.694 56.458 193.939 157.623 63.934 2516.632 2256.622 实验室 1 074
4325481 4728 2025/10/29 10:52:28 P18 0 0 0 0 0 0 0 90.179 176.697 995.026 9.308 250.397 236.206 3789.825 5.493 -24.567 1436.462 -22.736 489.044 232.697 153.656 460.205 277.252 428.314 265.35 22.278 531.158 -4989.014 264.282 81.635 -1249.39 16.022 -16.327 1137.39 83.771 311.585 487.366 229.187 -994.415 279.541 55.847 189.362 160.828 69.427 2516.327 2257.69 实验室 1 074
4325482 4728 2025/10/29 10:52:29 P18 0 0 0 0 0 0 0 90.179 177.46 994.263 9.766 250.702 235.901 3791.199 25.787 -50.812 1440.43 -22.736 489.349 232.391 154.419 460.51 277.405 427.399 266.113 22.583 531.006 -4990.082 282.593 82.397 -1287.994 15.411 -15.869 1136.322 83.618 310.974 486.603 227.509 -1002.655 279.236 56.305 195.313 158.386 64.85 2516.479 2255.859 实验室 1 074
4325483 4728 2025/10/29 10:52:30 P18 0 0 0 0 0 0 0 90.332 176.392 994.415 9.46 249.481 235.901 3791.809 0.916 -122.986 1432.8 -23.193 487.824 232.849 152.893 460.815 277.1 427.704 265.35 22.583 531.311 -4991.303 277.1 80.109 -1284.027 15.106 -15.717 1134.949 83.466 310.516 486.45 228.119 -997.315 278.778 57.373 195.618 157.623 67.444 2516.327 2262.878 实验室 1 074
4325484 4728 2025/10/29 10:52:31 P18 0 0 0 0 0 0 0 90.027 176.697 992.889 9.308 249.786 235.596 3789.673 32.043 -33.722 1425.476 -22.583 487.366 232.544 152.588 459.9 277.405 426.483 265.656 22.43 530.548 -4992.523 243.225 81.329 -1271.362 15.259 -16.479 1134.796 82.703 310.059 485.84 227.051 -994.415 278.32 57.678 189.667 161.133 56 2516.022 2258.301 实验室 1 074
4325485 4728 2025/10/29 10:52:32 P18 0 0 0 0 0 0 0 91.095 176.697 991.669 10.071 249.786 236.206 3792.114 -0.458 35.706 1437.073 -22.583 484.619 233.154 152.283 459.442 277.863 425.72 265.045 21.973 529.938 -4989.929 268.25 80.414 -1275.024 15.259 -15.717 1133.423 83.313 309.448 484.619 228.119 -990.448 279.083 56.458 189.819 162.811 64.24 2516.785 2258.453 实验室 1 074
4325486 4728 2025/10/29 10:52:33 P18 0 0 0 0 0 0 0 90.637 177.002 991.516 9.766 248.871 235.443 3790.283 25.177 -23.346 1419.067 -23.804 485.23 232.239 152.13 460.053 277.405 424.652 264.74 22.125 529.938 -4989.776 250.702 83.466 -1270.294 15.869 -15.564 1133.423 82.397 308.838 484.772 227.051 -996.399 277.863 57.526 195.465 159.454 63.019 2516.327 2258.148 实验室 1 074
4325487 4728 2025/10/29 10:52:34 P18 0 0 0 0 0 0 0 90.027 176.392 991.364 10.223 248.871 235.291 3790.283 37.384 -4.578 1428.375 -23.193 484.467 232.086 152.13 460.205 277.863 424.347 264.587 22.888 529.633 -4990.387 243.073 81.177 -1271.973 15.869 -15.106 1131.744 83.466 308.533 484.161 229.034 -992.432 277.405 56.915 194.397 160.523 61.188 2515.411 2256.47 实验室 1 074
4325488 4728 2025/10/29 10:52:35 P18 0 0 0 0 0 0 0 90.332 176.849 991.211 9.155 249.786 234.833 3791.046 26.855 62.408 1432.648 -23.041 484.009 232.086 151.062 459.9 277.863 425.11 264.893 23.041 529.785 -4991.607 212.402 79.803 -1276.398 15.259 -16.174 1130.676 83.16 308.228 483.093 227.051 -998.077 276.794 56.305 191.193 160.828 63.629 2517.09 2259.216 实验室 1 074
4325489 4728 2025/10/29 10:52:36 P18 0 0 0 0 0 0 0 90.179 177.002 989.99 9.155 249.176 235.291 3791.504 59.204 42.114 1432.648 -23.193 482.025 231.934 151.825 459.9 278.015 424.042 264.587 23.193 528.87 -4992.065 190.888 81.024 -1277.771 15.259 -15.259 1129.608 82.092 307.312 483.093 227.051 -1002.197 277.252 56.152 187.378 158.844 66.834 2516.632 2257.08 实验室 1 074
4325490 4728 2025/10/29 10:52:37 P18 0 0 0 0 0 0 0 90.027 176.086 989.838 9.155 249.176 235.138 3789.825 45.166 -10.986 1426.697 -22.888 478.058 232.697 150.757 460.053 278.778 422.669 265.198 22.125 529.938 -4989.929 155.029 80.414 -1295.776 15.259 -15.564 1128.845 82.245 307.159 482.025 227.051 -997.467 276.947 55.847 192.871 157.776 64.24 2515.717 2258.759 实验室 1 074
4325491 4728 2025/10/29 10:52:38 P18 0 0 0 0 0 0 0 90.79 176.086 989.227 9.155 249.481 234.68 3791.504 54.474 -48.065 1424.866 -22.736 478.516 232.391 150.757 459.747 277.863 422.363 265.045 22.125 528.87 -4989.472 173.035 81.787 -1291.351 15.717 -15.869 1128.845 82.397 306.397 482.025 231.018 -1001.74 276.794 56.152 189.209 155.487 63.477 2516.327 2256.622 实验室 1 074
4325492 4728 2025/10/29 10:52:39 P18 0 0 0 0 0 0 0 90.485 176.849 988.464 10.681 248.718 235.901 3791.351 10.834 -52.338 1420.288 -22.278 479.279 232.086 150.604 459.137 278.32 421.906 263.825 22.125 529.327 -4990.234 186.92 80.872 -1298.981 14.954 -16.022 1126.862 82.55 306.091 481.873 227.356 -1014.862 276.947 56.458 185.089 156.097 64.087 2516.785 2254.333 实验室 1 074
4325493 4728 2025/10/29 10:52:40 P18 0 0 0 0 0 0 0 90.332 176.239 989.075 9.613 249.329 234.375 3789.673 -16.785 -38.757 1424.255 -23.193 478.668 232.086 150.147 460.51 278.626 421.906 264.74 21.667 528.87 -4990.082 202.484 82.092 -1278.229 15.259 -16.174 1126.709 81.94 306.244 482.178 225.983 -999.908 276.337 56 185.089 157.013 68.97 2515.869 2258.759 实验室 1 074
4325494 4728 2025/10/29 10:52:41 P18 0 0 0 0 0 0 0 90.637 177.765 988.159 10.529 248.718 234.985 3790.283 -5.035 -48.981 1394.806 -23.346 475.617 231.781 150.604 459.747 278.626 421.143 265.045 22.43 528.717 -4991.455 246.735 83.923 -1261.749 15.259 -15.259 1124.878 82.092 305.176 480.652 226.44 -998.535 275.574 56.915 190.125 155.487 66.834 2516.022 2257.08 实验室 1 074
4325495 4728 2025/10/29 10:52:42 P18 0 0 0 0 0 0 0 90.637 176.544 987.244 9.766 248.718 235.138 3791.656 29.297 3.204 1427.46 -23.193 474.701 231.476 149.384 459.29 279.083 419.922 265.808 22.278 528.717 -4992.371 238.19 82.092 -1270.599 15.106 -15.717 1124.42 82.245 305.023 480.347 224.915 -991.974 276.337 56.152 182.648 159.912 65.918 2516.937 2259.216 实验室 1 074
4325496 4728 2025/10/29 10:52:43 P18 0 0 0 0 0 0 0 90.79 177.155 986.633 9.46 249.023 234.833 3789.673 14.343 61.798 1414.337 -23.041 471.802 231.934 149.231 459.747 279.236 419.769 265.35 22.43 528.565 -4989.776 241.852 84.229 -1274.872 15.259 -15.869 1123.81 81.635 303.803 480.347 224.762 -997.162 275.421 56 189.362 156.555 64.392 2516.785 2257.996 实验室 1 074
4325497 4728 2025/10/29 10:52:44 P18 0 0 0 0 0 0 0 91.095 176.697 987.396 9.003 249.023 234.222 3788.757 21.362 143.28 1422.424 -22.736 470.734 231.476 148.315 459.442 278.931 419.922 264.587 21.973 528.87 -4989.166 201.569 81.024 -1260.681 15.106 -15.564 1123.047 81.635 304.413 479.279 224.457 -998.23 275.269 55.695 186.92 156.555 65.155 2515.411 2258.911 实验室 1 074
4325498 4728 2025/10/29 10:52:45 P18 0 0 0 0 0 0 0 91.095 176.239 985.87 9.613 248.566 234.375 3791.504 94.91 51.422 1415.558 -22.43 472.412 231.476 148.163 459.595 278.473 418.396 265.35 22.278 528.107 -4990.082 210.571 81.94 -1270.447 15.564 -15.411 1122.284 81.482 303.192 478.821 225.372 -995.483 274.963 55.542 189.362 158.234 68.97 2516.785 2262.115 实验室 1 074
4325499 4728 2025/10/29 10:52:46 P18 0 0 0 0 0 0 0 90.332 177.918 986.328 9.613 248.108 235.443 3790.588 48.523 20.752 1414.49 -23.193 469.666 231.171 148.315 459.747 278.931 418.701 264.74 22.125 527.344 -4989.014 211.639 80.414 -1250.763 15.259 -15.259 1121.521 81.94 302.734 478.973 224.609 -997.925 274.658 57.22 184.631 158.386 64.545 2516.632 2259.521 实验室 1 074
4325500 4728 2025/10/29 10:52:47 P18 0 0 0 0 0 0 0 90.332 177.46 985.718 9.003 249.329 234.528 3789.215 30.823 0.763 1421.661 -23.651 471.802 231.018 149.078 459.747 279.388 418.243 264.587 23.346 527.344 -4990.387 219.574 80.261 -1242.981 15.411 -15.411 1120.605 81.329 302.429 478.21 225.22 -1000.519 274.658 56.152 184.479 156.708 64.087 2516.479 2255.707 实验室 1 074
4325501 4728 2025/10/29 10:52:48 P18 0 0 0 0 0 0 0 90.637 176.392 986.023 9.308 249.023 234.528 3791.351 5.188 -71.259 1417.694 -23.193 465.546 231.476 147.553 459.29 279.236 417.481 265.045 21.973 528.107 -4992.218 281.677 80.566 -1228.485 15.564 -15.411 1119.843 80.566 302.887 477.905 222.626 -1002.045 274.506 55.695 186.768 155.335 65.46 2516.022 2257.08 实验室 1 074
4325502 4728 2025/10/29 10:52:49 P18 0 0 0 0 0 0 0 90.79 177.612 984.039 9.46 248.413 234.68 3791.504 22.43 -54.321 1421.356 -23.651 466.919 230.408 148.01 459.442 279.999 417.175 264.74 22.125 527.191 -4992.676 305.328 82.092 -1242.065 15.259 -15.411 1118.469 81.635 301.514 477.6 223.236 -997.467 274.353 56.61 190.582 156.555 64.087 2516.785 2259.521 实验室 1 074
4325503 4728 2025/10/29 10:52:50 P18 0 0 0 0 0 0 0 90.79 177.002 983.582 9.308 249.023 234.07 3789.673 11.749 -25.33 1410.522 -22.736 463.715 231.171 147.247 459.29 279.388 416.412 264.74 21.973 527.191 -4992.218 301.056 78.735 -1231.689 15.411 -15.564 1118.164 81.024 301.209 477.142 223.541 -1014.709 274.506 55.237 191.65 157.013 66.681 2515.869 2255.096 实验室 1 074
4325504 4728 2025/10/29 10:52:51 P18 0 0 0 0 0 0 0 89.874 177.612 982.819 9.46 248.413 235.291 3791.351 14.496 -32.806 1421.051 -23.499 462.494 230.713 147.858 459.29 279.999 415.497 264.587 22.583 526.886 -4989.319 296.783 81.329 -1246.033 14.954 -14.496 1117.249 82.092 300.293 476.99 223.084 -1004.486 273.59 56.763 183.411 158.386 62.866 2516.632 2258.453 实验室 1 074
4325505 4728 2025/10/29 10:52:52 P18 0 0 0 0 0 0 0 90.79 177.002 984.039 9.155 248.108 233.46 3791.656 26.703 -92.773 1432.648 -22.583 462.189 231.628 146.637 459.442 279.846 415.192 265.35 22.125 527.344 -4989.776 287.476 82.397 -1277.618 15.259 -15.411 1116.18 81.024 301.056 475.922 223.236 -1002.045 273.438 55.542 180.359 157.166 65.308 2516.785 2261.505 实验室 1 074
4325506 4728 2025/10/29 10:52:53 P18 0 0 0 0 0 0 0 90.485 177.002 982.056 9.308 247.803 234.375 3790.436 16.937 -155.487 1414.337 -22.888 461.426 230.713 146.79 459.442 280.762 415.192 264.435 21.667 526.428 -4989.624 260.773 81.787 -1296.844 15.259 -14.954 1115.112 81.482 299.072 475.922 223.236 -1001.587 273.743 55.542 186.31 155.029 65.765 2517.09 2254.486 实验室 1 074
4325507 4728 2025/10/29 10:52:54 P18 0 0 0 0 0 0 0 91.095 176.697 982.361 9.155 247.65 233.307 3788.91 58.594 -79.193 1414.642 -22.888 462.341 231.018 146.637 459.137 279.846 414.581 264.435 21.667 526.733 -4989.472 258.026 83.466 -1284.943 14.191 -15.411 1114.807 81.024 299.683 475.159 220.947 -1007.385 273.132 55.542 180.512 156.555 64.85 2515.869 2258.759 实验室 1 074
4325508 4728 2025/10/29 10:52:55 P18 0 0 0 0 0 0 0 91.553 176.544 981.751 8.85 248.871 233.46 3790.894 3.052 10.834 1420.288 -23.499 456.39 231.018 146.027 458.679 279.999 413.818 265.198 21.82 526.428 -4989.624 255.28 84.534 -1259.613 15.564 -15.106 1114.502 80.566 299.53 474.701 222.321 -1001.129 272.675 55.084 187.225 153.351 60.73 2515.717 2255.707 实验室 1 074
4325509 4728 2025/10/29 10:52:56 P18 0 0 0 0 0 0 0 90.332 177.002 980.835 9.766 247.498 234.375 3791.046 14.191 114.594 1419.373 -22.888 457.459 231.018 146.027 458.679 279.846 412.903 265.656 21.973 526.581 -4990.54 235.291 80.566 -1253.204 14.954 -15.259 1113.129 81.329 298.157 474.854 222.626 -1002.045 272.98 55.389 186.31 153.809 68.97 2518.005 2258.911 实验室 1 074
4325510 4728 2025/10/29 10:52:57 P18 0 0 0 0 0 0 0 90.637 177.612 979.309 9.308 247.803 234.222 3789.673 23.041 167.542 1416.016 -23.499 453.186 229.797 146.027 459.29 280.151 412.75 264.435 22.43 525.665 -4990.692 208.74 81.024 -1254.883 14.343 -14.954 1112.061 80.261 297.546 474.243 221.252 -993.652 272.217 55.695 185.394 151.672 62.866 2517.242 2258.453 实验室 1 074
4325511 4728 2025/10/29 10:52:58 P18 0 0 0 0 0 0 0 90.332 178.528 979.767 10.529 247.498 233.765 3790.283 -10.071 189.972 1416.016 -22.888 454.865 230.56 145.874 458.984 280.304 412.14 265.35 21.362 525.513 -4991.913 238.648 82.397 -1250.153 14.801 -15.411 1111.603 80.566 297.546 473.633 221.558 -994.873 272.064 56 185.7 155.029 64.24 2516.479 2259.827 实验室 1 074
4325512 4728 2025/10/29 10:52:59 P18 0 0 0 0 0 0 0 90.485 177.307 979.462 9.155 247.65 233.002 3791.504 7.019 127.869 1410.675 -23.041 451.66 230.56 145.264 458.984 280.762 411.987 265.503 22.43 524.902 -4992.523 264.587 81.329 -1269.531 16.174 -15.259 1110.687 80.109 297.241 473.023 222.015 -1004.486 272.675 55.542 184.326 154.419 62.866 2515.564 2258.148 实验室 1 074
4325513 4728 2025/10/29 10:53:00 P18 0 0 0 0 0 0 0 90.332 177.46 979.157 10.071 247.345 233.917 3792.419 46.692 178.528 1414.948 -22.888 451.05 229.797 144.653 458.832 280.304 411.224 264.74 21.667 525.665 -4992.676 280.762 82.397 -1246.796 14.648 -15.106 1109.924 80.414 296.326 473.328 220.642 -990.601 271.606 56.152 185.547 155.487 65.765 2516.479 2257.385 实验室 1 074
4325514 4728 2025/10/29 10:53:01 P18 0 0 0 0 0 0 0 91.248 177.002 978.088 9.766 246.887 233.46 3790.894 57.373 136.108 1419.678 -23.193 447.693 230.408 144.196 459.137 280.609 411.377 264.435 21.515 525.513 -4992.371 287.933 82.397 -1226.807 14.801 -14.038 1109.161 80.109 296.173 472.565 218.811 -989.38 271.301 55.542 186.005 152.588 65.765 2515.869 2260.284 实验室 1 074
4325515 4728 2025/10/29 10:53:02 P18 0 0 0 0 0 0 0 90.027 177.612 979.004 9.613 247.65 233.154 3789.825 34.332 14.801 1413.574 -23.651 449.982 229.645 145.264 458.832 280.609 410.767 264.587 21.82 525.055 -4991.15 291.901 80.719 -1220.703 16.022 -14.954 1108.398 79.956 295.868 472.565 220.642 -997.772 271.606 55.084 196.228 151.825 63.782 2515.869 2263.794 实验室 1 074
4325516 4728 2025/10/29 10:53:03 P18 0 0 0 0 0 0 0 90.637 177.307 977.936 9.155 247.955 234.222 3791.199 41.809 -21.973 1407.776 -23.499 448.608 230.255 144.196 458.374 281.83 409.699 265.045 21.973 525.055 -4989.166 281.83 81.787 -1223.297 14.801 -14.648 1107.178 80.566 295.258 471.497 219.116 -1000.671 271.912 55.084 184.326 152.283 65.308 2515.869 2262.726 实验室 1 074
4325517 4728 2025/10/29 10:53:04 P18 0 0 0 0 0 0 0 90.485 176.849 976.563 9.003 246.735 233.46 3791.809 37.384 -16.632 1409.454 -22.583 444.031 230.408 144.196 458.984 281.22 409.546 265.045 21.21 525.513 -4989.776 270.844 81.329 -1213.684 14.496 -14.801 1106.72 79.498 294.8 471.649 221.1 -991.058 270.538 55.695 177.918 146.79 64.087 2516.632 2257.843 实验室 1 074
4325518 4728 2025/10/29 10:53:05 P18 0 0 0 0 0 0 0 90.637 177.918 976.868 9.155 247.65 233.307 3789.368 8.087 33.417 1408.081 -22.583 441.589 229.95 143.585 458.832 280.914 408.936 265.808 21.515 524.902 -4989.929 234.222 80.109 -1241.913 14.954 -15.106 1105.804 79.346 294.647 471.191 220.795 -993.5 271.454 55.389 182.495 152.283 69.122 2516.022 2259.521 实验室 1 074
4325519 4728 2025/10/29 10:53:06 P18 0 0 0 0 0 0 0 90.637 177.765 975.952 9.46 246.582 233.307 3790.283 19.073 48.523 1400.604 -23.041 442.047 230.103 143.28 458.832 280.762 409.088 264.74 21.973 524.597 -4989.624 222.015 80.719 -1238.708 14.954 -14.343 1105.042 79.803 294.19 470.581 219.421 -999.756 270.538 55.084 179.901 152.741 67.139 2515.564 2257.996 实验室 1 074
4325520 4728 2025/10/29 10:53:07 P18 0 0 0 0 0 0 0 91.095 176.849 976.715 9.155 247.192 233.002 3790.588 24.109 -13.428 1413.269 -23.193 438.843 229.645 142.517 458.832 281.22 409.393 264.74 22.125 524.902 -4989.014 223.084 80.414 -1208.344 14.801 -14.496 1104.126 80.109 294.19 470.276 219.879 -998.383 269.928 55.237 184.631 151.978 64.697 2515.564 2259.064 实验室 1 074
4325521 4728 2025/10/29 10:53:08 P18 0 0 0 0 0 0 0 90.637 177.612 974.579 10.071 246.887 233.307 3791.504 4.578 -93.384 1406.86 -23.041 439.453 229.187 144.348 458.679 281.22 407.562 264.74 21.515 524.445 -4990.082 243.073 80.719 -1229.401 15.564 -15.106 1104.279 79.346 293.579 470.123 220.032 -999.908 270.386 55.695 176.849 150.299 64.24 2516.632 2258.301 实验室 1 074
4325522 4728 2025/10/29 10:53:09 P18 0 0 0 0 0 0 0 90.79 177.765 974.884 9.46 247.345 233.765 3789.673 22.125 -25.024 1408.081 -23.346 439.911 229.492 142.975 458.679 281.525 406.952 264.74 21.667 523.834 -4989.929 245.361 78.125 -1213.379 15.259 -14.954 1103.821 79.346 293.121 470.276 218.811 -1006.775 270.538 55.084 185.089 154.572 65.002 2517.09 2259.216 实验室 1 074
4325523 4728 2025/10/29 10:53:10 P18 0 0 0 0 0 0 0 90.485 177.155 974.884 9.46 246.887 232.849 3789.673 -4.425 -62.561 1411.438 -23.499 435.638 229.645 143.433 458.374 281.982 407.105 264.282 22.888 523.071 -4989.929 235.596 79.803 -1195.679 15.564 -14.648 1102.753 78.888 292.664 469.055 219.269 -1003.418 270.538 54.779 179.596 155.182 63.629 2515.564 2260.132 实验室 1 074
4325524 4728 2025/10/29 10:53:11 P18 0 0 0 0 0 0 0 90.942 177.918 974.121 8.85 246.582 232.849 3792.419 28.381 -96.588 1405.64 -22.888 431.671 230.103 142.67 458.679 281.067 406.494 265.045 22.736 524.292 -4990.54 243.683 83.16 -1207.275 14.343 -14.648 1101.379 79.193 292.206 469.055 218.811 -998.077 269.47 55.542 179.749 150.909 63.324 2516.174 2255.096 实验室 1 074
4325525 4728 2025/10/29 10:53:12 P18 0 0 0 0 0 0 0 90.637 177.765 973.358 9.308 246.582 232.849 3789.673 21.667 -27.161 1407.471 -23.041 428.467 229.034 142.212 458.679 281.982 406.189 264.587 21.515 523.682 -4991.913 248.718 78.583 -1217.194 15.717 -14.954 1101.074 79.346 292.206 467.682 217.743 -996.246 269.47 55.084 176.086 154.419 64.545 2516.327 2259.521 实验室 1 074
4325526 4728 2025/10/29 10:53:13 P18 0 0 0 0 0 0 0 90.942 176.697 973.206 9.613 247.04 232.391 3788.91 -40.588 56.152 1394.653 -23.193 428.162 229.034 141.602 458.221 281.372 405.731 264.282 22.583 523.682 -4991.607 219.269 80.566 -1221.619 14.648 -14.801 1100.159 79.193 292.053 467.987 219.421 -996.704 268.402 55.084 186.005 149.841 67.444 2515.411 2257.69 实验室 1 074
4325527 4728 2025/10/29 10:53:14 P18 0 0 0 0 0 0 0 90.332 177.46 973.053 8.85 247.345 232.391 3791.199 -5.798 57.068 1398.315 -23.193 428.772 228.729 142.059 457.764 282.288 405.121 265.35 21.667 523.377 -4992.523 214.844 82.55 -1207.428 14.801 -14.648 1099.854 78.888 290.833 466.919 218.658 -1005.554 269.47 54.626 177.612 148.621 59.967 2516.632 2258.911 实验室 1 074
4325528 4728 2025/10/29 10:53:15 P18 0 0 0 0 0 0 0 90.637 177.002 972.443 9.766 246.887 232.239 3789.825 61.646 29.297 1400.146 -23.041 428.314 229.034 141.144 458.527 281.677 405.121 264.435 21.973 523.224 -4991.607 200.195 80.261 -1205.444 14.954 -14.648 1098.328 79.193 290.68 467.072 217.896 -1000.366 268.555 55.084 182.19 151.978 65.918 2516.174 2257.996 实验室 1 074
4325529 4728 2025/10/29 10:53:16 P18 0 0 0 0 0 0 0 90.332 178.528 971.375 9.308 247.192 232.697 3789.368 13.886 3.662 1393.89 -23.041 425.415 229.34 141.296 458.679 281.83 404.205 264.893 21.362 523.071 -4990.54 176.849 78.125 -1235.046 15.106 -15.259 1097.26 78.125 290.222 467.224 218.201 -995.636 268.86 54.626 173.95 151.215 59.662 2515.869 2258.759 实验室 1 074
4325530 4728 2025/10/29 10:53:17 P18 0 0 0 0 0 0 0 90.637 177.155 971.527 9.308 246.277 233.154 3791.199 11.139 -177.002 1402.893 -22.888 415.802 230.255 140.381 459.137 281.83 404.663 264.74 21.667 523.071 -4989.776 155.335 80.261 -1260.071 14.496 -14.801 1097.87 78.125 289.917 466.919 217.438 -998.383 268.402 55.389 187.225 153.503 63.171 2515.411 2260.132 实验室 1 074
4325531 4728 2025/10/29 10:53:18 P18 0 0 0 0 0 0 0 90.179 178.223 971.375 9.003 246.429 232.391 3790.588 52.185 -303.955 1407.776 -22.583 423.431 229.187 140.991 458.527 281.982 404.205 265.045 21.515 524.445 -4989.776 152.283 80.414 -1254.272 14.648 -14.496 1096.649 78.735 289.307 466.461 217.743 -990.906 268.097 55.389 175.629 151.978 63.629 2516.785 2258.911 实验室 1 074
4325532 4728 2025/10/29 10:53:19 P18 0 0 0 0 0 0 0 90.637 178.375 970.764 9.308 247.192 232.544 3789.825 36.621 -337.067 1396.79 -23.651 423.126 228.882 140.839 458.679 282.44 403.29 264.587 21.362 523.377 -4989.776 147.4 81.635 -1242.981 14.954 -15.106 1096.802 78.43 288.849 466.919 219.727 -991.211 268.25 54.779 176.086 148.468 63.477 2516.632 2258.301 实验室 1 074
4325533 4728 2025/10/29 10:53:20 P18 0 0 0 0 0 0 0 90.942 177.918 971.222 9.155 246.582 232.849 3790.588 25.635 -238.8 1396.79 -23.346 420.685 228.729 140.533 458.984 283.203 402.832 264.587 21.82 523.071 -4989.166 150.299 81.787 -1255.951 15.717 -14.038 1095.581 78.583 289.002 465.546 215.912 -1001.587 267.792 54.321 179.749 148.773 68.054 2516.174 2258.911 实验室 1 074
4325534 4728 2025/10/29 10:53:21 P18 0 0 0 0 0 0 0 91.095 178.68 969.391 8.545 246.582 233.154 3791.656 -14.648 -125.885 1400.757 -22.888 416.26 228.272 140.533 458.679 282.745 402.832 265.35 21.057 524.445 -4988.861 159.302 81.177 -1253.967 15.411 -14.343 1095.123 78.43 288.391 465.241 217.896 -997.009 267.792 54.779 182.19 149.994 67.291 2517.242 2259.064 实验室 1 074
4325535 4728 2025/10/29 10:53:22 P18 0 0 0 0 0 0 0 90.332 178.375 970.154 9.46 246.277 232.849 3789.215 32.654 -1.373 1393.89 -22.583 416.412 228.577 140.228 458.679 282.745 401.917 264.893 20.752 523.682 -4991.913 208.435 81.94 -1250.458 14.954 -14.496 1094.818 77.82 288.086 464.935 218.658 -1007.233 268.25 54.626 184.326 149.078 64.24 2515.106 2259.521 实验室 1 074
4325536 4728 2025/10/29 10:53:23 P18 0 0 0 0 0 0 0 90.637 177.918 970.154 8.85 246.582 232.391 3790.741 13.428 -37.689 1406.86 -23.041 410.461 228.272 139.465 458.984 282.745 401.459 264.13 21.82 522.766 -4990.082 227.661 83.008 -1219.482 15.564 -14.648 1092.529 78.583 287.781 464.02 216.675 -993.652 267.181 54.626 174.866 145.264 64.545 2516.632 2260.437 实验室 1 074
4325537 4728 2025/10/29 10:53:24 P18 0 0 0 0 0 0 0 91.095 177.46 969.544 9.003 246.582 232.391 3790.741 66.223 -50.201 1403.809 -23.651 414.124 229.187 139.313 458.679 282.745 400.848 265.35 20.752 523.377 -4989.776 229.187 80.414 -1167.755 14.801 -13.733 1092.072 78.125 287.17 464.172 216.37 -991.516 267.181 54.932 176.849 147.858 59.662 2515.717 2258.911 实验室 1 074
4325538 4728 2025/10/29 10:53:25 P18 0 0 0 0 0 0 0 90.79 177.765 968.628 9.613 246.124 232.697 3790.436 25.94 -86.67 1400.299 -23.041 411.835 229.034 138.855 458.984 282.745 400.696 265.503 20.905 523.071 -4989.776 235.748 82.245 -1148.834 14.343 -14.343 1091.309 77.667 286.56 463.562 216.37 -995.026 267.029 55.237 169.525 148.315 65.613 2515.564 2258.911 实验室 1 074
4325539 4728 2025/10/29 10:53:26 P18 0 0 0 0 0 0 0 90.79 178.07 968.323 9.003 245.972 232.086 3791.962 9.308 -53.558 1393.738 -23.651 409.241 227.814 139.771 458.527 283.508 400.238 264.74 21.973 522.156 -4989.624 231.018 79.956 -1175.995 15.564 -14.343 1091.003 78.125 286.865 463.104 216.37 -1006.47 267.792 54.474 177.46 148.621 63.324 2517.7 2255.096 实验室 1 074
4325540 4728 2025/10/29 10:53:27 P18 0 0 0 0 0 0 0 90.79 178.833 966.95 9.155 246.277 232.544 3789.673 26.55 79.651 1399.384 -22.888 410.309 228.882 138.855 458.221 282.898 399.475 265.198 21.21 522.766 -4989.624 247.04 80.261 -1158.905 14.801 -14.496 1090.088 77.515 286.56 463.562 214.386 -994.415 265.961 54.169 174.866 147.705 64.392 2515.869 2260.59 实验室 1 074
4325541 4728 2025/10/29 10:53:28 P18 0 0 0 0 0 0 0 90.942 177.765 967.255 8.85 246.429 232.239 3789.52 40.436 124.664 1391.602 -23.346 402.527 228.272 138.855 458.679 283.966 398.865 264.587 20.905 522.308 -4989.776 260.315 82.397 -1205.75 15.411 -14.496 1089.325 78.278 285.797 462.799 215.302 -993.195 266.876 53.864 171.204 146.179 61.34 2516.785 2259.521 实验室 1 074
4325542 4728 2025/10/29 10:53:29 P18 0 0 0 0 0 0 0 90.637 178.375 966.339 9.308 246.124 231.781 3791.046 24.567 132.446 1378.784 -23.651 404.968 228.119 139.313 458.527 283.508 399.017 264.587 21.362 522.308 -4992.523 217.59 79.041 -1205.597 15.259 -14.191 1089.02 78.125 285.492 462.494 214.844 -992.737 266.266 54.321 178.375 148.163 61.493 2517.242 2258.911 实验室 1 074
4325543 4728 2025/10/29 10:53:30 P18 0 0 0 0 0 0 0 90.637 178.375 966.797 9.46 247.04 232.086 3789.368 0 156.25 1390.533 -23.346 404.511 228.424 139.16 458.527 283.203 398.56 264.587 21.362 521.851 -4992.371 221.558 81.94 -1218.109 15.259 -14.038 1088.257 77.362 285.187 461.731 214.844 -995.178 266.419 54.779 175.476 148.468 73.242 2516.327 2259.369 实验室 1 074
4325544 4728 2025/10/29 10:53:31 P18 0 0 0 0 0 0 0 90.179 178.223 965.881 9.155 245.972 232.086 3789.673 15.564 192.413 1392.822 -23.346 403.748 228.272 138.702 458.374 283.661 398.712 265.656 20.905 522.614 -4990.387 244.598 80.109 -1236.572 14.801 -14.801 1088.257 77.057 285.187 461.426 215.149 -993.958 266.113 54.474 179.291 146.79 65.918 2516.022 2258.911 实验室 1 074
4325545 4728 2025/10/29 10:53:32 P18 0 0 0 0 0 0 0 90.637 177.918 965.576 9.003 245.667 231.628 3790.131 45.319 75.836 1393.89 -23.499 398.865 228.272 137.787 458.679 283.661 398.102 264.893 21.82 522.003 -4989.166 271.606 79.956 -1223.602 15.259 -14.191 1086.731 77.82 285.187 461.426 214.691 -991.058 265.503 54.474 176.697 145.264 66.223 2515.717 2259.369 实验室 1 074
4325546 4728 2025/10/29 10:53:33 P18 0 0 0 0 0 0 0 90.942 177.918 964.508 10.376 245.667 232.697 3792.725 11.444 20.142 1408.539 -22.736 399.933 228.272 138.092 459.137 283.661 396.881 265.045 20.752 522.766 -4989.776 297.241 81.482 -1219.33 14.801 -13.886 1085.968 77.057 284.424 461.426 214.539 -993.805 265.35 54.932 173.95 148.01 65.765 2516.632 2258.759 实验室 1 074
4325547 4728 2025/10/29 10:53:34 P18 0 0 0 0 0 0 0 90.485 177.46 964.508 9.766 245.514 231.781 3789.52 22.736 -49.438 1399.689 -22.736 397.797 227.966 137.177 457.916 283.508 397.034 265.198 21.515 522.461 -4989.319 309.753 75.531 -1199.493 14.191 -14.648 1085.205 78.125 284.576 460.968 215.149 -990.601 265.503 54.474 178.986 147.858 61.34 2515.564 2259.369 实验室 1 074
4325548 4728 2025/10/29 10:53:35 P18 0 0 0 0 0 0 0 90.637 179.138 964.661 9.003 246.429 232.239 3790.894 26.398 -92.468 1392.67 -23.193 396.729 227.661 138.092 458.527 283.661 396.729 264.74 21.057 521.545 -4989.929 335.846 82.397 -1186.523 15.259 -14.648 1084.9 77.362 283.661 460.205 213.928 -999.298 266.113 54.321 181.732 151.672 69.58 2515.259 2259.979 实验室 1 074
4325549 4728 2025/10/29 10:53:36 P18 0 0 0 0 0 0 0 90.637 178.375 964.966 9.155 245.361 231.781 3792.725 13.428 -101.471 1398.926 -23.041 394.898 228.119 136.871 458.221 284.424 397.339 264.74 21.667 521.393 -4991.455 327.911 82.092 -1173.248 14.648 -13.428 1084.29 77.972 283.966 459.747 213.471 -991.364 264.893 54.169 184.021 146.027 65.155 2516.479 2260.437 实验室 1 074
4325550 4728 2025/10/29 10:53:37 P18 0 0 0 0 0 0 0 90.942 178.528 963.898 9.766 245.209 231.934 3790.131 20.752 75.836 1394.806 -22.583 395.355 228.119 137.024 458.069 283.661 397.034 265.045 21.21 521.698 -4992.218 287.17 80.719 -1169.586 14.954 -14.343 1083.527 77.057 282.898 460.51 214.233 -998.535 265.35 54.932 173.645 145.111 67.291 2516.327 2259.827 实验室 1 074
4325551 4728 2025/10/29 10:53:38 P18 0 0 0 0 0 0 0 90.332 178.375 963.135 9.155 245.361 231.628 3789.368 9.155 229.797 1383.667 -22.888 391.998 227.661 137.177 458.069 283.661 395.966 265.198 21.21 521.698 -4992.523 229.645 80.566 -1189.423 14.954 -14.343 1083.221 76.752 282.898 459.442 213.776 -1006.47 265.198 54.321 170.441 144.043 62.103 2517.09 2258.911 实验室 1 074
4325552 4728 2025/10/29 10:53:39 P18 0 0 0 0 0 0 0 90.942 179.138 962.83 8.85 245.667 232.239 3789.673 8.698 230.713 1380.615 -22.888 388.489 227.661 136.719 458.374 283.508 396.118 265.808 21.515 521.24 -4991.455 211.487 81.024 -1173.859 14.648 -14.191 1082.153 77.362 282.898 459.442 212.402 -997.467 264.435 54.321 173.035 141.907 64.697 2515.564 2259.827 实验室 1 074
4325553 4728 2025/10/29 10:53:40 P18 0 0 0 0 0 0 0 91.553 178.833 963.44 8.698 245.667 232.544 3791.809 -19.989 169.525 1386.719 -23.193 388.489 227.966 137.329 458.221 283.966 395.966 264.74 21.362 521.088 -4990.082 229.34 80.109 -1163.635 14.648 -14.191 1081.238 76.904 282.288 458.221 214.996 -994.263 264.435 54.016 171.356 144.959 63.629 2516.327 2259.064 实验室 1 074
4325554 4728 2025/10/29 10:53:41 P18 0 0 0 0 0 0 0 91.248 178.375 962.982 8.545 245.361 231.934 3789.978 41.809 53.406 1399.384 -23.804 383.148 227.966 136.108 458.374 283.356 396.118 264.587 21.21 521.088 -4989.776 250.397 85.449 -1186.981 15.259 -13.733 1081.238 77.057 281.83 458.527 212.25 -988.007 264.282 54.169 166.321 142.822 69.122 2516.174 2259.064 实验室 1 074
4325555 4728 2025/10/29 10:53:42 P18 0 0 0 0 0 0 0 91.4 178.833 962.83 8.698 244.751 232.086 3789.673 74.463 93.842 1395.874 -23.346 379.486 227.814 135.803 458.527 283.661 395.966 264.74 21.362 520.63 -4989.166 277.1 81.787 -1190.338 14.648 -14.191 1079.559 76.904 282.288 458.069 214.386 -992.279 263.977 53.864 170.136 143.585 63.934 2516.022 2259.827 实验室 1 074
4325556 4728 2025/10/29 10:53:43 P18 0 0 0 0 0 0 0 90.485 178.528 961.304 9.003 244.904 231.781 3791.351 24.872 65.918 1399.078 -23.804 380.402 227.509 134.888 457.916 283.508 394.287 264.74 21.82 520.477 -4989.472 247.65 80.872 -1170.959 14.496 -14.191 1079.407 77.057 281.372 458.527 213.471 -997.772 263.977 54.016 162.964 144.348 65.918 2516.022 2256.927 实验室 1 074
4325557 4728 2025/10/29 10:53:44 P18 0 0 0 0 0 0 0 90.179 178.223 960.846 8.545 244.446 232.239 3790.741 -9.766 25.33 1396.79 -22.888 382.843 227.356 135.346 457.916 283.966 393.829 264.893 21.667 520.02 -4989.929 242.31 81.177 -1189.423 14.648 -14.496 1078.644 76.904 280.762 458.069 213.471 -997.467 263.519 54.321 160.065 142.517 63.477 2516.632 2259.827 实验室 1 074
4325558 4728 2025/10/29 10:53:45 P18 0 0 0 0 0 0 0 90.179 178.223 961.151 8.85 244.904 231.323 3789.368 43.03 -39.063 1395.721 -22.888 377.655 227.661 135.346 457.916 284.119 393.524 265.045 20.905 520.325 -4990.845 239.41 80.719 -1229.248 14.343 -14.496 1078.033 76.141 280.762 457.306 213.013 -991.821 263.672 54.169 172.882 144.501 65.002 2516.022 2260.742 实验室 1 074
4325559 4728 2025/10/29 10:53:46 P18 0 0 0 0 0 0 0 91.4 178.223 960.541 8.85 246.277 231.476 3789.978 35.095 -97.351 1391.144 -23.041 380.096 227.356 136.108 457.459 283.356 393.677 264.435 21.057 519.714 -4992.065 236.206 79.803 -1223.45 14.343 -14.038 1077.118 75.836 279.999 456.39 213.165 -992.737 263.672 53.558 171.509 145.416 64.545 2515.564 2258.606 实验室 1 074
4325560 4728 2025/10/29 10:53:47 P18 0 0 0 0 0 0 0 90.485 178.223 960.236 9.613 244.598 231.171 3791.504 3.662 -90.027 1393.433 -23.499 378.723 227.966 134.888 457.459 284.119 392.609 263.977 20.752 520.02 -4992.828 242.31 81.482 -1187.592 15.411 -14.038 1076.508 75.989 279.541 456.238 211.945 -1005.249 263.214 54.016 170.898 145.264 64.24 2516.479 2259.064 实验室 1 074
4325561 4728 2025/10/29 10:53:48 P18 0 0 0 0 0 0 0 91.095 178.528 959.015 9.308 244.904 230.713 3790.436 28.992 -54.779 1387.482 -23.651 375.977 227.661 134.583 457.459 284.882 392.456 264.435 21.21 520.172 -4992.065 260.01 79.651 -1163.025 14.038 -14.496 1075.592 75.684 279.388 455.627 212.708 -1004.028 263.062 54.016 170.288 145.111 64.24 2515.869 2261.658 实验室 1 074
4325562 4728 2025/10/29 10:53:49 P18 0 0 0 0 0 0 0 91.248 178.68 959.168 8.698 244.751 231.934 3789.368 -27.313 -19.226 1381.531 -23.346 374.298 227.203 134.277 457.611 284.119 393.066 264.74 21.057 519.867 -4990.997 279.694 82.397 -1159.668 14.648 -13.733 1074.982 75.989 279.083 455.322 211.182 -995.331 262.604 54.016 176.239 143.738 62.866 2515.259 2259.827 实验室 1 074
4325563 4728 2025/10/29 10:53:50 P18 0 0 0 0 0 0 0 90.942 178.528 958.862 9.46 245.361 231.781 3792.267 60.883 -52.795 1385.345 -23.499 372.62 227.661 135.04 458.069 284.424 391.693 264.282 20.905 520.02 -4989.014 249.634 81.787 -1182.404 15.106 -14.648 1074.677 76.141 278.931 455.017 211.334 -1009.979 262.756 54.169 179.749 139.923 62.561 2517.242 2259.216 实验室 1 074
4325564 4728 2025/10/29 10:53:51 P18 0 0 0 0 0 0 0 90.637 178.528 959.015 9.308 244.904 231.781 3789.825 37.079 -61.035 1383.057 -23.193 369.873 227.661 134.277 458.069 285.339 391.235 264.435 21.21 519.257 -4989.472 234.07 82.397 -1188.812 14.038 -14.648 1074.219 76.141 278.626 455.322 211.487 -1009.827 262.756 53.711 171.051 140.839 61.493 2515.869 2259.674 实验室 1 074
4325565 4728 2025/10/29 10:53:52 P18 0 0 0 0 0 0 0 91.553 179.138 959.473 8.85 245.056 231.323 3789.368 6.561 -39.52 1386.108 -22.888 367.127 226.898 133.82 457.916 284.119 392.761 264.893 21.21 519.409 -4989.319 232.086 80.261 -1188.66 14.038 -13.733 1073.914 75.836 278.32 454.865 211.334 -1008.453 262.451 53.558 169.373 142.822 64.24 2515.106 2259.979 实验室 1 074
4325566 4728 2025/10/29 10:53:53 P18 0 0 0 0 0 0 0 90.637 178.68 958.862 9.155 244.598 230.866 3792.725 -20.905 11.444 1397.4 -23.193 368.347 227.509 134.43 457.916 285.187 391.541 264.435 21.21 520.63 -4989.472 243.683 80.261 -1177.063 14.954 -14.191 1073.151 75.836 278.168 454.254 210.877 -1012.878 262.146 54.779 170.441 143.127 65.918 2516.632 2260.132 实验室 1 074
4325567 4728 2025/10/29 10:53:54 P18 0 0 0 0 0 0 0 90.485 178.68 958.405 9.308 244.293 231.171 3790.588 31.281 -50.964 1372.833 -22.43 365.906 227.051 132.904 457.611 285.034 390.93 264.74 21.21 520.935 -4989.319 243.835 80.109 -1175.69 15.106 -14.038 1072.083 75.684 277.863 454.559 210.266 -1007.843 262.299 54.169 165.71 145.264 64.24 2516.632 2259.216 实验室 1 074
4325568 4728 2025/10/29 10:53:55 P18 0 0 0 0 0 0 0 90.485 179.596 957.031 9.003 244.598 230.866 3789.52 42.877 -16.632 1384.888 -23.193 362.854 226.898 133.362 457.916 284.424 391.235 265.808 21.21 519.562 -4990.234 277.252 81.482 -1157.99 14.038 -13.886 1072.54 76.294 278.168 453.644 211.334 -1010.437 262.146 53.406 167.999 145.264 71.564 2515.717 2259.827 实验室 1 074
4325569 4728 2025/10/29 10:53:56 P18 0 0 0 0 0 0 0 90.942 179.138 957.184 8.087 244.904 231.476 3789.673 22.125 -25.94 1377.106 -23.193 364.533 226.746 133.209 457.306 284.271 390.625 264.587 21.362 518.951 -4990.997 261.078 80.719 -1153.412 13.733 -14.191 1071.777 75.836 277.1 453.339 211.945 -1007.69 261.993 53.711 172.73 142.212 64.85 2515.259 2258.301 实验室 1 074
4325570 4728 2025/10/29 10:53:57 P18 0 0 0 0 0 0 0 90.485 178.68 957.031 9.918 244.293 231.476 3791.656 27.771 -22.583 1382.751 -23.651 362.091 227.966 132.904 457.916 283.966 389.71 264.282 20.905 518.799 -4992.065 241.242 80.872 -1157.99 14.954 -14.343 1070.862 75.684 276.794 452.881 211.029 -1009.064 261.688 53.864 177.002 142.212 63.629 2517.395 2263.184 实验室 1 074
4325571 4728 2025/10/29 10:53:58 P18 0 0 0 0 0 0 0 90.79 178.528 956.879 9.003 243.988 231.018 3789.215 14.191 32.349 1387.329 -22.583 354.462 227.203 132.599 457.001 284.882 389.252 264.13 21.362 518.799 -4992.828 248.261 79.956 -1135.406 14.191 -14.343 1069.794 75.531 276.642 453.491 210.266 -1009.216 261.383 53.864 172.577 141.602 63.934 2515.411 2262.878 实验室 1 074
4325572 4728 2025/10/29 10:53:59 P18 0 0 0 0 0 0 0 90.637 178.07 955.505 9.003 244.446 230.713 3789.825 -19.684 61.646 1380.463 -22.736 358.582 226.593 132.599 456.696 284.424 389.252 264.435 20.752 518.494 -4991.76 266.113 81.177 -1138.306 14.343 -14.343 1069.336 75.684 276.489 452.881 209.961 -1008.606 261.231 53.864 166.779 144.196 58.289 2515.564 2260.132 实验室 1 074
4325573 4728 2025/10/29 10:54:00 P18 0 0 0 0 0 0 0 90.332 178.375 956.879 9.613 244.446 229.95 3792.419 25.482 46.234 1386.566 -23.499 357.971 227.509 132.141 456.848 284.576 388.641 263.825 21.21 518.799 -4990.387 239.105 78.888 -1158.295 14.648 -13.733 1068.115 75.531 275.879 451.965 209.656 -999.908 261.231 54.474 172.119 140.076 70.496 2517.395 2258.301 实验室 1 074
4325574 4728 2025/10/29 10:54:01 P18 0 0 0 0 0 0 0 90.637 179.138 954.132 8.85 243.988 231.171 3789.368 5.798 10.223 1375.122 -23.193 352.02 226.898 131.989 456.543 284.119 388.184 264.893 21.21 518.189 -4989.776 187.378 79.193 -1151.123 14.343 -14.191 1068.726 76.447 275.879 451.66 210.724 -1007.08 260.62 53.558 171.356 141.449 61.798 2515.869 2259.521 实验室 1 074
4325575 4728 2025/10/29 10:54:02 P18 0 0 0 0 0 0 0 90.79 179.291 955.505 8.392 244.141 231.018 3789.52 68.817 -3.967 1381.378 -23.346 351.105 226.44 131.989 456.543 284.576 389.252 265.045 20.752 518.036 -4989.319 172.424 83.16 -1150.055 14.496 -14.496 1067.81 76.141 275.269 451.202 210.877 -994.721 260.62 53.253 173.34 141.449 64.24 2515.411 2260.132 实验室 1 074
4325576 4728 2025/10/29 10:54:03 P18 0 0 0 0 0 0 0 90.637 178.986 953.674 9.766 244.751 230.56 3791.962 27.466 -42.267 1375.58 -23.651 353.394 227.356 132.599 457.611 285.034 387.421 264.435 20.752 518.494 -4989.624 174.713 82.397 -1152.344 14.954 -14.038 1065.826 75.226 275.421 451.05 210.114 -1007.08 261.383 53.253 173.95 140.381 68.817 2517.242 2256.012 实验室 1 074
4325577 4728 2025/10/29 10:54:04 P18 0 0 0 0 0 0 0 90.79 179.291 953.98 9.46 243.988 231.018 3789.978 15.717 -45.013 1386.719 -23.193 347.748 226.44 131.836 457.611 285.187 387.726 264.893 21.667 518.646 -4990.082 160.37 84.229 -1119.232 13.886 -14.496 1067.505 75.836 275.116 450.44 211.487 -1004.333 260.62 53.406 172.73 144.959 63.629 2515.869 2258.606 实验室 1 074
4325578 4728 2025/10/29 10:54:05 P18 0 0 0 0 0 0 0 90.79 178.375 953.98 8.85 244.141 230.866 3790.588 8.545 -65.765 1394.043 -23.651 348.206 227.051 131.836 457.153 285.645 386.2 264.587 21.057 518.341 -4990.997 179.749 81.024 -1137.695 14.648 -14.496 1065.063 75.378 274.811 450.745 209.961 -992.127 260.315 54.016 166.473 140.839 67.139 2515.869 2257.08 实验室 1 074
4325579 4728 2025/10/29 10:54:06 P18 0 0 0 0 0 0 0 91.858 178.833 953.674 9.003 244.293 230.408 3790.894 65.46 -84.229 1394.043 -23.346 348.053 226.746 131.989 457.001 285.187 387.878 264.435 20.905 517.883 -4992.676 206.451 83.923 -1156.311 14.496 -14.038 1065.369 75.836 274.048 450.44 209.961 -989.99 260.01 53.406 172.73 142.212 62.256 2517.09 2259.979 实验室 1 074
4325580 4728 2025/10/29 10:54:07 P18 0 0 0 0 0 0 0 90.942 178.68 952.911 8.545 243.683 231.018 3789.52 37.842 20.142 1386.261 -22.736 343.018 226.593 130.92 457.001 285.034 386.81 264.587 21.362 518.189 -4991.455 233.917 81.329 -1140.9 14.038 -14.648 1064.758 75.836 274.2 450.134 209.045 -987.701 259.857 53.406 162.811 140.991 63.782 2515.564 2260.132 实验室 1 074
4325581 4728 2025/10/29 10:54:08 P18 0 0 0 0 0 0 0 90.942 179.596 952.911 8.698 243.835 230.56 3790.283 41.351 17.09 1383.514 -23.041 346.832 226.898 130.92 456.39 285.187 387.878 264.74 20.752 518.036 -4990.082 235.291 81.177 -1154.022 14.343 -14.191 1064.453 75.531 273.895 449.677 210.266 -990.143 259.705 53.558 164.948 142.67 66.528 2515.717 2259.827 实验室 1 074
4325582 4728 2025/10/29 10:54:09 P18 0 0 0 0 0 0 0 90.79 178.528 952.148 9.003 243.378 229.95 3791.504 11.139 5.035 1390.228 -23.041 339.203 226.288 130.463 456.696 285.187 386.2 264.435 21.82 517.731 -4989.472 250.549 80.719 -1178.131 14.038 -14.343 1063.385 75.684 274.2 450.44 209.198 -990.906 259.552 53.406 167.084 140.228 64.087 2516.937 2261.353 实验室 1 074
4325583 4728 2025/10/29 10:54:10 P18 0 0 0 0 0 0 0 91.095 179.138 951.538 9.155 243.835 230.56 3790.588 -19.836 15.411 1378.174 -23.346 343.475 226.288 131.226 457.306 286.255 385.437 264.13 21.057 518.036 -4989.776 270.844 83.16 -1161.957 14.038 -14.343 1062.012 74.463 273.285 449.371 210.724 -993.5 259.399 54.321 171.051 141.602 63.629 2515.411 2259.979 实验室 1 074
4325584 4728 2025/10/29 10:54:11 P18 0 0 0 0 0 0 0 91.095 178.986 951.843 8.85 243.683 230.255 3791.351 22.125 -37.689 1374.664 -23.499 338.287 226.746 131.531 456.848 285.339 386.353 264.74 20.294 517.426 -4989.319 261.078 80.414 -1152.649 14.496 -13.733 1062.012 74.31 272.522 448.914 209.503 -991.669 260.01 53.406 169.83 139.16 65.918 2516.022 2258.759 实验室 1 074
4325585 4728 2025/10/29 10:54:12 P18 0 0 0 0 0 0 0 90.79 178.986 952.301 8.85 243.225 229.95 3791.351 18.463 -16.632 1372.07 -23.193 339.966 226.898 130.615 457.001 285.797 384.979 263.977 20.752 517.273 -4990.082 238.495 79.651 -1131.897 14.648 -14.954 1060.944 75.073 272.522 447.693 209.198 -991.821 259.094 53.101 170.593 139.771 62.866 2516.632 2256.927 实验室 1 074
4325586 4728 2025/10/29 10:54:13 P18 0 0 0 0 0 0 0 90.637 177.918 951.386 8.85 243.073 230.103 3790.131 2.441 35.248 1375.122 -22.888 339.661 226.898 130.005 457.306 285.645 384.979 264.13 20.752 517.578 -4989.624 189.514 79.346 -1100.922 14.801 -14.191 1060.333 74.768 272.369 448.303 208.893 -994.263 259.094 53.558 171.509 137.634 61.951 2516.174 2258.453 实验室 1 074
4325587 4728 2025/10/29 10:54:14 P18 0 0 0 0 0 0 0 90.637 179.443 950.47 8.24 242.92 229.492 3791.504 44.403 59.662 1375.122 -23.041 335.541 226.135 129.7 457.153 285.034 384.522 263.977 20.599 517.731 -4992.065 186.157 79.803 -1116.638 14.343 -14.343 1059.875 75.226 272.522 448.151 208.74 -992.584 259.247 53.253 171.814 141.144 62.866 2516.327 2262.268 实验室 1 074
4325588 4728 2025/10/29 10:54:15 P18 0 0 0 0 0 0 0 90.485 178.986 950.775 8.545 242.92 230.255 3790.131 25.482 -28.534 1365.356 -24.109 334.778 226.44 129.089 456.848 285.95 385.132 264.74 20.599 517.578 -4992.218 172.577 80.719 -1125.336 14.038 -14.648 1059.57 74.158 271.606 448.151 208.283 -991.974 259.247 54.016 160.98 143.28 61.646 2515.869 2259.827 实验室 1 074
4325589 4728 2025/10/29 10:54:16 P18 0 0 0 0 0 0 0 91.4 179.443 950.623 8.545 243.225 230.408 3789.673 -18.463 -68.207 1370.392 -23.041 334.778 225.983 129.395 456.696 285.492 385.437 266.266 20.447 516.357 -4991.607 153.809 81.787 -1136.78 14.038 -14.648 1059.265 74.921 271.606 447.388 209.351 -1004.028 258.484 52.795 169.83 143.127 67.444 2515.259 2259.521 实验室 1 074
4325590 4728 2025/10/29 10:54:17 P18 0 0 0 0 0 0 0 91.4 178.68 949.86 8.698 242.92 230.408 3791.656 32.654 -80.261 1374.817 -23.346 330.2 226.135 131.073 456.848 285.492 384.369 264.13 20.447 517.12 -4990.692 208.283 82.855 -1119.232 14.343 -13.58 1057.281 74.768 271.301 446.93 208.74 -994.263 258.789 52.948 167.847 138.245 64.392 2516.174 2259.827 实验室 1 074
4325591 4728 2025/10/29 10:54:18 P18 0 0 0 0 0 0 0 90.637 178.833 950.165 9.308 243.225 230.713 3790.131 19.226 -54.474 1379.547 -23.041 324.707 225.983 129.852 456.696 285.339 385.132 264.587 20.599 516.968 -4989.319 215.149 80.719 -1133.118 14.648 -14.343 1058.044 75.073 271.301 446.32 208.283 -994.568 258.789 52.795 171.509 141.907 67.139 2515.411 2256.927 实验室 1 074
4325592 4728 2025/10/29 10:54:19 P18 0 0 0 0 0 0 0 90.332 178.375 950.165 9.766 243.073 230.103 3790.588 25.177 -92.773 1372.681 -23.499 330.048 226.593 129.7 457.306 285.492 383.453 264.74 20.447 516.357 -4989.319 225.372 80.109 -1130.219 14.801 -14.496 1057.281 73.853 270.233 446.014 206.757 -993.652 258.637 52.795 164.032 141.754 63.324 2516.022 2259.521 实验室 1 074
4325593 4728 2025/10/29 10:54:20 P18 0 0 0 0 0 0 0 91.4 179.596 948.944 9.003 243.225 230.408 3791.656 29.907 -139.008 1375.58 -22.888 328.674 226.135 129.395 456.696 285.492 383.911 264.13 20.905 518.494 -4989.624 237.579 80.719 -1121.063 13.733 -13.886 1056.671 74.463 270.386 446.167 206.299 -997.925 258.331 52.795 167.542 140.381 65.46 2516.785 2262.726 实验室 1 074
4325594 4728 2025/10/29 10:54:21 P18 0 0 0 0 0 0 0 90.332 178.986 948.792 9.155 243.225 229.645 3789.825 8.698 -109.711 1376.038 -22.888 326.08 226.135 128.937 456.543 285.95 383.301 264.74 21.21 516.357 -4989.472 263.367 80.109 -1093.75 14.038 -14.496 1056.213 75.226 271.301 446.625 206.909 -993.195 257.721 53.711 171.051 136.566 66.528 2516.022 2259.216 实验室 1 074
4325595 4728 2025/10/29 10:54:22 P18 0 0 0 0 0 0 0 90.179 179.596 948.334 9.46 242.92 230.408 3790.436 50.507 -6.256 1370.392 -22.736 318.298 225.83 129.089 457.001 285.339 383.301 265.198 21.057 516.815 -4989.472 261.383 82.397 -1117.096 13.886 -14.954 1055.45 74.768 270.386 445.404 206.146 -993.652 257.416 52.948 158.081 138.702 59.967 2515.411 2258.606 实验室 1 074
4325596 4728 2025/10/29 10:54:23 P18 0 0 0 0 0 0 0 91.095 178.528 948.334 8.85 243.378 229.797 3791.046 31.128 100.403 1367.035 -23.041 326.08 226.135 129.7 456.848 285.492 383.301 264.587 20.142 516.51 -4990.997 274.811 81.177 -1127.93 14.343 -14.496 1054.688 74.768 269.318 445.404 205.536 -994.568 258.331 53.558 162.964 140.228 64.85 2517.395 2259.521 实验室 1 074
4325597 4728 2025/10/29 10:54:24 P18 0 0 0 0 0 0 0 91.095 179.443 948.486 8.85 243.988 229.34 3790.283 48.828 170.441 1374.664 -23.193 323.334 226.135 128.632 456.696 285.492 383.148 264.74 20.752 517.12 -4992.523 281.677 80.109 -1159.668 14.191 -14.038 1054.84 74.158 269.47 445.252 206.909 -992.279 258.026 52.643 166.779 137.634 66.681 2516.479 2258.911 实验室 1 074
4325598 4728 2025/10/29 10:54:25 P18 0 0 0 0 0 0 0 91.553 178.375 948.639 9.155 242.767 229.797 3790.436 9.766 201.721 1372.681 -23.804 317.535 225.678 128.479 457.001 285.339 383.301 264.13 20.752 516.815 -4992.828 273.438 81.635 -1140.137 14.648 -14.038 1054.535 74.158 269.013 444.336 206.299 -993.195 256.958 52.643 162.964 139.465 66.071 2516.022 2259.064 实验室 1 074
4325599 4728 2025/10/29 10:54:26 P18 0 0 0 0 0 0 0 90.637 179.138 947.723 8.698 242.462 229.492 3790.894 21.667 231.628 1367.188 -22.888 318.451 225.83 128.174 456.696 285.797 382.233 264.587 20.752 517.426 -4991.913 245.819 80.566 -1124.573 14.191 -14.648 1053.619 73.853 268.707 445.252 205.689 -997.772 257.416 53.711 162.506 137.482 64.697 2516.785 2259.827 实验室 1 074
4325600 4728 2025/10/29 10:54:27 P18 0 0 0 0 0 0 0 90.179 179.138 947.571 8.545 242.767 229.034 3789.673 27.466 180.817 1359.711 -22.736 319.824 225.678 128.174 456.848 286.255 381.012 264.435 20.142 517.12 -4991.913 246.582 80.566 -1120.605 13.733 -14.191 1052.856 73.853 268.86 444.336 205.994 -997.162 256.958 54.016 159.149 136.108 65.308 2515.564 2256.622 实验室 1 074
4325601 4728 2025/10/29 10:54:28 P18 0 0 0 0 0 0 0 90.79 179.138 947.876 8.698 242.615 229.492 3790.894 27.618 154.572 1372.528 -23.193 320.435 225.983 127.716 457.153 286.865 381.47 264.13 20.447 517.12 -4990.082 223.389 81.787 -1127.777 13.886 -15.106 1052.094 73.853 268.555 444.183 205.536 -996.704 256.805 53.558 169.373 138.702 63.782 2516.479 2258.148 实验室 1 074
4325602 4728 2025/10/29 10:54:29 P18 0 0 0 0 0 0 0 90.637 179.901 946.96 8.545 242.462 229.492 3791.656 38.91 52.795 1375.427 -22.888 316.162 225.525 126.953 456.696 286.255 382.385 264.74 20.447 516.51 -4989.776 200.653 79.651 -1111.45 14.343 -14.496 1052.246 73.7 268.25 443.878 204.62 -992.889 256.348 52.948 154.266 138.092 65.46 2516.632 2259.827 实验室 1 074
4325603 4728 2025/10/29 10:54:30 P18 0 0 0 0 0 0 0 90.942 180.664 946.198 8.545 242.462 229.95 3789.52 -12.97 -59.967 1368.866 -22.736 316.773 225.678 127.564 456.696 286.255 381.317 265.198 20.294 516.205 -4989.472 178.833 81.94 -1116.486 14.038 -14.954 1051.483 74.005 267.639 443.268 204.62 -997.315 256.653 53.711 165.558 140.076 67.291 2515.411 2260.895 实验室 1 074
4325604 4728 2025/10/29 10:54:31 P18 0 0 0 0 0 0 0 90.485 179.443 946.655 9.308 242.462 229.492 3789.52 5.646 -58.289 1358.032 -23.193 314.179 226.44 128.326 457.459 286.408 381.012 264.282 20.447 516.052 -4990.234 184.631 80.109 -1116.028 14.343 -14.954 1050.873 73.853 267.487 443.42 204.468 -994.568 257.111 52.643 164.948 138.702 63.324 2516.479 2259.064 实验室 1 074
4325605 4728 2025/10/29 10:54:32 P18 0 0 0 0 0 0 0 90.79 178.986 945.892 9.155 242.462 229.492 3791.504 5.646 -94.299 1369.324 -23.499 313.721 226.135 127.411 456.848 286.56 380.554 263.825 20.447 516.205 -4989.319 177.46 81.329 -1092.834 14.343 -14.191 1050.415 73.853 267.639 442.658 205.841 -989.685 256.805 52.643 166.016 134.277 64.697 2516.785 2262.268 实验室 1 074
4325606 4728 2025/10/29 10:54:33 P18 0 0 0 0 0 0 0 90.942 179.749 944.977 9.766 242.31 229.187 3789.825 -9.613 -81.329 1368.408 -22.736 313.263 225.22 127.716 456.543 286.255 380.096 264.587 20.599 516.663 -4989.014 206.604 81.329 -1127.319 14.343 -15.106 1049.652 73.853 265.961 442.658 206.299 -990.753 256.805 52.795 164.337 135.346 63.019 2516.632 2258.911 实验室 1 074
4325607 4728 2025/10/29 10:54:34 P18 0 0 0 0 0 0 0 90.942 180.054 944.367 8.85 242.767 229.645 3789.215 33.112 -50.354 1370.239 -23.193 310.974 226.135 127.258 456.848 286.713 380.096 265.198 20.294 516.052 -4990.082 231.476 83.313 -1131.897 14.496 -14.648 1048.889 73.7 267.487 442.658 204.468 -1001.129 256.348 52.795 162.506 137.329 66.986 2515.869 2262.421 实验室 1 074
4325608 4728 2025/10/29 10:54:35 P18 0 0 0 0 0 0 0 90.179 179.443 944.519 8.85 242.615 229.34 3791.504 36.163 59.357 1363.831 -23.346 305.481 226.135 127.106 456.543 286.102 380.554 264.893 20.905 516.052 -4990.692 267.487 81.329 -1137.39 14.191 -14.648 1048.431 73.395 267.181 442.963 205.383 -1008.606 256.5 52.49 155.64 134.277 64.24 2517.7 2262.573 实验室 1 074
4325609 4728 2025/10/29 10:54:36 P18 0 0 0 0 0 0 0 90.637 179.596 944.977 9.46 242.462 229.34 3790.894 20.142 106.049 1367.95 -22.583 306.091 225.372 126.495 456.848 285.95 380.096 264.587 20.447 516.052 -4990.997 303.955 78.888 -1112.061 14.191 -14.801 1048.126 73.395 266.571 441.895 205.689 -1015.32 255.89 52.643 161.743 139.313 65.918 2515.869 2260.437 实验室 1 074
4325610 4728 2025/10/29 10:54:37 P18 0 0 0 0 0 0 0 90.79 179.443 944.672 9.308 242.462 228.729 3790.741 26.398 98.419 1377.258 -23.346 305.176 225.22 126.953 456.848 285.797 379.334 264.435 20.905 515.9 -4991.913 316.315 81.787 -1088.867 14.343 -15.106 1047.821 73.395 266.113 441.284 204.62 -1012.268 256.043 52.49 167.084 134.583 64.24 2515.564 2261.81 实验室 1 074
4325611 4728 2025/10/29 10:54:38 P18 0 0 0 0 0 0 0 90.942 179.291 945.129 8.392 241.852 228.882 3790.588 13.886 -56.763 1371.765 -23.193 304.26 225.372 126.953 456.238 286.713 379.028 265.198 20.447 515.9 -4992.676 313.568 82.245 -1083.527 14.648 -15.411 1046.906 72.937 266.266 440.979 204.773 -1010.59 255.89 53.406 168.457 135.803 65.308 2517.242 2260.742 实验室 1 074
4325612 4728 2025/10/29 10:54:39 P18 0 0 0 0 0 0 0 90.485 178.986 944.367 9.003 242.615 229.797 3789.52 24.109 -51.88 1364.288 -23.041 301.209 225.83 126.038 455.933 286.865 378.723 264.893 21.515 515.442 -4992.371 319.672 81.177 -1116.791 14.191 -14.191 1046.143 73.547 266.571 441.437 204.926 -1018.524 255.737 52.49 157.471 138.55 62.561 2516.479 2258.911 实验室 1 074
4325613 4728 2025/10/29 10:54:40 P18 0 0 0 0 0 0 0 90.942 179.291 944.214 9.003 242.157 228.882 3790.436 12.817 -82.245 1369.171 -22.278 303.192 224.609 126.801 457.153 286.713 378.723 264.435 20.752 515.747 -4991.913 296.173 78.888 -1114.655 13.886 -15.869 1047.058 73.09 265.808 440.826 204.315 -1012.878 255.432 53.253 162.811 138.245 65.613 2516.022 2261.963 实验室 1 074
4325614 4728 2025/10/29 10:54:41 P18 0 0 0 0 0 0 0 90.332 179.749 943.146 8.85 242.157 229.492 3791.504 -17.395 -6.104 1363.678 -23.499 296.173 225.067 126.495 456.238 286.713 378.418 265.045 20.599 514.832 -4990.082 254.822 80.872 -1115.112 14.191 -14.496 1045.532 72.479 265.656 440.674 204.163 -1015.167 254.822 52.643 165.253 140.076 65.155 2517.09 2259.674 实验室 1 074
4325615 4728 2025/10/29 10:54:42 P18 0 0 0 0 0 0 0 90.942 179.291 943.451 7.935 241.699 229.187 3789.978 -15.564 124.054 1364.288 -22.583 301.209 225.22 126.343 457.001 287.018 377.045 265.656 20.447 515.137 -4989.166 223.236 83.008 -1116.791 13.886 -15.717 1045.532 72.784 264.587 440.369 204.773 -1015.32 255.127 53.253 159.302 136.566 62.561 2515.411 2260.742 实验室 1 074
4325616 4728 2025/10/29 10:54:43 P18 0 0 0 0 0 0 0 90.332 179.138 942.535 8.85 241.547 229.034 3789.825 3.967 92.011 1372.528 -23.499 300.598 225.22 126.495 457.001 286.255 378.113 264.587 20.905 515.442 -4989.014 210.266 82.245 -1110.382 13.733 -14.038 1044.769 72.784 264.893 440.216 204.468 -1013.336 254.517 52.948 160.217 135.956 63.019 2516.479 2258.453 实验室 1 074
4325617 4728 2025/10/29 10:54:44 P18 0 0 0 0 0 0 0 90.942 179.443 942.383 8.392 242.31 229.034 3791.199 17.548 8.24 1372.833 -23.193 296.173 225.22 125.427 455.933 286.408 378.265 264.587 20.294 515.137 -4989.929 212.708 81.635 -1100.006 14.648 -15.411 1044.159 73.09 264.587 440.674 204.926 -1012.115 254.517 52.948 159.607 136.108 66.223 2516.937 2259.216 实验室 1 074
4325618 4728 2025/10/29 10:54:45 P18 0 0 0 0 0 0 0 90.637 180.054 942.535 9.003 242.157 227.966 3790.436 46.997 -2.899 1375.275 -23.041 300.903 224.304 125.732 456.39 286.255 378.418 264.282 20.599 515.9 -4989.776 241.852 82.55 -1100.159 13.886 -15.106 1043.549 73.242 263.977 439.301 205.078 -1009.827 255.28 53.101 152.283 135.803 63.171 2516.174 2260.284 实验室 1 074
4325619 4728 2025/10/29 10:54:46 P18 0 0 0 0 0 0 0 90.942 180.359 941.467 9.155 241.852 228.119 3790.894 16.022 -26.245 1376.648 -23.651 298.004 225.372 125.275 456.39 286.56 377.808 264.74 20.294 514.984 -4990.082 257.263 79.193 -1110.84 14.343 -15.869 1042.48 72.784 263.825 440.216 203.4 -1011.81 255.127 52.795 159.302 131.226 66.834 2515.564 2256.317 实验室 1 074
4325620 4728 2025/10/29 10:54:47 P18 0 0 0 0 0 0 0 90.637 179.443 942.078 9.003 242.615 228.882 3790.894 29.907 -69.275 1366.577 -23.804 296.783 226.135 125.122 456.696 286.56 377.35 264.893 19.989 514.832 -4992.065 271.454 80.414 -1109.467 14.038 -14.648 1042.48 72.937 263.825 438.843 203.247 -1018.524 254.517 53.253 158.997 134.43 66.071 2516.327 2260.437 实验室 1 074
4325621 4728 2025/10/29 10:54:48 P18 0 0 0 0 0 0 0 91.095 179.749 942.383 9.155 241.547 228.272 3788.91 20.752 2.441 1363.068 -22.888 293.579 224.915 124.207 456.238 286.255 376.892 264.282 20.599 515.747 -4990.997 298.767 80.719 -1076.965 13.886 -15.411 1041.718 73.7 263.672 438.385 203.552 -1014.709 254.669 52.795 158.386 135.498 62.866 2515.717 2258.453 实验室 1 074
4325622 4728 2025/10/29 10:54:49 P18 0 0 0 0 0 0 0 90.485 179.291 940.399 9.003 242.157 228.729 3790.741 -14.038 -32.043 1380.31 -23.193 290.375 225.83 125.122 456.543 287.17 375.977 265.045 20.599 514.984 -4990.845 251.312 84.686 -1081.085 14.038 -14.343 1041.718 73.09 263.977 438.538 201.874 -1015.015 254.059 53.253 163.574 134.583 63.782 2517.09 2254.791 实验室 1 074
4325623 4728 2025/10/29 10:54:50 P18 0 0 0 0 0 0 0 90.79 180.359 941.01 8.698 241.547 228.882 3789.825 35.4 -101.318 1365.967 -22.736 290.07 224.915 125.58 456.543 287.323 376.282 264.893 21.21 514.832 -4989.624 240.631 82.245 -1100.616 13.733 -15.106 1042.48 72.327 263.825 438.69 203.095 -1016.846 254.364 53.558 164.49 133.514 60.577 2516.479 2261.047 实验室 1 074
4325624 4728 2025/10/29 10:54:51 P18 0 0 0 0 0 0 0 90.79 179.901 940.552 9.155 242.92 228.882 3789.673 -7.172 -58.899 1359.863 -23.346 289.459 225.83 124.664 456.543 287.323 376.74 264.282 20.752 515.289 -4989.319 210.114 80.109 -1092.834 14.038 -15.411 1040.192 72.937 263.977 438.385 202.637 -1020.355 254.059 52.338 164.642 132.294 70.496 2516.479 2259.674 实验室 1 074
4325625 4728 2025/10/29 10:54:52 P18 0 0 0 0 0 0 0 90.637 180.054 941.162 8.392 241.394 229.34 3790.894 -0.458 -34.332 1367.95 -23.346 288.391 225.678 125.122 455.78 287.323 376.434 264.74 19.989 515.137 -4989.319 202.637 79.956 -1078.491 14.343 -15.106 1040.497 73.09 263.367 437.775 202.637 -1015.93 253.754 52.643 155.029 131.683 63.629 2516.174 2255.096 实验室 1 074
4325626 4728 2025/10/29 10:54:53 P18 0 0 0 0 0 0 0 91.553 180.206 940.247 9.155 241.547 228.119 3789.52 19.531 -28.839 1366.73 -23.041 287.17 225.22 125.427 456.238 286.713 375.671 265.198 20.599 515.747 -4990.082 172.272 80.566 -1089.325 14.191 -14.954 1040.649 72.784 262.604 437.47 202.332 -1017.303 254.364 52.643 155.64 132.752 63.629 2516.174 2259.064 实验室 1 074
4325627 4728 2025/10/29 10:54:54 P18 0 0 0 0 0 0 0 90.637 179.596 939.331 8.24 242.462 228.882 3789.368 30.67 -101.166 1359.406 -23.346 283.661 225.83 124.054 456.238 286.713 376.434 264.587 19.684 514.679 -4991.913 168.457 82.703 -1116.638 14.191 -15.717 1039.276 72.174 263.062 437.317 202.332 -1016.388 252.991 52.49 155.029 133.82 64.697 2515.411 2260.742 实验室 1 074
4325628 4728 2025/10/29 10:54:55 P18 0 0 0 0 0 0 0 91.248 179.749 939.941 9.46 241.699 228.577 3790.588 29.297 -93.536 1362 -22.888 281.372 224.457 124.054 456.39 286.408 375.977 264.893 20.599 515.289 -4991.455 146.179 81.787 -1119.232 13.428 -15.869 1038.666 72.784 262.299 437.317 203.247 -1014.557 254.059 52.185 160.217 136.719 64.545 2516.632 2259.979 实验室 1 074
4325629 4728 2025/10/29 10:54:56 P18 0 0 0 0 0 0 0 90.942 179.749 939.179 9.308 241.547 228.882 3789.825 61.34 22.43 1361.694 -23.651 280.151 225.372 124.054 456.39 287.933 375.519 265.503 20.752 514.526 -4989.624 125.427 81.024 -1101.074 13.886 -15.259 1038.208 72.327 262.604 437.012 203.095 -1014.404 253.754 52.643 162.964 135.803 65.765 2515.869 2259.216 实验室 1 074
4325630 4728 2025/10/29 10:54:57 P18 0 0 0 0 0 0 0 90.79 178.986 939.789 9.46 241.699 228.882 3790.741 22.583 73.395 1366.882 -23.499 279.388 225.067 124.207 457.153 286.865 375.214 264.893 20.294 513.763 -4989.166 133.362 81.024 -1071.777 14.801 -15.869 1037.292 72.479 261.688 436.401 202.637 -1013.641 253.754 52.795 158.997 134.43 63.934 2516.632 2257.996 实验室 1 074
4325631 4728 2025/10/29 10:54:58 P18 0 0 0 0 0 0 0 90.637 179.596 938.416 9.46 242.004 228.882 3789.52 50.354 83.313 1360.931 -23.193 282.288 225.372 124.207 456.848 286.713 375.061 264.587 19.836 514.526 -4991.76 164.032 80.261 -1079.102 14.343 -15.411 1035.614 72.021 261.231 435.944 201.569 -1014.252 253.143 52.49 149.689 139.465 66.528 2515.869 2256.622 实验室 1 074
4325632 4728 2025/10/29 10:54:59 P18 0 0 0 0 0 0 0 90.637 179.138 938.263 9.766 241.547 228.424 3792.419 14.343 54.626 1363.983 -23.193 279.236 225.372 123.138 456.39 287.476 374.756 264.282 19.836 513.916 -4990.997 155.487 81.329 -1081.085 14.191 -15.564 1036.682 72.021 261.231 435.486 201.263 -1023.254 253.143 52.49 154.419 134.277 64.392 2517.242 2259.216 实验室 1 074
4325633 4728 2025/10/29 10:55:00 P18 0 0 0 0 0 0 0 91.248 179.901 938.11 8.85 241.242 228.119 3789.368 2.747 51.575 1363.831 -23.346 277.863 224.915 123.444 455.78 287.018 375.366 265.35 20.447 514.832 -4990.082 185.089 80.566 -1042.633 13.428 -15.564 1037.14 72.327 261.383 435.791 201.569 -1018.982 252.838 52.185 158.234 133.82 60.73 2515.564 2259.521 实验室 1 074
4325634 4728 2025/10/29 10:55:01 P18 0 0 0 0 0 0 0 90.485 180.054 938.416 9.46 241.394 228.272 3791.809 -7.782 117.493 1356.201 -23.804 281.525 225.067 122.528 456.543 287.476 374.298 264.893 20.142 513.611 -4989.319 192.413 81.635 -1051.483 13.733 -16.022 1035.767 71.564 260.62 435.028 201.874 -1014.557 252.991 52.948 156.25 136.719 61.493 2517.242 2258.301 实验室 1 074
4325635 4728 2025/10/29 10:55:02 P18 0 0 0 0 0 0 0 91.4 179.596 937.347 8.85 240.936 228.119 3789.978 -46.692 39.52 1356.201 -22.888 270.691 224.457 122.528 456.696 287.323 373.993 265.198 21.057 514.069 -4990.234 191.65 82.245 -1075.439 14.038 -16.022 1035.004 72.937 260.773 435.486 202.484 -1022.186 252.686 52.795 155.792 138.855 65.155 2515.869 2258.911 实验室 1 074
4325636 4728 2025/10/29 10:55:03 P18 0 0 0 0 0 0 0 90.637 180.359 936.89 8.85 241.242 228.119 3789.368 34.79 -32.959 1363.525 -22.736 275.421 224.762 122.833 456.238 287.323 373.383 265.198 20.905 514.069 -4990.997 204.315 81.177 -1059.113 13.733 -16.174 1034.546 72.784 260.62 435.486 201.416 -1020.66 252.533 52.185 149.384 136.108 66.834 2515.717 2259.827 实验室 1 074
4325637 4728 2025/10/29 10:55:04 P18 0 0 0 0 0 0 0 90.79 180.054 937.347 8.087 240.784 227.661 3789.978 57.22 -64.392 1358.643 -22.736 272.675 224.609 122.223 456.238 287.323 374.146 265.045 20.599 514.374 -4991.913 178.68 82.855 -1071.625 14.191 -15.564 1033.63 72.632 261.231 435.181 200.348 -1017.761 252.533 52.185 152.283 135.803 67.902 2516.022 2258.301 实验室 1 074
4325638 4728 2025/10/29 10:55:05 P18 0 0 0 0 0 0 0 91.248 180.664 936.127 8.392 241.089 228.882 3789.673 27.161 -94.604 1348.419 -22.888 270.386 225.067 122.528 456.238 287.018 373.84 264.893 20.752 513.458 -4990.692 167.694 83.008 -1081.696 13.428 -15.717 1034.698 72.327 260.925 434.876 201.263 -1013.184 252.38 52.643 154.114 135.04 63.934 2516.022 2260.742 实验室 1 074
4325639 4728 2025/10/29 10:55:06 P18 0 0 0 0 0 0 0 91.553 180.206 936.585 8.85 241.242 228.882 3791.656 30.212 -101.013 1358.49 -23.499 268.707 224.762 122.833 455.933 287.018 374.451 265.198 20.447 513.916 -4989.624 169.525 79.651 -1061.859 14.191 -14.954 1032.715 72.021 260.315 434.418 201.111 -1015.015 251.923 52.185 156.25 138.245 62.561 2517.09 2257.843 实验室 1 074
4325640 4728 2025/10/29 10:55:07 P18 0 0 0 0 0 0 0 89.874 180.664 935.822 8.698 241.089 228.882 3789.673 17.242 -38.452 1354.523 -22.736 272.827 224.304 122.07 455.933 286.56 373.535 265.503 20.599 513.763 -4989.624 207.672 81.94 -1100.006 13.58 -15.869 1033.02 72.327 260.01 434.265 201.569 -1023.56 251.923 52.49 160.217 136.719 65.46 2515.717 2259.827 实验室 1 074
4325641 4728 2025/10/29 10:55:08 P18 0 0 0 0 0 0 0 90.637 179.749 935.516 8.85 240.936 228.729 3789.825 25.024 -19.531 1363.068 -22.888 269.623 224.609 122.07 456.39 287.628 373.23 265.198 20.447 514.069 -4989.014 173.492 83.008 -1096.802 13.886 -15.717 1032.41 71.564 260.162 434.57 202.637 -1017.761 251.617 52.185 158.234 133.82 63.171 2515.411 2258.759 实验室 1 074
4325642 4728 2025/10/29 10:55:09 P18 0 0 0 0 0 0 0 90.79 180.664 936.432 9.155 241.394 229.034 3792.114 6.561 21.515 1362.61 -22.736 265.503 224.609 122.223 456.238 287.17 373.23 265.503 20.599 514.221 -4989.166 168.61 81.787 -1053.925 13.886 -16.785 1032.562 72.327 259.552 433.502 201.111 -1023.407 251.923 52.49 158.081 134.583 67.596 2516.937 2260.59 实验室 1 074
4325643 4728 2025/10/29 10:55:10 P18 0 0 0 0 0 0 0 90.637 181.122 935.516 8.392 241.242 228.577 3789.825 25.024 -6.104 1360.931 -23.041 262.604 224.609 122.528 455.933 287.476 373.688 265.503 20.447 514.679 -4988.556 150.452 81.024 -1047.821 13.733 -16.022 1032.104 72.632 259.094 433.197 202.332 -1021.118 251.77 52.49 157.166 134.888 66.071 2515.869 2256.47 实验室 1 074
4325644 4728 2025/10/29 10:55:11 P18 0 0 0 0 0 0 0 91.705 180.512 935.516 8.698 241.089 227.966 3789.978 51.27 -83.923 1355.438 -23.499 265.656 224.762 122.223 456.085 287.018 373.23 264.893 20.905 514.221 -4990.082 121.002 80.566 -1085.663 13.886 -15.564 1031.036 71.716 258.637 432.739 201.569 -1015.015 251.77 51.88 156.555 132.599 62.256 2515.106 2258.759 实验室 1 074
4325645 4728 2025/10/29 10:55:12 P18 0 0 0 0 0 0 0 90.79 180.359 934.753 8.545 240.631 227.203 3791.199 43.335 -70.801 1358.49 -23.041 266.876 224.609 121.765 456.085 286.713 372.62 264.587 20.599 514.221 -4991.913 136.261 80.414 -1086.884 13.733 -16.174 1031.189 72.632 259.094 433.35 200.195 -1019.897 251.007 52.49 159.149 133.209 67.139 2516.632 2258.453 实验室 1 074
4325646 4728 2025/10/29 10:55:13 P18 0 0 0 0 0 0 0 90.942 179.596 935.059 8.698 241.089 229.034 3789.825 -0.916 -61.646 1353.76 -23.041 262.299 224.915 122.07 456.085 286.56 372.772 264.74 19.836 513.916 -4991.76 217.896 80.261 -1062.622 14.648 -15.717 1029.968 71.716 258.484 432.282 202.179 -1021.271 252.228 52.032 159.454 134.277 70.038 2516.174 2259.521 实验室 1 074
4325647 4728 2025/10/29 10:55:14 P18 0 0 0 0 0 0 0 90.332 179.749 935.516 9.308 240.784 227.814 3790.283 9.46 -70.038 1359.711 -23.193 265.35 225.22 121.765 456.848 287.476 372.315 264.74 20.599 513.611 -4992.676 237.732 84.381 -1043.396 14.496 -16.022 1028.9 71.564 258.179 432.282 200.501 -1022.186 251.007 52.032 157.929 131.378 66.834 2515.717 2256.775 实验室 1 074
4325648 4728 2025/10/29 10:55:15 P18 0 0 0 0 0 0 0 91.4 180.359 935.974 9.46 240.631 227.814 3791.504 -1.373 -141.754 1362 -23.651 259.552 225.067 121.46 456.848 288.086 371.246 264.893 20.142 513.763 -4992.828 225.83 80.719 -1030.884 14.191 -16.022 1029.053 71.411 258.179 432.434 199.738 -1023.407 251.617 52.032 150.147 134.43 63.019 2516.785 2259.674 实验室 1 074
4325649 4728 2025/10/29 10:55:16 P18 0 0 0 0 0 0 0 90.332 180.359 934.143 9.003 240.479 228.424 3789.825 4.272 -93.842 1348.419 -22.736 247.803 224.152 121.307 456.39 287.476 371.704 265.808 20.447 514.679 -4989.472 238.495 80.109 -1066.742 13.428 -16.785 1029.053 72.021 258.179 431.976 199.738 -1016.083 250.855 52.643 151.52 136.719 70.648 2515.259 2259.674 实验室 1 074
4325650 4728 2025/10/29 10:55:17 P18 0 0 0 0 0 0 0 90.942 180.664 934.753 9.308 242.004 227.661 3789.52 -4.883 -42.114 1356.659 -23.651 259.705 224.915 121.46 456.39 287.476 372.315 264.74 19.836 513.306 -4989.472 218.048 79.041 -1089.478 14.038 -16.022 1027.985 71.411 257.721 431.824 200.806 -1014.404 251.617 52.185 148.926 134.43 65.765 2516.785 2255.096 实验室 1 074
4325651 4728 2025/10/29 10:55:18 P18 0 0 0 0 0 0 0 91.095 180.664 933.838 9.155 240.479 228.119 3792.572 12.054 -15.259 1357.117 -23.651 262.451 224.609 121.765 456.238 287.476 372.162 265.198 19.989 513.458 -4989.624 187.683 81.94 -1076.66 14.038 -16.174 1027.679 70.801 257.721 431.366 199.585 -1019.135 251.465 52.032 151.672 130.31 62.408 2517.395 2261.2 实验室 1 074
4325652 4728 2025/10/29 10:55:19 P18 0 0 0 0 0 0 0 91.553 180.664 933.38 8.85 240.326 228.272 3789.825 -21.82 38.147 1358.032 -23.193 258.637 223.999 120.392 456.238 287.323 372.162 265.503 19.989 513.916 -4989.776 189.514 81.635 -1053.619 13.733 -15.564 1027.222 71.411 258.026 431.366 199.89 -1019.897 250.397 52.185 149.689 134.43 64.85 2515.564 2259.369 实验室 1 074
4325653 4728 2025/10/29 10:55:20 P18 0 0 0 0 0 0 0 91.095 180.206 933.838 8.698 240.784 228.272 3789.825 29.297 116.577 1357.269 -22.736 258.484 224.762 121.155 456.39 288.391 370.483 264.74 20.294 513.611 -4989.776 171.814 80.414 -1072.693 14.038 -16.937 1026.154 70.953 257.263 430.603 199.585 -1014.862 250.702 52.185 151.215 139.008 63.782 2515.869 2260.284 实验室 1 074
4325654 4728 2025/10/29 10:55:21 P18 0 0 0 0 0 0 0 90.637 180.664 933.228 9.003 240.479 227.966 3791.351 36.621 43.945 1349.945 -24.109 255.89 224.304 121.155 456.543 287.628 371.094 264.893 20.905 513.916 -4989.166 161.438 80.872 -1067.81 13.275 -16.479 1026.764 72.327 257.263 430.908 199.28 -1010.895 250.549 52.795 153.656 131.073 63.019 2516.632 2259.521 实验室 1 074
4325655 4728 2025/10/29 10:55:22 P18 0 0 0 0 0 0 0 91.248 180.359 932.312 8.85 241.242 228.119 3789.978 17.7 45.319 1349.182 -23.346 254.822 224.457 120.392 456.085 287.323 371.399 265.35 20.142 513.306 -4989.014 195.16 82.55 -1047.058 14.038 -16.174 1026.459 71.869 256.653 430.756 199.432 -1013.489 250.855 51.727 154.114 134.735 68.512 2516.174 2261.658 实验室 1 074
4325656 4728 2025/10/29 10:55:23 P18 0 0 0 0 0 0 0 90.942 180.206 933.228 8.392 240.631 227.814 3789.368 77.82 27.008 1350.098 -22.43 257.568 224.304 120.697 456.238 288.086 370.331 265.35 20.447 514.069 -4989.014 216.98 79.346 -1025.238 13.58 -16.785 1025.848 71.259 256.958 431.671 197.754 -1012.726 250.397 52.643 154.419 130.92 63.782 2516.174 2258.453 实验室 1 074
4325657 4728 2025/10/29 10:55:24 P18 0 0 0 0 0 0 0 90.332 180.206 933.838 8.545 240.631 227.966 3791.809 22.736 -13.58 1349.945 -23.193 256.805 224.457 119.934 456.543 288.239 370.636 265.045 20.447 514.069 -4989.319 231.171 79.956 -1024.78 13.886 -16.327 1025.085 70.801 256.5 430.45 198.212 -1022.644 250.702 52.795 155.029 131.836 65.002 2516.327 2255.402 实验室 1 074
4325658 4728 2025/10/29 10:55:25 P18 0 0 0 0 0 0 0 90.485 180.512 932.465 8.698 240.936 228.577 3789.825 -13.733 63.019 1334.229 -22.736 251.16 224.152 119.934 456.085 287.476 370.331 265.198 20.599 514.069 -4989.929 237.427 79.956 -1026.154 13.428 -15.869 1025.238 71.106 256.958 430.298 198.975 -1015.778 249.939 52.185 154.114 131.531 63.019 2516.174 2259.827 实验室 1 074
4325659 4728 2025/10/29 10:55:26 P18 0 0 0 0 0 0 0 91.553 180.512 931.702 8.087 240.173 228.577 3789.673 -0.153 79.651 1355.743 -23.193 250.549 224.152 120.087 456.238 287.018 371.552 265.35 20.294 513.306 -4990.234 176.697 81.482 -1051.483 13.428 -16.632 1024.78 70.953 256.195 430.45 199.585 -1016.235 249.634 51.575 153.961 130.768 66.376 2515.564 2257.69 实验室 1 074
4325660 4728 2025/10/29 10:55:27 P18 0 0 0 0 0 0 0 90.79 179.749 931.397 9.308 240.479 227.509 3791.504 -6.866 3.357 1336.823 -23.346 252.38 224.762 119.782 456.39 288.391 369.415 264.74 20.142 513.306 -4990.845 128.174 80.566 -1029.968 14.191 -16.479 1024.017 70.953 255.89 429.688 198.975 -1022.186 249.786 52.185 150.604 130.92 61.34 2516.174 2258.453 实验室 1 074
4325661 4728 2025/10/29 10:55:28 P18 0 0 0 0 0 0 0 90.79 180.054 931.854 9.003 240.173 227.051 3791.504 -1.831 -77.82 1346.283 -23.041 247.803 224.457 119.171 456.085 287.17 369.568 265.35 20.142 512.848 -4991.76 91.4 80.414 -1046.295 13.886 -16.632 1022.949 72.021 255.737 429.84 198.364 -1009.674 249.634 52.49 156.555 132.599 63.019 2516.174 2259.216 实验室 1 074
4325662 4728 2025/10/29 10:55:29 P18 0 0 0 0 0 0 0 90.942 180.664 931.244 8.545 240.326 227.814 3789.368 4.578 -67.902 1350.555 -23.651 245.819 224.762 119.629 455.627 287.476 370.026 265.198 20.905 512.848 -4991.913 84.534 78.735 -1049.957 14.648 -17.242 1022.491 70.801 256.348 429.535 198.669 -1018.372 249.786 52.795 158.997 133.514 66.223 2515.564 2259.064 实验室 1 074
4325663 4728 2025/10/29 10:55:30 P18 0 0 0 0 0 0 0 90.179 180.512 930.786 8.698 240.173 227.509 3791.046 7.782 -51.727 1358.337 -22.888 245.361 224.152 119.782 455.78 287.17 368.958 265.045 19.989 512.848 -4992.218 92.316 81.024 -1036.835 13.58 -17.09 1022.034 71.259 255.432 428.467 198.059 -1018.066 250.244 51.88 153.198 130.005 60.73 2515.564 2259.064 实验室 1 074
4325664 4728 2025/10/29 10:55:31 P18 0 0 0 0 0 0 0 90.79 180.664 929.718 8.85 240.173 226.898 3792.419 50.201 8.698 1345.062 -23.041 247.955 223.236 119.629 455.627 286.865 370.178 264.74 19.531 513.001 -4992.981 96.283 79.498 -1001.434 14.038 -16.785 1021.271 71.259 255.28 428.467 198.669 -1021.881 249.786 51.575 154.572 129.852 62.866 2516.785 2258.606 实验室 1 074
4325665 4728 2025/10/29 10:55:32 P18 0 0 0 0 0 0 0 90.942 180.664 930.176 9.003 240.021 226.44 3790.131 58.441 12.512 1356.506 -22.888 240.326 224.152 119.171 455.627 287.628 368.805 265.045 20.599 512.39 -4993.286 115.662 81.94 -1045.532 13.275 -16.937 1020.966 71.411 254.974 428.467 199.28 -1018.524 249.634 52.338 153.503 130.31 64.24 2516.022 2256.317 实验室 1 074
4325666 4728 2025/10/29 10:55:33 P18 0 0 0 0 0 0 0 90.942 180.512 929.871 9.308 240.479 227.356 3790.283 72.937 -4.425 1363.068 -23.346 236.969 224.152 120.239 455.78 287.17 368.958 265.045 20.142 512.695 -4989.776 80.109 80.566 -1064.758 14.191 -16.327 1020.05 70.801 254.517 428.162 198.059 -1017.609 249.329 52.032 153.198 128.784 60.425 2516.632 2256.775 实验室 1 074
4325667 4728 2025/10/29 10:55:34 P18 0 0 0 0 0 0 0 90.79 180.664 930.634 8.545 240.021 226.898 3791.504 8.698 -29.297 1359.1 -22.736 244.751 224.152 118.561 456.238 287.628 368.5 264.893 20.294 512.085 -4989.319 60.425 80.261 -1047.974 13.733 -16.785 1020.203 70.801 254.364 427.856 198.059 -1012.268 249.329 52.032 155.029 130.463 63.629 2516.937 2260.284 实验室 1 074
4325668 4728 2025/10/29 10:55:35 P18 0 0 0 0 0 0 0 90.485 180.054 929.108 9.003 240.326 227.966 3789.978 59.662 -16.327 1360.016 -23.499 240.936 224.457 119.476 455.17 288.086 368.5 265.198 19.989 512.695 -4989.166 81.787 80.109 -1041.26 14.191 -15.411 1019.897 70.038 254.517 427.856 198.364 -1014.709 248.566 52.643 158.386 130.158 63.629 2517.09 2257.996 实验室 1 074
4325669 4728 2025/10/29 10:55:36 P18 0 0 0 0 0 0 0 91.553 180.359 929.565 8.392 240.173 227.661 3791.199 4.73 53.406 1357.117 -23.193 237.427 223.846 118.866 455.17 287.323 369.568 265.503 19.989 512.695 -4989.624 80.566 82.397 -1040.802 13.428 -16.022 1019.135 70.038 254.364 427.399 197.754 -1015.167 248.718 52.338 150.909 134.125 64.087 2516.022 2260.742 实验室 1 074
4325670 4728 2025/10/29 10:55:37 P18 0 0 0 0 0 0 0 91.4 180.206 929.26 8.087 240.021 227.356 3789.52 -9.003 169.983 1351.776 -23.499 237.579 224.152 119.171 455.627 287.17 368.805 264.74 19.684 512.238 -4990.234 118.408 80.414 -1062.317 14.343 -16.937 1019.135 70.19 253.601 426.788 198.822 -1015.778 249.329 52.185 152.283 132.599 62.866 2516.174 2254.944 实验室 1 074
4325671 4728 2025/10/29 10:55:38 P18 0 0 0 0 0 0 0 90.942 180.817 928.65 8.24 240.326 227.203 3789.673 -3.51 194.244 1349.792 -23.193 238.8 224.915 118.713 455.933 287.628 367.889 265.045 19.531 512.085 -4991.303 136.261 78.43 -1005.096 14.343 -16.937 1018.982 69.885 253.601 427.399 197.449 -1017.456 249.176 51.727 151.367 132.599 65.765 2516.174 2258.606 实验室 1 074
4325672 4728 2025/10/29 10:55:39 P18 0 0 0 0 0 0 0 90.485 180.359 929.565 8.392 239.41 227.051 3791.656 -22.583 106.964 1347.504 -22.736 233.765 223.541 118.103 455.627 287.781 367.889 264.893 19.836 512.848 -4992.523 111.694 80.414 -1026.917 13.428 -17.395 1018.372 70.038 252.991 426.483 198.212 -1020.508 248.718 52.338 158.386 131.226 66.834 2516.632 2258.911 实验室 1 074
4325673 4728 2025/10/29 10:55:40 P18 0 0 0 0 0 0 0 90.485 179.901 928.803 9.003 239.716 227.051 3790.436 57.22 34.027 1348.267 -23.041 235.291 223.694 118.713 455.322 287.933 367.432 264.893 19.989 513.001 -4991.607 144.196 83.923 -1016.083 13.886 -16.632 1016.998 70.19 253.601 426.941 196.838 -1017.609 248.108 52.795 154.724 129.089 64.85 2517.242 2256.927 实验室 1 074
4325674 4728 2025/10/29 10:55:41 P18 0 0 0 0 0 0 0 90.79 180.359 927.887 9.155 239.41 227.051 3788.757 15.411 -30.212 1338.806 -22.888 232.239 224.304 118.256 456.085 287.628 367.279 264.435 20.905 513.001 -4989.319 157.776 80.872 -1014.557 13.733 -16.937 1017.151 71.411 253.754 426.331 196.075 -1021.576 248.261 52.49 151.062 127.411 62.866 2515.411 2258.606 实验室 1 074
4325675 4728 2025/10/29 10:55:42 P18 0 0 0 0 0 0 0 90.637 180.359 927.887 8.85 240.021 227.051 3791.351 24.567 -86.06 1340.332 -23.499 235.748 223.999 119.324 455.627 287.323 367.889 265.045 19.989 512.085 -4989.776 170.136 77.82 -1026.917 12.665 -16.479 1016.541 70.343 253.143 426.025 196.838 -1020.203 249.023 51.575 145.569 127.411 62.408 2515.869 2258.759 实验室 1 074
4325676 4728 2025/10/29 10:55:43 P18 0 0 0 0 0 0 0 90.027 179.749 928.345 9.766 239.563 226.593 3791.046 2.136 -119.476 1346.13 -23.346 233.612 224.152 117.95 455.933 288.544 367.127 265.045 20.142 512.085 -4990.387 146.484 79.956 -1035.156 13.733 -16.937 1016.235 69.275 252.686 425.263 196.075 -1018.524 248.566 52.032 146.79 126.495 58.746 2516.632 2259.674 实验室 1 074
4325677 4728 2025/10/29 10:55:44 P18 0 0 0 0 0 0 0 90.027 180.512 928.192 8.85 239.563 227.509 3789.368 -0.763 -86.67 1358.337 -23.346 229.187 223.846 117.798 456.238 287.476 367.279 265.198 19.531 512.543 -4990.845 128.021 82.55 -1035.309 14.648 -16.327 1015.015 70.038 252.228 425.415 197.754 -1014.862 248.566 51.575 156.708 130.92 63.477 2516.174 2253.113 实验室 1 074
4325678 4728 2025/10/29 10:55:45 P18 0 0 0 0 0 0 0 90.637 180.664 928.04 8.087 239.563 227.356 3789.52 22.278 -85.297 1351.318 -23.041 232.544 223.846 117.798 455.933 288.086 368.042 264.893 20.142 512.848 -4992.523 101.929 78.583 -1021.576 13.428 -17.548 1015.625 69.427 252.533 426.178 196.686 -1015.93 248.108 52.185 151.825 130.31 61.493 2515.717 2254.486 实验室 1 074
4325679 4728 2025/10/29 10:55:46 P18 0 0 0 0 0 0 0 90.79 180.664 927.582 8.087 239.258 227.051 3791.046 32.349 -70.19 1345.673 -22.583 235.748 224.152 117.95 456.238 287.781 366.974 264.74 19.531 512.695 -4989.776 100.25 79.651 -1017.761 13.886 -17.242 1015.32 70.038 252.686 426.025 200.043 -1017.303 247.803 52.643 146.942 131.226 63.171 2516.632 2257.996 实验室 1 074
4325680 4728 2025/10/29 10:55:47 P18 0 0 0 0 0 0 0 90.637 180.817 926.514 7.935 238.953 226.746 3789.673 29.449 -97.351 1342.316 -23.346 226.44 223.541 117.34 455.78 287.628 366.516 265.808 19.684 511.78 -4989.776 122.07 83.618 -1017.456 13.123 -17.7 1015.015 70.19 252.075 424.805 196.075 -1014.709 247.498 51.88 151.52 131.989 61.798 2515.564 2257.385 实验室 1 074
4325681 4728 2025/10/29 10:55:48 P18 0 0 0 0 0 0 0 91.248 181.122 926.514 8.392 239.868 227.814 3790.283 14.954 -152.588 1345.062 -23.651 227.814 223.389 117.34 455.933 287.628 366.821 265.503 19.684 511.475 -4989.776 92.316 81.94 -1026.306 13.58 -16.022 1014.252 70.496 252.075 424.805 196.991 -1013.489 248.261 51.727 156.403 130.615 63.934 2515.106 2258.759 实验室 1 074
4325682 4728 2025/10/29 10:55:49 P18 0 0 0 0 0 0 0 90.79 180.054 926.666 9.46 239.716 227.051 3792.725 32.959 -175.629 1349.64 -23.651 230.103 224.152 117.798 455.933 287.323 366.211 265.045 19.989 511.932 -4989.624 117.035 81.635 -1003.876 13.886 -17.09 1013.641 69.275 251.617 424.347 196.533 -1018.982 247.498 51.422 155.64 129.852 64.087 2517.09 2260.59 实验室 1 074
4325683 4728 2025/10/29 10:55:50 P18 0 0 0 0 0 0 0 90.637 180.817 925.598 8.24 239.258 227.051 3789.52 29.602 -93.231 1341.858 -23.193 224.915 223.389 116.882 455.78 287.476 367.279 265.35 20.142 511.78 -4990.234 104.828 80.872 -1007.08 13.428 -16.785 1013.947 70.648 251.923 424.347 196.533 -1018.524 247.65 51.727 150.299 131.226 65.002 2516.022 2260.437 实验室 1 074
4325684 4728 2025/10/29 10:55:51 P18 0 0 0 0 0 0 0 90.79 180.664 925.903 8.392 239.105 226.593 3789.52 16.937 -1.831 1345.062 -22.736 223.694 223.389 117.34 455.933 288.086 366.211 265.503 20.447 512.085 -4992.218 126.801 81.482 -981.14 13.275 -17.548 1012.878 70.496 251.617 424.652 197.754 -1021.881 247.345 52.49 147.858 132.599 62.103 2515.411 2260.132 实验室 1 074
4325685 4728 2025/10/29 10:55:52 P18 0 0 0 0 0 0 0 91.248 180.817 926.514 8.545 239.716 227.051 3791.199 27.313 75.836 1353.149 -22.888 224.304 223.389 117.645 455.78 287.476 366.974 265.808 19.836 511.78 -4991.607 143.89 80.872 -971.985 13.58 -16.632 1012.878 70.038 251.465 424.194 197.296 -1019.287 247.345 51.88 151.215 127.258 62.561 2516.022 2258.606 实验室 1 074
4325686 4728 2025/10/29 10:55:53 P18 0 0 0 0 0 0 0 90.637 181.58 926.209 8.698 238.8 226.288 3791.199 -12.97 48.523 1352.539 -23.346 223.084 223.846 116.73 455.78 287.933 366.211 266.266 20.294 512.085 -4990.082 147.247 79.651 -993.195 13.886 -17.09 1012.726 70.19 251.312 423.889 195.16 -1021.118 247.192 51.727 150.147 131.836 63.934 2516.632 2259.521 实验室 1 074
4325687 4728 2025/10/29 10:55:54 P18 0 0 0 0 0 0 0 90.637 180.664 924.835 8.24 239.258 226.135 3790.131 35.095 58.899 1356.659 -23.346 222.168 223.694 116.425 455.627 287.933 365.906 265.198 19.989 512.543 -4989.472 172.577 81.482 -1019.44 13.123 -17.548 1011.658 70.19 251.465 424.347 195.313 -1021.423 247.04 52.032 151.672 129.7 62.866 2515.564 2262.573 实验室 1 074
4325688 4728 2025/10/29 10:55:55 P18 0 0 0 0 0 0 0 91.4 180.817 923.767 8.24 239.563 226.593 3790.588 66.834 7.935 1363.678 -23.346 219.421 223.541 116.577 455.78 288.086 366.058 265.503 19.836 511.78 -4989.624 186.157 81.329 -1012.573 13.886 -16.937 1011.505 69.58 251.16 423.737 195.16 -1021.423 247.803 51.422 147.705 132.141 69.733 2517.09 2259.064 实验室 1 074
4325689 4728 2025/10/29 10:55:56 P18 0 0 0 0 0 0 0 90.942 180.359 925.751 8.85 239.258 226.288 3792.725 40.283 -6.409 1351.013 -23.651 223.999 224.609 116.73 456.543 288.086 365.295 265.198 19.684 511.932 -4989.166 212.555 79.346 -1012.115 13.275 -17.395 1011.353 68.817 250.855 422.974 196.228 -1019.745 247.498 51.727 154.114 128.479 62.714 2517.395 2257.385 实验室 1 074
4325690 4728 2025/10/29 10:55:57 P18 0 0 0 0 0 0 0 90.942 181.58 924.683 8.85 238.648 226.135 3789.368 53.711 -26.55 1353.302 -23.193 222.321 223.999 116.882 455.78 287.933 366.058 266.266 20.142 511.932 -4989.929 194.092 66.528 -1011.2 13.123 -17.242 1010.895 70.19 251.16 423.279 195.77 -1021.576 246.429 52.032 153.809 130.158 63.934 2516.327 2259.369 实验室 1 074
4325691 4728 2025/10/29 10:55:58 P18 0 0 0 0 0 0 0 90.332 180.512 925.751 8.85 239.41 227.203 3790.436 0.305 -82.397 1348.572 -23.041 217.438 223.846 116.425 457.306 289.002 365.448 265.198 19.226 512.085 -4990.692 204.01 81.482 -997.467 13.58 -17.7 1010.132 69.275 250.397 423.431 195.618 -1022.644 247.192 52.032 145.569 123.901 65.46 2516.327 2258.606 实验室 1 074
4325692 4728 2025/10/29 10:55:59 P18 0 0 0 0 0 0 0 91.095 181.274 924.835 8.85 240.173 226.898 3789.825 10.834 -87.128 1345.062 -23.499 219.574 223.541 116.73 456.085 287.933 365.295 265.656 19.836 511.78 -4992.218 167.999 82.855 -1009.369 14.038 -17.242 1010.284 69.733 250.397 422.058 194.55 -1022.339 247.192 51.575 148.773 127.716 61.188 2516.479 2256.012 实验室 1 074
4325693 4728 2025/10/29 10:56:00 P18 0 0 0 0 0 0 0 92.163 181.427 924.377 9.003 239.563 227.966 3791.351 50.964 -50.812 1345.52 -23.346 216.37 223.236 114.899 455.933 287.933 366.211 266.113 19.226 511.932 -4992.981 141.754 81.329 -1018.372 13.733 -16.479 1010.895 69.275 250.092 422.211 195.923 -1025.391 246.582 51.575 151.215 129.547 62.561 2516.327 2254.944 实验室 1 074
4325694 4728 2025/10/29 10:56:01 P18 0 0 0 0 0 0 0 90.79 180.664 924.377 8.392 238.8 226.44 3790.588 8.24 -123.596 1333.618 -23.346 217.438 223.541 116.272 456.543 288.849 364.685 265.198 19.531 512.543 -4991.303 102.234 81.787 -1027.832 14.038 -18.158 1009.064 69.122 249.939 422.058 195.007 -1024.475 247.04 52.643 156.555 126.495 62.408 2516.174 2257.996 实验室 1 074
4325695 4728 2025/10/29 10:56:02 P18 0 0 0 0 0 0 0 90.942 180.969 924.072 9.003 238.495 226.44 3789.368 -0.916 -74.158 1332.397 -22.888 217.285 223.694 115.967 456.085 288.849 364.99 265.503 20.447 512.39 -4989.624 103.149 78.278 -1007.233 13.123 -17.7 1009.064 69.122 249.634 422.363 194.092 -1020.508 246.124 52.185 152.435 133.057 60.272 2515.564 2259.827 实验室 1 074
4325696 4728 2025/10/29 10:56:03 P18 0 0 0 0 0 0 0 91.705 180.817 924.225 8.698 238.953 226.593 3790.741 46.997 -7.629 1350.098 -23.346 214.844 223.541 115.967 455.933 288.086 365.295 265.656 19.684 511.78 -4989.472 115.356 81.177 -995.331 14.191 -16.785 1008.606 69.885 250.092 422.211 194.55 -1022.339 246.735 51.575 146.637 130.158 64.85 2516.022 2259.216 实验室 1 074
4325697 4728 2025/10/29 10:56:04 P18 0 0 0 0 0 0 0 90.179 181.122 924.835 9.003 239.563 227.051 3790.436 3.052 -15.411 1340.332 -23.346 215.607 223.846 115.662 456.085 287.933 364.685 266.266 20.447 512.39 -4989.166 116.882 80.109 -1009.674 13.123 -17.548 1008.606 69.885 250.092 421.448 194.244 -1021.423 246.277 51.575 146.332 128.937 64.392 2516.785 2258.453 实验室 1 074
4325698 4728 2025/10/29 10:56:05 P18 0 0 0 0 0 0 0 91.553 180.817 923.615 8.087 239.41 226.746 3790.131 -14.648 -14.801 1342.468 -23.346 216.065 223.389 116.119 455.627 287.781 364.685 265.961 19.531 511.475 -4989.624 143.127 80.566 -1014.252 13.428 -17.09 1008.606 69.733 249.176 421.448 194.092 -1019.897 247.192 51.575 147.4 128.174 66.528 2516.174 2259.521 实验室 1 074
4325699 4728 2025/10/29 10:56:06 P18 0 0 0 0 0 0 0 90.79 180.664 924.225 8.392 238.953 226.288 3789.978 25.635 -46.234 1350.861 -23.346 213.013 223.999 116.577 457.153 288.239 364.533 265.808 19.226 512.085 -4989.472 173.645 82.245 -1041.718 14.343 -17.548 1007.08 69.275 249.023 422.058 193.481 -1016.846 246.429 51.727 155.029 125.732 62.256 2516.327 2257.08 实验室 1 074
4325700 4728 2025/10/29 10:56:07 P18 0 0 0 0 0 0 0 90.179 180.664 923.615 8.392 238.953 227.203 3791.656 46.844 -92.011 1348.267 -23.041 211.945 223.694 115.356 455.627 288.696 364.38 265.656 19.531 512.085 -4989.624 180.054 80.566 -998.84 13.886 -17.7 1007.08 69.427 249.023 422.058 194.855 -1016.083 245.819 52.032 149.384 127.869 64.087 2515.869 2259.521 实验室 1 074
4325701 4728 2025/10/29 10:56:08 P18 0 0 0 0 0 0 0 91.553 180.969 923.157 8.24 239.563 227.203 3789.825 86.823 -53.711 1349.03 -23.193 211.639 222.931 115.204 455.322 288.086 364.838 266.419 19.531 511.627 -4989.014 160.675 81.329 -989.38 13.428 -17.853 1007.385 68.817 249.023 421.143 194.397 -1020.05 246.124 51.727 148.926 128.021 62.408 2516.327 2256.012 实验室 1 074
4325702 4728 2025/10/29 10:56:09 P18 0 0 0 0 0 0 0 91.4 181.427 923.615 8.545 239.563 227.661 3790.741 -16.479 -49.896 1347.504 -23.041 206.451 223.541 115.814 455.78 287.933 365.143 266.113 19.531 511.627 -4990.845 148.773 79.346 -991.364 13.58 -16.937 1006.775 69.733 248.718 421.448 193.939 -1009.369 245.667 51.575 153.198 125.275 64.392 2515.717 2257.233 实验室 1 074
4325703 4728 2025/10/29 10:56:10 P18 0 0 0 0 0 0 0 90.485 181.122 923.309 8.698 239.105 226.746 3791.809 -17.09 -22.583 1344.757 -23.041 211.029 223.846 115.814 456.543 288.391 363.922 265.656 19.531 512.085 -4991.607 132.141 81.482 -988.007 13.58 -17.7 1005.554 69.275 248.871 420.532 193.634 -1013.184 246.124 51.575 159.76 125.58 65.155 2517.7 2258.911 实验室 1 074
4325704 4728 2025/10/29 10:56:11 P18 0 0 0 0 0 0 0 90.637 180.664 922.241 8.24 238.495 226.746 3789.673 -17.7 19.836 1344.299 -22.888 207.214 223.389 114.594 455.475 287.781 364.075 266.419 20.447 511.322 -4992.828 124.512 79.956 -996.704 13.428 -18.311 1005.554 69.733 249.023 420.685 192.719 -1008.606 245.514 51.88 151.978 125.427 67.444 2515.259 2258.911 实验室 1 074
4325705 4728 2025/10/29 10:56:12 P18 0 0 0 0 0 0 0 91.095 181.427 923.004 8.698 239.105 227.356 3790.436 10.071 46.692 1340.637 -22.736 207.062 222.931 114.746 455.475 288.391 364.533 266.266 19.989 511.475 -4992.065 132.599 80.109 -1018.066 13.123 -17.548 1005.096 69.427 248.566 420.532 193.024 -1013.336 245.972 51.88 148.926 125.732 62.561 2516.022 2257.996 实验室 1 074
4325706 4728 2025/10/29 10:56:13 P18 0 0 0 0 0 0 0 91.553 181.427 922.546 8.698 238.342 226.746 3790.894 7.019 69.122 1348.114 -23.346 205.383 223.236 114.746 455.78 287.781 364.075 266.113 19.684 511.475 -4992.371 200.806 81.024 -1018.219 13.275 -17.395 1005.249 69.275 248.261 419.769 193.176 -1008.453 245.361 51.88 154.114 126.343 64.392 2516.937 2263.031 实验室 1 074
4325707 4728 2025/10/29 10:56:14 P18 0 0 0 0 0 0 0 90.485 181.122 922.546 8.698 238.648 226.746 3790.131 51.422 81.94 1341.4 -23.346 208.283 222.626 115.051 456.238 288.849 363.159 265.35 19.379 511.475 -4991.76 206.451 80.566 -1023.56 13.428 -17.7 1003.876 69.427 247.803 419.617 192.413 -1007.538 245.972 51.727 153.656 126.648 60.883 2515.564 2258.606 实验室 1 074
4325708 4728 2025/10/29 10:56:15 P18 0 0 0 0 0 0 0 90.637 181.58 921.478 8.24 238.648 227.203 3790.131 15.259 92.011 1333.771 -23.041 209.045 223.541 114.441 455.78 288.391 363.617 266.419 19.836 511.932 -4991.15 195.77 80.719 -1019.135 13.123 -17.7 1005.249 69.427 248.261 419.769 193.176 -1008.148 245.514 51.727 147.858 127.716 64.087 2515.869 2259.827 实验室 1 074
4325709 4728 2025/10/29 10:56:16 P18 0 0 0 0 0 0 0 91.095 180.817 921.936 8.698 238.648 227.051 3791.199 8.087 88.348 1345.215 -22.736 208.588 222.931 114.441 455.627 288.391 363.77 265.808 19.989 511.322 -4989.624 207.214 81.635 -992.432 13.58 -18.311 1004.181 69.58 248.108 419.159 192.108 -1007.233 245.056 51.727 149.994 128.479 65.002 2516.785 2259.674 实验室 1 074
4325710 4728 2025/10/29 10:56:17 P18 0 0 0 0 0 0 0 91.095 180.969 922.241 8.545 239.258 227.051 3789.368 34.027 102.997 1340.179 -22.888 203.705 223.541 114.594 455.78 288.239 362.854 265.656 19.836 512.39 -4989.624 229.492 79.193 -962.524 13.123 -17.853 1003.723 69.122 247.345 419.159 191.193 -1007.08 245.667 52.185 139.16 127.716 63.324 2515.869 2256.47 实验室 1 074
4325711 4728 2025/10/29 10:56:18 P18 0 0 0 0 0 0 0 90.79 181.58 921.783 8.698 238.8 226.593 3789.978 0.458 -7.172 1353.455 -23.346 204.773 223.389 114.594 456.238 288.544 363.617 266.419 19.379 512.238 -4989.014 200.806 81.024 -974.121 14.343 -18.311 1003.113 69.122 247.65 419.464 192.719 -1012.421 245.514 51.27 138.702 125.732 66.834 2515.259 2255.859 实验室 1 074
4325712 4728 2025/10/29 10:56:19 P18 0 0 0 0 0 0 0 91.553 181.58 921.021 8.698 238.8 225.83 3791.656 25.787 0.153 1343.231 -23.193 198.975 223.084 113.983 455.933 288.086 363.007 265.961 19.531 512.543 -4989.776 235.596 79.041 -962.982 13.428 -18.158 1002.808 69.275 247.345 418.701 192.566 -1007.996 245.361 50.659 141.602 124.207 64.087 2516.937 2258.301 实验室 1 074
4325713 4728 2025/10/29 10:56:20 P18 0 0 0 0 0 0 0 91.553 181.122 921.936 8.85 238.8 225.983 3790.283 36.621 -24.872 1349.335 -22.888 198.212 223.236 114.136 456.39 288.696 362.854 265.808 19.531 511.627 -4989.776 237.427 81.482 -960.999 12.97 -18.311 1003.113 69.733 246.887 419.159 192.261 -1013.336 245.972 51.422 154.572 126.495 67.902 2516.785 2258.301 实验室 1 074
4325714 4728 2025/10/29 10:56:21 P18 0 0 0 0 0 0 0 90.637 180.359 921.021 8.545 238.8 227.356 3789.52 19.836 -65.613 1342.468 -23.346 200.195 223.541 115.662 456.543 289.002 362.244 266.266 19.836 511.932 -4989.166 239.563 79.346 -974.121 13.275 -18.005 1002.197 68.665 247.192 419.006 192.566 -1013.794 244.904 51.727 145.111 128.021 63.629 2517.09 2259.521 实验室 1 074
4325715 4728 2025/10/29 10:56:22 P18 0 0 0 0 0 0 0 90.942 180.664 920.715 8.545 238.8 226.593 3790.741 22.43 -38.757 1336.365 -23.346 198.059 223.541 114.746 456.085 289.002 362.549 266.419 19.531 511.322 -4989.929 230.56 79.498 -976.41 14.038 -17.7 1001.892 67.749 247.04 418.396 191.345 -1010.132 245.056 52.338 142.212 127.564 62.408 2516.327 2258.148 实验室 1 074
4325716 4728 2025/10/29 10:56:23 P18 0 0 0 0 0 0 0 90.942 182.037 920.868 8.545 238.648 226.898 3791.199 26.245 45.013 1342.468 -23.346 202.179 223.694 113.983 457.306 288.696 361.939 266.266 19.531 511.932 -4990.54 211.945 80.414 -988.312 14.038 -16.937 1001.587 68.97 247.498 418.396 191.65 -1017.609 244.446 51.117 144.043 127.869 64.392 2516.174 2258.911 实验室 1 074
4325717 4728 2025/10/29 10:56:24 P18 0 0 0 0 0 0 0 90.79 181.58 920.563 8.85 238.953 226.746 3789.825 10.681 111.542 1341.705 -22.278 201.874 223.236 114.746 456.238 288.086 362.091 265.656 19.836 512.238 -4991.455 198.669 81.024 -958.557 13.733 -17.853 1000.824 69.885 246.887 418.091 191.65 -1010.132 245.514 51.117 144.959 129.852 67.139 2515.869 2259.827 实验室 1 074
4325718 4728 2025/10/29 10:56:25 P18 0 0 0 0 0 0 0 90.942 181.122 919.8 8.85 238.495 226.898 3788.91 -16.632 110.321 1340.637 -23.651 194.397 222.931 113.678 455.933 288.696 362.549 267.029 19.531 511.169 -4992.218 207.214 83.16 -979.767 13.58 -18.311 1000.671 68.512 246.887 418.549 191.345 -1007.69 244.751 52.643 145.264 128.174 63.782 2514.954 2259.674 实验室 1 074
4325719 4728 2025/10/29 10:56:26 P18 0 0 0 0 0 0 0 90.485 181.122 919.495 8.392 239.105 226.44 3790.894 20.752 104.981 1338.348 -23.499 195.16 224.152 113.983 455.78 288.849 362.244 266.266 19.379 511.169 -4992.218 219.269 80.109 -989.533 12.97 -16.937 1000.671 68.665 247.04 418.243 192.108 -1013.947 244.751 51.88 146.027 129.089 64.85 2517.395 2260.132 实验室 1 074
4325720 4728 2025/10/29 10:56:27 P18 0 0 0 0 0 0 0 91.095 181.274 920.868 8.85 239.105 226.44 3791.046 18.768 92.011 1327.209 -23.346 196.838 222.931 113.525 456.238 288.544 361.786 265.961 19.531 511.932 -4991.76 208.283 81.329 -977.02 13.428 -18.311 999.908 68.665 246.277 418.701 191.345 -1020.508 244.446 51.27 143.433 130.615 66.223 2516.785 2252.808 实验室 1 074
4325721 4728 2025/10/29 10:56:28 P18 0 0 0 0 0 0 0 90.637 181.122 920.258 8.85 238.495 227.203 3789.673 4.425 73.853 1344.757 -23.651 193.634 223.084 113.831 457.001 288.544 361.328 266.419 19.836 512.39 -4990.234 180.054 80.719 -966.034 13.275 -17.853 999.908 68.054 246.124 417.633 191.65 -1011.047 244.141 51.727 142.975 127.258 64.697 2516.174 2258.148 实验室 1 074
4325722 4728 2025/10/29 10:56:29 P18 0 0 0 0 0 0 0 90.942 180.969 919.495 9.155 239.258 227.509 3789.368 10.071 6.104 1343.384 -23.499 194.702 222.931 114.288 456.543 288.086 362.396 267.181 19.989 511.627 -4989.472 182.037 81.94 -977.936 13.275 -17.7 999.451 68.512 246.429 417.633 191.345 -1015.32 244.598 51.575 147.4 125.58 63.019 2516.174 2259.216 实验室 1 074
4325723 4728 2025/10/29 10:56:30 P18 0 0 0 0 0 0 0 90.637 181.427 919.19 8.545 239.41 227.203 3789.825 83.008 16.022 1328.583 -23.499 194.092 223.389 113.373 456.085 289.459 361.328 266.724 19.531 511.475 -4989.624 207.52 80.719 -951.996 13.275 -17.395 998.84 68.817 246.277 417.023 191.803 -1015.93 244.598 51.117 148.468 125.732 61.951 2516.174 2262.878 实验室 1 074
4325724 4728 2025/10/29 10:56:31 P18 0 0 0 0 0 0 0 90.637 181.274 919.647 8.087 238.648 226.593 3790.283 39.673 -36.774 1340.942 -22.888 192.108 223.084 113.831 456.543 288.696 361.328 266.266 20.142 511.475 -4990.082 225.067 82.397 -966.797 13.123 -18.158 999.451 68.359 245.819 417.175 191.04 -1018.677 244.293 51.727 145.569 123.749 63.477 2516.022 2258.759 实验室 1 074
4325725 4728 2025/10/29 10:56:32 P18 0 0 0 0 0 0 0 90.942 182.037 919.647 8.392 238.953 227.051 3789.978 1.221 -69.427 1340.637 -23.651 195.77 223.389 112.61 456.543 288.696 362.091 266.419 19.226 511.322 -4991.455 224.152 81.177 -981.598 12.97 -18.311 998.383 67.444 246.582 417.481 190.43 -1017.303 244.141 51.575 143.738 129.852 63.934 2515.717 2259.521 实验室 1 074
4325726 4728 2025/10/29 10:56:33 P18 0 0 0 0 0 0 0 90.637 181.122 918.732 8.698 238.8 226.593 3789.368 20.294 -26.245 1347.198 -23.651 190.125 222.931 114.136 457.153 289.154 361.328 266.266 20.142 511.169 -4991.303 216.827 81.787 -989.533 13.58 -17.7 998.077 68.207 245.361 416.87 190.43 -1016.693 244.141 52.185 147.4 130.31 62.408 2516.479 2261.963 实验室 1 074
4325727 4728 2025/10/29 10:56:34 P18 0 0 0 0 0 0 0 91.858 180.969 919.8 8.392 238.8 225.983 3791.504 24.567 33.722 1338.806 -23.041 190.277 222.778 113.22 456.848 289.002 361.481 266.419 20.142 511.78 -4992.065 206.299 79.041 -1005.707 12.97 -18.616 998.383 68.512 245.056 416.26 192.108 -1014.709 244.141 50.964 146.942 129.242 62.408 2516.937 2259.369 实验室 1 074
4325728 4728 2025/10/29 10:56:35 P18 0 0 0 0 0 0 0 90.942 181.885 919.342 8.545 238.953 227.051 3790.283 33.569 16.022 1345.367 -22.125 188.751 222.626 112.915 456.848 288.696 361.786 266.113 19.531 511.932 -4992.828 192.108 81.329 -1002.35 12.97 -17.853 997.467 69.58 245.361 416.412 191.04 -1018.524 244.904 51.27 141.602 128.479 64.392 2516.937 2259.369 实验室 1 074
4325729 4728 2025/10/29 10:56:36 P18 0 0 0 0 0 0 0 91.705 181.427 919.342 9.155 239.105 226.593 3789.978 17.7 -49.286 1330.566 -22.888 190.43 222.778 113.068 456.39 288.544 361.633 266.266 19.836 511.932 -4992.371 191.193 78.43 -989.99 13.733 -18.616 997.62 68.512 245.209 416.565 189.819 -1014.404 244.141 51.422 142.212 129.242 62.714 2515.869 2257.843 实验室 1 074
4325730 4728 2025/10/29 10:56:37 P18 0 0 0 0 0 0 0 91.095 181.732 918.121 8.24 238.8 226.898 3792.114 19.531 -82.855 1343.231 -23.346 189.209 222.931 113.373 456.39 288.849 360.565 265.961 19.379 511.932 -4989.472 174.408 82.245 -995.941 12.97 -19.073 997.009 69.427 245.361 416.412 191.193 -1013.794 244.446 51.27 143.433 130.158 65.765 2516.174 2259.521 实验室 1 074
4325731 4728 2025/10/29 10:56:38 P18 0 0 0 0 0 0 0 90.179 181.427 917.969 8.85 239.563 227.661 3790.283 10.376 -135.193 1335.602 -23.346 189.972 223.694 112.915 456.238 288.849 361.939 266.419 19.531 511.627 -4989.014 169.678 80.109 -978.088 13.733 -18.005 996.552 68.512 245.361 416.412 190.125 -1012.573 243.988 51.117 142.822 126.038 64.85 2516.632 2259.064 实验室 1 074
4325732 4728 2025/10/29 10:56:39 P18 0 0 0 0 0 0 0 91.858 181.58 919.19 8.24 238.495 227.509 3789.52 25.787 -126.19 1336.212 -23.193 191.04 223.084 112.763 456.543 288.849 361.176 266.113 19.684 511.932 -4989.472 175.476 80.872 -955.658 13.123 -17.853 997.009 68.665 245.056 415.955 189.362 -1013.489 243.835 51.575 133.82 126.801 65.155 2516.632 2260.284 实验室 1 074
4325733 4728 2025/10/29 10:56:40 P18 0 0 0 0 0 0 0 90.637 181.58 918.579 8.24 238.8 227.814 3791.504 3.052 -131.683 1343.994 -23.193 191.498 222.168 113.22 456.696 289.459 360.87 266.419 20.142 512.39 -4989.472 173.645 79.346 -912.476 13.58 -17.853 996.704 68.054 244.598 415.802 188.751 -1022.034 243.683 51.88 149.689 123.749 66.681 2516.785 2259.674 实验室 1 074
4325734 4728 2025/10/29 10:56:41 P18 0 0 0 0 0 0 0 90.485 182.19 917.053 8.698 238.953 227.203 3789.978 39.368 -161.133 1344.452 -23.346 190.43 223.541 113.068 456.543 289.307 360.565 266.876 19.836 511.475 -4989.624 178.833 81.329 -913.696 13.58 -17.853 996.246 68.054 245.056 416.107 190.582 -1022.491 243.988 52.185 150.604 123.901 62.103 2516.174 2258.911 实验室 1 074
4325735 4728 2025/10/29 10:56:42 P18 0 0 0 0 0 0 0 90.332 182.037 917.511 9.308 239.258 226.593 3789.673 36.316 -153.961 1327.515 -23.193 186.768 223.084 113.068 456.238 289.307 360.413 266.876 19.684 511.78 -4988.861 221.252 80.872 -918.427 13.123 -17.7 995.331 67.902 245.209 415.649 190.43 -1019.287 243.53 52.032 148.468 125.275 62.714 2516.327 2262.268 实验室 1 074
4325736 4728 2025/10/29 10:56:43 P18 0 0 0 0 0 0 0 91.095 182.953 918.579 9.155 238.495 226.288 3791.656 8.698 -108.185 1331.787 -22.43 184.784 222.778 112.61 456.696 288.391 361.023 266.266 18.921 512.085 -4992.523 267.487 82.092 -948.639 13.58 -18.311 995.026 69.427 244.446 415.497 188.904 -1013.947 244.293 51.575 144.348 123.596 59.814 2517.242 2259.216 实验室 1 074
4325737 4728 2025/10/29 10:56:44 P18 0 0 0 0 0 0 0 90.942 181.732 917.664 8.24 239.258 226.44 3790.588 9.766 -49.133 1341.095 -23.193 182.648 222.778 112.457 456.085 288.696 360.87 267.181 19.379 511.017 -4991.913 288.391 81.635 -965.424 13.733 -19.073 995.331 68.817 244.904 415.802 189.514 -1014.404 243.53 51.422 142.365 126.038 66.528 2516.174 2259.064 实验室 1 074
4325738 4728 2025/10/29 10:56:45 P18 0 0 0 0 0 0 0 90.79 181.58 918.274 8.85 238.342 226.746 3789.52 1.831 2.899 1345.062 -23.651 184.479 222.778 112.305 456.696 288.391 360.107 266.419 19.531 511.475 -4989.166 234.833 79.193 -968.933 13.275 -18.158 994.415 68.359 244.293 415.344 190.125 -1015.472 243.683 52.338 142.212 125.275 64.087 2516.327 2260.132 实验室 1 074
4325739 4728 2025/10/29 10:56:46 P18 0 0 0 0 0 0 0 91.248 181.732 918.274 8.698 238.19 226.746 3790.741 -13.733 36.163 1337.585 -22.43 182.953 222.778 112.152 457.153 289.154 359.955 266.113 19.989 511.017 -4989.776 214.539 78.583 -935.669 13.123 -18.768 994.721 68.359 243.835 415.192 189.514 -1016.693 243.225 51.27 144.653 121.307 60.577 2516.174 2260.437 实验室 1 074
4325740 4728 2025/10/29 10:56:47 P18 0 0 0 0 0 0 0 90.942 183.106 916.443 9.766 238.037 226.135 3792.267 0.153 142.365 1334.991 -23.193 182.495 222.778 112.305 456.085 288.391 359.955 265.961 19.531 511.322 -4989.929 198.517 79.498 -925.903 12.665 -18.616 993.652 68.97 243.988 414.124 189.667 -1019.135 244.141 50.964 145.264 124.664 59.967 2516.632 2264.404 实验室 1 074
4325741 4728 2025/10/29 10:56:48 P18 0 0 0 0 0 0 0 90.637 181.885 917.206 9.308 238.342 225.983 3789.825 45.776 153.351 1333.16 -22.583 181.732 223.084 111.847 455.933 288.086 359.802 266.113 19.836 512.39 -4989.776 184.631 78.125 -941.315 13.428 -18.311 993.5 68.665 243.378 414.276 189.362 -1018.372 244.141 51.27 144.196 126.19 63.477 2515.869 2258.759 实验室 1 074
4325742 4728 2025/10/29 10:56:49 P18 0 0 0 0 0 0 0 92.163 181.732 916.138 8.545 238.8 226.746 3789.978 34.79 80.261 1333.313 -22.888 179.138 223.084 111.542 456.085 289.002 359.497 266.113 19.684 510.864 -4989.624 185.852 80.872 -925.751 12.817 -18.768 992.737 67.749 243.53 414.581 188.294 -1029.053 243.378 51.422 148.926 124.512 60.73 2516.174 2259.064 实验室 1 074
4325743 4728 2025/10/29 10:56:50 P18 0 0 0 0 0 0 0 90.637 182.343 916.29 8.85 238.495 226.898 3791.809 30.212 7.172 1331.329 -23.041 182.19 222.168 111.847 455.78 288.696 360.107 266.266 19.531 511.475 -4991.455 152.893 79.956 -933.838 13.428 -18.158 992.432 68.512 243.683 414.124 188.751 -1018.524 243.683 50.964 139.923 125.122 65.46 2516.022 2259.979 实验室 1 074
4325744 4728 2025/10/29 10:56:51 P18 0 0 0 0 0 0 0 91.4 181.885 916.29 8.24 238.037 225.983 3790.894 25.482 -51.27 1322.632 -23.193 178.375 222.626 112.152 456.39 288.544 359.65 266.266 19.073 510.559 -4992.371 155.487 78.888 -948.029 13.58 -18.921 992.889 68.512 242.767 413.666 188.599 -1020.508 243.073 51.422 137.024 131.378 64.24 2517.09 2257.385 实验室 1 074
4325745 4728 2025/10/29 10:56:52 P18 0 0 0 0 0 0 0 91.248 182.953 915.222 8.24 239.258 226.288 3789.673 24.872 -87.28 1334.534 -23.499 178.528 222.321 110.931 456.39 288.544 359.802 266.419 19.531 511.017 -4991.607 174.561 79.498 -949.707 13.275 -18.311 992.279 67.444 243.53 413.666 188.904 -1022.339 243.378 51.575 146.179 124.97 62.561 2516.174 2257.69 实验室 1 074
4325746 4728 2025/10/29 10:56:53 P18 0 0 0 0 0 0 0 90.942 182.037 915.222 8.24 239.563 225.983 3789.368 2.136 -106.201 1331.482 -23.499 180.206 222.321 111.847 456.238 288.391 359.497 266.113 19.531 511.169 -4990.692 170.288 82.55 -943.451 14.038 -18.768 992.279 67.749 243.073 413.361 188.141 -1020.813 243.225 51.117 135.956 121.002 67.596 2516.327 2259.064 实验室 1 074
4325747 4728 2025/10/29 10:56:54 P18 0 0 0 0 0 0 0 90.79 181.732 915.68 8.087 238.495 226.593 3791.504 -14.954 14.343 1334.076 -23.346 177.002 222.778 111.694 455.78 289.002 359.192 266.724 19.531 510.712 -4989.014 146.179 79.651 -939.026 13.123 -18.921 991.821 68.359 243.378 413.818 188.599 -1024.628 242.462 51.422 136.414 122.07 64.392 2516.174 2260.132 实验室 1 074
4325748 4728 2025/10/29 10:56:55 P18 0 0 0 0 0 0 0 90.942 181.885 915.527 9.308 238.19 226.135 3790.588 18.921 109.253 1328.583 -23.346 175.171 222.626 112 456.085 288.849 359.039 265.656 19.531 510.254 -4990.234 109.1 81.329 -964.508 13.58 -18.158 990.143 68.207 242.92 412.903 188.599 -1026.764 242.92 50.964 151.062 123.596 64.24 2517.7 2261.047 实验室 1 074
4325749 4728 2025/10/29 10:56:56 P18 0 0 0 0 0 0 0 91.095 181.885 915.527 8.545 238.648 226.135 3789.978 40.741 126.801 1336.67 -23.193 173.492 222.626 111.084 455.933 288.696 360.26 266.876 19.226 510.254 -4989.472 91.858 81.94 -929.26 13.428 -18.616 991.211 68.054 242.767 412.903 188.294 -1024.628 242.462 50.964 140.076 121.155 64.697 2516.174 2257.996 实验室 1 074
4325750 4728 2025/10/29 10:56:57 P18 0 0 0 0 0 0 0 90.332 182.19 915.68 8.698 238.342 225.983 3790.436 5.188 117.493 1335.754 -23.499 179.443 222.778 110.626 455.78 288.849 358.887 266.113 19.531 511.017 -4990.082 75.073 80.109 -906.372 12.97 -18.463 990.601 67.749 243.073 413.971 187.378 -1028.595 242.462 51.88 142.975 121.765 63.019 2515.869 2260.895 实验室 1 074
4325751 4728 2025/10/29 10:56:58 P18 0 0 0 0 0 0 0 90.637 182.19 914.764 8.698 238.037 226.288 3791.656 8.85 116.119 1326.141 -23.499 172.119 222.778 111.237 455.17 289.002 359.802 266.419 19.684 510.254 -4988.861 90.637 80.566 -939.179 12.817 -18.921 990.753 67.596 242.31 412.903 187.988 -1030.121 242.615 51.27 144.959 123.444 66.223 2516.785 2259.674 实验室 1 074
4325752 4728 2025/10/29 10:56:59 P18 0 0 0 0 0 0 0 90.79 181.885 914.917 9.155 238.342 226.288 3790.131 2.136 165.558 1331.482 -23.499 172.272 222.931 112.152 455.475 288.696 358.734 266.113 19.379 510.407 -4989.319 100.098 82.092 -960.846 13.428 -18.463 989.075 67.444 242.31 412.445 187.073 -1022.644 242.615 50.964 156.555 125.732 58.746 2517.09 2257.385 实验室 1 074
4325753 4728 2025/10/29 10:57:00 P18 0 0 0 0 0 0 0 91.4 182.037 914.459 8.545 237.732 226.746 3789.52 14.038 16.632 1325.989 -23.499 172.272 222.626 111.542 455.17 288.086 359.039 266.571 19.836 510.559 -4990.387 85.449 80.109 -939.331 13.428 -18.463 989.227 67.749 242.31 412.598 187.531 -1022.644 242.31 50.812 139.465 123.749 63.171 2515.564 2260.59 实验室 1 074
4325754 4728 2025/10/29 10:57:01 P18 0 0 0 0 0 0 0 90.332 182.037 914.459 9.155 237.732 226.135 3789.978 0.153 7.782 1330.109 -23.041 177.307 223.541 111.084 456.39 288.696 358.124 266.419 19.531 510.254 -4990.692 55.237 81.329 -953.674 14.038 -18.311 989.227 67.749 241.699 411.987 186.92 -1026.154 242.92 51.27 145.111 124.97 67.596 2516.632 2259.064 实验室 1 074
4325755 4728 2025/10/29 10:57:02 P18 0 0 0 0 0 0 0 90.637 181.732 914.459 9.308 237.885 225.83 3791.656 3.204 -21.057 1325.531 -23.193 171.661 222.931 110.626 455.78 289.307 358.276 266.113 19.531 511.169 -4992.523 42.419 81.635 -955.048 12.97 -18.616 988.464 67.596 242.157 412.293 186.92 -1023.407 242.462 51.27 138.855 123.138 64.24 2515.869 2259.369 实验室 1 074
4325756 4728 2025/10/29 10:57:03 P18 0 0 0 0 0 0 0 91.095 182.343 913.696 8.545 237.732 225.983 3789.825 37.079 -31.586 1330.566 -23.346 173.645 222.473 111.237 455.322 288.849 358.887 266.266 19.379 509.949 -4992.676 66.376 80.109 -951.233 13.275 -18.005 988.312 67.444 242.157 411.835 187.683 -1024.475 242.615 51.27 147.247 123.444 63.324 2516.327 2259.521 实验室 1 074
4325757 4728 2025/10/29 10:57:04 P18 0 0 0 0 0 0 0 91.095 182.19 913.696 8.545 238.037 226.746 3789.368 68.359 -34.027 1324.005 -23.346 173.035 222.168 110.626 455.475 288.544 358.887 266.876 19.531 511.322 -4991.913 67.749 80.566 -946.503 12.817 -18.921 988.77 67.749 241.852 411.835 186.462 -1026.611 242.004 51.422 142.059 121.613 62.866 2515.564 2259.521 实验室 1 074
4325758 4728 2025/10/29 10:57:05 P18 0 0 0 0 0 0 0 91.4 181.58 913.239 8.545 238.648 227.051 3789.673 4.578 30.365 1325.531 -23.346 169.983 222.626 111.542 455.17 288.239 358.429 266.419 19.073 510.407 -4990.082 52.338 78.735 -936.279 13.123 -18.158 987.549 67.596 241.242 410.767 186.92 -1025.391 242.31 50.812 148.163 121.613 66.834 2515.869 2259.064 实验室 1 074
4325759 4728 2025/10/29 10:57:06 P18 0 0 0 0 0 0 0 90.79 182.8 913.849 8.85 238.037 225.678 3791.809 26.398 56.763 1335.602 -23.499 169.373 222.626 110.321 455.475 288.544 358.887 266.419 19.226 510.559 -4989.319 40.588 79.193 -942.23 13.733 -18.768 987.091 67.749 241.394 411.53 186.768 -1023.56 242.615 51.27 146.79 122.376 67.596 2516.632 2259.064 实验室 1 074
4325760 4728 2025/10/29 10:57:07 P18 0 0 0 0 0 0 0 91.248 182.19 913.849 8.545 237.732 225.983 3791.809 35.858 69.427 1330.414 -23.041 173.34 222.015 110.321 455.17 289.154 357.666 266.266 19.531 511.017 -4989.776 61.798 79.651 -915.527 12.97 -19.226 987.091 68.054 241.089 411.377 186.92 -1030.579 242.462 51.117 141.449 120.392 62.256 2516.937 2257.69 实验室 1 074
4325761 4728 2025/10/29 10:57:08 P18 0 0 0 0 0 0 0 90.332 182.19 912.933 8.392 237.732 225.983 3790.283 -9.766 38.3 1331.787 -23.651 163.574 222.321 110.931 455.627 289.764 357.513 266.113 19.531 509.949 -4989.166 85.754 79.498 -914.154 13.275 -18.463 986.481 67.139 241.242 411.224 186.92 -1033.783 241.242 51.575 146.484 120.85 62.714 2517.09 2259.674 实验室 1 074
4325762 4728 2025/10/29 10:57:09 P18 0 0 0 0 0 0 0 90.637 182.648 912.476 8.392 238.19 225.83 3790.588 6.866 52.795 1327.057 -23.499 167.389 222.168 110.169 455.475 288.696 359.039 266.266 19.226 509.644 -4989.472 78.735 80.109 -935.669 12.97 -19.073 986.328 68.207 241.547 410.767 185.852 -1028.748 241.394 50.659 138.55 124.207 62.866 2515.564 2259.827 实验室 1 074
4325763 4728 2025/10/29 10:57:10 P18 0 0 0 0 0 0 0 90.942 181.274 912.933 9.003 238.037 225.983 3791.351 -2.136 11.749 1331.94 -23.651 167.389 222.168 110.169 455.322 288.391 357.513 265.961 19.226 510.407 -4990.082 52.032 77.209 -944.214 14.038 -18.921 985.87 67.902 241.089 410.614 186.157 -1021.729 241.394 50.507 144.959 123.138 63.019 2516.174 2258.606 实验室 1 074
4325764 4728 2025/10/29 10:57:11 P18 0 0 0 0 0 0 0 91.4 182.8 912.781 9.155 237.427 225.372 3790.894 18.768 -16.632 1331.482 -23.041 167.389 222.321 110.474 455.17 288.696 357.819 266.266 19.226 510.559 -4991.303 52.948 80.261 -941.773 13.275 -19.226 985.26 68.665 240.631 410.919 186.768 -1020.966 241.394 50.964 148.01 124.512 65.308 2516.937 2259.369 实验室 1 074
4325765 4728 2025/10/29 10:57:12 P18 0 0 0 0 0 0 0 90.637 182.8 912.17 9.308 237.885 225.067 3789.368 -3.204 2.594 1327.362 -23.193 169.373 222.168 109.863 455.017 289.154 357.513 265.961 19.684 509.949 -4991.76 59.509 80.261 -961.304 14.191 -18.768 985.26 67.139 240.631 411.53 186.157 -1017.609 241.852 50.812 132.599 126.953 64.24 2516.022 2264.099 实验室 1 074
4325766 4728 2025/10/29 10:57:13 P18 0 0 0 0 0 0 0 90.942 182.037 913.849 9.003 238.037 225.372 3789.825 30.518 53.864 1331.482 -23.346 165.558 222.473 110.474 456.085 289.002 357.361 266.419 19.379 510.254 -4992.676 68.512 80.872 -945.129 13.123 -18.768 985.107 67.902 240.784 410.309 185.394 -1022.034 241.089 51.117 146.027 121.613 57.068 2516.174 2258.759 实验室 1 074
4325767 4728 2025/10/29 10:57:14 P18 0 0 0 0 0 0 0 91.248 182.19 913.086 8.24 237.885 226.135 3791.962 18.158 25.635 1329.498 -22.888 165.558 222.931 110.321 456.238 288.544 357.819 266.266 19.989 510.101 -4991.303 59.967 78.278 -925.751 12.512 -18.921 986.023 67.444 240.784 410.004 185.7 -1029.053 240.936 51.422 132.599 123.901 64.545 2516.022 2259.674 实验室 1 074
4325768 4728 2025/10/29 10:57:15 P18 0 0 0 0 0 0 0 90.79 182.037 912.323 7.935 237.732 226.593 3790.741 54.474 -51.727 1322.784 -23.041 165.1 222.321 110.626 455.627 289.002 357.056 266.419 19.226 509.949 -4989.929 48.828 80.719 -897.98 12.97 -19.226 985.565 67.596 240.173 410.156 186.615 -1022.339 241.242 51.575 139.771 127.411 66.834 2516.937 2258.911 实验室 1 074
4325769 4728 2025/10/29 10:57:16 P18 0 0 0 0 0 0 0 90.332 182.495 912.781 8.392 238.19 226.44 3790.283 39.978 -19.531 1334.534 -23.346 160.37 222.321 109.863 455.17 288.849 357.208 266.724 19.836 509.796 -4989.472 20.599 79.651 -896.606 12.665 -18.921 984.802 66.834 240.173 409.546 185.242 -1020.508 240.936 51.575 131.073 126.19 63.324 2516.479 2260.742 实验室 1 074
4325770 4728 2025/10/29 10:57:17 P18 0 0 0 0 0 0 0 90.637 182.648 912.018 8.392 237.579 225.22 3790.436 -20.447 27.924 1331.482 -22.888 164.795 222.473 109.558 455.475 288.849 357.971 266.266 19.073 509.186 -4989.776 22.125 83.008 -908.966 12.817 -19.226 984.192 67.596 240.479 409.699 186.92 -1018.982 241.089 50.964 138.855 123.444 64.85 2516.022 2258.606 实验室 1 074
4325771 4728 2025/10/29 10:57:18 P18 0 0 0 0 0 0 0 90.79 182.19 910.797 8.545 238.19 225.983 3791.351 14.038 -37.384 1329.803 -23.346 158.844 222.473 109.558 455.017 289.002 356.751 266.724 19.226 509.186 -4989.014 22.278 81.482 -939.026 12.665 -19.073 983.429 67.139 239.868 409.699 185.089 -1022.797 241.089 51.422 137.482 123.291 62.561 2516.632 2257.996 实验室 1 074
4325772 4728 2025/10/29 10:57:19 P18 0 0 0 0 0 0 0 90.485 182.037 911.56 9.003 238.19 225.372 3791.351 -4.12 21.515 1337.433 -23.499 162.354 221.863 109.253 454.712 288.391 356.903 265.808 18.768 509.186 -4989.319 28.839 79.498 -903.626 14.038 -19.379 983.124 66.986 239.716 409.546 185.7 -1019.135 241.394 50.964 138.092 121.613 65.308 2516.327 2259.674 实验室 1 074
4325773 4728 2025/10/29 10:57:20 P18 0 0 0 0 0 0 0 90.485 181.58 911.713 8.087 237.732 225.83 3789.368 40.283 62.103 1335.449 -23.193 162.506 222.473 110.016 454.712 289.154 356.598 266.419 19.379 509.644 -4993.438 36.011 80.566 -874.176 12.817 -18.616 982.666 67.291 240.021 408.936 187.225 -1020.05 240.784 51.88 139.771 124.512 66.681 2515.717 2258.759 实验室 1 074
4325774 4728 2025/10/29 10:57:21 P18 0 0 0 0 0 0 0 90.637 181.58 911.102 8.545 238.19 225.22 3790.588 12.665 17.7 1336.365 -23.499 159.607 222.626 109.863 455.322 288.696 357.208 266.113 19.226 508.728 -4992.218 43.182 79.346 -897.827 12.97 -18.005 982.208 66.681 240.021 408.783 186.462 -1020.05 240.784 51.422 136.871 122.833 66.528 2516.174 2258.606 实验室 1 074
4325775 4728 2025/10/29 10:57:22 P18 0 0 0 0 0 0 0 90.179 181.885 911.255 9.155 238.8 225.525 3791.199 43.03 -36.774 1335.449 -23.499 162.964 222.015 109.558 455.322 288.849 356.751 267.029 19.531 509.338 -4989.014 53.864 79.651 -910.187 12.512 -18.311 982.056 66.528 239.868 408.478 186.157 -1023.56 240.173 51.88 138.397 124.512 65.155 2517.548 2259.674 实验室 1 074
4325776 4728 2025/10/29 10:57:23 P18 0 0 0 0 0 0 0 90.79 181.885 911.255 8.24 237.885 225.983 3789.978 14.496 -89.264 1336.975 -23.651 157.776 222.321 109.406 455.17 288.391 356.293 266.724 19.073 508.728 -4989.014 63.019 80.414 -905.914 13.428 -19.531 982.971 66.834 239.105 408.783 185.089 -1021.423 240.479 51.27 134.277 121.46 63.171 2517.09 2259.674 实验室 1 074
4325777 4728 2025/10/29 10:57:24 P18 0 0 0 0 0 0 0 90.637 181.885 910.645 7.935 238.19 225.525 3789.368 18.311 -162.048 1338.348 -23.499 150.604 222.626 109.711 455.627 289.002 356.14 266.724 19.684 509.186 -4988.556 89.722 82.703 -924.225 13.123 -19.073 981.445 66.834 239.258 408.63 185.7 -1028.29 240.631 51.88 135.803 122.833 63.629 2515.717 2259.369 实验室 1 074
4325778 4728 2025/10/29 10:57:25 P18 0 0 0 0 0 0 0 90.637 182.19 911.56 8.24 237.579 225.525 3791.199 -5.798 -185.7 1329.346 -23.499 155.64 222.778 108.643 454.712 289.612 356.903 266.571 18.921 509.033 -4989.776 99.487 79.498 -927.734 13.123 -18.921 980.682 66.681 239.563 408.783 185.852 -1026.154 239.868 50.964 142.67 124.207 62.714 2516.785 2258.606 实验室 1 074
4325779 4728 2025/10/29 10:57:26 P18 0 0 0 0 0 0 0 90.332 182.343 911.102 9.308 237.579 225.678 3791.809 17.242 -18.921 1324.005 -23.041 159.454 221.863 109.1 454.407 288.544 356.598 265.961 18.921 509.186 -4990.997 103.607 80.719 -922.089 13.275 -19.226 980.988 67.749 238.648 408.63 185.242 -1032.104 240.479 50.354 142.059 126.953 62.561 2516.632 2258.759 实验室 1 074
4325780 4728 2025/10/29 10:57:27 P18 0 0 0 0 0 0 0 90.485 182.19 909.729 9.155 236.969 225.372 3789.368 18.311 112.763 1328.43 -23.346 155.792 221.71 108.948 455.627 288.849 355.988 266.419 19.836 509.186 -4992.065 105.896 81.177 -918.121 12.665 -19.073 981.293 66.681 238.495 407.867 186.768 -1028.442 239.868 51.727 141.449 126.038 64.697 2515.869 2259.216 实验室 1 074
4325781 4728 2025/10/29 10:57:28 P18 0 0 0 0 0 0 0 90.637 182.343 910.034 9.003 237.274 225.067 3789.673 19.531 127.564 1326.904 -22.583 152.893 221.863 108.185 455.17 288.544 355.835 266.266 19.684 509.033 -4989.929 124.97 81.482 -894.775 12.512 -19.226 980.988 67.139 238.953 408.02 186.462 -1028.9 240.936 50.812 147.4 128.937 64.697 2515.869 2261.658 实验室 1 074
4325782 4728 2025/10/29 10:57:29 P18 0 0 0 0 0 0 0 90.79 181.885 910.492 8.698 237.427 225.372 3791.351 32.043 184.326 1329.651 -23.193 152.435 222.626 109.253 454.712 288.544 355.988 265.808 20.294 507.965 -4989.319 136.414 79.803 -903.168 13.123 -19.073 980.225 66.834 238.648 407.715 186.31 -1032.715 239.868 51.117 139.771 122.833 64.087 2516.479 2262.268 实验室 1 074
4325783 4728 2025/10/29 10:57:30 P18 0 0 0 0 0 0 0 90.332 182.19 910.034 8.392 237.579 225.525 3789.673 75.073 155.487 1327.057 -22.583 155.792 221.558 108.948 455.627 288.239 355.225 265.961 20.142 509.033 -4989.776 147.4 81.329 -902.863 12.36 -18.921 979.462 66.834 238.342 407.257 186.005 -1035.156 240.021 52.032 138.55 122.376 63.324 2516.327 2257.69 实验室 1 074
4325784 4728 2025/10/29 10:57:31 P18 0 0 0 0 0 0 0 90.332 182.495 909.576 9.155 237.274 225.22 3790.436 14.954 109.406 1327.362 -23.346 154.419 222.168 108.185 455.17 288.696 356.751 266.419 19.073 508.423 -4990.387 159.149 79.956 -908.508 13.428 -19.379 978.851 66.834 238.495 407.867 185.7 -1031.952 239.868 50.964 142.67 124.97 63.324 2515.564 2259.216 实验室 1 074
4325785 4728 2025/10/29 10:57:32 P18 0 0 0 0 0 0 0 90.637 183.106 909.271 9.766 237.274 224.609 3790.436 10.223 83.466 1334.534 -22.43 153.046 222.168 108.49 455.17 288.391 355.988 265.808 19.073 509.644 -4991.303 145.416 81.482 -882.874 12.97 -19.379 978.546 67.749 238.342 407.257 182.8 -1035.919 240.479 51.117 137.177 123.596 63.171 2515.564 2263.336 实验室 1 074
4325786 4728 2025/10/29 10:57:33 P18 0 0 0 0 0 0 0 90.332 181.885 908.966 8.545 235.748 225.678 3790.894 10.071 93.231 1337.28 -22.888 148.468 222.321 108.643 455.017 289.154 355.225 266.266 19.531 508.881 -4991.607 129.089 80.109 -904.388 13.275 -18.921 977.783 67.291 238.495 407.105 184.021 -1037.445 240.021 50.964 137.329 121.307 66.986 2517.395 2259.521 实验室 1 074
4325787 4728 2025/10/29 10:57:34 P18 0 0 0 0 0 0 0 90.79 182.19 909.882 9.308 236.511 224.915 3790.588 11.902 -13.733 1329.041 -22.888 154.114 221.558 108.032 454.865 288.849 355.835 266.113 18.921 508.881 -4989.472 131.683 80.872 -899.963 12.817 -19.379 978.394 66.681 237.579 406.647 184.631 -1038.361 240.479 50.964 144.806 122.223 63.782 2515.564 2261.963 实验室 1 074
4325788 4728 2025/10/29 10:57:35 P18 0 0 0 0 0 0 0 90.332 182.19 908.814 8.545 237.732 224.762 3789.063 26.703 -121.307 1330.261 -23.193 150.909 222.015 108.948 455.17 289.459 355.377 267.487 19.379 509.491 -4989.624 132.294 79.651 -882.874 12.817 -18.768 979.462 66.834 237.885 406.952 185.7 -1031.189 239.563 52.032 139.465 124.664 63.629 2516.174 2257.385 实验室 1 074
4325789 4728 2025/10/29 10:57:36 P18 0 0 0 0 0 0 0 90.485 182.037 909.271 9.155 237.274 224.915 3791.809 23.956 -75.073 1330.872 -23.499 151.672 222.473 108.032 455.017 288.696 356.751 266.419 18.616 508.881 -4989.472 127.106 82.245 -884.094 12.665 -19.531 977.478 67.139 238.19 406.342 184.021 -1033.478 240.173 50.201 134.888 119.934 64.697 2516.479 2260.742 实验室 1 074
4325790 4728 2025/10/29 10:57:37 P18 0 0 0 0 0 0 0 90.332 182.495 909.424 8.392 237.579 225.067 3791.046 54.169 18.005 1333.008 -23.193 148.468 222.473 107.575 454.865 289.917 355.682 267.029 19.226 509.033 -4989.624 118.256 79.193 -891.876 12.97 -18.921 977.325 66.986 238.648 406.952 183.563 -1033.325 239.41 50.964 137.634 124.207 59.509 2516.479 2260.59 实验室 1 074
4325791 4728 2025/10/29 10:57:38 P18 0 0 0 0 0 0 0 90.79 182.037 908.508 8.087 237.579 226.288 3790.131 -4.578 36.163 1320.343 -23.499 153.046 222.168 108.185 455.475 289.307 355.835 266.571 19.073 509.033 -4989.014 98.877 81.482 -880.127 12.36 -18.158 977.478 65.918 237.579 406.494 184.021 -1034.393 239.563 51.27 143.433 119.782 61.951 2517.09 2259.369 实验室 1 074
4325792 4728 2025/10/29 10:57:39 P18 0 0 0 0 0 0 0 91.095 183.258 908.508 8.24 236.969 225.83 3790.588 0.305 -53.253 1327.057 -23.346 153.046 222.168 107.575 455.475 288.849 355.53 266.571 18.921 509.796 -4990.692 56 83.313 -883.179 12.665 -18.768 977.173 66.986 237.579 406.189 183.563 -1032.562 239.868 51.117 132.141 122.376 63.782 2515.106 2258.911 实验室 1 074
4325793 4728 2025/10/29 10:57:40 P18 0 0 0 0 0 0 0 90.637 182.19 909.119 8.698 236.969 225.22 3791.199 -1.221 -100.708 1322.479 -23.499 149.841 222.168 108.337 455.322 288.849 355.53 267.181 20.142 508.118 -4992.371 32.654 78.43 -928.497 12.97 -19.379 977.783 66.528 237.427 405.884 183.868 -1035.461 239.41 51.422 139.465 122.833 59.509 2516.022 2258.759 实验室 1 074
4325794 4728 2025/10/29 10:57:41 P18 0 0 0 0 0 0 0 90.332 182.343 909.119 7.935 236.969 225.372 3791.809 56.61 -189.819 1326.141 -22.43 148.926 221.71 108.948 456.238 289.002 355.377 266.876 19.531 508.27 -4991.76 31.738 81.94 -921.936 12.512 -19.684 977.02 66.681 237.579 406.036 183.868 -1034.851 239.41 51.422 136.414 122.223 63.324 2516.785 2258.301 实验室 1 074
4325795 4728 2025/10/29 10:57:42 P18 0 0 0 0 0 0 0 90.79 182.495 908.814 8.545 236.969 225.372 3789.978 26.093 -310.364 1326.599 -23.499 149.231 222.778 107.727 455.17 289.612 355.682 266.876 19.073 508.423 -4993.591 38.452 82.245 -893.402 13.58 -19.836 975.8 66.681 237.732 406.036 183.563 -1028.9 239.563 50.812 140.839 122.833 67.139 2515.564 2255.096 实验室 1 074
4325796 4728 2025/10/29 10:57:43 P18 0 0 0 0 0 0 0 90.485 181.732 907.745 8.087 237.274 225.83 3788.91 15.259 -308.075 1334.381 -23.041 144.043 222.321 108.185 455.627 289.154 355.682 267.029 18.921 508.575 -4990.54 56.152 80.261 -907.135 12.97 -18.311 975.342 66.681 237.274 405.731 183.258 -1035.309 238.953 51.88 134.583 118.103 63.934 2515.564 2259.521 实验室 1 074
4325797 4728 2025/10/29 10:57:44 P18 0 0 0 0 0 0 0 90.79 182.037 908.508 8.24 237.122 225.525 3792.114 34.18 -157.166 1331.177 -23.193 146.637 222.321 107.88 455.933 288.544 354.614 266.571 19.989 508.728 -4989.776 49.896 82.092 -884.094 12.97 -19.379 975.8 66.528 237.274 405.579 183.411 -1027.832 239.258 51.575 142.365 119.934 62.866 2516.479 2259.064 实验室 1 074
4325798 4728 2025/10/29 10:57:45 P18 0 0 0 0 0 0 0 90.79 182.495 907.593 8.24 237.427 225.525 3789.825 44.861 -19.836 1325.684 -23.193 144.959 222.168 107.727 455.017 289.154 355.072 266.724 18.616 508.423 -4989.776 95.52 79.651 -856.476 12.817 -18.616 975.8 66.376 237.274 405.426 182.8 -1029.053 239.105 51.27 128.937 119.324 64.087 2516.785 2261.81 实验室 1 074
4325799 4728 2025/10/29 10:57:46 P18 0 0 0 0 0 0 0 90.79 182.19 909.271 8.392 236.816 224.304 3789.063 -1.373 158.081 1330.719 -22.583 145.721 221.863 108.032 455.17 288.849 355.225 266.266 19.226 508.728 -4989.929 86.06 81.482 -852.051 12.512 -19.379 975.342 66.681 237.122 405.273 182.037 -1018.982 239.41 51.27 145.874 122.07 62.714 2515.869 2259.216 实验室 1 074
4325800 4728 2025/10/29 10:57:47 P18 0 0 0 0 0 0 0 90.485 182.343 907.44 9.308 236.816 224.457 3790.894 33.569 183.258 1328.888 -22.736 149.078 222.321 107.422 454.865 288.544 355.072 266.266 19.226 509.033 -4989.472 85.754 79.346 -861.816 12.665 -19.989 974.426 66.986 236.969 405.273 184.021 -1031.647 239.41 50.659 140.533 124.054 63.477 2515.869 2258.911 实验室 1 074
4325801 4728 2025/10/29 10:57:48 P18 0 0 0 0 0 0 0 90.485 182.495 907.745 8.24 237.427 224.915 3791.962 18.921 136.108 1325.378 -22.736 142.975 222.778 107.269 454.865 290.07 355.377 266.266 18.463 508.881 -4990.234 94.147 79.041 -823.975 13.428 -19.226 974.426 66.681 237.579 405.121 182.037 -1031.647 239.258 50.964 141.602 122.223 62.561 2516.632 2258.453 实验室 1 074
4325802 4728 2025/10/29 10:57:49 P18 0 0 0 0 0 0 0 90.942 182.953 907.288 8.85 237.274 224.457 3789.978 44.556 79.041 1329.193 -23.041 145.721 221.863 107.117 454.865 288.849 355.225 266.113 19.531 508.728 -4990.997 96.588 83.466 -845.947 12.512 -19.073 973.969 67.139 236.816 404.968 183.868 -1023.56 239.716 51.117 136.871 118.256 65.46 2515.564 2259.064 实验室 1 074
4325803 4728 2025/10/29 10:57:50 P18 0 0 0 0 0 0 0 90.79 182.648 907.44 8.85 237.274 226.135 3789.825 19.531 95.52 1325.531 -23.804 140.381 222.321 107.117 454.865 289.917 354.614 267.181 18.768 508.423 -4992.371 56.763 80.414 -871.429 12.97 -19.073 974.121 66.528 236.969 404.205 182.648 -1025.848 238.495 50.812 134.277 123.596 59.967 2515.869 2259.064 实验室 1 074
4325804 4728 2025/10/29 10:57:51 P18 0 0 0 0 0 0 0 89.722 182.19 906.83 8.392 237.732 225.525 3791.199 2.289 177.155 1333.16 -23.956 141.144 222.321 106.964 455.17 289.764 354.462 266.724 19.226 509.186 -4992.065 49.591 86.823 -853.882 12.817 -19.989 973.358 66.528 236.816 404.511 183.563 -1032.104 238.648 50.507 133.667 124.054 64.392 2517.242 2259.216 实验室 1 074
4325805 4728 2025/10/29 10:57:52 P18 0 0 0 0 0 0 0 90.027 182.8 907.135 8.698 237.122 225.22 3789.52 20.142 142.212 1312.561 -23.499 140.686 222.015 107.727 455.627 289.459 355.377 266.724 18.311 508.881 -4991.455 28.992 79.041 -850.525 12.817 -19.226 973.511 65.918 236.969 404.663 182.19 -1026.306 238.953 51.27 135.651 125.427 61.34 2515.564 2254.028 实验室 1 074
4325806 4728 2025/10/29 10:57:53 P18 0 0 0 0 0 0 0 90.332 182.953 905.914 9.003 237.732 225.372 3791.199 34.485 137.177 1323.547 -23.346 143.585 222.015 107.269 455.322 289.002 354.767 266.419 19.073 508.575 -4990.234 69.427 80.414 -845.337 12.97 -19.379 972.443 66.376 236.054 405.121 183.106 -1029.51 238.8 50.812 136.719 124.207 63.477 2516.022 2256.47 实验室 1 074
4325807 4728 2025/10/29 10:57:54 P18 0 0 0 0 0 0 0 91.705 182.8 907.898 9.155 236.511 224.152 3791.351 10.986 34.485 1320.343 -22.888 141.296 222.321 106.812 455.627 288.849 354.004 266.266 19.379 509.186 -4989.319 79.803 82.092 -859.985 12.665 -19.226 974.121 66.223 236.054 403.9 182.343 -1025.391 238.495 51.117 136.414 123.291 65.46 2515.717 2258.759 实验室 1 074
4325808 4728 2025/10/29 10:57:55 P18 0 0 0 0 0 0 0 90.485 182.19 906.525 9.003 237.427 224.609 3791.504 2.747 -44.708 1318.97 -23.804 143.127 222.168 106.506 455.017 289.154 354.614 266.419 19.226 508.423 -4989.624 90.942 79.956 -878.296 13.58 -19.989 972.595 66.223 235.901 404.968 181.732 -1028.137 238.037 50.659 139.923 122.376 59.814 2516.479 2252.045 实验室 1 074
4325809 4728 2025/10/29 10:57:56 P18 0 0 0 0 0 0 0 90.942 182.648 905.914 8.392 237.122 225.983 3790.588 -25.33 -35.095 1325.836 -23.499 139.313 222.015 106.964 455.017 289.764 354.157 266.571 19.073 508.575 -4989.776 82.245 79.651 -868.378 12.665 -18.768 971.832 66.071 236.359 404.205 180.359 -1033.63 238.8 51.422 137.177 121.46 61.188 2516.479 2257.385 实验室 1 074
4325810 4728 2025/10/29 10:57:57 P18 0 0 0 0 0 0 0 90.942 182.19 907.593 8.24 236.664 225.372 3789.978 42.725 6.714 1320.953 -23.651 142.212 222.015 106.506 455.475 288.391 354.309 266.266 18.311 508.881 -4989.319 78.735 80.719 -893.555 13.123 -19.531 971.832 66.223 236.054 403.748 180.664 -1027.985 238.495 50.507 135.956 123.138 64.24 2515.869 2260.284 实验室 1 074
4325811 4728 2025/10/29 10:57:58 P18 0 0 0 0 0 0 0 90.332 183.411 906.22 8.087 236.664 224.762 3791.809 27.618 40.283 1323.547 -23.346 140.839 221.71 106.659 455.322 289.002 354.614 266.419 20.142 508.575 -4989.624 108.49 78.888 -855.866 12.817 -18.921 971.68 66.681 235.901 403.595 181.427 -1036.987 238.342 51.422 133.82 121.46 63.019 2516.937 2261.353 实验室 1 074
4325812 4728 2025/10/29 10:57:59 P18 0 0 0 0 0 0 0 91.095 182.8 905.762 8.698 236.816 224.457 3790.436 42.725 6.104 1318.359 -22.736 137.482 222.778 107.117 455.017 288.849 353.241 266.571 18.768 509.186 -4990.692 110.169 80.566 -868.835 12.36 -19.226 970.764 66.071 235.596 403.595 180.206 -1031.952 238.953 50.812 128.326 120.239 64.545 2516.632 2258.911 实验室 1 074
4325813 4728 2025/10/29 10:58:00 P18 0 0 0 0 0 0 0 90.485 182.19 905.914 8.545 238.342 223.846 3789.52 9.003 -51.27 1322.937 -23.499 138.245 222.931 106.201 455.78 289.459 354.614 266.113 18.921 508.423 -4992.065 116.119 79.956 -907.745 12.817 -19.684 971.069 66.223 235.901 403.748 182.037 -1031.647 238.495 50.659 132.599 121.46 63.782 2515.411 2257.996 实验室 1 074
4325814 4728 2025/10/29 10:58:01 P18 0 0 0 0 0 0 0 90.942 182.495 906.525 9.155 236.816 224.762 3789.978 13.58 -57.526 1323.395 -23.041 134.277 222.168 106.506 454.559 289.002 354.309 267.181 19.073 508.728 -4992.981 91.4 81.482 -910.339 13.123 -19.836 970.917 66.223 236.206 403.29 182.648 -1032.104 238.495 50.659 137.634 121.918 64.087 2515.259 2254.181 实验室 1 074
4325815 4728 2025/10/29 10:58:02 P18 0 0 0 0 0 0 0 90.179 182.953 906.22 7.782 236.511 224.915 3791.351 -0.763 -82.245 1322.174 -22.736 139.465 222.931 106.201 454.865 289.154 354.157 267.029 18.768 508.118 -4991.455 94.91 81.329 -892.944 13.123 -19.531 970.612 65.46 235.443 402.985 181.122 -1036.987 238.8 50.964 140.533 122.223 65.002 2516.632 2259.369 实验室 1 074
4325816 4728 2025/10/29 10:58:03 P18 0 0 0 0 0 0 0 90.637 182.343 905.914 8.24 236.664 225.067 3789.825 12.36 -53.711 1312.561 -23.346 135.04 222.015 106.354 455.322 288.391 354.767 266.571 19.531 508.423 -4989.929 93.384 81.94 -874.939 13.275 -19.989 972.748 66.376 235.443 403.29 180.359 -1031.036 238.342 50.354 130.463 122.681 63.171 2517.09 2255.402 实验室 1 074
4325817 4728 2025/10/29 10:58:04 P18 0 0 0 0 0 0 0 90.637 182.8 905.762 7.935 237.885 224.609 3789.825 35.858 -63.629 1316.376 -23.193 134.125 221.558 106.659 455.17 288.391 354.309 267.181 18.921 509.186 -4989.776 76.294 82.092 -879.822 12.665 -19.989 970.459 65.765 235.748 403.442 180.664 -1026.459 237.885 50.659 137.634 120.239 65.46 2515.564 2257.08 实验室 1 074
4325818 4728 2025/10/29 10:58:05 P18 0 0 0 0 0 0 0 90.79 182.495 905.151 8.24 236.664 224.457 3790.588 6.256 -51.27 1323.7 -23.041 136.871 221.863 107.117 455.017 288.849 354.309 266.724 19.989 508.118 -4989.776 84.534 81.94 -876.007 12.512 -19.836 970.154 65.918 234.985 402.222 179.901 -1026.459 237.885 50.812 133.209 121.155 62.408 2516.632 2259.216 实验室 1 074
4325819 4728 2025/10/29 10:58:06 P18 0 0 0 0 0 0 0 90.942 182.343 905.609 8.24 236.359 224.304 3790.741 1.526 97.656 1316.376 -22.736 135.04 222.168 105.743 455.017 288.544 353.241 266.876 18.463 508.728 -4990.234 96.13 80.261 -870.361 12.36 -19.379 969.086 65.308 234.985 402.222 180.054 -1029.968 237.885 50.812 138.702 121.765 59.814 2517.09 2256.775 实验室 1 074
4325820 4728 2025/10/29 10:58:07 P18 0 0 0 0 0 0 0 92.011 182.495 905.762 7.782 236.969 224.304 3789.825 -3.357 62.561 1323.242 -22.736 136.719 222.778 106.506 455.017 289.154 353.088 266.419 18.768 509.033 -4989.624 142.365 80.566 -859.985 12.207 -19.989 969.238 65.46 234.985 402.527 180.664 -1028.595 237.885 50.812 129.7 121.765 62.256 2515.869 2259.216 实验室 1 074
4325821 4728 2025/10/29 10:58:08 P18 0 0 0 0 0 0 0 91.095 182.8 905.762 8.698 236.664 225.067 3789.825 22.278 -0.763 1324.768 -22.278 135.651 221.863 106.049 455.017 289.459 352.936 267.639 19.226 508.27 -4989.776 161.285 82.245 -868.225 12.97 -19.379 969.544 65.765 234.68 402.374 180.664 -1023.712 238.037 50.659 135.498 122.376 65.46 2515.869 2258.911 实验室 1 074
4325822 4728 2025/10/29 10:58:09 P18 0 0 0 0 0 0 0 90.485 182.648 905.762 8.545 235.596 224.762 3791.504 18.311 -45.166 1327.057 -22.583 134.735 222.321 105.896 454.865 289.459 353.241 267.334 18.921 508.728 -4990.845 165.253 80.719 -866.394 12.817 -19.073 968.628 65.613 234.375 402.222 179.596 -1024.78 238.037 50.964 137.482 122.833 55.847 2516.632 2258.453 实验室 1 074
4325823 4728 2025/10/29 10:58:10 P18 0 0 0 0 0 0 0 90.79 183.106 903.931 8.24 236.511 223.999 3789.825 14.038 -110.474 1322.327 -23.499 137.024 221.71 106.201 455.17 288.849 352.936 266.571 19.531 508.423 -4990.997 108.032 83.008 -873.261 12.97 -18.921 968.17 65.765 234.375 401.611 179.901 -1023.56 237.274 51.27 136.261 121.918 61.646 2516.785 2261.505 实验室 1 074
4325824 4728 2025/10/29 10:58:11 P18 0 0 0 0 0 0 0 90.485 182.648 904.846 8.545 236.206 225.067 3790.741 25.787 -121.155 1323.547 -23.499 136.108 221.71 106.659 455.78 288.544 353.546 266.724 18.616 508.118 -4990.997 88.043 80.719 -872.955 12.665 -19.836 968.323 65.613 234.375 401.917 180.664 -1030.273 237.579 50.507 139.618 122.986 63.629 2516.632 2258.759 实验室 1 074
4325825 4728 2025/10/29 10:58:12 P18 0 0 0 0 0 0 0 90.637 182.8 904.541 8.24 236.664 223.846 3791.046 15.259 -81.024 1327.057 -23.499 135.498 221.863 106.049 454.865 289.154 353.699 266.571 19.073 508.118 -4989.319 96.436 80.719 -864.258 12.817 -19.226 967.56 65.918 234.07 401.917 180.512 -1033.63 237.427 50.507 129.7 120.85 63.934 2516.785 2262.421 实验室 1 074
4325826 4728 2025/10/29 10:58:13 P18 0 0 0 0 0 0 0 90.942 182.648 903.931 8.392 236.359 224.457 3789.368 -7.629 -73.242 1304.779 -23.193 135.803 221.71 106.354 455.475 288.849 353.851 266.571 19.226 507.965 -4989.319 105.743 82.245 -872.345 12.512 -19.989 968.323 65.46 234.68 401.459 180.969 -1027.679 237.427 50.964 139.16 120.239 64.087 2515.259 2259.521 实验室 1 074
4325827 4728 2025/10/29 10:58:14 P18 0 0 0 0 0 0 0 91.4 182.953 905.151 8.545 236.969 224.152 3790.283 -21.667 -43.335 1325.836 -22.736 131.226 222.473 106.049 454.865 289.459 352.936 266.571 19.379 508.575 -4989.624 113.525 81.177 -861.816 12.97 -19.684 968.018 66.223 234.833 401.611 178.833 -1033.325 237.122 50.659 138.397 118.256 62.866 2515.869 2258.606 实验室 1 074
4325828 4728 2025/10/29 10:58:15 P18 0 0 0 0 0 0 0 90.79 182.648 904.541 8.545 236.511 224.762 3790.894 58.289 -79.346 1320.19 -22.583 131.836 222.321 105.438 454.712 289.459 353.699 267.334 19.073 507.965 -4989.929 93.231 79.651 -842.133 13.123 -19.989 967.255 65.765 234.528 401.001 180.817 -1029.816 237.885 50.812 138.55 117.493 67.596 2516.632 2258.606 实验室 1 074
4325829 4728 2025/10/29 10:58:16 P18 0 0 0 0 0 0 0 90.332 184.326 904.846 9.308 236.206 224.609 3791.046 22.888 -40.894 1317.291 -23.041 133.82 221.71 106.049 454.712 288.849 352.936 266.419 19.226 508.27 -4992.523 72.937 80.719 -851.135 12.207 -19.684 966.797 66.223 234.07 401.611 181.274 -1028.595 237.122 51.27 134.43 119.934 65.308 2516.327 2259.216 实验室 1 074
