4183341 4602 2025/9/4 19:50:44 P13 36.69 63.47 0 37.37 14.73 922.59 916.01 84.839 193.939 995.789 -483.551 234.07 1852.264 -3039.398 -414.276 -1259.308 -769.348 -2051.697 -1353.912 -658.264 44.098 573.883 437.775 450.592 170.898 -115.509 307.922 -2722.778 9.766 -1588.745 -891.419 -2390.137 -1701.66 -1006.165 -304.871 466.614 422.058 -2274.323 -92.011 390.32 39.215 -1948.395 267.029 -20.599 -383.606 2217.712 2025 河北 晒干 一等 074
4183342 4602 2025/9/4 19:50:45 P13 36.72 63.57 0 37.26 14.65 922.59 916.01 86.67 201.263 1001.587 -1042.175 -658.722 -5000 -4774.17 -492.706 -1245.728 -818.329 -2557.068 -1461.334 -654.755 67.444 596.008 436.859 438.08 98.267 -825.958 291.596 -4808.35 28.229 -1550.903 -908.966 -5000 -1840.21 -1023.102 -312.195 476.074 432.129 -2100.983 -31.586 399.017 38.605 -1833.191 255.127 -3.815 -296.021 2227.02 2025 河北 晒干 一等 074
4183343 4602 2025/9/4 19:50:46 P13 36.8 63.52 0 37.37 14.88 914.42 928.06 86.67 201.263 1001.587 -1042.175 -658.722 -5000 -4774.17 -492.706 -1245.728 -818.329 -2557.068 -1461.334 -654.755 67.444 596.008 436.859 438.08 98.267 -825.958 291.596 -4808.35 28.229 -1550.903 -908.966 -5000 -1840.21 -1023.102 -312.195 476.074 432.129 -2100.983 -31.586 399.017 38.605 -1833.191 255.127 -3.815 -296.021 2227.02 2025 河北 晒干 一等 074
4183344 4602 2025/9/4 19:50:47 P13 36.72 63.67 0 37.71 14.97 937.54 921.44 86.823 201.721 1002.96 -452.423 267.334 1860.962 -3040.619 -429.382 -1253.662 -786.438 -2048.34 -1347.351 -647.278 58.289 595.245 434.876 424.805 173.187 -82.397 322.876 -2721.863 -1.984 -1582.336 -878.601 -2388.611 -1699.524 -997.162 -292.206 475.769 433.807 -2266.541 -106.506 399.17 37.231 -1940.765 252.991 -19.989 -385.284 2227.783 2025 河北 晒干 一等 074
4183345 4602 2025/9/4 19:50:48 P13 36.79 63.52 0 37.64 15.01 940.48 939.75 86.823 201.721 1002.96 -452.423 267.334 1860.962 -3040.619 -429.382 -1253.662 -786.438 -2048.34 -1347.351 -647.278 58.289 595.245 434.876 424.805 173.187 -82.397 322.876 -2721.863 -1.984 -1582.336 -878.601 -2388.611 -1699.524 -997.162 -292.206 475.769 433.807 -2266.541 -106.506 399.17 37.231 -1940.765 252.991 -19.989 -385.284 2227.783 2025 河北 晒干 一等 074
4183346 4602 2025/9/4 19:50:49 P13 36.8 63.74 0 37.89 14.87 941.59 940.99 86.517 201.721 1004.486 -460.51 263.519 1859.283 -3043.823 -411.224 -1234.894 -770.874 -2055.206 -1353.455 -648.499 60.73 596.161 431.824 422.363 172.424 -89.264 323.181 -2727.051 18.005 -1567.535 -864.563 -2391.663 -1705.78 -1003.265 -291.29 477.6 436.554 -2251.74 -106.964 400.238 36.926 -1925.659 252.533 -20.905 -384.369 2227.478 2025 河北 晒干 一等 074
4183347 4602 2025/9/4 19:50:50 P13 36.77 63.74 0 37.97 14.78 942.03 941.57 86.517 201.721 1004.486 -460.51 263.519 1859.283 -3043.823 -411.224 -1234.894 -770.874 -2055.206 -1353.455 -648.499 60.73 596.161 431.824 422.363 172.424 -89.264 323.181 -2727.051 18.005 -1567.535 -864.563 -2391.663 -1705.78 -1003.265 -291.29 477.6 436.554 -2251.74 -106.964 400.238 36.926 -1925.659 252.533 -20.905 -384.369 2227.478 2025 河北 晒干 一等 074
4183348 4602 2025/9/4 19:50:51 P13 36.73 63.81 0 37.96 15.05 942.22 941.76 86.517 201.721 1004.486 -460.51 263.519 1859.283 -3043.823 -411.224 -1234.894 -770.874 -2055.206 -1353.455 -648.499 60.73 596.161 431.824 422.363 172.424 -89.264 323.181 -2727.051 18.005 -1567.535 -864.563 -2391.663 -1705.78 -1003.265 -291.29 477.6 436.554 -2251.74 -106.964 400.238 36.926 -1925.659 252.533 -20.905 -384.369 2227.478 2025 河北 晒干 一等 074
4183349 4602 2025/9/4 19:50:52 P13 36.73 63.73 0 37.96 14.86 942.3 941.86 86.517 201.721 1006.317 -459.747 263.062 1858.826 -3059.998 -422.363 -1227.112 -783.081 -2068.787 -1365.662 -656.433 58.594 595.245 431.671 422.669 172.272 -89.417 321.503 -2742.615 8.85 -1561.279 -849.915 -2409.973 -1717.682 -1010.742 -296.783 478.668 438.995 -2246.552 -109.711 401.001 36.621 -1921.082 249.329 -20.905 -385.59 2224.731 2025 河北 晒干 一等 074
4183350 4602 2025/9/4 19:50:53 P13 36.77 63.75 0 38.06 15.04 942.31 941.9 86.517 201.721 1006.317 -459.747 263.062 1858.826 -3059.998 -422.363 -1227.112 -783.081 -2068.787 -1365.662 -656.433 58.594 595.245 431.671 422.669 172.272 -89.417 321.503 -2742.615 8.85 -1561.279 -849.915 -2409.973 -1717.682 -1010.742 -296.783 478.668 438.995 -2246.552 -109.711 401.001 36.621 -1921.082 249.329 -20.905 -385.59 2224.731 2025 河北 晒干 一等 074
4183351 4602 2025/9/4 19:50:54 P13 36.77 63.85 0 37.99 14.98 942.33 941.89 84.229 199.89 1001.129 -476.532 246.887 1862.03 -3061.371 -512.39 -1171.57 -874.176 -2069.55 -1366.577 -655.823 58.899 592.651 423.889 415.955 169.678 -104.675 319.519 -2743.225 -82.092 -1506.958 -798.187 -2410.278 -1720.581 -1009.521 -297.394 473.633 440.674 -2193.298 -110.169 400.391 35.706 -1866.913 249.023 -20.142 -384.064 2229.156 2025 河北 晒干 一等 074
4183352 4602 2025/9/4 19:50:55 P13 36.77 63.8 0 38.09 15 942.34 941.93 84.229 199.89 1001.129 -476.532 246.887 1862.03 -3061.371 -512.39 -1171.57 -874.176 -2069.55 -1366.577 -655.823 58.899 592.651 423.889 415.955 169.678 -104.675 319.519 -2743.225 -82.092 -1506.958 -798.187 -2410.278 -1720.581 -1009.521 -297.394 473.633 440.674 -2193.298 -110.169 400.391 35.706 -1866.913 249.023 -20.142 -384.064 2229.156 2025 河北 晒干 一等 074
4183353 4602 2025/9/4 19:50:56 P13 36.76 63.82 0 38.05 14.8 942.32 941.91 85.602 202.637 1005.249 -469.36 250.549 1863.251 -3034.058 -439.606 -1124.573 -796.356 -2041.473 -1342.926 -642.7 67.291 592.957 429.535 421.143 171.967 -99.64 319.367 -2714.081 -8.85 -1456.909 -751.343 -2380.829 -1692.81 -993.347 -287.17 485.23 447.54 -2142.944 -114.441 405.731 36.469 -1817.169 244.904 -21.667 -384.674 2230.682 2025 河北 晒干 一等 074
4183354 4602 2025/9/4 19:50:57 P13 36.84 63.87 0 38.1 14.85 942.33 941.89 85.602 202.637 1005.249 -469.36 250.549 1863.251 -3034.058 -439.606 -1124.573 -796.356 -2041.473 -1342.926 -642.7 67.291 592.957 429.535 421.143 171.967 -99.64 319.367 -2714.081 -8.85 -1456.909 -751.343 -2380.829 -1692.81 -993.347 -287.17 485.23 447.54 -2142.944 -114.441 405.731 36.469 -1817.169 244.904 -21.667 -384.674 2230.682 2025 河北 晒干 一等 074
4183355 4602 2025/9/4 19:50:58 P13 36.8 63.9 0 37.99 14.68 942.34 941.9 87.891 202.332 1006.775 -464.172 256.043 1859.894 -3030.548 -422.974 -1209.259 -779.266 -2037.506 -1339.417 -637.207 71.716 593.262 431.824 429.688 173.95 -95.215 320.74 -2710.876 3.51 -1538.696 -841.217 -2376.862 -1690.521 -989.075 -279.999 496.216 448.456 -2227.02 -111.542 408.325 39.368 -1899.109 247.955 -21.057 -382.233 2225.647 2025 河北 晒干 一等 074
4183356 4602 2025/9/4 19:50:59 P13 36.83 63.99 0 38.04 14.9 942.34 941.9 87.891 202.332 1006.775 -464.172 256.043 1859.894 -3030.548 -422.974 -1209.259 -779.266 -2037.506 -1339.417 -637.207 71.716 593.262 431.824 429.688 173.95 -95.215 320.74 -2710.876 3.51 -1538.696 -841.217 -2376.862 -1690.521 -989.075 -279.999 496.216 448.456 -2227.02 -111.542 408.325 39.368 -1899.109 247.955 -21.057 -382.233 2225.647 2025 河北 晒干 一等 074
4183357 4602 2025/9/4 19:51:00 P13 36.73 63.98 0 38.11 14.76 942.32 941.9 87.891 202.332 1006.775 -464.172 256.043 1859.894 -3030.548 -422.974 -1209.259 -779.266 -2037.506 -1339.417 -637.207 71.716 593.262 431.824 429.688 173.95 -95.215 320.74 -2710.876 3.51 -1538.696 -841.217 -2376.862 -1690.521 -989.075 -279.999 496.216 448.456 -2227.02 -111.542 408.325 39.368 -1899.109 247.955 -21.057 -382.233 2225.647 2025 河北 晒干 一等 074
4183358 4602 2025/9/4 19:51:01 P13 36.8 64.03 0 37.96 14.92 942.33 941.9 87.128 202.789 1007.69 -472.412 251.923 1860.809 -3037.109 -412.75 -1275.787 -771.637 -2049.561 -1352.386 -647.278 66.376 592.804 432.892 437.622 173.798 -103.149 321.045 -2719.574 19.684 -1607.971 -905.151 -2388 -1701.66 -1000.214 -288.696 498.657 447.54 -2290.649 -110.169 410.004 39.825 -1966.248 248.871 -21.057 -386.2 2230.225 2025 河北 晒干 一等 074
4183359 4602 2025/9/4 19:51:02 P13 36.72 64.09 0 38.05 14.71 942.31 941.9 87.128 202.789 1007.69 -472.412 251.923 1860.809 -3037.109 -412.75 -1275.787 -771.637 -2049.561 -1352.386 -647.278 66.376 592.804 432.892 437.622 173.798 -103.149 321.045 -2719.574 19.684 -1607.971 -905.151 -2388 -1701.66 -1000.214 -288.696 498.657 447.54 -2290.649 -110.169 410.004 39.825 -1966.248 248.871 -21.057 -386.2 2230.225 2025 河北 晒干 一等 074
4183360 4602 2025/9/4 19:51:03 P13 36.79 63.98 0 37.91 14.71 942.3 941.92 86.67 202.179 1009.674 -467.682 257.263 1858.215 -3038.483 -417.023 -1268.005 -777.435 -2049.408 -1352.234 -646.515 65.918 593.872 433.35 442.505 173.492 -97.046 320.435 -2720.642 8.392 -1601.868 -892.334 -2389.221 -1701.355 -998.077 -289.764 497.437 446.625 -2284.698 -107.422 410.461 40.283 -1959.991 251.77 -21.973 -386.353 2231.903 2025 河北 晒干 一等 074
4183361 4602 2025/9/4 19:51:04 P13 36.8 64.15 0 38.05 14.71 942.33 941.92 86.67 202.179 1009.674 -467.682 257.263 1858.215 -3038.483 -417.023 -1268.005 -777.435 -2049.408 -1352.234 -646.515 65.918 593.872 433.35 442.505 173.492 -97.046 320.435 -2720.642 8.392 -1601.868 -892.334 -2389.221 -1701.355 -998.077 -289.764 497.437 446.625 -2284.698 -107.422 410.461 40.283 -1959.991 251.77 -21.973 -386.353 2231.903 2025 河北 晒干 一等 074
4183362 4602 2025/9/4 19:51:05 P13 36.74 64.19 0 38.08 14.96 942.31 941.89 86.365 202.179 1008.606 -450.592 268.86 1853.638 -3031.158 -417.938 -1248.169 -773.315 -2036.285 -1336.975 -638.428 68.054 592.651 434.418 447.083 174.255 -80.566 319.824 -2711.639 10.986 -1581.421 -880.432 -2377.167 -1686.554 -987.549 -283.203 495.911 445.862 -2265.93 -109.1 410.614 40.436 -1939.85 250.397 -23.499 -384.674 2226.257 2025 河北 晒干 一等 074
4183363 4602 2025/9/4 19:51:06 P13 36.74 64.11 0 38.08 14.66 942.32 941.9 86.365 202.179 1008.606 -450.592 268.86 1853.638 -3031.158 -417.938 -1248.169 -773.315 -2036.285 -1336.975 -638.428 68.054 592.651 434.418 447.083 174.255 -80.566 319.824 -2711.639 10.986 -1581.421 -880.432 -2377.167 -1686.554 -987.549 -283.203 495.911 445.862 -2265.93 -109.1 410.614 40.436 -1939.85 250.397 -23.499 -384.674 2226.257 2025 河北 晒干 一等 074
4183364 4602 2025/9/4 19:51:07 P13 36.72 64.05 0 38.07 14.73 942.3 941.89 86.365 202.179 1008.606 -450.592 268.86 1853.638 -3031.158 -417.938 -1248.169 -773.315 -2036.285 -1336.975 -638.428 68.054 592.651 434.418 447.083 174.255 -80.566 319.824 -2711.639 10.986 -1581.421 -880.432 -2377.167 -1686.554 -987.549 -283.203 495.911 445.862 -2265.93 -109.1 410.614 40.436 -1939.85 250.397 -23.499 -384.674 2226.257 2025 河北 晒干 一等 074
4183365 4602 2025/9/4 19:51:08 P13 36.73 64.09 0 38.11 14.91 942.31 941.89 85.907 201.569 1008.148 -462.341 256.195 1860.352 -3018.494 -411.072 -1248.322 -766.602 -2030.334 -1335.449 -635.529 68.512 591.583 432.587 446.014 172.577 -94.147 320.74 -2700.958 17.853 -1577.301 -884.705 -2368.774 -1683.807 -985.565 -280.457 491.638 443.726 -2262.421 -107.117 408.783 40.131 -1935.883 251.16 -21.057 -382.843 2235.26 2025 河北 晒干 一等 074
4183366 4602 2025/9/4 19:51:09 P13 36.77 64.21 0 38.02 14.71 942.32 941.92 85.907 201.569 1008.148 -462.341 256.195 1860.352 -3018.494 -411.072 -1248.322 -766.602 -2030.334 -1335.449 -635.529 68.512 591.583 432.587 446.014 172.577 -94.147 320.74 -2700.958 17.853 -1577.301 -884.705 -2368.774 -1683.807 -985.565 -280.457 491.638 443.726 -2262.421 -107.117 408.783 40.131 -1935.883 251.16 -21.057 -382.843 2235.26 2025 河北 晒干 一等 074
4183367 4602 2025/9/4 19:51:10 P13 36.79 64.21 0 38.11 14.84 942.34 941.9 86.365 202.179 1008.301 -464.783 258.026 1855.011 -3056.03 -424.194 -1245.117 -781.403 -2058.563 -1354.675 -649.567 62.561 592.804 434.876 449.524 172.73 -95.52 319.214 -2737.579 5.951 -1574.707 -871.429 -2401.733 -1708.832 -1002.502 -292.358 491.028 443.573 -2261.505 -106.506 408.783 40.283 -1934.204 252.991 -21.21 -383.911 2228.546 2025 河北 晒干 一等 074
4183368 4602 2025/9/4 19:51:11 P13 36.76 64.18 0 38.22 14.78 942.3 941.91 86.365 202.179 1008.301 -464.783 258.026 1855.011 -3056.03 -424.194 -1245.117 -781.403 -2058.563 -1354.675 -649.567 62.561 592.804 434.876 449.524 172.73 -95.52 319.214 -2737.579 5.951 -1574.707 -871.429 -2401.733 -1708.832 -1002.502 -292.358 491.028 443.573 -2261.505 -106.506 408.783 40.283 -1934.204 252.991 -21.21 -383.911 2228.546 2025 河北 晒干 一等 074
4183369 4602 2025/9/4 19:51:12 P13 36.77 64.28 0 38.22 14.65 942.31 941.89 86.67 202.789 1009.979 -450.745 273.132 1853.79 -3020.935 -414.124 -1213.531 -772.4 -2033.539 -1339.111 -640.564 64.24 594.788 434.876 450.134 173.492 -80.414 323.029 -2702.332 7.172 -1545.105 -851.593 -2371.216 -1686.859 -990.906 -285.645 489.502 443.878 -2232.971 -113.22 408.478 41.046 -1906.128 247.498 -21.057 -390.625 2226.257 2025 河北 晒干 一等 074
4183370 4602 2025/9/4 19:51:13 P13 36.81 64.26 0 38 14.63 942.31 941.89 86.67 202.789 1009.979 -450.745 273.132 1853.79 -3020.935 -414.124 -1213.531 -772.4 -2033.539 -1339.111 -640.564 64.24 594.788 434.876 450.134 173.492 -80.414 323.029 -2702.332 7.172 -1545.105 -851.593 -2371.216 -1686.859 -990.906 -285.645 489.502 443.878 -2232.971 -113.22 408.478 41.046 -1906.128 247.498 -21.057 -390.625 2226.257 2025 河北 晒干 一等 074
4183371 4602 2025/9/4 19:51:14 P13 36.73 64.25 0 38.1 14.9 942.32 941.9 86.67 202.789 1009.979 -450.745 273.132 1853.79 -3020.935 -414.124 -1213.531 -772.4 -2033.539 -1339.111 -640.564 64.24 594.788 434.876 450.134 173.492 -80.414 323.029 -2702.332 7.172 -1545.105 -851.593 -2371.216 -1686.859 -990.906 -285.645 489.502 443.878 -2232.971 -113.22 408.478 41.046 -1906.128 247.498 -21.057 -390.625 2226.257 2025 河北 晒干 一等 074
4183372 4602 2025/9/4 19:51:15 P13 36.69 64.28 0 38.1 14.71 942.33 941.89 86.67 202.637 1009.827 -462.494 254.364 1863.251 -3034.058 -423.431 -1221.008 -780.792 -2040.71 -1343.384 -643.463 65.918 594.482 434.723 447.998 174.103 -94.452 321.045 -2714.844 5.035 -1553.65 -851.44 -2380.829 -1693.115 -993.958 -286.56 487.976 442.963 -2237.549 -107.88 407.562 40.894 -1911.774 252.38 -22.125 -384.827 2226.105 2025 河北 晒干 一等 074
4183373 4602 2025/9/4 19:51:16 P13 36.73 64.29 0 38.03 14.77 942.3 941.91 86.67 202.637 1009.827 -462.494 254.364 1863.251 -3034.058 -423.431 -1221.008 -780.792 -2040.71 -1343.384 -643.463 65.918 594.482 434.723 447.998 174.103 -94.452 321.045 -2714.844 5.035 -1553.65 -851.44 -2380.829 -1693.115 -993.958 -286.56 487.976 442.963 -2237.549 -107.88 407.562 40.894 -1911.774 252.38 -22.125 -384.827 2226.105 2025 河北 晒干 一等 074
4183374 4602 2025/9/4 19:51:17 P13 36.74 64.33 0 37.98 14.85 942.32 941.9 85.907 202.026 1008.911 -453.339 271.606 1850.739 -3030.09 -415.192 -1219.94 -771.942 -2039.948 -1345.673 -645.752 62.866 590.668 433.35 448.914 173.34 -82.55 320.435 -2711.945 14.648 -1551.666 -851.135 -2379.15 -1693.42 -995.483 -289.917 485.84 441.895 -2236.176 -106.812 407.562 39.978 -1910.248 252.533 -19.531 -386.658 2227.478 2025 河北 晒干 一等 074
4183375 4602 2025/9/4 19:51:18 P13 36.73 64.25 0 37.98 14.7 942.33 941.87 85.907 202.026 1008.911 -453.339 271.606 1850.739 -3030.09 -415.192 -1219.94 -771.942 -2039.948 -1345.673 -645.752 62.866 590.668 433.35 448.914 173.34 -82.55 320.435 -2711.945 14.648 -1551.666 -851.135 -2379.15 -1693.42 -995.483 -289.917 485.84 441.895 -2236.176 -106.812 407.562 39.978 -1910.248 252.533 -19.531 -386.658 2227.478 2025 河北 晒干 一等 074
4183376 4602 2025/9/4 19:51:19 P13 36.72 64.45 0 38.23 14.77 942.33 941.88 86.67 202.789 1009.521 -469.36 252.991 1861.877 -3038.94 -410.919 -1232.147 -771.637 -2053.223 -1351.776 -647.736 61.035 592.346 436.249 448.151 172.73 -98.877 321.198 -2722.473 18.768 -1564.331 -856.171 -2391.052 -1702.423 -999.756 -292.053 485.23 441.437 -2248.993 -102.234 406.036 40.894 -1923.676 258.637 -24.567 -384.979 2229.004 2025 河北 晒干 一等 074
4183377 4602 2025/9/4 19:51:20 P13 36.72 64.45 0 38.23 14.69 942.33 941.9 86.67 202.789 1009.521 -469.36 252.991 1861.877 -3038.94 -410.919 -1232.147 -771.637 -2053.223 -1351.776 -647.736 61.035 592.346 436.249 448.151 172.73 -98.877 321.198 -2722.473 18.768 -1564.331 -856.171 -2391.052 -1702.423 -999.756 -292.053 485.23 441.437 -2248.993 -102.234 406.036 40.894 -1923.676 258.637 -24.567 -384.979 2229.004 2025 河北 晒干 一等 074
4183378 4602 2025/9/4 19:51:21 P13 36.76 64.32 0 38.06 14.6 942.34 941.91 86.06 203.857 1011.047 -465.241 253.906 1861.42 -3055.573 -436.401 -1237.946 -797.73 -2062.225 -1360.626 -655.975 58.441 594.33 436.401 446.625 172.73 -97.809 322.113 -2736.511 -4.425 -1573.029 -857.697 -2403.412 -1712.799 -1007.69 -296.936 484.467 442.658 -2256.165 -102.692 406.952 40.131 -1930.695 256.5 -20.294 -386.2 2227.478 2025 河北 晒干 一等 074
4183379 4602 2025/9/4 19:51:22 P13 36.8 64.38 0 37.99 14.69 942.3 941.91 86.06 203.857 1011.047 -465.241 253.906 1861.42 -3055.573 -436.401 -1237.946 -797.73 -2062.225 -1360.626 -655.975 58.441 594.33 436.401 446.625 172.73 -97.809 322.113 -2736.511 -4.425 -1573.029 -857.697 -2403.412 -1712.799 -1007.69 -296.936 484.467 442.658 -2256.165 -102.692 406.952 40.131 -1930.695 256.5 -20.294 -386.2 2227.478 2025 河北 晒干 一等 074
4183380 4602 2025/9/4 19:51:23 P13 36.76 64.5 0 37.97 14.58 942.33 941.89 86.06 203.857 1011.047 -465.241 253.906 1861.42 -3055.573 -436.401 -1237.946 -797.73 -2062.225 -1360.626 -655.975 58.441 594.33 436.401 446.625 172.73 -97.809 322.113 -2736.511 -4.425 -1573.029 -857.697 -2403.412 -1712.799 -1007.69 -296.936 484.467 442.658 -2256.165 -102.692 406.952 40.131 -1930.695 256.5 -20.294 -386.2 2227.478 2025 河北 晒干 一等 074
4183381 4602 2025/9/4 19:51:24 P13 36.66 64.49 0 38.18 14.72 942.29 941.89 86.06 203.552 1010.132 -459.9 259.094 1859.283 -3033.752 -420.075 -1218.414 -776.367 -2040.863 -1339.569 -639.038 65.918 593.72 435.791 446.472 173.645 -89.722 321.655 -2714.233 8.698 -1548.462 -846.405 -2381.744 -1690.369 -989.533 -285.492 483.856 442.352 -2234.344 -101.471 406.647 40.131 -1906.128 258.484 -18.921 -386.047 2228.699 2025 河北 晒干 一等 074
4183382 4602 2025/9/4 19:51:25 P13 36.8 64.49 0 38.12 14.63 942.33 941.89 86.06 203.552 1010.132 -459.9 259.094 1859.283 -3033.752 -420.075 -1218.414 -776.367 -2040.863 -1339.569 -639.038 65.918 593.72 435.791 446.472 173.645 -89.722 321.655 -2714.233 8.698 -1548.462 -846.405 -2381.744 -1690.369 -989.533 -285.492 483.856 442.352 -2234.344 -101.471 406.647 40.131 -1906.128 258.484 -18.921 -386.047 2228.699 2025 河北 晒干 一等 074
4183383 4602 2025/9/4 19:51:26 P13 36.81 64.48 0 38.16 14.63 942.32 941.92 86.517 203.705 1010.437 -466.156 250.244 1864.319 -3036.499 -425.568 -1205.292 -782.776 -2044.983 -1345.062 -644.226 63.019 594.025 435.333 444.489 172.577 -99.03 320.74 -2717.438 4.73 -1538.849 -833.588 -2384.644 -1694.641 -995.789 -290.375 483.704 442.2 -2221.832 -105.438 406.189 40.588 -1896.973 254.822 -19.684 -383.911 2229.462 2025 河北 晒干 一等 074
4183384 4602 2025/9/4 19:51:27 P13 36.77 64.49 0 38.01 14.61 942.32 941.92 86.517 203.705 1010.437 -466.156 250.244 1864.319 -3036.499 -425.568 -1205.292 -782.776 -2044.983 -1345.062 -644.226 63.019 594.025 435.333 444.489 172.577 -99.03 320.74 -2717.438 4.73 -1538.849 -833.588 -2384.644 -1694.641 -995.789 -290.375 483.704 442.2 -2221.832 -105.438 406.189 40.588 -1896.973 254.822 -19.684 -383.911 2229.462 2025 河北 晒干 一等 074
4183385 4602 2025/9/4 19:51:28 P13 36.8 64.5 0 38.08 14.69 942.35 941.91 86.365 203.247 1009.979 -463.104 254.211 1863.098 -3035.889 -441.284 -1208.191 -800.018 -2045.288 -1347.656 -644.074 64.087 594.94 434.876 444.183 172.577 -96.13 322.113 -2716.827 -8.545 -1544.495 -838.165 -2384.033 -1698.761 -996.246 -288.544 483.093 442.505 -2225.494 -100.708 406.036 39.825 -1901.855 258.331 -18.005 -384.827 2230.835 2025 河北 晒干 一等 074
4183386 4602 2025/9/4 19:51:29 P13 36.65 64.55 0 38.18 14.49 942.33 941.89 86.365 203.247 1009.979 -463.104 254.211 1863.098 -3035.889 -441.284 -1208.191 -800.018 -2045.288 -1347.656 -644.074 64.087 594.94 434.876 444.183 172.577 -96.13 322.113 -2716.827 -8.545 -1544.495 -838.165 -2384.033 -1698.761 -996.246 -288.544 483.093 442.505 -2225.494 -100.708 406.036 39.825 -1901.855 258.331 -18.005 -384.827 2230.835 2025 河北 晒干 一等 074
4183387 4602 2025/9/4 19:51:30 P13 36.81 64.46 0 38.19 14.71 942.34 941.91 86.365 203.247 1009.979 -463.104 254.211 1863.098 -3035.889 -441.284 -1208.191 -800.018 -2045.288 -1347.656 -644.074 64.087 594.94 434.876 444.183 172.577 -96.13 322.113 -2716.827 -8.545 -1544.495 -838.165 -2384.033 -1698.761 -996.246 -288.544 483.093 442.505 -2225.494 -100.708 406.036 39.825 -1901.855 258.331 -18.005 -384.827 2230.835 2025 河北 晒干 一等 074
4183388 4602 2025/9/4 19:51:31 P13 36.79 64.53 0 38.13 14.69 942.33 941.89 86.212 203.552 1010.895 -463.257 258.331 1862.488 -3057.556 -427.246 -1210.48 -788.574 -2064.209 -1361.542 -652.161 61.035 596.161 436.859 442.81 173.645 -93.689 323.029 -2738.647 0.458 -1543.884 -835.571 -2406.464 -1714.325 -1006.927 -292.358 482.33 441.895 -2230.835 -106.812 406.189 39.52 -1904.449 252.686 -25.024 -385.132 2233.276 2025 河北 晒干 一等 074
4183389 4602 2025/9/4 19:51:32 P13 36.76 64.53 0 38.19 14.69 942.31 941.9 86.212 203.552 1010.895 -463.257 258.331 1862.488 -3057.556 -427.246 -1210.48 -788.574 -2064.209 -1361.542 -652.161 61.035 596.161 436.859 442.81 173.645 -93.689 323.029 -2738.647 0.458 -1543.884 -835.571 -2406.464 -1714.325 -1006.927 -292.358 482.33 441.895 -2230.835 -106.812 406.189 39.52 -1904.449 252.686 -25.024 -385.132 2233.276 2025 河北 晒干 一等 074
4183390 4602 2025/9/4 19:51:33 P13 36.73 64.53 0 38.21 14.59 942.32 941.9 86.365 204.62 1010.132 -465.698 257.111 1861.267 -3059.082 -433.35 -1210.175 -794.83 -2064.209 -1358.185 -649.262 62.561 593.72 435.791 443.42 173.34 -94.299 321.96 -2739.563 -2.899 -1544.647 -834.503 -2404.633 -1712.036 -1004.639 -290.527 481.72 442.047 -2229.614 -101.166 405.426 39.673 -1904.297 257.111 -20.752 -385.437 2228.851 2025 河北 晒干 一等 074
4183391 4602 2025/9/4 19:51:34 P13 36.73 64.6 0 38.21 14.67 942.35 941.92 86.365 204.62 1010.132 -465.698 257.111 1861.267 -3059.082 -433.35 -1210.175 -794.83 -2064.209 -1358.185 -649.262 62.561 593.72 435.791 443.42 173.34 -94.299 321.96 -2739.563 -2.899 -1544.647 -834.503 -2404.633 -1712.036 -1004.639 -290.527 481.72 442.047 -2229.614 -101.166 405.426 39.673 -1904.297 257.111 -20.752 -385.437 2228.851 2025 河北 晒干 一等 074
4183392 4602 2025/9/4 19:51:35 P13 36.73 64.62 0 38.14 14.58 942.29 941.91 86.06 203.4 1009.521 -458.527 263.062 1855.469 -3048.096 -428.772 -1199.799 -787.354 -2063.141 -1358.032 -650.787 59.509 591.278 434.723 442.963 172.882 -87.585 319.214 -2732.086 1.068 -1532.593 -821.228 -2402.344 -1710.358 -1004.181 -294.19 480.804 441.742 -2216.949 -97.504 405.884 39.673 -1889.801 262.604 -21.973 -387.116 2226.41 2025 河北 晒干 一等 074
4183393 4602 2025/9/4 19:51:36 P13 36.69 64.62 0 38.1 14.53 942.36 941.91 86.06 203.4 1009.521 -458.527 263.062 1855.469 -3048.096 -428.772 -1199.799 -787.354 -2063.141 -1358.032 -650.787 59.509 591.278 434.723 442.963 172.882 -87.585 319.214 -2732.086 1.068 -1532.593 -821.228 -2402.344 -1710.358 -1004.181 -294.19 480.804 441.742 -2216.949 -97.504 405.884 39.673 -1889.801 262.604 -21.973 -387.116 2226.41 2025 河北 晒干 一等 074
4183394 4602 2025/9/4 19:51:37 P13 36.7 64.6 0 38.08 14.58 942.3 941.91 85.907 202.026 1008.301 -475.464 241.547 1862.64 -3022.461 -424.347 -1190.948 -778.656 -2030.182 -1334.839 -640.411 65.46 590.82 434.418 443.878 171.204 -108.948 318.909 -2705.231 4.12 -1520.386 -819.55 -2371.368 -1683.96 -986.633 -284.271 479.126 439.758 -2207.642 -95.673 403.9 39.215 -1880.798 263.825 -21.057 -372.467 2222.29 2025 河北 晒干 一等 074
4183395 4602 2025/9/4 19:51:38 P13 36.72 64.6 0 38.22 14.61 942.34 941.91 85.907 202.026 1008.301 -475.464 241.547 1862.64 -3022.461 -424.347 -1190.948 -778.656 -2030.182 -1334.839 -640.411 65.46 590.82 434.418 443.878 171.204 -108.948 318.909 -2705.231 4.12 -1520.386 -819.55 -2371.368 -1683.96 -986.633 -284.271 479.126 439.758 -2207.642 -95.673 403.9 39.215 -1880.798 263.825 -21.057 -372.467 2222.29 2025 河北 晒干 一等 074
4183396 4602 2025/9/4 19:51:39 P13 36.74 64.59 0 38.2 14.56 942.32 941.92 85.907 202.026 1008.301 -475.464 241.547 1862.64 -3022.461 -424.347 -1190.948 -778.656 -2030.182 -1334.839 -640.411 65.46 590.82 434.418 443.878 171.204 -108.948 318.909 -2705.231 4.12 -1520.386 -819.55 -2371.368 -1683.96 -986.633 -284.271 479.126 439.758 -2207.642 -95.673 403.9 39.215 -1880.798 263.825 -21.057 -372.467 2222.29 2025 河北 晒干 一等 074
4183397 4602 2025/9/4 19:51:40 P13 36.87 64.66 0 38.02 14.46 946.94 941.92 84.839 200.348 1006.012 -466.461 255.89 1853.485 -3047.485 -424.805 -1202.24 -786.285 -2060.852 -1359.863 -653.534 58.746 586.853 433.655 444.336 171.356 -95.978 316.467 -2730.408 1.831 -1536.102 -826.111 -2399.597 -1711.273 -1007.08 -295.715 477.753 437.47 -2222.29 -92.468 402.069 39.368 -1896.057 267.639 -21.362 -386.81 2221.222 2025 河北 晒干 一等 074
4183398 4602 2025/9/4 19:51:41 P13 36.74 64.6 0 38.13 14.53 946.94 941.92 84.839 200.348 1006.012 -466.461 255.89 1853.485 -3047.485 -424.805 -1202.24 -786.285 -2060.852 -1359.863 -653.534 58.746 586.853 433.655 444.336 171.356 -95.978 316.467 -2730.408 1.831 -1536.102 -826.111 -2399.597 -1711.273 -1007.08 -295.715 477.753 437.47 -2222.29 -92.468 402.069 39.368 -1896.057 267.639 -21.362 -386.81 2221.222 2025 河北 晒干 一等 074
4183399 4602 2025/9/4 19:51:42 P13 36.81 64.65 0 38.19 14.43 946.91 941.9 84.686 200.501 1005.249 -475.464 239.716 1860.199 -3045.044 -425.263 -1192.932 -780.182 -2052.155 -1352.692 -649.262 59.814 583.801 432.739 444.183 170.136 -107.422 314.179 -2725.983 -1.984 -1523.285 -821.838 -2391.968 -1702.576 -1001.892 -292.206 475.159 436.096 -2210.846 -98.267 400.543 39.368 -1883.85 261.688 -20.294 -385.895 2220.612 2025 河北 晒干 一等 074
4183400 4602 2025/9/4 19:51:43 P13 36.74 64.63 0 38.19 14.54 946.94 941.92 84.686 200.501 1005.249 -475.464 239.716 1860.199 -3045.044 -425.263 -1192.932 -780.182 -2052.155 -1352.692 -649.262 59.814 583.801 432.739 444.183 170.136 -107.422 314.179 -2725.983 -1.984 -1523.285 -821.838 -2391.968 -1702.576 -1001.892 -292.206 475.159 436.096 -2210.846 -98.267 400.543 39.368 -1883.85 261.688 -20.294 -385.895 2220.612 2025 河北 晒干 一等 074
4183401 4602 2025/9/4 19:51:44 P13 36.8 64.65 0 38.18 14.54 946.93 941.91 84.839 200.195 1003.571 -474.854 245.361 1853.943 -3056.488 -430.603 -1194.763 -789.948 -2064.056 -1358.185 -652.771 55.847 583.344 434.57 443.42 170.746 -104.218 313.263 -2738.342 -3.967 -1527.405 -816.193 -2405.09 -1710.663 -1004.486 -297.241 473.785 434.57 -2212.219 -99.64 399.78 39.368 -1887.665 260.01 -19.989 -382.233 2216.187 2025 河北 晒干 一等 074
4183402 4602 2025/9/4 19:51:45 P13 36.7 64.7 0 38.35 14.63 946.91 941.91 84.839 200.195 1003.571 -474.854 245.361 1853.943 -3056.488 -430.603 -1194.763 -789.948 -2064.056 -1358.185 -652.771 55.847 583.344 434.57 443.42 170.746 -104.218 313.263 -2738.342 -3.967 -1527.405 -816.193 -2405.09 -1710.663 -1004.486 -297.241 473.785 434.57 -2212.219 -99.64 399.78 39.368 -1887.665 260.01 -19.989 -382.233 2216.187 2025 河北 晒干 一等 074
4183403 4602 2025/9/4 19:51:46 P13 36.73 64.72 0 38.26 14.64 946.93 941.93 84.839 200.195 1003.571 -474.854 245.361 1853.943 -3056.488 -430.603 -1194.763 -789.948 -2064.056 -1358.185 -652.771 55.847 583.344 434.57 443.42 170.746 -104.218 313.263 -2738.342 -3.967 -1527.405 -816.193 -2405.09 -1710.663 -1004.486 -297.241 473.785 434.57 -2212.219 -99.64 399.78 39.368 -1887.665 260.01 -19.989 -382.233 2216.187 2025 河北 晒干 一等 074
4183404 4602 2025/9/4 19:51:47 P13 36.77 64.6 0 38.15 14.51 946.96 941.92 84.076 198.212 1002.655 -478.668 238.495 1857.147 -3028.259 -425.873 -1170.349 -780.335 -2035.675 -1341.858 -647.736 58.136 582.886 433.655 444.031 170.441 -111.237 311.89 -2709.351 0.61 -1500.092 -805.054 -2375.488 -1688.69 -995.331 -292.358 471.649 433.044 -2189.026 -98.877 399.017 39.673 -1862.488 259.705 -22.278 -383.148 2222.29 2025 河北 晒干 一等 074
4183405 4602 2025/9/4 19:51:48 P13 36.77 64.69 0 38.15 14.4 946.94 941.92 84.076 198.212 1002.655 -478.668 238.495 1857.147 -3028.259 -425.873 -1170.349 -780.335 -2035.675 -1341.858 -647.736 58.136 582.886 433.655 444.031 170.441 -111.237 311.89 -2709.351 0.61 -1500.092 -805.054 -2375.488 -1688.69 -995.331 -292.358 471.649 433.044 -2189.026 -98.877 399.017 39.673 -1862.488 259.705 -22.278 -383.148 2222.29 2025 河北 晒干 一等 074
4183406 4602 2025/9/4 19:51:49 P13 36.73 64.69 0 38.12 14.66 946.92 941.92 84.839 199.28 1003.571 -485.23 233.765 1860.199 -3043.365 -431.976 -1181.03 -790.558 -2055.206 -1356.354 -653.076 56 584.412 435.181 441.742 169.678 -116.577 314.179 -2725.067 -4.425 -1513.214 -805.359 -2393.494 -1705.78 -1006.47 -296.478 471.497 433.197 -2196.35 -99.335 399.475 38.91 -1869.965 261.231 -18.921 -381.928 2221.375 2025 河北 晒干 一等 074
4183407 4602 2025/9/4 19:51:50 P13 36.74 64.66 0 38.16 14.54 946.94 941.92 84.839 199.28 1003.571 -485.23 233.765 1860.199 -3043.365 -431.976 -1181.03 -790.558 -2055.206 -1356.354 -653.076 56 584.412 435.181 441.742 169.678 -116.577 314.179 -2725.067 -4.425 -1513.214 -805.359 -2393.494 -1705.78 -1006.47 -296.478 471.497 433.197 -2196.35 -99.335 399.475 38.91 -1869.965 261.231 -18.921 -381.928 2221.375 2025 河北 晒干 一等 074
4183408 4602 2025/9/4 19:51:51 P13 36.73 64.76 0 38.27 14.51 946.91 941.93 85.144 201.111 1004.486 -476.532 242.31 1856.689 -3037.567 -430.298 -1191.101 -788.574 -2050.476 -1351.776 -652.618 54.474 586.243 437.317 439.758 170.288 -108.185 314.179 -2721.1 0.61 -1524.811 -817.871 -2389.221 -1701.813 -1002.808 -298.462 471.649 434.57 -2208.252 -104.065 399.628 39.368 -1882.935 257.874 -15.106 -385.284 2225.189 2025 河北 晒干 一等 074
4183409 4602 2025/9/4 19:51:52 P13 36.65 64.63 0 38.19 14.78 946.95 941.94 85.144 201.111 1004.486 -476.532 242.31 1856.689 -3037.567 -430.298 -1191.101 -788.574 -2050.476 -1351.776 -652.618 54.474 586.243 437.317 439.758 170.288 -108.185 314.179 -2721.1 0.61 -1524.811 -817.871 -2389.221 -1701.813 -1002.808 -298.462 471.649 434.57 -2208.252 -104.065 399.628 39.368 -1882.935 257.874 -15.106 -385.284 2225.189 2025 河北 晒干 一等 074
4183410 4602 2025/9/4 19:51:53 P13 36.76 64.72 0 38.16 14.68 946.97 941.92 83.771 200.043 999.298 -478.058 246.124 1851.196 -3049.164 -427.246 -1185.913 -785.523 -2061.31 -1359.1 -657.501 50.354 583.496 434.876 426.788 169.983 -108.185 313.416 -2732.697 0.763 -1518.402 -811.31 -2400.055 -1712.036 -1008.453 -303.192 469.513 432.434 -2202.911 -103.455 397.492 37.079 -1876.678 257.263 -20.752 -384.064 2227.325 2025 河北 晒干 一等 074
4183411 4602 2025/9/4 19:51:54 P13 36.72 64.72 0 38.23 14.53 946.94 941.93 83.771 200.043 999.298 -478.058 246.124 1851.196 -3049.164 -427.246 -1185.913 -785.523 -2061.31 -1359.1 -657.501 50.354 583.496 434.876 426.788 169.983 -108.185 313.416 -2732.697 0.763 -1518.402 -811.31 -2400.055 -1712.036 -1008.453 -303.192 469.513 432.434 -2202.911 -103.455 397.492 37.079 -1876.678 257.263 -20.752 -384.064 2227.325 2025 河北 晒干 一等 074
4183412 4602 2025/9/4 19:51:55 P13 36.83 64.7 0 38.1 14.51 946.94 941.93 83.771 200.043 999.298 -478.058 246.124 1851.196 -3049.164 -427.246 -1185.913 -785.523 -2061.31 -1359.1 -657.501 50.354 583.496 434.876 426.788 169.983 -108.185 313.416 -2732.697 0.763 -1518.402 -811.31 -2400.055 -1712.036 -1008.453 -303.192 469.513 432.434 -2202.911 -103.455 397.492 37.079 -1876.678 257.263 -20.752 -384.064 2227.325 2025 河北 晒干 一等 074
4183413 4602 2025/9/4 19:51:56 P13 36.73 64.7 0 38.22 14.46 946.95 941.92 83.923 198.822 998.84 -484.314 231.934 1861.42 -3023.834 -425.873 -1181.488 -780.029 -2036.438 -1339.874 -648.346 55.542 582.581 434.418 418.549 169.83 -117.34 312.653 -2707.062 -1.221 -1511.23 -806.885 -2374.268 -1690.216 -992.127 -292.969 467.682 430.908 -2194.366 -100.708 396.881 36.316 -1868.744 257.721 -20.905 -384.216 2225.494 2025 河北 晒干 一等 074
4183414 4602 2025/9/4 19:51:57 P13 36.79 64.76 0 38.22 14.56 946.97 941.92 83.923 198.822 998.84 -484.314 231.934 1861.42 -3023.834 -425.873 -1181.488 -780.029 -2036.438 -1339.874 -648.346 55.542 582.581 434.418 418.549 169.83 -117.34 312.653 -2707.062 -1.221 -1511.23 -806.885 -2374.268 -1690.216 -992.127 -292.969 467.682 430.908 -2194.366 -100.708 396.881 36.316 -1868.744 257.721 -20.905 -384.216 2225.494 2025 河北 晒干 一等 074
4183415 4602 2025/9/4 19:51:58 P13 36.76 64.72 0 38.16 14.6 946.96 941.91 84.686 199.738 998.23 -468.597 254.211 1848.907 -3056.641 -422.669 -1185.76 -781.86 -2067.108 -1364.441 -660.095 50.964 583.954 433.807 415.497 170.593 -98.114 312.653 -2739.868 6.714 -1519.775 -810.547 -2406.616 -1715.393 -1012.573 -303.192 468.445 431.824 -2203.979 -101.471 397.339 36.316 -1878.815 257.874 -14.038 -383.453 2224.426 2025 河北 晒干 一等 074
4183416 4602 2025/9/4 19:51:59 P13 36.67 64.81 0 38.32 14.58 946.94 941.93 84.686 199.738 998.23 -468.597 254.211 1848.907 -3056.641 -422.669 -1185.76 -781.86 -2067.108 -1364.441 -660.095 50.964 583.954 433.807 415.497 170.593 -98.114 312.653 -2739.868 6.714 -1519.775 -810.547 -2406.616 -1715.393 -1012.573 -303.192 468.445 431.824 -2203.979 -101.471 397.339 36.316 -1878.815 257.874 -14.038 -383.453 2224.426 2025 河北 晒干 一等 074
4183417 4602 2025/9/4 19:52:00 P13 36.73 64.73 0 38.32 14.61 946.98 941.92 84.229 198.822 996.399 -478.363 242.615 1855.164 -3068.085 -427.094 -1182.861 -787.201 -2075.653 -1371.918 -661.011 53.101 583.038 431.824 412.75 169.83 -108.49 313.263 -2749.634 1.526 -1516.876 -804.291 -2416.077 -1723.633 -1016.998 -302.124 467.682 430.756 -2203.217 -96.13 397.797 36.469 -1876.984 264.13 -20.752 -385.437 2224.274 2025 河北 晒干 一等 074
4183418 4602 2025/9/4 19:52:01 P13 36.81 64.72 0 38.33 14.6 946.93 941.94 84.534 199.28 997.162 -481.415 241.242 1856.537 -3023.834 -422.058 -1162.262 -777.435 -2037.811 -1340.179 -642.853 57.983 582.581 432.129 412.14 170.136 -111.542 312.958 -2705.841 1.678 -1492.31 -789.032 -2374.573 -1690.063 -992.432 -290.07 466.919 430.908 -2177.429 -97.504 397.034 35.858 -1850.586 261.841 -19.989 -382.233 2229.614 2025 河北 晒干 一等 074
4183419 4602 2025/9/4 19:52:02 P13 36.81 64.75 0 38.33 14.58 946.94 941.92 84.534 199.28 997.162 -481.415 241.242 1856.537 -3023.834 -422.058 -1162.262 -777.435 -2037.811 -1340.179 -642.853 57.983 582.581 432.129 412.14 170.136 -111.542 312.958 -2705.841 1.678 -1492.31 -789.032 -2374.573 -1690.063 -992.432 -290.07 466.919 430.908 -2177.429 -97.504 397.034 35.858 -1850.586 261.841 -19.989 -382.233 2229.614 2025 河北 晒干 一等 074
4183420 4602 2025/9/4 19:52:03 P13 36.72 64.8 0 38.19 14.56 946.95 941.93 84.076 199.127 996.552 -481.11 234.833 1858.673 -3029.327 -424.5 -1158.295 -778.046 -2041.626 -1346.893 -650.33 56.152 582.733 433.044 410.614 169.525 -112.763 311.89 -2711.792 -3.662 -1488.19 -787.659 -2378.998 -1695.709 -999.756 -294.19 466.614 430.45 -2175.751 -104.523 397.186 36.011 -1850.281 256.348 -22.125 -384.216 2223.511 2025 河北 晒干 一等 074
4183421 4602 2025/9/4 19:52:04 P13 36.77 64.79 0 38.23 14.53 946.97 941.93 84.229 198.364 995.483 -482.636 231.171 1861.42 -3046.112 -430.45 -1168.213 -786.743 -2055.511 -1355.438 -653.381 52.795 580.139 431.824 411.53 169.067 -116.425 312.5 -2728.119 -4.12 -1499.939 -802.307 -2394.867 -1707.001 -1004.639 -297.394 464.935 429.84 -2187.195 -102.539 396.423 36.011 -1860.199 256.653 -19.989 -385.132 2224.121 2025 河北 晒干 一等 074
4183422 4602 2025/9/4 19:52:05 P13 36.83 64.77 0 38.16 14.51 946.96 941.94 83.923 198.212 994.873 -483.246 238.037 1853.333 -3046.265 -437.622 -1176.91 -796.814 -2060.852 -1361.542 -659.332 50.049 580.902 432.282 408.02 169.22 -112.61 310.669 -2729.95 -6.561 -1513.062 -803.528 -2399.445 -1712.189 -1009.216 -302.582 465.698 429.382 -2195.435 -101.318 395.966 35.858 -1870.27 258.789 -20.294 -387.116 2227.631 2025 河北 晒干 一等 074
4183423 4602 2025/9/4 19:52:06 P13 36.72 64.75 0 38.25 14.49 946.94 941.94 83.923 198.212 994.873 -483.246 238.037 1853.333 -3046.265 -437.622 -1176.91 -796.814 -2060.852 -1361.542 -659.332 50.049 580.902 432.282 408.02 169.22 -112.61 310.669 -2729.95 -6.561 -1513.062 -803.528 -2399.445 -1712.189 -1009.216 -302.582 465.698 429.382 -2195.435 -101.318 395.966 35.858 -1870.27 258.789 -20.294 -387.116 2227.631 2025 河北 晒干 一等 074
4183424 4602 2025/9/4 19:52:07 P13 36.86 64.69 0 38.2 14.66 946.95 941.93 83.618 198.517 995.331 -499.42 223.694 1858.826 -3053.894 -435.333 -1173.401 -796.356 -2067.719 -1364.288 -658.569 50.354 580.292 431.976 407.715 168.457 -128.174 310.516 -2736.511 -3.967 -1507.568 -799.103 -2406.158 -1716.919 -1012.268 -303.65 465.851 429.535 -2191.162 -101.013 396.576 35.858 -1865.997 257.111 -21.057 -385.895 2227.783 2025 河北 晒干 一等 074
4183425 4602 2025/9/4 19:52:08 P13 36.79 64.77 0 38.19 14.53 946.96 941.97 83.923 198.822 995.331 -491.638 236.511 1853.638 -3071.136 -439.453 -1171.417 -799.713 -2080.688 -1375.275 -664.978 49.591 581.513 431.671 408.325 168.457 -119.171 312.042 -2752.075 -11.597 -1507.111 -796.509 -2420.502 -1729.279 -1020.66 -306.702 464.783 429.535 -2191.925 -103.76 396.423 35.4 -1865.845 255.585 -22.43 -387.421 2224.579 2025 河北 晒干 一等 074
4183426 4602 2025/9/4 19:52:09 P13 36.74 64.77 0 38.16 14.74 946.96 941.97 83.771 198.059 993.347 -486.145 231.934 1855.469 -3036.499 -434.57 -1165.771 -787.506 -2050.781 -1354.98 -655.67 52.643 578.613 431.976 407.41 169.22 -118.408 309.601 -2717.59 -2.289 -1497.498 -796.967 -2386.78 -1702.118 -1005.859 -300.14 463.104 428.009 -2184.753 -103.912 395.355 35.095 -1857.452 255.737 -22.278 -382.843 2223.358 2025 河北 晒干 一等 074
4183427 4602 2025/9/4 19:52:10 P13 36.69 64.81 0 38.41 14.58 946.98 941.95 83.313 197.449 991.669 -484.009 232.391 1855.011 -3045.044 -429.077 -1171.417 -787.811 -2054.596 -1355.743 -652.466 53.864 578.156 430.908 403.9 168.915 -116.73 310.059 -2725.983 -2.747 -1501.312 -798.492 -2393.494 -1706.238 -1004.181 -296.936 463.104 427.551 -2188.263 -101.929 393.829 34.79 -1861.877 259.399 -19.989 -384.522 2214.355 2025 河北 晒干 一等 074
4183428 4602 2025/9/4 19:52:11 P13 36.72 64.83 0 38.34 14.58 946.95 941.91 84.229 197.449 991.516 -480.042 239.868 1849.365 -3056.946 -420.532 -1178.131 -779.572 -2063.293 -1360.321 -658.264 50.507 577.393 429.688 403.595 169.525 -110.626 307.159 -2738.647 6.714 -1511.993 -805.969 -2405.243 -1712.494 -1009.369 -301.819 462.494 426.941 -2197.876 -94.91 393.829 35.4 -1871.49 263.825 -22.278 -383.911 2223.816 2025 河北 晒干 一等 074
4183429 4602 2025/9/4 19:52:12 P13 36.73 64.8 0 38.22 14.5 946.97 941.93 83.008 196.838 991.669 -482.025 237.122 1850.586 -3053.284 -415.344 -1177.673 -772.247 -2059.937 -1357.269 -654.602 50.354 576.477 430.756 401.459 169.373 -112.305 307.617 -2734.222 14.954 -1508.331 -803.375 -2400.818 -1708.984 -1005.707 -299.53 461.578 426.331 -2194.366 -96.588 393.524 34.79 -1866.913 263.214 -21.362 -380.554 2220.459 2025 河北 晒干 一等 074
4183430 4602 2025/9/4 19:52:13 P13 36.69 64.79 0 38.22 14.43 946.95 941.92 83.771 196.075 989.99 -488.739 227.661 1854.706 -3043.671 -419.922 -1167.603 -774.689 -2050.171 -1353.149 -655.67 52.185 575.104 428.162 401.917 167.847 -121.155 306.397 -2723.999 10.681 -1499.634 -798.492 -2390.137 -1702.576 -1005.249 -300.598 460.815 424.652 -2185.822 -100.555 392.761 34.485 -1859.283 258.484 -21.515 -383.606 2218.018 2025 河北 晒干 一等 074
4183431 4602 2025/9/4 19:52:14 P13 36.7 64.79 0 38.22 14.38 946.95 941.93 82.55 195.77 989.685 -494.385 226.746 1853.027 -3060.303 -419.464 -1169.739 -778.656 -2071.533 -1373.291 -667.877 45.471 574.799 428.772 400.085 167.236 -124.207 305.786 -2742.462 9.766 -1505.127 -799.866 -2411.194 -1723.175 -1020.966 -309.753 460.358 424.652 -2191.467 -104.981 392.609 34.485 -1865.54 253.906 -21.362 -386.658 2220.764 2025 河北 晒干 一等 074
4183432 4602 2025/9/4 19:52:15 P13 36.76 64.75 0 38.17 14.54 946.95 941.94 82.703 196.381 991.058 -498.2 224.152 1855.774 -3068.848 -418.854 -1169.128 -779.724 -2076.263 -1374.207 -663.605 46.997 577.087 430.45 399.78 167.694 -128.021 308.838 -2749.481 12.054 -1501.923 -796.051 -2416.077 -1727.448 -1020.05 -305.786 460.968 425.72 -2189.484 -102.844 393.066 34.79 -1861.572 255.737 -19.073 -387.573 2218.781 2025 河北 晒干 一等 074
4183433 4602 2025/9/4 19:52:16 P13 36.76 64.81 0 38.17 14.58 946.94 941.94 83.16 196.533 989.075 -486.45 237.427 1850.891 -3055.878 -429.077 -1163.788 -788.117 -2064.056 -1364.746 -659.79 49.591 575.409 430.908 398.407 167.847 -115.356 308.228 -2737.122 2.136 -1495.972 -787.811 -2405.243 -1714.478 -1013.794 -303.497 460.358 425.11 -2181.702 -95.215 393.066 34.79 -1855.927 258.026 -21.667 -389.557 2220.306 2025 河北 晒干 一等 074
4183434 4602 2025/9/4 19:52:17 P13 36.73 64.8 0 38.27 14.58 946.95 941.96 82.55 196.533 989.685 -492.706 223.846 1856.232 -3047.028 -417.938 -1153.717 -776.825 -2049.408 -1351.624 -655.365 49.744 575.714 431.519 398.254 168.152 -124.207 306.854 -2725.677 5.646 -1487.732 -780.64 -2391.205 -1700.592 -1002.96 -300.903 459.595 424.5 -2172.546 -107.88 392.304 34.332 -1845.551 252.38 -19.073 -382.385 2225.189 2025 河北 晒干 一等 074
4183435 4602 2025/9/4 19:52:18 P13 36.69 64.81 0 38.09 14.51 946.93 941.93 83.008 197.296 990.753 -490.112 236.359 1850.281 -3050.232 -429.688 -1146.545 -790.558 -2063.904 -1366.577 -661.926 49.438 578.308 432.892 394.745 168.915 -118.713 309.143 -2732.697 3.662 -1478.882 -773.926 -2401.581 -1715.088 -1015.167 -305.328 460.815 425.568 -2163.696 -100.25 392.914 34.18 -1838.989 257.874 -22.43 -385.437 2225.189 2025 河北 晒干 一等 074
4183436 4602 2025/9/4 19:52:19 P13 36.81 64.8 0 38.22 14.43 946.97 941.94 83.16 198.059 991.211 -495.3 226.746 1856.842 -3061.523 -426.941 -1151.123 -787.506 -2073.822 -1373.444 -666.046 46.844 578.461 432.892 395.355 167.847 -125.732 309.906 -2744.446 5.646 -1484.68 -775.452 -2412.567 -1724.548 -1020.203 -307.465 460.053 425.873 -2169.647 -103.302 392.914 34.485 -1844.635 256.5 -20.294 -384.979 2225.342 2025 河北 晒干 一等 074
4183437 4602 2025/9/4 19:52:20 P13 36.67 64.77 0 38.29 14.48 946.97 941.94 83.313 197.754 990.906 -491.333 223.389 1860.657 -3042.755 -418.396 -1146.698 -775.452 -2053.375 -1353.76 -653.229 51.727 578.156 431.976 396.118 167.999 -124.359 309.753 -2724.609 8.24 -1479.034 -776.825 -2391.815 -1704.102 -1003.265 -298.462 460.205 425.568 -2166.29 -101.624 393.066 34.485 -1839.142 256.805 -21.21 -385.742 2224.731 2025 河北 晒干 一等 074
4183438 4602 2025/9/4 19:52:21 P13 36.81 64.72 0 38.26 14.65 946.95 941.95 83.16 198.059 990.753 -493.774 221.863 1859.283 -3041.382 -420.227 -1140.289 -776.215 -2050.323 -1350.098 -652.771 50.507 578.156 432.739 394.898 168.304 -126.19 309.143 -2721.863 -0.305 -1473.541 -767.975 -2389.679 -1700.287 -1001.892 -299.53 459.747 426.331 -2160.187 -100.708 393.066 34.027 -1833.191 258.179 -20.142 -384.827 2220.001 2025 河北 晒干 一等 074
4183439 4602 2025/9/4 19:52:22 P13 36.66 64.8 0 38.27 14.54 946.94 941.95 83.923 198.669 991.669 -495.911 227.966 1856.079 -3071.136 -434.265 -1147.614 -794.83 -2078.552 -1371.46 -663.91 46.997 577.85 432.892 392.761 168.457 -125.275 309.143 -2754.059 -3.204 -1484.833 -776.367 -2419.739 -1726.074 -1017.914 -307.159 460.053 425.72 -2171.936 -101.318 393.066 34.943 -1844.788 259.705 -21.057 -383.759 2225.952 2025 河北 晒干 一等 074
4183440 4602 2025/9/4 19:52:23 P13 36.79 64.75 0 38.14 14.46 946.94 941.95 83.466 198.364 991.516 -495.606 224.457 1858.978 -3056.641 -419.312 -1147.919 -775.147 -2060.242 -1359.711 -658.417 49.591 579.834 432.892 394.44 168.152 -126.038 309.296 -2738.19 3.51 -1480.56 -775.147 -2403.107 -1710.205 -1009.369 -302.887 459.9 426.331 -2168.274 -103.912 393.982 34.027 -1839.905 256.5 -20.142 -384.522 2226.257 2025 河北 晒干 一等 074
4183441 4602 2025/9/4 19:52:24 P13 36.69 64.86 0 38.37 14.56 946.96 941.95 84.076 198.975 992.737 -491.486 229.95 1859.894 -3070.374 -425.263 -1154.785 -784.454 -2077.484 -1371.765 -665.131 47.15 580.902 433.96 394.898 168.915 -121.307 310.669 -2752.991 6.409 -1490.631 -779.572 -2419.586 -1725.006 -1018.219 -308.075 461.121 425.873 -2176.208 -104.37 394.135 34.637 -1849.365 254.974 -21.82 -384.064 2227.783 2025 河北 晒干 一等 074
4183442 4602 2025/9/4 19:52:25 P13 36.7 64.81 0 38.35 14.4 946.96 941.96 84.076 198.364 992.279 -487.366 234.375 1858.215 -3068.542 -433.807 -1158.295 -795.746 -2077.637 -1377.563 -667.419 46.387 581.665 432.434 395.508 169.067 -117.95 312.958 -2750.092 -1.068 -1492.767 -783.997 -2418.213 -1729.431 -1022.339 -307.922 460.205 426.941 -2178.04 -100.708 394.44 34.332 -1852.417 258.179 -20.142 -386.2 2226.563 2025 河北 晒干 一等 074
4183443 4602 2025/9/4 19:52:26 P13 36.69 64.79 0 38.19 14.53 946.97 941.92 84.076 199.28 992.584 -487.366 230.56 1860.199 -3057.251 -429.077 -1153.259 -785.828 -2062.988 -1362.457 -659.027 51.422 581.055 433.044 395.355 168.762 -118.408 311.737 -2737.885 0.305 -1484.222 -780.029 -2402.954 -1713.562 -1012.115 -300.751 460.358 427.856 -2173.92 -107.575 394.592 34.332 -1846.161 251.77 -22.278 -386.353 2225.037 2025 河北 晒干 一等 074
4183444 4602 2025/9/4 19:52:27 P13 36.69 64.87 0 38.22 14.51 946.96 941.96 84.076 199.28 993.195 -496.521 217.133 1865.387 -3035.736 -429.84 -1149.597 -782.623 -2044.067 -1349.335 -653.992 52.948 580.75 432.892 396.271 168.304 -131.836 311.89 -2718.353 0.305 -1480.408 -779.114 -2384.796 -1697.54 -1001.282 -298.309 460.358 426.788 -2169.647 -103.455 395.05 34.79 -1842.499 256.043 -21.515 -381.928 2226.563 2025 河北 晒干 一等 074
4183445 4602 2025/9/4 19:52:28 P13 36.69 64.79 0 38.29 14.48 946.95 941.94 84.381 200.043 993.805 -484.772 242.767 1850.586 -3072.815 -427.704 -1144.562 -788.727 -2077.942 -1373.749 -667.572 47.607 581.97 432.587 395.508 169.067 -113.373 311.737 -2754.059 4.73 -1480.408 -775.299 -2418.823 -1725.616 -1019.897 -309.448 460.815 427.094 -2168.732 -100.25 395.05 35.4 -1842.651 259.705 -20.752 -384.064 2228.546 2025 河北 晒干 一等 074
4183446 4602 2025/9/4 19:52:29 P13 36.74 64.76 0 38.21 14.44 946.95 941.95 84.686 199.127 993.195 -492.401 225.678 1863.251 -3045.349 -428.009 -1140.9 -785.065 -2053.986 -1353.912 -652.466 53.253 582.428 433.044 397.186 169.373 -123.138 313.11 -2726.44 0.305 -1471.863 -769.959 -2392.883 -1705.322 -1003.265 -297.089 460.815 428.162 -2158.508 -104.37 395.355 35.095 -1831.36 255.432 -22.43 -384.216 2229.614 2025 河北 晒干 一等 074
4183447 4602 2025/9/4 19:52:30 P13 36.74 64.81 0 38.21 14.46 946.95 941.94 84.381 200.806 993.652 -490.418 225.525 1861.725 -3055.115 -436.401 -1142.578 -795.288 -2061.31 -1359.558 -657.959 50.659 582.886 435.181 394.898 169.067 -122.681 312.195 -2736.816 -3.052 -1479.187 -768.433 -2402.954 -1709.9 -1008.911 -302.582 461.121 428.162 -2166.29 -102.234 395.66 34.79 -1840.21 256.958 -20.447 -383.301 2231.903 2025 河北 晒干 一等 074
4183448 4602 2025/9/4 19:52:31 P13 36.76 64.76 0 38.15 14.5 946.96 941.93 85.144 200.958 993.652 -482.33 236.206 1858.063 -3070.526 -420.532 -1142.578 -780.64 -2074.28 -1369.324 -663.605 48.218 583.496 432.282 396.881 169.373 -113.831 311.737 -2752.228 6.256 -1477.051 -769.348 -2417.603 -1723.022 -1014.862 -305.634 460.815 428.925 -2164.459 -107.269 396.271 34.79 -1838.226 251.617 -21.515 -389.099 2228.546 2025 河北 晒干 一等 074
4183449 4602 2025/9/4 19:52:32 P13 36.81 64.81 0 38.19 14.51 946.95 941.93 84.534 200.348 993.347 -484.772 237.885 1856.537 -3045.959 -428.619 -1138 -787.659 -2059.937 -1360.779 -658.417 49.744 583.038 433.655 397.034 169.525 -114.441 312.347 -2729.797 1.831 -1472.168 -758.82 -2398.529 -1710.815 -1010.59 -303.803 461.426 428.772 -2158.508 -106.201 395.508 35.4 -1831.665 254.211 -20.599 -386.047 2229.004 2025 河北 晒干 一等 074
4183450 4602 2025/9/4 19:52:33 P13 36.79 64.73 0 38.24 14.46 946.95 941.93 85.449 199.89 992.584 -484.009 231.934 1860.657 -3043.671 -441.437 -1143.799 -798.035 -2052.917 -1349.945 -652.008 53.711 582.581 431.213 397.492 169.22 -116.119 312.042 -2724.762 -11.444 -1476.746 -763.397 -2391.51 -1703.033 -1001.892 -296.173 460.815 428.009 -2162.628 -117.34 395.355 35.095 -1835.175 242.462 -24.414 -394.592 2211.761 2025 河北 晒干 一等 074
4183451 4602 2025/9/4 19:52:34 P13 36.7 64.86 0 38.18 14.61 946.93 941.94 84.076 199.28 992.279 -482.788 238.648 1853.638 -3053.436 -436.096 -1139.374 -793.152 -2062.988 -1359.711 -657.044 50.659 581.97 431.366 396.729 169.83 -112.763 310.822 -2735.596 -7.019 -1475.067 -764.008 -2403.107 -1712.341 -1008.301 -300.293 460.053 427.704 -2158.661 -109.253 395.05 34.637 -1833.191 249.786 -20.599 -385.132 2221.985 2025 河北 晒干 一等 074
4183452 4602 2025/9/4 19:52:35 P13 36.66 64.81 0 38.18 14.53 946.96 941.94 84.076 198.822 991.058 -486.298 231.934 1858.673 -3031.006 -431.824 -1135.864 -786.438 -2042.542 -1344.91 -648.346 54.016 579.987 431.061 398.407 170.136 -117.493 310.211 -2713.47 -6.256 -1465.912 -767.365 -2380.219 -1695.709 -997.162 -295.41 460.51 427.551 -2152.1 -103.76 394.745 34.943 -1825.409 253.754 -16.785 -384.369 2224.274 2025 河北 晒干 一等 074
4183453 4602 2025/9/4 19:52:36 P13 36.7 64.79 0 38.3 14.53 946.96 941.95 83.618 198.669 991.821 -483.246 239.258 1852.112 -3043.518 -432.892 -1139.679 -790.1 -2056.427 -1358.948 -656.586 51.117 578.919 430.603 400.696 168.762 -113.678 310.364 -2724.457 -9.46 -1471.1 -768.585 -2392.883 -1707.306 -1008.148 -301.514 459.442 426.788 -2156.982 -108.185 393.982 34.637 -1831.055 251.465 -19.989 -384.827 2220.459 2025 河北 晒干 一等 074
4183454 4602 2025/9/4 19:52:37 P13 36.67 64.8 0 38.11 14.58 946.96 941.95 84.229 198.364 990.295 -491.18 231.628 1851.044 -3070.831 -422.363 -1145.782 -784.454 -2080.688 -1373.444 -668.64 46.387 579.376 430.603 401.459 169.373 -120.85 307.312 -2750.854 11.444 -1484.68 -767.822 -2418.976 -1726.685 -1020.966 -309.906 459.29 426.025 -2168.579 -107.269 393.829 35.248 -1842.041 251.77 -16.785 -385.437 2222.595 2025 河北 晒干 一等 074
4183455 4602 2025/9/4 19:52:38 P13 36.79 64.81 0 38.18 14.46 946.96 941.94 83.466 198.212 990.295 -493.317 224.457 1858.521 -3061.829 -428.925 -1137.848 -789.032 -2068.634 -1362 -659.79 48.218 579.071 429.382 400.391 168.304 -125.427 309.296 -2743.683 1.526 -1474.762 -762.024 -2409.668 -1715.698 -1013.489 -301.819 458.984 425.72 -2162.323 -107.727 393.372 34.79 -1835.785 251.16 -20.599 -384.522 2223.053 2025 河北 晒干 一等 074
4183456 4602 2025/9/4 19:52:39 P13 36.69 64.86 0 38.12 14.63 946.96 941.94 84.076 199.89 991.516 -507.66 212.86 1864.777 -3061.981 -439.301 -1136.169 -796.661 -2074.28 -1369.171 -662.231 47.913 580.75 433.044 398.102 167.847 -137.94 310.364 -2744.904 -8.85 -1469.879 -762.634 -2412.872 -1722.26 -1016.388 -305.481 458.832 426.178 -2155.762 -106.506 394.135 34.485 -1830.444 252.38 -21.973 -382.69 2229.919 2025 河北 晒干 一等 074
4183457 4602 2025/9/4 19:52:40 P13 36.77 64.83 0 38.28 14.36 946.98 941.95 84.686 200.806 992.432 -500.794 220.184 1863.556 -3055.115 -430.908 -1138 -790.405 -2065.735 -1366.73 -662.689 49.744 582.886 434.265 397.797 168.457 -130.92 312.347 -2736.664 1.678 -1474.457 -763.855 -2405.09 -1717.072 -1015.32 -305.481 459.747 428.162 -2161.713 -108.337 394.745 34.79 -1835.175 251.617 -23.041 -385.895 2232.513 2025 河北 晒干 一等 074
4183458 4602 2025/9/4 19:52:41 P13 36.79 64.86 0 38.25 14.71 930.61 941.93 85.144 200.958 992.889 -492.554 225.678 1866.302 -3042.297 -418.549 -1137.238 -778.046 -2056.58 -1362.152 -660.095 49.896 584.564 434.876 395.966 169.373 -123.901 314.941 -2724.304 9.308 -1470.032 -761.108 -2394.409 -1710.052 -1012.573 -303.65 459.747 427.856 -2155.457 -109.253 395.203 34.332 -1829.681 253.601 -23.041 -381.775 2228.394 2025 河北 晒干 一等 074
4183459 4602 2025/9/4 19:52:42 P13 36.8 64.84 0 38.13 14.36 946.96 941.95 84.839 201.263 993.347 -485.535 226.44 1865.234 -3050.537 -420.532 -1127.93 -776.978 -2055.054 -1356.201 -656.433 53.253 584.412 434.418 396.118 169.525 -120.239 314.331 -2730.865 4.883 -1459.503 -754.395 -2396.24 -1706.848 -1006.165 -299.988 459.442 428.619 -2143.402 -111.694 395.508 34.79 -1814.575 248.413 -18.005 -385.437 2230.225 2025 河北 晒干 一等 074
4183460 4602 2025/9/4 19:52:43 P13 36.7 64.84 0 38.22 14.51 946.96 941.95 84.839 202.026 994.873 -492.249 230.255 1861.877 -3055.267 -415.802 -1131.744 -777.435 -2070.16 -1368.561 -661.163 49.896 585.175 434.876 395.355 169.983 -121.46 314.636 -2738.037 18.921 -1466.37 -752.258 -2408.142 -1720.123 -1014.404 -304.108 460.663 429.535 -2148.285 -112.152 396.271 34.79 -1823.578 248.108 -21.21 -383.453 2231.293 2025 河北 晒干 一等 074
4183461 4602 2025/9/4 19:52:44 P13 36.7 64.87 0 38.22 14.58 930.59 941.95 85.449 201.721 994.263 -489.807 227.203 1863.403 -3040.009 -418.854 -1119.537 -775.604 -2047.882 -1347.809 -651.398 54.169 585.327 433.655 395.355 169.525 -121.002 313.721 -2720.337 8.85 -1453.4 -745.85 -2387.39 -1697.693 -1000.214 -296.936 460.205 428.772 -2138.519 -109.863 396.576 35.095 -1810.913 251.77 -22.583 -385.437 2230.682 2025 河北 晒干 一等 074
4183462 4602 2025/9/4 19:52:45 P13 36.74 64.79 0 38.33 14.58 930.6 941.95 85.754 200.806 992.432 -487.671 234.222 1859.741 -3052.368 -425.568 -1113.434 -780.945 -2062.988 -1359.711 -655.06 50.659 584.106 431.824 397.034 169.525 -117.035 312.805 -2735.138 4.883 -1447.754 -740.967 -2402.039 -1710.205 -1008.301 -299.377 460.053 428.772 -2134.552 -106.506 396.118 34.79 -1809.387 253.143 -19.531 -385.895 2229.614 2025 河北 晒干 一等 074
4183463 4602 2025/9/4 19:52:46 P13 36.72 64.81 0 38.24 14.53 930.59 941.96 84.686 200.806 991.974 -487.671 233.612 1862.03 -3034.821 -422.974 -1116.18 -777.283 -2048.95 -1355.286 -655.365 52.948 585.175 431.976 395.508 169.373 -118.408 314.179 -2717.896 4.272 -1445.618 -745.392 -2386.169 -1702.271 -1005.402 -297.852 459.9 428.162 -2134.552 -107.575 395.813 34.637 -1807.556 252.838 -18.311 -384.369 2228.546 2025 河北 晒干 一等 074
4183464 4602 2025/9/4 19:52:47 P13 36.73 64.83 0 38.27 14.51 930.59 941.96 85.602 200.653 992.432 -489.655 235.443 1858.978 -3065.491 -424.194 -1125.031 -787.201 -2079.01 -1374.817 -665.283 47.607 583.191 431.976 396.423 169.83 -119.476 313.721 -2749.329 5.646 -1462.25 -746.765 -2418.213 -1728.21 -1019.745 -305.786 459.747 428.772 -2145.233 -108.795 395.966 33.417 -1820.374 250.702 -21.515 -386.505 2227.173 2025 河北 晒干 一等 074
4183465 4602 2025/9/4 19:52:48 P13 36.72 64.77 0 38.3 14.51 930.59 941.97 85.754 200.501 992.279 -493.317 224.304 1865.997 -3023.987 -420.685 -1122.742 -775.757 -2037.201 -1344.757 -646.057 57.22 585.632 431.671 395.66 169.373 -125.885 313.416 -2705.841 3.052 -1453.705 -756.531 -2375.488 -1689.453 -996.552 -292.511 459.29 428.925 -2142.029 -112.915 395.66 34.79 -1814.423 247.192 -25.33 -384.216 2228.699 2025 河北 晒干 一等 074
4183466 4602 2025/9/4 19:52:49 P13 36.74 64.81 0 38.04 14.61 930.61 941.96 84.991 201.569 993.042 -490.112 233.002 1857.452 -3072.205 -433.502 -1132.202 -793.304 -2079.01 -1372.833 -663.605 48.218 583.344 431.824 397.339 169.22 -117.95 312.042 -2753.754 -0.916 -1468.353 -757.904 -2420.807 -1725.922 -1016.998 -306.091 459.747 427.856 -2155.609 -113.373 396.271 34.943 -1827.545 245.361 -21.82 -379.639 2227.02 2025 河北 晒干 一等 074
4183467 4602 2025/9/4 19:52:50 P13 36.67 64.76 0 38.34 14.61 930.59 941.95 84.534 199.738 991.974 -493.774 218.811 1867.676 -3030.09 -439.453 -1132.66 -794.373 -2042.999 -1348.877 -652.618 52.338 582.123 431.213 395.508 169.525 -126.495 312.195 -2712.555 -12.817 -1461.945 -756.989 -2382.507 -1697.693 -998.535 -298.157 460.053 428.467 -2146.759 -107.422 396.271 34.79 -1821.136 251.312 -21.667 -382.233 2228.699 2025 河北 晒干 一等 074
4183468 4602 2025/9/4 19:52:51 P13 36.8 64.77 0 38.36 14.41 930.59 941.95 84.381 199.89 991.058 -492.859 230.255 1856.537 -3072.357 -434.57 -1127.167 -795.746 -2081.604 -1373.901 -665.741 46.539 581.513 431.213 396.576 168.304 -122.528 310.669 -2755.127 -6.561 -1464.539 -752.564 -2421.875 -1727.905 -1019.287 -307.312 458.984 427.551 -2149.048 -109.406 395.203 34.637 -1824.036 251.16 -21.362 -383.911 2225.037 2025 河北 晒干 一等 074
4183469 4602 2025/9/4 19:52:52 P13 36.63 64.79 0 38.25 14.63 930.57 941.96 84.839 200.043 991.058 -501.556 218.811 1862.793 -3068.085 -435.333 -1128.387 -796.204 -2075.958 -1370.392 -664.825 45.929 581.97 430.908 399.475 168.304 -132.904 310.822 -2748.718 -0.305 -1466.064 -754.7 -2416.077 -1723.175 -1017.914 -308.533 458.069 428.009 -2150.879 -111.389 395.05 34.943 -1825.256 250.397 -24.719 -382.69 2232.971 2025 河北 晒干 一等 074
4183470 4602 2025/9/4 19:52:53 P13 36.74 64.84 0 38.31 14.47 930.6 941.97 84.686 199.738 992.279 -496.979 219.574 1868.591 -3032.227 -421.906 -1117.554 -779.114 -2043.152 -1348.724 -648.804 55.389 583.191 432.129 398.712 168.457 -129.547 313.416 -2714.844 3.204 -1446.075 -745.697 -2382.965 -1696.93 -999.603 -293.274 458.374 427.551 -2135.468 -105.743 394.745 34.943 -1808.472 253.296 -22.43 -382.69 2228.088 2025 河北 晒干 一等 074
4183471 4602 2025/9/4 19:52:54 P13 36.7 64.77 0 38.33 14.6 930.61 941.95 84.991 201.263 991.669 -505.829 217.285 1865.997 -3072.815 -425.568 -1121.063 -789.185 -2081.299 -1377.258 -666.351 47.913 583.344 432.434 398.254 167.999 -136.566 312.347 -2753.906 4.578 -1457.52 -742.188 -2420.959 -1730.804 -1022.034 -308.38 459.9 427.551 -2142.487 -106.659 394.898 35.248 -1815.796 254.059 -21.362 -386.047 2224.426 2025 河北 晒干 一等 074
4183472 4602 2025/9/4 19:52:55 P13 36.86 64.79 0 38.22 14.53 930.59 941.95 84.686 201.263 991.516 -483.398 235.596 1858.063 -3027.802 -420.837 -1111.145 -775.757 -2038.727 -1345.978 -649.872 55.695 583.496 432.434 397.186 169.373 -114.899 314.179 -2709.503 3.052 -1441.498 -742.188 -2376.709 -1692.963 -998.23 -293.884 458.527 427.551 -2128.906 -108.948 395.508 34.332 -1801.147 249.786 -19.684 -384.827 2228.699 2025 河北 晒干 一等 074
4183473 4602 2025/9/4 19:52:56 P13 36.72 64.8 0 38.27 14.6 930.59 941.96 84.076 200.501 990.448 -491.028 231.171 1857.3 -3073.578 -427.704 -1118.927 -787.964 -2077.637 -1375.427 -666.962 45.471 580.75 431.213 397.186 168.762 -122.376 310.669 -2754.669 0.458 -1454.468 -744.934 -2421.722 -1726.685 -1021.423 -309.906 457.916 428.009 -2142.029 -108.337 394.898 34.943 -1815.491 251.77 -22.278 -385.59 2228.546 2025 河北 晒干 一等 074
4183474 4602 2025/9/4 19:52:57 P13 36.76 64.79 0 38.24 14.47 930.6 941.96 84.991 199.585 991.516 -488.434 232.086 1859.436 -3068.39 -436.096 -1114.655 -797.119 -2075.043 -1371.918 -668.03 45.471 582.733 430.145 397.949 168.762 -119.629 311.279 -2748.566 -4.73 -1452.332 -735.321 -2415.161 -1724.548 -1020.813 -309.601 457.611 427.246 -2137.909 -112.763 394.745 34.943 -1813.812 249.176 -16.022 -385.284 2227.936 2025 河北 晒干 一等 074
4183475 4602 2025/9/4 19:52:58 P13 36.76 64.83 0 38.24 14.7 930.58 941.96 84.076 200.195 990.601 -493.317 230.103 1856.995 -3061.371 -438.232 -1103.821 -793.915 -2071.533 -1368.103 -663.757 46.997 582.428 431.671 397.339 170.136 -122.986 310.822 -2745.056 -5.493 -1439.362 -728.607 -2411.957 -1719.666 -1016.083 -307.007 457.764 427.856 -2126.312 -99.182 394.745 35.095 -1799.469 260.315 -16.174 -384.369 2229.767 2025 河北 晒干 一等 074
4183476 4602 2025/9/4 19:52:59 P13 36.73 64.83 0 38.33 14.54 930.6 941.96 83.923 200.653 990.753 -488.892 234.528 1854.553 -3051.758 -432.892 -1105.652 -793.152 -2065.277 -1368.256 -664.673 48.065 581.36 431.061 398.102 168.915 -119.019 311.89 -2733.765 -2.441 -1441.803 -734.406 -2402.344 -1717.377 -1017.609 -307.159 457.459 427.551 -2127.075 -102.844 394.287 34.637 -1800.232 258.484 -21.515 -386.658 2228.699 2025 河北 晒干 一等 074
4183477 4602 2025/9/4 19:53:00 P13 36.74 64.84 0 38.19 14.48 930.62 941.96 84.686 200.043 989.38 -495.758 221.405 1861.725 -3033.6 -425.415 -1105.194 -781.25 -2042.847 -1349.792 -653.992 52.948 581.513 430.603 396.576 168.762 -126.953 310.059 -2715.302 2.747 -1437.531 -729.675 -2382.507 -1695.709 -1002.502 -299.835 457.611 427.551 -2123.871 -100.098 394.592 34.637 -1796.57 259.705 -21.82 -382.843 2230.072 2025 河北 晒干 一等 074
4183478 4602 2025/9/4 19:53:01 P13 36.81 64.93 0 38.42 14.45 930.59 941.93 84.839 199.585 989.533 -499.878 222.626 1861.267 -3065.033 -442.2 -1105.957 -802.002 -2073.364 -1369.476 -662.079 47.607 580.75 431.519 395.813 168.457 -129.547 310.669 -2745.972 -13.58 -1440.43 -731.049 -2412.415 -1721.954 -1015.015 -305.023 456.848 426.331 -2127.533 -102.081 394.44 34.485 -1800.842 258.484 -20.447 -383.911 2227.783 2025 河北 晒干 一等 074
4183479 4602 2025/9/4 19:53:02 P13 36.74 64.76 0 38.32 14.58 930.6 941.95 84.381 200.043 989.38 -500.794 218.353 1866.76 -3042.45 -438.08 -1111.755 -796.661 -2058.411 -1360.321 -657.501 49.286 581.513 431.824 396.118 169.22 -131.836 311.432 -2725.22 -8.85 -1443.939 -737.305 -2394.867 -1710.205 -1009.521 -301.666 457.153 426.636 -2131.958 -102.997 394.135 34.18 -1804.81 256.653 -19.989 -386.353 2228.546 2025 河北 晒干 一等 074
4183480 4602 2025/9/4 19:53:03 P13 36.77 64.79 0 38.31 14.48 930.59 941.95 84.839 199.127 990.906 -490.418 228.882 1858.215 -3033.447 -430.298 -1106.873 -785.065 -2042.999 -1348.419 -654.297 51.727 581.513 430.908 395.05 168.61 -122.223 309.296 -2714.386 -4.12 -1437.225 -737 -2380.371 -1696.777 -1002.655 -298.462 457.153 426.483 -2125.092 -102.997 394.44 34.79 -1798.401 256.958 -21.667 -381.622 2223.511 2025 河北 晒干 一等 074
4183481 4602 2025/9/4 19:53:04 P13 36.73 64.84 0 38.16 14.53 930.61 941.96 84.381 200.501 989.838 -491.18 228.577 1858.978 -3034.515 -435.333 -1106.262 -790.405 -2039.185 -1344.91 -650.787 54.626 581.818 431.061 397.034 169.373 -121.307 310.669 -2714.386 -12.054 -1437.073 -740.662 -2380.981 -1692.2 -997.772 -296.478 456.696 426.636 -2125.702 -108.49 394.898 35.095 -1798.553 251.465 -21.82 -383.606 2230.072 2025 河北 晒干 一等 074
4183482 4602 2025/9/4 19:53:05 P13 36.8 64.75 0 38.26 14.35 930.59 941.96 84.534 200.501 990.753 -501.251 222.473 1859.589 -3071.594 -436.554 -1114.197 -797.424 -2080.994 -1374.969 -666.046 46.082 581.97 431.213 395.813 167.847 -130.768 310.211 -2753.754 -2.899 -1450.5 -733.032 -2422.333 -1727.6 -1022.034 -308.228 457.153 426.636 -2135.925 -107.117 393.982 35.248 -1809.998 252.38 -20.905 -387.573 2230.835 2025 河北 晒干 一等 074
4183483 4602 2025/9/4 19:53:06 P13 36.72 64.68 0 38.22 14.46 930.59 941.95 84.534 200.501 990.295 -493.164 221.405 1864.471 -3029.633 -443.42 -1097.565 -796.051 -2039.642 -1341.248 -648.499 52.49 581.818 432.282 397.034 168.457 -125.275 310.822 -2712.402 -9.308 -1430.206 -725.25 -2378.54 -1688.69 -995.483 -295.563 456.848 426.636 -2117.462 -105.286 394.135 34.485 -1790.466 253.296 -19.531 -384.522 2230.225 2025 河北 晒干 一等 074
4183484 4602 2025/9/4 19:53:07 P13 36.79 64.8 0 38.21 14.51 930.6 941.95 84.839 200.195 990.295 -505.066 215.607 1864.319 -3039.551 -434.418 -1097.565 -789.49 -2054.291 -1354.065 -654.907 51.88 583.191 432.739 394.898 168.457 -135.956 310.822 -2724.304 -16.327 -1430.206 -726.013 -2393.646 -1703.491 -1004.791 -300.14 456.848 426.636 -2116.852 -105.438 394.287 34.637 -1790.619 259.705 -23.346 -384.522 2229.767 2025 河北 晒干 一等 074
4183485 4602 2025/9/4 19:53:08 P13 36.67 64.83 0 38.4 14.47 930.62 941.95 84.534 200.653 991.211 -489.044 232.239 1859.741 -3041.687 -432.739 -1097.107 -788.117 -2047.119 -1349.64 -653.534 54.321 583.649 431.824 395.813 169.83 -119.324 311.737 -2722.321 -2.289 -1429.138 -726.624 -2388 -1698.608 -1001.282 -297.852 456.696 427.094 -2118.073 -107.575 394.745 35.095 -1791.077 252.38 -16.632 -385.895 2230.377 2025 河北 晒干 一等 074
4183486 4602 2025/9/4 19:53:09 P13 36.74 64.79 0 38.4 14.65 930.6 941.99 84.686 200.501 990.906 -495.758 224.304 1861.42 -3062.744 -440.826 -1105.652 -798.035 -2071.228 -1369.019 -664.215 48.065 583.801 432.282 395.355 168.762 -126.19 311.127 -2745.056 -11.597 -1441.04 -734.253 -2411.804 -1720.276 -1016.541 -307.922 457.001 427.551 -2124.023 -104.523 394.592 35.4 -1797.028 254.517 -19.073 -386.658 2231.445 2025 河北 晒干 一等 074
4183487 4602 2025/9/4 19:53:10 P13 36.74 64.86 0 38.17 14.51 930.6 941.97 84.534 200.806 989.838 -493.164 223.236 1865.692 -3048.096 -435.333 -1110.687 -793.152 -2058.411 -1363.22 -660.095 51.422 584.259 431.824 395.966 169.83 -125.732 312.805 -2729.034 -4.272 -1441.803 -734.558 -2397.308 -1711.121 -1011.658 -302.887 456.543 426.636 -2128.754 -107.269 394.592 34.332 -1802.216 253.754 -19.379 -384.674 2230.835 2025 河北 晒干 一等 074
4183488 4602 2025/9/4 19:53:11 P13 36.73 64.73 0 38.14 14.48 930.58 941.97 84.534 200.501 988.464 -493.317 221.252 1863.708 -3027.191 -434.57 -1105.042 -789.185 -2039.032 -1345.52 -648.041 55.389 583.496 430.603 395.05 168.915 -126.343 312.195 -2709.503 -9.766 -1436.768 -734.406 -2378.235 -1691.895 -998.077 -293.884 456.238 426.941 -2121.887 -107.117 394.745 34.943 -1795.502 253.449 -19.531 -385.742 2230.53 2025 河北 晒干 一等 074
4183489 4602 2025/9/4 19:53:12 P13 36.73 64.89 0 38.14 14.43 930.59 941.98 85.449 200.043 989.99 -499.42 225.525 1858.673 -3072.815 -435.028 -1105.042 -794.678 -2078.247 -1371.613 -664.825 46.997 582.123 430.45 395.203 167.694 -128.326 311.127 -2755.585 -5.493 -1442.413 -731.354 -2421.875 -1726.837 -1017.456 -306.702 455.475 425.72 -2129.364 -107.88 394.745 34.485 -1803.436 252.991 -20.905 -387.116 2230.835 2025 河北 晒干 一等 074
4183490 4602 2025/9/4 19:53:13 P13 36.7 64.75 0 38.28 14.53 930.62 941.98 84.686 201.416 989.99 -502.472 216.522 1864.777 -3032.379 -421.753 -1102.295 -777.435 -2044.678 -1347.504 -650.33 49.896 581.665 431.061 395.66 167.999 -132.141 310.669 -2714.539 1.678 -1434.326 -733.643 -2383.575 -1695.404 -999.756 -297.699 456.085 427.246 -2122.803 -105.743 394.44 34.79 -1795.959 254.364 -17.395 -384.064 2229.614 2025 河北 晒干 一等 074
4183491 4602 2025/9/4 19:53:14 P13 36.77 64.87 0 38.2 14.64 930.61 941.97 84.839 201.721 989.533 -498.352 223.694 1859.894 -3071.899 -427.246 -1102.905 -787.506 -2080.078 -1375.122 -664.215 49.591 581.513 430.908 395.203 168.61 -128.021 310.822 -2752.838 4.73 -1436.31 -723.267 -2419.586 -1729.126 -1020.203 -306.549 455.627 425.873 -2124.939 -111.237 393.982 34.332 -1796.722 247.192 -19.379 -384.979 2231.75 2025 河北 晒干 一等 074
4183492 4602 2025/9/4 19:53:15 P13 36.8 64.73 0 38.3 14.48 930.6 941.97 84.991 200.653 988.77 -496.368 222.321 1863.251 -3032.99 -424.5 -1091.919 -779.266 -2046.814 -1350.708 -654.907 50.354 583.496 431.213 393.372 168.61 -128.326 311.432 -2717.438 0.305 -1423.645 -721.893 -2386.017 -1699.677 -1003.265 -299.683 455.933 427.246 -2109.985 -105.286 394.44 34.485 -1783.142 254.517 -22.278 -386.505 2232.208 2025 河北 晒干 一等 074
4183493 4602 2025/9/4 19:53:16 P13 36.76 64.84 0 38.19 14.54 930.61 941.97 84.534 200.653 989.075 -497.284 223.694 1862.793 -3064.27 -424.652 -1090.698 -784.149 -2072.296 -1369.781 -664.368 47.607 582.123 430.908 395.05 168.457 -128.326 313.263 -2745.667 1.678 -1424.103 -719.299 -2412.72 -1723.328 -1017.761 -304.871 455.78 426.331 -2113.495 -113.678 393.677 34.485 -1784.668 246.735 -22.278 -382.69 2231.293 2025 河北 晒干 一等 074
4183494 4602 2025/9/4 19:53:17 P13 36.79 64.68 0 38.17 14.54 930.59 941.96 84.381 200.958 988.922 -500.336 216.37 1865.082 -3043.213 -427.094 -1084.595 -786.285 -2056.58 -1360.474 -660.095 46.997 581.97 431.671 393.372 167.999 -132.141 309.753 -2726.593 2.899 -1418.152 -712.433 -2395.02 -1708.221 -1010.437 -305.328 455.17 426.331 -2105.713 -106.201 393.982 34.332 -1778.564 253.754 -24.261 -385.284 2231.75 2025 河北 晒干 一等 074
4183495 4602 2025/9/4 19:53:18 P13 36.73 64.73 0 38.24 14.5 930.62 941.98 85.144 201.721 989.99 -500.488 215.454 1865.845 -3058.777 -416.87 -1077.118 -772.858 -2061.157 -1359.1 -658.417 49.744 583.344 431.976 392.914 168.152 -132.904 311.127 -2738.8 8.545 -1409.607 -702.515 -2403.107 -1710.663 -1009.216 -303.04 455.627 426.331 -2099.915 -110.321 394.592 34.943 -1771.393 248.871 -17.242 -384.369 2232.361 2025 河北 晒干 一等 074
4183496 4602 2025/9/4 19:53:19 P13 36.74 64.84 0 38.2 14.71 930.62 941.98 85.449 201.721 991.058 -491.486 235.596 1857.3 -3050.537 -424.652 -1079.712 -785.37 -2067.261 -1367.798 -661.316 48.828 583.649 432.587 392.456 169.525 -119.629 312.653 -2733.765 2.441 -1413.574 -709.534 -2403.564 -1718.903 -1015.015 -305.481 456.238 426.941 -2101.135 -109.1 394.44 35.095 -1774.292 249.939 -22.125 -386.047 2232.819 2025 河北 晒干 一等 074
4183497 4602 2025/9/4 19:53:20 P13 36.83 64.86 0 38.35 14.68 930.62 942 85.907 201.416 990.601 -494.69 222.778 1864.166 -3063.965 -422.974 -1074.524 -780.029 -2068.024 -1367.188 -664.978 48.828 583.344 433.197 392.456 169.525 -127.716 312.347 -2744.141 5.798 -1409.76 -705.261 -2409.058 -1720.123 -1016.083 -305.786 455.933 427.246 -2100.372 -111.542 394.44 34.485 -1772.614 249.176 -21.973 -386.505 2232.056 2025 河北 晒干 一等 074
4183498 4602 2025/9/4 19:53:21 P13 36.79 64.84 0 38.25 14.66 930.61 941.99 85.297 201.263 990.601 -500.031 225.22 1862.03 -3072.662 -429.535 -1085.815 -790.253 -2079.315 -1375.122 -669.098 46.387 583.496 430.756 392.456 167.999 -128.784 312.195 -2752.686 -2.899 -1422.272 -715.027 -2419.128 -1727.6 -1023.712 -308.533 455.322 426.483 -2113.953 -109.711 394.745 34.637 -1785.889 248.718 -21.362 -383.453 2229.309 2025 河北 晒干 一等 074
4183499 4602 2025/9/4 19:53:22 P13 36.76 64.79 0 38.26 14.54 930.6 941.97 84.991 201.263 989.38 -495.606 225.983 1860.657 -3071.594 -424.805 -1089.478 -786.743 -2078.094 -1372.681 -666.199 45.471 584.412 430.908 391.846 168.915 -126.19 311.127 -2752.228 4.73 -1427.612 -712.28 -2419.128 -1725.922 -1020.66 -309.143 456.39 427.704 -2112.885 -111.694 394.44 34.18 -1786.499 249.329 -21.362 -385.132 2232.513 2025 河北 晒干 一等 074
4183500 4602 2025/9/4 19:53:23 P13 36.74 64.79 0 38.31 14.54 930.6 941.96 85.449 201.263 990.753 -502.319 218.201 1865.54 -3055.878 -436.401 -1084.29 -793.457 -2068.939 -1372.223 -667.877 48.218 583.954 431.519 391.541 168.152 -133.362 312.5 -2736.359 -6.104 -1418.152 -710.297 -2405.396 -1722.107 -1019.745 -309.448 456.543 427.094 -2107.086 -111.847 394.745 34.332 -1780.853 247.65 -20.447 -383.759 2233.124 2025 河北 晒干 一等 074
4183501 4602 2025/9/4 19:53:24 P13 36.77 64.8 0 38.24 14.58 930.62 941.98 85.144 201.416 989.838 -497.437 223.541 1861.42 -3053.589 -435.333 -1079.102 -794.678 -2064.209 -1365.204 -664.215 47.455 583.649 432.129 393.066 168.61 -128.479 312.805 -2735.901 -4.425 -1414.795 -707.398 -2403.412 -1716.461 -1015.472 -306.702 456.085 427.246 -2102.509 -108.795 394.44 34.18 -1775.36 251.923 -22.278 -383.911 2230.835 2025 河北 晒干 一等 074
4183502 4602 2025/9/4 19:53:25 P13 36.7 64.84 0 38.26 14.35 930.63 942 84.991 201.111 990.448 -498.505 222.626 1863.251 -3033.752 -420.99 -1078.949 -779.114 -2049.408 -1354.98 -652.618 52.338 583.801 430.145 392.761 168.152 -129.089 312.653 -2716.37 11.444 -1410.675 -702.515 -2385.101 -1703.186 -1004.333 -298.462 456.39 428.314 -2096.863 -103.76 394.745 34.637 -1768.951 255.432 -21.667 -390.015 2227.173 2025 河北 晒干 一等 074
4183503 4602 2025/9/4 19:53:26 P13 36.7 64.84 0 38.26 14.54 930.62 941.97 85.449 200.958 988.312 -499.268 216.675 1871.033 -3027.191 -408.63 -1073.608 -765.381 -2041.931 -1349.335 -650.177 54.016 583.191 428.925 393.372 168.61 -131.531 313.263 -2711.487 16.937 -1403.503 -699.921 -2380.829 -1696.32 -998.688 -296.631 454.712 427.094 -2092.133 -106.812 394.44 34.485 -1765.594 254.517 -22.583 -384.522 2231.903 2025 河北 晒干 一等 074
4183504 4602 2025/9/4 19:53:27 P13 36.77 64.8 0 38.26 14.6 930.64 941.98 84.229 200.653 988.464 -497.437 218.506 1862.946 -3034.668 -410.614 -1074.219 -766.449 -2042.999 -1349.487 -653.381 52.185 582.275 429.84 392.609 168.762 -129.852 309.296 -2717.59 14.343 -1406.25 -704.498 -2383.423 -1697.998 -998.84 -299.225 454.865 426.636 -2096.405 -107.422 393.677 34.637 -1767.578 248.261 -18.921 -384.064 2231.293 2025 河北 晒干 一等 074
4183505 4602 2025/9/4 19:53:28 P13 36.81 64.8 0 38.2 14.68 930.63 941.98 84.991 200.195 988.464 -495.453 219.116 1863.403 -3046.265 -427.246 -1080.17 -781.555 -2048.187 -1351.624 -654.755 52.338 582.123 429.688 393.677 168.915 -129.089 311.127 -2725.22 5.493 -1413.879 -704.804 -2388.153 -1700.439 -1003.723 -298.767 454.712 427.094 -2101.593 -111.237 394.135 33.875 -1775.208 249.176 -21.515 -382.843 2235.565 2025 河北 晒干 一等 074
4183506 4602 2025/9/4 19:53:29 P13 36.77 64.84 0 38.2 14.53 930.6 941.97 84.686 200.653 987.396 -499.268 222.321 1861.572 -3031.616 -422.669 -1077.728 -781.097 -2048.187 -1352.386 -652.466 51.575 580.597 429.688 393.982 167.999 -128.632 310.059 -2713.776 2.289 -1409.76 -709.839 -2383.881 -1700.745 -1001.587 -298.615 453.796 426.025 -2096.1 -105.591 393.829 34.637 -1767.578 250.855 -21.667 -387.268 2228.088 2025 河北 晒干 一等 074
4183507 4602 2025/9/4 19:53:30 P13 36.8 64.8 0 38.27 14.53 930.62 941.96 83.618 199.738 986.939 -505.066 211.487 1866.608 -3028.259 -420.532 -1074.677 -776.52 -2043.304 -1345.367 -647.583 53.101 580.444 430.298 393.677 167.389 -136.566 310.364 -2710.419 1.678 -1404.724 -700.531 -2380.219 -1694.183 -995.636 -295.105 453.949 425.72 -2093.811 -111.237 393.219 34.027 -1764.221 247.803 -20.142 -384.979 2229.614 2025 河北 晒干 一等 074
4183508 4602 2025/9/4 19:53:31 P13 36.8 64.7 0 38.37 14.46 930.6 941.98 84.839 199.89 987.549 -503.235 218.048 1858.521 -3059.082 -424.042 -1083.527 -783.081 -2069.55 -1368.713 -665.436 46.387 579.224 428.009 393.677 167.542 -134.43 308.838 -2741.394 2.747 -1419.373 -709.992 -2409.058 -1719.666 -1017.456 -309.296 453.186 425.263 -2107.544 -112.152 392.761 34.79 -1781.006 247.192 -20.142 -385.895 2228.546 2025 河北 晒干 一等 074
4183509 4602 2025/9/4 19:53:32 P13 36.73 64.81 0 38.36 14.61 930.62 941.98 83.923 198.822 986.023 -498.962 217.285 1861.42 -3045.959 -439.453 -1085.358 -796.204 -2058.716 -1363.373 -663.757 47.607 577.698 429.688 394.592 167.847 -131.836 308.991 -2727.509 -5.951 -1419.678 -715.332 -2395.782 -1711.884 -1013.947 -306.397 453.339 424.042 -2107.239 -112.763 391.846 34.485 -1780.853 248.718 -20.447 -385.59 2227.173 2025 河北 晒干 一等 074
4183510 4602 2025/9/4 19:53:33 P13 36.73 64.79 0 38.33 14.56 930.59 941.98 83.466 199.89 986.939 -503.235 212.555 1862.946 -3032.532 -427.094 -1085.815 -783.081 -2044.983 -1348.114 -652.161 49.133 578.003 429.535 395.203 167.084 -136.414 306.854 -2714.844 1.526 -1417.999 -712.891 -2383.575 -1697.235 -1002.197 -298.767 452.728 424.347 -2105.865 -113.373 392.304 33.875 -1778.564 245.361 -20.752 -384.674 2231.293 2025 河北 晒干 一等 074
4183511 4602 2025/9/4 19:53:34 P13 36.8 64.81 0 38.33 14.46 930.59 941.98 84.229 200.043 986.786 -496.368 222.931 1858.215 -3030.396 -426.636 -1081.238 -778.809 -2040.405 -1345.978 -652.161 50.812 579.224 430.756 394.287 169.067 -126.648 307.159 -2712.402 2.136 -1413.422 -709.229 -2379.608 -1693.268 -999.146 -298.92 452.271 424.347 -2103.271 -112.61 391.998 34.027 -1774.445 247.04 -21.82 -383.148 2231.75 2025 河北 晒干 一等 074
4183512 4602 2025/9/4 19:53:35 P13 36.79 64.73 0 38.33 14.58 930.62 941.98 84.229 199.738 986.328 -502.319 219.116 1861.42 -3043.213 -426.636 -1073.151 -783.997 -2057.495 -1359.558 -657.959 48.065 579.071 429.382 394.592 167.847 -131.683 308.228 -2725.372 -2.441 -1403.503 -703.125 -2394.409 -1709.442 -1007.843 -303.345 452.576 424.347 -2094.116 -110.779 392.151 34.485 -1763.916 247.498 -22.278 -384.522 2231.14 2025 河北 晒干 一等 074
4183513 4602 2025/9/4 19:53:36 P13 36.8 64.83 0 38.26 14.61 930.63 941.98 83.771 199.585 985.87 -501.404 217.896 1861.115 -3042.908 -429.535 -1071.625 -787.811 -2053.986 -1354.523 -653.992 50.354 577.85 429.993 395.05 167.847 -131.989 308.075 -2724.762 -7.324 -1403.046 -699.005 -2393.494 -1705.017 -1003.876 -299.225 451.965 424.194 -2092.438 -111.694 391.541 34.332 -1764.679 247.192 -22.278 -384.979 2228.394 2025 河北 晒干 一等 074
4183514 4602 2025/9/4 19:53:37 P13 36.67 64.76 0 38.34 14.54 930.62 941.99 84.229 199.28 985.565 -508.881 204.163 1867.065 -3054.504 -428.619 -1066.742 -784.302 -2058.411 -1358.337 -659.18 49.133 578.613 429.688 395.66 167.084 -141.907 308.533 -2734.68 -1.068 -1399.231 -692.749 -2399.445 -1708.374 -1009.064 -302.277 451.202 423.584 -2088.165 -115.967 391.998 34.027 -1760.864 242.462 -21.362 -383.453 2225.8 2025 河北 晒干 一等 074
4183515 4602 2025/9/4 19:53:38 P13 36.73 64.73 0 38.26 14.48 930.65 941.98 84.839 199.89 986.939 -510.407 209.808 1864.014 -3065.338 -437.775 -1071.93 -796.356 -2071.228 -1370.697 -665.283 47.302 578.766 429.993 395.355 167.542 -141.449 309.448 -2746.124 -9.155 -1407.623 -699.31 -2411.957 -1721.039 -1017.151 -307.007 451.813 422.974 -2096.863 -109.711 391.388 34.79 -1768.646 248.871 -20.905 -382.385 2233.124 2025 河北 晒干 一等 074
4183516 4602 2025/9/4 19:53:39 P13 36.79 64.72 0 38.32 14.66 930.63 941.98 84.381 200.653 986.023 -515.442 202.026 1871.49 -3072.205 -433.502 -1063.538 -793.457 -2079.468 -1376.343 -667.114 45.166 579.987 430.756 393.829 167.084 -148.315 310.211 -2754.974 -6.714 -1398.926 -686.035 -2420.807 -1728.516 -1023.712 -308.533 451.508 423.737 -2089.386 -115.814 391.846 35.095 -1762.085 244.141 -20.599 -383.606 2234.65 2025 河北 晒干 一等 074
4183517 4602 2025/9/4 19:53:40 P13 36.69 64.76 0 38.3 14.61 930.63 941.96 85.449 200.501 986.633 -509.338 216.217 1864.319 -3075.867 -431.976 -1055.756 -794.525 -2086.487 -1380.92 -668.64 42.572 580.597 431.213 395.355 167.084 -138.855 311.585 -2759.552 1.068 -1392.059 -678.558 -2425.537 -1734.772 -1025.696 -310.516 452.423 424.194 -2079.62 -112.763 391.998 34.79 -1753.235 246.887 -16.327 -385.742 2234.497 2025 河北 晒干 一等 074
4183518 4602 2025/9/4 19:53:41 P13 36.69 64.8 0 38.3 14.44 930.6 941.99 84.534 201.569 987.396 -509.186 205.689 1869.965 -3034.21 -431.824 -1059.723 -785.37 -2044.22 -1345.825 -651.55 50.354 581.207 432.129 393.372 167.847 -141.754 309.753 -2718.201 -0.916 -1390.839 -686.951 -2384.644 -1695.709 -998.535 -298.462 452.271 424.957 -2080.994 -113.983 392.151 34.027 -1751.862 245.361 -19.073 -385.895 2233.734 2025 河北 晒干 一等 074
4183519 4602 2025/9/4 19:53:42 P13 36.76 64.79 0 38.23 14.61 930.64 941.98 84.686 201.721 988.312 -502.625 211.792 1868.439 -3032.684 -428.772 -1054.077 -783.997 -2043.762 -1350.861 -651.398 52.948 583.191 432.434 393.829 167.999 -135.803 312.195 -2714.691 -0.153 -1383.667 -681.458 -2382.202 -1698.914 -1000.824 -296.783 452.576 424.194 -2073.517 -113.068 393.066 34.027 -1745.453 246.735 -21.21 -384.979 2233.276 2025 河北 晒干 一等 074
4183520 4602 2025/9/4 19:53:43 P13 36.84 64.77 0 38.39 14.63 930.63 941.98 84.839 201.263 988.312 -506.897 211.334 1867.371 -3073.12 -433.655 -1052.551 -791.473 -2079.468 -1376.038 -671.387 45.013 583.191 432.282 392.914 168.304 -139.771 311.432 -2755.432 -1.221 -1390.839 -675.201 -2421.875 -1730.042 -1024.17 -312.042 452.881 424.652 -2079.926 -112.457 393.372 34.485 -1753.082 247.345 -21.362 -384.979 2233.124 2025 河北 晒干 一等 074
4183521 4602 2025/9/4 19:53:44 P13 36.67 64.81 0 38.35 14.63 930.6 941.97 85.144 200.958 988.007 -506.744 211.945 1865.997 -3061.829 -438.995 -1049.957 -796.204 -2065.735 -1364.288 -662.384 49.133 583.038 431.061 393.524 168.457 -138.397 311.585 -2741.699 -8.087 -1386.566 -674.591 -2406.158 -1715.088 -1014.404 -304.26 453.186 424.805 -2077.179 -110.474 393.219 34.485 -1750.336 249.329 -21.973 -384.979 2233.276 2025 河北 晒干 一等 074
4183522 4602 2025/9/4 19:53:45 P15 36.77 64.75 0 38.37 14.61 932.28 942.78 85.144 202.026 988.77 -503.845 217.743 1864.471 -3063.354 -440.369 -1049.5 -798.035 -2075.5 -1375.275 -666.351 47.913 582.886 431.976 393.677 168.61 -134.43 312.195 -2746.124 -10.071 -1384.125 -676.117 -2414.856 -1726.074 -1021.423 -307.617 453.186 424.957 -2073.059 -106.354 393.219 35.095 -1745.3 252.991 -19.073 -384.674 2232.056 2025 河北 晒干 一等 074
4183523 4602 2025/9/4 19:53:46 P15 36.81 64.8 0 38.4 14.53 936.27 932.8 85.907 203.4 996.552 -495.148 230.103 1861.725 -3050.69 -431.976 -1052.551 -792.999 -2066.345 -1365.204 -658.264 51.422 587.158 433.807 394.135 170.136 -124.207 314.941 -2733.612 -5.188 -1387.939 -679.779 -2403.412 -1716.003 -1011.2 -300.903 456.543 428.925 -2075.348 -110.474 395.966 34.79 -1748.505 248.871 -20.752 -385.59 2233.124 2025 河北 晒干 一等 074
4183524 4602 2025/9/4 19:53:47 P15 36.77 64.73 0 38.44 14.02 935.75 932.8 85.297 201.721 987.549 -499.42 219.727 1862.03 -3035.431 -424.194 -1057.892 -782.013 -2048.34 -1351.624 -649.872 59.052 582.428 430.908 397.492 169.067 -131.683 310.364 -2718.048 2.136 -1393.127 -690.765 -2386.78 -1700.439 -1000.824 -294.952 453.186 438.08 -2081.604 -110.474 395.966 35.4 -1753.693 249.023 -21.057 -385.132 2229.462 2025 河北 晒干 一等 074
4183525 4602 2025/9/4 19:53:48 P15 36.72 64.73 0 38.36 13.33 935.75 932.26 84.839 200.958 989.227 -505.371 208.588 1866.455 -2997.284 -436.249 -1063.538 -792.084 -2006.073 -1311.646 -614.624 91.4 581.665 433.044 400.391 169.83 -138.702 310.364 -2678.986 -4.883 -1397.247 -692.291 -2346.649 -1659.698 -963.135 -260.468 453.033 474.701 -2084.656 -110.016 418.396 35.4 -1757.05 249.481 -18.921 -385.742 2231.14 2025 河北 晒干 一等 074
4183526 4602 2025/9/4 19:53:49 P15 36.8 64.8 0 38.37 13.18 935.66 932.21 85.449 201.416 990.601 -496.826 217.743 1866.302 -2962.036 -431.519 -1060.638 -787.354 -1974.03 -1277.161 -578.156 130.31 580.292 430.145 400.696 175.476 -128.632 310.974 -2642.365 -5.188 -1391.602 -690.308 -2310.638 -1626.587 -929.108 -221.252 467.377 516.968 -2079.62 -114.441 462.494 35.4 -1750.946 244.446 -23.651 -384.827 2232.361 2025 河北 晒干 一等 074
4183527 4602 2025/9/4 19:53:50 P15 36.8 64.75 0 38.36 12.94 935.68 932.21 87.128 200.958 990.143 -489.96 226.44 1863.098 -2919.617 -418.091 -1063.538 -774.231 -1931.915 -1231.384 -535.126 171.967 575.714 430.298 401.764 183.716 -123.291 312.5 -2603.302 8.85 -1392.517 -689.087 -2268.982 -1584.015 -883.179 -177.765 505.676 564.728 -2080.841 -110.779 525.971 35.858 -1752.625 248.108 -18.463 -385.895 2231.293 2025 河北 晒干 一等 074
4183528 4602 2025/9/4 19:53:51 P15 36.76 64.81 0 38.35 12.57 935.69 932.19 89.722 202.484 992.127 -473.175 245.209 1863.403 -2924.957 -431.061 -1056.366 -790.405 -1927.185 -1219.33 -510.864 205.536 572.357 431.366 405.426 195.313 -104.981 318.604 -2604.675 -1.831 -1396.027 -681.152 -2272.034 -1573.792 -862.732 -149.231 571.594 609.131 -2082.367 -109.1 595.245 36.011 -1756.592 249.939 -21.973 -384.522 2231.14 2025 河北 晒干 一等 074
4183529 4602 2025/9/4 19:53:52 P15 36.79 64.81 0 38.38 12.08 935.71 932.21 93.842 204.315 993.347 -451.508 265.808 1864.471 -2856.598 -431.824 -1042.48 -790.405 -1860.962 -1164.398 -460.358 248.718 571.899 431.519 416.412 210.571 -82.855 326.538 -2537.231 -3.815 -1377.411 -670.929 -2204.285 -1511.536 -812.073 -104.218 657.044 650.024 -2063.751 -109.1 662.231 37.689 -1736.755 250.549 -19.836 -386.047 2230.988 2025 河北 晒干 一等 074
4183530 4602 2025/9/4 19:53:53 P15 36.73 64.81 0 38.31 11.65 935.72 932.22 100.098 206.909 996.552 -388.489 330.353 1860.352 -2840.118 -427.094 -1031.342 -783.844 -1840.363 -1133.423 -425.11 286.255 577.087 432.434 433.35 228.577 -18.158 342.102 -2519.226 -3.815 -1364.899 -659.79 -2183.075 -1488.647 -778.809 -68.054 756.531 686.035 -2055.511 -111.542 725.25 41.046 -1726.379 248.413 -21.82 -382.233 2227.631 2025 河北 晒干 一等 074
4183531 4602 2025/9/4 19:53:54 P15 36.81 64.76 0 38.43 11.21 935.7 932.22 106.201 210.114 999.908 -360.565 357.666 1877.441 -2812.805 -449.066 -1010.132 -808.106 -1818.695 -1113.739 -402.832 316.925 592.804 433.044 456.238 247.04 7.019 362.396 -2492.676 -11.139 -1348.724 -640.411 -2158.356 -1466.98 -758.972 -41.504 863.19 719.91 -2038.727 -104.828 784.76 47.302 -1710.815 256.348 -14.648 -383.301 2231.598 2025 河北 晒干 一等 074
4183532 4602 2025/9/4 19:53:55 P15 36.81 64.8 0 38.43 11.4 935.71 932.26 112.763 214.996 1004.639 -267.792 453.796 1869.965 -2775.421 -436.401 -970.001 -793.762 -1773.834 -1070.099 -361.481 353.088 621.338 433.044 479.584 265.808 101.929 386.353 -2452.087 -6.104 -1304.169 -594.177 -2114.258 -1421.661 -717.468 -1.831 971.375 751.038 -1994.019 -106.506 840.454 57.22 -1665.802 252.686 -19.684 -385.132 2232.513 2025 河北 晒干 一等 074
4183533 4602 2025/9/4 19:53:56 P15 36.77 64.83 0 38.25 10.92 935.74 932.23 118.713 217.133 1009.369 -199.127 526.733 1865.997 -2765.198 -431.976 -944.519 -793.762 -1765.747 -1052.856 -339.203 378.876 657.959 433.96 504.761 281.22 173.34 414.887 -2444.763 1.526 -1283.722 -564.88 -2109.375 -1408.997 -695.19 21.057 1076.965 779.877 -1973.572 -111.237 892.181 70.496 -1644.592 248.566 -21.362 -382.233 2232.208 2025 河北 晒干 一等 074
4183534 4602 2025/9/4 19:53:57 P15 36.69 64.79 0 38.39 10.65 935.73 932.26 124.054 211.639 1016.083 -165.405 558.014 1861.877 -2699.127 -425.263 -912.17 -778.656 -1699.982 -994.873 -293.579 415.802 698.395 435.181 529.785 297.546 205.841 446.014 -2378.235 2.747 -1245.117 -536.804 -2042.084 -1348.419 -643.463 63.324 1176.147 805.969 -1935.577 -109.558 940.857 85.754 -1606.445 249.176 -22.583 -385.59 2231.14 2025 河北 晒干 一等 074
4183535 4602 2025/9/4 19:53:58 P15 36.79 64.79 0 38.26 10.67 935.76 932.26 128.937 195.77 1022.949 -189.819 541.077 1860.657 -2713.928 -440.521 -886.383 -799.255 -1709.9 -997.772 -280.914 440.674 731.201 435.486 556.488 316.467 183.258 481.262 -2392.578 -5.798 -1219.635 -505.524 -2054.596 -1355.438 -638.886 80.414 1269.073 830.994 -1915.436 -108.643 985.413 104.218 -1584.625 248.871 -20.142 -384.216 2228.088 2025 河北 晒干 一等 074
4183536 4602 2025/9/4 19:53:59 P15 36.76 64.77 0 38.14 10.48 935.75 932.27 132.446 166.931 1030.426 -197.449 527.344 1865.387 -2667.236 -440.216 -856.323 -797.577 -1667.633 -961.304 -253.296 463.562 749.97 437.622 583.649 334.168 173.645 513.611 -2344.818 -8.392 -1192.932 -475.159 -2008.972 -1315.155 -609.131 105.438 1352.386 852.814 -1883.24 -110.321 1026.154 123.749 -1553.955 250.244 -20.142 -386.658 2229.309 2025 河北 晒干 一等 074
4183537 4602 2025/9/4 19:54:00 P15 36.89 64.81 0 38.19 10.43 935.77 932.28 136.414 149.994 1039.429 -219.269 507.66 1867.371 -2646.942 -430.145 -821.381 -784.912 -1638.489 -932.007 -224.152 493.622 763.55 435.028 611.725 350.037 153.809 549.011 -2322.693 -1.526 -1156.769 -444.946 -1983.337 -1286.163 -578.919 137.024 1426.697 873.566 -1850.739 -112.763 1063.538 144.501 -1520.844 247.192 -22.43 -386.047 2230.072 2025 河北 晒干 一等 074
4183538 4602 2025/9/4 19:54:01 P15 36.77 64.76 0 38 10.25 935.75 932.28 139.008 195.007 1048.737 -248.108 476.532 1858.215 -2631.378 -437.622 -787.201 -795.288 -1627.502 -918.884 -204.926 515.289 791.016 432.892 642.548 362.701 122.986 583.496 -2308.35 -6.866 -1123.505 -407.105 -1971.13 -1275.787 -562.744 157.013 1493.988 894.775 -1819.763 -108.948 1098.328 164.948 -1488.647 249.176 -21.21 -386.81 2238.312 2025 河北 晒干 一等 074
4183539 4602 2025/9/4 19:54:02 P15 36.77 64.81 0 37.77 10.03 935.75 932.28 141.449 294.037 1058.502 -259.705 463.257 1858.521 -2591.248 -434.876 -746.765 -790.405 -1590.729 -883.789 -175.018 537.72 843.048 435.181 673.828 373.993 110.169 612.64 -2268.829 -11.597 -1082.153 -373.993 -1931.61 -1238.251 -529.633 184.021 1553.802 913.696 -1777.344 -112.61 1129.761 184.021 -1446.075 245.667 -18.616 -384.827 2230.072 2025 河北 晒干 一等 074
4183540 4602 2025/9/4 19:54:03 P15 36.76 64.73 0 37.6 10 935.78 932.31 143.433 375.977 1070.862 -277.405 447.54 1861.572 -2613.525 -439.758 -720.673 -798.645 -1606.293 -891.571 -173.798 551.453 916.901 442.81 704.804 383.301 93.842 641.327 -2290.649 -7.935 -1061.554 -342.407 -1952.209 -1250.153 -532.227 189.819 1607.513 929.413 -1754.303 -108.185 1159.363 202.942 -1423.95 249.481 -21.21 -384.522 2230.377 2025 河北 晒干 一等 074
4183541 4602 2025/9/4 19:54:04 P15 36.77 64.81 0 37.46 9.97 935.78 932.32 145.721 419.312 1082.306 -279.388 441.589 1863.708 -2555.237 -444.946 -693.97 -800.934 -1553.497 -846.252 -139.465 575.562 999.451 444.489 737.305 392.761 90.027 667.725 -2231.598 -12.665 -1032.257 -316.925 -1894.989 -1200.256 -492.706 219.727 1656.494 946.198 -1727.6 -109.1 1186.981 220.337 -1396.79 251.007 -21.973 -384.827 2230.682 2025 河北 晒干 一等 074
4183542 4602 2025/9/4 19:54:05 P15 36.74 64.69 0 37.23 9.78 935.81 932.31 146.942 438.69 1093.445 -292.053 433.96 1869.049 -2559.204 -458.679 -674.286 -812.988 -1546.478 -836.487 -125.122 596.314 1085.052 443.42 767.67 400.238 79.346 693.97 -2234.497 -24.261 -1011.658 -300.446 -1893.463 -1192.169 -481.11 237.885 1699.829 961.762 -1710.205 -109.253 1211.548 235.596 -1378.174 250.702 -21.82 -386.505 2228.699 2025 河北 晒干 一等 074
4183543 4602 2025/9/4 19:54:06 P15 36.8 64.75 0 36.88 9.68 935.82 932.33 148.01 449.371 1106.72 -294.342 427.399 1864.319 -2522.736 -452.423 -651.703 -807.19 -1517.639 -810.089 -100.555 616.15 1160.431 443.573 798.95 408.478 75.989 724.793 -2198.029 -25.177 -988.77 -279.388 -1860.657 -1163.635 -455.627 260.315 1740.723 975.952 -1687.317 -111.542 1234.741 249.481 -1354.98 247.65 -19.073 -384.827 2232.208 2025 河北 晒干 一等 074
4183544 4602 2025/9/4 19:54:07 P15 36.69 64.77 0 36.56 9.6 935.78 932.31 148.163 435.486 1120.758 -304.413 421.448 1859.283 -2547.15 -447.998 -643.768 -810.547 -1536.407 -818.329 -100.861 625.61 1222.687 439.301 829.926 414.581 67.291 756.073 -2221.375 -22.278 -984.497 -261.993 -1882.477 -1176.453 -460.358 263.825 1779.785 991.516 -1680.908 -110.321 1258.85 261.536 -1349.792 247.498 -20.905 -386.353 2230.988 2025 河北 晒干 一等 074
4183545 4602 2025/9/4 19:54:08 P15 36.73 64.72 0 36.3 9.48 935.81 932.33 149.384 390.472 1133.423 -292.511 428.619 1860.962 -2497.253 -457.611 -635.223 -815.277 -1492.157 -784.607 -75.378 642.853 1258.087 432.739 858.307 421.448 76.904 782.471 -2174.225 -34.79 -973.663 -259.094 -1835.785 -1139.221 -430.603 284.882 1811.829 1002.808 -1669.617 -111.847 1277.466 272.98 -1337.891 248.871 -19.379 -384.216 2232.208 2025 河北 晒干 一等 074
4183546 4602 2025/9/4 19:54:09 P15 36.73 64.76 0 36.3 9.38 935.8 932.35 150.147 321.503 1145.325 -287.17 437.927 1862.946 -2497.101 -466.614 -623.016 -821.686 -1483.765 -772.705 -61.34 659.638 1266.632 429.688 884.399 428.619 83.923 812.073 -2171.478 -35.4 -960.236 -248.413 -1830.292 -1129.15 -417.481 301.209 1842.651 1014.557 -1660.004 -116.272 1296.082 284.119 -1326.904 243.988 -23.193 -382.69 2232.208 2025 河北 晒干 一等 074
4183547 4602 2025/9/4 19:54:10 P15 36.83 64.81 0 35.81 9.43 935.84 932.34 149.231 273.743 1150.97 -281.372 443.115 1856.995 -2498.322 -473.785 -619.507 -828.4 -1493.683 -779.724 -61.188 663.452 1262.817 433.655 902.557 432.739 90.637 836.334 -2174.835 -44.708 -958.862 -238.953 -1837.921 -1137.39 -421.448 303.04 1860.809 1020.355 -1657.41 -112 1306 295.105 -1325.684 246.429 -21.21 -384.064 2229.004 2025 河北 晒干 一等 074
4183548 4602 2025/9/4 19:54:11 P15 36.69 64.7 0 35.39 9.27 935.83 932.37 149.078 208.893 1166.534 -258.484 466.614 1864.014 -2459.106 -475.006 -615.082 -827.179 -1454.163 -745.697 -33.417 684.815 1250.916 445.557 924.683 440.826 113.22 867.462 -2136.23 -47.15 -950.623 -238.19 -1798.706 -1100.464 -388.947 328.827 1891.022 1033.478 -1649.933 -108.032 1324.615 305.939 -1317.291 251.77 -21.057 -383.301 2230.377 2025 河北 晒干 一等 074
4183549 4602 2025/9/4 19:54:12 P15 36.8 64.72 0 35.15 9.27 935.83 932.35 149.841 174.561 1178.436 -243.073 486.45 1853.485 -2486.572 -475.464 -626.221 -833.13 -1472.931 -757.752 -36.163 693.665 1238.708 447.388 944.061 446.777 130.158 906.22 -2161.865 -40.283 -966.034 -239.258 -1820.831 -1113.892 -394.898 329.59 1916.504 1044.617 -1663.971 -112.152 1339.874 317.688 -1332.092 247.192 -22.43 -385.437 2231.293 2025 河北 晒干 一等 074
4183550 4602 2025/9/4 19:54:13 P15 36.7 64.76 0 34.74 9.21 935.83 932.36 149.078 160.065 1191.101 -216.217 505.219 1864.929 -2441.254 -462.494 -624.39 -820.77 -1431.885 -722.046 -12.36 708.923 1228.79 446.777 962.83 454.102 153.351 919.647 -2116.241 -33.112 -963.44 -243.225 -1775.513 -1079.254 -367.889 349.731 1939.697 1053.925 -1660.004 -107.727 1353.76 329.895 -1328.583 252.228 -21.667 -384.064 2225.952 2025 河北 晒干 一等 074
4183551 4602 2025/9/4 19:54:14 P15 36.76 64.66 0 34.38 9.27 935.82 932.37 149.994 154.419 1205.75 -189.819 536.194 1859.741 -2426.147 -475.464 -633.698 -833.283 -1420.288 -709.686 0 719.452 1217.804 447.388 982.513 460.51 181.274 954.59 -2101.898 -54.321 -971.832 -254.059 -1763.611 -1065.369 -354.004 361.023 1963.196 1063.69 -1666.565 -104.828 1368.103 343.018 -1334.839 254.822 -21.21 -383.911 2231.14 2025 河北 晒干 一等 074
4183552 4602 2025/9/4 19:54:15 P15 36.81 64.75 0 33.95 9.14 935.85 932.36 149.078 173.035 1230.469 -139.16 582.733 1865.082 -2404.327 -489.044 -658.112 -843.048 -1397.247 -685.883 24.414 740.356 1197.205 446.93 1019.592 471.954 231.476 1000.214 -2079.773 -57.983 -993.805 -283.814 -1741.18 -1042.328 -331.421 384.522 2004.7 1083.069 -1688.995 -106.354 1393.585 371.857 -1356.812 252.075 -18.921 -383.911 2232.513 2025 河北 晒干 一等 074
4183553 4602 2025/9/4 19:54:16 P15 36.83 64.77 0 33.52 9.03 935.85 932.36 148.621 187.378 1242.218 -118.866 606.537 1865.692 -2393.188 -495.3 -664.825 -849.304 -1381.836 -672.913 37.231 756.683 1185.76 447.998 1035.309 475.617 253.601 1026.154 -2066.04 -65.613 -998.688 -284.576 -1726.837 -1027.222 -318.298 398.865 2023.01 1091.461 -1698.151 -104.37 1404.724 386.047 -1365.356 254.517 -20.752 -381.622 2231.14 2025 河北 晒干 一等 074
4183554 4602 2025/9/4 19:54:17 P15 36.76 64.68 0 33.07 9.03 935.85 932.38 148.468 195.618 1252.441 -105.438 619.965 1867.218 -2386.78 -487.213 -663.452 -841.522 -1377.411 -668.182 43.64 762.634 1181.335 446.32 1050.568 478.668 266.724 1042.786 -2062.378 -65.155 -1000.671 -293.121 -1722.87 -1022.949 -312.5 404.205 2040.405 1098.938 -1697.693 -101.624 1413.879 397.186 -1365.204 257.263 -18.921 -384.979 2229.614 2025 河北 晒干 一等 074
4183555 4602 2025/9/4 19:54:18 P15 36.81 64.77 0 32.63 8.95 935.83 932.39 148.621 211.029 1264.648 -85.754 645.905 1859.436 -2416.229 -489.96 -682.526 -848.846 -1402.283 -680.542 41.809 766.602 1168.823 446.014 1063.995 482.788 289.612 1080.17 -2090.454 -67.139 -1024.475 -306.091 -1750.336 -1041.718 -319.977 406.647 2057.19 1107.33 -1721.649 -101.929 1424.866 415.039 -1389.618 257.111 -21.21 -381.012 2226.41 2025 河北 晒干 一等 074
4183556 4602 2025/9/4 19:54:19 P15 36.76 64.72 0 32.43 8.95 935.85 932.37 148.01 212.708 1276.245 -70.343 655.975 1863.403 -2379.303 -484.619 -690.002 -843.811 -1374.512 -661.011 56.305 778.046 1161.194 445.557 1078.186 485.535 302.887 1098.48 -2056.274 -59.052 -1026.764 -307.159 -1719.513 -1018.677 -301.971 418.396 2074.89 1115.417 -1722.412 -102.387 1434.479 432.434 -1390.839 258.331 -22.43 -380.249 2230.072 2025 河北 晒干 一等 074
4183557 4602 2025/9/4 19:54:20 P15 36.73 64.76 0 32.11 8.87 935.85 932.36 148.163 211.945 1286.316 -63.934 663.757 1864.471 -2378.235 -491.791 -685.12 -846.405 -1362 -646.668 67.139 788.574 1156.006 444.183 1090.698 488.586 308.685 1114.96 -2051.697 -65.46 -1022.491 -304.565 -1710.052 -1005.096 -289.764 430.298 2089.844 1122.894 -1717.987 -98.572 1443.634 450.592 -1386.261 260.162 -22.43 -384.522 2236.633 2025 河北 晒干 一等 074
4183558 4602 2025/9/4 19:54:21 P15 36.76 64.66 0 31.89 8.92 935.84 932.39 147.4 205.841 1297.607 -70.038 659.638 1857.91 -2377.93 -492.859 -680.542 -848.999 -1368.713 -654.907 67.596 795.746 1149.292 444.031 1102.142 490.265 304.565 1150.208 -2053.528 -67.596 -1017.914 -299.53 -1712.189 -1013.489 -294.952 432.892 2105.713 1130.676 -1714.783 -96.588 1452.179 465.241 -1383.82 262.756 -22.125 -382.843 2230.682 2025 河北 晒干 一等 074
4183559 4602 2025/9/4 19:54:22 P15 36.79 64.73 0 31.32 9.01 935.87 932.39 147.095 195.618 1308.289 -70.19 658.417 1858.673 -2385.101 -500.794 -686.34 -859.222 -1367.798 -650.787 71.259 800.476 1147.156 447.388 1114.655 493.164 302.582 1166.687 -2057.19 -69.427 -1026.459 -304.108 -1715.851 -1008.301 -289.764 437.012 2119.141 1136.78 -1723.175 -94.299 1460.571 480.499 -1392.212 264.13 -18.616 -383.301 2232.361 2025 河北 晒干 一等 074
4183560 4602 2025/9/4 19:54:23 P15 36.79 64.73 0 31.32 8.74 935.86 932.39 146.179 184.784 1317.902 -48.981 676.88 1867.981 -2343.14 -490.418 -697.937 -847.015 -1333.008 -619.202 93.689 814.972 1143.494 444.183 1124.878 494.232 322.571 1166.84 -2018.127 -65.308 -1034.393 -323.029 -1677.399 -975.647 -263.062 455.017 2134.705 1144.867 -1728.973 -95.215 1469.116 498.505 -1397.858 264.74 -21.667 -383.911 2230.835 2025 河北 晒干 一等 074
4183561 4602 2025/9/4 19:54:24 P15 36.76 64.73 0 31.09 8.84 935.85 932.38 146.332 173.34 1327.667 -59.204 669.251 1864.777 -2348.328 -489.197 -702.667 -844.269 -1329.498 -615.234 99.792 824.585 1138.306 444.641 1133.575 495.911 314.026 1190.643 -2021.179 -66.223 -1039.124 -323.792 -1678.162 -972.9 -258.179 464.478 2146.759 1151.123 -1736.755 -95.215 1476.44 507.965 -1404.419 263.367 -20.752 -384.827 2235.718 2025 河北 晒干 一等 074
4183562 4602 2025/9/4 19:54:25 P15 36.72 64.72 0 30.79 8.74 935.86 932.39 146.027 162.506 1337.891 -68.817 660.706 1860.046 -2352.6 -493.622 -719.757 -853.882 -1342.468 -625.763 98.877 827.484 1138.763 444.031 1143.341 498.352 304.413 1215.973 -2028.503 -63.629 -1059.113 -340.271 -1688.232 -984.955 -263.062 466.003 2159.729 1157.837 -1753.845 -92.926 1484.68 521.24 -1423.645 265.808 -21.21 -383.759 2230.835 2025 河北 晒干 一等 074
4183563 4602 2025/9/4 19:54:26 P15 36.79 64.77 0 30.48 8.92 935.84 932.38 145.264 153.809 1346.13 -62.408 663.3 1863.556 -2328.186 -487.518 -721.13 -842.59 -1314.697 -602.417 112.152 837.097 1138 444.489 1151.733 500.031 310.364 1224.976 -2002.106 -64.087 -1059.265 -350.037 -1660.919 -958.862 -244.751 476.074 2172.699 1163.94 -1751.556 -90.637 1491.547 537.415 -1421.356 268.25 -21.667 -384.522 2229.004 2025 河北 晒干 一等 074
4183564 4602 2025/9/4 19:54:27 P15 36.73 64.76 0 30.24 8.73 935.85 932.38 145.721 146.79 1355.743 -72.632 655.823 1858.673 -2350.159 -496.216 -736.542 -857.086 -1334.534 -613.251 110.779 839.691 1140.137 442.047 1160.126 501.404 299.835 1247.253 -2023.773 -61.493 -1078.339 -356.751 -1681.824 -973.816 -251.312 476.837 2185.364 1170.502 -1772.308 -92.316 1498.566 556.793 -1442.719 267.487 -21.362 -384.522 2228.851 2025 河北 晒干 一等 074
4183565 4602 2025/9/4 19:54:28 P15 36.77 64.69 0 30.02 8.63 935.84 932.39 144.653 137.329 1365.204 -58.136 664.215 1862.183 -2303.314 -485.84 -739.441 -840.607 -1290.131 -579.224 132.904 855.103 1138.153 440.979 1167.755 502.93 312.805 1254.73 -1977.234 -57.831 -1071.777 -355.225 -1636.353 -933.838 -223.846 494.995 2197.418 1176.91 -1763.763 -91.858 1506.348 561.218 -1435.242 268.25 -20.905 -380.096 2233.429 2025 河北 晒干 一等 074
4183566 4602 2025/9/4 19:54:29 P15 36.77 64.65 0 29.76 8.73 935.84 932.39 144.959 129.7 1373.138 -73.395 661.469 1864.471 -2324.982 -486.755 -733.795 -843.811 -1309.357 -588.684 132.294 858.154 1137.543 435.181 1173.096 503.693 301.971 1263.275 -1999.817 -59.357 -1071.625 -352.783 -1658.173 -950.012 -229.492 498.2 2207.794 1182.404 -1767.273 -95.673 1511.688 572.357 -1435.547 264.74 -18.616 -383.759 2239.838 2025 河北 晒干 一等 074
4183567 4602 2025/9/4 19:54:30 P15 36.76 64.75 0 29.52 8.85 935.84 932.39 144.196 126.19 1381.531 -65.765 660.706 1861.725 -2311.859 -494.537 -738.983 -852.661 -1298.37 -584.412 136.261 863.953 1140.137 434.418 1180.878 505.524 307.007 1273.804 -1986.237 -60.425 -1079.254 -360.26 -1646.881 -941.315 -223.389 500.641 2220.154 1188.507 -1772.614 -91.4 1518.097 589.447 -1441.65 268.097 -21.057 -381.775 2229.919 2025 河北 晒干 一等 074
4183568 4602 2025/9/4 19:54:31 P15 36.8 64.72 0 29.26 8.73 935.84 932.37 143.89 123.291 1389.16 -61.34 665.436 1867.828 -2292.48 -491.638 -749.359 -847.931 -1278.839 -561.981 153.809 874.634 1141.357 432.129 1186.523 505.829 312.195 1277.008 -1966.553 -74.768 -1087.494 -369.568 -1625.366 -921.173 -204.163 515.595 2229.004 1193.542 -1780.853 -86.67 1523.285 595.245 -1450.348 272.522 -22.278 -384.369 2235.87 2025 河北 晒干 一等 074
4183569 4602 2025/9/4 19:54:32 P15 36.77 64.68 0 28.97 8.65 935.86 932.39 144.196 119.629 1396.484 -66.834 662.537 1866.15 -2305.603 -496.521 -749.207 -855.866 -1289.063 -570.374 150.909 879.364 1140.747 427.399 1192.932 506.744 307.159 1284.027 -1978.912 -66.528 -1090.088 -368.805 -1637.421 -930.786 -210.114 518.494 2239.227 1199.646 -1782.837 -86.212 1529.236 612.793 -1452.942 273.285 -20.294 -385.284 2232.819 2025 河北 晒干 一等 074
4183570 4602 2025/9/4 19:54:33 P15 36.72 64.8 0 28.74 8.65 935.83 932.39 142.975 119.934 1403.046 -57.068 668.335 1870.575 -2270.508 -500.794 -744.171 -853.272 -1256.104 -547.028 166.931 888.519 1141.663 424.5 1197.51 507.202 315.094 1285.4 -1942.902 -77.057 -1079.559 -372.162 -1602.936 -900.116 -191.04 528.412 2250.366 1204.681 -1775.36 -84.839 1534.271 613.251 -1443.481 274.506 -21.057 -383.148 2234.955 2025 河北 晒干 一等 074
4183571 4602 2025/9/4 19:54:34 P15 36.74 64.75 0 28.54 8.74 935.83 932.39 141.907 118.866 1409.76 -60.272 666.046 1865.082 -2268.524 -486.755 -744.782 -839.539 -1255.493 -543.518 169.83 893.707 1144.562 420.532 1201.324 508.728 312.195 1292.114 -1943.817 -64.85 -1079.254 -368.195 -1602.478 -900.574 -185.242 534.058 2258.301 1209.564 -1776.123 -82.703 1538.544 627.136 -1444.397 276.794 -18.158 -380.402 2228.546 2025 河北 晒干 一等 074
4183572 4602 2025/9/4 19:54:35 P15 36.73 64.76 0 28.4 8.65 935.85 932.39 142.212 117.645 1416.321 -64.545 662.231 1866.76 -2273.56 -491.18 -744.476 -848.541 -1261.597 -546.875 168.457 894.165 1144.409 416.26 1206.512 508.118 306.854 1293.793 -1947.479 -65.613 -1079.102 -365.295 -1607.208 -906.982 -189.209 534.058 2265.93 1213.226 -1774.292 -81.94 1543.579 636.139 -1442.871 277.71 -19.226 -383.148 2233.429 2025 河北 晒干 一等 074
4183573 4602 2025/9/4 19:54:36 P15 36.73 64.8 0 28.25 8.54 935.84 932.4 141.144 117.035 1424.255 -66.223 664.673 1863.556 -2298.279 -498.2 -753.937 -861.206 -1280.06 -559.082 168.304 899.506 1145.935 413.361 1210.327 509.644 307.007 1292.419 -1970.52 -67.444 -1097.26 -373.84 -1628.113 -921.173 -195.77 538.025 2275.085 1218.262 -1790.009 -82.55 1548.004 638.58 -1460.266 277.1 -19.989 -384.979 2232.666 2025 河北 晒干 一等 074
4183574 4602 2025/9/4 19:54:37 P15 36.73 64.66 0 28.25 8.54 935.83 932.4 141.296 116.73 1429.443 -52.948 675.201 1875.153 -2252.96 -491.333 -758.82 -845.49 -1240.997 -529.022 185.7 909.882 1145.63 408.936 1214.142 509.949 318.909 1300.659 -1925.964 -63.782 -1093.597 -382.385 -1585.846 -884.857 -173.035 549.622 2283.325 1222.839 -1790.009 -80.261 1553.04 653.687 -1459.351 278.931 -20.752 -381.165 2234.955 2025 河北 晒干 一等 074
4183575 4602 2025/9/4 19:54:38 P15 36.7 64.75 0 28.03 8.64 935.84 932.37 141.144 117.035 1436.768 -59.052 672.913 1870.575 -2278.748 -496.979 -763.702 -851.746 -1257.629 -540.314 180.206 910.492 1147.766 405.121 1218.567 509.796 314.636 1299.896 -1949.768 -66.071 -1100.159 -387.726 -1607.056 -899.048 -181.274 545.807 2291.718 1227.264 -1798.401 -80.719 1557.007 658.112 -1466.675 278.626 -18.463 -383.301 2233.887 2025 河北 晒干 一等 074
4183576 4602 2025/9/4 19:54:39 P15 36.73 64.7 0 27.86 8.51 935.85 932.37 140.839 117.95 1443.329 -55.389 674.439 1865.54 -2265.472 -493.927 -765.686 -852.051 -1253.204 -537.109 187.988 916.901 1149.445 402.832 1222.534 511.017 318.451 1293.945 -1939.392 -61.035 -1104.279 -385.742 -1599.884 -895.386 -175.781 552.979 2299.652 1231.995 -1797.638 -81.94 1561.584 658.722 -1467.59 278.931 -19.379 -386.353 2231.598 2025 河北 晒干 一等 074
4183577 4602 2025/9/4 19:54:40 P15 36.79 64.62 0 27.66 8.69 935.83 932.4 140.381 117.645 1447.906 -51.27 677.49 1866.455 -2253.418 -499.115 -767.517 -858.307 -1243.134 -528.717 194.244 922.546 1152.039 399.323 1226.196 512.085 321.655 1294.25 -1928.101 -68.665 -1105.347 -385.284 -1588.745 -886.841 -165.863 559.54 2307.129 1235.657 -1797.943 -81.177 1565.704 667.114 -1468.353 283.051 -20.447 -384.216 2233.124 2025 河北 晒干 一等 074
4183578 4602 2025/9/4 19:54:41 P15 36.74 64.76 0 27.5 8.4 935.85 932.38 139.465 119.171 1454.468 -45.319 682.373 1868.134 -2248.383 -495.453 -765.686 -850.372 -1230.164 -511.017 204.62 928.345 1154.022 397.339 1229.248 512.238 328.522 1296.844 -1921.692 -68.817 -1102.6 -390.625 -1578.979 -869.904 -153.351 568.39 2314.606 1240.387 -1793.671 -77.667 1570.282 674.133 -1463.165 281.067 -18.768 -385.437 2233.734 2025 河北 晒干 一等 074
4183579 4602 2025/9/4 19:54:42 P15 36.72 64.66 0 27.39 8.49 935.83 932.38 139.465 119.782 1460.724 -45.776 684.662 1865.082 -2256.47 -489.349 -766.144 -846.558 -1237.793 -517.273 202.942 929.565 1154.022 393.066 1233.063 512.695 327.911 1290.741 -1928.711 -62.408 -1107.483 -391.693 -1585.999 -878.601 -158.386 569.305 2321.777 1244.812 -1803.284 -73.853 1574.402 679.779 -1473.236 286.713 -21.057 -384.522 2232.666 2025 河北 晒干 一等 074
4183580 4602 2025/9/4 19:54:43 P15 36.74 64.79 0 27.2 8.47 935.87 932.38 139.618 118.713 1465.454 -40.741 686.646 1865.54 -2225.952 -485.23 -778.809 -839.844 -1215.363 -499.725 218.506 938.11 1156.769 390.167 1237.03 513.153 333.71 1289.52 -1899.872 -60.425 -1111.298 -407.41 -1559.601 -855.866 -142.365 579.529 2328.949 1247.559 -1806.488 -75.378 1578.064 685.73 -1475.525 284.882 -20.752 -383.606 2232.208 2025 河北 晒干 一等 074
4183581 4602 2025/9/4 19:54:44 P15 36.66 64.72 0 27.14 8.3 935.87 932.38 138.55 119.782 1470.337 -46.997 683.899 1863.403 -2263.794 -485.84 -781.86 -844.116 -1239.777 -517.578 204.773 937.958 1156.616 388.184 1240.997 513.458 327.454 1282.043 -1934.509 -54.321 -1121.368 -403.29 -1590.424 -878.296 -157.776 571.747 2336.273 1252.441 -1818.39 -73.853 1582.642 691.071 -1486.511 285.645 -17.853 -383.911 2241.364 2025 河北 晒干 一等 074
4183582 4602 2025/9/4 19:54:45 P15 36.77 64.66 0 26.94 8.43 935.85 932.38 137.787 120.087 1476.135 -38.452 690.918 1863.403 -2227.478 -480.194 -781.708 -837.708 -1217.041 -503.388 216.827 943.909 1158.447 384.216 1244.659 513.763 335.388 1285.706 -1902.771 -49.896 -1117.706 -403.595 -1562.195 -861.969 -143.738 581.97 2343.597 1255.341 -1810.608 -71.716 1585.693 696.411 -1481.171 288.544 -20.294 -381.47 2226.563 2025 河北 晒干 一等 074
4183583 4602 2025/9/4 19:54:46 P15 36.7 64.68 0 26.68 8.38 935.84 932.38 137.94 120.85 1481.018 -30.823 694.275 1867.065 -2232.971 -479.126 -776.825 -835.114 -1210.175 -493.927 222.321 949.402 1158.905 384.369 1247.101 514.374 340.118 1288.91 -1903.229 -58.899 -1114.197 -406.952 -1560.059 -851.746 -135.956 587.463 2349.091 1258.698 -1811.829 -67.444 1589.355 698.853 -1479.034 292.664 -20.599 -384.064 2232.666 2025 河北 晒干 一等 074
4183584 4602 2025/9/4 19:54:47 P15 36.76 64.66 0 26.59 8.51 935.85 932.41 137.94 120.392 1486.053 -38.757 693.054 1865.845 -2232.971 -480.347 -781.708 -838.165 -1216.736 -496.521 225.525 952.301 1161.652 381.622 1250.61 515.137 336.456 1281.128 -1906.586 -54.016 -1117.554 -406.036 -1563.721 -858.46 -134.735 590.668 2355.499 1262.36 -1810.76 -65.918 1591.797 706.635 -1481.171 294.19 -19.379 -378.723 2229.767 2025 河北 晒干 一等 074
4183585 4602 2025/9/4 19:54:48 P15 36.7 64.79 0 26.58 8.25 935.85 932.39 137.329 121.613 1495.972 -35.248 695.343 1862.335 -2245.026 -488.739 -779.572 -849.152 -1226.807 -500.183 225.067 956.574 1164.093 379.639 1256.714 514.526 338.898 1273.041 -1918.945 -61.34 -1119.69 -396.271 -1576.996 -864.105 -135.956 593.109 2367.401 1268.616 -1812.134 -59.967 1597.9 711.975 -1482.849 299.988 -20.142 -384.216 2234.955 2025 河北 晒干 一等 074
4183586 4602 2025/9/4 19:54:49 P15 36.67 64.76 0 26.27 8.41 935.85 932.39 137.024 122.223 1499.786 -27.771 702.515 1868.591 -2215.729 -489.044 -774.841 -844.574 -1197.662 -478.821 239.716 965.271 1164.551 377.808 1260.376 515.137 345.154 1281.281 -1888.123 -67.596 -1107.941 -399.78 -1545.563 -839.233 -119.629 604.553 2372.894 1272.888 -1802.216 -64.392 1601.105 715.027 -1471.863 297.852 -17.395 -382.996 2234.039 2025 河北 晒干 一等 074
4183587 4602 2025/9/4 19:54:50 P15 36.69 64.72 0 26.33 8.54 935.85 932.39 136.566 122.376 1504.059 -28.229 702.972 1860.046 -2218.781 -488.739 -783.691 -845.337 -1203.003 -487.518 235.138 966.034 1165.466 377.96 1263.58 515.747 346.985 1260.529 -1893.005 -61.951 -1122.131 -411.377 -1551.819 -846.405 -127.411 601.196 2379.456 1276.245 -1817.322 -59.967 1604.614 715.79 -1486.511 300.293 -19.073 -381.165 2235.107 2025 河北 晒干 一等 074
4183588 4602 2025/9/4 19:54:51 P15 36.69 64.65 0 26.33 8.4 935.87 932.36 135.956 122.528 1509.247 -19.989 710.449 1859.894 -2197.723 -478.516 -790.71 -833.435 -1182.251 -465.851 252.991 974.426 1168.671 376.434 1266.479 515.9 353.546 1253.51 -1871.033 -57.678 -1124.573 -413.513 -1529.236 -824.127 -106.049 615.692 2385.406 1279.449 -1818.848 -64.85 1607.513 718.231 -1488.8 294.342 -19.379 -383.606 2235.87 2025 河北 晒干 一等 074
4183589 4602 2025/9/4 19:54:52 P15 36.65 64.76 0 26.22 8.36 935.85 932.39 135.498 123.291 1512.756 -19.684 709.686 1868.896 -2202.301 -473.633 -791.779 -830.536 -1188.049 -470.276 249.939 976.715 1169.891 376.129 1269.989 516.205 355.377 1272.43 -1875.305 -51.27 -1127.014 -412.445 -1535.187 -830.994 -110.016 614.014 2391.357 1283.875 -1819 -62.561 1610.413 718.079 -1489.563 296.783 -19.531 -383.148 2235.87 2025 河北 晒干 一等 074
4183590 4602 2025/9/4 19:54:53 P15 36.67 64.77 0 25.94 8.48 935.86 932.38 135.803 124.512 1517.944 -17.09 710.297 1868.591 -2194.672 -473.023 -799.103 -831.451 -1175.995 -457.153 260.773 984.192 1170.654 375.824 1272.583 515.747 355.835 1273.193 -1867.065 -51.727 -1136.322 -420.38 -1524.506 -817.413 -97.961 623.474 2397.766 1286.926 -1827.393 -60.577 1613.464 718.994 -1497.04 298.92 -19.531 -373.535 2240.906 2025 河北 晒干 一等 074
4183591 4602 2025/9/4 19:54:54 P15 36.65 64.84 0 25.9 8.29 935.85 932.39 135.04 124.512 1522.217 -15.411 712.891 1864.929 -2213.44 -469.818 -793.304 -830.231 -1191.254 -471.191 252.38 982.666 1171.57 375.824 1277.161 515.9 358.276 1262.36 -1883.85 -38.757 -1133.423 -420.99 -1540.222 -830.841 -108.643 618.591 2402.802 1290.894 -1826.63 -56.152 1617.737 716.858 -1496.582 303.803 -19.379 -383.148 2236.328 2025 河北 晒干 一等 074
4183592 4602 2025/9/4 19:54:55 P15 36.65 64.75 0 25.88 8.29 935.87 932.39 134.888 122.986 1525.269 -10.986 715.942 1874.847 -2177.277 -464.02 -790.405 -817.566 -1161.652 -448.608 268.555 992.737 1171.57 375.214 1280.365 515.9 361.939 1276.855 -1849.213 -39.825 -1120.148 -414.734 -1508.484 -804.749 -92.011 630.951 2408.295 1294.708 -1814.423 -56.61 1620.178 713.348 -1483.917 303.65 -17.7 -377.35 2240.601 2025 河北 晒干 一等 074
4183593 4602 2025/9/4 19:54:56 P15 36.74 64.73 0 25.55 8.35 935.86 932.38 134.735 124.512 1530.304 -16.479 717.011 1867.371 -2212.219 -477.905 -788.879 -838.776 -1192.169 -471.649 256.653 989.685 1174.316 375.366 1283.875 515.442 359.497 1262.207 -1883.392 -48.523 -1128.082 -408.783 -1541.748 -832.52 -107.727 625 2413.33 1297.913 -1824.036 -48.981 1622.925 711.975 -1493.378 310.974 -19.684 -384.216 2237.854 2025 河北 晒干 一等 074
4183594 4602 2025/9/4 19:54:57 P15 36.62 64.73 0 25.68 8.29 935.85 932.38 134.735 124.207 1535.034 -8.698 719.147 1873.474 -2174.988 -474.548 -786.591 -830.383 -1158.752 -448.151 271.606 999.298 1175.537 375.977 1288.147 514.832 364.99 1269.989 -1847.839 -48.218 -1121.674 -409.088 -1507.568 -805.817 -88.501 635.834 2419.739 1300.812 -1814.728 -47.913 1625.519 712.128 -1484.07 312.805 -19.073 -383.301 2237.549 2025 河北 晒干 一等 074
4183595 4602 2025/9/4 19:54:58 P15 36.65 64.65 0 25.49 8.33 935.85 932.38 134.735 126.343 1538.696 -6.866 720.367 1881.866 -2165.985 -474.396 -779.266 -830.078 -1153.412 -435.181 278.778 1002.045 1178.284 374.756 1291.504 515.442 365.143 1295.471 -1841.888 -49.438 -1116.333 -410.004 -1499.786 -796.204 -78.735 644.379 2426.3 1304.932 -1808.929 -48.523 1629.333 704.193 -1477.509 310.669 -19.226 -380.707 2239.685 2025 河北 晒干 一等 074
4183596 4602 2025/9/4 19:54:59 P15 36.65 64.66 0 25.37 8.38 935.84 932.4 134.43 125.122 1541.138 -13.58 720.978 1867.676 -2200.47 -468.14 -786.743 -826.569 -1181.641 -455.17 273.743 1002.045 1178.589 372.772 1293.793 516.205 364.38 1257.019 -1872.864 -36.011 -1124.115 -408.478 -1530.304 -817.261 -90.027 641.174 2428.894 1306.458 -1819.611 -45.166 1630.402 703.125 -1488.495 314.941 -17.242 -383.453 2242.432 2025 河北 晒干 一等 074
4183597 4602 2025/9/4 19:55:00 P15 36.63 64.68 0 25.23 8.47 935.85 932.41 133.362 124.817 1545.868 -4.883 723.877 1868.591 -2174.988 -472.107 -797.272 -830.994 -1161.804 -446.472 277.863 1008.911 1177.673 372.467 1298.981 514.984 367.889 1256.256 -1848.907 -38.147 -1134.644 -416.718 -1508.179 -804.443 -85.907 644.379 2437.744 1311.188 -1826.477 -44.708 1634.827 698.242 -1497.04 314.179 -17.242 -384.674 2236.786 2025 河北 晒干 一等 074
4183598 4602 2025/9/4 19:55:01 P15 36.72 64.73 0 25.24 8.4 935.84 932.39 132.904 125.427 1547.699 -4.272 723.572 1868.439 -2177.277 -470.123 -804.901 -824.28 -1151.733 -433.807 284.119 1010.895 1177.216 371.704 1300.964 514.984 370.178 1261.292 -1847.534 -42.877 -1141.815 -428.009 -1502.38 -792.236 -75.378 649.109 2438.812 1312.103 -1834.717 -42.114 1634.674 691.834 -1505.585 316.773 -19.684 -382.996 2234.65 2025 河北 晒干 一等 074
4183599 4602 2025/9/4 19:55:02 P15 36.63 64.76 0 25.04 8.41 935.87 932.38 132.599 124.817 1550.14 -2.747 725.708 1864.166 -2184.448 -468.75 -811.92 -824.432 -1158.142 -437.927 281.83 1012.573 1177.063 371.094 1304.016 513.763 369.873 1248.932 -1855.316 -40.436 -1147.156 -435.181 -1508.942 -799.561 -79.346 648.346 2443.848 1314.85 -1841.736 -39.978 1636.81 684.357 -1511.383 320.129 -19.226 -382.385 2236.786 2025 河北 晒干 一等 074
4183600 4602 2025/9/4 19:55:03 P15 36.69 64.72 0 25.04 8.14 935.83 932.39 132.752 124.512 1554.26 -3.357 730.286 1861.267 -2174.988 -456.696 -816.345 -818.024 -1162.109 -445.557 279.388 1012.878 1178.589 371.552 1307.678 514.069 370.636 1237.64 -1849.06 -27.466 -1153.87 -440.979 -1509.094 -804.749 -83.618 648.804 2447.968 1317.902 -1845.856 -34.485 1640.015 678.406 -1514.893 325.165 -18.463 -380.707 2236.023 2025 河北 晒干 一等 074
4183601 4602 2025/9/4 19:55:04 P15 36.67 64.77 0 24.88 8.22 935.83 932.38 133.82 126.19 1558.228 -1.221 728.76 1868.896 -2162.628 -466.766 -819.397 -823.822 -1146.851 -431.061 288.239 1015.93 1179.81 372.009 1311.646 513.916 372.62 1261.597 -1835.022 -42.267 -1156.158 -443.42 -1493.378 -788.727 -72.937 653.534 2453.613 1320.038 -1847.382 -31.433 1642.761 671.539 -1517.334 328.674 -19.379 -381.622 2236.023 2025 河北 晒干 一等 074
4183602 4602 2025/9/4 19:55:05 P15 36.67 64.76 0 24.88 8.24 935.87 932.39 132.446 125.427 1560.974 3.357 733.795 1869.659 -2149.2 -463.257 -813.599 -818.481 -1134.796 -423.279 295.715 1021.881 1179.047 371.552 1313.477 512.695 377.045 1248.322 -1820.679 -36.926 -1147.766 -440.521 -1479.645 -777.283 -64.24 660.4 2456.97 1321.869 -1841.583 -32.654 1642.761 666.504 -1511.688 326.996 -20.294 -382.69 2237.549 2025 河北 晒干 一等 074
4183603 4602 2025/9/4 19:55:06 P15 36.73 64.7 0 24.88 8.41 935.84 932.39 131.836 126.343 1563.263 -3.204 725.861 1866.15 -2182.007 -465.088 -816.65 -821.381 -1155.701 -432.282 291.748 1021.423 1179.962 371.704 1316.223 514.526 371.704 1255.646 -1853.638 -37.537 -1155.396 -436.096 -1509.247 -793.762 -70.648 655.975 2459.106 1325.073 -1848.145 -34.027 1645.966 661.469 -1518.707 326.386 -18.616 -381.928 2236.938 2025 河北 晒干 一等 074
4183604 4602 2025/9/4 19:55:07 P15 36.67 64.72 0 24.79 8.08 935.85 932.39 131.989 125.275 1565.704 1.678 731.812 1868.286 -2156.372 -461.426 -811.005 -819.702 -1143.341 -429.688 293.732 1025.391 1180.725 373.23 1318.207 513.458 375.366 1249.39 -1831.36 -31.586 -1147.461 -435.333 -1490.784 -788.117 -66.834 661.011 2463.074 1326.904 -1839.447 -34.943 1646.729 661.926 -1511.078 326.386 -16.785 -381.928 2239.075 2025 河北 晒干 一等 074
4183605 4602 2025/9/4 19:55:08 P15 36.7 64.76 0 24.7 8.25 935.85 932.37 131.226 126.495 1568.298 4.12 731.506 1869.965 -2144.775 -464.172 -823.059 -818.634 -1127.167 -411.53 302.582 1030.884 1180.878 373.84 1320.496 514.069 376.282 1257.935 -1817.017 -37.994 -1157.837 -442.81 -1472.778 -770.569 -53.558 669.708 2467.346 1329.346 -1848.297 -33.722 1649.017 652.618 -1518.86 326.08 -18.005 -378.876 2239.532 2025 河北 晒干 一等 074
4183606 4602 2025/9/4 19:55:09 P15 36.67 64.72 0 24.6 8.16 935.83 932.37 131.073 126.038 1571.35 2.747 731.506 1867.065 -2171.021 -458.069 -824.738 -814.819 -1146.088 -425.415 294.952 1028.595 1181.03 373.993 1322.632 513.611 375.977 1243.591 -1841.431 -30.06 -1161.652 -445.557 -1496.429 -786.438 -65.46 664.368 2471.313 1331.024 -1858.368 -28.229 1650.848 649.414 -1527.1 331.879 -18.005 -381.012 2237.091 2025 河北 晒干 一等 074
4183607 4602 2025/9/4 19:55:10 P15 36.74 64.79 0 24.57 8.16 935.82 932.37 131.531 127.106 1575.317 4.578 734.1 1869.507 -2152.863 -463.257 -819.092 -821.686 -1135.101 -419.464 301.514 1030.731 1182.556 375.824 1325.378 513.153 378.723 1251.526 -1824.036 -35.248 -1156.769 -441.132 -1482.391 -778.046 -60.12 665.436 2475.281 1334.076 -1849.67 -28.534 1653.137 643.616 -1520.538 332.031 -18.311 -380.859 2238.617 2025 河北 晒干 一等 074
4183608 4602 2025/9/4 19:55:11 P15 36.66 64.75 0 24.55 8.32 935.86 932.37 131.073 127.411 1578.217 10.834 737 1868.744 -2136.078 -465.241 -816.956 -817.261 -1118.011 -405.426 311.89 1039.276 1181.335 375.366 1327.972 511.78 383.301 1250.61 -1807.556 -38.757 -1150.665 -441.895 -1466.064 -761.108 -47.302 676.727 2477.722 1337.433 -1844.025 -29.755 1655.121 639.648 -1513.062 330.353 -18.005 -382.996 2238.77 2025 河北 晒干 一等 074
4183609 4602 2025/9/4 19:55:12 P15 36.65 64.65 0 24.33 8.19 935.86 932.37 131.073 126.801 1580.2 8.24 733.032 1875.153 -2129.822 -459.442 -803.986 -810.394 -1109.772 -397.492 317.688 1044.617 1181.946 375.824 1329.956 512.543 381.775 1260.681 -1800.537 -27.466 -1139.984 -432.587 -1457.52 -753.937 -39.978 681.763 2481.842 1337.891 -1833.954 -23.193 1656.647 635.529 -1504.669 337.982 -17.395 -381.012 2232.666 2025 河北 晒干 一等 074
4183610 4602 2025/9/4 19:55:13 P15 36.62 64.79 0 24.34 8.22 935.88 932.38 130.92 128.174 1583.405 4.272 731.812 1872.559 -2131.653 -446.777 -815.735 -799.866 -1112.213 -397.492 318.451 1042.786 1184.387 377.197 1333.16 511.627 378.265 1258.545 -1805.725 -21.362 -1150.36 -438.995 -1462.25 -755.768 -38.3 684.052 2485.504 1340.332 -1842.346 -23.193 1658.325 626.831 -1513.062 337.219 -17.853 -380.402 2239.38 2025 河北 晒干 一等 074
4183611 4602 2025/9/4 19:55:14 P15 36.74 64.72 0 24.33 8.38 935.84 932.37 130.31 127.411 1584.625 1.373 731.964 1868.744 -2171.173 -452.271 -828.095 -814.209 -1147.614 -419.769 305.176 1039.276 1184.387 376.892 1335.297 512.238 376.434 1251.221 -1839.752 -20.294 -1170.502 -448.914 -1496.429 -781.555 -58.441 674.896 2489.929 1344.299 -1859.436 -25.024 1660.919 621.643 -1531.067 335.388 -18.463 -380.859 2238.159 2025 河北 晒干 一等 074
4183612 4602 2025/9/4 19:55:15 P15 36.67 64.66 0 24.18 8.19 935.86 932.37 130.31 127.411 1588.135 10.986 740.967 1871.796 -2152.71 -445.557 -825.195 -803.223 -1128.54 -406.647 315.094 1047.058 1183.777 378.723 1337.585 511.322 384.064 1250.916 -1824.188 -17.7 -1163.635 -446.472 -1479.34 -769.196 -46.997 683.594 2493.286 1345.52 -1858.673 -24.109 1662.903 616.913 -1528.015 335.999 -17.7 -383.301 2236.786 2025 河北 晒干 一等 074
4183613 4602 2025/9/4 19:55:16 P15 36.81 64.69 0 24.1 8.25 935.85 932.38 131.073 127.716 1589.813 8.698 737.152 1872.101 -2123.26 -447.388 -824.89 -801.392 -1108.246 -390.472 328.522 1054.382 1186.676 380.096 1339.874 510.559 381.47 1254.425 -1796.875 -23.804 -1156.158 -455.933 -1455.231 -752.869 -31.738 693.207 2495.728 1347.656 -1851.807 -18.768 1664.124 613.403 -1520.081 341.034 -16.327 -381.775 2240.601 2025 河北 晒干 一等 074
4183614 4602 2025/9/4 19:55:17 P15 36.69 64.75 0 24.2 8.17 935.84 932.37 129.852 127.258 1595.154 9.766 737 1872.864 -2134.705 -455.017 -820.313 -808.411 -1109.314 -389.404 326.996 1057.739 1184.387 379.028 1345.825 510.864 382.69 1254.12 -1805.42 -29.297 -1155.09 -449.219 -1461.029 -749.817 -30.365 694.122 2502.899 1351.471 -1851.501 -16.632 1666.565 605.164 -1520.538 344.544 -18.768 -380.859 2237.396 2025 河北 晒干 一等 074
4183615 4602 2025/9/4 19:55:18 P15 36.74 64.7 0 23.95 8.19 935.85 932.36 129.7 127.716 1596.985 3.51 736.847 1876.678 -2145.233 -455.017 -818.939 -814.667 -1129.913 -405.731 321.503 1054.077 1186.676 379.486 1347.961 511.475 379.486 1264.343 -1818.695 -27.008 -1156.921 -442.352 -1477.509 -769.806 -42.419 689.087 2505.951 1354.218 -1849.06 -9.766 1669.159 598.145 -1518.402 350.342 -18.463 -382.538 2239.227 2025 河北 晒干 一等 074
4183616 4602 2025/9/4 19:55:19 P15 36.74 64.65 0 23.95 8.2 935.83 932.34 129.7 128.174 1599.884 12.817 741.425 1871.185 -2129.059 -443.878 -821.838 -802.307 -1104.889 -382.843 332.336 1059.875 1186.981 379.639 1350.25 510.712 386.353 1252.289 -1798.553 -15.106 -1160.278 -447.388 -1454.773 -743.256 -25.635 699.158 2509.308 1356.049 -1851.349 -8.392 1670.532 596.314 -1521.454 351.868 -18.463 -375.671 2238.922 2025 河北 晒干 一等 074
4183617 4602 2025/9/4 19:55:20 P15 36.74 64.76 0 24.03 8.27 935.84 932.37 128.632 127.716 1600.647 9.155 737.61 1871.49 -2133.026 -444.794 -824.585 -798.492 -1106.873 -387.116 332.031 1060.944 1184.692 378.418 1352.386 509.338 382.996 1251.678 -1802.368 -13.123 -1159.21 -449.219 -1456.757 -747.376 -28.229 697.784 2510.376 1356.812 -1854.553 -7.782 1670.532 586.853 -1523.743 352.783 -15.411 -380.554 2238.312 2025 河北 晒干 一等 074
4183618 4602 2025/9/4 19:55:21 P15 36.76 64.68 0 23.71 8.33 935.83 932.35 129.089 128.174 1603.699 7.324 739.288 1865.54 -2138.214 -452.728 -832.977 -811.31 -1120.605 -397.034 328.674 1058.502 1185.608 379.181 1354.065 509.186 383.148 1239.777 -1811.523 -20.294 -1170.654 -452.576 -1469.421 -758.209 -35.553 694.733 2513.428 1359.253 -1862.183 -1.373 1672.974 584.412 -1532.745 358.887 -18.158 -380.707 2238.617 2025 河北 晒干 一等 074
4183619 4602 2025/9/4 19:55:22 P15 36.8 64.72 0 23.8 8.04 935.84 932.35 128.479 127.869 1602.478 7.629 737.61 1871.796 -2124.329 -442.81 -837.097 -802.612 -1111.45 -390.778 333.252 1061.249 1185.76 378.113 1354.828 509.644 382.233 1250.305 -1798.248 -16.022 -1171.417 -457.001 -1457.825 -751.343 -28.687 698.7 2514.038 1359.253 -1860.046 -3.052 1672.211 579.681 -1531.067 357.513 -17.09 -389.099 2239.227 2025 河北 晒干 一等 074
4183620 4602 2025/9/4 19:55:23 P15 36.62 64.65 0 23.69 8.06 935.85 932.35 127.869 127.411 1604.462 7.782 735.016 1875 -2131.653 -442.81 -830.689 -796.661 -1104.279 -382.233 337.83 1066.132 1185.76 376.74 1356.049 508.881 380.707 1265.106 -1801.758 -12.97 -1167.297 -450.287 -1455.231 -744.171 -22.583 704.346 2517.548 1361.084 -1859.283 0 1674.5 573.578 -1530.762 360.718 -19.684 -381.165 2238.159 2025 河北 晒干 一等 074
4183621 4602 2025/9/4 19:55:24 P15 36.7 64.72 0 23.7 8.29 935.82 932.37 127.869 127.716 1607.819 6.104 738.678 1867.065 -2131.195 -448.608 -841.065 -807.648 -1113.586 -392.761 330.658 1063.385 1185.76 376.282 1358.185 508.728 380.859 1242.676 -1804.962 -16.785 -1179.199 -462.036 -1463.013 -754.089 -30.518 698.853 2520.599 1363.22 -1869.659 2.441 1677.246 572.357 -1540.527 363.922 -18.005 -380.859 2240.448 2025 河北 晒干 一等 074
4183622 4602 2025/9/4 19:55:25 P15 36.77 64.75 0 23.69 8.16 935.86 932.37 128.021 127.716 1609.497 12.97 741.882 1867.218 -2117.462 -441.132 -832.367 -798.95 -1100.616 -381.165 338.135 1067.505 1184.845 375.824 1359.863 508.118 387.421 1243.744 -1789.856 -18.921 -1170.654 -456.238 -1448.364 -741.577 -22.125 704.498 2523.499 1364.899 -1862.03 1.068 1677.856 571.899 -1532.593 362.244 -17.395 -379.791 2238.77 2025 河北 晒干 一等 074
4183623 4602 2025/9/4 19:55:26 P15 36.69 64.65 0 23.38 8.2 935.86 932.37 127.564 126.648 1611.328 13.428 745.85 1868.286 -2130.585 -437.927 -826.569 -797.119 -1106.72 -385.437 340.271 1071.014 1184.845 374.908 1361.389 507.813 388.336 1243.591 -1801.605 -11.749 -1162.415 -448.761 -1457.367 -746.765 -22.736 708.771 2523.804 1365.814 -1857.147 1.984 1678.009 570.374 -1526.337 361.939 -15.869 -381.165 2239.075 2025 河北 晒干 一等 074
4183624 4602 2025/9/4 19:55:27 P15 36.69 64.7 0 23.56 8.24 935.84 932.35 128.021 128.174 1613.312 11.902 745.392 1864.777 -2123.108 -446.625 -840.302 -806.885 -1107.483 -386.353 340.118 1071.167 1186.523 374.298 1363.373 507.965 387.878 1233.826 -1794.891 -20.294 -1176.3 -459.747 -1455.688 -748.444 -22.888 706.177 2528.687 1368.103 -1866.76 3.967 1680.603 560.913 -1537.628 365.753 -12.512 -380.554 2237.701 2025 河北 晒干 一等 074
4183625 4602 2025/9/4 19:55:28 P15 36.72 64.58 0 23.46 8.3 935.84 932.36 126.953 126.648 1614.99 9.003 740.051 1873.169 -2116.699 -444.489 -844.116 -802.155 -1095.276 -373.84 349.426 1076.66 1186.218 372.772 1365.051 507.355 383.911 1253.052 -1788.177 -24.261 -1179.047 -472.107 -1444.855 -735.169 -11.749 716.248 2528.992 1370.544 -1871.033 7.019 1681.824 557.709 -1541.595 367.584 -22.43 -379.334 2238.159 2025 河北 晒干 一等 074
4183626 4602 2025/9/4 19:55:29 P15 36.73 64.69 0 23.44 8.13 935.8 932.36 127.106 127.106 1617.279 9.308 740.356 1870.575 -2125.397 -448.456 -852.661 -807.648 -1104.431 -384.979 340.271 1075.592 1184.998 372.772 1367.645 508.118 384.064 1245.117 -1797.028 -20.142 -1192.322 -472.717 -1454.315 -745.087 -22.43 709.229 2533.417 1371.918 -1883.087 6.714 1683.502 554.657 -1554.565 367.737 -16.174 -381.47 2238.159 2025 河北 晒干 一等 074
4183627 4602 2025/9/4 19:55:30 P15 36.72 64.69 0 23.32 8.09 935.82 932.36 126.953 127.716 1618.958 12.512 740.967 1880.493 -2107.391 -448.303 -853.577 -805.969 -1086.578 -366.211 354.462 1080.17 1186.981 371.552 1369.324 508.728 386.81 1270.447 -1778.412 -20.905 -1187.897 -480.042 -1435.089 -726.929 -5.798 718.994 2534.637 1373.749 -1881.409 9.308 1685.181 553.436 -1550.598 368.652 -15.411 -378.571 2248.077 2025 河北 晒干 一等 074
4183628 4602 2025/9/4 19:55:31 P15 36.73 64.66 0 23.33 8.29 935.81 932.37 126.953 128.174 1620.941 9.003 740.204 1872.711 -2122.803 -445.709 -852.814 -806.274 -1108.856 -384.369 344.238 1076.202 1187.897 370.941 1371.918 508.118 383.911 1251.526 -1796.417 -14.954 -1191.864 -477.448 -1454.773 -747.833 -20.294 711.517 2537.231 1375.58 -1881.866 10.071 1687.164 551.453 -1550.751 370.331 -16.022 -380.249 2238.617 2025 河北 晒干 一等 074
4183629 4602 2025/9/4 19:55:32 P15 36.69 64.65 0 23.2 8.03 935.84 932.39 126.801 128.326 1622.467 14.191 744.324 1876.221 -2108.612 -456.238 -859.222 -814.514 -1089.325 -372.162 352.936 1083.527 1186.371 370.026 1373.901 507.202 389.252 1255.188 -1779.022 -26.398 -1195.221 -480.499 -1436.31 -730.896 -10.071 720.062 2539.215 1376.648 -1885.376 9.308 1688.385 541.687 -1555.939 369.11 -16.022 -380.096 2239.38 2025 河北 晒干 一等 074
4183630 4602 2025/9/4 19:55:33 P15 36.69 64.7 0 23.2 8.14 935.85 932.36 126.953 128.174 1627.197 13.428 742.188 1870.27 -2117.92 -457.764 -855.408 -814.667 -1092.987 -368.805 354.157 1085.663 1188.049 370.178 1376.648 506.744 387.116 1253.815 -1789.551 -30.518 -1193.39 -475.006 -1444.244 -731.354 -7.324 721.13 2542.114 1378.784 -1886.292 12.36 1689.301 541.534 -1556.244 372.62 -16.937 -380.249 2239.685 2025 河北 晒干 一等 074
4183631 4602 2025/9/4 19:55:34 P15 36.67 64.79 0 23.07 7.97 935.84 932.35 126.648 128.021 1625.824 14.954 746.155 1866.913 -2100.983 -449.066 -849.762 -804.138 -1080.78 -362.701 357.361 1084.9 1186.523 367.584 1377.869 506.134 388.641 1236.725 -1772.003 -21.82 -1185.303 -476.379 -1427.612 -721.588 -3.51 721.893 2543.793 1380.463 -1878.967 17.09 1690.369 537.72 -1549.53 378.418 -10.529 -378.723 2239.838 2025 河北 晒干 一等 074
4183632 4602 2025/9/4 19:55:35 P15 36.67 64.76 0 23.01 8.13 935.83 932.37 126.648 128.937 1627.35 12.36 742.34 1869.354 -2124.023 -451.965 -856.934 -812.225 -1099.854 -376.434 352.936 1084.747 1188.507 365.295 1380.31 505.981 385.132 1243.439 -1795.502 -18.921 -1197.357 -480.499 -1452.637 -738.983 -12.207 722.199 2546.387 1381.683 -1889.191 14.801 1691.437 532.227 -1560.211 378.723 -16.174 -380.707 2236.633 2025 河北 晒干 一等 074
4183633 4602 2025/9/4 19:55:36 P15 36.66 64.72 0 23.05 8.22 935.83 932.37 126.343 127.869 1630.554 13.123 739.594 1879.272 -2089.539 -437.164 -861.816 -789.49 -1068.726 -352.936 365.753 1093.14 1187.592 363.77 1381.378 506.134 386.353 1263.428 -1761.169 -7.935 -1194.153 -488.739 -1417.542 -711.823 5.188 731.659 2548.37 1383.057 -1888.885 19.836 1693.268 527.496 -1558.99 379.944 -16.174 -379.334 2238.159 2025 河北 晒干 一等 074
4183634 4602 2025/9/4 19:55:37 P15 36.67 64.63 0 22.9 8.03 935.81 932.36 126.038 127.869 1631.165 16.479 746.307 1873.169 -2093.201 -433.35 -870.972 -793.762 -1071.472 -353.088 366.821 1094.055 1188.202 362.549 1383.82 505.676 389.862 1247.711 -1763.153 -3.51 -1208.344 -497.894 -1419.983 -713.348 6.256 732.88 2551.117 1386.261 -1899.567 19.531 1695.862 521.393 -1570.282 381.165 -16.785 -378.723 2238.159 2025 河北 晒干 一等 074
4183635 4602 2025/9/4 19:55:38 P15 36.69 64.6 0 23.06 8.08 935.84 932.35 125.427 128.021 1634.369 16.937 746.918 1872.864 -2102.203 -433.807 -870.819 -790.405 -1079.254 -358.276 367.127 1096.802 1188.965 361.481 1387.329 505.219 391.083 1246.185 -1773.071 -8.392 -1206.818 -500.946 -1428.833 -719.452 3.815 733.643 2554.169 1387.177 -1902.313 22.43 1696.93 523.987 -1570.74 382.69 -15.106 -380.859 2239.838 2025 河北 晒干 一等 074
4183636 4602 2025/9/4 19:55:39 P15 36.74 64.7 0 23 8.14 935.84 932.34 125.58 128.174 1635.132 13.123 745.697 1865.387 -2122.498 -430.145 -875.855 -790.253 -1093.903 -368.347 357.819 1092.224 1189.575 359.955 1389.313 505.524 388.947 1233.826 -1791.229 -1.373 -1213.989 -498.81 -1444.702 -729.828 -7.324 725.861 2556 1388.702 -1908.569 22.43 1698.303 519.409 -1578.522 383.301 -16.327 -380.402 2239.532 2025 河北 晒干 一等 074
4183637 4602 2025/9/4 19:55:40 P15 36.76 64.66 0 22.72 8.16 935.84 932.34 125.427 127.258 1637.115 12.817 746.765 1869.507 -2123.26 -436.401 -871.735 -799.561 -1101.379 -375.214 353.088 1092.377 1188.965 360.718 1392.212 505.371 386.2 1237.946 -1793.976 -4.425 -1212.463 -491.791 -1451.263 -740.662 -10.834 726.318 2558.136 1391.144 -1901.855 25.635 1699.829 512.543 -1573.334 385.895 -15.717 -378.876 2239.532 2025 河北 晒干 一等 074
4183638 4602 2025/9/4 19:55:41 P15 36.73 64.75 0 22.69 8 935.82 932.34 124.97 128.326 1638.184 16.937 745.392 1873.016 -2106.171 -432.892 -869.141 -791.016 -1082.764 -360.565 364.685 1100.311 1187.286 357.056 1395.111 504.15 389.862 1251.373 -1777.344 -1.526 -1207.275 -493.469 -1432.19 -721.436 0.916 734.406 2560.73 1392.517 -1896.973 29.907 1701.508 507.05 -1566.925 390.167 -14.038 -380.096 2240.143 2025 河北 晒干 一等 074
4183639 4602 2025/9/4 19:55:42 P15 36.74 64.76 0 22.53 8.17 935.83 932.35 124.512 129.547 1641.998 18.311 751.19 1870.117 -2100.22 -437.012 -873.566 -796.967 -1083.374 -359.345 367.737 1099.548 1192.322 357.056 1398.468 505.066 393.524 1241.913 -1772.308 -7.935 -1212.463 -494.232 -1430.969 -721.13 3.815 734.558 2565.765 1395.416 -1904.755 27.008 1705.933 502.014 -1574.86 387.268 -13.275 -380.402 2239.838 2025 河北 晒干 一等 074
4183640 4602 2025/9/4 19:55:43 P15 36.65 64.72 0 22.81 8.17 935.82 932.35 124.97 129.089 1641.083 14.801 743.103 1872.406 -2086.639 -433.35 -873.566 -790.405 -1070.709 -350.037 371.399 1100.616 1189.728 355.682 1399.536 503.693 389.404 1254.12 -1759.949 -2.136 -1210.022 -493.927 -1419.067 -710.602 9.613 736.694 2565.613 1395.264 -1897.888 29.297 1705.017 496.826 -1570.587 391.235 -14.343 -379.181 2238.007 2025 河北 晒干 一等 074
4183641 4602 2025/9/4 19:55:44 P15 36.76 64.66 0 22.78 8.3 935.84 932.34 124.512 129.089 1644.745 18.616 746.765 1875.305 -2074.432 -429.23 -870.819 -787.354 -1058.502 -338.287 382.385 1106.415 1192.017 354.309 1401.825 505.066 391.998 1255.493 -1746.521 -3.357 -1203.003 -496.674 -1405.182 -699.463 22.43 746.46 2567.596 1397.095 -1894.531 32.654 1705.78 494.995 -1565.704 393.066 -15.564 -379.334 2241.516 2025 河北 晒干 一等 074
4183642 4602 2025/9/4 19:55:45 P15 36.62 64.72 0 22.61 8.2 935.82 932.34 124.207 127.106 1645.355 19.684 748.138 1872.406 -2090.454 -427.094 -876.16 -785.675 -1069.946 -350.189 372.62 1107.33 1188.965 350.8 1404.877 503.082 393.066 1247.101 -1759.491 -2.289 -1211.09 -498.352 -1417.236 -709.534 10.376 741.272 2569.275 1398.01 -1901.855 42.267 1706.696 490.723 -1573.639 403.137 -15.411 -379.028 2238.464 2025 河北 晒干 一等 074
4183643 4602 2025/9/4 19:55:46 P15 36.72 64.69 0 22.59 8.11 935.82 932.35 124.207 127.564 1645.355 12.817 739.441 1877.441 -2089.844 -427.246 -878.601 -782.318 -1061.707 -341.644 377.96 1108.551 1187.286 348.663 1405.182 503.082 386.658 1259.766 -1758.728 -2.747 -1215.668 -508.118 -1412.201 -702.667 16.785 745.087 2570.801 1398.468 -1908.569 39.368 1707.611 486.755 -1578.064 398.407 -15.564 -379.181 2239.38 2025 河北 晒干 一等 074
4183644 4602 2025/9/4 19:55:47 P15 36.72 64.69 0 22.59 8.19 935.83 932.37 123.901 127.716 1648.865 12.665 745.239 1871.338 -2104.034 -424.5 -893.097 -783.386 -1081.543 -357.361 372.009 1107.788 1189.117 348.358 1408.234 503.54 386.658 1244.202 -1775.208 3.815 -1228.333 -511.169 -1430.054 -721.13 8.24 741.882 2574.158 1401.52 -1922.302 40.436 1710.052 482.025 -1591.797 402.069 -14.648 -379.639 2236.938 2025 河北 晒干 一等 074
4183645 4602 2025/9/4 19:55:48 P15 36.72 64.62 0 22.62 8.06 935.85 932.36 123.444 126.801 1647.186 9.613 744.171 1866.913 -2109.222 -433.197 -905.151 -794.373 -1086.426 -364.838 366.516 1105.194 1187.286 347.138 1408.234 502.777 384.979 1232.3 -1781.158 -1.984 -1244.202 -528.87 -1438.751 -726.929 -0.458 738.983 2573.547 1400.604 -1936.493 43.335 1708.984 479.584 -1605.835 405.121 -15.411 -373.993 2238.312 2025 河北 晒干 一等 074
4183646 4602 2025/9/4 19:55:49 P15 36.7 64.72 0 22.53 7.97 935.81 932.34 123.291 128.021 1648.865 18.768 745.087 1870.88 -2068.787 -430.603 -902.1 -785.065 -1051.636 -331.574 384.979 1110.84 1189.423 347.138 1410.675 503.693 391.846 1248.932 -1741.638 -2.289 -1235.046 -528.259 -1399.841 -693.97 26.55 750.275 2574.615 1401.825 -1925.201 48.523 1710.815 477.6 -1596.069 408.325 -16.479 -379.334 2239.227 2025 河北 晒干 一等 074
4183647 4602 2025/9/4 19:55:50 P15 36.63 64.66 0 22.51 8.03 935.8 932.37 123.749 127.869 1649.933 17.853 747.376 1863.403 -2070.618 -439.301 -900.269 -794.373 -1050.873 -329.59 389.099 1113.129 1186.981 345.764 1410.522 502.472 392.304 1228.485 -1743.164 -7.935 -1235.046 -529.633 -1398.926 -690.308 28.534 752.716 2574.921 1401.672 -1920.776 42.114 1709.595 477.753 -1596.985 404.205 -13.428 -377.96 2236.786 2025 河北 晒干 一等 074
4183648 4602 2025/9/4 19:55:51 P15 36.67 64.6 0 22.38 8.11 935.81 932.35 123.444 125.275 1648.712 9.613 742.493 1865.997 -2109.68 -442.505 -909.729 -803.68 -1087.189 -362.396 368.195 1107.178 1184.692 344.238 1410.217 503.082 383.301 1236.267 -1780.701 -12.36 -1250.153 -531.158 -1438.751 -724.487 0.458 739.899 2573.547 1401.215 -1941.223 44.25 1708.527 475.617 -1612.701 406.036 -16.937 -379.181 2235.718 2025 河北 晒干 一等 074
4183649 4602 2025/9/4 19:55:52 P15 36.72 64.69 0 22.4 8.06 935.81 932.38 122.681 125.58 1650.085 14.343 742.95 1871.796 -2064.819 -437.775 -904.541 -794.067 -1043.854 -331.879 388.947 1114.044 1184.692 343.475 1410.522 502.319 387.116 1251.373 -1735.84 -12.817 -1235.962 -531.616 -1392.822 -687.714 28.992 753.479 2574.768 1402.588 -1927.49 47.607 1709.595 473.023 -1597.137 408.325 -14.038 -378.265 2235.87 2025 河北 晒干 一等 074
4183650 4602 2025/9/4 19:55:53 P15 36.7 64.73 0 22.33 8.08 935.82 932.35 122.986 125.58 1650.543 12.054 740.662 1868.439 -2079.163 -429.84 -903.931 -784.149 -1057.892 -341.339 377.045 1109.314 1182.404 342.407 1410.98 501.251 384.979 1247.711 -1750.488 -2.136 -1236.877 -530.09 -1406.708 -700.226 18.311 744.171 2574.31 1401.825 -1930.084 51.422 1709.29 475.311 -1601.257 413.666 -13.58 -377.197 2233.582 2025 河北 晒干 一等 074
4183651 4602 2025/9/4 19:55:54 P15 36.7 64.72 0 22.26 8.04 935.82 932.35 122.223 125.732 1651.917 14.343 743.408 1865.387 -2076.263 -426.025 -903.778 -782.623 -1055.603 -337.524 384.522 1113.129 1182.556 340.881 1412.048 501.709 388.336 1234.589 -1747.284 10.681 -1237.64 -529.48 -1404.114 -697.022 22.583 749.664 2575.073 1403.809 -1928.558 52.49 1710.815 469.36 -1599.579 413.361 -11.597 -379.334 2232.513 2025 河北 晒干 一等 074
4183652 4602 2025/9/4 19:55:55 P15 36.66 64.63 0 22.42 8.13 935.81 932.35 122.681 124.97 1652.679 11.597 747.07 1859.131 -2088.165 -416.87 -908.508 -773.926 -1072.235 -354.462 374.603 1109.467 1182.404 340.576 1413.879 502.167 387.878 1215.973 -1761.78 6.104 -1242.828 -529.633 -1418.61 -713.348 8.24 744.019 2576.294 1403.809 -1935.577 52.795 1711.273 468.292 -1605.072 413.208 -16.479 -379.181 2233.124 2025 河北 晒干 一等 074
4183653 4602 2025/9/4 19:55:56 P15 36.79 64.63 0 22.25 8.16 935.84 932.36 122.681 124.97 1661.072 19.226 751.19 1861.42 -2082.672 -419.464 -914.612 -778.351 -1063.232 -342.865 382.996 1118.164 1186.981 341.95 1426.392 504.608 394.592 1217.041 -1753.693 13.733 -1251.526 -533.752 -1411.133 -702.82 18.463 751.801 2591.095 1411.591 -1941.986 53.406 1721.191 462.189 -1614.227 414.124 -15.259 -378.113 2229.919 2025 河北 晒干 一等 074
4183654 4602 2025/9/4 19:55:57 P15 36.73 64.62 0 22.13 7.88 935.84 932.33 121.765 125.275 1653.29 17.853 746.46 1859.894 -2075.958 -430.45 -924.377 -788.879 -1062.622 -345.306 380.096 1109.924 1180.725 339.966 1419.373 501.709 390.93 1220.703 -1749.42 -0.153 -1258.24 -548.401 -1408.386 -704.956 17.853 745.239 2576.599 1402.74 -1946.411 57.678 1710.815 461.578 -1618.805 420.38 -15.717 -378.265 2230.225 2025 河北 晒干 一等 074
4183655 4602 2025/9/4 19:55:58 P15 36.74 64.69 0 22.06 8.19 935.79 932.38 121.918 124.207 1654.51 17.548 744.324 1866.455 -2063.904 -418.243 -924.53 -777.435 -1049.347 -334.015 388.794 1115.112 1182.404 338.745 1421.204 503.845 390.32 1242.371 -1736.45 -1.678 -1256.409 -545.807 -1395.874 -691.986 27.924 752.411 2579.651 1405.182 -1945.496 58.289 1712.494 457.916 -1616.821 419.312 -14.801 -377.96 2232.056 2025 河北 晒干 一等 074
4183656 4602 2025/9/4 19:55:59 P15 36.7 64.58 0 22.26 7.97 935.83 932.37 122.223 124.512 1655.884 22.278 746.765 1862.183 -2062.836 -432.892 -924.53 -783.081 -1040.955 -326.386 386.81 1116.18 1179.199 339.203 1421.509 503.235 393.982 1232.3 -1733.093 0.61 -1256.714 -554.962 -1389.618 -685.577 31.433 752.869 2579.346 1405.182 -1949.463 58.289 1713.715 454.865 -1620.483 419.312 -13.58 -376.282 2229.614 2025 河北 晒干 一等 074
4183657 4602 2025/9/4 19:56:00 P15 36.66 64.65 0 21.92 8.04 935.83 932.35 121.46 121.918 1655.121 10.834 746.46 1858.978 -2104.645 -430.145 -941.162 -791.473 -1083.221 -359.802 370.636 1109.467 1178.894 338.135 1421.051 504.303 387.116 1215.21 -1776.276 -0.305 -1278.076 -567.017 -1432.648 -722.504 5.493 742.798 2578.43 1404.877 -1969.299 60.883 1712.494 454.712 -1639.404 422.058 -13.58 -374.908 2229.919 2025 河北 晒干 一等 074
4183658 4602 2025/9/4 19:56:01 P15 36.66 64.72 0 21.92 8.06 935.83 932.37 120.85 121.46 1654.968 19.226 748.291 1856.079 -2065.582 -431.519 -946.655 -787.354 -1046.906 -334.015 384.674 1113.892 1176.3 337.677 1423.492 504.15 391.235 1209.564 -1736.145 -3.204 -1277.771 -569.153 -1394.958 -690.613 24.261 751.801 2579.956 1404.266 -1966.705 65.155 1713.104 454.559 -1638.336 427.551 -13.886 -376.892 2219.238 2025 河北 晒干 一等 074
4183659 4602 2025/9/4 19:56:02 P15 36.67 64.63 0 22.08 8.19 935.83 932.34 120.392 121.155 1654.053 12.207 744.171 1849.06 -2099.304 -429.993 -942.993 -788.269 -1075.287 -348.511 377.655 1108.246 1172.485 335.999 1422.272 503.998 387.268 1203.003 -1769.867 -2.899 -1277.161 -563.355 -1425.934 -712.891 14.648 745.697 2575.989 1401.978 -1968.536 67.139 1710.663 455.627 -1639.557 427.856 -13.886 -378.723 2217.56 2025 河北 晒干 一等 074
4183660 4602 2025/9/4 19:56:03 P15 36.76 64.68 0 21.98 8.04 935.8 932.34 120.544 121.002 1653.9 12.97 745.392 1851.654 -2088.623 -435.638 -955.811 -794.983 -1073.761 -353.394 374.146 1106.873 1173.553 336.609 1425.018 505.524 387.421 1208.954 -1761.932 -3.052 -1291.809 -577.698 -1421.204 -714.722 10.986 740.967 2578.43 1401.978 -1978.76 67.291 1711.578 454.559 -1651.459 429.688 -14.801 -377.197 2221.222 2025 河北 晒干 一等 074
4183661 4602 2025/9/4 19:56:04 P15 36.67 64.65 0 22.12 8.16 935.83 932.36 121.002 121.155 1657.41 18.768 746.918 1851.501 -2080.231 -424.194 -950.928 -778.809 -1055.145 -333.557 385.742 1112.366 1173.248 335.999 1427.155 506.287 392.456 1207.733 -1751.099 5.951 -1285.248 -579.224 -1406.403 -693.97 26.855 751.19 2579.193 1402.588 -1977.539 69.733 1713.104 451.965 -1648.254 433.044 -12.207 -379.181 2222.137 2025 河北 晒干 一等 074
4183662 4602 2025/9/4 19:56:05 P15 36.66 64.7 0 22.15 8.03 935.8 932.36 121.307 121.613 1656.647 20.142 751.038 1850.586 -2085.876 -427.856 -945.587 -783.997 -1061.096 -336.151 384.979 1112.518 1174.927 336.609 1427.002 507.965 395.05 1201.782 -1756.897 -0.458 -1280.212 -571.442 -1412.811 -698.7 24.109 751.19 2577.972 1403.656 -1970.52 72.174 1713.562 449.219 -1641.388 432.129 -11.597 -377.045 2227.173 2025 河北 晒干 一等 074
4183663 4602 2025/9/4 19:56:06 P15 36.74 64.65 0 21.95 8 935.82 932.35 120.544 120.85 1658.783 19.226 750.732 1857.3 -2098.389 -430.45 -943.298 -788.269 -1076.05 -354.004 374.298 1110.077 1173.706 336.456 1427.612 508.27 393.982 1210.327 -1769.409 -6.104 -1278.992 -567.932 -1425.171 -715.179 8.698 742.493 2578.278 1404.724 -1970.52 74.158 1714.325 448.303 -1642.151 434.876 -13.275 -378.265 2220.612 2025 河北 晒干 一等 074
4183664 4602 2025/9/4 19:56:07 P15 36.74 64.62 0 22.04 8.06 935.83 932.34 121.307 121.46 1658.173 21.667 754.7 1847.076 -2092.896 -433.35 -936.432 -791.016 -1071.472 -350.342 374.603 1109.467 1174.927 336.151 1427.612 508.728 397.797 1188.202 -1765.137 -9.003 -1274.109 -562.286 -1421.356 -711.212 11.597 743.408 2577.515 1403.351 -1964.722 72.479 1713.409 449.066 -1636.353 435.791 -13.58 -377.197 2228.088 2025 河北 晒干 一等 074
4183665 4602 2025/9/4 19:56:08 P15 36.66 64.63 0 22.02 8 935.83 932.34 120.85 122.376 1662.14 23.041 757.599 1854.706 -2083.893 -426.483 -935.059 -785.523 -1069.183 -349.121 381.317 1114.502 1179.81 337.372 1430.206 510.712 398.712 1201.172 -1757.05 5.188 -1271.057 -555.878 -1415.405 -710.297 14.496 749.97 2583.313 1407.776 -1958.771 73.242 1717.987 442.963 -1630.707 435.028 -14.954 -372.315 2228.699 2025 河北 晒干 一等 074
4183666 4602 2025/9/4 19:56:09 P15 36.74 64.52 0 21.84 8.01 935.85 932.36 120.85 123.138 1663.208 24.261 755.31 1858.368 -2080.383 -429.993 -945.892 -790.253 -1065.826 -345.917 383.301 1115.57 1181.641 337.524 1430.054 510.407 397.949 1209.106 -1753.387 1.526 -1281.433 -568.848 -1413.269 -707.245 18.158 750.122 2583.618 1409.149 -1969.604 77.667 1718.292 443.878 -1641.388 438.232 -14.648 -380.402 2229.309 2025 河北 晒干 一等 074
4183667 4602 2025/9/4 19:56:10 P15 36.67 64.69 0 21.96 7.93 935.84 932.37 121.155 122.986 1664.734 26.703 758.362 1860.046 -2073.059 -428.009 -957.642 -787.201 -1056.671 -339.203 385.437 1118.469 1181.335 337.372 1431.274 510.101 400.696 1209.564 -1745.3 1.373 -1291.504 -578.613 -1404.114 -697.327 21.973 753.326 2584.991 1411.438 -1981.506 75.989 1719.818 443.573 -1652.679 438.385 -13.275 -377.35 2222.9 2025 河北 晒干 一等 074
4183668 4602 2025/9/4 19:56:11 P15 36.67 64.6 0 21.82 8.03 935.83 932.35 122.223 124.359 1667.175 32.349 760.651 1861.115 -2068.787 -415.344 -959.473 -770.721 -1045.227 -322.266 396.881 1123.962 1183.929 337.524 1434.174 510.559 405.884 1214.6 -1739.502 10.681 -1294.098 -591.278 -1396.332 -683.441 37.994 763.397 2589.111 1413.574 -1983.337 80.719 1722.717 439.911 -1655.579 441.895 -13.58 -373.23 2228.241 2025 河北 晒干 一等 074
4183669 4602 2025/9/4 19:56:12 P15 36.74 64.73 0 21.75 8.03 935.83 932.34 121.918 123.596 1667.633 30.518 763.245 1861.572 -2083.588 -431.824 -979.919 -791.779 -1060.791 -336.151 390.32 1125.336 1183.624 336.304 1437.378 509.186 406.189 1208.649 -1753.998 5.493 -1316.376 -598.297 -1408.997 -700.684 26.855 759.583 2591.248 1416.168 -2004.852 77.057 1724.091 436.707 -1678.009 437.927 -8.85 -378.113 2227.173 2025 河北 晒干 一等 074
4183670 4602 2025/9/4 19:56:13 P15 36.77 64.7 0 21.75 7.98 935.82 932.34 121.918 125.275 1669.922 36.316 761.871 1864.014 -2051.392 -420.532 -975.189 -775.299 -1031.647 -311.89 404.511 1130.676 1184.845 337.219 1439.972 509.949 407.257 1225.891 -1723.175 -0.61 -1307.678 -601.196 -1378.174 -671.997 45.471 769.806 2595.367 1418.304 -1996.46 81.787 1725.006 433.35 -1667.48 443.115 -11.139 -377.045 2233.276 2025 河北 晒干 一等 074
4183671 4602 2025/9/4 19:56:14 P15 36.69 64.63 0 21.81 8.06 935.83 932.34 121.613 125.427 1671.906 32.501 764.923 1860.352 -2081.451 -424.805 -979.919 -783.081 -1059.57 -332.794 395.966 1126.556 1186.829 337.219 1441.04 509.949 407.41 1209.717 -1753.235 -0.763 -1316.071 -605.011 -1409.76 -697.174 30.518 763.55 2597.809 1421.661 -2007.904 85.449 1726.99 434.265 -1678.314 447.998 -11.902 -376.282 2230.835 2025 河北 晒干 一等 074
4183672 4602 2025/9/4 19:56:15 P15 36.69 64.62 0 21.81 8.13 935.8 932.34 121.613 124.817 1673.584 32.349 764.313 1860.352 -2074.127 -435.028 -973.053 -793.304 -1053.009 -332.184 393.219 1128.235 1186.218 337.372 1442.261 508.728 407.715 1203.766 -1745.3 -3.357 -1309.662 -594.177 -1401.825 -692.596 29.602 762.024 2599.335 1423.34 -1998.749 87.28 1728.516 431.061 -1670.837 448.456 -11.444 -376.892 2233.276 2025 河北 晒干 一等 074
4183673 4602 2025/9/4 19:56:16 P15 36.67 64.59 0 21.69 8.09 935.84 932.35 122.681 124.664 1674.042 31.738 764.16 1858.826 -2092.743 -434.265 -977.631 -792.847 -1066.284 -342.407 389.252 1128.693 1186.066 337.524 1443.176 508.118 405.884 1203.156 -1761.78 2.747 -1316.528 -600.739 -1416.473 -704.041 23.651 759.277 2601.166 1425.323 -2006.989 84.686 1729.584 432.129 -1678.772 447.54 -12.97 -370.636 2232.056 2025 河北 晒干 一等 074
4183674 4602 2025/9/4 19:56:17 P15 36.67 64.66 0 21.7 7.9 935.82 932.33 121.918 125.275 1675.568 35.248 763.55 1869.812 -2044.678 -429.993 -983.734 -787.201 -1029.51 -309.906 410.156 1135.712 1188.202 337.677 1445.313 508.423 409.546 1228.333 -1718.14 -5.798 -1316.681 -612.183 -1376.953 -671.234 50.354 775.452 2602.539 1425.781 -2004.852 82.855 1728.973 428.314 -1675.873 444.489 -13.275 -381.622 2226.105 2025 河北 晒干 一等 074
4183675 4602 2025/9/4 19:56:18 P15 36.69 64.68 0 21.61 8.14 935.83 932.33 121.765 124.359 1676.483 36.163 765.839 1860.962 -2062.988 -422.974 -988.617 -778.198 -1036.072 -312.958 406.647 1138.153 1186.066 336.151 1445.618 506.439 409.699 1206.512 -1732.941 6.561 -1321.869 -616.15 -1387.024 -674.439 46.692 774.689 2604.98 1426.849 -2014.008 90.332 1730.957 427.551 -1684.265 451.813 -13.123 -375.061 2228.088 2025 河北 晒干 一等 074
4183676 4602 2025/9/4 19:56:19 P15 36.73 64.73 0 21.62 8.06 935.8 932.34 121.307 123.749 1677.399 33.112 766.907 1860.657 -2069.55 -423.737 -994.721 -780.182 -1051.331 -329.285 398.56 1135.864 1186.523 335.541 1447.906 506.744 407.867 1203.766 -1744.69 7.935 -1328.888 -623.779 -1400.146 -691.223 33.264 768.28 2607.422 1428.68 -2020.874 90.79 1730.652 425.11 -1692.505 452.576 -13.123 -378.113 2225.952 2025 河北 晒干 一等 074
4183677 4602 2025/9/4 19:56:20 P15 36.67 64.59 0 21.53 8.06 935.83 932.35 120.85 125.427 1678.467 36.926 766.449 1858.521 -2045.288 -412.903 -997.62 -766.296 -1025.696 -303.497 415.955 1141.052 1186.981 335.693 1448.975 506.439 410.156 1200.409 -1717.072 10.834 -1330.109 -624.542 -1373.901 -664.368 56.915 781.555 2609.253 1429.596 -2020.264 92.468 1731.873 423.889 -1692.2 453.644 -12.817 -376.892 2229.156 2025 河北 晒干 一等 074
4183678 4602 2025/9/4 19:56:21 P15 36.77 64.63 0 21.62 8.31 935.81 932.35 121.002 124.207 1679.077 31.738 765.228 1860.199 -2083.435 -429.535 -1006.165 -791.016 -1057.434 -332.947 396.271 1134.338 1186.523 335.083 1451.263 506.592 407.867 1202.698 -1754.761 -1.831 -1348.877 -628.967 -1409.76 -695.038 32.654 765.839 2609.863 1429.596 -2037.201 94.452 1731.873 422.363 -1709.9 457.459 -13.275 -375.061 2227.936 2025 河北 晒干 一等 074
4183679 4602 2025/9/4 19:56:22 P15 36.76 64.69 0 21.48 8.04 935.84 932.35 121.918 124.664 1678.162 36.621 766.296 1860.199 -2041.321 -424.194 -1014.252 -780.335 -1025.085 -307.159 412.14 1141.205 1188.049 334.32 1452.026 505.066 410.156 1211.7 -1716.003 4.73 -1348.572 -643.768 -1374.664 -668.182 53.711 778.809 2610.016 1430.054 -2036.285 96.13 1731.72 421.143 -1708.679 457.916 -14.038 -384.522 2227.02 2025 河北 晒干 一等 074
4183680 4602 2025/9/4 19:56:23 P15 36.74 64.56 0 21.55 8 935.84 932.34 121.46 123.749 1680.298 33.569 764.465 1861.725 -2059.479 -409.088 -1019.592 -766.602 -1035.767 -313.11 411.682 1142.426 1185.76 333.557 1454.62 505.371 407.715 1212.463 -1730.957 20.599 -1351.624 -643.311 -1386.261 -677.338 49.438 780.029 2612 1431.427 -2041.016 93.842 1732.635 419.006 -1712.189 461.731 -10.681 -375.671 2227.173 2025 河北 晒干 一等 074
4183681 4602 2025/9/4 19:56:24 P15 36.73 64.72 0 21.39 7.93 935.82 932.33 121.46 123.596 1680.145 34.485 765.076 1860.352 -2043.457 -412.903 -1015.93 -764.923 -1020.203 -302.124 414.124 1145.02 1184.692 332.642 1455.078 505.219 407.867 1203.156 -1714.172 15.869 -1347.809 -641.785 -1370.087 -662.537 55.542 782.013 2612.915 1431.885 -2039.948 97.504 1732.483 418.549 -1711.426 459.137 -11.902 -376.74 2231.445 2025 河北 晒干 一等 074
4183682 4602 2025/9/4 19:56:25 P15 36.7 64.7 0 21.46 7.9 935.81 932.34 120.392 123.291 1680.145 30.06 763.245 1859.131 -2079.468 -415.344 -1032.715 -778.198 -1057.892 -331.726 400.391 1137.39 1186.371 332.031 1455.383 505.829 404.968 1203.766 -1750.336 13.733 -1369.019 -654.907 -1408.844 -696.716 37.079 770.264 2613.068 1431.58 -2054.749 100.708 1732.788 417.786 -1728.363 462.189 -12.207 -376.74 2229.614 2025 河北 晒干 一等 074
4183683 4602 2025/9/4 19:56:26 P15 36.69 64.59 0 21.52 8.11 935.8 932.34 120.239 123.138 1682.739 35.4 762.482 1867.371 -2038.574 -414.124 -1035.919 -770.416 -1017.761 -302.887 416.26 1145.325 1184.845 332.031 1458.435 505.066 409.088 1221.466 -1708.069 10.529 -1369.171 -662.994 -1366.73 -660.553 56.61 782.318 2615.509 1434.937 -2057.343 105.438 1734.924 413.971 -1730.042 467.224 -13.428 -373.993 2229.919 2025 河北 晒干 一等 074
4183684 4602 2025/9/4 19:56:27 P15 36.63 64.59 0 21.4 8.08 935.83 932.33 119.934 123.749 1681.976 31.281 762.024 1863.098 -2062.378 -407.562 -1044.617 -765.533 -1039.124 -312.5 413.971 1146.24 1186.829 331.268 1458.435 505.524 406.647 1214.905 -1733.551 15.411 -1377.258 -676.88 -1389.16 -675.354 52.032 781.25 2615.051 1434.784 -2065.887 107.727 1734.619 414.276 -1737.061 468.75 -12.817 -375.977 2234.497 2025 河北 晒干 一等 074
4183685 4602 2025/9/4 19:56:28 P15 36.57 64.63 0 21.42 7.84 935.81 932.34 120.087 123.291 1683.197 34.18 765.686 1855.469 -2067.108 -412.14 -1045.837 -768.738 -1040.039 -316.467 408.936 1146.545 1185.76 330.658 1460.419 504.456 408.173 1195.526 -1736.603 16.174 -1379.7 -671.387 -1391.754 -678.406 45.929 779.419 2617.95 1435.852 -2072.754 105.591 1735.077 413.513 -1744.843 467.987 -7.629 -374.451 2229.767 2025 河北 晒干 一等 074
4183686 4602 2025/9/4 19:56:29 P15 36.57 64.69 0 21.42 8.06 935.83 932.32 120.239 124.664 1683.96 30.67 761.719 1860.962 -2075.348 -422.516 -1051.178 -778.503 -1048.584 -321.655 407.715 1141.815 1186.523 330.048 1460.571 505.066 404.358 1207.275 -1746.674 6.866 -1387.329 -675.659 -1400.757 -685.425 42.877 775.604 2619.324 1436.157 -2077.026 104.828 1734.619 410.614 -1749.42 466.614 -11.902 -375.519 2226.715 2025 河北 晒干 一等 074
4183687 4602 2025/9/4 19:56:30 P15 36.72 64.59 0 21.24 7.95 935.81 932.32 120.239 124.207 1685.181 30.06 761.871 1859.894 -2075.348 -423.431 -1047.974 -783.997 -1047.211 -319.977 410.156 1144.714 1186.676 329.437 1462.402 504.303 404.968 1210.022 -1746.521 6.866 -1385.803 -674.439 -1401.978 -682.831 45.624 778.503 2619.781 1437.836 -2075.195 105.743 1736.145 410.614 -1747.437 467.224 -12.817 -373.077 2230.225 2025 河北 晒干 一等 074
4183688 4602 2025/9/4 19:56:31 P15 36.72 64.7 0 21.39 8.04 935.8 932.31 120.087 124.97 1685.181 30.823 764.618 1854.553 -2076.874 -425.72 -1051.636 -783.691 -1050.11 -323.639 405.121 1144.714 1187.134 328.369 1463.318 504.303 404.663 1198.73 -1748.199 2.899 -1390.076 -675.964 -1402.588 -688.629 41.504 775.909 2621.765 1438.141 -2077.179 109.253 1736.145 408.02 -1751.099 471.191 -9.46 -376.74 2227.783 2025 河北 晒干 一等 074
4183689 4602 2025/9/4 19:56:32 P15 36.7 64.65 0 21.17 8.04 935.78 932.31 119.782 122.986 1685.028 29.755 762.94 1858.368 -2072.906 -433.96 -1060.638 -792.999 -1049.5 -326.233 405.426 1145.02 1184.387 326.996 1462.708 503.845 404.358 1197.815 -1742.554 -4.578 -1395.111 -682.678 -1397.4 -688.171 38.147 774.536 2622.223 1438.293 -2083.435 110.779 1735.992 408.478 -1756.897 472.87 -12.207 -376.434 2227.478 2025 河北 晒干 一等 074
4183690 4602 2025/9/4 19:56:33 P15 36.7 64.63 0 21.37 7.98 935.76 932.32 119.629 123.291 1685.791 37.842 767.059 1859.589 -2045.441 -424.042 -1061.707 -779.114 -1021.271 -298.462 423.584 1151.581 1186.523 326.233 1463.318 503.235 411.835 1205.444 -1715.24 7.324 -1392.517 -689.392 -1370.087 -659.79 61.951 789.795 2622.223 1439.362 -2080.994 114.441 1735.077 407.105 -1753.54 476.532 -13.733 -375.977 2227.173 2025 河北 晒干 一等 074
4183691 4602 2025/9/4 19:56:34 P15 36.66 64.6 0 21.3 7.9 935.81 932.32 118.866 122.986 1686.707 35.095 766.144 1851.654 -2051.086 -425.415 -1051.331 -779.419 -1023.56 -299.988 421.906 1151.428 1184.082 325.012 1464.996 502.777 410.156 1190.186 -1720.734 1.068 -1384.125 -677.948 -1375.122 -661.621 60.73 787.964 2622.528 1439.362 -2074.127 110.626 1735.687 405.273 -1744.843 472.717 -12.665 -375.214 2225.037 2025 河北 晒干 一等 074
4183692 4602 2025/9/4 19:56:35 P15 36.66 64.53 0 21.4 7.95 935.79 932.31 119.934 121.46 1687.012 32.959 765.839 1853.943 -2058.105 -416.412 -1064.453 -773.315 -1031.189 -305.939 419.922 1151.276 1183.014 323.181 1464.844 503.235 408.325 1197.815 -1726.99 7.324 -1396.484 -692.749 -1381.226 -670.471 56 788.117 2622.986 1439.667 -2087.555 116.577 1735.84 406.799 -1758.728 478.821 -12.054 -374.451 2220.917 2025 河北 晒干 一等 074
4183693 4602 2025/9/4 19:56:36 P15 36.7 64.69 0 21.25 7.92 935.78 932.31 118.408 119.934 1685.791 34.027 763.245 1854.553 -2031.555 -415.039 -1065.521 -771.332 -1011.353 -295.563 422.974 1151.276 1179.81 322.113 1465.454 501.862 407.41 1202.545 -1703.186 12.665 -1397.095 -690.765 -1360.321 -654.755 63.782 791.779 2620.85 1437.225 -2086.792 116.425 1734.924 406.189 -1758.575 478.21 -12.97 -378.876 2219.238 2025 河北 晒干 一等 074
4183694 4602 2025/9/4 19:56:37 P15 36.79 64.6 0 21.15 7.93 935.78 932.31 119.171 119.476 1685.638 38.91 769.653 1851.349 -2032.623 -413.361 -1067.963 -767.975 -1014.099 -295.41 423.279 1151.276 1178.284 320.282 1466.98 502.625 412.903 1186.371 -1704.559 12.817 -1398.926 -697.327 -1361.542 -654.907 61.798 791.016 2621.002 1436.157 -2087.708 118.103 1733.704 406.494 -1761.322 480.194 -11.902 -374.603 2218.933 2025 河北 晒干 一等 074
4183695 4602 2025/9/4 19:56:38 P15 36.62 64.7 0 21.19 8.03 935.8 932.31 119.171 119.629 1685.333 30.67 760.04 1853.638 -2038.116 -423.279 -1067.963 -777.588 -1015.167 -297.394 422.211 1148.834 1176.758 319.367 1466.827 503.082 404.358 1196.594 -1708.221 5.798 -1397.552 -697.937 -1364.136 -656.891 59.357 787.201 2619.476 1434.784 -2089.996 120.087 1733.093 404.358 -1761.169 481.415 -12.512 -375.061 2221.069 2025 河北 晒干 一等 074
4183696 4602 2025/9/4 19:56:39 P15 36.77 64.65 0 21.17 8 935.79 932.3 118.866 120.544 1685.486 33.112 763.855 1847.687 -2041.321 -428.772 -1069.794 -783.081 -1020.508 -303.345 417.786 1147.308 1178.436 319.672 1466.675 505.219 407.41 1184.692 -1712.799 -0.458 -1402.74 -699.463 -1370.239 -664.215 58.289 783.997 2620.85 1435.699 -2089.386 121.002 1733.704 401.917 -1761.627 482.025 -5.798 -374.298 2221.069 2025 河北 晒干 一等 074
4183697 4602 2025/9/4 19:56:40 P15 36.65 64.66 0 21.15 8.06 935.79 932.31 119.171 119.629 1686.249 29.755 758.82 1858.978 -2051.239 -417.481 -1079.407 -773.621 -1027.679 -310.059 412.598 1144.257 1177.521 319.061 1467.743 506.287 403.748 1209.259 -1722.107 12.207 -1413.574 -707.398 -1378.784 -668.03 50.049 779.724 2619.781 1435.242 -2100.372 125.122 1734.161 402.374 -1772.766 486.45 -12.817 -375.214 2221.069 2025 河北 晒干 一等 074
4183698 4602 2025/9/4 19:56:41 P15 36.73 64.59 0 21.15 7.97 935.8 932.31 118.561 119.171 1687.622 33.112 761.566 1857.605 -2033.081 -411.987 -1083.679 -768.433 -1016.693 -299.225 420.532 1148.529 1176.758 318.909 1468.964 505.829 405.579 1202.698 -1704.407 16.632 -1414.49 -710.907 -1362.305 -659.638 61.188 787.506 2620.392 1435.852 -2098.846 130.768 1734.467 401.611 -1771.393 492.401 -12.36 -372.772 2220.001 2025 河北 晒干 一等 074
4183699 4602 2025/9/4 19:56:42 P15 36.67 64.69 0 21.08 8.11 935.79 932.3 118.561 119.629 1687.622 36.774 766.602 1851.044 -2062.073 -413.513 -1081.543 -771.484 -1036.224 -309.143 417.175 1148.224 1177.673 319.061 1470.032 507.66 411.53 1186.218 -1732.788 9.003 -1414.49 -708.16 -1387.329 -671.997 54.321 784.454 2621.307 1436.462 -2104.645 129.547 1735.535 401.764 -1777.039 491.943 -13.58 -375.214 2218.323 2025 河北 晒干 一等 074
4183700 4602 2025/9/4 19:56:43 P15 36.67 64.55 0 21.08 7.93 935.76 932.31 118.561 119.324 1688.843 36.316 766.144 1857.91 -2060.699 -424.805 -1094.055 -783.386 -1038.818 -315.857 410.614 1146.088 1178.894 318.909 1471.405 507.813 410.767 1202.698 -1731.72 6.714 -1430.817 -717.621 -1388.55 -676.88 46.844 779.724 2622.986 1437.836 -2115.936 130.158 1736.45 400.391 -1789.856 492.249 -9.155 -373.535 2225.189 2025 河北 晒干 一等 074
4183701 4602 2025/9/4 19:56:44 P15 36.79 64.62 0 21 7.98 935.8 932.3 119.171 119.476 1688.69 37.994 769.196 1854.553 -2045.135 -423.584 -1099.243 -781.86 -1024.17 -305.939 418.243 1151.428 1180.725 319.672 1471.558 508.728 412.903 1189.575 -1715.851 4.578 -1433.868 -725.555 -1373.138 -665.588 56.61 785.37 2624.207 1439.056 -2120.972 135.04 1737.976 401.154 -1793.823 497.742 -11.444 -372.315 2218.475 2025 河北 晒干 一等 074
4183702 4602 2025/9/4 19:56:45 P15 36.69 64.65 0 20.97 7.88 935.8 932.31 119.019 120.544 1690.979 35.095 767.212 1852.875 -2075.958 -424.5 -1115.112 -785.828 -1046.906 -319.367 408.325 1146.545 1181.183 319.519 1472.626 507.66 409.393 1192.627 -1742.706 4.425 -1452.942 -736.542 -1398.01 -684.509 45.471 778.809 2624.664 1439.819 -2139.587 132.446 1738.129 399.017 -1812.744 495.148 -10.529 -375.214 2220.154 2025 河北 晒干 一等 074
4183703 4602 2025/9/4 19:56:46 P15 36.72 64.65 0 20.99 8.03 935.8 932.31 118.866 119.782 1692.2 45.319 774.841 1849.365 -2028.351 -422.821 -1112.366 -778.351 -1010.895 -293.121 426.941 1153.259 1182.556 319.672 1474.304 507.66 419.769 1181.641 -1699.829 9.308 -1442.871 -738.831 -1356.506 -653.076 66.834 792.694 2625.885 1441.803 -2127.38 133.057 1739.502 399.17 -1801.147 494.843 -7.477 -373.84 2222.748 2025 河北 晒干 一等 074
4183704 4602 2025/9/4 19:56:47 P15 36.63 64.66 0 20.95 7.92 935.78 932.32 119.629 120.087 1692.81 39.673 773.01 1851.654 -2058.258 -421.295 -1116.028 -781.097 -1038.818 -315.704 415.039 1152.191 1181.183 318.604 1474.152 507.813 415.192 1180.115 -1729.889 5.188 -1451.721 -745.239 -1388.702 -678.101 49.896 785.37 2627.106 1442.566 -2139.587 132.446 1739.197 397.797 -1811.676 496.216 -12.817 -372.62 2223.511 2025 河北 晒干 一等 074
4183705 4602 2025/9/4 19:56:48 P15 36.72 64.56 0 20.93 7.82 935.77 932.31 119.629 120.85 1692.963 41.504 772.095 1851.654 -2037.506 -414.429 -1119.843 -768.433 -1017.151 -298.767 424.652 1152.496 1180.878 317.535 1473.999 508.118 415.039 1180.115 -1709.137 10.986 -1450.653 -750.58 -1366.425 -659.027 61.951 787.811 2627.563 1442.261 -2137.604 139.008 1738.739 397.339 -1811.066 502.472 -11.444 -371.857 2214.355 2025 河北 晒干 一等 074
4183706 4602 2025/9/4 19:56:49 P15 36.8 64.76 0 20.95 7.9 935.78 932.31 119.476 121.155 1692.81 42.572 771.484 1856.537 -2029.114 -415.344 -1124.573 -770.874 -1011.2 -289.917 427.094 1155.396 1181.488 317.23 1474.609 508.423 415.344 1200.256 -1703.033 12.207 -1458.435 -752.258 -1360.321 -652.466 67.596 794.525 2628.632 1444.092 -2142.639 137.787 1739.807 397.186 -1816.864 500.031 -10.529 -375.977 2223.053 2025 河北 晒干 一等 074
4183707 4602 2025/9/4 19:56:50 P15 36.67 64.66 0 20.89 8.03 935.77 932.31 118.866 122.07 1693.42 41.656 773.01 1853.79 -2046.356 -422.516 -1123.81 -776.062 -1018.982 -295.715 425.72 1157.227 1181.793 316.925 1474.915 507.507 415.649 1189.575 -1716.003 5.493 -1455.688 -751.648 -1370.087 -657.654 65.155 792.389 2629.395 1444.702 -2143.707 142.67 1739.96 395.66 -1816.864 504.608 -9.766 -375.366 2220.917 2025 河北 晒干 一等 074
4183708 4602 2025/9/4 19:56:51 P15 36.72 64.65 0 20.86 7.92 935.77 932.29 119.324 120.697 1696.93 43.335 776.52 1846.161 -2054.749 -425.873 -1135.559 -786.133 -1033.478 -308.838 417.938 1154.327 1183.929 317.688 1478.271 507.507 417.328 1169.891 -1726.074 7.629 -1470.795 -760.193 -1383.514 -673.065 54.626 787.659 2632.751 1447.296 -2156.067 143.89 1742.554 396.271 -1829.834 505.676 -10.681 -375.977 2217.102 2025 河北 晒干 一等 074
4183709 4602 2025/9/4 19:56:52 P15 36.73 64.52 0 20.91 8.01 935.78 932.3 120.239 120.087 1696.777 36.011 771.637 1852.112 -2064.056 -428.314 -1142.883 -786.591 -1039.581 -313.568 416.87 1156.158 1182.251 315.857 1477.661 506.592 410.614 1181.488 -1735.687 3.052 -1479.187 -770.416 -1390.686 -676.117 50.049 787.964 2632.141 1447.449 -2165.68 141.907 1742.554 396.729 -1839.752 505.981 -9.155 -373.383 2222.137 2025 河北 晒干 一等 074
4183710 4602 2025/9/4 19:56:53 P15 36.74 64.6 0 20.84 7.9 935.77 932.32 119.629 119.934 1697.693 45.319 775.604 1857.91 -2036.896 -412.903 -1147.003 -769.348 -1014.252 -289.612 433.35 1161.652 1184.082 315.399 1479.034 506.592 419.464 1192.627 -1710.052 15.411 -1478.729 -773.01 -1364.441 -652.161 71.411 800.781 2634.277 1448.517 -2165.527 149.231 1743.317 395.355 -1838.531 510.407 -10.529 -373.84 2225.037 2025 河北 晒干 一等 074
4183711 4602 2025/9/4 19:56:54 P15 36.76 64.66 0 20.58 8 935.81 932.29 118.561 119.629 1697.998 47.607 775.909 1859.436 -2021.332 -405.273 -1148.071 -761.108 -1000.824 -285.645 434.57 1163.483 1182.098 314.941 1480.408 506.439 421.753 1194.305 -1690.826 22.888 -1477.356 -780.182 -1349.03 -642.242 73.853 799.713 2635.345 1449.585 -2163.391 150.452 1744.537 395.05 -1837.921 512.085 -10.986 -376.282 2225.037 2025 河北 晒干 一等 074
4183712 4602 2025/9/4 19:56:55 P15 36.66 64.7 0 20.89 7.93 935.8 932.31 118.561 118.866 1697.083 39.673 773.315 1851.654 -2063.599 -421.295 -1158.6 -779.419 -1035.767 -309.906 421.6 1159.21 1181.488 314.484 1480.56 506.744 413.818 1181.488 -1732.33 7.019 -1492.92 -784.607 -1387.024 -671.997 54.321 792.084 2636.261 1449.585 -2180.634 147.705 1743.317 393.372 -1853.79 509.491 -6.409 -375.366 2221.527 2025 河北 晒干 一等 074
4183713 4602 2025/9/4 19:56:56 P15 36.62 64.7 0 20.71 8.01 935.8 932.33 119.171 119.782 1698.303 45.471 776.062 1854.248 -2031.403 -416.87 -1168.365 -773.621 -1012.878 -294.647 428.009 1161.957 1182.709 314.026 1482.239 507.05 419.159 1182.098 -1703.949 16.632 -1500.397 -798.492 -1360.931 -655.06 65.918 796.509 2636.719 1450.348 -2186.737 145.416 1744.537 393.524 -1860.046 507.813 -9.613 -375.214 2220.154 2025 河北 晒干 一等 074
4183714 4602 2025/9/4 19:56:57 P15 36.62 64.66 0 20.71 7.87 935.79 932.3 118.561 119.324 1697.693 46.082 776.52 1852.875 -2034.912 -407.715 -1166.534 -763.855 -1008.453 -288.849 433.197 1164.703 1180.573 313.263 1481.934 505.524 419.617 1183.014 -1705.17 20.447 -1498.718 -793.762 -1359.863 -650.177 71.716 800.476 2637.482 1450.195 -2185.364 149.841 1744.232 392.304 -1857.91 511.932 -10.681 -375.061 2218.628 2025 河北 晒干 一等 074
4183715 4602 2025/9/4 19:56:58 P15 36.7 64.59 0 20.71 7.84 935.82 932.33 119.019 119.324 1697.54 44.708 776.978 1845.551 -2039.032 -414.734 -1161.194 -770.874 -1012.115 -286.865 435.181 1164.398 1180.725 311.89 1482.239 505.981 420.227 1169.586 -1708.832 11.902 -1492.767 -792.999 -1364.746 -648.651 74.921 801.697 2637.177 1450.806 -2180.634 150.909 1744.232 391.998 -1852.722 513.001 -9.918 -363.159 2215.576 2025 河北 晒干 一等 074
4183716 4602 2025/9/4 19:56:59 P15 36.69 64.62 0 20.6 7.88 935.8 932.32 117.95 118.561 1698.761 40.436 772.247 1855.316 -2047.882 -410.309 -1163.025 -765.839 -1027.222 -304.413 424.652 1161.346 1180.267 311.432 1484.07 506.744 414.581 1189.117 -1722.412 19.073 -1496.429 -793.152 -1378.021 -665.741 59.662 794.22 2640.533 1451.569 -2184.906 160.065 1745.148 392.151 -1857.758 520.783 -7.935 -372.772 2215.118 2025 河北 晒干 一等 074
4183717 4602 2025/9/4 19:57:00 P15 36.73 64.58 0 20.64 8 935.79 932.29 118.408 119.782 1701.965 48.37 778.809 1848.602 -2021.79 -396.729 -1172.791 -750.427 -1001.282 -280.457 438.385 1166.992 1183.319 311.585 1486.969 508.423 421.6 1175.842 -1693.878 23.651 -1502.686 -801.697 -1349.487 -642.7 79.956 805.206 2644.348 1454.01 -2188.11 155.335 1748.657 391.846 -1861.42 516.968 -10.681 -373.84 2219.086 2025 河北 晒干 一等 074
4183718 4602 2025/9/4 19:57:01 P15 36.74 64.63 0 20.53 7.9 935.79 932.32 118.561 118.713 1699.677 38.91 773.01 1841.583 -2063.599 -404.053 -1184.692 -765.839 -1038.513 -310.669 418.243 1156.311 1179.504 310.974 1484.985 507.66 414.276 1161.346 -1733.093 23.651 -1519.47 -807.8 -1389.16 -675.659 53.101 790.405 2638.702 1451.569 -2202.606 159.454 1744.232 389.404 -1877.899 522.461 -10.834 -375.061 2214.661 2025 河北 晒干 一等 074
4183719 4602 2025/9/4 19:57:02 P15 36.66 64.7 0 20.55 7.97 935.79 932.32 119.171 118.561 1699.982 45.776 776.367 1846.619 -2023.621 -412.293 -1185.913 -769.806 -1000.824 -285.797 435.944 1161.041 1180.267 310.211 1486.053 507.355 419.006 1174.011 -1693.42 13.123 -1519.928 -815.125 -1351.471 -643.616 73.547 800.324 2639.771 1451.721 -2202.759 157.166 1745.605 389.099 -1876.831 520.172 -10.681 -373.688 2214.813 2025 河北 晒干 一等 074
4183720 4602 2025/9/4 19:57:03 P15 36.73 64.59 0 20.6 7.93 935.79 932.3 118.103 116.882 1699.066 49.133 780.335 1845.551 -2018.433 -415.649 -1187.286 -771.484 -1002.35 -286.865 436.859 1164.093 1177.979 309.296 1485.901 506.897 424.042 1165.009 -1690.063 12.36 -1517.639 -816.498 -1350.25 -642.853 74.615 802.46 2639.923 1450.348 -2203.979 161.133 1744.08 389.099 -1879.12 523.224 -10.376 -370.636 2216.492 2025 河北 晒干 一等 074
4183721 4602 2025/9/4 19:57:04 P15 36.73 64.65 0 20.53 7.95 935.8 932.3 118.561 117.493 1699.982 43.793 773.468 1847.382 -2046.051 -411.987 -1183.777 -767.67 -1016.541 -293.121 432.129 1163.635 1176.605 308.685 1488.037 507.507 417.633 1174.927 -1715.393 11.444 -1516.113 -810.089 -1369.934 -654.907 68.359 797.882 2639.465 1450.5 -2202.606 162.354 1744.385 388.031 -1875.916 524.292 -8.392 -374.756 2206.573 2025 河北 晒干 一等 074
4183722 4602 2025/9/4 19:57:05 P15 36.67 64.6 0 20.71 7.87 935.8 932.33 118.103 117.188 1698.303 42.267 773.01 1851.654 -2050.171 -400.696 -1188.812 -758.057 -1023.254 -298.767 428.314 1162.109 1175.232 308.838 1487.579 507.66 414.581 1182.556 -1720.734 25.177 -1518.86 -816.345 -1375.122 -662.689 65.002 796.661 2637.482 1449.432 -2206.573 162.048 1742.706 387.573 -1879.272 525.36 -7.477 -374.451 2211.761 2025 河北 晒干 一等 074
4183723 4602 2025/9/4 19:57:06 P15 36.65 64.58 0 20.63 7.82 935.81 932.31 118.866 116.119 1700.134 42.267 774.384 1841.583 -2055.664 -410.614 -1189.728 -764.16 -1030.884 -304.871 422.669 1160.583 1175.232 307.465 1488.342 508.728 415.344 1159.973 -1725.616 17.853 -1523.132 -816.498 -1378.784 -668.793 58.899 794.067 2639.16 1450.043 -2210.083 167.389 1743.469 387.878 -1882.935 530.09 -10.681 -371.704 2206.573 2025 河北 晒干 一等 074
4183724 4602 2025/9/4 19:57:07 P15 36.7 64.62 0 20.79 8.08 935.8 932.31 117.035 117.34 1701.355 43.335 775.757 1844.025 -2061.005 -403.748 -1191.711 -762.482 -1032.41 -306.397 420.99 1159.058 1177.063 308.838 1488.8 509.644 417.328 1160.126 -1729.431 28.381 -1527.252 -818.024 -1384.277 -669.098 57.678 792.236 2639.771 1450.653 -2214.661 167.999 1745.3 387.421 -1886.902 530.09 -9.308 -380.859 2215.576 2025 河北 晒干 一等 074
4183725 4602 2025/9/4 19:57:08 P15 36.65 64.65 0 20.49 8.11 935.81 932.29 118.103 117.188 1700.897 42.267 775.604 1844.94 -2060.089 -410.461 -1199.799 -770.569 -1031.342 -307.007 421.448 1159.363 1176.3 308.228 1488.8 510.864 416.565 1166.992 -1729.126 18.616 -1535.339 -828.247 -1383.514 -670.929 55.542 792.542 2638.855 1451.721 -2222.137 161.591 1745.605 386.963 -1896.057 524.75 -10.071 -372.62 2215.576 2025 河北 晒干 一等 074
4183726 4602 2025/9/4 19:57:09 P15 36.74 64.62 0 20.4 7.97 935.8 932.31 118.713 116.577 1702.423 44.098 781.25 1844.482 -2060.547 -407.715 -1204.834 -768.89 -1035.461 -310.211 421.753 1159.21 1177.673 308.38 1489.258 510.407 419.464 1164.703 -1730.347 23.804 -1538.239 -829.468 -1385.651 -672.607 55.695 793.304 2640.381 1451.874 -2223.053 169.22 1746.521 387.268 -1897.583 532.074 -9.613 -373.688 2211.761 2025 河北 晒干 一等 074
4183727 4602 2025/9/4 19:57:10 P15 36.69 64.65 0 20.47 7.93 935.79 932.31 118.103 118.103 1703.644 44.098 775.757 1845.703 -2062.836 -409.851 -1201.172 -771.027 -1037.598 -309.601 421.448 1159.058 1180.267 308.991 1490.326 509.949 418.854 1162.72 -1732.178 16.479 -1536.713 -828.247 -1389.16 -671.845 54.626 790.405 2641.602 1452.637 -2223.511 169.067 1747.284 386.047 -1898.041 532.532 -10.071 -372.009 2216.797 2025 河北 晒干 一等 074
4183728 4602 2025/9/4 19:57:11 P15 36.67 64.62 0 20.35 7.93 935.81 932.32 118.561 118.408 1703.949 53.406 781.86 1854.706 -2029.572 -408.783 -1203.613 -764.465 -1001.129 -280.151 438.995 1166.992 1180.725 308.533 1490.326 509.796 426.025 1185.303 -1697.693 22.278 -1536.56 -838.165 -1351.166 -640.717 79.041 805.054 2642.517 1454.926 -2221.069 167.236 1747.589 385.742 -1894.531 529.633 -6.866 -372.772 2218.475 2025 河北 晒干 一等 074
4183729 4602 2025/9/4 19:57:12 P15 36.67 64.68 0 20.35 8 935.79 932.33 118.408 119.171 1706.39 54.779 783.997 1852.57 -2029.724 -410.156 -1224.67 -765.076 -1002.502 -279.694 441.132 1170.959 1184.082 308.533 1490.326 510.101 427.856 1177.826 -1699.677 13.58 -1555.481 -860.748 -1353.912 -641.174 80.109 807.953 2645.874 1458.282 -2241.974 175.476 1750.641 384.827 -1915.131 533.905 -9.613 -370.331 2215.118 2025 河北 晒干 一等 074
4183730 4602 2025/9/4 19:57:13 P15 36.72 64.48 0 20.64 7.87 935.81 932.31 118.408 118.866 1705.933 52.185 782.623 1854.401 -2034.454 -411.072 -1230.927 -767.212 -1005.554 -283.051 439.758 1172.485 1183.777 308.228 1490.326 509.796 426.941 1175.537 -1703.491 20.447 -1564.484 -862.579 -1358.032 -645.599 77.82 807.495 2647.552 1459.808 -2251.129 176.086 1751.251 386.81 -1924.438 538.635 -9.155 -364.075 2218.781 2025 河北 晒干 一等 074
4183731 4602 2025/9/4 19:57:14 P15 36.76 64.69 0 20.45 7.87 935.79 932.32 118.408 119.171 1708.832 51.422 784.454 1846.924 -2040.558 -415.344 -1243.439 -775.604 -1020.66 -295.105 435.181 1170.197 1184.387 307.77 1491.699 508.728 426.788 1163.025 -1712.952 16.022 -1575.47 -866.089 -1369.629 -659.027 69.58 804.596 2650.604 1462.097 -2260.742 176.086 1753.54 385.742 -1934.204 538.025 -10.681 -373.23 2214.355 2025 河北 晒干 一等 074
4183732 4602 2025/9/4 19:57:15 P15 36.7 64.62 0 20.53 7.85 935.77 932.31 118.561 118.256 1707.764 52.185 783.691 1848.755 -2020.874 -406.342 -1235.352 -762.177 -999.603 -278.626 442.2 1173.096 1184.54 307.617 1492.157 509.033 424.347 1171.417 -1691.742 19.684 -1565.399 -866.089 -1349.335 -638.123 81.177 808.716 2651.672 1461.639 -2250.214 174.103 1752.625 384.827 -1923.218 536.346 -10.223 -370.636 2217.56 2025 河北 晒干 一等 074
4183733 4602 2025/9/4 19:57:16 P15 36.67 64.6 0 20.43 7.93 935.81 932.29 118.866 118.103 1708.832 50.507 782.623 1847.534 -2052.917 -408.02 -1244.812 -773.163 -1027.222 -301.209 432.739 1168.976 1183.777 307.159 1493.378 508.728 423.279 1165.161 -1723.328 19.989 -1579.742 -866.699 -1379.547 -665.436 65.308 803.223 2651.978 1462.708 -2262.421 178.07 1753.387 385.742 -1937.561 542.755 -11.139 -371.399 2219.543 2025 河北 晒干 一等 074
4183734 4602 2025/9/4 19:57:17 P15 36.65 64.69 0 20.38 8.06 935.82 932.35 118.408 119.171 1710.052 49.438 782.318 1853.638 -2048.187 -412.445 -1255.188 -773.315 -1023.102 -296.631 430.908 1169.281 1185.455 306.397 1494.141 507.507 424.652 1179.962 -1717.987 22.278 -1589.661 -878.143 -1372.681 -659.943 65.918 801.697 2654.572 1463.623 -2272.034 182.343 1753.235 385.284 -1947.327 544.281 -5.493 -373.84 2218.475 2025 河北 晒干 一等 074
4183735 4602 2025/9/4 19:57:18 P15 36.69 64.75 0 20.42 7.84 935.82 932.32 118.561 118.713 1709.29 58.899 786.438 1854.553 -2005.005 -404.358 -1247.559 -758.209 -987.854 -269.318 453.796 1179.199 1185.15 307.007 1495.056 506.439 431.671 1179.657 -1678.162 21.362 -1576.385 -876.923 -1335.449 -627.441 92.773 818.024 2654.877 1463.776 -2260.132 185.852 1754.15 384.674 -1935.12 548.554 -9.155 -371.246 2220.764 2025 河北 晒干 一等 074
4183736 4602 2025/9/4 19:57:19 P15 36.65 64.63 0 20.38 7.92 935.82 932.32 118.561 118.713 1710.358 57.22 786.285 1854.706 -2003.784 -400.391 -1254.425 -755.463 -980.377 -262.909 454.102 1180.115 1184.998 306.091 1495.361 506.744 431.061 1179.047 -1674.042 26.55 -1581.879 -884.857 -1330.109 -621.948 95.062 819.855 2655.945 1464.844 -2265.167 179.901 1754.456 383.759 -1940.308 542.603 -9.46 -371.399 2217.865 2025 河北 晒干 一等 074
4183737 4602 2025/9/4 19:57:20 P15 36.67 64.65 0 20.33 8.03 935.8 932.31 118.408 119.629 1711.884 52.49 782.318 1848.145 -2045.593 -407.105 -1250.305 -765.686 -1019.44 -291.596 439.453 1173.706 1185.608 306.091 1495.972 507.355 426.483 1169.281 -1716.461 24.567 -1584.93 -879.364 -1372.07 -655.67 74.463 807.8 2657.166 1465.912 -2270.813 179.749 1755.066 383.148 -1945.038 541.382 -8.24 -371.246 2219.238 2025 河北 晒干 一等 074
4183738 4602 2025/9/4 19:57:21 P15 36.72 64.66 0 20.53 7.81 935.82 932.34 118.256 119.019 1711.578 48.523 782.929 1846.466 -2043.61 -415.497 -1254.578 -776.367 -1019.897 -291.443 440.979 1177.368 1188.354 306.091 1495.972 507.355 424.194 1165.619 -1715.698 14.496 -1586.456 -876.16 -1372.833 -657.044 74.463 810.852 2657.928 1467.896 -2270.203 175.629 1755.981 382.996 -1945.343 539.398 -10.071 -369.721 2223.358 2025 河北 晒干 一等 074
4183739 4602 2025/9/4 19:57:22 P15 36.79 64.69 0 20.34 7.84 935.84 932.35 119.019 118.866 1714.478 57.068 787.354 1858.215 -2005.31 -412.75 -1250.61 -771.484 -987.701 -273.59 450.897 1183.167 1188.202 306.397 1497.192 506.287 431.519 1180.42 -1676.941 11.749 -1580.811 -885.468 -1335.754 -631.714 90.942 818.634 2661.896 1469.116 -2263.641 176.849 1758.118 384.827 -1938.324 540.466 -9.155 -373.077 2224.121 2025 河北 晒干 一等 074
4183740 4602 2025/9/4 19:57:23 P15 36.67 64.7 0 20.2 7.77 935.81 932.34 119.629 121.002 1714.935 65.765 789.49 1854.553 -1997.986 -415.192 -1258.545 -769.501 -978.546 -264.282 454.102 1186.371 1186.218 305.634 1497.192 504.303 433.655 1179.352 -1670.99 10.223 -1586.761 -891.419 -1325.073 -622.406 93.842 820.007 2663.116 1470.337 -2272.034 177.46 1757.813 382.69 -1947.174 539.703 -10.223 -373.23 2218.018 2025 河北 晒干 一等 074
4183741 4602 2025/9/4 19:57:24 P15 36.69 64.66 0 20.34 7.9 935.81 932.34 118.561 121.155 1716.003 58.899 787.506 1861.115 -1999.359 -396.576 -1262.97 -755.768 -981.445 -260.315 458.221 1187.134 1190.491 305.328 1497.955 504.913 432.739 1193.085 -1669.464 29.144 -1591.492 -892.639 -1328.583 -621.948 99.945 824.738 2663.727 1472.626 -2272.797 184.021 1759.338 382.69 -1947.632 546.57 -8.087 -372.162 2225.189 2025 河北 晒干 一等 074
4183742 4602 2025/9/4 19:57:25 P15 36.76 64.69 0 20.42 7.93 935.8 932.3 118.408 120.239 1716.614 51.575 785.217 1847.229 -2035.37 -407.105 -1270.447 -767.517 -1011.353 -282.44 448.456 1183.624 1189.575 305.176 1498.413 504.456 427.551 1158.6 -1705.933 22.278 -1600.647 -900.269 -1359.1 -648.651 81.787 817.413 2665.1 1473.541 -2286.987 185.089 1760.254 382.08 -1960.754 548.706 -9.155 -374.908 2222.595 2025 河北 晒干 一等 074
4183743 4602 2025/9/4 19:57:26 P15 36.76 64.52 0 20.42 7.97 935.79 932.33 119.171 120.392 1717.224 56.152 789.49 1855.316 -2015.991 -436.859 -1279.907 -789.337 -1000.366 -277.1 451.355 1184.082 1191.864 304.718 1499.023 503.998 431.213 1175.69 -1688.843 26.245 -1610.413 -907.44 -1347.046 -639.343 85.907 820.313 2667.084 1474.762 -2292.938 182.648 1761.017 381.928 -1968.536 545.349 -9.46 -373.535 2226.563 2025 河北 晒干 一等 074
4183744 4602 2025/9/4 19:57:27 P15 36.74 64.55 0 20.15 7.87 935.79 932.31 118.103 121.002 1718.445 57.983 788.117 1857.605 -2008.514 -398.865 -1275.024 -755.92 -983.276 -259.552 462.494 1190.796 1192.017 304.871 1499.786 503.235 432.739 1184.998 -1678.009 29.602 -1605.988 -907.593 -1333.16 -621.491 101.013 828.552 2668.762 1476.746 -2289.276 186.005 1762.39 381.47 -1962.891 546.875 -8.698 -373.383 2228.241 2025 河北 晒干 一等 074
4183745 4602 2025/9/4 19:57:28 P15 36.63 64.65 0 20.29 7.79 935.82 932.32 118.408 121.918 1719.208 56.61 786.591 1856.232 -2019.958 -406.799 -1281.738 -765.839 -996.246 -269.47 457.306 1189.88 1192.78 304.413 1501.465 503.235 431.213 1182.556 -1691.895 18.921 -1616.364 -908.661 -1347.809 -634.308 95.367 826.263 2670.441 1477.051 -2298.889 188.294 1761.627 381.317 -1974.03 549.469 -5.951 -372.772 2230.835 2025 河北 晒干 一等 074
4183746 4602 2025/9/4 19:57:29 P15 36.59 64.63 0 20.2 7.98 935.79 932.29 118.256 121.307 1720.123 59.967 785.98 1865.082 -1994.629 -405.273 -1286.774 -759.277 -971.375 -250.397 467.682 1193.848 1191.711 304.413 1501.923 502.014 432.282 1203.003 -1666.87 22.43 -1615.448 -915.527 -1323.7 -611.42 109.863 834.045 2672.424 1478.882 -2298.584 185.242 1762.39 380.249 -1973.267 547.943 -10.071 -371.857 2228.699 2025 河北 晒干 一等 074
4183747 4602 2025/9/4 19:57:30 P15 36.67 64.65 0 20.23 7.73 935.8 932.32 117.798 119.629 1720.734 46.844 781.555 1862.793 -2035.065 -401.611 -1290.741 -760.956 -1008.606 -279.999 450.745 1186.981 1192.932 303.803 1503.906 502.625 423.584 1198.425 -1706.238 26.245 -1627.35 -918.579 -1360.626 -644.074 84.686 820.465 2674.713 1479.797 -2309.875 189.209 1763.611 380.096 -1986.237 551.453 -7.019 -371.704 2229.004 2025 河北 晒干 一等 074
4183748 4602 2025/9/4 19:57:31 P15 36.67 64.58 0 20.24 7.71 935.81 932.32 118.256 120.85 1720.734 56 784.607 1858.978 -1995.85 -396.576 -1300.507 -753.937 -974.121 -253.449 466.156 1193.542 1192.78 303.955 1504.364 501.251 430.298 1191.711 -1666.87 27.771 -1630.402 -929.871 -1322.937 -612.183 105.896 829.163 2675.018 1480.255 -2314.148 194.702 1762.848 380.554 -1989.746 557.861 -9.46 -372.315 2230.682 2025 河北 晒干 一等 074
4183749 4602 2025/9/4 19:57:32 P15 36.65 64.72 0 20.2 8 935.79 932.33 117.798 120.85 1720.886 55.847 785.98 1858.215 -2016.144 -400.848 -1304.169 -755.768 -986.939 -260.62 464.02 1195.221 1190.643 303.192 1505.127 499.573 429.993 1185.608 -1685.486 24.719 -1633.301 -933.838 -1339.722 -622.711 101.318 830.689 2677.612 1481.781 -2321.472 199.585 1763.611 378.876 -1994.019 560.15 -7.935 -375.366 2230.53 2025 河北 晒干 一等 074
4183750 4602 2025/9/4 19:57:33 P15 36.66 64.66 0 20.07 8.06 935.79 932.33 117.798 120.392 1721.954 52.185 784.302 1847.839 -2017.059 -396.423 -1311.035 -756.073 -996.552 -271.759 457.001 1191.406 1192.017 303.04 1507.874 500.794 426.788 1164.246 -1689.606 30.67 -1644.745 -935.364 -1347.504 -634.918 92.468 825.958 2678.528 1482.239 -2324.371 196.381 1764.069 379.028 -2000.275 559.235 -8.85 -373.383 2224.426 2025 河北 晒干 一等 074
4183751 4602 2025/9/4 19:57:34 P15 36.65 64.62 0 20.31 7.85 935.8 932.31 117.34 120.239 1723.175 55.237 784.912 1857.91 -2009.125 -402.832 -1306.305 -760.346 -987.244 -261.231 462.799 1193.39 1191.406 302.734 1509.399 500.183 429.23 1183.014 -1678.314 29.144 -1635.59 -934.448 -1334.381 -624.847 99.335 829.926 2678.833 1482.086 -2316.742 198.059 1763.458 378.723 -1992.798 561.981 -6.256 -373.993 2223.816 2025 河北 晒干 一等 074
4183752 4602 2025/9/4 19:57:35 P15 36.67 64.62 0 20.03 7.98 935.81 932.32 117.645 119.629 1723.633 52.49 783.691 1857.147 -2024.536 -405.731 -1308.441 -767.365 -999.298 -273.895 460.205 1195.526 1191.254 302.582 1511.688 499.268 427.246 1179.352 -1695.251 30.365 -1642.456 -927.734 -1351.166 -637.665 91.553 829.773 2680.054 1483.154 -2322.083 202.484 1764.526 378.723 -1997.986 565.643 -8.392 -372.62 2221.527 2025 河北 晒干 一等 074
4183753 4602 2025/9/4 19:57:36 P15 36.66 64.6 0 20.21 7.68 935.79 932.31 117.798 119.324 1722.717 54.169 781.708 1863.251 -1988.373 -390.778 -1299.744 -744.629 -964.05 -247.65 470.734 1199.493 1187.592 301.819 1511.841 497.437 427.856 1196.747 -1658.478 34.943 -1626.892 -931.244 -1313.782 -606.079 111.084 838.471 2678.986 1483.307 -2312.775 196.838 1762.848 378.265 -1987 561.066 -5.188 -371.246 2223.969 2025 河北 晒干 一等 074
4183754 4602 2025/9/4 19:57:37 P15 36.62 64.58 0 20.14 8.03 935.79 932.32 117.798 119.629 1719.971 45.776 778.809 1849.06 -2031.708 -402.527 -1306.152 -761.414 -1005.096 -277.71 452.271 1188.812 1188.049 301.666 1510.315 498.505 421.753 1172.638 -1701.965 28.992 -1641.693 -939.636 -1357.574 -641.937 87.433 822.754 2675.781 1480.255 -2324.677 202.026 1761.932 376.587 -1998.291 565.491 -7.324 -372.315 2222.9 2025 河北 晒干 一等 074
4183755 4602 2025/9/4 19:57:38 P15 36.62 64.69 0 20.16 7.82 935.8 932.31 116.882 118.103 1717.224 42.877 775.299 1849.976 -2040.1 -402.222 -1317.291 -763.702 -1013.031 -284.729 445.862 1184.692 1183.777 299.988 1506.195 497.589 416.87 1179.81 -1711.121 28.534 -1651.001 -939.026 -1366.425 -649.567 81.482 816.345 2671.661 1477.966 -2333.527 198.212 1758.423 375.214 -2009.583 561.218 -8.85 -371.552 2220.459 2025 河北 晒干 一等 074
4183756 4602 2025/9/4 19:57:39 P15 36.73 64.65 0 20.13 7.77 935.81 932.32 117.493 117.95 1718.445 43.182 776.062 1857.758 -2030.792 -405.884 -1314.697 -765.228 -1005.859 -278.32 448.608 1185.913 1184.082 298.92 1504.517 498.2 418.701 1196.289 -1701.508 28.076 -1650.543 -941.925 -1357.88 -643.158 83.771 818.787 2672.577 1477.966 -2329.407 201.416 1759.491 376.282 -2006.531 563.507 -9.613 -371.094 2219.086 2025 河北 晒干 一等 074
4183757 4602 2025/9/4 19:57:40 P15 36.73 64.68 0 20.13 7.9 935.81 932.3 117.188 118.103 1717.987 46.844 779.877 1850.739 -2016.296 -402.527 -1315.002 -762.482 -993.652 -267.944 457.764 1189.117 1183.929 299.072 1503.296 497.894 422.211 1180.267 -1689.758 30.212 -1646.576 -941.162 -1346.13 -630.951 95.215 825.806 2671.661 1477.203 -2328.796 198.212 1759.186 376.282 -2003.174 560.303 -8.698 -372.162 2217.712 2025 河北 晒干 一等 074
4183758 4602 2025/9/4 19:57:41 P15 36.72 64.58 0 20.15 7.9 935.81 932.32 116.577 117.34 1718.445 45.013 777.435 1850.433 -2022.4 -411.224 -1321.869 -771.332 -1002.35 -276.032 453.186 1187.134 1182.861 298.462 1502.838 498.505 420.532 1177.063 -1694.031 23.041 -1653.595 -945.129 -1351.013 -638.886 88.501 821.228 2672.424 1478.577 -2333.679 196.686 1760.559 377.502 -2009.888 560.455 -10.529 -372.009 2220.764 2025 河北 晒干 一等 074
4183759 4602 2025/9/4 19:57:42 P15 36.72 64.65 0 20.07 8.04 935.8 932.34 117.188 118.408 1720.428 46.692 777.741 1857.91 -2026.52 -396.729 -1321.259 -758.209 -999.603 -272.522 454.865 1188.812 1184.692 298.615 1502.075 499.115 422.058 1187.897 -1695.404 29.755 -1653.748 -944.214 -1349.792 -636.597 91.553 823.364 2672.577 1478.729 -2335.51 203.705 1761.017 377.045 -2011.108 565.796 -8.698 -373.077 2225.8 2025 河北 晒干 一等 074
4183760 4602 2025/9/4 19:57:43 P15 36.72 64.63 0 20.13 7.82 935.79 932.33 117.34 117.798 1720.428 52.948 781.708 1854.858 -1993.866 -396.729 -1317.902 -751.648 -973.206 -255.127 467.529 1196.899 1184.54 298.615 1503.143 498.047 427.094 1180.267 -1667.023 29.602 -1645.813 -955.353 -1322.632 -615.54 105.591 834.503 2674.408 1480.56 -2329.102 205.536 1762.238 376.892 -2003.479 567.017 -6.866 -370.483 2227.783 2025 河北 晒干 一等 074
4183761 4602 2025/9/4 19:57:44 P15 36.63 64.62 0 20.02 7.82 935.79 932.33 117.035 118.103 1719.971 42.114 774.994 1850.281 -2035.065 -406.952 -1329.346 -767.365 -1009.064 -283.814 446.472 1185.76 1182.861 297.546 1502.991 499.115 416.87 1172.638 -1705.78 21.21 -1663.513 -959.168 -1361.237 -647.278 81.787 817.566 2673.34 1479.34 -2345.734 201.416 1760.864 377.045 -2023.163 563.202 -9.155 -370.483 2224.884 2025 河北 晒干 一等 074
4183762 4602 2025/9/4 19:57:45 P15 36.55 64.65 0 19.98 7.77 935.79 932.32 116.577 117.798 1721.802 47.607 778.198 1854.858 -2014.16 -398.254 -1327.515 -753.632 -986.939 -262.299 461.884 1194 1185.15 297.089 1503.143 498.657 421.753 1186.981 -1685.791 24.414 -1659.241 -964.203 -1339.722 -626.068 99.487 831.146 2676.544 1480.408 -2341.766 207.367 1762.543 376.587 -2017.517 569.305 -9.918 -372.467 2220.154 2025 河北 晒干 一等 074
4183763 4602 2025/9/4 19:57:46 P15 36.66 64.65 0 19.98 7.95 935.82 932.32 116.272 117.035 1720.734 46.692 776.672 1848.145 -2018.738 -399.017 -1335.449 -758.362 -995.331 -274.811 452.576 1189.88 1183.167 296.936 1503.296 498.352 420.227 1169.891 -1688.843 33.417 -1668.091 -961.456 -1346.741 -634.918 89.111 822.144 2674.561 1479.492 -2350.006 209.503 1761.322 376.892 -2025.757 572.815 -8.087 -371.704 2216.949 2025 河北 晒干 一等 074
4183764 4602 2025/9/4 19:57:47 P15 36.72 64.68 0 20.08 8.13 935.82 932.32 116.272 117.188 1719.971 49.286 776.978 1851.807 -2004.395 -394.745 -1343.384 -750.122 -977.936 -256.5 464.325 1194.153 1180.878 296.631 1503.296 498.352 422.974 1178.894 -1673.584 32.043 -1672.668 -970.001 -1329.346 -616.608 103.76 830.689 2673.187 1479.034 -2354.279 211.487 1760.254 377.502 -2029.572 574.493 -7.629 -366.211 2218.628 2025 河北 晒干 一等 074
4183765 4602 2025/9/4 19:57:48 P15 36.72 64.68 0 19.9 7.95 935.8 932.34 116.73 116.882 1721.802 44.861 776.062 1848.297 -2016.144 -397.339 -1341.248 -753.021 -991.058 -265.961 460.663 1193.237 1181.335 296.631 1505.432 498.81 418.701 1174.927 -1688.08 32.959 -1672.058 -968.933 -1342.773 -627.289 96.588 827.942 2675.171 1480.56 -2354.279 211.182 1761.322 376.434 -2029.572 573.731 -9.003 -370.483 2216.949 2025 河北 晒干 一等 074
4183766 4602 2025/9/4 19:57:49 P15 36.7 64.62 0 19.95 7.84 935.82 932.31 115.967 115.814 1722.107 44.708 777.741 1850.128 -1998.596 -397.492 -1341.858 -753.174 -980.072 -261.993 460.815 1192.474 1181.03 296.326 1504.974 499.115 419.617 1168.671 -1671.448 29.907 -1669.006 -972.443 -1327.972 -623.016 97.961 828.552 2675.629 1479.187 -2353.668 211.029 1761.78 376.282 -2028.046 574.341 -7.935 -372.009 2218.475 2025 河北 晒干 一等 074
4183767 4602 2025/9/4 19:57:50 P15 36.65 64.56 0 20.13 7.82 935.81 932.32 115.814 116.577 1720.886 43.335 776.672 1850.739 -2031.25 -391.846 -1349.487 -753.784 -1008.606 -280.151 452.576 1188.354 1181.641 296.631 1504.974 499.573 418.854 1174.316 -1701.66 39.063 -1682.434 -973.663 -1359.253 -645.599 85.449 820.465 2673.95 1479.797 -2362.976 214.081 1760.406 375.977 -2038.269 577.698 -5.341 -373.077 2221.222 2025 河北 晒干 一等 074
4183768 4602 2025/9/4 19:57:51 P15 36.59 64.59 0 20.13 7.95 935.81 932.34 116.425 116.119 1721.497 49.896 780.029 1853.18 -1990.356 -393.524 -1349.487 -749.817 -970.764 -249.939 469.971 1196.136 1181.03 295.258 1505.28 498.352 424.347 1184.387 -1661.224 34.332 -1676.178 -981.293 -1318.054 -612.03 110.931 834.503 2672.882 1479.034 -2359.924 216.065 1761.322 375.519 -2034.302 578.003 -7.782 -370.026 2211.456 2025 河北 晒干 一等 074
4183769 4602 2025/9/4 19:57:52 P15 36.53 64.59 0 20.04 7.9 935.79 932.35 115.814 115.967 1722.26 42.572 776.062 1851.044 -2030.334 -400.085 -1354.218 -758.667 -1005.249 -281.677 450.134 1191.254 1181.946 295.868 1508.484 501.099 416.87 1174.927 -1701.965 28.534 -1685.333 -989.075 -1356.812 -642.395 84.229 822.296 2675.018 1480.865 -2370.3 213.013 1761.932 376.434 -2046.204 576.325 -7.782 -371.552 2221.069 2025 河北 晒干 一等 074
4183770 4602 2025/9/4 19:57:52 P15 36.74 64.6 0 19.93 7.9 935.82 932.34 116.119 117.493 1723.022 52.948 781.555 1849.976 -1991.119 -386.2 -1349.03 -742.798 -971.68 -250.397 467.835 1193.695 1183.472 296.021 1509.094 500.031 425.873 1177.673 -1662.598 33.875 -1681.061 -979.462 -1320.648 -611.572 108.185 834.503 2676.697 1481.934 -2359.619 216.217 1762.695 374.603 -2036.285 579.224 -2.594 -371.399 2220.917 2025 河北 晒干 一等 074
4183771 4602 2025/9/4 19:57:53 P15 36.74 64.6 0 19.93 7.77 935.84 932.33 117.188 117.188 1726.074 48.218 780.335 1856.689 -2024.078 -394.745 -1355.591 -752.869 -995.178 -270.081 459.442 1196.442 1185.455 295.105 1509.705 500.946 423.126 1182.556 -1692.81 35.4 -1687.012 -983.887 -1347.504 -630.951 92.773 827.789 2677.46 1483.917 -2371.216 217.285 1765.289 376.129 -2047.424 579.834 -7.782 -371.704 2224.274 2025 河北 晒干 一等 074
4183772 4602 2025/9/4 19:57:54 P15 36.62 64.62 0 19.93 7.71 935.81 932.37 116.73 117.34 1726.532 48.828 781.25 1856.689 -2001.648 -392.304 -1351.318 -751.648 -983.582 -265.35 463.715 1196.747 1185.608 296.173 1510.62 499.573 423.584 1183.319 -1673.737 37.842 -1682.739 -984.039 -1332.397 -624.39 98.877 831.909 2677.612 1483.765 -2364.349 215.759 1764.374 374.298 -2040.253 579.529 -7.935 -372.62 2219.849 2025 河北 晒干 一等 074
4183773 4602 2025/9/4 19:57:55 P15 36.6 64.6 0 19.9 7.76 935.82 932.33 117.035 115.967 1726.685 48.981 781.555 1854.706 -2004.395 -395.966 -1349.03 -753.174 -977.936 -255.432 469.208 1200.714 1185.608 295.105 1511.688 499.573 424.194 1179.657 -1674.194 28.992 -1679.23 -985.413 -1328.735 -616.76 106.506 836.945 2679.291 1485.291 -2363.739 218.964 1765.9 374.908 -2037.964 581.36 -8.087 -372.009 2220.459 2025 河北 晒干 一等 074
4183774 4602 2025/9/4 19:57:56 P15 36.63 64.6 0 19.93 7.81 935.81 932.35 116.73 116.882 1726.532 48.218 780.182 1852.875 -2015.228 -406.647 -1356.659 -765.076 -991.211 -269.47 457.459 1195.679 1184.082 295.258 1511.383 499.268 423.431 1176.758 -1685.486 23.041 -1689.453 -983.734 -1341.553 -631.409 93.536 826.874 2680.206 1485.291 -2372.437 220.032 1765.594 373.84 -2048.34 583.801 -7.324 -368.958 2222.595 2025 河北 晒干 一等 074
4183775 4602 2025/9/4 19:57:57 P15 36.66 64.5 0 19.93 7.93 935.82 932.33 116.425 117.798 1726.837 55.084 784.607 1854.401 -2001.648 -397.797 -1359.711 -755.615 -971.832 -250.244 471.191 1200.867 1185.913 294.952 1512.909 498.81 429.382 1180.267 -1669.769 27.618 -1689.911 -989.838 -1323.09 -610.962 111.389 837.402 2681.58 1486.511 -2368.622 220.337 1766.357 373.383 -2045.288 583.649 -8.545 -371.704 2221.069 2025 河北 晒干 一等 074
4183776 4602 2025/9/4 19:57:58 P15 36.67 64.52 0 20.02 7.84 935.83 932.34 117.188 117.798 1727.753 50.507 779.724 1853.79 -2011.719 -403.29 -1361.084 -760.803 -984.497 -260.925 464.02 1199.646 1185.608 295.105 1511.993 497.894 424.194 1177.063 -1682.587 27.008 -1694.946 -990.753 -1336.365 -623.322 101.471 833.588 2680.817 1485.901 -2375.641 221.1 1766.357 373.077 -2051.544 584.259 -7.019 -370.636 2223.663 2025 河北 晒干 一等 074
4183777 4602 2025/9/4 19:57:59 P15 36.63 64.63 0 20 8.01 935.83 932.35 116.73 116.73 1728.363 53.101 783.539 1858.673 -1989.136 -389.71 -1363.525 -743.256 -965.729 -248.718 474.396 1204.987 1186.523 294.647 1513.519 498.81 426.788 1184.998 -1659.088 35.248 -1689.911 -1001.129 -1314.392 -607.147 111.389 841.522 2684.021 1488.342 -2373.199 225.067 1768.036 373.688 -2048.95 586.853 -8.087 -372.925 2221.375 2025 河北 晒干 一等 074
4183778 4602 2025/9/4 19:58:00 P15 36.69 64.58 0 19.87 7.79 935.83 932.35 117.188 117.493 1730.194 48.676 783.997 1855.774 -2023.163 -398.56 -1381.378 -759.277 -996.094 -271.149 459.9 1201.172 1188.202 294.952 1515.35 499.268 423.737 1175.537 -1691.895 35.553 -1714.325 -1004.791 -1345.673 -633.392 93.536 831.299 2685.547 1490.784 -2393.799 224.457 1770.02 373.535 -2071.686 588.379 -7.935 -369.568 2229.309 2025 河北 晒干 一等 074
4183779 4602 2025/9/4 19:58:01 P15 36.69 64.59 0 19.69 7.84 935.82 932.35 117.493 117.95 1731.262 59.967 786.133 1853.79 -1979.828 -395.203 -1377.106 -748.444 -954.59 -238.953 477.142 1207.886 1188.354 293.884 1514.74 497.131 431.976 1172.18 -1649.933 29.602 -1704.254 -1006.317 -1305.084 -597.382 118.103 844.574 2685.852 1492.004 -2384.338 225.067 1769.409 372.772 -2061.31 588.837 -6.104 -372.009 2217.102 2025 河北 晒干 一等 074
4183780 4602 2025/9/4 19:58:02 P15 36.57 64.68 0 19.78 7.71 935.82 932.36 116.119 118.408 1733.093 50.812 783.691 1852.57 -2019.501 -395.203 -1381.073 -755.92 -992.432 -259.857 470.123 1204.224 1191.254 294.8 1517.944 497.742 425.873 1172.485 -1689.758 35.858 -1711.884 -1007.538 -1344.147 -627.441 105.591 839.081 2690.887 1494.141 -2393.799 224.152 1771.24 372.467 -2068.939 588.989 -8.545 -370.331 2223.511 2025 河北 晒干 一等 074
4183781 4602 2025/9/4 19:58:03 P15 36.7 64.59 0 19.93 7.81 935.83 932.33 116.425 117.188 1730.957 47.302 780.335 1852.417 -2025.299 -392.914 -1382.294 -754.242 -997.162 -270.081 463.409 1203.003 1187.286 292.969 1515.656 497.284 421.906 1169.739 -1692.505 40.894 -1717.072 -1007.843 -1347.961 -633.392 94.147 833.435 2687.073 1492.157 -2397.766 225.678 1769.104 372.62 -2074.28 589.6 -6.714 -372.467 2224.731 2025 河北 晒干 一等 074
4183782 4602 2025/9/4 19:58:04 P15 36.66 64.48 0 20 7.9 935.81 932.33 117.188 117.34 1730.957 53.406 785.217 1854.706 -2010.04 -391.388 -1389.771 -752.564 -984.497 -258.026 471.191 1206.207 1187.744 293.427 1519.012 495.606 427.094 1184.082 -1680.298 37.231 -1720.276 -1016.693 -1335.297 -621.796 105.743 841.065 2687.836 1492.31 -2401.733 227.051 1768.341 372.315 -2078.857 589.6 -7.935 -372.772 2221.832 2025 河北 晒干 一等 074
4183783 4602 2025/9/4 19:58:05 P15 36.76 64.62 0 19.85 7.9 935.82 932.34 116.272 117.645 1730.652 57.22 785.98 1854.095 -1983.185 -387.878 -1372.375 -743.561 -956.879 -236.359 481.262 1209.259 1187.286 293.121 1517.029 495.758 430.908 1177.368 -1653.595 31.281 -1702.118 -1012.268 -1308.136 -596.771 122.833 847.321 2687.836 1492.92 -2382.355 224.304 1769.104 371.704 -2056.274 587.921 -8.087 -370.026 2224.731 2025 河北 晒干 一等 074
4183784 4602 2025/9/4 19:58:06 P15 36.66 64.59 0 19.77 8.06 935.83 932.34 116.119 117.34 1731.415 48.065 781.25 1848.45 -2022.705 -402.222 -1385.498 -766.296 -999.756 -273.132 458.679 1201.477 1186.829 292.053 1516.724 495.606 422.821 1163.94 -1693.42 23.346 -1719.208 -1017.456 -1350.098 -636.597 91.248 832.52 2687.531 1493.53 -2400.818 223.541 1770.02 371.094 -2076.721 587.769 -2.747 -372.162 2223.053 2025 河北 晒干 一等 074
4183785 4602 2025/9/4 19:58:07 P15 36.66 64.59 0 19.77 7.95 935.82 932.34 116.272 116.577 1731.11 52.032 781.555 1861.115 -1977.692 -395.355 -1377.869 -752.564 -957.947 -241.852 481.415 1210.48 1186.218 293.121 1514.893 495.453 424.957 1196.136 -1649.17 25.94 -1705.627 -1015.778 -1306.915 -600.281 120.239 847.473 2688.293 1492.767 -2387.238 226.593 1769.562 371.094 -2063.446 589.447 -7.172 -372.925 2224.121 2025 河北 晒干 一等 074
4183786 4602 2025/9/4 19:58:08 P15 36.66 64.63 0 19.67 7.81 935.81 932.34 116.577 117.188 1731.72 44.708 778.503 1860.809 -2019.196 -400.848 -1377.411 -760.346 -990.753 -266.876 467.529 1205.75 1187.897 293.121 1514.74 495.911 419.769 1193.695 -1688.385 28.381 -1710.51 -1010.59 -1343.384 -628.51 99.335 838.471 2688.293 1493.683 -2393.646 228.882 1770.02 371.094 -2069.092 591.431 -7.019 -368.347 2223.206 2025 河北 晒干 一等 074
4183787 4602 2025/9/4 19:58:09 P15 36.7 64.56 0 19.76 7.77 935.84 932.34 116.272 118.103 1732.941 53.253 782.318 1860.809 -1988.068 -395.355 -1378.326 -752.869 -964.661 -243.53 479.431 1209.412 1190.338 292.664 1515.808 494.843 426.788 1196.899 -1658.173 32.806 -1709.747 -1007.385 -1314.087 -604.096 118.713 845.642 2691.193 1496.277 -2388.763 231.018 1771.088 370.331 -2066.193 595.245 -7.172 -372.925 2228.241 2025 河北 晒干 一等 074
4183788 4602 2025/9/4 19:58:10 P15 36.6 64.53 0 19.7 7.81 935.86 932.37 116.425 119.171 1734.009 55.542 783.691 1869.354 -1976.166 -387.573 -1379.395 -745.239 -958.557 -236.206 484.619 1210.938 1192.017 292.511 1516.113 494.843 428.619 1211.395 -1647.339 34.027 -1707.458 -1015.778 -1304.779 -597.839 123.291 850.372 2691.956 1498.413 -2390.442 237.122 1772.614 369.873 -2067.108 600.739 -2.441 -366.821 2228.546 2025 河北 晒干 一等 074
4183789 4602 2025/9/4 19:58:11 P15 36.7 64.6 0 19.61 7.81 935.84 932.35 116.577 118.408 1734.009 54.626 780.64 1868.744 -1974.945 -395.813 -1387.024 -749.207 -951.08 -232.239 485.23 1215.668 1189.88 291.443 1515.808 492.554 426.788 1208.801 -1645.66 25.787 -1713.104 -1023.56 -1301.27 -591.126 126.038 852.509 2692.566 1498.718 -2396.851 229.645 1773.529 370.789 -2072.449 593.567 -5.341 -371.857 2228.851 2025 河北 晒干 一等 074
4183790 4602 2025/9/4 19:58:12 P15 36.65 64.66 0 19.87 7.97 935.85 932.35 115.967 118.408 1734.161 46.082 779.724 1857.605 -2019.806 -396.729 -1395.264 -757.752 -989.685 -261.688 470.429 1207.886 1190.948 292.358 1515.35 494.995 422.363 1184.387 -1687.622 30.06 -1729.431 -1028.595 -1342.621 -626.373 105.591 840.607 2694.092 1498.413 -2412.109 233.307 1773.071 369.873 -2089.233 598.145 -7.782 -370.026 2229.767 2025 河北 晒干 一等 074
4183791 4602 2025/9/4 19:58:13 P15 36.66 64.49 0 19.8 7.87 935.84 932.37 116.73 118.408 1733.704 45.319 777.893 1861.267 -2013.855 -405.579 -1401.978 -765.839 -986.328 -258.331 467.835 1206.055 1191.254 292.053 1515.808 493.012 419.312 1193.237 -1682.739 28.687 -1736.755 -1031.036 -1338.043 -623.474 104.675 839.233 2694.702 1499.939 -2415.771 233.002 1773.071 370.026 -2093.048 596.619 -8.698 -371.552 2228.241 2025 河北 晒干 一等 074
4183792 4602 2025/9/4 19:58:14 P15 36.73 64.49 0 19.76 7.81 935.84 932.37 117.035 118.713 1735.84 44.708 780.64 1862.793 -2009.277 -404.663 -1404.419 -763.855 -983.429 -256.348 474.854 1212.769 1191.864 291.443 1516.113 492.706 420.075 1186.981 -1680.45 25.33 -1734.009 -1031.799 -1335.449 -621.948 108.643 845.795 2697.601 1501.77 -2414.551 237.732 1773.987 370.026 -2090.759 601.196 -7.935 -360.107 2228.241 2025 河北 晒干 一等 074
4183793 4602 2025/9/4 19:58:15 P15 36.67 64.68 0 19.87 7.74 935.83 932.36 117.188 119.629 1738.281 53.558 782.318 1864.319 -1972.046 -400.848 -1397.552 -755.768 -949.402 -230.866 485.535 1219.482 1192.017 291.29 1516.876 490.723 426.483 1199.799 -1642.303 28.839 -1728.21 -1032.257 -1298.523 -592.346 125.732 855.56 2699.585 1503.448 -2411.194 236.816 1775.055 370.636 -2086.029 600.586 -8.698 -371.094 2231.598 2025 河北 晒干 一等 074
4183794 4602 2025/9/4 19:58:16 P15 36.67 64.62 0 19.54 7.9 935.83 932.33 116.119 119.476 1737.671 51.88 783.081 1857.147 -1997.681 -396.576 -1410.828 -753.479 -970.764 -243.073 483.551 1218.567 1193.695 291.138 1518.25 490.723 425.263 1182.556 -1667.023 31.281 -1739.96 -1046.6 -1321.564 -607.452 121.002 852.661 2700.195 1504.364 -2422.18 239.258 1775.208 369.263 -2098.236 602.875 -6.561 -371.246 2227.783 2025 河北 晒干 一等 074
4183795 4602 2025/9/4 19:58:17 P15 36.67 64.6 0 19.58 7.79 935.8 932.37 116.272 120.087 1739.502 49.591 782.013 1857.91 -1991.272 -401.001 -1410.522 -760.498 -969.849 -245.209 482.178 1216.431 1194.611 291.748 1519.165 490.112 424.957 1188.202 -1663.971 29.602 -1743.469 -1036.072 -1320.801 -607.147 117.645 850.22 2702.637 1505.585 -2422.943 241.547 1776.428 369.263 -2100.067 605.927 -6.256 -368.958 2233.429 2025 河北 晒干 一等 074
4183796 4602 2025/9/4 19:58:18 P15 36.74 64.6 0 19.71 8 935.81 932.38 118.408 120.544 1742.249 55.237 783.691 1865.082 -1975.555 -397.949 -1404.877 -753.326 -951.08 -227.051 495.453 1223.755 1198.12 291.901 1521.454 490.112 428.009 1198.578 -1645.508 26.093 -1732.941 -1035.156 -1301.27 -589.447 133.972 861.054 2707.367 1509.399 -2413.788 243.683 1779.327 369.415 -2089.539 606.232 -5.035 -371.094 2236.481 2025 河北 晒干 一等 074
4183797 4602 2025/9/4 19:58:19 P15 36.65 64.56 0 19.69 7.98 935.84 932.37 115.967 119.934 1741.18 47.15 778.503 1866.302 -1989.441 -406.647 -1406.708 -762.482 -962.219 -240.631 486.298 1221.466 1195.831 290.985 1519.928 490.112 421.6 1203.613 -1659.088 26.55 -1739.655 -1041.412 -1312.408 -601.807 122.376 856.018 2704.773 1508.942 -2422.18 247.192 1778.87 368.652 -2098.541 611.267 -6.561 -370.026 2234.344 2025 河北 晒干 一等 074
4183798 4602 2025/9/4 19:58:20 P15 36.66 64.65 0 19.69 7.84 935.85 932.37 116.577 119.324 1741.638 48.981 780.64 1869.202 -1966.553 -390.778 -1408.081 -745.392 -942.23 -224.152 496.826 1227.112 1195.679 291.443 1521.606 487.976 423.737 1205.902 -1636.047 36.621 -1735.687 -1038.971 -1291.656 -582.428 135.803 865.631 2707.52 1510.468 -2413.94 247.498 1779.022 369.568 -2089.233 610.962 -7.172 -370.178 2233.429 2025 河北 晒干 一等 074
4183799 4602 2025/9/4 19:58:21 P15 36.66 64.46 0 19.69 7.87 935.8 932.37 115.967 119.629 1740.112 42.114 775.299 1867.828 -2008.972 -399.78 -1405.182 -759.888 -980.988 -255.432 476.379 1219.33 1193.542 290.222 1520.386 487.366 416.412 1205.292 -1676.636 27.771 -1737.823 -1031.952 -1331.482 -618.439 109.711 848.846 2705.994 1509.399 -2419.281 250.397 1777.496 368.652 -2095.337 613.403 -6.561 -369.721 2237.091 2025 河北 晒干 一等 074
4183800 4602 2025/9/4 19:58:22 P15 36.69 64.62 0 19.65 7.7 935.84 932.36 116.425 120.697 1741.791 47.913 775.757 1871.49 -1961.67 -393.066 -1401.215 -747.986 -942.841 -222.778 497.284 1224.976 1195.984 290.527 1521.759 486.603 422.363 1220.856 -1633.148 37.842 -1727.6 -1028.748 -1290.894 -582.581 137.94 863.342 2706.757 1510.925 -2407.837 249.481 1777.344 368.347 -2083.74 612.946 -7.629 -370.636 2234.802 2025 河北 晒干 一等 074
4183801 4602 2025/9/4 19:58:23 P15 36.6 64.55 0 19.56 7.77 935.83 932.36 115.509 119.324 1739.655 44.708 775.452 1859.894 -1993.408 -396.423 -1403.656 -752.106 -962.524 -236.054 489.349 1222.687 1194.305 289.154 1521.301 485.687 418.091 1202.85 -1662.903 32.806 -1734.772 -1031.952 -1316.528 -599.06 127.258 857.239 2705.841 1509.094 -2418.518 253.754 1776.581 367.889 -2092.896 617.371 -5.798 -370.483 2234.039 2025 河北 晒干 一等 074
4183802 4602 2025/9/4 19:58:24 P15 36.62 64.59 0 19.51 7.9 935.87 932.35 116.577 119.782 1741.943 36.926 769.196 1869.812 -1988.068 -400.543 -1414.795 -759.888 -966.187 -240.631 486.755 1221.313 1194.458 288.849 1521.912 485.84 411.072 1221.771 -1659.241 26.093 -1746.979 -1041.412 -1315.765 -603.027 122.833 854.492 2707.367 1511.078 -2425.842 250.397 1778.412 367.889 -2103.119 615.082 -7.935 -371.857 2235.718 2025 河北 晒干 一等 074
4183803 4602 2025/9/4 19:58:25 P15 36.7 64.52 0 19.6 7.9 935.85 932.38 115.967 118.866 1739.96 42.114 773.01 1871.948 -1982.117 -402.832 -1421.204 -761.566 -957.794 -235.901 489.349 1225.891 1193.542 288.849 1520.691 484.467 416.565 1221.313 -1651.306 24.567 -1749.878 -1049.042 -1307.068 -597.534 126.495 861.816 2705.231 1510.773 -2427.673 247.345 1777.191 367.584 -2105.255 612.488 -6.561 -371.857 2235.26 2025 河北 晒干 一等 074
4183804 4602 2025/9/4 19:58:26 P15 36.59 64.52 0 19.69 7.81 935.84 932.35 115.814 119.934 1742.859 45.776 777.435 1865.54 -1998.138 -406.494 -1427.612 -769.043 -975.952 -248.871 483.551 1219.94 1194.153 289.154 1520.233 483.704 418.396 1205.75 -1669.006 23.346 -1760.559 -1053.009 -1325.073 -614.777 116.577 853.577 2707.367 1510.925 -2437.897 253.601 1777.496 366.516 -2115.326 618.591 -7.935 -370.636 2236.938 2025 河北 晒干 一等 074
4183805 4602 2025/9/4 19:58:27 P15 36.76 64.55 0 19.53 8 935.85 932.36 116.119 119.324 1742.401 45.471 775.299 1871.185 -1959.229 -399.017 -1417.694 -756.683 -937.805 -221.71 500.488 1231.384 1195.679 288.086 1521.301 484.161 420.532 1215.82 -1629.639 22.736 -1744.843 -1055.756 -1286.926 -579.376 139.771 868.073 2709.045 1512.756 -2426.605 257.111 1778.717 367.584 -2102.203 620.27 -5.188 -369.568 2236.481 2025 河北 晒干 一等 074
4183806 4602 2025/9/4 19:58:28 P15 36.65 64.53 0 19.61 7.84 935.85 932.36 114.594 119.171 1741.791 40.283 773.01 1866.76 -2002.563 -401.611 -1430.664 -759.125 -971.222 -242.92 486.603 1223.45 1194.611 288.391 1520.996 484.467 415.649 1213.379 -1672.516 28.839 -1762.543 -1056.519 -1325.684 -607.91 122.376 856.018 2708.435 1512.909 -2443.695 254.211 1777.649 366.974 -2120.514 617.676 -5.646 -369.263 2237.091 2025 河北 晒干 一等 074
4183807 4602 2025/9/4 19:58:29 P15 36.72 64.63 0 19.58 7.73 935.84 932.37 115.967 119.782 1744.385 42.419 774.689 1860.657 -1980.743 -395.966 -1427.765 -755.615 -958.405 -237.427 487.518 1224.213 1194.916 288.391 1522.522 482.788 416.718 1195.831 -1651.306 32.654 -1759.186 -1059.875 -1307.22 -597.839 124.664 856.781 2711.029 1513.977 -2436.218 254.974 1779.327 367.889 -2115.021 619.202 -6.256 -370.026 2237.396 2025 河北 晒干 一等 074
4183808 4602 2025/9/4 19:58:30 P15 36.73 64.56 0 19.58 7.79 935.86 932.35 115.662 120.239 1744.843 36.926 764.923 1877.441 -1974.64 -393.982 -1427.765 -753.174 -951.996 -231.018 491.638 1224.976 1194.305 288.086 1523.285 483.246 411.682 1239.777 -1645.66 36.774 -1759.186 -1053.467 -1301.88 -590.82 129.852 858.917 2711.334 1513.672 -2437.286 253.143 1780.243 367.432 -2114.105 617.676 -6.409 -370.026 2238.159 2025 河北 晒干 一等 074
4183809 4602 2025/9/4 19:58:31 P15 36.66 64.63 0 19.67 7.84 935.85 932.37 115.662 119.476 1744.08 40.894 772.705 1866.302 -1975.25 -387.573 -1423.187 -745.392 -948.792 -226.593 499.42 1230.774 1194.611 288.086 1523.743 482.483 415.344 1207.123 -1644.135 36.621 -1750.488 -1061.401 -1299.286 -588.074 136.108 867.157 2710.876 1514.893 -2433.167 260.925 1778.564 367.279 -2108.154 624.695 -2.594 -369.873 2237.854 2025 河北 晒干 一等 074
4183810 4602 2025/9/4 19:58:32 P15 36.66 64.6 0 19.62 7.93 935.87 932.35 116.119 119.019 1744.69 38.3 771.179 1869.965 -1983.795 -385.284 -1425.629 -744.324 -958.71 -234.375 493.927 1228.943 1195.068 287.628 1523.743 481.262 412.903 1218.567 -1655.121 43.793 -1755.371 -1054.23 -1309.662 -598.602 129.7 865.021 2711.029 1514.587 -2436.066 256.958 1778.107 367.279 -2111.816 621.185 -4.12 -369.11 2239.99 2025 河北 晒干 一等 074
4183811 4602 2025/9/4 19:58:33 P15 36.69 64.53 0 19.56 7.85 935.84 932.36 116.119 119.324 1744.232 35.706 766.754 1867.218 -1983.948 -389.862 -1421.509 -746.613 -956.268 -233.765 490.418 1228.027 1193.237 287.018 1524.2 481.415 409.851 1213.074 -1652.832 37.842 -1751.709 -1049.5 -1307.831 -595.245 128.021 860.291 2711.029 1514.893 -2434.54 256.805 1778.564 366.364 -2110.596 620.88 -6.561 -368.347 2236.023 2025 河北 晒干 一等 074
4183812 4602 2025/9/4 19:58:34 P15 36.67 64.53 0 19.42 7.63 935.83 932.37 115.051 119.019 1744.537 33.875 769.501 1861.267 -1988.831 -393.829 -1421.967 -751.648 -967.255 -244.141 488.892 1226.501 1194.153 287.323 1525.421 480.957 408.478 1203.003 -1660.767 33.722 -1753.54 -1052.246 -1317.444 -607.147 121.765 859.528 2711.487 1514.893 -2432.709 255.89 1778.717 366.669 -2108.917 619.659 -6.561 -367.279 2240.448 2025 河北 晒干 一等 074
4183813 4602 2025/9/4 19:58:35 P15 36.67 64.52 0 19.42 7.79 935.83 932.37 115.051 119.324 1744.385 29.449 762.177 1876.831 -1987.915 -400.696 -1424.255 -760.498 -966.644 -243.683 486.908 1225.281 1193.39 287.018 1526.031 480.957 402.985 1235.809 -1659.393 33.569 -1755.219 -1050.11 -1316.376 -606.232 120.85 857.697 2711.792 1515.35 -2434.998 256.958 1779.327 366.364 -2112.885 621.948 -4.73 -370.178 2236.023 2025 河北 晒干 一等 074
4183814 4602 2025/9/4 19:58:36 P15 36.67 64.56 0 19.63 7.87 935.83 932.36 115.204 118.561 1744.08 33.264 764.313 1863.098 -1987.762 -395.203 -1422.729 -754.395 -962.219 -240.021 487.213 1225.281 1191.711 285.034 1526.337 480.804 407.867 1210.938 -1658.325 32.349 -1755.219 -1058.655 -1314.087 -601.502 124.054 856.628 2711.639 1514.893 -2435.913 258.026 1778.87 365.753 -2111.816 621.948 -5.646 -365.448 2238.77 2025 河北 晒干 一等 074
4183815 4602 2025/9/4 19:58:37 P15 36.67 64.59 0 19.54 7.73 935.86 932.37 114.288 118.256 1745.453 32.043 765.686 1866.913 -1982.574 -393.219 -1429.749 -752.716 -960.999 -241.242 488.434 1226.501 1192.169 286.255 1527.405 480.652 406.799 1215.668 -1652.832 42.267 -1761.017 -1055.603 -1309.814 -602.417 122.528 859.68 2711.639 1514.74 -2439.728 255.89 1778.564 366.211 -2116.394 620.27 -4.883 -369.415 2235.107 2025 河北 晒干 一等 074
4183816 4602 2025/9/4 19:58:38 P15 36.7 64.58 0 19.65 7.74 935.87 932.39 115.204 117.95 1744.843 35.858 764.618 1870.422 -1978.149 -386.2 -1431.58 -744.934 -949.097 -228.882 494.232 1229.858 1190.643 284.424 1528.32 479.584 409.851 1225.891 -1645.966 38.3 -1759.796 -1060.486 -1300.659 -590.515 134.125 861.359 2710.876 1515.198 -2437.744 259.094 1778.87 366.058 -2114.716 623.322 -1.984 -370.941 2234.65 2025 河北 晒干 一等 074
4183817 4602 2025/9/4 19:58:39 P15 36.66 64.53 0 19.43 7.82 935.85 932.35 114.899 118.256 1743.469 34.79 762.329 1866.455 -1972.046 -385.59 -1430.511 -740.204 -943.909 -221.1 499.725 1228.638 1190.796 284.729 1527.557 479.736 408.173 1223.755 -1641.235 46.082 -1761.932 -1061.554 -1295.013 -582.581 139.16 865.936 2708.588 1513.824 -2439.575 263.672 1777.496 364.99 -2115.936 627.136 -6.104 -367.584 2232.056 2025 河北 晒干 一等 074
4183818 4602 2025/9/4 19:58:40 P15 36.67 64.55 0 19.49 7.92 935.86 932.35 114.441 118.103 1745.453 35.858 764.923 1867.828 -1972.046 -385.132 -1432.495 -740.814 -944.672 -223.541 498.657 1230.774 1190.491 285.95 1529.694 480.652 410.767 1222.534 -1640.778 44.861 -1760.254 -1063.232 -1294.861 -583.496 137.634 866.547 2710.724 1514.74 -2441.101 263.367 1780.09 365.448 -2117.767 627.136 -6.714 -368.347 2235.413 2025 河北 晒干 一等 074
4183819 4602 2025/9/4 19:58:41 P15 36.6 64.56 0 19.29 7.85 935.88 932.38 114.441 117.95 1744.995 34.18 762.177 1866.455 -1977.081 -387.878 -1426.697 -743.408 -947.571 -226.288 495.911 1229.095 1189.88 284.119 1528.778 479.736 407.105 1219.94 -1645.508 41.809 -1754.761 -1061.554 -1299.744 -587.921 134.43 864.563 2708.74 1514.435 -2437.134 262.146 1779.022 364.99 -2113.647 625.916 -3.815 -370.483 2229.156 2025 河北 晒干 一等 074
4183820 4602 2025/9/4 19:58:42 P15 36.72 64.53 0 19.36 7.91 935.88 932.38 113.831 118.561 1744.995 31.891 762.024 1867.371 -1980.896 -389.099 -1435.852 -746.46 -954.59 -227.661 498.657 1229.248 1191.101 284.119 1529.236 480.499 406.036 1225.281 -1649.78 34.637 -1764.374 -1067.657 -1306.458 -591.583 135.651 866.394 2709.198 1514.893 -2444.763 262.451 1778.87 364.685 -2120.819 625 -0.305 -370.483 2232.819 2025 河北 晒干 一等 074
4183821 4602 2025/9/4 19:58:43 P15 36.73 64.49 0 19.48 7.76 935.86 932.37 114.288 116.73 1744.69 24.567 758.362 1870.728 -1992.645 -392.304 -1443.481 -751.343 -966.95 -242.157 490.418 1227.112 1189.575 282.898 1529.846 480.347 399.933 1235.046 -1663.666 34.637 -1772.766 -1076.05 -1317.596 -606.384 125.275 860.901 2707.52 1514.587 -2455.444 265.35 1778.412 364.533 -2131.042 629.12 -7.019 -369.415 2233.276 2025 河北 晒干 一等 074
4183822 4602 2025/9/4 19:58:44 P15 36.73 64.49 0 19.32 7.92 935.85 932.36 114.441 117.798 1746.368 33.722 766.296 1858.673 -1998.749 -389.71 -1454.62 -748.138 -972.9 -240.479 490.418 1226.807 1192.169 283.814 1532.745 481.262 408.325 1201.935 -1670.227 39.52 -1786.194 -1085.052 -1324.768 -607.452 126.801 860.291 2711.029 1515.656 -2465.973 264.435 1780.09 364.075 -2142.487 627.289 -2.441 -370.026 2232.971 2025 河北 晒干 一等 074
4183823 4602 2025/9/4 19:58:45 P15 36.7 64.56 0 19.35 7.76 935.84 932.35 114.136 116.73 1744.232 26.855 760.346 1861.267 -2001.495 -388.794 -1458.74 -750.58 -974.884 -249.481 486.145 1223.602 1188.965 282.44 1529.388 480.194 401.611 1211.853 -1670.837 43.64 -1787.262 -1085.51 -1326.447 -614.166 118.408 856.323 2705.994 1512.604 -2469.482 264.893 1777.191 364.227 -2145.081 628.204 -6.409 -367.889 2232.208 2025 河北 晒干 一等 074
4183824 4602 2025/9/4 19:58:46 P15 36.74 64.68 0 19.4 7.85 935.84 932.38 114.288 116.882 1744.385 30.212 761.566 1857.3 -2005.615 -392.151 -1458.435 -751.343 -980.682 -250.092 482.178 1219.33 1187.592 282.593 1529.083 480.499 403.595 1205.444 -1676.941 37.994 -1791.687 -1087.189 -1332.397 -616.303 116.577 853.119 2704.926 1512.451 -2469.025 265.656 1777.039 363.159 -2149.048 630.341 -5.341 -369.263 2230.072 2025 河北 晒干 一等 074
4183825 4602 2025/9/4 19:58:47 P15 36.62 64.53 0 19.43 7.93 935.86 932.35 114.136 116.272 1743.927 27.008 758.972 1862.946 -2001.801 -387.116 -1458.435 -746.307 -975.647 -247.345 483.398 1219.635 1187.286 281.372 1529.083 480.957 401.611 1213.989 -1672.058 47.15 -1790.466 -1084.137 -1327.209 -612.183 117.95 853.577 2705.383 1512.451 -2467.194 265.961 1777.039 362.701 -2144.928 629.73 -5.646 -368.805 2234.65 2025 河北 晒干 一等 074
4183826 4602 2025/9/4 19:58:48 P15 36.62 64.55 0 19.35 7.97 935.84 932.37 114.441 115.356 1743.622 36.774 764.313 1859.589 -1961.06 -385.132 -1443.787 -740.509 -938.873 -222.321 498.81 1227.722 1184.998 281.982 1528.931 481.11 409.546 1208.954 -1631.622 43.945 -1770.02 -1079.102 -1288.757 -580.139 137.177 867.157 2704.01 1511.841 -2451.172 270.996 1776.733 363.617 -2127.38 634.155 -0.61 -369.11 2225.189 2025 河北 晒干 一等 074
4183827 4602 2025/9/4 19:58:49 P15 36.62 64.58 0 19.35 7.76 935.84 932.36 113.525 114.136 1743.164 26.703 758.362 1863.098 -2000.275 -387.116 -1445.77 -748.138 -975.037 -250.397 482.483 1221.924 1184.845 281.525 1530.151 480.652 400.391 1217.651 -1671.448 33.417 -1775.208 -1072.083 -1326.447 -612.335 116.119 855.713 2702.637 1511.23 -2455.75 266.571 1777.496 363.77 -2133.179 630.493 -3.967 -368.652 2224.731 2025 河北 晒干 一等 074
4183828 4602 2025/9/4 19:58:50 P18 36.62 64.5 0 19.51 7.73 935.84 932.36 113.678 114.288 1743.469 32.806 762.024 1850.281 -1978.149 -387.116 -1445.313 -744.019 -955.811 -234.68 489.349 1222.229 1182.556 280.457 1531.677 481.72 407.105 1197.205 -1648.254 45.776 -1776.733 -1075.287 -1304.932 -594.482 127.869 856.781 2702.942 1510.773 -2455.75 265.198 1777.649 363.77 -2133.331 630.493 -3.662 -369.415 2219.849 2025 河北 晒干 一等 074
4183829 4602 2025/9/4 19:58:51 P18 36.73 64.52 0 19.41 8 935.85 932.36 113.373 112.152 1738.892 30.212 756.989 1851.959 -1987 -382.233 -1442.413 -737.457 -955.658 -231.934 488.281 1220.398 1176.3 278.931 1527.71 480.652 402.832 1198.425 -1655.579 42.114 -1770.02 -1076.813 -1308.289 -594.788 127.411 856.476 2695.465 1504.517 -2451.782 265.503 1772.461 362.549 -2128.601 628.815 -8.85 -370.331 2219.238 2025 河北 晒干 一等 074
4183830 4602 2025/9/4 19:58:52 P18 36.69 64.53 0 19.29 7.79 935.86 932.35 113.22 112.915 1738.586 29.755 759.277 1850.433 -1973.572 -372.925 -1442.871 -726.013 -951.996 -228.729 493.622 1220.093 1175.69 278.473 1527.1 481.72 404.053 1196.136 -1643.524 46.692 -1768.799 -1076.508 -1300.354 -588.989 131.226 858.46 2693.939 1503.754 -2452.24 264.587 1771.545 362.396 -2128.143 628.51 -5.646 -368.958 2216.034 2025 河北 晒干 一等 074
4183831 4602 2025/9/4 19:58:53 P18 36.72 64.59 0 19.21 7.9 934.35 946.14 113.678 111.084 1737.213 19.379 753.174 1849.06 -2012.787 -379.028 -1454.315 -735.474 -983.887 -259.857 474.396 1211.548 1173.401 278.473 1527.405 483.398 395.66 1194.458 -1681.824 56.458 -1785.431 -1083.832 -1334.229 -619.659 106.506 842.285 2691.65 1501.923 -2469.788 270.844 1771.545 363.312 -2146.301 634.308 -3.815 -355.835 2215.118 2025 河北 晒干 一等 074
4183832 4602 2025/9/4 19:58:54 P18 36.66 64.6 0 19.4 8.09 934.6 945.74 117.035 123.749 1810.455 86.67 814.362 1847.534 -1916.809 -379.791 -1455.688 -732.117 -891.876 -175.476 544.434 1279.755 1224.365 300.293 1596.68 496.979 458.221 1143.036 -1588.287 54.474 -1780.396 -1087.189 -1243.744 -534.973 184.174 914.154 2804.26 1564.484 -2463.684 271.454 1844.482 382.69 -2139.435 635.834 -5.646 -380.249 2219.238 2025 河北 晒干 一等 074
4183833 4602 2025/9/4 19:58:55 P18 36.72 64.55 0 19.38 8.62 933.23 944.96 113.831 114.136 1759.644 48.523 778.503 1844.788 -1951.141 -378.113 -1456.451 -735.321 -922.546 -193.481 534.058 1266.632 1188.965 284.424 1615.753 494.232 422.363 1167.145 -1620.331 45.471 -1784.058 -1086.578 -1274.414 -559.692 169.983 903.778 2724.609 1551.056 -2464.905 273.285 1800.232 379.791 -2141.266 636.749 -4.12 -369.568 2214.661 2025 河北 晒干 一等 074
4183834 4602 2025/9/4 19:58:56 P18 36.66 64.6 0 19.29 8.82 933.23 944.96 112.152 108.948 1732.178 21.667 752.411 1839.6 -2000.58 -392.914 -1467.438 -750.732 -977.02 -251.312 477.142 1212.769 1164.551 279.846 1589.661 496.368 395.355 1180.115 -1672.821 35.248 -1800.537 -1097.26 -1327.82 -614.471 112.305 846.405 2692.566 1501.923 -2478.027 274.963 1772.461 361.633 -2156.525 638.428 0.153 -371.552 2205.658 2025 河北 晒干 一等 074
4183835 4602 2025/9/4 19:58:57 P18 36.81 64.43 0 19.25 9.05 931.66 943.16 114.136 110.016 1735.535 36.011 766.449 1846.466 -1974.487 -382.538 -1470.795 -743.256 -953.522 -230.408 497.589 1229.248 1170.349 282.593 1575.165 500.794 410.461 1183.319 -1644.592 42.267 -1799.469 -1102.6 -1302.643 -592.804 134.735 864.868 2705.841 1515.503 -2477.417 272.217 1776.123 355.53 -2154.846 635.529 -3.815 -370.331 2212.219 2025 河北 晒干 一等 074
4183836 4602 2025/9/4 19:58:58 P18 36.7 64.6 0 19.35 9.82 931.14 942.53 114.288 108.032 1722.565 31.891 763.397 1845.703 -2007.751 -382.233 -1473.999 -742.95 -983.124 -254.364 477.6 1213.837 1167.297 279.999 1539.764 506.134 406.952 1179.504 -1678.162 50.049 -1807.709 -1099.396 -1334.839 -618.591 111.847 846.252 2695.923 1504.822 -2483.826 278.015 1764.984 347.748 -2162.018 642.395 -4.883 -368.5 2216.034 2025 河北 晒干 一等 074
4183837 4602 2025/9/4 19:58:59 P18 36.66 64.55 0 19.25 10.39 930.93 942.32 117.34 109.863 1727.905 53.864 785.98 1835.632 -2014.313 -381.165 -1471.863 -742.34 -982.819 -256.195 469.971 1204.681 1178.131 283.508 1529.694 510.864 429.077 1145.325 -1683.655 46.692 -1804.962 -1098.938 -1337.28 -620.422 106.354 839.081 2722.321 1494.141 -2482.758 275.726 1763.153 350.952 -2159.882 640.717 -5.341 -366.058 2214.05 2025 河北 晒干 一等 074
4183838 4602 2025/9/4 19:59:00 P18 36.67 64.49 0 19.32 11.05 930.85 942.19 119.934 110.626 1734.009 68.97 800.476 1847.229 -2019.348 -383.759 -1471.405 -741.882 -992.889 -267.792 457.916 1189.27 1189.117 281.83 1526.794 512.39 442.963 1149.139 -1691.284 48.065 -1800.69 -1103.821 -1345.673 -630.035 94.452 826.874 2734.375 1477.814 -2482.758 274.658 1751.251 353.394 -2158.661 637.817 -3.815 -375.977 2219.849 2025 河北 晒干 一等 074
4183839 4602 2025/9/4 19:59:01 P18 36.59 64.53 0 19.21 11.35 943.69 921.59 122.986 107.727 1738.434 86.517 818.481 1846.161 -2012.329 -384.216 -1474.457 -738.678 -990.906 -274.811 446.625 1177.063 1199.341 274.963 1523.743 509.644 461.731 1139.221 -1683.502 49.744 -1801.147 -1110.535 -1340.179 -632.782 85.754 814.209 2730.255 1459.351 -2481.537 280.304 1734.009 356.293 -2157.593 643.158 -4.883 -367.737 2211.609 2025 河北 晒干 一等 074
4183840 4602 2025/9/4 19:59:02 P18 36.7 64.59 0 19.16 11.76 920.99 928.32 125.58 107.575 1743.774 95.673 825.653 1844.025 -2029.572 -395.508 -1485.138 -751.343 -1011.658 -294.342 426.941 1154.633 1210.022 269.165 1528.931 504.456 468.903 1145.935 -1703.186 33.417 -1809.082 -1115.265 -1359.253 -652.771 66.834 794.678 2718.201 1442.871 -2488.708 280.304 1712.494 357.971 -2165.222 644.074 -0.763 -368.347 2211.151 2025 河北 晒干 一等 074
4183841 4602 2025/9/4 19:59:03 P18 36.7 64.53 0 19.16 11.89 917.32 908.96 128.174 108.185 1750.488 105.286 836.945 1849.213 -2054.291 -392.151 -1498.566 -748.749 -1030.884 -310.974 407.867 1137.695 1218.262 274.353 1535.339 498.352 479.584 1158.447 -1723.938 31.128 -1828.461 -1131.134 -1381.683 -671.082 47.302 773.315 2696.838 1428.223 -2505.341 279.236 1690.674 357.971 -2182.159 642.853 -7.629 -375.366 2212.372 2025 河北 晒干 一等 074
4183842 4602 2025/9/4 19:59:04 P18 36.65 64.46 0 19.11 12.55 915.48 906.71 129.547 109.1 1759.338 117.34 849.304 1851.501 -2073.669 -391.541 -1512.756 -749.664 -1054.688 -331.268 391.846 1122.437 1230.164 279.236 1546.326 490.57 493.469 1175.69 -1744.843 37.842 -1840.668 -1143.799 -1403.351 -693.512 29.602 758.057 2688.293 1414.185 -2516.479 278.931 1667.786 356.445 -2194.366 642.395 -5.188 -370.331 2216.492 2025 河北 晒干 一等 074
4183843 4602 2025/9/4 19:59:05 P18 36.63 64.4 0 19.01 12.57 914.59 905.65 130.92 110.626 1769.409 123.901 858.307 1852.264 -2091.37 -400.391 -1530.609 -761.414 -1077.118 -355.072 369.415 1101.227 1239.777 270.996 1558.228 483.093 500.336 1195.831 -1763.916 29.297 -1858.215 -1157.227 -1423.34 -717.468 6.561 737.763 2667.084 1397.4 -2534.18 281.067 1643.066 352.173 -2211.761 645.294 -6.409 -370.636 2221.68 2025 河北 晒干 一等 074
4183844 4602 2025/9/4 19:59:06 P18 36.72 64.43 0 19.05 12.98 914.14 905.08 132.141 111.847 1776.123 137.94 871.887 1853.027 -2102.966 -391.388 -1550.751 -751.343 -1091.614 -370.636 353.394 1082.001 1247.101 290.527 1570.587 469.208 513.763 1214.142 -1776.733 37.689 -1878.204 -1177.673 -1437.378 -733.185 -8.85 719.757 2632.904 1379.089 -2552.948 286.102 1622.772 344.391 -2232.056 650.177 -5.646 -369.568 2222.9 2025 河北 晒干 一等 074
4183845 4602 2025/9/4 19:59:07 P18 36.69 64.36 0 18.99 13.14 913.92 904.82 132.141 113.678 1782.227 147.705 880.127 1853.333 -2118.988 -381.012 -1570.74 -740.051 -1103.363 -383.911 335.693 1061.707 1252.594 304.26 1579.285 451.202 523.682 1232.605 -1792.45 43.793 -1899.109 -1204.681 -1452.332 -744.934 -24.109 701.141 2594.299 1360.474 -2574.158 282.898 1606.293 335.236 -2253.723 647.43 -4.578 -365.448 2221.527 2025 河北 晒干 一等 074
4183846 4602 2025/9/4 19:59:08 P18 36.67 64.4 0 19.46 13.01 913.8 904.63 132.904 115.051 1785.889 157.471 888.977 1852.264 -2132.874 -386.047 -1591.797 -741.272 -1116.943 -398.865 316.162 1039.581 1251.526 295.563 1587.982 432.129 532.074 1242.676 -1805.725 44.708 -1918.793 -1229.706 -1465.454 -758.514 -41.656 679.627 2557.678 1340.179 -2595.367 283.356 1589.355 325.317 -2272.644 646.973 -5.646 -369.568 2218.323 2025 河北 晒干 一等 074
4183847 4602 2025/9/4 19:59:09 P18 36.62 64.42 0 20.13 13.28 930.07 904.6 131.073 114.594 1787.872 158.386 889.282 1859.436 -2150.574 -382.233 -1616.974 -737.915 -1134.338 -421.448 293.274 1021.118 1247.559 281.22 1593.475 413.513 533.6 1243.744 -1822.815 45.776 -1941.681 -1250.305 -1481.018 -777.13 -64.85 657.806 2522.736 1320.038 -2616.882 285.187 1571.96 312.195 -2295.685 649.719 -5.493 -369.263 2221.222 2025 河北 晒干 一等 074
4183848 4602 2025/9/4 19:59:10 P18 36.69 64.42 0 20.6 13.25 930.07 904.6 127.716 116.425 1790.466 160.828 891.724 1859.436 -2187.042 -366.211 -1666.107 -723.724 -1173.859 -458.984 257.263 979.157 1239.929 276.947 1600.647 379.334 535.889 1246.796 -1861.42 57.831 -1988.22 -1305.237 -1519.928 -817.413 -100.098 620.88 2465.515 1282.654 -2665.1 286.255 1540.833 279.541 -2343.903 651.093 -3.967 -369.568 2218.628 2025 河北 晒干 一等 074
4183849 4602 2025/9/4 19:59:11 P18 36.72 64.38 0 21.38 13.3 930.08 904.55 125.885 116.425 1791.077 149.689 884.094 1846.619 -2244.873 -362.854 -1693.726 -721.436 -1223.145 -502.625 221.558 955.2 1229.858 284.119 1601.715 366.669 525.36 1252.136 -1914.978 66.834 -2019.958 -1327.362 -1570.282 -863.648 -141.602 589.447 2442.322 1264.801 -2696.075 282.593 1525.574 262.909 -2375.946 647.278 -4.578 -355.53 2220.764 2025 河北 晒干 一等 074
4183850 4602 2025/9/4 19:59:12 P18 36.72 64.42 0 22.2 13.49 930.06 904.49 123.596 115.356 1784.668 141.602 879.211 1851.654 -2266.541 -360.413 -1703.186 -721.283 -1249.084 -526.123 201.111 931.091 1219.025 283.966 1596.222 354.004 519.409 1233.521 -1938.934 74.158 -2029.877 -1333.313 -1596.832 -887.299 -163.269 569.916 2411.804 1244.049 -2706.909 283.051 1503.906 243.835 -2386.475 646.668 -5.188 -368.347 2219.238 2025 河北 晒干 一等 074
4183851 4602 2025/9/4 19:59:13 P18 36.7 64.42 0 23.33 13.62 930.01 904.47 121.918 115.814 1781.006 134.277 870.514 1847.534 -2287.445 -353.394 -1712.341 -713.043 -1265.869 -544.128 180.664 912.476 1207.275 278.168 1591.339 341.187 510.407 1224.365 -1958.466 79.498 -2042.542 -1341.095 -1615.143 -904.388 -183.106 547.18 2386.169 1226.044 -2718.964 281.067 1483.459 224.915 -2399.902 645.905 -5.646 -365.753 2222.29 2025 河北 晒干 一等 074
4183852 4602 2025/9/4 19:59:14 P18 36.67 64.32 0 24.24 13.61 929.98 904.47 119.629 115.967 1778.412 135.956 869.598 1856.995 -2275.391 -338.898 -1712.799 -699.921 -1267.09 -550.69 168.457 894.775 1199.799 278.32 1587.524 331.726 512.085 1209.106 -1950.989 93.689 -2037.964 -1347.961 -1613.007 -910.339 -191.65 532.684 2366.028 1210.632 -2711.182 284.424 1464.691 206.299 -2392.12 649.262 0.61 -369.415 2224.579 2025 河北 晒干 一等 074
4183853 4602 2025/9/4 19:59:15 P18 36.69 64.3 0 25 13.71 929.97 904.46 118.408 116.73 1774.597 133.209 863.495 1860.962 -2289.581 -331.116 -1711.426 -690.46 -1277.161 -563.202 152.283 876.465 1189.728 278.626 1581.116 320.282 507.813 1193.848 -1964.569 95.062 -2039.185 -1349.182 -1624.146 -921.326 -205.994 515.137 2343.597 1195.221 -2711.945 287.17 1444.244 188.599 -2391.663 651.398 -6.256 -368.652 2232.056 2025 河北 晒干 一等 074
4183854 4602 2025/9/4 19:59:16 P18 36.69 64.26 0 25.62 13.79 929.98 904.42 116.425 117.645 1770.477 129.7 858.612 1863.556 -2298.584 -330.963 -1721.802 -689.24 -1287.994 -573.578 140.076 862.427 1180.573 281.677 1574.86 311.432 503.845 1184.692 -1972.351 94.91 -2048.187 -1354.218 -1633.148 -930.176 -218.201 501.709 2325.134 1181.488 -2719.574 284.424 1426.544 172.73 -2401.276 648.956 -5.188 -368.042 2231.903 2025 河北 晒干 一等 074
4183855 4602 2025/9/4 19:59:17 P18 36.69 64.24 0 25.62 13.84 929.97 904.45 115.356 116.882 1766.052 124.817 854.34 1868.591 -2309.113 -323.792 -1721.954 -681.61 -1299.744 -589.905 125.122 846.863 1170.959 286.102 1567.535 304.26 499.115 1174.774 -1984.406 108.948 -2047.424 -1354.37 -1644.287 -945.129 -232.849 488.281 2304.688 1167.297 -2720.032 283.966 1406.097 158.386 -2400.36 647.736 -5.035 -368.195 2233.582 2025 河北 晒干 一等 074
4183856 4602 2025/9/4 19:59:18 P18 36.7 64.29 0 26.4 13.93 929.98 904.43 114.441 118.713 1759.491 117.798 851.746 1867.828 -2346.191 -307.617 -1719.513 -664.673 -1329.041 -608.673 106.812 829.62 1161.957 290.527 1558.38 295.868 493.469 1167.603 -2019.958 117.34 -2046.204 -1357.269 -1678.619 -969.086 -250.397 470.123 2285.461 1154.022 -2722.168 287.323 1388.092 144.501 -2400.055 651.856 -4.578 -367.432 2237.549 2025 河北 晒干 一等 074
4183857 4602 2025/9/4 19:59:19 P18 36.56 64.29 0 27.12 13.99 929.98 904.42 112.763 119.171 1753.845 108.49 842.285 1871.948 -2368.774 -312.195 -1708.374 -672.455 -1356.506 -638.428 82.855 810.852 1150.665 295.41 1550.903 289.154 484.161 1167.603 -2044.067 117.95 -2036.743 -1345.673 -1703.949 -997.315 -278.168 446.777 2268.372 1141.357 -2711.029 283.966 1370.544 131.836 -2391.052 648.041 -5.341 -369.415 2234.497 2025 河北 晒干 一等 074
4183858 4602 2025/9/4 19:59:20 P18 36.72 64.22 0 27.65 14.02 929.98 904.42 111.389 120.392 1748.352 104.675 832.825 1865.387 -2353.058 -307.159 -1692.963 -662.231 -1344.604 -631.714 79.803 798.492 1140.747 300.446 1541.138 283.356 477.753 1159.821 -2027.893 117.34 -2019.806 -1334.076 -1687.775 -988.007 -276.032 440.369 2250.214 1127.014 -2695.313 284.882 1351.013 119.171 -2373.962 648.499 -4.272 -368.195 2233.429 2025 河北 晒干 一等 074
4183859 4602 2025/9/4 19:59:21 P18 36.66 64.17 0 28.36 14.07 929.97 904.42 111.542 119.782 1741.638 88.196 825.653 1865.082 -2405.396 -310.364 -1693.268 -671.845 -1392.212 -673.981 50.049 780.335 1129.303 305.023 1531.372 277.405 464.478 1163.33 -2080.383 121.155 -2021.79 -1326.294 -1740.265 -1035.004 -311.737 416.565 2232.971 1113.739 -2699.585 280.762 1332.855 108.948 -2377.319 645.752 -5.951 -368.652 2233.887 2025 河北 晒干 一等 074
4183860 4602 2025/9/4 19:59:22 P18 36.73 64.19 0 28.7 14 929.98 904.44 110.626 121.46 1736.145 87.891 819.244 1865.082 -2388.611 -297.394 -1684.723 -657.806 -1380.615 -671.387 45.929 768.89 1117.096 308.685 1522.827 269.318 461.578 1168.06 -2063.293 134.43 -2012.177 -1321.716 -1725.159 -1027.679 -313.416 409.088 2217.407 1101.837 -2687.531 286.102 1315.613 99.64 -2366.333 650.482 -5.798 -367.584 2234.802 2025 河北 晒干 一等 074
4183861 4602 2025/9/4 19:59:23 P18 36.66 64.22 0 29.37 14.24 929.98 904.42 109.1 127.106 1727.753 74.921 806.122 1864.319 -2409.515 -301.209 -1678.009 -659.18 -1394.043 -680.237 32.654 754.395 1105.347 313.721 1511.078 266.266 450.44 1179.657 -2082.062 123.138 -2005.005 -1312.714 -1742.249 -1036.682 -325.012 395.203 2197.876 1087.341 -2680.359 278.626 1296.997 89.874 -2358.704 643.005 -3.357 -367.584 2234.65 2025 河北 晒干 一等 074
4183862 4602 2025/9/4 19:59:24 P18 36.66 64.02 0 29.75 14.07 929.98 904.42 107.422 132.752 1718.14 51.727 785.675 1863.098 -2431.03 -304.26 -1669.159 -662.689 -1417.847 -703.888 12.97 738.22 1094.513 317.841 1501.312 263.367 427.094 1192.322 -2105.56 123.138 -1997.833 -1308.289 -1766.205 -1060.333 -345.001 376.129 2179.26 1075.592 -2672.119 278.931 1278.229 81.024 -2351.837 643.768 -6.256 -370.026 2234.955 2025 河北 晒干 一等 074
4183863 4602 2025/9/4 19:59:25 P18 36.66 64.22 0 30.24 14.15 929.96 904.44 106.506 142.059 1712.494 36.469 769.806 1864.319 -2442.627 -303.65 -1654.663 -663.452 -1431.58 -718.994 -4.12 721.283 1083.679 320.74 1490.021 259.094 411.53 1206.207 -2117.615 121.155 -1983.185 -1291.656 -1778.259 -1076.05 -362.244 358.887 2161.102 1064.606 -2661.285 279.846 1262.512 74.31 -2339.935 644.836 -7.019 -368.958 2233.276 2025 河北 晒干 一等 074
4183864 4602 2025/9/4 19:59:26 P18 36.72 64.09 0 30.54 14.23 929.97 904.44 105.438 151.825 1706.696 21.362 753.174 1861.42 -2459.412 -305.176 -1650.238 -666.809 -1452.332 -736.389 -15.869 710.144 1074.677 323.792 1482.849 256.958 395.966 1219.177 -2135.62 129.547 -1978.912 -1280.212 -1797.18 -1094.971 -376.587 347.9 2146.759 1054.382 -2650.909 277.557 1247.864 67.139 -2330.017 642.242 -2.136 -369.568 2231.903 2025 河北 晒干 一等 074
4183865 4602 2025/9/4 19:59:27 P18 36.67 64.09 0 30.82 14.27 929.97 904.42 104.981 168.915 1696.777 -2.289 729.218 1864.319 -2469.635 -299.53 -1649.17 -660.858 -1462.86 -749.512 -29.602 695.801 1062.622 325.317 1471.1 254.364 372.315 1243.896 -2145.538 128.784 -1977.081 -1277.313 -1807.251 -1106.262 -390.625 334.168 2124.786 1040.955 -2651.672 276.947 1230.469 60.577 -2332.001 641.48 -5.798 -368.042 2226.563 2025 河北 晒干 一等 074
4183866 4602 2025/9/4 19:59:28 P18 36.8 64.05 0 31.13 14.12 929.98 904.42 104.218 191.956 1689.758 -18.311 711.67 1862.488 -2467.804 -306.091 -1631.622 -664.063 -1461.487 -750.732 -37.384 684.052 1052.856 326.233 1460.266 251.77 354.919 1259.766 -2143.86 124.512 -1958.466 -1271.515 -1804.199 -1106.873 -396.271 324.86 2107.086 1030.579 -2634.583 280.457 1215.82 54.016 -2313.385 642.7 -5.646 -368.347 2232.666 2025 河北 晒干 一等 074
4183867 4602 2025/9/4 19:59:29 P18 36.76 64.02 0 31.34 14.2 929.96 904.46 102.844 213.165 1681.671 -39.52 692.749 1860.657 -2505.798 -304.871 -1636.2 -666.504 -1493.683 -778.961 -57.983 668.182 1044.312 324.707 1449.28 249.634 333.862 1273.956 -2180.481 129.547 -1965.942 -1262.054 -1840.973 -1138.458 -418.854 307.159 2087.555 1018.829 -2641.144 275.726 1198.883 49.133 -2320.251 639.496 -5.798 -367.584 2234.344 2025 河北 晒干 一等 074
4183868 4602 2025/9/4 19:59:30 P18 36.72 64.05 0 31.67 14.28 929.98 904.45 101.624 241.394 1675.11 -45.929 679.627 1867.371 -2480.011 -316.315 -1623.077 -673.37 -1474.152 -767.059 -57.373 661.316 1035.461 321.198 1438.599 247.65 326.08 1293.64 -2155.457 113.831 -1949.463 -1260.376 -1817.017 -1120.911 -414.276 303.345 2069.55 1007.996 -2624.969 274.963 1185.913 43.03 -2304.077 639.343 -5.035 -368.805 2231.903 2025 河北 晒干 一等 074
4183869 4602 2025/9/4 19:59:31 P18 36.72 64.06 0 31.67 14.16 929.98 904.45 100.708 270.538 1667.328 -52.338 675.812 1866.608 -2486.42 -314.331 -1619.568 -670.319 -1481.323 -773.926 -66.071 650.635 1028.748 316.467 1428.833 244.446 320.892 1296.692 -2161.713 112 -1944.58 -1259.155 -1824.799 -1128.998 -419.922 294.647 2051.544 998.535 -2621.46 277.71 1174.316 39.063 -2300.415 642.09 -4.73 -369.873 2229.919 2025 河北 晒干 一等 074
4183870 4602 2025/9/4 19:59:32 P18 36.69 64.02 0 31.93 14.36 929.99 904.45 100.098 298.157 1661.072 -69.733 660.095 1862.64 -2538.605 -314.941 -1618.042 -675.507 -1526.184 -811.157 -93.536 635.376 1021.729 312.805 1419.83 242.31 303.345 1287.537 -2212.219 116.119 -1947.174 -1252.594 -1872.711 -1169.891 -453.491 271.454 2035.37 990.601 -2626.801 276.337 1160.278 34.332 -2304.993 640.106 -3.815 -367.889 2232.513 2025 河北 晒干 一等 074
4183871 4602 2025/9/4 19:59:33 P18 36.8 63.98 0 32.07 14.33 930 904.46 99.335 328.98 1653.442 -73.395 655.518 1860.809 -2550.049 -308.991 -1609.039 -670.166 -1537.323 -823.975 -104.981 621.338 1017.151 309.601 1409.454 239.105 298.92 1274.261 -2224.426 122.223 -1941.986 -1246.033 -1885.071 -1180.573 -464.325 260.01 2015.533 979.462 -2620.239 273.438 1147.156 29.297 -2298.279 639.648 -5.188 -368.652 2232.513 2025 河北 晒干 一等 074
4183872 4602 2025/9/4 19:59:34 P18 36.79 64.06 0 32.32 14.36 930.01 904.45 99.03 355.682 1648.865 -71.716 657.654 1861.725 -2562.714 -307.617 -1616.211 -671.845 -1555.786 -838.471 -115.509 610.962 1013.794 309.906 1400.757 236.206 302.277 1257.629 -2238.617 124.664 -1946.716 -1242.676 -1900.33 -1197.205 -477.905 249.329 2001.038 972.29 -2622.528 272.827 1136.78 25.94 -2302.399 637.512 -5.798 -366.821 2231.14 2025 河北 晒干 一等 074
4183873 4602 2025/9/4 19:59:35 P18 36.69 64.06 0 32.45 14.33 930 904.44 97.504 381.165 1640.625 -67.139 662.994 1864.319 -2565.46 -299.072 -1612.701 -660.553 -1558.38 -845.184 -124.359 601.807 1008.911 313.263 1392.059 231.781 307.922 1226.959 -2241.058 133.514 -1943.207 -1245.728 -1902.771 -1200.562 -485.687 240.326 1984.406 963.135 -2619.324 270.081 1125.183 22.278 -2297.516 634.613 -5.646 -371.857 2229.309 2025 河北 晒干 一等 074
4183874 4602 2025/9/4 19:59:36 P18 36.65 63.99 0 32.75 14.34 929.99 904.47 96.893 404.053 1634.827 -59.357 669.861 1862.03 -2564.545 -302.734 -1613.007 -663.757 -1557.159 -842.438 -126.038 594.788 1005.402 316.925 1382.599 227.203 314.484 1199.493 -2240.906 126.343 -1943.207 -1244.812 -1902.466 -1199.799 -484.772 236.054 1967.468 954.59 -2618.713 270.233 1113.892 18.768 -2297.363 635.071 -6.714 -370.026 2233.582 2025 河北 晒干 一等 074
4183875 4602 2025/9/4 19:59:37 P18 36.79 63.99 0 32.92 14.26 925.47 904.46 96.436 425.873 1627.502 -50.964 675.964 1866.302 -2541.809 -304.871 -1604.767 -660.553 -1540.985 -834.045 -126.953 588.684 1005.096 321.198 1373.901 222.473 321.655 1163.635 -2220.612 122.833 -1928.558 -1242.218 -1882.019 -1188.354 -480.042 232.697 1951.141 946.96 -2605.896 266.113 1103.668 14.496 -2283.783 629.73 -4.425 -369.415 2232.361 2025 河北 晒干 一等 074
4183876 4602 2025/9/4 19:59:38 P18 36.66 64.02 0 33.05 14.59 925.46 904.46 95.215 450.745 1614.99 -70.343 661.774 1862.488 -2603.302 -321.198 -1603.699 -682.221 -1596.375 -882.263 -164.49 561.218 1000.519 326.996 1355.591 218.964 303.803 1115.417 -2280.579 108.948 -1932.983 -1234.131 -1941.681 -1240.387 -524.292 200.043 1917.114 931.549 -2611.237 263.519 1081.848 9.155 -2289.276 626.984 -9.766 -370.636 2227.02 2025 河北 晒干 一等 074
4183877 4602 2025/9/4 19:59:39 P18 36.72 63.95 0 33.13 14.54 925.46 904.47 94.91 451.66 1608.582 -81.329 648.193 1861.572 -2609.711 -318.756 -1607.666 -679.474 -1602.173 -885.01 -170.593 552.826 1003.723 328.064 1345.978 218.658 290.985 1087.341 -2285.461 116.425 -1938.782 -1231.689 -1946.716 -1244.507 -528.412 193.329 1901.855 924.072 -2610.779 262.451 1071.014 6.561 -2291.87 627.899 -5.341 -370.789 2231.598 2025 河北 晒干 一等 074
4183878 4602 2025/9/4 19:59:40 P18 36.72 64.03 0 33.35 14.41 925.44 904.47 93.994 452.271 1602.478 -93.536 637.512 1857.147 -2613.678 -317.841 -1600.189 -682.068 -1608.429 -893.707 -176.697 547.028 1002.35 329.132 1338.196 217.285 280.304 1069.489 -2290.497 115.204 -1930.237 -1229.095 -1952.515 -1250.763 -536.041 187.378 1886.292 917.511 -2603.912 265.656 1062.012 3.815 -2281.952 630.798 -6.104 -372.925 2226.257 2025 河北 晒干 一等 074
4183879 4602 2025/9/4 19:59:41 P18 36.67 63.95 0 33.5 14.54 925.46 904.48 93.842 450.44 1597.137 -114.441 618.439 1859.283 -2611.694 -319.367 -1594.543 -681.915 -1606.293 -892.792 -176.239 542.603 1002.045 331.116 1330.261 217.59 262.299 1045.227 -2288.208 106.964 -1927.032 -1230.774 -1950.989 -1249.847 -535.736 184.937 1870.728 910.797 -2602.081 270.233 1049.652 1.068 -2281.952 635.834 -4.425 -370.331 2229.919 2025 河北 晒干 一等 074
4183880 4602 2025/9/4 19:59:42 P18 36.74 63.97 0 33.6 14.29 925.47 904.48 93.079 448.608 1590.881 -140.076 583.649 1871.185 -2585.754 -321.198 -1586.914 -676.575 -1585.236 -882.263 -175.171 539.703 1004.333 332.184 1321.564 218.201 231.323 996.399 -2264.404 102.692 -1912.994 -1228.79 -1928.558 -1235.809 -528.565 184.174 1854.553 904.388 -2590.027 264.893 1038.818 -0.458 -2265.778 629.12 -4.578 -370.026 2231.445 2025 河北 晒干 一等 074
4183881 4602 2025/9/4 19:59:43 P18 36.67 64.03 0 33.73 14.53 925.48 904.48 91.858 449.524 1585.236 -160.065 571.594 1857.147 -2638.702 -325.165 -1596.375 -686.951 -1629.181 -912.781 -197.907 523.834 1009.216 334.473 1312.714 220.032 213.928 997.009 -2314.453 107.575 -1927.185 -1230.774 -1975.555 -1272.43 -554.962 166.473 1840.057 897.217 -2602.844 259.552 1027.985 -3.967 -2281.189 624.39 -5.188 -370.331 2227.478 2025 河北 晒干 一等 074
4183882 4602 2025/9/4 19:59:44 P18 36.67 64.06 0 33.93 14.49 925.49 904.52 91.248 450.897 1579.59 -183.868 542.297 1865.54 -2617.95 -327.301 -1598.206 -688.477 -1619.568 -915.375 -200.348 519.104 1013.794 333.557 1305.542 220.947 189.819 961.609 -2296.143 101.776 -1927.032 -1234.436 -1961.517 -1268.616 -556.793 160.37 1825.256 891.724 -2602.692 259.705 1016.846 -5.035 -2279.968 624.39 -6.256 -369.721 2231.598 2025 河北 晒干 一等 074
4183883 4602 2025/9/4 19:59:45 P18 36.67 63.9 0 33.93 14.55 925.5 904.5 91.4 449.219 1574.097 -205.078 517.883 1872.711 -2623.596 -323.334 -1597.9 -680.542 -1617.584 -909.119 -199.738 516.357 1017.609 333.862 1297.455 221.252 165.1 928.803 -2300.11 105.286 -1924.133 -1227.112 -1963.501 -1264.954 -554.81 160.217 1811.371 885.925 -2601.471 257.874 1007.08 -7.172 -2279.205 622.711 -5.798 -370.636 2232.513 2025 河北 晒干 一等 074
4183884 4602 2025/9/4 19:59:46 P18 36.6 63.92 0 33.79 14.41 925.5 904.51 90.637 445.252 1569.977 -218.506 509.644 1864.624 -2642.365 -334.93 -1597.29 -693.665 -1639.557 -925.14 -209.351 506.287 1023.102 334.015 1289.825 220.337 154.572 921.783 -2318.726 97.961 -1927.185 -1226.959 -1981.812 -1280.212 -569.153 149.994 1796.265 880.585 -2601.929 254.669 996.246 -9.308 -2281.647 619.659 -6.866 -368.652 2230.835 2025 河北 晒干 一等 074
4183885 4602 2025/9/4 19:59:47 P18 36.69 63.9 0 34.01 14.54 925.5 904.5 90.332 438.995 1562.5 -236.206 490.57 1860.809 -2660.522 -328.064 -1596.222 -688.171 -1652.679 -939.026 -223.846 496.826 1028.137 333.405 1281.128 221.1 134.583 900.879 -2338.562 102.692 -1925.964 -1228.18 -2001.19 -1296.082 -579.529 137.024 1781.921 874.481 -2601.318 254.211 985.87 -11.444 -2279.968 618.439 -7.172 -368.958 2231.75 2025 河北 晒干 一等 074
4183886 4602 2025/9/4 19:59:48 P18 36.69 63.92 0 34.08 14.35 925.5 904.52 89.722 430.756 1557.465 -249.786 475.464 1862.946 -2648.926 -336.762 -1598.511 -697.632 -1650.391 -944.672 -231.323 491.638 1034.698 333.405 1273.651 220.795 121.918 882.874 -2327.576 96.283 -1925.964 -1226.349 -1993.713 -1297.76 -586.243 132.446 1767.883 869.141 -2602.234 249.329 975.037 -12.512 -2281.036 614.471 -6.561 -370.636 2228.546 2025 河北 晒干 一等 074
4183887 4602 2025/9/4 19:59:49 P18 36.67 63.87 0 34.29 14.52 925.49 904.51 89.722 421.448 1551.971 -262.604 461.273 1862.64 -2676.849 -342.865 -1600.037 -704.498 -1669.617 -956.879 -241.089 482.33 1041.87 331.879 1265.869 219.727 107.88 862.122 -2353.21 92.926 -1932.068 -1232.147 -2015.533 -1313.477 -600.128 122.07 1753.693 863.8 -2605.591 248.718 964.966 -14.496 -2285.767 613.251 -7.324 -371.552 2232.513 2025 河北 晒干 一等 074
4183888 4602 2025/9/4 19:59:50 P18 36.7 63.91 0 34.25 14.52 925.5 904.5 88.959 420.227 1547.699 -270.081 453.339 1862.183 -2667.236 -339.05 -1593.475 -696.869 -1659.851 -948.639 -237.122 478.973 1046.6 332.947 1260.223 218.658 99.792 845.49 -2343.292 84.381 -1921.997 -1230.316 -2005.157 -1303.253 -593.567 122.376 1741.333 859.68 -2599.64 243.835 955.658 -16.327 -2277.832 608.368 -6.409 -370.483 2227.173 2025 河北 晒干 一等 074
4183889 4602 2025/9/4 19:59:51 P18 36.65 63.87 0 34.41 14.52 925.5 904.5 88.654 418.549 1541.443 -277.1 445.404 1862.183 -2651.825 -334.778 -1592.407 -692.596 -1651.459 -942.688 -238.8 473.785 1056.671 332.489 1251.373 216.827 93.536 830.078 -2328.644 88.959 -1919.403 -1226.959 -1993.561 -1296.539 -590.515 120.239 1725.769 853.424 -2593.994 243.53 945.435 -17.7 -2272.491 607.91 -5.035 -367.432 2229.614 2025 河北 晒干 一等 074
4183890 4602 2025/9/4 19:59:52 P18 36.72 63.9 0 34.38 14.44 925.5 904.5 87.891 429.077 1535.187 -290.68 434.418 1857.3 -2694.855 -348.511 -1591.339 -709.839 -1686.707 -975.494 -260.162 464.478 1056.061 335.541 1243.439 216.675 80.261 818.939 -2370.453 84.076 -1922.455 -1221.466 -2030.945 -1330.872 -620.422 103.455 1712.341 848.084 -2599.487 246.277 935.059 -19.073 -2277.374 610.352 -6.256 -370.483 2227.783 2025 河北 晒干 一等 074
4183891 4602 2025/9/4 19:59:53 P18 36.67 63.87 0 34.59 14.44 925.5 904.53 87.738 438.08 1531.525 -285.187 436.554 1863.251 -2660.065 -342.56 -1590.729 -700.073 -1661.224 -956.574 -249.786 464.172 1070.251 338.287 1237.03 214.996 86.212 798.035 -2339.172 86.975 -1917.572 -1221.313 -2003.937 -1310.577 -602.57 108.948 1698.151 843.658 -2592.468 245.361 923.462 -20.905 -2271.271 610.199 -7.324 -368.958 2231.903 2025 河北 晒干 一等 074
4183892 4602 2025/9/4 19:59:54 P18 36.62 63.91 0 34.62 14.48 925.52 904.52 87.738 444.336 1525.269 -291.138 433.044 1866.913 -2678.986 -348.206 -1587.372 -705.566 -1673.737 -966.034 -256.348 459.595 1075.287 341.339 1229.858 213.471 79.651 782.623 -2355.804 77.209 -1912.689 -1220.551 -2017.822 -1320.953 -610.962 103.455 1685.333 838.623 -2591.4 248.261 916.443 -21.667 -2268.829 613.098 -7.172 -366.058 2225.189 2025 河北 晒干 一等 074
4183893 4602 2025/9/4 19:59:55 P18 36.73 63.81 0 34.69 14.52 925.53 904.56 86.975 441.895 1520.538 -300.598 425.11 1864.014 -2688.446 -344.238 -1584.93 -703.735 -1687.622 -979.767 -268.707 449.982 1080.78 343.018 1222.992 212.555 70.496 771.484 -2365.57 83.923 -1914.52 -1226.349 -2030.64 -1331.94 -623.779 90.79 1670.99 834.351 -2592.163 241.242 907.593 -22.583 -2270.05 604.553 -6.866 -370.178 2223.358 2025 河北 晒干 一等 074
4183894 4602 2025/9/4 19:59:56 P18 36.74 63.74 0 34.79 14.38 925.5 904.54 86.212 420.837 1515.045 -303.65 419.922 1857.758 -2704.315 -348.206 -1583.862 -709.534 -1703.339 -995.178 -278.32 443.268 1087.494 343.628 1216.278 211.334 66.528 763.397 -2381.439 86.365 -1912.842 -1221.008 -2046.051 -1349.182 -637.817 83.771 1657.41 829.315 -2591.248 243.378 899.2 -23.499 -2268.982 607.605 -5.341 -370.331 2227.478 2025 河北 晒干 一等 074
4183895 4602 2025/9/4 19:59:57 P18 36.65 63.87 0 34.82 14.34 925.55 904.57 86.975 374.756 1509.857 -302.124 421.143 1854.858 -2679.291 -331.726 -1584.32 -687.714 -1680.908 -975.037 -270.386 440.826 1097.26 343.018 1209.412 210.877 68.817 751.495 -2358.704 91.705 -1906.891 -1215.973 -2022.858 -1328.278 -623.169 88.043 1643.829 824.585 -2583.618 238.19 891.266 -24.109 -2262.573 602.417 -7.019 -371.094 2226.41 2025 河北 晒干 一等 074
4183896 4602 2025/9/4 19:59:58 P18 36.72 63.8 0 34.87 14.5 925.54 904.56 86.06 332.947 1505.737 -311.432 414.887 1853.79 -2722.321 -346.527 -1588.135 -706.94 -1717.834 -1007.385 -291.596 432.434 1103.058 341.95 1201.63 209.045 60.73 742.035 -2402.191 84.991 -1916.809 -1222.687 -2064.362 -1363.22 -649.567 71.259 1631.317 820.618 -2596.588 233.612 883.179 -25.33 -2274.78 598.145 -6.409 -370.789 2232.208 2025 河北 晒干 一等 074
4183897 4602 2025/9/4 19:59:59 P18 36.72 63.87 0 34.87 14.52 925.52 904.59 86.06 307.465 1502.838 -295.715 422.974 1860.657 -2689.514 -346.069 -1592.255 -702.057 -1690.063 -986.176 -282.745 428.925 1106.873 341.95 1196.899 206.604 72.021 728.912 -2369.08 86.365 -1917.877 -1219.482 -2033.386 -1339.264 -634.308 74.921 1619.263 816.345 -2591.553 234.985 876.465 -27.008 -2270.508 598.45 -7.324 -371.552 2226.105 2025 河北 晒干 一等 074
4183898 4602 2025/9/4 20:00:00 P18 36.69 63.81 0 34.81 14.58 925.55 904.57 85.144 259.094 1498.413 -301.514 421.906 1857.91 -2709.656 -353.088 -1587.219 -709.839 -1705.78 -995.331 -286.713 427.094 1109.467 340.424 1190.491 207.52 69.427 721.283 -2386.932 78.125 -1914.978 -1223.45 -2049.255 -1351.013 -640.717 72.327 1605.682 812.073 -2590.79 234.222 867.615 -27.313 -2268.829 597.992 -6.561 -372.467 2228.699 2025 河北 晒干 一等 074
4183899 4602 2025/9/4 20:00:01 P18 36.67 63.84 0 35.01 14.65 925.55 904.56 85.144 236.359 1492.92 -296.936 428.009 1864.166 -2718.353 -344.086 -1586.761 -702.515 -1713.104 -1005.554 -294.647 422.669 1106.72 340.271 1184.082 205.383 74.615 711.212 -2395.02 85.144 -1913.605 -1220.703 -2057.037 -1359.711 -650.33 66.681 1594.238 809.021 -2591.858 227.814 860.901 -28.229 -2269.287 591.736 -6.561 -372.009 2231.14 2025 河北 晒干 一等 074
4183900 4602 2025/9/4 20:00:02 P18 36.76 63.81 0 35.13 14.58 925.55 904.58 85.754 211.487 1488.8 -298.004 425.415 1863.251 -2729.34 -364.38 -1585.846 -720.978 -1721.497 -1008.453 -299.225 417.023 1099.091 341.034 1176.605 204.773 74.158 702.362 -2405.701 68.359 -1915.741 -1217.041 -2067.566 -1365.814 -654.602 60.577 1582.489 804.901 -2593.842 227.203 853.577 -28.992 -2271.118 589.752 -7.019 -372.62 2232.971 2025 河北 晒干 一等 074
4183901 4602 2025/9/4 20:00:03 P18 36.69 63.77 0 35.19 14.48 925.56 904.57 84.839 201.416 1485.443 -300.598 425.873 1861.877 -2736.816 -362.091 -1583.252 -722.351 -1730.957 -1022.491 -307.922 412.445 1088.257 341.492 1170.654 203.4 71.869 697.327 -2413.94 66.071 -1912.994 -1219.635 -2076.111 -1378.326 -665.131 54.321 1570.892 801.239 -2592.163 218.964 845.795 -28.992 -2269.135 589.294 -1.373 -369.415 2226.715 2025 河北 晒干 一等 074
4183902 4602 2025/9/4 20:00:04 P18 36.63 63.77 0 35.14 14.49 925.59 904.6 84.991 187.378 1481.323 -301.361 422.669 1858.063 -2744.751 -361.786 -1591.797 -722.961 -1739.197 -1027.069 -312.042 406.494 1069.336 343.475 1163.94 203.095 68.665 689.85 -2422.791 71.106 -1922.607 -1221.161 -2086.639 -1385.04 -669.556 48.523 1560.211 798.187 -2600.555 225.525 839.081 -30.975 -2277.832 588.074 -7.935 -372.009 2225.8 2025 河北 晒干 一等 074
4183903 4602 2025/9/4 20:00:05 P18 36.7 63.75 0 35.09 14.55 925.59 904.6 84.991 185.242 1477.814 -301.514 423.889 1858.215 -2747.955 -365.143 -1587.067 -726.166 -1741.943 -1033.325 -318.146 404.053 1055.45 344.544 1158.295 201.721 70.19 683.899 -2425.232 61.493 -1919.098 -1220.703 -2086.945 -1389.618 -676.727 44.708 1549.377 794.525 -2598.877 225.067 832.214 -30.365 -2276.764 588.837 -7.019 -370.331 2224.884 2025 河北 晒干 一等 074
4183904 4602 2025/9/4 20:00:06 P18 36.7 63.82 0 35.19 14.64 925.56 904.6 84.686 174.866 1473.389 -300.751 425.873 1857.91 -2751.77 -362.701 -1593.628 -724.03 -1751.099 -1039.276 -323.181 399.933 1031.952 343.628 1152.039 200.195 70.801 677.49 -2430.42 71.716 -1923.37 -1220.398 -2093.353 -1396.79 -680.847 41.351 1538.239 791.626 -2599.792 224.457 826.569 -31.586 -2278.595 587.463 -6.866 -370.178 2229.156 2025 河北 晒干 一等 074
4183905 4602 2025/9/4 20:00:07 P18 36.57 63.73 0 35.45 14.58 925.56 904.57 84.076 173.798 1468.353 -283.814 435.638 1858.368 -2718.811 -352.631 -1588.135 -710.754 -1723.328 -1017.761 -313.568 398.102 1012.878 345.001 1146.545 198.669 84.534 668.64 -2397.003 75.073 -1917.114 -1221.008 -2062.683 -1370.544 -666.199 45.166 1527.557 788.117 -2592.621 226.135 819.855 -32.501 -2272.186 589.752 -7.019 -371.552 2228.394 2025 河北 晒干 一等 074
4183906 4602 2025/9/4 20:00:08 P18 36.67 63.8 0 35.38 14.57 925.57 904.58 84.686 176.392 1464.539 -285.492 439.911 1859.894 -2735.901 -355.225 -1587.067 -710.907 -1730.499 -1024.323 -316.773 399.323 986.023 345.612 1141.51 197.449 86.823 663.757 -2411.652 75.684 -1912.842 -1222.534 -2074.127 -1377.716 -671.692 43.03 1517.334 784.912 -2592.468 222.778 815.125 -32.043 -2269.897 586.395 -5.035 -377.96 2228.088 2025 河北 晒干 一等 074
4183907 4602 2025/9/4 20:00:09 P18 36.65 63.78 0 35.32 14.53 925.58 904.6 83.618 178.223 1461.182 -293.427 429.993 1853.638 -2743.835 -363.922 -1591.797 -723.267 -1746.826 -1037.598 -326.843 388.184 962.83 346.832 1135.254 199.28 77.667 658.417 -2423.706 60.577 -1919.556 -1224.06 -2088.928 -1392.059 -682.221 30.365 1506.805 781.86 -2598.114 222.473 807.8 -33.112 -2276.306 585.632 -6.104 -370.941 2226.715 2025 河北 晒干 一等 074
4183908 4602 2025/9/4 20:00:10 P18 36.72 63.73 0 35.45 14.52 925.57 904.59 83.008 179.596 1453.094 -293.732 432.739 1852.264 -2766.418 -374.146 -1593.628 -734.863 -1769.409 -1055.298 -339.661 380.554 917.053 347.443 1123.199 196.533 78.125 645.752 -2445.984 60.272 -1923.676 -1224.976 -2111.664 -1414.185 -697.022 22.125 1484.375 775.604 -2600.708 215.912 794.983 -32.654 -2278.748 579.224 -8.545 -368.958 2225.952 2025 河北 晒干 一等 074
4183909 4602 2025/9/4 20:00:11 P18 36.7 63.77 0 35.32 14.7 925.59 904.62 83.16 183.411 1448.975 -276.337 444.489 1855.927 -2741.089 -374.298 -1590.271 -732.88 -1745.3 -1040.649 -333.862 380.554 897.217 347.748 1118.774 195.313 92.773 641.022 -2419.434 54.626 -1916.504 -1220.398 -2084.808 -1394.196 -690.155 25.33 1474.152 772.4 -2593.689 211.029 789.948 -33.264 -2272.949 574.951 -8.087 -373.23 2227.173 2025 河北 晒干 一等 074
4183910 4602 2025/9/4 20:00:12 P18 36.7 63.71 0 35.41 14.58 925.58 904.62 83.618 183.716 1445.313 -270.996 454.254 1859.741 -2752.686 -373.688 -1585.236 -728.302 -1747.894 -1039.734 -334.473 377.96 872.345 348.358 1112.518 192.871 100.555 632.629 -2430.267 54.169 -1913.147 -1221.008 -2092.285 -1395.111 -687.866 22.583 1463.776 768.738 -2590.942 212.402 783.386 -32.654 -2268.372 576.63 -8.392 -372.772 2221.375 2025 河北 晒干 一等 074
4183911 4602 2025/9/4 20:00:13 P18 36.7 63.64 0 35.41 14.57 925.56 904.63 83.16 182.343 1442.871 -272.98 451.66 1858.521 -2756.805 -372.62 -1592.712 -730.286 -1758.118 -1052.551 -340.729 374.146 855.713 348.663 1107.025 192.413 98.572 629.425 -2436.829 58.746 -1921.692 -1223.755 -2101.135 -1407.928 -696.869 18.463 1453.094 766.144 -2599.182 212.25 778.351 -33.264 -2276.611 575.409 -9.155 -372.162 2226.41 2025 河北 晒干 一等 074
4183912 4602 2025/9/4 20:00:14 P18 36.7 63.77 0 35.63 14.58 925.58 904.63 82.855 180.969 1437.378 -266.113 452.271 1853.943 -2744.598 -367.279 -1582.031 -721.741 -1743.164 -1039.124 -337.982 374.298 830.689 350.189 1101.379 191.956 102.692 622.864 -2423.401 57.831 -1909.485 -1220.093 -2086.945 -1392.822 -687.866 20.447 1443.634 763.397 -2587.433 210.724 772.705 -33.112 -2265.167 575.256 -8.24 -370.941 2222.595 2025 河北 晒干 一等 074
4183913 4602 2025/9/4 20:00:15 P18 36.67 63.84 0 35.53 14.68 925.59 904.61 82.55 178.833 1436.005 -276.642 451.965 1856.689 -2782.745 -379.028 -1595.459 -741.119 -1779.785 -1071.014 -354.614 364.838 816.193 350.342 1096.497 191.956 96.741 619.965 -2460.327 52.185 -1926.27 -1224.213 -2123.26 -1425.781 -714.417 6.866 1433.716 761.261 -2603.455 214.539 768.28 -32.501 -2281.494 578.003 -8.087 -372.772 2227.173 2025 河北 晒干 一等 074
4183914 4602 2025/9/4 20:00:16 P18 36.73 63.71 0 35.66 14.66 925.58 904.61 82.703 169.067 1430.969 -276.794 449.371 1855.774 -2783.661 -389.252 -1589.813 -751.038 -1783.6 -1074.524 -357.971 363.617 799.408 352.936 1091.919 190.735 94.91 616.913 -2462.463 48.981 -1921.997 -1222.382 -2126.77 -1430.206 -716.705 4.73 1425.476 758.514 -2599.792 207.977 762.329 -32.654 -2278.9 571.594 -8.087 -377.808 2227.173 2025 河北 晒干 一等 074
4183915 4602 2025/9/4 20:00:17 P18 36.67 63.71 0 35.47 14.48 925.58 904.64 82.55 167.542 1428.223 -253.143 470.734 1863.708 -2759.094 -375.519 -1597.443 -735.931 -1766.052 -1062.469 -354.462 359.955 788.574 353.699 1086.731 188.904 118.713 610.809 -2438.965 49.896 -1923.218 -1228.79 -2104.797 -1414.795 -708.16 4.272 1416.473 755.615 -2599.03 205.994 758.667 -32.043 -2278.442 569.305 -6.714 -374.298 2225.647 2025 河北 晒干 一等 074
4183916 4602 2025/9/4 20:00:18 P18 36.73 63.73 0 35.67 14.71 925.62 904.62 82.855 161.591 1426.392 -254.364 466.614 1860.657 -2757.721 -382.233 -1593.933 -741.73 -1761.932 -1060.333 -352.325 359.497 777.588 353.241 1081.696 186.462 114.746 608.673 -2437.439 48.523 -1922.76 -1226.501 -2102.203 -1412.964 -707.55 6.256 1405.945 753.479 -2598.419 206.604 753.632 -31.281 -2276.611 570.831 -3.967 -371.857 2225.037 2025 河北 晒干 一等 074
4183917 4602 2025/9/4 20:00:19 P18 36.69 63.7 0 35.7 14.69 925.6 904.64 82.855 153.503 1421.356 -256.653 468.14 1860.352 -2768.86 -380.402 -1595.612 -737 -1767.12 -1060.333 -353.851 357.971 764.16 355.072 1077.881 186.768 114.899 602.57 -2447.205 54.321 -1924.286 -1229.401 -2110.138 -1415.558 -708.008 5.188 1397.095 750.58 -2600.098 207.825 747.376 -31.128 -2278.137 570.221 -10.681 -372.009 2225.952 2025 河北 晒干 一等 074
4183918 4602 2025/9/4 20:00:20 P18 36.72 63.73 0 35.77 14.63 925.57 904.64 83.008 148.773 1417.694 -264.74 462.799 1854.706 -2783.966 -357.971 -1598.358 -720.062 -1782.074 -1074.524 -362.701 353.394 755.005 355.53 1072.083 187.378 107.727 597.839 -2463.379 67.444 -1925.354 -1228.79 -2127.38 -1430.054 -718.689 -2.594 1387.482 748.291 -2602.539 203.095 743.561 -29.907 -2280.884 567.017 -7.782 -372.772 2223.816 2025 河北 晒干 一等 074
4183919 4602 2025/9/4 20:00:21 P18 36.69 63.78 0 35.73 14.48 925.57 904.63 82.245 148.315 1417.542 -258.331 465.241 1856.384 -2756.042 -367.279 -1583.862 -722.961 -1759.644 -1058.044 -354.462 355.377 749.97 357.208 1070.404 185.852 112.763 594.94 -2434.54 60.73 -1910.706 -1222.992 -2099.609 -1407.623 -708.16 3.815 1381.226 746.765 -2588.196 199.738 740.356 -29.755 -2266.388 562.744 -7.629 -373.077 2222.748 2025 河北 晒干 一等 074
4183920 4602 2025/9/4 20:00:22 P18 36.63 63.67 0 35.76 14.61 925.59 904.61 81.787 141.144 1411.133 -260.162 467.377 1856.079 -2793.427 -356.598 -1591.339 -713.501 -1790.314 -1082.458 -373.23 346.375 741.882 357.056 1062.927 185.089 111.389 588.684 -2470.703 69.885 -1918.64 -1222.382 -2133.331 -1438.446 -728.912 -12.054 1369.934 742.95 -2597.809 205.994 732.88 -27.161 -2275.543 570.374 -7.019 -372.467 2222.9 2025 河北 晒干 一等 074
4183921 4602 2025/9/4 20:00:23 P18 36.67 63.65 0 35.87 14.68 925.6 904.61 81.635 140.076 1407.166 -256.958 467.529 1856.384 -2791.29 -354.309 -1596.375 -715.332 -1793.976 -1087.799 -378.418 340.729 736.389 358.429 1057.281 184.479 113.831 584.564 -2470.856 78.583 -1926.88 -1228.638 -2135.773 -1441.803 -734.406 -16.632 1360.016 740.204 -2603.149 199.585 727.387 -25.482 -2281.799 562.744 -8.698 -373.535 2225.342 2025 河北 晒干 一等 074
4183922 4602 2025/9/4 20:00:24 P18 36.74 63.78 0 35.83 14.71 925.6 904.64 82.092 139.16 1404.877 -254.211 470.276 1855.164 -2778.015 -361.939 -1590.424 -717.316 -1779.633 -1077.881 -373.383 340.271 733.032 360.565 1053.619 184.631 117.645 579.834 -2457.428 65.155 -1916.046 -1222.229 -2122.04 -1428.528 -724.335 -15.869 1352.386 737.457 -2600.555 196.228 723.419 -24.719 -2272.644 560.608 -9.003 -367.737 2220.001 2025 河北 晒干 一等 074
4183923 4602 2025/9/4 20:00:25 P18 36.7 63.8 0 35.81 14.61 925.59 904.6 81.635 139.618 1401.215 -256.653 471.497 1854.553 -2810.059 -364.685 -1594.696 -729.065 -1810.913 -1099.548 -384.064 335.083 730.286 361.023 1047.211 182.953 115.967 575.867 -2489.777 62.866 -1925.964 -1226.959 -2154.388 -1457.214 -740.509 -23.651 1342.773 734.863 -2602.386 192.261 718.536 -23.041 -2281.799 555.573 -9.155 -371.552 2223.206 2025 河北 晒干 一等 074
4183924 4602 2025/9/4 20:00:26 P18 36.66 63.65 0 35.81 14.71 925.59 904.64 81.177 140.228 1399.231 -242.462 479.431 1857.3 -2777.557 -365.753 -1593.018 -723.724 -1781.464 -1080.475 -377.35 337.524 730.286 362.091 1041.87 181.732 127.411 572.51 -2455.444 61.493 -1920.624 -1228.333 -2121.277 -1432.19 -730.438 -18.463 1335.602 733.032 -2596.436 186.615 714.264 -20.752 -2275.543 551.605 -7.172 -372.162 2223.358 2025 河北 晒干 一等 074
4183925 4602 2025/9/4 20:00:27 P18 36.66 63.8 0 35.89 14.75 925.61 904.64 81.482 141.754 1394.501 -245.972 478.21 1855.164 -2792.358 -367.127 -1597.29 -723.877 -1790.161 -1082.001 -377.502 333.862 729.37 363.007 1037.14 181.58 125.122 568.848 -2471.008 60.425 -1924.591 -1229.401 -2135.01 -1437.073 -728.912 -19.073 1325.531 729.675 -2599.945 189.514 709.686 -18.311 -2277.679 552.826 -8.392 -372.467 2222.137 2025 河北 晒干 一等 074
4183926 4602 2025/9/4 20:00:28 P18 36.66 63.74 0 35.89 14.58 925.62 904.63 81.635 144.348 1391.602 -249.329 476.227 1852.722 -2799.225 -368.195 -1594.849 -725.555 -1798.401 -1094.055 -386.505 330.658 729.675 363.77 1032.257 181.122 122.07 564.27 -2478.027 63.171 -1924.744 -1227.57 -2141.876 -1446.228 -739.746 -25.635 1317.749 727.539 -2601.013 185.7 705.566 -16.022 -2279.968 549.622 -7.477 -375.824 2221.222 2025 河北 晒干 一等 074
4183927 4602 2025/9/4 20:00:29 P18 36.73 63.73 0 35.88 14.73 925.62 904.65 81.024 146.484 1389.618 -233.612 491.18 1860.657 -2778.931 -364.685 -1594.391 -720.215 -1782.227 -1081.543 -378.113 333.405 730.743 365.295 1027.527 179.443 139.16 561.981 -2458.344 61.035 -1918.182 -1228.79 -2124.176 -1431.732 -728.912 -20.294 1309.052 726.624 -2596.893 184.479 702.21 -13.428 -2274.017 547.638 -9.155 -372.62 2224.426 2025 河北 晒干 一等 074
4183928 4602 2025/9/4 20:00:30 P18 36.67 63.65 0 35.91 14.84 925.62 904.63 81.024 148.773 1386.566 -251.16 473.328 1851.807 -2818.604 -382.233 -1600.647 -742.95 -1817.627 -1108.856 -392.456 324.097 729.523 365.295 1022.949 180.359 120.697 559.235 -2498.322 46.997 -1929.474 -1228.333 -2160.95 -1464.539 -750.275 -33.722 1301.422 723.877 -2606.812 187.073 698.09 -10.223 -2285.309 549.164 -8.698 -373.535 2224.274 2025 河北 晒干 一等 074
4183929 4602 2025/9/4 20:00:31 P18 36.76 63.75 0 36.16 14.91 925.58 904.65 81.329 150.452 1383.82 -235.138 489.044 1858.215 -2793.121 -383.759 -1598.206 -743.713 -1800.537 -1098.938 -391.083 323.029 733.337 366.974 1019.44 178.68 135.803 556.641 -2472.992 54.016 -1927.338 -1232.147 -2141.113 -1450.5 -745.544 -32.349 1294.098 721.893 -2602.997 187.836 693.817 -7.782 -2281.494 554.047 -7.019 -373.535 2221.375 2025 河北 晒干 一等 074
4183930 4602 2025/9/4 20:00:32 P18 36.63 63.73 0 36.03 14.55 925.6 904.65 80.719 153.961 1380.615 -233.612 487.061 1855.774 -2802.277 -378.418 -1589.05 -734.253 -1797.943 -1093.903 -390.32 322.266 733.643 366.974 1013.794 177.612 135.346 549.774 -2479.095 46.692 -1918.335 -1226.196 -2141.113 -1446.533 -742.645 -32.349 1284.79 718.689 -2596.13 181.274 688.629 -0.916 -2274.628 544.128 -9.613 -373.077 2219.543 2025 河北 晒干 一等 074
4183931 4602 2025/9/4 20:00:33 P18 36.67 63.71 0 36.01 14.58 925.63 904.67 81.482 154.877 1377.716 -235.901 489.502 1855.621 -2807.312 -378.113 -1589.05 -734.406 -1802.979 -1098.328 -393.677 321.96 735.321 368.195 1009.216 177.918 136.566 547.638 -2484.589 46.387 -1917.114 -1223.602 -2147.064 -1451.721 -745.392 -33.722 1278.381 717.163 -2596.283 183.106 686.493 -0.61 -2272.797 547.943 -11.902 -373.383 2217.56 2025 河北 晒干 一等 074
4183932 4602 2025/9/4 20:00:34 P18 36.66 63.68 0 35.98 14.68 925.63 904.65 81.177 157.166 1375.275 -236.969 489.96 1853.18 -2814.941 -373.993 -1589.813 -729.828 -1809.082 -1100.769 -395.355 317.993 735.779 368.347 1005.249 177.46 135.498 543.823 -2493.591 56.305 -1917.725 -1222.534 -2154.541 -1455.383 -748.444 -37.384 1270.905 715.637 -2595.673 181.427 683.289 3.662 -2273.254 544.434 -8.392 -374.756 2223.053 2025 河北 晒干 一等 074
4183933 4602 2025/9/4 20:00:35 P18 36.72 63.58 0 35.95 14.75 925.63 904.65 81.635 157.929 1372.07 -239.716 489.044 1852.875 -2822.113 -382.233 -1589.966 -741.425 -1822.052 -1109.619 -400.391 314.331 734.1 369.415 1000.519 178.68 132.904 540.314 -2501.068 52.49 -1918.182 -1221.771 -2165.222 -1466.522 -755.31 -41.504 1262.36 712.738 -2595.673 180.664 678.864 9.308 -2272.949 544.281 -8.545 -372.62 2219.543 2025 河北 晒干 一等 074
4183934 4602 2025/9/4 20:00:36 P18 36.66 63.65 0 36.08 14.61 925.63 904.64 81.024 161.591 1368.713 -242.157 485.687 1850.586 -2831.268 -367.127 -1588.593 -725.555 -1827.698 -1119.537 -407.105 310.516 735.169 368.347 996.094 176.849 130.005 536.957 -2508.698 67.444 -1916.656 -1220.398 -2170.41 -1474.304 -765.076 -46.539 1254.578 709.992 -2597.046 181.885 676.575 12.512 -2274.323 545.044 -9.308 -378.113 2221.375 2025 河北 晒干 一等 074
4183935 4602 2025/9/4 20:00:37 P18 36.66 63.68 0 35.97 14.78 925.61 904.65 80.872 162.659 1364.746 -238.342 491.791 1850.128 -2834.93 -368.958 -1585.999 -731.354 -1835.48 -1124.573 -409.241 307.465 734.406 370.331 990.295 176.239 135.956 531.921 -2513.885 56.915 -1916.656 -1215.668 -2177.734 -1480.103 -767.059 -49.591 1246.643 708.008 -2594.147 178.07 672.76 16.632 -2273.56 540.161 -9.155 -382.69 2216.339 2025 河北 晒干 一等 074
4183936 4602 2025/9/4 20:00:38 P18 36.67 63.71 0 36.04 14.67 925.62 904.67 80.109 163.574 1363.068 -231.323 494.995 1853.333 -2841.644 -366.364 -1590.118 -725.708 -1837.311 -1126.556 -413.208 302.429 735.626 371.246 987.091 176.086 142.212 529.938 -2519.226 64.24 -1920.166 -1217.957 -2182.922 -1480.408 -768.89 -54.474 1240.54 706.482 -2597.656 178.07 671.082 18.921 -2276.611 540.619 -8.85 -372.925 2223.816 2025 河北 晒干 一等 074
4183937 4602 2025/9/4 20:00:39 P18 36.65 63.58 0 36.15 14.51 925.6 904.66 81.024 166.016 1360.931 -220.337 507.965 1859.436 -2812.958 -358.887 -1598.816 -718.536 -1820.526 -1119.232 -409.851 304.871 736.847 371.399 982.056 173.187 152.283 529.175 -2493.896 73.242 -1925.201 -1228.79 -2161.255 -1471.558 -765.076 -50.354 1233.215 704.804 -2598.877 179.901 668.182 25.024 -2279.053 544.739 -7.935 -375.061 2221.375 2025 河北 晒干 一等 074
4183938 4602 2025/9/4 20:00:40 P18 36.67 63.64 0 36.04 14.64 925.62 904.67 80.872 168.152 1356.659 -210.419 509.949 1856.232 -2812.5 -362.854 -1599.121 -721.13 -1819.763 -1116.333 -411.224 301.056 736.389 373.23 973.511 171.661 157.929 522.614 -2494.049 65.002 -1928.101 -1230.164 -2160.339 -1468.201 -764.313 -51.575 1221.008 701.294 -2602.234 174.408 663.605 34.485 -2281.189 537.567 -9.46 -372.467 2216.949 2025 河北 晒干 一等 074
4183939 4602 2025/9/4 20:00:41 P18 36.7 63.78 0 36.1 14.71 925.62 904.66 81.329 169.525 1355.133 -215.607 509.796 1856.689 -2819.519 -364.685 -1595.459 -721.283 -1819.305 -1112.213 -408.478 301.971 736.237 375.519 969.849 172.272 156.555 521.698 -2498.474 55.389 -1922.302 -1227.875 -2162.323 -1466.37 -759.888 -51.117 1214.294 699.616 -2598.419 173.95 662.231 40.894 -2276.306 536.652 -9.918 -366.974 2217.865 2025 河北 晒干 一等 074
4183940 4602 2025/9/4 20:00:42 P18 36.7 63.71 0 36.1 14.71 925.6 904.66 81.024 170.746 1354.37 -219.727 506.744 1853.943 -2824.402 -357.056 -1595.917 -713.348 -1821.899 -1114.502 -410.919 301.056 736.542 375.977 969.696 172.73 151.52 519.867 -2502.441 73.7 -1921.692 -1228.485 -2165.833 -1468.201 -762.482 -53.558 1210.785 699.463 -2600.861 167.236 661.774 43.945 -2277.527 529.938 -9.46 -374.451 2224.121 2025 河北 晒干 一等 074
4183941 4602 2025/9/4 20:00:43 P18 36.69 63.68 0 36.22 14.68 925.62 904.7 80.566 172.272 1351.166 -222.626 503.082 1851.807 -2827.606 -357.819 -1590.118 -714.874 -1824.799 -1117.554 -413.971 298.309 734.711 375.977 965.118 173.492 149.231 516.815 -2505.646 71.869 -1917.877 -1223.755 -2168.579 -1473.083 -765.533 -55.389 1204.224 697.479 -2595.52 167.694 659.485 48.218 -2271.881 529.175 -7.629 -373.688 2218.628 2025 河北 晒干 一等 074
4183942 4602 2025/9/4 20:00:44 P18 36.72 63.68 0 36.29 14.66 925.64 904.69 80.566 173.34 1348.419 -224.304 502.93 1851.196 -2840.271 -372.009 -1593.933 -731.506 -1840.973 -1136.017 -426.025 293.884 733.032 375.519 962.219 172.882 147.553 514.221 -2519.226 61.34 -1922.455 -1230.927 -2183.228 -1489.41 -781.403 -65.002 1197.052 695.496 -2599.03 165.863 657.349 49.896 -2277.527 528.87 -10.223 -372.62 2219.849 2025 河北 晒干 一等 074
4183943 4602 2025/9/4 20:00:45 P18 36.73 63.73 0 36.17 14.53 925.63 904.68 80.566 173.95 1344.604 -215.454 508.423 1853.027 -2815.704 -376.282 -1595.917 -729.218 -1819.458 -1116.791 -414.276 297.699 730.743 375.519 957.947 171.356 156.25 511.475 -2494.659 56.763 -1919.556 -1233.063 -2158.203 -1468.811 -767.67 -55.695 1190.948 693.359 -2598.114 164.795 655.518 58.594 -2275.085 527.039 -10.376 -374.146 2220.001 2025 河北 晒干 一等 074
4183944 4602 2025/9/4 20:00:46 P18 36.74 63.65 0 36.17 14.64 925.66 904.68 81.024 175.629 1344.147 -226.746 503.693 1852.417 -2852.02 -387.421 -1600.189 -747.376 -1852.722 -1143.951 -431.213 290.07 729.218 376.74 954.895 171.967 146.79 509.949 -2530.365 47.302 -1929.169 -1229.858 -2195.129 -1498.718 -789.337 -69.122 1185.15 692.291 -2606.659 165.863 655.06 60.73 -2286.072 529.022 -10.223 -372.772 2221.68 2025 河北 晒干 一等 074
4183945 4602 2025/9/4 20:00:47 P18 36.69 63.68 0 36.2 14.64 925.65 904.67 81.482 176.239 1341.248 -199.28 521.851 1859.436 -2816.925 -379.334 -1600.494 -735.931 -1821.899 -1120.453 -420.38 289.154 728.149 379.486 951.233 169.983 171.356 507.202 -2498.322 51.575 -1928.253 -1230.621 -2164.612 -1472.626 -770.111 -63.782 1178.589 690.765 -2604.37 159.149 653.534 67.749 -2283.936 522.308 -8.24 -374.603 2225.952 2025 河北 晒干 一等 074
4183946 4602 2025/9/4 20:00:48 P18 36.7 63.64 0 36.17 14.94 925.65 904.72 81.787 178.375 1341.858 -209.045 519.714 1858.673 -2831.268 -383.301 -1594.238 -742.035 -1832.733 -1125.183 -416.87 293.427 728.455 377.655 948.029 169.678 164.337 507.05 -2511.749 44.25 -1919.25 -1225.128 -2174.683 -1479.492 -770.874 -58.136 1175.995 690.918 -2597.198 160.217 653.534 72.021 -2275.543 522.156 -10.376 -376.282 2223.511 2025 河北 晒干 一等 074
4183947 4602 2025/9/4 20:00:49 P18 36.6 63.6 0 36.29 14.7 925.65 904.72 81.94 178.986 1341.553 -209.656 512.848 1852.112 -2845.154 -386.963 -1592.865 -744.934 -1849.06 -1139.221 -428.314 287.628 727.234 381.47 944.977 170.593 160.37 505.676 -2525.177 46.844 -1920.776 -1222.839 -2191.467 -1495.514 -783.997 -68.97 1170.807 690.155 -2596.436 162.048 653.076 75.531 -2274.475 524.75 -9.308 -372.009 2225.8 2025 河北 晒干 一等 074
4183948 4602 2025/9/4 20:00:50 P18 36.76 63.67 0 36.27 14.85 925.64 904.68 81.177 179.901 1338.196 -194.855 531.464 1864.471 -2817.23 -372.772 -1582.794 -728.302 -1824.341 -1119.843 -414.734 289.154 726.013 381.317 941.925 167.999 177.612 505.676 -2498.016 49.133 -1908.875 -1219.482 -2165.527 -1471.71 -767.67 -60.883 1166.534 689.24 -2584.686 159.454 652.618 81.94 -2262.573 522.766 -11.597 -373.383 2226.868 2025 河北 晒干 一等 074
4183949 4602 2025/9/4 20:00:51 P18 36.7 63.74 0 36.35 14.63 925.61 904.67 83.008 180.817 1336.823 -212.555 515.595 1855.774 -2855.835 -390.32 -1589.813 -750.58 -1855.774 -1150.36 -435.028 286.408 725.861 381.47 938.568 169.83 159.76 503.082 -2536.011 43.03 -1920.013 -1214.294 -2200.012 -1504.974 -791.931 -72.327 1160.889 688.019 -2597.504 162.659 650.787 84.686 -2275.696 525.208 -8.698 -381.165 2226.715 2025 河北 晒干 一等 074
4183950 4602 2025/9/4 20:00:52 P18 36.66 63.7 0 36.29 14.63 925.64 904.69 82.703 182.648 1333.466 -195.313 527.496 1856.995 -2821.35 -374.908 -1584.32 -730.591 -1825.867 -1122.284 -420.532 286.56 722.961 382.233 935.669 168.304 174.408 499.878 -2501.831 56.458 -1911.926 -1218.262 -2165.527 -1474.457 -771.484 -66.071 1156.769 687.408 -2589.874 162.811 650.787 88.654 -2268.219 525.818 -6.561 -373.535 2228.088 2025 河北 晒干 一等 074
4183951 4602 2025/9/4 20:00:53 P18 36.62 63.62 0 36.32 14.84 925.64 904.69 82.855 184.021 1333.466 -198.364 527.344 1860.352 -2836.304 -373.535 -1590.729 -730.591 -1834.259 -1128.998 -424.194 289.917 722.504 381.928 932.465 167.694 173.34 499.115 -2513.885 52.795 -1915.436 -1223.145 -2176.514 -1483.154 -778.046 -64.392 1152.954 686.798 -2594.91 160.217 651.093 98.572 -2272.034 521.393 -9.918 -373.535 2229.004 2025 河北 晒干 一等 074
4183952 4602 2025/9/4 20:00:54 P18 36.66 63.65 0 36.26 14.61 925.65 904.7 82.855 184.784 1330.414 -194.55 533.905 1864.777 -2849.426 -373.23 -1591.949 -730.438 -1850.586 -1144.867 -435.028 283.814 719.605 382.385 928.955 166.779 178.68 496.826 -2528.534 58.899 -1920.319 -1230.011 -2193.146 -1498.413 -790.863 -75.073 1148.529 685.577 -2598.114 157.623 649.567 96.893 -2276.154 520.172 -13.123 -377.197 2229.767 2025 河北 晒干 一等 074
4183953 4602 2025/9/4 20:00:55 P18 36.74 63.58 0 36.38 14.71 925.62 904.7 83.008 185.242 1328.735 -191.803 530.396 1858.215 -2822.723 -371.857 -1586.761 -727.997 -1827.545 -1123.657 -421.448 285.492 717.926 382.996 926.056 166.321 178.986 494.69 -2502.289 54.169 -1913.3 -1221.161 -2166.901 -1473.541 -772.858 -67.139 1143.341 684.967 -2590.027 156.86 649.567 105.591 -2267.151 517.731 -9.155 -375.061 2224.121 2025 河北 晒干 一等 074
4183954 4602 2025/9/4 20:00:56 P18 36.74 63.65 0 36.38 14.71 925.62 904.68 83.771 185.852 1326.447 -197.144 530.396 1859.436 -2860.87 -380.707 -1591.492 -740.814 -1859.283 -1152.649 -441.132 281.067 717.163 384.216 923.309 167.236 174.408 492.554 -2539.52 50.659 -1921.234 -1224.213 -2202.606 -1507.111 -796.967 -77.82 1138.916 683.899 -2599.945 155.64 649.719 111.389 -2277.679 518.036 -10.223 -376.129 2223.358 2025 河北 晒干 一等 074
4183955 4602 2025/9/4 20:00:57 P18 36.79 63.78 0 36.58 14.8 925.62 904.71 83.771 186.768 1325.378 -182.8 540.924 1863.556 -2823.334 -385.132 -1591.492 -741.73 -1829.529 -1132.05 -428.619 285.645 715.332 383.759 919.495 164.795 188.294 492.401 -2504.73 50.049 -1918.335 -1225.128 -2169.647 -1483.612 -779.877 -68.054 1134.033 682.526 -2593.689 147.247 648.193 116.577 -2273.102 512.085 -10.071 -367.432 2232.361 2025 河北 晒干 一等 074
4183956 4602 2025/9/4 20:00:58 P18 36.62 63.62 0 36.5 14.84 925.63 904.71 83.313 188.141 1325.226 -194.397 530.853 1858.826 -2839.813 -381.622 -1588.287 -737.457 -1838.379 -1133.881 -429.077 285.187 713.654 384.827 919.342 166.168 176.544 490.723 -2517.09 50.354 -1914.215 -1220.703 -2180.481 -1486.664 -782.929 -70.038 1131.439 682.678 -2594.91 151.215 649.414 120.544 -2271.118 509.033 -10.834 -373.383 2227.478 2025 河北 晒干 一等 074
4183957 4602 2025/9/4 20:00:59 P18 36.69 63.68 0 36.3 14.71 925.65 904.72 82.855 189.056 1320.648 -191.803 536.499 1858.978 -2846.985 -378.265 -1584.167 -734.253 -1844.025 -1136.627 -431.671 279.999 710.144 384.827 913.239 166.016 181.274 485.382 -2525.787 49.438 -1912.994 -1219.788 -2187.347 -1490.479 -785.523 -74.158 1125.183 680.389 -2591.553 148.163 646.82 124.664 -2268.829 510.407 -10.071 -375.366 2227.478 2025 河北 晒干 一等 074
4183958 4602 2025/9/4 20:01:00 P18 36.69 63.6 0 36.47 14.76 925.64 904.7 82.855 190.735 1319.275 -194.702 532.684 1855.316 -2852.936 -383.301 -1587.677 -740.967 -1847.839 -1142.883 -437.012 277.863 708.16 384.827 910.034 166.473 176.392 485.23 -2530.06 40.894 -1916.046 -1222.534 -2191.315 -1496.429 -790.71 -76.752 1120.758 679.016 -2595.825 146.027 646.973 132.599 -2271.881 508.575 -11.597 -373.535 2229.004 2025 河北 晒干 一等 074
4183959 4602 2025/9/4 20:01:01 P18 36.77 63.57 0 36.48 14.68 925.65 904.72 82.397 191.803 1316.223 -191.345 537.262 1858.978 -2857.361 -386.505 -1582.489 -744.171 -1853.027 -1145.325 -438.69 275.269 704.956 385.132 907.593 164.337 181.885 482.788 -2535.248 41.809 -1911.621 -1217.804 -2197.571 -1498.413 -791.931 -80.109 1116.486 678.406 -2590.942 146.179 646.973 137.787 -2268.066 509.644 -10.986 -371.094 2230.835 2025 河北 晒干 一等 074
4183960 4602 2025/9/4 20:01:02 P18 36.69 63.68 0 36.44 14.81 925.63 904.68 83.16 191.345 1315.002 -180.054 549.011 1867.065 -2860.107 -375.061 -1583.405 -736.694 -1861.115 -1153.107 -440.064 274.506 703.583 385.59 903.626 164.337 194.244 480.042 -2537.842 45.929 -1912.842 -1214.6 -2203.674 -1507.416 -794.83 -82.55 1111.145 675.964 -2590.027 150.452 645.752 146.179 -2267.914 512.848 -7.782 -375.061 2228.851 2025 河北 晒干 一等 074
4183961 4602 2025/9/4 20:01:03 P18 36.72 63.62 0 36.37 14.74 925.63 904.68 83.771 192.108 1313.477 -187.225 542.297 1860.352 -2864.838 -380.096 -1589.813 -739.288 -1865.692 -1152.496 -442.505 272.827 703.125 386.047 900.726 164.49 187.073 479.279 -2545.624 42.114 -1916.199 -1217.957 -2209.32 -1510.62 -797.882 -83.008 1107.635 676.27 -2594.147 148.01 644.531 148.01 -2271.729 509.644 -10.529 -375.519 2230.225 2025 河北 晒干 一等 074
4183962 4602 2025/9/4 20:01:04 P18 36.7 63.65 0 36.32 14.77 925.67 904.73 82.703 193.024 1310.425 -191.193 532.684 1855.164 -2866.516 -391.541 -1589.508 -749.512 -1866.913 -1161.041 -447.083 272.522 700.684 385.895 897.369 165.253 179.901 477.905 -2547.913 40.131 -1918.793 -1218.109 -2212.83 -1514.282 -803.68 -84.686 1102.6 674.744 -2597.504 145.111 643.768 158.234 -2275.085 508.27 -12.36 -375.366 2230.072 2025 河北 晒干 一等 074
4183963 4602 2025/9/4 20:01:05 P18 36.67 63.57 0 36.56 14.84 925.66 904.7 83.313 195.923 1309.357 -187.073 542.45 1858.826 -2867.432 -394.898 -1591.644 -755.31 -1869.812 -1160.431 -446.625 271.759 699.005 386.047 893.707 163.574 185.7 476.532 -2547.455 35.553 -1920.929 -1221.924 -2211.609 -1516.724 -804.291 -84.534 1099.091 673.523 -2597.656 141.602 643.005 160.675 -2276.306 503.54 -11.444 -377.197 2229.309 2025 河北 晒干 一等 074
4183964 4602 2025/9/4 20:01:06 P18 36.7 63.65 0 36.42 14.77 925.66 904.7 83.16 195.007 1307.831 -186.615 541.077 1859.589 -2869.873 -397.186 -1591.949 -757.904 -1871.643 -1164.551 -450.745 269.928 696.716 386.963 891.266 164.642 185.852 475.464 -2548.37 36.011 -1921.082 -1221.466 -2213.44 -1519.012 -808.106 -89.111 1095.276 672.455 -2599.182 143.127 641.785 167.542 -2277.374 504.761 -5.646 -375.977 2232.056 2025 河北 晒干 一等 074
4183965 4602 2025/9/4 20:01:07 P18 36.67 63.68 0 36.6 14.84 925.64 904.7 83.466 196.533 1306.152 -194.397 535.736 1855.927 -2872.925 -394.592 -1585.541 -756.378 -1876.373 -1163.94 -451.508 266.266 694.58 387.268 887.299 165.405 179.596 472.107 -2553.711 36.163 -1916.199 -1214.752 -2219.849 -1521.149 -806.427 -90.942 1090.24 671.845 -2592.163 135.346 640.564 171.661 -2271.576 500.031 -13.275 -374.908 2226.563 2025 河北 晒干 一等 074
4183966 4602 2025/9/4 20:01:08 P18 36.63 63.62 0 36.5 14.71 925.65 904.7 83.008 198.975 1302.185 -173.34 554.199 1860.962 -2831.726 -384.979 -1576.233 -743.866 -1841.431 -1143.341 -440.521 269.013 689.24 386.353 881.043 160.37 198.822 468.14 -2512.512 43.793 -1902.008 -1209.412 -2179.871 -1493.378 -793.457 -82.855 1080.627 668.793 -2577.82 144.043 638.123 182.037 -2255.859 503.54 -12.36 -375.366 2226.105 2025 河北 晒干 一等 074
4183967 4602 2025/9/4 20:01:09 P18 36.76 63.65 0 36.54 14.74 925.65 904.7 83.313 198.975 1300.659 -171.204 553.284 1861.572 -2832.184 -388.031 -1577.911 -744.629 -1841.431 -1140.442 -438.843 268.097 687.561 388.031 878.143 161.896 200.958 465.698 -2513.123 43.182 -1903.992 -1211.548 -2180.481 -1491.852 -789.337 -83.771 1075.897 667.419 -2580.414 135.04 635.834 190.735 -2259.216 497.589 -11.292 -369.873 2226.868 2025 河北 晒干 一等 074
4183968 4602 2025/9/4 20:01:10 P18 36.76 63.57 0 36.54 14.72 925.67 904.71 83.008 198.059 1297.607 -172.577 553.436 1860.809 -2835.388 -382.538 -1580.353 -738.525 -1843.109 -1145.477 -440.674 267.029 685.73 386.963 875.092 160.675 200.195 464.478 -2516.479 46.692 -1906.281 -1219.94 -2182.312 -1495.514 -794.983 -84.534 1070.557 665.588 -2584.229 131.836 633.392 199.585 -2262.115 493.774 -13.275 -373.535 2233.582 2025 河北 晒干 一等 074
4183969 4602 2025/9/4 20:01:11 P18 36.69 63.65 0 36.55 14.82 925.67 904.7 83.313 198.212 1295.471 -168.152 559.082 1863.861 -2835.083 -384.216 -1579.285 -739.136 -1839.752 -1138.763 -439.301 265.503 683.746 388.794 871.735 160.828 205.231 459.9 -2515.411 42.877 -1904.449 -1215.363 -2181.549 -1488.953 -789.948 -84.839 1066.437 664.368 -2581.635 135.04 632.629 198.975 -2259.979 497.131 -10.529 -370.026 2229.004 2025 河北 晒干 一等 074
4183970 4602 2025/9/4 20:01:12 P18 36.74 63.6 0 36.52 14.63 925.67 904.73 83.16 200.195 1293.64 -174.561 552.673 1858.521 -2870.483 -383.301 -1578.064 -741.577 -1867.065 -1160.736 -455.78 260.62 682.373 388.031 870.667 161.438 196.838 459.29 -2548.065 45.166 -1907.196 -1210.48 -2211.304 -1514.587 -809.937 -95.673 1062.469 663.147 -2585.907 135.498 630.341 208.435 -2263.336 497.589 -11.292 -376.282 2225.8 2025 河北 晒干 一等 074
4183971 4602 2025/9/4 20:01:13 P18 36.8 63.55 0 36.59 14.59 925.66 904.72 83.008 200.043 1293.945 -182.19 545.502 1855.469 -2877.045 -385.742 -1583.862 -744.934 -1874.237 -1166.382 -457.459 259.399 679.779 390.32 867.462 162.506 191.498 457.611 -2556.152 45.776 -1913.605 -1214.294 -2218.781 -1520.538 -810.852 -98.419 1059.57 662.537 -2594.91 131.989 628.815 212.708 -2271.118 494.232 -10.071 -375.366 2228.088 2025 河北 晒干 一等 074
4183972 4602 2025/9/4 20:01:14 P18 36.72 63.58 0 36.59 14.67 925.67 904.72 83.466 200.653 1292.877 -182.343 545.96 1856.842 -2875.977 -385.284 -1584.167 -745.392 -1878.662 -1170.959 -457.306 259.705 679.474 389.71 865.936 161.285 189.667 458.832 -2556.152 42.572 -1914.825 -1219.482 -2220.917 -1525.574 -815.43 -97.351 1054.382 661.621 -2591.858 127.564 627.441 213.776 -2268.677 489.655 -7.782 -374.298 2234.039 2025 河北 晒干 一等 074
4183973 4602 2025/9/4 20:01:15 P18 36.72 63.67 0 36.56 14.66 925.7 904.7 83.008 201.111 1289.215 -174.255 551.605 1859.283 -2861.633 -387.726 -1584.778 -748.444 -1871.49 -1169.891 -459.137 256.958 676.727 389.252 861.511 159.76 196.991 455.933 -2542.114 44.708 -1914.825 -1216.583 -2210.388 -1521.759 -815.43 -99.64 1049.652 659.638 -2589.569 132.294 625.153 218.964 -2269.44 495.606 -11.139 -375.214 2230.53 2025 河北 晒干 一等 074
4183974 4602 2025/9/4 20:01:16 P18 36.72 63.57 0 36.66 14.64 925.67 904.71 83.313 201.874 1288.605 -173.798 551.3 1858.978 -2859.65 -381.317 -1585.999 -740.662 -1865.845 -1164.093 -459.442 256.195 675.354 390.015 859.222 159.76 196.991 453.186 -2538.605 50.812 -1914.52 -1216.125 -2205.048 -1515.35 -812.988 -99.182 1045.532 658.569 -2590.027 130.615 622.559 224.304 -2267.914 493.927 -7.324 -376.282 2229.462 2025 河北 晒干 一等 074
4183975 4602 2025/9/4 20:01:17 P18 36.62 63.62 0 36.69 14.68 925.67 904.71 83.618 202.026 1286.316 -166.321 561.523 1865.692 -2856.14 -390.93 -1581.116 -751.495 -1867.676 -1165.161 -456.238 255.737 672.913 390.778 856.934 158.844 207.52 452.118 -2537.231 39.978 -1908.569 -1217.957 -2206.268 -1518.25 -811.157 -99.03 1040.802 658.112 -2583.771 129.395 621.796 224.152 -2262.878 493.012 -9.918 -375.366 2226.715 2025 河北 晒干 一等 074
4183976 4602 2025/9/4 20:01:18 P18 36.7 63.55 0 36.61 14.79 925.64 904.7 83.466 202.484 1284.485 -178.68 550.995 1861.267 -2885.742 -390.625 -1583.862 -753.174 -1890.106 -1180.573 -466.766 249.939 671.082 392.151 854.645 160.828 194.855 451.05 -2565.918 38.3 -1912.994 -1210.327 -2232.208 -1537.323 -823.212 -105.743 1036.835 655.975 -2585.907 126.648 618.591 231.018 -2267.609 490.57 -10.529 -377.655 2228.394 2025 河北 晒干 一等 074
4183977 4602 2025/9/4 20:01:19 P18 36.72 63.7 0 36.62 14.76 925.65 904.73 83.008 202.179 1283.417 -165.558 565.033 1872.864 -2860.413 -390.167 -1577.454 -749.054 -1865.082 -1165.924 -458.374 254.364 670.776 391.846 850.83 158.386 208.283 450.134 -2539.978 39.825 -1903.839 -1208.496 -2206.879 -1517.334 -812.988 -99.792 1032.715 655.67 -2577.972 126.038 616.76 236.664 -2256.622 488.281 -12.665 -375.519 2229.309 2025 河北 晒干 一等 074
4183978 4602 2025/9/4 20:01:20 P18 36.65 63.55 0 36.61 14.64 925.68 904.7 83.466 203.247 1281.586 -166.321 561.829 1864.319 -2864.38 -383.148 -1575.775 -743.866 -1868.896 -1165.924 -458.527 254.211 669.403 392.761 848.694 158.691 207.062 448.303 -2543.182 40.894 -1904.144 -1210.785 -2209.473 -1517.944 -812.378 -101.013 1029.51 654.755 -2580.109 122.681 615.234 243.378 -2257.69 485.84 -9.003 -377.35 2229.462 2025 河北 晒干 一等 074
4183979 4602 2025/9/4 20:01:21 P18 36.66 63.61 0 36.62 14.71 925.66 904.71 83.008 204.163 1282.043 -170.288 556.641 1864.319 -2860.26 -385.132 -1584.93 -746.918 -1869.659 -1169.281 -461.121 252.533 668.488 393.219 846.252 158.691 201.721 447.54 -2541.351 44.098 -1913.147 -1215.668 -2208.71 -1519.623 -816.65 -101.929 1026.001 654.602 -2587.891 124.512 614.471 242.615 -2267.303 487.213 -10.529 -378.418 2229.767 2025 河北 晒干 一等 074
4183980 4602 2025/9/4 20:01:22 P18 36.7 63.62 0 36.62 14.77 925.63 904.74 83.618 204.163 1279.144 -167.236 559.54 1863.861 -2858.276 -378.265 -1580.811 -739.441 -1869.965 -1166.84 -460.815 251.007 666.504 393.829 843.811 160.37 205.078 444.946 -2539.673 46.539 -1909.332 -1217.804 -2208.71 -1519.47 -813.141 -104.065 1022.644 652.771 -2584.076 123.901 612.488 245.972 -2263.031 487.213 -10.834 -377.502 2233.429 2025 河北 晒干 一等 074
4183981 4602 2025/9/4 20:01:23 P18 36.74 63.6 0 36.69 14.87 925.67 904.72 83.771 203.4 1277.618 -167.999 555.573 1859.894 -2851.563 -391.693 -1584.015 -748.749 -1862.183 -1157.837 -456.238 252.228 664.673 394.287 840.912 158.691 203.705 444.336 -2534.332 34.027 -1912.231 -1214.905 -2202.301 -1513.824 -807.19 -100.098 1018.677 652.466 -2585.297 115.051 610.352 250.549 -2265.167 476.99 -12.207 -375.061 2226.868 2025 河北 晒干 一等 074
4183982 4602 2025/9/4 20:01:24 P18 36.74 63.55 0 36.69 14.75 925.68 904.73 83.771 204.163 1275.482 -165.863 558.777 1864.929 -2848.663 -389.404 -1585.999 -745.239 -1855.621 -1160.736 -459.137 252.686 662.689 393.372 839.844 158.234 204.773 442.658 -2527.924 38.3 -1911.011 -1219.788 -2195.282 -1508.026 -809.937 -102.081 1015.015 650.787 -2588.348 115.204 607.605 254.517 -2267.303 477.753 -12.97 -376.587 2222.9 2025 河北 晒干 一等 074
4183983 4602 2025/9/4 20:01:25 P18 36.65 63.6 0 36.65 14.72 925.67 904.73 83.008 204.926 1273.804 -168.61 554.962 1859.131 -2849.884 -387.573 -1578.979 -743.561 -1859.436 -1163.94 -461.273 250.244 661.621 392.914 835.877 157.318 201.721 441.895 -2531.128 43.335 -1903.839 -1218.109 -2198.029 -1512.756 -814.056 -101.929 1011.353 649.719 -2579.041 117.798 606.537 253.601 -2257.69 479.736 -8.85 -374.908 2231.14 2025 河北 晒干 一等 074
4183984 4602 2025/9/4 20:01:26 P18 36.63 63.61 0 36.69 14.63 925.66 904.72 83.618 204.926 1273.041 -167.389 560.455 1867.981 -2879.333 -380.707 -1577.454 -739.899 -1879.12 -1174.774 -466.156 249.176 660.248 394.135 834.198 157.471 205.689 439.301 -2558.289 49.133 -1909.637 -1210.175 -2221.985 -1526.642 -820.618 -107.575 1007.385 649.109 -2587.738 118.408 605.469 256.195 -2264.862 481.72 -11.597 -375.671 2230.072 2025 河北 晒干 一等 074
4183985 4602 2025/9/4 20:01:27 P18 36.74 63.62 0 36.64 14.6 925.69 904.74 83.008 204.773 1271.973 -177.612 550.232 1855.164 -2873.84 -386.2 -1578.369 -744.171 -1880.951 -1174.927 -466.309 247.345 659.027 394.898 832.214 159.607 195.007 437.927 -2555.542 37.231 -1903.687 -1208.496 -2222.443 -1529.846 -820.313 -107.422 1003.876 647.278 -2579.803 115.509 603.027 257.263 -2257.996 477.6 -12.207 -377.808 2235.26 2025 河北 晒干 一等 074
4183986 4602 2025/9/4 20:01:28 P18 36.74 63.65 0 36.7 14.76 925.7 904.74 84.076 205.536 1271.057 -166.321 558.624 1863.861 -2854.919 -385.284 -1568.146 -741.272 -1860.809 -1156.158 -454.712 250.397 659.332 395.355 829.468 157.471 205.536 436.707 -2535.4 38.3 -1896.21 -1203.766 -2202.301 -1508.179 -805.664 -99.64 1000.214 646.973 -2573.853 114.136 602.112 258.484 -2251.434 476.379 -10.681 -371.552 2230.377 2025 河北 晒干 一等 074
4183987 4602 2025/9/4 20:01:29 P18 36.67 63.55 0 36.7 14.84 925.67 904.74 83.771 205.383 1268.616 -171.661 555.267 1872.559 -2857.208 -391.235 -1567.841 -747.833 -1867.218 -1169.586 -464.478 245.514 656.128 394.287 825.806 157.013 200.043 436.554 -2538.605 39.825 -1893.463 -1202.087 -2205.505 -1518.25 -818.939 -106.964 995.941 645.447 -2572.632 115.967 599.365 258.942 -2248.23 475.922 -12.97 -370.941 2233.734 2025 河北 晒干 一等 074
4183988 4602 2025/9/4 20:01:30 P18 36.63 63.64 0 36.77 14.78 925.69 904.72 83.008 206.299 1266.937 -182.037 548.401 1854.858 -2899.17 -383.148 -1574.097 -747.986 -1904.907 -1194.763 -478.821 238.495 655.212 394.135 823.975 159.912 192.871 433.502 -2578.125 44.861 -1907.196 -1203.613 -2245.331 -1549.835 -837.86 -119.019 991.516 645.142 -2583.313 112.152 598.145 259.094 -2262.878 473.633 -11.597 -376.587 2227.783 2025 河北 晒干 一等 074
4183989 4602 2025/9/4 20:01:31 P18 36.67 63.54 0 36.79 14.67 925.69 904.72 82.855 205.231 1264.191 -181.885 546.875 1858.521 -2894.287 -384.064 -1575.012 -747.223 -1895.447 -1190.033 -478.516 239.868 653.229 395.66 822.601 158.691 190.277 433.502 -2572.632 50.201 -1905.518 -1201.172 -2238.159 -1543.732 -834.045 -117.95 988.312 642.548 -2582.397 110.169 595.703 258.789 -2260.437 472.717 -12.36 -378.418 2221.68 2025 河北 晒干 一等 074
4183990 4602 2025/9/4 20:01:32 P18 36.65 63.58 0 36.69 14.8 925.66 904.74 84.076 207.367 1263.885 -177.155 550.995 1864.929 -2890.778 -391.388 -1575.623 -753.479 -1890.717 -1183.319 -473.023 242.31 651.856 397.949 816.956 158.234 196.381 431.061 -2567.444 45.013 -1904.297 -1209.412 -2232.208 -1537.933 -826.721 -114.746 982.056 642.242 -2581.94 110.321 593.567 256.043 -2260.132 472.87 -10.376 -376.434 2232.361 2025 河北 晒干 一等 074
4183991 4602 2025/9/4 20:01:33 P18 36.73 63.5 0 36.75 14.77 925.67 904.73 84.229 207.214 1260.986 -173.645 552.826 1863.098 -2882.538 -376.129 -1572.723 -734.406 -1883.545 -1177.216 -472.87 241.547 651.856 397.492 814.056 158.386 198.669 429.688 -2561.951 48.218 -1908.264 -1207.581 -2226.105 -1532.288 -825.653 -114.136 978.546 641.327 -2583.771 110.321 592.957 254.669 -2262.726 472.412 -11.749 -375.519 2231.293 2025 河北 晒干 一等 074
4183992 4602 2025/9/4 20:01:34 P18 36.7 63.54 0 36.78 14.75 925.69 904.76 83.923 208.435 1261.597 -174.713 549.927 1863.251 -2858.429 -373.535 -1574.86 -728.76 -1864.471 -1167.145 -466.156 244.598 650.94 398.407 811.768 157.929 196.228 429.23 -2537.231 52.948 -1900.94 -1214.905 -2203.979 -1514.435 -818.329 -108.948 975.8 641.48 -2580.719 109.253 590.668 252.991 -2257.69 471.649 -10.223 -376.434 2231.75 2025 河北 晒干 一等 074
4183993 4602 2025/9/4 20:01:35 P18 36.62 63.54 0 36.65 14.83 925.68 904.72 83.618 207.672 1260.834 -182.648 546.265 1862.793 -2900.848 -374.756 -1577.911 -734.863 -1896.82 -1188.66 -478.821 239.258 651.245 397.339 809.937 159.454 191.956 428.619 -2580.261 51.727 -1909.485 -1207.886 -2243.042 -1543.274 -832.52 -119.476 973.969 641.785 -2586.823 105.896 590.82 249.176 -2265.472 467.529 -11.902 -373.077 2231.293 2025 河北 晒干 一等 074
4183994 4602 2025/9/4 20:01:36 P18 36.66 63.64 0 36.59 14.82 925.69 904.73 84.686 207.52 1259.766 -178.986 547.791 1857.91 -2871.399 -391.235 -1573.334 -752.106 -1880.646 -1182.251 -476.227 239.105 650.177 399.017 808.258 157.929 192.566 428.619 -2552.032 38.91 -1899.872 -1206.207 -2219.696 -1531.83 -829.773 -117.035 970.001 640.411 -2575.989 99.335 588.989 243.835 -2254.639 462.647 -7.019 -376.892 2240.448 2025 河北 晒干 一等 074
4183995 4602 2025/9/4 20:01:37 P18 36.72 63.58 0 36.77 14.74 925.69 904.74 83.771 207.672 1256.409 -180.969 544.281 1865.845 -2875.519 -383.606 -1570.74 -740.356 -1875.61 -1174.622 -471.954 240.784 647.736 398.407 804.138 158.386 190.735 426.178 -2553.558 37.994 -1897.736 -1206.36 -2218.17 -1525.116 -823.822 -113.22 966.492 638.428 -2574.463 97.504 586.853 238.953 -2252.502 461.884 -12.054 -375.519 2231.598 2025 河北 晒干 一等 074
4183996 4602 2025/9/4 20:01:38 P18 36.72 63.5 0 36.77 14.77 925.7 904.74 84.229 207.825 1254.73 -184.174 541.534 1870.422 -2878.723 -387.268 -1569.672 -744.019 -1880.798 -1173.706 -470.276 238.8 647.125 399.17 802.002 159.607 188.599 424.347 -2558.899 39.825 -1896.973 -1208.649 -2223.206 -1528.625 -821.381 -112.61 962.677 638.123 -2574.005 101.166 585.785 238.495 -2251.587 464.325 -13.275 -376.892 2230.988 2025 河北 晒干 一等 074
4183997 4602 2025/9/4 20:01:39 P18 36.67 63.61 0 36.87 15.02 925.69 904.75 84.076 207.672 1253.662 -184.784 543.366 1863.556 -2884.369 -397.186 -1570.74 -754.852 -1888.885 -1180.725 -474.701 236.816 646.515 399.628 800.629 159.454 189.209 423.737 -2564.24 30.212 -1899.414 -1204.987 -2229.462 -1535.492 -826.569 -116.119 959.625 637.36 -2575.531 100.403 585.022 235.443 -2253.418 462.647 -11.749 -375.671 2230.682 2025 河北 晒干 一等 074
4183998 4602 2025/9/4 20:01:40 P18 36.72 63.6 0 36.75 14.6 925.69 904.74 83.771 207.977 1251.526 -186.615 538.33 1863.861 -2892.609 -388.794 -1567.535 -744.324 -1888.885 -1183.929 -477.905 235.901 644.989 398.865 797.73 157.776 184.631 421.906 -2570.343 41.504 -1897.125 -1204.224 -2233.429 -1536.56 -830.994 -119.629 956.116 636.292 -2578.278 100.098 583.496 231.323 -2255.249 462.189 -12.97 -371.552 2234.497 2025 河北 晒干 一等 074
4183999 4602 2025/9/4 20:01:41 P18 36.8 63.48 0 36.75 14.7 925.69 904.75 84.839 207.52 1250.916 -190.277 535.278 1868.591 -2889.862 -394.745 -1571.045 -755.463 -1895.447 -1192.322 -483.093 233.307 643.768 398.712 796.204 159.454 180.817 421.143 -2569.427 37.384 -1899.719 -1200.409 -2236.481 -1543.121 -838.776 -123.444 953.674 635.223 -2578.43 97.046 581.97 223.541 -2255.554 458.221 -10.223 -377.197 2232.361 2025 河北 晒干 一等 074
4184000 4602 2025/9/4 20:01:42 P18 36.73 63.48 0 36.98 14.74 925.68 904.74 84.229 207.672 1250.305 -192.566 536.194 1860.809 -2887.115 -393.829 -1574.402 -755.158 -1894.836 -1191.406 -481.873 231.018 643.311 400.085 793.762 160.065 180.359 419.769 -2569.122 34.79 -1904.907 -1202.698 -2236.176 -1545.258 -835.877 -123.138 949.86 634.918 -2579.651 97.046 581.207 226.288 -2258.148 459.9 -12.97 -376.587 2232.361 2025 河北 晒干 一等 074
4184001 4602 2025/9/4 20:01:43 P18 36.65 63.64 0 36.83 14.75 925.67 904.74 84.076 207.825 1248.474 -190.888 535.278 1857.147 -2886.81 -393.982 -1569.672 -753.632 -1896.515 -1192.169 -484.314 228.882 642.395 399.933 791.473 159.912 180.206 417.633 -2568.054 39.673 -1900.177 -1199.341 -2235.413 -1545.258 -838.776 -125.58 946.808 633.24 -2574.768 96.13 579.987 216.065 -2254.028 458.374 -12.97 -377.045 2235.718 2025 河北 晒干 一等 074
4184002 4602 2025/9/4 20:01:44 P18 36.7 63.61 0 36.82 14.77 925.71 904.75 83.923 207.672 1247.864 -194.092 534.363 1858.215 -2879.333 -384.827 -1567.688 -745.239 -1891.632 -1191.101 -481.262 230.866 641.022 399.78 790.405 158.997 178.68 418.549 -2561.951 42.725 -1895.599 -1198.12 -2229.767 -1541.748 -837.25 -123.596 944.061 632.019 -2572.784 94.147 579.529 215.759 -2250.366 456.085 -10.376 -377.045 2231.75 2025 河北 晒干 一等 074
4184003 4602 2025/9/4 20:01:45 P18 36.66 63.52 0 36.73 14.71 925.71 904.75 83.923 208.283 1248.169 -193.329 531.921 1863.556 -2877.35 -385.742 -1571.198 -746.155 -1888.123 -1186.218 -480.347 230.713 640.259 400.085 788.727 159.912 178.986 416.565 -2558.136 38.452 -1898.651 -1200.256 -2226.715 -1538.544 -833.588 -123.444 940.857 632.019 -2574.615 97.351 578.766 214.233 -2252.96 460.51 -13.123 -377.197 2222.443 2025 河北 晒干 一等 074
4184004 4602 2025/9/4 20:01:46 P18 36.67 63.54 0 36.87 14.77 925.68 904.75 84.229 207.825 1244.659 -197.144 527.191 1868.591 -2883.911 -379.028 -1563.11 -734.863 -1886.444 -1180.115 -477.448 231.934 637.512 400.238 785.523 159.149 174.408 412.903 -2562.408 49.133 -1891.632 -1199.493 -2226.257 -1533.813 -829.315 -121.002 935.669 629.883 -2568.512 93.994 576.172 206.451 -2245.789 456.238 -12.512 -378.113 2229.156 2025 河北 晒干 一等 074
4184005 4602 2025/9/4 20:01:47 P18 36.77 63.54 0 36.81 14.76 925.68 904.74 84.076 208.74 1244.354 -197.907 527.344 1860.504 -2887.573 -380.249 -1565.704 -737.152 -1888.123 -1181.641 -477.142 232.544 638.58 401.306 784.454 160.065 174.713 413.513 -2566.681 45.471 -1893.768 -1195.526 -2230.988 -1535.034 -828.857 -119.019 933.991 629.73 -2572.632 93.384 575.409 199.738 -2249.908 456.085 -11.139 -375.977 2231.293 2025 河北 晒干 一等 074
4184006 4602 2025/9/4 20:01:48 P18 36.73 63.57 0 36.91 14.75 925.72 904.74 84.534 208.435 1241.76 -201.111 526.428 1862.183 -2893.982 -389.557 -1569.366 -745.544 -1891.022 -1187.897 -484.009 231.018 637.207 401.306 782.623 159.607 171.204 412.598 -2571.869 44.098 -1896.057 -1203.613 -2234.344 -1540.527 -836.792 -124.664 930.634 628.967 -2577.057 93.079 574.951 194.092 -2253.723 455.78 -9.918 -376.74 2231.293 2025 河北 晒干 一等 074
4184007 4602 2025/9/4 20:01:49 P18 36.77 63.68 0 36.8 14.77 925.7 904.73 84.076 208.283 1240.997 -206.604 518.494 1863.708 -2899.323 -385.895 -1575.317 -742.95 -1897.888 -1188.965 -483.551 227.356 636.292 402.069 781.25 161.591 164.795 410.156 -2579.193 44.708 -1904.907 -1206.207 -2243.042 -1544.189 -836.182 -126.038 927.124 627.747 -2582.245 89.874 573.731 192.566 -2259.827 451.965 -13.428 -378.113 2233.276 2025 河北 晒干 一等 074
4184008 4602 2025/9/4 20:01:50 P18 36.74 63.57 0 36.79 14.85 925.7 904.73 84.381 208.13 1239.319 -206.146 521.088 1863.556 -2902.679 -387.268 -1575.317 -744.782 -1902.161 -1195.068 -491.791 225.525 636.292 402.985 777.588 159.607 165.863 410.767 -2581.787 40.588 -1903.839 -1207.886 -2245.331 -1549.53 -844.116 -131.226 923.462 627.136 -2584.229 90.942 573.273 181.732 -2261.047 453.491 -12.36 -378.876 2229.156 2025 河北 晒干 一等 074
4184009 4602 2025/9/4 20:01:51 P18 36.74 63.57 0 36.8 14.61 925.7 904.75 84.381 208.283 1239.166 -208.588 518.494 1864.471 -2906.952 -384.522 -1577.301 -746.613 -1910.095 -1205.292 -491.486 225.067 636.749 402.374 776.062 160.98 163.269 412.598 -2587.28 39.52 -1903.992 -1207.275 -2253.113 -1558.228 -848.084 -131.989 922.241 627.136 -2583.771 92.926 572.662 185.242 -2260.437 456.39 -10.834 -376.282 2233.124 2025 河北 晒干 一等 074
4184010 4602 2025/9/4 20:01:52 P18 36.74 63.51 0 36.8 14.97 925.69 904.74 84.534 208.74 1237.946 -207.825 518.646 1862.793 -2913.818 -391.388 -1572.266 -750.885 -1913.757 -1202.85 -493.774 222.626 635.376 403.29 774.689 160.523 164.185 409.851 -2591.858 36.469 -1904.907 -1202.545 -2257.843 -1557.922 -848.236 -134.125 919.647 626.526 -2582.397 92.468 572.205 183.868 -2261.047 453.796 -14.191 -376.892 2235.26 2025 河北 晒干 一等 074
4184011 4602 2025/9/4 20:01:53 P18 36.66 63.5 0 36.87 14.89 925.7 904.74 85.144 208.13 1235.962 -216.675 510.864 1867.828 -2908.783 -377.502 -1566.772 -738.678 -1911.011 -1206.207 -493.012 225.067 636.139 403.748 771.179 162.048 155.945 409.393 -2589.417 45.624 -1897.125 -1197.205 -2254.791 -1559.143 -849.915 -131.378 916.443 625.916 -2575.836 91.248 571.289 172.73 -2252.808 453.491 -12.512 -377.96 2234.65 2025 河北 晒干 一等 074
4184012 4602 2025/9/4 20:01:54 P18 36.76 63.57 0 36.89 14.82 925.69 904.71 85.297 209.503 1236.877 -214.844 505.524 1873.932 -2882.385 -381.165 -1564.178 -739.441 -1891.632 -1190.491 -486.298 223.999 635.529 404.816 771.637 162.048 154.572 408.936 -2564.24 48.065 -1893.463 -1199.341 -2231.75 -1542.053 -838.623 -130.158 915.527 625.916 -2568.817 93.842 572.205 172.119 -2248.84 456.39 -13.123 -376.892 2238.77 2025 河北 晒干 一等 074
4184013 4602 2025/9/4 20:01:55 P18 36.6 63.54 0 36.84 14.77 925.68 904.74 84.686 209.503 1234.589 -216.98 506.897 1869.202 -2887.573 -381.47 -1563.568 -738.373 -1888.428 -1185.913 -482.788 227.814 633.698 404.053 767.67 161.743 154.419 407.562 -2565.308 47.15 -1891.022 -1202.087 -2229.614 -1536.713 -835.724 -125.885 910.339 624.847 -2571.106 83.618 569.916 163.574 -2247.009 445.557 -13.275 -375.671 2233.582 2025 河北 晒干 一等 074
4184014 4602 2025/9/4 20:01:56 P18 36.7 63.6 0 36.95 14.74 925.71 904.76 85.297 209.503 1233.368 -219.574 508.728 1867.981 -2895.813 -380.402 -1560.822 -741.119 -1903.839 -1195.679 -486.298 223.846 633.087 405.426 765.991 162.506 153.046 407.257 -2577.057 43.03 -1890.869 -1198.425 -2243.5 -1549.683 -841.37 -129.242 908.356 623.932 -2570.496 84.686 569.458 158.997 -2246.704 446.472 -13.428 -374.908 2233.429 2025 河北 晒干 一等 074
4184015 4602 2025/9/4 20:01:57 P18 36.74 63.54 0 36.8 14.93 925.66 904.77 85.449 209.198 1232.91 -213.471 509.033 1864.777 -2876.282 -392.151 -1553.802 -743.256 -1880.493 -1180.878 -480.499 226.135 633.24 406.036 764.771 161.438 157.776 405.121 -2556.152 38.91 -1879.883 -1195.526 -2222.595 -1528.931 -830.994 -125.275 906.067 623.627 -2558.899 85.754 569.458 150.757 -2236.938 446.32 -13.886 -379.028 2234.955 2025 河北 晒干 一等 074
4184016 4602 2025/9/4 20:01:58 P18 36.72 63.46 0 36.86 14.65 925.7 904.74 85.602 209.351 1230.316 -226.746 502.014 1866.76 -2913.055 -403.748 -1563.416 -762.94 -1914.063 -1207.123 -497.284 221.71 631.409 404.968 761.108 163.879 146.332 405.273 -2592.468 27.466 -1891.937 -1199.951 -2256.927 -1562.805 -852.661 -136.871 902.405 622.253 -2572.479 81.787 568.237 146.179 -2248.84 445.404 -12.207 -376.434 2235.565 2025 河北 晒干 一等 074
4184017 4602 2025/9/4 20:01:59 P18 36.76 63.61 0 36.9 14.73 925.7 904.74 84.534 209.045 1227.264 -223.084 500.336 1864.319 -2894.897 -383.301 -1562.653 -740.662 -1893.616 -1190.338 -488.892 222.473 630.341 405.579 755.158 162.201 148.468 402.069 -2573.09 40.283 -1891.785 -1197.205 -2236.786 -1541.901 -839.539 -131.836 896.301 620.575 -2570.19 84.076 566.254 136.414 -2247.009 446.167 -13.886 -372.009 2234.955 2025 河北 晒干 一等 074
4184018 4602 2025/9/4 20:02:00 P18 36.65 63.54 0 36.86 14.74 925.69 904.74 85.144 209.045 1227.57 -227.203 496.521 1865.692 -2899.323 -394.44 -1561.584 -749.97 -1896.667 -1193.848 -492.249 221.405 629.12 405.426 754.852 162.659 143.127 401.459 -2576.141 37.537 -1891.479 -1195.068 -2239.38 -1546.326 -842.896 -134.125 894.013 620.27 -2570.038 85.449 566.254 131.683 -2247.009 447.235 -14.191 -377.35 2234.039 2025 河北 晒干 一等 074
4184019 4602 2025/9/4 20:02:01 P18 36.65 63.51 0 36.84 14.75 925.7 904.73 85.297 208.74 1225.586 -228.577 500.488 1861.42 -2906.952 -385.132 -1560.822 -745.087 -1909.79 -1201.477 -492.096 220.795 628.052 404.816 752.258 162.811 144.348 401.001 -2586.67 40.894 -1889.038 -1197.052 -2251.434 -1555.939 -847.473 -132.294 891.113 618.591 -2567.291 81.635 564.728 131.073 -2244.415 443.115 -13.123 -378.265 2232.819 2025 河北 晒干 一等 074
4184020 4602 2025/9/4 20:02:02 P18 36.74 63.61 0 36.92 14.8 925.69 904.73 85.144 207.977 1224.365 -235.748 492.554 1862.64 -2904.968 -401.764 -1560.974 -765.533 -1912.994 -1208.038 -498.047 215.454 627.594 404.663 749.512 164.49 136.719 398.407 -2585.907 36.163 -1889.954 -1195.984 -2252.808 -1560.822 -852.509 -139.465 888.062 617.981 -2563.629 77.667 564.117 118.713 -2241.974 439.911 -13.886 -374.451 2234.192 2025 河北 晒干 一等 074
4184021 4602 2025/9/4 20:02:03 P18 36.73 63.54 0 36.89 14.72 925.69 904.73 84.686 208.283 1222.992 -239.868 483.856 1868.744 -2897.491 -394.745 -1557.922 -753.784 -1900.33 -1190.491 -488.739 221.252 626.068 405.273 747.833 163.574 130.463 398.254 -2575.531 31.281 -1886.597 -1190.186 -2241.058 -1544.342 -841.37 -131.683 885.773 616.303 -2565.613 77.972 563.355 119.324 -2243.5 437.775 -5.341 -377.045 2234.497 2025 河北 晒干 一等 074
4184022 4602 2025/9/4 20:02:04 P18 36.66 63.55 0 36.99 14.66 925.68 904.74 84.991 208.435 1222.229 -246.582 476.99 1870.575 -2913.208 -394.898 -1556.854 -754.547 -1914.368 -1209.412 -498.505 217.285 625.458 406.189 744.934 164.642 125.122 396.729 -2592.621 41.504 -1886.597 -1189.728 -2257.996 -1562.5 -853.424 -140.533 881.958 616.455 -2565.002 81.94 563.202 116.73 -2244.11 443.726 -13.58 -378.723 2235.413 2025 河北 晒干 一等 074
4184023 4602 2025/9/4 20:02:05 P18 36.74 63.55 0 36.76 14.81 925.69 904.71 84.381 209.045 1221.161 -243.225 479.279 1869.965 -2876.587 -390.32 -1552.582 -745.239 -1885.834 -1185.455 -486.755 220.032 626.221 407.257 742.95 164.642 127.869 397.034 -2558.594 36.316 -1877.136 -1189.27 -2223.206 -1538.849 -836.487 -130.615 879.974 615.997 -2553.406 77.209 562.134 112.305 -2230.988 439.301 -12.512 -376.74 2234.65 2025 河北 晒干 一等 074
4184024 4602 2025/9/4 20:02:06 P18 36.74 63.5 0 36.76 14.85 925.69 904.72 85.144 209.503 1219.33 -243.835 484.161 1864.166 -2921.753 -397.949 -1561.279 -760.956 -1924.438 -1210.632 -504.15 211.639 624.847 408.63 742.035 164.948 128.632 398.56 -2601.013 32.959 -1894.379 -1186.676 -2266.388 -1569.672 -857.697 -142.822 876.923 614.929 -2568.817 79.956 562.134 106.964 -2247.772 442.505 -12.512 -378.113 2235.565 2025 河北 晒干 一等 074
4184025 4602 2025/9/4 20:02:07 P18 36.76 63.46 0 36.89 14.81 925.7 904.73 85.297 208.435 1221.008 -240.631 487.518 1865.845 -2887.421 -379.181 -1551.971 -739.441 -1897.583 -1197.205 -492.859 216.522 626.221 407.867 741.425 163.727 131.378 398.102 -2567.902 48.676 -1881.561 -1187.744 -2236.023 -1548.462 -846.558 -133.667 875.397 614.929 -2558.441 74.768 561.218 107.727 -2236.023 440.064 -14.191 -375.061 2232.208 2025 河北 晒干 一等 074
4184026 4602 2025/9/4 20:02:08 P18 36.63 63.51 0 36.75 14.74 925.68 904.72 85.449 207.977 1217.346 -246.124 477.6 1862.335 -2903.595 -381.47 -1552.124 -739.136 -1901.55 -1198.273 -494.385 215.454 623.932 407.105 738.678 165.253 125.275 393.066 -2581.635 45.166 -1881.256 -1185.76 -2245.483 -1549.835 -847.778 -138.55 871.582 613.709 -2560.425 81.024 560.455 96.741 -2237.244 443.268 -14.496 -380.402 2232.513 2025 河北 晒干 一等 074
4184027 4602 2025/9/4 20:02:09 P18 36.76 63.67 0 36.82 14.79 925.67 904.72 84.534 208.74 1215.668 -250.855 476.074 1863.708 -2910.156 -393.219 -1551.819 -753.479 -1918.945 -1215.21 -503.235 211.029 623.322 407.562 737 164.795 121.46 393.982 -2591.248 41.656 -1883.087 -1182.098 -2259.064 -1568.146 -859.68 -144.959 868.53 612.183 -2559.204 74.158 559.692 88.348 -2237.549 436.401 -12.97 -380.554 2237.854 2025 河北 晒干 一等 074
4184028 4602 2025/9/4 20:02:10 P18 36.69 63.55 0 36.98 14.88 925.68 904.74 84.839 209.198 1215.668 -251.465 470.276 1865.234 -2901.001 -389.252 -1552.124 -746.002 -1906.128 -1202.545 -498.962 211.792 623.169 407.257 734.253 165.405 119.324 391.846 -2581.94 45.013 -1880.035 -1182.404 -2247.62 -1556.549 -849.304 -142.67 866.547 611.115 -2555.542 77.362 559.082 88.959 -2232.666 438.385 -14.038 -377.655 2233.734 2025 河北 晒干 一等 074
4184029 4602 2025/9/4 20:02:11 P18 36.73 63.44 0 36.89 14.72 925.68 904.76 84.381 207.825 1213.226 -254.822 467.682 1866.76 -2896.271 -388.641 -1542.511 -744.934 -1897.736 -1197.51 -495.453 214.539 622.559 406.952 732.117 165.405 115.356 392.151 -2574.615 38.605 -1871.948 -1179.657 -2239.227 -1548.004 -847.473 -139.008 863.648 610.504 -2550.812 76.752 558.319 88.043 -2227.936 438.232 -8.24 -377.35 2231.903 2025 河北 晒干 一等 074
4184030 4602 2025/9/4 20:02:12 P18 36.73 63.58 0 36.88 14.82 925.68 904.73 84.839 207.977 1211.395 -252.838 469.971 1863.708 -2903.9 -398.56 -1547.394 -756.073 -1905.67 -1201.477 -497.589 212.097 620.88 407.715 731.201 165.253 117.95 390.015 -2583.313 28.381 -1875 -1182.098 -2248.84 -1553.65 -848.084 -141.144 860.901 609.894 -2553.101 72.632 557.251 85.449 -2229.767 434.265 -12.512 -376.74 2231.14 2025 河北 晒干 一等 074
4184031 4602 2025/9/4 20:02:13 P18 36.74 63.51 0 37.05 14.9 925.68 904.73 85.449 207.825 1211.853 -263.214 458.221 1870.728 -2913.971 -410.919 -1545.715 -767.365 -1916.199 -1210.785 -501.556 209.656 619.507 407.562 729.37 165.863 106.201 390.625 -2593.384 18.311 -1873.779 -1182.709 -2258.148 -1565.704 -857.697 -143.738 858.307 608.978 -2553.101 73.853 556.03 76.294 -2228.699 434.57 -12.665 -377.197 2233.276 2025 河北 晒干 一等 074
4184032 4602 2025/9/4 20:02:14 P18 36.69 63.57 0 37.01 14.68 925.65 904.71 84.839 206.757 1209.869 -257.416 470.123 1862.946 -2926.331 -397.186 -1549.835 -759.43 -1928.253 -1218.109 -508.881 205.231 618.897 407.105 726.776 166.473 115.509 387.726 -2606.812 26.093 -1881.104 -1180.573 -2271.118 -1573.792 -862.732 -149.841 855.408 607.605 -2558.746 68.665 555.878 74.31 -2237.244 430.908 -11.749 -377.655 2237.549 2025 河北 晒干 一等 074
4184033 4602 2025/9/4 20:02:15 P18 36.74 63.55 0 36.93 14.71 925.68 904.72 84.229 207.062 1208.801 -274.2 451.508 1867.065 -2927.551 -407.715 -1548.004 -765.991 -1929.321 -1224.06 -513.763 205.383 619.202 407.867 725.098 166.779 97.198 386.2 -2606.964 21.82 -1878.815 -1182.404 -2272.491 -1578.064 -869.141 -153.809 853.119 606.69 -2558.441 68.665 555.267 65.765 -2235.87 430.756 -14.801 -379.639 2233.276 2025 河北 晒干 一等 074
4184034 4602 2025/9/4 20:02:16 P18 36.72 63.64 0 36.9 14.74 925.68 904.71 84.991 206.757 1207.428 -271.759 457.306 1860.046 -2929.382 -415.955 -1555.634 -775.604 -1930.695 -1222.839 -513.306 202.484 617.828 407.715 723.419 166.931 100.555 385.284 -2610.321 20.752 -1886.749 -1182.251 -2274.475 -1578.522 -868.073 -154.266 849.457 605.774 -2562.561 69.427 553.589 71.259 -2241.516 431.213 -16.327 -377.808 2232.056 2025 河北 晒干 一等 074
4184035 4602 2025/9/4 20:02:17 P18 36.7 63.5 0 36.88 14.82 925.69 904.71 84.229 207.52 1208.191 -269.47 454.712 1863.861 -2922.363 -412.598 -1555.176 -772.4 -1923.676 -1217.194 -508.423 207.214 618.286 408.783 721.741 166.626 101.624 386.658 -2601.318 19.226 -1885.071 -1182.556 -2266.235 -1570.892 -863.342 -149.536 847.321 604.858 -2562.408 70.953 553.284 67.596 -2240.906 432.587 -14.496 -377.197 2234.65 2025 河北 晒干 一等 074
4184036 4602 2025/9/4 20:02:18 P18 36.7 63.61 0 37 14.8 925.69 904.73 84.839 207.062 1205.444 -282.44 440.064 1871.796 -2912.598 -395.66 -1548.157 -750.427 -1917.114 -1214.142 -510.559 204.315 616.608 409.088 720.215 167.236 87.28 385.284 -2594.147 38.452 -1877.136 -1182.861 -2257.538 -1566.62 -863.342 -152.741 844.116 604.553 -2555.084 64.087 553.131 60.12 -2232.056 426.178 -14.801 -377.197 2232.971 2025 河北 晒干 一等 074
4184037 4602 2025/9/4 20:02:19 P18 36.7 63.51 0 37 14.69 925.68 904.71 83.771 207.062 1204.376 -280.457 445.862 1866.76 -2899.475 -388.184 -1542.358 -743.256 -1907.196 -1208.191 -504.15 205.536 617.676 409.393 717.621 167.847 91.553 385.284 -2579.803 37.537 -1869.049 -1179.657 -2247.162 -1558.685 -857.239 -146.332 841.675 603.333 -2547.76 65.46 551.91 58.899 -2224.731 427.856 -12.054 -378.876 2232.513 2025 河北 晒干 一等 074
4184038 4602 2025/9/4 20:02:20 P18 36.7 63.44 0 37 14.92 925.67 904.71 84.381 206.757 1203.461 -281.982 441.132 1867.218 -2902.222 -395.355 -1545.563 -753.174 -1903.381 -1203.156 -502.167 206.909 615.997 409.088 715.332 167.236 88.654 383.606 -2580.414 34.332 -1873.932 -1182.098 -2244.263 -1553.802 -853.729 -144.653 839.539 602.722 -2552.338 62.103 550.995 55.695 -2230.835 425.11 -15.717 -378.418 2232.971 2025 河北 晒干 一等 074
4184039 4602 2025/9/4 20:02:21 P18 36.66 63.57 0 36.96 14.77 925.69 904.73 84.839 207.214 1203.613 -269.47 455.17 1859.131 -2908.63 -393.524 -1546.631 -750.122 -1912.079 -1206.818 -503.845 204.926 615.692 410.156 715.179 166.626 101.776 382.996 -2588.806 34.637 -1873.322 -1181.793 -2254.028 -1560.822 -855.255 -146.79 837.402 602.875 -2551.422 61.646 550.69 52.49 -2227.631 422.974 -14.496 -379.334 2232.666 2025 河北 晒干 一等 074
4184040 4602 2025/9/4 20:02:22 P18 36.72 63.61 0 37.01 14.87 925.68 904.71 84.686 206.757 1201.324 -279.694 449.524 1856.689 -2922.363 -404.511 -1550.598 -761.261 -1921.082 -1216.583 -509.796 203.705 615.234 410.004 713.348 167.694 93.231 381.47 -2600.708 28.381 -1880.035 -1187.134 -2264.557 -1568.909 -863.648 -150.909 834.198 600.891 -2559.814 62.561 549.927 49.286 -2236.481 423.279 -12.665 -373.23 2225.8 2025 河北 晒干 一等 074
4184041 4602 2025/9/4 20:02:23 P18 36.8 63.5 0 37.06 14.8 925.7 904.72 84.534 207.062 1199.951 -276.337 451.965 1858.368 -2933.502 -409.546 -1552.124 -768.89 -1936.035 -1229.095 -516.663 200.195 616.15 411.224 711.365 167.542 97.504 382.996 -2612.762 23.804 -1882.629 -1187.439 -2277.527 -1583.405 -872.192 -155.945 831.909 600.891 -2562.408 63.934 549.927 45.471 -2240.906 424.347 -17.7 -378.418 2233.124 2025 河北 晒干 一等 074
4184042 4602 2025/9/4 20:02:24 P18 36.77 63.55 0 37.05 14.74 925.67 904.71 84.686 206.757 1198.73 -283.356 447.846 1858.063 -2934.723 -412.445 -1552.277 -773.926 -1940.46 -1235.504 -520.02 198.059 614.624 410.461 709.992 167.999 91.248 382.385 -2615.051 14.496 -1882.324 -1179.81 -2282.562 -1587.83 -877.075 -160.065 829.773 600.281 -2560.272 60.425 548.859 44.861 -2238.617 422.821 -14.343 -378.418 2227.02 2025 河北 晒干 一等 074
4184043 4602 2025/9/4 20:02:25 P18 36.69 63.54 0 36.85 14.8 925.68 904.74 84.534 206.604 1198.12 -292.511 431.519 1866.608 -2894.592 -395.508 -1543.732 -753.326 -1902.771 -1206.512 -503.998 204.62 613.861 411.377 708.008 167.999 79.498 380.402 -2575.531 32.349 -1868.591 -1180.725 -2241.974 -1555.634 -857.239 -146.332 826.721 599.365 -2547.15 60.425 547.943 43.945 -2224.274 421.448 -13.886 -379.944 2231.75 2025 河北 晒干 一等 074
4184044 4602 2025/9/4 20:02:26 P18 36.66 63.65 0 36.97 14.84 925.69 904.72 84.991 206.604 1195.984 -297.394 428.009 1864.929 -2911.987 -406.799 -1552.277 -763.855 -1917.725 -1216.888 -513.916 198.364 612.335 411.377 704.498 168.152 73.547 379.028 -2591.248 25.94 -1879.425 -1185.76 -2258.301 -1567.535 -865.021 -155.487 821.228 596.924 -2556.763 56.305 545.96 36.926 -2235.26 419.006 -15.411 -376.434 2233.276 2025 河北 晒干 一等 074
4184045 4602 2025/9/4 20:02:27 P18 36.72 63.55 0 37.1 14.77 925.69 904.72 84.076 205.383 1194.153 -294.342 425.873 1864.624 -2909.851 -417.175 -1543.579 -771.942 -1912.079 -1212.006 -509.491 200.806 611.572 411.072 702.515 167.999 74.921 377.197 -2589.569 14.343 -1870.575 -1180.878 -2253.418 -1562.805 -861.206 -152.588 819.092 595.856 -2549.744 60.425 545.044 30.67 -2227.173 423.279 -13.733 -377.197 2230.072 2025 河北 晒干 一等 074
4184046 4602 2025/9/4 20:02:28 P18 36.62 63.58 0 37.09 14.77 925.67 904.73 84.686 205.994 1193.085 -292.969 431.061 1860.657 -2923.889 -411.53 -1545.868 -767.365 -1922.15 -1218.719 -514.526 197.907 610.657 411.224 700.989 168.152 78.735 375.977 -2602.081 17.853 -1874.542 -1181.946 -2265.778 -1571.35 -866.394 -156.403 816.345 595.398 -2554.016 59.509 544.739 30.365 -2231.14 422.058 -14.801 -378.418 2230.225 2025 河北 晒干 一等 074
4184047 4602 2025/9/4 20:02:29 P18 36.65 63.54 0 37.11 14.7 925.69 904.72 84.381 205.536 1192.932 -302.582 422.211 1864.624 -2937.012 -408.02 -1544.342 -768.433 -1938.171 -1231.689 -521.393 195.923 609.589 412.14 700.073 169.22 68.665 375.214 -2616.119 23.041 -1876.526 -1173.706 -2280.579 -1585.846 -877.991 -160.37 813.751 594.177 -2558.441 62.103 543.518 29.755 -2235.565 423.431 -17.7 -378.113 2232.056 2025 河北 晒干 一等 074
4184048 4602 2025/9/4 20:02:30 P18 36.69 63.52 0 36.91 14.8 925.67 904.73 84.991 206.604 1193.848 -299.377 432.587 1856.689 -2940.216 -409.393 -1549.225 -771.179 -1946.564 -1239.166 -524.75 192.719 611.115 411.987 699.31 167.847 74.615 375.366 -2621.002 23.804 -1877.899 -1175.232 -2285.767 -1593.17 -881.805 -165.71 812.378 594.177 -2558.594 62.561 542.755 30.518 -2235.413 425.415 -14.343 -378.723 2229.004 2025 河北 晒干 一等 074
4184049 4602 2025/9/4 20:02:31 P18 36.62 63.55 0 37.06 14.9 925.67 904.72 84.076 204.926 1190.033 -304.26 417.481 1864.471 -2935.638 -415.497 -1552.887 -776.367 -1933.899 -1228.18 -518.646 195.007 610.352 413.361 696.259 169.22 66.528 373.993 -2615.204 17.7 -1885.071 -1178.436 -2279.816 -1582.184 -872.803 -161.285 809.631 593.109 -2560.425 58.594 542.45 23.041 -2238.922 420.227 -14.496 -377.35 2230.53 2025 河北 晒干 一等 074
4184050 4602 2025/9/4 20:02:32 P18 36.63 63.62 0 37.05 14.84 925.71 904.72 84.686 205.689 1189.88 -310.211 412.598 1867.981 -2931.366 -401.001 -1549.225 -760.651 -1938.934 -1234.131 -525.055 189.209 609.894 412.75 695.038 169.678 59.662 373.535 -2613.525 27.313 -1877.136 -1179.047 -2279.968 -1587.067 -878.754 -165.71 807.19 592.041 -2555.389 61.035 541.687 25.482 -2233.429 421.295 -13.886 -378.113 2230.53 2025 河北 晒干 一等 074
4184051 4602 2025/9/4 20:02:33 P18 36.7 63.51 0 37.02 14.82 925.67 904.73 84.991 205.689 1189.575 -306.397 419.006 1860.962 -2921.753 -390.32 -1551.819 -749.97 -1930.695 -1226.807 -519.104 191.345 610.046 413.513 693.054 169.067 66.223 373.077 -2602.844 39.978 -1884.46 -1181.641 -2270.813 -1578.674 -874.329 -164.49 805.054 591.888 -2558.899 57.373 541.382 21.057 -2237.091 419.617 -14.038 -376.74 2226.257 2025 河北 晒干 一等 074
4184052 4602 2025/9/4 20:02:34 P18 36.7 63.58 0 37.02 14.7 925.69 904.73 84.686 205.383 1187.897 -306.854 414.276 1864.777 -2918.854 -390.32 -1546.783 -746.002 -1920.776 -1219.788 -516.815 196.075 609.436 413.971 691.376 168.61 62.714 373.077 -2597.961 37.537 -1874.695 -1180.267 -2262.421 -1571.198 -868.225 -157.776 803.223 590.82 -2554.474 55.237 539.856 20.447 -2230.377 416.718 -12.817 -383.606 2231.445 2025 河北 晒干 一等 074
4184053 4602 2025/9/4 20:02:35 P18 36.69 63.54 0 36.98 14.67 925.69 904.73 84.534 205.841 1187.592 -309.753 415.955 1861.42 -2929.382 -392.456 -1550.293 -751.953 -1936.035 -1231.079 -523.377 189.819 609.436 413.055 689.697 169.678 61.646 371.552 -2610.626 39.673 -1881.561 -1175.69 -2277.222 -1584.015 -878.143 -165.71 800.171 590.668 -2557.678 54.626 539.398 19.836 -2236.328 416.107 -14.801 -375.671 2226.41 2025 河北 晒干 一等 074
4184054 4602 2025/9/4 20:02:36 P18 36.69 63.46 0 37.06 14.78 925.71 904.74 84.381 205.231 1185.15 -304.718 417.786 1859.283 -2913.055 -393.982 -1542.969 -749.97 -1917.572 -1215.21 -513.763 193.024 609.131 413.208 686.798 169.678 66.071 370.331 -2592.773 32.806 -1872.253 -1177.521 -2258.606 -1566.925 -864.563 -158.234 797.73 589.142 -2549.744 53.558 538.33 14.954 -2227.173 415.955 -12.207 -378.113 2229.004 2025 河北 晒干 一等 074
4184055 4602 2025/9/4 20:02:37 P18 36.67 63.5 0 37 14.77 925.7 904.74 84.686 205.231 1184.692 -309.143 413.055 1860.352 -2927.399 -393.524 -1537.323 -751.495 -1930.084 -1225.891 -520.325 189.514 606.842 413.818 686.188 168.762 61.34 370.178 -2606.201 38.452 -1867.981 -1171.417 -2270.66 -1578.064 -874.329 -164.948 795.136 588.837 -2546.234 59.204 537.262 12.665 -2223.206 420.99 -15.411 -378.723 2228.241 2025 河北 晒干 一等 074
4184056 4602 2025/9/4 20:02:38 P18 36.74 63.58 0 37.06 14.72 925.72 904.74 84.839 204.926 1182.709 -321.655 405.121 1862.03 -2926.941 -400.543 -1542.511 -759.125 -1935.73 -1234.131 -526.581 188.904 607.605 412.75 684.052 169.983 50.507 369.11 -2608.185 27.618 -1871.796 -1170.349 -2274.933 -1586.304 -881.5 -167.542 792.236 587.616 -2549.133 50.507 536.346 13.733 -2227.478 413.361 -14.191 -378.876 2229.309 2025 河北 晒干 一等 074
4184057 4602 2025/9/4 20:02:39 P18 36.69 63.65 0 37.09 14.9 925.72 904.75 84.229 205.078 1183.167 -315.857 401.154 1866.76 -2921.295 -388.794 -1543.579 -746.307 -1924.133 -1218.872 -517.731 191.04 606.69 414.124 682.678 169.983 52.643 368.652 -2600.098 33.417 -1871.643 -1176.91 -2265.625 -1572.571 -868.378 -160.98 790.71 587.006 -2547.607 55.542 536.804 12.36 -2224.884 416.412 -14.954 -378.418 2229.004 2025 河北 晒干 一等 074
4184058 4602 2025/9/4 20:02:40 P18 36.7 63.5 0 37.07 14.79 925.73 904.75 83.923 204.163 1181.488 -319.977 401.306 1864.777 -2934.723 -412.14 -1548.615 -772.858 -1942.902 -1239.166 -528.412 186.768 606.384 413.818 680.389 170.593 49.744 368.805 -2615.662 19.379 -1878.662 -1175.842 -2282.867 -1592.712 -883.942 -168.915 787.811 585.632 -2556.458 56.458 534.515 10.071 -2234.65 418.091 -14.191 -379.334 2229.004 2025 河北 晒干 一等 074
4184059 4602 2025/9/4 20:02:41 P18 36.7 63.52 0 37.06 14.64 925.73 904.75 84.381 204.163 1179.962 -328.522 400.085 1861.725 -2921.906 -415.955 -1545.41 -776.215 -1932.373 -1232.91 -526.123 186.92 604.858 414.276 680.237 170.136 45.624 368.195 -2603.455 21.82 -1874.695 -1172.18 -2271.271 -1584.015 -879.974 -167.999 785.523 585.022 -2548.981 47.607 534.058 8.392 -2228.394 410.919 -13.886 -378.113 2224.426 2025 河北 晒干 一等 074
4184060 4602 2025/9/4 20:02:42 P18 36.63 63.51 0 37.08 14.88 925.72 904.75 84.534 203.552 1178.436 -312.958 410.461 1855.927 -2906.952 -405.731 -1537.933 -762.94 -1915.741 -1222.992 -520.783 189.972 603.027 413.818 677.185 168.762 57.678 365.753 -2588.196 21.515 -1864.014 -1173.706 -2255.554 -1570.587 -870.056 -164.185 782.471 584.412 -2541.199 50.964 532.837 7.935 -2217.56 412.445 -10.071 -376.892 2229.614 2025 河北 晒干 一等 074
4184061 4602 2025/9/4 20:02:43 P18 36.63 63.61 0 37.13 14.85 925.7 904.76 84.076 203.552 1177.673 -319.672 401.306 1860.657 -2904.816 -407.41 -1532.135 -763.092 -1913.147 -1215.363 -515.747 189.056 603.027 413.666 676.88 169.525 50.049 366.516 -2586.212 23.041 -1858.368 -1163.94 -2252.197 -1564.789 -866.547 -160.828 779.724 582.275 -2536.926 50.354 531.158 4.272 -2214.203 411.377 -15.106 -378.723 2226.41 2025 河北 晒干 一等 074
4184062 4602 2025/9/4 20:02:44 P18 36.73 63.58 0 37.08 14.77 925.72 904.75 84.534 202.942 1176.3 -319.519 404.968 1856.842 -2920.227 -392.151 -1534.271 -750.58 -1928.864 -1229.858 -527.344 184.174 602.722 412.598 675.659 168.457 49.896 364.075 -2600.555 33.722 -1861.877 -1170.654 -2268.524 -1580.505 -878.754 -169.983 778.046 580.902 -2541.351 47.76 530.853 5.798 -2217.407 410.156 -10.681 -376.129 2226.868 2025 河北 晒干 一等 074
4184063 4602 2025/9/4 20:02:45 P18 36.7 63.51 0 37.11 14.77 925.68 904.75 83.466 203.247 1174.774 -329.132 395.66 1859.589 -2946.167 -400.696 -1539.612 -763.55 -1951.294 -1245.728 -535.126 178.833 602.112 413.666 674.133 169.983 42.114 363.007 -2625.58 29.602 -1872.864 -1168.823 -2293.396 -1598.206 -889.74 -178.07 774.689 580.597 -2546.539 47.76 530.701 4.883 -2225.494 411.072 -15.564 -379.486 2227.173 2025 河北 晒干 一等 074
4184064 4602 2025/9/4 20:02:46 P18 36.73 63.61 0 37.17 14.75 925.71 904.71 83.923 202.484 1173.706 -323.181 396.729 1856.384 -2914.886 -400.696 -1527.557 -754.395 -1919.861 -1220.093 -521.24 186.005 601.502 415.955 673.218 169.373 46.387 362.396 -2594.91 25.024 -1855.774 -1167.755 -2260.742 -1569.824 -871.277 -165.863 773.315 579.224 -2536.011 48.523 529.48 3.357 -2213.135 410.004 -17.548 -379.028 2226.563 2025 河北 晒干 一等 074
4184065 4602 2025/9/4 20:02:47 P18 36.67 63.64 0 37.09 14.89 925.72 904.76 83.618 203.247 1174.316 -327.911 404.053 1851.654 -2952.423 -402.985 -1535.339 -764.16 -1956.329 -1249.695 -534.515 177.46 601.654 414.581 671.692 168.61 46.692 363.617 -2633.362 26.398 -1864.929 -1165.466 -2296.448 -1604.309 -894.013 -177.155 769.959 579.071 -2541.504 47.302 529.175 2.747 -2220.612 409.393 -10.376 -375.671 2230.988 2025 河北 晒干 一等 074
4184066 4602 2025/9/4 20:02:48 P18 36.67 63.6 0 37.09 14.66 925.69 904.72 83.771 203.095 1172.638 -337.067 378.418 1865.54 -2910.919 -398.407 -1533.813 -752.869 -1916.656 -1218.719 -523.834 184.174 602.417 414.734 670.013 169.525 28.839 361.786 -2592.621 29.144 -1859.741 -1167.908 -2257.538 -1569.366 -872.192 -167.084 768.738 577.545 -2539.52 45.471 528.565 4.12 -2216.339 406.036 -9.155 -377.502 2223.053 2025 河北 晒干 一等 074
4184067 4602 2025/9/4 20:02:49 P18 36.69 63.6 0 37.1 14.69 925.71 904.75 84.229 204.62 1171.875 -318.909 412.293 1846.924 -2950.897 -391.388 -1539.917 -753.784 -1956.024 -1246.338 -535.889 178.375 602.417 415.497 671.387 168.61 53.864 363.159 -2632.141 35.553 -1871.49 -1169.891 -2296.6 -1603.546 -892.944 -175.629 766.449 577.24 -2550.659 44.556 527.344 3.052 -2228.088 404.968 -15.106 -375.977 2226.41 2025 河北 晒干 一等 074
4184068 4602 2025/9/4 20:02:50 P18 36.67 63.5 0 37.15 14.67 925.72 904.78 84.076 202.789 1171.417 -330.2 391.998 1857.3 -2912.445 -394.135 -1526.947 -751.648 -1921.234 -1223.907 -525.665 183.411 600.433 416.718 669.861 170.441 38.91 360.87 -2593.536 31.738 -1854.706 -1165.466 -2261.2 -1572.418 -875.855 -168.61 765.533 576.019 -2535.248 40.741 526.581 2.441 -2212.677 402.679 -14.801 -380.859 2224.121 2025 河北 晒干 一等 074
4184069 4602 2025/9/4 20:02:51 P18 36.66 63.61 0 37.18 14.74 925.71 904.76 83.771 202.179 1169.739 -337.524 387.878 1853.943 -2954.559 -393.372 -1528.168 -753.479 -1952.362 -1246.948 -540.161 176.086 598.145 415.192 668.945 169.983 35.553 357.819 -2632.904 38.147 -1858.215 -1158.905 -2297.668 -1599.426 -893.402 -180.054 761.108 574.799 -2537.384 37.079 525.208 2.289 -2213.593 398.56 -14.801 -381.928 2219.391 2025 河北 晒干 一等 074
4184070 4602 2025/9/4 20:02:52 P18 36.77 63.54 0 37.2 14.83 925.71 904.75 83.466 201.721 1167.45 -339.356 381.47 1858.521 -2927.094 -397.797 -1525.879 -757.752 -1938.934 -1238.251 -532.532 176.849 599.518 415.802 667.114 170.898 31.738 358.429 -2607.88 32.959 -1853.638 -1151.886 -2277.374 -1588.135 -884.857 -177.307 758.972 574.188 -2530.365 39.825 524.445 0.763 -2209.015 401.611 -15.564 -379.791 2227.936 2025 河北 晒干 一等 074
4184071 4602 2025/9/4 20:02:53 P18 36.79 63.54 0 37.08 14.74 925.72 904.74 83.618 201.416 1167.145 -332.489 391.541 1853.18 -2940.979 -391.235 -1522.827 -747.986 -1944.733 -1239.319 -533.142 178.528 598.755 415.497 666.351 169.067 38.452 358.429 -2621.46 37.689 -1850.128 -1160.583 -2285.767 -1593.475 -886.993 -173.95 756.683 572.205 -2531.128 39.52 523.377 0.305 -2207.794 400.543 -8.85 -380.096 2223.511 2025 河北 晒干 一等 074
4184072 4602 2025/9/4 20:02:54 P18 36.77 63.57 0 37.16 14.95 925.72 904.76 83.466 201.416 1166.534 -345.764 375.977 1859.589 -2938.538 -401.154 -1525.879 -762.024 -1949.615 -1248.016 -539.551 174.408 598.145 416.107 665.283 170.288 24.872 358.734 -2620.85 32.349 -1856.384 -1153.412 -2288.361 -1598.816 -894.623 -180.969 754.7 572.51 -2534.027 38.147 522.766 -0.763 -2211.304 399.475 -13.886 -378.723 2223.206 2025 河北 晒干 一等 074
4184073 4602 2025/9/4 20:02:55 P18 36.73 63.57 0 37.12 14.65 925.71 904.76 83.16 201.263 1164.703 -354.462 369.11 1859.436 -2949.371 -404.511 -1525.574 -761.871 -1954.193 -1250.916 -543.06 172.119 597.687 416.412 662.384 171.051 17.242 356.598 -2629.089 29.297 -1857.91 -1156.464 -2295.99 -1602.936 -897.217 -184.326 749.97 570.526 -2536.163 38.3 520.935 -1.068 -2213.135 399.475 -14.496 -377.35 2228.699 2025 河北 晒干 一等 074
4184074 4602 2025/9/4 20:02:56 P18 36.72 63.55 0 37.13 14.78 925.71 904.76 83.771 202.637 1163.788 -349.426 371.246 1861.42 -2936.707 -409.088 -1528.32 -765.991 -1941.528 -1240.082 -537.415 172.272 598.755 418.396 660.858 170.746 20.599 356.293 -2615.204 18.921 -1857.452 -1162.567 -2282.562 -1589.05 -890.503 -182.19 748.138 570.374 -2536.621 39.368 521.088 -0.763 -2214.508 401.001 -16.022 -379.486 2225.8 2025 河北 晒干 一等 074
4184075 4602 2025/9/4 20:02:57 P18 36.74 63.52 0 37.12 14.69 925.69 904.76 83.923 202.026 1163.025 -342.102 379.639 1856.995 -2933.044 -401.764 -1532.745 -758.972 -1937.866 -1235.657 -531.769 175.781 599.823 418.091 660.553 170.441 27.924 358.124 -2613.373 25.787 -1858.978 -1163.177 -2279.205 -1587.83 -883.484 -174.561 746.613 570.068 -2537.384 36.621 520.63 -1.831 -2215.118 398.254 -16.327 -380.707 2223.663 2025 河北 晒干 一等 074
4184076 4602 2025/9/4 20:02:58 P18 36.66 63.62 0 37.15 14.88 925.7 904.78 84.686 201.721 1162.109 -343.475 382.843 1854.858 -2942.657 -401.764 -1529.846 -759.583 -1951.294 -1253.204 -544.434 171.509 598.755 417.938 658.417 170.898 27.771 356.751 -2624.207 29.602 -1859.741 -1162.72 -2291.26 -1602.02 -900.421 -184.479 744.171 569.153 -2538.757 33.722 519.562 -1.526 -2216.492 394.898 -16.022 -377.35 2223.053 2025 河北 晒干 一等 074
4184077 4602 2025/9/4 20:02:59 P18 36.73 63.62 0 37.3 14.67 925.7 904.76 84.229 202.637 1163.33 -345.459 382.385 1853.943 -2944.336 -404.205 -1529.388 -764.16 -1955.261 -1252.594 -543.213 169.983 599.06 418.549 658.417 170.593 27.161 357.208 -2626.953 24.414 -1860.504 -1162.567 -2294.922 -1605.072 -898.895 -184.784 743.103 569 -2537.079 30.823 520.02 -2.136 -2215.424 393.524 -16.174 -379.639 2225.037 2025 河北 晒干 一等 074
4184078 4602 2025/9/4 20:03:00 P18 36.67 63.55 0 37.14 14.87 925.73 904.77 84.381 202.026 1162.72 -344.544 378.723 1855.774 -2936.249 -398.102 -1531.982 -759.735 -1947.784 -1244.354 -540.466 169.525 598.45 419.617 657.501 171.051 26.398 355.988 -2618.103 31.891 -1861.877 -1162.72 -2288.055 -1596.222 -892.487 -183.716 741.425 569 -2537.689 36.011 519.409 -1.831 -2215.118 398.254 -9.46 -381.165 2224.274 2025 河北 晒干 一等 074
4184079 4602 2025/9/4 20:03:01 P18 36.67 63.51 0 37.17 14.69 925.7 904.76 84.229 200.958 1159.821 -345.612 376.282 1856.537 -2923.126 -398.254 -1524.048 -756.989 -1935.425 -1237.64 -534.821 170.746 597.534 418.854 655.518 170.746 24.414 355.377 -2606.354 29.449 -1853.638 -1160.126 -2274.17 -1586.151 -886.231 -179.749 739.136 567.322 -2529.144 35.553 518.189 -2.289 -2207.031 397.339 -16.632 -379.486 2221.069 2025 河北 晒干 一等 074
4184080 4602 2025/9/4 20:03:02 P18 36.67 63.54 0 37.17 14.79 925.73 904.77 84.534 201.263 1158.905 -355.835 364.227 1860.809 -2921.448 -394.135 -1520.691 -751.953 -1932.526 -1237.03 -533.447 173.187 597.687 417.481 654.144 171.204 14.038 353.851 -2602.539 29.602 -1849.06 -1156.311 -2271.118 -1584.167 -885.925 -177.612 736.237 565.491 -2527.161 32.501 517.12 -2.747 -2205.2 395.203 -15.411 -377.96 2224.731 2025 河北 晒干 一等 074
4184081 4602 2025/9/4 20:03:03 P18 36.69 63.61 0 37.2 14.84 925.73 904.76 83.313 201.416 1158.752 -355.377 358.429 1865.082 -2921.6 -393.372 -1516.571 -747.681 -1926.117 -1230.164 -533.752 173.645 597.076 418.549 652.466 171.661 10.834 353.699 -2601.624 31.738 -1842.957 -1149.902 -2266.998 -1580.2 -882.568 -177.612 734.253 564.575 -2521.667 33.417 515.9 -3.204 -2198.639 394.898 -16.022 -379.334 2225.647 2025 河北 晒干 一等 074
4184082 4602 2025/9/4 20:03:04 P18 36.69 63.47 0 37.15 14.87 925.72 904.77 83.466 201.721 1156.921 -348.358 374.756 1855.927 -2924.347 -394.135 -1519.318 -750.58 -1933.441 -1233.063 -532.99 171.967 597.229 419.769 652.161 171.051 22.278 354.462 -2606.506 28.229 -1843.719 -1154.175 -2273.56 -1584.778 -882.111 -178.986 732.727 564.575 -2523.956 35.4 515.137 -3.052 -2199.554 396.423 -15.259 -379.486 2230.53 2025 河北 晒干 一等 074
4184083 4602 2025/9/4 20:03:05 P18 36.66 63.5 0 37.14 14.79 925.73 904.78 83.923 201.111 1157.227 -353.851 374.756 1853.027 -2965.851 -401.306 -1523.132 -763.245 -1970.367 -1261.444 -549.316 166.321 596.008 419.159 649.872 170.898 18.768 353.394 -2645.874 32.349 -1855.469 -1152.039 -2309.875 -1617.126 -904.846 -190.277 731.201 564.27 -2533.875 34.18 515.137 -2.899 -2211.151 395.203 -15.869 -380.249 2221.527 2025 河北 晒干 一等 074
4184084 4602 2025/9/4 20:03:06 P18 36.67 63.5 0 37.19 14.87 925.72 904.77 83.618 201.263 1155.396 -353.699 374.756 1849.823 -2964.325 -399.628 -1522.675 -761.719 -1966.4 -1261.292 -553.589 163.269 596.314 418.396 648.193 171.204 18.463 351.257 -2644.196 27.618 -1856.842 -1152.954 -2310.944 -1614.838 -907.135 -194.855 728.607 562.744 -2532.654 28.992 513.611 -3.052 -2210.999 390.472 -17.548 -379.028 2221.375 2025 河北 晒干 一等 074
4184085 4602 2025/9/4 20:03:07 P18 36.69 63.58 0 37.17 14.9 925.74 904.8 84.381 201.874 1155.853 -355.835 364.99 1860.962 -2961.121 -404.358 -1523.59 -764.16 -1964.874 -1260.223 -547.485 167.236 596.466 419.159 647.888 170.441 13.275 354.004 -2639.618 26.703 -1854.248 -1150.665 -2305.145 -1613.617 -905.609 -188.904 727.692 563.049 -2531.433 30.06 513.458 -3.357 -2208.71 392.456 -14.038 -381.622 2223.511 2025 河北 晒干 一等 074
4184086 4602 2025/9/4 20:03:08 P18 36.7 63.58 0 37.04 14.84 925.72 904.76 84.076 201.569 1154.022 -356.903 357.056 1863.251 -2921.906 -395.66 -1517.487 -749.512 -1930.084 -1231.537 -537.415 169.678 598.145 420.38 645.447 170.593 9.155 353.546 -2605.286 28.381 -1843.414 -1151.886 -2271.118 -1584.015 -884.705 -183.716 725.861 561.829 -2521.82 31.738 513.001 -2.899 -2199.249 394.592 -12.207 -379.334 2220.612 2025 河北 晒干 一等 074
4184087 4602 2025/9/4 20:03:09 P18 36.7 63.54 0 37.04 14.9 925.71 904.76 84.839 202.637 1154.938 -354.309 368.195 1857.3 -2969.818 -403.9 -1527.1 -765.533 -1969.299 -1262.36 -553.131 164.795 596.619 420.075 644.684 170.746 15.411 354.309 -2648.01 24.719 -1859.283 -1154.785 -2311.249 -1616.364 -907.593 -190.888 724.335 561.981 -2537.689 24.261 513.611 -3.51 -2216.187 385.437 -16.022 -379.639 2226.563 2025 河北 晒干 一等 074
4184088 4602 2025/9/4 20:03:10 P18 36.72 63.52 0 37.17 14.85 925.71 904.78 83.771 201.721 1153.259 -360.26 365.448 1854.248 -2968.903 -408.02 -1520.386 -767.67 -1971.893 -1265.106 -552.673 162.659 597.839 419.617 643.158 170.593 9.918 353.088 -2647.247 22.43 -1851.196 -1148.376 -2313.232 -1617.584 -910.187 -193.481 723.572 561.676 -2530.365 27.924 512.238 -3.357 -2208.405 390.167 -15.717 -377.96 2229.767 2025 河北 晒干 一等 074
4184089 4602 2025/9/4 20:03:11 P18 36.65 63.57 0 37.25 14.92 925.73 904.77 84.381 202.332 1154.022 -357.056 370.636 1853.027 -2966.461 -415.039 -1513.367 -776.062 -1967.316 -1260.834 -551.758 160.828 598.145 422.058 644.074 170.898 14.801 352.631 -2645.416 14.496 -1847.534 -1144.409 -2310.638 -1614.838 -907.288 -193.787 722.351 562.134 -2525.482 28.229 512.238 -3.357 -2203.064 389.862 -16.327 -390.32 2224.426 2025 河北 晒干 一等 074
4184090 4602 2025/9/4 20:03:12 P18 36.74 63.54 0 37.14 14.67 925.73 904.79 84.076 202.332 1154.48 -354.767 369.873 1856.079 -2963.257 -408.63 -1520.996 -768.585 -1970.825 -1266.022 -552.216 162.659 599.67 420.075 643.311 171.204 17.09 354.004 -2644.501 27.771 -1852.417 -1146.851 -2311.249 -1618.5 -911.102 -194.092 720.978 561.676 -2527.924 23.651 511.78 -3.052 -2206.879 384.979 -15.411 -380.402 2225.189 2025 河北 晒干 一等 074
4184091 4602 2025/9/4 20:03:13 P18 36.62 63.55 0 37.18 14.76 925.73 904.79 85.754 202.026 1154.022 -352.02 371.857 1855.316 -2955.933 -389.862 -1514.893 -754.395 -1958.618 -1253.815 -548.096 165.71 599.67 422.974 642.853 171.814 19.073 352.783 -2636.414 24.109 -1847.382 -1145.02 -2302.246 -1606.445 -899.811 -190.735 719.452 561.829 -2525.94 21.667 511.78 -2.441 -2202.759 383.606 -17.09 -380.402 2230.682 2025 河北 晒干 一等 074
4184092 4602 2025/9/4 20:03:14 P18 36.72 63.6 0 37.21 14.77 925.75 904.81 84.686 202.942 1154.785 -355.072 361.939 1863.861 -2921.448 -406.494 -1511.993 -760.651 -1928.558 -1234.283 -536.499 171.051 598.297 423.126 643.158 172.272 13.886 353.088 -2601.166 22.43 -1834.564 -1145.63 -2268.219 -1581.879 -884.247 -181.885 718.231 561.066 -2515.259 20.142 511.169 -2.594 -2191.62 381.165 -16.479 -379.028 2225.189 2025 河北 晒干 一等 074
4184093 4602 2025/9/4 20:03:15 P18 36.74 63.6 0 37.07 14.63 925.73 904.8 85.449 202.637 1152.344 -355.988 372.315 1856.689 -2968.445 -408.783 -1512.299 -774.536 -1970.215 -1264.191 -552.216 163.574 600.128 422.211 642.7 170.746 15.717 355.377 -2647.4 27.313 -1846.161 -1145.935 -2312.927 -1617.432 -908.661 -192.108 716.705 560.455 -2524.872 23.499 511.322 -2.441 -2201.843 384.369 -16.327 -378.418 2226.41 2025 河北 晒干 一等 074
4184094 4602 2025/9/4 20:03:16 P18 36.74 63.47 0 37.07 14.77 925.71 904.79 84.991 202.637 1150.97 -362.549 364.227 1857.605 -2942.047 -405.426 -1518.402 -766.296 -1954.498 -1254.883 -547.943 164.795 599.213 422.821 641.48 172.272 9.46 354.309 -2622.986 20.599 -1848.145 -1145.935 -2292.328 -1605.072 -902.405 -189.819 715.637 560.303 -2524.414 18.311 510.407 -2.136 -2202.911 380.249 -15.869 -380.402 2224.731 2025 河北 晒干 一等 074
4184095 4602 2025/9/4 20:03:17 P18 36.77 63.48 0 37.16 14.8 925.76 904.79 85.297 202.789 1150.36 -357.819 363.77 1860.657 -2939.758 -402.222 -1512.146 -755.463 -1941.223 -1240.845 -541.382 167.236 599.976 423.126 641.48 171.814 12.207 353.088 -2618.713 26.55 -1841.431 -1143.341 -2283.936 -1590.881 -892.181 -184.937 714.417 560.303 -2520.599 16.632 510.559 -2.594 -2196.96 378.265 -15.564 -382.538 2220.306 2025 河北 晒干 一等 074
4184096 4602 2025/9/4 20:03:18 P18 36.72 63.51 0 37.17 14.8 925.74 904.79 85.297 203.4 1149.597 -353.394 368.652 1856.689 -2956.543 -402.832 -1520.081 -765.686 -1961.212 -1257.019 -547.485 167.999 599.365 422.516 639.954 171.814 17.395 353.088 -2636.871 28.687 -1849.823 -1141.052 -2302.856 -1610.718 -901.947 -187.378 712.585 560.303 -2525.177 19.836 510.254 -2.136 -2202.911 381.622 -12.97 -378.876 2228.699 2025 河北 晒干 一等 074
4184097 4602 2025/9/4 20:03:19 P18 36.62 63.58 0 37.21 14.85 925.75 904.78 85.449 202.637 1148.224 -356.14 363.77 1855.774 -2928.009 -399.628 -1506.5 -755.158 -1934.509 -1232.3 -537.109 166.321 597.687 422.058 639.496 171.204 12.207 350.189 -2607.269 28.992 -1834.869 -1140.9 -2272.034 -1583.557 -886.841 -182.8 711.06 558.319 -2510.986 23.499 508.423 -2.136 -2188.568 383.301 -15.869 -375.824 2221.375 2025 河北 晒干 一等 074
4184098 4602 2025/9/4 20:03:20 P18 36.69 63.52 0 37.21 14.8 925.73 904.8 84.686 200.653 1146.698 -362.701 362.854 1853.027 -2968.75 -401.917 -1511.078 -761.261 -1968.231 -1264.191 -554.657 158.997 596.619 420.99 637.665 170.288 9.46 349.579 -2647.095 29.602 -1840.363 -1141.052 -2311.554 -1615.753 -911.102 -196.228 707.855 556.946 -2521.973 22.888 508.118 -1.831 -2199.707 383.606 -15.106 -379.028 2222.29 2025 河北 晒干 一等 074
4184099 4602 2025/9/4 20:03:21 P18 36.7 63.57 0 37.23 14.92 925.72 904.79 84.686 202.026 1145.782 -360.565 364.685 1852.264 -2970.581 -407.257 -1510.315 -769.959 -1977.234 -1268.463 -554.504 158.539 596.314 420.837 637.054 170.593 12.207 349.579 -2650.299 17.09 -1841.431 -1140.442 -2316.437 -1623.535 -912.781 -196.533 706.482 556.488 -2519.989 21.362 506.897 -2.136 -2197.266 383.148 -15.564 -381.47 2226.41 2025 河北 晒干 一等 074
4184100 4602 2025/9/4 20:03:22 P18 36.69 63.48 0 37.26 14.7 925.75 904.8 83.466 199.432 1144.409 -364.99 361.023 1850.281 -2973.022 -401.154 -1511.993 -760.956 -1977.692 -1269.073 -559.082 154.572 593.567 421.143 635.223 171.356 7.782 346.527 -2654.266 29.602 -1842.194 -1143.951 -2321.777 -1623.993 -913.544 -200.806 701.752 553.436 -2521.21 26.398 503.845 -1.373 -2198.181 387.116 -15.564 -378.723 2218.933 2025 河北 晒干 一等 074
4184101 4602 2025/9/4 20:03:23 P18 36.7 63.58 0 37.25 14.85 925.74 904.8 84.534 200.501 1143.646 -372.162 351.868 1854.858 -2974.854 -404.053 -1509.399 -764.618 -1979.98 -1275.94 -561.218 155.64 594.635 421.448 632.935 171.204 -0.916 347.443 -2655.792 27.771 -1839.294 -1140.9 -2323.303 -1627.502 -917.358 -202.637 700.378 552.521 -2519.836 21.667 503.845 -1.221 -2196.96 381.165 -13.123 -381.012 2220.154 2025 河北 晒干 一等 074
4184102 4602 2025/9/4 20:03:24 P18 36.74 63.61 0 37.28 14.77 925.74 904.82 84.534 199.738 1142.273 -366.058 359.039 1846.619 -2969.818 -405.273 -1520.233 -764.465 -1975.25 -1268.005 -563.202 154.419 594.33 420.685 631.714 171.661 6.561 345.459 -2653.046 25.94 -1850.281 -1143.799 -2317.81 -1626.282 -915.68 -201.569 698.853 552.368 -2525.635 24.567 503.845 -0.305 -2204.285 386.658 -14.648 -380.554 2222.137 2025 河北 晒干 一等 074
4184103 4602 2025/9/4 20:03:25 P18 36.67 63.5 0 37.24 14.81 925.73 904.8 84.076 200.958 1142.12 -374.756 342.56 1858.215 -2970.123 -412.598 -1519.623 -773.01 -1973.267 -1268.768 -563.049 152.741 594.482 422.821 631.409 171.967 -7.324 346.375 -2649.231 21.21 -1851.196 -1145.325 -2312.927 -1622.009 -917.206 -203.247 697.784 552.368 -2528.381 17.09 502.625 0.916 -2206.116 378.723 -16.022 -378.876 2230.377 2025 河北 晒干 一等 074
4184104 4602 2025/9/4 20:03:26 P18 36.6 63.54 0 37.28 14.82 925.73 904.82 84.839 201.263 1142.731 -372.009 345.764 1858.826 -2962.341 -421.295 -1513.519 -781.555 -1964.264 -1258.24 -555.878 157.318 595.856 422.974 630.646 171.967 -5.035 347.9 -2642.365 4.73 -1845.551 -1144.409 -2306.213 -1612.091 -907.44 -196.075 696.716 552.673 -2522.583 20.599 503.082 -0.763 -2200.165 381.47 -13.123 -379.181 2224.426 2025 河北 晒干 一等 074
4184105 4602 2025/9/4 20:03:27 P18 36.66 63.68 0 37.22 14.83 925.72 904.81 84.686 200.806 1142.12 -372.925 349.731 1854.706 -2956.696 -419.922 -1506.042 -776.825 -1963.654 -1257.629 -553.742 156.555 596.008 423.431 628.357 171.814 -3.357 346.985 -2637.177 10.834 -1837.616 -1141.663 -2303.772 -1610.565 -907.135 -195.313 695.496 551.758 -2517.7 19.073 502.625 0.305 -2194.519 379.791 -17.09 -379.639 2224.579 2025 河北 晒干 一等 074
4184106 4602 2025/9/4 20:03:28 P18 36.66 63.58 0 37.24 14.76 925.75 904.8 84.534 202.179 1141.663 -368.958 356.293 1853.485 -2963.715 -416.565 -1511.383 -777.283 -1972.198 -1269.836 -559.082 156.403 596.008 423.584 628.357 172.272 1.984 348.206 -2643.738 17.395 -1842.804 -1141.663 -2312.012 -1620.789 -914.917 -199.585 694.885 551.453 -2519.379 17.395 502.319 0.305 -2197.418 379.028 -16.327 -379.944 2220.917 2025 河北 晒干 一等 074
4184107 4602 2025/9/4 20:03:29 P18 36.79 63.6 0 37.3 14.87 925.74 904.81 84.839 200.958 1140.594 -371.399 351.41 1854.553 -2959.137 -405.121 -1515.808 -766.296 -1970.825 -1267.395 -559.692 154.419 597.229 425.11 627.747 172.424 -1.526 347.443 -2641.296 23.651 -1845.245 -1143.341 -2310.333 -1620.178 -912.476 -201.416 693.054 550.995 -2522.43 17.853 502.014 0.153 -2199.707 378.876 -14.191 -383.911 2228.088 2025 河北 晒干 一等 074
4184108 4602 2025/9/4 20:03:30 P18 36.79 63.57 0 37.3 14.84 925.73 904.82 85.144 201.874 1140.442 -367.737 353.394 1853.943 -2974.243 -415.497 -1505.585 -772.247 -1975.25 -1269.989 -561.218 155.335 596.924 423.584 628.052 171.509 2.747 345.917 -2654.114 10.071 -1836.09 -1139.221 -2317.2 -1623.23 -915.07 -202.637 691.528 550.232 -2516.785 17.548 501.099 0.305 -2192.688 378.265 -16.785 -378.113 2221.375 2025 河北 晒干 一等 074
4184109 4602 2025/9/4 20:03:31 P18 36.66 63.5 0 37.24 14.67 925.76 904.8 85.144 201.569 1140.289 -371.857 353.088 1855.469 -2974.243 -396.423 -1505.585 -755.158 -1975.403 -1270.294 -560.303 153.351 596.466 425.568 625.916 170.441 -1.221 346.527 -2655.64 31.738 -1839.294 -1137.39 -2320.557 -1622.925 -914.154 -202.332 689.85 550.079 -2519.073 16.022 501.251 1.526 -2196.808 375.824 -17.09 -380.249 2222.443 2025 河北 晒干 一等 074
4184110 4602 2025/9/4 20:03:32 P18 36.69 63.58 0 37.25 14.84 925.76 904.81 84.229 201.416 1139.526 -377.502 352.02 1851.654 -2974.243 -409.699 -1502.075 -770.569 -1982.117 -1277.466 -564.728 152.588 596.161 424.194 623.779 171.204 -5.035 348.206 -2657.166 23.041 -1834.412 -1135.864 -2322.693 -1633.453 -920.105 -203.552 688.782 550.385 -2514.343 13.275 501.099 0.916 -2190.857 374.146 -15.259 -381.165 2223.511 2025 河北 晒干 一等 074
4184111 4602 2025/9/4 20:03:33 P18 36.67 63.55 0 37.31 14.81 925.72 904.79 84.381 202.789 1137.695 -372.62 353.699 1851.349 -2979.126 -408.936 -1505.432 -770.416 -1982.422 -1275.787 -568.848 144.043 596.314 425.11 623.169 171.967 0.458 345.612 -2659.76 28.229 -1837.311 -1129.303 -2325.592 -1629.944 -923.004 -210.114 687.561 549.469 -2515.259 12.054 500.488 2.289 -2193.146 373.993 -16.174 -381.012 2222.9 2025 河北 晒干 一等 074
4184112 4602 2025/9/4 20:03:34 P18 36.69 63.48 0 37.34 14.84 925.75 904.8 84.991 201.569 1137.543 -371.857 352.173 1853.18 -2976.99 -399.933 -1499.329 -761.414 -1979.675 -1273.346 -564.88 150.452 596.619 424.194 621.948 172.119 -1.526 345.612 -2656.86 33.112 -1833.801 -1131.287 -2321.777 -1626.892 -920.41 -206.757 686.188 549.622 -2510.834 9.003 500.031 2.136 -2189.484 370.941 -16.327 -378.265 2221.375 2025 河北 晒干 一等 074
4184113 4602 2025/9/4 20:03:35 P18 36.62 63.57 0 37.32 14.54 925.75 904.8 84.991 201.111 1136.017 -379.334 339.05 1857.91 -2972.412 -396.881 -1504.211 -760.04 -1972.198 -1265.717 -559.692 152.13 595.551 423.737 620.575 172.577 -10.681 344.849 -2651.672 28.839 -1837.616 -1135.864 -2315.826 -1618.042 -912.476 -201.874 684.509 548.401 -2515.717 10.376 499.115 3.052 -2193.756 373.23 -15.717 -381.775 2216.034 2025 河北 晒干 一等 074
4184114 4602 2025/9/4 20:03:36 P18 36.6 63.55 0 37.29 14.85 925.73 904.83 84.991 200.653 1136.017 -365.601 357.666 1851.196 -2931.824 -403.748 -1504.059 -760.498 -1940.613 -1246.643 -546.265 159.76 596.314 423.431 620.422 172.73 4.578 345.306 -2613.22 24.719 -1830.139 -1137.39 -2280.121 -1592.712 -897.675 -189.514 683.594 547.943 -2508.392 10.071 498.81 3.204 -2184.753 371.552 -16.785 -380.554 2220.306 2025 河北 晒干 一等 074
4184115 4602 2025/9/4 20:03:37 P18 36.65 63.58 0 37.14 14.83 925.75 904.83 84.534 200.806 1135.101 -366.516 353.394 1850.586 -2939.453 -394.135 -1501.007 -749.054 -1946.564 -1247.711 -552.216 153.961 594.025 423.431 619.049 171.509 1.984 344.391 -2619.019 28.381 -1828.003 -1141.052 -2285.919 -1599.731 -899.658 -195.77 681.152 546.417 -2509.155 13.733 497.437 2.136 -2186.432 374.603 -17.09 -378.113 2221.222 2025 河北 晒干 一等 074
4184116 4602 2025/9/4 20:03:38 P18 36.73 63.54 0 37.25 14.77 925.75 904.82 84.686 201.263 1134.033 -379.334 342.407 1854.553 -2941.589 -411.53 -1493.53 -763.092 -1947.479 -1249.084 -551.3 157.318 593.414 423.279 618.286 171.967 -10.986 343.628 -2620.087 23.041 -1821.747 -1134.491 -2285.614 -1598.816 -902.405 -195.618 681.152 545.96 -2505.035 7.935 496.979 3.662 -2180.939 369.263 -16.022 -379.639 2220.612 2025 河北 晒干 一等 074
4184117 4602 2025/9/4 20:03:39 P18 36.65 63.5 0 37.3 14.92 925.74 904.81 84.534 200.195 1132.507 -382.385 340.424 1853.943 -2946.167 -401.001 -1498.108 -757.294 -1953.888 -1256.256 -555.42 152.13 595.093 423.126 617.981 171.967 -13.275 344.849 -2626.343 27.466 -1827.698 -1134.644 -2293.854 -1605.377 -907.593 -200.348 679.169 545.349 -2507.324 10.529 496.826 3.815 -2184.143 372.315 -17.7 -380.707 2221.375 2025 河北 晒干 一等 074
4184118 4602 2025/9/4 20:03:40 P18 36.66 63.54 0 37.32 14.72 925.74 904.82 84.839 200.653 1133.27 -375.061 354.004 1849.823 -2979.279 -409.851 -1498.718 -772.4 -1987.457 -1284.18 -569.611 147.705 594.94 424.347 616.303 172.272 -3.204 345.764 -2661.896 25.024 -1831.818 -1128.235 -2329.865 -1636.047 -927.734 -208.588 677.948 545.197 -2510.681 7.935 496.368 3.662 -2187.347 367.889 -16.022 -380.554 2223.663 2025 河北 晒干 一等 074
4184119 4602 2025/9/4 20:03:41 P18 36.65 63.48 0 37.32 14.72 925.77 904.83 84.381 200.043 1132.355 -380.859 336.609 1857.3 -2939.148 -396.881 -1498.718 -754.395 -1952.057 -1256.409 -554.047 152.435 593.72 424.5 617.676 171.356 -12.512 344.849 -2621.307 31.738 -1824.646 -1131.287 -2290.649 -1605.377 -905.151 -198.669 676.575 544.434 -2504.425 6.104 495.453 5.035 -2181.244 367.584 -16.022 -379.639 2221.527 2025 河北 晒干 一等 074
4184120 4602 2025/9/4 20:03:42 P18 36.74 63.6 0 37.28 14.77 925.75 904.8 84.229 200.043 1130.524 -375.977 345.154 1851.959 -2962.799 -407.105 -1494.293 -763.397 -1962.433 -1261.749 -560.303 152.283 593.109 423.279 615.845 171.509 -6.256 342.712 -2641.907 17.395 -1822.815 -1131.287 -2305.756 -1613.312 -911.56 -201.263 674.591 543.213 -2504.12 8.24 495.3 5.798 -2180.176 368.652 -16.022 -381.622 2212.372 2025 河北 晒干 一等 074
4184121 4602 2025/9/4 20:03:43 P18 36.65 63.48 0 37.32 14.77 925.73 904.82 83.923 199.738 1129.761 -379.944 340.576 1850.281 -2969.818 -401.764 -1493.225 -758.209 -1967.926 -1264.343 -561.066 149.078 592.499 424.194 615.234 172.424 -11.292 341.644 -2648.621 28.992 -1821.899 -1125.488 -2311.401 -1617.126 -912.476 -204.468 672.455 542.45 -2502.136 8.545 494.08 4.73 -2178.955 370.026 -16.937 -380.249 2220.001 2025 河北 晒干 一等 074
4184122 4602 2025/9/4 20:03:44 P18 36.69 63.51 0 37.22 14.9 925.76 904.79 84.534 200.348 1128.998 -395.203 326.233 1858.521 -2970.276 -404.205 -1493.225 -763.397 -1978.302 -1276.703 -570.221 147.095 592.194 423.737 613.098 172.272 -25.635 341.187 -2650.909 24.567 -1823.73 -1125.031 -2318.573 -1628.571 -924.835 -209.503 671.082 541.992 -2503.052 7.782 493.622 5.188 -2180.328 368.5 -18.158 -380.554 2221.222 2025 河北 晒干 一等 074
4184123 4602 2025/9/4 20:03:45 P18 36.69 63.55 0 37.22 14.85 925.76 904.81 84.381 200.653 1129.303 -390.778 328.98 1858.215 -2953.644 -402.679 -1491.241 -759.888 -1962.28 -1265.259 -563.965 148.926 591.583 425.415 611.42 171.509 -23.193 341.95 -2633.82 27.924 -1818.848 -1124.115 -2301.636 -1614.075 -915.527 -206.604 669.403 541.077 -2498.932 10.681 493.012 5.951 -2175.598 371.552 -17.242 -381.622 2220.001 2025 河北 晒干 一等 074
4184124 4602 2025/9/4 20:03:46 P18 36.69 63.52 0 37.3 14.82 925.74 904.83 84.686 200.958 1128.54 -387.878 337.372 1851.196 -2984.924 -412.445 -1499.023 -773.163 -1989.288 -1283.875 -574.799 143.433 594.025 425.263 610.809 171.661 -17.09 341.644 -2666.168 23.041 -1831.36 -1126.099 -2331.238 -1638.641 -928.803 -214.844 668.182 541.077 -2510.681 6.409 492.706 5.188 -2188.416 367.889 -16.327 -381.165 2221.527 2025 河北 晒干 一等 074
4184125 4602 2025/9/4 20:03:47 P18 36.73 63.5 0 37.31 14.81 925.74 904.82 84.381 200.653 1128.387 -382.538 343.323 1850.128 -2981.72 -417.175 -1500.854 -779.114 -1984.253 -1276.703 -569.763 142.212 593.567 425.873 607.91 172.119 -10.071 340.881 -2660.675 15.564 -1835.175 -1127.167 -2326.66 -1629.944 -924.225 -211.945 667.419 540.466 -2511.749 5.646 492.249 8.392 -2190.094 367.279 -16.937 -381.47 2220.612 2025 河北 晒干 一等 074
4184126 4602 2025/9/4 20:03:48 P18 36.66 63.46 0 37.35 14.87 925.76 904.82 84.839 200.501 1126.709 -385.895 336.914 1854.858 -2977.6 -411.224 -1498.26 -771.484 -1979.98 -1275.787 -567.017 148.01 593.72 425.72 606.537 173.187 -14.496 341.492 -2657.776 21.515 -1830.444 -1125.031 -2322.693 -1626.587 -921.631 -208.893 665.131 540.161 -2507.477 0.61 491.943 7.629 -2185.211 362.396 -15.717 -380.402 2221.985 2025 河北 晒干 一等 074
4184127 4602 2025/9/4 20:03:49 P18 36.7 63.54 0 37.29 14.87 925.78 904.81 84.839 200.653 1126.556 -386.2 333.71 1853.638 -2969.208 -404.968 -1493.683 -762.482 -1971.13 -1270.142 -565.186 147.705 594.788 426.331 605.164 172.882 -19.226 340.118 -2649.689 28.687 -1824.341 -1124.725 -2315.063 -1622.162 -916.748 -207.52 664.368 540.009 -2503.967 7.629 491.18 10.376 -2180.023 371.246 -13.733 -384.674 2223.053 2025 河北 晒干 一等 074
4184128 4602 2025/9/4 20:03:50 P18 36.69 63.54 0 37.3 14.82 925.77 904.81 85.602 201.263 1127.472 -391.235 335.693 1854.858 -2962.952 -414.581 -1488.647 -770.569 -1969.452 -1270.599 -566.101 149.689 596.161 426.941 605.621 172.577 -19.531 344.238 -2646.79 20.294 -1817.322 -1119.232 -2312.164 -1623.688 -917.206 -204.773 662.537 540.314 -2498.779 -1.831 491.638 9.613 -2174.072 358.582 -17.395 -380.859 2224.121 2025 河北 晒干 一等 074
4184129 4602 2025/9/4 20:03:51 P18 36.74 63.57 0 37.3 14.85 925.76 904.81 85.144 202.637 1128.387 -387.116 339.356 1855.469 -2973.175 -414.887 -1486.359 -772.553 -1981.049 -1279.144 -570.068 145.721 596.314 428.162 605.164 172.73 -15.411 343.781 -2654.266 16.327 -1817.169 -1123.352 -2321.32 -1631.012 -925.293 -209.808 663.147 540.619 -2496.338 -3.967 492.249 9.003 -2173.767 356.445 -17.09 -381.622 2222.137 2025 河北 晒干 一等 074
4184130 4602 2025/9/4 20:03:52 P18 36.66 63.46 0 37.34 15 925.76 904.81 86.212 201.874 1127.625 -386.353 337.067 1857.605 -2970.886 -396.271 -1494.904 -755.463 -1977.386 -1274.414 -569.611 144.959 597.076 427.704 605.011 172.577 -15.717 344.391 -2651.978 33.417 -1826.63 -1123.657 -2317.657 -1626.892 -922.546 -211.182 662.384 540.772 -2503.815 -0.458 491.791 10.071 -2182.77 361.023 -16.937 -378.113 2224.884 2025 河北 晒干 一等 074
4184131 4602 2025/9/4 20:03:53 P18 36.72 63.47 0 37.26 14.77 925.77 904.8 84.991 202.179 1127.319 -383.911 341.644 1854.095 -2954.407 -391.083 -1488.8 -749.817 -1963.959 -1266.327 -561.066 147.553 597.076 428.314 606.232 172.272 -12.512 344.238 -2635.345 35.248 -1814.728 -1120.3 -2303.009 -1615.448 -913.696 -205.383 662.231 540.009 -2494.202 3.357 491.638 8.24 -2170.41 365.143 -16.937 -379.944 2225.037 2025 河北 晒干 一等 074
4184132 4602 2025/9/4 20:03:54 P18 36.77 63.47 0 37.42 15 925.76 904.82 86.06 202.942 1127.319 -388.641 339.813 1853.638 -2984.161 -403.137 -1489.41 -762.787 -1991.425 -1285.095 -571.442 144.959 596.466 428.314 605.469 172.577 -15.259 343.628 -2665.1 34.18 -1819.458 -1120.3 -2330.627 -1639.252 -927.429 -214.081 661.774 539.856 -2498.474 0.916 491.18 9.155 -2176.056 361.633 -14.496 -377.808 2225.037 2025 河北 晒干 一等 074
4184133 4602 2025/9/4 20:03:55 P18 36.69 63.44 0 37.29 14.8 925.75 904.83 85.602 202.484 1125.336 -382.08 344.544 1850.739 -2979.889 -396.423 -1485.748 -758.057 -1986.237 -1285.248 -575.104 143.738 597.229 428.162 603.027 173.187 -10.071 344.544 -2661.591 36.316 -1819.153 -1116.028 -2328.033 -1636.963 -929.26 -213.623 659.18 539.093 -2498.016 1.678 490.723 9.46 -2175.598 361.633 -16.479 -378.876 2225.494 2025 河北 晒干 一等 074
4184134 4602 2025/9/4 20:03:56 P18 36.74 63.61 0 37.25 14.93 925.77 904.83 86.06 202.179 1123.505 -382.996 339.05 1857.147 -2976.685 -414.429 -1488.953 -774.841 -1986.694 -1281.891 -570.374 145.416 596.924 426.788 603.485 172.73 -13.886 344.238 -2658.997 21.515 -1817.932 -1116.791 -2325.745 -1636.505 -925.903 -211.792 657.806 538.33 -2496.796 5.341 489.96 9.155 -2174.683 366.211 -16.327 -381.165 2222.29 2025 河北 晒干 一等 074
4184135 4602 2025/9/4 20:03:57 P18 36.67 63.47 0 37.25 14.77 925.77 904.79 85.602 202.179 1123.199 -382.385 337.219 1857.452 -2970.886 -401.764 -1488.8 -760.651 -1974.945 -1271.973 -566.406 148.01 597.229 427.246 600.128 173.187 -12.512 343.323 -2649.231 31.128 -1819.611 -1117.859 -2316.437 -1623.23 -919.8 -207.672 656.738 538.788 -2499.39 -0.458 489.96 10.529 -2175.903 360.26 -16.479 -381.317 2223.816 2025 河北 晒干 一等 074
4184136 4602 2025/9/4 20:03:58 P18 36.79 63.51 0 37.2 14.8 925.77 904.81 85.297 200.958 1122.894 -386.963 338.593 1852.875 -2964.02 -408.173 -1484.68 -767.059 -1972.351 -1271.057 -563.355 146.332 596.924 427.246 599.823 172.73 -14.954 342.865 -2645.569 17.7 -1814.423 -1118.774 -2312.012 -1622.925 -917.664 -205.536 655.365 538.33 -2493.134 0.916 489.502 11.292 -2169.647 361.023 -16.479 -380.554 2220.764 2025 河北 晒干 一等 074
4184137 4602 2025/9/4 20:03:59 P18 36.79 63.46 0 37.2 14.69 925.76 904.82 85.449 201.416 1122.131 -393.066 327.606 1859.894 -2974.701 -405.121 -1488.647 -766.144 -1982.88 -1280.823 -571.899 143.738 595.703 426.941 597.839 173.035 -24.567 342.712 -2656.25 21.515 -1821.442 -1119.08 -2322.388 -1631.927 -927.277 -213.318 654.45 537.872 -2501.526 4.578 488.892 12.512 -2178.65 365.906 -16.937 -378.113 2227.936 2025 河北 晒干 一等 074
4184138 4602 2025/9/4 20:04:00 P18 36.69 63.58 0 37.29 14.88 925.76 904.8 85.144 201.721 1121.979 -394.44 329.59 1857.452 -2969.818 -414.124 -1493.835 -774.841 -1981.964 -1277.771 -569.611 142.212 595.551 428.162 596.619 173.34 -23.041 341.339 -2652.283 19.531 -1825.409 -1120.148 -2320.862 -1630.707 -923.615 -212.097 653.839 536.804 -2500.61 -0.458 488.586 12.817 -2178.65 360.718 -16.174 -380.707 2223.816 2025 河北 晒干 一等 074
4184139 4602 2025/9/4 20:04:01 P18 36.74 63.55 0 37.47 14.88 925.78 904.81 85.297 202.332 1121.979 -388.794 332.031 1856.537 -2966.766 -411.682 -1490.173 -771.332 -1978.912 -1276.245 -570.068 140.991 596.161 427.856 594.33 172.882 -19.226 341.644 -2649.536 13.733 -1822.357 -1122.131 -2318.878 -1628.265 -923.462 -212.555 652.924 536.804 -2499.39 -0.305 488.281 14.801 -2177.124 361.023 -17.395 -381.775 2224.121 2025 河北 晒干 一等 074
4184140 4602 2025/9/4 20:04:02 P18 36.8 63.5 0 37.34 14.82 925.77 904.82 86.212 201.874 1120.3 -388.184 334.32 1856.842 -2958.527 -410.461 -1505.89 -771.332 -1972.656 -1273.346 -568.39 142.212 596.466 427.856 596.924 172.882 -17.395 342.407 -2640.991 19.684 -1831.36 -1121.826 -2310.638 -1624.908 -920.715 -212.25 651.703 536.652 -2504.578 0.458 487.824 13.123 -2184.296 362.701 -17.242 -381.622 2223.816 2025 河北 晒干 一等 074
4184141 4602 2025/9/4 20:04:03 P18 36.6 63.52 0 37.27 14.87 925.75 904.81 86.212 201.874 1121.063 -390.167 327.454 1859.131 -2951.508 -404.511 -1491.241 -762.482 -1958.923 -1262.207 -566.559 143.738 596.924 427.856 591.126 172.73 -22.583 340.424 -2630.768 22.43 -1819.763 -1122.742 -2296.753 -1611.176 -914.917 -209.045 650.482 536.499 -2497.711 -1.984 487.976 15.259 -2175.293 359.497 -16.937 -382.08 2223.206 2025 河北 晒干 一等 074
4184142 4602 2025/9/4 20:04:04 P18 36.7 63.54 0 37.43 14.97 925.78 904.82 85.144 201.569 1119.69 -386.353 332.794 1858.673 -2942.963 -405.884 -1481.781 -764.465 -1954.651 -1260.529 -561.981 145.874 597.534 427.856 591.126 173.187 -19.073 343.781 -2623.749 21.82 -1809.845 -1116.638 -2292.023 -1608.429 -912.018 -203.857 649.567 535.584 -2488.403 1.373 486.908 14.496 -2165.833 363.007 -15.717 -379.486 2224.274 2025 河北 晒干 一等 074
4184143 4602 2025/9/4 20:04:05 P18 36.76 63.54 0 37.17 14.81 925.75 904.84 85.754 202.484 1119.232 -383.301 336.609 1857.147 -2947.083 -417.175 -1475.372 -772.553 -1955.261 -1257.324 -558.777 146.179 596.466 427.551 590.057 173.492 -13.58 341.034 -2626.038 5.188 -1803.131 -1111.755 -2292.328 -1605.53 -910.645 -204.468 648.651 535.431 -2486.42 -3.815 486.45 14.191 -2161.56 356.903 -6.714 -379.944 2223.969 2025 河北 晒干 一等 074
4184144 4602 2025/9/4 20:04:06 P18 36.66 63.48 0 37.44 14.87 925.75 904.84 86.06 201.569 1118.927 -398.102 315.247 1865.845 -2942.81 -400.085 -1474.457 -755.92 -1954.956 -1254.578 -557.861 145.416 596.771 428.772 588.074 173.035 -31.281 341.644 -2624.969 25.482 -1800.385 -1107.33 -2293.396 -1605.682 -907.44 -202.637 648.041 535.431 -2477.417 2.747 487.061 18.005 -2154.999 363.464 -16.632 -381.165 2224.426 2025 河北 晒干 一等 074
4184145 4602 2025/9/4 20:04:07 P18 36.74 63.62 0 37.3 14.9 925.74 904.84 86.365 201.721 1118.774 -388.794 330.048 1856.689 -2948.456 -396.423 -1478.424 -752.106 -1956.329 -1257.172 -557.251 146.332 596.008 426.941 588.684 173.035 -19.531 340.424 -2630.615 29.449 -1805.42 -1112.213 -2297.974 -1605.835 -907.898 -202.637 647.43 535.584 -2484.436 -1.526 486.45 16.327 -2162.018 359.955 -16.937 -380.402 2222.9 2025 河北 晒干 一等 074
4184146 4602 2025/9/4 20:04:08 P18 36.62 63.55 0 37.25 14.82 925.76 904.8 85.602 200.958 1118.011 -391.998 333.71 1853.18 -2987.671 -406.189 -1485.138 -769.196 -1992.798 -1290.283 -576.325 138.702 596.619 426.941 588.684 171.967 -20.142 341.034 -2669.067 23.041 -1815.796 -1115.723 -2333.374 -1641.998 -932.77 -216.522 645.599 533.905 -2494.354 0.763 485.535 15.717 -2172.394 362.701 -16.937 -381.47 2222.595 2025 河北 晒干 一等 074
4184147 4602 2025/9/4 20:04:09 P18 36.73 63.52 0 37.29 14.96 925.78 904.82 85.602 201.721 1117.706 -392.304 328.217 1855.164 -2948.608 -402.832 -1477.814 -760.498 -1963.348 -1262.817 -563.507 142.975 595.703 426.636 585.632 173.645 -22.278 339.966 -2631.073 24.261 -1803.131 -1109.009 -2300.873 -1614.685 -913.086 -207.214 644.989 533.752 -2480.621 -2.747 485.23 17.853 -2157.898 357.513 -18.768 -380.859 2222.137 2025 河北 晒干 一等 074
4184148 4602 2025/9/4 20:04:10 P18 36.7 63.54 0 37.29 14.95 925.79 904.85 85.602 201.721 1116.486 -391.235 329.895 1855.316 -2971.191 -401.611 -1477.051 -759.735 -1977.539 -1272.278 -565.796 143.28 595.245 428.314 587.158 172.424 -21.057 340.881 -2652.435 25.177 -1803.589 -1107.788 -2318.42 -1626.129 -918.884 -208.893 644.226 533.295 -2486.115 -6.409 485.077 17.7 -2161.865 357.361 -17.09 -380.554 2223.358 2025 河北 晒干 一等 074
4184149 4602 2025/9/4 20:04:11 P18 36.72 63.5 0 37.12 14.88 925.77 904.84 86.06 200.958 1116.638 -390.167 333.252 1850.433 -2980.804 -418.854 -1475.22 -776.062 -1982.422 -1274.872 -569.916 140.381 594.33 426.941 588.226 171.356 -19.989 338.44 -2661.591 5.341 -1804.81 -1107.33 -2325.134 -1628.265 -922.852 -213.776 643.158 532.532 -2485.657 -5.188 484.619 16.479 -2161.255 353.088 -19.073 -383.606 2215.881 2025 河北 晒干 一等 074
4184150 4602 2025/9/4 20:04:12 P18 36.73 63.5 0 37.34 14.75 925.74 904.84 85.602 200.501 1115.875 -395.05 329.132 1854.248 -2988.892 -405.121 -1475.677 -765.991 -1992.34 -1282.654 -574.951 137.94 593.567 427.094 585.175 172.272 -22.888 338.745 -2669.83 20.599 -1808.472 -1103.973 -2335.968 -1638.336 -926.209 -217.438 641.632 531.921 -2487.488 -9.155 483.551 17.853 -2164.154 352.02 -14.648 -380.859 2223.663 2025 河北 晒干 一等 074
4184151 4602 2025/9/4 20:04:13 P18 36.73 63.44 0 37.34 14.83 925.75 904.8 85.754 200.653 1115.112 -394.898 323.792 1854.706 -2960.358 -410.156 -1480.408 -767.517 -1971.13 -1274.414 -573.883 138.855 594.177 427.551 585.327 172.272 -26.855 339.05 -2642.365 18.616 -1808.167 -1107.178 -2310.486 -1623.84 -924.53 -216.827 639.038 531.464 -2485.809 -10.223 482.788 18.311 -2164.612 350.647 -17.548 -379.181 2222.29 2025 河北 晒干 一等 074
4184152 4602 2025/9/4 20:04:14 P18 36.65 63.48 0 37.26 14.87 925.79 904.83 85.602 200.653 1114.044 -390.015 328.827 1855.927 -2953.033 -403.748 -1472.931 -761.108 -1965.637 -1263.885 -564.728 140.991 595.245 428.467 584.869 172.272 -20.599 337.982 -2635.956 23.651 -1801.91 -1106.873 -2304.382 -1615.295 -914.154 -209.961 638.58 530.548 -2478.943 -9.613 482.788 16.937 -2156.219 350.647 -11.444 -380.859 2215.729 2025 河北 晒干 一等 074
4184153 4602 2025/9/4 20:04:15 P18 36.69 63.5 0 37.37 14.88 925.78 904.82 85.602 201.569 1114.044 -393.372 325.012 1855.316 -2971.039 -416.26 -1475.22 -773.315 -1974.03 -1267.853 -566.559 141.602 596.161 429.077 585.175 173.187 -24.719 339.05 -2651.672 12.36 -1802.979 -1104.889 -2316.742 -1621.857 -917.358 -209.503 637.665 530.701 -2481.537 -9.308 482.483 18.311 -2158.661 351.715 -17.548 -380.554 2221.68 2025 河北 晒干 一等 074
4184154 4602 2025/9/4 20:04:16 P18 36.63 63.52 0 37.4 14.74 925.77 904.82 85.754 201.569 1114.502 -399.17 323.334 1855.927 -2976.379 -401.459 -1475.525 -759.735 -1981.049 -1278.534 -570.831 140.533 595.856 428.772 586.243 173.035 -28.839 339.813 -2656.708 27.618 -1802.826 -1104.889 -2322.083 -1632.08 -923.615 -212.708 636.749 530.701 -2483.978 -10.834 482.178 18.311 -2159.576 349.121 -16.937 -381.928 2224.274 2025 河北 晒干 一等 074
4184155 4602 2025/9/4 20:04:17 P18 36.72 63.48 0 37.36 14.85 925.77 904.84 86.06 202.026 1113.434 -392.151 331.116 1851.807 -2978.21 -412.14 -1479.034 -771.484 -1985.168 -1281.128 -575.104 136.871 596.314 429.535 586.09 172.119 -21.057 337.524 -2659.454 20.294 -1812.286 -1105.652 -2326.355 -1633.453 -928.497 -217.896 636.444 530.396 -2488.861 -9.613 482.788 18.463 -2167.053 351.868 -18.463 -382.385 2220.001 2025 河北 晒干 一等 074
4184156 4602 2025/9/4 20:04:18 P18 36.79 63.5 0 37.25 14.7 925.78 904.85 85.907 201.416 1113.129 -397.492 319.061 1855.316 -2968.14 -403.442 -1466.522 -760.498 -1973.724 -1274.719 -573.273 136.871 595.856 429.382 583.954 172.882 -29.144 335.999 -2648.468 20.905 -1798.553 -1104.279 -2315.369 -1623.84 -923.767 -218.201 635.071 529.175 -2476.654 -7.172 481.262 17.548 -2154.541 353.546 -18.768 -381.928 2225.037 2025 河北 晒干 一等 074
4184157 4602 2025/9/4 20:04:19 P18 36.69 63.52 0 37.25 14.74 925.77 904.85 85.907 201.874 1113.129 -406.036 320.892 1855.011 -2990.112 -409.851 -1478.729 -772.4 -1996.307 -1291.962 -579.071 134.43 596.466 429.993 584.717 173.645 -33.112 339.356 -2671.661 24.414 -1811.066 -1107.33 -2337.799 -1644.287 -934.906 -220.947 633.85 530.09 -2488.708 -9.308 481.567 19.379 -2166.443 351.868 -14.648 -381.928 2223.663 2025 河北 晒干 一等 074
4184158 4602 2025/9/4 20:04:20 P18 36.72 63.44 0 37.31 14.9 925.77 904.85 85.754 201.874 1111.908 -402.069 317.841 1858.826 -2987.061 -404.205 -1474.457 -764.923 -1995.697 -1287.537 -578.461 136.108 596.771 429.993 583.038 173.798 -32.806 338.898 -2668.915 30.67 -1804.657 -1098.328 -2336.578 -1642.761 -931.702 -219.879 632.629 529.022 -2483.063 -12.207 480.804 20.599 -2160.187 349.426 -18.158 -380.707 2219.391 2025 河北 晒干 一等 074
4184159 4602 2025/9/4 20:04:21 P18 36.63 63.46 0 37.25 14.87 925.77 904.83 86.67 202.179 1111.145 -397.339 320.282 1859.589 -2950.439 -401.154 -1462.86 -756.226 -1959.839 -1263.58 -566.711 141.449 596.466 429.23 581.665 173.645 -28.992 338.898 -2630.005 25.482 -1790.161 -1102.448 -2297.363 -1612.244 -916.901 -208.13 631.714 528.412 -2470.398 -12.207 480.499 19.379 -2145.996 349.121 -15.411 -379.944 2226.715 2025 河北 晒干 一等 074
4184160 4602 2025/9/4 20:04:22 P18 36.74 63.43 0 37.33 14.81 925.77 904.82 85.754 202.332 1111.298 -411.377 305.176 1867.371 -2950.134 -398.254 -1461.945 -753.937 -1960.602 -1267.395 -566.101 140.228 596.771 428.925 580.75 172.73 -45.013 340.576 -2632.599 30.67 -1786.804 -1093.75 -2299.652 -1616.211 -917.358 -208.893 630.951 528.87 -2468.719 -13.275 480.194 19.684 -2144.47 345.764 -18.311 -380.249 2227.783 2025 河北 晒干 一等 074
4184161 4602 2025/9/4 20:04:23 P18 36.7 63.48 0 37.35 14.88 925.75 904.82 85.907 202.789 1111.298 -393.982 329.742 1851.501 -2955.475 -410.461 -1457.977 -762.94 -1961.975 -1265.564 -567.932 141.449 597.382 429.535 579.071 172.73 -23.956 339.508 -2635.193 17.7 -1784.363 -1092.072 -2301.788 -1612.854 -918.579 -212.097 630.951 528.565 -2467.957 -16.174 480.347 19.836 -2143.402 344.391 -17.09 -380.402 2225.952 2025 河北 晒干 一等 074
4184162 4602 2025/9/4 20:04:24 P18 36.73 63.54 0 37.32 14.85 925.8 904.87 86.67 202.179 1110.687 -402.832 321.655 1858.215 -2963.104 -406.952 -1464.539 -764.465 -1973.267 -1275.635 -570.831 137.329 597.839 429.535 576.782 173.035 -32.196 340.424 -2644.501 24.261 -1792.297 -1096.344 -2312.317 -1624.298 -924.225 -214.691 629.73 528.717 -2472.076 -13.428 480.194 20.905 -2148.438 345.001 -17.09 -380.554 2221.222 2025 河北 晒干 一等 074
4184163 4602 2025/9/4 20:04:25 P18 36.66 63.51 0 37.26 14.77 925.78 904.84 86.365 202.942 1110.84 -397.949 323.029 1858.215 -2968.14 -400.238 -1464.691 -757.446 -1971.893 -1273.651 -572.205 140.686 598.145 430.756 576.325 173.035 -28.687 340.271 -2647.705 30.365 -1795.654 -1095.276 -2314.758 -1623.383 -923.767 -213.013 629.883 528.565 -2474.823 -12.817 479.736 21.973 -2151.489 347.29 -17.395 -382.69 2224.884 2025 河北 晒干 一等 074
4184164 4602 2025/9/4 20:04:26 P18 36.69 63.51 0 37.3 14.93 925.77 904.85 86.212 202.637 1109.161 -403.748 316.62 1862.793 -2962.799 -407.257 -1464.081 -764.16 -1968.689 -1270.447 -569.153 140.533 597.992 430.603 575.714 173.035 -34.18 340.576 -2642.822 15.564 -1792.45 -1098.48 -2308.807 -1619.263 -920.41 -211.487 629.273 528.565 -2470.856 -17.242 479.279 22.583 -2144.165 344.391 -12.665 -381.775 2227.325 2025 河北 晒干 一等 074
4184165 4602 2025/9/4 20:04:27 P18 36.69 63.5 0 37.3 14.72 925.8 904.85 86.823 203.857 1109.772 -403.29 316.467 1860.657 -2977.6 -416.412 -1463.013 -773.315 -1982.574 -1278.534 -573.273 139.008 597.534 431.366 574.493 173.035 -34.485 339.661 -2655.945 10.071 -1796.57 -1097.26 -2321.93 -1630.554 -926.666 -215.912 628.052 528.412 -2477.264 -17.7 479.126 21.973 -2153.473 341.95 -16.785 -380.554 2226.41 2025 河北 晒干 一等 074
4184166 4602 2025/9/4 20:04:28 P18 36.74 63.48 0 37.41 14.93 925.77 904.86 86.975 203.552 1109.619 -400.391 316.01 1862.793 -2951.66 -407.257 -1459.198 -762.482 -1963.196 -1264.191 -563.049 142.517 598.602 429.077 573.578 173.035 -33.875 340.729 -2634.43 16.632 -1784.821 -1091.919 -2301.178 -1614.685 -914.459 -207.825 627.594 529.022 -2465.363 -16.022 479.584 23.499 -2141.724 345.306 -18.158 -382.233 2225.952 2025 河北 晒干 一等 074
4184167 4602 2025/9/4 20:04:29 P18 36.74 63.54 0 37.34 14.85 925.78 904.85 86.06 203.4 1109.467 -395.355 332.489 1851.959 -2989.502 -416.87 -1457.367 -776.52 -1996.002 -1292.572 -582.428 133.82 599.518 430.145 571.594 173.187 -23.651 341.492 -2669.983 13.58 -1788.025 -1090.088 -2336.273 -1645.05 -938.263 -221.863 626.984 528.259 -2470.551 -16.785 479.584 24.261 -2145.844 343.323 -18.463 -381.012 2231.293 2025 河北 晒干 一等 074
4184168 4602 2025/9/4 20:04:30 P18 36.69 63.46 0 37.41 14.77 925.79 904.84 86.212 204.01 1109.772 -399.628 321.503 1859.436 -2955.017 -412.903 -1453.094 -771.027 -1968.079 -1267.242 -568.543 138.397 600.891 430.908 571.289 174.866 -29.144 341.187 -2637.939 15.106 -1781.158 -1087.799 -2306.519 -1618.347 -917.358 -211.792 626.526 528.717 -2458.191 -16.632 480.042 24.109 -2135.773 345.001 -17.09 -384.674 2226.41 2025 河北 晒干 一等 074
4184169 4602 2025/9/4 20:04:31 P18 36.67 63.47 0 37.31 14.9 925.77 904.85 87.128 203.705 1109.009 -400.696 320.435 1861.572 -2948.303 -397.949 -1458.588 -756.531 -1962.433 -1267.242 -566.559 139.923 600.739 431.976 571.899 173.34 -31.128 342.255 -2630.92 31.586 -1784.973 -1087.341 -2299.957 -1613.312 -917.358 -210.724 626.068 528.87 -2463.684 -16.327 479.736 24.719 -2141.724 342.56 -18.311 -375.366 2231.293 2025 河北 晒干 一等 074
4184170 4602 2025/9/4 20:04:32 P18 36.7 63.47 0 37.43 14.62 925.78 904.85 85.907 204.773 1109.009 -400.085 319.672 1862.03 -2951.813 -402.527 -1452.332 -762.329 -1964.264 -1264.343 -564.728 139.618 599.365 431.976 570.221 174.103 -30.212 340.881 -2633.667 18.005 -1777.802 -1090.698 -2302.246 -1615.601 -915.07 -210.114 625.458 528.259 -2458.191 -19.836 479.736 23.346 -2134.247 340.271 -18.768 -381.47 2223.206 2025 河北 晒干 一等 074
4184171 4602 2025/9/4 20:04:33 P18 36.79 63.51 0 37.43 14.8 925.79 904.85 87.128 203.247 1107.788 -388.489 336.762 1849.823 -2987.671 -404.358 -1453.552 -761.414 -1991.73 -1288.757 -580.444 136.566 600.586 430.298 569.458 173.95 -16.937 341.339 -2666.626 29.144 -1781.158 -1082.458 -2334.137 -1641.541 -934.601 -219.879 624.695 527.496 -2465.515 -21.362 478.516 23.651 -2140.045 339.356 -17.853 -381.928 2225.647 2025 河北 晒干 一等 074
4184172 4602 2025/9/4 20:04:34 P18 36.69 63.51 0 37.43 14.9 925.79 904.85 86.975 203.4 1106.262 -396.729 326.233 1854.248 -2994.995 -416.107 -1455.383 -775.757 -1994.781 -1289.52 -580.597 134.43 598.755 429.535 569.916 173.645 -26.245 338.898 -2673.34 14.496 -1788.33 -1087.036 -2337.952 -1642.609 -935.364 -221.863 623.474 526.581 -2469.025 -17.395 477.753 24.414 -2145.233 342.56 -15.869 -378.418 2224.121 2025 河北 晒干 一等 074
4184173 4602 2025/9/4 20:04:35 P18 36.73 63.55 0 37.27 14.81 925.78 904.86 85.907 202.789 1105.652 -404.816 315.704 1857.147 -2966.461 -429.382 -1458.13 -787.048 -1976.776 -1276.855 -574.799 134.583 597.992 429.23 568.848 173.492 -34.637 336.914 -2648.163 3.51 -1788.177 -1087.341 -2316.284 -1627.35 -925.903 -218.506 623.016 526.581 -2465.363 -18.768 477.6 25.177 -2142.944 342.865 -16.785 -380.554 2226.105 2025 河北 晒干 一等 074
4184174 4602 2025/9/4 20:04:36 P18 36.7 63.47 0 37.31 14.8 925.76 904.86 86.06 202.332 1104.584 -397.797 318.909 1856.995 -2971.344 -412.445 -1453.857 -767.67 -1972.046 -1270.599 -570.679 136.719 597.839 429.535 568.085 173.645 -29.602 336.609 -2650.452 12.207 -1783.905 -1091.309 -2315.063 -1620.636 -921.173 -215.912 621.338 525.971 -2467.041 -18.616 476.685 25.177 -2144.165 343.628 -17.395 -381.775 2227.02 2025 河北 晒干 一等 074
4184175 4602 2025/9/4 20:04:37 P18 36.73 63.52 0 37.44 14.87 925.8 904.87 86.517 202.332 1105.347 -407.867 316.01 1856.995 -2975.464 -410.156 -1456.909 -768.28 -1985.474 -1282.501 -574.036 136.414 597.382 429.688 569 172.577 -36.621 338.44 -2656.86 16.479 -1786.499 -1095.123 -2324.677 -1635.59 -930.634 -216.98 621.185 525.055 -2467.041 -21.515 476.837 25.024 -2144.012 339.05 -19.836 -380.554 2224.274 2025 河北 晒干 一等 074
4184176 4602 2025/9/4 20:04:38 P18 36.7 63.47 0 37.45 14.87 925.77 904.83 86.06 202.637 1103.973 -407.715 310.364 1858.978 -2958.374 -420.38 -1450.653 -774.231 -1963.196 -1264.496 -567.78 138.245 597.687 429.535 566.101 173.95 -38.605 336.456 -2638.397 6.409 -1779.175 -1091.614 -2304.382 -1614.38 -916.901 -213.623 619.659 524.902 -2462.006 -24.872 476.074 25.94 -2138.519 336.151 -17.7 -377.045 2226.41 2025 河北 晒干 一等 074
4184177 4602 2025/9/4 20:04:39 P18 36.72 63.47 0 37.3 14.78 925.79 904.86 85.297 203.095 1104.584 -406.952 314.941 1858.673 -2994.08 -413.055 -1457.52 -773.621 -2002.869 -1296.539 -584.259 131.683 597.839 431.213 564.88 172.73 -37.231 337.982 -2676.544 13.733 -1789.093 -1086.273 -2343.903 -1651.611 -939.179 -224.457 619.202 525.208 -2467.804 -20.752 476.074 25.33 -2145.386 339.661 -17.853 -380.402 2226.105 2025 河北 晒干 一等 074
4184178 4602 2025/9/4 20:04:40 P18 36.72 63.47 0 37.45 14.88 925.79 904.84 86.67 202.942 1104.584 -402.832 315.704 1860.199 -2956.696 -405.273 -1461.487 -761.566 -1965.79 -1268.158 -572.51 136.108 598.755 431.213 564.728 173.187 -35.095 338.745 -2637.177 18.768 -1791.382 -1099.854 -2303.925 -1618.652 -921.021 -216.217 618.591 524.597 -2471.619 -21.82 475.769 24.719 -2149.048 338.745 -16.479 -381.775 2226.41 2025 河北 晒干 一等 074
4184179 4602 2025/9/4 20:04:41 P18 36.72 63.43 0 37.45 14.93 925.77 904.85 86.975 202.789 1103.058 -405.884 312.958 1860.809 -2950.897 -406.647 -1450.5 -763.855 -1962.891 -1267.09 -564.88 137.482 597.229 429.382 564.575 173.492 -36.316 338.593 -2632.751 12.207 -1775.97 -1086.426 -2300.568 -1616.821 -916.138 -211.334 617.523 524.597 -2457.275 -22.43 475.159 27.008 -2133.331 337.677 -18.921 -378.418 2224.274 2025 河北 晒干 一等 074
4184180 4602 2025/9/4 20:04:42 P18 36.67 63.52 0 37.43 14.77 925.78 904.85 85.907 202.484 1102.295 -409.546 306.549 1862.03 -2957.153 -404.511 -1449.432 -758.972 -1966.705 -1269.226 -569.153 139.465 598.145 430.298 563.965 173.34 -41.199 337.83 -2638.702 28.381 -1777.191 -1085.358 -2306.061 -1618.805 -919.647 -212.25 615.692 523.529 -2458.038 -25.482 474.854 26.703 -2134.552 335.083 -20.294 -377.35 2224.884 2025 河北 晒干 一等 074
4184181 4602 2025/9/4 20:04:43 P18 36.7 63.48 0 37.45 14.71 925.78 904.85 86.517 201.721 1101.837 -405.579 316.62 1856.842 -2960.968 -401.306 -1458.282 -757.904 -1970.52 -1275.33 -574.036 133.972 597.992 430.45 561.981 172.73 -36.163 338.135 -2641.907 25.94 -1785.736 -1091.614 -2309.57 -1623.077 -925.446 -217.285 614.319 523.377 -2466.278 -23.956 473.175 27.161 -2142.181 336.609 -18.616 -381.165 2225.647 2025 河北 晒干 一等 074
4184182 4602 2025/9/4 20:04:44 P18 36.7 63.4 0 37.24 14.89 925.78 904.85 86.517 203.247 1101.532 -410.614 315.857 1852.264 -3002.625 -408.936 -1455.994 -771.027 -2006.226 -1297.76 -586.853 129.395 596.008 430.145 560.913 172.73 -39.368 335.693 -2680.511 21.362 -1789.246 -1083.679 -2346.039 -1652.832 -944.214 -227.966 614.166 522.614 -2467.651 -25.177 473.938 26.55 -2145.691 336.762 -16.937 -383.453 2219.849 2025 河北 晒干 一等 074
4184183 4602 2025/9/4 20:04:45 P18 36.69 63.44 0 37.34 14.85 925.77 904.84 85.907 202.484 1101.227 -407.257 315.552 1857.3 -2994.69 -417.786 -1450.5 -780.487 -2001.19 -1296.539 -585.327 128.021 596.924 429.535 561.523 173.34 -37.231 337.372 -2674.103 17.395 -1783.447 -1080.933 -2341.614 -1650.085 -941.315 -226.746 613.098 522.156 -2461.853 -23.956 473.328 26.855 -2139.893 336.304 -16.785 -381.317 2225.8 2025 河北 晒干 一等 074
4184184 4602 2025/9/4 20:04:46 P18 36.73 63.54 0 37.37 14.85 925.76 904.81 86.365 202.942 1100.769 -407.715 312.5 1856.689 -2985.992 -408.02 -1448.669 -765.381 -1988.831 -1282.501 -579.529 131.531 597.229 429.993 562.134 172.73 -38.605 335.083 -2667.084 22.888 -1780.701 -1078.949 -2331.848 -1636.353 -931.397 -222.778 613.403 522.766 -2461.243 -29.297 473.48 27.924 -2138.672 332.642 -17.853 -384.674 2224.274 2025 河北 晒干 一等 074
4184185 4602 2025/9/4 20:04:47 P18 36.73 63.37 0 37.33 15.01 925.75 904.84 86.975 202.637 1100.464 -408.783 315.552 1855.011 -2978.516 -408.783 -1452.637 -765.991 -1989.746 -1287.994 -582.733 129.7 597.229 430.603 561.218 173.187 -37.537 335.846 -2662.354 19.684 -1780.701 -1078.949 -2330.627 -1640.015 -933.991 -224.762 611.877 521.545 -2460.632 -26.703 472.87 29.144 -2137.604 334.32 -19.073 -384.216 2226.563 2025 河北 晒干 一等 074
4184186 4602 2025/9/4 20:04:48 P18 36.69 63.5 0 37.4 14.83 925.75 904.84 86.823 202.942 1100.311 -408.478 311.432 1857.452 -2962.799 -407.41 -1452.637 -760.651 -1968.231 -1271.667 -575.867 132.904 598.145 429.993 562.286 172.73 -40.131 335.693 -2643.28 19.836 -1779.785 -1085.815 -2308.655 -1620.636 -923.767 -220.184 611.267 521.545 -2462.158 -27.161 472.717 27.771 -2138.519 332.642 -18.768 -379.791 2222.29 2025 河北 晒干 一等 074
4184187 4602 2025/9/4 20:04:49 P18 36.7 63.47 0 37.29 14.82 925.76 904.83 86.823 202.179 1099.701 -410.004 312.5 1854.553 -3003.235 -408.783 -1456.604 -768.433 -2006.226 -1301.575 -593.414 125.275 596.619 430.603 559.692 172.272 -40.741 336.151 -2685.242 24.719 -1789.398 -1088.715 -2349.854 -1655.121 -946.96 -232.697 610.352 521.088 -2470.551 -31.128 472.412 28.076 -2147.827 330.353 -19.226 -381.775 2221.68 2025 河北 晒干 一等 074
4184188 4602 2025/9/4 20:04:50 P18 36.76 63.55 0 37.41 14.78 925.77 904.82 86.365 202.942 1100.311 -412.903 308.38 1858.521 -2955.78 -413.055 -1449.127 -769.348 -1967.316 -1273.346 -575.104 133.82 597.992 430.45 561.371 172.73 -44.861 336.914 -2636.566 14.191 -1776.123 -1080.017 -2304.84 -1620.178 -924.988 -218.964 610.809 520.63 -2456.36 -28.687 472.107 26.855 -2132.568 332.642 -18.311 -381.928 2223.816 2025 河北 晒干 一等 074
4184189 4602 2025/9/4 20:04:51 P18 36.79 63.43 0 37.3 14.97 925.8 904.82 87.128 202.637 1098.938 -413.971 304.871 1858.826 -2990.57 -415.344 -1453.552 -772.858 -1991.882 -1286.621 -583.191 127.411 596.161 432.739 560.913 173.95 -44.556 335.083 -2670.135 13.733 -1783.447 -1084.137 -2335.358 -1640.015 -933.991 -226.135 608.521 520.63 -2465.21 -26.855 471.954 28.534 -2141.724 334.32 -14.038 -380.554 2224.426 2025 河北 晒干 一等 074
4184190 4602 2025/9/4 20:04:52 P18 36.74 63.52 0 37.49 14.7 925.79 904.82 86.67 203.4 1099.548 -408.478 313.568 1856.079 -2978.363 -412.75 -1450.958 -773.468 -1991.272 -1292.725 -585.327 127.716 597.534 432.282 561.981 173.492 -38.3 337.219 -2660.675 18.005 -1780.853 -1082.611 -2329.865 -1643.066 -939.331 -226.593 608.673 520.325 -2460.175 -26.093 471.191 27.771 -2136.841 334.93 -16.937 -382.843 2225.037 2025 河北 晒干 一等 074
4184191 4602 2025/9/4 20:04:53 P18 36.7 63.5 0 37.33 14.83 925.77 904.81 87.28 203.4 1099.396 -414.581 305.176 1860.962 -2970.734 -418.854 -1445.465 -777.13 -1983.948 -1287.079 -581.665 129.7 596.924 431.366 561.523 173.34 -46.997 335.999 -2651.978 7.935 -1773.834 -1078.339 -2321.014 -1636.2 -935.974 -225.067 608.063 520.477 -2451.172 -28.687 470.734 29.297 -2127.533 331.421 -13.428 -382.233 2223.663 2025 河北 晒干 一等 074
4184192 4602 2025/9/4 20:04:54 P18 36.81 63.46 0 37.42 14.78 925.79 904.81 86.212 202.637 1098.328 -413.208 307.465 1860.962 -2975.006 -414.429 -1434.784 -770.721 -1980.133 -1280.365 -578.308 131.378 596.008 431.213 561.523 172.882 -44.708 335.693 -2654.877 16.479 -1761.322 -1066.742 -2320.709 -1630.249 -929.718 -220.947 606.537 519.409 -2442.017 -27.008 470.429 27.313 -2118.53 333.557 -19.379 -380.707 2218.628 2025 河北 晒干 一等 074
4184193 4602 2025/9/4 20:04:55 P18 36.81 63.51 0 37.42 14.81 925.78 904.82 86.823 202.179 1096.497 -414.276 310.059 1854.248 -2990.875 -421.448 -1436.462 -778.809 -1998.138 -1295.929 -588.532 126.343 596.619 431.519 560.303 173.645 -43.488 334.015 -2673.34 11.902 -1766.51 -1070.099 -2340.088 -1647.797 -941.925 -230.255 605.774 518.799 -2448.273 -26.398 469.971 28.839 -2124.634 333.862 -16.632 -382.08 2224.884 2025 河北 晒干 一等 074
4184194 4602 2025/9/4 20:04:56 P18 36.7 63.4 0 37.37 14.81 925.79 904.82 86.975 202.637 1094.666 -412.445 313.416 1852.875 -2969.208 -420.837 -1440.582 -777.741 -1982.117 -1280.975 -579.071 129.242 595.856 430.298 559.692 173.798 -41.351 334.625 -2650.757 5.035 -1767.273 -1070.709 -2318.42 -1633.301 -931.702 -222.931 604.553 517.578 -2447.968 -23.193 469.513 27.618 -2122.955 336.914 -15.259 -380.859 2223.206 2025 河北 晒干 一等 074
4184195 4602 2025/9/4 20:04:57 P18 36.76 63.52 0 37.28 14.87 925.78 904.83 86.67 202.026 1094.666 -414.887 308.533 1853.027 -3000.946 -417.175 -1445.007 -778.503 -2005.005 -1297.913 -592.041 123.138 594.482 429.535 557.556 172.424 -43.945 332.489 -2680.511 18.005 -1778.717 -1069.641 -2345.123 -1652.222 -945.892 -233.154 603.18 517.731 -2455.75 -25.33 468.445 30.212 -2133.636 335.846 -17.395 -382.69 2224.121 2025 河北 晒干 一等 074
4184196 4602 2025/9/4 20:04:58 P18 36.69 63.52 0 37.41 14.87 925.78 904.82 85.754 202.332 1094.36 -422.211 296.783 1863.403 -2991.486 -416.107 -1442.566 -777.741 -1995.087 -1291.809 -584.869 127.106 595.551 431.519 556.183 172.272 -53.711 335.541 -2670.898 7.477 -1774.902 -1071.472 -2335.51 -1645.203 -938.11 -226.746 602.264 517.426 -2455.139 -30.67 468.445 29.602 -2131.5 330.658 -18.616 -382.08 2227.783 2025 河北 晒干 一等 074
4184197 4602 2025/9/4 20:04:59 P18 36.72 63.51 0 37.27 14.67 925.79 904.82 86.06 202.637 1093.75 -412.445 313.568 1851.349 -2983.398 -414.887 -1434.937 -773.773 -1990.509 -1287.842 -585.175 126.19 595.398 431.671 552.826 172.577 -40.436 334.473 -2664.185 10.376 -1766.51 -1073.303 -2330.017 -1641.388 -937.958 -228.577 601.807 516.815 -2449.646 -32.959 468.445 29.755 -2124.939 328.674 -17.242 -382.843 2225.494 2025 河北 晒干 一等 074
4184198 4602 2025/9/4 20:05:00 P18 36.69 63.54 0 37.45 14.95 925.76 904.83 85.754 202.942 1094.055 -411.53 309.448 1855.621 -2968.14 -405.579 -1442.871 -762.329 -1978.607 -1280.823 -581.513 127.411 595.398 430.908 549.774 172.119 -42.267 334.473 -2650.604 19.379 -1769.104 -1069.489 -2316.895 -1631.622 -931.854 -224.609 601.349 517.12 -2450.409 -25.482 468.14 30.823 -2126.007 334.93 -17.853 -377.197 2230.988 2025 河北 晒干 一等 074
4184199 4602 2025/9/4 20:05:01 P18 36.7 63.52 0 37.45 14.83 925.76 904.83 86.212 202.484 1092.682 -411.835 304.413 1860.199 -2980.194 -419.922 -1439.209 -778.198 -1986.542 -1286.774 -580.292 130.768 596.161 431.976 549.164 173.187 -45.929 335.083 -2660.065 12.207 -1766.968 -1065.979 -2325.897 -1635.895 -935.059 -222.931 601.044 517.273 -2447.357 -25.787 468.292 30.975 -2124.329 334.625 -19.226 -381.775 2227.631 2025 河北 晒干 一等 074
4184200 4602 2025/9/4 20:05:02 P18 36.69 63.52 0 37.37 14.77 925.76 904.83 86.212 202.942 1093.445 -417.786 300.293 1859.436 -2977.448 -409.851 -1431.427 -764.923 -1983.643 -1278.381 -578.613 128.479 596.161 432.739 548.401 173.035 -49.591 332.947 -2658.234 14.496 -1760.101 -1068.115 -2324.677 -1629.639 -929.108 -223.846 600.128 516.51 -2441.864 -23.346 467.224 30.975 -2118.073 337.982 -18.921 -381.622 2228.699 2025 河北 晒干 一等 074
4184201 4602 2025/9/4 20:05:03 P18 36.63 63.55 0 37.49 14.96 925.76 904.82 86.517 203.247 1092.529 -414.887 303.955 1857.605 -2986.298 -414.734 -1432.343 -770.569 -1988.678 -1287.384 -585.175 126.801 596.161 431.671 546.57 173.187 -46.082 333.71 -2666.321 8.545 -1760.712 -1069.489 -2331.39 -1638.031 -936.585 -226.746 599.823 516.205 -2443.848 -33.722 467.377 32.043 -2118.835 329.285 -18.921 -381.317 2225.8 2025 河北 晒干 一等 074
4184202 4602 2025/9/4 20:05:04 P18 36.73 63.41 0 37.41 14.88 925.78 904.81 86.517 202.942 1091.919 -416.565 307.159 1857.605 -2998.81 -427.246 -1435.852 -784.76 -2001.648 -1296.234 -590.515 123.749 595.398 432.739 545.807 173.187 -45.319 333.099 -2679.749 6.104 -1765.442 -1064.911 -2344.513 -1649.475 -943.451 -232.697 599.518 516.205 -2447.968 -27.161 467.835 31.738 -2124.481 332.336 -19.531 -383.759 2220.001 2025 河北 晒干 一等 074
4184203 4602 2025/9/4 20:05:05 P18 36.73 63.48 0 37.44 14.76 925.78 904.8 86.517 204.163 1092.072 -421.448 301.666 1857.3 -3000.641 -430.603 -1442.261 -789.948 -2004.547 -1299.438 -590.057 124.054 595.703 432.739 545.044 173.035 -51.422 334.473 -2681.58 1.831 -1775.36 -1071.167 -2347.26 -1653.748 -945.282 -231.781 598.45 516.205 -2456.36 -25.94 466.614 34.027 -2131.958 334.473 -17.7 -383.606 2227.173 2025 河北 晒干 一等 074
4184204 4602 2025/9/4 20:05:06 P18 36.66 63.48 0 37.34 14.85 925.77 904.79 86.517 202.789 1090.851 -420.227 308.075 1851.654 -3001.709 -424.347 -1442.413 -785.675 -2006.378 -1297.76 -591.736 122.681 596.619 432.129 544.891 173.34 -47.76 331.879 -2682.648 8.24 -1777.954 -1074.829 -2347.87 -1654.053 -945.74 -231.781 598.145 516.052 -2454.681 -27.618 467.224 32.349 -2132.416 333.405 -17.7 -378.265 2227.631 2025 河北 晒干 一等 074
4184205 4602 2025/9/4 20:05:07 P18 36.66 63.48 0 37.5 14.9 925.77 904.79 86.67 202.789 1091.156 -418.854 298.767 1861.115 -2986.755 -423.889 -1434.326 -780.792 -1991.882 -1289.215 -585.022 128.479 596.466 431.213 542.297 172.882 -51.422 334.473 -2669.983 7.477 -1763.916 -1065.826 -2334.747 -1642.303 -938.11 -225.983 597.382 515.137 -2446.747 -27.771 466.919 32.501 -2122.345 333.862 -15.869 -382.69 2226.105 2025 河北 晒干 一等 074
4184206 4602 2025/9/4 20:05:08 P18 36.72 63.52 0 37.4 14.64 925.79 904.81 87.128 202.789 1090.393 -428.009 296.783 1860.046 -2964.02 -416.412 -1433.716 -773.01 -1972.809 -1275.482 -578.613 129.547 597.229 432.892 541.687 172.882 -57.068 335.999 -2645.721 8.545 -1760.712 -1068.573 -2313.08 -1626.892 -927.124 -220.49 596.466 515.442 -2439.728 -25.787 466.156 32.806 -2115.021 334.473 -18.311 -381.47 2234.497 2025 河北 晒干 一等 074
4184207 4602 2025/9/4 20:05:09 P18 36.72 63.48 0 37.4 14.81 925.75 904.8 86.67 203.095 1090.24 -421.753 291.901 1862.946 -2980.957 -415.192 -1435.242 -771.179 -1984.1 -1280.975 -579.987 128.784 596.161 431.824 539.093 172.73 -55.542 332.947 -2660.98 10.376 -1765.289 -1067.047 -2326.202 -1632.69 -931.397 -223.694 594.94 515.289 -2446.136 -26.855 465.546 34.027 -2121.582 334.015 -16.022 -381.47 2225.8 2025 河北 晒干 一等 074
4184208 4602 2025/9/4 20:05:10 P18 36.69 63.54 0 37.47 14.92 925.77 904.81 86.517 202.332 1089.478 -424.347 298.462 1859.436 -2992.096 -428.009 -1433.258 -787.506 -2001.343 -1299.438 -591.126 123.901 596.771 431.824 538.178 172.882 -53.406 334.015 -2673.798 8.392 -1765.747 -1062.775 -2341.614 -1651.154 -945.892 -232.086 595.245 514.374 -2444.763 -32.196 465.546 33.722 -2123.26 329.437 -14.496 -383.911 2226.868 2025 河北 晒干 一等 074
4184209 4602 2025/9/4 20:05:11 P18 36.67 63.54 0 37.46 14.88 925.75 904.82 86.823 203.4 1090.088 -425.11 294.342 1861.42 -2973.328 -409.546 -1434.479 -766.602 -1976.776 -1278.229 -579.224 127.411 596.466 432.739 537.109 173.187 -55.542 333.252 -2653.656 20.142 -1763.306 -1067.352 -2318.573 -1627.502 -928.65 -223.999 594.025 514.221 -2444.305 -31.281 464.935 33.875 -2120.361 329.59 -18.005 -382.69 2229.309 2025 河北 晒干 一等 074
4184210 4602 2025/9/4 20:05:12 P18 36.73 63.41 0 37.44 14.88 925.76 904.8 87.128 202.637 1088.867 -421.295 304.413 1855.164 -2983.093 -409.088 -1431.58 -767.365 -1991.73 -1285.553 -583.954 123.749 596.924 433.35 536.804 172.882 -50.049 334.168 -2665.405 17.242 -1764.069 -1060.486 -2329.865 -1641.083 -936.737 -226.593 593.262 514.221 -2442.474 -28.381 465.088 34.485 -2118.683 332.336 -19.684 -384.064 2228.699 2025 河北 晒干 一等 074
4184211 4602 2025/9/4 20:05:13 P18 36.67 63.54 0 37.35 14.88 925.74 904.8 87.28 202.789 1089.172 -420.532 299.835 1858.826 -2974.243 -410.919 -1429.901 -770.569 -1985.779 -1286.011 -583.649 123.291 597.687 433.044 535.889 174.103 -50.201 335.236 -2655.029 12.817 -1757.507 -1061.859 -2324.829 -1636.047 -935.822 -228.272 592.804 514.221 -2436.066 -30.365 464.478 34.485 -2112.579 329.285 -18.005 -383.301 2224.731 2025 河北 晒干 一等 074
4184212 4602 2025/9/4 20:05:14 P18 36.72 63.48 0 37.4 14.8 925.78 904.8 87.128 203.247 1089.325 -421.906 297.699 1860.962 -2999.42 -416.87 -1430.206 -777.893 -2005.463 -1301.117 -594.482 118.408 597.534 433.96 536.041 173.34 -52.795 332.947 -2679.749 13.58 -1764.069 -1058.655 -2346.649 -1654.816 -947.571 -236.359 592.957 514.374 -2440.338 -30.365 465.088 33.875 -2118.53 330.505 -17.853 -381.775 2228.546 2025 河北 晒干 一等 074
4184213 4602 2025/9/4 20:05:15 P18 36.73 63.44 0 37.33 14.84 925.74 904.8 86.212 203.4 1088.409 -433.807 286.255 1864.166 -3003.998 -410.461 -1431.427 -769.653 -2006.531 -1300.659 -593.262 121.613 598.908 432.739 534.363 172.73 -66.376 333.862 -2685.852 21.973 -1765.442 -1060.486 -2348.328 -1655.731 -946.655 -233.917 592.346 513.611 -2443.848 -34.943 465.088 34.79 -2120.972 325.928 -17.853 -380.554 2230.988 2025 河北 晒干 一等 074
4184214 4602 2025/9/4 20:05:16 P18 36.77 63.54 0 37.41 14.75 925.74 904.8 86.67 203.552 1087.952 -423.279 296.021 1862.488 -2983.398 -414.429 -1425.018 -770.721 -1989.288 -1286.926 -583.649 124.97 598.145 433.35 534.21 173.645 -54.626 334.473 -2663.727 9.155 -1754.303 -1057.739 -2329.712 -1638.794 -935.516 -227.814 591.583 513.611 -2435.455 -36.316 463.867 34.79 -2111.816 325.012 -15.106 -383.453 2226.105 2025 河北 晒干 一等 074
4184215 4602 2025/9/4 20:05:17 P18 36.76 63.58 0 37.54 14.77 925.78 904.81 87.738 204.315 1086.884 -427.551 291.901 1865.845 -2994.232 -414.429 -1432.037 -773.621 -2001.343 -1297.76 -588.989 123.138 596.619 433.197 531.921 174.103 -57.831 334.778 -2675.323 12.36 -1760.559 -1056.061 -2341.461 -1649.475 -943.298 -230.866 592.041 513.611 -2440.186 -38.3 464.478 34.637 -2116.394 320.435 -16.937 -379.334 2226.41 2025 河北 晒干 一等 074
4184216 4602 2025/9/4 20:05:18 P18 36.7 63.52 0 37.45 14.85 925.77 904.82 87.28 203.705 1087.036 -431.366 291.29 1863.708 -2975.006 -424.957 -1430.664 -783.997 -1988.831 -1290.741 -585.785 124.512 599.365 432.739 532.99 173.34 -60.883 333.252 -2658.539 8.698 -1758.27 -1057.739 -2327.576 -1640.778 -938.721 -228.882 589.905 513.306 -2438.812 -36.774 464.172 35.095 -2115.326 325.775 -13.733 -384.064 2232.971 2025 河北 晒干 一等 074
4184217 4602 2025/9/4 20:05:19 P18 36.73 63.48 0 37.42 14.68 925.77 904.81 86.67 203.705 1087.036 -424.957 295.868 1860.809 -2987.213 -424.042 -1424.255 -779.419 -1992.34 -1287.994 -584.106 125.122 598.45 433.96 530.548 173.34 -55.847 334.015 -2668.61 7.019 -1753.235 -1058.502 -2334.29 -1640.625 -935.516 -227.966 590.21 513.306 -2434.54 -36.316 463.562 35.248 -2110.138 323.334 -15.411 -381.622 2227.783 2025 河北 晒干 一等 074
4184218 4602 2025/9/4 20:05:20 P18 36.67 63.37 0 37.35 14.63 925.78 904.85 86.975 203.4 1086.121 -415.649 298.767 1862.64 -2983.398 -425.568 -1423.187 -782.929 -1990.051 -1288.3 -586.853 122.681 597.229 433.502 530.243 173.187 -49.286 332.642 -2662.811 0.916 -1754.303 -1060.028 -2329.407 -1639.404 -936.89 -230.56 589.905 513.611 -2432.404 -34.485 463.562 35.553 -2110.138 323.639 -19.073 -381.622 2228.088 2025 河北 晒干 一等 074
4184219 4602 2025/9/4 20:05:21 P18 36.72 63.54 0 37.55 14.9 925.76 904.81 87.28 203.705 1087.341 -417.481 303.803 1857.605 -2991.486 -412.598 -1426.697 -772.553 -1998.291 -1293.64 -587.616 123.291 598.297 433.197 529.633 173.95 -46.844 333.862 -2671.204 11.749 -1756.744 -1051.941 -2338.409 -1646.423 -940.552 -230.56 589.905 513.611 -2434.845 -39.673 463.715 35.553 -2110.138 321.655 -13.58 -380.859 2230.835 2025 河北 晒干 一等 074
4184220 4602 2025/9/4 20:05:22 P18 36.67 63.64 0 37.54 14.8 925.76 904.82 86.975 204.468 1086.121 -413.666 308.228 1857.147 -2966.461 -423.737 -1416.779 -779.266 -1977.844 -1278.534 -577.698 126.953 599.67 432.434 532.684 172.882 -44.861 334.625 -2648.163 3.052 -1743.469 -1048.889 -2315.216 -1629.028 -929.413 -222.015 588.379 513.153 -2426.91 -37.079 463.562 34.18 -2102.509 325.623 -17.853 -382.233 2227.936 2025 河北 晒干 一等 074
4184221 4602 2025/9/4 20:05:23 P18 36.67 63.6 0 37.54 14.78 925.76 904.82 88.196 203.705 1086.121 -426.788 296.478 1860.199 -3000.336 -436.859 -1427.917 -798.34 -2007.751 -1303.711 -594.635 119.629 598.145 433.044 531.464 173.645 -56.61 334.473 -2681.58 -4.272 -1761.169 -1056.213 -2348.022 -1657.104 -948.639 -236.969 588.684 513.306 -2437.286 -35.248 463.867 35.553 -2114.258 325.775 -18.463 -388.489 2229.309 2025 河北 晒干 一等 074
4184222 4602 2025/9/4 20:05:24 P18 36.67 63.47 0 37.31 14.88 925.78 904.82 86.975 203.4 1086.273 -428.314 287.17 1864.777 -2960.663 -423.126 -1417.236 -776.825 -1969.604 -1272.125 -576.019 127.411 598.45 434.418 530.396 173.645 -62.103 333.557 -2641.754 1.068 -1745.3 -1050.262 -2309.723 -1622.162 -923.767 -221.863 588.379 513.001 -2425.232 -33.875 463.257 35.095 -2101.44 325.165 -18.463 -383.453 2232.056 2025 河北 晒干 一等 074
4184223 4602 2025/9/4 20:05:25 P18 36.77 63.54 0 37.52 14.84 925.77 904.82 86.975 204.163 1084.29 -425.873 301.971 1856.232 -3005.371 -429.84 -1420.746 -788.574 -2008.667 -1303.711 -595.856 121.155 596.771 432.739 529.938 173.645 -52.49 332.947 -2685.547 -2.136 -1753.387 -1051.941 -2349.243 -1657.104 -951.233 -234.68 586.548 512.39 -2435.608 -34.637 462.952 36.011 -2111.664 326.691 -18.768 -382.69 2228.699 2025 河北 晒干 一等 074
4184224 4602 2025/9/4 20:05:26 P18 36.66 63.47 0 37.31 14.77 925.77 904.81 87.128 203.4 1083.527 -425.263 300.598 1856.384 -3002.014 -415.955 -1421.814 -776.062 -2011.108 -1304.932 -595.398 118.866 598.145 432.587 528.717 173.34 -53.101 333.099 -2682.953 14.038 -1753.235 -1047.516 -2351.227 -1658.173 -949.402 -237.122 586.395 512.085 -2432.404 -36.926 462.494 35.248 -2110.138 324.554 -19.073 -383.301 2229.004 2025 河北 晒干 一等 074
4184225 4602 2025/9/4 20:05:27 P18 36.66 63.51 0 37.54 15.1 925.77 904.82 87.585 203.247 1083.679 -430.603 283.661 1865.845 -2960.815 -420.685 -1415.71 -774.841 -1967.621 -1273.193 -580.139 125.732 597.687 432.129 528.565 172.73 -64.24 332.489 -2640.686 6.409 -1741.943 -1052.246 -2305.908 -1622.925 -926.209 -224.304 584.869 510.864 -2426.3 -41.351 462.036 35.858 -2100.983 319.977 -19.836 -382.538 2229.309 2025 河北 晒干 一等 074
4184226 4602 2025/9/4 20:05:28 P18 36.69 63.55 0 37.39 14.83 925.79 904.84 86.823 202.179 1082.764 -435.333 290.68 1858.978 -3007.202 -410.614 -1422.272 -771.027 -2012.787 -1304.474 -597.687 118.866 597.229 432.434 525.971 172.577 -63.782 332.336 -2687.683 19.226 -1755.524 -1049.805 -2354.889 -1660.004 -951.386 -236.969 584.564 509.949 -2436.829 -40.588 461.426 36.621 -2113.8 319.367 -15.717 -381.775 2224.884 2025 河北 晒干 一等 074
4184227 4602 2025/9/4 20:05:29 P18 36.67 63.46 0 37.41 14.9 925.76 904.83 87.128 202.789 1082.611 -426.178 297.546 1859.283 -3003.387 -409.699 -1425.934 -772.095 -2012.177 -1308.746 -597.992 116.882 597.382 431.519 527.191 173.645 -55.542 333.71 -2684.021 21.82 -1758.881 -1054.84 -2352.448 -1661.987 -953.522 -237.732 583.801 510.559 -2439.117 -40.436 460.968 35.858 -2116.241 321.503 -20.142 -382.996 2228.088 2025 河北 晒干 一等 074
4184228 4602 2025/9/4 20:05:30 P18 36.76 63.6 0 37.47 14.87 925.76 904.83 86.67 203.095 1082.153 -429.688 287.933 1864.777 -2964.02 -417.786 -1411.896 -773.01 -1972.809 -1276.855 -578.308 126.038 596.161 431.824 524.902 172.73 -63.477 332.489 -2644.958 9.766 -1737.366 -1046.448 -2311.554 -1624.756 -928.04 -223.999 583.344 510.407 -2420.197 -37.537 460.815 36.774 -2094.879 322.876 -17.853 -382.233 2224.426 2025 河北 晒干 一等 074
4184229 4602 2025/9/4 20:05:31 P18 36.74 63.5 0 37.47 15.01 925.78 904.81 87.28 203.552 1082.611 -432.587 286.713 1862.183 -2975.159 -410.156 -1416.626 -765.076 -1979.37 -1281.738 -583.496 124.664 596.161 432.129 525.208 172.73 -63.324 331.268 -2654.572 17.7 -1744.385 -1054.535 -2320.557 -1631.775 -934.448 -227.814 582.886 509.186 -2428.284 -39.215 460.51 36.011 -2103.271 321.96 -14.038 -382.69 2223.206 2025 河北 晒干 一等 074
4184230 4602 2025/9/4 20:05:32 P18 36.74 63.43 0 37.36 14.81 925.78 904.82 86.975 202.789 1080.627 -424.5 291.901 1860.352 -2986.755 -409.851 -1425.018 -768.89 -1990.509 -1289.978 -589.294 121.46 596.466 431.976 524.597 172.577 -56.305 331.421 -2666.321 19.226 -1754.913 -1058.197 -2330.627 -1642.303 -941.467 -231.476 581.97 508.881 -2435.303 -38.605 459.442 36.926 -2112.122 321.96 -18.463 -381.47 2224.884 2025 河北 晒干 一等 074
4184231 4602 2025/9/4 20:05:33 P18 36.73 63.51 0 37.35 14.72 925.76 904.82 86.517 203.247 1079.712 -430.298 284.119 1861.267 -2985.077 -411.987 -1414.337 -767.059 -1988.22 -1286.774 -587.006 121.46 595.093 431.519 524.139 172.424 -63.782 329.895 -2664.642 15.106 -1743.622 -1053.162 -2328.796 -1637.573 -937.042 -231.934 580.75 508.575 -2425.079 -43.793 459.595 36.316 -2100.525 316.467 -17.548 -380.402 2232.208 2025 河北 晒干 一等 074
4184232 4602 2025/9/4 20:05:34 P18 36.7 63.6 0 37.47 14.85 925.76 904.83 86.823 203.247 1080.475 -432.129 288.239 1859.589 -3000.488 -420.38 -1415.863 -779.266 -2007.446 -1303.558 -596.466 117.493 594.177 432.129 523.682 173.035 -63.019 329.132 -2681.427 14.496 -1745.605 -1043.091 -2348.022 -1655.579 -950.012 -238.8 579.529 507.965 -2428.436 -42.267 458.374 36.011 -2104.187 318.298 -12.817 -380.554 2226.105 2025 河北 晒干 一等 074
4184233 4602 2025/9/4 20:05:35 P18 36.6 63.41 0 37.35 14.82 925.75 904.83 86.975 201.874 1079.254 -443.42 276.642 1863.403 -2985.84 -416.565 -1411.438 -774.841 -1993.561 -1294.25 -591.888 118.713 594.788 431.061 522.461 172.119 -76.141 328.98 -2666.321 10.529 -1741.638 -1042.48 -2332.916 -1645.203 -942.688 -233.612 578.461 507.813 -2420.959 -39.825 458.527 37.231 -2097.778 321.35 -18.921 -384.674 2225.494 2025 河北 晒干 一等 074
4184234 4602 2025/9/4 20:05:36 P18 36.7 63.47 0 37.48 14.75 925.78 904.84 86.517 202.484 1078.796 -437.164 283.814 1862.03 -3005.524 -430.298 -1407.318 -791.626 -2011.566 -1306.915 -598.602 117.95 594.025 432.739 523.224 172.272 -67.139 330.658 -2684.174 5.493 -1739.349 -1033.936 -2352.142 -1659.698 -954.59 -240.173 579.071 506.897 -2421.112 -41.809 458.069 36.316 -2096.863 319.519 -15.411 -378.723 2227.173 2025 河北 晒干 一等 074
4184235 4602 2025/9/4 20:05:37 P18 36.7 63.54 0 37.48 14.97 925.77 904.86 87.128 202.942 1078.491 -432.587 283.508 1864.166 -2964.783 -413.361 -1393.89 -768.738 -1977.234 -1280.975 -581.97 121.918 595.551 432.739 522.766 172.424 -65.613 330.811 -2647.247 17.242 -1722.26 -1026.917 -2314.148 -1631.927 -931.854 -227.966 578.461 506.897 -2402.649 -40.436 457.764 37.842 -2079.163 321.198 -13.733 -382.843 2228.394 2025 河北 晒干 一等 074
4184236 4602 2025/9/4 20:05:38 P18 36.73 63.54 0 37.36 14.83 925.8 904.85 86.823 203.4 1078.033 -435.028 289.459 1857.3 -3007.813 -422.669 -1402.893 -781.555 -2012.482 -1305.389 -597.076 114.746 594.94 433.044 522.919 172.73 -62.866 329.742 -2689.362 8.698 -1737.213 -1030.121 -2355.499 -1659.851 -951.386 -239.716 578.308 507.202 -2417.603 -44.556 457.153 37.231 -2093.353 316.01 -19.379 -383.301 2229.309 2025 河北 晒干 一等 074
4184237 4602 2025/9/4 20:05:39 P18 36.77 63.48 0 37.43 14.7 925.78 904.86 87.433 202.789 1079.712 -436.096 282.593 1863.098 -2968.597 -420.227 -1396.637 -777.283 -1980.896 -1284.485 -586.7 121.613 595.703 433.502 522.156 171.204 -68.207 331.574 -2649.078 6.409 -1724.701 -1027.527 -2317.963 -1632.996 -935.669 -230.103 577.087 506.897 -2406.311 -40.741 457.153 37.079 -2082.672 319.977 -19.684 -380.554 2230.072 2025 河北 晒干 一等 074
4184238 4602 2025/9/4 20:05:40 P18 36.67 63.55 0 37.4 14.9 925.76 904.84 87.128 203.552 1078.491 -434.723 287.17 1861.42 -2998.047 -410.461 -1407.166 -768.89 -2001.495 -1296.387 -591.126 120.544 596.924 433.807 519.562 172.73 -64.087 331.726 -2677.917 18.768 -1735.84 -1034.393 -2343.597 -1649.933 -943.604 -233.154 577.698 507.507 -2417.297 -43.64 458.374 37.231 -2093.506 317.078 -18.463 -383.911 2230.988 2025 河北 晒干 一等 074
4184239 4602 2025/9/4 20:05:41 P18 36.69 63.48 0 37.42 14.75 925.78 904.84 86.517 203.4 1078.949 -434.265 282.898 1861.877 -2980.347 -411.987 -1407.471 -770.264 -1991.119 -1295.013 -594.025 116.425 597.229 433.044 521.24 173.645 -66.528 331.268 -2661.591 21.057 -1738.281 -1031.342 -2330.627 -1643.982 -944.672 -236.816 576.325 505.981 -2417.145 -43.182 457.611 37.842 -2094.421 318.146 -20.752 -382.843 2229.004 2025 河北 晒干 一等 074
4184240 4602 2025/9/4 20:05:42 P18 36.65 63.44 0 37.63 14.86 925.78 904.84 86.517 203.095 1078.033 -441.895 278.168 1865.54 -2969.36 -419.617 -1404.877 -775.147 -1981.354 -1285.553 -587.311 120.544 596.314 432.434 520.477 172.424 -73.7 330.658 -2650.909 5.341 -1730.804 -1038.666 -2317.505 -1633.148 -937.347 -231.476 575.562 506.287 -2408.905 -44.403 457.001 37.384 -2085.724 316.62 -19.073 -381.317 2228.851 2025 河北 晒干 一等 074
4184241 4602 2025/9/4 20:05:43 P18 36.67 63.52 0 37.5 14.85 925.76 904.86 86.67 203.247 1076.202 -431.976 285.95 1861.572 -2968.597 -416.718 -1409.302 -773.01 -1979.37 -1284.332 -585.632 122.376 596.161 433.197 519.562 172.577 -62.866 330.353 -2649.231 12.97 -1735.687 -1039.276 -2317.505 -1632.538 -933.838 -230.103 574.951 504.456 -2415.771 -43.64 456.085 37.994 -2091.675 317.23 -20.447 -382.385 2226.715 2025 河北 晒干 一等 074
4184242 4602 2025/9/4 20:05:44 P18 36.62 63.57 0 37.58 14.88 925.76 904.86 86.212 202.637 1075.439 -433.044 285.187 1862.64 -2970.734 -427.704 -1409.302 -784.454 -1980.896 -1285.095 -586.243 121.307 595.093 433.35 519.257 171.967 -65.613 331.421 -2651.825 2.747 -1737.061 -1041.412 -2320.404 -1634.369 -936.432 -229.187 573.425 504.456 -2416.992 -44.708 455.475 36.926 -2094.269 315.857 -18.311 -378.418 2227.02 2025 河北 晒干 一等 074
4184243 4602 2025/9/4 20:05:45 P18 36.7 63.6 0 37.58 14.87 925.78 904.84 86.517 202.026 1075.439 -436.554 286.56 1859.436 -2982.025 -417.175 -1409.149 -775.604 -1992.645 -1294.708 -591.888 117.188 595.551 431.976 517.883 173.035 -65.918 329.59 -2662.048 12.817 -1737.061 -1040.497 -2330.322 -1644.135 -944.061 -235.748 572.205 503.54 -2416.992 -47.76 454.712 37.689 -2093.658 312.805 -18.768 -381.775 2228.699 2025 河北 晒干 一等 074
4184244 4602 2025/9/4 20:05:46 P18 36.65 63.57 0 37.56 14.8 925.8 904.86 86.365 202.179 1073.761 -433.807 287.323 1857.91 -2980.652 -412.75 -1411.896 -774.078 -1987.61 -1288.91 -587.616 117.645 594.025 431.824 517.426 171.967 -64.392 329.132 -2660.217 14.343 -1741.638 -1042.633 -2327.423 -1639.099 -938.568 -232.697 572.052 503.082 -2421.57 -42.267 454.407 37.994 -2098.694 318.604 -19.073 -382.996 2227.783 2025 河北 晒干 一等 074
4184245 4602 2025/9/4 20:05:47 P18 36.63 63.47 0 37.59 14.93 925.8 904.87 85.907 202.026 1074.371 -435.181 286.865 1859.131 -2998.047 -410.614 -1408.997 -769.653 -2005.615 -1300.201 -593.414 116.425 593.109 432.434 517.883 172.577 -64.24 327.454 -2678.986 17.242 -1739.655 -1036.987 -2345.886 -1654.053 -946.503 -237.732 570.831 502.777 -2420.502 -42.419 454.102 37.689 -2095.642 318.298 -18.005 -377.808 2227.631 2025 河北 晒干 一等 074
4184246 4602 2025/9/4 20:05:48 P18 36.7 63.54 0 37.48 14.74 925.8 904.86 86.365 202.332 1074.829 -442.2 275.269 1861.42 -2973.938 -404.816 -1401.825 -757.599 -1982.117 -1282.501 -584.564 118.103 593.567 431.824 515.137 171.509 -74.005 326.843 -2656.86 20.905 -1730.957 -1031.799 -2323.151 -1632.538 -933.991 -229.645 570.526 502.625 -2411.346 -45.776 453.949 37.231 -2088.776 315.247 -16.479 -392.761 2229.767 2025 河北 晒干 一等 074
4184247 4602 2025/9/4 20:05:49 P18 36.8 63.51 0 37.62 14.73 925.79 904.86 86.365 202.637 1074.066 -437.927 285.339 1855.621 -3014.984 -389.404 -1397.247 -751.19 -2021.79 -1313.019 -604.858 110.169 592.957 434.113 515.289 172.73 -67.749 327.454 -2695.618 30.06 -1731.72 -1029.205 -2362.518 -1668.243 -959.778 -245.819 569.763 502.167 -2412.567 -44.708 453.796 37.384 -2088.776 315.552 -19.073 -379.944 2228.851 2025 河北 晒干 一等 074
4184248 4602 2025/9/4 20:05:50 P18 36.63 63.55 0 37.54 14.88 925.78 904.84 86.823 202.179 1073.456 -435.944 280.762 1860.657 -2970.276 -415.802 -1395.721 -771.484 -1982.574 -1284.637 -588.226 115.509 594.177 432.434 514.221 173.035 -68.817 327.606 -2652.588 5.188 -1726.074 -1030.273 -2321.32 -1633.301 -937.805 -232.697 569.153 501.709 -2405.548 -49.438 453.796 37.994 -2082.52 310.974 -16.479 -380.554 2227.325 2025 河北 晒干 一等 074
4184249 4602 2025/9/4 20:05:51 P18 36.63 63.52 0 37.54 14.69 925.79 904.85 86.517 202.637 1072.845 -442.2 276.184 1865.54 -2969.666 -405.884 -1396.637 -762.634 -1979.828 -1283.264 -585.022 120.544 595.093 434.418 511.932 171.509 -74.005 330.505 -2649.841 21.515 -1725.159 -1029.205 -2317.657 -1631.165 -934.601 -229.492 569.305 502.625 -2407.227 -52.948 453.796 37.994 -2082.672 307.159 -20.294 -382.69 2226.41 2025 河北 晒干 一等 074
4184250 4602 2025/9/4 20:05:52 P18 36.66 63.48 0 37.62 14.8 925.82 904.85 86.67 203.095 1072.693 -435.944 284.424 1860.046 -2975.006 -414.276 -1398.926 -770.569 -1984.558 -1285.553 -583.496 119.019 594.788 434.265 513.306 172.577 -65.613 327.911 -2656.25 7.629 -1726.685 -1029.51 -2324.524 -1633.911 -934.143 -230.408 568.695 502.319 -2405.701 -52.032 453.033 38.3 -2081.604 308.228 -17.853 -382.385 2225.952 2025 河北 晒干 一等 074
4184251 4602 2025/9/4 20:05:53 P18 36.7 63.52 0 37.43 14.75 925.8 904.87 86.06 202.637 1072.235 -435.486 289.917 1853.18 -2985.077 -409.699 -1396.637 -767.517 -1996.002 -1295.929 -595.398 112.457 596.161 434.876 511.78 173.34 -63.324 328.674 -2668.457 18.158 -1728.516 -1029.053 -2335.968 -1645.508 -944.824 -239.41 567.932 502.319 -2407.379 -50.659 453.339 37.537 -2084.808 309.296 -19.073 -377.045 2229.767 2025 河北 晒干 一等 074
4184252 4602 2025/9/4 20:05:54 P18 36.6 63.58 0 37.42 14.77 925.8 904.84 87.128 203.095 1072.083 -437.775 278.626 1861.267 -2982.635 -410.767 -1399.078 -766.602 -1988.373 -1286.011 -589.142 116.577 595.703 433.197 511.169 172.882 -69.427 327.911 -2663.269 19.226 -1731.11 -1033.63 -2328.796 -1638.031 -938.873 -233.765 567.474 501.862 -2409.973 -53.101 453.033 39.063 -2086.792 307.312 -16.937 -382.69 2230.072 2025 河北 晒干 一等 074
4184253 4602 2025/9/4 20:05:55 P18 36.67 63.55 0 37.38 14.84 925.79 904.85 87.128 203.705 1072.998 -435.944 283.508 1864.319 -2989.502 -411.682 -1396.79 -767.67 -1994.171 -1291.199 -590.515 116.272 596.314 435.181 509.644 172.882 -66.071 329.132 -2671.051 14.954 -1726.379 -1027.527 -2336.273 -1643.524 -940.552 -235.748 567.322 501.862 -2407.684 -50.201 453.186 38.3 -2082.977 310.364 -19.226 -379.791 2230.072 2025 河北 晒干 一等 074
4184254 4602 2025/9/4 20:05:56 P18 36.69 63.47 0 37.35 14.87 925.79 904.85 87.28 203.552 1072.845 -438.69 280.914 1864.471 -2998.962 -411.682 -1401.52 -769.653 -2003.937 -1299.591 -593.567 117.035 597.076 433.807 508.575 172.272 -69.427 330.811 -2679.749 15.869 -1730.347 -1033.63 -2344.971 -1652.527 -946.655 -235.748 567.627 502.167 -2413.483 -49.896 453.644 38.605 -2088.928 310.211 -19.531 -382.233 2231.293 2025 河北 晒干 一等 074
4184255 4602 2025/9/4 20:05:57 P18 36.63 63.58 0 37.46 14.9 925.79 904.88 87.585 204.468 1071.625 -440.521 283.203 1857.3 -3013.763 -408.936 -1396.637 -768.433 -2012.482 -1309.204 -602.57 112.152 597.534 434.418 508.118 173.492 -69.275 328.98 -2693.176 21.362 -1730.194 -1026.001 -2357.33 -1662.292 -954.895 -245.056 567.322 501.862 -2411.194 -50.659 453.796 38.757 -2087.555 308.838 -19.836 -382.385 2232.056 2025 河北 晒干 一等 074
4184256 4602 2025/9/4 20:05:58 P18 36.69 63.52 0 37.36 14.77 925.79 904.88 87.433 204.62 1071.93 -433.502 290.985 1859.131 -3011.475 -410.767 -1396.027 -773.01 -2018.738 -1312.256 -601.654 112.915 596.008 435.028 507.202 173.187 -61.646 331.116 -2691.193 18.463 -1730.804 -1023.56 -2359.161 -1664.886 -958.557 -241.699 567.322 502.777 -2410.278 -45.929 452.728 38.757 -2085.876 314.026 -18.768 -380.707 2236.023 2025 河北 晒干 一等 074
4184257 4602 2025/9/4 20:05:59 P18 36.66 63.61 0 37.54 14.88 925.79 904.87 87.433 204.315 1071.625 -438.69 287.323 1858.978 -3013 -417.938 -1401.672 -779.266 -2020.721 -1315.308 -604.858 110.931 597.687 433.044 507.507 172.272 -66.986 331.116 -2694.702 14.954 -1734.772 -1023.712 -2360.077 -1668.701 -960.541 -245.056 566.254 502.014 -2414.093 -48.981 453.491 38.605 -2091.064 312.805 -20.294 -392.761 2230.835 2025 河北 晒干 一等 074
4184258 4602 2025/9/4 20:06:00 P18 36.62 63.58 0 37.31 14.74 925.81 904.86 87.585 204.163 1071.93 -439.606 280.151 1865.082 -3007.202 -414.276 -1402.893 -777.283 -2012.634 -1306.61 -595.856 114.746 597.076 433.96 507.355 173.035 -68.359 330.658 -2688.293 14.038 -1736.45 -1027.374 -2354.279 -1661.682 -951.233 -238.8 566.559 503.082 -2413.483 -48.523 453.339 39.215 -2091.675 312.042 -18.616 -380.249 2222.9 2025 河北 晒干 一等 074
4184259 4602 2025/9/4 20:06:01 P18 36.72 63.48 0 37.42 14.84 925.78 904.85 86.975 203.705 1071.014 -438.69 287.17 1860.352 -2992.401 -407.715 -1396.79 -767.67 -2002.716 -1300.964 -593.72 115.814 596.466 433.502 507.66 172.882 -66.528 329.895 -2675.781 17.7 -1726.685 -1029.968 -2342.224 -1652.832 -947.418 -238.037 565.491 501.862 -2406.769 -45.929 452.118 38.91 -2082.825 315.094 -18.921 -380.554 2222.595 2025 河北 晒干 一等 074
4184260 4602 2025/9/4 20:06:02 P18 36.66 63.41 0 37.6 14.77 925.79 904.86 86.975 203.705 1070.557 -447.235 275.879 1866.15 -2999.42 -413.666 -1398.773 -774.384 -2012.329 -1309.662 -600.433 111.542 596.924 433.655 506.744 172.424 -76.447 330.2 -2682.648 15.717 -1731.415 -1026.917 -2351.227 -1662.445 -955.963 -242.462 564.728 501.404 -2410.278 -47.607 451.813 38.757 -2086.334 313.11 -16.937 -380.096 2231.293 2025 河北 晒干 一等 074
4184261 4602 2025/9/4 20:06:03 P18 36.63 63.43 0 37.58 14.66 925.82 904.87 87.891 203.4 1069.794 -444.336 280.609 1861.42 -2993.011 -414.887 -1393.738 -770.416 -2005.768 -1306.152 -601.196 112.457 596.924 433.044 505.981 172.424 -73.09 329.59 -2674.713 19.684 -1724.396 -1022.644 -2342.377 -1656.952 -954.285 -242.92 563.812 501.251 -2404.327 -47.302 451.965 39.215 -2079.01 313.11 -16.327 -383.301 2228.088 2025 河北 晒干 一等 074
4184262 4602 2025/9/4 20:06:04 P18 36.73 63.58 0 37.58 14.74 925.79 904.88 87.128 203.4 1069.489 -443.726 272.827 1863.861 -2981.873 -411.072 -1388.397 -771.179 -1997.833 -1297.455 -595.703 110.931 596.314 432.129 505.676 171.814 -76.141 327.454 -2664.948 11.444 -1721.039 -1018.066 -2333.832 -1647.949 -948.334 -241.089 564.27 500.794 -2400.665 -43.335 451.355 38.605 -2077.637 317.841 -19.836 -382.233 2231.598 2025 河北 晒干 一等 074
4184263 4602 2025/9/4 20:06:05 P18 36.73 63.58 0 37.58 14.8 925.81 904.86 87.585 203.4 1068.878 -445.557 268.097 1865.845 -2975.464 -409.546 -1380.92 -765.991 -1983.795 -1291.351 -593.567 116.272 594.788 432.739 506.744 171.661 -80.414 328.98 -2655.945 12.207 -1708.527 -1017.303 -2324.371 -1640.32 -942.688 -235.901 562.897 499.878 -2393.036 -41.199 451.05 38.91 -2067.566 319.519 -20.447 -379.639 2229.156 2025 河北 晒干 一等 074
4184264 4602 2025/9/4 20:06:06 P18 36.7 63.55 0 37.6 15.13 925.79 904.87 87.28 203.552 1068.726 -444.489 275.726 1861.877 -3015.747 -421.906 -1390.381 -778.809 -2017.975 -1311.188 -604.553 109.863 595.856 432.434 503.082 171.967 -75.531 328.369 -2695.007 11.902 -1722.87 -1018.372 -2357.178 -1666.26 -959.625 -243.988 561.829 499.268 -2407.074 -45.166 449.982 39.52 -2081.604 314.941 -19.226 -381.775 2232.361 2025 河北 晒干 一等 074
4184265 4602 2025/9/4 20:06:07 P18 36.69 63.44 0 37.41 14.85 925.81 904.88 86.975 204.163 1068.268 -445.404 277.557 1861.572 -2990.57 -427.094 -1397.705 -789.185 -2005.157 -1305.542 -600.281 110.169 595.093 433.502 502.777 173.035 -77.362 328.674 -2672.119 0 -1728.363 -1021.729 -2341.919 -1655.731 -953.369 -243.378 561.523 499.42 -2406.311 -47.913 450.287 38.757 -2084.198 313.11 -17.7 -381.165 2230.072 2025 河北 晒干 一等 074
4184266 4602 2025/9/4 20:06:08 P18 36.63 63.47 0 37.52 14.69 925.82 904.86 87.433 203.705 1067.963 -449.524 267.639 1867.981 -2982.788 -419.159 -1391.296 -778.046 -1994.171 -1297.302 -595.093 113.525 597.534 433.502 501.862 171.967 -81.787 329.285 -2664.49 9.308 -1720.428 -1019.745 -2332.916 -1645.966 -947.723 -238.648 562.134 498.657 -2399.75 -43.793 450.745 39.673 -2075.348 317.383 -16.785 -384.064 2232.666 2025 河北 晒干 一等 074
4184267 4602 2025/9/4 20:06:09 P18 36.66 63.51 0 37.59 14.85 925.79 904.84 87.128 203.705 1067.352 -450.134 266.419 1866.608 -2973.328 -425.568 -1387.939 -781.708 -1985.016 -1287.537 -590.82 113.22 595.245 434.265 502.777 172.424 -82.092 327.759 -2655.334 -3.357 -1716.156 -1017.914 -2323.761 -1636.963 -939.636 -236.969 560.913 498.505 -2396.545 -43.03 449.829 38.91 -2072.906 316.315 -17.853 -377.502 2231.14 2025 河北 晒干 一等 074
4184268 4602 2025/9/4 20:06:10 P18 36.67 63.55 0 37.45 14.86 925.8 904.84 87.585 204.163 1068.726 -443.268 276.642 1864.014 -2975.159 -426.178 -1382.751 -781.403 -1983.795 -1285.858 -590.363 114.746 597.076 434.723 501.709 172.272 -73.7 329.59 -2656.25 1.984 -1712.494 -1018.372 -2322.693 -1634.674 -938.873 -235.748 560.761 499.42 -2394.562 -42.419 450.287 39.215 -2070.16 318.604 -19.226 -384.369 2234.192 2025 河北 晒干 一等 074
4184269 4602 2025/9/4 20:06:11 P18 36.74 63.58 0 37.49 14.79 925.8 904.87 88.654 205.078 1069.946 -452.271 270.538 1868.896 -3011.627 -417.938 -1388.55 -778.961 -2017.822 -1312.561 -602.112 111.694 598.755 435.638 502.167 172.119 -82.092 331.726 -2691.04 15.564 -1721.344 -1016.235 -2359.009 -1664.124 -959.168 -242.615 561.371 499.878 -2402.954 -45.929 450.745 39.673 -2079.01 314.636 -19.073 -383.606 2230.682 2025 河北 晒干 一等 074
4184270 4602 2025/9/4 20:06:12 P18 36.66 63.51 0 37.51 14.88 925.81 904.87 87.891 205.078 1067.505 -449.066 274.2 1865.387 -3017.883 -428.314 -1385.803 -788.117 -2017.67 -1312.561 -605.164 109.253 597.992 435.181 499.725 173.035 -77.057 329.132 -2695.77 -1.373 -1719.666 -1016.998 -2360.687 -1665.192 -960.236 -248.413 560.608 499.115 -2403.717 -47.607 450.134 39.673 -2078.857 312.5 -17.7 -380.859 2232.056 2025 河北 晒干 一等 074
4184271 4602 2025/9/4 20:06:13 P18 36.67 63.5 0 37.5 14.81 925.81 904.86 87.738 204.773 1068.726 -442.047 284.271 1861.42 -3014.832 -425.11 -1391.296 -786.743 -2020.874 -1320.038 -606.079 110.931 598.755 436.096 499.42 173.035 -69.122 329.132 -2695.923 7.172 -1722.717 -1016.998 -2362.823 -1670.074 -962.677 -246.277 560.15 499.268 -2403.87 -45.776 450.44 39.215 -2079.926 314.941 -17.7 -381.165 2230.377 2025 河北 晒干 一等 074
4184272 4602 2025/9/4 20:06:14 P18 36.67 63.51 0 37.48 14.83 925.78 904.85 87.28 205.078 1067.505 -440.369 287.323 1859.589 -3017.426 -427.094 -1386.871 -787.506 -2023.01 -1319.275 -608.215 108.643 597.534 435.028 499.268 172.882 -68.665 331.268 -2697.754 10.681 -1722.107 -1013.489 -2364.655 -1671.6 -964.05 -248.718 559.845 499.268 -2403.564 -48.065 450.287 39.215 -2080.078 313.416 -14.496 -383.759 2231.598 2025 河北 晒干 一等 074
4184273 4602 2025/9/4 20:06:15 P18 36.65 63.44 0 37.56 14.9 925.8 904.85 87.891 204.315 1066.742 -442.047 276.794 1863.403 -2972.87 -420.99 -1388.245 -778.809 -1986.389 -1288.91 -590.057 115.204 598.145 434.418 498.962 172.882 -73.242 329.285 -2655.182 9.308 -1715.851 -1015.015 -2324.829 -1639.709 -938.873 -235.596 560.455 498.657 -2392.273 -49.591 449.371 38.91 -2070.16 311.127 -19.073 -382.996 2231.903 2025 河北 晒干 一等 074
4184274 4602 2025/9/4 20:06:16 P18 36.62 63.58 0 37.47 14.84 925.82 904.88 87.738 204.163 1066.132 -438.538 284.424 1857.91 -3004.608 -413.208 -1384.888 -769.653 -2006.531 -1300.812 -597.534 111.389 597.229 433.655 499.268 172.119 -67.749 328.522 -2684.631 10.834 -1717.224 -1017.609 -2348.022 -1654.053 -949.707 -240.631 559.54 498.2 -2400.665 -48.523 449.829 39.825 -2075.958 310.822 -18.311 -382.233 2231.903 2025 河北 晒干 一等 074
4184275 4602 2025/9/4 20:06:17 P18 36.72 63.5 0 37.42 14.8 925.81 904.86 88.196 204.01 1065.826 -447.846 273.59 1863.403 -3000.946 -419.006 -1394.653 -779.572 -2013.55 -1308.136 -602.112 108.643 597.229 434.113 498.2 172.424 -77.82 328.369 -2683.868 13.123 -1726.99 -1020.813 -2352.905 -1661.53 -955.505 -245.972 558.624 498.81 -2404.48 -53.406 449.371 40.131 -2081.604 307.617 -18.463 -379.791 2230.53 2025 河北 晒干 一等 074
4184276 4602 2025/9/4 20:06:18 P18 36.7 63.47 0 37.43 14.67 925.79 904.84 87.891 204.315 1065.674 -449.066 274.353 1864.777 -2998.199 -422.058 -1387.787 -783.691 -2011.414 -1308.746 -602.264 108.643 596.619 433.96 497.742 172.882 -79.041 328.674 -2681.427 9.766 -1719.208 -1017.303 -2349.854 -1662.14 -955.505 -244.904 557.861 498.505 -2399.292 -49.133 448.761 39.673 -2074.738 311.279 -15.869 -385.895 2229.156 2025 河北 晒干 一等 074
4184277 4602 2025/9/4 20:06:19 P18 36.7 63.57 0 37.43 14.9 925.8 904.89 87.433 204.163 1065.521 -442.2 282.745 1857.3 -2991.791 -419.617 -1389.313 -779.724 -2002.869 -1306 -603.333 109.711 596.619 433.044 497.894 172.73 -71.716 328.217 -2673.035 3.204 -1721.802 -1019.135 -2341.461 -1655.121 -955.353 -245.209 557.251 498.2 -2402.344 -49.286 448.608 38.91 -2079.01 313.11 -18.311 -380.096 2230.988 2025 河北 晒干 一等 074
4184278 4602 2025/9/4 20:06:20 P18 36.69 63.51 0 37.55 14.77 925.83 904.89 87.128 204.01 1065.369 -447.846 269.165 1867.676 -2986.145 -432.739 -1382.141 -792.389 -2001.648 -1306.915 -600.891 108.643 596.924 434.113 497.589 172.577 -79.803 329.895 -2668.61 -3.815 -1711.426 -1012.421 -2338.715 -1655.273 -953.674 -244.446 556.335 497.284 -2392.731 -51.117 448.151 39.673 -2068.634 309.296 -19.226 -381.622 2232.513 2025 河北 晒干 一等 074
4184279 4602 2025/9/4 20:06:21 P18 36.63 63.48 0 37.5 14.9 925.81 904.84 87.28 203.705 1063.995 -450.134 267.944 1863.556 -2993.927 -421.906 -1381.073 -778.351 -1995.392 -1294.861 -595.856 112.763 595.551 434.265 497.284 172.119 -81.482 326.538 -2672.882 5.646 -1710.663 -1022.034 -2337.799 -1644.592 -945.129 -240.021 556.946 497.437 -2394.104 -51.575 447.693 39.52 -2069.244 310.211 -20.294 -383.759 2228.699 2025 河北 晒干 一等 074
4184280 4602 2025/9/4 20:06:22 P18 36.74 63.5 0 37.59 14.78 925.83 904.86 87.128 203.095 1063.69 -439.148 287.781 1854.095 -2998.81 -428.314 -1383.972 -786.591 -2006.683 -1306.763 -601.196 109.863 595.551 432.129 498.2 172.577 -67.139 328.064 -2680.511 6.256 -1713.867 -1014.557 -2346.802 -1657.257 -955.505 -243.225 555.725 496.216 -2395.782 -48.981 447.235 39.825 -2071.381 311.279 -18.005 -378.723 2225.647 2025 河北 晒干 一等 074
4184281 4602 2025/9/4 20:06:23 P18 36.69 63.55 0 37.44 14.9 925.81 904.88 86.365 202.637 1063.843 -446.472 272.827 1861.877 -2979.431 -413.513 -1373.444 -769.196 -1990.662 -1295.319 -595.245 112.305 592.346 431.213 498.657 171.814 -78.43 326.233 -2661.438 10.834 -1699.677 -1009.521 -2329.254 -1645.66 -945.435 -238.953 554.352 494.69 -2383.118 -46.997 445.252 39.673 -2057.495 312.958 -20.294 -375.977 2224.731 2025 河北 晒干 一等 074
4184282 4602 2025/9/4 20:06:24 P18 36.66 63.48 0 37.53 14.63 925.83 904.89 86.365 201.721 1060.638 -447.54 272.217 1854.553 -3019.257 -419.617 -1377.869 -777.435 -2021.179 -1316.681 -610.199 105.286 591.583 430.298 498.505 171.204 -79.041 322.876 -2700.348 11.597 -1711.426 -1007.843 -2364.807 -1669.769 -963.135 -250.855 552.521 493.164 -2395.477 -51.27 444.946 39.978 -2071.381 308.685 -19.073 -382.843 2226.257 2025 河北 晒干 一等 074
4184283 4602 2025/9/4 20:06:25 P18 36.76 63.5 0 37.54 14.94 925.83 904.85 86.517 200.806 1059.57 -450.287 267.792 1859.283 -2990.875 -412.293 -1374.817 -772.553 -2006.226 -1307.983 -603.485 105.896 590.363 431.671 498.657 171.661 -81.482 324.86 -2673.95 16.022 -1705.627 -1009.064 -2342.224 -1659.393 -955.048 -246.124 552.063 493.012 -2385.712 -46.844 444.641 39.825 -2061.005 313.721 -18.158 -384.674 2224.884 2025 河北 晒干 一等 074
4184284 4602 2025/9/4 20:06:26 P18 36.69 63.55 0 37.48 14.85 925.8 904.85 86.517 200.958 1060.333 -454.407 264.13 1860.352 -2996.979 -421.295 -1372.833 -777.893 -2002.563 -1298.828 -599.518 107.727 590.363 431.213 496.979 171.051 -85.907 322.876 -2678.223 0.763 -1701.965 -1002.045 -2344.36 -1651.611 -948.792 -242.462 550.537 491.943 -2381.592 -50.964 443.42 39.52 -2056.885 309.753 -19.073 -382.843 2226.105 2025 河北 晒干 一等 074
4184285 4602 2025/9/4 20:06:27 P18 36.81 63.48 0 37.57 14.67 925.8 904.86 86.823 200.653 1059.875 -444.336 281.067 1851.654 -3003.387 -406.952 -1376.801 -766.449 -2011.719 -1305.542 -602.112 104.828 589.752 431.213 497.437 171.967 -72.479 322.418 -2685.699 19.073 -1708.832 -1009.521 -2352.295 -1658.783 -953.827 -245.056 550.079 490.723 -2389.221 -51.88 443.268 39.825 -2064.819 308.075 -19.379 -383.301 2225.952 2025 河北 晒干 一等 074
4184286 4602 2025/9/4 20:06:28 P18 36.7 63.51 0 37.57 14.77 925.8 904.85 85.754 201.111 1059.418 -451.05 269.318 1860.504 -2981.262 -406.647 -1373.138 -761.108 -1990.662 -1295.013 -594.177 111.237 589.447 431.976 497.284 170.898 -81.482 324.249 -2663.574 23.041 -1699.677 -1002.502 -2329.407 -1643.372 -945.587 -239.563 548.859 490.57 -2383.27 -48.37 443.268 39.52 -2057.648 311.89 -17.853 -382.385 2224.426 2025 河北 晒干 一等 074
4184287 4602 2025/9/4 20:06:29 P18 36.66 63.39 0 37.6 14.83 925.78 904.85 86.212 200.195 1058.655 -457.611 266.113 1856.079 -3023.071 -414.429 -1377.563 -775.604 -2028.351 -1318.054 -610.962 100.708 589.6 432.739 496.826 170.441 -86.517 322.418 -2704.315 12.512 -1710.358 -1006.47 -2368.469 -1674.194 -965.576 -253.449 548.706 489.96 -2390.442 -50.659 442.352 39.52 -2065.735 309.448 -19.226 -383.606 2228.394 2025 河北 晒干 一等 074
4184288 4602 2025/9/4 20:06:30 P18 36.7 63.47 0 37.45 14.88 925.8 904.85 85.602 200.501 1058.197 -460.51 253.906 1864.777 -2995.605 -424.957 -1382.751 -784.149 -2008.362 -1308.899 -607.758 100.708 589.447 432.282 495.758 170.441 -94.299 323.181 -2678.223 8.087 -1713.715 -1008.759 -2346.802 -1660.004 -959.32 -251.16 547.638 489.502 -2392.12 -54.474 442.81 39.673 -2068.634 305.939 -18.158 -378.571 2225.037 2025 河北 晒干 一等 074
4184289 4602 2025/9/4 20:06:31 P18 36.62 63.58 0 37.56 14.65 925.82 904.87 86.517 200.958 1057.587 -461.578 249.786 1866.76 -2996.979 -413.055 -1373.138 -769.043 -2004.242 -1300.201 -600.281 104.675 589.905 432.892 495.606 171.509 -97.351 322.113 -2677.917 14.954 -1703.796 -1007.233 -2343.75 -1653.442 -950.623 -244.598 547.028 489.197 -2384.491 -50.659 441.437 39.978 -2059.479 309.448 -18.921 -389.099 2225.647 2025 河北 晒干 一等 074
4184290 4602 2025/9/4 20:06:32 P18 36.63 63.52 0 37.42 14.8 925.8 904.85 85.449 201.111 1057.587 -445.404 278.015 1853.79 -3008.27 -412.14 -1369.781 -769.653 -2014.923 -1313.171 -606.384 105.896 589.752 433.044 494.995 172.119 -75.531 324.554 -2691.193 19.684 -1700.745 -998.383 -2356.262 -1667.175 -960.236 -247.498 547.028 488.892 -2383.423 -55.542 441.284 39.825 -2058.258 304.26 -19.531 -384.979 2226.257 2025 河北 晒干 一等 074
4184291 4602 2025/9/4 20:06:33 P18 36.63 63.5 0 37.42 14.76 925.8 904.85 85.754 200.958 1057.281 -452.881 266.113 1856.842 -3007.05 -409.851 -1372.528 -767.517 -2014.16 -1310.883 -608.673 103.76 589.6 432.434 494.995 171.051 -84.381 321.35 -2687.836 17.7 -1703.033 -1002.502 -2354.279 -1663.055 -959.32 -251.16 546.722 488.281 -2384.644 -57.983 441.589 40.283 -2060.699 303.192 -19.379 -379.791 2225.952 2025 河北 晒干 一等 074
4184292 4602 2025/9/4 20:06:34 P18 36.72 63.58 0 37.44 14.92 925.8 904.88 85.907 200.501 1056.213 -454.712 270.996 1853.333 -3014.069 -437.47 -1369.019 -796.204 -2022.552 -1322.479 -615.234 98.572 588.684 432.739 495.606 171.356 -82.855 322.571 -2694.55 -5.798 -1701.355 -999.146 -2361.145 -1673.279 -969.696 -256.958 544.586 487.213 -2382.965 -58.136 440.064 39.673 -2059.174 302.277 -19.989 -384.979 2226.868 2025 河北 晒干 一等 074
4184293 4602 2025/9/4 20:06:35 P18 36.66 63.47 0 37.61 14.95 925.8 904.87 86.517 201.721 1056.824 -455.475 265.503 1857.3 -3009.644 -438.232 -1368.256 -798.035 -2020.264 -1316.528 -611.725 98.572 589.142 433.197 495.606 170.898 -85.754 321.198 -2692.871 -9.308 -1700.897 -991.516 -2359.924 -1668.091 -964.966 -254.822 545.197 487.671 -2381.134 -51.422 440.521 39.825 -2057.19 308.838 -19.989 -378.571 2223.816 2025 河北 晒干 一等 074
4184294 4602 2025/9/4 20:06:36 P18 36.67 63.51 0 37.52 14.84 925.77 904.87 85.754 201.569 1056.824 -456.238 266.113 1856.995 -3008.27 -437.927 -1365.814 -796.814 -2017.822 -1316.833 -612.488 99.03 588.989 434.418 495.758 171.356 -86.517 321.96 -2689.819 -5.493 -1699.677 -992.737 -2358.093 -1666.412 -965.576 -255.737 544.586 487.976 -2379.15 -54.169 440.064 39.673 -2054.596 307.159 -17.853 -383.301 2225.037 2025 河北 晒干 一等 074
4184295 4602 2025/9/4 20:06:37 P18 36.63 63.57 0 37.54 14.84 925.81 904.88 85.754 200.806 1056.519 -460.205 264.587 1854.858 -3002.014 -430.603 -1366.577 -790.405 -2015.228 -1313.629 -609.894 99.792 587.769 432.892 496.216 171.051 -87.891 320.892 -2684.784 -0.916 -1698.761 -997.925 -2354.431 -1663.513 -961.914 -254.211 543.06 486.145 -2377.625 -52.49 440.064 39.825 -2054.749 307.007 -19.379 -378.723 2226.563 2025 河北 晒干 一等 074
4184296 4602 2025/9/4 20:06:38 P18 36.69 63.5 0 37.55 14.91 925.8 904.88 85.449 200.348 1053.925 -457.764 261.536 1859.589 -2998.352 -426.178 -1361.542 -780.945 -2003.174 -1304.169 -605.927 101.776 588.532 431.976 495.148 170.746 -87.891 320.74 -2678.07 -1.678 -1691.284 -991.364 -2343.903 -1653.9 -955.811 -250.244 541.84 485.687 -2373.199 -55.847 438.538 40.436 -2049.103 306.397 -19.684 -382.385 2218.628 2025 河北 晒干 一等 074
4184297 4602 2025/9/4 20:06:39 P18 36.69 63.41 0 37.46 14.77 925.85 904.86 85.449 200.653 1054.23 -457.306 263.214 1857.91 -3002.319 -422.363 -1366.119 -779.266 -2006.378 -1307.526 -607.605 102.234 587.769 432.739 495.3 170.593 -87.433 322.113 -2681.58 1.526 -1695.557 -995.026 -2347.412 -1657.715 -957.642 -249.786 541.687 485.992 -2377.319 -56 438.232 39.673 -2052.155 304.871 -17.242 -382.996 2223.663 2025 河北 晒干 一等 074
4184298 4602 2025/9/4 20:06:40 P18 36.74 63.61 0 37.58 14.81 925.83 904.86 85.907 201.263 1053.772 -454.559 267.792 1856.079 -3009.186 -428.009 -1366.119 -785.523 -2017.975 -1320.343 -616.303 96.283 587.921 433.197 494.995 170.898 -84.839 320.435 -2691.345 0 -1699.066 -997.772 -2359.619 -1667.023 -968.781 -258.179 541.077 485.077 -2380.829 -54.932 438.538 40.131 -2055.969 305.634 -18.768 -381.012 2229.919 2025 河北 晒干 一等 074
4184299 4602 2025/9/4 20:06:41 P18 36.7 63.47 0 37.56 14.9 925.83 904.86 85.449 201.111 1053.009 -451.508 269.623 1856.232 -3013.458 -428.467 -1371.918 -789.49 -2024.384 -1324.463 -615.387 99.792 589.447 434.418 493.774 171.356 -81.635 322.723 -2695.16 4.425 -1703.949 -997.62 -2364.044 -1675.568 -969.849 -256.348 541.077 485.077 -2383.881 -52.795 438.08 39.978 -2060.699 307.159 -19.073 -382.996 2225.952 2025 河北 晒干 一等 074
4184300 4602 2025/9/4 20:06:42 P18 36.73 63.54 0 37.47 14.74 925.8 904.88 86.212 201.416 1053.467 -471.802 245.056 1870.27 -3001.099 -425.415 -1366.882 -784.454 -2012.787 -1315.002 -611.115 99.487 590.363 433.807 492.096 170.136 -104.218 322.113 -2681.885 4.425 -1696.93 -994.11 -2351.685 -1664.429 -962.677 -252.686 540.619 484.009 -2377.319 -52.948 438.08 39.673 -2053.833 307.77 -17.395 -383.759 2232.361 2025 河北 晒干 一等 074
4184301 4602 2025/9/4 20:06:43 P18 36.65 63.4 0 37.48 14.93 925.83 904.89 85.602 201.416 1054.382 -453.644 268.25 1854.858 -3025.665 -419.006 -1365.814 -780.792 -2028.809 -1327.057 -619.507 95.062 589.6 433.96 491.791 171.967 -83.618 321.503 -2706.146 15.564 -1701.202 -993.042 -2371.216 -1679.23 -973.663 -261.231 540.161 484.772 -2382.355 -51.88 438.232 39.52 -2059.326 307.77 -20.905 -379.028 2223.358 2025 河北 晒干 一等 074
4184302 4602 2025/9/4 20:06:44 P18 36.65 63.43 0 37.57 14.85 925.82 904.87 85.907 201.569 1054.077 -456.238 260.925 1862.946 -2983.856 -413.971 -1352.692 -769.806 -1996.613 -1299.591 -600.281 103.455 591.431 433.96 492.859 171.356 -88.959 323.029 -2664.795 12.665 -1680.603 -988.159 -2333.221 -1647.034 -951.538 -246.429 539.703 484.924 -2364.655 -54.016 438.385 39.673 -2038.879 306.091 -18.311 -381.928 2225.189 2025 河北 晒干 一等 074
4184303 4602 2025/9/4 20:06:45 P18 36.65 63.46 0 37.59 15.03 925.8 904.84 85.907 201.874 1054.077 -455.475 261.383 1862.488 -2983.398 -400.543 -1352.386 -756.531 -1997.681 -1297.913 -600.281 101.776 591.431 434.876 490.112 171.814 -86.365 323.944 -2667.542 24.719 -1680.45 -984.955 -2336.426 -1648.865 -948.792 -245.819 539.551 484.467 -2359.161 -53.406 438.232 39.825 -2033.844 305.786 -20.447 -383.606 2225.342 2025 河北 晒干 一等 074
4184304 4602 2025/9/4 20:06:46 P18 36.67 63.5 0 37.55 14.82 925.85 904.87 86.212 202.179 1053.925 -454.254 269.013 1857.605 -3015.137 -419.922 -1355.591 -780.64 -2026.062 -1321.869 -615.234 97.351 591.431 435.486 489.96 171.661 -83.618 322.571 -2698.059 7.935 -1688.232 -982.666 -2366.333 -1674.957 -968.018 -256.653 539.246 484.772 -2367.249 -58.289 438.385 39.825 -2045.288 303.04 -20.294 -379.334 2221.68 2025 河北 晒干 一等 074
4184305 4602 2025/9/4 20:06:47 P18 36.65 63.52 0 37.49 14.98 925.82 904.87 85.907 202.484 1053.772 -462.341 261.993 1860.809 -3027.191 -418.091 -1353.76 -781.25 -2032.471 -1327.057 -615.997 97.809 589.6 434.57 489.807 170.746 -91.858 323.486 -2705.688 14.801 -1685.791 -984.192 -2371.979 -1680.45 -971.375 -257.416 539.093 484.314 -2368.927 -56.305 438.385 39.215 -2044.678 303.04 -17.548 -389.71 2227.478 2025 河北 晒干 一等 074
4184306 4602 2025/9/4 20:06:48 P18 36.65 63.44 0 37.49 14.81 925.77 904.89 86.67 202.637 1052.704 -458.069 261.536 1858.521 -2990.723 -404.205 -1351.776 -758.972 -1997.681 -1299.286 -600.739 104.065 590.82 433.655 490.265 171.509 -88.959 320.587 -2674.103 14.496 -1679.688 -986.176 -2340.393 -1650.085 -948.944 -247.345 538.33 484.772 -2364.044 -52.795 437.927 40.283 -2039.185 304.108 -20.294 -382.996 2228.088 2025 河北 晒干 一等 074
4184307 4602 2025/9/4 20:06:49 P18 36.6 63.67 0 37.59 14.65 925.79 904.88 86.517 202.026 1052.399 -452.118 269.775 1855.164 -3009.949 -409.699 -1351.318 -769.196 -2019.958 -1318.207 -614.166 96.741 591.126 434.265 489.655 171.509 -82.092 321.96 -2692.413 21.21 -1684.265 -979.004 -2360.229 -1669.159 -966.797 -257.874 538.635 483.856 -2363.586 -57.068 437.927 39.673 -2040.558 303.65 -17.395 -383.911 2226.257 2025 河北 晒干 一等 074
4184308 4602 2025/9/4 20:06:50 P18 36.63 63.43 0 37.61 14.8 925.83 904.86 86.365 202.484 1052.856 -453.949 271.454 1856.537 -3024.597 -418.549 -1352.081 -778.656 -2033.081 -1326.141 -618.134 96.893 591.278 433.96 489.807 171.509 -82.397 323.334 -2707.367 10.376 -1683.807 -981.751 -2373.199 -1681.671 -973.053 -258.942 537.872 484.314 -2366.943 -57.678 438.08 40.283 -2041.931 302.429 -19.226 -378.418 2222.748 2025 河北 晒干 一等 074
4184309 4602 2025/9/4 20:06:51 P18 36.72 63.55 0 37.55 14.76 925.85 904.88 86.212 202.332 1052.704 -444.489 281.677 1847.229 -3030.701 -420.227 -1354.065 -780.64 -2037.659 -1328.125 -619.202 93.994 591.126 432.892 489.349 172.272 -73.395 321.503 -2713.318 14.343 -1686.401 -976.105 -2380.219 -1683.502 -973.053 -261.078 536.804 483.704 -2368.469 -56.61 437.622 39.52 -2044.983 303.955 -19.226 -387.878 2227.173 2025 河北 晒干 一等 074
4184310 4602 2025/9/4 20:06:52 P18 36.63 63.62 0 37.62 14.87 925.82 904.87 85.297 203.247 1052.551 -455.475 268.86 1858.368 -3023.682 -411.072 -1353.149 -776.52 -2031.555 -1328.43 -616.608 95.215 591.431 433.35 487.366 171.661 -83.771 323.334 -2704.163 20.142 -1689.301 -983.429 -2371.216 -1682.129 -971.68 -259.857 537.72 484.161 -2368.622 -59.357 437.47 40.436 -2045.898 302.429 -21.973 -383.911 2224.884 2025 河北 晒干 一等 074
4184311 4602 2025/9/4 20:06:53 P18 36.66 63.47 0 37.39 14.91 925.81 904.91 87.128 202.484 1052.551 -445.862 271.912 1854.553 -3010.712 -412.445 -1353.149 -769.653 -2016.296 -1311.188 -610.199 98.877 590.363 433.502 490.112 172.119 -78.888 321.655 -2691.65 16.785 -1686.249 -979.309 -2358.093 -1664.429 -961.304 -252.991 536.804 483.704 -2367.249 -60.577 437.47 39.673 -2042.236 299.683 -18.158 -384.216 2224.731 2025 河北 晒干 一等 074
4184312 4602 2025/9/4 20:06:54 P18 36.69 63.5 0 37.58 14.93 925.81 904.89 86.517 202.637 1051.331 -456.238 267.334 1857.3 -3018.036 -424.347 -1355.591 -784.607 -2028.503 -1324.005 -615.845 96.13 590.057 434.113 489.044 171.509 -84.839 321.96 -2700.195 9.155 -1688.08 -984.497 -2368.622 -1678.467 -971.222 -258.942 536.041 482.178 -2367.859 -59.357 437.012 40.131 -2044.22 300.751 -19.836 -380.554 2224.884 2025 河北 晒干 一等 074
4184313 4602 2025/9/4 20:06:55 P18 36.66 63.51 0 37.56 14.67 925.81 904.89 86.517 201.263 1050.11 -456.39 267.181 1856.384 -3011.475 -416.412 -1359.711 -774.536 -2021.027 -1320.496 -616.76 95.825 590.668 432.739 488.892 171.509 -85.907 321.655 -2694.092 17.548 -1691.742 -983.734 -2360.992 -1671.753 -969.544 -259.247 535.126 482.025 -2374.573 -61.34 436.096 40.436 -2049.866 299.53 -20.294 -383.301 2222.748 2025 河北 晒干 一等 074
4184314 4602 2025/9/4 20:06:56 P18 36.65 63.48 0 37.5 14.85 925.81 904.89 85.449 201.263 1050.415 -450.44 265.961 1857.3 -2999.573 -420.99 -1348.419 -775.452 -2002.869 -1303.406 -606.842 99.64 588.837 434.265 488.586 171.509 -82.397 320.892 -2679.596 9.003 -1677.856 -982.666 -2344.513 -1653.137 -954.895 -252.38 534.973 481.262 -2361.755 -63.629 435.638 39.673 -2037.201 298.157 -19.684 -384.369 2221.222 2025 河北 晒干 一等 074
4184315 4602 2025/9/4 20:06:57 P18 36.66 63.54 0 37.65 14.78 925.84 904.89 86.212 200.501 1049.042 -447.083 274.048 1854.095 -3010.101 -424.194 -1348.419 -782.929 -2018.127 -1317.902 -612.793 99.335 589.752 432.282 487.518 171.509 -77.82 322.113 -2691.65 7.477 -1680.756 -979.004 -2357.33 -1669.464 -964.966 -254.211 534.515 481.262 -2363.281 -61.951 435.181 39.368 -2038.422 298.004 -16.785 -382.996 2220.612 2025 河北 晒干 一等 074
4184316 4602 2025/9/4 20:06:58 P18 36.65 63.47 0 37.59 14.87 925.84 904.89 86.06 201.416 1048.279 -453.796 266.571 1855.469 -2991.486 -421.448 -1350.861 -780.029 -2002.869 -1304.779 -602.875 100.098 587.769 432.892 488.281 170.746 -83.923 321.045 -2673.492 -0.305 -1677.551 -980.072 -2340.393 -1653.9 -954.132 -250.855 534.668 480.194 -2359.619 -63.477 434.723 39.673 -2035.522 296.478 -18.311 -382.996 2222.443 2025 河北 晒干 一等 074
4184317 4602 2025/9/4 20:06:59 P18 36.65 63.51 0 37.51 14.83 925.8 904.87 86.06 201.111 1048.431 -467.224 249.481 1862.64 -3025.665 -429.23 -1359.711 -791.321 -2035.065 -1328.888 -621.338 91.705 589.6 433.197 486.145 171.356 -98.724 320.129 -2707.062 4.12 -1691.742 -981.14 -2375.031 -1684.113 -974.426 -262.756 532.532 480.194 -2371.521 -66.071 434.57 40.283 -2047.119 294.037 -20.294 -382.69 2229.309 2025 河北 晒干 一等 074
4184318 4602 2025/9/4 20:07:00 P18 36.69 63.44 0 37.61 14.73 925.84 904.86 86.212 201.874 1048.584 -467.072 253.296 1863.708 -3009.796 -419.464 -1348.572 -779.266 -2019.958 -1315.613 -610.809 96.741 589.294 435.486 486.45 171.509 -97.351 321.503 -2692.871 6.561 -1680.145 -978.241 -2359.314 -1669.159 -963.745 -254.974 532.99 480.042 -2361.908 -64.545 434.57 39.673 -2037.506 295.258 -18.921 -381.012 2226.563 2025 河北 晒干 一等 074
4184319 4602 2025/9/4 20:07:01 P18 36.63 63.46 0 37.54 14.88 925.83 904.89 86.06 201.874 1048.737 -445.099 278.931 1852.417 -2993.469 -420.38 -1345.978 -775.299 -2002.563 -1305.237 -606.842 100.708 589.752 434.113 486.755 171.509 -73.853 322.113 -2673.798 2.899 -1674.957 -980.53 -2339.935 -1652.832 -956.879 -251.312 532.837 480.347 -2358.246 -67.902 435.028 39.52 -2033.386 292.358 -15.717 -382.843 2228.088 2025 河北 晒干 一等 074
4184320 4602 2025/9/4 20:07:02 P18 36.63 63.44 0 37.54 14.73 925.82 904.86 86.365 202.484 1048.431 -457.764 264.587 1859.589 -3005.371 -417.023 -1343.994 -775.147 -2014.16 -1318.054 -614.929 96.283 592.804 434.57 484.467 171.814 -88.043 323.334 -2686.462 13.886 -1674.5 -974.274 -2353.821 -1666.87 -966.492 -257.263 532.837 479.736 -2355.957 -62.714 435.333 40.283 -2032.013 297.546 -18.616 -386.81 2225.342 2025 河北 晒干 一等 074
4184321 4602 2025/9/4 20:07:03 P18 36.76 63.46 0 37.52 14.93 925.83 904.88 87.738 203.705 1050.11 -461.884 255.737 1866.76 -3000.031 -411.682 -1342.316 -766.754 -2004.547 -1306.152 -610.199 98.877 593.72 436.707 484.619 172.272 -94.299 323.944 -2679.596 14.954 -1672.363 -976.105 -2344.971 -1656.647 -959.168 -253.754 532.99 481.262 -2355.347 -68.359 435.791 40.283 -2029.877 292.511 -19.379 -379.181 2237.396 2025 河北 晒干 一等 074
4184322 4602 2025/9/4 20:07:04 P18 36.67 63.54 0 37.69 15 925.84 904.89 87.433 204.62 1051.025 -457.916 261.383 1867.371 -3004.761 -412.293 -1340.79 -768.585 -2009.888 -1310.883 -607.605 100.708 596.314 437.927 481.72 172.424 -88.959 326.996 -2684.021 19.989 -1670.074 -975.037 -2350.769 -1661.53 -960.083 -251.16 532.99 482.33 -2353.821 -64.24 435.944 39.673 -2028.046 296.326 -13.58 -384.522 2238.77 2025 河北 晒干 一等 074
4184323 4602 2025/9/4 20:07:05 P18 36.62 63.46 0 37.6 14.85 925.81 904.88 87.738 205.383 1052.399 -453.644 267.944 1863.861 -3016.663 -410.004 -1345.367 -769.959 -2026.52 -1325.684 -618.439 96.741 597.076 438.69 481.262 173.187 -84.229 328.217 -2697.906 21.973 -1678.314 -971.069 -2365.875 -1676.941 -973.053 -259.094 533.752 483.398 -2359.467 -64.087 437.164 40.131 -2035.675 297.546 -18.768 -384.674 2233.124 2025 河北 晒干 一等 074
4184324 4602 2025/9/4 20:07:06 P18 36.74 63.46 0 37.57 14.85 925.83 904.92 88.196 205.536 1051.941 -450.592 281.372 1856.537 -3007.965 -421.295 -1349.64 -781.25 -2022.095 -1319.885 -613.403 98.114 598.755 438.69 480.652 173.95 -76.599 328.064 -2690.43 12.207 -1681.824 -977.478 -2359.009 -1672.058 -966.95 -256.653 534.21 483.551 -2362.213 -63.019 437.164 40.283 -2037.506 297.546 -19.684 -372.925 2235.413 2025 河北 晒干 一等 074
4184325 4602 2025/9/4 20:07:07 P18 36.66 63.44 0 37.6 14.85 925.83 904.87 88.348 207.214 1052.551 -453.186 266.266 1868.439 -2997.284 -407.105 -1344.757 -768.28 -2013.092 -1315.002 -609.894 96.436 599.518 437.775 480.652 172.73 -82.245 329.742 -2679.749 18.158 -1677.704 -976.257 -2349.243 -1665.649 -963.745 -254.364 534.973 484.619 -2356.72 -65.46 438.232 39.673 -2032.928 296.173 -18.921 -386.2 2242.126 2025 河北 晒干 一等 074
4184326 4602 2025/9/4 20:07:08 P18 36.65 63.48 0 37.39 14.72 925.84 904.89 88.501 206.909 1052.246 -448.303 271.759 1866.15 -3003.998 -417.633 -1341.553 -773.621 -2004.7 -1303.558 -604.858 102.997 600.433 438.843 479.736 173.798 -78.583 329.132 -2683.258 9.155 -1671.295 -972.29 -2347.26 -1654.358 -953.98 -249.786 535.736 485.382 -2355.652 -65.308 437.775 39.673 -2029.877 294.342 -19.226 -382.233 2235.565 2025 河北 晒干 一等 074
4184327 4602 2025/9/4 20:07:09 P18 36.74 63.51 0 37.52 14.83 925.84 904.89 88.501 207.367 1053.162 -456.848 260.315 1873.627 -3014.832 -429.23 -1344.452 -788.269 -2022.858 -1322.479 -616.76 97.961 601.349 437.47 480.499 173.645 -89.111 329.285 -2695.923 7.172 -1677.246 -969.391 -2363.129 -1673.889 -970.154 -258.484 534.821 485.23 -2359.161 -67.444 438.385 39.673 -2035.98 294.647 -20.294 -385.59 2235.413 2025 河北 晒干 一等 074
4184328 4602 2025/9/4 20:07:10 P18 36.63 63.57 0 37.54 14.72 925.82 904.87 89.569 206.909 1053.314 -458.069 257.568 1873.779 -3002.777 -434.113 -1334.229 -792.542 -2012.177 -1310.425 -608.978 99.487 600.739 438.69 480.804 172.577 -91.095 329.895 -2683.563 -4.578 -1664.734 -968.933 -2351.227 -1661.377 -959.32 -254.211 535.584 485.687 -2346.191 -68.665 438.538 39.825 -2023.315 291.29 -18.921 -382.996 2240.601 2025 河北 晒干 一等 074
4184329 4602 2025/9/4 20:07:11 P18 36.7 63.47 0 37.5 14.71 925.83 904.91 89.417 208.283 1053.467 -453.186 268.707 1869.202 -3023.224 -439.606 -1340.637 -800.781 -2026.367 -1322.937 -617.371 97.504 602.57 437.47 478.21 173.34 -82.855 330.2 -2701.416 -6.409 -1674.347 -965.881 -2365.723 -1676.025 -969.391 -259.094 535.736 487.061 -2355.499 -68.665 439.606 39.52 -2031.403 294.19 -14.191 -383.606 2238.617 2025 河北 晒干 一等 074
4184330 4602 2025/9/4 20:07:12 P18 36.74 63.47 0 37.61 14.83 925.83 904.9 89.264 207.977 1052.246 -455.017 257.416 1877.899 -2980.804 -419.617 -1329.803 -774.536 -1993.408 -1294.403 -597.992 104.065 603.027 437.47 477.142 173.645 -89.264 330.353 -2664.49 6.561 -1658.783 -965.729 -2332.458 -1642.914 -947.113 -243.683 535.736 486.908 -2342.529 -69.122 439.148 39.368 -2016.296 291.138 -19.379 -380.096 2238.77 2025 河北 晒干 一等 074
4184331 4602 2025/9/4 20:07:13 P18 36.66 63.46 0 37.46 14.67 925.85 904.88 89.569 207.825 1052.094 -453.033 266.876 1870.88 -3022.919 -419.006 -1339.111 -779.266 -2025.757 -1323.09 -615.54 100.098 602.875 436.707 476.074 173.95 -83.466 330.963 -2704.62 8.85 -1673.889 -966.034 -2369.385 -1674.957 -969.696 -256.653 535.584 487.061 -2356.567 -61.493 439.758 40.283 -2031.555 299.53 -20.752 -382.538 2239.227 2025 河北 晒干 一等 074
4184332 4602 2025/9/4 20:07:14 P18 36.69 63.48 0 37.53 15.03 925.85 904.88 89.874 208.435 1052.399 -446.32 278.168 1867.676 -3025.208 -425.72 -1342.163 -786.591 -2032.318 -1328.125 -616.608 97.961 603.943 437.012 476.074 173.798 -76.447 332.489 -2705.688 8.24 -1673.737 -969.696 -2372.131 -1681.213 -973.816 -258.179 535.736 487.213 -2355.347 -58.289 439.301 39.825 -2031.403 300.598 -19.226 -383.759 2240.295 2025 河北 晒干 一等 074
4184333 4602 2025/9/4 20:07:15 P18 36.66 63.34 0 37.47 14.83 925.83 904.88 89.417 208.435 1052.399 -453.796 263.519 1872.253 -3019.104 -434.723 -1333.313 -795.593 -2022.552 -1320.496 -615.997 102.387 603.18 436.401 474.701 174.103 -85.449 330.811 -2697.296 0.763 -1669.159 -967.255 -2363.892 -1672.974 -967.255 -255.585 535.584 488.129 -2351.99 -60.272 439.606 39.215 -2027.13 301.514 -17.09 -383.759 2237.701 2025 河北 晒干 一等 074
4184334 4602 2025/9/4 20:07:16 P18 36.66 63.48 0 37.47 14.85 925.81 904.89 89.417 207.977 1052.094 -452.881 268.707 1868.744 -3004.761 -423.737 -1330.261 -780.945 -2013.855 -1309.509 -605.316 104.981 603.18 436.707 473.328 174.103 -82.245 331.116 -2687.531 4.883 -1663.818 -965.118 -2355.194 -1664.124 -957.642 -248.871 536.041 487.061 -2346.649 -58.136 439.301 39.52 -2020.569 303.497 -19.073 -384.827 2239.075 2025 河北 晒干 一等 074
4184335 4602 2025/9/4 20:07:17 P18 36.7 63.47 0 37.64 14.78 925.82 904.88 89.111 207.825 1051.331 -445.862 278.32 1863.098 -3010.101 -423.737 -1333.923 -783.691 -2019.958 -1319.122 -613.403 101.013 603.027 435.638 476.227 173.34 -75.073 331.116 -2691.345 5.951 -1667.175 -958.405 -2358.704 -1669.769 -966.492 -254.364 535.431 488.129 -2348.785 -59.204 439.606 40.131 -2024.841 302.887 -19.226 -385.132 2235.107 2025 河北 晒干 一等 074
4184336 4602 2025/9/4 20:07:18 P18 36.69 63.58 0 37.57 14.74 925.8 904.9 88.806 207.672 1051.178 -454.102 269.775 1867.523 -3002.625 -423.126 -1336.212 -781.708 -2013.245 -1313.324 -611.42 100.403 601.959 435.638 471.649 173.187 -82.703 329.59 -2684.631 4.12 -1669.617 -959.168 -2352.295 -1664.429 -962.982 -254.211 535.431 487.671 -2349.243 -58.746 440.064 40.131 -2025.146 302.277 -20.905 -379.334 2235.26 2025 河北 晒干 一等 074
4184337 4602 2025/9/4 20:07:19 P18 36.69 63.55 0 37.55 14.9 925.84 904.91 88.501 207.367 1051.331 -456.39 261.993 1873.779 -2993.317 -421.448 -1330.872 -778.046 -2003.021 -1304.932 -605.927 101.776 601.349 434.723 473.328 172.882 -87.585 329.59 -2675.171 7.782 -1662.903 -962.372 -2341.614 -1655.579 -956.421 -251.923 535.431 487.213 -2344.36 -62.714 439.301 39.673 -2020.264 298.309 -19.684 -380.707 2239.838 2025 河北 晒干 一等 074
4184338 4602 2025/9/4 20:07:20 P18 36.69 63.52 0 37.48 14.83 925.8 904.88 88.806 207.825 1050.72 -449.829 267.639 1869.202 -3005.829 -417.328 -1330.109 -773.01 -2008.057 -1305.237 -604.096 103.607 602.112 434.876 473.023 173.492 -80.566 328.827 -2685.242 8.545 -1662.14 -961.304 -2349.854 -1656.799 -955.811 -248.261 535.584 486.908 -2344.818 -64.24 438.69 39.368 -2018.738 296.173 -19.531 -383.911 2237.549 2025 河北 晒干 一等 074
4184339 4602 2025/9/4 20:07:21 P18 36.63 63.4 0 37.59 14.81 925.83 904.86 88.806 207.52 1051.331 -456.543 263.825 1870.88 -3017.883 -414.734 -1334.839 -769.959 -2020.569 -1315.308 -612.64 101.318 601.807 435.181 473.023 172.272 -86.975 328.827 -2698.517 20.142 -1666.107 -963.898 -2362.366 -1669.006 -962.524 -254.059 535.278 487.366 -2351.379 -62.714 438.538 39.673 -2025.452 298.157 -19.684 -381.165 2238.312 2025 河北 晒干 一等 074
4184340 4602 2025/9/4 20:07:22 P18 36.73 63.47 0 37.52 14.91 925.81 904.91 89.417 207.52 1048.584 -462.341 255.432 1874.237 -3025.818 -424.194 -1341.095 -784.912 -2029.419 -1323.09 -616.608 100.403 601.196 433.96 471.802 173.492 -97.046 330.2 -2705.078 2.289 -1675.11 -966.492 -2370.758 -1677.856 -971.527 -254.211 534.21 487.061 -2357.178 -63.477 438.08 40.283 -2031.25 297.089 -20.752 -387.726 2234.497 2025 河北 晒干 一等 074
4184341 4602 2025/9/4 20:07:23 P18 36.74 63.46 0 37.54 14.83 925.81 904.91 89.722 207.825 1050.11 -459.29 261.688 1869.659 -2991.333 -417.481 -1327.515 -775.299 -2000.732 -1304.932 -605.011 102.387 601.044 433.502 471.802 171.967 -89.874 329.59 -2671.814 3.357 -1659.241 -957.489 -2339.478 -1652.374 -956.574 -249.634 534.058 486.908 -2341.461 -58.746 437.927 39.978 -2018.127 299.225 -16.632 -384.674 2235.87 2025 河北 晒干 一等 074
4184342 4602 2025/9/4 20:07:24 P18 36.67 63.47 0 37.43 14.8 925.79 904.87 88.654 207.977 1048.431 -458.069 256.958 1871.185 -3009.033 -417.938 -1323.7 -772.858 -2012.482 -1308.441 -606.232 102.387 600.281 433.655 472.565 173.035 -90.637 327.301 -2689.362 10.834 -1653.29 -951.843 -2354.889 -1660.156 -957.031 -249.939 533.142 486.755 -2336.731 -60.73 437.622 38.91 -2011.871 299.53 -18.463 -384.674 2239.075 2025 河北 晒干 一等 074
4184343 4602 2025/9/4 20:07:25 P18 36.63 63.46 0 37.58 14.8 925.8 904.85 88.501 206.604 1048.889 -455.017 263.519 1868.896 -3020.782 -424.957 -1325.378 -782.471 -2022.247 -1318.512 -614.319 100.708 599.976 433.655 472.412 172.119 -85.754 328.522 -2701.263 3.967 -1658.936 -955.505 -2365.417 -1670.837 -966.034 -255.28 533.752 485.992 -2343.292 -61.798 437.164 39.825 -2018.127 298.92 -18.768 -382.996 2230.53 2025 河北 晒干 一等 074
4184344 4602 2025/9/4 20:07:26 P18 36.7 63.44 0 37.5 14.84 925.8 904.86 88.654 206.604 1049.652 -445.709 271.301 1864.624 -2999.573 -419.159 -1326.141 -775.452 -2004.242 -1302.49 -604.248 101.624 598.755 433.807 472.412 173.492 -77.209 326.386 -2680.206 1.831 -1654.663 -962.83 -2345.886 -1654.51 -952.606 -249.176 532.684 485.382 -2338.562 -65.765 437.164 40.283 -2013.092 293.732 -19.836 -380.554 2232.666 2025 河北 晒干 一等 074
4184345 4602 2025/9/4 20:07:27 P18 36.77 63.51 0 37.52 14.76 925.78 904.88 88.196 205.841 1047.058 -450.745 270.691 1862.64 -3008.423 -420.227 -1331.787 -775.757 -2012.787 -1311.798 -608.521 103.607 597.534 432.434 473.785 172.119 -82.092 325.47 -2687.836 9.155 -1660.919 -958.405 -2353.21 -1662.292 -960.999 -250.397 529.938 484.619 -2344.971 -64.392 435.333 40.131 -2018.89 295.41 -19.531 -383.759 2230.377 2025 河北 晒干 一等 074
4184346 4602 2025/9/4 20:07:28 P18 36.66 63.52 0 37.53 14.63 925.82 904.86 86.975 205.689 1046.295 -460.815 260.162 1861.877 -3018.951 -419.769 -1324.921 -777.741 -2020.416 -1316.528 -614.777 97.198 595.856 432.129 473.328 172.119 -91.248 324.097 -2698.517 8.087 -1657.104 -953.064 -2363.129 -1669.464 -965.881 -257.568 530.548 483.398 -2341.614 -67.139 435.638 39.368 -2015.533 293.732 -17.7 -383.606 2234.344 2025 河北 晒干 一等 074
4184347 4602 2025/9/4 20:07:29 P18 36.65 63.44 0 37.53 14.87 925.8 904.85 87.738 204.62 1045.99 -456.543 265.198 1861.267 -3027.344 -426.483 -1322.174 -784.912 -2031.097 -1328.43 -620.117 96.588 595.093 433.044 475.769 171.509 -86.975 324.402 -2707.214 2.899 -1654.816 -952.606 -2372.437 -1680.298 -974.121 -259.857 530.396 483.246 -2341.766 -65.765 434.113 39.52 -2016.449 295.715 -23.346 -383.606 2232.056 2025 河北 晒干 一等 074
4184348 4602 2025/9/4 20:07:30 P18 36.65 63.43 0 37.53 14.87 925.84 904.86 87.433 204.163 1044.464 -461.731 255.89 1865.692 -3000.183 -420.532 -1328.583 -779.419 -2012.939 -1315.918 -613.556 97.198 594.482 431.061 474.854 171.967 -93.994 323.944 -2681.58 8.698 -1659.393 -955.353 -2350.464 -1664.734 -965.881 -256.195 529.48 482.025 -2340.24 -65.002 433.502 39.978 -2015.991 295.715 -14.343 -383.606 2232.056 2025 河北 晒干 一等 074
4184349 4602 2025/9/4 20:07:31 P18 36.65 63.55 0 37.53 14.71 925.83 904.89 86.67 204.62 1043.854 -459.9 257.263 1864.471 -3005.524 -414.734 -1321.716 -771.637 -2011.108 -1309.662 -609.283 98.267 594.635 432.739 473.785 172.424 -92.163 322.571 -2685.242 10.834 -1651.917 -954.132 -2351.99 -1660.919 -959.015 -254.059 528.412 481.11 -2335.51 -67.291 432.587 39.673 -2010.04 292.206 -21.973 -381.47 2231.14 2025 河北 晒干 一等 074
4184350 4602 2025/9/4 20:07:32 P18 36.77 63.46 0 37.54 14.65 925.82 904.85 86.823 203.552 1044.617 -454.712 268.86 1854.401 -3011.932 -423.279 -1320.496 -781.403 -2026.215 -1325.378 -618.897 92.621 594.33 432.587 473.633 171.356 -84.991 322.266 -2695.923 6.256 -1653.442 -951.691 -2365.723 -1676.941 -971.832 -260.925 527.954 481.11 -2337.036 -62.561 432.434 39.368 -2011.871 297.241 -16.022 -382.996 2231.14 2025 河北 晒干 一等 074
4184351 4602 2025/9/4 20:07:33 P18 36.66 63.48 0 37.51 14.9 925.82 904.86 86.67 204.468 1042.786 -473.328 244.751 1869.202 -3016.968 -430.298 -1322.021 -789.49 -2027.74 -1326.752 -618.897 94.604 592.957 431.519 473.785 170.593 -105.743 322.266 -2698.669 4.883 -1655.121 -949.554 -2366.791 -1677.856 -973.816 -261.231 527.496 480.042 -2337.036 -67.596 432.129 39.063 -2011.871 293.121 -19.684 -386.505 2234.65 2025 河北 晒干 一等 074
4184352 4602 2025/9/4 20:07:34 P18 36.7 63.5 0 37.51 14.88 925.82 904.86 87.28 203.552 1042.786 -474.854 250.092 1864.319 -3011.017 -426.941 -1327.972 -787.659 -2025.146 -1325.226 -617.065 95.062 592.804 432.587 472.87 170.288 -103.149 323.486 -2693.481 4.73 -1658.325 -953.369 -2363.434 -1675.568 -972.138 -259.552 526.581 479.889 -2340.24 -66.071 431.366 40.131 -2015.228 295.105 -21.362 -385.437 2230.835 2025 河北 晒干 一等 074
4184353 4602 2025/9/4 20:07:35 P18 36.7 63.47 0 37.52 14.85 925.84 904.86 86.212 203.705 1042.175 -464.478 254.364 1865.387 -2998.047 -423.126 -1320.496 -781.86 -2005.92 -1308.289 -607.605 99.335 592.651 431.824 473.175 171.204 -95.367 322.266 -2678.986 4.425 -1653.137 -952.759 -2345.886 -1657.41 -958.405 -251.465 526.581 478.668 -2335.358 -68.512 431.061 39.368 -2009.888 292.664 -21.667 -384.216 2231.903 2025 河北 晒干 一等 074
4184354 4602 2025/9/4 20:07:36 P18 36.74 63.47 0 37.49 14.81 925.79 904.88 86.67 203.705 1042.786 -468.14 247.345 1864.777 -3006.744 -415.497 -1316.986 -771.484 -2010.04 -1309.509 -611.267 97.046 592.194 432.892 471.039 171.051 -100.555 320.74 -2686.462 9.46 -1646.423 -946.503 -2352.142 -1660.004 -960.388 -255.432 525.513 478.363 -2330.627 -66.681 430.603 39.368 -2004.7 291.596 -21.667 -383.911 2230.682 2025 河北 晒干 一等 074
4184355 4602 2025/9/4 20:07:37 P18 36.67 63.41 0 37.51 14.8 925.79 904.88 86.823 203.4 1042.48 -466.309 255.737 1862.335 -3012.543 -425.415 -1316.528 -784.149 -2022.095 -1318.207 -614.624 93.842 592.346 432.739 472.107 170.898 -96.436 321.198 -2695.313 5.341 -1648.865 -944.214 -2363.586 -1669.922 -966.492 -257.721 525.055 478.363 -2331.238 -71.716 430.908 39.825 -2006.989 287.628 -19.989 -388.489 2228.699 2025 河北 晒干 一等 074
4184356 4602 2025/9/4 20:07:38 P18 36.69 63.37 0 37.59 14.93 925.82 904.88 87.433 204.163 1042.175 -461.731 259.857 1859.894 -2991.791 -420.227 -1316.986 -775.147 -2001.343 -1304.626 -606.69 99.487 592.499 431.976 471.497 171.204 -91.553 322.113 -2673.34 2.594 -1645.966 -949.707 -2340.24 -1653.9 -956.116 -250.855 524.902 477.753 -2331.085 -66.834 430.145 40.131 -2006.378 293.732 -19.073 -383.606 2230.988 2025 河北 晒干 一等 074
4184357 4602 2025/9/4 20:07:39 P18 36.7 63.41 0 37.57 14.83 925.81 904.86 85.602 202.942 1040.649 -468.292 255.737 1858.521 -3033.447 -421.753 -1320.801 -782.166 -2037.048 -1334.991 -626.984 88.654 591.583 431.519 473.023 170.746 -97.961 320.74 -2713.47 8.087 -1656.189 -952.454 -2379.303 -1685.638 -981.445 -266.419 523.224 476.685 -2340.24 -63.629 430.298 39.368 -2016.144 296.326 -19.379 -383.301 2230.835 2025 河北 晒干 一等 074
4184358 4602 2025/9/4 20:07:40 P18 36.67 63.46 0 37.65 14.73 925.8 904.82 87.128 203.247 1039.734 -468.75 251.77 1860.809 -2994.69 -418.243 -1322.479 -772.247 -2006.226 -1309.814 -612.64 92.468 590.21 433.197 472.412 171.051 -99.945 319.672 -2676.392 8.392 -1651.611 -952.911 -2344.513 -1658.325 -961.609 -258.484 523.224 476.532 -2333.984 -65.613 429.382 39.52 -2010.04 294.952 -14.343 -382.69 2230.682 2025 河北 晒干 一等 074
4184359 4602 2025/9/4 20:07:41 P18 36.69 63.47 0 37.52 15 925.82 904.85 86.212 203.095 1039.886 -460.815 259.399 1858.673 -3018.036 -426.941 -1317.444 -782.318 -2021.942 -1318.054 -616.15 93.079 590.973 432.739 471.191 171.356 -92.621 319.519 -2698.822 6.714 -1648.865 -946.96 -2364.502 -1671.448 -967.102 -259.705 522.614 475.769 -2332.306 -69.275 429.382 39.368 -2006.683 290.375 -21.667 -385.437 2228.851 2025 河北 晒干 一等 074
4184360 4602 2025/9/4 20:07:42 P18 36.7 63.47 0 37.54 14.8 925.82 904.83 85.907 203.247 1039.124 -469.666 253.754 1862.64 -3023.376 -422.974 -1315.613 -779.877 -2026.215 -1322.937 -618.439 92.468 590.668 432.739 471.954 170.746 -98.572 319.977 -2702.637 9.308 -1647.644 -941.315 -2368.469 -1674.347 -971.222 -261.231 522.156 475.311 -2329.559 -65.613 428.925 39.215 -2006.989 295.105 -19.684 -384.522 2229.309 2025 河北 晒干 一等 074
4184361 4602 2025/9/4 20:07:43 P18 36.62 63.46 0 37.37 14.93 925.82 904.83 85.907 203.247 1039.734 -467.224 250.092 1860.504 -3032.99 -431.671 -1313.782 -787.506 -2034.76 -1331.482 -624.237 90.027 591.278 432.129 468.445 170.441 -99.182 319.367 -2713.318 17.395 -1647.797 -939.941 -2377.319 -1684.418 -978.241 -264.893 521.698 475.159 -2332.611 -72.937 427.551 39.215 -2007.294 287.628 -18.311 -384.674 2234.497 2025 河北 晒干 一等 074
4184362 4602 2025/9/4 20:07:44 P18 36.62 63.4 0 37.37 14.8 925.78 904.84 86.517 202.332 1038.971 -460.205 263.519 1853.027 -3033.447 -422.363 -1317.291 -780.792 -2037.201 -1330.414 -624.237 88.806 590.21 432.434 471.191 170.593 -89.722 319.519 -2715.912 5.951 -1650.391 -941.315 -2380.219 -1686.096 -976.563 -265.198 521.088 475.311 -2333.221 -70.19 427.704 39.673 -2008.972 289.612 -20.142 -384.064 2231.445 2025 河北 晒干 一等 074
4184363 4602 2025/9/4 20:07:45 P18 36.74 63.5 0 37.5 14.77 925.8 904.84 85.602 203.095 1038.513 -470.123 253.296 1856.995 -3034.821 -416.87 -1320.801 -778.503 -2042.389 -1338.348 -626.984 88.196 591.431 433.807 469.513 172.119 -100.098 320.129 -2716.522 16.479 -1655.426 -946.808 -2383.728 -1689.911 -980.835 -268.25 521.393 474.396 -2336.426 -69.427 427.856 39.52 -2012.177 290.833 -20.599 -382.996 2230.072 2025 河北 晒干 一等 074
4184364 4602 2025/9/4 20:07:46 P18 36.67 63.48 0 37.53 15 925.8 904.86 86.365 202.942 1037.903 -469.818 254.517 1858.826 -3036.652 -425.11 -1316.528 -784.454 -2044.22 -1339.111 -629.273 88.501 591.126 432.892 470.734 170.898 -99.182 320.435 -2716.522 6.561 -1650.085 -943.298 -2384.033 -1691.742 -984.955 -269.623 520.325 474.854 -2333.527 -72.021 427.856 39.673 -2008.667 289.002 -20.905 -384.369 2228.699 2025 河北 晒干 一等 074
4184365 4602 2025/9/4 20:07:47 P18 36.74 63.57 0 37.5 14.67 925.81 904.83 86.06 203.247 1038.361 -469.818 248.261 1863.403 -2991.638 -421.448 -1313.477 -778.809 -2006.836 -1311.798 -611.877 92.011 590.363 433.807 471.497 171.814 -99.792 319.061 -2673.95 5.646 -1643.066 -946.808 -2344.513 -1659.698 -960.999 -258.789 520.172 473.938 -2324.524 -72.937 426.941 39.215 -1999.054 287.476 -20.599 -380.554 2233.276 2025 河北 晒干 一等 074
4184366 4602 2025/9/4 20:07:48 P18 36.66 63.44 0 37.51 14.85 925.8 904.88 86.06 202.942 1036.53 -470.123 247.04 1860.657 -2996.063 -426.636 -1312.256 -780.792 -2004.852 -1308.594 -611.267 92.316 588.989 432.434 470.581 170.898 -100.708 317.383 -2677.917 3.204 -1640.472 -942.383 -2344.666 -1657.715 -959.778 -257.874 519.104 473.48 -2321.777 -68.054 426.331 39.52 -1996.918 292.664 -19.379 -393.829 2226.41 2025 河北 晒干 一等 074
4184367 4602 2025/9/4 20:07:49 P18 36.73 63.46 0 37.51 14.87 925.81 904.86 86.365 202.942 1038.055 -459.9 256.348 1859.741 -2992.554 -419.159 -1307.983 -775.299 -2003.174 -1305.542 -608.826 94.604 588.837 433.35 470.429 170.898 -92.468 318.298 -2674.103 3.052 -1637.115 -941.467 -2341.461 -1654.663 -957.336 -255.737 518.951 472.412 -2319.794 -69.885 425.72 39.368 -1994.476 290.07 -18.768 -382.233 2227.173 2025 河北 晒干 一等 074
4184368 4602 2025/9/4 20:07:50 P18 36.73 63.48 0 37.52 14.8 925.82 904.88 85.602 202.637 1036.987 -468.597 247.955 1862.183 -2998.962 -426.636 -1302.795 -782.013 -2008.514 -1311.951 -612.488 94.299 588.379 432.587 470.276 170.441 -101.013 319.214 -2679.901 -2.594 -1630.707 -937.805 -2347.107 -1660.004 -964.508 -256.958 518.646 472.87 -2315.216 -71.106 426.331 39.215 -1990.051 290.222 -20.599 -380.554 2227.173 2025 河北 晒干 一等 074
4184369 4602 2025/9/4 20:07:51 P18 36.73 63.48 0 37.56 14.87 925.82 904.88 86.67 202.637 1035.767 -475.159 242.462 1860.809 -3001.862 -425.11 -1298.523 -779.877 -2012.177 -1311.798 -615.082 88.043 587.616 433.044 470.734 170.288 -107.269 316.62 -2684.479 -2.136 -1627.502 -932.77 -2350.922 -1662.445 -964.203 -259.705 518.036 472.565 -2312.469 -63.324 426.025 38.91 -1985.626 295.868 -17.395 -382.843 2228.088 2025 河北 晒干 一等 074
4184370 4602 2025/9/4 20:07:52 P18 36.66 63.55 0 37.71 14.75 925.83 904.89 85.907 202.637 1036.224 -470.276 252.228 1858.673 -3009.338 -428.314 -1304.474 -787.201 -2021.484 -1322.479 -619.965 88.501 588.379 432.587 470.276 170.288 -100.25 319.519 -2690.887 -0.153 -1636.353 -937.5 -2359.619 -1672.668 -971.375 -263.977 516.663 471.954 -2317.81 -72.937 425.72 40.131 -1993.408 287.323 -19.226 -383.606 2225.8 2025 河北 晒干 一等 074
4184371 4602 2025/9/4 20:07:53 P18 36.67 63.4 0 37.42 14.9 925.8 904.85 85.602 203.247 1035.767 -467.835 248.718 1862.183 -3009.644 -430.756 -1299.591 -788.574 -2017.365 -1315.765 -615.082 90.179 588.074 434.265 470.581 171.204 -99.792 318.298 -2690.277 -7.477 -1628.723 -929.871 -2357.635 -1666.565 -964.661 -260.62 517.426 471.344 -2312.012 -68.97 424.652 39.52 -1986.847 293.427 -16.022 -382.233 2228.699 2025 河北 晒干 一等 074
4184372 4602 2025/9/4 20:07:54 P18 36.72 63.48 0 37.69 14.93 925.81 904.86 86.365 202.179 1035.919 -463.562 252.533 1860.046 -3014.832 -429.23 -1301.88 -784.912 -2020.264 -1318.817 -617.065 89.264 588.074 435.181 471.497 171.204 -96.13 318.146 -2694.855 1.068 -1631.622 -929.26 -2360.382 -1670.227 -967.712 -262.451 515.9 470.734 -2315.521 -68.97 424.805 39.825 -1989.288 291.596 -20.294 -383.606 2230.072 2025 河北 晒干 一等 074
4184373 4602 2025/9/4 20:07:55 P18 36.6 63.41 0 37.47 14.73 925.82 904.86 85.754 202.026 1035.156 -470.886 253.906 1855.774 -3024.445 -424.5 -1300.201 -783.081 -2039.032 -1335.144 -628.815 82.092 589.752 434.418 469.513 170.898 -99.487 317.841 -2709.961 7.172 -1632.996 -928.345 -2379.303 -1688.385 -982.056 -272.064 515.595 469.666 -2315.826 -70.801 424.347 39.215 -1990.356 288.696 -20.142 -382.233 2226.715 2025 河北 晒干 一等 074
4184374 4602 2025/9/4 20:07:56 P18 36.72 63.4 0 37.55 14.81 925.83 904.88 85.907 202.942 1035.461 -480.194 234.985 1867.371 -3024.139 -428.619 -1305.542 -789.185 -2034.76 -1333.466 -628.052 84.839 588.684 434.113 470.276 170.746 -113.678 318.146 -2706.451 0.916 -1639.862 -931.702 -2374.878 -1684.723 -980.835 -269.928 515.137 469.971 -2321.93 -69.275 424.042 38.91 -1998.138 292.358 -21.362 -382.996 2224.884 2025 河北 晒干 一等 074
4184375 4602 2025/9/4 20:07:57 P18 36.63 63.54 0 37.57 14.65 925.81 904.86 86.365 202.789 1035.004 -468.903 248.108 1862.03 -3015.442 -423.279 -1306.61 -781.708 -2025.757 -1323.242 -620.27 87.891 588.379 435.181 470.886 171.051 -100.861 317.993 -2697.144 1.678 -1635.895 -932.77 -2363.586 -1675.873 -972.9 -265.198 515.747 470.581 -2319.183 -68.512 424.194 39.825 -1994.171 292.664 -14.038 -383.759 2224.121 2025 河北 晒干 一等 074
4184376 4602 2025/9/4 20:07:58 P18 36.63 63.51 0 37.57 14.81 925.82 904.87 86.517 202.179 1034.546 -467.987 248.718 1860.657 -3006.439 -412.14 -1305.237 -769.348 -2014.923 -1315.613 -614.624 91.248 588.989 434.113 471.191 170.441 -100.403 319.214 -2687.988 15.106 -1635.284 -938.721 -2354.431 -1666.565 -965.576 -259.247 514.832 469.971 -2318.268 -68.054 424.042 39.825 -1992.645 292.816 -20.752 -381.622 2225.8 2025 河北 晒干 一等 074
4184377 4602 2025/9/4 20:07:59 P18 36.72 63.48 0 37.6 14.68 925.81 904.9 86.212 202.179 1034.698 -467.224 251.312 1859.894 -3012.848 -411.377 -1301.422 -768.28 -2020.874 -1318.054 -616.76 89.111 588.837 433.96 471.649 171.051 -97.961 318.298 -2694.702 11.444 -1631.165 -929.718 -2360.84 -1670.38 -967.712 -261.231 514.374 469.36 -2313.385 -68.054 424.042 39.825 -1988.678 292.664 -19.073 -382.996 2227.631 2025 河北 晒干 一等 074
4184378 4602 2025/9/4 20:08:00 P18 36.69 63.48 0 37.58 14.8 925.82 904.85 86.06 201.721 1033.325 -477.295 237.274 1864.624 -3022.156 -426.331 -1293.182 -781.708 -2027.435 -1322.784 -621.948 85.907 588.684 433.197 471.497 170.441 -110.474 317.993 -2703.247 3.662 -1626.129 -930.939 -2369.08 -1675.568 -973.206 -265.503 513.306 469.055 -2310.486 -68.207 423.126 39.825 -1985.168 292.206 -20.905 -383.453 2227.02 2025 河北 晒干 一等 074
4184379 4602 2025/9/4 20:08:01 P18 36.76 63.54 0 37.65 14.8 925.86 904.89 85.754 200.806 1033.325 -470.886 248.871 1857.91 -3031.311 -429.382 -1297.455 -785.523 -2032.471 -1330.109 -625.305 86.365 587.006 433.655 470.276 171.051 -101.624 317.23 -2710.266 4.272 -1631.622 -926.666 -2375.336 -1681.824 -976.868 -268.402 513.001 467.835 -2315.979 -71.106 423.889 39.52 -1990.356 290.527 -19.836 -383.759 2227.325 2025 河北 晒干 一等 074
4184380 4602 2025/9/4 20:08:02 P18 36.77 63.47 0 37.59 15 925.82 904.91 85.907 201.874 1032.867 -473.785 248.718 1859.436 -3036.957 -427.704 -1296.539 -787.659 -2045.135 -1336.517 -627.747 83.466 588.226 433.655 469.208 171.051 -102.387 317.688 -2718.201 1.831 -1627.808 -922.852 -2384.949 -1691.132 -984.192 -271.454 513.153 467.987 -2312.622 -67.902 423.279 39.52 -1987.457 292.206 -15.411 -384.064 2226.563 2025 河北 晒干 一等 074
4184381 4602 2025/9/4 20:08:03 P18 36.67 63.51 0 37.6 14.83 925.84 904.89 86.365 201.721 1032.715 -471.039 251.617 1857.452 -3013.916 -432.434 -1295.471 -791.931 -2027.435 -1330.872 -626.679 84.839 586.853 433.502 471.039 169.983 -100.403 318.298 -2696.228 0.916 -1628.418 -923.004 -2365.112 -1679.535 -979.767 -270.386 511.932 467.835 -2310.486 -67.139 422.516 39.52 -1986.237 292.969 -16.632 -384.216 2228.699 2025 河北 晒干 一等 074
4184382 4602 2025/9/4 20:08:04 P18 36.73 63.51 0 37.6 14.81 925.83 904.88 85.449 200.958 1032.41 -467.224 248.261 1860.199 -3014.374 -429.84 -1297.302 -784.607 -2019.958 -1320.801 -620.88 87.891 586.853 433.35 470.123 170.593 -99.945 316.62 -2695.007 -3.052 -1627.35 -924.53 -2360.382 -1671.753 -971.069 -264.587 511.627 467.529 -2310.638 -68.817 422.363 39.063 -1985.321 292.969 -20.599 -384.827 2221.985 2025 河北 晒干 一等 074
4184383 4602 2025/9/4 20:08:05 P18 36.63 63.51 0 37.6 14.73 925.83 904.88 86.365 201.416 1031.799 -471.954 247.498 1861.877 -3019.409 -418.243 -1290.131 -775.604 -2025.452 -1324.768 -621.033 88.501 586.7 433.807 469.666 170.593 -102.692 317.23 -2700.348 13.275 -1620.636 -923.615 -2366.028 -1675.72 -972.595 -263.977 510.864 466.614 -2306.824 -71.564 421.6 38.91 -1979.828 289.154 -18.158 -381.928 2227.173 2025 河北 晒干 一等 074
4184384 4602 2025/9/4 20:08:06 P18 36.72 63.43 0 37.48 14.88 925.84 904.89 85.754 201.263 1031.342 -472.107 248.413 1857.3 -3032.684 -419.769 -1292.725 -779.266 -2041.473 -1338.348 -631.867 80.872 587.006 433.35 468.903 170.441 -102.539 316.01 -2714.539 10.376 -1628.265 -916.443 -2382.965 -1691.284 -985.107 -274.2 511.475 465.851 -2309.113 -73.395 422.211 39.215 -1985.168 285.645 -20.294 -382.538 2226.715 2025 河北 晒干 一等 074
4184385 4602 2025/9/4 20:08:07 P18 36.69 63.54 0 37.46 14.83 925.87 904.9 85.907 202.026 1030.884 -471.954 249.481 1860.657 -3014.069 -423.737 -1292.419 -782.318 -2025.299 -1327.667 -624.695 84.229 588.226 434.113 467.987 170.746 -102.844 317.841 -2695.16 6.561 -1622.925 -923.157 -2364.807 -1676.178 -976.41 -269.165 510.712 465.393 -2307.587 -73.7 421.295 39.368 -1981.812 287.17 -19.684 -384.674 2227.173 2025 河北 晒干 一等 074
4184386 4602 2025/9/4 20:08:08 P18 36.6 63.47 0 37.46 14.75 925.8 904.87 86.823 201.721 1030.731 -471.954 253.906 1852.722 -3036.194 -418.243 -1305.847 -780.335 -2042.999 -1337.585 -632.935 79.193 588.226 434.113 467.987 170.898 -100.25 316.162 -2717.896 11.444 -1640.625 -925.14 -2384.186 -1690.216 -986.023 -276.337 510.407 466.461 -2321.777 -74.615 421.295 39.368 -1997.528 286.255 -19.684 -385.59 2227.783 2025 河北 晒干 一等 074
4184387 4602 2025/9/4 20:08:09 P18 36.66 63.54 0 37.49 14.74 925.82 904.88 86.517 202.179 1031.494 -477.753 236.511 1868.286 -2998.047 -419.006 -1295.013 -776.062 -2011.871 -1315.613 -616.76 86.06 588.532 434.57 467.682 170.136 -111.237 317.841 -2680.817 8.392 -1622.772 -926.971 -2349.091 -1665.344 -966.187 -263.214 510.101 466.156 -2305.603 -66.681 421.448 38.91 -1980.591 293.884 -18.463 -383.606 2226.715 2025 河北 晒干 一等 074
4184388 4602 2025/9/4 20:08:10 P18 36.65 63.5 0 37.53 14.91 925.83 904.9 86.975 202.637 1031.036 -470.734 248.718 1860.657 -3040.771 -427.856 -1304.169 -785.98 -2043.457 -1341.4 -634.155 82.855 587.463 434.876 467.987 170.441 -102.387 317.383 -2719.727 1.678 -1636.505 -929.871 -2385.559 -1693.115 -989.227 -273.743 510.864 465.546 -2321.472 -70.343 421.143 39.215 -1996.46 290.985 -11.597 -384.064 2227.783 2025 河北 晒干 一等 074
4184389 4602 2025/9/4 20:08:11 P18 36.59 63.6 0 37.57 15.01 925.81 904.89 86.212 202.484 1030.426 -473.023 246.124 1861.267 -3014.832 -429.84 -1295.776 -788.117 -2026.062 -1330.109 -629.578 82.397 588.532 433.807 467.224 170.441 -104.981 317.078 -2696.228 -5.798 -1629.486 -927.277 -2365.723 -1678.772 -980.072 -272.827 509.491 465.546 -2309.875 -74.768 421.143 39.825 -1986.084 286.56 -18.005 -383.148 2228.241 2025 河北 晒干 一等 074
4184390 4602 2025/9/4 20:08:12 P18 36.59 63.5 0 37.57 14.77 925.83 904.89 86.06 201.721 1029.816 -462.036 254.669 1856.384 -3020.477 -424.805 -1285.858 -779.266 -2023.926 -1325.226 -623.016 85.144 587.616 434.723 467.072 171.356 -94.147 317.383 -2699.89 0.916 -1617.889 -918.732 -2365.723 -1674.957 -975.037 -267.334 509.186 465.393 -2303.009 -66.376 421.143 38.605 -1977.539 295.563 -18.921 -381.928 2220.612 2025 河北 晒干 一等 074
4184391 4602 2025/9/4 20:08:13 P18 36.67 63.51 0 37.54 14.95 925.81 904.86 85.907 201.721 1030.121 -464.783 260.62 1849.67 -3032.99 -422.974 -1279.297 -779.724 -2041.779 -1338.501 -633.545 79.803 586.853 433.197 466.614 170.746 -93.231 316.01 -2714.386 12.665 -1613.007 -913.849 -2381.592 -1689.453 -986.328 -274.811 508.575 464.935 -2297.821 -68.207 420.685 39.673 -1972.809 291.596 -20.142 -383.911 2225.037 2025 河北 晒干 一等 074
4184392 4602 2025/9/4 20:08:14 P18 36.72 63.47 0 37.54 14.74 925.81 904.9 86.06 201.111 1029.663 -471.039 251.77 1856.079 -3014.984 -417.481 -1277.618 -774.841 -2024.231 -1325.989 -626.984 82.855 586.548 432.434 467.682 170.136 -99.64 316.62 -2694.702 10.681 -1610.107 -909.729 -2362.671 -1677.246 -978.088 -270.996 507.813 463.867 -2293.854 -68.817 420.075 38.757 -1969.91 291.748 -20.142 -382.385 2225.342 2025 河北 晒干 一等 074
4184393 4602 2025/9/4 20:08:15 P18 36.69 63.44 0 37.58 14.73 925.83 904.87 85.449 201.263 1028.29 -467.987 253.754 1854.095 -3038.788 -425.568 -1285.4 -785.065 -2047.119 -1344.452 -635.376 77.82 586.243 432.739 466.309 170.441 -98.419 316.62 -2718.811 9.003 -1620.026 -909.424 -2386.932 -1696.93 -991.058 -277.557 506.744 463.562 -2303.467 -74.158 419.617 39.215 -1978.607 287.018 -18.921 -383.911 2223.663 2025 河北 晒干 一等 074
4184394 4602 2025/9/4 20:08:16 P18 36.59 63.55 0 37.49 14.97 925.83 904.88 85.907 200.195 1028.442 -465.698 249.634 1858.826 -3000.946 -426.025 -1284.332 -782.776 -2013.397 -1316.223 -619.659 83.923 585.785 433.502 466.766 170.746 -98.419 316.162 -2682.648 -0.153 -1610.413 -912.781 -2351.227 -1665.802 -967.865 -266.113 507.202 462.952 -2293.854 -70.496 419.464 39.063 -1968.842 289.764 -19.989 -382.69 2224.426 2025 河北 晒干 一等 074
4184395 4602 2025/9/4 20:08:17 P18 36.63 63.5 0 37.63 14.73 925.81 904.86 85.449 200.653 1028.595 -468.903 252.38 1852.875 -3045.959 -432.739 -1284.332 -792.542 -2046.967 -1341.095 -635.223 78.278 585.785 434.113 466.919 171.204 -98.267 315.094 -2724.457 -8.24 -1620.483 -911.865 -2389.984 -1693.268 -987.854 -276.794 507.507 462.799 -2305.145 -71.106 419.769 39.52 -1979.98 290.833 -21.21 -384.216 2224.884 2025 河北 晒干 一等 074
4184396 4602 2025/9/4 20:08:18 P18 36.69 63.52 0 37.66 14.78 925.86 904.91 85.449 200.501 1027.679 -467.529 256.958 1851.959 -3046.417 -439.148 -1285.553 -798.798 -2051.392 -1345.215 -637.36 77.972 586.243 432.739 467.072 171.661 -97.198 315.399 -2726.746 -10.681 -1621.246 -910.339 -2392.426 -1698.151 -990.448 -278.473 506.744 462.494 -2306.061 -68.665 418.701 40.283 -1980.743 290.833 -20.294 -384.522 2225.494 2025 河北 晒干 一等 074
4184397 4602 2025/9/4 20:08:19 P18 36.67 63.5 0 37.66 14.83 925.86 904.91 85.907 200.806 1029.205 -485.687 236.511 1857.91 -3041.84 -442.047 -1287.384 -803.986 -2048.492 -1345.52 -639.648 73.242 585.022 433.655 467.835 169.373 -115.967 314.026 -2723.541 -7.935 -1623.23 -913.239 -2389.984 -1695.557 -992.432 -281.525 505.066 462.189 -2305.756 -72.632 418.549 39.368 -1981.506 286.865 -19.989 -384.827 2224.274 2025 河北 晒干 一等 074
4184398 4602 2025/9/4 20:08:20 P18 36.66 63.44 0 37.5 14.77 925.84 904.9 86.06 200.348 1026.611 -472.107 242.615 1858.063 -3035.431 -422.821 -1284.943 -782.623 -2039.337 -1337.28 -632.477 77.82 585.175 433.807 468.292 170.593 -103.76 314.331 -2716.675 6.409 -1622.62 -914.002 -2382.507 -1689.453 -985.718 -276.184 504.608 461.273 -2303.162 -72.937 417.786 39.825 -1978.607 288.391 -20.905 -383.606 2218.781 2025 河北 晒干 一等 074
4184399 4602 2025/9/4 20:08:21 P18 36.66 63.54 0 37.71 14.87 925.83 904.89 85.754 200.806 1026.001 -471.191 252.838 1852.57 -3031.616 -422.058 -1287.231 -782.471 -2042.847 -1342.773 -635.681 78.583 584.259 433.35 467.835 170.136 -101.471 314.941 -2713.623 5.493 -1621.704 -916.901 -2381.592 -1693.878 -990.753 -278.168 504.303 460.968 -2303.619 -76.294 417.633 39.673 -1978.912 284.576 -20.599 -385.132 2228.546 2025 河北 晒干 一等 074
4184400 4602 2025/9/4 20:08:22 P18 36.62 63.47 0 37.61 14.74 925.84 904.89 85.297 199.738 1027.069 -473.328 248.566 1855.927 -3023.834 -422.363 -1285.858 -785.065 -2038.574 -1341.553 -634.766 76.599 585.938 434.57 466.461 170.898 -103.302 316.162 -2707.062 -1.221 -1616.669 -910.339 -2375.793 -1691.284 -988.159 -276.947 503.388 460.815 -2295.837 -74.615 417.633 38.757 -1972.504 286.408 -20.447 -382.996 2224.121 2025 河北 晒干 一等 074
4184401 4602 2025/9/4 20:08:23 P18 36.6 63.48 0 37.7 14.8 925.84 904.87 85.907 200.195 1026.001 -472.87 247.04 1857.147 -3015.9 -425.415 -1282.349 -785.217 -2032.318 -1332.703 -629.73 77.82 585.022 434.265 465.546 170.746 -103.302 315.552 -2699.28 0.763 -1614.075 -906.22 -2368.927 -1684.265 -981.903 -274.506 502.93 460.205 -2295.532 -74.463 417.175 39.215 -1970.978 285.645 -18.616 -383.606 2219.543 2025 河北 晒干 一等 074
4184402 4602 2025/9/4 20:08:24 P18 36.66 63.48 0 37.65 14.93 925.86 904.87 85.297 201.263 1025.696 -471.954 255.432 1851.807 -3048.706 -438.69 -1284.18 -800.476 -2052.612 -1350.098 -639.954 76.599 585.938 434.418 466.003 170.746 -100.403 316.62 -2728.729 -2.136 -1618.042 -908.356 -2394.104 -1703.033 -995.636 -278.32 503.082 460.053 -2298.737 -72.632 417.481 38.605 -1974.792 287.018 -20.447 -383.301 2226.41 2025 河北 晒干 一等 074
4184403 4602 2025/9/4 20:08:25 P18 36.62 63.44 0 37.66 14.81 925.83 904.9 85.449 200.958 1025.391 -472.107 250.092 1856.995 -3041.84 -431.061 -1283.722 -792.389 -2049.408 -1347.351 -638.58 76.752 586.853 434.113 464.478 170.441 -101.624 317.23 -2721.405 3.357 -1619.415 -910.645 -2388.916 -1699.219 -993.195 -278.931 503.235 459.747 -2303.009 -73.395 416.718 39.063 -1978.149 286.255 -19.836 -383.911 2227.02 2025 河北 晒干 一等 074
4184404 4602 2025/9/4 20:08:26 P18 36.62 63.41 0 37.66 14.62 925.82 904.89 86.212 201.263 1025.696 -467.529 250.092 1858.368 -3032.074 -432.739 -1279.449 -789.948 -2038.422 -1336.365 -631.256 80.872 586.7 434.418 464.02 170.898 -100.098 316.01 -2712.86 1.221 -1612.549 -905.914 -2377.777 -1687.317 -985.107 -272.98 502.93 459.595 -2296.448 -75.836 416.87 38.757 -1970.52 284.271 -16.937 -383.759 2225.952 2025 河北 晒干 一等 074
4184405 4602 2025/9/4 20:08:27 P18 36.74 63.51 0 37.6 14.93 925.84 904.89 86.67 201.416 1025.085 -476.99 240.173 1863.403 -3030.09 -427.246 -1280.823 -783.844 -2035.065 -1330.566 -629.425 78.735 587.616 435.486 463.257 170.288 -109.1 316.467 -2712.25 -1.068 -1611.938 -908.051 -2377.167 -1684.113 -980.225 -272.827 502.014 460.053 -2296.753 -76.294 417.328 39.368 -1970.825 284.729 -20.599 -382.996 2224.121 2025 河北 晒干 一等 074
4184406 4602 2025/9/4 20:08:28 P18 36.72 63.5 0 37.71 14.83 925.83 904.91 85.907 201.569 1025.238 -469.513 251.16 1856.384 -3036.194 -423.889 -1282.196 -781.708 -2039.795 -1334.839 -631.256 77.82 587.921 436.096 460.815 171.204 -98.877 317.23 -2717.743 4.12 -1613.77 -909.424 -2382.507 -1688.232 -982.666 -274.658 502.93 459.595 -2298.737 -73.547 417.633 38.757 -1972.504 285.797 -20.905 -383.759 2227.325 2025 河北 晒干 一等 074
4184407 4602 2025/9/4 20:08:29 P18 36.76 63.6 0 37.65 14.71 925.84 904.87 86.06 202.179 1025.696 -463.409 259.094 1856.995 -3045.959 -428.772 -1282.806 -791.321 -2051.697 -1345.52 -634.46 76.294 588.837 435.791 461.578 171.356 -93.079 318.604 -2725.22 -3.967 -1615.753 -907.898 -2392.578 -1699.524 -990.601 -278.015 502.319 460.053 -2297.821 -75.226 417.175 38.3 -1972.961 284.271 -20.447 -387.726 2226.105 2025 河北 晒干 一等 074
4184408 4602 2025/9/4 20:08:30 P18 36.67 63.46 0 37.68 14.75 925.86 904.9 86.365 202.179 1025.391 -469.36 253.754 1858.368 -3044.739 -432.282 -1279.449 -793.304 -2050.476 -1346.893 -638.886 76.752 589.905 434.876 461.273 171.204 -99.182 319.367 -2725.83 -3.967 -1611.176 -905.457 -2391.815 -1699.219 -993.347 -278.626 503.082 460.053 -2297.211 -78.735 417.633 38.91 -1972.504 281.982 -19.226 -381.165 2227.02 2025 河北 晒干 一等 074
4184409 4602 2025/9/4 20:08:31 P18 36.77 63.46 0 37.6 14.78 925.84 904.89 86.67 202.484 1024.628 -464.63 259.399 1853.485 -3047.333 -430.756 -1280.975 -790.253 -2051.697 -1347.046 -640.717 74.005 588.989 434.723 459.137 171.967 -95.215 316.925 -2728.729 -0.305 -1614.838 -903.778 -2393.646 -1701.66 -993.347 -282.898 502.319 460.815 -2297.211 -77.82 417.481 39.063 -1972.809 281.83 -20.294 -382.996 2225.037 2025 河北 晒干 一等 074
4184410 4602 2025/9/4 20:08:32 P18 36.77 63.54 0 37.63 14.95 925.83 904.91 86.67 202.332 1024.628 -468.292 255.585 1856.689 -3046.112 -424.042 -1280.365 -785.828 -2051.544 -1349.945 -639.801 75.378 589.6 433.807 458.527 171.967 -98.419 319.367 -2726.898 13.886 -1614.99 -903.778 -2392.883 -1701.202 -994.721 -279.694 501.556 460.358 -2297.058 -77.515 417.481 38.452 -1972.351 282.44 -19.226 -383.301 2225.342 2025 河北 晒干 一等 074
4184411 4602 2025/9/4 20:08:33 P18 36.69 63.52 0 37.58 14.74 925.83 904.91 85.907 202.484 1024.78 -465.393 261.383 1853.79 -3043.213 -428.314 -1279.144 -790.558 -2053.07 -1348.724 -636.902 73.853 587.616 434.265 457.916 171.814 -91.248 318.451 -2724.457 3.052 -1611.786 -905.762 -2393.036 -1701.202 -992.584 -279.541 501.251 459.595 -2295.532 -79.956 417.023 38.757 -1970.062 281.067 -19.684 -385.284 2226.105 2025 河北 晒干 一等 074
4184412 4602 2025/9/4 20:08:34 P18 36.72 63.48 0 37.69 14.95 925.81 904.89 86.06 202.637 1025.543 -471.039 247.803 1860.657 -3040.466 -420.685 -1276.245 -783.386 -2047.577 -1338.806 -632.172 76.752 589.905 434.418 457.153 170.441 -101.471 317.993 -2721.863 6.866 -1612.549 -903.473 -2388.763 -1694.336 -984.65 -274.963 501.404 459.9 -2292.786 -74.615 417.023 38.3 -1968.994 285.95 -20.599 -384.064 2225.189 2025 河北 晒干 一等 074
4184413 4602 2025/9/4 20:08:35 P18 36.72 63.44 0 37.66 14.87 925.83 904.9 86.517 201.874 1025.085 -466.309 250.702 1858.063 -3030.701 -424.805 -1266.937 -781.555 -2038.727 -1333.16 -630.646 79.193 590.363 435.028 456.696 171.509 -99.182 319.214 -2714.386 2.289 -1602.631 -898.59 -2380.066 -1688.08 -981.598 -273.59 501.099 459.137 -2286.377 -78.735 417.023 38.605 -1959.991 281.067 -18.768 -386.047 2226.41 2025 河北 晒干 一等 074
4184414 4602 2025/9/4 20:08:36 P18 36.67 63.57 0 37.6 14.94 925.83 904.88 86.517 202.484 1025.391 -467.072 254.974 1856.232 -3026.123 -416.87 -1272.888 -775.147 -2036.743 -1334.534 -630.798 78.583 589.752 435.333 456.39 172.882 -97.351 318.604 -2708.893 13.275 -1604.309 -903.473 -2376.099 -1687.012 -981.598 -274.811 500.336 460.205 -2286.987 -78.43 417.175 38.452 -1960.297 281.22 -17.853 -382.385 2226.868 2025 河北 晒干 一等 074
4184415 4602 2025/9/4 20:08:37 P18 36.65 63.58 0 37.65 14.7 925.86 904.92 86.67 202.484 1024.17 -462.952 262.909 1853.485 -3032.837 -414.429 -1276.855 -773.621 -2047.119 -1344.91 -636.902 77.362 589.447 434.723 455.933 171.509 -90.942 319.519 -2717.285 15.869 -1608.734 -908.203 -2386.932 -1696.777 -991.058 -277.863 500.794 459.747 -2291.718 -79.346 417.023 39.368 -1966.095 282.135 -18.158 -384.674 2225.8 2025 河北 晒干 一等 074
4184416 4602 2025/9/4 20:08:38 P18 36.59 63.55 0 37.69 14.87 925.85 904.9 86.365 202.789 1024.323 -466.156 255.432 1855.927 -3036.346 -413.971 -1282.654 -772.4 -2045.135 -1342.163 -638.123 74.615 590.363 434.876 455.627 171.356 -96.436 317.688 -2718.048 20.752 -1615.753 -904.999 -2385.712 -1694.489 -991.058 -280.457 500.488 459.9 -2296.906 -75.378 417.175 37.994 -1973.419 284.729 -18.158 -384.216 2227.936 2025 河北 晒干 一等 074
4184417 4602 2025/9/4 20:08:39 P18 36.73 63.48 0 37.68 14.85 925.87 904.91 86.517 202.332 1024.78 -468.903 252.686 1859.894 -3031.158 -422.363 -1280.823 -783.386 -2044.22 -1344.452 -636.902 76.752 590.668 434.57 455.475 171.356 -99.182 319.672 -2713.776 9.003 -1614.075 -909.882 -2383.118 -1694.946 -991.058 -277.863 500.488 459.595 -2297.363 -79.346 417.328 38.452 -1973.419 281.677 -20.142 -384.369 2229.004 2025 河北 晒干 一等 074
4184418 4602 2025/9/4 20:08:40 P18 36.73 63.52 0 37.68 14.74 925.86 904.89 86.975 203.247 1024.323 -468.903 254.669 1857.452 -3026.581 -428.009 -1280.67 -787.811 -2041.321 -1340.942 -635.071 76.599 590.82 434.113 455.78 171.204 -99.487 319.367 -2709.808 3.815 -1613.617 -911.408 -2379.913 -1694.031 -988.617 -277.557 500.641 459.442 -2296.143 -74.768 417.175 38.757 -1970.978 286.56 -19.073 -381.47 2222.9 2025 河北 晒干 一等 074
4184419 4602 2025/9/4 20:08:41 P18 36.69 63.48 0 37.61 14.87 925.84 904.94 86.517 203.095 1025.543 -465.851 260.162 1855.774 -3022.614 -430.45 -1278.687 -790.558 -2038.116 -1337.585 -632.324 76.294 590.515 434.265 456.848 172.272 -92.773 319.519 -2705.688 3.51 -1608.887 -901.337 -2375.183 -1688.69 -985.718 -276.489 500.031 459.29 -2290.802 -78.125 417.786 38.605 -1968.384 282.593 -16.327 -384.522 2225.8 2025 河北 晒干 一等 074
4184420 4602 2025/9/4 20:08:42 P18 36.57 63.46 0 37.56 14.83 925.87 904.9 86.365 202.179 1023.56 -470.581 245.819 1863.861 -3017.883 -416.565 -1274.109 -774.536 -2030.64 -1335.602 -635.071 77.362 589.752 434.57 457.153 170.898 -102.997 318.604 -2699.432 17.09 -1606.293 -901.184 -2368.622 -1683.197 -985.565 -278.168 500.641 458.984 -2289.276 -70.648 416.718 38.3 -1963.806 289.764 -21.362 -383.453 2226.41 2025 河北 晒干 一等 074
4184421 4602 2025/9/4 20:08:43 P18 36.72 63.52 0 37.72 14.9 925.83 904.89 86.823 202.332 1023.56 -470.886 249.481 1861.42 -3021.545 -414.429 -1268.768 -771.332 -2027.283 -1327.515 -626.984 80.719 590.363 433.96 456.238 171.967 -101.318 319.672 -2701.111 12.97 -1598.358 -897.369 -2367.554 -1677.094 -978.088 -270.233 499.573 459.137 -2282.257 -75.073 416.87 39.063 -1957.245 285.95 -19.226 -381.775 2234.192 2025 河北 晒干 一等 074
4184422 4602 2025/9/4 20:08:44 P18 36.69 63.48 0 37.58 14.85 925.85 904.9 86.975 202.332 1024.017 -465.393 252.991 1860.199 -3026.276 -416.718 -1267.853 -773.468 -2031.403 -1327.667 -628.204 79.346 589.752 434.57 456.085 171.509 -97.351 318.756 -2707.825 9.766 -1601.868 -900.726 -2373.657 -1680.145 -977.02 -272.217 498.81 458.679 -2283.936 -76.294 416.718 38.3 -1958.923 283.508 -22.278 -383.453 2227.173 2025 河北 晒干 一等 074
4184423 4602 2025/9/4 20:08:45 P18 36.67 63.6 0 37.58 14.76 925.84 904.93 86.975 202.942 1022.644 -465.393 260.62 1853.638 -3037.72 -427.246 -1268.921 -782.929 -2042.236 -1341.095 -636.444 79.193 591.126 433.35 455.17 172.272 -93.689 320.129 -2717.438 6.561 -1600.494 -896.301 -2382.66 -1691.895 -989.533 -276.184 499.573 458.832 -2286.072 -80.566 416.718 38.3 -1959.686 279.846 -20.294 -384.064 2227.325 2025 河北 晒干 一等 074
4184424 4602 2025/9/4 20:08:46 P18 36.69 63.5 0 37.58 14.84 925.86 904.9 86.67 203.095 1022.186 -464.478 258.484 1857.3 -3046.57 -428.619 -1273.804 -785.98 -2049.408 -1346.13 -638.428 75.378 589.905 433.502 455.627 171.967 -93.536 320.129 -2725.983 7.324 -1605.225 -906.83 -2391.51 -1697.54 -994.11 -279.236 498.352 458.832 -2290.955 -76.904 415.955 39.063 -1965.485 282.593 -20.294 -386.505 2227.478 2025 河北 晒干 一等 074
4184425 4602 2025/9/4 20:08:47 P18 36.67 63.5 0 37.56 14.78 925.86 904.9 86.517 202.789 1022.034 -460.358 265.656 1851.349 -3048.553 -432.129 -1269.684 -790.405 -2049.561 -1347.046 -639.801 75.073 590.515 432.587 454.712 171.967 -88.959 318.451 -2727.966 0 -1602.325 -895.691 -2392.578 -1699.677 -993.347 -282.135 498.047 457.764 -2290.192 -74.158 416.107 38.147 -1963.806 285.034 -20.447 -383.759 2229.156 2025 河北 晒干 一等 074
4184426 4602 2025/9/4 20:08:48 P18 36.72 63.46 0 37.73 14.79 925.84 904.92 86.517 203.095 1022.339 -463.409 259.094 1856.232 -3048.401 -432.587 -1274.414 -793.61 -2055.664 -1349.335 -641.022 73.242 592.194 434.418 454.254 172.272 -93.536 318.298 -2730.408 -4.425 -1610.565 -897.522 -2397.308 -1703.186 -995.026 -283.051 498.657 457.764 -2291.107 -76.141 416.718 38.605 -1966.858 284.119 -20.447 -384.064 2223.663 2025 河北 晒干 一等 074
4184427 4602 2025/9/4 20:08:49 P18 36.7 63.46 0 37.53 14.98 925.85 904.92 86.06 202.026 1021.576 -461.884 262.909 1851.349 -3049.011 -429.382 -1267.853 -791.473 -2055.206 -1349.945 -642.09 72.937 590.515 433.96 456.085 171.661 -90.637 318.451 -2729.95 2.136 -1604.767 -894.623 -2396.698 -1702.881 -996.399 -283.661 498.2 457.459 -2289.734 -76.447 416.107 38.452 -1964.722 283.508 -19.531 -381.775 2221.069 2025 河北 晒干 一等 074
4184428 4602 2025/9/4 20:08:50 P18 36.69 63.5 0 37.7 14.7 925.86 904.92 87.28 202.942 1022.034 -451.05 272.217 1848.602 -3004.761 -417.481 -1269.073 -772.553 -2017.67 -1320.19 -625.916 76.141 590.363 434.265 454.559 173.035 -80.566 317.688 -2686.462 12.207 -1598.969 -896.454 -2354.736 -1669.769 -974.579 -271.912 497.742 457.916 -2279.663 -76.447 415.497 38.757 -1955.109 283.661 -19.684 -383.759 2227.783 2025 河北 晒干 一等 074
4184429 4602 2025/9/4 20:08:51 P18 36.6 63.46 0 37.57 14.7 925.84 904.92 86.365 203.247 1022.339 -468.445 245.819 1862.946 -3006.744 -419.006 -1266.174 -773.926 -2016.754 -1318.665 -624.542 79.193 590.515 434.265 455.78 171.051 -102.081 317.688 -2689.362 6.104 -1595.306 -895.233 -2357.788 -1667.175 -972.595 -271.301 498.2 457.306 -2276.917 -74.463 415.649 38.452 -1953.43 286.255 -20.752 -381.012 2227.478 2025 河北 晒干 一等 074
4184430 4602 2025/9/4 20:08:52 P18 36.63 63.5 0 37.68 14.76 925.88 904.9 86.975 203.095 1021.881 -473.785 244.598 1863.098 -3041.534 -427.094 -1255.493 -785.828 -2047.119 -1343.384 -638.275 75.684 590.057 433.502 454.559 171.814 -106.506 319.214 -2721.558 -3.51 -1587.982 -888.062 -2387.543 -1694.946 -992.584 -279.846 497.284 457.916 -2273.865 -74.158 415.497 38.605 -1947.174 285.95 -19.836 -382.69 2224.731 2025 河北 晒干 一等 074
4184431 4602 2025/9/4 20:08:53 P18 36.65 63.48 0 37.82 14.87 925.89 904.93 85.907 203.705 1022.186 -459.137 262.146 1852.722 -3047.028 -432.587 -1263.428 -793.152 -2053.986 -1346.588 -638.886 73.242 591.736 434.418 453.186 172.577 -89.417 319.061 -2727.966 -3.052 -1598.816 -887.604 -2394.714 -1701.355 -991.974 -280.151 496.674 456.543 -2279.663 -82.855 415.649 37.689 -1955.414 276.642 -20.905 -384.674 2226.715 2025 河北 晒干 一等 074
4184432 4602 2025/9/4 20:08:54 P18 36.65 63.47 0 37.82 14.85 925.86 904.92 86.365 203.247 1022.644 -460.663 267.181 1849.518 -3022.003 -431.519 -1264.496 -793.152 -2037.201 -1337.585 -632.782 76.447 590.515 434.876 453.644 171.967 -88.043 319.061 -2705.231 -4.578 -1596.832 -891.724 -2375.031 -1688.538 -985.107 -277.557 497.437 457.153 -2276.611 -81.787 416.107 38.452 -1952.362 279.694 -22.278 -385.284 2227.02 2025 河北 晒干 一等 074
4184433 4602 2025/9/4 20:08:55 P18 36.69 63.47 0 37.66 14.88 925.87 904.91 86.517 202.942 1021.118 -455.322 264.282 1851.501 -3021.851 -429.077 -1256.409 -785.675 -2028.351 -1329.041 -628.662 80.261 590.515 433.502 454.407 171.661 -86.212 320.282 -2701.721 -0.916 -1587.067 -891.266 -2367.706 -1679.688 -979.767 -271.606 496.521 455.627 -2272.491 -78.583 414.887 38.3 -1946.411 280.914 -21.667 -385.132 2227.478 2025 河北 晒干 一等 074
4184434 4602 2025/9/4 20:08:56 P18 36.59 63.52 0 37.59 14.75 925.84 904.9 86.365 202.179 1020.203 -468.292 247.192 1861.877 -3032.532 -436.554 -1261.597 -792.847 -2038.574 -1335.449 -631.867 75.684 589.294 432.129 454.865 171.509 -100.098 317.23 -2716.064 -6.409 -1595.001 -888.367 -2381.287 -1687.164 -984.192 -275.726 496.216 456.238 -2277.374 -78.583 414.276 38.3 -1952.515 281.067 -20.447 -382.538 2226.257 2025 河北 晒干 一等 074
4184435 4602 2025/9/4 20:08:57 P18 36.7 63.48 0 37.64 14.75 925.86 904.91 85.602 202.332 1020.05 -467.835 247.955 1861.42 -3011.322 -424.957 -1258.24 -779.266 -2020.264 -1323.395 -627.441 78.735 590.515 433.655 453.186 171.356 -101.471 317.688 -2693.634 -0.61 -1587.067 -891.266 -2359.619 -1674.042 -977.02 -272.369 495.148 455.78 -2274.628 -82.245 414.581 38.147 -1948.09 277.252 -21.21 -382.08 2228.699 2025 河北 晒干 一等 074
4184436 4602 2025/9/4 20:08:58 P18 36.7 63.39 0 37.71 14.76 925.85 904.89 86.823 203.247 1021.118 -469.055 255.585 1855.469 -3047.638 -427.551 -1259.613 -786.743 -2052.002 -1348.114 -642.09 72.784 590.363 433.35 453.339 171.509 -98.572 318.756 -2728.271 5.188 -1593.17 -888.367 -2392.426 -1700.745 -997.772 -283.203 494.843 456.238 -2281.952 -79.498 414.429 37.994 -1956.482 280.151 -19.684 -385.132 2229.919 2025 河北 晒干 一等 074
4184437 4602 2025/9/4 20:08:59 P18 36.62 63.47 0 37.71 14.86 925.84 904.92 86.06 203.247 1020.05 -475.159 249.023 1861.877 -3051.3 -429.23 -1256.256 -789.948 -2062.836 -1356.049 -646.057 72.784 590.057 434.876 451.965 171.051 -104.828 319.061 -2733.002 4.12 -1592.102 -887.146 -2401.123 -1708.221 -1000.061 -285.339 495.606 456.39 -2276.611 -81.024 414.276 38.3 -1950.684 279.388 -18.768 -383.911 2229.309 2025 河北 晒干 一等 074
4184438 4602 2025/9/4 20:09:00 P18 36.7 63.52 0 37.58 14.9 925.86 904.91 86.823 203.857 1020.966 -466.156 257.874 1853.943 -3048.401 -437.775 -1257.019 -798.187 -2052.155 -1349.64 -642.09 71.716 593.872 434.113 452.881 171.967 -95.673 318.909 -2727.966 -3.815 -1595.154 -882.874 -2393.799 -1701.355 -995.789 -284.119 495.758 457.001 -2277.985 -85.144 415.497 38.757 -1954.498 276.032 -20.294 -380.707 2223.969 2025 河北 晒干 一等 074
