6032653 7497 2025/12/25 18:41:39 P13 74.04 25.22 0 8.27 39.35 965.64 963.97 321.808 549.469 3743.286 287.018 467.682 651.093 428.162 -57.831 -34.79 91.705 -16.632 192.566 682.22 77.82 557.861 916.901 143.28 390.32 587.463 449.371 -5000 6.561 -543.823 22.125 -16.327 15.869 278.625 53.558 374.756 782.013 92.773 -1517.334 342.56 68.665 21.515 20.599 50.659 2545.166 2501.678 2108.002 1729.279 1370.85 1005.402 649.261 191.345 6.409 36.469 67.749 10.529 -332.184 -678.711 -1019.897 -1363.678 -1703.949 -2044.983 -2383.728 -2708.588 391.846 676.27 414.581 56.763 5.035 -352.325 -710.297 572 590 904 29.13 32.22 60 11 2408 1 034
6032654 7497 2025/12/25 18:41:40 P13 74.05 25.23 0 8.31 39.32 955.52 964.81 324.097 550.232 3733.521 289.917 459.29 641.174 427.704 19.226 -29.755 75.989 -16.937 189.362 677.185 127.716 547.638 913.544 140.228 390.32 582.733 439.148 -5000 -0.61 -552.979 -0.153 -16.327 14.801 276.642 60.12 373.688 738.068 83.313 -1403.351 339.355 65.918 20.599 14.191 49.133 2545.776 2500.916 2118.835 1744.385 1391.907 1028.9 673.37 189.056 4.578 36.011 68.359 2.747 -329.59 -671.692 -1011.963 -1355.591 -1695.557 -2033.539 -2368.774 -2695.77 391.388 677.795 415.344 61.035 5.493 -347.9 -700.836 567 585 903 29.09 32 60 11 2408 1 034
6032655 7497 2025/12/25 18:41:41 P13 74.09 25.29 0 8.2 39.29 955.52 983.92 325.47 549.927 3733.215 288.544 457.306 642.548 428.009 -86.67 -25.635 58.594 -16.327 189.972 679.626 117.95 548.706 914.307 139.618 389.404 583.191 440.216 -5000 -4.883 -555.267 -5.341 -16.479 15.259 276.489 58.899 372.925 748.596 87.891 -1413.727 339.813 65.918 24.719 18.005 49.591 2545.471 2502.136 2114.868 1738.892 1388.397 1018.982 654.907 190.43 4.883 40.436 72.021 6.104 -330.353 -675.049 -1013.336 -1358.643 -1698.608 -2037.964 -2377.472 -2702.179 390.167 673.676 416.718 61.798 3.815 -349.884 -705.109 567 585 903 29.09 32 60 11 2408 1 034
6032656 7497 2025/12/25 18:41:42 P13 74.06 25.29 0 8.34 39.29 957.61 985.02 324.402 549.469 3731.689 289.307 456.543 631.409 428.162 67.902 -15.564 73.09 -16.022 190.43 677.185 104.828 547.18 912.323 140.228 389.252 582.886 438.385 -5000 0.153 -549.164 20.752 -14.343 17.242 275.879 54.779 374.298 756.989 93.536 -1426.544 339.661 67.749 20.599 16.937 50.049 2548.37 2499.542 2107.391 1727.6 1364.594 1004.028 648.956 186.157 6.409 39.368 68.054 6.714 -334.167 -680.237 -1020.203 -1365.051 -1707.306 -2048.492 -2386.932 -2710.724 391.846 677.49 415.344 58.136 5.493 -352.478 -709.991 568 585 900 29.13 32.11 60 11 2408 1 034
6032657 7497 2025/12/25 18:41:43 P13 73.94 25.34 0 8.17 39.37 958.06 985.26 323.029 549.164 3729.401 291.443 456.238 640.564 428.467 10.529 -14.496 65.613 -15.106 190.277 678.864 97.504 547.638 913.849 139.923 389.862 583.496 439.301 -5000 4.425 -544.586 -46.997 -16.022 15.259 275.421 54.474 373.535 762.482 110.626 -1435.547 339.813 67.291 23.041 11.444 50.507 2546.692 2501.831 2110.443 1735.229 1379.395 1015.93 660.706 185.699 5.188 26.55 70.19 5.798 -332.947 -678.406 -1018.066 -1362.61 -1701.66 -2040.558 -2376.862 -2701.874 392.456 677.185 417.175 59.967 4.73 -349.884 -705.872 590 590 900 29.13 32.05 60 11 2408 1 034
6032658 7497 2025/12/25 18:41:44 P13 74.04 25.3 0 8.29 39.43 958.24 985.3 324.554 548.248 3729.401 291.138 456.39 638.733 428.467 -8.24 17.242 79.651 -14.954 189.056 679.932 100.403 547.638 914.307 137.329 389.557 584.717 438.843 -5000 12.665 -544.128 -8.545 -15.717 16.785 275.726 55.542 373.23 763.55 125.885 -1447.754 339.355 66.833 22.278 13.123 50.354 2547.76 2500.305 2113.342 1739.044 1382.751 1016.998 658.264 189.667 5.188 33.875 68.97 2.594 -330.811 -674.286 -1014.862 -1358.185 -1698.761 -2039.337 -2376.404 -2703.4 392.456 677.948 414.429 61.646 5.646 -344.238 -703.735 589 590 900 29.1 31.96 60 11 2408 1 034
6032659 7497 2025/12/25 18:41:45 P13 73.98 25.3 0 8.34 39.27 962.91 985.34 325.775 549.469 3728.333 291.748 456.696 641.785 428.314 -95.215 -3.052 92.468 -14.801 190.43 680.542 93.231 547.485 914.154 139.313 389.252 585.175 438.69 -5000 0.153 -544.434 73.242 -16.022 15.106 275.879 55.237 372.62 766.907 85.449 -1445.16 339.966 66.833 16.785 14.343 50.354 2549.133 2499.695 2109.375 1730.347 1371.613 1004.028 647.736 186.768 5.646 25.33 68.665 6.866 -333.099 -678.406 -1020.203 -1363.525 -1706.39 -2046.051 -2384.644 -2709.198 393.524 676.422 416.107 57.678 5.035 -352.936 -711.365 601 590 900 29.12 31.93 60 11 2408 1 034
6032660 7497 2025/12/25 18:41:46 P13 73.92 25.27 0 8.1 39.37 962.9 985.34 324.86 547.791 3727.112 292.511 454.407 629.73 428.162 -7.019 11.292 85.907 -16.174 188.751 679.932 94.452 547.333 914.307 138.702 390.015 588.074 438.538 -5000 0.153 -545.044 -51.27 -15.717 16.785 276.031 54.016 373.383 767.059 90.79 -1449.738 339.355 66.223 21.667 14.801 50.049 2548.065 2499.695 2113.342 1736.145 1382.141 1016.388 661.163 186.31 2.441 31.586 67.444 3.204 -330.353 -675.812 -1016.541 -1360.016 -1700.439 -2039.948 -2377.014 -2702.026 393.524 677.032 413.818 58.746 5.341 -348.816 -705.872 604 590 899 29.12 32.03 60 11 2408 1 034
6032661 7497 2025/12/25 18:41:47 P13 74.02 25.36 0 8.1 39.35 962.92 985.33 326.233 547.485 3725.586 292.053 455.17 639.343 428.619 56.152 23.193 91.705 -15.411 188.904 678.406 92.468 546.57 912.476 138.245 389.099 585.632 437.164 -5000 -0.458 -544.586 66.071 -15.564 15.259 275.574 54.016 371.552 767.059 94.91 -1447.754 340.118 67.596 21.21 13.428 50.049 2544.556 2500.458 2113.8 1741.028 1388.397 1026.154 670.471 187.378 3.357 38.91 70.038 3.052 -332.794 -677.185 -1013.031 -1357.117 -1696.777 -2035.675 -2371.063 -2695.618 388.184 674.438 414.886 60.272 4.578 -347.137 -698.853 603 590 899 29.1 32.04 60 10 2408 1 034
6032662 7497 2025/12/25 18:41:48 P13 73.98 25.29 0 8.12 39.34 962.91 985.33 324.707 549.469 3725.433 292.053 454.102 641.327 427.856 -0.763 -20.447 88.501 -14.648 189.362 680.084 84.991 546.417 914.307 138.092 388.794 585.48 437.012 -5000 7.477 -547.638 46.082 -16.022 15.869 276.184 53.406 372.162 769.806 101.013 -1445.923 339.661 66.223 20.142 13.885 50.354 2548.828 2500 2108.765 1730.042 1370.392 1002.96 648.499 186.157 2.289 28.534 67.139 2.899 -336.761 -682.983 -1024.323 -1367.645 -1708.984 -2048.187 -2387.085 -2711.487 393.066 674.591 414.886 56.61 2.594 -353.394 -711.823 605 590 899 29.1 32.27 60 10 2408 1 034
6032663 7497 2025/12/25 18:41:49 P13 73.97 25.2 0 8.25 39.31 962.9 985.35 324.86 547.638 3724.213 293.579 454.254 627.441 428.467 -56 -28.381 78.278 -16.022 190.277 678.864 84.686 546.875 908.203 136.871 388.947 585.48 435.333 -5000 0.916 -545.349 40.741 -14.038 15.411 275.726 54.169 372.467 770.874 92.163 -1446.838 339.355 66.223 20.142 19.379 50.812 2548.218 2502.441 2111.969 1736.908 1380.92 1017.456 659.485 185.547 4.578 27.771 69.122 7.324 -330.505 -675.812 -1016.541 -1360.321 -1700.439 -2039.337 -2375.336 -2696.228 391.846 670.166 414.429 58.899 3.967 -349.426 -706.482 606 595 898 29.1 32.06 60 10 2408 1 034
6032664 7497 2025/12/25 18:41:50 P13 74.05 25.3 0 8.2 39.33 962.89 985.35 321.35 548.553 3723.602 293.732 454.712 633.85 428.467 -28.839 -6.104 71.411 -15.717 190.43 679.932 83.618 545.654 912.476 136.719 388.489 586.7 435.944 -5000 -5.798 -547.791 -16.174 -13.58 15.869 275.726 52.948 372.467 769.958 105.591 -1442.719 340.118 65.765 20.294 15.259 50.659 2547.913 2501.068 2114.563 1739.807 1386.414 1023.407 667.267 188.446 1.831 30.212 70.496 1.984 -334.32 -676.27 -1015.93 -1357.88 -1697.54 -2036.591 -2371.826 -2696.991 393.677 675.812 416.718 59.662 4.883 -344.543 -701.141 597 595 897 29.12 32.06 59 10 2408 1 034
6032665 7497 2025/12/25 18:41:51 P13 74.01 25.25 0 8.13 39.35 962.89 985.32 323.639 547.18 3722.076 292.816 454.102 631.409 428.467 4.12 -29.297 75.684 -16.327 189.209 677.032 92.468 545.044 912.933 136.871 389.404 586.7 435.333 -5000 3.052 -543.213 53.406 -16.327 15.259 276.031 54.321 370.483 766.602 92.926 -1445.007 339.508 66.528 23.346 14.954 50.507 2543.335 2500.153 2109.985 1729.584 1372.681 1006.012 649.872 183.258 2.441 -0.458 67.444 2.136 -333.099 -678.406 -1019.44 -1363.831 -1705.322 -2044.983 -2384.338 -2709.198 391.998 674.591 414.581 57.983 4.883 -349.884 -707.55 608 590 897 29.06 32.04 59 10 2408 1 034
6032666 7497 2025/12/25 18:41:52 P13 74.01 25.33 0 8.13 39.42 962.91 985.34 326.385 547.18 3721.771 294.647 453.339 629.883 428.467 12.97 -9.003 80.566 -15.717 188.446 679.626 93.231 546.265 911.56 136.719 389.862 586.853 436.401 -5000 -3.51 -551.147 20.752 -16.022 15.869 275.726 53.711 370.941 768.127 111.542 -1441.498 339.203 63.782 20.599 14.038 49.591 2547.607 2500.763 2111.511 1736.755 1381.378 1016.998 660.4 186.157 0.916 9.003 70.496 2.441 -332.947 -676.727 -1017.151 -1359.1 -1699.677 -2040.253 -2376.862 -2701.569 392.151 675.812 415.649 59.509 4.272 -348.206 -705.261 608 590 897 29.06 32.04 59 10 2408 1 034
6032667 7497 2025/12/25 18:41:53 P13 74 25.16 0 8.25 39.27 962.91 985.34 327.148 547.485 3721.161 297.089 453.186 638.123 427.856 45.624 -14.801 74.921 -14.038 188.751 679.779 90.332 545.044 914.154 136.719 388.184 586.395 436.707 -5000 11.597 -550.079 24.872 -16.327 14.496 276.031 53.253 370.789 767.059 93.994 -1441.345 339.813 65.155 19.226 18.616 50.049 2548.523 2501.526 2116.089 1743.011 1388.55 1026.459 670.471 184.479 1.831 37.384 67.902 5.798 -332.184 -677.032 -1015.625 -1357.88 -1696.472 -2036.591 -2370.453 -2695.618 390.625 672.607 416.26 59.509 3.51 -348.358 -701.904 603 590 895 29.12 32.06 59 10 2408 1 034
6032668 7497 2025/12/25 18:41:54 P13 73.88 25.29 0 8.37 39.26 962.92 985.34 326.538 546.57 3721.466 296.478 452.881 636.292 428.162 22.888 -28.687 80.566 -15.411 188.751 681.152 100.25 546.417 914.154 136.566 388.794 586.548 437.927 -5000 -4.883 -547.18 49.896 -15.717 16.022 275.879 54.321 370.789 762.329 85.449 -1438.446 339.355 62.714 18.616 25.33 50.049 2548.065 2500.458 2115.326 1743.011 1387.482 1024.628 667.419 183.258 3.052 45.319 66.223 7.324 -331.116 -673.676 -1012.878 -1356.506 -1696.167 -2035.217 -2371.979 -2698.059 388.794 671.997 415.497 61.493 3.662 -345.917 -699.31 604 595 895 29.12 32.09 58 10 2408 1 034
6032669 7497 2025/12/25 18:41:55 P13 73.95 25.33 0 8.31 39.31 962.91 985.34 325.928 545.654 3720.856 297.852 452.576 631.256 428.162 -5.341 14.191 100.861 -16.937 188.904 678.406 99.487 545.044 913.086 135.956 388.794 587.006 435.333 -5000 9.46 -545.197 -9.918 -15.106 14.343 276.184 54.474 370.026 763.702 105.286 -1440.582 339.661 64.697 24.567 19.531 49.438 2544.403 2501.373 2112.732 1736.603 1380.31 1016.388 661.621 181.58 3.662 40.894 66.833 7.782 -331.116 -675.812 -1015.472 -1359.1 -1698.761 -2037.201 -2373.352 -2698.669 392.456 670.471 415.497 59.814 3.357 -346.832 -702.667 609 595 894 29.13 32.11 58 10 2408 1 034
6032670 7497 2025/12/25 18:41:56 P13 73.98 25.29 0 8.15 39.32 962.9 985.34 320.129 545.959 3720.245 298.004 453.186 637.97 428.619 -3.967 -32.959 94.757 -16.479 188.293 679.016 105.591 545.044 913.544 136.108 389.252 587.311 435.791 -5000 2.441 -544.586 20.752 -16.174 16.174 276.337 55.695 370.941 756.683 90.332 -1436.31 339.966 63.629 19.684 19.989 50.049 2542.267 2501.221 2115.479 1741.943 1387.787 1027.222 670.929 183.868 3.815 34.943 65.613 5.493 -332.947 -677.185 -1015.015 -1357.727 -1696.625 -2034.149 -2370.148 -2695.312 391.235 670.929 415.192 59.509 12.512 -347.748 -701.752 615 595 894 29.1 32.01 58 10 2408 1 034
6032671 7497 2025/12/25 18:41:57 P13 73.91 25.16 0 8.27 39.31 962.91 985.34 323.334 545.197 3720.551 299.225 452.423 634.46 428.009 157.013 5.341 80.414 -16.022 188.751 677.49 99.64 544.739 913.849 135.193 389.862 587.463 434.723 -5000 11.749 -546.112 83.16 -14.954 15.564 276.337 56.763 372.62 758.667 103.76 -1437.378 339.661 64.697 21.21 31.281 50.354 2544.556 2501.984 2114.41 1740.57 1386.414 1028.442 670.776 184.021 2.441 24.261 69.58 2.747 -332.642 -676.27 -1014.862 -1358.032 -1698.151 -2036.133 -2374.268 -2699.28 392.609 672.913 415.649 61.188 3.815 -344.849 -697.784 610 590 894 29.09 32.08 58 10 2408 1 034
6032672 7497 2025/12/25 18:41:58 P13 73.91 25.32 0 8.31 39.33 962.9 985.34 321.808 545.807 3718.262 301.514 454.102 639.801 428.314 49.133 -45.624 100.25 -15.869 190.43 677.032 101.013 544.586 914.001 135.04 389.404 586.548 435.028 -5000 9.613 -540.771 9.766 -16.785 14.343 275.421 56 369.873 759.277 99.182 -1437.988 340.118 65.308 19.073 18.005 50.964 2543.488 2499.39 2113.342 1735.84 1379.7 1012.268 654.755 181.427 4.73 16.937 66.528 6.561 -330.811 -675.659 -1016.388 -1360.931 -1702.271 -2042.084 -2380.371 -2706.146 393.982 671.997 416.565 58.594 6.256 -350.189 -706.482 614 595 895 29.12 32.01 58 10 2408 1 034
6032673 7497 2025/12/25 18:41:59 P13 73.87 25.25 0 8.25 39.4 962.91 985.35 323.639 548.401 3713.684 302.429 453.033 636.902 428.162 -22.888 -37.079 83.313 -14.648 188.904 680.237 104.523 545.044 913.696 135.04 388.641 586.853 435.791 -5000 2.899 -539.551 37.689 -16.022 15.411 277.405 55.847 371.552 757.599 84.991 -1437.988 339.966 64.24 25.33 21.667 49.591 2547.76 2499.237 2117.31 1744.232 1389.465 1027.222 670.929 181.427 1.373 38.91 68.054 4.12 -334.167 -678.253 -1015.472 -1357.727 -1697.998 -2034.607 -2369.843 -2693.634 390.778 669.25 415.649 58.594 4.425 -349.121 -702.209 609 595 896 29.13 32 58 10 2408 1 034
6032674 7497 2025/12/25 18:42:00 P13 73.88 25.36 0 8.32 39.35 962.89 985.34 323.486 548.096 3720.398 301.361 453.644 639.801 427.856 -67.902 -12.054 67.444 -16.327 187.988 678.558 104.675 542.755 914.001 134.125 388.641 587.158 435.791 -5000 2.441 -542.297 -16.632 -16.479 14.343 276.642 56.305 369.72 755.768 80.719 -1436.768 339.508 64.392 20.294 16.479 49.896 2545.471 2500 2116.089 1742.859 1387.482 1023.865 666.962 179.443 4.73 33.722 66.833 4.425 -332.336 -676.117 -1018.982 -1360.626 -1699.219 -2037.964 -2374.573 -2700.806 391.998 670.166 416.412 60.12 5.035 -345.612 -700.531 615 595 896 29.12 32.03 58 10 2408 1 034
6032675 7497 2025/12/25 18:42:01 P13 73.94 25.22 0 8.32 39.45 962.88 985.35 326.538 547.028 3719.94 301.514 453.491 637.36 428.467 -36.011 -3.052 75.836 -16.174 189.972 681.61 107.117 545.349 912.781 134.43 388.794 588.837 435.333 -5000 12.36 -544.891 -60.272 -14.648 15.106 275.879 55.847 371.399 751.495 90.79 -1433.716 340.271 63.629 20.142 20.905 49.744 2549.438 2501.373 2111.206 1732.483 1371.918 1006.47 649.109 178.223 5.035 33.112 68.359 6.561 -334.167 -678.406 -1019.44 -1363.678 -1705.17 -2044.678 -2384.033 -2709.045 393.524 669.556 419.159 57.831 4.272 -351.257 -707.55 610 595 897 29.1 32.16 58 10 2408 1 034
6032676 7497 2025/12/25 18:42:02 P13 73.92 25.22 0 8.24 39.36 962.91 985.34 319.519 545.654 3721.924 304.26 451.965 637.817 428.467 -45.166 -5.951 62.866 -15.411 191.04 676.88 109.406 544.891 914.307 133.972 388.947 586.853 434.723 -5000 4.272 -546.875 3.967 -16.632 14.801 276.184 57.22 372.314 754.7 95.825 -1433.105 339.966 64.087 20.447 11.902 50.201 2542.114 2501.526 2115.021 1746.063 1390.076 1028.442 673.523 181.732 6.104 17.09 67.749 7.019 -329.59 -673.676 -1011.047 -1354.523 -1693.42 -2031.555 -2367.249 -2693.176 392.914 670.471 414.581 62.103 6.104 -346.069 -700.073 610 595 897 29.1 32.16 58 10 2408 1 034
6032677 7497 2025/12/25 18:42:03 P13 73.84 25.26 0 8.32 39.36 962.9 985.32 320.282 545.349 3720.398 302.124 451.66 638.733 428.467 20.447 4.272 64.087 -16.022 189.514 680.084 111.847 544.891 913.239 134.888 389.557 587.311 435.028 -5000 2.136 -546.417 15.869 -15.106 14.954 276.947 57.678 372.467 752.716 101.471 -1435.852 339.355 63.324 18.158 17.09 49.591 2543.488 2501.984 2115.326 1740.723 1383.972 1021.576 664.52 182.037 2.441 28.687 64.545 5.493 -331.879 -676.27 -1014.709 -1357.574 -1698.456 -2037.506 -2375.793 -2700.348 392.151 670.319 414.581 60.272 3.052 -346.985 -701.599 616 595 899 29.1 32.04 58 10 2408 1 034
6032678 7497 2025/12/25 18:42:04 P13 73.92 25.25 0 8.32 39.31 962.92 985.33 324.097 546.112 3721.466 299.072 452.423 640.106 427.856 41.809 0.305 59.357 -14.648 188.599 675.354 112.915 545.044 913.086 134.43 389.099 588.379 437.317 -5000 6.714 -545.349 69.58 -16.022 15.106 275.726 56.458 370.636 752.563 104.828 -1433.563 339.661 65.002 20.447 16.632 51.27 2548.828 2502.441 2108.459 1730.347 1369.781 1003.723 648.193 180.969 2.441 25.024 68.665 5.188 -334.473 -679.626 -1020.355 -1365.051 -1706.696 -2046.509 -2386.932 -2709.961 393.524 668.64 415.649 57.373 2.899 -353.241 -711.06 621 595 899 29.13 31.98 58 10 2408 1 034
6032679 7497 2025/12/25 18:42:05 P13 73.89 25.34 0 8.25 39.35 962.92 985.34 326.385 545.959 3719.025 301.361 452.271 639.496 428.162 60.883 -6.866 77.515 -16.022 188.751 680.847 118.256 545.502 913.391 133.972 388.641 588.226 436.859 -5000 0 -544.434 -42.419 -16.022 14.801 276.031 58.746 372.009 750.58 90.942 -1432.8 339.508 65.918 23.651 11.444 49.896 2545.929 2502.136 2112.274 1736.603 1381.683 1017.609 661.774 183.411 4.425 32.654 68.97 3.51 -331.879 -676.575 -1016.388 -1358.948 -1700.134 -2038.269 -2375.031 -2700.043 392.914 669.556 414.886 60.883 7.019 -346.069 -701.904 615 595 899 29.09 32.03 57 10 2408 1 034
6032680 7497 2025/12/25 18:42:06 P13 73.84 25.34 0 8.25 39.35 962.9 985.35 324.249 547.485 3720.551 303.65 453.796 631.866 428.467 78.583 -7.782 74.005 -15.106 187.531 681.458 117.95 545.349 912.628 134.583 389.557 587.463 435.638 -5000 -1.984 -542.908 12.054 -15.106 14.191 276.642 59.204 370.789 747.375 102.692 -1434.784 339.661 64.392 17.548 15.564 50.049 2546.234 2500 2116.699 1740.265 1382.904 1015.93 659.637 180.359 1.221 17.7 67.596 1.373 -331.726 -675.964 -1014.709 -1359.406 -1700.134 -2037.811 -2376.404 -2702.942 392.914 671.997 414.734 59.814 4.883 -347.595 -701.599 622 595 901 29.1 32.09 57 10 2408 1 034
6032681 7497 2025/12/25 18:42:07 P13 73.92 25.25 0 8.41 39.3 962.9 985.3 323.944 545.044 3721.008 304.565 454.102 641.785 428.314 -27.466 -19.226 83.313 -16.479 188.293 679.016 122.07 545.654 911.56 133.514 389.252 587.158 435.333 -5000 0.458 -542.603 -47.76 -14.343 14.343 276.337 58.746 370.483 746.155 101.929 -1432.343 338.745 65.613 17.853 13.885 50.201 2544.25 2499.39 2109.985 1728.516 1372.223 1005.402 650.787 179.443 0.763 22.43 69.58 3.357 -334.167 -679.474 -1020.508 -1364.746 -1706.085 -2045.135 -2384.644 -2707.825 395.203 670.624 413.666 56 4.425 -351.41 -709.686 615 595 901 29.1 32.06 57 10 2408 1 034
6032682 7497 2025/12/25 18:42:08 P13 73.91 25.25 0 8.29 39.3 962.92 985.33 324.707 546.265 3721.313 304.565 452.881 639.648 428.314 103.912 -23.499 80.566 -15.717 187.531 681.61 125.58 545.502 913.391 133.362 388.947 588.379 437.317 -5000 -9.308 -540.161 29.449 -15.717 15.717 276.489 59.814 371.094 745.544 92.621 -1434.021 339.355 63.629 17.548 8.545 50.049 2547.913 2500.458 2113.342 1737.976 1383.514 1019.745 664.978 180.664 5.798 27.466 68.97 3.967 -329.437 -674.896 -1014.709 -1358.643 -1699.219 -2037.659 -2374.878 -2700.806 396.118 670.471 416.26 61.493 6.714 -348.511 -704.193 619 595 903 29.09 31.91 57 10 2408 1 034
6032683 7497 2025/12/25 18:42:09 P13 73.84 25.25 0 8.12 39.26 962.93 985.35 320.892 546.417 3718.567 304.26 451.813 636.749 428.925 -19.379 -14.343 91.553 -16.174 189.819 679.779 122.528 545.807 914.459 132.141 389.252 587.616 435.028 -5000 -8.545 -538.177 68.665 -15.717 15.869 276.184 59.052 370.789 746.307 89.417 -1432.19 339.813 64.697 16.022 13.58 50.354 2544.098 2501.373 2116.394 1744.385 1390.381 1029.663 671.844 172.424 4.272 27.161 67.596 5.951 -330.048 -674.133 -1010.59 -1354.37 -1693.573 -2031.25 -2367.859 -2691.498 390.625 666.809 416.87 60.12 5.188 -347.443 -700.226 612 595 903 29.13 31.98 57 10 2408 1 034
6032684 7497 2025/12/25 18:42:10 P13 73.88 25.3 0 8.35 39.36 962.93 985.32 326.385 545.349 3722.076 304.871 453.491 641.479 428.314 -43.488 -22.736 62.561 -16.327 188.141 681.152 126.801 545.654 910.797 133.209 389.557 587.616 437.164 -5000 -6.866 -539.703 18.005 -15.106 13.885 276.337 60.883 370.178 744.934 103.302 -1431.732 339.508 64.087 14.801 17.548 49.744 2545.776 2501.678 2109.68 1733.093 1375.885 1011.353 654.602 172.729 4.73 13.733 68.665 6.104 -334.167 -678.864 -1020.508 -1362.915 -1703.949 -2043.152 -2381.744 -2705.994 395.05 670.471 415.955 58.441 5.188 -353.851 -712.128 620 595 903 29.13 31.97 57 10 2408 1 034
6032685 7497 2025/12/25 18:42:11 P13 73.78 25.26 0 8.27 39.35 962.92 985.35 320.74 546.417 3722.992 303.65 452.881 638.275 428.162 -9.918 -17.7 75.684 -16.174 188.599 679.779 125.58 545.502 912.17 133.209 388.489 588.531 436.401 -5000 -8.24 -544.281 61.493 -15.411 16.174 276.794 58.594 370.941 742.95 83.923 -1431.58 340.118 65.613 21.973 14.648 50.354 2548.065 2500.916 2112.732 1737.061 1383.667 1021.729 667.877 175.171 0 17.548 67.902 3.357 -334.32 -676.88 -1016.388 -1360.779 -1699.829 -2039.185 -2375.183 -2698.975 394.135 669.403 415.649 59.814 5.493 -347.137 -701.141 614 595 903 29.08 32.01 56 10 2408 1 034
6032686 7497 2025/12/25 18:42:12 P13 73.81 25.27 0 8.29 39.38 962.9 985.33 320.587 546.57 3721.619 304.413 453.339 636.292 427.856 -9.46 6.104 79.651 -16.327 189.209 678.864 128.937 545.807 912.018 132.294 388.641 587.616 435.791 -5000 -0.458 -543.365 -17.242 -15.717 15.717 276.642 59.967 371.857 742.493 104.828 -1431.274 340.576 66.376 17.242 18.616 49.744 2548.218 2502.747 2116.547 1745.911 1390.381 1029.053 673.065 173.95 4.425 25.635 68.665 5.798 -329.895 -674.896 -1013.794 -1356.812 -1696.472 -2034.76 -2371.521 -2697.906 392.609 667.267 417.023 61.035 4.272 -346.375 -700.226 620 590 903 29.09 31.96 56 10 2408 1 034
6032687 7497 2025/12/25 18:42:13 P13 73.88 25.38 0 8.32 39.44 962.91 985.34 319.519 546.265 3722.687 304.718 452.271 639.801 428.162 -45.624 -17.395 70.038 -16.937 188.446 681.61 139.771 546.112 914.154 132.751 388.489 588.379 436.859 -5000 5.798 -542.908 11.597 -16.327 15.259 276.642 61.188 370.789 736.694 97.961 -1427.765 341.034 65.46 18.005 17.395 49.133 2542.114 2501.373 2114.258 1739.96 1382.599 1019.44 660.706 174.408 4.272 36.316 67.139 6.409 -329.742 -675.659 -1015.015 -1357.727 -1698.761 -2037.506 -2374.268 -2701.111 393.982 668.182 415.649 60.73 7.019 -346.222 -700.531 620 590 903 29.09 31.96 56 10 2408 1 034
6032688 7497 2025/12/25 18:42:14 P13 73.87 25.34 0 8.32 39.18 962.92 985.34 322.876 546.875 3718.109 304.565 454.559 638.885 428.314 53.711 4.578 75.226 -15.411 190.582 681.458 137.024 546.417 912.933 132.904 388.794 586.7 437.164 -5000 2.441 -541.229 54.016 -14.954 14.648 276.794 61.493 371.246 735.931 89.722 -1428.528 339.966 64.545 17.395 14.496 50.354 2548.065 2501.678 2113.342 1741.333 1384.125 1021.271 667.572 177.612 3.51 26.55 68.359 3.662 -332.336 -676.27 -1015.32 -1358.643 -1698.456 -2036.591 -2373.047 -2697.906 393.372 668.182 417.786 58.899 6.409 -346.222 -701.752 614 590 902 29.12 31.98 56 10 2408 1 034
6032689 7497 2025/12/25 18:42:15 P13 73.81 25.26 0 8.2 39.37 962.91 985.32 312.5 546.875 3721.313 305.481 451.66 633.087 427.856 -151.825 -19.989 64.85 -16.327 188.446 681.305 137.482 545.959 913.849 131.683 389.099 589.294 435.791 -5000 -4.272 -540.161 23.041 -13.733 14.648 277.863 62.561 369.568 737.61 78.583 -1429.291 339.661 66.376 22.43 11.292 49.896 2545.013 2501.373 2115.784 1743.164 1389.771 1026.764 670.166 179.138 1.221 34.332 68.512 2.289 -332.642 -674.744 -1014.252 -1355.591 -1694.641 -2033.539 -2368.622 -2695.465 393.066 668.335 415.344 61.188 3.357 -345.306 -696.869 618 590 902 29.16 32.05 56 10 2408 1 034
6032690 7497 2025/12/25 18:42:16 P13 73.87 25.3 0 8.25 39.46 962.93 985.36 322.571 545.654 3721.924 305.176 453.339 639.801 428.619 -59.052 -5.493 102.692 -14.954 188.293 680.237 137.329 546.722 912.781 133.057 389.252 586.7 437.317 -5000 -4.883 -536.804 71.106 -14.343 16.174 276.642 61.035 370.789 736.847 75.073 -1429.138 340.576 66.681 19.989 14.801 50.049 2548.065 2501.221 2115.479 1737.671 1380.463 1015.015 655.975 179.749 1.678 37.994 66.071 3.815 -331.726 -676.27 -1016.083 -1359.253 -1699.677 -2039.185 -2377.93 -2702.179 392.456 667.572 415.649 61.34 3.052 -347.748 -702.515 625 590 902 29.15 32 56 10 2408 1 034
6032691 7497 2025/12/25 18:42:17 P13 73.87 25.3 0 8.25 39.35 962.91 985.36 324.402 545.197 3722.687 309.753 453.644 644.073 429.077 -83.923 18.311 98.724 -16.632 189.972 681.61 144.348 546.722 913.696 131.836 388.794 587.158 436.707 -5000 3.967 -540.619 10.986 -16.174 14.648 276.642 63.324 370.636 733.337 85.754 -1428.07 339.05 64.24 19.989 12.512 51.27 2543.945 2500.305 2109.07 1728.21 1370.392 1004.639 649.567 175.781 1.373 24.109 66.986 5.493 -335.999 -680.389 -1021.423 -1364.441 -1705.17 -2045.288 -2384.644 -2707.062 393.219 666.351 415.649 56.915 3.51 -353.088 -712.433 626 600 901 29.08 31.99 56 10 2408 1 034
6032692 7497 2025/12/25 18:42:18 P13 73.79 25.34 0 8.13 39.31 962.95 985.35 320.892 545.807 3722.839 310.059 453.186 640.564 427.704 120.392 -32.501 82.397 -15.411 188.293 680.847 145.416 545.197 915.07 131.989 388.489 586.853 436.707 -5000 7.935 -539.703 58.899 -15.717 15.259 276.794 62.714 370.331 735.474 98.572 -1430.359 340.271 64.85 25.024 9.918 50.354 2543.335 2500.458 2114.868 1741.943 1389.465 1026.306 670.166 177.307 0.305 16.022 70.801 1.526 -330.505 -673.828 -1013.031 -1355.286 -1694.946 -2033.997 -2369.232 -2695.77 394.897 668.182 414.734 62.714 6.714 -343.628 -697.937 617 600 901 29.12 31.9 56 10 2408 1 034
6032693 7497 2025/12/25 18:42:19 P13 73.82 25.36 0 8.3 39.35 962.92 985.33 324.097 545.197 3722.382 310.822 454.102 640.106 428.467 -63.629 -22.43 79.803 -16.479 187.988 678.406 147.095 546.722 914.001 132.751 390.015 586.7 436.859 -5000 14.191 -536.194 26.245 -15.411 13.885 276.794 63.934 370.941 729.675 88.348 -1427.46 341.034 66.986 23.499 14.648 49.744 2546.387 2500.916 2113.647 1737.213 1381.226 1015.625 656.281 176.086 0.153 27.924 67.749 3.357 -331.116 -675.507 -1014.862 -1360.016 -1700.134 -2040.253 -2377.167 -2704.01 393.677 668.182 415.344 59.662 4.578 -346.527 -701.294 622 600 900 29.06 31.89 56 10 2408 1 034
6032694 7497 2025/12/25 18:42:20 P13 73.78 25.27 0 8.1 39.22 962.92 985.35 323.029 546.265 3721.619 308.075 453.949 643.311 428.314 35.553 -0.458 83.008 -15.411 187.073 680.542 149.536 546.265 913.391 131.073 388.947 586.7 437.164 -5000 5.035 -533.905 70.648 -15.717 15.411 277.71 63.019 370.636 732.117 100.25 -1427.765 340.271 64.697 21.21 11.597 49.896 2543.945 2501.984 2108.612 1729.279 1370.544 1004.944 649.414 175.934 5.646 21.973 67.291 5.493 -333.557 -678.253 -1020.508 -1365.051 -1701.965 -2040.863 -2382.507 -2708.435 392.914 667.725 415.039 56.458 6.104 -354.919 -713.654 622 595 900 29.03 31.89 56 10 2408 1 034
6032695 7497 2025/12/25 18:42:21 P13 73.84 25.23 0 8.25 39.31 962.91 985.33 319.366 545.807 3722.382 308.838 453.796 640.106 428.619 58.441 0 71.869 -16.785 188.599 681 150.146 546.875 914.154 131.989 389.404 586.243 437.927 -5000 -2.441 -534.21 19.531 -14.648 15.411 276.642 63.324 370.178 728.302 77.362 -1426.239 340.271 64.392 18.005 21.667 51.117 2543.64 2501.678 2116.394 1741.791 1389.008 1026.306 670.624 176.086 3.662 19.073 68.359 2.899 -329.132 -672.302 -1012.726 -1354.98 -1693.573 -2033.081 -2367.859 -2694.855 394.745 667.572 415.192 62.103 5.341 -327.301 -686.34 622 595 899 29.06 31.89 56 10 2408 1 034
6032696 7497 2025/12/25 18:42:22 P13 73.77 25.32 0 8.18 39.25 962.92 985.34 328.217 546.57 3722.229 309.448 454.559 642.242 428.314 -5.035 -7.019 80.566 -15.106 188.446 682.22 153.503 546.722 914.612 132.599 388.947 587.311 438.385 -5000 8.545 -540.009 30.823 -15.717 15.564 276.794 63.934 371.552 728.607 96.283 -1425.018 339.508 64.24 22.583 14.343 50.354 2547.76 2501.526 2113.342 1739.655 1381.683 1016.235 658.264 175.171 4.578 19.989 66.071 7.019 -333.099 -676.575 -1015.32 -1359.253 -1704.865 -2041.473 -2379.15 -2705.078 393.066 668.182 416.412 59.814 4.12 -349.274 -706.482 622 605 899 29.08 32.03 56 10 2408 1 034
6032697 7497 2025/12/25 18:42:23 P13 73.75 25.33 0 8.15 39.18 962.92 985.34 324.249 547.028 3722.992 310.974 454.865 639.801 428.314 -11.597 22.43 64.697 -14.801 188.293 682.983 152.74 546.265 909.119 131.836 388.489 586.395 437.775 -5000 5.035 -536.346 1.678 -15.259 15.106 277.1 63.324 371.094 727.081 96.283 -1429.596 340.118 64.697 22.736 16.174 51.27 2547.913 2502.136 2107.086 1730.499 1369.019 1003.876 646.82 176.086 2.747 23.041 68.817 3.967 -335.083 -681 -1020.66 -1364.746 -1706.848 -2045.898 -2384.186 -2709.961 394.287 666.046 415.955 57.526 3.51 -350.037 -708.618 622 605 899 29.08 32.03 56 10 2408 1 034
6032698 7497 2025/12/25 18:42:24 P13 73.85 25.34 0 8.27 39.34 962.92 985.35 322.876 546.417 3722.229 309.906 454.254 641.327 427.551 91.553 -23.499 83.466 -16.785 189.667 682.678 153.503 545.654 912.018 132.141 389.252 587.616 437.164 -5000 8.087 -538.94 -38.147 -14.496 15.259 277.1 63.171 371.246 726.318 116.272 -1425.476 340.118 66.986 25.33 15.106 50.201 2548.218 2500.458 2112.732 1735.687 1379.547 1017.151 660.4 176.392 5.493 7.019 68.512 6.409 -331.116 -678.253 -1019.287 -1364.136 -1705.78 -2044.067 -2380.829 -2702.332 393.677 665.588 416.565 59.967 5.188 -350.494 -713.196 614 605 899 29.09 31.96 56 10 2408 1 034
6032699 7497 2025/12/25 18:42:25 P13 73.81 25.37 0 8.25 39.29 962.91 985.34 324.707 546.57 3722.992 311.127 454.559 639.191 428.009 27.008 -23.956 83.771 -15.869 187.531 681.61 157.623 545.959 911.56 132.599 388.947 585.785 437.775 -5000 -0.916 -539.093 18.005 -14.801 15.564 277.405 64.697 371.704 724.945 99.335 -1424.255 340.118 65.002 20.905 19.073 49.744 2547.15 2499.847 2115.173 1740.265 1382.904 1018.524 660.095 176.086 1.831 5.798 67.596 6.561 -331.726 -675.049 -1013.641 -1357.727 -1697.388 -2037.659 -2375.641 -2701.416 392.914 663.757 415.802 61.798 3.357 -345.764 -702.515 615 600 899 29.08 32.06 56 10 2408 1 034
6032700 7497 2025/12/25 18:42:26 P13 73.84 25.44 0 8.18 39.21 962.91 985.33 321.808 544.739 3722.229 310.669 454.712 643.463 428.772 2.747 -50.507 96.436 -14.954 188.599 682.373 158.386 547.18 911.56 131.836 388.947 586.09 437.164 -5000 0.763 -538.635 28.381 -15.411 14.496 276.947 64.697 370.331 726.624 110.016 -1423.34 340.881 64.392 20.599 10.529 49.896 2543.64 2501.984 2109.985 1730.804 1370.544 1006.165 648.499 174.713 3.967 7.477 66.376 7.019 -331.573 -677.948 -1018.066 -1363.22 -1704.254 -2044.373 -2382.05 -2707.825 395.05 666.504 415.497 58.899 4.73 -350.342 -708.313 623 600 901 29.09 32 56 10 2408 1 034
6032701 7497 2025/12/25 18:42:27 P13 73.82 25.27 0 8.13 39.31 962.91 985.33 322.876 546.112 3722.534 310.669 454.559 638.58 428.162 -48.065 -17.7 65.002 -16.174 188.446 682.678 161.591 546.722 911.56 131.378 388.641 587.006 438.843 -5000 10.834 -538.94 81.787 -14.343 14.496 277.405 64.545 371.094 719.604 96.588 -1421.509 340.271 64.24 19.684 22.278 49.896 2547.15 2501.678 2113.647 1735.077 1376.801 1011.963 656.738 171.661 2.747 21.057 68.054 4.883 -332.489 -677.643 -1009.521 -1361.389 -1704.407 -2044.373 -2384.491 -2706.604 392.456 665.283 416.565 56.61 4.578 -351.105 -706.787 622 605 902 29.1 31.93 56 10 2408 1 034
6032702 7497 2025/12/25 18:42:28 P13 73.91 25.41 0 8.32 39.37 962.94 985.33 321.198 546.112 3722.229 309.143 455.627 639.343 428.314 23.956 -9.46 53.253 -13.733 190.277 682.678 155.334 546.265 913.239 131.989 388.184 586.853 437.622 -5000 4.73 -537.567 32.959 -14.648 14.343 277.405 64.697 371.857 722.198 93.231 -1417.694 339.966 65.613 15.717 22.125 50.354 2547.455 2500.458 2112.885 1738.739 1382.751 1019.287 664.215 175.629 1.221 27.008 65.308 3.967 -334.015 -679.779 -1018.066 -1361.084 -1701.355 -2039.337 -2375.183 -2700.043 393.982 663.605 413.361 59.662 3.357 -349.274 -703.278 621 605 903 29.12 31.96 56 10 2408 1 034
6032703 7497 2025/12/25 18:42:29 P13 73.88 25.16 0 8.22 39.37 962.92 985.33 322.418 547.028 3722.382 310.822 455.322 644.989 428.314 34.637 -1.068 66.986 -14.648 187.988 679.932 158.386 546.57 912.628 130.92 388.794 586.7 438.385 -5000 -13.275 -534.821 -20.905 -16.327 14.038 277.405 66.376 369.568 719.299 86.212 -1422.119 339.966 64.545 19.684 23.041 50.659 2546.387 2501.678 2113.19 1735.84 1378.479 1013.489 653.992 175.476 4.883 35.095 67.596 7.019 -332.794 -677.643 -1017.914 -1362 -1701.202 -2042.084 -2381.744 -2706.757 393.219 664.978 416.87 57.983 5.646 -348.969 -706.329 627 605 903 29.08 32.06 56 10 2408 1 034
6032704 7497 2025/12/25 18:42:30 P13 73.79 25.36 0 8.25 39.28 962.92 985.34 327.606 546.57 3723.145 311.279 455.17 644.684 428.619 -7.629 -5.798 85.144 -15.259 189.972 681.763 156.097 547.638 913.239 131.226 387.878 584.717 437.775 -5000 -3.204 -529.022 30.975 -16.479 14.496 277.252 64.392 370.789 718.536 90.79 -1428.68 340.271 64.545 17.242 27.771 49.744 2548.981 2500.916 2108.002 1728.668 1368.408 1004.791 648.193 174.866 3.815 31.586 68.054 4.73 -334.473 -680.389 -1020.355 -1363.525 -1706.085 -2045.746 -2384.338 -2709.656 393.677 664.825 415.649 58.594 6.866 -352.936 -710.754 618 600 904 29.1 32.03 56 10 2408 1 034
6032705 7497 2025/12/25 18:42:31 P13 73.88 25.36 0 8.13 39.28 962.93 985.34 324.707 545.807 3721.924 312.5 454.407 641.174 427.856 56.915 -26.245 70.19 -16.937 188.141 676.575 163.727 547.485 912.323 131.683 389.099 586.09 439.148 -5000 -2.899 -529.327 -10.529 -14.801 14.038 277.405 65.002 369.415 719.452 87.891 -1417.847 340.424 64.545 21.667 19.073 49.744 2546.844 2499.695 2112.122 1737.061 1381.226 1017.151 659.943 171.661 5.188 22.278 67.902 4.883 -331.268 -677.49 -1017.151 -1360.626 -1700.592 -2039.337 -2377.319 -2700.5 394.287 663.3 415.497 53.101 6.104 -350.952 -707.397 624 600 904 29.15 31.97 56 10 2408 1 034
6032706 7497 2025/12/25 18:42:32 P13 73.81 25.3 0 8.32 39.38 962.91 985.32 325.012 546.57 3717.957 313.416 455.627 643.158 428.314 -39.368 4.578 71.106 -14.496 187.988 682.22 163.116 547.18 913.086 131.531 388.336 585.938 438.232 -5000 2.136 -527.191 43.335 -16.022 14.038 277.71 66.681 370.331 716.095 93.079 -1420.593 339.813 65.002 23.346 27.161 49.744 2546.997 2499.084 2113.647 1739.349 1381.989 1020.66 665.741 171.967 2.899 22.583 68.665 3.052 -330.2 -675.964 -1015.167 -1358.49 -1699.219 -2038.116 -2373.199 -2698.517 393.372 659.485 415.955 60.577 5.951 -351.41 -707.092 619 605 905 29.1 31.98 56 10 2408 1 034
6032707 7497 2025/12/25 18:42:33 P13 73.79 25.32 0 8.34 39.37 962.92 985.32 325.165 545.654 3722.687 311.89 454.102 645.142 428.467 -18.005 -33.722 74.463 -16.327 188.446 682.526 162.964 546.875 912.018 130.31 388.489 586.548 439.453 -5000 0.153 -531.311 -18.616 -16.327 14.648 277.252 66.986 368.958 717.316 110.626 -1422.119 340.576 65.765 21.21 20.294 49.896 2545.471 2500 2112.885 1738.129 1380.463 1015.93 656.586 172.119 4.425 14.343 67.291 7.629 -330.2 -675.201 -1009.827 -1359.253 -1701.355 -2041.016 -2379.303 -2704.62 395.355 663.452 415.344 61.34 4.12 -348.969 -703.735 625 605 905 29.12 31.96 56 10 2408 1 034
6032708 7497 2025/12/25 18:42:34 P13 73.74 25.3 0 8.18 39.39 962.91 985.34 322.723 545.044 3721.466 310.211 454.712 636.139 427.856 25.024 -37.384 89.874 -14.954 189.972 680.389 164.642 546.875 913.391 130.768 391.235 585.175 437.469 -5000 -10.071 -525.055 -16.327 -16.632 14.191 277.405 66.223 372.009 714.264 99.182 -1424.255 339.966 64.087 17.7 16.174 49.744 2543.03 2500.153 2108.612 1730.957 1371.613 1004.333 649.109 171.661 3.204 39.825 68.054 5.341 -336.151 -682.373 -1023.407 -1366.73 -1707.611 -2047.272 -2386.322 -2710.114 393.372 662.842 416.87 56.915 3.967 -352.02 -709.839 625 605 905 29.12 31.96 56 10 2408 1 034
6032709 7497 2025/12/25 18:42:35 P13 73.94 25.3 0 8.15 39.31 962.93 985.34 325.623 545.807 3721.161 309.601 454.865 644.226 428.162 -67.444 5.341 81.177 -14.954 188.904 682.983 164.49 547.791 912.476 130.157 388.184 585.938 438.995 -5000 -1.678 -523.071 -74.768 -16.327 15.106 276.489 65.46 370.331 711.975 105.286 -1424.866 339.355 66.528 18.921 15.259 50.049 2548.981 2501.678 2112.122 1734.161 1379.547 1014.099 657.654 173.187 0 30.06 68.665 5.951 -332.947 -679.169 -1020.05 -1363.22 -1702.881 -2042.999 -2380.676 -2705.383 392.761 662.384 413.818 57.831 2.289 -352.936 -708.923 618 600 907 29.1 32.04 56 10 2408 1 034
6032710 7497 2025/12/25 18:42:36 P13 73.81 25.33 0 8.25 39.33 962.92 985.32 325.623 547.18 3721.771 308.075 455.627 642.853 428.009 -57.068 -1.831 86.365 -14.648 187.683 682.831 166.779 546.875 913.086 129.547 387.726 585.327 439.148 -5000 9.766 -524.75 -51.27 -16.174 14.954 277.71 67.291 369.873 714.111 101.471 -1421.814 340.118 62.866 21.21 17.548 49.591 2546.997 2502.289 2114.868 1740.417 1386.719 1025.085 666.504 169.983 4.578 27.466 68.054 5.798 -333.557 -676.117 -1014.557 -1358.49 -1697.083 -2035.675 -2373.505 -2696.991 393.524 661.316 412.445 60.883 6.409 -347.595 -701.294 619 600 907 29.1 31.93 56 10 2408 1 034
6032711 7497 2025/12/25 18:42:37 P13 73.87 25.25 0 8.34 39.33 962.92 985.34 324.097 546.112 3721.771 312.653 455.322 644.531 428.009 -29.297 -15.106 63.324 -15.869 188.141 679.321 167.542 546.875 913.239 130.615 388.336 585.175 438.843 -5000 -6.714 -526.733 24.567 -16.327 16.022 277.405 65.308 370.789 714.874 113.22 -1422.272 339.203 63.782 20.142 14.954 49.133 2547.76 2500.763 2113.8 1737.518 1380.463 1016.388 657.959 170.441 4.272 35.706 69.275 8.392 -333.252 -677.643 -1016.846 -1360.321 -1700.287 -2040.253 -2376.556 -2701.721 393.829 661.163 414.886 60.272 5.341 -349.121 -702.972 623 605 909 29.1 31.88 56 10 2408 1 034
6032712 7497 2025/12/25 18:42:38 P13 73.74 25.26 0 8.19 39.25 962.91 985.34 323.944 546.112 3720.703 314.331 455.017 642.853 427.399 -20.142 -3.967 71.259 -16.937 188.751 681.763 171.204 546.875 912.476 130.615 388.031 585.632 438.232 -5000 4.578 -522.919 4.73 -14.801 14.496 278.015 66.681 369.263 713.654 85.449 -1420.441 339.661 63.324 18.158 13.885 50.507 2546.234 2501.221 2111.053 1733.704 1375.885 1008.301 651.093 174.255 0.763 25.94 67.749 2.747 -331.726 -678.864 -1018.829 -1363.373 -1705.017 -2044.22 -2381.897 -2708.435 394.745 663.757 414.581 59.509 4.73 -348.511 -706.787 618 600 909 29.06 31.99 56 10 2408 1 034
6032713 7497 2025/12/25 18:42:39 P13 73.74 25.22 0 8.35 39.32 962.92 985.34 328.827 545.654 3720.398 311.584 454.712 643.311 428.162 -50.201 -9.613 60.425 -14.954 188.141 681.61 169.067 547.18 913.086 130.157 387.878 585.938 439.453 -5000 -0.916 -522.156 61.646 -15.259 13.885 277.71 67.444 370.178 712.433 71.411 -1419.373 339.203 64.392 20.599 18.005 50.659 2546.539 2501.221 2108.459 1731.11 1374.207 1008.911 653.992 175.018 3.052 33.722 68.359 5.188 -335.846 -679.779 -1021.271 -1364.441 -1705.627 -2044.22 -2382.812 -2707.672 391.388 657.349 416.26 57.22 5.493 -352.02 -708.313 625 600 911 29.09 31.91 56 10 2408 1 034
6032714 7497 2025/12/25 18:42:40 P13 73.87 25.25 0 8.29 39.14 962.92 985.33 324.097 546.722 3721.008 312.195 455.322 643.463 428.314 -83.008 -14.801 98.724 -15.411 189.819 677.185 168.457 546.57 912.476 130.768 388.489 585.175 438.232 -5000 -1.526 -525.818 -12.817 -15.259 14.801 277.557 65.613 371.246 711.975 101.776 -1420.898 339.508 64.24 16.174 19.379 49.896 2548.523 2502.136 2115.479 1743.774 1387.939 1026.154 667.572 175.629 3.357 43.64 68.665 1.984 -330.048 -673.676 -1012.878 -1356.354 -1696.32 -2035.675 -2371.216 -2696.991 393.066 663.147 415.497 62.714 4.425 -348.816 -699.615 617 600 911 29.1 31.93 56 10 2408 1 034
6032715 7497 2025/12/25 18:42:41 P13 73.87 25.22 0 8.29 39.32 962.92 985.36 321.808 545.654 3719.482 309.601 455.475 645.599 428.314 115.509 6.714 86.823 -16.022 187.988 681 170.288 547.18 911.713 130.615 387.573 583.954 439.301 -5000 -10.529 -524.902 -5.188 -15.869 15.717 277.557 66.223 370.178 711.365 98.724 -1419.22 340.576 65.613 17.548 16.174 49.744 2546.997 2500.61 2114.563 1739.349 1382.904 1018.066 659.485 173.035 0 35.706 69.427 2.136 -329.742 -673.981 -1013.489 -1357.422 -1698.456 -2038.269 -2374.725 -2701.416 393.219 661.621 414.429 61.34 3.204 -346.527 -702.667 627 600 913 29.06 31.88 56 10 2408 1 034
6032716 7497 2025/12/25 18:42:42 P13 73.87 25.23 0 8.25 39.26 962.9 985.36 323.944 545.197 3720.398 309.601 454.559 645.447 428.314 6.104 -15.106 107.574 -16.327 187.988 682.22 175.781 547.028 913.849 130.463 388.031 586.09 438.385 -5000 -6.409 -527.191 40.131 -15.869 14.801 277.71 66.681 369.873 708.466 89.722 -1423.035 340.729 68.207 14.191 13.123 50.812 2543.03 2500 2111.359 1729.431 1373.749 1007.385 651.855 169.83 3.967 39.825 66.833 6.256 -334.778 -678.864 -1019.44 -1363.525 -1703.491 -2044.067 -2382.507 -2707.825 393.372 660.095 416.718 60.272 3.967 -346.985 -705.566 621 600 913 29.12 31.95 56 10 2408 1 034
6032717 7497 2025/12/25 18:42:43 P13 73.88 25.27 0 8.32 39.3 962.91 985.32 319.214 545.807 3721.466 314.178 454.102 640.106 427.856 11.902 -19.531 82.092 -16.327 188.751 680.695 174.408 546.875 914.001 130.005 388.336 583.954 438.843 -5000 -5.341 -525.055 11.292 -14.343 15.411 277.863 67.749 371.399 709.686 106.049 -1419.22 338.898 66.528 15.411 17.548 51.422 2543.488 2499.542 2108.612 1731.72 1374.969 1009.827 655.518 170.441 1.984 26.093 68.359 4.578 -337.524 -682.373 -1022.339 -1365.509 -1705.475 -2044.678 -2383.423 -2706.146 392.609 659.79 415.497 58.899 4.272 -352.478 -709.686 624 600 915 29.13 31.94 56 10 2408 1 034
6032718 7497 2025/12/25 18:42:44 P13 73.88 25.29 0 8.25 39.27 962.93 985.35 321.503 546.722 3719.482 312.5 455.627 640.411 428.009 32.196 -30.212 80.719 -15.259 190.735 682.831 173.492 546.265 912.323 130.157 388.641 584.564 438.08 -5000 11.749 -526.581 58.136 -14.648 14.191 277.863 66.528 371.857 707.245 97.961 -1422.119 339.355 64.545 19.379 19.073 49.438 2547.302 2500.61 2115.326 1742.706 1387.329 1024.17 668.182 174.255 2.747 15.717 68.207 3.204 -329.59 -671.844 -1011.658 -1354.828 -1695.099 -2034.149 -2369.537 -2696.686 395.203 666.809 415.344 62.866 6.714 -345.459 -700.378 624 600 915 29.13 31.94 56 10 2408 1 034
6032719 7497 2025/12/25 18:42:45 P13 73.95 25.25 0 8.44 39.27 962.91 985.33 325.47 545.197 3719.635 311.584 456.543 645.294 428.772 -12.512 -52.49 76.904 -16.327 189.514 681.152 178.375 547.333 914.612 129.395 388.031 584.564 438.843 -5000 3.357 -523.834 45.929 -16.327 14.191 277.557 67.444 369.568 699.768 104.98 -1420.898 339.661 64.24 21.057 20.752 50.659 2543.335 2501.373 2113.647 1739.197 1381.226 1017.914 659.332 173.492 0.153 24.567 68.054 0.305 -332.031 -675.964 -1015.778 -1358.49 -1698.608 -2038.727 -2375.946 -2702.637 394.287 662.537 415.497 61.188 5.951 -348.663 -702.362 618 595 916 29.12 32.11 56 10 2408 1 034
6032720 7497 2025/12/25 18:42:46 P13 73.79 25.27 0 8.25 39.39 962.91 985.34 325.623 546.875 3719.635 310.059 455.475 643.311 428.314 -8.24 -25.635 66.376 -14.648 189.667 682.983 174.866 547.333 913.849 130.463 387.573 583.191 438.843 -5000 2.747 -518.951 14.801 -15.411 14.343 277.557 66.071 370.178 706.482 104.065 -1419.525 339.661 65.002 20.142 20.447 50.354 2548.981 2500.61 2109.375 1730.499 1369.781 1004.181 646.057 172.729 2.136 33.569 66.528 7.629 -331.726 -678.711 -1019.135 -1363.983 -1705.017 -2045.746 -2384.949 -2709.961 393.372 658.569 416.26 58.136 5.341 -352.173 -717.468 621 595 917 29.12 31.98 56 10 2408 1 034
6032721 7497 2025/12/25 18:42:47 P13 73.87 25.15 0 8.12 39.4 962.91 985.34 323.639 546.265 3720.398 312.042 454.407 643.311 428.009 68.817 -29.144 97.809 -15.564 189.972 676.88 177.612 546.265 913.696 129.7 388.794 583.496 438.843 -5000 -2.136 -517.12 55.695 -16.479 14.648 278.015 68.665 372.162 704.651 102.997 -1417.847 339.203 65.155 16.174 18.311 50.201 2543.182 2499.39 2118.683 1747.131 1393.127 1031.494 674.133 170.441 4.578 15.259 66.223 5.951 -330.048 -674.744 -1011.81 -1355.743 -1694.794 -2032.318 -2368.164 -2692.566 393.982 659.79 414.124 61.646 4.883 -347.137 -699.158 621 600 917 29.09 31.9 56 10 2408 1 034
6032722 7497 2025/12/25 18:42:48 P13 73.94 25.36 0 8.31 39.46 962.9 985.35 321.045 546.265 3719.482 311.432 454.407 641.327 428.162 83.008 6.256 115.509 -15.717 189.972 681.152 175.781 547.028 914.307 129.242 388.031 583.801 438.69 -5000 -0.763 -519.562 33.569 -15.717 14.191 278.015 68.512 372.467 706.329 97.198 -1420.593 339.05 65.155 17.7 21.21 49.591 2545.319 2500.458 2114.563 1741.18 1386.414 1023.56 666.351 174.103 0.916 28.229 68.512 2.747 -331.268 -674.438 -1014.252 -1356.506 -1697.083 -2036.133 -2373.352 -2699.585 394.135 659.79 419.006 61.34 3.967 -345.917 -700.378 627 595 917 29.08 31.98 55 10 2408 1 034
6032723 7497 2025/12/25 18:42:49 P13 73.82 25.25 0 8.34 39.38 958.23 985.34 323.181 545.807 3718.872 310.211 455.475 642.7 428.009 -48.523 -15.411 79.651 -16.174 187.988 680.389 177.002 546.722 914.001 128.479 387.878 583.038 438.232 -5000 5.493 -519.562 44.708 -14.954 16.479 278.015 66.986 370.331 704.041 95.825 -1421.814 339.355 66.528 15.564 16.479 50.049 2543.945 2501.831 2112.885 1737.823 1377.563 1013.031 654.907 179.901 4.425 25.33 68.512 2.747 -333.099 -679.474 -1020.05 -1365.204 -1707.001 -2046.661 -2383.881 -2709.961 393.829 661.926 415.649 60.425 5.798 -348.969 -704.041 620 595 918 29.09 32 55 10 2408 1 034
6032724 7497 2025/12/25 18:42:50 P13 73.95 25.2 0 8.22 39.32 958.22 985.32 326.843 545.502 3719.33 310.669 455.17 645.142 427.856 -59.662 -8.392 97.656 -16.327 188.599 682.678 177.612 546.265 910.339 129.547 387.421 584.412 440.063 -5000 2.136 -516.357 -3.815 -17.548 13.58 277.71 68.97 369.568 702.515 79.651 -1422.424 339.05 64.697 22.278 17.853 50.964 2545.013 2501.678 2109.68 1728.058 1371.002 1003.876 646.362 177.002 1.373 26.55 68.054 2.594 -333.099 -679.626 -1019.745 -1364.899 -1705.475 -2045.898 -2385.559 -2708.74 394.745 663.605 415.955 58.594 6.866 -352.783 -709.076 624 595 918 29.1 32.03 55 10 2408 1 034
6032725 7497 2025/12/25 18:42:51 P13 74.01 25.29 0 8.15 39.31 958.22 985.34 324.097 546.722 3718.719 311.127 455.322 642.242 428.619 7.935 -45.624 79.346 -15.411 188.599 684.204 180.817 546.722 914.001 129.7 387.421 583.496 440.063 -5000 4.578 -522.614 21.21 -14.954 16.022 277.71 67.139 370.178 696.564 90.942 -1420.898 338.745 63.782 20.905 18.768 50.507 2547.76 2501.221 2115.173 1743.774 1388.855 1027.527 669.708 170.898 1.831 19.226 66.528 5.035 -330.048 -673.828 -1011.2 -1355.743 -1694.641 -2033.539 -2367.859 -2695.312 395.05 657.959 423.126 61.798 6.561 -345.764 -699.158 620 595 918 29.08 32.03 55 10 2408 1 034
6032726 7497 2025/12/25 18:42:52 P13 73.91 25.22 0 8.31 39.25 958.24 985.32 323.486 545.197 3718.872 311.584 455.17 639.038 427.856 5.341 -18.768 87.585 -16.632 190.735 681.305 179.901 547.028 913.696 129.089 387.268 582.886 438.843 -5000 -8.087 -522.614 51.27 -16.327 14.191 277.71 67.902 369.415 697.632 93.384 -1418.915 339.203 64.545 21.21 16.479 50.354 2543.488 2501.526 2114.868 1742.249 1386.871 1023.102 665.131 170.746 3.815 17.242 69.427 8.545 -329.59 -673.37 -1012.573 -1355.591 -1695.709 -2035.37 -2372.284 -2699.585 397.949 659.79 416.107 62.561 7.324 -345.764 -702.82 625 595 918 29.09 31.9 55 10 2408 1 034
6032727 7497 2025/12/25 18:42:53 P13 73.97 25.2 0 8.41 39.25 958.27 985.31 322.113 545.959 3717.651 312.347 455.17 643.921 428.009 71.716 -7.324 77.667 -16.479 189.056 680.084 177.46 546.57 912.018 129.547 387.421 582.275 439.453 -5000 2.441 -522.156 19.379 -16.022 15.717 278.32 66.376 371.246 701.294 113.22 -1419.678 338.135 66.833 20.294 11.597 50.049 2547.76 2500.916 2110.748 1734.161 1374.512 1009.216 652.466 168.915 4.12 27.771 68.512 7.019 -334.015 -678.253 -1018.829 -1362.457 -1703.644 -2042.847 -2381.287 -2707.062 394.135 657.196 416.107 59.357 3.052 -351.257 -709.229 625 595 918 29.09 31.98 55 10 2408 1 034
6032728 7497 2025/12/25 18:42:54 P13 73.97 25.23 0 8.19 39.4 958.27 985.32 320.435 545.349 3717.194 310.974 455.017 644.226 427.856 74.463 15.411 92.163 -16.327 189.056 681.458 182.648 546.722 914.154 129.852 387.421 583.496 440.063 -5000 10.223 -523.834 8.087 -16.174 15.259 277.71 66.223 369.873 693.97 88.654 -1416.779 339.05 64.392 19.989 17.395 50.507 2541.809 2500.916 2114.868 1743.622 1389.313 1027.832 671.539 170.593 4.883 35.706 67.596 6.409 -332.642 -676.422 -1014.099 -1355.896 -1695.251 -2033.234 -2369.69 -2693.481 392.914 656.891 416.412 59.204 4.578 -347.29 -700.684 625 595 918 29.09 31.98 55 10 2408 1 034
6032729 7497 2025/12/25 18:42:55 P13 73.95 25.23 0 8.41 39.4 958.24 985.32 325.012 546.112 3717.346 313.568 455.627 638.123 428.009 -31.281 2.136 67.902 -16.479 190.43 682.678 178.833 547.333 910.797 129.395 387.421 582.886 439.453 -5000 3.052 -523.529 15.717 -14.954 15.564 277.252 67.749 370.636 699.005 103.149 -1415.253 338.898 66.223 19.379 13.275 49.744 2548.676 2501.678 2114.258 1740.875 1386.414 1025.238 667.267 170.135 5.035 12.054 69.122 5.798 -329.59 -672.76 -1011.81 -1354.218 -1694.641 -2033.844 -2370.148 -2695.312 393.372 657.043 416.26 60.73 3.204 -347.9 -700.378 625 595 916 29.12 32 55 10 2408 1 034
6032730 7497 2025/12/25 18:42:56 P13 73.88 25.29 0 8.31 39.32 958.23 985.33 326.08 547.028 3717.041 313.416 455.322 642.09 428.009 -12.97 -8.392 71.411 -15.106 190.277 682.068 181.58 546.112 915.222 129.242 387.726 581.97 438.538 -5000 -0.458 -516.815 64.087 -15.717 14.038 278.625 68.054 371.399 698.395 107.422 -1416.931 338.593 63.629 18.463 11.597 49.591 2546.234 2501.526 2114.105 1738.892 1378.784 1015.32 657.349 166.626 1.068 25.94 67.139 5.493 -332.642 -677.338 -1016.846 -1361.237 -1701.508 -2042.542 -2379.303 -2704.01 393.219 659.18 415.192 60.425 4.272 -352.783 -703.125 618 595 916 29.1 31.93 55 10 2408 1 034
6032731 7497 2025/12/25 18:42:57 P13 74.02 25.25 0 8.22 39.26 958.25 985.34 320.74 547.485 3718.262 316.01 455.322 642.09 428.009 -81.177 16.174 75.378 -16.022 191.04 681.763 180.359 547.333 913.696 128.784 387.421 583.038 438.232 -5000 2.747 -516.663 39.215 -14.496 14.343 278.015 68.665 370.331 698.853 90.942 -1416.321 338.593 64.24 18.768 7.935 49.896 2545.624 2502.441 2108.154 1728.973 1371.765 1004.028 648.956 169.678 0 28.992 69.58 3.815 -333.862 -679.626 -1019.592 -1363.983 -1704.865 -2045.288 -2384.949 -2708.893 393.066 659.027 415.955 54.321 4.883 -350.494 -708.618 615 595 914 29.09 31.9 55 10 2408 1 034
6032732 7497 2025/12/25 18:42:58 P13 73.89 25.33 0 8.31 39.21 958.28 985.34 319.214 545.959 3716.431 312.958 455.017 641.479 428.162 5.798 -35.4 48.218 -14.954 188.751 682.068 183.563 546.875 914.459 129.395 387.726 581.36 438.843 -5000 -2.899 -516.205 10.834 -15.869 14.343 277.863 67.596 369.263 695.801 110.474 -1417.542 339.203 65.002 25.482 7.324 50.659 2542.877 2500.763 2117.767 1745.911 1390.381 1029.358 673.065 168.304 4.73 27.924 66.376 6.409 -332.794 -677.643 -1013.947 -1356.812 -1696.167 -2033.997 -2369.995 -2696.228 393.372 656.433 416.718 61.951 5.188 -346.832 -700.226 625 595 914 29.06 31.94 55 10 2408 1 034
6032733 7497 2025/12/25 18:42:59 P13 73.95 25.26 0 8.08 39.31 958.24 985.33 322.113 547.485 3716.278 309.906 455.322 646.057 427.856 -23.956 -35.706 79.803 -14.496 188.751 682.983 182.648 545.807 914.307 129.395 386.963 581.818 438.385 -5000 1.678 -517.12 -75.378 -16.479 14.954 277.71 66.681 369.415 694.122 88.501 -1416.321 338.593 66.071 22.888 9.766 50.049 2545.929 2500.916 2113.647 1737.976 1380.92 1016.998 657.196 168.61 1.526 32.654 67.291 6.714 -333.71 -676.88 -1015.472 -1359.558 -1698.761 -2038.269 -2376.862 -2702.179 396.118 656.281 417.175 61.493 3.815 -348.053 -703.125 623 590 912 29.1 32.01 55 10 2408 1 034
6032734 7497 2025/12/25 18:43:00 P13 73.98 25.37 0 8.25 39.42 958.26 985.33 323.029 546.875 3717.194 308.685 454.712 644.684 427.856 -7.935 9.613 82.245 -16.022 188.293 677.795 184.021 546.57 913.086 129.547 387.421 583.191 440.063 -5000 -7.629 -511.932 35.706 -15.869 16.022 278.015 67.596 370.331 695.343 96.13 -1414.795 338.44 64.392 21.057 18.463 50.049 2547.76 2502.441 2111.053 1732.483 1373.291 1005.859 649.567 170.898 0.763 50.507 69.275 2.441 -332.642 -676.575 -1018.219 -1361.084 -1702.728 -2042.847 -2381.744 -2707.062 393.677 659.18 416.87 59.814 5.646 -349.426 -705.261 625 595 912 29.1 31.93 55 10 2408 1 034
6032735 7497 2025/12/25 18:43:01 P13 73.95 25.38 0 8.2 39.4 958.23 985.32 326.233 545.807 3717.346 311.279 455.17 645.294 428.162 -27.161 4.578 82.397 -16.327 189.056 683.594 184.326 547.18 913.849 127.563 387.115 581.512 440.063 -5000 -1.678 -514.069 34.027 -17.395 14.801 278.015 68.054 368.652 694.427 112.305 -1420.441 338.44 65.46 23.651 15.259 49.438 2545.166 2501.678 2110.291 1734.009 1377.563 1013.336 657.806 170.441 -0.305 30.212 67.139 4.883 -335.388 -679.932 -1019.44 -1362.305 -1703.644 -2042.694 -2379.913 -2705.841 393.677 658.112 415.192 57.831 3.052 -350.8 -708.008 619 590 910 29.12 31.93 55 10 2408 1 034
6032736 7497 2025/12/25 18:43:02 P13 73.95 25.2 0 8.22 39.33 958.26 985.33 320.74 546.265 3715.057 309.448 454.865 645.752 428.467 0.763 -23.804 57.678 -16.632 188.141 682.373 185.547 546.57 914.459 129.395 386.658 582.275 438.08 -5000 9.155 -512.695 15.106 -16.327 15.411 277.863 66.986 369.568 694.122 110.016 -1417.236 339.355 66.528 18.463 15.259 50.201 2541.046 2501.373 2114.868 1741.18 1388.55 1025.543 667.419 166.168 0.305 30.365 68.359 4.272 -331.879 -676.27 -1015.93 -1359.863 -1696.777 -2037.506 -2374.878 -2700.958 393.829 656.738 415.039 62.408 4.73 -344.086 -699.463 625 585 910 29.09 31.96 55 10 2408 1 034
6032737 7497 2025/12/25 18:43:03 P13 73.98 25.33 0 8.15 39.33 958.23 985.33 321.045 546.265 3715.057 310.211 456.238 645.599 428.162 50.812 -14.801 71.106 -15.259 188.599 682.983 183.105 546.57 913.391 129.089 386.2 580.902 439.453 -5000 0.61 -509.949 -17.853 -15.564 14.954 277.405 66.528 369.263 694.122 84.381 -1416.168 340.118 65.155 20.905 12.97 49.896 2546.387 2501.984 2112.274 1735.229 1377.716 1012.268 655.67 166.626 4.272 28.229 68.054 7.324 -331.573 -675.354 -1016.235 -1361.237 -1701.05 -2040.863 -2379.15 -2705.078 394.745 655.365 415.955 59.662 4.272 -352.631 -707.855 620 585 908 29.08 32.01 55 10 2408 1 034
6032738 7497 2025/12/25 18:43:04 P13 73.95 25.33 0 8.32 39.26 958.25 985.31 323.029 546.57 3715.21 311.432 455.17 646.21 428.314 -2.747 -6.714 79.803 -16.785 188.599 682.983 186.462 545.807 914.307 128.784 387.115 581.818 438.232 -5000 -3.815 -509.338 -41.656 -16.022 15.106 278.015 67.902 369.873 686.951 96.588 -1416.626 338.44 65.46 22.583 22.736 49.591 2543.793 2500 2108.002 1729.889 1369.934 1004.639 649.414 166.168 1.373 26.093 66.528 5.188 -333.405 -681 -1021.423 -1366.73 -1707.306 -2046.814 -2385.712 -2709.503 393.524 656.281 415.802 57.831 5.798 -354.004 -712.128 625 585 907 29.15 32.02 55 10 2408 1 034
6032739 7497 2025/12/25 18:43:05 P13 73.97 25.27 0 8.17 39.38 958.23 985.32 325.012 546.875 3714.905 312.958 455.17 642.09 427.856 -109.253 -6.409 74.615 -16.785 188.141 681.458 184.784 545.654 913.391 128.937 386.81 581.207 439.148 -5000 6.104 -509.338 -15.717 -13.275 13.885 278.015 67.291 369.415 691.528 89.111 -1416.321 338.44 64.24 17.395 20.752 50.354 2546.997 2501.678 2113.495 1736.908 1382.294 1018.372 661.621 168.61 3.204 17.7 68.817 6.104 -333.557 -676.27 -1015.015 -1357.574 -1697.388 -2035.828 -2374.573 -2698.212 395.05 655.365 416.107 64.087 3.204 -347.137 -704.193 625 585 907 29.15 32.02 55 10 2408 1 034
6032740 7497 2025/12/25 18:43:06 P13 73.97 25.26 0 8.17 39.41 958.25 985.32 319.824 547.028 3713.074 311.432 455.475 641.785 427.856 -48.523 -26.093 72.327 -15.259 188.751 680.237 186.768 545.807 912.476 128.174 387.878 582.275 437.927 -5000 -4.12 -509.949 50.201 -14.954 14.038 278.015 68.512 369.11 690.765 85.754 -1415.405 337.982 64.392 22.736 22.278 50.812 2545.166 2501.526 2116.241 1739.655 1383.82 1018.524 659.18 170.746 2.136 39.062 68.359 2.899 -331.421 -676.27 -1014.557 -1358.948 -1699.219 -2038.116 -2377.167 -2700.806 391.846 659.79 416.718 61.34 7.324 -349.121 -702.667 620 585 904 29.1 31.95 55 10 2408 1 034
6032741 7497 2025/12/25 18:43:07 P13 73.91 25.25 0 8.22 39.31 958.25 985.3 322.113 546.57 3713.989 311.89 454.712 644.379 427.399 -17.09 -28.687 79.041 -17.395 189.209 683.594 184.631 546.417 913.239 128.937 387.268 582.123 438.843 -5000 -0.61 -514.832 46.844 -14.343 15.259 278.32 67.291 370.178 689.697 76.752 -1416.016 337.982 65.308 20.294 19.684 49.591 2548.828 2501.984 2107.849 1729.584 1369.629 1004.181 647.583 170.441 3.357 18.311 68.665 3.662 -333.862 -679.932 -1021.576 -1365.509 -1707.306 -2046.661 -2384.644 -2710.571 395.203 657.806 416.26 59.967 6.104 -350.037 -709.229 615 575 904 29.09 31.96 55 10 2408 1 034
6032742 7497 2025/12/25 18:43:08 P13 73.98 25.29 0 8.05 39.28 958.27 985.32 323.486 546.265 3712.921 312.195 454.407 644.836 428.772 94.452 -3.357 59.509 -16.327 189.056 681.61 187.378 545.654 914.917 129.089 387.421 581.207 438.232 -5000 -1.526 -510.712 4.578 -16.632 15.869 277.405 66.833 369.415 689.087 93.231 -1415.558 338.287 64.85 20.142 21.057 50.201 2542.267 2501.831 2112.122 1736.298 1380.005 1017.303 661.469 168.61 1.526 16.022 67.139 5.035 -334.32 -682.678 -1019.745 -1363.22 -1703.186 -2041.626 -2379.15 -2703.4 393.677 657.349 416.87 58.899 3.662 -350.342 -705.872 626 580 902 29.13 31.85 55 10 2408 1 034
6032743 7497 2025/12/25 18:43:09 P13 73.98 25.34 0 8.24 39.38 958.24 985.34 321.808 547.485 3714.6 310.822 456.085 640.717 427.551 -13.123 -31.281 65.918 -15.564 190.277 682.983 185.394 546.417 914.764 128.326 386.505 579.987 437.927 -5000 0.458 -510.254 3.51 -15.259 14.343 278.015 66.681 370.331 690.002 92.468 -1415.253 338.287 65.155 17.853 22.43 50.507 2548.523 2502.594 2111.969 1738.434 1384.277 1019.745 665.436 168.61 -1.068 22.583 68.207 5.188 -333.405 -678.558 -1016.693 -1360.168 -1699.066 -2037.506 -2373.505 -2698.517 394.592 654.449 415.955 59.967 2.899 -349.426 -704.498 622 575 902 29.05 31.93 55 10 2408 1 034
6032744 7497 2025/12/25 18:43:10 P13 73.98 25.3 0 8.1 39.4 958.24 985.34 323.792 547.485 3714.294 311.432 454.712 646.515 428.162 60.883 4.272 78.735 -14.343 189.819 682.678 185.242 546.112 911.56 128.632 386.658 580.292 438.843 -5000 -7.324 -510.864 -2.441 -16.174 14.343 277.71 67.596 367.889 686.951 99.792 -1413.574 337.83 65.155 20.142 26.093 50.659 2544.708 2500.763 2113.037 1736.603 1377.258 1011.047 653.076 169.983 1.678 31.128 66.833 4.12 -332.336 -677.185 -1016.693 -1360.626 -1701.508 -2040.863 -2379.15 -2706.146 394.897 655.975 416.412 59.814 4.883 -348.206 -704.651 625 580 898 29.08 31.96 55 10 2408 1 034
6032745 7497 2025/12/25 18:43:11 P13 74.04 25.26 0 8.34 39.33 958.25 985.33 324.707 547.943 3714.6 309.601 456.238 645.142 427.856 115.509 7.324 86.823 -14.343 187.836 677.795 185.242 545.959 914.001 129.089 386.658 579.681 438.995 -5000 -7.019 -508.575 -12.665 -16.479 14.038 278.473 68.512 368.195 686.188 104.675 -1415.558 338.745 64.392 16.479 17.548 49.896 2546.692 2501.526 2108.459 1728.668 1372.07 1005.554 651.855 167.542 0.61 42.572 67.902 3.662 -334.625 -682.068 -1022.339 -1367.645 -1709.442 -2048.492 -2387.695 -2711.182 392.303 653.381 415.039 57.22 4.12 -352.02 -708.923 617 580 898 29.02 31.94 55 10 2408 1 034
6032746 7497 2025/12/25 18:43:12 P13 73.95 25.3 0 8.29 39.3 958.23 985.34 320.435 546.57 3709.564 310.822 454.865 646.973 428.314 -140.228 -14.801 82.855 -15.717 190.277 681.152 186.157 545.349 914.917 128.021 387.268 579.987 438.08 -5000 -7.629 -509.796 46.844 -16.785 16.022 277.863 68.359 370.178 686.493 120.392 -1416.626 338.135 67.291 21.362 17.242 49.744 2541.351 2499.847 2114.868 1736.908 1383.209 1019.897 664.215 171.661 0.61 24.719 67.749 1.373 -331.421 -677.338 -1017.151 -1361.542 -1701.965 -2040.558 -2377.777 -2702.179 394.592 660.4 415.039 60.12 6.866 -350.037 -700.226 626 570 895 29.08 31.98 55 10 2408 1 034
6032747 7497 2025/12/25 18:43:13 P13 74 25.25 0 8.34 39.37 958.25 985.34 323.486 547.18 3713.226 315.094 456.085 644.989 428.162 14.038 -13.275 98.724 -16.327 188.141 682.373 186.005 545.349 914.612 128.326 387.268 580.139 439.606 -5000 -1.373 -505.829 62.256 -17.548 14.343 277.71 68.359 368.652 682.22 96.13 -1416.473 337.83 63.477 18.768 16.174 50.507 2545.471 2499.695 2117.92 1744.843 1387.482 1020.66 665.131 170.441 0.763 34.79 67.444 4.12 -330.353 -675.201 -1013.336 -1356.506 -1697.54 -2036.285 -2375.031 -2701.416 394.44 655.823 414.124 61.188 4.883 -345.459 -700.378 618 570 894 29.08 31.88 55 10 2408 1 034
6032748 7497 2025/12/25 18:43:14 P13 74.01 25.3 0 8.32 39.25 958.24 985.34 327.148 545.959 3713.531 313.263 454.865 646.515 428.162 -50.049 -21.21 74.768 -15.564 189.209 682.526 186.157 545.502 915.527 127.563 386.658 580.444 438.843 -5000 4.578 -511.627 86.212 -16.785 14.496 277.557 68.359 368.652 680.542 88.196 -1415.405 337.982 65.155 20.142 22.43 49.896 2544.25 2500.61 2114.258 1732.483 1373.291 1007.385 649.719 168.152 3.662 13.123 66.833 6.561 -333.099 -679.321 -1019.592 -1362.152 -1704.865 -2044.067 -2384.338 -2709.351 395.508 655.212 417.633 60.883 6.104 -348.511 -706.482 626 570 894 29.09 32.06 55 10 2408 1 034
6032749 7497 2025/12/25 18:43:15 P13 74 25.19 0 8.31 39.38 958.25 985.33 323.944 546.722 3712.463 311.432 455.322 645.142 428.314 -88.348 -29.297 69.275 -16.632 188.751 680.237 184.784 545.349 913.086 128.479 386.963 579.681 439.301 -5000 6.104 -511.322 -38.91 -15.411 15.717 278.32 67.291 369.11 686.493 96.283 -1412.201 337.982 63.782 19.836 22.43 50.507 2544.25 2499.695 2110.443 1732.178 1373.138 1009.827 654.144 169.373 0.763 26.093 67.902 4.73 -336.304 -683.136 -1021.729 -1366.577 -1706.543 -2044.983 -2383.881 -2707.977 394.135 654.907 415.955 57.068 3.662 -351.257 -708.923 626 570 894 29.09 32.06 55 10 2408 1 034
6032750 7497 2025/12/25 18:43:16 P13 74 25.22 0 8.22 39.41 958.22 985.32 320.282 547.791 3708.496 311.127 454.407 642.242 428.467 -22.888 0 77.667 -15.259 190.43 682.068 184.784 545.044 914.764 128.479 386.658 578.918 438.232 -5000 -6.561 -510.864 19.073 -15.259 14.801 277.71 68.054 370.331 685.577 88.654 -1415.405 338.287 63.782 16.479 25.177 49.438 2545.319 2501.984 2112.732 1736.298 1380.768 1018.219 662.384 169.525 3.967 27.313 68.359 5.646 -331.726 -676.575 -1016.083 -1360.168 -1699.829 -2038.574 -2375.946 -2700.653 395.66 655.212 416.565 61.035 5.493 -351.562 -706.024 619 575 892 29.12 32.04 55 10 2408 1 034
6032751 7497 2025/12/25 18:43:17 P13 73.95 25.32 0 8.22 39.46 958.26 985.33 320.435 546.875 3712.616 314.941 454.712 646.362 428.009 3.662 -12.665 83.313 -16.022 191.04 681 185.699 546.265 914.459 128.174 386.81 578.461 437.622 -5000 0.305 -510.559 -3.967 -15.564 14.343 277.863 68.054 369.72 683.594 104.523 -1413.269 337.83 63.629 19.684 23.346 49.286 2542.267 2500.763 2112.885 1737.823 1381.531 1017.303 659.79 169.373 -0.916 29.297 70.19 3.357 -333.099 -676.727 -1016.083 -1360.168 -1699.982 -2040.863 -2378.693 -2704.468 394.44 655.06 414.124 61.188 5.798 -344.543 -701.141 616 565 892 29.05 31.89 55 10 2408 1 034
6032752 7497 2025/12/25 18:43:18 P13 74.02 25.32 0 8.29 39.42 958.24 985.32 321.808 546.112 3711.853 316.162 454.712 645.752 428.162 -60.425 11.139 94.91 -16.174 189.972 680.389 186.005 545.654 914.459 128.784 387.573 578.766 437.622 -5000 -1.678 -510.864 90.485 -16.479 14.496 278.168 67.444 369.568 680.542 77.057 -1412.811 337.372 65.002 17.395 22.583 50.354 2542.267 2500.458 2110.748 1731.873 1374.054 1006.775 651.855 166.168 3.204 14.954 67.444 4.883 -333.252 -679.016 -1019.135 -1362.915 -1704.559 -2043.304 -2382.05 -2707.062 393.372 652.618 416.565 58.746 5.188 -350.342 -707.703 626 570 893 29.05 31.96 55 10 2408 1 034
6032753 7497 2025/12/25 18:43:19 P13 73.97 25.29 0 8.19 39.39 958.24 985.33 322.876 546.875 3710.327 314.789 454.254 642.7 428.467 -13.275 -10.223 63.324 -15.411 188.751 681.458 186.768 546.57 914.764 127.869 387.115 577.85 437.622 -5000 -4.73 -512.085 56.458 -15.411 16.022 277.405 67.139 368.347 682.678 94.757 -1413.116 337.677 66.071 21.21 18.616 50.049 2543.793 2499.695 2109.68 1729.736 1372.986 1009.827 654.144 161.896 3.815 33.875 67.139 5.493 -336.609 -682.22 -1021.576 -1366.272 -1705.627 -2045.288 -2384.949 -2706.757 393.066 653.687 416.87 57.373 4.73 -352.631 -709.991 625 570 894 29.1 31.96 55 10 2408 1 034
6032754 7497 2025/12/25 18:43:20 P13 74.04 25.29 0 8.22 39.39 958.23 985.32 319.977 546.417 3710.938 317.993 454.254 644.684 427.856 68.665 -0.916 64.24 -16.327 188.599 681.763 186.31 544.891 914.764 126.495 386.658 579.071 438.232 -5000 -4.578 -509.186 33.264 -16.937 16.785 278.015 66.528 369.11 681.763 99.335 -1411.591 338.135 63.934 18.616 15.564 50.354 2541.199 2501.526 2112.427 1737.518 1381.073 1018.829 662.689 167.236 3.967 21.362 69.122 5.798 -331.268 -677.185 -1017.761 -1361.237 -1700.439 -2039.337 -2376.251 -2701.416 393.829 652.466 414.734 59.204 6.409 -346.375 -695.19 620 570 894 29.09 31.98 55 10 2408 1 034
6032755 7497 2025/12/25 18:43:21 P13 73.98 25.33 0 8.22 39.35 958.24 985.33 322.418 547.485 3710.327 312.195 455.475 640.564 428.467 37.231 -10.223 57.983 -15.564 190.125 682.678 185.242 545.197 909.576 128.021 386.2 578.308 437.775 -5000 1.221 -507.66 8.087 -15.259 14.038 277.863 66.986 369.11 682.831 107.422 -1412.811 337.83 63.782 19.226 18.921 49.896 2548.676 2499.847 2113.495 1739.807 1381.226 1018.524 661.011 161.896 4.12 22.125 67.139 6.866 -332.184 -676.422 -1016.235 -1359.558 -1700.592 -2039.337 -2375.488 -2703.705 394.44 655.67 418.091 62.714 4.578 -348.053 -701.904 625 575 897 29.1 32.04 55 10 2408 1 034
6032756 7497 2025/12/25 18:43:22 P13 74 25.3 0 8.29 39.26 958.23 985.33 320.892 547.943 3706.97 314.636 455.017 643.158 428.162 -53.101 -20.905 74.921 -14.954 189.362 682.068 185.699 544.891 912.933 127.716 387.421 578.766 438.69 -5000 -6.561 -504.456 55.847 -15.259 14.038 278.168 67.749 369.568 679.321 111.237 -1415.558 336.761 64.087 18.005 12.665 49.438 2545.929 2501.831 2112.885 1733.093 1372.986 1006.012 650.024 161.133 5.493 23.651 68.817 6.714 -333.557 -678.101 -1022.949 -1365.051 -1705.17 -2044.373 -2383.881 -2707.672 393.372 652.466 417.48 59.509 3.357 -351.868 -709.534 620 565 897 29.1 31.98 55 10 2408 1 034
6032757 7497 2025/12/25 18:43:23 P13 74.04 25.37 0 8.22 39.39 958.25 985.33 321.045 546.417 3705.902 315.704 456.543 645.142 428.925 6.866 -23.346 94.452 -16.632 190.582 680.389 185.089 545.502 913.544 128.174 387.115 578.003 437.469 -5000 -0.61 -503.387 14.954 -16.327 13.733 277.405 66.833 367.432 679.016 77.362 -1414.642 338.44 65.46 16.785 10.986 51.117 2543.182 2499.847 2109.07 1730.194 1373.291 1007.843 653.076 164.337 4.578 11.444 67.444 6.256 -333.252 -679.016 -1020.05 -1363.831 -1705.78 -2044.983 -2382.355 -2707.52 394.592 653.839 417.175 58.594 5.035 -354.004 -711.67 626 565 900 29.1 31.88 55 10 2408 1 034
6032758 7497 2025/12/25 18:43:24 P13 73.98 25.33 0 8.15 39.29 958.24 985.33 319.824 547.18 3709.412 312.653 454.712 640.106 427.856 -28.076 -14.343 65.918 -15.717 187.988 683.136 185.394 544.739 914.001 128.784 387.421 578.461 436.707 -5000 -3.357 -503.235 7.324 -14.801 15.869 277.71 65.918 369.263 677.948 93.231 -1414.795 337.219 63.171 19.226 13.733 51.422 2547.607 2501.831 2112.427 1736.755 1380.768 1017.151 661.011 168.61 3.662 20.142 67.444 5.188 -332.336 -675.659 -1015.32 -1360.321 -1700.592 -2039.49 -2377.625 -2700.806 393.677 650.94 416.412 59.052 3.662 -348.511 -704.346 620 570 901 29.09 31.95 55 10 2408 1 034
6032759 7497 2025/12/25 18:43:25 P13 74.06 25.4 0 8.31 39.3 958.24 985.34 327.454 546.875 3708.038 313.416 454.865 643.005 427.856 18.921 -13.123 65.002 -16.327 187.988 682.22 185.394 545.502 913.696 128.784 384.979 577.698 439.453 -5000 -0.153 -502.167 61.798 -15.411 14.038 277.863 66.986 367.432 678.711 109.406 -1414.49 337.677 62.866 21.667 16.632 49.896 2547.15 2501.678 2112.274 1737.518 1381.073 1018.982 658.875 167.389 2.289 22.125 68.207 0 -330.505 -675.354 -1014.709 -1359.558 -1700.134 -2039.337 -2377.167 -2702.484 394.287 656.281 416.26 63.019 8.087 -346.985 -700.684 626 570 901 29.12 31.95 55 10 2408 1 034
6032760 7497 2025/12/25 18:43:26 P13 73.95 25.26 0 8.29 39.33 958.26 985.34 321.045 545.959 3709.717 314.178 453.796 645.142 427.856 129.395 -14.648 63.934 -16.022 188.751 682.526 185.242 545.197 915.222 127.869 386.047 578.156 438.385 -5000 2.747 -501.862 41.199 -16.632 14.038 277.71 65.918 368.195 678.101 88.654 -1416.779 337.219 66.681 19.836 14.343 51.117 2542.419 2502.441 2111.359 1734.467 1375.58 1009.674 655.06 166.321 0.458 27.924 66.986 4.425 -331.421 -677.185 -1016.846 -1361.389 -1702.271 -2041.931 -2379.456 -2706.909 393.219 652.618 415.955 58.136 3.052 -347.9 -705.719 626 570 901 29.12 31.95 55 10 2408 1 034
6032761 7497 2025/12/25 18:43:27 P13 73.87 25.22 0 8.17 39.33 958.22 985.32 320.587 547.333 3708.496 315.704 454.712 637.36 428.009 -61.188 -2.441 68.97 -17.395 187.988 680.084 185.547 544.586 908.661 128.021 387.268 577.698 438.232 -5000 -5.188 -503.235 34.18 -14.801 14.801 278.168 66.528 367.737 677.795 77.667 -1414.032 336.761 64.545 18.311 15.411 50.659 2545.471 2501.373 2109.68 1731.262 1372.833 1006.47 645.599 167.999 3.204 31.281 66.681 4.272 -336.914 -681.915 -1022.339 -1365.967 -1706.085 -2045.746 -2385.101 -2707.825 393.219 651.55 416.412 56.152 4.73 -349.274 -709.534 627 560 901 29.09 31.95 55 10 2408 1 034
6032762 7497 2025/12/25 18:43:28 P13 74.04 25.29 0 8.2 39.37 958.23 985.32 322.266 547.943 3708.954 313.568 455.322 642.853 428.772 -86.67 -6.866 74.463 -14.343 188.141 682.068 187.225 544.281 914.307 128.174 386.963 578.156 438.538 -5000 4.578 -500.793 48.676 -16.327 14.038 278.168 68.207 367.889 676.727 99.792 -1417.999 336.914 65.46 20.142 17.548 50.507 2546.997 2501.984 2118.225 1745.453 1391.296 1030.273 670.624 167.847 4.272 19.226 68.359 4.425 -331.116 -673.981 -1011.658 -1354.675 -1694.336 -2032.318 -2368.622 -2694.244 393.982 653.992 417.938 63.934 5.035 -345.001 -698.09 629 565 901 29.12 32.03 55 10 2408 1 034
6032763 7497 2025/12/25 18:43:29 P13 73.97 25.22 0 8.22 39.4 958.21 985.31 319.519 546.265 3701.935 310.822 453.644 643.921 428.619 -25.33 8.85 73.242 -16.174 189.362 682.373 185.089 544.739 914.917 127.563 386.81 577.087 437.622 -5000 1.678 -497.437 -21.057 -16.632 15.717 277.557 65.765 368.347 675.812 115.356 -1418.457 337.524 66.376 18.158 13.428 48.981 2541.809 2502.289 2115.021 1741.638 1384.583 1022.797 664.368 166.321 1.984 27.161 67.291 4.425 -331.573 -676.575 -1014.862 -1360.016 -1699.066 -2038.116 -2375.488 -2701.721 392.456 650.33 417.175 61.646 2.289 -348.358 -702.82 625 565 901 29.1 31.93 55 10 2408 1 034
6032764 7497 2025/12/25 18:43:30 P13 74 25.27 0 8.32 39.43 962.9 985.32 319.824 546.875 3707.733 313.416 455.017 645.752 428.009 7.935 -14.038 52.185 -16.632 188.599 680.542 185.394 544.434 912.476 128.174 387.115 575.867 437.775 -5000 7.629 -500.183 -43.03 -16.632 14.496 278.015 67.139 367.737 675.049 85.754 -1413.574 336.914 65.765 16.937 16.785 50.049 2543.793 2499.542 2111.511 1733.398 1374.359 1008.453 651.245 164.185 -1.068 25.635 68.054 3.204 -332.947 -677.795 -1017.761 -1361.237 -1702.271 -2041.473 -2381.287 -2706.909 392.609 651.093 415.955 59.052 3.815 -349.579 -706.482 620 565 901 29.1 32.01 55 10 2408 1 034
6032765 7497 2025/12/25 18:43:31 P13 74 25.33 0 8.32 39.35 962.87 985.32 324.707 547.028 3707.733 315.857 454.254 644.531 428.162 -44.25 -16.937 58.746 -16.937 189.514 681.305 183.411 544.128 914.459 127.869 386.2 576.63 437.317 -5000 4.12 -498.962 3.204 -16.632 15.411 277.863 66.833 367.279 673.218 94.91 -1413.116 336.914 63.629 17.7 13.428 47.913 2543.945 2500.305 2107.849 1728.516 1371.307 1005.859 653.992 164.795 3.51 36.926 68.207 6.866 -334.167 -680.084 -1020.203 -1365.051 -1705.627 -2045.135 -2384.033 -2707.214 393.829 651.855 415.955 58.594 5.035 -352.173 -710.754 625 570 902 29.09 32.03 55 10 2408 1 034
6032766 7497 2025/12/25 18:43:32 P13 73.94 25.26 0 8.37 39.37 962.89 985.33 322.876 547.333 3706.97 314.789 454.865 641.022 427.856 112.305 -31.586 58.899 -14.954 188.904 682.983 182.953 545.349 914.001 125.732 385.895 577.087 438.232 -5000 11.292 -500.336 39.978 -15.259 15.259 278.32 65.46 367.889 672.913 97.046 -1412.354 337.677 63.477 18.463 11.597 50.659 2547.302 2500.153 2117.004 1743.927 1390.533 1027.222 669.556 169.22 3.204 23.499 66.986 5.341 -330.353 -673.828 -1012.878 -1356.812 -1696.625 -2035.675 -2370.758 -2696.533 395.508 653.076 417.175 65.155 5.646 -343.781 -699.005 616 565 902 29.13 32.03 55 10 2408 1 034
6032767 7497 2025/12/25 18:43:33 P13 73.97 25.38 0 8.39 39.36 962.87 985.31 322.876 547.485 3707.123 315.399 454.254 644.684 427.704 -112.762 -11.597 66.071 -16.632 187.531 681.152 182.8 543.823 914.154 127.869 386.658 576.63 438.995 -5000 2.747 -502.167 39.673 -16.937 14.343 278.778 67.902 366.974 672.455 104.37 -1417.542 337.067 64.697 21.515 23.956 49.896 2545.624 2501.068 2115.326 1739.655 1384.277 1020.355 662.079 167.084 1.221 32.959 68.665 2.899 -328.979 -672.913 -1012.421 -1356.506 -1697.235 -2036.743 -2375.793 -2701.111 398.56 653.076 415.192 62.866 6.256 -346.069 -701.752 625 565 903 29.1 31.98 55 10 2408 1 034
6032768 7497 2025/12/25 18:43:34 P13 74 25.3 0 8.13 39.23 962.91 985.33 321.35 547.638 3706.97 312.958 455.17 643.158 427.704 15.259 -10.529 88.196 -14.648 190.43 682.831 183.258 544.281 915.07 127.411 386.047 576.477 437.775 -5000 -11.597 -500.488 43.335 -15.564 14.496 277.557 66.833 368.195 675.812 93.842 -1414.032 336.761 65.155 19.379 18.463 49.896 2549.133 2501.221 2109.985 1730.347 1372.375 1006.165 649.719 166.321 3.052 32.043 66.986 5.951 -331.726 -677.185 -1018.219 -1363.22 -1704.559 -2043.762 -2383.118 -2706.604 393.829 651.245 418.854 60.12 5.035 -352.325 -708.008 619 570 904 29.09 31.98 55 10 2408 1 034
6032769 7497 2025/12/25 18:43:35 P13 73.85 25.38 0 8.29 39.42 962.88 985.34 319.824 548.096 3705.902 312.195 453.949 646.362 428.314 -66.376 -25.024 94.604 -14.343 188.904 682.373 182.495 544.434 914.307 128.174 386.047 575.409 438.232 -5000 9.308 -502.319 -23.499 -16.479 13.733 278.32 67.139 367.584 674.133 86.517 -1414.032 337.219 65.002 21.515 14.343 48.676 2546.082 2501.221 2110.291 1732.178 1374.664 1009.216 654.297 164.642 0 26.855 67.444 4.12 -334.015 -680.237 -1020.355 -1363.373 -1703.949 -2042.236 -2381.897 -2704.315 393.677 652.313 417.023 56.305 4.12 -353.088 -699.768 625 570 904 29.06 31.98 55 10 2408 1 034
6032770 7497 2025/12/25 18:43:36 P13 73.92 25.34 0 8.22 39.33 962.91 985.33 319.519 546.722 3705.597 314.941 453.491 642.242 428.772 -34.637 -8.85 95.367 -14.801 188.141 681.458 183.716 544.434 915.68 127.563 386.81 575.256 437.012 -5000 -0.153 -499.878 2.747 -15.564 14.648 277.863 65.765 367.584 673.828 90.942 -1415.1 336.456 64.087 22.736 17.395 50.201 2544.098 2499.847 2115.936 1741.791 1387.177 1026.001 667.725 165.558 0 44.25 69.427 3.51 -326.08 -671.844 -1010.895 -1355.133 -1695.557 -2034.302 -2370.911 -2696.381 390.32 652.313 417.48 62.714 7.019 -344.696 -697.632 625 570 904 29.06 31.98 55 10 2408 1 034
6032771 7497 2025/12/25 18:43:37 P13 73.91 25.26 0 8.19 39.53 962.92 985.31 319.824 547.791 3704.987 317.993 454.865 638.733 427.856 19.836 4.883 97.198 -17.09 187.378 680.237 182.037 543.671 912.628 127.563 387.726 576.019 437.622 -5000 0.153 -500.641 63.171 -13.58 14.191 277.71 65.613 367.432 671.844 93.079 -1412.811 336.151 64.697 24.567 11.139 49.896 2546.844 2500 2113.647 1739.502 1381.226 1016.846 657.349 165.405 3.967 39.368 67.749 5.951 -331.879 -675.812 -1014.862 -1359.863 -1700.592 -2040.71 -2379.761 -2704.62 393.829 649.719 419.617 61.34 4.425 -347.595 -701.904 620 565 905 29.09 32.04 55 10 2408 1 034
6032772 7497 2025/12/25 18:43:38 P13 73.98 25.2 0 8.29 39.34 962.9 985.31 322.418 546.875 3698.273 316.62 454.407 645.142 427.856 -30.823 17.395 65.918 -16.937 189.209 681.458 181.274 543.671 912.476 127.106 386.2 576.782 437.317 -5000 4.883 -497.589 32.654 -16.785 14.648 277.71 64.697 366.364 671.539 90.637 -1412.354 336.761 65.155 16.785 14.648 50.659 2543.945 2501.526 2108.917 1727.6 1379.547 1005.707 647.125 166.626 -0.61 23.193 69.122 4.12 -334.32 -679.321 -1019.44 -1364.288 -1705.78 -2045.593 -2385.864 -2708.893 393.524 651.245 414.734 59.662 5.188 -349.121 -707.55 621 565 905 29.1 31.98 55 10 2408 1 034
6032773 7497 2025/12/25 18:43:39 P13 73.88 25.32 0 8.22 39.36 962.86 985.31 320.129 547.791 3705.444 312.805 453.186 641.174 428.925 67.139 4.578 60.12 -16.632 187.531 680.084 180.969 543.976 914.459 127.106 385.895 574.646 437.164 -5000 3.815 -496.979 28.381 -16.327 15.869 278.168 65.002 368.347 672.302 104.98 -1412.811 335.846 66.376 22.888 17.09 51.27 2544.403 2501.068 2113.19 1736.298 1380.92 1017.151 660.4 167.236 1.526 28.229 67.749 2.747 -331.879 -676.88 -1015.93 -1360.474 -1701.508 -2038.574 -2376.099 -2701.111 395.66 652.008 419.769 61.035 5.035 -348.816 -705.414 627 570 905 29.08 32.01 55 10 2408 1 034
6032774 7497 2025/12/25 18:43:40 P13 73.85 25.29 0 8.24 39.19 962.9 985.32 321.503 547.485 3703.766 315.399 455.475 639.801 428.772 21.515 11.444 86.975 -14.801 185.394 683.136 181.58 543.518 912.628 127.563 387.268 575.104 437.317 -5000 1.831 -494.843 -4.883 -14.496 13.885 278.625 65.613 367.737 669.25 80.261 -1413.422 336.609 63.782 20.294 23.346 50.812 2546.539 2500.305 2116.089 1742.706 1386.719 1022.949 664.215 164.49 0 18.005 67.749 3.204 -333.252 -677.643 -1015.472 -1359.711 -1699.066 -2038.116 -2375.336 -2701.263 392.609 651.398 417.48 62.256 3.052 -346.985 -700.836 621 570 905 29.09 31.98 55 10 2408 1 034
6032775 7497 2025/12/25 18:43:41 P13 73.85 25.26 0 8.25 39.24 962.85 985.32 320.129 546.57 3701.324 314.026 453.339 644.836 427.856 83.466 -2.136 79.498 -16.022 190.735 679.932 180.664 544.739 914.154 127.411 385.895 575.409 437.012 -5000 8.545 -492.096 -7.324 -16.632 14.038 277.1 66.528 368.195 668.335 92.926 -1419.373 336.914 64.697 22.583 20.599 50.354 2542.419 2501.831 2110.138 1733.551 1374.054 1007.996 650.94 163.727 3.815 35.706 69.733 5.341 -333.71 -680.389 -1020.966 -1363.373 -1704.102 -2043.457 -2381.439 -2707.52 395.355 651.093 419.159 61.34 6.561 -348.969 -704.041 626 575 905 29.06 32.01 55 10 2408 1 034
6032776 7497 2025/12/25 18:43:42 P13 73.89 25.37 0 8.25 39.28 962.91 985.31 319.824 547.333 3703.003 314.789 453.796 641.174 428.009 24.109 4.12 63.477 -15.717 187.988 681.152 181.427 543.976 913.086 127.563 385.437 573.883 439.148 -5000 5.646 -494.995 26.855 -16.327 14.954 277.405 65.613 366.669 670.776 100.708 -1413.574 337.372 65.613 20.142 20.294 50.354 2546.997 2501.221 2109.985 1732.941 1375.122 1011.963 656.738 162.811 3.662 27.008 69.427 5.188 -332.642 -678.406 -1018.829 -1363.373 -1705.17 -2043.457 -2382.66 -2706.451 393.982 651.245 416.107 58.746 5.341 -350.494 -706.635 621 570 905 29.13 31.97 56 10 2408 1 034
6032777 7497 2025/12/25 18:43:43 P13 73.89 25.32 0 8.31 39.28 962.91 985.34 323.181 548.248 3703.613 315.247 455.627 641.479 428.162 51.575 9.003 73.09 -15.717 186.768 682.526 180.359 543.518 913.239 127.106 385.895 574.341 437.317 -5000 7.477 -495.148 2.594 -15.411 14.191 277.71 65.155 366.974 667.267 100.708 -1416.321 336.456 63.324 22.125 19.073 50.964 2546.387 2500.458 2116.394 1741.638 1388.245 1028.137 670.166 164.642 2.899 34.332 66.376 5.493 -332.947 -676.27 -1014.099 -1358.185 -1697.845 -2036.591 -2375.031 -2699.28 393.372 649.872 416.412 65.765 6.561 -347.595 -701.447 627 570 905 29.13 32.03 56 10 2408 1 034
6032778 7497 2025/12/25 18:43:44 P13 73.88 25.32 0 8.2 39.28 962.88 985.33 319.214 547.333 3698.578 313.11 453.339 640.106 428.314 -94.147 0.61 77.972 -16.022 190.125 680.695 181.122 543.213 914.001 127.106 385.437 573.578 436.707 -5000 10.834 -493.469 50.659 -13.733 14.648 277.557 66.528 367.889 669.098 105.743 -1414.185 336.914 66.223 23.193 16.174 50.049 2545.776 2501.221 2111.053 1734.009 1376.19 1009.674 652.618 168.915 -1.068 48.523 69.122 3.967 -332.489 -677.032 -1016.998 -1360.931 -1701.355 -2042.084 -2379.913 -2705.383 394.135 650.177 415.649 61.798 3.967 -350.037 -706.635 618 575 906 29.1 32.08 56 10 2408 1 034
6032779 7497 2025/12/25 18:43:45 P13 73.87 25.32 0 8.37 39.34 962.91 985.32 323.181 548.859 3702.24 313.873 455.17 643.005 428.162 -153.809 -4.12 81.024 -15.717 189.514 682.373 179.596 543.365 913.086 127.563 385.742 574.188 435.944 -5000 5.035 -495.148 39.978 -15.717 14.343 278.32 65.155 367.737 664.368 99.64 -1412.354 336.304 65.155 15.869 9.613 49.591 2548.218 2501.831 2108.307 1732.33 1372.07 1007.996 653.687 165.558 2.747 28.381 68.665 6.104 -334.93 -681 -1024.323 -1365.356 -1705.627 -2043.762 -2382.965 -2705.536 393.524 649.567 417.786 61.035 7.019 -353.699 -709.229 626 575 906 29.09 31.95 56 10 2408 1 034
6032780 7497 2025/12/25 18:43:46 P13 73.82 25.36 0 8.37 39.4 962.89 985.32 321.35 546.57 3702.85 315.399 453.186 641.327 428.467 50.507 -43.182 77.972 -14.801 187.988 681.458 178.833 544.434 914.154 126.953 385.284 573.12 437.469 -5000 3.51 -494.843 59.814 -15.717 14.343 277.405 65.46 366.364 664.825 99.945 -1413.422 336.609 65.613 13.428 10.223 50.049 2543.03 2500.458 2112.579 1736.145 1382.446 1019.287 663.757 164.032 -0.763 30.975 70.343 4.272 -331.726 -683.899 -1019.745 -1361.694 -1699.524 -2038.269 -2374.725 -2698.517 393.982 650.177 414.581 61.035 5.646 -347.29 -702.362 619 575 906 29.03 31.94 56 10 2408 1 034
6032781 7497 2025/12/25 18:43:47 P13 73.79 25.38 0 8.39 39.43 962.93 985.32 323.029 548.553 3701.935 314.026 454.254 643.463 428.162 184.631 -41.809 95.673 -14.496 187.378 681.915 179.138 543.06 913.696 127.258 385.742 574.951 437.012 -5000 0.763 -493.317 41.504 -16.479 14.191 278.32 65.613 367.737 665.131 81.94 -1413.269 336.151 64.24 17.242 15.411 49.286 2547.607 2501.678 2112.427 1733.704 1375.122 1008.453 650.33 161.285 5.035 21.515 69.275 6.409 -330.658 -674.133 -1015.32 -1359.863 -1703.339 -2043.304 -2382.202 -2706.299 393.677 648.499 418.396 60.577 7.935 -350.342 -707.092 619 575 906 29.03 31.94 56 10 2408 1 034
6032782 7497 2025/12/25 18:43:48 P13 73.74 25.27 0 8.32 39.41 962.89 985.31 322.876 547.485 3700.867 313.11 453.796 639.648 427.856 11.139 -43.64 93.842 -16.632 187.531 681.305 178.833 542.755 912.323 127.258 384.979 574.799 436.859 -5000 -5.035 -492.554 58.441 -15.411 13.885 278.778 65.46 365.906 665.894 101.929 -1413.269 335.388 64.24 19.379 18.005 49.591 2546.082 2499.39 2110.596 1734.924 1377.411 1014.709 657.806 164.185 3.204 14.343 68.817 3.967 -330.811 -678.406 -1018.524 -1362.457 -1703.796 -2043.457 -2380.524 -2705.841 392.456 649.567 412.14 59.052 4.578 -350.494 -707.245 626 570 906 29.1 32.04 56 10 2408 1 034
6032783 7497 2025/12/25 18:43:49 P13 73.79 25.33 0 8.37 39.33 962.91 985.33 321.808 547.18 3701.019 314.331 454.407 637.97 428.009 9.766 -15.869 89.111 -14.343 188.599 682.526 178.07 543.06 913.086 127.258 385.437 573.578 436.707 -5000 7.477 -492.401 108.948 -15.106 14.496 277.71 64.24 367.737 663.605 88.348 -1411.591 336.151 66.376 18.005 18.463 50.507 2547.76 2499.695 2112.732 1739.502 1385.193 1020.813 666.962 166.626 -0.916 23.041 67.444 5.798 -334.167 -678.253 -1016.998 -1359.253 -1699.066 -2037.354 -2372.589 -2696.838 393.066 648.499 417.786 62.408 3.815 -347.29 -701.294 627 575 906 29.09 31.98 55 10 2408 1 034
6032784 7497 2025/12/25 18:43:50 P13 73.81 25.22 0 8.18 39.24 962.91 985.3 321.96 545.807 3695.831 317.23 453.033 642.548 427.856 -4.272 -12.054 84.686 -14.801 188.904 682.373 178.833 544.281 913.696 126.19 385.59 573.425 436.707 -5000 3.357 -487.366 56.458 -15.869 14.343 277.71 64.545 366.058 665.131 91.858 -1411.743 335.999 66.223 20.447 11.444 50.201 2543.335 2499.695 2108.459 1730.194 1369.934 1004.639 648.499 165.71 1.068 25.33 67.749 2.747 -336.609 -682.373 -1021.729 -1365.356 -1706.085 -2046.204 -2385.559 -2709.656 391.846 648.499 415.497 59.662 1.831 -351.868 -709.534 627 575 906 29.05 32.01 55 10 2408 1 034
6032785 7497 2025/12/25 18:43:51 P13 73.89 25.36 0 8.2 39.29 962.91 985.31 320.129 546.417 3700.256 317.383 452.728 642.548 427.856 5.646 -70.801 63.171 -16.479 188.141 680.237 173.798 543.823 913.696 126.953 386.353 573.883 437.012 -5000 7.172 -487.518 14.343 -16.327 16.174 278.473 64.087 366.211 663.147 103.302 -1412.659 336.151 66.223 19.226 16.632 49.896 2541.504 2500.61 2112.122 1738.586 1382.599 1018.829 664.368 166.016 2.747 10.529 66.528 6.104 -331.879 -677.185 -1016.083 -1359.1 -1699.524 -2038.116 -2376.099 -2699.28 395.966 646.82 418.091 59.357 5.951 -348.969 -705.261 621 575 907 29.09 31.95 55 10 2408 1 034
6032786 7497 2025/12/25 18:43:52 P13 73.73 25.37 0 8.22 39.31 962.9 985.32 322.266 546.417 3699.799 314.026 454.102 642.548 428.162 16.327 13.428 76.141 -16.937 187.836 680.542 177.307 541.534 912.17 126.648 385.59 573.273 436.554 -5000 9.918 -487.061 -5.493 -15.717 14.191 278.32 63.629 365.448 663.3 79.498 -1411.896 336.151 67.444 17.395 15.106 49.896 2543.335 2501.221 2116.089 1742.859 1390.839 1027.832 672.607 167.236 -0.61 12.665 69.275 2.747 -331.879 -675.354 -1013.641 -1355.438 -1694.641 -2034.302 -2368.469 -2694.55 392.914 648.499 418.701 62.714 5.035 -346.985 -700.836 621 575 908 29.08 31.99 55 10 2408 1 034
6032787 7497 2025/12/25 18:43:53 P13 73.79 25.29 0 8.39 39.5 962.9 985.31 323.486 548.096 3699.493 314.484 453.796 644.531 428.009 -121.613 -9.155 73.395 -14.801 187.988 682.22 178.223 541.382 912.018 128.174 385.742 572.357 437.469 -5000 15.259 -488.281 0.153 -16.174 15.106 281.677 64.087 366.974 662.842 85.144 -1411.133 335.541 65.613 23.651 16.479 49.744 2546.387 2500.916 2112.885 1737.823 1381.683 1018.982 661.011 165.863 1.984 14.954 66.071 4.272 -332.184 -677.032 -1015.015 -1359.253 -1698.914 -2037.659 -2375.183 -2701.111 393.372 646.515 416.87 61.798 3.357 -348.358 -702.515 621 575 908 29.09 32.09 55 10 2408 1 034
6032788 7497 2025/12/25 18:43:54 P13 73.74 25.32 0 8.18 39.32 962.88 985.33 319.519 548.248 3700.256 314.331 453.339 641.174 428.162 62.103 -25.33 86.06 -14.648 188.293 675.964 177.155 542.755 913.086 127.258 385.742 569 437.164 -5000 16.174 -481.72 36.621 -16.327 14.038 278.015 64.697 366.364 664.062 95.367 -1410.675 335.541 66.071 19.836 22.43 49.896 2546.082 2501.831 2113.495 1739.807 1383.667 1022.034 665.588 165.1 2.441 17.09 68.817 7.477 -330.505 -676.575 -1015.32 -1359.1 -1699.066 -2037.354 -2373.505 -2697.144 394.44 648.956 417.786 65.002 7.477 -349.579 -703.125 626 575 909 29.08 31.94 55 10 2408 1 034
6032789 7497 2025/12/25 18:43:55 P13 73.74 25.3 0 8.18 39.35 962.89 985.33 325.47 546.875 3698.425 314.484 453.644 640.717 428.314 -35.095 27.466 81.024 -14.801 187.988 682.373 176.697 543.06 913.696 126.648 384.674 572.052 437.622 -5000 9.613 -483.093 10.529 -14.648 14.343 277.557 63.934 366.516 662.231 87.128 -1409.302 334.473 66.986 17.09 21.667 50.659 2549.591 2499.847 2116.852 1742.706 1388.245 1025.696 668.488 166.016 0.61 45.166 66.986 7.172 -333.099 -676.27 -1014.404 -1357.422 -1696.93 -2034.607 -2372.284 -2696.381 392.761 646.973 416.412 61.646 3.967 -346.069 -698.853 626 580 910 29.12 31.98 55 10 2408 1 034
6032790 7497 2025/12/25 18:43:56 P13 73.81 25.33 0 8.29 39.41 962.92 985.33 323.944 546.875 3697.968 311.127 453.033 638.733 428.467 -29.297 10.834 75.531 -16.022 187.378 682.373 174.713 542.45 912.476 127.106 385.59 573.273 437.317 -5000 -2.441 -482.178 19.226 -15.106 14.648 277.71 63.782 366.669 661.774 77.209 -1410.217 334.93 67.749 22.125 19.836 49.286 2546.387 2502.136 2113.037 1735.077 1376.19 1007.843 650.482 167.084 -1.221 11.597 68.97 4.12 -331.421 -676.88 -1016.541 -1360.168 -1698.914 -2040.405 -2379.15 -2704.926 393.982 647.888 415.497 62.714 5.188 -347.748 -704.651 626 580 910 29.08 31.94 55 10 2408 1 034
6032791 7497 2025/12/25 18:43:57 P13 73.82 25.34 0 8.22 39.38 962.9 985.32 322.266 546.417 3697.51 312.347 453.644 635.681 427.856 14.038 -4.578 73.547 -16.785 187.683 681.152 174.103 542.603 911.713 126.495 384.827 572.357 437.164 -5000 1.068 -481.72 72.327 -15.869 13.885 277.557 63.324 364.99 660.4 97.046 -1410.065 334.778 68.512 18.921 24.414 49.896 2543.488 2502.289 2117.767 1747.437 1393.89 1031.189 675.659 166.473 0.153 19.989 68.359 3.51 -331.879 -674.744 -1013.031 -1354.065 -1693.726 -2032.623 -2367.706 -2694.092 394.135 648.346 415.955 61.798 3.967 -338.44 -695.038 626 580 910 29.08 31.94 55 10 2408 1 034
6032792 7497 2025/12/25 18:43:58 P13 73.74 25.27 0 8.29 39.33 962.89 985.31 321.503 547.333 3698.425 312.653 453.644 637.97 427.856 17.853 15.106 51.27 -15.717 186.92 682.22 175.171 542.908 911.713 126.648 385.284 571.594 437.012 -5000 -2.594 -481.415 78.125 -13.123 13.885 277.71 63.934 366.974 659.943 97.504 -1416.016 334.778 65.613 21.21 22.736 49.438 2545.776 2501.831 2116.241 1741.333 1383.667 1020.203 661.774 164.337 3.357 15.564 68.665 9.308 -333.099 -678.101 -1016.541 -1359.863 -1699.982 -2039.49 -2377.777 -2703.4 391.846 645.599 415.649 61.951 3.967 -346.222 -701.904 626 580 912 29.09 31.98 55 10 2408 1 034
6032793 7497 2025/12/25 18:43:59 P13 73.77 25.3 0 8.18 39.37 962.89 985.34 322.876 546.722 3698.12 314.026 453.949 637.817 427.704 83.466 3.204 69.733 -16.022 188.751 680.542 174.561 542.297 911.407 126.038 384.827 571.442 436.249 -5000 -5.188 -479.584 26.093 -13.275 14.496 277.405 63.019 367.889 661.469 90.79 -1409.302 333.71 66.223 17.395 21.973 49.896 2548.981 2501.068 2108.765 1728.21 1370.544 1003.418 649.261 171.509 0 24.261 69.885 2.899 -336.456 -682.526 -1022.949 -1367.645 -1708.679 -2047.882 -2386.78 -2709.198 394.287 648.499 416.412 59.814 4.73 -352.02 -708.923 626 580 912 29.09 32.04 55 10 2408 1 034
6032794 7497 2025/12/25 18:44:00 P13 73.85 25.34 0 8.2 39.35 962.91 985.32 321.96 548.706 3698.12 314.178 452.728 639.648 428.467 36.926 11.597 66.833 -16.022 189.209 676.422 174.103 542.603 912.628 126.19 384.674 570.831 436.554 -5000 1.984 -482.483 -14.648 -15.411 14.343 277.863 65.613 365.906 661.774 99.182 -1408.691 335.693 65.46 17.548 12.97 50.354 2545.471 2500.61 2113.495 1737.976 1383.514 1019.897 663.3 164.642 3.662 10.223 67.444 7.019 -332.336 -677.338 -1017.303 -1361.389 -1700.745 -2040.1 -2375.641 -2700.806 393.372 646.973 416.718 60.73 5.035 -348.206 -703.735 626 585 913 29.13 31.94 55 10 2408 1 034
6032795 7497 2025/12/25 18:44:01 P13 73.77 25.3 0 8.24 39.29 962.93 985.31 323.944 547.638 3696.594 311.737 453.033 637.817 427.856 -166.626 -15.259 75.226 -16.327 187.378 681 172.882 541.992 911.865 125.732 385.59 572.51 436.096 -5000 -2.289 -485.077 -57.373 -14.496 14.954 278.015 63.324 364.532 659.79 83.923 -1409.302 335.236 67.596 13.275 14.801 49.744 2546.082 2500.61 2114.258 1736.755 1377.563 1012.268 654.602 162.811 3.662 12.665 67.596 6.714 -331.726 -675.659 -1015.93 -1359.711 -1699.524 -2040.1 -2378.845 -2704.163 393.372 646.057 417.48 60.73 4.272 -350.037 -705.872 623 585 913 29.12 32.01 55 10 2408 1 034
6032796 7497 2025/12/25 18:44:02 P13 73.66 25.22 0 8.42 39.31 962.89 985.3 319.824 547.485 3696.289 310.974 452.881 639.801 428.162 -48.828 -27.771 88.043 -15.564 186.92 673.523 173.798 542.297 912.323 126.801 386.2 570.526 436.096 -5000 -10.834 -482.483 -51.575 -15.869 13.428 278.32 62.866 365.448 658.417 108.032 -1406.86 334.625 65.765 18.616 11.444 50.201 2545.013 2502.289 2111.816 1735.535 1379.547 1014.862 667.267 166.626 -1.678 31.738 68.359 3.51 -331.726 -677.338 -1017.761 -1361.694 -1702.576 -2043.762 -2380.371 -2706.299 392.456 648.956 417.786 59.662 8.85 -347.137 -703.43 621 585 914 29.06 32.02 55 10 2408 1 034
6032797 7497 2025/12/25 18:44:03 P13 73.92 25.26 0 8.2 39.34 962.9 985.33 320.74 546.265 3695.679 311.432 452.728 637.817 428.619 -110.626 -11.902 65.308 -16.327 187.683 679.932 173.34 542.45 912.933 126.495 384.979 570.984 436.249 -5000 -4.578 -481.415 1.068 -13.733 15.106 277.557 64.697 365.753 660.095 108.032 -1407.166 334.778 67.749 18.311 18.158 49.896 2545.166 2500.458 2113.647 1740.112 1385.803 1024.933 669.861 166.321 2.594 22.278 65.918 5.341 -333.862 -678.406 -1016.693 -1359.1 -1697.998 -2035.98 -2371.674 -2695.312 393.677 647.43 418.549 59.357 6.714 -350.189 -703.888 620 590 914 29.05 31.96 55 10 2408 1 034
6032798 7497 2025/12/25 18:44:04 P13 73.82 25.29 0 8.27 39.33 962.91 985.33 323.486 545.807 3695.068 311.432 452.423 642.09 427.856 163.574 -30.67 82.092 -16.327 187.531 680.695 170.898 543.06 913.239 126.19 385.284 571.442 435.638 -5000 1.984 -484.619 26.55 -16.327 14.496 277.71 64.087 366.211 657.959 114.594 -1409.607 334.778 66.833 15.259 19.531 50.812 2544.403 2500.153 2115.326 1743.622 1388.245 1027.069 670.013 165.558 3.51 12.36 67.291 6.866 -326.233 -670.471 -1009.827 -1353.912 -1693.573 -2031.86 -2369.232 -2696.075 394.745 647.43 417.328 62.103 5.035 -345.764 -697.937 627 590 914 29.12 32.08 55 10 2408 1 034
6032799 7497 2025/12/25 18:44:05 P13 73.82 25.36 0 8.39 39.22 962.89 985.32 327.148 546.112 3695.221 310.822 453.491 642.242 428.314 -1.831 -27.313 92.926 -16.937 188.446 681.61 169.678 542.145 913.696 126.19 384.521 571.899 436.096 -5000 -6.866 -483.093 5.493 -16.479 14.038 277.71 65.002 364.532 655.365 109.711 -1405.945 334.93 65.918 14.648 19.073 49.896 2544.098 2500.763 2111.359 1736.908 1381.378 1018.524 664.062 169.067 2.899 6.561 67.596 6.561 -331.116 -677.795 -1017.609 -1360.779 -1700.592 -2039.795 -2376.099 -2701.721 394.135 646.362 417.48 61.493 4.578 -350.037 -704.498 620 590 914 29.1 31.98 55 10 2408 1 034
6032800 7497 2025/12/25 18:44:06 P13 73.79 25.29 0 8.22 39.3 962.92 985.32 322.418 546.875 3696.289 312.347 453.186 635.681 428.162 -13.428 -26.55 65.765 -16.174 189.056 676.422 172.424 542.297 914.001 126.343 385.132 569.458 435.791 -5000 -1.373 -485.382 49.896 -14.954 13.58 277.557 64.85 366.669 658.112 95.673 -1411.591 334.93 66.376 15.869 18.005 50.201 2545.166 2501.984 2115.479 1742.859 1390.381 1028.137 672.607 167.694 2.899 22.736 69.275 6.714 -330.963 -674.133 -1012.878 -1356.049 -1696.167 -2033.386 -2367.859 -2693.176 395.05 647.736 417.48 63.019 6.409 -348.358 -700.989 627 590 914 29.09 31.91 55 10 2408 1 034
6032801 7497 2025/12/25 18:44:07 P13 73.84 25.26 0 8.18 39.43 962.9 985.31 326.08 546.265 3694 314.484 452.728 641.937 427.704 59.052 -11.444 60.577 -15.259 187.531 681.915 171.356 541.84 910.95 126.648 385.59 570.068 436.401 -5000 -9.918 -484.314 77.515 -16.327 14.954 278.625 63.477 364.38 656.738 99.03 -1408.081 334.625 65.918 19.989 19.531 49.744 2542.572 2501.831 2114.258 1740.875 1385.04 1023.254 665.131 166.016 3.357 39.368 67.749 6.104 -329.895 -674.438 -1013.336 -1357.117 -1697.388 -2036.438 -2373.352 -2700.958 393.524 647.125 416.26 62.408 5.951 -346.222 -700.073 621 590 914 29.09 32.01 55 10 2408 1 034
6032802 7497 2025/12/25 18:44:08 P13 73.84 25.38 0 8.34 39.39 962.9 985.32 324.707 546.417 3693.542 310.974 452.728 642.395 427.704 -33.722 -36.774 68.817 -16.632 187.378 681.61 168.457 541.84 912.628 127.106 384.521 570.374 436.096 -5000 -1.678 -480.804 4.272 -16.174 14.648 277.252 63.477 364.838 651.398 92.621 -1410.37 335.236 65.765 19.531 20.752 49.133 2543.182 2502.136 2113.495 1738.281 1384.583 1023.56 666.046 170.898 -1.526 19.684 68.054 2.747 -332.336 -678.558 -1015.778 -1359.558 -1699.524 -2038.574 -2375.488 -2698.975 393.219 647.125 414.734 60.883 7.477 -347.595 -702.362 621 590 914 29.09 32.01 55 10 2408 1 034
6032803 7497 2025/12/25 18:44:09 P13 73.81 25.38 0 8.29 39.39 962.91 985.32 321.96 547.333 3689.117 309.906 452.271 637.817 428.314 -54.626 9.003 48.828 -15.411 189.972 681.305 170.593 542.145 913.086 125.732 383.759 569.153 438.08 -5000 -8.24 -483.093 16.327 -15.564 13.428 276.337 64.392 365.753 657.196 83.771 -1409.912 334.167 65.765 13.123 22.43 50.507 2545.319 2499.847 2115.173 1744.69 1389.16 1027.527 672.76 166.626 3.204 27.924 66.528 6.561 -334.015 -675.964 -1013.336 -1356.201 -1694.641 -2033.997 -2368.317 -2695.465 395.508 646.362 417.023 62.561 3.967 -348.053 -700.378 628 595 912 29.08 31.96 55 10 2408 1 034
6032804 7497 2025/12/25 18:44:10 P13 73.73 25.3 0 8.47 39.35 962.91 985.31 325.317 547.028 3693.848 314.484 453.796 637.054 427.704 -26.398 5.035 74.768 -15.411 187.073 681.458 169.373 542.297 911.255 125.58 385.284 569.458 435.791 -5000 -1.221 -483.246 -1.984 -15.106 13.733 277.71 63.629 366.058 657.501 89.417 -1411.133 332.642 64.697 18.463 11.597 49.896 2546.539 2501.221 2113.647 1737.823 1381.683 1016.083 657.654 164.642 3.51 21.973 66.528 6.104 -332.489 -675.507 -1015.93 -1360.321 -1700.287 -2039.49 -2378.54 -2703.857 394.287 645.447 419.464 61.035 4.883 -349.426 -704.651 626 595 912 29.09 31.9 55 10 2408 1 034
6032805 7497 2025/12/25 18:44:11 P13 73.71 25.25 0 8.22 39.32 962.9 985.32 325.47 545.502 3693.695 314.636 453.186 644.073 428.314 -16.327 8.087 70.496 -16.937 186.92 680.695 168.61 541.534 911.713 125.885 384.674 569.458 436.707 -5000 -11.444 -481.262 53.711 -16.632 13.428 277.71 64.24 364.075 654.449 125.885 -1406.708 334.167 66.223 16.479 9.613 49.744 2545.471 2502.289 2107.086 1730.804 1370.544 1005.402 649.109 163.269 4.12 30.67 67.596 5.035 -335.541 -680.084 -1021.271 -1366.425 -1707.916 -2047.882 -2386.322 -2710.266 394.287 644.836 417.48 59.204 3.815 -353.699 -711.823 621 595 911 29.06 32.01 55 10 2408 1 034
6032806 7497 2025/12/25 18:44:12 P13 73.81 25.29 0 8.18 39.37 962.91 985.31 327.148 545.807 3692.78 312.195 452.118 639.954 428.009 -29.907 -40.436 88.196 -16.479 187.531 677.795 167.999 541.229 913.391 126.495 384.827 569.763 435.638 -5000 -1.831 -479.584 6.714 -16.785 14.191 277.71 63.934 365.143 654.144 69.885 -1407.166 334.473 66.833 18.616 24.109 51.27 2542.725 2500.763 2114.563 1740.57 1387.939 1024.628 668.64 167.542 -1.984 32.959 68.665 4.883 -329.59 -674.744 -1012.878 -1356.964 -1696.472 -2034.607 -2369.537 -2697.296 394.135 647.583 415.649 63.019 4.12 -343.933 -697.937 621 595 910 29.13 31.92 55 10 2408 1 034
6032807 7497 2025/12/25 18:44:13 P13 73.87 25.29 0 8.29 39.32 962.89 985.31 321.655 547.18 3691.864 310.364 452.118 637.207 428.009 -10.529 -36.011 78.278 -16.632 187.683 678.253 169.678 541.84 913.086 126.038 385.132 568.542 435.791 -5000 5.646 -479.889 16.327 -14.038 15.564 277.405 64.087 365.601 655.212 82.855 -1409.607 334.625 67.291 16.479 8.087 49.896 2544.708 2501.678 2111.664 1735.382 1377.563 1011.353 653.839 171.814 4.425 23.041 68.054 4.73 -330.353 -674.744 -1015.32 -1359.406 -1699.982 -2039.948 -2379.15 -2703.705 394.135 643.921 416.412 60.425 5.493 -348.358 -704.803 626 600 910 29.13 32.01 55 10 2408 1 034
6032808 7497 2025/12/25 18:44:14 P13 73.81 25.34 0 8.32 39.42 962.9 985.3 326.08 545.654 3691.254 310.059 451.965 641.632 428.162 32.501 -15.106 94.147 -17.09 187.531 681.305 167.084 541.687 909.119 126.343 384.674 570.221 436.249 -5000 4.578 -476.227 9.613 -16.632 14.038 277.71 62.408 363.617 653.992 87.891 -1410.37 334.473 65.765 19.684 12.054 49.591 2545.776 2501.221 2116.089 1731.873 1373.138 1008.453 651.55 168.304 3.052 20.142 67.749 6.561 -335.083 -680.847 -1020.508 -1365.051 -1705.78 -2044.067 -2383.728 -2705.841 392.609 646.667 416.87 56.915 4.73 -352.783 -709.076 627 600 909 29.15 32.13 55 10 2408 1 034
6032809 7497 2025/12/25 18:44:15 P13 73.75 25.29 0 8.35 39.36 962.91 985.32 323.639 546.722 3691.254 309.906 453.033 636.292 428.467 -8.392 8.392 65.308 -16.022 186.462 682.526 166.168 541.84 911.255 126.038 384.521 569.611 435.486 -5000 -5.341 -477.295 -72.021 -13.123 14.191 277.863 62.408 365.601 652.618 110.474 -1409.607 334.473 63.782 19.531 12.512 50.507 2547.302 2499.695 2115.173 1741.791 1384.888 1023.712 664.978 169.067 3.052 31.586 67.596 5.188 -327.911 -670.471 -1010.132 -1356.049 -1695.862 -2035.675 -2373.047 -2699.28 393.219 642.242 418.091 63.477 5.951 -345.917 -700.531 627 600 909 29.1 31.96 55 10 2408 1 034
6032810 7497 2025/12/25 18:44:16 P13 73.82 25.23 0 8.39 39.33 962.9 985.31 323.486 546.722 3691.559 309.753 452.271 639.954 427.856 43.182 20.752 78.888 -15.259 187.073 677.795 166.779 541.534 911.865 125.885 383.453 568.542 437.164 -5000 3.204 -476.837 -19.073 -15.259 15.411 277.405 62.866 364.838 653.839 87.28 -1407.776 333.862 66.833 19.989 13.123 49.896 2549.133 2501.831 2109.528 1732.941 1372.681 1006.012 649.567 167.847 2.441 39.368 67.444 6.409 -334.32 -680.695 -1021.423 -1365.204 -1706.543 -2044.373 -2382.812 -2708.74 393.829 646.21 417.328 59.204 2.289 -352.173 -708.771 626 600 908 29.08 32.01 55 10 2408 1 034
6032811 7497 2025/12/25 18:44:17 P13 73.82 25.29 0 8.37 39.35 962.92 985.3 325.012 545.502 3684.845 309.906 453.339 641.327 427.856 22.278 1.068 72.632 -16.785 187.531 682.22 165.253 541.229 912.323 125.427 383.606 568.39 436.401 -5000 -4.883 -480.194 23.804 -16.327 14.343 277.863 61.951 363.464 651.703 81.635 -1409.149 333.557 67.596 16.022 17.548 49.744 2545.624 2501.068 2111.664 1736.908 1381.073 1015.93 661.316 171.204 -2.899 13.733 68.054 3.052 -334.167 -679.169 -1018.524 -1361.237 -1698.761 -2039.185 -2376.862 -2703.094 393.219 648.499 414.429 61.035 8.24 -351.257 -706.787 620 600 908 29.09 31.93 55 10 2408 1 034
6032812 7497 2025/12/25 18:44:18 P13 73.77 25.25 0 8.29 39.16 962.91 985.32 328.217 547.943 3689.88 308.838 452.576 639.801 427.856 -7.324 -26.398 48.37 -14.801 187.683 681.458 164.795 541.077 912.933 125.885 383.301 568.085 435.791 -5000 -3.357 -479.431 54.626 -15.717 14.954 277.405 61.951 364.38 649.719 73.09 -1407.928 334.473 64.087 23.956 8.85 50.507 2548.523 2502.441 2113.8 1741.18 1386.719 1023.254 668.03 167.389 2.899 22.278 67.749 5.798 -330.811 -676.422 -1014.862 -1359.1 -1699.371 -2037.354 -2374.878 -2698.517 393.372 641.174 419.159 61.035 6.561 -348.969 -703.125 620 600 908 29.09 31.93 55 10 2408 1 034
6032813 7497 2025/12/25 18:44:19 P13 73.78 25.26 0 8.29 39.31 962.88 985.31 325.165 547.028 3690.186 309.143 451.202 643.158 427.704 -7.324 -33.569 76.294 -16.479 187.988 681.305 164.642 539.246 913.086 125.732 383.606 569 436.249 -5000 -5.493 -477.905 20.294 -16.479 13.58 277.405 63.782 364.38 651.703 82.55 -1410.37 334.167 64.24 20.752 19.531 49.744 2543.335 2501.831 2108.459 1730.347 1371.155 1004.333 648.499 169.373 1.373 25.787 67.139 4.73 -337.677 -679.626 -1019.287 -1361.542 -1703.339 -2042.542 -2382.66 -2707.367 394.135 644.073 416.87 56.763 7.935 -351.868 -709.686 627 605 905 29.08 31.99 55 10 2408 1 034
6032814 7497 2025/12/25 18:44:20 P13 73.78 25.17 0 8.29 39.38 962.91 985.31 322.266 546.417 3688.507 309.753 451.813 640.259 428.772 -5.493 -29.602 87.28 -14.496 186.31 681.152 163.727 541.382 913.849 124.207 383.759 567.322 434.723 -5000 -6.714 -477.295 69.733 -16.022 14.496 278.015 64.545 363.77 652.771 97.961 -1408.234 333.862 63.629 22.583 17.548 50.659 2542.877 2502.136 2111.206 1735.992 1379.547 1017.151 661.469 168.762 1.068 22.278 69.427 11.902 -329.437 -676.422 -1015.93 -1359.711 -1700.897 -2039.337 -2375.946 -2701.263 394.287 646.362 417.48 61.188 8.85 -346.069 -701.752 626 605 905 29.12 32.08 55 10 2408 1 034
6032815 7497 2025/12/25 18:44:21 P13 73.82 25.25 0 8.2 39.36 962.89 985.34 323.029 547.485 3688.965 307.922 452.881 636.749 427.704 -4.578 -25.787 74.615 -16.632 186.157 678.711 162.201 541.077 911.255 126.038 384.827 567.627 435.791 -5000 -0.458 -476.532 -54.321 -15.717 13.58 277.1 62.256 363.312 649.567 80.261 -1404.114 333.405 63.171 16.327 17.548 49.438 2545.166 2501.373 2114.868 1742.401 1389.008 1026.306 670.471 165.253 3.967 18.158 67.749 4.73 -328.674 -673.676 -1012.268 -1355.438 -1695.404 -2033.081 -2366.638 -2692.871 392.761 643.768 418.396 62.866 5.493 -351.105 -702.667 626 605 904 29.09 32.04 55 10 2408 1 034
6032816 7497 2025/12/25 18:44:22 P13 73.77 25.25 0 8.2 39.32 962.88 985.31 323.334 546.875 3688.812 307.922 453.491 639.954 428.162 -58.594 8.392 99.03 -15.411 187.988 681.152 177.917 541.534 912.628 124.054 383.453 567.474 435.791 -5000 -7.935 -479.126 -1.526 -15.259 14.801 277.1 64.24 364.075 651.245 107.88 -1408.691 334.015 65.155 21.057 21.973 50.049 2548.37 2502.289 2107.544 1727.448 1368.103 1003.265 647.43 169.983 3.967 14.801 68.97 6.866 -333.557 -679.626 -1021.118 -1366.119 -1707.458 -2046.814 -2386.932 -2709.503 392.914 643.463 417.328 59.204 6.104 -353.394 -711.06 615 605 904 29.09 32 55 10 2408 1 034
6032817 7497 2025/12/25 18:44:23 P13 73.75 25.3 0 8.32 39.37 962.89 985.28 323.486 546.875 3688.049 308.075 451.508 638.275 428.467 83.923 17.853 72.784 -15.869 186.92 678.406 165.1 541.382 912.476 125.427 383.148 567.322 436.554 -5000 0.763 -478.516 2.289 -15.564 15.259 278.168 61.951 365.295 649.719 87.585 -1406.555 332.336 65.155 18.921 20.599 49.438 2549.133 2501.068 2111.511 1737.213 1379.547 1017.151 662.231 173.187 0.763 26.55 68.97 3.052 -334.625 -680.084 -1018.677 -1368.103 -1702.271 -2038.422 -2374.573 -2699.89 395.508 645.599 416.565 61.035 5.188 -349.274 -705.109 626 610 904 29.15 31.89 55 10 2408 1 034
6032818 7497 2025/12/25 18:44:24 P13 73.87 25.26 0 8.18 39.47 962.91 985.3 325.623 546.722 3688.049 308.838 452.118 638.123 427.551 22.888 -8.087 100.098 -16.479 187.225 682.068 159.912 540.771 912.17 125.122 384.216 567.169 436.249 -5000 -10.071 -478.058 85.602 -16.327 13.733 277.557 62.408 363.007 646.057 91.4 -1407.776 333.862 62.408 18.616 13.428 49.896 2546.997 2501.373 2117.462 1745.148 1390.686 1028.29 670.776 174.713 0.458 27.008 68.97 3.662 -334.167 -677.032 -1014.557 -1357.727 -1696.167 -2034.454 -2367.554 -2694.092 393.372 645.599 417.175 62.256 4.883 -345.154 -698.7 621 610 904 29.08 32.03 55 10 2408 1 034
6032819 7497 2025/12/25 18:44:25 P13 73.81 25.27 0 8.13 39.26 962.88 985.31 321.35 546.57 3687.592 308.533 452.881 636.597 428.467 5.646 -19.989 71.411 -16.327 187.683 679.016 162.354 541.229 910.492 125.122 383.148 566.711 436.401 -5000 -6.409 -474.091 91.553 -14.801 15.259 277.405 62.561 363.77 647.583 77.972 -1408.539 333.405 66.223 18.005 14.343 49.286 2548.218 2499.237 2114.716 1740.723 1385.193 1020.66 663.147 173.34 3.51 21.21 68.97 2.899 -330.353 -674.438 -1014.404 -1357.574 -1697.235 -2036.896 -2373.81 -2699.738 395.05 646.515 417.328 63.477 6.104 -345.154 -700.378 627 605 904 29.12 32.06 55 10 2408 1 034
6032820 7497 2025/12/25 18:44:26 P13 73.85 25.33 0 8.24 39.37 958.23 985.3 324.402 547.333 3687.286 308.228 452.576 639.648 428.162 -19.073 -27.161 74.921 -14.648 186.005 682.068 160.828 540.771 913.239 126.038 383.301 566.711 436.554 -5000 -4.578 -473.48 32.654 -16.022 14.343 277.71 61.951 363.617 645.142 84.381 -1406.097 333.71 63.782 19.226 19.379 51.117 2547.913 2501.221 2113.342 1738.892 1384.277 1021.118 665.741 173.798 -1.526 34.79 70.496 6.104 -330.353 -675.964 -1015.015 -1359.253 -1699.066 -2037.048 -2373.505 -2697.754 394.135 645.599 416.412 61.798 5.341 -347.29 -702.515 624 605 901 29.12 31.98 55 10 2408 1 034
6032821 7497 2025/12/25 18:44:27 P13 73.78 25.27 0 8.18 39.36 958.24 985.31 322.266 546.875 3686.523 307.922 452.118 626.221 428.162 -0.153 -35.4 94.147 -15.869 187.836 681 159.302 541.077 911.102 126.19 383.911 567.474 434.265 -5000 -3.815 -471.954 -14.801 -14.343 13.885 277.71 63.019 364.532 647.583 87.585 -1410.217 332.947 64.392 14.343 17.09 49.133 2547.15 2501.221 2117.92 1747.284 1392.517 1028.748 673.523 176.086 -0.458 15.411 69.427 2.594 -330.658 -673.981 -1011.2 -1354.675 -1694.946 -2032.166 -2368.622 -2694.702 392.914 643.616 416.412 63.477 3.662 -343.628 -697.479 628 605 900 29.1 31.88 55 10 2408 1 034
6032822 7497 2025/12/25 18:44:28 P13 73.97 25.25 0 8.15 39.28 958.2 985.28 320.74 546.875 3687.592 311.737 451.813 639.191 427.399 -33.569 -39.215 64.087 -14.496 186.768 681.305 161.591 541.382 913.391 125.427 383.148 566.101 435.791 -5000 -5.646 -471.344 -15.717 -16.174 14.343 277.557 62.561 363.007 648.651 94.299 -1409.912 333.557 64.85 13.123 15.869 50.201 2545.929 2501.831 2115.479 1739.655 1382.751 1019.745 660.858 171.661 0.916 25.635 67.902 4.578 -332.336 -675.354 -1014.709 -1358.643 -1698.456 -2037.811 -2376.556 -2701.416 390.015 642.395 417.328 62.714 -4.12 -348.206 -701.904 621 610 898 29.1 32.04 55 10 2408 1 034
6032823 7497 2025/12/25 18:44:29 P13 73.91 25.3 0 8.17 39.43 958.26 985.3 323.181 546.112 3686.066 310.822 451.202 632.477 427.856 61.34 -4.73 83.313 -16.327 186.31 682.373 159.607 540.771 910.492 125.275 384.216 565.643 434.57 -5000 -6.409 -472.412 15.869 -15.869 15.564 277.405 61.34 363.617 646.667 95.978 -1406.403 332.947 66.376 19.989 10.223 50.507 2547.76 2500.763 2109.833 1729.431 1370.087 1003.418 648.041 170.593 -0.458 19.684 67.749 5.646 -336.151 -681.61 -1021.271 -1366.272 -1706.238 -2047.272 -2385.406 -2709.808 390.778 641.174 416.718 59.357 1.526 -348.969 -706.787 621 610 898 29.1 32.04 55 10 2408 1 034
6032824 7497 2025/12/25 18:44:30 P13 73.95 25.27 0 8.27 39.32 958.24 985.3 322.266 547.028 3686.218 308.075 451.965 634.155 429.077 94.147 25.177 84.686 -14.954 186.005 681.61 159.912 541.229 910.95 123.596 384.064 566.101 434.723 -5000 -0.153 -473.022 1.068 -13.428 13.885 277.252 61.798 364.227 645.905 101.471 -1406.708 333.099 65.46 23.651 15.259 50.049 2546.997 2499.695 2118.073 1745.758 1392.822 1030.579 674.438 173.34 1.984 15.717 68.054 4.12 -329.132 -673.676 -1011.963 -1356.201 -1696.625 -2034.149 -2369.843 -2696.533 399.933 643.921 416.107 62.561 5.493 -344.696 -698.09 627 605 896 29.13 31.98 55 10 2408 1 034
6032825 7497 2025/12/25 18:44:31 P13 73.92 25.32 0 8.29 39.32 958.26 985.31 321.198 545.959 3685.303 307.465 451.965 641.022 428.162 41.046 -9.003 85.144 -16.632 186.615 680.695 158.234 541.382 913.239 125.427 382.996 566.864 435.638 -5000 -10.223 -470.734 -13.58 -16.327 14.648 277.252 61.646 363.464 643.921 96.13 -1401.672 333.71 65.155 25.787 13.885 50.507 2541.809 2500.916 2112.274 1738.434 1381.073 1017.456 659.943 171.509 2.747 25.787 66.681 6.409 -329.285 -671.844 -1010.59 -1354.98 -1695.404 -2034.607 -2373.962 -2700.195 392.761 645.905 418.396 62.714 3.662 -348.816 -703.278 631 605 896 29.09 32.04 55 10 2408 1 034
6032826 7497 2025/12/25 18:44:32 P13 73.89 25.33 0 8.25 39.48 958.26 985.31 323.944 546.265 3686.523 312.653 451.965 641.632 427.704 -32.959 -40.131 63.934 -14.954 186.462 680.542 156.708 540.924 913.086 125.122 383.606 566.101 435.333 -5000 5.188 -473.022 30.975 -16.937 13.428 277.557 63.019 363.617 646.057 99.03 -1404.419 333.252 66.986 19.989 12.054 50.659 2543.488 2502.136 2106.781 1728.821 1369.934 1003.571 650.024 170.288 2.136 6.866 68.359 1.831 -333.099 -679.321 -1020.966 -1363.678 -1705.475 -2046.356 -2384.491 -2708.74 393.524 644.073 418.243 60.577 6.104 -353.699 -711.06 617 605 894 29.1 32.04 55 10 2408 1 034
6032827 7497 2025/12/25 18:44:33 P13 73.98 25.33 0 8.07 39.48 958.23 985.31 324.097 547.028 3685.76 309.296 452.576 635.529 428.009 -53.406 -61.798 111.847 -14.801 187.531 682.22 158.234 540.314 913.086 124.969 383.301 565.796 435.333 -5000 1.221 -469.971 32.349 -15.411 13.885 277.405 60.883 364.075 642.853 96.741 -1408.234 333.252 65.765 25.177 14.496 50.659 2549.133 2500.458 2117.92 1743.164 1389.465 1025.848 669.861 168.915 0.305 26.855 66.528 4.578 -331.879 -676.117 -1013.184 -1356.964 -1695.862 -2034.607 -2370.758 -2695.618 394.44 642.09 417.786 63.477 4.425 -345.459 -699.158 627 610 894 29.12 31.96 55 10 2408 1 034
6032828 7497 2025/12/25 18:44:34 P13 73.91 25.26 0 8.27 39.38 958.24 985.3 323.486 547.333 3684.845 307.007 451.508 639.343 427.856 67.444 -47.302 65.765 -13.428 185.852 680.084 158.844 540.771 912.933 125.885 383.453 566.406 436.096 -5000 -4.883 -466.614 47.15 -14.801 14.648 277.557 60.883 362.854 644.379 87.891 -1408.386 334.015 64.85 16.785 19.379 49.591 2548.065 2500 2113.19 1737.213 1379.547 1013.794 656.281 170.135 1.984 26.093 66.986 3.204 -331.268 -675.507 -1015.167 -1359.253 -1700.134 -2040.1 -2377.319 -2703.857 398.712 643.616 418.243 61.951 4.425 -348.053 -704.651 621 610 894 29.09 32.08 55 10 2408 1 034
6032829 7497 2025/12/25 18:44:35 P13 73.92 25.36 0 8.13 39.31 958.22 985.29 324.249 549.011 3683.777 306.396 452.118 640.869 428.162 -13.123 -12.054 84.686 -14.648 185.394 681.305 157.166 540.466 913.391 125.732 384.064 566.101 435.486 -5000 -0.763 -467.834 91.553 -16.327 14.038 278.473 62.103 363.464 643.616 86.06 -1409.302 333.252 64.392 18.616 24.414 49.438 2547.15 2502.136 2108.765 1729.279 1372.986 1005.249 650.024 167.389 -0.763 30.67 67.749 6.104 -336.609 -681.61 -1022.644 -1365.662 -1707.001 -2047.424 -2384.796 -2708.74 389.709 641.174 416.565 59.052 3.204 -350.647 -709.381 627 610 894 29.1 31.95 55 10 2408 1 034
6032830 7497 2025/12/25 18:44:36 P13 73.98 25.26 0 8.24 39.35 958.25 985.29 323.639 546.57 3682.709 307.007 451.66 639.343 428.619 -8.087 -28.076 56.152 -16.479 186.92 680.237 156.25 540.771 911.865 125.275 383.453 567.017 435.486 -5000 -5.951 -468.14 20.294 -16.937 14.191 277.252 61.035 361.176 644.379 77.667 -1407.928 333.099 66.681 23.346 13.885 49.744 2543.793 2501.373 2114.868 1741.486 1387.482 1026.306 667.572 169.678 1.678 22.736 67.596 4.73 -332.947 -675.812 -1014.099 -1356.964 -1696.625 -2035.828 -2372.589 -2697.906 392.151 642.09 417.786 63.477 6.561 -345.612 -698.853 621 610 894 29.1 32.12 55 10 2408 1 034
6032831 7497 2025/12/25 18:44:37 P13 74.01 25.32 0 8.22 39.36 958.22 985.31 322.418 547.943 3683.624 306.396 451.66 636.292 428.009 -31.891 0 64.087 -15.869 185.242 681.61 156.86 540.466 911.56 125.885 384.521 565.338 435.028 -5000 3.357 -465.851 51.575 -14.343 14.191 277.252 61.188 365.906 643.616 75.684 -1407.471 332.947 64.24 25.177 15.564 49.438 2546.692 2501.373 2114.41 1737.213 1378.326 1012.421 654.907 167.999 1.831 27.618 66.986 5.798 -333.862 -679.321 -1018.219 -1362.152 -1702.118 -2041.779 -2380.371 -2705.231 393.219 641.785 417.48 61.34 3.662 -350.189 -705.872 627 605 894 29.08 32.01 56 10 2408 1 034
6032832 7497 2025/12/25 18:44:38 P13 73.88 25.26 0 8.22 39.47 958.2 985.3 322.266 547.791 3683.014 304.718 451.965 635.986 428.467 -33.875 3.51 88.196 -14.801 185.852 682.068 155.792 540.619 911.56 125.122 384.216 565.643 434.57 -5000 -1.678 -464.172 24.261 -14.648 13.733 277.405 61.646 363.159 642.395 103.302 -1412.354 332.947 63.477 23.499 11.902 49.896 2546.692 2499.542 2108.765 1728.668 1371.765 1006.622 649.414 172.577 1.831 23.499 67.749 2.441 -331.726 -677.49 -1017.914 -1363.068 -1703.796 -2043.915 -2382.812 -2706.451 394.135 643.005 417.328 57.22 5.341 -351.257 -709.076 621 610 894 29.09 32.01 56 10 2408 1 034
6032833 7497 2025/12/25 18:44:39 P13 74.02 25.34 0 8.19 39.45 958.22 985.29 322.113 548.248 3682.709 309.296 453.033 640.259 428.314 -10.071 6.561 88.654 -17.09 185.699 679.932 155.792 539.856 913.239 124.664 383.148 564.88 435.333 -5000 -9.766 -463.715 1.373 -16.785 13.58 278.015 62.561 363.312 643.158 95.52 -1413.422 333.099 64.24 16.327 18.158 49.438 2545.624 2500.61 2111.359 1737.213 1381.836 1019.745 663.452 163.422 3.662 24.109 66.681 7.477 -331.421 -677.49 -1016.388 -1359.711 -1701.05 -2038.422 -2375.641 -2703.552 393.829 641.785 417.786 55.237 6.714 -350.8 -704.651 621 610 894 29.09 32.01 56 10 2408 1 034
6032834 7497 2025/12/25 18:44:40 P15 73.97 25.29 0 8.22 39.3 958.22 984.24 326.08 547.638 3681.946 306.854 450.592 637.97 427.856 -47.607 22.583 75.226 -16.327 186.462 680.542 156.708 539.703 912.781 124.664 383.301 565.033 433.96 -5000 -11.597 -464.783 -3.357 -15.411 13.885 277.1 61.951 362.396 643.921 86.365 -1407.776 332.336 64.697 18.921 14.801 50.354 2546.692 2502.747 2111.816 1736.298 1378.479 1013.489 655.823 167.389 1.221 34.027 68.054 -2.594 -334.473 -679.321 -1018.066 -1362.762 -1703.491 -2041.931 -2381.439 -2705.688 392.151 640.259 417.023 56.305 3.052 -348.053 -703.735 627 610 894 29.09 32.01 56 10 2408 1 034
6032835 7497 2025/12/25 18:44:41 P15 73.94 25.29 0 8.22 39.43 956.29 983.01 323.486 547.18 3681.946 305.634 452.576 640.869 427.551 -129.089 -30.365 80.261 -16.022 188.141 679.626 153.503 539.703 913.696 124.817 382.996 564.117 435.333 -5000 -10.071 -461.121 54.932 -17.09 14.191 277.252 62.103 362.396 639.191 84.534 -1403.198 332.489 66.071 17.395 17.395 50.507 2543.03 2502.441 2107.544 1730.042 1372.07 1006.775 651.093 171.967 3.052 19.073 67.444 7.019 -333.405 -678.864 -1018.524 -1364.288 -1704.712 -2045.135 -2383.575 -2708.282 392.914 642.548 418.091 59.967 4.578 -351.105 -710.144 629 610 894 29.08 32.06 56 10 2408 1 034
6032836 7497 2025/12/25 18:44:42 P15 73.94 25.32 0 8.19 39.33 955.79 982.72 322.418 547.638 3680.725 304.413 452.423 638.733 428.009 106.506 -28.229 62.408 -16.785 186.005 679.474 153.046 539.703 911.56 125.427 383.453 564.88 434.57 -5000 -10.986 -462.646 29.755 -16.937 14.343 277.1 60.883 362.091 640.106 79.498 -1399.536 332.336 66.833 14.496 12.817 50.507 2543.64 2500.305 2112.274 1735.077 1382.446 1018.829 664.062 173.798 -1.373 21.973 69.885 2.441 -332.489 -677.49 -1016.998 -1361.084 -1699.982 -2037.354 -2374.878 -2698.517 394.897 642.09 415.497 61.493 5.951 -346.985 -703.43 614 605 895 29.1 31.96 56 10 2408 1 034
6032837 7497 2025/12/25 18:44:43 P15 73.85 25.41 0 8.19 39.39 955.6 982.62 320.74 547.791 3682.251 302.429 451.202 637.665 428.009 34.18 -19.073 75.073 -14.496 186.005 678.253 152.588 539.551 914.001 125.275 383.301 563.354 434.113 -5000 -5.951 -463.715 79.346 -16.785 13.733 276.947 62.103 362.549 643.158 71.716 -1402.283 332.489 64.85 21.82 9.003 56.152 2542.877 2501.678 2116.089 1743.927 1389.465 1027.985 672.15 169.22 0.305 33.417 67.749 4.425 -332.489 -676.575 -1014.099 -1357.117 -1696.625 -2033.691 -2369.69 -2694.702 391.541 639.801 417.023 62.256 4.272 -348.969 -700.989 629 610 896 29.12 32.04 56 10 2408 1 034
6032838 7497 2025/12/25 18:44:44 P15 73.85 25.26 0 8.19 39.32 955.53 982.61 320.892 549.011 3680.725 305.634 450.745 638.733 428.162 -13.428 -35.858 75.684 -15.564 188.293 680.237 153.809 538.483 914.154 124.512 382.538 563.354 435.028 -5000 -1.526 -470.428 -9.003 -15.869 13.733 276.642 63.019 362.854 642.548 70.953 -1407.318 332.642 64.392 18.158 13.428 78.125 2544.708 2501.678 2104.797 1726.837 1370.087 1005.249 659.79 170.135 1.526 24.109 67.749 1.831 -334.625 -680.847 -1021.881 -1365.051 -1707.001 -2046.204 -2385.254 -2711.334 394.44 643.616 418.854 60.12 5.493 -352.783 -709.991 628 610 896 29.05 31.99 56 10 2408 1 034
6032839 7497 2025/12/25 18:44:45 P15 73.98 25.33 0 8.05 39.32 955.5 982.61 319.977 547.791 3680.115 305.786 450.592 636.444 428.467 -27.008 -29.297 68.512 -16.174 186.157 678.558 153.656 539.551 915.527 124.817 383.301 563.354 435.486 -5000 -1.068 -486.45 -84.381 -16.174 15.106 277.252 60.577 364.99 641.937 68.512 -1413.574 332.031 66.223 17.853 15.106 110.779 2545.166 2499.39 2111.664 1738.281 1380.768 1016.693 663.147 170.288 2.136 5.951 66.986 6.409 -331.726 -676.727 -1017.761 -1360.779 -1701.05 -2039.642 -2376.099 -2701.111 392.609 640.564 417.023 60.73 5.951 -350.952 -705.719 624 610 896 29.03 32.13 56 10 2408 1 034
6032840 7497 2025/12/25 18:44:46 P15 73.97 25.36 0 8.07 39.36 955.52 982.6 325.47 548.096 3680.267 304.871 451.05 638.123 427.856 -7.172 -41.504 58.746 -16.632 186.31 681.152 151.215 539.246 913.849 124.969 383.148 564.117 433.807 -5000 0 -506.897 2.136 -16.479 14.343 277.252 62.256 362.549 641.022 52.032 -1421.967 333.099 64.697 19.226 9.155 151.825 2543.488 2499.847 2115.173 1743.622 1389.16 1026.154 672.913 172.424 -1.526 27.313 68.512 3.967 -331.726 -677.185 -1015.93 -1357.574 -1697.083 -2035.217 -2371.216 -2696.381 394.135 644.226 418.091 57.983 7.935 -345.459 -699.615 628 610 898 29.12 31.93 56 10 2408 1 034
6032841 7497 2025/12/25 18:44:47 P15 74 25.27 0 8.05 39.35 955.51 982.62 325.47 547.791 3678.131 303.802 450.592 638.733 428.009 14.648 -48.065 74.005 -15.869 185.242 680.389 151.367 539.398 914.307 125.732 380.402 563.354 436.249 -5000 4.578 -534.973 -10.223 -16.174 13.275 277.1 61.646 361.786 640.411 83.618 -1434.631 331.726 64.545 18.005 14.954 185.699 2547.302 2500.61 2108.917 1731.262 1370.85 1004.333 648.956 171.051 3.204 19.684 67.902 5.188 -331.879 -676.88 -1019.135 -1362.61 -1704.407 -2043.915 -2382.812 -2707.367 392.303 641.327 418.396 59.509 5.188 -350.494 -707.397 625 605 899 29.08 31.99 56 10 2408 1 034
6032842 7497 2025/12/25 18:44:48 P15 73.89 25.23 0 8.22 39.22 955.55 982.61 323.029 548.706 3680.267 305.786 451.05 636.749 427.704 -90.485 -42.725 58.441 -16.785 185.394 680.237 151.215 539.398 913.696 124.512 382.385 563.354 436.401 -5000 11.597 -566.864 1.373 -15.717 13.733 276.794 61.34 361.786 640.564 68.97 -1439.209 332.184 64.24 20.142 14.801 207.214 2546.844 2501.221 2111.511 1740.112 1382.141 1016.541 660.858 169.83 0.763 18.463 66.833 4.73 -336.609 -682.678 -1021.423 -1365.509 -1705.78 -2044.067 -2380.829 -2705.231 391.541 640.869 416.87 60.425 5.798 -351.868 -708.008 629 610 900 29.05 31.98 56 10 2408 1 034
6032843 7497 2025/12/25 18:44:49 P15 73.92 25.29 0 8.13 39.09 955.53 982.59 317.688 548.401 3680.115 305.328 451.202 634.308 428.162 83.771 -32.349 62.103 -16.632 186.005 678.406 151.215 538.788 914.307 122.833 382.843 562.439 433.35 -5000 9.766 -609.131 -32.501 -14.954 15.564 277.1 60.73 363.159 641.785 87.28 -1445.77 332.489 66.223 16.479 18.463 217.438 2544.861 2500.916 2110.138 1737.213 1382.904 1020.66 665.131 166.931 2.289 29.602 66.223 6.866 -332.947 -678.406 -1017.609 -1360.931 -1699.524 -2037.201 -2374.42 -2697.906 393.066 644.073 419.312 62.256 4.73 -350.8 -707.703 629 610 900 29.02 31.89 55 10 2408 1 034
6032844 7497 2025/12/25 18:44:50 P15 73.94 25.23 0 8.15 39 955.51 982.6 320.74 547.028 3674.011 306.854 451.66 638.123 428.314 -45.624 -70.648 65.46 -16.327 188.141 679.016 150.299 539.093 912.781 124.512 383.148 563.049 434.418 -5000 -2.441 -646.21 -33.569 -16.785 13.428 277.71 61.035 361.786 639.801 112 -1452.942 331.726 66.223 14.496 22.888 220.947 2542.877 2500.458 2117.462 1745.758 1393.28 1030.579 671.692 166.931 2.136 21.515 69.275 2.136 -330.658 -674.133 -1012.421 -1354.065 -1694.489 -2032.013 -2368.317 -2693.481 392.609 641.174 417.175 55.084 7.324 -347.29 -700.836 629 610 900 29.02 31.89 55 10 2408 1 034
6032845 7497 2025/12/25 18:44:51 P15 73.95 25.3 0 8.27 38.82 955.53 982.59 325.928 547.333 3679.199 304.565 450.745 639.343 428.467 -24.872 -62.866 96.283 -16.785 185.852 678.711 149.384 539.093 914.001 124.817 382.69 563.049 435.944 -5000 -7.324 -687.256 -68.512 -16.174 13.58 276.794 61.188 361.633 638.885 123.138 -1455.841 332.031 65.002 17.7 21.515 220.032 2545.471 2500 2109.375 1730.499 1372.375 1007.996 651.093 165.1 4.272 21.21 68.359 8.087 -334.015 -680.237 -1019.897 -1363.983 -1705.17 -2044.373 -2382.965 -2707.214 392.609 640.869 418.549 60.425 4.883 -350.647 -709.229 622 605 901 29.13 31.94 55 10 2408 1 034
6032846 7497 2025/12/25 18:44:52 P15 74.01 25.27 0 8.25 38.49 955.53 982.6 318.298 547.638 3675.842 303.192 450.745 637.512 428.314 -65.308 -37.689 87.433 -15.564 185.242 681.152 150.299 540.009 915.07 124.512 381.012 561.981 433.502 -5000 -9.766 -727.997 -18.005 -15.259 15.564 276.489 60.73 361.938 639.496 125.275 -1452.026 332.794 66.528 18.616 16.479 218.201 2544.708 2501.526 2112.427 1737.061 1380.615 1018.066 662.994 167.084 0.153 18.921 67.444 1.221 -332.184 -679.474 -1017.456 -1360.931 -1700.287 -2039.642 -2375.946 -2700.195 391.846 640.106 418.091 63.171 1.373 -346.069 -702.515 621 605 901 29.12 31.85 55 10 2408 1 034
6032847 7497 2025/12/25 18:44:53 P15 74.06 25.3 0 8.41 38.22 955.54 982.6 318.298 547.943 3677.673 301.666 450.287 634.918 427.856 -77.667 -30.365 84.534 -15.717 186.005 678.406 150.146 538.94 913.696 123.444 381.47 562.286 435.181 -5000 2.136 -765.228 -34.637 -15.869 16.022 276.947 60.425 362.701 639.648 122.223 -1459.198 331.421 68.359 14.954 19.226 214.081 2547.302 2501.678 2115.173 1741.028 1389.008 1026.764 672.607 164.948 0.916 14.648 66.528 4.578 -328.522 -673.37 -1009.979 -1355.133 -1695.557 -2032.776 -2370.3 -2693.939 391.846 639.954 414.276 61.951 2.441 -346.68 -700.531 628 610 901 29.09 32.03 55 10 2408 1 034
6032848 7497 2025/12/25 18:44:54 P15 73.94 25.41 0 8.2 37.8 955.56 982.6 322.571 547.18 3679.047 303.345 452.118 635.529 428.467 -65.002 6.409 69.58 -15.717 186.157 682.068 144.196 538.33 914.307 124.817 382.08 563.354 433.807 -5000 -7.782 -803.833 -5.951 -15.411 14.343 277.252 59.509 362.549 637.817 153.656 -1459.656 330.963 65.613 24.414 20.447 212.708 2547.302 2500.61 2108.154 1728.821 1370.544 1004.181 648.499 168.915 3.357 16.327 70.038 4.73 -332.947 -677.49 -1020.203 -1363.831 -1705.17 -2044.83 -2383.881 -2708.435 392.914 641.174 417.023 60.12 6.866 -351.257 -709.991 630 610 901 29.1 32.01 55 10 2408 1 034
6032849 7497 2025/12/25 18:44:55 P15 74.01 25.27 0 8.25 37.24 955.55 982.6 322.418 548.401 3676.605 304.413 450.897 635.834 428.162 -72.174 -34.943 90.485 -16.479 185.394 680.695 147.247 538.483 913.391 124.664 382.538 563.202 434.57 -5000 -7.629 -846.405 -30.975 -15.411 14.954 277.405 60.883 363.007 637.207 120.392 -1459.961 330.963 65.46 20.294 20.447 208.74 2547.455 2501.221 2111.664 1736.755 1378.479 1016.235 659.18 170.135 3.052 16.174 68.665 3.662 -332.336 -678.101 -1018.829 -1362.305 -1704.407 -2043.152 -2380.371 -2704.773 393.524 639.801 417.023 61.035 5.035 -353.546 -706.024 623 605 901 29.1 32.04 55 10 2408 1 034
6032850 7497 2025/12/25 18:44:56 P15 74.06 25.32 0 8.29 36.86 955.52 982.61 319.366 549.011 3677.216 303.04 450.745 632.629 428.314 -64.697 -48.523 87.738 -15.564 187.073 679.932 149.078 538.94 913.086 124.054 382.08 562.744 434.113 -5000 -11.902 -879.974 -54.932 -15.106 14.038 277.863 61.646 363.312 639.191 135.956 -1464.081 331.726 66.833 23.956 26.55 206.299 2549.133 2501.678 2113.19 1738.129 1383.82 1020.813 665.131 171.356 -0.458 19.226 69.122 3.967 -331.268 -677.185 -1015.472 -1358.795 -1697.845 -2037.048 -2371.979 -2696.686 395.203 640.869 417.633 60.73 5.341 -347.443 -703.278 629 605 902 29.06 32.14 55 10 2408 1 034
6032851 7497 2025/12/25 18:44:57 P15 73.95 25.43 0 8.27 36.51 955.52 982.61 318.909 548.859 3676.91 302.734 449.982 637.97 428.772 -35.4 -68.359 95.978 -14.954 186.462 677.795 148.163 538.33 915.222 123.901 382.843 563.049 434.265 -5000 -9.155 -918.274 -17.395 -15.869 14.954 277.405 60.73 363.312 636.292 149.384 -1463.013 331.573 66.833 21.973 20.905 204.468 2542.267 2500.305 2114.41 1737.061 1381.073 1015.93 657.349 169.22 3.51 18.158 68.97 6.104 -331.268 -677.49 -1017.609 -1362.457 -1702.728 -2043.457 -2382.05 -2706.757 393.677 639.496 418.701 60.577 3.815 -350.8 -706.024 618 605 902 29.09 31.83 55 10 2408 1 034
6032852 7497 2025/12/25 18:44:58 P15 73.95 25.43 0 8.32 36.51 955.53 982.61 319.214 548.401 3675.842 304.565 449.524 638.275 429.688 -78.43 -15.106 103.912 -14.954 187.225 680.237 150.604 539.246 913.086 123.749 382.538 562.439 433.96 -5000 2.136 -951.538 -19.379 -14.343 14.496 276.794 61.951 361.938 639.191 162.048 -1462.708 331.879 65.46 29.297 18.158 200.653 2545.471 2502.594 2107.544 1730.194 1369.934 1003.113 648.499 170.441 2.747 30.975 69.885 5.798 -334.32 -679.779 -1022.186 -1365.356 -1706.39 -2046.051 -2384.949 -2709.045 395.203 639.954 418.396 59.357 5.493 -354.767 -712.585 628 610 903 29.06 31.93 55 10 2408 1 034
6032853 7497 2025/12/25 18:44:59 P15 74.05 25.27 0 8.27 35.87 955.55 982.62 321.96 547.791 3675.995 308.533 451.05 633.698 429.688 21.057 -22.43 110.779 -16.632 185.699 680.237 149.384 539.093 913.544 122.833 382.385 562.744 433.197 -5000 -10.529 -983.276 -76.752 -14.343 14.648 277.252 60.425 362.091 638.733 157.318 -1466.522 332.336 66.528 23.193 26.093 198.517 2548.218 2501.831 2113.037 1737.213 1380.31 1017.151 662.079 171.509 -1.831 30.823 68.817 4.73 -333.252 -678.253 -1017.456 -1361.694 -1701.355 -2039.337 -2376.099 -2701.263 396.729 640.869 417.328 60.883 5.798 -348.206 -707.092 623 610 904 29.09 31.96 55 10 2408 1 034
6032854 7497 2025/12/25 18:45:00 P15 74.06 25.25 0 8.13 35.48 955.54 982.62 318.604 548.553 3674.622 311.432 451.05 637.665 429.077 -112.152 0.305 97.351 -15.106 187.073 679.932 151.215 538.635 915.527 123.444 383.148 563.202 433.96 -5000 -13.885 -1014.099 28.229 -15.411 13.58 277.1 62.103 363.77 640.411 153.503 -1466.675 332.031 66.071 21.973 26.245 197.296 2545.013 2500.763 2113.342 1739.349 1384.583 1022.949 667.267 173.187 4.73 20.142 68.359 5.341 -332.489 -676.575 -1015.472 -1358.643 -1698.303 -2036.743 -2377.167 -2697.601 395.813 639.648 417.48 61.493 5.798 -349.731 -704.346 623 610 904 29.09 31.96 55 10 2408 1 034
6032855 7497 2025/12/25 18:45:01 P15 73.98 25.27 0 8.15 34.91 955.55 982.61 320.74 548.401 3668.518 312.5 450.897 636.139 429.688 -48.981 5.951 104.065 -16.937 186.462 680.084 150.604 538.788 913.849 124.359 382.843 565.948 434.418 -5000 4.883 -1049.194 -65.918 -15.259 13.58 277.252 60.425 361.023 639.648 151.825 -1467.133 332.947 64.697 22.583 28.534 195.007 2546.234 2501.068 2111.664 1734.924 1377.411 1011.2 652.313 169.373 3.815 13.733 69.58 4.12 -330.048 -675.049 -1015.32 -1359.711 -1699.982 -2040.405 -2378.998 -2704.62 398.865 642.09 417.786 63.629 5.798 -347.9 -705.261 632 605 904 29.12 31.95 55 11 2408 1 034
6032856 7497 2025/12/25 18:45:02 P15 73.94 25.22 0 8.22 34.46 955.55 982.63 318.909 547.791 3675.537 315.247 449.829 640.259 430.908 61.951 -13.428 134.583 -16.327 186.462 679.932 152.283 540.161 915.222 123.901 384.369 567.78 434.57 -5000 -1.984 -1076.813 54.016 -14.801 14.648 277.71 60.425 363.464 639.648 165.405 -1468.964 333.862 66.071 28.534 21.515 193.634 2542.114 2501.984 2108.917 1729.889 1371.613 1006.317 650.33 167.236 4.425 19.531 68.817 5.493 -335.083 -680.695 -1021.576 -1366.272 -1708.069 -2047.119 -2387.543 -2709.351 399.475 638.885 418.396 59.204 4.272 -352.783 -711.212 620 605 904 29.09 31.93 55 11 2408 1 034
6032857 7497 2025/12/25 18:45:03 P15 74.01 25.34 0 8.1 34.01 955.53 982.62 319.824 548.859 3673.096 317.688 450.897 638.428 431.824 -103.76 25.787 114.136 -16.479 187.073 679.474 155.029 540.771 913.849 124.512 384.064 569.916 434.57 -5000 -2.441 -1103.668 -15.411 -16.174 14.954 277.405 61.035 362.396 643.768 188.141 -1465.149 334.625 66.986 24.567 21.515 191.498 2547.455 2501.678 2112.122 1737.061 1380.768 1015.625 659.637 169.22 1.984 10.986 69.58 1.831 -332.031 -677.643 -1016.693 -1358.948 -1699.524 -2037.964 -2374.725 -2699.127 400.238 640.411 419.006 62.256 3.815 -349.274 -705.414 624 605 904 29.08 31.96 55 12 2408 1 034
6032858 7497 2025/12/25 18:45:04 P15 73.98 25.29 0 8.15 33.55 955.55 982.62 321.045 549.469 3674.316 323.181 452.118 641.174 431.519 -80.719 -30.67 146.79 -16.174 185.242 681.61 156.708 541.534 915.07 124.512 385.59 573.883 435.486 -5000 1.984 -1130.829 12.207 -17.242 14.496 278.473 62.103 363.464 643.005 184.631 -1468.201 336.151 66.376 24.567 24.719 190.43 2546.082 2500 2113.037 1731.72 1383.667 1024.323 667.267 165.405 -0.458 13.58 70.496 5.188 -332.947 -678.253 -1015.167 -1359.253 -1698.151 -2035.828 -2371.826 -2695.923 399.933 640.717 416.87 63.477 6.104 -347.748 -701.599 630 605 903 29.09 31.91 55 12 2408 1 034
6032859 7497 2025/12/25 18:45:05 P15 73.98 25.33 0 8.25 33.1 955.55 982.61 322.876 547.485 3674.011 327.911 451.508 643.463 432.739 -7.324 -41.351 137.939 -16.632 185.699 683.746 159.912 543.671 913.239 124.207 386.353 579.071 435.333 -5000 7.324 -1160.583 -11.749 -14.801 14.191 279.388 61.798 362.396 647.43 186.005 -1469.421 336.914 65.002 26.093 26.55 188.751 2546.692 2500.916 2111.359 1735.077 1375.427 1008.606 651.245 161.285 4.12 18.005 68.817 6.561 -329.285 -675.507 -1016.693 -1361.694 -1701.355 -2042.847 -2381.287 -2705.383 401.611 638.58 417.48 61.798 6.409 -348.511 -705.872 622 605 903 29.12 31.9 55 13 2408 1 034
6032860 7497 2025/12/25 18:45:06 P15 74 25.26 0 8.25 32.5 955.54 982.6 321.655 549.774 3675.69 336.914 452.271 643.311 432.892 -91.553 -47.913 118.408 -15.411 188.293 685.272 162.201 545.502 913.849 124.054 388.031 584.259 435.944 -5000 3.357 -1186.523 -51.422 -14.801 13.58 279.236 63.324 364.838 648.041 162.354 -1469.116 338.593 65.765 26.093 25.024 187.683 2547.15 2501.678 2108.765 1728.973 1372.07 1004.944 650.635 161.438 4.73 13.58 71.869 5.188 -331.421 -677.643 -1018.982 -1363.22 -1705.627 -2044.678 -2383.575 -2707.062 405.884 639.648 417.175 58.136 5.798 -351.257 -709.991 631 600 903 29.13 31.82 55 14 2408 1 034
6032861 7497 2025/12/25 18:45:07 P15 73.98 25.33 0 8.22 32.23 955.57 982.61 319.977 548.859 3676.605 343.17 452.881 640.106 433.807 37.842 -16.327 137.634 -16.174 187.225 685.425 165.558 548.553 915.07 123.901 390.625 590.057 436.859 -5000 -9.003 -1215.668 -46.844 -16.785 14.496 279.541 63.629 366.821 649.567 159.76 -1470.184 341.034 67.139 28.839 28.992 186.615 2541.504 2500.153 2112.122 1737.518 1381.531 1017.914 664.52 163.574 2.441 13.428 71.564 1.373 -332.794 -678.406 -1017.761 -1361.847 -1701.508 -2039.948 -2376.556 -2701.721 404.968 640.106 419.464 63.019 5.035 -351.257 -706.635 618 600 903 29.13 31.84 55 16 2408 1 034
6032862 7497 2025/12/25 18:45:08 P15 73.94 25.26 0 8.15 31.94 955.55 982.6 321.96 549.927 3676.91 353.088 453.033 655.365 435.181 -19.379 -4.272 170.746 -15.869 187.073 686.798 169.525 551.605 915.985 124.359 391.846 596.924 439.453 -5000 -3.204 -1241.913 -56.152 -16.632 14.038 280.762 64.087 367.889 652.618 178.07 -1470.337 342.712 66.833 21.21 25.635 185.089 2542.419 2501.678 2112.274 1739.044 1379.547 1015.015 652.771 159.302 3.815 -4.272 70.648 4.883 -329.742 -673.523 -1014.404 -1357.727 -1698.914 -2038.574 -2376.709 -2702.942 406.647 639.648 418.091 62.408 4.883 -347.748 -701.294 631 600 903 29.06 31.67 55 19 2408 1 034
6032863 7497 2025/12/25 18:45:09 P15 73.94 25.27 0 8.15 31.39 955.54 982.6 324.707 550.69 3678.741 359.65 454.712 660.553 435.486 44.708 -28.992 151.52 -16.022 187.073 693.359 171.661 555.725 914.917 123.901 392.761 605.469 440.826 -5000 0 -1266.479 25.787 -16.632 14.191 280.914 65.613 368.958 657.806 172.882 -1469.116 345.764 66.833 19.531 29.907 184.021 2543.03 2500.305 2110.901 1731.262 1371.765 1006.165 650.94 155.64 5.188 -4.272 70.496 3.51 -331.726 -676.27 -1017.761 -1362.457 -1703.033 -2043.915 -2383.423 -2707.214 407.41 639.038 417.48 61.035 7.324 -349.579 -707.245 628 595 903 29.08 31.56 55 23 2408 1 034
6032864 7497 2025/12/25 18:45:10 P15 73.94 25.26 0 8.22 31.09 955.55 982.58 322.266 550.537 3680.573 369.415 456.543 666.656 436.707 -1.068 -31.281 127.716 -16.022 188.599 693.665 174.255 560.913 914.917 123.138 397.186 612.488 443.115 -5000 -9.766 -1287.079 -34.18 -16.632 15.106 281.677 65.918 369.415 657.501 186.92 -1471.863 347.748 71.411 26.855 32.043 182.037 2541.656 2502.594 2110.748 1732.788 1377.563 1012.421 656.586 156.555 1.221 17.853 72.174 3.052 -334.778 -679.932 -1019.287 -1363.068 -1703.796 -2041.931 -2381.897 -2704.468 409.088 639.191 417.48 58.899 3.052 -349.426 -706.024 630 595 903 29.06 31.67 56 27 2408 1 034
6032865 7497 2025/12/25 18:45:11 P15 73.94 25.37 0 8.25 30.93 955.53 982.59 321.655 552.826 3683.319 381.622 458.221 670.471 437.012 -42.877 -42.572 161.285 -14.954 188.446 697.937 178.833 565.948 914.001 124.512 398.254 621.643 446.777 -5000 -1.831 -1311.188 -27.924 -15.717 14.343 281.982 68.054 370.789 666.046 167.084 -1472.626 351.105 68.512 22.583 33.417 182.19 2547.15 2501.068 2114.563 1741.333 1384.888 1023.102 665.588 149.384 5.493 14.038 71.259 7.477 -331.573 -675.507 -1012.421 -1357.422 -1696.93 -2033.997 -2371.063 -2696.991 410.767 639.038 418.396 66.376 4.425 -346.069 -700.531 630 595 903 29.06 31.67 56 27 2408 1 034
6032866 7497 2025/12/25 18:45:12 P15 73.98 25.29 0 8.29 30.44 955.55 982.63 324.707 553.284 3687.439 393.524 461.731 665.894 438.232 -80.261 -37.231 148.315 -15.869 188.751 703.43 181.274 571.289 912.323 124.512 400.543 631.409 449.982 -5000 1.068 -1334.229 -91.553 -14.801 15.259 283.508 68.054 374.451 669.403 179.749 -1473.389 353.546 68.054 26.245 30.365 180.969 2546.997 2502.441 2113.342 1736.45 1379.089 1012.878 654.449 148.773 6.714 5.951 72.784 4.883 -331.879 -676.575 -1017.456 -1361.389 -1702.118 -2041.473 -2378.693 -2704.773 412.14 639.801 419.006 62.408 5.341 -347.9 -703.735 625 590 900 29.1 31.54 57 31 2408 1 034
6032867 7497 2025/12/25 18:45:13 P15 73.87 25.25 0 8.17 30.21 955.54 982.6 323.792 553.284 3687.134 402.985 464.172 687.408 439.148 -36.163 -24.109 131.378 -15.411 190.582 704.651 185.699 578.003 913.086 125.122 401.764 640.411 454.712 -5000 -4.12 -1353.607 -12.207 -15.259 15.411 283.203 70.496 376.892 673.828 175.629 -1473.846 356.75 68.817 29.755 29.144 180.206 2546.997 2499.695 2108.154 1728.668 1369.934 1003.723 648.041 146.027 7.629 7.935 72.021 6.561 -334.167 -680.695 -1021.423 -1364.746 -1705.933 -2046.204 -2383.728 -2709.045 414.886 635.986 417.938 60.425 4.578 -351.868 -709.534 626 590 900 29.09 31.33 58 36 2408 1 034
6032868 7497 2025/12/25 18:45:14 P15 74.01 25.33 0 8.1 29.93 955.54 982.59 325.317 554.657 3695.068 413.055 467.529 694.885 439.453 56.458 -29.449 134.125 -16.785 190.582 709.534 186.615 584.564 911.865 125.732 406.036 651.093 457.306 -5000 7.324 -1374.512 -26.855 -16.937 14.191 285.492 71.106 379.333 676.422 167.236 -1473.999 359.497 70.343 26.55 26.093 179.138 2544.403 2499.695 2111.511 1735.992 1379.852 1016.541 659.18 143.738 6.104 1.373 73.242 6.256 -331.268 -677.795 -1017.609 -1360.779 -1702.423 -2040.558 -2376.862 -2701.416 415.649 638.275 418.243 60.577 4.425 -349.579 -703.888 632 585 897 29.06 31.25 59 41 2408 1 034
6032869 7497 2025/12/25 18:45:15 P15 73.98 25.3 0 8.17 29.55 955.53 982.61 326.08 556.335 3699.799 423.431 470.886 700.836 440.521 -43.793 -32.654 127.869 -16.785 190.735 715.79 190.735 591.736 912.17 126.19 406.952 661.163 463.104 -5000 19.531 -1397.247 18.616 -14.648 15.717 285.645 72.784 385.437 681.763 179.291 -1475.983 363.159 68.512 29.602 19.989 178.528 2548.218 2499.695 2114.563 1741.486 1383.972 1019.592 661.774 141.602 7.019 -2.899 72.784 8.24 -332.184 -676.422 -1015.32 -1358.185 -1698.608 -2037.964 -2375.183 -2702.484 417.328 637.207 418.549 72.021 5.493 -346.069 -700.989 631 585 897 29.12 31.11 61 46 2408 1 034
6032870 7497 2025/12/25 18:45:16 P15 73.94 25.22 0 8.17 29.32 960.2 982.61 327.148 558.624 3710.022 435.944 475.616 714.569 441.589 14.954 -26.855 103.76 -16.022 192.261 716.248 191.956 599.213 912.628 125.58 411.224 671.234 468.14 -5000 -0.61 -1418.762 46.387 -16.174 14.191 288.086 75.989 385.895 684.662 162.201 -1474.304 365.906 71.411 27.618 22.278 177.46 2544.861 2501.526 2110.596 1732.483 1372.986 1007.08 650.635 140.381 6.104 1.373 74.005 2.594 -332.947 -678.253 -1018.982 -1362 -1704.102 -2043.915 -2383.27 -2708.588 418.243 639.191 415.649 62.714 5.646 -350.189 -706.787 631 580 895 29.13 31.02 63 52 2408 1 034
6032871 7497 2025/12/25 18:45:17 P15 73.85 25.34 0 8.03 29.25 960.18 982.61 330.963 558.319 3717.499 452.881 480.042 717.926 442.505 -62.561 7.172 139.008 -15.411 196.686 721.893 193.481 607.452 912.323 126.343 414.124 681.305 471.649 -5000 -9.003 -1442.261 18.005 -15.259 14.496 288.391 75.378 391.235 690.918 162.201 -1475.983 369.873 72.021 27.618 19.836 177.917 2548.065 2501.221 2109.68 1733.398 1375.427 1009.674 655.67 135.956 9.155 -14.648 73.09 9.308 -335.083 -679.626 -1021.423 -1364.594 -1705.017 -2045.288 -2383.118 -2706.757 422.974 637.665 420.227 58.899 3.967 -353.546 -711.823 626 580 895 29.09 31.01 65 57 2408 1 034
6032872 7497 2025/12/25 18:45:18 P15 73.91 25.19 0 8.25 28.96 960.17 982.6 333.557 560.455 3724.67 463.562 483.704 725.708 443.268 -28.381 -5.646 152.74 -17.548 195.16 726.776 196.533 615.234 907.898 127.869 417.328 692.291 477.6 -5000 1.984 -1462.25 -18.463 -15.106 14.954 290.527 79.498 393.524 695.038 161.591 -1474.609 373.383 72.632 25.177 23.041 176.544 2546.539 2500.916 2114.258 1742.249 1387.939 1026.611 668.03 131.378 8.85 -6.714 73.09 7.324 -330.505 -673.676 -1011.047 -1355.286 -1696.167 -2035.828 -2372.894 -2698.669 424.805 638.733 418.091 64.392 5.493 -346.222 -698.7 626 575 892 29.08 30.84 67 62 2408 1 034
6032873 7497 2025/12/25 18:45:19 P15 73.95 25.23 0 8.12 28.78 960.2 982.57 325.47 561.218 3734.589 474.396 488.434 739.288 444.946 -31.281 -10.986 157.928 -16.479 197.906 728.912 196.228 623.627 912.476 128.021 420.837 703.735 483.704 -5000 -12.054 -1478.424 4.73 -14.343 16.174 291.29 82.092 398.56 701.904 188.141 -1480.408 377.35 76.141 28.076 21.515 176.392 2544.708 2500.763 2110.748 1735.382 1377.106 1012.573 655.975 126.19 5.646 6.866 72.937 2.747 -333.099 -677.948 -1017.303 -1360.626 -1702.576 -2041.016 -2379.303 -2706.146 425.72 637.054 413.818 63.019 3.815 -348.358 -706.024 635 575 892 29.06 30.71 70 67 2408 1 034
6032874 7497 2025/12/25 18:45:20 P15 73.88 25.26 0 8.05 28.46 960.19 982.61 325.928 561.676 3744.659 487.366 493.927 752.411 444.946 49.286 27.618 132.446 -16.327 199.127 734.558 198.364 631.409 912.018 129.089 424.194 712.585 489.655 -5000 -0.305 -1502.533 -5.951 -15.106 16.327 292.053 84.381 403.29 706.024 183.563 -1480.255 379.944 79.651 27.618 21.21 176.086 2543.182 2500.61 2107.239 1727.753 1368.713 1004.028 647.278 121.002 9.918 -1.831 76.752 5.798 -331.879 -678.406 -1019.897 -1364.746 -1705.933 -2045.898 -2384.491 -2709.503 427.856 637.97 418.854 60.12 7.629 -351.41 -710.602 632 575 888 29.13 30.57 73 72 2408 1 034
6032875 7497 2025/12/25 18:45:21 P15 73.89 25.27 0 8.1 28.19 960.18 982.58 329.132 563.354 3752.136 499.268 500.031 756.989 445.862 77.972 24.109 141.144 -17.395 201.111 740.051 201.569 640.106 910.339 130.31 426.941 724.182 496.368 -5000 -1.221 -1522.064 -49.438 -15.411 15.106 292.969 85.602 407.257 710.144 180.359 -1476.593 384.674 79.346 28.229 23.804 174.866 2546.387 2501.678 2118.073 1745.758 1389.923 1029.663 670.929 119.019 8.545 -13.885 74.921 1.068 -332.184 -676.27 -1013.641 -1356.201 -1695.862 -2034.302 -2367.706 -2692.719 428.467 639.496 417.328 64.392 7.019 -347.748 -697.937 632 575 888 29.13 30.57 73 72 2408 1 034
6032876 7497 2025/12/25 18:45:22 P15 73.98 25.36 0 8.05 28.21 960.18 982.6 328.522 564.117 3765.411 516.052 505.981 775.452 446.777 -9.613 -8.087 120.85 -15.717 203.094 744.781 202.637 648.346 911.255 131.836 431.519 734.253 501.556 -5000 -9.918 -1536.407 -15.869 -16.327 16.632 294.952 88.043 413.055 714.111 161.591 -1475.372 388.641 82.55 29.144 28.839 175.018 2543.64 2500.458 2115.784 1742.096 1384.125 1022.339 662.537 111.084 9.46 -16.327 72.327 6.561 -332.336 -676.117 -1015.625 -1358.032 -1698.761 -2037.811 -2375.793 -2701.874 430.45 638.58 419.312 63.629 4.12 -348.206 -701.904 623 570 885 29.05 30.38 76 77 2408 1 034
6032877 7497 2025/12/25 18:45:23 P15 73.85 25.36 0 8.22 28.21 960.18 982.61 329.742 565.796 3778.076 528.564 511.78 787.354 446.93 30.212 -15.717 134.125 -16.785 205.231 743.103 201.874 656.738 910.339 132.751 435.486 744.019 509.644 -5000 -3.204 -1554.871 45.624 -15.717 16.479 296.783 90.332 417.48 720.215 163.422 -1478.882 391.846 81.177 20.599 27.008 173.34 2546.997 2501.221 2110.596 1730.347 1373.291 1007.233 650.024 106.049 9.766 -6.409 74.005 5.798 -334.32 -678.711 -1018.524 -1363.983 -1701.508 -2043.152 -2382.965 -2708.13 433.35 638.428 419.617 62.256 5.035 -350.189 -708.466 631 560 885 29.05 30.22 80 83 2408 1 034
6032878 7497 2025/12/25 18:45:24 P15 73.89 25.37 0 8.2 27.97 960.15 982.6 327.911 569 3788.605 539.093 518.036 791.779 448.151 0.916 -31.281 146.942 -15.717 208.588 749.817 200.653 663.91 910.645 133.667 437.317 754.852 515.594 -5000 -2.747 -1576.538 29.449 -15.106 16.174 298.462 93.994 425.415 723.724 171.967 -1482.544 395.66 83.466 29.144 20.752 173.187 2544.708 2500.916 2110.291 1732.483 1379.089 1013.641 656.586 107.88 9.308 -7.172 76.447 3.204 -337.982 -682.831 -1021.881 -1365.051 -1706.085 -2044.067 -2382.507 -2705.688 433.197 637.97 420.532 61.035 3.357 -351.562 -708.313 626 560 882 29.09 30.02 85 89 2408 1 034
6032879 7497 2025/12/25 18:45:25 P15 73.79 25.27 0 8.05 27.92 960.19 982.59 326.996 570.374 3802.49 550.079 524.292 804.749 448.761 -24.872 -29.755 135.04 -16.022 211.639 756.073 202.637 672.913 910.339 135.04 440.826 765.381 522.919 -5000 -2.594 -1597.748 1.678 -15.411 16.022 299.835 96.893 428.772 726.471 158.234 -1480.56 399.933 85.907 22.583 23.193 173.035 2545.929 2501.373 2114.716 1740.875 1386.871 1023.865 667.114 101.318 14.496 -16.174 74.31 6.104 -333.71 -676.575 -1015.167 -1358.032 -1697.845 -2036.285 -2373.352 -2698.212 433.655 637.054 420.227 66.223 4.12 -348.816 -703.735 631 560 881 29.06 29.87 91 96 2408 1 034
6032880 7497 2025/12/25 18:45:26 P15 73.89 25.25 0 8.03 27.74 960.18 982.59 328.827 571.289 3813.629 563.812 530.548 812.836 449.524 -71.869 -54.016 147.4 -16.479 212.708 760.193 204.315 679.321 908.508 136.871 445.251 773.773 527.954 -5000 -3.662 -1616.974 -34.943 -16.632 17.09 301.666 98.114 437.317 734.863 183.716 -1481.171 402.985 86.67 24.872 26.245 173.645 2547.455 2500.61 2111.664 1733.704 1375.427 1004.639 645.905 95.825 12.054 -7.935 75.684 5.035 -332.947 -677.185 -1017.303 -1360.931 -1702.271 -2042.236 -2381.744 -2707.062 438.69 636.749 420.532 64.087 2.594 -347.595 -704.498 626 555 881 29.06 29.84 97 103 2408 1 034
6032881 7497 2025/12/25 18:45:27 P15 73.88 25.25 0 7.95 27.38 960.25 982.6 333.862 572.968 3826.752 575.409 536.652 826.416 449.677 -73.09 -33.264 125.732 -16.937 215.607 761.871 203.094 687.256 909.119 138.092 447.693 783.691 535.736 -5000 -3.967 -1634.216 -43.945 -15.564 15.717 303.65 101.776 439.148 741.882 195.312 -1478.882 407.41 89.417 25.482 26.245 172.272 2546.997 2500.763 2108.612 1731.262 1372.833 1007.08 651.398 91.248 13.428 -9.46 75.684 5.798 -333.252 -679.474 -1019.44 -1363.373 -1704.712 -2044.22 -2382.812 -2707.825 438.232 637.36 421.295 56.763 4.73 -353.546 -711.365 623 550 877 29.06 29.66 103 110 2408 1 034
6032882 7497 2025/12/25 18:45:28 P15 73.77 25.33 0 8.05 27.35 960.18 982.6 332.031 572.815 3839.417 584.106 542.755 835.876 450.745 -36.316 -17.09 142.517 -17.09 218.964 766.144 202.789 695.19 908.508 139.465 450.287 792.694 541.687 -5000 -3.51 -1651.154 -37.231 -17.395 16.479 304.718 103.76 445.709 745.85 184.631 -1482.391 408.936 92.621 26.703 24.567 172.577 2545.776 2501.068 2115.326 1741.943 1389.771 1027.985 670.166 85.449 10.681 2.594 74.158 4.883 -333.252 -676.88 -1015.015 -1358.032 -1696.472 -2035.675 -2372.589 -2698.669 440.216 638.885 419.159 67.596 6.561 -353.241 -704.193 625 550 877 29.12 29.5 110 115 2408 1 034
6032883 7497 2025/12/25 18:45:29 P15 73.87 25.26 0 7.73 27.18 960.17 982.59 326.691 574.951 3851.929 597.229 549.316 843.658 451.355 -104.218 -16.174 136.108 -15.717 222.168 769.043 204.62 701.447 909.271 141.449 455.78 802.155 547.943 -5000 -4.883 -1668.396 -1.373 -16.174 17.395 306.091 106.812 452.118 747.07 183.258 -1477.356 414.581 94.757 27.618 31.128 171.967 2543.182 2501.068 2114.716 1739.807 1379.547 1013.641 655.975 77.362 12.665 0.61 75.989 5.798 -331.879 -676.88 -1015.93 -1360.321 -1701.202 -2040.1 -2378.54 -2703.247 441.284 637.207 420.99 63.934 4.883 -354.462 -706.329 629 545 873 29.08 29.39 115 120 2408 1 034
6032884 7497 2025/12/25 18:45:30 P15 73.87 25.27 0 7.91 27.04 960.19 982.59 328.369 575.867 3864.136 603.943 555.878 852.661 452.118 85.754 -6.104 130.31 -15.564 226.288 768.585 196.228 709.534 907.898 143.127 456.543 810.852 553.741 -5000 -17.7 -1687.317 44.25 -15.259 17.09 307.007 107.269 457.916 757.599 166.931 -1477.509 417.938 100.098 29.755 23.041 171.814 2547.302 2502.899 2108.765 1728.973 1371.155 1004.181 648.956 81.024 12.36 -13.123 77.209 3.204 -334.93 -681.61 -1020.813 -1365.509 -1706.543 -2046.051 -2383.575 -2708.13 444.336 638.428 421.753 62.561 5.951 -349.731 -708.618 624 540 873 29.09 29.34 121 125 2408 1 034
6032885 7497 2025/12/25 18:45:31 P15 73.81 25.27 0 7.91 27.01 960.2 982.61 327.759 577.24 3877.411 617.218 560.455 862.732 453.033 -38.757 -24.872 155.334 -15.259 229.034 774.689 197.754 715.179 908.966 145.264 459.9 819.855 560.608 -5000 -3.967 -1706.696 27.161 -16.327 17.242 309.753 112 463.409 762.482 145.416 -1477.356 421.6 99.792 28.229 20.142 170.593 2546.234 2500.61 2111.664 1736.908 1380.92 1017.914 663.147 73.395 14.343 -11.597 75.073 5.493 -332.336 -676.117 -1016.235 -1357.422 -1699.219 -2038.422 -2375.641 -2698.975 444.031 636.292 421.753 65.308 5.646 -371.857 -719.299 629 535 867 29.1 29.18 127 130 2408 1 034
6032886 7497 2025/12/25 18:45:32 P15 73.78 25.29 0 7.91 26.71 960.2 982.65 332.184 578.613 3890.381 632.172 567.932 871.277 453.033 -85.907 -37.537 145.416 -17.09 233.307 774.841 199.127 721.436 908.203 146.942 464.63 828.857 566.101 -5000 -8.392 -1727.905 -9.918 -16.632 17.242 311.279 112.61 468.292 766.449 175.629 -1487.274 424.805 101.166 30.518 27.466 170.746 2545.166 2501.068 2113.19 1737.061 1379.089 1013.184 655.06 71.564 12.817 6.714 75.836 3.967 -332.031 -677.338 -1016.998 -1360.474 -1702.118 -2040.71 -2378.387 -2705.536 445.404 639.343 419.922 67.444 4.73 -348.816 -704.041 629 535 867 29.1 29.18 127 130 2408 1 034
6032887 7497 2025/12/25 18:45:33 P15 73.77 25.27 0 7.93 26.83 960.21 982.61 328.674 578.308 3902.74 639.801 576.172 881.5 453.644 69.733 -24.872 169.678 -17.548 236.359 779.266 208.13 727.692 908.051 148.621 467.682 836.792 570.831 -5000 -12.054 -1738.739 40.283 -16.937 17.395 312.347 116.425 474.701 768.28 184.021 -1480.103 428.467 104.523 29.297 20.752 171.509 2543.182 2500.305 2109.985 1730.042 1372.833 1006.47 651.55 63.477 13.275 0.763 75.836 4.12 -335.083 -681.305 -1021.729 -1365.204 -1706.39 -2046.204 -2384.949 -2708.893 447.998 635.376 423.279 63.019 3.662 -353.241 -710.907 624 530 860 29.09 28.75 132 134 2408 1 034
6032888 7497 2025/12/25 18:45:34 P15 73.77 25.34 0 7.93 26.58 960.23 982.61 331.268 579.834 3914.337 650.94 579.071 889.893 453.796 21.667 -15.259 148.468 -17.548 238.953 783.234 204.163 734.406 906.83 150.757 469.666 846.71 578.613 -5000 -9.308 -1752.93 -18.311 -17.242 17.7 314.331 120.392 479.279 777.588 182.495 -1482.391 432.129 106.201 33.417 21.973 170.441 2545.471 2499.542 2112.274 1735.535 1380.92 1018.829 661.774 59.509 12.36 -14.191 76.904 6.409 -331.573 -676.422 -1016.083 -1360.931 -1699.829 -2037.964 -2376.251 -2698.975 449.371 636.292 421.448 63.019 5.493 -351.41 -705.414 623 525 860 29.09 28.75 137 137 2408 1 034
6032889 7497 2025/12/25 18:45:35 P15 73.85 25.36 0 7.79 26.45 960.17 982.61 326.385 582.275 3924.866 657.959 586.09 891.724 454.559 -23.956 -9.003 153.961 -17.395 244.751 784.149 199.89 739.594 905.914 151.978 471.344 854.797 582.275 -5000 -4.12 -1767.12 17.242 -14.343 17.395 315.094 120.392 486.45 784.302 175.018 -1481.934 436.249 107.117 29.449 20.752 169.83 2547.607 2501.678 2112.274 1735.382 1375.732 1011.353 653.534 50.507 15.106 -8.392 76.599 7.782 -331.421 -675.964 -1015.625 -1359.253 -1699.524 -2039.032 -2377.625 -2702.942 451.355 635.681 423.737 66.528 4.272 -348.969 -705.109 627 520 850 29.12 28.78 141 140 2408 1 034
6032890 7497 2025/12/25 18:45:36 P15 73.88 25.17 0 8.02 26.28 960.19 982.59 328.827 584.106 3935.242 671.387 589.905 903.473 454.865 49.286 5.646 132.751 -16.632 248.26 786.438 200.195 745.239 908.203 154.572 475.006 863.037 587.616 -5000 -9.003 -1784.363 15.869 -16.327 17.09 316.925 125.275 491.943 788.727 209.351 -1479.187 438.69 109.863 25.787 21.21 169.983 2545.319 2500.458 2109.68 1732.788 1374.207 1008.759 653.534 43.64 16.327 -18.158 76.447 5.646 -336.304 -682.526 -1023.712 -1367.188 -1708.679 -2047.577 -2385.101 -2708.588 453.033 638.58 423.737 65.613 5.188 -355.377 -712.738 619 520 844 29.1 28.56 145 143 2408 1 034
6032891 7497 2025/12/25 18:45:37 P15 73.82 25.3 0 7.83 26.34 960.2 982.62 332.184 583.954 3945.465 681.305 596.008 902.863 455.475 -63.477 -1.526 146.179 -15.564 250.092 789.49 202.942 751.038 905.151 157.318 477.295 870.819 592.804 -5000 -5.646 -1802.368 -8.24 -15.564 18.158 318.909 125.885 496.521 790.558 183.716 -1480.713 442.657 112.457 23.193 21.362 168.915 2548.676 2501.373 2112.274 1738.129 1383.057 1021.576 664.52 41.809 17.09 -13.275 76.447 5.035 -331.116 -676.575 -1015.167 -1359.863 -1699.524 -2037.659 -2373.505 -2697.296 455.017 639.801 424.5 68.512 5.646 -346.222 -701.141 613 515 844 29.08 28.44 149 145 2408 1 034
6032892 7497 2025/12/25 18:45:38 P15 73.77 25.32 0 7.84 26.16 960.19 982.63 326.385 584.259 3955.536 689.24 601.807 913.391 456.085 -24.414 29.449 151.672 -19.073 252.991 789.185 203.4 756.683 905.762 159.149 480.499 877.838 597.534 -5000 -5.341 -1817.474 4.883 -13.428 16.937 319.824 125.58 501.556 797.119 150.909 -1479.187 446.014 113.831 24.567 15.869 169.22 2546.082 2499.084 2117.615 1745.605 1390.991 1027.374 671.234 29.297 17.395 -5.493 76.447 7.477 -329.895 -673.676 -1011.658 -1355.438 -1695.709 -2033.844 -2369.385 -2695.618 457.153 637.512 424.805 70.343 5.951 -348.206 -699.768 622 510 832 29.15 28.34 153 147 2408 1 034
6032893 7497 2025/12/25 18:45:39 P15 73.79 25.3 0 7.93 26.1 960.22 982.6 327.301 585.327 3961.945 698.395 606.689 917.206 456.543 3.967 9.155 163.269 -17.853 257.263 792.847 201.416 760.803 907.135 161.591 481.72 885.468 603.18 -5000 5.493 -1829.224 -2.289 -16.479 16.632 320.587 130.92 507.355 804.596 154.419 -1483.917 449.524 116.577 27.466 21.057 169.373 2546.082 2501.526 2113.647 1736.45 1381.226 1016.998 659.637 29.755 13.275 -20.294 76.752 4.425 -327.148 -673.523 -1013.947 -1359.711 -1700.134 -2039.795 -2375.946 -2700.043 457.306 637.36 423.126 69.885 4.12 -350.342 -705.566 626 510 832 29.08 28.23 156 148 2408 1 034
6032894 7497 2025/12/25 18:45:40 P15 73.81 25.23 0 7.78 26.04 960.18 982.63 325.775 585.785 3970.032 710.602 610.962 925.293 456.543 -25.94 -5.188 127.411 -16.785 263.062 791.168 196.838 765.533 905.304 162.659 484.009 892.639 606.537 -5000 -14.343 -1842.194 -5.493 -14.801 16.479 322.876 133.972 514.526 810.242 160.675 -1484.985 452.118 117.34 25.024 24.414 168.61 2544.556 2502.899 2113.342 1742.249 1387.634 1025.543 671.082 28.076 17.242 -7.935 78.43 2.899 -334.167 -678.406 -1015.93 -1358.643 -1697.693 -2035.37 -2371.674 -2697.144 458.069 637.97 420.074 67.749 5.188 -346.069 -699.31 618 505 819 29.06 28.05 159 149 2408 1 034
6032895 7497 2025/12/25 18:45:41 P15 73.73 25.19 0 7.86 25.93 960.24 982.63 325.775 586.548 3977.509 714.722 615.997 930.176 457.001 -2.747 -28.229 132.904 -17.242 266.266 792.389 195.465 770.111 906.982 166.321 486.908 899.963 611.115 -5000 -12.512 -1859.589 -14.496 -15.106 16.632 323.486 135.803 518.799 814.362 158.691 -1482.697 455.017 120.85 24.719 21.82 168.152 2545.166 2500 2118.073 1743.011 1389.923 1027.222 667.572 21.515 17.395 -4.883 77.209 6.866 -328.064 -672.302 -1011.047 -1354.98 -1695.404 -2034.149 -2372.742 -2698.364 461.426 637.36 425.415 69.427 4.73 -346.527 -700.684 624 505 814 29.08 27.99 161 150 2408 1 034
6032896 7497 2025/12/25 18:45:42 P15 73.74 25.27 0 7.73 25.82 960.22 982.61 323.792 587.463 3986.206 728.302 620.117 941.925 458.069 -57.983 -21.21 120.239 -18.005 269.928 794.22 201.416 774.994 907.288 165.71 489.655 907.745 615.387 -5000 -9.613 -1873.627 25.94 -16.022 17.395 325.928 137.482 524.445 815.887 168.152 -1482.849 458.679 123.749 25.94 22.278 167.999 2541.504 2500.61 2112.427 1737.213 1373.596 1014.709 661.469 14.648 17.7 -9.46 75.989 4.272 -335.388 -680.389 -1018.372 -1362.152 -1701.508 -2039.185 -2376.251 -2699.89 459.595 638.275 423.431 71.716 4.272 -347.137 -702.362 624 505 814 29.08 27.99 161 150 2408 1 034
6032897 7497 2025/12/25 18:45:43 P15 73.81 25.27 0 7.95 25.65 960.21 982.6 323.486 588.684 3992.157 734.1 624.695 943.909 457.764 45.319 0.763 135.803 -17.395 274.506 791.168 194.55 778.809 906.372 169.678 489.197 914.612 619.965 -5000 -15.106 -1887.512 6.866 -14.038 16.327 326.538 139.008 529.785 825.348 172.882 -1485.596 461.731 126.801 29.755 16.174 167.847 2545.319 2501.221 2118.683 1745.911 1390.533 1028.9 672.455 4.73 19.073 -14.343 76.141 5.341 -330.505 -674.438 -1012.726 -1355.896 -1694.946 -2033.539 -2368.164 -2694.702 464.172 637.36 426.025 72.479 4.578 -346.375 -699.768 619 495 805 29.08 27.61 164 150 2408 1 034
6032898 7497 2025/12/25 18:45:44 P15 73.82 25.25 0 7.69 25.69 960.2 982.63 329.132 588.379 4002.533 747.375 628.662 945.892 458.221 -13.885 7.477 130.463 -17.395 276.489 799.866 197.449 782.776 906.219 171.661 491.486 922.546 626.373 -5000 -13.275 -1903.687 -69.275 -15.717 15.869 328.064 142.517 533.295 827.332 169.373 -1479.187 463.867 126.648 28.839 25.024 168.152 2547.607 2500.916 2115.021 1740.417 1382.599 1018.219 659.485 -0.61 17.09 -20.905 75.378 4.272 -331.573 -676.27 -1014.404 -1358.49 -1699.677 -2039.337 -2377.625 -2703.705 463.104 639.496 424.805 70.953 4.883 -344.696 -699.463 617 490 805 29.08 27.61 166 151 2408 1 034
6032899 7497 2025/12/25 18:45:45 P15 73.68 25.27 0 7.91 25.66 960.22 982.63 326.233 587.769 4000.854 752.563 632.935 956.573 458.069 115.814 -26.55 142.67 -17.242 281.067 801.697 195.312 787.048 907.745 173.645 491.486 927.734 628.662 -5000 -10.529 -1915.283 14.954 -16.022 16.022 329.437 142.67 538.94 832.52 181.732 -1482.544 467.377 130.768 29.602 25.024 167.542 2547.607 2502.136 2104.187 1727.142 1367.645 1001.282 647.278 -7.782 17.242 -6.409 76.294 2.289 -333.71 -680.695 -1022.491 -1366.425 -1707.458 -2046.204 -2385.101 -2710.266 465.24 638.275 424.805 67.902 5.493 -353.394 -709.991 623 485 798 29.12 27.59 168 151 2408 1 034
6032900 7497 2025/12/25 18:45:46 P15 73.67 25.36 0 7.54 25.59 960.22 982.62 323.639 589.447 4009.705 758.667 636.902 958.71 458.832 58.899 -33.417 120.85 -16.479 286.102 802.002 188.446 791.016 903.625 175.781 493.317 935.059 632.019 -5000 -8.24 -1928.558 -11.444 -16.327 15.106 330.353 145.416 544.434 839.844 161.743 -1488.495 470.123 131.531 23.956 28.229 167.694 2545.319 2502.441 2113.647 1742.401 1385.498 1024.78 668.335 -15.717 18.616 -10.376 74.768 3.967 -332.336 -677.49 -1015.778 -1358.643 -1699.524 -2036.591 -2373.657 -2700.195 465.851 638.275 425.72 73.09 5.188 -348.969 -700.531 622 485 798 29.06 27.51 170 150 2408 1 034
6032901 7497 2025/12/25 18:45:47 P15 73.64 25.36 0 7.83 25.59 960.21 982.63 324.707 589.905 4019.47 771.179 641.479 967.712 459.747 -34.332 -4.73 118.713 -16.022 287.781 803.375 192.261 794.83 903.778 179.138 494.995 942.383 635.986 -5000 -8.545 -1946.716 -37.231 -16.327 14.191 331.268 148.621 546.57 843.048 155.487 -1487.122 473.785 130.92 26.55 23.804 167.542 2547.15 2500.305 2112.732 1735.229 1373.596 1009.827 652.771 -22.125 19.836 -16.632 76.141 7.324 -332.489 -676.575 -1016.388 -1360.931 -1701.66 -2042.084 -2380.981 -2706.146 467.529 638.58 426.788 70.496 4.272 -349.121 -707.397 616 475 791 29.08 27.43 171 150 2408 1 034
6032902 7497 2025/12/25 18:45:48 P15 73.78 25.26 0 7.81 25.53 960.21 982.61 325.928 589.752 4021.454 774.689 645.142 968.475 458.832 -29.755 -47.76 146.637 -17.853 293.732 805.664 191.193 798.035 904.694 180.664 495.148 947.571 639.648 -5000 -3.357 -1958.008 -16.327 -14.801 13.58 333.557 147.247 553.131 846.252 136.871 -1486.664 476.227 133.362 27.466 22.43 168.457 2546.692 2502.441 2110.748 1733.856 1376.801 1013.336 657.349 -25.94 18.158 -18.311 77.667 1.831 -329.742 -675.964 -1016.388 -1361.694 -1703.491 -2041.473 -2378.845 -2704.163 469.818 637.817 427.094 69.275 10.376 -352.631 -706.787 622 475 791 29.1 27.38 172 149 2408 1 034
6032903 7497 2025/12/25 18:45:49 P15 73.75 25.27 0 7.64 25.35 960.22 982.63 326.385 589.6 4027.405 785.522 648.041 973.358 459.595 -126.038 -18.158 173.492 -18.463 298.004 805.511 193.329 802.46 904.846 182.19 496.368 954.59 643.616 -5000 -12.665 -1974.487 17.395 -15.106 13.428 333.557 150.299 555.878 851.135 157.166 -1486.206 479.584 136.108 28.076 20.905 166.931 2546.692 2500.916 2114.563 1739.96 1384.735 1021.729 661.163 -31.586 20.599 -27.008 76.141 6.561 -329.895 -672.913 -1012.878 -1357.422 -1698.303 -2036.743 -2375.946 -2701.111 472.26 638.275 428.772 73.547 5.188 -347.443 -700.073 615 470 784 29.1 27.14 173 149 2408 1 034
6032904 7497 2025/12/25 18:45:50 P15 73.73 25.32 0 7.59 25.38 960.21 982.62 325.775 590.21 4033.051 792.694 652.618 982.971 459.747 -9.46 3.357 172.119 -17.853 299.377 807.19 196.533 805.359 905.304 185.242 497.742 960.846 644.989 -5000 -8.24 -1989.899 -30.823 -16.785 13.123 334.473 154.572 560.608 849.609 167.542 -1485.901 482.33 138.702 27.008 23.193 167.084 2545.929 2501.678 2109.222 1729.736 1370.85 1004.791 648.499 -39.062 16.785 -21.057 78.125 2.747 -336.151 -682.22 -1021.729 -1366.73 -1706.696 -2046.967 -2386.627 -2709.961 470.581 639.801 427.704 69.275 6.409 -349.731 -709.839 619 465 780 29.05 27.14 174 148 2408 1 034
6032905 7497 2025/12/25 18:45:51 P15 73.68 25.26 0 7.64 25.28 960.19 982.62 326.691 590.057 4038.696 799.255 656.128 980.072 460.51 -99.03 -6.714 143.585 -18.463 303.345 807.953 189.819 809.174 901.794 187.073 499.268 966.797 650.024 -5000 -16.479 -2000.275 16.174 -16.327 12.512 335.846 153.503 565.186 861.969 146.484 -1486.969 484.619 139.008 25.33 26.55 167.389 2546.692 2499.542 2114.258 1736.298 1382.141 1018.372 661.011 -44.25 17.853 -27.313 76.904 2.747 -332.184 -677.185 -1016.235 -1368.713 -1705.475 -2042.084 -2378.387 -2701.263 473.328 640.106 425.873 72.021 5.493 -348.969 -702.667 619 465 780 29.08 27.01 174 147 2408 1 034
6032906 7497 2025/12/25 18:45:52 P15 73.75 25.17 0 7.64 25.1 960.22 982.62 325.47 590.057 4040.07 805.359 659.027 988.159 460.663 -79.651 2.899 139.618 -18.005 308.075 808.105 191.04 812.073 906.372 189.514 498.657 972.748 652.771 -5000 -17.853 -2009.277 -21.362 -16.479 12.36 337.677 155.792 569.763 858.917 170.288 -1484.68 487.366 139.771 23.193 28.687 166.779 2544.556 2499.39 2115.784 1744.232 1393.28 1027.985 671.844 -56.458 17.7 -13.123 75.684 3.967 -333.405 -678.558 -1015.625 -1358.185 -1696.93 -2036.133 -2371.216 -2696.228 475.769 638.885 428.314 73.7 3.662 -346.985 -700.378 619 465 780 29.08 27.01 174 147 2408 1 034
6032907 7497 2025/12/25 18:45:53 P15 73.74 25.26 0 7.64 25.05 960.21 982.6 320.74 590.668 4045.258 811.768 663.3 988.617 460.358 -57.831 -49.591 119.629 -17.395 309.753 810.242 184.631 815.43 904.083 191.65 499.573 978.241 655.67 -5000 -5.341 -2022.247 -15.106 -14.496 11.292 339.05 156.555 575.562 869.446 157.776 -1487.427 490.265 140.686 28.992 27.466 166.626 2546.387 2500.916 2108.154 1729.431 1371.613 1005.554 650.787 -59.509 19.073 -13.733 77.82 2.136 -334.778 -680.542 -1021.729 -1365.662 -1705.78 -2046.204 -2384.644 -2708.435 475.922 638.58 428.162 67.444 6.104 -351.41 -719.452 619 460 767 29.12 26.85 174 146 2408 1 034
6032908 7497 2025/12/25 18:45:54 P15 73.77 25.22 0 7.69 25.13 960.2 982.6 323.486 591.278 4041.595 820.312 665.741 993.042 460.358 -38.757 -46.387 137.177 -18.463 315.094 808.563 181.885 818.634 903.625 194.244 499.42 984.802 658.112 -5000 -16.327 -2031.25 30.212 -15.411 10.529 338.287 157.318 578.918 876.465 158.539 -1487.732 493.164 144.196 28.839 22.888 166.779 2548.218 2501.373 2112.274 1738.739 1381.531 1019.135 665.741 -65.002 20.294 -19.226 76.294 4.578 -333.099 -679.626 -1017.914 -1358.49 -1700.287 -2037.811 -2373.047 -2700.043 477.295 641.479 428.009 73.09 5.341 -349.731 -704.803 617 455 767 29.12 26.85 174 144 2408 1 034
6032909 7497 2025/12/25 18:45:55 P15 73.7 25.25 0 7.62 25.06 960.21 982.61 321.655 591.431 4053.04 829.01 669.556 995.789 461.121 -56 -5.341 131.836 -16.022 316.925 812.378 184.784 821.991 903.473 195.923 500.793 989.838 661.011 -5000 -19.226 -2043.762 -4.425 -14.191 10.376 340.271 160.065 582.886 877.075 160.37 -1486.206 495.3 144.806 24.261 19.989 166.779 2546.539 2500.305 2117.31 1746.063 1390.381 1028.137 670.166 -70.038 22.583 -22.125 76.141 5.951 -329.437 -673.37 -1011.2 -1354.523 -1695.251 -2032.928 -2367.554 -2693.024 478.668 639.954 428.467 75.226 5.188 -345.764 -697.479 611 450 752 29.09 26.69 174 143 2408 1 034
6032910 7497 2025/12/25 18:45:56 P15 73.75 25.37 0 7.61 25.06 960.21 982.6 325.775 591.583 4053.497 834.961 671.692 1004.486 461.121 -52.185 -2.747 114.594 -18.768 322.418 811.005 184.479 824.432 904.846 198.212 500.641 996.552 662.994 -5000 -4.272 -2056.427 54.321 -16.632 9.613 340.729 162.354 586.853 880.737 146.484 -1486.053 498.505 143.585 26.703 20.905 166.779 2543.182 2501.373 2111.969 1735.687 1379.852 1014.862 656.128 -75.836 20.752 -23.956 76.447 2.441 -331.726 -677.49 -1018.372 -1361.542 -1701.965 -2041.626 -2378.54 -2702.789 478.058 639.648 428.467 74.31 7.019 -350.037 -707.703 616 450 752 29.1 26.71 174 142 2408 1 034
6032911 7497 2025/12/25 18:45:57 P15 73.7 25.37 0 7.49 25.01 960.19 982.63 324.097 591.736 4056.549 838.928 673.981 1006.012 461.731 -15.717 -12.512 108.032 -16.327 323.334 814.972 182.19 827.789 904.694 200.195 501.862 1000.366 667.419 -5000 -18.311 -2067.413 -13.275 -16.327 9.46 342.102 163.422 589.905 888.214 149.841 -1487.274 500.031 145.569 27.924 18.005 166.626 2548.218 2499.847 2113.8 1740.265 1383.972 1022.339 666.656 -83.16 21.515 -10.529 75.531 6.561 -334.473 -678.558 -1016.693 -1360.474 -1699.371 -2037.354 -2373.199 -2698.059 479.889 637.054 429.84 73.547 3.052 -349.884 -703.278 609 450 734 29.13 26.56 174 140 2408 1 034
6032912 7497 2025/12/25 18:45:58 P15 73.7 25.32 0 7.49 24.97 960.2 982.62 320.282 592.651 4058.228 843.048 677.032 1009.979 461.121 124.817 -14.191 148.926 -18.616 327.301 812.378 182.19 829.773 904.694 202.484 503.082 1006.47 668.488 -5000 -13.123 -2076.721 -20.905 -17.395 8.698 343.17 166.016 594.177 891.266 142.975 -1487.579 503.235 147.247 23.193 20.599 166.016 2541.656 2501.526 2115.936 1744.995 1388.855 1027.985 670.166 -89.569 16.327 -6.256 76.904 3.967 -330.353 -673.676 -1012.421 -1354.675 -1694.031 -2032.166 -2367.401 -2694.244 481.262 639.954 424.957 74.615 5.951 -343.323 -695.648 614 445 734 29.08 26.53 173 138 2408 1 034
6032913 7497 2025/12/25 18:45:59 P15 73.71 25.32 0 7.62 24.77 960.21 982.62 320.282 592.346 4058.075 847.168 679.626 1013.947 461.731 -43.488 -8.24 148.621 -16.479 330.963 815.43 172.577 832.062 904.999 204.62 502.777 1011.963 672.302 -5000 -17.09 -2086.182 39.825 -16.174 8.392 343.323 166.473 597.992 898.438 143.28 -1486.206 505.524 148.01 27.618 22.888 166.779 2545.929 2501.068 2114.41 1736.755 1379.547 1013.489 655.212 -95.978 24.567 -12.665 76.447 5.188 -333.71 -678.406 -1017.761 -1362.152 -1702.271 -2041.626 -2380.219 -2704.468 482.483 638.123 429.535 74.921 2.747 -351.41 -706.635 608 445 716 29.08 26.35 173 137 2408 1 034
6032914 7497 2025/12/25 18:46:00 P15 73.66 25.29 0 7.56 24.76 960.18 982.63 319.214 592.041 4061.584 853.882 683.594 1011.505 461.426 -62.866 -12.36 122.375 -18.158 335.083 817.413 176.086 834.808 903.32 206.909 503.235 1017.609 673.981 -5000 -3.357 -2098.083 -20.905 -14.801 7.477 344.543 166.016 602.417 896.301 149.841 -1488.19 507.965 151.215 27.618 20.599 165.71 2546.997 2501.221 2113.953 1741.638 1387.939 1024.17 669.098 -99.487 22.43 -13.885 75.989 2.899 -331.573 -676.575 -1014.709 -1357.88 -1697.845 -2036.438 -2370.605 -2696.228 484.161 639.954 429.077 70.19 4.578 -344.696 -700.684 614 440 716 29.09 26.4 172 135 2408 1 034
6032915 7497 2025/12/25 18:46:01 P15 73.77 25.27 0 7.59 24.65 960.19 982.61 324.402 592.499 4066.62 863.647 685.883 1018.372 462.341 18.158 19.379 137.177 -18.921 336.151 818.176 176.849 837.097 903.931 209.351 503.387 1023.102 677.795 -5000 -2.289 -2107.544 6.561 -15.259 7.477 344.849 168.457 605.469 905.304 157.013 -1481.934 511.017 150.146 27.161 21.82 166.168 2547.607 2501.526 2113.495 1740.723 1385.651 1024.933 665.436 -103.149 20.905 -3.815 74.463 5.035 -331.116 -676.27 -1012.878 -1358.948 -1698.914 -2036.591 -2374.878 -2700.043 482.178 641.632 430.298 74.768 3.967 -344.696 -698.242 606 435 699 29.06 26.22 171 133 2408 1 034
6032916 7497 2025/12/25 18:46:02 P15 73.75 25.22 0 7.66 24.85 960.18 982.62 319.672 592.804 4065.857 868.53 688.019 1023.865 462.189 32.501 -1.984 135.803 -18.158 341.339 809.631 172.272 839.539 903.931 210.876 503.387 1028.9 678.406 -5000 -13.428 -2117.004 9.766 -16.632 6.561 346.222 171.509 610.199 907.135 146.942 -1488.8 512.695 154.572 29.449 22.736 166.321 2541.504 2501.831 2110.596 1733.856 1376.648 1009.674 653.381 -107.727 25.482 -5.798 77.362 2.441 -332.336 -675.964 -1016.846 -1360.321 -1701.202 -2041.626 -2381.439 -2705.078 485.229 640.564 430.603 73.547 6.104 -349.121 -705.872 609 435 699 29.03 26.14 170 132 2408 1 034
6032917 7497 2025/12/25 18:46:03 P15 73.82 25.25 0 7.66 24.58 960.21 982.63 319.214 593.109 4065.552 876.16 690.155 1025.238 461.578 -62.714 -13.275 133.362 -17.09 344.391 818.481 164.337 840.607 903.778 213.013 503.387 1034.088 681.458 -5000 -0.305 -2126.465 61.188 -16.174 5.951 346.222 172.119 613.403 917.053 147.705 -1489.563 515.289 154.419 21.515 22.736 165.405 2545.471 2502.136 2117.004 1743.469 1389.923 1024.933 670.166 -113.068 22.125 -16.632 74.615 5.798 -312.958 -663.452 -1004.791 -1357.88 -1692.81 -2028.351 -2364.96 -2689.056 485.84 638.428 430.145 68.665 2.289 -348.816 -700.989 609 435 699 29.03 26.14 170 132 2408 1 034
6032918 7497 2025/12/25 18:46:04 P15 73.68 25.26 0 7.52 24.49 960.18 982.62 319.214 592.804 4073.029 890.503 693.207 1028.29 462.189 -1.221 -20.752 116.577 -18.616 346.069 816.498 163.116 845.337 901.642 214.996 502.93 1038.208 682.831 -5000 -9.308 -2138.519 87.128 -16.174 5.798 346.527 171.661 616.608 919.647 160.37 -1491.852 518.646 151.825 21.667 28.229 166.168 2546.997 2501.831 2113.8 1741.18 1385.04 1026.001 669.708 -122.681 24.414 -17.7 75.684 5.798 -330.048 -673.523 -1013.489 -1356.354 -1697.083 -2035.828 -2373.81 -2701.721 488.586 646.667 431.976 76.752 5.493 -348.206 -701.904 605 430 674 29.05 26.13 169 130 2408 1 034
6032919 7497 2025/12/25 18:46:05 P15 73.74 25.22 0 7.57 24.4 960.22 982.62 322.571 592.499 4069.519 891.876 694.885 1032.104 462.646 -59.357 -0.916 124.207 -19.226 349.274 820.16 167.084 845.184 904.083 216.98 503.54 1044.769 686.646 -5000 -19.073 -2145.081 -29.755 -16.022 4.883 347.9 174.713 619.659 919.647 144.196 -1488.342 519.867 155.029 22.888 31.891 165.863 2545.624 2501.373 2108.765 1730.652 1370.239 1003.571 647.43 -128.784 23.041 -36.774 73.547 7.324 -336.151 -681.152 -1020.66 -1364.899 -1705.322 -2045.593 -2386.017 -2709.656 488.434 639.038 432.129 75.378 3.815 -350.494 -707.703 604 425 674 29.1 26.08 168 128 2408 1 034
6032920 7497 2025/12/25 18:46:06 P15 73.71 25.29 0 7.5 24.48 960.23 982.62 321.808 592.957 4076.233 900.269 698.853 1030.884 462.646 74.615 3.967 116.882 -17.548 351.715 821.533 164.337 849.762 901.947 218.811 503.54 1048.737 687.866 -5000 -3.967 -2153.168 -45.166 -14.801 3.662 349.121 178.986 622.253 923.92 152.13 -1487.885 522.919 157.166 23.041 25.94 166.016 2545.624 2499.695 2113.19 1735.84 1379.395 1013.947 660.095 -133.209 24.567 -34.027 75.836 3.357 -334.32 -677.948 -1018.066 -1362.61 -1702.423 -2040.863 -2376.556 -2702.179 493.164 646.515 431.519 74.921 6.409 -350.037 -706.329 609 420 661 29.06 25.9 168 126 2408 1 034
6032921 7497 2025/12/25 18:46:07 P15 73.71 25.27 0 7.5 24.46 960.22 982.63 321.655 592.651 4077.759 899.963 700.226 1035.919 462.799 12.817 -23.193 108.185 -18.768 356.14 820.618 155.487 851.135 902.71 221.252 505.524 1053.162 690.155 -5000 -6.866 -2160.95 -57.22 -17.09 3.357 349.426 176.239 625.763 930.634 139.313 -1488.19 524.597 158.997 31.128 27.008 165.253 2544.556 2500.763 2113.19 1739.807 1381.989 1017.914 660.858 -140.839 21.057 -16.937 76.904 1.678 -333.252 -675.964 -1015.167 -1358.49 -1700.134 -2040.1 -2377.319 -2705.078 489.96 642.548 428.925 77.515 5.951 -345.459 -700.531 599 420 661 29.06 25.85 166 125 2408 1 034
6032922 7497 2025/12/25 18:46:08 P15 73.79 25.2 0 7.45 24.42 960.2 982.61 319.977 593.262 4078.064 907.135 702.82 1034.698 461.731 -36.926 -36.316 130.157 -19.531 358.582 821.228 156.403 853.271 901.184 223.236 505.981 1057.892 691.528 -5000 -3.662 -2169.342 -2.899 -15.411 3.357 351.715 176.544 628.967 933.533 140.381 -1488.495 527.344 158.386 28.381 16.327 165.1 2546.539 2501.526 2107.391 1729.431 1370.544 1004.028 647.583 -147.858 21.057 -11.749 75.836 5.798 -337.219 -683.899 -1023.865 -1367.035 -1707.916 -2046.204 -2387.39 -2710.114 490.112 640.411 430.45 70.801 5.646 -353.546 -712.585 608 415 653 29.12 25.78 165 123 2408 1 034
6032923 7497 2025/12/25 18:46:09 P15 73.75 25.37 0 7.68 24.28 960.18 982.59 318.604 593.262 4080.353 914.001 704.956 1036.987 462.799 -47.76 -9.46 133.972 -18.463 360.413 823.364 153.503 855.713 900.726 223.999 506.439 1062.927 693.512 -5000 -5.188 -2176.208 10.376 -14.648 1.678 350.952 178.833 633.85 937.653 162.354 -1490.784 528.87 159.149 28.992 23.804 164.49 2545.776 2502.289 2111.969 1736.755 1380.768 1018.219 662.079 -149.384 25.024 -26.855 76.294 5.798 -332.794 -678.406 -1016.998 -1360.474 -1700.592 -2038.269 -2375.183 -2700.043 492.401 640.259 432.129 75.226 4.12 -347.9 -702.667 607 415 653 29.1 25.73 164 121 2408 1 034
6032924 7497 2025/12/25 18:46:10 P15 73.73 25.23 0 7.62 24.34 960.23 982.63 322.418 592.804 4073.792 923.309 706.787 1041.718 463.562 -81.94 -15.564 128.632 -18.158 365.295 825.043 153.046 858.612 902.252 227.356 507.355 1068.115 694.885 -5000 -15.259 -2185.364 -31.738 -16.632 1.678 351.562 180.054 635.986 933.38 163.422 -1488.8 531.158 163.422 25.024 29.602 165.1 2548.981 2501.678 2114.105 1738.739 1378.326 1013.947 653.992 -155.487 26.55 -16.479 75.684 5.188 -328.979 -674.438 -1015.32 -1360.321 -1702.728 -2041.473 -2380.371 -2705.688 493.011 637.97 431.519 75.073 6.104 -348.511 -703.735 608 410 647 29.09 25.73 163 119 2408 1 034
6032925 7497 2025/12/25 18:46:11 P15 73.74 25.22 0 7.4 24.26 960.23 982.63 319.366 593.567 4079.132 924.835 708.313 1039.734 463.409 -30.518 9.918 117.798 -17.7 367.279 823.517 150.146 859.528 898.438 230.56 507.507 1071.93 697.174 -5000 -24.109 -2194.519 12.817 -17.242 0.916 351.868 181.885 639.343 945.282 171.051 -1489.258 533.295 164.642 27.161 25.94 165.405 2542.572 2501.678 2106.171 1729.126 1370.697 1006.165 653.381 -157.318 22.888 -16.937 75.684 3.662 -334.473 -680.847 -1020.813 -1364.288 -1706.39 -2044.678 -2384.644 -2709.198 498.505 642.395 430.45 70.038 5.035 -352.631 -709.534 597 405 647 29.06 25.55 162 117 2408 1 034
6032926 7497 2025/12/25 18:46:12 P15 73.82 25.22 0 7.49 24.26 960.21 982.64 319.977 592.804 4075.775 927.124 709.686 1044.006 463.562 111.847 4.73 130.005 -18.005 369.72 823.669 144.501 861.969 898.285 231.171 508.118 1079.254 700.531 -5000 -18.463 -2203.674 49.896 -16.785 0.763 353.546 184.174 642.09 951.233 171.814 -1489.716 535.126 164.948 27.771 21.667 166.779 2546.387 2501.221 2110.901 1736.908 1380.463 1017.609 662.384 -164.032 21.973 -14.038 76.294 3.815 -334.93 -680.084 -1018.829 -1361.542 -1702.728 -2039.032 -2375.336 -2699.28 493.927 642.7 431.671 74.921 3.052 -349.121 -704.803 601 405 641 29.1 25.55 161 116 2408 1 034
6032927 7497 2025/12/25 18:46:13 P15 73.79 25.22 0 7.59 24.13 960.19 982.62 320.129 593.262 4076.08 933.38 713.501 1047.668 463.562 25.635 6.561 127.258 -17.548 371.857 824.127 145.416 863.495 901.337 233.765 509.644 1082.916 702.667 -5000 -18.616 -2209.015 -3.357 -16.327 -0.153 353.088 185.547 645.599 954.285 160.98 -1490.021 537.262 165.863 28.381 18.616 165.253 2546.387 2499.542 2117.767 1744.232 1394.043 1029.51 673.828 -176.544 22.736 -6.866 74.615 2.747 -332.642 -676.27 -1013.641 -1356.659 -1695.404 -2034.149 -2370.148 -2694.244 494.995 644.684 431.519 76.599 5.035 -346.527 -698.547 601 405 641 29.1 25.55 161 116 2408 1 034
6032928 7497 2025/12/25 18:46:14 P15 73.77 25.2 0 7.44 24.14 960.2 982.62 319.824 592.804 4080.2 940.552 715.027 1051.483 464.172 -82.855 -11.749 141.144 -18.921 374.756 825.653 148.163 865.631 901.794 235.443 509.338 1087.341 702.362 -5000 -14.496 -2214.813 -4.425 -17.09 0 354.004 186.157 648.956 953.827 168.152 -1491.852 539.551 169.067 22.125 22.736 165.558 2542.267 2501.221 2111.511 1733.398 1377.563 1014.099 658.875 -173.34 22.125 -0.61 75.531 4.883 -335.999 -680.695 -1020.203 -1362.915 -1702.423 -2041.779 -2380.371 -2703.857 498.81 642.395 430.298 73.853 3.51 -348.969 -706.024 597 400 635 29.12 25.47 161 114 2408 1 034
6032929 7497 2025/12/25 18:46:15 P15 73.63 25.23 0 7.44 24.23 960.21 982.63 318.146 592.957 4076.691 944.519 716.553 1052.246 464.172 -97.198 -10.376 148.926 -16.937 376.434 825.348 142.67 867.767 900.879 238.342 510.712 1091.309 706.024 -5000 -21.82 -2220.612 28.381 -16.785 -1.678 354.614 187.531 652.313 961.914 157.471 -1489.868 540.924 170.135 25.635 20.142 166.321 2547.15 2500.458 2113.037 1740.875 1387.329 1027.069 671.997 -180.817 23.499 -7.477 76.447 4.73 -328.979 -674.896 -1014.404 -1358.643 -1697.693 -2036.438 -2371.674 -2695.618 498.199 644.531 432.129 77.209 7.019 -349.274 -703.125 596 395 632 29.08 25.5 159 112 2408 1 034
6032930 7497 2025/12/25 18:46:16 P15 73.74 25.29 0 7.5 24.15 960.19 982.6 322.113 593.567 4083.252 949.097 718.536 1056.824 464.172 -32.043 -35.248 129.7 -19.226 381.012 825.195 144.501 869.293 900.879 239.41 511.169 1096.497 706.024 -5000 -7.019 -2227.173 -15.411 -16.785 -0.458 355.225 189.209 653.992 960.846 169.983 -1489.41 543.823 169.678 24.567 24.719 165.71 2539.825 2500.916 2118.683 1744.69 1390.533 1030.121 671.844 -188.904 23.346 1.984 72.937 5.341 -333.405 -676.575 -1014.099 -1357.269 -1695.862 -2034.76 -2369.995 -2695.77 497.589 643.158 431.519 77.82 2.594 -345.306 -698.853 605 395 632 29.15 25.39 158 111 2408 1 034
6032931 7497 2025/12/25 18:46:17 P15 73.85 25.23 0 7.34 24.02 960.19 982.61 322.876 592.957 4079.895 957.794 720.825 1055.756 463.562 -14.038 -0.305 115.204 -18.768 382.69 827.637 138.702 871.277 899.2 241.547 514.221 1098.938 708.008 -5000 -9.308 -2234.65 9.918 -15.411 -1.831 356.293 190.735 657.654 966.492 162.354 -1492.157 545.654 169.83 28.534 22.125 164.795 2548.218 2501.678 2113.037 1734.924 1381.836 1018.372 661.774 -192.871 24.567 -18.005 75.989 5.341 -334.167 -679.169 -1018.524 -1360.321 -1700.439 -2039.642 -2377.014 -2700.653 496.826 639.801 427.704 75.378 3.662 -349.884 -704.956 603 390 628 29.09 25.31 157 109 2408 1 034
6032932 7497 2025/12/25 18:46:18 P15 73.67 25.26 0 7.42 24.01 960.2 982.61 323.334 592.804 4087.982 957.642 722.809 1056.213 463.867 -11.139 -0.61 114.288 -18.311 383.453 824.89 146.027 873.413 899.963 244.446 513.458 1104.126 711.06 -5000 -12.512 -2239.227 27.161 -15.869 -1.526 357.971 191.345 660.553 971.069 163.574 -1489.868 547.638 170.898 28.534 22.125 165.71 2546.539 2501.678 2116.852 1743.317 1388.55 1024.933 666.962 -200.653 23.041 -3.815 73.242 1.526 -333.405 -677.032 -1012.268 -1355.896 -1695.404 -2032.928 -2370.148 -2694.55 499.268 643.005 433.044 77.209 3.967 -347.443 -700.684 596 385 628 29.08 25.13 156 107 2408 1 034
6032933 7497 2025/12/25 18:46:19 P15 73.74 25.29 0 7.52 23.87 960.2 982.63 316.467 593.262 4077.148 959.778 723.572 1059.723 464.63 52.49 -1.984 152.588 -17.548 386.658 827.637 140.533 875.092 899.963 245.514 516.205 1109.467 712.585 -5000 -9.613 -2247.925 32.654 -16.174 -3.662 357.361 194.702 663.147 976.868 155.182 -1489.868 548.859 175.171 30.06 21.515 165.558 2546.387 2502.594 2117.462 1741.943 1387.329 1024.78 666.199 -203.247 21.667 -15.869 76.447 3.967 -333.405 -675.507 -1014.557 -1358.643 -1697.845 -2037.811 -2375.031 -2700.043 499.725 644.989 431.213 78.583 4.272 -346.832 -700.378 602 385 620 29.05 25.15 155 106 2408 1 034
6032934 7497 2025/12/25 18:46:20 P15 73.78 25.19 0 7.35 23.99 960.21 982.61 319.977 593.414 4087.677 965.576 725.555 1059.265 464.172 -31.738 -31.281 133.972 -19.226 389.557 827.179 145.569 876.16 897.522 247.498 516.205 1112.671 713.348 -5000 0.458 -2252.502 28.076 -15.564 -2.289 358.124 195.007 665.588 977.936 140.839 -1491.699 551.91 173.645 27.466 19.379 165.1 2546.387 2502.136 2110.901 1732.635 1375.427 1009.064 650.33 -211.029 26.245 -5.798 75.684 3.662 -332.336 -677.185 -1016.998 -1361.237 -1703.186 -2042.694 -2381.287 -2706.146 502.167 646.362 432.281 76.447 8.392 -350.952 -706.329 594 380 614 29.06 25.16 153 104 2408 1 034
6032935 7497 2025/12/25 18:46:21 P15 73.74 25.23 0 7.37 23.88 960.23 982.64 322.113 593.414 4088.44 972.595 727.539 1055.45 463.715 -117.493 -23.651 117.188 -19.836 390.778 828.857 143.28 877.838 897.217 249.329 518.036 1117.554 716.553 -5000 -6.256 -2257.996 -0.916 -16.022 -2.289 358.887 196.075 668.793 981.293 154.724 -1492.004 553.436 174.561 23.499 26.855 164.642 2546.539 2500.153 2117.157 1745.758 1392.059 1029.663 671.539 -215.912 25.635 -15.869 75.378 6.866 -316.772 -665.741 -1006.012 -1352.081 -1691.895 -2031.25 -2367.859 -2692.871 503.845 646.21 432.129 78.125 5.035 -345.154 -697.937 600 380 614 29.06 25.29 152 103 2408 1 034
6032936 7497 2025/12/25 18:46:22 P15 73.85 25.17 0 7.32 23.82 960.22 982.6 322.418 592.957 4086.609 975.952 729.065 1068.878 464.478 20.752 -10.529 138.397 -19.836 394.592 830.688 142.67 878.296 898.895 252.075 518.341 1121.216 715.485 -5000 -17.09 -2263.794 50.049 -16.785 -3.357 358.582 198.364 670.776 983.582 117.035 -1489.868 555.573 175.018 24.872 27.618 165.71 2543.793 2500.305 2115.631 1741.18 1384.888 1023.254 663.3 -223.846 25.177 -26.703 74.005 6.561 -330.048 -674.591 -1013.489 -1358.032 -1698.608 -2038.727 -2377.014 -2701.721 506.134 645.447 430.908 78.583 2.899 -348.206 -702.515 586 375 601 29.08 25.11 151 101 2408 1 034
6032937 7497 2025/12/25 18:46:23 P15 73.85 25.2 0 7.32 23.83 960.19 982.6 319.977 593.414 4084.167 975.189 730.438 1070.251 464.172 18.921 -12.36 121.765 -19.379 396.576 827.637 141.449 881.653 898.438 252.533 518.799 1127.014 717.316 -5000 -14.954 -2268.829 -8.24 -15.717 -3.967 360.413 198.669 675.812 985.413 153.046 -1486.816 557.861 177.917 21.515 21.667 165.1 2541.351 2501.678 2108.459 1728.058 1371.155 1005.402 648.041 -229.645 23.193 -15.411 74.768 3.357 -333.71 -679.626 -1020.66 -1365.356 -1706.39 -2045.898 -2384.186 -2708.282 505.371 646.973 431.519 74.31 5.493 -352.478 -710.449 599 370 601 29.06 24.91 150 100 2408 1 034
6032938 7497 2025/12/25 18:46:24 P15 73.84 25.23 0 7.37 23.97 960.2 982.61 319.061 593.109 4084.93 987.244 733.032 1069.031 463.867 52.185 -23.804 120.85 -20.752 399.78 829.315 140.686 884.094 898.132 256.195 522.156 1130.371 718.689 -5000 -9.46 -2273.865 -9.003 -15.717 -3.967 359.802 200.195 677.185 988.159 151.215 -1490.021 558.777 180.359 28.839 26.55 165.253 2543.945 2500.61 2116.089 1744.69 1390.228 1029.053 671.082 -235.291 24.719 -5.798 73.395 7.172 -330.505 -673.37 -1011.963 -1355.438 -1694.946 -2033.081 -2369.232 -2695.007 503.54 644.836 433.044 78.278 3.357 -348.053 -701.447 599 370 601 29.06 24.91 150 100 2408 1 034
6032939 7497 2025/12/25 18:46:25 P15 73.85 25.26 0 7.44 23.84 960.21 982.62 321.35 592.651 4085.388 987.854 733.643 1071.93 464.02 -14.191 4.578 125.427 -17.7 403.595 831.909 136.261 885.62 898.438 257.568 524.445 1135.101 720.062 -5000 -12.36 -2277.069 -20.294 -16.479 -4.425 360.26 203.094 679.474 995.941 139.008 -1489.868 560.913 180.817 26.855 22.583 165.863 2542.572 2500 2113.19 1737.671 1380.463 1014.709 657.806 -244.141 21.973 -9.155 75.226 5.798 -334.32 -678.864 -1018.219 -1361.542 -1699.219 -2039.795 -2376.862 -2704.773 505.981 639.954 432.892 76.904 5.188 -347.137 -703.278 598 365 584 29.12 24.99 149 98 2408 1 034
6032940 7497 2025/12/25 18:46:26 P15 73.75 25.25 0 7.3 23.69 960.19 982.63 325.317 592.804 4092.407 990.448 735.931 1073.303 465.393 5.188 -1.526 126.19 -18.921 401.611 828.094 137.482 886.383 897.369 260.01 525.97 1138.458 723.267 -5000 -4.425 -2283.325 2.594 -15.411 -3.662 362.091 204.315 681.458 998.23 152.435 -1485.901 562.439 184.784 23.956 20.905 165.558 2546.844 2500.61 2109.528 1730.042 1372.833 1006.317 650.024 -248.871 24.261 -12.36 75.836 6.104 -335.083 -679.626 -1020.508 -1364.441 -1706.238 -2046.051 -2385.864 -2709.045 512.695 647.583 433.807 74.921 4.272 -352.173 -709.839 591 360 584 29.05 24.87 148 97 2408 1 034
6032941 7497 2025/12/25 18:46:27 P15 73.79 25.34 0 7.32 23.78 955.57 982.6 321.655 593.109 4087.524 994.11 737.457 1074.066 464.02 -27.771 -16.632 109.863 -20.447 402.679 830.841 136.261 888.367 892.029 262.756 526.276 1141.052 722.961 -5000 -11.902 -2288.055 -25.177 -16.327 -4.425 362.244 206.146 683.746 999.908 161.438 -1490.631 565.033 186.462 23.193 26.245 164.795 2544.25 2501.831 2113.037 1739.197 1381.836 1015.167 660.858 -255.127 23.651 -3.204 74.921 4.578 -330.811 -676.88 -1016.083 -1359.558 -1699.066 -2037.659 -2374.725 -2699.28 507.05 647.278 433.044 76.447 4.883 -347.29 -703.125 599 360 577 29.08 24.82 147 96 2408 1 034
6032942 7497 2025/12/25 18:46:28 P15 73.89 25.3 0 7.47 23.71 955.59 982.63 321.35 592.804 4086.456 996.246 740.204 1076.965 465.088 12.97 -27.008 130.92 -19.226 409.241 834.045 135.193 889.587 895.386 264.282 528.564 1146.088 724.792 -5000 -10.986 -2294.006 -1.373 -14.191 -4.73 362.244 205.994 687.714 1003.571 145.874 -1490.326 565.643 183.105 25.635 25.635 165.71 2547.607 2500 2112.122 1734.772 1374.512 1007.996 651.398 -258.789 22.125 -7.324 74.615 3.052 -333.557 -679.474 -1017.914 -1362.457 -1703.339 -2042.236 -2380.066 -2707.825 507.355 647.888 432.587 77.667 2.899 -349.579 -704.193 589 360 577 29.09 24.84 146 94 2408 1 034
6032943 7497 2025/12/25 18:46:29 P15 73.88 25.33 0 7.4 23.65 955.53 982.59 323.639 592.804 4089.05 1000.366 740.967 1076.965 464.783 16.174 -15.717 131.683 -19.531 408.478 835.571 136.719 891.724 896.301 266.266 529.48 1148.682 726.929 -5000 -10.986 -2301.025 -44.25 -16.022 -6.104 362.396 206.604 689.697 1007.233 168.61 -1490.631 568.085 185.547 22.125 26.55 164.642 2547.76 2500.763 2110.291 1733.398 1375.885 1009.674 654.144 -264.282 23.956 -8.85 72.937 7.629 -336.914 -681.458 -1020.966 -1363.525 -1704.559 -2043.457 -2381.287 -2705.536 508.27 646.057 432.281 75.073 4.578 -350.189 -708.16 595 355 571 29.13 24.7 145 93 2408 1 034
6032944 7497 2025/12/25 18:46:30 P15 73.82 25.19 0 7.28 23.63 955.53 982.61 321.96 592.499 4091.339 1004.944 742.035 1075.897 464.63 86.06 -23.651 123.901 -18.311 412.14 834.198 133.972 892.181 895.386 267.639 531.616 1153.107 727.844 -5000 -2.899 -2305.298 58.746 -15.106 -5.798 363.007 209.198 692.596 1010.437 148.163 -1491.089 569.763 186.462 21.515 24.872 165.253 2546.082 2502.441 2112.732 1739.197 1383.057 1020.966 664.062 -265.961 23.193 8.698 76.447 4.272 -331.726 -676.88 -1015.778 -1358.49 -1697.693 -2036.591 -2372.131 -2698.517 510.254 648.956 433.35 77.82 5.646 -345.917 -701.752 587 355 571 29.09 24.55 144 92 2408 1 034
6032945 7497 2025/12/25 18:46:31 P15 73.91 25.29 0 7.18 23.63 955.56 982.64 324.249 592.499 4091.339 1013.184 743.103 1081.696 464.935 26.245 -0.458 134.43 -19.989 412.445 834.503 132.446 895.081 895.233 269.928 536.194 1158.905 729.98 -5000 -15.564 -2309.875 26.093 -14.954 -5.646 363.77 211.334 694.122 1010.742 136.414 -1490.631 570.068 188.751 22.888 24.872 165.1 2546.082 2500.61 2112.274 1733.398 1374.054 1007.996 650.94 -272.217 20.294 -14.038 75.836 2.747 -333.557 -679.626 -1019.135 -1363.068 -1703.644 -2044.83 -2382.812 -2709.045 510.101 648.346 434.418 77.057 5.341 -348.816 -704.346 594 350 564 29.12 24.65 143 90 2408 1 034
6032946 7497 2025/12/25 18:46:32 P15 73.94 25.3 0 7.44 23.65 955.55 982.6 320.74 592.957 4080.505 1019.287 744.019 1080.78 464.63 -4.883 12.207 128.174 -20.142 415.344 833.13 126.495 895.386 894.012 272.369 541.687 1160.889 729.675 -5000 -3.967 -2313.995 -21.667 -15.259 -6.256 364.685 213.623 697.021 1018.219 163.727 -1494.293 573.12 189.056 25.177 21.515 164.642 2547.607 2501.068 2113.342 1735.992 1380.157 1016.693 661.316 -280.151 23.651 -7.172 73.853 5.646 -337.067 -681 -1019.44 -1361.694 -1707.306 -2042.542 -2378.845 -2702.026 509.338 647.125 434.723 75.684 1.831 -352.02 -709.534 579 360 560 29.1 24.61 142 89 2408 1 034
6032947 7497 2025/12/25 18:46:33 P15 73.95 25.25 0 7.37 23.58 955.53 982.62 321.655 592.346 4086.914 1016.235 745.697 1083.069 464.783 -85.144 -17.395 120.392 -19.989 416.87 833.13 126.495 896.912 895.081 274.658 538.177 1165.009 731.049 -5000 -4.73 -2320.099 26.703 -16.785 -6.409 365.143 214.081 699.463 1017.151 145.874 -1491.394 575.562 188.904 22.43 22.125 165.558 2541.199 2502.289 2113.342 1739.807 1384.888 1023.865 668.182 -285.492 23.041 -17.09 76.599 2.747 -335.999 -680.389 -1017.761 -1360.321 -1699.524 -2037.201 -2372.742 -2697.601 510.712 650.177 432.434 77.209 7.172 -345.001 -699.615 593 360 557 29.08 24.52 141 88 2408 1 034
6032948 7497 2025/12/25 18:46:34 P15 73.84 25.3 0 7.39 23.44 955.54 982.61 321.198 592.804 4087.372 1023.102 747.986 1084.595 464.63 -133.82 -15.717 118.713 -19.989 419.159 832.825 126.343 898.438 894.318 276.184 539.703 1168.518 732.117 -5000 -13.123 -2324.524 -17.395 -16.785 -6.561 364.38 216.217 702.209 1020.508 166.931 -1491.394 576.782 187.531 32.959 23.346 164.948 2541.656 2501.831 2115.936 1744.232 1389.923 1029.053 671.692 -289.459 23.041 -15.717 74.615 -3.51 -328.674 -672.913 -1011.353 -1355.286 -1695.557 -2033.997 -2369.995 -2696.228 512.695 649.414 433.044 79.498 4.578 -346.832 -699.921 593 360 557 29.08 24.52 141 88 2408 1 034
6032949 7497 2025/12/25 18:46:35 P15 73.81 25.38 0 7.15 23.44 955.54 982.62 323.486 592.804 4090.729 1024.628 748.596 1087.799 466.003 43.182 -1.984 134.888 -19.836 421.143 836.029 125.275 900.116 895.081 278.625 545.654 1171.57 733.185 -5000 -4.883 -2330.627 -3.967 -17.395 -6.866 364.685 218.353 704.193 1026.306 148.163 -1491.547 577.85 186.768 21.21 20.294 165.558 2544.25 2499.847 2112.885 1735.84 1380.157 1017.151 659.943 -294.647 21.515 -19.226 74.921 3.967 -333.557 -679.779 -1018.524 -1361.694 -1701.66 -2040.253 -2376.709 -2701.721 513.306 653.229 431.976 76.752 6.866 -350.189 -706.177 585 355 550 29.08 24.54 140 87 2408 1 034
6032950 7497 2025/12/25 18:46:36 P15 73.89 25.37 0 7.25 23.48 955.54 982.59 324.554 592.346 4094.391 1027.527 750.427 1087.036 465.546 -25.177 -22.43 112.152 -18.158 422.211 836.792 127.258 902.1 893.86 280.457 544.891 1176.605 735.168 -5000 -10.986 -2333.832 -3.052 -16.327 -5.493 365.753 218.658 705.566 1020.813 140.686 -1490.936 579.987 186.157 21.057 24.719 165.1 2546.387 2502.441 2113.953 1739.807 1384.583 1021.881 666.504 -300.14 21.362 -28.076 75.073 5.341 -331.879 -675.964 -1014.557 -1358.185 -1698.151 -2036.591 -2372.589 -2696.533 513.458 649.109 432.587 78.125 3.204 -349.426 -704.346 585 350 550 29.08 24.41 140 86 2408 1 034
6032951 7497 2025/12/25 18:46:37 P15 73.92 25.37 0 7.18 23.48 955.56 982.58 322.266 592.346 4086.914 1027.832 752.563 1084.137 465.088 -28.992 -24.109 126.19 -19.073 424.957 836.945 125.885 902.863 891.876 282.44 547.638 1178.131 736.237 -5000 -8.545 -2337.341 -33.417 -14.343 -6.714 366.058 221.1 709.229 1029.816 127.563 -1491.089 580.597 190.43 24.567 22.278 165.1 2546.997 2502.441 2117.462 1745.605 1391.144 1029.053 671.692 -305.328 26.093 -25.024 74.768 6.104 -332.336 -674.744 -1014.099 -1357.574 -1696.014 -2034.76 -2371.368 -2695.312 513.763 648.956 434.57 80.261 5.798 -347.137 -699.768 591 340 542 29.08 24.36 139 85 2408 1 034
6032952 7497 2025/12/25 18:46:38 P15 73.97 25.22 0 7.08 23.54 955.57 982.59 324.554 592.957 4085.999 1028.137 753.021 1086.426 465.24 -60.577 -56.61 136.108 -20.447 426.025 837.402 126.953 904.083 893.25 283.966 547.028 1181.793 738.068 -5000 -13.275 -2341.461 -17.09 -15.106 -6.561 366.058 221.1 711.517 1034.393 147.705 -1492.004 583.649 189.819 25.787 25.024 166.016 2546.082 2501.526 2112.885 1734.772 1379.089 1015.625 659.637 -308.38 22.736 -18.463 75.684 4.12 -333.099 -678.253 -1016.693 -1360.474 -1700.287 -2037.964 -2373.352 -2698.059 517.273 652.313 432.587 78.278 5.951 -352.02 -707.703 591 345 539 29.09 24.41 138 83 2408 1 034
6032953 7497 2025/12/25 18:46:39 P15 74 25.23 0 7.27 23.44 955.58 982.62 324.402 592.194 4091.949 1034.698 755.157 1091.309 465.393 -43.793 -7.477 128.326 -19.226 427.704 837.097 126.343 905.304 892.334 287.018 550.842 1184.54 738.525 -5000 -2.289 -2346.954 12.512 -17.242 -6.714 366.974 222.931 713.043 1036.072 157.166 -1490.784 584.106 193.939 23.041 19.684 165.405 2546.387 2499.542 2113.647 1740.265 1383.82 1022.949 666.809 -313.873 24.414 -20.752 75.836 4.883 -330.963 -675.964 -1015.32 -1358.185 -1697.54 -2036.743 -2373.199 -2698.212 514.679 651.245 434.418 79.193 6.409 -349.274 -704.041 583 340 539 29.03 24.33 137 82 2408 1 034
6032954 7497 2025/12/25 18:46:40 P15 73.92 25.27 0 7.24 23.47 955.55 982.6 322.418 592.499 4088.898 1036.682 755.92 1089.783 465.546 -47.913 -17.395 131.531 -17.853 429.993 837.25 126.495 907.745 890.503 288.086 552.673 1190.948 739.899 -5000 -4.272 -2352.142 27.313 -16.632 -6.256 367.432 225.677 714.874 1041.565 162.048 -1492.767 585.48 194.397 29.449 24.719 165.1 2542.877 2500.305 2119.446 1745.605 1392.365 1029.663 672.15 -322.113 22.43 -11.902 75.378 4.578 -334.778 -677.795 -1015.015 -1357.269 -1695.862 -2034.302 -2370.758 -2695.007 514.679 650.94 436.859 80.566 4.578 -343.628 -698.7 589 335 532 29.06 24.36 136 81 2408 1 034
6032955 7497 2025/12/25 18:46:41 P15 73.94 25.25 0 7.2 23.44 955.53 982.59 323.334 592.804 4088.898 1042.938 756.226 1096.191 464.783 9.308 -15.869 127.258 -18.768 431.366 838.47 126.801 906.372 892.792 290.985 558.777 1194 740.204 -5000 -17.548 -2357.483 25.33 -16.937 -5.646 367.279 226.898 717.468 1043.243 165.405 -1491.547 587.006 194.55 26.703 25.94 165.405 2542.267 2501.526 2108.459 1734.009 1378.326 1016.846 659.332 -324.097 23.804 -35.4 73.547 5.493 -332.947 -676.422 -1015.93 -1359.711 -1699.219 -2039.185 -2377.319 -2702.026 516.968 650.787 434.418 78.125 5.798 -348.206 -702.82 588 330 532 29.06 24.25 135 80 2408 1 034
6032956 7497 2025/12/25 18:46:42 P15 73.97 25.26 0 7.48 23.36 955.53 982.61 322.266 592.651 4089.508 1047.516 757.599 1095.276 465.851 -128.784 -16.022 106.049 -19.379 434.723 838.47 124.817 910.339 892.181 289.917 561.371 1198.425 741.882 -5000 -6.256 -2362.366 67.444 -16.327 -7.172 368.347 229.187 719.299 1044.769 149.689 -1492.157 589.905 194.244 25.635 26.398 165.1 2541.809 2500.916 2109.528 1735.077 1380.92 1017.914 662.231 -329.285 23.346 -31.281 74.005 4.883 -335.999 -680.695 -1019.44 -1362.152 -1702.576 -2040.863 -2376.099 -2699.738 517.12 653.687 434.113 76.294 6.561 -349.426 -705.109 578 320 525 29.1 24.23 135 79 2408 1 034
6032957 7497 2025/12/25 18:46:43 P15 73.85 25.3 0 7.18 23.35 955.55 982.61 323.639 592.194 4091.339 1046.906 759.43 1097.412 464.935 90.179 8.392 116.119 -20.905 433.96 838.318 124.664 911.102 891.571 295.105 561.066 1198.12 742.798 -5000 -2.441 -2368.469 -7.324 -16.937 -4.883 368.042 231.171 720.978 1046.143 143.585 -1491.089 590.363 197.754 27.008 22.736 165.1 2543.03 2501.526 2114.258 1741.791 1387.482 1026.611 671.082 -330.505 22.125 -4.883 74.921 2.441 -332.642 -677.795 -1014.557 -1357.117 -1696.014 -2035.522 -2369.843 -2695.618 516.968 653.992 433.502 79.193 4.12 -347.443 -700.378 587 320 525 29.12 24.27 134 79 2408 1 034
6032958 7497 2025/12/25 18:46:44 P15 74.01 25.33 0 7.27 23.32 955.54 982.6 322.876 591.888 4086.304 1050.415 760.498 1091.614 464.935 -66.681 -6.256 128.021 -19.989 437.469 838.928 126.038 912.781 891.418 296.021 562.439 1204.834 743.713 -5000 -1.373 -2372.284 5.493 -14.801 -6.409 369.263 229.797 723.877 1044.769 148.926 -1493.53 592.194 198.517 21.973 19.531 165.253 2544.25 2501.678 2116.394 1743.927 1389.313 1027.222 671.082 -336.914 21.515 -3.204 75.684 2.289 -331.726 -674.744 -1013.184 -1356.049 -1695.251 -2034.302 -2369.537 -2695.77 518.951 653.839 433.044 79.803 4.425 -344.086 -697.021 577 320 518 29.1 24.11 134 78 2408 1 034
6032959 7497 2025/12/25 18:46:45 P15 73.91 25.22 0 7.1 23.27 955.53 982.6 324.097 592.194 4089.203 1058.35 762.329 1095.276 465.393 -28.076 -1.831 143.738 -20.294 437.622 840.759 126.648 913.544 889.435 297.699 574.036 1205.139 745.087 -5000 3.967 -2376.862 -17.09 -15.869 -6.866 369.415 231.628 725.555 1051.331 153.046 -1490.936 593.872 198.822 31.128 27.161 164.948 2547.76 2499.542 2114.716 1740.265 1382.904 1018.524 660.095 -343.933 22.583 -14.191 74.158 5.188 -331.116 -669.403 -1014.099 -1360.321 -1700.287 -2039.49 -2378.54 -2702.484 518.036 653.076 434.57 78.125 1.678 -351.41 -705.566 577 320 518 29.1 24.11 134 78 2408 1 034
6032960 7497 2025/12/25 18:46:46 P15 73.92 25.37 0 7.14 23.25 955.53 982.59 325.317 592.804 4093.475 1056.976 764.313 1100.464 465.698 55.847 -36.469 128.784 -21.21 440.063 840.302 130.31 914.612 888.214 300.751 569.763 1209.106 745.392 -5000 -3.357 -2377.319 -15.259 -16.174 -5.341 369.263 230.713 727.081 1047.211 154.877 -1489.41 596.008 200.653 26.245 19.531 165.253 2545.166 2501.678 2112.274 1736.298 1380.768 1018.829 664.673 -349.731 25.33 -17.548 74.31 5.951 -333.099 -673.218 -1016.235 -1361.237 -1700.134 -2038.879 -2375.336 -2699.89 518.494 652.466 434.723 82.703 4.578 -348.053 -699.768 590 315 512 29.12 24.04 133 77 2408 1 034
6032961 7497 2025/12/25 18:46:47 P15 74.04 25.27 0 7.3 23.1 955.5 982.6 325.317 591.888 4087.067 1055.603 764.16 1100.159 465.088 94.299 -24.109 128.174 -21.515 442.352 840.302 126.648 915.68 889.435 302.734 570.831 1214.142 747.986 -5000 2.441 -2382.507 18.311 -14.648 -4.272 369.873 236.969 729.37 1058.655 149.231 -1489.258 595.245 201.721 24.719 18.616 165.405 2545.624 2501.526 2115.173 1741.943 1387.939 1026.611 670.166 -352.325 18.921 -19.836 74.463 2.747 -330.2 -675.049 -1012.878 -1357.117 -1696.625 -2034.76 -2370.453 -2693.481 520.935 655.823 432.587 79.193 3.662 -346.375 -699.005 587 315 512 29.12 24.04 132 77 2408 1 034
6032962 7497 2025/12/25 18:46:48 P15 74.04 25.26 0 7.3 23.07 955.52 982.6 325.623 591.736 4086.761 1060.791 764.923 1100.159 465.393 -1.373 -5.188 112.762 -19.684 445.251 840.912 123.138 916.748 887.909 303.802 576.477 1218.109 748.901 -5000 -1.831 -2383.728 -1.831 -16.022 -4.883 370.178 239.563 732.574 1063.385 154.572 -1491.089 597.839 200.958 30.06 24.872 165.405 2545.166 2500.61 2113.953 1742.859 1387.939 1025.391 669.556 -359.65 24.109 -10.071 74.615 6.104 -332.794 -676.88 -1013.184 -1357.117 -1696.625 -2034.149 -2369.69 -2695.923 520.172 652.008 432.892 79.498 4.425 -347.9 -700.226 585 305 506 29.1 24.06 131 76 2408 1 034
6032963 7497 2025/12/25 18:46:49 P15 73.89 25.19 0 7.18 23.14 955.53 982.6 328.369 592.499 4094.238 1065.979 767.059 1102.753 465.546 -4.425 1.984 117.493 -20.752 445.557 840.454 124.512 917.816 884.552 306.549 579.224 1219.482 749.817 -5000 -2.289 -2390.594 9.003 -16.937 -4.12 370.941 237.732 732.727 1064.301 149.078 -1491.394 600.281 204.773 31.433 19.379 164.795 2545.319 2500.61 2110.443 1732.788 1375.885 1011.658 655.212 -361.938 19.073 -15.564 75.073 2.289 -336.761 -683.136 -1021.423 -1365.814 -1706.848 -2045.746 -2383.27 -2707.825 520.63 656.738 434.265 74.31 5.493 -351.105 -707.245 577 305 503 29.09 24.07 130 76 2408 1 034
6032964 7497 2025/12/25 18:46:50 P15 73.95 25.33 0 7.15 23.12 955.55 982.6 326.996 591.736 4091.034 1068.115 768.433 1104.279 465.088 -166.016 -16.632 118.256 -20.142 448.456 842.896 122.528 919.952 887.299 308.228 583.344 1223.755 752.106 -5000 -3.204 -2393.799 -66.833 -15.869 -3.967 371.094 239.258 735.321 1062.164 157.928 -1490.479 600.891 202.637 25.177 18.005 164.337 2547.302 2501.678 2110.748 1735.382 1381.836 1018.524 662.537 -364.99 25.635 -17.395 74.615 5.951 -331.421 -677.49 -1017.609 -1360.931 -1701.508 -2039.795 -2375.488 -2700.806 521.088 657.043 434.418 78.125 5.188 -351.105 -706.787 583 305 503 29.06 23.99 130 75 2408 1 034
6032965 7497 2025/12/25 18:46:51 P15 74 25.29 0 7.18 23.12 955.55 982.59 325.317 592.194 4091.492 1071.93 768.585 1105.042 465.24 -64.392 8.24 124.817 -19.226 449.371 837.708 123.596 920.41 889.282 309.906 582.428 1226.654 751.038 -5000 -0.153 -2396.24 -30.975 -16.632 -3.815 370.941 241.547 736.847 1067.963 141.907 -1490.021 601.654 200.958 27.466 27.008 165.253 2542.267 2502.136 2114.716 1741.638 1387.939 1025.238 671.692 -369.873 24.261 -13.885 75.836 4.883 -331.421 -674.896 -1015.015 -1357.117 -1695.862 -2035.37 -2369.995 -2695.618 523.834 658.875 434.723 79.346 6.256 -346.069 -701.904 576 305 497 29.06 23.89 129 75 2408 1 034
6032966 7497 2025/12/25 18:46:52 P15 74.02 25.25 0 7.22 23.14 955.52 982.6 327.301 592.041 4091.644 1075.439 771.332 1109.619 465.851 -94.147 -12.817 112.762 -18.158 449.371 844.269 123.596 921.326 887.756 313.11 590.82 1229.706 752.869 -5000 -10.071 -2399.902 -37.231 -15.869 -3.967 371.704 242.31 738.831 1067.657 140.533 -1491.699 603.18 201.263 35.4 22.43 165.71 2547.607 2501.373 2113.342 1732.33 1375.122 1007.385 651.093 -372.62 20.599 -25.024 75.989 4.73 -335.693 -680.542 -1019.135 -1364.288 -1705.017 -2043.915 -2383.423 -2707.52 522.919 655.823 432.587 78.125 2.289 -347.29 -705.566 565 300 497 29.1 23.81 128 74 2408 1 034
6032967 7497 2025/12/25 18:46:53 P15 73.92 25.17 0 7.17 23.07 955.53 982.59 325.165 591.888 4085.083 1075.439 770.416 1107.178 465.24 48.981 -11.444 130.615 -19.989 450.592 841.217 121.155 922.546 886.23 314.178 591.736 1233.215 755.31 -5000 3.51 -2404.175 15.564 -16.937 -3.662 371.552 245.209 741.272 1074.524 126.038 -1491.089 604.553 204.773 30.823 23.193 165.253 2546.539 2502.441 2109.07 1731.567 1373.596 1007.385 654.144 -379.944 22.888 -14.038 74.768 3.51 -330.048 -677.032 -1018.524 -1363.068 -1703.796 -2044.373 -2382.812 -2707.214 522.919 656.738 439.148 75.684 2.441 -351.105 -709.686 574 290 491 29.06 23.91 128 74 2408 1 034
6032968 7497 2025/12/25 18:46:54 P15 73.98 25.32 0 7.24 22.96 955.49 982.6 330.658 591.736 4087.219 1079.102 772.247 1109.619 465.088 45.624 -48.828 127.411 -18.158 452.118 844.116 121.155 924.377 886.383 316.467 595.703 1235.657 755.31 -5000 0.763 -2408.447 30.823 -15.869 -3.052 372.009 245.972 742.493 1075.134 125.122 -1490.784 605.469 205.536 24.872 24.719 165.253 2548.828 2501.678 2111.816 1736.908 1380.463 1017.761 662.079 -384.827 23.041 -20.599 74.768 5.798 -330.811 -675.507 -1015.93 -1359.863 -1700.592 -2038.727 -2375.641 -2699.585 524.597 658.569 434.723 79.193 5.341 -347.443 -703.125 582 290 488 29.12 23.72 127 73 2408 1 034
6032969 7497 2025/12/25 18:46:55 P15 73.84 25.25 0 7.03 23.01 955.54 982.6 328.217 592.346 4084.473 1081.39 773.315 1106.415 465.088 108.948 -17.395 121.46 -20.599 455.017 841.37 120.85 924.53 884.857 319.214 598.755 1239.777 755.157 -5000 -7.324 -2413.94 17.853 -16.327 -3.51 371.246 247.498 744.629 1078.644 155.334 -1486.664 609.131 204.163 23.804 19.073 164.642 2547.15 2501.526 2114.258 1740.57 1384.888 1024.475 667.572 -390.625 22.888 -35.4 73.853 7.782 -335.846 -680.237 -1017.609 -1360.779 -1699.677 -2037.659 -2374.115 -2696.686 522.156 656.433 434.723 78.735 3.967 -349.731 -703.888 582 290 488 29.12 23.72 127 73 2408 1 034
6032970 7497 2025/12/25 18:46:56 P15 74.15 25.23 0 7.1 23.05 955.54 982.59 327.911 592.499 4090.881 1085.205 773.926 1110.382 465.698 83.923 10.071 114.136 -19.684 454.865 844.727 122.07 925.751 885.62 321.045 602.417 1242.676 755.31 -5000 -12.817 -2417.603 -11.444 -16.632 0 372.772 247.955 746.002 1074.066 157.318 -1493.835 609.131 202.484 21.515 19.836 165.1 2543.64 2501.373 2111.664 1735.077 1373.596 1008.911 651.245 -393.829 20.752 -16.327 75.989 3.967 -335.083 -680.237 -1020.966 -1365.509 -1706.238 -2045.135 -2383.728 -2709.198 523.682 658.875 433.502 76.447 5.035 -348.663 -705.261 576 285 482 29.1 23.74 127 73 2408 1 034
6032971 7497 2025/12/25 18:46:57 P15 73.94 25.34 0 7.2 23.01 955.51 982.6 328.369 591.888 4090.576 1088.867 774.689 1111.908 465.546 -51.575 -13.123 96.436 -18.921 455.933 841.064 121.613 927.277 885.01 323.029 605.621 1245.117 756.683 -5000 -11.444 -2420.654 92.773 -16.785 -1.526 373.383 249.786 747.833 1082.764 159.607 -1489.105 610.504 202.637 23.193 23.804 165.405 2542.725 2500.763 2109.07 1731.873 1373.596 1008.606 652.618 -402.374 22.43 -23.041 75.684 4.73 -333.557 -679.474 -1020.355 -1363.831 -1706.543 -2045.288 -2381.897 -2704.468 525.513 659.18 433.655 76.447 6.714 -353.241 -710.297 573 285 482 29.1 23.74 126 72 2408 1 034
6032972 7497 2025/12/25 18:46:58 P15 74.01 25.19 0 7.12 22.95 955.53 982.59 328.827 591.736 4097.29 1091.156 776.672 1110.687 465.546 8.392 13.733 112.61 -20.142 457.458 844.269 122.528 928.955 883.789 324.402 606.689 1248.016 759.43 -5000 -6.714 -2426.147 3.357 -16.022 -1.526 374.146 250.397 749.054 1081.238 150.604 -1488.953 613.556 199.89 21.057 24.109 164.185 2545.929 2500.61 2113.037 1736.298 1381.073 1015.778 660.706 -405.426 23.804 -21.362 73.853 5.493 -332.947 -677.032 -1017.456 -1360.474 -1701.202 -2039.642 -2377.167 -2700.653 527.496 659.637 434.723 79.651 4.883 -349.274 -703.735 578 280 476 29.06 23.67 126 72 2408 1 034
6032973 7497 2025/12/25 18:46:59 P15 73.94 25.29 0 7.05 23.04 955.53 982.59 327.454 591.583 4087.524 1094.666 776.215 1112.823 465.393 -35.553 16.022 100.403 -20.447 460.815 841.217 122.986 929.565 884.247 326.08 614.014 1251.373 759.735 -5000 -6.409 -2429.962 -20.752 -15.564 -0.305 373.383 254.669 751.801 1088.562 139.618 -1489.105 614.014 196.533 25.024 26.55 165.1 2545.319 2501.068 2114.105 1739.807 1382.141 1017.914 659.943 -410.919 20.142 -23.193 75.836 0.61 -331.421 -676.575 -1014.862 -1359.863 -1699.982 -2039.032 -2376.556 -2702.484 526.886 659.943 433.807 79.651 7.935 -348.206 -702.057 570 280 473 29.08 23.78 125 71 2408 1 034
6032974 7497 2025/12/25 18:47:00 P15 73.89 25.23 0 7.2 22.84 955.53 982.6 330.2 592.804 4090.729 1095.123 777.283 1118.317 466.003 -5.951 -14.038 104.523 -20.447 460.815 842.743 123.596 930.023 883.942 328.217 610.962 1254.425 758.82 -5000 -8.24 -2433.624 17.853 -16.937 -0.916 374.451 251.617 755.005 1085.51 140.839 -1488.8 615.082 197.754 22.278 24.261 164.337 2541.351 2500.458 2110.748 1730.804 1374.359 1008.301 652.008 -414.734 19.989 -11.292 73.853 3.052 -334.015 -678.406 -1019.135 -1363.22 -1704.712 -2043.61 -2382.965 -2707.52 528.107 657.959 433.655 77.515 5.188 -352.02 -709.076 578 280 469 29.09 23.62 124 71 2408 1 034
6032975 7497 2025/12/25 18:47:01 P15 73.98 25.23 0 7.28 22.84 955.53 982.58 331.573 592.346 4091.644 1097.26 777.74 1112.671 465.546 -34.79 -24.872 97.351 -20.294 463.409 846.252 123.749 932.007 883.636 330.353 615.692 1256.561 760.956 -5000 -11.597 -2437.134 -46.844 -14.496 -2.289 374.451 254.364 756.226 1088.562 146.332 -1490.479 616.302 198.517 24.719 27.313 164.948 2546.539 2501.678 2109.833 1734.009 1377.106 1011.658 655.67 -420.99 19.836 -20.905 75.989 3.51 -332.947 -677.948 -1019.135 -1362 -1701.66 -2041.321 -2379.761 -2702.942 530.243 661.621 433.96 77.362 7.172 -350.952 -708.16 567 280 469 29.03 23.52 124 70 2408 1 034
6032976 7497 2025/12/25 18:47:02 P15 73.95 25.29 0 7 22.85 955.52 982.6 328.522 591.278 4087.83 1101.227 779.572 1114.807 465.546 -45.471 -1.068 130.157 -21.21 463.867 844.727 122.223 931.702 882.416 332.336 621.948 1260.071 762.329 -5000 4.73 -2442.017 -55.695 -15.106 0.458 374.451 258.484 757.599 1098.022 135.803 -1489.41 617.828 199.738 17.242 21.362 165.1 2544.25 2499.695 2112.427 1735.84 1383.057 1018.677 664.368 -425.568 20.752 -18.005 73.7 3.204 -332.947 -678.711 -1018.066 -1360.931 -1700.439 -2039.032 -2375.031 -2699.28 527.802 660.248 435.333 76.904 5.798 -348.663 -704.803 576 275 463 29.08 23.46 123 70 2408 1 034
6032977 7497 2025/12/25 18:47:03 P15 73.98 25.27 0 7.15 22.81 955.51 982.6 331.116 591.888 4084.167 1101.837 781.403 1115.265 465.851 39.062 -13.733 109.253 -19.226 464.478 843.964 124.054 933.075 881.348 333.862 624.084 1262.665 762.939 -5000 -2.899 -2446.136 3.357 -15.259 -0.153 375.061 258.026 759.125 1096.649 153.198 -1491.852 617.981 199.127 17.548 27.313 164.795 2547.76 2499.542 2113.495 1736.145 1377.869 1012.421 653.992 -429.077 24.567 -21.362 74.463 7.172 -332.336 -677.032 -1017.151 -1361.237 -1702.576 -2040.253 -2379.15 -2704.468 527.039 661.011 436.096 79.193 5.341 -348.969 -706.024 569 275 463 29.08 23.47 123 70 2408 1 034
6032978 7497 2025/12/25 18:47:04 P15 73.94 25.2 0 7.15 22.84 955.53 982.6 329.285 590.82 4087.982 1103.21 781.25 1116.028 465.698 12.817 3.052 125.427 -21.057 466.156 847.473 123.291 934.448 881.348 335.693 622.406 1266.327 764.465 -5000 -5.188 -2450.867 70.343 -14.648 -1.831 375.519 260.468 760.956 1099.854 130.31 -1490.021 619.812 200.348 18.005 22.125 163.727 2544.25 2501.068 2107.391 1729.126 1369.781 1004.639 652.924 -436.249 19.073 -12.054 74.158 4.272 -333.862 -679.169 -1020.508 -1363.068 -1704.407 -2043.915 -2382.05 -2707.825 528.564 661.316 434.57 76.599 5.035 -352.478 -709.991 576 275 458 29.06 23.54 122 69 2408 1 034
6032979 7497 2025/12/25 18:47:05 P15 73.91 25.3 0 7.28 22.92 955.54 982.59 330.811 592.041 4095.001 1110.535 783.691 1117.401 465.393 -12.207 -25.94 116.73 -21.667 467.377 843.964 123.444 934.448 877.838 337.524 632.019 1267.242 764.771 -5000 -4.883 -2454.987 -39.368 -15.717 0.763 376.282 261.993 762.482 1102.448 151.978 -1492.92 621.033 202.637 20.447 21.82 164.948 2543.945 2501.831 2111.969 1736.908 1379.242 1016.388 660.095 -436.554 25.024 -29.755 76.141 2.441 -334.015 -679.779 -1018.829 -1361.847 -1702.423 -2040.71 -2377.167 -2702.332 530.243 662.537 434.875 78.888 4.73 -348.511 -705.414 567 270 456 29.1 23.47 122 69 2408 1 034
6032980 7497 2025/12/25 18:47:06 P15 73.98 25.25 0 7.13 22.69 955.5 982.59 330.048 591.888 4088.745 1109.314 783.691 1118.622 465.393 -91.248 -35.248 150.452 -20.752 468.445 845.795 124.664 936.279 880.89 339.813 640.717 1271.82 766.449 -5000 -7.019 -2457.428 -55.847 -16.174 1.831 375.824 258.942 763.855 1096.344 140.686 -1489.716 621.948 208.282 21.057 17.853 166.016 2543.488 2500.458 2115.021 1740.265 1385.498 1020.508 663.605 -440.979 18.768 -10.376 72.937 4.272 -331.421 -674.744 -1014.099 -1357.88 -1697.998 -2037.811 -2375.336 -2702.179 529.938 661.316 433.655 80.566 4.883 -342.712 -699.31 578 270 456 29.08 23.42 122 69 2408 1 034
6032981 7497 2025/12/25 18:47:07 P15 73.98 25.29 0 7.15 22.84 955.52 982.58 330.2 591.278 4088.44 1109.619 784.302 1122.894 465.851 -95.062 -44.403 127.716 -21.057 470.734 847.321 122.375 937.042 880.28 341.187 631.561 1274.261 766.754 -5000 -8.698 -2460.48 -2.747 -15.869 3.815 376.282 266.266 765.686 1105.347 146.179 -1490.936 622.559 207.977 21.515 28.381 165.1 2545.166 2501.221 2112.122 1732.483 1373.291 1007.385 650.787 -446.777 22.736 -15.564 74.615 5.951 -333.862 -684.509 -1020.05 -1363.678 -1703.949 -2042.999 -2383.118 -2708.588 531.158 660.553 433.35 77.972 3.662 -349.426 -706.482 578 270 451 29.08 23.42 122 69 2408 1 034
6032982 7497 2025/12/25 18:47:08 P15 73.91 25.34 0 7.2 22.79 955.52 982.57 335.236 592.194 4096.069 1114.96 785.98 1122.437 466.919 94.604 -68.665 108.643 -21.82 470.428 846.405 122.681 937.5 879.364 342.712 636.749 1276.398 768.127 -5000 -5.798 -2466.431 28.381 -16.479 4.73 375.977 263.672 766.754 1101.99 153.809 -1486.511 625 209.503 24.872 15.564 164.948 2545.471 2499.39 2109.985 1733.551 1375.885 1011.505 655.212 -450.897 22.736 -18.005 73.853 2.441 -332.184 -678.864 -1019.287 -1362.61 -1703.491 -2042.236 -2380.829 -2704.468 528.564 664.215 436.554 76.447 6.714 -360.107 -710.907 578 265 451 29.06 23.3 121 68 2408 1 034
6032983 7497 2025/12/25 18:47:09 P15 73.89 25.23 0 7.03 22.75 955.55 982.59 332.642 591.431 4084.473 1115.875 786.896 1121.216 465.851 4.272 -28.687 120.239 -21.667 471.954 845.184 123.444 938.568 878.296 345.612 638.885 1279.144 767.365 -5000 -15.564 -2466.888 33.722 -16.174 3.357 375.824 265.503 768.585 1109.772 153.809 -1491.699 626.068 210.114 25.024 15.717 164.642 2548.218 2501.068 2113.647 1741.943 1385.345 1024.933 666.351 -453.186 21.21 -18.768 73.7 5.035 -332.947 -678.406 -1017.151 -1360.626 -1699.982 -2038.116 -2376.709 -2701.263 530.243 663.3 435.791 82.092 3.204 -348.053 -702.667 575 270 447 29.03 23.44 121 68 2408 1 034
6032984 7497 2025/12/25 18:47:10 P15 73.91 25.25 0 7.07 22.78 955.5 982.6 333.405 591.583 4092.407 1119.08 788.116 1122.894 465.546 -45.624 -26.093 106.964 -20.142 473.938 848.389 124.817 939.636 878.448 347.29 642.395 1281.586 769.348 -5000 -9.766 -2469.788 -26.703 -15.259 5.646 377.655 264.893 770.416 1106.11 146.484 -1490.173 626.221 212.555 25.94 19.836 164.948 2547.15 2501.221 2111.969 1737.671 1376.953 1012.115 655.06 -455.933 18.463 -4.883 74.31 2.747 -332.031 -676.422 -1015.32 -1359.1 -1699.829 -2038.879 -2375.946 -2702.484 532.227 664.52 436.554 78.583 0.763 -349.274 -702.972 565 265 447 29.09 23.3 121 68 2408 1 034
6032985 7497 2025/12/25 18:47:11 P15 73.95 25.19 0 7.22 22.7 955.49 982.59 334.778 591.125 4086.304 1119.08 789.337 1126.709 465.698 -8.85 10.834 113.068 -20.905 475.159 846.252 123.291 940.704 877.838 348.969 643.768 1283.112 769.043 -5000 -0.61 -2473.602 17.548 -14.954 6.561 376.892 268.097 771.942 1113.586 144.196 -1490.021 627.899 209.961 26.245 18.005 164.337 2548.218 2499.847 2109.528 1731.567 1371.155 1004.333 650.177 -459.29 18.311 -13.58 76.294 2.441 -335.083 -681.915 -1021.729 -1364.288 -1704.712 -2044.22 -2383.27 -2707.214 533.752 665.588 435.486 75.989 7.629 -351.41 -709.839 572 265 444 29.1 23.35 120 67 2408 1 034
6032986 7497 2025/12/25 18:47:12 P15 73.95 25.3 0 7.22 22.61 955.51 982.58 331.726 591.736 4088.593 1120.605 788.727 1123.657 466.003 84.991 1.373 142.517 -21.973 475.464 847.473 125.122 941.467 878.906 350.952 641.174 1287.384 770.569 -5000 -14.496 -2477.875 72.021 -15.869 5.341 377.502 266.724 773.315 1110.992 155.64 -1491.089 629.578 210.571 23.346 24.872 166.016 2543.793 2500.458 2114.105 1735.992 1380.31 1017.151 661.316 -463.867 18.768 -3.204 74.158 4.578 -332.794 -678.406 -1017.303 -1364.288 -1701.66 -2040.253 -2375.031 -2699.738 532.532 666.351 434.113 79.041 4.883 -349.121 -705.109 564 265 443 29.12 23.23 120 67 2408 1 034
6032987 7497 2025/12/25 18:47:13 P15 73.91 25.27 0 7.01 22.71 955.52 982.58 335.999 591.583 4093.323 1122.131 789.795 1128.845 466.003 -94.757 -11.292 141.754 -21.057 476.99 848.999 123.749 942.993 875.854 353.241 645.752 1287.689 769.958 -5000 -9.766 -2480.774 8.85 -17.09 7.172 376.74 268.555 774.536 1115.417 146.637 -1492.615 631.714 214.691 28.687 24.567 165.405 2545.471 2501.221 2114.563 1738.434 1383.362 1018.372 658.722 -469.513 21.667 -9.613 74.158 5.951 -333.405 -676.88 -1016.235 -1361.084 -1701.202 -2039.032 -2379.761 -2703.857 533.142 664.062 434.723 79.651 4.73 -349.121 -703.735 573 265 443 29.09 23.34 119 67 2408 1 034
6032988 7497 2025/12/25 18:47:14 P15 74.01 25.34 0 7.18 22.58 955.53 982.6 334.32 592.041 4095.764 1125.183 790.863 1125.641 465.546 -71.106 -10.529 131.226 -20.752 477.295 848.389 123.444 942.993 874.939 355.225 649.719 1289.215 771.332 -5000 -7.782 -2483.673 -3.052 -15.259 7.782 378.723 270.691 775.604 1117.249 150.909 -1491.699 632.324 208.282 25.635 27.008 164.948 2546.692 2501.526 2107.849 1731.11 1371.918 1006.165 656.738 -474.548 22.583 -3.052 75.378 6.714 -332.336 -678.101 -1020.05 -1363.831 -1705.933 -2046.051 -2384.338 -2709.045 534.668 665.588 435.638 76.294 6.104 -352.02 -711.06 571 265 440 29.1 23.23 119 66 2408 1 034
6032989 7497 2025/12/25 18:47:15 P15 73.85 25.27 0 7.01 22.64 955.52 982.6 335.236 591.583 4092.56 1128.387 791.931 1130.066 466.461 -24.109 -23.041 134.583 -22.125 478.821 849.152 125.122 944.519 876.923 356.445 653.381 1291.962 771.332 -5000 -4.272 -2486.877 10.986 -17.853 5.951 377.808 270.691 778.198 1117.096 141.449 -1490.631 632.935 208.13 24.719 28.992 165.1 2542.114 2500 2111.969 1734.924 1380.463 1016.693 661.316 -476.074 21.362 -16.174 75.531 2.594 -331.726 -670.929 -1014.099 -1358.795 -1698.914 -2039.185 -2374.878 -2701.111 533.295 667.572 434.723 78.43 6.409 -346.375 -702.667 557 260 440 29.09 23.18 118 66 2408 1 034
6032990 7497 2025/12/25 18:47:16 P15 73.92 25.25 0 7.1 22.52 955.55 982.61 334.167 591.278 4087.219 1129.608 792.084 1123.81 464.935 -8.85 -11.597 142.822 -21.82 479.889 847.321 125.58 945.129 875.397 358.582 653.534 1293.182 773.621 -5000 -10.834 -2491.302 16.785 -14.954 7.477 378.876 274.048 779.419 1123.962 143.89 -1494.446 634.155 209.503 24.567 26.093 165.558 2544.403 2501.831 2115.479 1740.417 1384.888 1023.102 668.03 -484.161 21.057 -9.003 73.09 4.578 -333.862 -679.016 -1015.778 -1360.474 -1699.677 -2037.506 -2375.031 -2697.296 532.99 665.131 436.401 72.937 4.272 -349.731 -704.803 557 260 440 29.09 23.18 118 66 2408 1 034
6032991 7497 2025/12/25 18:47:17 P15 73.88 25.29 0 7.08 22.55 955.54 982.6 336.761 590.82 4095.459 1133.423 794.83 1131.439 466.156 -24.719 -18.768 129.242 -21.21 481.262 848.999 125.58 945.892 874.634 360.26 655.975 1299.438 773.926 -5000 -10.834 -2493.896 -5.188 -17.242 6.866 378.723 272.98 780.487 1120.453 123.444 -1491.394 635.834 209.045 23.651 22.278 165.71 2545.471 2501.984 2109.375 1732.483 1372.681 1006.47 649.872 -485.077 20.294 -7.629 75.684 2.289 -329.895 -675.812 -1017.303 -1361.237 -1704.712 -2043.304 -2379.608 -2706.757 537.109 668.64 435.944 78.583 5.493 -348.663 -705.566 574 260 438 29.09 23.27 118 66 2408 1 034
6032992 7497 2025/12/25 18:47:18 P15 73.92 25.3 0 7.22 22.6 960.18 982.61 335.388 593.872 4095.764 1135.712 794.678 1130.066 465.393 4.883 -35.248 135.04 -21.973 482.025 845.795 124.664 946.655 873.566 362.091 659.485 1301.88 774.384 -5000 -9.155 -2498.169 27.618 -16.022 11.902 379.181 274.963 782.013 1124.268 145.874 -1497.192 636.597 209.503 24.567 32.349 165.405 2544.708 2500.763 2113.342 1736.908 1380.157 1016.693 659.79 -489.044 20.294 -9.766 74.615 1.068 -330.658 -675.812 -1014.557 -1359.406 -1700.134 -2038.574 -2376.556 -2700.348 536.957 668.03 434.418 79.498 4.883 -349.121 -703.125 568 255 438 29.08 23.16 117 65 2408 1 034
6032993 7497 2025/12/25 18:47:19 P15 73.87 25.26 0 7.08 22.62 960.15 982.6 335.541 592.346 4087.677 1141.51 794.83 1126.251 466.156 22.888 -1.221 102.386 -22.278 483.551 848.389 123.901 947.571 874.176 364.532 664.368 1304.169 774.994 -5000 -6.561 -2501.526 32.959 -14.648 9.308 379.333 277.71 783.997 1128.387 139.16 -1492.92 636.444 209.198 24.414 16.174 165.863 2544.708 2500.61 2113.953 1739.349 1383.82 1021.729 667.572 -491.18 18.311 -12.512 73.547 5.798 -332.642 -677.185 -1017.303 -1360.626 -1700.134 -2036.743 -2374.573 -2697.754 535.736 670.471 434.113 78.735 1.984 -347.748 -702.667 569 260 436 29.03 23.06 117 65 2408 1 034
6032994 7497 2025/12/25 18:47:20 P15 73.92 25.32 0 7.2 22.49 960.17 982.6 339.813 591.583 4094.543 1145.325 795.135 1134.644 466.003 -57.068 -25.635 130.92 -21.362 485.992 851.135 124.512 949.097 873.871 365.448 667.114 1305.237 775.757 -5000 -10.223 -2505.646 12.054 -18.616 12.665 379.181 277.557 785.065 1126.251 133.514 -1493.378 638.733 208.74 23.651 24.872 164.795 2543.793 2502.136 2110.443 1732.635 1373.596 1007.843 651.093 -499.42 21.21 -12.512 73.547 6.866 -332.031 -677.948 -1018.219 -1362 -1702.423 -2043.457 -2382.66 -2707.214 534.668 668.03 436.249 77.667 3.662 -350.952 -707.092 560 255 436 29.08 23.04 117 65 2408 1 034
6032995 7497 2025/12/25 18:47:21 P15 73.89 25.22 0 7.15 22.64 960.19 982.6 337.83 591.431 4092.255 1141.968 795.593 1134.491 465.851 5.188 1.068 129.395 -21.515 485.687 850.677 124.969 949.249 873.718 367.584 664.825 1307.983 775.452 -5000 -12.512 -2509.155 1.221 -16.022 10.529 378.876 277.1 786.896 1129.303 137.634 -1495.056 637.207 209.045 25.94 27.924 165.253 2542.725 2500 2110.596 1735.382 1378.174 1014.557 658.264 -500.946 21.82 -16.479 73.547 4.883 -331.421 -678.101 -1018.524 -1362.762 -1704.102 -2042.847 -2380.676 -2705.078 534.363 667.419 432.434 76.599 4.12 -352.325 -709.534 568 255 434 29.06 23.04 117 64 2408 1 034
6032996 7497 2025/12/25 18:47:22 P15 73.97 25.16 0 7.15 22.47 960.16 982.62 339.966 591.125 4095.154 1145.935 797.272 1134.186 466.614 -0.458 -25.33 130.005 -19.989 486.145 850.983 125.58 949.86 871.735 370.026 667.877 1309.052 778.198 -5000 -9.46 -2513.733 -47.455 -17.395 13.428 379.791 279.236 787.964 1132.202 150.299 -1493.073 640.717 210.876 24.109 19.379 165.558 2547.913 2501.221 2111.206 1740.723 1383.667 1021.423 665.894 -504.303 18.463 -15.564 74.615 3.967 -333.71 -680.542 -1018.524 -1362.305 -1701.66 -2040.1 -2376.099 -2700.195 538.483 670.166 437.164 79.651 7.172 -350.342 -705.414 559 250 434 29.06 23.08 116 64 2408 1 034
6032997 7497 2025/12/25 18:47:23 P15 73.82 25.23 0 7.18 22.52 960.19 982.59 338.135 591.583 4087.982 1146.393 797.424 1132.05 466.003 -46.387 1.526 124.817 -22.888 487.671 850.372 126.801 952.148 871.582 371.399 668.335 1315.308 777.588 -5000 3.662 -2517.548 13.123 -15.106 12.665 379.333 280.151 789.337 1136.169 150.299 -1492.157 640.106 210.266 27.313 18.921 166.321 2543.64 2500.763 2115.479 1744.843 1389.923 1027.222 670.471 -507.202 21.973 -13.733 74.31 5.341 -333.252 -677.032 -1014.252 -1357.117 -1695.862 -2033.844 -2369.232 -2694.702 535.583 667.572 435.791 78.583 2.899 -346.527 -700.073 567 250 433 29.06 22.95 116 64 2408 1 034
6032998 7497 2025/12/25 18:47:24 P15 73.82 25.26 0 7.15 22.51 960.2 982.61 339.966 591.431 4097.443 1155.09 798.492 1133.118 466.309 -35.4 3.967 123.138 -21.82 488.586 851.898 126.038 952.454 870.667 373.383 672.76 1313.934 779.877 -5000 -9.613 -2520.447 39.978 -15.106 15.259 380.096 281.677 789.795 1136.475 157.318 -1494.904 643.005 208.435 27.466 28.381 165.71 2545.471 2500.305 2111.053 1731.567 1376.495 1012.726 657.806 -512.238 22.736 -28.076 74.921 8.85 -334.32 -678.711 -1018.524 -1362.61 -1702.728 -2041.931 -2381.592 -2705.536 537.567 664.825 435.181 78.278 3.357 -351.257 -709.534 559 250 432 29.08 22.97 116 64 2408 1 034
6032999 7497 2025/12/25 18:47:25 P15 73.84 25.25 0 7.12 22.46 960.2 982.6 337.372 591.583 4091.492 1152.802 799.713 1136.017 465.546 113.22 -13.275 115.662 -21.82 488.892 851.898 126.495 952.301 870.972 374.908 672.607 1316.376 778.046 -5000 -4.425 -2524.719 4.578 -15.869 15.259 380.096 280.304 792.999 1135.559 151.062 -1494.446 643.311 209.503 25.024 25.94 165.71 2541.809 2501.526 2112.274 1737.823 1384.43 1020.966 664.825 -518.036 19.989 -6.104 73.853 5.646 -332.336 -677.338 -1016.388 -1359.253 -1698.761 -2037.048 -2373.352 -2697.144 536.957 670.013 436.249 77.057 4.883 -348.511 -705.109 566 250 432 29.09 22.92 116 63 2408 1 034
6033000 7497 2025/12/25 18:47:26 P15 73.94 25.25 0 7.13 22.46 960.18 982.61 341.492 591.888 4097.29 1154.785 800.934 1132.05 466.766 -71.259 -13.58 124.359 -21.362 489.502 852.966 125.427 952.911 869.446 376.74 672.913 1319.122 780.334 -5000 -11.444 -2527.008 -22.125 -16.022 16.785 381.775 281.677 793.152 1135.406 166.321 -1492.004 645.752 211.639 26.855 21.057 165.558 2547.15 2500.61 2114.105 1743.164 1388.397 1027.679 671.082 -521.24 22.278 -13.123 74.31 8.24 -329.895 -674.133 -1011.505 -1355.286 -1694.336 -2031.097 -2367.706 -2693.329 538.94 670.776 434.265 81.94 6.104 -346.069 -697.784 558 245 430 29.05 22.92 116 63 2408 1 034
6033001 7497 2025/12/25 18:47:27 P15 73.71 25.32 0 7 22.44 960.18 982.58 339.813 590.973 4091.034 1154.022 801.544 1135.254 465.851 -52.795 -25.94 132.446 -21.057 492.096 851.44 125.732 954.742 868.988 378.723 673.065 1323.7 781.097 -5000 -20.294 -2530.67 2.899 -15.411 17.7 380.707 282.44 794.83 1138.458 162.659 -1497.498 644.989 214.844 21.21 19.531 165.863 2547.302 2501.678 2109.07 1731.567 1374.969 1010.742 654.602 -522.766 19.379 -7.172 74.921 2.899 -338.898 -681.305 -1020.203 -1363.22 -1704.865 -2042.847 -2382.965 -2706.299 539.551 670.471 434.723 77.209 4.12 -353.088 -712.433 561 245 430 29.06 22.87 115 63 2408 1 034
6033002 7497 2025/12/25 18:47:28 P15 73.75 25.26 0 7 22.44 960.15 982.59 341.949 590.973 4086.304 1156.769 801.544 1137.695 466.003 -95.062 -30.06 142.67 -20.294 492.401 854.34 125.732 954.895 869.141 379.791 674.591 1324.768 781.708 -5000 -13.123 -2534.027 11.444 -16.785 18.768 381.165 285.034 797.272 1143.951 142.212 -1492.004 645.447 213.318 25.024 20.142 165.558 2548.981 2501.373 2111.969 1738.129 1381.531 1017.609 662.079 -527.954 17.548 -14.038 75.073 2.899 -335.083 -681 -1019.592 -1361.542 -1701.355 -2039.49 -2375.793 -2698.364 537.262 670.013 435.791 77.667 3.967 -346.68 -702.972 561 245 427 29.06 22.87 115 63 2408 1 034
6033003 7497 2025/12/25 18:47:29 P15 73.77 25.34 0 7.07 22.27 960.18 982.59 339.203 591.431 4091.034 1158.447 801.086 1138.611 466.003 -106.506 -0.153 130.31 -20.905 493.927 851.288 126.343 955.658 868.53 381.775 675.812 1324.921 781.86 -5000 -7.935 -2536.621 -73.242 -17.395 22.125 381.622 284.576 798.492 1142.273 146.637 -1495.209 647.888 215.454 23.956 20.905 165.863 2541.504 2501.831 2116.852 1742.706 1389.923 1029.51 674.744 -532.532 18.311 -13.428 74.31 3.357 -330.505 -675.049 -1013.031 -1354.98 -1695.404 -2032.623 -2368.164 -2693.176 538.635 671.844 433.044 79.346 4.425 -347.748 -699.31 564 245 426 29.12 22.78 115 63 2408 1 034
6033004 7497 2025/12/25 18:47:30 P15 73.77 25.32 0 6.86 22.49 960.19 982.61 343.628 591.125 4094.543 1158.6 803.223 1138.611 466.614 -23.651 19.836 108.032 -21.362 493.317 855.103 127.258 956.879 867.31 384.369 675.964 1328.278 783.081 -5000 -1.526 -2541.351 -36.621 -15.106 18.768 381.622 284.424 799.255 1147.156 149.689 -1493.683 645.905 215.607 24.261 20.294 166.016 2548.981 2501.526 2114.563 1740.417 1385.803 1021.881 663.147 -533.905 19.226 -13.275 75.226 3.967 -331.573 -676.27 -1013.336 -1357.727 -1697.693 -2036.133 -2374.573 -2699.28 539.551 673.981 435.028 81.329 4.883 -345.764 -699.615 554 245 425 29.08 22.92 115 62 2408 1 034
6033005 7497 2025/12/25 18:47:31 P15 73.87 25.23 0 7.06 22.43 960.19 982.6 343.323 592.041 4094.696 1157.074 803.375 1139.221 466.156 133.362 -7.019 130.463 -20.752 494.995 855.103 126.953 957.794 867.004 385.284 675.049 1331.329 784.454 -5000 -8.85 -2543.945 59.814 -14.801 18.616 381.927 286.255 801.086 1148.834 134.888 -1493.53 646.973 213.776 23.193 29.144 166.016 2547.913 2502.594 2111.053 1737.518 1381.226 1018.524 662.384 -535.583 21.057 -19.531 74.768 7.477 -333.099 -679.169 -1018.524 -1360.321 -1699.982 -2039.185 -2375.183 -2701.263 540.009 671.539 436.096 78.125 6.104 -350.8 -705.414 563 245 425 29.1 22.73 115 62 2408 1 034
6033006 7497 2025/12/25 18:47:32 P15 73.78 25.27 0 7.13 22.4 960.17 982.59 340.424 591.888 4090.576 1159.668 803.986 1140.9 466.461 115.356 -6.714 112.61 -20.752 496.216 852.966 128.632 957.642 867.004 387.268 677.185 1333.618 782.928 -5000 3.357 -2546.997 13.428 -17.7 19.226 381.927 286.102 802.612 1147.461 138.55 -1496.582 649.872 215.454 21.21 30.975 165.71 2542.114 2501.678 2115.784 1746.979 1391.602 1030.579 674.133 -541.992 21.667 -20.599 75.226 5.798 -329.895 -672.913 -1011.505 -1351.013 -1692.505 -2031.86 -2366.943 -2694.092 541.687 672.607 434.57 80.414 1.678 -345.764 -699.31 549 245 424 29.1 22.85 114 62 2408 1 034
6033007 7497 2025/12/25 18:47:33 P15 73.77 25.29 0 7.08 22.43 960.16 982.6 340.271 591.431 4090.118 1165.161 804.596 1141.663 466.156 1.373 1.068 112.762 -19.684 496.674 855.103 128.326 958.71 867.31 389.252 678.406 1337.433 783.844 -5000 -1.221 -2550.659 26.093 -17.242 27.161 381.622 288.086 802.612 1153.87 145.111 -1492.157 650.635 216.37 20.752 34.485 166.626 2542.877 2500.763 2115.936 1741.791 1386.566 1022.644 667.419 -543.976 16.632 -13.428 74.463 3.967 -332.947 -676.88 -1015.93 -1359.863 -1699.677 -2038.879 -2376.556 -2702.026 540.314 672.302 433.655 78.43 4.73 -345.459 -700.073 561 230 424 29.1 22.72 114 62 2408 1 034
6033008 7497 2025/12/25 18:47:34 P15 73.88 25.33 0 7.07 22.3 960.16 982.61 343.933 590.973 4084.473 1165.924 806.732 1134.644 466.461 -136.414 -30.67 108.49 -20.905 499.115 856.018 128.021 959.625 863.19 390.015 677.643 1338.806 785.37 -5000 7.019 -2553.406 14.648 -16.174 25.787 382.08 287.781 804.291 1155.396 124.207 -1493.683 653.381 213.47 21.667 25.177 165.71 2548.37 2501.373 2112.427 1739.044 1387.177 1022.949 666.199 -549.316 16.022 -19.836 75.989 2.441 -331.573 -676.88 -1015.778 -1357.269 -1697.388 -2035.217 -2369.995 -2695.77 541.229 670.929 433.502 79.803 5.341 -349.426 -701.447 552 235 423 -999 -999 114 62 2408 1 034
6033009 7497 2025/12/25 18:47:35 P15 73.78 25.25 0 7.15 22.37 960.18 982.59 344.696 591.583 4094.238 1164.856 805.969 1143.799 466.156 -45.471 -31.433 124.512 -20.142 498.81 856.323 126.801 960.083 864.868 392.761 678.253 1339.264 784.76 -5000 -7.019 -2557.22 12.97 -15.564 25.024 382.08 289.307 805.511 1155.701 138.55 -1492.92 650.94 216.98 21.515 23.041 166.931 2549.591 2500 2120.209 1747.742 1391.754 1026.764 671.387 -551.605 17.853 -3.51 74.615 4.73 -331.268 -674.438 -1011.81 -1354.828 -1693.878 -2032.776 -2366.028 -2693.939 540.466 673.523 435.181 81.329 4.272 -345.154 -698.395 561 235 423 29.08 22.77 114 61 2408 1 034
6033010 7497 2025/12/25 18:47:36 P15 73.91 25.38 0 6.96 22.2 960.18 982.6 343.933 591.278 4094.849 1166.992 805.664 1145.02 466.156 -11.749 -28.381 119.324 -22.43 499.115 856.628 125.275 960.541 864.105 394.897 679.321 1338.348 785.522 -5000 -10.376 -2559.967 5.341 -16.937 25.33 381.622 288.849 806.122 1156.921 145.569 -1494.904 655.06 216.37 21.82 21.362 165.558 2545.471 2500.458 2113.495 1741.028 1383.972 1019.287 660.553 -556.793 17.853 -0.305 74.921 7.019 -332.794 -677.185 -1016.235 -1357.727 -1699.219 -2037.964 -2376.709 -2702.637 540.466 672.607 435.333 79.803 4.425 -346.68 -702.362 552 230 420 29.09 22.72 114 61 2408 1 034
6033011 7497 2025/12/25 18:47:37 P15 73.91 25.17 0 6.96 22.36 960.18 982.6 344.238 590.363 4087.219 1169.891 807.495 1146.393 466.766 -3.204 -26.855 127.563 -20.294 501.556 857.544 126.953 962.372 865.021 395.508 678.558 1344.757 787.964 -5000 -3.662 -2563.477 39.673 -15.869 26.55 382.08 289.459 807.495 1158.752 127.563 -1492.157 654.755 220.642 26.245 27.466 165.558 2549.591 2501.068 2106.934 1727.905 1368.256 1002.197 647.583 -556.946 20.142 -14.191 74.158 7.324 -332.947 -679.626 -1020.813 -1365.967 -1707.611 -2047.424 -2385.254 -2710.724 540.466 676.575 436.554 77.362 5.035 -352.478 -710.144 552 230 420 29.09 22.72 114 61 2408 1 034
6033012 7497 2025/12/25 18:47:38 P15 73.82 25.22 0 6.95 22.31 960.17 982.62 342.407 590.82 4088.745 1168.671 809.021 1145.02 466.156 88.348 -39.978 117.95 -21.21 501.099 855.865 128.479 962.677 864.41 397.949 680.389 1348.572 787.048 -5000 -15.106 -2567.596 73.853 -15.564 26.55 382.08 289.917 809.021 1161.194 150.299 -1492.92 656.738 216.217 25.024 23.499 166.626 2544.098 2501.526 2117.462 1742.401 1389.465 1028.29 669.556 -560.608 20.752 -16.174 71.716 4.73 -331.116 -674.591 -1013.031 -1357.422 -1695.404 -2034.302 -2371.063 -2697.144 542.603 674.438 435.791 81.787 3.51 -346.375 -700.989 559 235 419 29.1 22.65 113 61 2408 1 034
6033013 7497 2025/12/25 18:47:39 P15 73.79 25.25 0 7.17 22.2 960.19 982.58 345.764 590.973 4093.323 1165.161 809.479 1146.545 466.461 -116.425 -31.738 122.681 -21.362 502.93 855.408 130.31 963.745 861.053 398.865 679.932 1348.877 787.354 -5000 -1.526 -2569.275 -4.272 -17.242 29.144 382.69 290.222 810.089 1158.752 158.997 -1499.939 657.043 216.064 24.261 27.618 167.236 2542.877 2500.763 2111.816 1736.145 1379.852 1013.794 658.112 -565.338 18.158 -23.956 73.7 3.052 -330.658 -675.507 -1015.778 -1357.422 -1699.524 -2038.422 -2376.709 -2702.789 544.128 676.422 435.638 79.498 4.578 -350.647 -705.566 560 235 418 29.08 22.58 113 61 2408 1 034
6033014 7497 2025/12/25 18:47:40 P15 73.78 25.23 0 7.1 22.27 960.19 982.62 344.238 590.668 4085.388 1166.992 809.174 1146.698 466.156 40.588 -22.583 130.615 -19.989 503.082 857.239 127.716 963.898 863.342 401.001 679.779 1352.234 789.49 -5000 -5.646 -2573.547 5.493 -16.632 28.687 382.538 290.833 811.615 1164.246 151.367 -1493.835 657.043 218.201 20.752 26.855 165.253 2545.929 2500.305 2108.765 1728.363 1370.697 1004.791 650.635 -569.916 16.632 -27.313 74.768 2.594 -333.557 -680.084 -1021.118 -1365.662 -1707.611 -2045.746 -2384.186 -2707.977 544.586 679.016 435.333 75.684 9.613 -351.562 -709.839 560 230 418 29.13 22.63 113 61 2408 1 034
6033015 7497 2025/12/25 18:47:41 P15 73.77 25.26 0 7.15 22.15 960.17 982.59 343.018 590.82 4088.135 1167.603 809.937 1145.782 465.851 -87.128 -3.204 125.122 -21.667 503.235 856.476 128.326 965.881 862.885 402.222 681.458 1353.76 788.422 -5000 -0.61 -2576.141 -26.855 -15.717 29.297 383.148 291.595 813.293 1166.382 148.468 -1489.563 659.637 219.269 28.687 22.736 165.71 2543.945 2501.984 2114.563 1733.856 1382.599 1023.407 667.572 -571.747 18.005 -8.392 74.463 1.526 -331.573 -676.575 -1015.32 -1358.032 -1698.456 -2036.438 -2373.047 -2699.432 544.128 678.711 440.369 79.651 4.272 -347.29 -701.141 551 230 416 29.06 22.54 113 60 2408 1 034
6033016 7497 2025/12/25 18:47:42 P15 73.74 25.27 0 7.06 22.22 960.14 982.6 348.206 590.973 4093.933 1170.807 811.31 1148.071 466.003 63.934 -8.85 112.762 -20.142 504.761 855.713 127.716 965.881 861.511 404.358 681.763 1354.37 790.405 -5000 -7.629 -2580.566 1.221 -16.632 28.687 383.911 291.29 814.667 1166.992 141.296 -1494.141 660.858 215.912 24.261 23.346 165.71 2547.76 2501.373 2110.748 1732.483 1374.664 1006.622 649.414 -574.646 16.632 -19.836 74.921 2.747 -331.879 -677.185 -1018.372 -1363.068 -1703.796 -2042.694 -2381.744 -2706.451 543.06 678.558 434.265 79.346 5.341 -346.375 -704.041 558 225 416 29.09 22.49 113 60 2408 1 034
6033017 7497 2025/12/25 18:47:43 P15 73.78 25.23 0 6.85 22.19 960.17 982.6 344.391 590.82 4083.71 1168.213 811.615 1144.257 466.919 -13.733 -1.678 125.275 -21.82 505.981 856.171 130.31 966.492 859.68 404.358 681 1357.574 790.405 -5000 -5.341 -2583.466 33.569 -15.717 28.534 384.064 291.748 815.887 1167.908 142.822 -1495.056 662.537 217.743 27.771 28.381 165.405 2547.607 2500.61 2111.511 1734.924 1378.326 1015.778 657.806 -578.918 19.379 -7.019 76.141 7.324 -334.778 -680.847 -1020.813 -1365.356 -1704.254 -2043.762 -2380.524 -2707.062 541.534 677.643 435.791 78.125 6.104 -350.647 -704.956 549 235 415 29.06 22.49 113 60 2408 1 034
6033018 7497 2025/12/25 18:47:44 P15 73.77 25.25 0 7.15 22.17 960.19 982.6 344.391 589.294 4084.473 1169.586 812.073 1147.614 466.461 -88.043 -16.937 135.193 -21.362 505.981 857.239 128.632 966.797 859.833 406.952 681.763 1360.931 791.473 -5000 -12.054 -2587.585 -34.18 -16.632 32.043 382.996 292.511 816.65 1172.028 149.078 -1493.988 662.537 218.048 29.602 24.872 166.016 2546.234 2501.526 2114.868 1741.638 1386.566 1024.475 670.471 -583.344 20.142 -17.242 72.479 6.409 -334.015 -678.406 -1016.083 -1359.253 -1697.845 -2036.133 -2372.131 -2697.144 545.197 677.032 435.181 79.193 2.747 -349.121 -703.735 557 235 415 29.06 22.44 113 60 2408 1 034
6033019 7497 2025/12/25 18:47:45 P15 73.82 25.29 0 7.01 22.21 960.16 982.61 346.222 591.125 4083.405 1173.096 813.141 1147.919 466.156 50.201 -17.242 117.95 -21.21 507.965 856.323 129.852 967.255 859.07 409.241 682.526 1361.237 791.473 -5000 -10.681 -2590.332 56.763 -14.648 31.586 383.301 292.969 818.787 1172.638 138.55 -1495.056 663.147 217.438 25.787 24.109 166.016 2547.455 2501.831 2108.307 1727.295 1369.171 1002.35 647.43 -591.888 18.311 -2.747 74.463 6.561 -335.693 -680.237 -1022.034 -1365.662 -1706.543 -2046.204 -2386.017 -2708.893 545.654 678.864 435.791 76.599 3.967 -350.647 -709.686 557 235 413 29.1 22.49 113 60 2408 1 034
6033020 7497 2025/12/25 18:47:46 P15 73.78 25.29 0 6.96 22.07 960.19 982.6 347.137 591.583 4090.576 1176.3 812.836 1150.36 466.461 -17.395 -25.635 116.73 -21.362 509.644 857.544 130.157 967.712 860.138 411.377 684.052 1362.305 791.168 -5000 -2.594 -2592.468 33.417 -16.327 32.959 383.606 293.884 820.618 1169.281 140.686 -1495.667 663.91 220.947 25.787 19.073 165.253 2542.572 2501.373 2110.596 1737.518 1380.463 1018.372 664.215 -591.583 16.785 -6.866 73.09 4.425 -334.625 -680.084 -1019.592 -1362.457 -1702.118 -2040.863 -2375.641 -2701.721 544.128 679.169 433.96 78.735 5.188 -347.137 -702.82 556 230 413 29.15 22.48 112 60 2408 1 034
6033021 7497 2025/12/25 18:47:47 P15 73.75 25.27 0 6.88 22.29 960.16 982.61 348.206 591.736 4096.527 1170.807 814.209 1147.003 466.614 -11.749 7.019 104.37 -21.515 507.965 859.68 128.937 968.781 858.459 413.055 681.152 1364.136 793.61 -5000 1.221 -2595.825 83.466 -16.327 34.943 383.453 293.274 821.991 1173.859 149.231 -1493.835 665.436 219.574 26.855 20.294 166.016 2546.539 2500.916 2117.004 1744.69 1390.533 1029.51 671.844 -594.94 20.447 -5.035 73.853 6.714 -333.405 -676.27 -1013.489 -1357.727 -1696.014 -2034.607 -2370.758 -2695.618 545.349 678.101 434.875 80.414 5.188 -345.459 -697.632 550 230 413 29.09 22.44 112 59 2408 1 034
6033022 7497 2025/12/25 18:47:48 P15 73.75 25.29 0 7.13 22.03 960.17 982.61 347.443 590.515 4092.407 1170.502 815.125 1152.191 467.072 -50.812 -6.256 114.136 -19.684 509.796 860.596 130.92 969.543 858.459 413.818 682.526 1367.645 794.22 -5000 -5.951 -2597.351 -22.43 -16.479 35.553 384.979 294.189 821.686 1165.314 146.637 -1497.04 664.368 222.321 20.905 20.294 165.863 2548.218 2501.221 2109.985 1731.567 1373.901 1009.827 653.534 -597.076 21.057 -5.798 73.547 7.019 -323.334 -673.065 -1015.32 -1360.474 -1701.508 -2041.931 -2380.981 -2704.468 545.044 678.711 437.469 77.667 5.035 -350.952 -708.466 546 230 413 29.08 22.42 111 59 2408 1 034
6033023 7497 2025/12/25 18:47:49 P15 73.79 25.2 0 7 22.12 960.16 982.59 347.137 592.346 4093.781 1172.028 816.498 1151.733 466.309 41.656 -5.951 110.779 -21.362 511.78 856.934 130.31 969.543 856.934 415.802 682.068 1369.171 792.694 -5000 -7.629 -2601.013 2.441 -16.785 39.52 383.301 294.647 822.906 1172.791 152.435 -1495.361 667.572 218.658 25.635 16.632 166.321 2543.182 2500.763 2115.479 1742.554 1386.719 1023.712 668.182 -597.076 18.158 -15.259 73.7 3.357 -332.794 -677.643 -1016.235 -1358.185 -1697.693 -2035.98 -2370.453 -2696.838 546.417 680.542 431.519 78.278 6.409 -348.816 -703.735 546 240 413 29.08 22.42 111 59 2408 1 034
6033024 7497 2025/12/25 18:47:50 P15 73.71 25.29 0 7 22.16 960.16 982.61 349.884 592.346 4095.459 1175.079 816.04 1152.649 466.614 -86.212 12.054 99.945 -20.294 510.559 859.833 130.463 970.154 856.934 417.786 685.425 1369.324 794.373 -5000 -3.357 -2602.844 -65.613 -17.242 38.147 384.521 295.105 824.585 1177.673 149.536 -1493.683 667.877 222.931 21.667 34.637 166.016 2546.387 2501.068 2114.258 1743.011 1387.024 1026.306 668.488 -599.518 16.022 4.578 75.378 3.357 -330.353 -674.133 -1012.268 -1355.591 -1695.404 -2035.828 -2370.605 -2695.77 546.112 683.746 434.723 83.16 5.798 -343.018 -694.58 555 235 413 29.08 22.46 111 59 2408 1 034
6033025 7497 2025/12/25 18:47:51 P15 73.74 25.29 0 6.98 22.16 960.17 982.63 346.222 590.515 4089.813 1175.079 815.887 1153.564 466.156 -54.016 7.477 120.85 -19.989 511.932 859.68 130.31 971.68 857.239 418.854 685.272 1373.444 794.22 -5000 -12.207 -2605.438 -30.212 -16.479 37.537 383.759 295.105 826.111 1183.014 147.858 -1495.361 666.504 225.22 27.161 27.161 166.321 2543.64 2501.984 2113.19 1737.213 1378.479 1013.947 655.67 -604.095 21.362 -12.207 73.09 3.662 -331.116 -676.27 -1016.388 -1359.406 -1701.355 -2039.642 -2377.777 -2703.4 546.57 682.068 436.249 79.498 7.629 -347.748 -703.278 549 235 413 29.09 22.35 111 59 2408 1 034
6033026 7497 2025/12/25 18:47:52 P15 73.84 25.25 0 7.12 22.05 960.17 982.61 349.426 591.431 4087.83 1176.91 816.956 1152.344 466.919 -5.646 -8.85 128.021 -20.599 512.695 858.002 130.768 973.206 856.934 420.532 685.12 1374.054 796.661 -5000 -11.139 -2610.931 35.553 -16.937 36.774 384.521 294.495 827.026 1179.962 144.958 -1494.904 667.267 227.356 23.193 24.414 165.863 2549.438 2502.136 2113.19 1738.892 1385.345 1024.17 669.098 -610.809 16.327 -35.095 73.7 2.594 -329.59 -674.286 -1012.421 -1356.964 -1696.014 -2034.149 -2369.69 -2694.244 547.333 681.305 434.418 81.024 6.409 -347.137 -699.158 555 230 412 29.08 22.32 111 59 2408 1 034
6033027 7497 2025/12/25 18:47:53 P15 73.89 25.23 0 6.95 22.29 960.18 982.59 347.9 591.888 4095.001 1175.232 818.024 1151.276 466.766 -43.793 -29.907 110.474 -20.752 513.306 860.138 129.7 973.511 856.018 422.363 685.425 1374.207 796.356 -5000 -8.087 -2614.899 -11.444 -15.869 36.774 385.132 295.258 828.4 1181.793 135.193 -1495.514 670.166 224.915 23.499 18.463 166.626 2547.76 2500.458 2114.563 1741.638 1387.787 1024.475 668.03 -615.387 17.09 -19.836 72.479 6.409 -334.015 -677.948 -1016.388 -1359.863 -1699.524 -2037.811 -2375.793 -2700.806 548.401 680.847 435.791 81.177 4.578 -347.748 -701.752 544 240 411 29.1 22.32 111 59 2408 1 034
6033028 7497 2025/12/25 18:47:54 P15 73.77 25.22 0 6.83 22.13 960.15 982.62 348.511 592.499 4095.917 1177.368 818.787 1150.665 466.003 -21.362 -6.561 111.542 -20.599 513 861.359 132.904 973.663 852.356 424.042 687.714 1377.106 796.509 -5000 1.068 -2617.34 0.153 -14.648 41.504 386.353 295.258 829.773 1182.709 133.514 -1496.429 671.234 223.541 19.073 21.515 166.016 2546.082 2500.458 2110.901 1731.567 1373.596 1008.301 650.33 -618.286 15.564 -12.817 74.158 2.441 -332.031 -677.948 -1017.303 -1362.305 -1703.033 -2042.236 -2381.897 -2705.688 547.943 682.22 433.655 80.261 2.289 -348.358 -701.294 558 235 411 29.08 22.32 111 58 2408 1 034
6033029 7497 2025/12/25 18:47:55 P15 73.82 25.33 0 6.98 22.03 960.18 982.6 348.358 590.515 4090.271 1186.829 819.55 1153.259 465.851 -38.757 6.866 120.697 -19.989 515.594 861.359 132.141 973.969 853.577 425.11 684.662 1381.226 796.967 -5000 -7.935 -2620.087 88.196 -16.174 43.182 385.284 295.715 830.841 1181.641 141.602 -1492.157 670.624 222.321 21.057 23.041 165.71 2547.302 2499.847 2116.852 1744.995 1390.991 1028.442 671.844 -619.049 14.038 -19.836 75.684 3.967 -332.031 -675.964 -1012.726 -1354.065 -1694.183 -2032.623 -2367.859 -2693.024 545.654 682.983 433.502 81.177 5.188 -345.764 -699.463 544 230 411 29.09 22.23 111 58 2408 1 034
6033030 7497 2025/12/25 18:47:56 P15 73.74 25.23 0 7.08 22.12 960.15 982.56 348.663 592.346 4093.018 1189.88 820.77 1157.379 466.461 27.008 11.444 131.989 -20.905 516.052 859.833 130.157 974.121 853.119 426.483 684.814 1379.852 796.051 -5000 -4.883 -2623.291 12.207 -17.242 43.488 383.606 296.631 831.299 1184.692 146.79 -1493.225 673.523 222.168 22.583 25.94 166.779 2543.64 2501.373 2113.19 1739.96 1383.057 1019.44 660.706 -624.084 18.463 -17.548 74.005 5.493 -328.674 -673.37 -1013.184 -1357.88 -1698.303 -2037.048 -2376.099 -2702.484 548.553 682.22 435.791 81.177 6.866 -347.595 -702.057 553 230 410 29.08 22.3 110 58 2408 1 034
6033031 7497 2025/12/25 18:47:57 P15 73.88 25.33 0 7.25 22.09 960.18 982.6 350.494 592.499 4087.677 1190.491 820.465 1154.938 466.919 51.88 -24.719 105.591 -21.057 516.052 862.579 129.852 975.342 852.966 428.467 683.441 1381.989 797.272 -5000 -5.646 -2628.021 0.916 -16.174 41.656 386.658 296.021 833.282 1184.082 141.602 -1492.157 674.286 221.252 27.008 25.177 166.931 2548.523 2499.542 2109.68 1728.21 1368.408 1002.502 649.109 -626.831 15.869 -2.594 73.853 5.188 -335.693 -681 -1021.423 -1366.272 -1706.543 -2046.204 -2385.712 -2709.198 545.959 683.289 434.875 77.209 4.12 -351.105 -708.771 531 225 410 29.09 22.27 110 58 2408 1 034
6033032 7497 2025/12/25 18:47:58 P15 73.75 25.25 0 7.03 22.04 960.16 982.58 349.884 591.736 4091.187 1190.796 820.923 1157.532 466.766 7.172 -66.986 115.356 -18.463 516.663 862.427 130.31 975.8 853.882 428.467 685.12 1387.634 798.645 -5000 0.916 -2630.92 -9.46 -16.785 43.182 386.658 296.631 834.961 1185.303 134.125 -1492.157 672.913 224.762 27.008 25.024 166.016 2548.065 2500.916 2112.122 1736.145 1380.768 1016.083 660.858 -621.49 16.327 1.831 75.378 2.441 -332.184 -676.422 -1016.541 -1351.776 -1698.761 -2040.253 -2377.319 -2701.569 548.706 685.272 434.57 79.803 4.578 -349.274 -704.041 531 225 410 29.09 22.27 110 58 2408 1 034
6033033 7497 2025/12/25 18:47:59 P15 73.75 25.2 0 6.93 21.97 960.18 982.6 348.511 592.194 4088.135 1196.899 821.533 1156.311 466.461 0.305 -19.073 112.152 -19.531 517.731 862.274 131.531 976.257 852.661 431.213 679.779 1385.651 799.561 -5000 -1.678 -2634.735 29.907 -16.022 43.03 386.047 296.783 836.334 1190.186 166.016 -1489.868 673.828 226.135 23.651 26.093 167.084 2548.523 2503.052 2112.274 1737.518 1379.7 1013.184 656.128 -629.272 17.7 7.477 74.005 4.12 -331.268 -677.338 -1017.456 -1360.321 -1701.355 -2040.558 -2379.761 -2705.231 547.943 684.509 435.333 79.041 3.204 -347.137 -704.193 556 230 410 29.1 22.29 110 57 2408 1 034
6033034 7497 2025/12/25 18:48:00 P15 73.95 25.32 0 6.98 22.03 960.21 982.6 348.206 592.346 4082.489 1194.611 822.144 1156.616 466.461 39.52 -11.749 118.103 -21.21 517.578 857.697 131.683 977.173 852.051 432.129 681.61 1390.533 799.255 -5000 -5.035 -2636.414 34.79 -16.479 46.844 386.047 296.173 836.334 1192.78 138.855 -1493.073 675.812 226.593 26.093 16.327 167.542 2547.302 2500.458 2108.612 1729.279 1371.307 1005.707 650.177 -632.019 16.785 -10.986 75.073 4.12 -336.914 -683.441 -1023.712 -1366.73 -1707.611 -2047.119 -2385.712 -2709.045 549.316 686.188 433.502 74.921 1.678 -351.715 -709.229 551 230 410 29.08 22.22 110 57 2408 1 034
6033035 7497 2025/12/25 18:48:01 P15 73.85 25.2 0 7.07 21.96 960.19 982.61 348.358 592.041 4086.151 1194.916 822.449 1154.633 467.224 -12.817 -9.918 100.708 -19.379 520.477 861.664 131.683 977.478 852.661 434.418 685.577 1392.365 799.866 -5000 -10.986 -2640.076 -35.095 -15.717 48.676 384.827 297.699 838.623 1194.763 148.926 -1492.462 676.422 223.694 32.806 27.008 166.626 2545.319 2500.305 2110.901 1738.129 1380.768 1019.287 662.842 -633.392 16.022 -6.561 74.005 5.798 -334.32 -680.847 -1019.135 -1363.22 -1703.491 -2040.558 -2377.777 -2701.416 549.774 684.967 441.589 78.278 4.425 -350.037 -704.651 541 225 410 29.12 22.19 110 57 2408 1 034
6033036 7497 2025/12/25 18:48:02 P15 73.85 25.34 0 7.07 21.95 955.54 982.61 348.969 592.499 4082.794 1198.273 823.212 1156.921 466.766 -2.441 -23.041 113.525 -20.599 520.935 861.206 132.141 978.241 850.83 435.181 680.237 1393.28 800.629 -5000 -14.038 -2642.517 16.785 -15.717 48.523 386.505 296.936 839.233 1196.442 144.806 -1494.598 676.575 226.593 28.839 24.872 166.473 2548.065 2501.221 2111.206 1732.178 1374.054 1008.606 650.635 -636.902 14.038 -4.272 75.073 3.815 -330.505 -676.727 -1016.998 -1360.626 -1702.271 -2041.931 -2380.219 -2705.383 552.368 686.188 434.723 79.956 6.409 -348.816 -705.414 550 220 410 29.15 22.22 110 57 2408 1 034
6033037 7497 2025/12/25 18:48:03 P15 73.82 25.32 0 6.98 21.97 955.53 982.6 348.206 592.194 4095.306 1192.932 823.517 1155.853 466.309 42.114 -29.297 117.95 -20.599 520.02 860.596 132.141 979.614 850.83 437.622 689.24 1392.67 800.323 -5000 -6.256 -2644.196 1.984 -14.191 48.523 386.505 297.852 839.233 1194.458 133.82 -1494.141 677.948 227.661 26.398 22.278 165.863 2546.387 2500 2112.274 1733.398 1377.563 1012.726 656.433 -640.259 18.005 -24.414 75.226 4.73 -330.048 -676.575 -1017.303 -1361.542 -1701.508 -2041.168 -2378.54 -2702.942 552.521 687.103 435.333 77.972 8.392 -350.8 -706.787 550 225 410 29.08 22.09 110 57 2408 1 034
6033038 7497 2025/12/25 18:48:04 P15 73.84 25.32 0 7.06 21.99 955.52 982.61 349.121 592.804 4087.677 1194.611 824.432 1158.295 466.614 -97.351 -15.259 135.04 -19.531 520.477 862.427 131.531 979.919 851.593 439.453 688.171 1397.095 800.476 -5000 -14.801 -2646.79 29.755 -16.174 50.049 387.268 297.699 841.37 1197.968 150.757 -1492.767 677.185 227.966 26.703 22.583 166.473 2543.335 2500.61 2112.427 1737.518 1384.277 1022.644 667.267 -647.278 15.106 -25.024 73.395 1.678 -334.778 -678.253 -1017.609 -1359.863 -1699.371 -2037.201 -2372.437 -2696.533 550.995 687.408 431.213 78.583 4.425 -347.595 -702.667 550 225 410 29.15 22.15 110 57 2408 1 034
6033039 7497 2025/12/25 18:48:05 P15 73.89 25.34 0 6.88 21.92 955.52 982.62 348.511 591.583 4085.083 1198.883 824.127 1160.583 466.156 2.441 -36.926 123.291 -17.09 521.851 864.105 132.751 980.072 850.372 440.521 684.204 1402.435 802.612 -5000 -4.425 -2650.452 -13.733 -15.106 52.49 386.047 298.004 841.37 1199.493 160.828 -1492.31 678.253 229.492 27.466 19.836 166.626 2546.234 2501.373 2116.089 1742.554 1389.16 1027.832 669.556 -650.94 17.09 -34.18 74.31 7.782 -330.811 -673.523 -1011.81 -1356.812 -1695.251 -2035.065 -2371.979 -2696.381 551.3 686.646 435.181 81.482 3.357 -347.137 -699.768 536 225 410 29.1 22.22 110 56 2408 1 034
6033040 7497 2025/12/25 18:48:06 P15 73.88 25.34 0 7.03 21.94 955.52 982.6 351.257 593.109 4092.56 1198.12 824.738 1162.109 467.072 -23.499 -13.733 124.817 -20.905 522.766 863.342 132.141 980.377 849.762 442.2 685.577 1397.247 802.002 -5000 -6.409 -2653.046 -31.586 -17.09 54.321 386.658 298.767 843.048 1199.036 153.656 -1491.394 679.626 228.119 21.973 26.093 166.321 2543.182 2500.763 2113.342 1736.45 1381.073 1018.219 662.384 -652.313 17.395 -19.073 74.463 4.272 -330.811 -675.659 -1015.93 -1360.016 -1700.439 -2038.269 -2375.336 -2700.043 552.673 688.477 436.096 79.041 5.798 -350.189 -705.261 548 220 410 29.06 22.06 110 56 2408 1 034
6033041 7497 2025/12/25 18:48:07 P15 73.81 25.37 0 6.85 21.88 955.53 982.6 351.562 593.567 4091.797 1197.968 825.195 1162.567 466.461 23.651 -12.054 128.632 -21.057 523.682 865.326 130.92 980.988 849.762 443.268 688.629 1400.604 801.544 -5000 -17.7 -2656.403 -34.943 -17.09 54.779 386.658 298.92 843.811 1196.136 157.013 -1494.141 681.152 225.372 23.651 25.787 166.473 2543.182 2500.153 2114.868 1743.774 1389.008 1026.917 671.387 -656.433 14.191 -3.967 72.784 4.12 -333.405 -677.49 -1015.472 -1358.49 -1697.693 -2035.675 -2371.063 -2695.923 550.232 688.782 434.113 79.346 2.747 -346.222 -699.463 517 220 410 29.09 22.08 110 56 2408 1 034
6033042 7497 2025/12/25 18:48:08 P15 73.79 25.27 0 7 21.92 955.54 982.62 351.715 592.957 4092.712 1199.036 825.043 1160.889 466.766 -122.375 -8.545 108.337 -19.684 522.919 865.021 130.92 982.208 849.457 444.946 687.408 1399.384 803.375 -5000 -12.054 -2658.539 -52.948 -16.327 51.27 387.726 298.615 845.795 1201.782 155.792 -1494.446 681.915 225.83 19.531 29.144 166.931 2547.607 2501.831 2114.258 1739.349 1384.43 1023.712 665.741 -657.501 18.463 -4.425 74.463 6.561 -331.421 -675.507 -1014.404 -1358.185 -1698.761 -2037.354 -2374.268 -2700.195 551.147 688.934 435.181 80.872 4.883 -347.595 -699.005 552 225 410 29.12 22.13 110 56 2408 1 034
6033043 7497 2025/12/25 18:48:09 P15 73.91 25.3 0 6.86 21.99 955.52 982.61 349.731 592.957 4087.219 1202.698 827.179 1159.973 467.072 -14.801 -1.984 126.648 -18.768 524.597 864.41 133.209 982.208 848.846 446.472 682.983 1402.13 804.138 -5000 -16.479 -2660.37 1.984 -15.564 53.558 388.031 298.767 847.778 1202.087 129.7 -1494.904 681.763 230.408 18.768 30.06 166.473 2548.523 2500.305 2112.732 1743.774 1383.972 1019.135 664.062 -661.469 15.411 1.678 73.547 4.578 -334.167 -679.932 -1018.066 -1361.694 -1701.813 -2039.49 -2375.488 -2699.89 551.3 689.087 434.875 77.82 3.204 -348.816 -704.346 545 225 410 29.08 21.99 110 56 2408 1 034
6033044 7497 2025/12/25 18:48:10 P15 74 25.22 0 7.01 21.85 955.51 982.6 350.342 593.262 4088.44 1206.97 827.332 1157.99 466.766 -12.817 -29.907 113.22 -20.752 525.208 864.563 133.362 983.124 848.083 447.54 679.474 1405.945 804.749 -5000 -13.428 -2663.727 10.376 -15.717 57.373 387.115 299.835 848.694 1206.207 130.31 -1496.429 679.932 229.645 22.888 21.515 166.931 2547.913 2500.305 2116.699 1744.385 1391.907 1029.358 673.065 -660.095 17.853 -1.373 72.937 3.815 -331.573 -675.659 -1013.031 -1354.98 -1693.726 -2032.166 -2366.943 -2694.397 552.368 689.392 435.944 80.414 5.188 -348.663 -700.378 545 215 410 29.08 21.99 110 56 2408 1 034
6033045 7497 2025/12/25 18:48:11 P15 73.85 25.29 0 7.13 21.88 955.53 982.6 352.478 592.957 4091.644 1204.376 827.179 1165.771 466.766 -79.346 -17.242 107.727 -20.447 525.208 864.105 132.599 981.903 848.846 449.219 685.272 1407.623 803.68 -5000 -1.831 -2666.321 7.019 -16.327 57.526 386.505 299.835 848.389 1206.665 122.223 -1498.718 681.458 231.628 18.616 23.346 167.236 2544.098 2499.542 2113.495 1740.723 1384.583 1022.034 664.673 -667.114 15.564 -3.052 73.853 8.087 -331.726 -676.727 -1015.472 -1358.643 -1699.219 -2037.354 -2375.336 -2701.263 552.368 687.408 435.181 81.329 5.341 -349.121 -701.904 532 215 410 29.1 22.06 110 56 2408 1 034
6033046 7497 2025/12/25 18:48:12 P15 73.92 25.22 0 6.88 21.91 955.51 982.59 352.325 593.567 4091.492 1204.834 827.942 1164.856 466.461 23.804 -14.343 110.321 -19.073 525.36 865.479 132.599 984.039 847.321 450.897 685.425 1410.675 806.58 -5000 -12.054 -2669.525 17.09 -16.327 56.915 387.726 299.225 849.762 1201.019 144.348 -1499.329 681.915 234.07 21.21 19.989 167.847 2547.913 2500.305 2112.122 1732.33 1371.918 1006.165 648.956 -669.861 14.801 1.373 74.005 5.951 -334.778 -680.542 -1020.813 -1364.594 -1706.39 -2045.593 -2384.949 -2708.74 551.605 689.392 435.944 77.362 4.578 -350.189 -708.771 538 210 410 29.1 21.96 110 56 2408 1 034
6033047 7497 2025/12/25 18:48:13 P15 73.91 25.3 0 6.98 21.92 955.48 982.59 351.105 593.872 4094.086 1206.055 828.552 1159.668 467.224 107.422 -33.112 109.711 -20.599 526.733 866.089 134.43 985.87 847.015 450.897 684.357 1409.607 805.511 -5000 -10.681 -2673.492 41.504 -15.564 52.948 387.878 299.377 850.372 1207.886 137.787 -1494.904 685.272 233.612 25.024 20.294 166.931 2547.15 2501.831 2118.073 1745.148 1389.923 1028.29 671.692 -669.098 17.395 -8.24 74.158 2.441 -330.2 -675.201 -1013.031 -1356.812 -1697.235 -2037.048 -2370.911 -2696.075 552.521 691.223 432.892 81.482 6.104 -342.712 -696.869 546 215 410 29.09 22.03 110 56 2408 1 034
6033048 7497 2025/12/25 18:48:14 P15 73.88 25.23 0 6.95 21.86 955.48 982.59 352.631 594.025 4094.086 1210.48 828.857 1166.534 467.224 -2.899 -12.512 110.931 -20.294 526.733 864.258 133.057 985.26 846.1 454.102 680.695 1412.201 806.58 -5000 -14.496 -2676.544 21.057 -16.937 59.814 387.878 300.598 851.44 1209.869 132.294 -1497.04 681.915 235.291 26.245 21.973 166.779 2545.776 2501.373 2113.495 1740.723 1382.294 1018.219 658.569 -673.218 14.954 -16.174 74.005 2.747 -328.217 -673.981 -1013.794 -1357.574 -1699.219 -2037.811 -2374.878 -2703.094 553.894 693.359 433.502 79.803 5.951 -347.29 -701.752 537 215 410 29.1 21.94 109 55 2408 1 034
6033049 7497 2025/12/25 18:48:15 P15 73.98 25.23 0 6.88 21.86 955.52 982.59 351.715 593.262 4093.323 1207.275 829.926 1168.365 466.614 -27.008 -9.613 125.58 -20.599 527.649 865.631 134.735 985.107 845.947 455.627 685.425 1414.642 807.648 -5000 -14.038 -2677.46 -3.967 -17.09 59.814 387.115 300.751 852.356 1208.038 141.602 -1494.751 687.103 231.934 26.093 27.161 166.779 2546.082 2501.221 2107.391 1728.973 1370.85 1006.622 647.888 -676.88 16.937 -11.139 72.784 8.24 -334.32 -679.932 -1020.66 -1365.814 -1706.696 -2046.356 -2385.101 -2708.282 552.368 690.613 434.875 76.904 3.967 -353.851 -710.449 545 210 410 29.1 21.94 109 55 2408 1 034
6033050 7497 2025/12/25 18:48:16 P15 73.92 25.34 0 6.76 21.91 955.5 982.59 352.02 592.346 4089.05 1216.583 830.078 1166.077 466.766 -158.081 -15.869 115.356 -19.531 529.022 863.19 134.735 986.176 845.947 456.696 676.422 1417.999 805.511 -5000 -4.578 -2681.427 55.847 -14.648 61.798 388.184 301.056 852.966 1210.022 145.874 -1498.108 686.035 236.359 22.43 27.618 167.084 2547.607 2500.153 2117.004 1741.486 1387.482 1025.085 667.419 -677.49 15.717 -23.346 74.768 3.357 -333.71 -677.185 -1013.336 -1356.659 -1696.167 -2034.912 -2370.911 -2696.533 555.115 691.528 433.502 83.618 3.815 -343.323 -695.19 536 210 410 29.12 21.94 109 55 2408 1 034
6033051 7497 2025/12/25 18:48:17 P15 73.98 25.27 0 7.15 21.78 955.51 982.58 349.731 593.262 4084.473 1221.008 830.536 1163.94 468.75 14.496 -11.444 122.986 -20.142 529.327 863.037 135.651 987.091 846.405 457.611 670.929 1418.915 807.19 -5000 -10.834 -2684.631 -35.858 -14.191 60.73 387.573 301.361 854.645 1215.057 155.334 -1494.446 688.477 233.765 27.466 22.583 167.084 2545.471 2501.984 2113.647 1737.366 1378.479 1013.947 655.212 -682.983 16.937 -9.613 72.021 5.188 -330.963 -676.27 -1016.388 -1361.237 -1703.644 -2042.389 -2379.608 -2704.468 555.573 692.291 433.044 79.041 5.035 -350.342 -705.872 545 205 410 29.08 21.85 109 55 2408 1 034
6033052 7497 2025/12/25 18:48:18 P15 74 25.37 0 6.76 21.68 955.51 982.58 350.342 593.719 4081.879 1226.959 830.994 1165.924 467.529 71.869 -25.787 117.798 -19.684 530.548 863.342 133.972 987.701 844.879 459.137 661.011 1420.288 807.495 -5000 -10.223 -2687.378 37.231 -16.022 60.577 386.658 301.361 855.56 1215.973 137.482 -1490.784 688.324 234.68 22.888 28.076 166.321 2547.302 2502.136 2106.171 1727.6 1369.629 1003.265 649.414 -685.577 15.106 -10.834 75.531 2.594 -331.879 -678.558 -1020.508 -1364.136 -1706.39 -2046.509 -2383.575 -2707.52 553.894 694.275 433.96 75.989 5.646 -353.546 -711.06 545 210 410 29.12 21.91 109 55 2408 1 034
6033053 7497 2025/12/25 18:48:19 P15 73.95 25.29 0 7 21.81 955.52 982.62 351.105 594.025 4087.067 1226.044 831.604 1164.093 466.461 82.092 3.51 113.525 -20.447 531.006 866.394 135.04 988.617 844.269 461.273 660.858 1417.999 808.258 -5000 -12.817 -2689.819 3.662 -13.885 62.866 388.489 301.361 856.934 1213.989 151.367 -1497.345 685.12 239.105 26.55 20.905 166.473 2547.302 2499.542 2112.122 1737.518 1383.667 1020.05 664.368 -686.34 14.496 -12.665 74.921 2.747 -335.236 -682.526 -1022.034 -1367.798 -1707.153 -2044.983 -2381.134 -2705.994 558.167 694.58 433.807 78.278 5.798 -348.206 -702.82 548 210 410 29.1 21.87 109 55 2408 1 034
6033054 7497 2025/12/25 18:48:20 P15 73.92 25.23 0 6.91 21.82 955.51 982.58 351.41 592.499 4082.794 1226.044 833.282 1168.976 466.156 -11.444 -20.294 88.501 -19.531 531.158 865.326 134.583 988.159 844.116 462.646 663.605 1422.577 808.105 -5000 -9.613 -2694.55 7.324 -15.106 65.918 388.794 302.277 858.459 1218.567 142.975 -1490.631 688.477 237.122 27.618 20.142 166.016 2548.828 2500.61 2112.427 1736.603 1376.343 1011.658 655.06 -691.376 14.191 -14.191 73.547 3.662 -331.268 -675.659 -1016.083 -1359.1 -1699.677 -2040.1 -2377.93 -2705.536 555.115 690.918 432.129 79.651 4.883 -348.511 -705.872 548 200 410 29.1 21.87 109 55 2408 1 034
6033055 7497 2025/12/25 18:48:21 P15 73.97 25.33 0 6.98 21.76 955.47 982.56 351.715 595.093 4093.323 1228.485 833.282 1159.973 466.461 41.351 -40.436 137.939 -20.142 530.853 864.41 134.888 988.464 843.811 463.257 664.825 1426.392 809.937 -5000 -12.054 -2698.059 12.054 -17.09 64.545 389.099 303.04 858.917 1213.684 156.555 -1492.31 689.85 238.495 25.635 23.499 166.321 2544.861 2500.763 2109.222 1732.178 1374.207 1009.521 654.144 -697.174 15.411 -16.785 73.547 4.73 -336.456 -681.61 -1021.576 -1364.136 -1706.39 -2045.593 -2385.254 -2707.367 553.436 691.986 436.554 75.226 3.662 -353.851 -710.602 543 205 410 29.12 21.88 109 55 2408 1 034
6033056 7497 2025/12/25 18:48:22 P15 74.04 25.3 0 6.91 21.74 955.54 982.58 350.647 592.346 4087.067 1232.91 832.977 1165.924 467.682 17.548 5.646 110.779 -19.989 533.295 867.31 135.498 990.143 842.59 464.478 654.449 1423.492 809.479 -5000 -1.526 -2700.958 -35.248 -15.411 65.308 388.641 302.277 859.68 1221.771 144.501 -1496.277 690.613 234.375 26.245 19.226 167.084 2546.692 2500 2111.359 1734.772 1381.531 1017.914 662.537 -696.106 17.853 -11.902 75.531 5.035 -331.726 -675.354 -1015.778 -1358.795 -1698.761 -2037.354 -2373.657 -2699.28 557.709 694.275 435.028 79.193 3.662 -349.884 -705.566 534 200 410 29.1 22 109 55 2408 1 034
6033057 7497 2025/12/25 18:48:23 P15 73.97 25.3 0 6.95 21.7 955.5 982.59 352.325 594.025 4095.001 1233.215 833.282 1169.434 466.614 -23.041 -52.643 112.305 -18.463 531.921 867.004 134.735 989.99 843.353 466.766 656.281 1427.002 810.242 -5000 -3.052 -2702.332 10.376 -16.785 46.234 388.489 303.65 860.443 1217.957 146.942 -1494.904 691.376 230.713 31.281 21.21 166.168 2546.692 2500.305 2117.615 1745.758 1392.059 1029.51 672.76 -698.395 12.817 -10.986 72.021 4.12 -331.879 -675.659 -1012.421 -1356.659 -1695.709 -2034.149 -2370.3 -2695.465 554.657 695.19 432.892 78.888 1.984 -344.543 -698.09 547 200 410 29.08 21.84 109 55 2408 1 034
6033058 7497 2025/12/25 18:48:24 P15 73.92 25.29 0 6.88 21.67 955.5 982.58 352.325 594.33 4092.865 1229.553 833.435 1170.349 466.766 -74.31 -19.684 140.839 -17.548 534.058 866.547 135.956 990.295 842.59 467.529 662.537 1427.917 809.937 -5000 -5.035 -2706.146 -24.109 -16.937 68.665 388.794 302.887 861.206 1221.313 163.879 -1496.735 692.444 231.781 29.602 23.956 167.694 2546.539 2502.136 2109.833 1732.635 1373.291 1011.658 655.06 -698.242 11.597 -15.411 73.853 1.221 -333.099 -679.626 -1018.829 -1363.525 -1703.796 -2043.915 -2381.287 -2704.773 558.167 696.716 435.028 76.599 7.172 -350.342 -706.787 533 200 410 29.08 21.8 109 54 2408 1 034
6033059 7497 2025/12/25 18:48:25 P15 74.01 25.17 0 7.07 21.8 955.49 982.56 350.952 594.788 4092.407 1231.842 834.656 1165.619 466.461 114.441 -29.602 109.253 -20.142 531.464 864.716 137.177 991.058 842.285 468.903 662.231 1427.612 810.089 -5000 -9.308 -2708.13 31.891 -14.191 65.765 388.947 302.429 861.664 1212.769 131.836 -1494.446 693.207 235.748 29.144 15.717 167.084 2545.319 2500.305 2114.258 1738.739 1383.514 1020.966 666.199 -702.362 18.005 -10.376 74.31 7.629 -331.268 -675.201 -1023.102 -1362.915 -1700.439 -2038.269 -2373.352 -2698.059 557.709 694.733 435.181 79.346 5.035 -348.816 -703.278 542 195 410 29.12 21.79 109 54 2408 1 034
6033060 7497 2025/12/25 18:48:26 P15 74.01 25.3 0 7.07 21.8 955.5 982.56 352.478 595.093 4095.154 1235.504 834.198 1167.908 466.461 -43.488 13.58 122.681 -19.226 533.447 866.394 136.871 993.195 841.522 469.818 654.449 1432.19 812.836 -5000 -11.597 -2711.182 -28.076 -15.869 67.902 389.862 302.887 862.579 1222.076 143.585 -1495.056 693.817 235.291 30.823 23.193 167.084 2546.539 2501.984 2117.157 1745.911 1391.144 1030.273 674.133 -702.82 15.717 -6.409 74.463 6.714 -328.827 -672.15 -1010.284 -1353.76 -1693.42 -2032.623 -2367.249 -2694.397 556.793 697.479 434.57 82.092 6.561 -345.459 -698.395 533 195 410 29.1 21.73 109 54 2408 1 034
6033061 7497 2025/12/25 18:48:27 P15 73.95 25.32 0 7 21.76 955.5 982.58 350.647 592.651 4084.778 1232.147 834.351 1172.638 467.224 -31.738 -8.698 117.188 -17.395 535.126 866.089 135.803 993.042 841.827 471.039 659.027 1435.089 811.462 -5000 -3.815 -2713.776 21.057 -16.785 70.19 388.336 304.413 864.868 1226.807 122.528 -1496.124 692.444 240.021 23.804 16.632 167.847 2545.471 2499.695 2109.375 1731.873 1374.969 1010.59 655.823 -704.651 16.937 -3.662 75.684 6.409 -332.642 -677.643 -1018.829 -1362.915 -1703.644 -2042.999 -2381.592 -2704.62 557.404 697.784 430.908 76.752 5.493 -350.494 -707.703 542 195 410 29.12 21.77 109 54 2408 1 034
6033062 7497 2025/12/25 18:48:28 P15 74.01 25.33 0 6.83 21.7 955.51 982.59 350.342 595.093 4084.93 1232.91 834.503 1165.771 467.072 -126.495 -31.586 106.964 -18.768 536.194 864.41 135.651 992.432 842.133 472.717 660.706 1435.242 811.615 -5000 -5.798 -2716.064 25.482 -14.801 70.343 388.184 304.26 865.326 1227.57 135.498 -1495.361 695.038 236.816 26.398 16.479 166.473 2545.166 2501.221 2113.647 1739.197 1384.888 1020.66 665.131 -706.329 12.207 -14.496 72.479 1.831 -334.93 -681 -1020.355 -1363.373 -1703.339 -2041.473 -2377.93 -2701.721 556.641 696.106 435.181 76.904 2.136 -347.137 -704.041 532 195 410 29.08 21.7 109 54 2408 1 034
6033063 7497 2025/12/25 18:48:29 P15 73.94 25.27 0 6.9 21.75 955.48 982.61 350.8 596.466 4090.576 1233.215 835.266 1170.959 466.919 53.711 -36.316 128.479 -19.531 535.431 862.274 138.702 992.584 840.759 474.396 659.637 1434.326 810.547 -5000 -5.951 -2719.116 18.463 -17.548 69.733 388.641 303.497 865.631 1226.654 135.345 -1494.446 696.106 231.781 31.738 19.836 169.525 2541.504 2501.984 2118.225 1746.979 1391.144 1030.273 672.302 -712.128 14.801 -16.632 74.463 3.357 -333.099 -676.117 -1012.421 -1355.591 -1695.557 -2033.539 -2368.774 -2696.228 558.929 698.395 434.113 82.855 5.035 -344.543 -697.174 545 195 410 29.13 21.81 109 54 2408 1 034
6033064 7497 2025/12/25 18:48:30 P15 74.02 25.32 0 7.07 21.65 955.48 982.57 351.257 596.008 4089.05 1239.166 835.876 1173.096 466.614 -54.016 -44.708 102.844 -19.226 536.041 866.852 136.414 993.5 840.912 476.532 653.076 1434.631 811.462 -5000 -2.594 -2721.558 42.419 -17.548 71.564 388.794 304.108 866.699 1227.722 147.858 -1495.361 695.496 237.274 28.839 22.888 167.694 2541.656 2500.305 2113.19 1739.96 1386.261 1022.797 664.673 -712.891 10.834 -19.379 74.463 1.831 -331.268 -673.981 -1013.947 -1357.574 -1697.693 -2037.201 -2373.505 -2699.432 557.404 697.632 435.028 79.193 5.035 -345.612 -700.226 545 195 410 29.16 21.81 109 54 2408 1 034
6033065 7497 2025/12/25 18:48:31 P15 74 25.26 0 6.93 21.64 955.52 982.61 350.952 595.398 4087.219 1239.777 835.571 1172.638 466.919 -1.373 -39.215 110.474 -18.616 536.957 859.68 139.923 993.347 840.912 476.99 655.212 1439.972 811.462 -5000 -2.136 -2723.999 -10.071 -16.937 69.275 389.557 304.718 868.073 1225.128 162.048 -1493.225 697.021 233.459 28.076 27.313 165.71 2542.267 2499.695 2111.969 1736.755 1381.378 1019.592 664.215 -716.705 16.479 -5.493 72.021 5.646 -330.353 -676.575 -1015.167 -1359.558 -1699.219 -2037.506 -2374.725 -2700.195 554.504 695.801 435.486 78.125 6.256 -351.41 -705.566 540 190 410 29.16 21.81 109 54 2408 1 034
6033066 7497 2025/12/25 18:48:32 P15 74 25.27 0 6.93 21.75 955.5 982.59 351.41 593.872 4091.949 1242.523 837.86 1170.502 466.919 -86.212 -2.289 103.302 -19.684 536.804 865.021 136.871 994.263 838.318 478.668 651.703 1440.43 813.293 -5000 2.899 -2726.898 -13.275 -16.632 73.09 389.252 305.176 868.835 1228.485 165.253 -1495.361 697.784 237.122 25.33 25.33 167.084 2545.166 2502.289 2116.089 1744.08 1390.991 1027.679 671.234 -717.468 16.174 0 74.005 6.409 -333.099 -676.27 -1013.641 -1351.318 -1692.047 -2031.555 -2366.638 -2693.329 557.251 697.327 433.655 79.803 6.104 -345.001 -699.158 530 190 410 29.08 21.73 109 54 2408 1 034
6033067 7497 2025/12/25 18:48:33 P15 73.95 25.27 0 6.97 21.59 955.52 982.6 350.494 596.619 4085.693 1244.812 836.792 1170.654 466.614 -45.624 -4.272 109.863 -18.616 537.415 866.394 136.871 995.178 839.539 478.973 648.193 1439.209 812.988 -5000 -2.594 -2730.408 43.335 -16.022 71.716 389.862 305.023 868.835 1231.995 155.64 -1494.293 700.226 228.577 27.924 23.804 167.389 2544.403 2501.221 2113.953 1742.249 1385.803 1023.865 667.725 -725.555 16.785 -9.003 73.09 4.73 -330.353 -674.438 -1014.709 -1358.337 -1698.151 -2037.354 -2373.657 -2700.195 558.472 699.615 434.265 79.346 6.104 -348.206 -702.057 540 190 410 29.1 21.8 109 54 2408 1 034
6033068 7497 2025/12/25 18:48:34 P15 73.95 25.36 0 7 21.75 955.48 982.59 351.562 597.382 4093.018 1247.253 837.708 1171.265 466.919 -35.248 7.629 110.626 -19.226 537.72 868.53 137.024 995.483 838.165 478.668 643.463 1441.193 813.446 -5000 -5.951 -2734.528 -34.18 -16.174 70.801 389.862 304.871 869.751 1232.452 152.588 -1494.141 700.684 229.187 24.719 20.752 166.931 2548.218 2502.441 2110.291 1736.298 1380.768 1017.303 660.706 -724.487 16.327 -8.24 74.158 6.409 -330.811 -675.812 -1015.93 -1360.016 -1699.982 -2038.879 -2375.641 -2701.111 561.066 699.615 434.723 78.43 6.256 -348.816 -705.414 540 190 410 29.1 21.68 109 54 2408 1 034
6033069 7497 2025/12/25 18:48:35 P15 73.95 25.27 0 7.1 21.65 955.48 982.6 351.41 597.534 4090.729 1245.88 838.013 1174.011 466.614 -26.55 -8.698 115.051 -18.921 539.398 866.699 136.719 995.331 837.555 481.72 644.531 1443.176 813.293 -5000 -1.831 -2736.816 -17.853 -17.242 78.278 389.709 305.939 870.667 1231.384 160.065 -1495.056 700.531 232.849 24.109 21.515 167.389 2544.861 2501.678 2113.647 1740.723 1387.939 1024.78 668.64 -726.776 15.869 -13.428 75.531 2.747 -331.421 -675.964 -1014.709 -1357.269 -1696.777 -2036.133 -2371.674 -2695.312 558.014 700.073 434.875 78.583 6.256 -347.29 -702.209 539 190 410 29.1 21.61 109 53 2408 1 034
6033070 7497 2025/12/25 18:48:36 P15 74.01 25.27 0 6.81 21.46 955.51 982.58 350.494 594.788 4084.625 1245.422 838.47 1173.553 466.919 70.801 17.853 115.356 -16.937 540.161 867.157 137.482 996.552 838.928 483.093 646.057 1447.144 815.125 -5000 -1.068 -2738.495 52.795 -16.327 78.278 387.878 305.939 871.429 1235.809 138.855 -1497.345 698.7 232.391 21.973 19.226 167.694 2545.776 2502.899 2114.258 1740.723 1387.329 1024.933 668.182 -731.812 16.174 -21.057 73.242 6.104 -332.489 -675.049 -1015.015 -1357.269 -1695.862 -2034.76 -2370.911 -2697.296 558.777 699.768 437.012 79.346 3.815 -346.069 -699.158 538 185 410 29.08 21.72 109 53 2408 1 034
6033071 7497 2025/12/25 18:48:37 P15 73.98 25.22 0 6.97 21.62 955.48 982.56 351.105 595.856 4082.184 1243.286 839.386 1171.722 466.461 1.984 -11.292 125.122 -18.158 540.924 868.53 144.043 996.094 836.487 483.551 649.261 1443.176 815.43 -5000 3.052 -2740.479 4.272 -15.411 77.972 390.32 305.328 873.413 1236.877 130.92 -1495.056 700.378 232.544 25.177 13.885 167.236 2548.523 2501.831 2112.732 1737.518 1379.7 1015.472 656.586 -733.49 12.817 -11.749 74.921 -0.153 -333.099 -676.575 -1016.541 -1360.321 -1700.897 -2039.642 -2379.456 -2704.315 558.929 699.005 434.723 79.803 4.425 -347.9 -701.904 540 185 410 29.13 21.69 109 53 2408 1 034
6033072 7497 2025/12/25 18:48:38 P15 73.88 25.16 0 6.97 21.55 955.49 982.59 352.02 595.856 4095.459 1246.948 838.776 1173.706 466.919 -42.419 -23.499 137.634 -16.479 539.856 866.699 140.686 997.162 837.097 485.535 647.888 1449.89 816.04 -5000 -1.068 -2743.835 13.275 -16.785 76.599 389.862 307.312 873.413 1236.267 134.735 -1494.141 701.904 232.697 28.534 26.855 167.542 2546.692 2501.984 2112.579 1739.502 1383.82 1020.66 666.046 -740.051 15.564 3.967 72.174 7.324 -336.609 -682.526 -1021.271 -1363.22 -1702.728 -2040.253 -2376.404 -2700.653 558.624 699.768 433.655 77.057 5.035 -350.189 -703.583 526 185 410 29.09 21.67 109 53 2408 1 034
6033073 7497 2025/12/25 18:48:39 P15 73.91 25.33 0 6.93 21.67 955.49 982.59 351.562 596.924 4081.421 1247.101 840.149 1170.044 466.919 -27.161 -42.725 121.307 -18.768 540.466 866.394 135.498 997.162 835.876 486.45 645.447 1451.263 816.193 -5000 6.256 -2746.735 7.477 -15.411 78.278 391.235 305.939 875.549 1228.638 133.82 -1495.667 701.599 233.765 28.076 27.313 167.236 2547.455 2500.763 2117.92 1744.995 1387.939 1028.29 671.539 -738.068 12.817 17.7 75.073 2.289 -332.947 -676.422 -1012.878 -1356.506 -1696.014 -2033.539 -2368.774 -2694.244 559.235 702.209 433.044 81.329 4.272 -346.68 -697.937 541 185 410 29.08 21.59 109 53 2408 1 034
6033074 7497 2025/12/25 18:48:40 P15 74.02 25.33 0 6.91 21.67 955.51 982.6 351.41 595.245 4092.407 1251.068 840.607 1172.943 467.377 -80.566 -19.379 118.103 -18.616 539.856 865.479 143.585 997.772 835.571 487.061 644.989 1451.569 816.65 -5000 -7.629 -2750.549 8.392 -16.632 76.141 390.32 305.786 874.634 1234.894 127.869 -1493.835 703.125 232.391 24.719 26.55 167.999 2544.708 2501.221 2113.342 1740.875 1383.972 1020.966 661.316 -742.34 13.123 18.158 74.005 4.578 -333.862 -678.101 -1017.456 -1360.474 -1699.982 -2039.795 -2377.777 -2703.247 559.387 703.125 433.807 79.803 3.967 -345.154 -699.463 532 185 410 29.09 21.6 109 53 2408 1 034
6033075 7497 2025/12/25 18:48:41 P15 74 25.29 0 6.81 21.45 955.51 982.6 349.579 599.823 4083.557 1252.441 839.691 1171.265 467.072 82.55 -35.095 104.675 -18.768 541.687 865.631 140.533 998.383 835.876 489.502 642.09 1454.62 815.735 -5000 8.698 -2752.991 27.313 -14.954 77.972 389.709 306.549 876.007 1240.234 144.196 -1494.141 703.735 233.612 24.109 23.804 166.016 2544.25 2501.831 2111.816 1737.671 1381.989 1020.05 664.368 -745.697 13.123 4.578 73.242 1.068 -332.642 -679.779 -1017.761 -1361.084 -1701.508 -2041.168 -2377.777 -2701.416 560.608 702.362 433.655 78.735 5.341 -348.511 -704.193 532 180 410 29.09 21.6 109 53 2408 1 034
6033076 7497 2025/12/25 18:48:42 P15 74 25.27 0 6.79 21.59 955.5 982.59 352.173 597.382 4085.388 1252.441 840.607 1175.842 466.919 3.662 -8.087 120.239 -16.327 541.687 868.53 138.092 999.146 835.724 490.57 641.327 1453.705 817.413 -5000 -3.51 -2754.822 31.128 -16.174 79.498 390.778 307.77 876.77 1240.845 147.705 -1497.803 702.82 234.68 24.872 23.346 167.236 2548.981 2499.847 2116.394 1744.08 1389.16 1027.527 671.539 -747.223 16.174 -3.967 73.7 -2.899 -330.505 -674.286 -1011.963 -1354.523 -1693.573 -2032.013 -2367.401 -2693.634 559.845 700.684 436.707 80.414 6.104 -346.069 -698.242 521 180 410 29.06 21.63 109 53 2408 1 034
6033077 7497 2025/12/25 18:48:43 P15 73.94 25.22 0 6.83 21.57 955.52 982.58 352.173 597.839 4092.255 1256.104 841.217 1175.079 467.529 -74.921 -24.719 118.713 -18.921 541.992 869.598 139.16 999.908 834.656 492.706 634.003 1454.01 816.803 -5000 3.967 -2757.416 21.057 -15.106 78.43 390.015 306.702 876.923 1241.455 157.318 -1495.667 705.719 230.713 23.956 29.907 167.694 2547.455 2500.153 2114.868 1741.638 1385.345 1023.254 665.131 -749.207 11.444 7.629 73.7 4.272 -330.963 -674.438 -1014.252 -1356.354 -1696.32 -2036.896 -2373.657 -2700.348 559.845 702.82 433.044 79.041 5.951 -343.018 -697.937 528 180 410 29.06 21.51 109 53 2408 1 034
6033078 7497 2025/12/25 18:48:44 P15 73.98 25.27 0 6.91 21.68 955.51 982.59 350.952 598.145 4089.661 1257.324 842.285 1179.81 466.614 -16.327 -7.629 118.103 -18.311 543.213 867.004 139.618 1000.061 834.808 492.554 637.512 1457.52 815.582 -5000 11.597 -2758.331 29.907 -16.937 83.313 390.625 307.159 876.312 1239.014 145.721 -1499.939 706.329 229.187 21.82 27.618 168.152 2544.25 2500.305 2112.427 1734.009 1377.411 1011.81 653.687 -751.648 12.817 6.714 73.853 1.373 -330.2 -675.201 -1014.709 -1359.863 -1699.982 -2040.405 -2379.303 -2705.231 560.608 702.515 433.197 79.498 5.798 -346.68 -702.515 536 175 410 29.12 21.48 109 53 2408 1 034
6033079 7497 2025/12/25 18:48:45 P15 74.08 25.22 0 6.81 21.53 955.49 982.59 350.8 597.992 4083.252 1260.529 841.827 1173.553 467.072 -44.098 16.632 126.953 -18.158 543.213 865.936 139.008 999.756 834.351 493.317 633.24 1460.419 817.719 -5000 2.594 -2763.672 9.613 -15.259 78.735 391.235 307.77 879.364 1243.591 146.637 -1491.394 706.177 233.459 20.447 27.771 167.999 2545.013 2500.153 2116.852 1743.317 1389.465 1027.832 670.624 -757.141 13.428 11.139 73.395 6.409 -333.862 -679.474 -1016.235 -1359.558 -1698.914 -2035.675 -2372.284 -2696.228 559.998 702.362 434.418 78.125 1.831 -348.663 -701.294 527 175 410 29.08 21.59 109 53 2408 1 034
6033080 7497 2025/12/25 18:48:46 P15 73.95 25.2 0 6.85 21.64 955.51 982.59 350.037 596.924 4083.862 1257.019 842.285 1175.537 467.224 -23.346 -24.109 129.7 -17.7 544.434 868.53 139.313 1001.282 834.045 494.537 637.36 1461.182 817.871 -5000 4.73 -2766.571 -24.567 -15.259 82.245 390.472 307.77 879.517 1245.422 135.956 -1493.53 707.397 232.391 22.278 25.024 167.236 2545.013 2501.831 2114.258 1740.112 1386.108 1025.085 667.877 -758.514 14.801 -11.749 73.242 6.256 -329.437 -674.286 -1012.726 -1356.049 -1695.557 -2033.997 -2371.216 -2696.533 561.371 702.972 436.096 80.566 5.646 -347.29 -699.005 536 175 410 29.1 21.53 109 53 2408 1 034
6033081 7497 2025/12/25 18:48:47 P15 73.95 25.32 0 6.91 21.55 955.51 982.56 350.037 598.602 4086.456 1257.935 842.59 1179.352 467.987 -70.19 -30.06 129.7 -17.242 544.281 866.241 139.465 1000.671 833.13 496.826 639.191 1462.097 817.413 -5000 -3.204 -2768.555 11.749 -16.327 82.703 391.693 308.38 880.737 1240.997 140.381 -1494.904 706.329 233.917 22.736 22.43 167.694 2542.419 2500.763 2111.969 1735.077 1375.58 1010.742 653.992 -761.261 12.97 -7.172 74.615 3.204 -333.405 -677.948 -1017.761 -1360.779 -1701.355 -2039.948 -2376.556 -2703.247 560.913 703.278 432.434 79.193 3.967 -346.069 -703.278 526 175 410 29.08 21.63 109 53 2408 1 034
6033082 7497 2025/12/25 18:48:48 P15 74.02 25.32 0 6.83 21.47 955.51 982.59 350.647 597.992 4090.881 1263.58 843.048 1178.589 467.224 -122.986 -14.496 115.814 -17.548 544.128 868.225 143.127 1001.587 832.214 496.979 628.51 1459.656 818.634 -5000 -4.883 -2772.217 -22.278 -17.09 85.754 391.235 308.075 881.348 1246.948 138.397 -1496.429 707.855 236.511 26.55 20.447 167.389 2546.997 2500.763 2113.8 1741.333 1386.108 1023.56 667.572 -765.686 14.496 -11.749 75.989 6.256 -333.862 -679.321 -1016.998 -1359.711 -1699.829 -2036.743 -2373.352 -2698.822 561.676 702.667 434.57 77.667 3.967 -348.663 -701.904 535 175 410 29.13 21.45 109 53 2408 1 034
6033083 7497 2025/12/25 18:48:49 P15 74 25.29 0 7 21.62 955.48 982.59 350.8 596.771 4089.05 1266.632 844.116 1177.673 467.529 -4.578 4.578 119.934 -16.937 545.654 869.598 141.296 1001.74 832.825 498.505 622.864 1463.928 818.481 -5000 0 -2775.421 -24.109 -16.022 86.67 390.015 308.075 881.348 1243.439 162.506 -1494.751 706.329 236.816 27.466 22.583 167.542 2547.302 2501.831 2117.92 1744.537 1390.533 1028.137 669.556 -764.618 15.564 -29.297 75.531 4.12 -327.301 -670.166 -1008.911 -1351.776 -1692.2 -2030.945 -2368.011 -2693.634 560.455 706.177 435.028 81.329 5.951 -346.832 -699.768 525 170 410 29.1 21.41 109 52 2408 1 034
6033084 7497 2025/12/25 18:48:50 P15 74 25.36 0 6.69 21.58 955.49 982.58 350.952 597.839 4082.031 1265.717 844.879 1176.147 466.919 -1.831 -30.212 139.923 -18.005 546.265 868.378 139.618 1002.045 830.994 499.42 624.695 1465.607 819.244 -5000 -0.61 -2777.252 55.389 -15.564 88.501 389.252 308.533 883.636 1249.237 143.28 -1491.852 707.703 238.19 23.651 18.921 168.457 2549.133 2501.678 2113.19 1738.586 1381.073 1019.135 659.027 -767.059 15.411 -18.921 74.463 7.019 -330.505 -673.676 -1014.862 -1357.88 -1699.524 -2037.201 -2374.268 -2700.806 564.27 706.024 434.265 79.803 4.12 -348.358 -703.278 540 170 410 29.06 21.51 109 52 2408 1 034
6033085 7497 2025/12/25 18:48:51 P15 74 25.3 0 6.69 21.45 955.52 982.58 350.037 599.823 4092.255 1268.463 845.032 1177.979 466.919 -43.64 -2.441 113.525 -18.463 544.891 869.446 137.939 1002.045 831.299 500.641 621.49 1462.708 818.939 -5000 1.373 -2780.609 28.076 -15.106 85.602 391.693 308.685 882.721 1249.542 136.108 -1493.683 709.229 238.647 25.94 21.362 167.847 2546.539 2502.136 2114.258 1734.924 1375.427 1007.233 649.414 -770.569 13.733 -20.905 74.31 3.357 -334.778 -679.932 -1020.355 -1363.831 -1705.017 -2044.678 -2383.728 -2708.435 562.134 707.092 432.739 77.362 5.493 -350.494 -707.855 540 170 410 29.09 21.49 109 52 2408 1 034
6033086 7497 2025/12/25 18:48:52 P15 73.87 25.2 0 6.71 21.46 955.52 982.57 350.037 599.67 4084.778 1267.395 843.811 1172.791 467.072 -6.561 12.817 108.643 -18.463 546.112 868.225 139.465 1003.571 828.857 501.404 625.61 1468.811 819.244 -5000 -3.052 -2781.982 -31.281 -15.564 85.297 390.93 309.448 883.942 1252.441 137.329 -1493.835 709.229 242.615 22.736 15.717 167.999 2543.335 2499.695 2117.31 1743.469 1389.618 1028.595 670.776 -770.416 17.395 -3.052 74.463 5.035 -329.742 -677.948 -1013.031 -1356.812 -1696.32 -2033.386 -2369.385 -2694.855 563.66 705.872 434.875 81.329 5.341 -345.917 -698.547 535 170 410 29.09 21.49 109 52 2408 1 034
6033087 7497 2025/12/25 18:48:53 P15 74.02 25.22 0 6.83 21.43 955.5 982.57 350.952 598.602 4087.982 1269.073 845.642 1177.826 466.919 -47.913 -21.82 113.068 -17.548 547.18 870.819 145.111 1003.723 830.231 503.082 622.864 1469.879 820.923 -5000 -1.984 -2784.119 -13.885 -14.954 87.28 391.693 309.753 885.01 1240.387 161.591 -1494.598 708.771 239.258 25.33 21.82 168.152 2547.455 2500 2116.394 1741.791 1386.719 1023.712 664.52 -774.689 10.681 -5.341 73.242 3.51 -328.369 -672.607 -1011.658 -1357.269 -1697.235 -2036.591 -2375.946 -2699.738 563.202 706.787 433.655 80.414 6.409 -345.001 -698.7 525 165 410 29.08 21.46 109 52 2408 1 034
6033088 7497 2025/12/25 18:48:54 P15 73.97 25.33 0 7 21.53 955.48 982.58 349.579 599.06 4085.083 1267.242 844.574 1181.183 467.072 7.477 -28.687 93.384 -17.242 548.096 869.293 140.381 1003.876 830.383 503.693 624.695 1472.778 821.533 -5000 -3.967 -2787.018 43.793 -15.259 90.79 390.93 310.669 885.468 1245.575 146.179 -1494.141 710.144 237.274 21.82 19.073 167.542 2545.166 2501.221 2111.511 1734.314 1375.58 1008.911 653.229 -776.978 13.733 -12.207 73.242 7.019 -332.642 -679.779 -1020.355 -1364.288 -1705.017 -2044.22 -2381.287 -2708.588 562.897 706.787 434.265 77.209 6.256 -348.969 -706.482 533 165 410 29.1 21.43 109 52 2408 1 034
6033089 7497 2025/12/25 18:48:55 P15 73.89 25.29 0 7.01 21.37 955.5 982.59 349.121 599.823 4083.252 1269.684 844.574 1175.842 467.224 24.567 -19.226 101.776 -18.768 547.333 865.021 139.923 1004.028 830.078 505.066 626.678 1473.236 821.533 -5000 2.747 -2789.917 20.905 -15.411 86.67 390.625 309.601 886.536 1254.12 134.735 -1494.598 712.128 235.596 30.06 18.921 168.762 2543.945 2500.61 2115.173 1744.232 1389.008 1026.154 671.539 -779.572 14.801 -11.292 74.31 11.749 -332.031 -677.795 -1015.015 -1357.422 -1696.32 -2034.912 -2369.385 -2695.16 562.897 707.092 433.96 79.956 5.798 -347.9 -701.752 521 165 410 29.1 21.5 109 52 2408 1 034
6033090 7497 2025/12/25 18:48:56 P15 73.91 25.36 0 6.83 21.47 955.49 982.57 350.189 597.839 4082.336 1269.379 846.405 1181.03 467.224 -25.177 -21.82 120.544 -15.717 547.638 869.446 141.144 1004.791 830.078 506.592 624.695 1472.626 821.075 -5000 -0.305 -2792.511 36.621 -16.327 91.095 391.235 308.685 888.062 1254.425 125.885 -1492.004 709.686 232.391 26.398 12.97 168.762 2549.438 2501.678 2114.563 1741.486 1386.719 1024.475 666.809 -779.266 10.071 -12.97 74.158 4.272 -331.726 -675.507 -1014.709 -1357.727 -1697.235 -2036.591 -2372.894 -2698.669 563.354 707.55 433.655 79.956 2.441 -346.527 -701.904 533 160 410 29.08 21.42 109 52 2408 1 034
6033091 7497 2025/12/25 18:48:57 P15 73.89 25.36 0 6.66 21.55 955.48 982.57 349.426 599.213 4086.151 1270.142 846.252 1180.42 467.529 -45.471 -37.842 131.378 -18.311 548.553 868.073 140.686 1005.859 828.857 506.897 624.542 1471.252 820.465 -5000 0.763 -2796.326 -2.899 -14.038 92.316 391.388 309.448 887.146 1255.493 149.078 -1496.124 710.144 241.699 23.041 24.567 167.847 2550.201 2500 2113.342 1736.908 1378.479 1012.421 656.128 -780.945 14.801 -21.973 74.615 9.155 -329.437 -675.201 -1014.862 -1359.406 -1700.439 -2040.253 -2379.15 -2704.468 563.354 707.703 432.739 80.566 4.272 -350.494 -699.005 523 165 410 29.09 21.42 109 52 2408 1 034
6033092 7497 2025/12/25 18:48:58 P15 73.89 25.29 0 6.98 21.38 955.51 982.58 348.358 599.518 4083.099 1269.073 845.795 1180.267 467.529 48.065 -51.575 93.994 -17.548 548.553 866.852 139.923 1005.249 828.857 506.744 628.51 1477.203 821.533 -5000 -8.545 -2798.157 58.441 -15.106 86.975 391.846 310.364 889.587 1257.477 160.98 -1494.293 713.654 239.41 19.379 23.956 167.694 2544.403 2502.289 2106.781 1730.042 1368.103 1002.96 647.583 -787.048 13.428 -25.177 74.005 5.341 -336.456 -683.289 -1023.102 -1367.188 -1708.527 -2047.119 -2386.932 -2710.266 560.608 706.482 435.944 76.294 5.798 -343.323 -707.092 523 165 410 29.09 21.42 109 52 2408 1 034
6033093 7497 2025/12/25 18:48:59 P15 73.85 25.37 0 6.96 21.6 955.51 982.57 349.884 599.67 4084.015 1275.024 846.863 1180.267 467.682 -56.458 -9.766 87.891 -17.395 547.943 867.92 141.602 1006.47 828.705 509.796 618.286 1475.983 822.296 -5000 -12.97 -2801.056 39.062 -16.022 90.485 391.541 310.211 888.672 1253.815 151.062 -1493.53 713.959 240.479 28.992 19.531 167.084 2548.218 2500.763 2119.141 1745.605 1391.449 1029.358 669.861 -784.912 9.46 -17.09 74.768 4.12 -332.031 -675.201 -1011.658 -1355.591 -1694.946 -2033.081 -2369.08 -2695.16 563.66 710.297 429.993 81.177 5.341 -345.154 -697.937 532 160 410 29.12 21.27 109 52 2408 1 034
6033094 7497 2025/12/25 18:49:00 P15 73.81 25.27 0 6.76 21.41 960.12 982.58 348.816 599.823 4080.811 1275.635 847.015 1181.335 467.072 -21.82 -5.188 115.509 -16.174 550.079 868.225 140.076 1007.233 828.247 510.406 617.371 1478.882 822.601 -5000 -8.85 -2803.802 46.082 -16.479 88.806 390.93 309.296 890.198 1258.392 149.841 -1493.835 711.975 239.563 26.398 22.888 168.61 2546.539 2500.305 2113.342 1739.349 1383.514 1018.829 661.316 -786.896 16.785 -9.766 73.09 5.493 -331.421 -676.117 -1015.93 -1359.558 -1699.829 -2038.727 -2376.251 -2701.874 562.592 707.397 434.57 79.041 1.526 -347.443 -701.904 536 155 410 29.06 21.42 108 52 2408 1 034
6033095 7497 2025/12/25 18:49:01 P15 73.85 25.34 0 6.73 21.45 960.15 982.58 348.663 600.891 4086.151 1276.855 846.863 1178.436 467.224 118.103 -6.866 136.566 -17.242 549.927 867.462 144.958 1006.012 827.179 511.627 620.575 1480.56 821.991 -5000 -5.493 -2806.396 -41.504 -17.395 90.942 392.303 311.279 891.113 1253.662 127.258 -1493.53 714.111 238.342 22.736 24.261 167.236 2541.504 2502.441 2108.917 1731.567 1371.155 1004.944 649.567 -787.048 12.817 -5.646 74.31 3.662 -334.93 -681.152 -1020.66 -1363.678 -1705.933 -2045.135 -2382.66 -2708.282 562.897 709.076 433.502 77.515 3.662 -350.037 -707.397 522 155 410 29.1 21.43 108 52 2408 1 034
6033096 7497 2025/12/25 18:49:02 P15 73.95 25.26 0 6.9 21.42 960.13 982.58 349.121 600.586 4088.745 1278.992 848.999 1182.556 467.072 -54.321 -18.921 116.73 -18.005 550.232 867.462 139.008 1006.775 825.958 513.458 618.286 1478.882 821.686 -5000 -1.831 -2808.533 -8.698 -16.785 93.384 392.456 310.211 891.113 1257.019 144.501 -1493.835 710.602 240.479 22.888 24.719 167.694 2543.945 2499.084 2119.904 1748.657 1393.433 1033.173 675.507 -792.236 14.038 -13.885 72.632 5.646 -330.048 -673.981 -1012.421 -1355.438 -1695.557 -2033.081 -2369.08 -2694.092 563.812 708.771 435.333 78.735 6.104 -347.9 -699.615 522 155 410 29.1 21.43 108 52 2408 1 034
6033097 7497 2025/12/25 18:49:03 P15 73.87 25.27 0 6.97 21.42 960.13 982.59 349.426 600.128 4083.71 1275.177 848.083 1181.183 466.919 -28.229 3.662 111.237 -17.242 551.91 868.835 139.16 1007.385 826.721 513.916 621.796 1482.697 823.059 -5000 -14.496 -2810.516 -5.951 -15.106 95.825 392.761 310.822 892.029 1261.444 145.874 -1492.004 714.874 237.427 23.193 23.499 167.694 2545.319 2500.916 2114.258 1740.417 1385.651 1021.729 663.91 -788.574 12.207 1.221 74.158 2.289 -329.742 -674.286 -1013.031 -1356.201 -1696.625 -2035.98 -2372.437 -2699.28 565.186 710.144 432.587 79.803 7.019 -348.206 -700.531 522 155 409 29.1 21.43 108 52 2408 1 034
6033098 7497 2025/12/25 18:49:04 P15 73.92 25.27 0 6.96 21.42 960.13 982.59 348.969 601.044 4086.304 1275.787 847.626 1186.676 466.766 -60.577 -29.144 134.583 -17.7 550.995 868.53 140.228 1007.538 826.111 514.832 622.559 1482.849 821.991 -5000 -6.561 -2814.331 -9.613 -16.327 93.689 391.541 310.822 892.792 1259.003 162.048 -1495.361 716.553 240.326 26.55 19.836 168.304 2541.046 2500.61 2110.443 1731.415 1373.749 1007.69 651.245 -792.694 10.681 2.136 75.378 2.441 -331.421 -677.643 -1018.219 -1362.915 -1703.186 -2044.22 -2380.981 -2708.74 565.643 710.907 430.603 77.515 6.104 -348.969 -707.245 530 155 409 29.08 21.34 108 51 2408 1 034
6033099 7497 2025/12/25 18:49:05 P15 73.91 25.2 0 6.79 21.44 960.15 982.58 348.511 599.06 4094.696 1278.381 848.694 1183.014 467.072 -19.226 -48.218 115.814 -15.717 550.995 868.073 140.686 1008.911 826.263 516.052 622.101 1483.612 823.822 -5000 -5.798 -2816.925 58.136 -16.937 93.231 391.998 310.974 893.097 1260.071 137.329 -1494.904 715.485 244.141 26.855 25.024 168.304 2546.387 2501.526 2109.528 1731.72 1374.817 1010.59 654.602 -799.408 11.139 7.172 73.7 6.104 -334.778 -680.389 -1020.05 -1362.61 -1703.339 -2042.694 -2380.371 -2704.926 563.202 709.076 433.044 78.888 3.357 -350.342 -707.245 530 155 409 29.08 21.34 108 51 2408 1 034
6033100 7497 2025/12/25 18:49:06 P15 73.88 25.26 0 6.91 21.37 960.16 982.6 347.137 598.45 4082.794 1273.346 848.999 1182.251 468.14 44.25 -30.365 127.563 -15.869 551.91 869.904 141.754 1008.911 824.28 517.426 624.695 1486.359 824.585 -5000 -0.458 -2820.435 -3.967 -15.564 95.215 391.693 310.364 893.86 1264.954 138.855 -1495.361 715.637 242.004 28.381 22.888 167.847 2546.539 2501.831 2115.173 1742.249 1386.719 1023.56 664.825 -800.476 14.954 -3.204 72.937 5.951 -330.505 -674.744 -1015.778 -1358.948 -1698.914 -2037.811 -2375.336 -2700.5 564.575 709.381 435.181 79.956 4.12 -347.443 -701.904 520 155 409 29.1 21.32 108 51 2408 1 034
6033101 7497 2025/12/25 18:49:07 P15 73.79 25.23 0 6.9 21.36 960.16 982.58 348.358 601.349 4083.862 1278.534 848.999 1182.251 467.377 -25.33 -18.768 110.931 -16.632 551.758 870.514 140.686 1009.216 823.059 517.731 619.049 1483.612 824.585 -5000 -8.087 -2822.571 -14.191 -16.174 93.231 392.151 309.906 895.844 1265.564 144.348 -1492.92 716.248 242.615 21.667 27.008 167.389 2548.828 2502.441 2111.359 1733.856 1375.58 1009.369 653.076 -806.122 16.022 -10.529 75.073 6.104 -332.489 -676.575 -1016.693 -1361.237 -1701.813 -2042.084 -2381.439 -2706.604 568.542 710.907 434.875 78.735 5.798 -353.394 -706.787 520 155 409 29.1 21.32 108 51 2408 1 034
6033102 7497 2025/12/25 18:49:08 P15 73.82 25.25 0 7 21.44 960.15 982.61 349.121 601.196 4087.677 1286.163 849.304 1185.608 467.377 -14.496 -11.597 104.218 -16.937 552.673 870.209 142.059 1008.911 824.738 519.257 612.488 1486.206 823.059 -5000 -7.324 -2824.097 79.346 -16.785 101.929 393.066 311.89 895.081 1262.512 154.266 -1494.446 716.553 245.972 24.414 26.398 167.694 2543.945 2502.441 2108.612 1730.499 1374.207 1008.759 655.06 -805.511 11.292 -9.003 75.378 5.188 -336.456 -682.983 -1023.254 -1365.662 -1711.121 -2048.798 -2387.695 -2710.876 563.507 710.754 434.875 73.395 4.425 -352.173 -709.991 534 150 409 29.09 21.32 108 51 2408 1 034
6033103 7497 2025/12/25 18:49:09 P15 73.84 25.22 0 6.91 21.3 960.15 982.6 347.748 599.365 4092.712 1287.231 849.152 1183.777 467.377 48.828 22.125 129.852 -16.632 552.216 870.361 140.686 1009.674 823.669 520.325 608.368 1488.647 825.653 -5000 -9.46 -2827.148 63.477 -15.259 95.215 392.609 312.042 897.217 1264.801 142.059 -1492.004 716.4 241.852 23.651 20.752 168.457 2547.607 2501.373 2115.326 1739.502 1386.414 1024.628 664.825 -806.427 13.58 -15.717 74.158 5.646 -331.116 -673.218 -1011.658 -1355.896 -1694.794 -2034.912 -2371.368 -2696.686 565.948 712.433 434.265 80.109 4.883 -344.543 -697.327 534 150 409 29.09 21.32 108 51 2408 1 034
6033104 7497 2025/12/25 18:49:10 P15 73.82 25.23 0 7.03 21.35 960.14 982.61 347.748 598.45 4082.642 1287.079 850.372 1186.829 467.072 -24.261 -16.327 115.967 -16.327 552.673 870.361 139.771 1010.132 823.364 521.088 604.706 1490.021 824.738 -5000 -2.747 -2828.979 -37.994 -16.327 99.03 391.998 309.448 897.217 1268.463 133.667 -1495.972 716.858 242.157 25.94 21.21 168.304 2548.523 2501.526 2112.427 1734.924 1377.411 1011.658 654.449 -807.953 8.24 -22.278 73.09 3.204 -333.405 -678.253 -1016.998 -1361.084 -1702.576 -2041.626 -2380.524 -2704.62 565.948 711.975 432.587 78.888 5.493 -347.9 -703.735 513 150 409 29.12 21.3 108 51 2408 1 034
6033105 7497 2025/12/25 18:49:11 P15 73.87 25.22 0 6.88 21.36 960.17 982.6 346.985 602.722 4087.219 1288.3 850.83 1181.488 466.461 -20.142 -11.902 105.438 -16.479 553.741 871.735 139.618 1010.59 823.517 521.545 603.18 1489.563 825.5 -5000 -6.409 -2832.794 -16.479 -14.801 98.572 392.914 309.448 898.438 1264.801 135.193 -1497.04 718.231 243.835 23.346 21.82 168.457 2546.844 2500.305 2108.765 1731.262 1372.375 1006.775 651.703 -811.92 12.97 -5.646 74.463 6.714 -335.236 -682.373 -1022.491 -1366.425 -1707.916 -2047.577 -2387.238 -2709.961 567.169 711.06 434.113 74.005 3.204 -354.767 -711.975 521 150 409 29.09 21.36 108 51 2408 1 034
6033106 7497 2025/12/25 18:49:12 P15 73.89 25.26 0 6.96 21.35 960.17 982.6 347.29 600.128 4089.05 1287.231 850.22 1186.218 466.919 -27.313 -11.292 93.231 -15.411 554.504 871.429 140.228 1010.437 822.754 523.224 612.03 1491.852 826.111 -5000 1.221 -2835.541 -40.283 -15.869 98.877 392.761 309.753 898.132 1265.869 148.468 -1496.887 717.01 243.225 15.869 19.684 168.304 2548.065 2500.916 2114.105 1737.518 1380.92 1018.066 662.231 -814.209 13.733 -8.087 73.853 5.798 -332.184 -678.253 -1017.151 -1360.016 -1701.965 -2039.337 -2376.404 -2700.806 565.948 711.517 433.502 77.515 3.967 -347.9 -704.803 521 150 409 29.09 21.36 108 51 2408 1 034
6033107 7497 2025/12/25 18:49:13 P15 73.84 25.3 0 6.73 21.32 960.18 982.58 346.375 602.57 4087.219 1289.978 850.83 1186.371 467.072 -49.896 -11.292 113.22 -15.411 553.589 865.479 140.533 1011.2 822.754 523.987 606.537 1494.446 824.28 -5000 0.61 -2837.677 61.188 -16.327 98.877 393.066 311.584 899.048 1270.447 117.34 -1495.056 718.384 242.462 24.414 25.787 168.61 2543.03 2499.847 2113.342 1736.755 1380.92 1014.862 657.196 -816.345 9.308 -7.629 73.7 2.136 -332.489 -677.185 -1016.083 -1360.931 -1700.439 -2040.558 -2378.845 -2703.247 565.796 713.654 434.418 76.294 7.019 -346.68 -702.515 501 150 409 29.1 21.22 108 51 2408 1 034
6033108 7497 2025/12/25 18:49:14 P15 73.82 25.48 0 6.79 21.38 960.16 982.58 348.206 602.417 4089.05 1286.621 851.593 1189.423 466.614 53.864 3.052 114.441 -17.09 554.81 870.972 141.754 1011.81 821.991 525.055 613.861 1492.615 825.806 -5000 -2.899 -2841.034 3.204 -16.785 99.792 391.846 312.195 899.658 1270.447 137.939 -1498.108 719.604 238.19 24.414 19.073 168.152 2544.556 2501.221 2106.781 1727.905 1369.019 1004.486 649.109 -819.702 14.343 2.441 73.09 6.561 -336.609 -681.915 -1022.186 -1365.967 -1707.153 -2048.035 -2386.322 -2710.114 567.627 712.28 434.418 76.447 5.035 -352.478 -710.907 501 150 409 29.1 21.22 108 51 2408 1 034
6033109 7497 2025/12/25 18:49:15 P15 73.82 25.23 0 6.79 21.42 960.13 982.57 346.68 600.281 4079.742 1286.316 851.746 1177.521 467.834 80.261 -19.836 117.798 -14.038 554.504 870.972 143.127 1011.963 822.296 525.818 612.335 1495.514 827.942 -5000 0 -2844.696 15.869 -16.785 98.419 392.761 309.601 901.184 1271.515 133.972 -1490.479 718.384 241.089 24.109 25.177 167.847 2549.744 2505.798 2115.479 1740.112 1384.277 1019.592 663.757 -819.55 11.444 -8.545 72.784 4.73 -332.031 -676.727 -1016.998 -1360.016 -1699.524 -2039.337 -2375.793 -2700.348 566.406 713.959 434.265 78.125 5.188 -346.832 -704.346 518 150 409 29.1 21.27 108 51 2408 1 034
6033110 7497 2025/12/25 18:49:16 P15 73.79 25.22 0 6.83 21.33 960.16 982.57 346.527 600.586 4090.576 1287.537 852.051 1183.167 466.919 -19.379 7.935 106.049 -16.632 554.199 868.835 140.381 1011.963 819.55 526.581 610.352 1495.056 827.179 -5000 0 -2847.29 48.065 -15.259 99.64 393.524 310.974 900.879 1271.515 136.871 -1494.446 722.351 239.563 28.839 20.752 168.61 2544.708 2502.747 2115.479 1743.164 1388.855 1026.611 669.861 -823.975 12.817 -11.139 72.937 6.561 -330.505 -676.117 -1014.709 -1357.727 -1697.235 -2035.065 -2369.995 -2696.228 567.932 713.501 433.655 79.651 6.409 -349.121 -701.752 528 150 409 29.08 21.23 108 51 2408 1 034
6033111 7497 2025/12/25 18:49:17 P15 73.84 25.32 0 6.79 21.27 960.18 982.59 346.222 602.417 4080.811 1295.166 852.356 1184.845 467.682 -98.877 -3.51 114.136 -16.632 556.488 864.716 140.381 1012.726 819.855 527.649 600.433 1499.176 826.874 -5000 -6.104 -2849.731 40.131 -14.801 101.013 392.151 310.516 902.405 1273.499 136.871 -1492.767 722.656 239.258 26.245 24.567 168.762 2548.218 2500.763 2108.307 1728.821 1370.239 1001.587 645.599 -827.637 12.97 -1.526 72.937 7.935 -331.421 -678.711 -1020.05 -1364.746 -1705.475 -2045.898 -2384.949 -2708.435 568.695 714.722 433.197 76.752 5.646 -352.631 -708.923 528 145 409 29.1 21.15 108 51 2408 1 034
6033112 7497 2025/12/25 18:49:18 P15 73.82 25.26 0 6.81 21.43 960.16 982.62 346.222 601.501 4088.287 1298.981 852.203 1187.439 467.529 24.719 -15.717 124.359 -16.479 556.641 870.514 140.381 1012.726 819.855 528.259 594.94 1498.26 828.4 -5000 -2.899 -2853.088 21.82 -16.479 100.403 392.303 310.669 902.405 1273.651 130.005 -1490.936 723.572 240.173 26.703 25.787 169.678 2545.776 2501.526 2112.274 1737.061 1380.005 1016.693 661.011 -826.111 14.191 -18.921 74.31 6.714 -332.489 -677.795 -1018.066 -1360.321 -1701.508 -2040.253 -2377.777 -2702.026 566.711 714.722 433.197 76.294 5.188 -349.579 -704.193 528 145 409 29.1 21.15 108 51 2408 1 034
6033113 7497 2025/12/25 18:49:19 P15 73.77 25.34 0 6.74 21.26 960.18 982.6 345.764 601.654 4081.879 1292.572 853.882 1185.913 467.834 9.003 -11.292 117.493 -14.496 556.335 871.124 139.771 1013.947 820.16 529.785 603.638 1498.871 827.332 -5000 -9.003 -2855.988 -40.894 -15.717 107.422 392.151 310.059 903.015 1275.177 127.258 -1496.124 721.283 240.021 27.008 17.242 168.762 2548.523 2499.39 2115.173 1740.875 1384.43 1022.186 666.504 -832.977 13.58 -13.885 72.327 7.324 -332.947 -677.185 -1016.235 -1360.016 -1698.914 -2037.201 -2372.589 -2697.754 565.796 713.196 435.028 75.684 4.425 -349.579 -704.193 516 145 409 29.09 21.2 108 51 2408 1 034
6033114 7497 2025/12/25 18:49:20 P15 73.79 25.25 0 6.71 21.31 960.19 982.6 344.086 603.027 4091.187 1288.452 853.882 1190.491 467.072 115.814 -0.61 126.953 -16.174 556.793 871.124 139.16 1013.336 819.702 530.396 612.946 1497.955 827.637 -5000 -0.763 -2858.276 -7.477 -17.09 102.081 392.456 310.669 904.236 1275.635 132.294 -1495.514 723.724 238.8 28.229 18.616 169.067 2545.166 2501.373 2110.748 1732.788 1375.427 1009.674 651.855 -833.74 14.648 -18.158 73.09 5.951 -333.405 -677.948 -1018.372 -1361.847 -1702.728 -2042.389 -2380.524 -2706.909 567.627 716.858 434.723 77.515 7.782 -351.41 -707.55 526 140 409 29.1 21.1 108 51 2408 1 034
6033115 7497 2025/12/25 18:49:21 P15 73.84 25.27 0 6.91 21.26 960.18 982.6 345.917 603.027 4092.255 1290.588 853.119 1186.218 470.581 7.324 -6.561 123.138 -17.09 556.03 871.582 140.381 1014.099 817.871 531.769 608.215 1500.854 828.247 -5000 -7.172 -2859.192 25.635 -16.327 99.64 393.677 310.059 905.151 1277.466 141.602 -1493.53 723.877 238.8 23.193 20.905 168.457 2547.913 2500.458 2110.901 1734.009 1376.038 1012.573 654.297 -835.266 14.801 -10.834 75.226 7.629 -333.71 -678.406 -1018.982 -1363.068 -1703.796 -2042.999 -2383.118 -2704.773 567.169 715.942 433.96 74.463 4.272 -352.325 -708.923 530 140 409 29.06 21.1 108 51 2408 1 034
6033116 7497 2025/12/25 18:49:22 P15 73.73 25.22 0 6.93 21.25 960.18 982.59 343.628 605.011 4090.118 1293.488 853.729 1188.049 467.834 -91.4 -4.272 111.237 -16.785 556.488 872.498 140.381 1015.625 818.634 532.379 604.553 1501.16 828.247 -5000 6.714 -2862.091 50.659 -15.717 99.64 393.524 309.753 904.846 1276.398 145.264 -1500.397 725.25 239.716 23.651 19.989 168.762 2548.828 2500.458 2112.885 1736.603 1381.989 1021.729 664.825 -834.808 10.529 -6.256 81.177 3.51 -331.573 -675.964 -1015.778 -1359.253 -1698.914 -2038.116 -2373.352 -2699.28 567.932 716.705 432.739 78.125 6.104 -348.358 -704.041 530 140 409 29.09 21.13 108 50 2408 1 034
6033117 7497 2025/12/25 18:49:23 P15 73.77 25.32 0 6.79 21.25 960.15 982.58 344.849 604.553 4080.963 1294.403 853.119 1187.134 467.072 -53.253 -0.458 103.302 -14.954 557.861 870.667 140.686 1014.709 818.024 532.837 605.164 1505.432 830.383 -5000 2.289 -2863.464 -19.836 -16.937 105.743 392.761 309.753 906.982 1278.229 134.43 -1493.53 723.114 238.8 24.109 31.128 168.304 2546.234 2500.305 2114.41 1742.401 1389.16 1025.238 671.997 -838.928 13.733 -21.667 74.158 6.561 -330.811 -674.744 -1014.557 -1356.812 -1696.93 -2035.37 -2371.063 -2694.855 566.406 715.332 435.791 75.684 4.12 -348.053 -701.599 530 140 409 29.09 21.13 108 50 2408 1 034
6033118 7497 2025/12/25 18:49:24 P15 73.88 25.27 0 6.78 21.29 960.17 982.61 343.475 604.095 4082.489 1293.793 853.424 1186.066 467.834 -68.665 5.798 108.948 -16.327 558.319 869.904 141.602 1016.235 816.65 534.515 612.64 1507.111 828.247 -5000 1.221 -2866.058 -31.891 -14.954 102.234 392.914 310.516 907.135 1280.975 144.348 -1500.702 725.25 238.342 36.621 21.21 168.304 2544.098 2500.305 2108.002 1728.058 1370.544 1004.028 649.109 -842.285 12.97 -23.499 74.158 7.629 -332.489 -678.711 -1022.186 -1365.967 -1707.764 -2048.035 -2387.848 -2710.571 570.984 716.248 434.723 75.531 4.73 -352.02 -709.381 516 140 409 29.08 21.08 108 50 2408 1 034
6033119 7497 2025/12/25 18:49:25 P15 73.85 25.29 0 6.9 21.32 960.15 982.6 343.628 603.79 4081.116 1292.114 855.255 1187.744 467.377 37.689 5.646 122.833 -16.479 558.014 870.972 141.144 1015.32 817.108 535.431 612.946 1508.179 830.994 -5000 -10.834 -2868.195 29.297 -16.632 81.787 392.609 310.669 907.135 1271.667 134.735 -1495.209 724.03 239.105 27.008 15.106 168.915 2546.844 2502.899 2112.122 1737.061 1380.005 1017.761 660.553 -841.98 10.986 -20.752 74.005 4.883 -332.947 -679.169 -1017.151 -1360.931 -1701.66 -2039.795 -2377.625 -2700.958 566.711 715.027 433.35 76.141 3.967 -348.511 -703.125 516 140 409 29.08 21.08 108 50 2408 1 034
6033120 7497 2025/12/25 18:49:26 P15 73.94 25.34 0 6.78 21.15 960.15 982.6 344.391 605.774 4090.881 1292.267 854.797 1190.796 467.529 88.959 5.493 120.392 -16.022 559.235 868.683 140.533 1015.167 816.803 536.804 606.689 1506.653 828.094 -5000 -3.204 -2871.399 18.616 -16.937 106.049 392.303 309.906 909.119 1279.755 138.702 -1495.209 724.945 243.225 23.193 24.719 168.915 2543.945 2502.136 2113.495 1738.129 1384.125 1022.491 666.656 -842.133 11.444 -22.125 73.7 3.967 -335.083 -679.321 -1016.693 -1359.863 -1700.592 -2037.964 -2374.573 -2698.975 566.864 717.01 431.824 78.735 5.493 -347.137 -702.057 512 140 409 29.12 21.08 108 50 2408 1 034
6033121 7497 2025/12/25 18:49:27 P15 73.79 25.27 0 6.71 21.31 960.17 982.61 343.323 604.401 4089.355 1297.302 854.645 1189.575 467.682 -128.784 24.719 133.362 -13.733 558.472 872.803 140.228 1016.235 817.108 536.804 600.128 1509.705 828.094 -5000 -0.153 -2875.061 22.278 -16.022 105.743 392.761 311.432 910.187 1281.586 161.133 -1494.141 724.03 244.751 22.888 20.447 168.915 2542.725 2500.305 2112.579 1735.687 1378.784 1011.353 654.449 -841.37 9.766 -9.766 75.531 3.204 -332.031 -676.117 -1016.998 -1360.474 -1701.202 -2041.016 -2379.303 -2704.01 567.932 718.231 433.35 77.667 7.019 -346.985 -702.972 512 140 409 29.12 21.08 108 50 2408 1 034
6033122 7497 2025/12/25 18:49:28 P15 73.91 25.26 0 6.86 21.28 960.17 982.58 341.492 604.858 4086.914 1298.523 855.103 1188.965 467.072 -23.041 -9.918 113.831 -16.479 558.624 872.04 139.618 1016.083 815.735 538.33 604.095 1507.111 829.62 -5000 1.221 -2877.35 45.471 -17.242 106.201 392.609 311.737 909.729 1277.466 138.855 -1491.089 725.861 244.904 22.125 20.905 168.457 2543.945 2501.373 2108.612 1728.973 1368.256 1002.808 647.583 -842.59 12.207 -29.144 72.021 5.951 -335.236 -680.237 -1020.966 -1365.662 -1706.238 -2045.593 -2385.101 -2709.351 568.39 717.316 433.655 75.073 6.256 -350.952 -708.771 524 140 409 29.15 21.02 108 50 2408 1 034
6033123 7497 2025/12/25 18:49:29 P15 73.82 25.26 0 6.74 21.28 960.14 982.59 342.56 604.858 4086.609 1301.422 856.018 1189.423 467.834 -131.378 -51.117 116.272 -15.106 558.319 872.803 140.533 1016.998 815.582 538.33 599.67 1509.247 830.688 -5000 -13.885 -2879.639 -11.597 -15.717 104.37 394.745 309.906 910.797 1282.501 149.384 -1494.293 726.166 245.514 32.501 19.989 167.847 2547.913 2500.916 2110.748 1736.145 1379.242 1016.388 660.553 -844.421 9.918 -22.736 75.226 4.12 -341.339 -684.052 -1021.423 -1363.678 -1703.339 -2041.321 -2377.625 -2702.637 568.542 719.147 433.197 76.294 4.578 -348.663 -703.125 512 140 409 29.08 21.05 108 50 2408 1 034
6033124 7497 2025/12/25 18:49:30 P15 73.84 25.3 0 6.79 21.25 960.15 982.59 343.781 603.485 4090.576 1300.049 854.95 1188.202 467.224 49.438 12.207 110.321 -16.327 558.777 870.361 142.059 1016.846 814.362 539.703 604.706 1508.789 830.536 -5000 -8.698 -2880.859 10.376 -14.801 106.049 393.372 310.974 911.255 1282.959 136.414 -1493.225 728.149 243.988 27.008 27.466 168.457 2546.234 2500.916 2117.767 1743.317 1387.177 1024.017 664.52 -845.795 8.087 -12.054 74.463 2.441 -331.268 -676.27 -1014.709 -1358.337 -1697.998 -2037.506 -2374.725 -2700.653 568.542 720.825 432.739 80.109 4.578 -346.68 -700.226 523 145 409 29.06 21.08 108 50 2408 1 034
6033125 7497 2025/12/25 18:49:31 P15 73.82 25.37 0 6.74 21.13 960.16 982.61 342.712 604.248 4089.813 1300.201 856.323 1191.101 467.834 102.234 -31.586 124.969 -13.885 559.235 872.498 141.907 1018.066 815.43 541.687 602.722 1505.737 830.841 -5000 -7.019 -2884.979 30.212 -16.479 107.422 394.287 311.584 912.476 1284.79 121.765 -1494.446 726.929 246.582 27.771 18.921 168.457 2542.725 2500.916 2109.222 1727.905 1372.375 1007.233 652.771 -848.999 8.392 -16.479 75.073 3.967 -331.879 -676.727 -1016.693 -1360.016 -1699.982 -2040.71 -2380.219 -2704.926 569.153 719.452 431.976 77.515 7.629 -349.579 -706.94 514 140 409 29.08 21.01 108 50 2408 1 034
6033126 7497 2025/12/25 18:49:32 P15 73.92 25.26 0 6.78 21.1 960.14 982.58 342.255 605.316 4085.236 1300.964 856.018 1188.965 467.834 -38.452 -26.703 117.493 -15.869 562.134 870.209 142.67 1018.066 815.43 540.466 602.112 1515.35 830.688 -5000 -23.804 -2886.963 -28.229 -15.106 108.185 393.219 310.974 912.781 1285.858 124.664 -1495.209 727.692 251.007 27.466 21.057 168.915 2544.25 2507.477 2108.307 1731.72 1373.444 1007.385 653.687 -848.083 15.259 -3.052 74.463 5.188 -333.71 -679.016 -1019.135 -1360.779 -1700.897 -2039.642 -2378.693 -2702.179 569.763 720.673 434.57 75.378 7.324 -352.631 -710.754 517 145 409 29.12 20.99 108 50 2408 1 034
6033127 7497 2025/12/25 18:49:33 P15 73.87 25.19 0 6.95 21.3 960.15 982.62 340.881 605.621 4087.372 1296.387 856.781 1193.085 467.987 -187.988 10.071 119.934 -15.259 560.303 871.582 141.449 1018.677 815.277 541.84 607.147 1513.062 829.62 -5000 -6.409 -2889.252 -25.177 -17.395 107.117 393.524 311.737 913.086 1276.245 139.465 -1496.735 729.218 247.498 27.008 27.161 168.61 2540.741 2501.831 2111.359 1736.45 1381.226 1018.219 662.231 -851.593 12.817 1.221 73.395 3.967 -331.421 -675.964 -1015.167 -1357.574 -1697.693 -2036.285 -2372.284 -2696.686 569 714.722 432.739 79.193 4.272 -349.121 -703.735 517 145 409 29.12 20.99 108 50 2408 1 034
6033128 7497 2025/12/25 18:49:34 P15 73.85 25.22 0 6.73 21.22 960.15 982.6 341.644 606.842 4082.336 1304.779 856.628 1192.627 467.529 -42.877 -20.294 119.629 -15.564 560.608 871.277 142.059 1019.287 814.972 542.755 599.365 1517.487 830.231 -5000 -8.392 -2890.015 47.455 -15.717 106.964 393.066 310.211 914.612 1286.621 148.315 -1495.361 727.844 249.634 27.618 18.005 169.067 2544.861 2500.305 2114.41 1738.281 1381.531 1015.93 657.196 -856.018 13.58 0.153 74.158 6.409 -332.489 -675.659 -1015.015 -1359.253 -1700.439 -2040.405 -2378.235 -2703.857 565.186 721.741 432.892 78.583 4.883 -347.595 -704.651 517 145 409 29.12 20.99 108 50 2408 1 034
6033129 7497 2025/12/25 18:49:35 P15 73.87 25.23 0 6.83 21.18 960.18 982.58 341.797 604.401 4082.184 1300.507 856.628 1185.608 467.682 -3.357 -32.043 122.223 -14.496 559.54 872.04 143.89 1018.982 813.599 543.518 602.417 1519.165 832.977 -5000 2.747 -2893.524 1.831 -16.327 109.558 392.914 309.906 914.459 1287.231 138.245 -1496.429 727.844 249.634 27.161 18.921 168.61 2545.776 2499.542 2109.528 1729.584 1372.223 1003.571 649.567 -858.154 8.698 -8.087 73.853 1.984 -336.456 -681 -1021.118 -1365.204 -1706.39 -2046.509 -2386.017 -2709.351 571.899 719.147 431.519 74.158 3.967 -352.02 -710.449 513 145 409 29.1 21.01 108 50 2408 1 034
6033130 7497 2025/12/25 18:49:36 P15 73.92 25.26 0 6.78 21.35 955.52 982.59 340.729 605.316 4090.576 1299.286 858.765 1192.169 467.682 -60.73 -22.43 131.836 -15.869 560.913 870.819 141.144 1018.677 813.141 544.586 610.962 1518.402 832.214 -5000 -3.967 -2894.897 -45.776 -16.479 107.422 394.135 311.584 915.68 1274.872 151.215 -1495.972 729.828 247.955 26.855 19.989 168.61 2545.776 2501.678 2111.053 1736.755 1379.7 1016.846 661.163 -861.359 9.766 -23.193 75.684 2.441 -333.099 -679.016 -1018.066 -1362 -1703.033 -2041.931 -2378.54 -2704.315 569.305 722.504 432.434 75.684 7.019 -349.884 -705.719 523 145 409 29.06 20.87 108 50 2408 1 034
6033131 7497 2025/12/25 18:49:37 P15 73.88 25.27 0 6.9 21.1 955.49 982.59 341.034 607.3 4093.323 1302.49 857.544 1194 467.682 -1.221 -39.673 129.395 -16.022 561.218 873.718 142.67 1018.982 812.073 544.586 602.264 1518.86 832.825 -5000 -1.221 -2896.118 12.665 -17.395 108.643 393.066 310.364 916.29 1289.368 131.378 -1494.141 731.201 247.803 27.771 31.433 169.373 2545.471 2500.763 2117.157 1742.706 1388.092 1028.29 666.504 -859.375 12.817 -10.529 75.226 4.73 -331.268 -674.438 -1012.573 -1356.964 -1696.625 -2035.675 -2375.031 -2699.585 570.831 722.504 432.129 79.956 6.714 -345.459 -698.395 523 145 409 29.12 20.91 108 50 2408 1 034
6033132 7497 2025/12/25 18:49:38 P15 73.95 25.33 0 6.79 21.2 955.51 982.6 340.881 606.537 4082.947 1300.354 858.917 1193.848 467.682 -21.057 -26.093 106.812 -14.648 562.134 872.65 142.822 1020.203 812.531 546.57 605.774 1520.081 832.977 -5000 -16.632 -2900.543 4.272 -16.174 110.016 392.914 310.059 916.595 1287.689 155.334 -1497.04 728.607 248.871 23.346 25.787 168.457 2546.539 2500.763 2112.122 1734.924 1377.106 1011.81 653.992 -861.969 14.038 -1.526 73.09 5.646 -332.184 -677.032 -1017.609 -1361.694 -1701.66 -2041.473 -2380.219 -2704.926 569.763 719.91 433.044 77.515 2.441 -350.494 -705.414 513 145 409 29.08 20.98 108 50 2408 1 034
6033133 7497 2025/12/25 18:49:39 P15 73.85 25.25 0 6.85 21.13 955.53 982.59 341.187 607.452 4085.083 1300.201 858.612 1195.984 468.292 68.665 -21.21 119.934 -14.191 562.286 873.108 142.212 1021.729 811.92 547.18 607.147 1519.928 832.977 -5000 -3.357 -2901.611 21.362 -16.632 109.253 393.219 309.906 916.138 1290.283 154.877 -1494.751 729.218 250.854 28.229 26.55 169.22 2548.828 2501.373 2108.307 1729.126 1368.713 1003.876 648.804 -861.969 10.529 -6.866 76.294 4.272 -333.405 -679.626 -1019.897 -1363.525 -1706.238 -2045.441 -2383.881 -2708.13 570.068 722.351 436.249 75.684 4.578 -350.8 -709.076 523 150 409 29.08 21.01 108 50 2408 1 034
6033134 7497 2025/12/25 18:49:40 P15 73.85 25.29 0 6.85 21.12 955.5 982.59 340.271 606.842 4092.102 1304.779 859.07 1189.117 467.682 -20.142 -24.567 120.087 -16.022 562.134 873.108 142.822 1020.508 811.92 547.333 598.45 1522.98 835.114 -5000 -11.597 -2904.205 15.411 -16.479 108.948 393.829 312.042 918.121 1287.842 121.765 -1493.683 731.354 250.854 21.82 20.905 169.678 2545.929 2502.441 2112.885 1737.213 1381.073 1018.219 660.858 -864.563 13.275 -3.357 74.158 6.714 -332.336 -677.032 -1014.862 -1359.558 -1699.219 -2037.811 -2375.488 -2699.585 570.221 720.673 435.333 76.752 4.12 -348.969 -704.956 522 150 409 29.08 20.99 108 50 2408 1 034
6033135 7497 2025/12/25 18:49:41 P15 73.91 25.27 0 6.71 21.27 955.52 982.58 338.745 606.689 4090.118 1302.948 859.07 1196.899 467.834 39.215 -1.526 125.732 -16.022 563.049 872.803 142.365 1020.203 811.462 549.469 599.976 1520.996 832.672 -5000 -4.883 -2907.867 5.188 -16.937 109.863 392.914 310.669 919.647 1292.877 132.141 -1490.784 731.354 250.549 27.008 21.21 168.304 2546.082 2500.153 2113.8 1738.892 1381.226 1018.829 660.858 -868.225 13.885 3.052 73.853 5.493 -332.031 -676.727 -1015.015 -1359.558 -1699.371 -2037.811 -2376.709 -2701.721 570.526 725.708 432.129 78.583 7.935 -349.274 -703.583 522 150 409 29.12 20.88 109 50 2408 1 034
6033136 7497 2025/12/25 18:49:42 P15 73.94 25.34 0 6.67 21.09 955.5 982.61 339.813 609.436 4082.794 1304.474 858.459 1184.235 467.072 -76.904 -42.572 106.659 -15.411 563.965 871.735 142.517 1022.644 812.073 550.232 603.027 1525.574 834.503 -5000 -7.324 -2911.53 8.087 -16.174 111.694 393.066 310.211 919.647 1292.267 133.972 -1492.615 730.438 251.007 27.618 19.684 169.067 2544.25 2501.831 2111.206 1733.093 1375.58 1008.759 651.245 -870.972 14.038 4.578 73.7 7.172 -332.642 -676.575 -1016.998 -1360.779 -1701.202 -2041.016 -2380.676 -2706.299 571.442 720.978 434.113 76.599 4.578 -349.884 -707.092 523 145 409 29.1 20.91 109 50 2408 1 034
6033137 7497 2025/12/25 18:49:43 P15 73.98 25.33 0 6.86 21.12 955.5 982.59 339.203 608.215 4083.71 1304.321 859.528 1192.474 467.377 -106.201 -17.09 120.087 -16.022 563.66 872.955 142.517 1019.745 810.852 550.842 602.264 1521.454 833.282 -5000 3.357 -2912.292 -4.883 -15.869 109.711 394.44 308.99 920.868 1291.809 128.632 -1492.615 732.422 244.904 28.229 26.093 169.22 2547.455 2505.341 2107.544 1730.804 1371.002 1006.165 653.229 -873.108 11.749 -2.441 74.768 3.967 -335.999 -681.458 -1022.034 -1364.288 -1706.543 -2045.288 -2384.644 -2708.588 564.88 721.893 431.519 72.784 4.272 -354.004 -709.991 511 145 409 29.13 20.88 109 50 2408 1 034
6033138 7497 2025/12/25 18:49:44 P15 73.97 25.2 0 6.85 21.12 955.5 982.59 339.661 609.283 4078.674 1304.932 860.901 1193.695 468.14 130.31 -28.229 128.479 -15.869 563.354 870.667 144.043 1022.491 810.394 551.453 603.943 1526.642 833.588 -5000 -6.104 -2914.429 -52.185 -14.954 110.474 393.524 308.533 920.868 1293.793 117.645 -1489.716 733.185 246.582 19.531 21.057 168.915 2547.15 2499.695 2115.479 1743.011 1388.855 1025.543 669.403 -872.192 11.139 9.918 74.463 3.052 -333.252 -676.575 -1015.32 -1357.574 -1697.083 -2036.438 -2372.894 -2698.212 568.695 723.114 431.976 78.888 3.357 -345.001 -699.005 511 145 409 29.13 20.88 109 50 2408 1 034
6033139 7497 2025/12/25 18:49:45 P18 73.91 25.26 0 6.69 21.16 955.95 982.6 338.745 608.673 4091.949 1307.068 860.291 1197.052 467.834 40.894 -0.61 107.727 -16.022 563.507 872.345 140.991 1021.423 809.631 552.826 602.722 1523.285 833.588 -5000 -13.275 -2918.091 -0.458 -16.937 112.457 394.135 310.822 921.783 1293.945 134.583 -1494.446 733.643 246.124 25.177 19.073 166.473 2545.166 2500.916 2111.816 1737.213 1379.852 1016.388 658.112 -877.228 11.749 -7.019 74.005 5.646 -332.184 -676.575 -1016.693 -1359.863 -1699.982 -2039.337 -2378.387 -2704.163 570.984 722.351 432.587 77.667 4.578 -347.748 -701.599 522 150 409 29.13 20.88 109 50 2408 1 034
6033140 7497 2025/12/25 18:49:46 P18 73.97 25.3 0 6.69 21.14 957.81 984.41 336.609 607.758 4095.306 1308.594 860.748 1195.679 468.445 -77.667 -20.752 97.961 -14.343 563.66 873.871 142.822 1023.865 809.937 553.436 598.45 1528.931 836.639 -5000 -11.444 -2919.769 -4.578 -15.411 110.168 394.135 310.364 921.936 1293.182 163.422 -1501.312 734.406 245.209 19.073 20.294 169.373 2547.302 2501.526 2108.307 1730.042 1370.85 1004.639 646.21 -874.634 7.477 -6.561 72.937 2.289 -332.947 -678.711 -1018.677 -1363.831 -1705.17 -2044.678 -2383.575 -2708.435 570.831 725.708 432.434 72.174 3.967 -350.037 -706.94 510 150 409 29.09 20.86 109 50 2408 1 034
6033141 7497 2025/12/25 18:49:47 P18 73.85 25.25 0 6.9 21.23 958.16 985.14 339.661 608.673 4086.304 1313.171 861.816 1194.153 467.224 71.259 2.747 103.912 -14.801 564.575 872.955 142.212 1023.56 806.427 554.352 590.363 1525.879 834.045 -5000 -19.073 -2924.194 6.714 -17.548 112.61 393.677 310.364 922.394 1295.013 193.024 -1502.686 735.168 244.293 19.684 31.281 169.525 2543.64 2502.899 2111.511 1735.382 1378.784 1015.472 659.79 -876.77 10.681 -0.458 74.615 4.578 -332.794 -678.406 -1018.677 -1362.762 -1703.644 -2042.847 -2380.676 -2704.315 570.984 723.114 432.892 75.073 2.441 -350.494 -706.635 523 145 409 29.12 20.93 109 49 2408 1 034
6033142 7497 2025/12/25 18:49:48 P18 73.94 25.27 0 6.69 21.1 958.23 985.3 339.05 606.689 4079.895 1314.087 860.291 1192.932 468.14 -28.381 -18.311 124.664 -15.869 564.728 871.582 143.433 1023.56 808.716 554.504 591.125 1530.762 834.503 -5000 -2.899 -2924.5 44.556 -16.022 111.694 393.829 310.211 923.309 1297.455 232.239 -1490.173 735.321 245.972 22.736 28.381 169.373 2543.182 2501.526 2115.936 1742.554 1387.634 1025.848 667.725 -876.16 9.46 11.597 73.09 2.289 -331.879 -676.88 -1015.015 -1359.406 -1698.608 -2038.269 -2375.336 -2701.721 570.221 723.724 431.671 75.684 4.12 -344.238 -700.073 509 145 409 29.09 20.94 109 49 2408 1 034
6033143 7497 2025/12/25 18:49:49 P18 73.97 25.38 0 6.74 21.02 958.2 985.3 338.287 608.978 4092.102 1314.24 861.053 1196.442 467.834 -83.618 21.057 95.673 -14.954 564.27 873.566 142.059 1023.712 808.868 556.488 594.94 1522.522 836.029 -5000 -8.85 -2925.11 81.329 -16.327 112 395.05 311.432 924.988 1297.455 212.86 -1478.729 735.321 244.598 25.177 26.398 162.048 2546.539 2501.831 2113.953 1737.976 1380.463 1014.252 656.281 -882.874 10.834 10.529 72.632 6.714 -333.557 -677.185 -1016.388 -1360.626 -1702.423 -2041.473 -2381.439 -2705.231 571.136 723.877 433.044 77.515 4.578 -349.579 -704.803 521 145 409 29.12 20.84 109 49 2408 1 034
6033144 7497 2025/12/25 18:49:50 P18 73.87 25.29 0 6.83 20.94 958.19 985.31 336.304 608.978 4087.982 1313.324 861.053 1197.968 467.682 -31.586 37.384 104.218 -13.58 565.796 872.498 142.365 1023.712 808.563 555.878 597.534 1529.236 834.503 -5000 -12.36 -2919.769 113.068 -17.09 112.762 393.829 311.127 925.446 1297.15 221.558 -1468.964 734.1 243.988 25.787 15.717 151.062 2541.809 2502.441 2107.544 1729.889 1370.392 1004.333 650.177 -883.789 12.512 7.782 74.158 6.104 -332.336 -679.474 -1020.66 -1364.746 -1706.39 -2045.746 -2385.864 -2709.656 571.442 725.555 432.281 74.615 7.324 -351.715 -708.923 513 150 409 29.1 20.86 109 49 2408 1 034
6033145 7497 2025/12/25 18:49:51 P18 73.94 25.26 0 6.71 21.01 958.22 985.31 335.388 606.995 4091.492 1308.594 862.885 1197.052 468.14 -9.155 46.082 135.651 -15.717 565.186 873.413 143.433 1024.78 807.8 556.641 601.959 1533.813 836.639 -5000 -4.272 -2913.513 94.147 -16.174 113.678 394.287 311.584 924.988 1292.419 206.299 -1461.792 736.847 243.53 28.381 24.872 139.313 2545.166 2501.831 2118.225 1745.605 1391.602 1028.748 671.234 -885.01 12.817 2.594 73.395 7.477 -332.184 -675.659 -1013.489 -1356.201 -1696.167 -2033.691 -2368.469 -2695.007 572.662 724.487 432.129 77.209 3.204 -346.222 -699.463 526 145 409 29.12 20.86 109 49 2408 1 034
6033146 7497 2025/12/25 18:49:52 P18 73.95 25.22 0 6.96 21.17 958.2 985.29 337.219 609.131 4092.407 1316.223 863.037 1192.78 467.682 101.166 67.444 124.969 -15.564 565.491 871.429 143.433 1024.17 807.343 558.777 587.769 1531.219 835.419 -5000 -9.46 -2904.51 145.111 -14.801 113.831 394.745 308.075 925.751 1298.676 229.95 -1456.146 737 244.904 25.482 34.79 129.395 2546.844 2500 2116.699 1740.57 1386.566 1023.865 664.062 -885.773 9.46 -0.763 75.378 3.815 -331.421 -674.286 -1010.437 -1356.506 -1695.862 -2035.217 -2373.047 -2699.127 573.578 723.572 432.892 78.43 3.052 -345.459 -699.31 510 145 409 29.1 20.88 109 49 2408 1 034
6033147 7497 2025/12/25 18:49:53 P18 74.02 25.32 0 6.74 21.26 958.2 985.3 336.456 610.809 4089.355 1315.308 862.274 1192.627 467.987 75.531 34.18 127.716 -14.801 565.491 873.871 143.89 1024.323 806.274 558.319 591.431 1532.745 836.487 -5000 -14.191 -2893.982 58.136 -14.954 114.136 394.897 310.516 927.582 1298.981 219.727 -1450.958 737.61 243.988 22.278 36.469 123.138 2546.692 2500.916 2111.359 1734.467 1377.869 1009.827 652.161 -886.23 9.613 -4.12 73.395 2.899 -334.015 -678.711 -1018.066 -1362.915 -1703.491 -2042.999 -2382.812 -2707.062 571.289 725.25 432.739 75.226 3.967 -348.206 -705.414 514 145 409 29.06 20.84 109 49 2408 1 034
6033148 7497 2025/12/25 18:49:54 P18 74 25.32 0 6.91 21.26 958.22 984.34 336.304 609.131 4087.982 1316.528 863.19 1195.526 467.987 49.286 18.921 130.768 -15.259 565.796 872.65 140.686 1024.78 806.427 559.387 591.125 1531.677 836.792 -5000 -5.493 -2881.775 123.138 -14.801 113.373 393.829 310.669 927.124 1296.234 200.5 -1446.228 737 245.056 23.041 35.858 114.746 2545.624 2501.678 2109.375 1729.431 1371.307 1006.47 649.872 -890.656 12.054 -9.003 74.158 6.561 -333.71 -682.22 -1022.339 -1366.119 -1708.069 -2047.729 -2387.085 -2711.182 572.662 722.961 433.35 73.395 4.425 -349.884 -708.313 514 145 409 29.06 20.84 109 49 2408 1 034
6033149 7497 2025/12/25 18:49:55 P18 74.04 25.29 0 6.85 21.35 969.35 965.72 336.609 611.42 4088.745 1313.782 862.579 1195.984 467.682 30.365 42.114 115.967 -15.259 565.338 870.819 143.28 1024.475 806.274 560.608 596.924 1534.424 834.961 -5000 -5.646 -2867.889 81.024 -17.09 114.746 393.372 311.737 929.108 1295.776 188.751 -1430.969 736.542 245.819 31.281 32.043 109.863 2543.182 2500.61 2117.004 1745.3 1393.738 1029.358 672.913 -889.587 8.24 -3.204 75.226 3.51 -328.979 -672.455 -1010.132 -1353.607 -1692.963 -2031.097 -2367.096 -2692.566 572.357 727.234 431.366 82.092 6.104 -344.391 -697.632 514 150 409 29.06 20.84 109 49 2408 1 034
6033150 7497 2025/12/25 18:49:56 P18 74.08 25.3 0 6.76 21.76 966.63 964.48 336.761 607.3 4093.018 1314.697 862.427 1196.747 468.14 14.648 -3.357 126.953 -12.817 566.711 877.533 143.585 1025.543 806.122 560.76 597.992 1539.001 835.571 -5000 -0.305 -2855.835 61.188 -15.411 113.678 393.829 314.026 932.617 1287.842 204.163 -1414.032 738.983 245.667 34.027 32.349 103.455 2546.234 2501.221 2115.784 1739.502 1384.277 1022.034 662.842 -892.181 12.817 -27.313 72.937 5.798 -330.353 -673.523 -1013.031 -1357.422 -1697.235 -2037.354 -2375.641 -2700.653 572.51 726.318 429.688 78.43 4.578 -347.137 -701.752 508 145 409 29.1 20.86 109 49 2408 1 034
6033151 7497 2025/12/25 18:49:57 P18 73.98 25.17 0 6.83 22.25 965.91 964.11 335.846 610.962 4084.167 1318.665 862.122 1193.695 467.224 131.531 40.436 146.79 -14.496 567.932 877.075 144.501 1026.459 804.901 560.455 591.431 1537.933 834.808 -5000 -5.493 -2840.271 68.665 -14.648 116.882 392.761 313.416 938.568 1300.354 185.089 -1401.672 738.831 246.735 29.449 25.94 97.961 2546.082 2500.763 2112.122 1734.161 1375.885 1009.674 651.398 -891.113 9.918 -3.815 72.937 5.493 -333.862 -678.406 -1018.372 -1362.457 -1703.491 -2043.304 -2382.965 -2706.451 573.273 726.318 433.502 75.684 3.967 -350.494 -707.092 518 145 409 29.15 20.77 109 49 2408 1 034
6033152 7497 2025/12/25 18:49:58 P18 74.04 25.26 0 6.76 23.06 965.69 964.04 335.388 612.335 4084.473 1316.986 860.748 1196.136 467.529 44.861 3.357 109.406 -13.123 569.763 878.448 145.569 1028.9 804.901 560.913 590.057 1544.342 835.419 -5000 -4.272 -2821.808 73.547 -15.717 118.103 393.829 312.195 943.909 1303.253 173.187 -1398.01 741.73 246.277 30.518 33.112 94.757 2545.624 2501.526 2108.459 1730.194 1371.765 1007.538 652.008 -893.86 8.698 -4.272 74.31 3.51 -332.336 -680.389 -1021.118 -1365.814 -1707.001 -2045.441 -2384.033 -2707.52 575.104 730.591 431.671 73.395 5.798 -352.783 -708.771 504 145 409 29.13 20.86 109 49 2408 1 034
6033153 7497 2025/12/25 18:49:59 P18 73.92 25.23 0 6.83 23.95 965.61 963.96 334.015 616.455 4085.388 1320.19 860.901 1201.782 465.851 95.52 12.512 120.239 -14.801 571.136 882.111 146.332 1031.342 802.612 561.066 592.499 1545.868 834.961 -5000 -3.204 -2805.328 74.463 -17.09 120.087 393.372 314.178 949.097 1307.526 190.887 -1395.111 743.866 250.092 26.245 26.093 91.705 2541.046 2500.61 2115.021 1741.486 1387.634 1026.459 668.335 -898.285 8.24 -22.125 74.463 5.035 -330.353 -673.218 -1012.268 -1355.438 -1694.183 -2033.844 -2370.3 -2695.618 576.782 727.692 432.434 78.43 6.714 -345.612 -698.547 508 140 409 29.12 20.77 109 49 2408 1 034
6033154 7497 2025/12/25 18:50:00 P18 74.02 25.25 0 6.64 24.67 965.6 963.99 334.473 617.676 4089.355 1322.174 863.495 1203.766 465.088 -35.706 8.087 135.345 -14.954 573.73 883.636 147.705 1034.698 802.917 561.066 592.346 1546.326 836.945 -5000 -9.766 -2788.239 166.321 -15.717 123.749 394.592 315.094 953.064 1311.34 168.152 -1386.719 745.239 251.923 24.719 29.907 88.654 2544.861 2501.831 2113.953 1739.044 1381.378 1017.914 659.332 -901.794 9.918 -11.597 72.937 5.188 -332.184 -676.575 -1015.32 -1359.406 -1699.524 -2038.116 -2377.167 -2702.637 579.224 728.912 432.129 78.278 2.747 -346.527 -701.141 503 145 409 29.09 20.73 109 49 2408 1 034
6033155 7497 2025/12/25 18:50:01 P18 74.08 25.36 0 6.69 25.83 965.57 963.98 333.71 621.338 4089.661 1323.853 863.19 1210.022 463.257 -14.038 -10.223 112.915 -13.885 578.156 885.773 149.231 1037.903 802.155 563.049 592.804 1548.309 836.945 -5000 -5.493 -2770.233 33.722 -17.242 127.106 395.05 317.078 960.541 1319.427 166.626 -1386.108 746.613 251.312 29.602 26.093 85.449 2543.488 2502.594 2108.459 1729.584 1370.85 1004.639 648.499 -901.184 11.749 -3.51 74.005 4.883 -334.625 -680.542 -1021.271 -1364.288 -1705.475 -2044.83 -2383.423 -2708.13 580.444 730.743 432.281 74.615 5.798 -352.02 -708.923 516 145 409 29.12 20.79 109 49 2408 1 034
6033156 7497 2025/12/25 18:50:02 P18 74.09 25.2 0 6.78 26.81 965.57 963.95 333.557 622.253 4088.745 1323.242 865.326 1210.632 462.036 23.193 -40.131 108.337 -13.885 581.207 886.536 150.909 1039.581 802.46 562.592 590.668 1552.429 840.454 -5000 -2.747 -2753.143 28.534 -15.106 128.937 401.001 317.23 966.339 1322.937 149.689 -1383.057 746.918 250.397 25.94 22.583 83.008 2544.708 2501.068 2116.699 1745.605 1391.602 1031.342 674.591 -901.031 9.155 -8.545 73.395 2.899 -331.879 -675.049 -1013.336 -1354.98 -1694.031 -2035.065 -2368.469 -2693.939 583.191 729.675 431.671 78.583 3.815 -345.001 -698.395 503 145 409 29.12 20.64 109 49 2408 1 034
6033157 7497 2025/12/25 18:50:03 P18 74.15 25.22 0 6.66 27.91 965.59 963.96 332.336 625.305 4088.287 1319.885 865.479 1214.294 460.205 77.209 -55.084 107.117 -11.292 585.175 890.808 151.52 1044.922 802.155 562.592 599.365 1554.718 842.285 -5000 -6.561 -2736.053 55.237 -16.174 129.852 398.865 314.789 971.832 1331.329 157.318 -1386.108 748.901 251.16 26.093 23.804 81.787 2547.76 2499.39 2114.563 1741.333 1384.888 1022.186 664.52 -908.966 10.071 0.153 73.09 5.951 -331.726 -675.659 -1015.167 -1358.185 -1698.456 -2037.811 -2375.946 -2701.569 582.581 730.133 435.028 78.735 4.425 -346.069 -701.599 506 145 409 29.15 20.74 109 48 2408 1 034
6033158 7497 2025/12/25 18:50:04 P18 74.14 25.25 0 6.59 28.77 965.6 963.99 332.642 628.51 4085.693 1318.207 868.225 1216.125 458.527 69.275 -33.722 113.983 -10.986 589.6 889.435 150.909 1047.058 802.612 562.897 600.281 1556.549 844.421 -5000 10.376 -2720.49 53.558 -14.648 131.989 400.543 316.162 976.562 1334.686 149.536 -1385.803 750.58 251.77 29.907 22.125 80.109 2545.319 2500.61 2111.664 1734.924 1376.953 1010.59 653.992 -911.102 10.529 17.395 73.547 5.341 -333.252 -678.406 -1017.151 -1360.931 -1702.271 -2042.847 -2381.439 -2707.062 584.717 729.675 433.655 80.414 3.967 -348.358 -706.024 506 145 409 29.12 20.72 109 48 2408 1 034
6033159 7497 2025/12/25 18:50:05 P18 74.14 25.37 0 6.59 29.54 965.59 963.99 328.217 632.172 4083.405 1311.035 869.141 1215.515 457.764 37.842 -11.902 101.929 -11.597 593.719 893.25 151.52 1050.415 802.46 563.965 614.166 1561.432 845.49 -5000 -5.646 -2707.52 134.735 -16.174 132.599 401.611 316.01 980.225 1339.417 153.656 -1386.871 749.817 252.991 27.313 23.956 79.346 2542.267 2501.526 2116.699 1744.995 1389.771 1027.832 672.76 -909.119 8.087 5.341 74.158 5.798 -331.726 -675.049 -1015.015 -1356.964 -1697.998 -2034.607 -2367.706 -2693.024 587.158 733.032 432.587 77.667 5.646 -345.459 -700.073 506 145 409 29.12 20.72 109 48 2408 1 034
6033160 7497 2025/12/25 18:50:06 P18 74.11 25.29 0 6.73 30.47 965.62 963.98 334.473 634.155 4082.794 1303.253 871.124 1221.924 455.322 75.226 6.104 132.294 -11.444 595.856 893.097 152.13 1050.568 802.002 565.338 625.305 1561.584 846.558 -5000 -4.12 -2693.024 124.512 -16.022 134.888 403.137 314.484 983.887 1346.436 158.691 -1386.719 751.343 254.974 24.261 18.005 76.904 2544.25 2500.305 2116.852 1743.927 1390.381 1028.748 669.556 -910.492 9.766 5.798 73.242 1.373 -329.895 -673.828 -1013.336 -1356.812 -1696.777 -2035.37 -2371.674 -2696.686 588.226 735.168 430.908 82.55 5.035 -344.543 -697.784 510 145 409 29.12 20.72 109 48 2408 1 034
6033161 7497 2025/12/25 18:50:07 P18 74.05 25.3 0 6.81 31.02 965.6 963.98 332.794 636.444 4090.881 1300.354 872.803 1225.281 454.559 -22.125 7.324 141.907 -12.512 599.365 893.86 152.74 1052.856 801.849 566.559 633.85 1560.059 847.626 -5000 5.035 -2682.343 -11.597 -16.632 131.836 406.036 313.721 987.549 1346.893 147.4 -1388.855 752.411 261.536 25.177 20.905 76.599 2544.25 2501.068 2112.732 1737.518 1381.531 1017.303 658.569 -914.154 15.411 29.755 72.327 5.646 -332.336 -676.88 -1016.541 -1360.016 -1700.287 -2040.863 -2378.387 -2704.315 587.311 732.574 434.57 77.362 4.272 -346.832 -702.057 515 145 409 29.15 20.81 109 48 2408 1 034
6033162 7497 2025/12/25 18:50:08 P18 74.15 25.29 0 6.87 31.72 965.6 963.99 334.32 637.817 4089.661 1292.419 875.244 1223.45 452.271 21.057 15.106 97.504 -12.207 599.67 894.165 151.062 1053.619 801.392 567.932 644.684 1557.922 850.067 -5000 4.73 -2668.762 39.215 -15.564 131.989 408.63 312.653 990.601 1344.147 146.637 -1388.55 752.869 258.179 26.398 16.022 74.768 2546.234 2500.153 2109.07 1731.72 1371.765 1005.707 650.787 -913.696 12.207 16.937 74.615 6.409 -330.811 -676.575 -1018.219 -1362.152 -1703.491 -2042.542 -2383.728 -2708.282 589.142 735.016 433.35 74.615 5.798 -352.173 -709.686 508 145 409 29.1 20.88 109 47 2408 1 034
6033163 7497 2025/12/25 18:50:09 P18 74.11 25.32 0 6.75 32.32 965.6 963.98 336.609 636.597 4089.203 1285.706 877.228 1222.076 450.745 49.133 -3.815 102.539 -12.36 600.739 894.012 152.283 1054.993 800.171 570.221 661.011 1559.296 852.051 -5000 10.376 -2656.555 73.242 -14.648 132.141 409.241 309.601 991.516 1355.438 150.604 -1385.956 753.021 256.5 22.43 23.499 74.463 2546.082 2501.984 2121.887 1745.911 1389.618 1028.442 670.013 -912.018 10.071 26.245 72.021 1.831 -330.505 -673.981 -1010.59 -1354.065 -1693.573 -2031.708 -2368.164 -2692.871 587.921 736.542 432.281 75.684 3.815 -347.29 -699.005 486 150 409 29.12 21.14 109 47 2408 1 034
6033164 7497 2025/12/25 18:50:10 P18 74.11 25.26 0 6.93 32.69 965.61 963.97 334.625 639.191 4083.71 1276.093 878.143 1226.044 449.524 51.727 14.343 100.098 -9.766 601.654 894.165 150.604 1055.298 802.307 572.815 673.676 1560.364 852.203 -5000 1.068 -2642.059 38.605 -16.785 132.294 410.156 308.99 992.584 1359.1 145.111 -1388.702 750.427 255.737 25.787 22.278 73.09 2542.419 2499.847 2115.479 1740.112 1384.277 1021.423 662.689 -911.102 10.071 37.079 72.021 1.373 -333.099 -676.88 -1016.235 -1361.237 -1700.134 -2040.1 -2377.472 -2703.552 586.548 736.084 427.704 78.43 5.646 -346.68 -700.378 506 155 409 29.09 21.2 109 46 2408 1 034
6033165 7497 2025/12/25 18:50:11 P18 74.14 25.3 0 6.83 33.23 965.61 963.97 333.099 637.054 4086.456 1272.278 880.585 1229.858 447.998 17.395 12.97 121.613 -12.512 602.264 893.402 150.757 1054.688 802.46 572.968 680.695 1558.228 853.119 -5000 5.798 -2630.005 73.242 -17.09 131.836 412.445 307.312 993.958 1354.98 140.381 -1390.381 751.19 254.517 26.245 22.125 72.784 2543.793 2500.763 2111.359 1735.382 1375.885 1011.963 652.313 -908.051 12.97 43.03 72.327 6.561 -331.421 -676.117 -1017.303 -1360.626 -1702.423 -2042.694 -2382.202 -2707.672 586.395 736.389 433.35 75.989 4.578 -350.494 -708.466 495 155 409 29.1 21.41 109 45 2408 1 034
6033166 7497 2025/12/25 18:50:12 P18 74.15 25.29 0 6.83 33.64 965.58 963.96 332.794 635.529 4079.895 1261.597 880.737 1224.67 447.083 28.076 -21.057 121.613 -10.223 601.807 895.844 147.552 1055.145 803.223 577.545 693.359 1553.497 855.56 -5000 1.678 -2619.476 48.065 -16.327 131.989 412.75 303.955 993.347 1362.305 138.397 -1388.092 748.596 255.585 27.771 22.888 71.564 2546.082 2500 2117.31 1744.537 1388.55 1028.137 672.607 -898.59 9.918 33.264 72.021 2.441 -331.573 -676.727 -1014.557 -1356.049 -1696.167 -2033.997 -2368.164 -2694.702 587.158 738.983 431.976 79.651 4.578 -344.849 -698.7 505 155 409 29.1 21.5 110 44 2408 1 034
6033167 7497 2025/12/25 18:50:13 P18 74.08 25.33 0 7.14 33.92 965.59 963.95 329.895 635.681 4089.355 1251.221 881.958 1225.891 445.557 -14.801 12.97 136.871 -12.054 601.349 894.318 147.858 1054.382 803.528 580.139 707.703 1552.582 852.966 -5000 0.305 -2608.948 4.73 -16.937 133.057 413.361 301.514 991.364 1363.831 135.651 -1391.907 747.986 253.601 31.891 29.144 71.564 2543.488 2500.61 2115.173 1740.723 1386.566 1035.919 669.861 -905.762 13.123 41.046 68.97 7.172 -331.573 -675.201 -1015.015 -1358.49 -1697.388 -2037.201 -2374.573 -2700.195 585.632 736.694 433.807 79.651 5.646 -347.9 -702.209 506 160 409 29.15 21.77 111 44 2408 1 034
6033168 7497 2025/12/25 18:50:14 P18 74.18 25.26 0 7 34.32 965.58 963.98 334.015 636.292 4083.862 1249.847 883.484 1215.21 444.489 33.417 8.392 112.915 -11.444 599.518 895.386 148.621 1053.162 802.46 583.344 706.177 1549.377 858.154 -5000 0.305 -2596.13 -37.384 -15.259 133.667 414.886 300.598 990.143 1360.016 161.896 -1388.702 747.833 251.16 29.297 23.346 70.801 2547.302 2501.526 2111.664 1734.924 1375.122 1009.064 652.008 -901.184 12.97 35.553 71.411 6.104 -331.726 -676.88 -1017.609 -1363.068 -1703.796 -2042.084 -2382.202 -2706.604 584.412 741.425 432.739 77.209 5.493 -351.562 -707.397 508 155 409 29.16 22.27 115 42 2408 1 034
6033169 7497 2025/12/25 18:50:15 P18 74.08 25.22 0 7.08 34.52 965.6 963.98 333.557 634.46 4088.898 1233.826 883.942 1218.719 443.42 -50.659 -15.259 116.882 -11.292 596.619 895.386 146.027 1052.856 802.612 586.548 719.147 1546.631 857.239 -5000 -1.221 -2585.602 32.349 -15.259 135.193 415.192 297.089 987.396 1363.831 137.024 -1391.907 746.765 251.77 27.771 25.024 70.19 2547.76 2500.61 2112.274 1734.467 1375.427 1008.911 653.229 -894.775 12.36 40.894 73.7 3.815 -332.794 -678.558 -1018.829 -1361.694 -1703.491 -2044.22 -2382.66 -2707.367 582.123 744.781 430.756 76.904 7.782 -354.309 -710.449 508 155 409 29.16 22.27 115 42 2408 1 034
6033170 7497 2025/12/25 18:50:16 P18 74.28 25.2 0 7.07 34.73 965.6 963.98 332.794 631.409 4091.492 1224.06 884.857 1217.346 442.505 70.038 -15.717 90.485 -10.834 594.482 895.386 144.806 1050.415 803.375 588.989 719.757 1543.732 856.628 -5000 12.054 -2574.768 68.054 -14.648 133.514 415.497 296.173 983.887 1358.795 126.343 -1392.822 746.002 247.803 22.583 29.602 69.733 2546.082 2501.678 2115.479 1742.859 1387.634 1025.848 666.962 -889.587 9.308 31.281 74.921 3.967 -328.064 -671.387 -1009.216 -1355.133 -1692.657 -2031.708 -2369.08 -2695.007 580.75 744.629 437.775 78.735 4.578 -347.137 -699.615 508 160 409 29.16 22.27 115 42 2408 1 034
6033171 7497 2025/12/25 18:50:17 P18 74.12 25.33 0 7.1 34.88 965.6 963.96 333.405 632.477 4080.2 1210.175 885.01 1210.785 441.437 42.572 -15.259 103.149 -11.597 592.194 893.707 141.144 1048.737 803.223 593.414 712.128 1538.239 856.628 -5000 -2.747 -2563.019 107.269 -15.564 134.735 415.649 290.07 980.53 1362.305 132.751 -1391.144 742.798 247.65 24.567 25.94 68.817 2548.37 2501.678 2113.8 1735.229 1376.343 1010.132 652.008 -883.942 14.801 29.449 72.937 6.409 -331.268 -675.964 -1017.303 -1362.457 -1702.881 -2042.542 -2381.744 -2705.231 578.613 742.798 432.892 75.836 6.104 -348.511 -705.414 504 165 409 29.12 22.82 117 41 2408 1 034
6033172 7497 2025/12/25 18:50:18 P18 74.09 25.33 0 7.17 34.88 965.57 963.96 334.778 627.747 4082.031 1201.63 883.942 1216.125 440.826 13.275 -23.499 102.234 -13.123 589.905 890.503 141.602 1045.532 804.291 596.466 700.684 1535.797 853.577 -5000 2.441 -2553.101 9.46 -15.717 134.277 415.649 291.595 976.715 1356.354 108.795 -1395.569 738.678 243.53 22.736 17.7 69.58 2542.114 2500.458 2109.68 1731.873 1375.885 1010.132 655.67 -880.585 10.223 32.501 72.479 1.984 -334.015 -682.22 -1022.186 -1364.441 -1704.254 -2044.067 -2380.676 -2704.926 577.24 744.476 432.434 73.395 7.935 -351.105 -709.076 506 165 409 29.15 23.11 121 40 2408 1 034
6033173 7497 2025/12/25 18:50:19 P18 74.12 25.29 0 6.93 35.21 965.57 963.94 333.405 624.847 4091.339 1188.202 886.23 1203.766 440.216 102.234 -1.678 101.624 -10.223 585.938 891.724 138.702 1043.091 804.596 599.518 686.493 1530.304 855.408 -5000 -2.289 -2544.403 12.207 -16.479 130.768 414.581 288.849 972.29 1355.286 119.629 -1391.602 738.831 242.157 18.616 22.278 67.291 2546.387 2501.831 2115.173 1742.249 1387.177 1024.323 666.046 -875.549 9.155 33.417 71.106 5.035 -333.405 -676.117 -1015.015 -1356.506 -1696.625 -2035.522 -2372.589 -2699.432 575.104 745.544 430.145 74.615 4.272 -344.849 -698.853 484 165 409 29.1 23.35 124 39 2408 1 034
6033174 7497 2025/12/25 18:50:20 P18 74.22 25.47 0 7.14 35.26 965.59 963.96 333.252 622.101 4087.524 1176.147 883.636 1211.853 439.606 9.308 -23.041 129.7 -13.123 582.275 890.045 136.566 1040.649 804.443 602.57 671.234 1522.98 851.135 -5000 -8.087 -2535.553 47.302 -16.632 131.226 414.124 286.865 967.102 1355.743 124.207 -1389.618 735.168 241.394 22.888 28.534 67.139 2542.877 2500.305 2111.359 1731.567 1374.054 1007.385 650.787 -867.92 14.038 39.825 70.953 5.035 -332.184 -678.101 -1018.524 -1362.152 -1704.254 -2043.457 -2382.355 -2707.52 575.256 745.697 428.925 76.447 7.172 -348.969 -706.482 505 170 409 29.18 23.48 128 38 2408 1 034
6033175 7497 2025/12/25 18:50:21 P18 74.19 25.27 0 7.24 35.52 965.6 963.94 333.099 618.744 4092.407 1167.297 882.263 1205.902 439.301 17.853 16.479 128.326 -12.207 578.308 887.604 135.803 1037.292 805.206 606.079 659.637 1518.097 851.44 -5000 -2.747 -2526.245 40.283 -15.717 126.343 415.039 282.898 962.83 1356.201 119.171 -1392.822 734.711 239.105 27.161 33.112 66.223 2547.607 2499.237 2111.664 1735.535 1377.411 1013.184 659.79 -862.427 10.223 38.3 74.005 2.747 -331.879 -678.406 -1019.135 -1362.61 -1703.949 -2042.847 -2380.219 -2704.468 570.374 747.681 438.232 73.547 6.409 -351.257 -707.703 496 175 409 29.13 23.77 132 36 2408 1 034
6033176 7497 2025/12/25 18:50:22 P18 74.14 25.36 0 7.24 35.55 965.6 963.95 334.32 615.692 4082.642 1161.652 881.958 1197.968 438.08 32.654 4.272 132.294 -13.58 576.172 887.756 133.057 1033.783 803.833 608.826 655.518 1504.974 848.694 -5000 -0.305 -2517.395 11.597 -12.817 124.817 413.361 279.999 956.421 1350.403 127.258 -1394.043 731.201 236.511 21.82 25.024 66.071 2546.844 2500.305 2110.901 1736.755 1381.378 1018.982 663.147 -855.255 13.275 43.182 71.716 6.104 -330.963 -676.27 -1016.693 -1360.168 -1699.982 -2038.879 -2374.268 -2699.28 569 745.85 433.502 74.158 3.052 -350.952 -705.872 507 180 409 29.09 23.97 136 35 2408 1 034
6033177 7497 2025/12/25 18:50:23 P18 74.25 25.37 0 7.26 35.8 965.6 963.95 334.625 615.387 4089.05 1147.766 880.585 1197.815 437.775 -28.534 -19.379 109.1 -14.191 571.289 885.468 130.31 1030.121 804.291 612.793 637.512 1498.413 847.626 -5000 6.104 -2508.392 41.809 -15.717 118.256 412.598 278.778 950.317 1349.487 130.615 -1392.517 729.065 236.359 21.21 26.093 65.613 2547.76 2501.221 2111.664 1732.483 1374.969 1006.775 650.024 -847.931 15.106 43.945 70.038 5.951 -332.336 -678.864 -1019.592 -1363.831 -1704.559 -2044.983 -2383.423 -2708.435 567.78 747.681 429.84 74.615 9.766 -352.02 -708.466 497 180 409 29.15 24.22 140 34 2408 1 034
6033178 7497 2025/12/25 18:50:24 P18 74.15 25.25 0 7.24 35.89 965.59 963.97 332.336 612.64 4086.304 1141.357 878.448 1193.848 437.164 78.735 -21.057 95.062 -15.106 567.322 883.484 126.19 1027.527 805.054 614.624 632.172 1500.397 844.879 -5000 3.052 -2498.169 16.174 -15.106 113.831 411.987 272.064 944.366 1348.267 120.85 -1393.433 726.166 236.511 22.583 21.21 65.46 2548.981 2501.068 2113.495 1738.281 1380.615 1015.778 659.79 -842.285 11.292 45.166 71.106 3.357 -332.947 -678.253 -1018.219 -1361.694 -1702.271 -2041.626 -2378.693 -2703.094 564.88 748.596 429.382 74.158 2.136 -349.579 -707.397 513 180 409 29.13 24.54 143 33 2408 1 034
6033179 7497 2025/12/25 18:50:25 P18 74.14 25.2 0 7.34 36.1 965.61 963.97 332.642 608.215 4089.355 1129.913 876.77 1190.186 436.554 54.169 -30.365 120.087 -15.259 562.286 882.111 125.427 1022.339 805.817 617.676 619.812 1494.751 842.285 -5000 -2.441 -2489.777 35.248 -16.937 109.863 410.614 272.522 939.331 1341.553 136.261 -1393.738 721.436 233.459 22.125 21.362 65.002 2543.488 2502.747 2112.427 1740.57 1386.414 1023.712 669.556 -831.909 11.444 45.471 71.106 3.662 -332.336 -677.032 -1015.625 -1357.727 -1697.083 -2036.591 -2371.826 -2696.686 560.76 749.664 428.009 71.564 6.256 -347.595 -702.515 500 180 409 29.13 24.62 146 32 2408 1 034
6033180 7497 2025/12/25 18:50:26 P18 74.12 25.29 0 7.37 36.11 965.59 963.96 332.336 605.621 4089.661 1122.742 875.702 1185.455 436.554 21.973 -32.349 130.005 -16.785 558.624 880.737 122.833 1019.287 805.206 618.591 615.692 1490.631 839.844 -5000 4.73 -2480.011 31.891 -16.327 102.692 409.546 270.233 931.702 1339.417 119.934 -1394.348 721.741 230.408 26.245 21.057 64.24 2545.166 2501.221 2117.004 1744.537 1389.618 1027.374 671.082 -824.432 9.46 49.133 73.09 3.204 -331.573 -674.744 -1013.184 -1356.201 -1695.404 -2034.76 -2369.843 -2696.991 557.861 750.732 428.772 75.684 4.73 -344.849 -698.547 500 185 409 29.15 24.88 149 31 2408 1 034
6033181 7497 2025/12/25 18:50:27 P18 74.12 25.25 0 7.41 36.24 965.59 963.96 333.405 603.485 4082.336 1110.229 873.566 1182.098 435.638 -25.024 -13.58 99.487 -15.717 553.589 879.059 120.697 1015.472 804.901 620.88 609.131 1482.391 838.165 -5000 6.561 -2472.534 34.943 -14.801 98.267 408.173 264.13 925.751 1340.942 129.7 -1397.858 713.959 226.593 25.482 21.21 64.392 2550.354 2501.221 2111.816 1737.518 1380.31 1017.761 660.4 -820.312 14.496 46.692 69.885 6.561 -332.642 -678.406 -1017.609 -1361.542 -1702.118 -2040.1 -2376.556 -2701.721 556.793 750.275 428.772 72.937 3.662 -351.257 -705.109 510 195 409 29.15 24.88 149 31 2408 1 034
6033182 7497 2025/12/25 18:50:28 P18 74.16 25.37 0 7.36 36.26 965.58 963.95 334.93 602.417 4086.761 1099.243 869.293 1174.927 435.181 -14.954 -12.207 103.149 -15.717 549.011 875.854 119.324 1011.2 805.206 621.643 601.807 1479.187 833.588 -5000 9.918 -2463.989 -5.035 -16.479 91.553 407.104 265.198 919.342 1338.806 104.218 -1391.602 713.806 225.525 24.872 19.531 64.392 2542.877 2500.305 2114.105 1742.859 1388.702 1027.679 671.234 -812.378 11.902 44.556 71.564 3.204 -330.811 -675.964 -1014.252 -1357.422 -1696.625 -2034.607 -2370.911 -2694.855 554.657 751.038 428.162 74.768 7.629 -346.527 -700.378 512 195 409 29.19 25.17 151 30 2408 1 034
6033183 7497 2025/12/25 18:50:29 P18 74.16 25.38 0 7.36 36.42 965.6 963.97 332.947 597.992 4091.339 1088.257 867.462 1162.567 434.723 72.174 -31.586 101.776 -18.463 546.112 874.023 117.798 1007.08 804.901 624.542 597.534 1468.201 832.062 -5000 9.155 -2453.766 25.635 -17.09 84.229 405.884 261.841 912.628 1334.534 118.866 -1395.416 712.433 224.915 25.482 21.515 64.087 2544.708 2500.763 2115.021 1742.249 1388.092 1025.391 667.725 -802.917 10.986 39.062 72.174 4.425 -329.285 -673.218 -1013.031 -1356.506 -1696.625 -2036.133 -2371.979 -2699.89 553.436 751.343 426.941 74.158 5.798 -345.154 -698.547 493 195 409 29.2 25.38 153 29 2408 1 034
6033184 7497 2025/12/25 18:50:30 P18 74.24 25.26 0 7.46 36.52 965.58 963.97 329.437 593.872 4090.729 1071.777 865.326 1166.84 434.57 -61.493 -6.409 103.912 -19.226 540.314 866.852 116.119 1003.418 805.511 625.763 592.499 1465.149 828.705 -5000 12.665 -2443.848 44.403 -15.717 76.904 404.663 259.857 906.067 1328.735 108.337 -1394.501 710.602 221.252 25.177 27.008 62.714 2545.013 2500.458 2114.258 1737.213 1383.057 1020.203 663.147 -796.204 14.038 41.504 70.038 8.24 -331.879 -676.422 -1015.32 -1359.711 -1698.914 -2038.116 -2375.031 -2698.517 550.995 749.969 426.788 71.564 5.951 -349.274 -705.566 516 200 410 29.15 25.62 154 28 2408 1 034
6033185 7497 2025/12/25 18:50:31 P18 74.12 25.29 0 7.46 36.48 965.56 963.96 332.794 593.567 4086.456 1066.589 862.274 1156.921 433.807 -28.229 -13.275 63.934 -18.311 537.72 868.073 113.678 998.535 805.206 627.136 592.499 1457.52 825.958 -5000 12.36 -2435.455 50.812 -15.106 70.19 403.442 255.737 900.574 1327.972 103.912 -1395.416 706.635 218.811 26.245 25.33 63.171 2547.15 2503.204 2117.615 1745.758 1391.449 1029.816 672.607 -781.708 13.123 59.509 72.327 3.204 -327.606 -671.082 -1009.064 -1351.929 -1692.352 -2029.877 -2365.417 -2690.582 548.706 751.343 426.483 73.242 7.324 -350.494 -700.989 514 205 410 29.16 25.73 155 27 2408 1 034
6033186 7497 2025/12/25 18:50:32 P18 74.11 25.29 0 7.46 36.7 965.55 963.97 332.947 590.973 4091.492 1055.756 858.612 1153.107 437.622 -5.188 12.817 104.828 -19.531 532.227 867.004 110.931 993.652 803.833 628.052 588.684 1450.195 822.449 -5000 10.376 -2427.826 33.264 -14.801 63.629 401.306 254.822 894.318 1325.836 111.084 -1393.738 704.651 218.201 22.43 19.684 63.019 2544.556 2501.678 2114.868 1740.875 1384.43 1021.271 661.469 -772.4 11.902 50.049 69.58 4.578 -332.184 -676.27 -1015.472 -1360.016 -1700.592 -2039.49 -2377.777 -2703.247 546.265 751.19 425.873 72.632 1.678 -346.527 -700.378 516 210 411 29.15 25.94 156 26 2408 1 034
6033187 7497 2025/12/25 18:50:33 P18 74.19 25.29 0 7.49 36.71 965.58 963.97 332.336 590.363 4090.881 1042.938 856.018 1151.276 433.807 -44.098 7.629 98.572 -20.142 526.886 867.615 109.558 990.295 804.291 628.357 589.752 1443.939 819.702 -5000 4.12 -2419.128 43.182 -15.106 54.932 401.611 252.838 887.604 1321.716 121.918 -1397.858 702.515 212.25 25.787 19.836 61.646 2548.981 2502.289 2111.664 1730.957 1370.697 1006.165 646.973 -765.839 15.564 43.488 69.885 6.409 -334.625 -681.458 -1022.034 -1366.272 -1707.916 -2047.424 -2386.169 -2710.266 546.265 753.174 426.941 70.343 8.24 -354.919 -711.365 502 210 411 29.16 26.12 156 26 2408 1 034
6033188 7497 2025/12/25 18:50:34 P18 74.14 25.37 0 7.51 36.77 965.59 963.95 332.336 587.006 4082.489 1029.816 852.203 1148.224 432.739 -14.496 -30.975 84.229 -18.463 523.376 864.868 108.337 985.87 804.749 628.815 589.905 1439.819 817.261 -5000 5.493 -2411.499 33.722 -16.022 51.422 399.17 249.634 881.195 1320.648 124.054 -1397.247 697.327 212.402 23.041 28.229 62.408 2549.133 2500.305 2115.936 1743.927 1389.771 1027.222 670.319 -752.869 14.038 68.207 68.665 7.019 -332.489 -675.049 -1013.947 -1357.88 -1695.404 -2035.522 -2371.063 -2696.228 542.45 752.258 426.941 72.479 4.272 -345.459 -699.005 520 215 424 29.09 26.39 157 25 2408 1 034
6033189 7497 2025/12/25 18:50:35 P18 74.11 25.27 0 7.44 36.86 965.58 963.97 329.437 586.243 4089.966 1019.745 850.067 1142.273 432.434 56.305 -20.447 93.994 -19.531 518.341 859.833 104.98 981.293 804.138 628.662 588.531 1432.648 813.599 -5000 14.343 -2404.327 -25.787 -16.022 45.166 398.865 249.329 875.854 1314.85 127.411 -1397.858 696.106 209.503 29.907 21.362 61.951 2545.319 2501.526 2112.885 1737.976 1381.226 1017.151 658.112 -743.713 11.597 57.831 70.038 5.493 -332.794 -678.101 -1016.388 -1358.948 -1700.134 -2039.49 -2378.082 -2704.62 539.093 751.19 426.483 69.885 3.967 -348.816 -702.972 511 220 436 29.1 26.32 157 24 2408 1 034
6033190 7497 2025/12/25 18:50:36 P18 74.19 25.27 0 7.51 36.86 965.56 963.95 332.489 585.48 4084.167 1010.742 846.405 1140.747 432.739 64.087 -13.275 100.098 -19.226 514.221 861.053 103.455 978.394 804.596 629.12 588.226 1425.476 809.479 -5000 7.629 -2395.477 34.79 -15.259 40.894 397.949 244.446 869.598 1313.782 114.288 -1398.01 689.545 210.266 18.616 15.259 61.493 2549.286 2500 2109.528 1730.957 1371.155 1005.554 646.82 -728.607 8.85 52.185 70.953 2.899 -333.862 -679.474 -1020.05 -1363.678 -1705.475 -2045.135 -2384.796 -2708.435 538.94 754.395 425.262 66.071 5.951 -352.783 -709.839 511 220 436 29.12 26.45 156 24 2408 1 034
6033191 7497 2025/12/25 18:50:37 P18 74.15 25.3 0 7.46 36.9 965.6 963.95 333.405 583.954 4080.2 1003.113 843.811 1129.456 432.129 35.706 -32.043 94.147 -20.905 510.712 856.628 101.471 972.443 803.833 628.204 588.379 1420.441 805.054 -5000 1.221 -2386.932 -11.292 -15.259 36.469 396.729 242.462 864.41 1311.646 137.482 -1400.909 690.155 206.604 29.449 20.294 60.73 2548.218 2501.373 2115.784 1744.69 1388.702 1026.001 670.166 -722.656 11.597 44.25 72.174 3.51 -331.726 -675.049 -1012.573 -1356.201 -1695.862 -2033.539 -2369.69 -2695.77 536.041 753.174 423.889 69.733 5.493 -343.475 -696.869 522 230 470 29.12 26.45 156 24 2408 1 034
6033192 7497 2025/12/25 18:50:38 P18 74.14 25.2 0 7.54 36.97 965.59 963.95 330.963 583.038 4090.118 992.889 838.776 1129.913 431.976 -58.899 -4.272 94.91 -20.752 506.134 857.086 99.182 969.543 803.528 628.51 587.921 1412.506 802.155 -5000 13.428 -2378.998 3.662 -16.632 32.501 395.203 243.378 857.544 1308.594 124.817 -1396.637 685.73 207.672 25.024 15.717 62.103 2543.03 2501.678 2112.122 1737.518 1378.784 1015.167 657.806 -715.027 12.512 54.626 69.733 4.73 -333.557 -679.016 -1018.524 -1362.61 -1702.576 -2041.931 -2378.693 -2705.536 534.973 752.411 426.788 69.427 4.12 -345.459 -704.193 519 235 490 29.18 26.65 156 23 2408 1 034
6033193 7497 2025/12/25 18:50:39 P18 74.08 25.33 0 7.64 37.08 965.6 963.97 330.811 581.665 4080.048 982.208 836.182 1112.823 431.366 29.449 2.441 105.743 -20.905 502.93 852.356 96.588 965.729 803.986 628.204 588.531 1409.149 803.223 -5000 -0.61 -2371.216 -19.989 -15.259 25.482 393.677 239.258 852.814 1306.152 128.479 -1398.621 684.509 205.231 23.041 17.853 62.408 2547.455 2501.831 2107.544 1729.584 1369.934 1004.486 652.466 -705.261 12.97 62.561 69.733 7.629 -334.778 -681 -1021.271 -1365.509 -1706.39 -2046.814 -2384.491 -2709.808 532.532 752.716 424.652 64.392 3.052 -349.579 -709.229 513 235 490 29.15 26.85 156 23 2408 1 034
6033194 7497 2025/12/25 18:50:40 P18 74.18 25.34 0 7.54 37.16 965.59 963.97 328.674 579.376 4093.018 973.663 832.52 1120.911 431.366 16.632 -34.027 102.234 -21.667 498.047 853.424 92.621 961.914 804.749 627.136 587.769 1402.893 798.34 -5000 -7.935 -2363.739 54.016 -17.09 22.736 392.151 238.8 846.1 1291.962 97.656 -1397.858 682.373 203.247 26.093 18.921 59.357 2545.319 2501.221 2113.19 1736.755 1381.226 1019.44 662.842 -695.19 11.902 61.951 67.902 6.256 -332.947 -677.032 -1016.541 -1360.779 -1701.202 -2039.642 -2377.167 -2701.263 530.396 752.411 426.025 68.512 4.272 -350.8 -704.651 513 245 526 29.18 26.92 155 22 2408 1 034
6033195 7497 2025/12/25 18:50:41 P18 74.14 25.29 0 7.54 37.14 965.57 963.96 332.031 579.681 4094.086 964.05 829.773 1112.518 431.061 51.88 -14.038 108.643 -19.531 493.927 851.44 91.858 958.557 804.749 626.831 588.684 1394.043 791.626 -5000 -0.305 -2356.567 48.065 -13.885 19.226 391.235 236.359 840.302 1295.624 101.013 -1394.958 676.422 198.517 25.482 23.041 61.188 2546.387 2500.153 2115.936 1736.908 1380.92 1014.709 655.823 -685.12 14.038 64.697 68.97 3.967 -330.963 -675.507 -1015.167 -1359.558 -1700.287 -2040.71 -2378.998 -2704.926 528.87 753.632 425.11 69.885 15.717 -348.663 -705.109 523 250 540 29.13 27.08 155 22 2408 1 034
6033196 7497 2025/12/25 18:50:42 P18 74.12 25.29 0 7.68 37.24 965.57 963.97 330.505 578.156 4084.167 952.759 826.416 1112.823 431.519 78.125 3.51 97.351 -19.531 490.875 850.677 90.637 954.59 805.359 625.153 588.684 1388.397 790.405 -5000 4.272 -2348.328 -17.548 -16.327 15.564 389.862 232.391 834.656 1295.471 86.212 -1396.179 674.744 198.364 28.076 24.261 60.577 2548.981 2501.984 2106.476 1724.091 1367.493 1001.74 647.278 -676.27 14.343 65.765 69.275 5.341 -334.625 -680.237 -1021.729 -1364.746 -1707.458 -2047.577 -2385.559 -2710.114 529.175 757.599 424.347 67.291 5.798 -352.173 -710.754 515 255 551 29.2 27.18 154 21 2408 1 034
6033197 7497 2025/12/25 18:50:43 P18 74.15 25.29 0 7.64 37.24 965.59 963.95 332.794 578.613 4094.696 948.944 822.906 1103.516 431.061 -34.332 -11.902 80.414 -19.684 486.298 848.389 88.501 950.165 803.528 624.695 587.311 1384.583 786.591 -5000 -0.916 -2340.24 72.327 -14.648 14.038 388.641 234.07 829.62 1284.485 99.03 -1398.926 674.896 196.533 17.548 24.261 60.73 2545.776 2501.984 2114.105 1735.382 1381.531 1017.609 661.163 -668.03 14.648 61.951 69.885 6.561 -331.268 -676.422 -1016.235 -1360.931 -1700.439 -2039.49 -2378.082 -2700.653 527.191 753.937 420.074 67.444 5.646 -350.342 -706.177 525 260 551 29.13 27.26 154 21 2408 1 034
6033198 7497 2025/12/25 18:50:44 P18 74.14 25.29 0 7.51 37.19 965.57 963.98 331.726 578.156 4090.271 936.432 819.397 1103.821 430.45 129.089 11.749 96.13 -22.583 483.093 842.285 87.433 946.045 804.138 623.474 587.006 1377.258 781.708 -5000 -5.035 -2329.559 -69.122 -16.632 12.054 387.573 230.865 823.975 1286.469 116.272 -1398.01 671.692 193.024 21.82 26.398 60.577 2542.877 2498.932 2115.173 1739.197 1382.446 1019.287 661.163 -659.18 12.207 80.719 70.038 4.73 -330.658 -675.201 -1013.489 -1360.168 -1698.151 -2037.354 -2374.573 -2702.179 522.766 755.92 422.821 68.359 6.104 -347.748 -702.209 515 260 568 29.13 27.37 153 21 2408 1 034
6033199 7497 2025/12/25 18:50:45 P18 74.11 25.32 0 7.66 37.26 965.57 963.95 331.116 576.935 4084.473 925.903 815.887 1100.464 430.45 -52.795 -9.766 79.803 -20.142 479.431 844.727 86.212 942.841 805.206 621.948 588.226 1372.833 779.114 -5000 7.477 -2322.235 28.076 -16.174 10.223 386.047 229.187 818.634 1287.384 114.136 -1399.536 668.182 193.787 22.278 16.174 60.272 2545.471 2500.61 2109.375 1730.804 1371.765 1005.096 650.33 -650.482 13.428 54.626 69.122 5.798 -332.336 -678.711 -1019.44 -1363.22 -1705.322 -2044.983 -2382.202 -2705.383 520.325 752.411 423.126 63.934 4.883 -352.173 -710.449 529 270 575 29.15 27.48 152 20 2408 1 034
6033200 7497 2025/12/25 18:50:46 P18 74.02 25.2 0 7.58 37.32 965.57 963.95 331.421 576.477 4087.219 920.715 813.599 1094.666 430.908 -53.253 7.172 80.109 -20.294 476.227 840.912 83.466 938.873 805.359 620.728 587.463 1365.509 774.994 -5000 5.035 -2314.148 47.15 -17.395 5.035 386.047 229.645 814.514 1278.839 100.403 -1399.689 666.199 190.43 24.414 20.142 60.425 2541.351 2501.373 2112.122 1744.385 1381.531 1014.404 657.196 -639.801 15.564 56.915 69.427 5.798 -332.947 -677.643 -1016.846 -1362.152 -1703.186 -2040.71 -2378.998 -2703.552 518.799 753.479 422.821 67.596 4.425 -350.647 -706.787 527 270 575 29.2 27.63 151 20 2408 1 034
6033201 7497 2025/12/25 18:50:47 P18 74.06 25.27 0 7.68 37.4 965.59 963.95 327.759 575.562 4084.015 913.086 809.021 1079.712 430.298 22.583 10.376 67.749 -19.531 471.649 841.675 83.313 935.516 805.664 619.507 586.7 1360.168 774.994 -5000 0.305 -2305.298 54.474 -16.785 4.578 384.216 223.694 809.631 1279.755 122.375 -1399.231 661.621 187.836 22.125 22.278 59.357 2549.591 2500 2113.953 1737.976 1382.904 1020.813 664.673 -627.594 16.022 62.866 69.58 8.392 -334.93 -679.169 -1017.609 -1361.389 -1701.813 -2039.642 -2376.251 -2699.127 520.477 754.852 423.126 67.749 4.73 -348.663 -703.888 527 270 575 29.16 27.63 150 20 2408 1 034
6033202 7497 2025/12/25 18:50:48 P18 74.08 25.26 0 7.71 37.33 965.58 963.97 330.963 575.409 4082.642 906.677 806.274 1081.848 429.993 4.883 9.613 97.961 -21.362 469.666 837.402 80.719 932.465 803.833 617.371 585.48 1354.523 770.111 -5000 2.747 -2297.363 15.411 -14.954 0.916 382.843 222.321 804.443 1277.618 117.188 -1400.146 661.163 187.378 24.261 25.482 59.509 2547.76 2502.136 2116.089 1739.044 1380.768 1013.184 654.297 -617.065 10.529 51.422 70.801 3.967 -332.031 -675.659 -1016.083 -1360.321 -1702.118 -2041.473 -2380.371 -2705.231 517.578 753.937 421.143 66.986 2.136 -349.884 -704.803 510 280 595 29.16 27.63 150 20 2408 1 034
6033203 7497 2025/12/25 18:50:49 P18 74.15 25.23 0 7.54 37.41 965.59 963.94 329.437 575.256 4096.68 898.285 802.155 1080.322 430.145 10.681 -37.842 94.452 -19.989 463.409 837.097 78.888 928.65 805.359 615.387 584.869 1347.656 768.28 -5000 4.73 -2289.734 80.719 -16.327 1.373 381.622 223.846 798.95 1274.261 124.512 -1396.484 658.875 187.683 25.177 19.989 59.814 2546.692 2500 2107.697 1728.21 1371.46 1004.181 648.804 -611.572 15.564 48.065 66.986 5.646 -334.625 -678.558 -1021.118 -1363.983 -1707.001 -2045.593 -2384.796 -2709.045 518.494 756.531 422.974 64.545 7.019 -352.02 -710.449 520 285 603 29.2 27.81 149 20 2408 1 034
6033204 7497 2025/12/25 18:50:50 P18 74.09 25.32 0 7.85 37.48 965.57 963.96 331.726 574.951 4082.336 897.98 799.561 1065.369 429.23 72.632 -58.289 102.844 -20.294 462.189 835.114 78.125 925.903 804.901 614.319 584.259 1343.842 764.313 -5000 4.883 -2283.02 53.558 -15.869 -0.458 380.096 220.032 794.983 1270.905 94.91 -1400.299 656.128 182.953 22.43 19.989 59.662 2545.319 2501.678 2112.122 1736.755 1380.157 1016.998 662.384 -597.229 10.834 42.572 72.021 4.73 -335.236 -678.711 -1018.829 -1361.389 -1701.508 -2039.948 -2375.031 -2701.569 515.442 755.463 420.685 65.308 6.561 -348.358 -705.261 519 290 611 29.2 27.91 148 20 2408 1 034
6033205 7497 2025/12/25 18:50:51 P18 74.04 25.22 0 7.86 37.62 965.58 963.96 332.947 574.951 4089.508 888.519 795.135 1073.761 429.535 38.91 -36.621 100.25 -20.447 459.747 833.282 76.141 921.631 805.206 613.098 583.801 1338.043 759.583 -5000 3.967 -2278.137 67.902 -16.174 0.305 379.028 221.71 791.321 1263.58 124.512 -1397.4 653.992 182.19 22.736 24.261 59.204 2542.725 2500 2115.173 1740.417 1385.193 1022.949 663.757 -587.158 13.428 57.526 67.902 5.646 -332.642 -676.575 -1014.862 -1359.558 -1698.914 -2037.964 -2376.251 -2700.5 512.39 755.005 421.6 66.986 4.272 -347.748 -701.599 530 295 619 29.19 28.02 147 20 2408 1 034
6033206 7497 2025/12/25 18:50:52 P18 74.11 25.41 0 7.76 37.5 965.58 963.96 330.811 574.799 4093.475 879.517 792.389 1068.726 429.535 28.229 -27.008 105.743 -20.142 454.865 833.893 73.853 918.579 805.206 610.809 582.886 1331.024 758.667 -5000 9.308 -2268.982 15.717 -15.869 -2.594 378.571 218.964 786.743 1264.191 102.081 -1399.994 650.635 179.138 25.177 13.275 59.204 2548.218 2500.61 2111.664 1735.382 1374.359 1006.622 650.94 -579.529 10.834 63.477 71.716 2.594 -332.489 -676.27 -1016.998 -1359.558 -1702.271 -2041.473 -2380.829 -2706.757 511.475 757.141 422.058 65.46 7.019 -346.985 -702.972 519 300 626 29.19 28 146 20 2408 1 034
6033207 7497 2025/12/25 18:50:53 P18 74.05 25.25 0 7.68 37.59 965.59 963.94 331.726 573.883 4091.949 874.634 789.642 1066.589 429.993 -21.82 3.357 99.487 -17.853 452.576 833.13 72.327 915.527 806.427 608.978 582.123 1327.362 756.073 -5000 1.068 -2261.505 32.043 -16.174 -2.441 377.197 217.896 780.64 1253.967 107.117 -1397.4 647.583 178.375 27.771 23.041 58.441 2547.607 2501.221 2106.171 1726.99 1369.019 1002.655 647.583 -570.374 11.292 56.763 71.716 4.12 -336.761 -683.136 -1023.102 -1365.356 -1707.153 -2046.051 -2384.949 -2710.114 509.644 754.7 419.922 61.646 4.883 -351.868 -709.839 530 305 633 29.16 28.2 145 20 2408 1 034
6033208 7497 2025/12/25 18:50:54 P18 74.05 25.33 0 7.68 37.64 965.6 963.94 331.116 574.341 4094.849 864.716 786.438 1063.385 429.993 -74.31 9.308 88.196 -21.515 449.219 831.451 71.106 911.407 805.359 607.147 581.512 1321.259 754.395 -5000 -4.578 -2250.366 6.866 -16.785 -1.678 375.519 216.827 777.13 1255.341 123.444 -1400.299 647.43 176.849 23.346 21.21 59.052 2545.929 2501.678 2113.342 1738.281 1380.157 1018.372 661.621 -565.033 13.275 40.436 69.275 5.035 -334.015 -678.558 -1017.914 -1362.915 -1702.118 -2039.795 -2378.54 -2701.721 508.118 753.937 421.448 66.528 4.12 -350.037 -705.872 521 305 633 29.16 28.2 144 20 2408 1 034
6033209 7497 2025/12/25 18:50:55 P18 74.18 25.29 0 7.75 37.56 965.59 963.97 332.184 573.73 4096.832 856.018 783.081 1055.908 429.382 -22.125 6.104 92.316 -20.752 446.32 829.01 69.275 908.813 806.274 604.858 580.292 1315.46 749.359 -5000 3.51 -2241.669 19.226 -15.869 -3.052 375.214 214.996 772.552 1254.883 116.272 -1399.536 645.294 177.155 25.94 24.872 58.289 2546.844 2502.136 2114.258 1740.875 1385.803 1021.881 663.91 -554.047 14.343 47.15 69.58 6.866 -329.895 -673.523 -1012.421 -1357.117 -1697.235 -2038.422 -2376.251 -2700.5 506.897 755.005 420.685 67.596 5.646 -346.222 -701.752 536 310 639 29.19 28.35 143 20 2408 1 034
6033210 7497 2025/12/25 18:50:56 P18 74.08 25.3 0 7.78 37.62 965.6 963.96 332.336 573.73 4092.712 852.356 780.334 1056.824 429.077 5.646 4.425 88.348 -20.294 443.115 827.484 68.054 905.457 806.427 602.417 579.224 1307.678 744.934 -5000 -8.24 -2235.413 34.637 -17.395 -5.493 373.535 215.149 769.653 1251.678 105.743 -1399.384 642.09 174.103 18.768 23.346 58.594 2543.945 2500 2111.359 1728.821 1372.223 1009.216 652.466 -545.044 13.123 64.545 69.58 6.104 -332.489 -677.338 -1016.998 -1362 -1701.508 -2040.71 -2380.371 -2704.315 505.066 755.005 420.837 63.477 1.984 -350.952 -706.482 527 310 639 29.2 28.39 142 20 2408 1 034
6033211 7497 2025/12/25 18:50:57 P18 74.12 25.36 0 7.75 37.61 965.58 963.97 332.031 573.425 4095.612 847.931 777.74 1054.077 428.619 -90.485 -2.289 66.376 -20.294 440.826 825.806 67.444 900.879 806.58 600.739 578.156 1303.253 744.019 -5000 3.662 -2226.257 44.403 -17.242 -3.204 371.857 213.623 764.313 1249.847 107.422 -1398.315 640.106 174.408 25.635 22.736 58.899 2545.166 2500.305 2109.833 1730.347 1370.85 1005.859 650.635 -533.752 17.09 46.234 71.106 7.019 -335.083 -678.711 -1019.592 -1362.915 -1704.254 -2044.373 -2384.644 -2707.214 504.15 754.089 418.243 62.866 6.104 -354.462 -711.06 527 315 646 29.26 28.46 141 20 2408 1 034
6033212 7497 2025/12/25 18:50:58 P18 74 25.26 0 7.73 37.74 965.58 963.94 334.167 573.578 4091.644 846.71 777.13 1044.922 429.382 -66.986 -27.161 105.591 -17.548 439.148 827.026 65.613 900.116 806.58 598.602 577.087 1299.744 740.814 -5000 5.646 -2217.255 12.817 -15.869 -4.578 371.857 212.402 761.719 1236.42 122.681 -1402.13 637.512 172.729 21.362 21.973 58.441 2546.844 2500 2115.936 1743.927 1390.839 1026.917 670.013 -525.818 13.275 47.913 68.359 6.409 -332.489 -676.117 -1014.404 -1356.354 -1693.878 -2033.386 -2368.927 -2694.702 504.456 754.547 418.396 67.444 4.883 -345.917 -700.073 533 320 657 29.26 28.46 141 20 2408 1 034
6033213 7497 2025/12/25 18:50:59 P18 74.11 25.23 0 7.73 37.75 965.58 963.95 335.236 573.578 4085.236 839.844 771.332 1041.26 428.772 30.823 3.357 88.501 -20.142 435.028 822.906 65.155 896.454 804.749 597.229 576.782 1296.387 740.356 -5000 0.763 -2210.236 -7.019 -16.479 -4.12 370.941 209.198 757.294 1244.507 83.923 -1398.773 633.698 175.323 21.362 9.613 57.678 2547.15 2501.831 2113.647 1741.638 1385.956 1022.491 663.757 -516.357 11.444 63.171 67.902 3.052 -332.489 -676.88 -1014.557 -1357.574 -1698.151 -2036.438 -2373.199 -2700.5 501.251 754.395 419.617 66.071 3.967 -346.222 -698.853 526 325 662 29.18 28.55 140 20 2408 1 034
6033214 7497 2025/12/25 18:51:00 P18 74.02 25.26 0 7.95 37.73 965.58 963.97 333.862 573.425 4093.17 831.757 769.348 1043.243 428.467 -89.264 3.662 94.299 -20.752 433.35 821.991 62.866 892.792 807.495 594.482 575.562 1288.91 734.406 -5000 2.289 -2202.606 -3.052 -17.09 -3.51 370.331 211.029 753.174 1237.335 116.73 -1402.283 633.24 174.561 21.515 19.531 57.068 2543.793 2499.39 2112.427 1734.619 1377.106 1009.827 653.229 -506.134 10.986 49.896 70.19 2.289 -333.099 -677.795 -1018.524 -1362.305 -1702.881 -2042.542 -2380.981 -2706.604 501.404 756.378 419.006 64.392 4.272 -347.9 -704.041 524 330 665 29.19 28.58 140 20 2408 1 034
6033215 7497 2025/12/25 18:51:01 P18 73.98 25.33 0 7.59 37.84 970.28 963.96 334.625 573.883 4092.255 826.874 767.059 1038.666 428.925 -12.36 -38.3 88.806 -19.684 430.603 818.024 62.256 890.198 806.274 592.499 574.646 1282.654 732.117 -5000 7.629 -2190.704 75.684 -16.937 -4.12 370.331 208.893 749.512 1234.894 86.517 -1401.672 631.104 171.509 24.414 16.174 58.289 2543.03 2502.136 2109.528 1728.973 1370.697 1004.791 646.362 -496.979 9.46 52.338 66.223 3.662 -334.167 -680.237 -1020.813 -1365.814 -1707.306 -2046.967 -2384.949 -2709.503 499.725 755.92 415.039 62.408 5.188 -350.8 -708.466 535 335 669 29.19 28.59 139 20 2408 1 034
6033216 7497 2025/12/25 18:51:02 P18 74.02 25.33 0 7.9 37.84 970.29 963.98 334.32 573.578 4091.187 822.754 763.245 1033.63 428.925 16.479 -9.766 80.414 -19.684 427.856 818.329 60.577 887.146 807.648 589.294 573.12 1279.449 730.591 -5000 5.035 -2182.617 1.984 -17.242 -4.883 369.11 209.808 746.765 1227.417 109.253 -1400.299 628.51 170.593 19.989 21.82 58.289 2541.199 2500.763 2116.241 1744.69 1388.855 1028.442 671.234 -488.739 12.36 71.411 70.19 4.73 -331.879 -675.659 -1013.794 -1355.743 -1695.709 -2033.691 -2367.706 -2694.702 498.657 755.615 419.312 63.934 3.357 -344.543 -697.632 535 335 672 29.18 28.64 138 20 2408 1 034
6033217 7497 2025/12/25 18:51:03 P18 74.01 25.38 0 7.76 37.76 970.29 963.96 333.71 573.73 4095.459 808.105 762.329 1032.715 428.467 60.12 -35.4 73.547 -19.989 424.805 818.939 59.509 884.247 807.495 587.769 570.526 1272.888 727.234 -5000 -0.153 -2172.241 4.73 -16.174 -3.967 367.126 208.435 742.645 1226.959 105.591 -1400.604 626.526 171.661 19.531 20.752 57.831 2545.166 2501.831 2115.631 1741.943 1385.803 1022.339 664.825 -484.924 14.496 46.844 70.648 8.545 -329.132 -672.913 -1013.336 -1357.269 -1697.693 -2037.506 -2375.793 -2702.789 499.573 755.768 419.006 65.765 5.341 -348.663 -703.43 536 340 675 29.2 28.73 137 20 2408 1 034
6033218 7497 2025/12/25 18:51:04 P18 74.08 25.34 0 7.66 37.84 970.33 963.97 334.93 574.493 4088.593 802.307 758.972 1027.527 428.619 22.125 -16.174 82.245 -18.463 422.821 818.024 59.204 881.958 807.648 584.869 569.458 1268.463 725.708 -5000 -4.578 -2167.511 43.793 -15.869 -5.188 366.516 204.315 739.899 1228.485 112 -1400.299 623.322 168.457 25.94 18.921 57.526 2548.981 2501.373 2111.816 1733.551 1374.664 1007.538 651.093 -476.685 10.681 50.507 70.343 4.272 -332.947 -678.101 -1019.135 -1362.457 -1703.796 -2043.61 -2380.524 -2707.52 495.3 756.531 418.091 61.951 2.594 -348.816 -705.566 522 345 679 29.19 28.79 136 20 2408 1 034
6033219 7497 2025/12/25 18:51:05 P18 74.11 25.37 0 7.78 37.92 970.28 963.97 336.609 572.968 4096.222 799.103 756.378 1019.135 428.772 -40.741 -14.038 75.836 -19.379 419.159 817.566 55.542 879.211 807.648 582.275 569.458 1261.597 723.267 -5000 6.714 -2156.982 12.512 -14.648 -4.425 365.601 207.214 737.305 1225.128 113.373 -1402.283 623.016 167.542 26.703 21.973 58.441 2545.929 2500.916 2114.563 1743.164 1387.482 1026.306 671.387 -464.325 11.139 51.88 70.496 4.425 -330.505 -673.981 -1013.641 -1357.117 -1696.014 -2034.76 -2369.69 -2695.618 498.199 755.463 418.549 65.002 4.578 -345.306 -699.463 540 345 682 29.2 28.89 135 20 2408 1 034
6033220 7497 2025/12/25 18:51:06 P18 74.09 25.3 0 7.78 37.86 970.3 963.97 335.388 572.815 4097.9 794.525 753.174 1020.813 429.077 24.414 -7.477 77.209 -18.158 416.718 815.43 57.831 875.549 809.326 580.75 566.711 1259.918 721.436 -5000 10.529 -2148.59 53.864 -16.479 -4.12 365.143 206.451 732.88 1222.992 113.678 -1401.978 620.728 168.457 26.093 24.414 57.068 2547.15 2500.305 2118.073 1745.148 1390.228 1028.29 669.861 -460.052 13.733 54.626 69.122 5.493 -329.742 -673.218 -1011.047 -1355.591 -1695.404 -2033.997 -2369.385 -2696.228 493.927 758.362 420.074 65.765 5.798 -347.748 -698.09 530 350 687 29.19 28.87 135 20 2408 1 034
6033221 7497 2025/12/25 18:51:07 P18 74.01 25.33 0 7.8 37.89 970.3 963.96 335.541 574.036 4095.001 791.931 750.885 1020.203 428.925 71.869 -20.142 65.765 -20.142 414.886 815.277 53.711 873.566 808.563 577.545 566.559 1251.373 717.468 -5000 13.275 -2142.334 21.21 -16.632 -2.594 363.159 204.62 728.149 1221.313 112.762 -1400.299 619.659 168.152 27.466 29.297 57.526 2544.708 2501.831 2115.479 1741.028 1383.209 1020.966 661.774 -452.728 12.665 42.114 68.817 6.866 -332.489 -675.659 -1014.862 -1358.643 -1698.914 -2037.659 -2375.488 -2701.874 492.859 753.937 417.786 63.019 4.73 -348.206 -702.209 530 350 687 29.2 28.84 134 20 2408 1 034
6033222 7497 2025/12/25 18:51:08 P18 74.04 25.33 0 7.78 37.89 970.29 963.97 337.219 573.425 4090.576 790.1 747.833 1016.388 428.467 36.011 9.918 99.64 -19.226 413.055 812.836 54.321 872.65 810.089 575.714 565.338 1252.441 714.874 -5000 17.395 -2135.162 53.253 -16.632 -3.967 362.396 204.01 724.335 1218.414 99.03 -1400.604 615.845 164.642 28.229 20.142 57.22 2544.403 2500.763 2108.154 1730.042 1369.324 1004.333 647.888 -440.521 14.496 49.133 69.275 8.087 -334.473 -679.321 -1019.745 -1363.678 -1704.407 -2044.373 -2382.507 -2709.808 493.774 755.157 417.328 61.035 7.172 -350.037 -707.092 539 355 693 29.13 28.9 134 20 2408 1 034
6033223 7497 2025/12/25 18:51:09 P18 74.04 25.2 0 7.76 37.95 970.31 963.96 338.745 573.273 4088.135 785.98 745.239 1009.827 429.077 -68.97 -43.945 82.092 -18.921 409.088 811.005 53.406 869.751 810.242 571.442 564.575 1247.253 712.128 -5000 6.561 -2125.854 34.943 -16.327 -4.272 362.244 202.789 722.656 1215.82 117.645 -1401.978 614.929 166.321 22.43 25.787 57.068 2543.793 2500.763 2115.479 1743.317 1390.686 1027.985 672.913 -430.908 14.191 32.959 69.58 5.798 -333.252 -675.507 -1013.489 -1358.948 -1697.083 -2035.37 -2370.3 -2695.007 488.129 753.784 418.091 62.408 5.493 -346.985 -700.989 529 360 709 29.13 28.9 134 20 2408 1 034
6033224 7497 2025/12/25 18:51:10 P18 74.12 25.34 0 7.83 37.99 970.28 963.96 337.067 573.425 4084.778 781.25 743.408 1005.707 429.077 -3.967 -18.311 88.348 -18.921 409.698 809.937 53.253 864.716 810.394 571.289 562.439 1241.608 711.212 -5000 18.158 -2114.258 54.932 -15.106 -3.815 361.633 200.043 720.978 1213.989 111.084 -1397.247 613.098 162.964 23.956 20.599 56.61 2548.37 2501.984 2113.495 1741.18 1387.177 1023.102 666.656 -427.399 11.597 49.591 68.359 5.798 -331.116 -676.27 -1016.235 -1358.337 -1698.608 -2037.354 -2373.962 -2699.89 490.875 752.411 418.243 65.002 4.425 -347.443 -701.447 524 365 715 29.22 29.03 133 20 2408 1 034
6033225 7497 2025/12/25 18:51:11 P18 73.97 25.36 0 7.81 37.94 970.28 963.97 338.593 573.73 4093.933 771.79 740.814 1010.284 428.619 -47.302 27.008 115.662 -19.836 407.715 809.021 51.727 863.342 810.852 568.39 561.523 1236.877 708.313 -5000 10.986 -2103.119 31.128 -16.632 -2.747 360.26 202.637 716.248 1205.75 100.555 -1400.146 611.115 164.185 19.684 18.616 57.068 2544.098 2501.831 2111.664 1733.551 1376.19 1010.742 650.177 -418.243 13.58 40.588 69.122 7.782 -333.862 -678.406 -1018.219 -1362.762 -1703.186 -2042.694 -2380.829 -2706.757 489.807 753.326 414.734 63.171 3.357 -350.037 -706.329 530 365 720 29.2 29.06 132 20 2408 1 034
6033226 7497 2025/12/25 18:51:12 P18 73.98 25.38 0 7.79 38.03 970.28 963.97 339.508 574.036 4087.83 775.604 738.068 999.298 428.009 -60.272 -4.425 107.117 -18.921 404.053 807.037 51.422 861.053 811.157 565.338 562.134 1235.504 706.177 -5000 12.97 -2095.184 51.727 -15.717 -1.984 360.413 202.484 714.569 1199.493 113.525 -1400.299 609.283 164.642 24.567 24.567 56.458 2545.013 2499.695 2113.8 1741.333 1384.888 1024.323 667.267 -408.02 10.529 50.964 70.038 2.441 -331.726 -677.49 -1014.709 -1357.422 -1697.54 -2034.454 -2368.622 -2694.244 485.687 756.378 417.175 63.324 5.493 -347.595 -700.226 540 370 725 29.19 29.09 131 20 2408 1 034
6033227 7497 2025/12/25 18:51:13 P18 73.97 25.34 0 8 37.98 970.28 963.97 339.203 573.425 4086.151 769.501 737.762 999.908 428.772 65.765 -32.654 79.651 -19.073 403.29 808.868 51.575 859.375 811.768 563.507 558.167 1228.027 704.651 -5000 16.022 -2088.928 3.51 -15.869 -2.899 359.039 197.906 709.839 1205.139 100.555 -1401.672 607.3 161.285 24.872 22.125 56.915 2548.828 2501.221 2114.563 1742.096 1388.55 1023.865 667.267 -398.102 11.444 56.458 70.19 4.883 -330.505 -673.828 -1012.726 -1356.201 -1695.709 -2034.607 -2371.063 -2696.381 487.366 754.395 423.126 63.019 3.357 -340.881 -698.7 532 370 725 29.16 29.11 130 20 2408 1 034
6033228 7497 2025/12/25 18:51:14 P18 73.98 25.32 0 7.88 37.96 970.3 963.96 339.355 574.036 4098.206 760.345 734.406 999.756 428.467 68.054 8.24 90.179 -17.853 399.78 805.054 50.354 856.628 811.768 561.218 557.556 1224.06 702.972 -5000 6.714 -2079.315 -6.409 -15.411 -1.678 358.276 201.569 707.245 1198.12 114.899 -1407.318 606.384 160.37 21.362 11.749 56.61 2546.692 2500.305 2113.647 1736.45 1382.751 1015.778 656.738 -387.878 12.97 50.659 68.207 2.289 -330.353 -675.659 -1015.472 -1360.779 -1702.423 -2042.084 -2380.219 -2705.536 486.145 756.989 419.159 63.629 6.714 -347.9 -702.515 535 385 733 29.2 29.21 130 20 2408 1 034
6033229 7497 2025/12/25 18:51:15 P18 74.09 25.26 0 7.97 38.01 970.29 963.97 338.593 574.188 4096.68 749.969 731.506 997.62 428.162 7.477 10.681 91.553 -19.989 397.949 802.46 48.676 853.882 811.92 558.624 554.81 1218.262 701.447 -5000 0.763 -2070.312 11.749 -17.09 -1.831 357.819 199.585 705.414 1199.646 101.318 -1406.097 603.79 159.912 20.294 19.379 56.458 2544.861 2500.305 2109.07 1727.448 1368.256 1003.418 647.888 -382.996 14.954 49.591 72.021 5.798 -333.252 -679.016 -1020.508 -1364.441 -1705.933 -2042.999 -2383.881 -2708.74 488.129 754.852 417.633 59.814 6.866 -350.189 -709.229 532 385 736 29.19 29.22 129 20 2408 1 034
6033230 7497 2025/12/25 18:51:16 P18 74.06 25.41 0 8.05 38.13 970.33 963.97 341.492 573.883 4097.29 757.294 729.37 988.312 428.009 9.766 -1.984 83.313 -18.616 395.203 805.511 47.607 850.22 812.225 555.878 556.488 1213.074 698.242 -5000 9.918 -2059.326 -44.403 -15.106 -1.373 357.513 198.975 703.888 1195.526 129.547 -1407.166 601.501 160.828 19.531 15.259 56.152 2545.776 2501.678 2116.852 1743.469 1388.55 1025.696 669.708 -379.028 12.512 54.016 69.885 8.545 -332.794 -672.15 -1011.963 -1356.201 -1697.083 -2035.828 -2373.505 -2697.754 485.84 753.174 418.243 63.171 3.357 -346.832 -700.531 545 385 739 29.22 29.3 129 20 2408 1 034
6033231 7497 2025/12/25 18:51:17 P18 73.97 25.38 0 7.75 38.12 970.29 963.97 341.187 573.883 4097.443 750.885 728.912 991.211 428.162 69.427 -21.973 70.496 -16.937 393.372 805.664 46.997 850.067 812.225 552.216 554.199 1211.395 696.716 -5000 19.989 -2053.68 27.924 -16.174 -1.678 355.225 198.517 699.31 1190.338 111.847 -1403.351 601.044 158.844 20.905 19.073 56.305 2546.387 2501.526 2114.563 1737.671 1380.92 1015.015 655.518 -371.552 11.749 41.504 68.97 5.188 -333.099 -679.016 -1016.846 -1362.762 -1703.186 -2042.847 -2380.524 -2706.757 483.093 754.395 416.26 56.458 3.204 -347.748 -703.125 542 385 739 29.22 29.29 128 20 2408 1 034
6033232 7497 2025/12/25 18:51:18 P18 74.02 25.32 0 7.85 38.04 965.59 963.97 339.05 573.578 4097.595 747.528 724.945 986.633 429.077 -33.112 -23.804 72.174 -19.073 392.151 804.443 46.692 848.541 813.141 550.995 552.521 1207.428 697.327 -5000 11.139 -2047.119 16.632 -15.411 -1.068 355.682 196.838 696.411 1192.627 122.986 -1406.555 598.907 159.149 20.905 15.869 54.932 2547.15 2502.594 2107.849 1728.516 1371.46 1007.08 649.719 -363.159 16.174 48.37 69.885 6.409 -333.252 -679.474 -1020.203 -1363.983 -1705.627 -2044.678 -2385.101 -2707.367 483.704 754.547 417.786 61.188 8.545 -351.562 -708.313 542 390 741 29.25 29.37 128 20 2408 1 034
6033233 7497 2025/12/25 18:51:19 P18 74.02 25.32 0 7.85 38.01 965.6 963.97 341.492 573.578 4089.813 742.188 722.504 976.41 428.162 -34.027 -16.174 67.139 -19.073 390.93 800.629 45.471 845.032 814.056 549.164 553.284 1203.613 692.596 -5000 6.409 -2037.201 29.755 -17.09 -0.61 355.072 196.533 694.885 1186.981 115.051 -1406.25 596.771 158.691 19.836 22.43 55.695 2541.962 2500.916 2113.8 1738.129 1381.683 1020.66 663.605 -359.497 12.665 57.22 69.733 5.798 -332.336 -678.101 -1016.541 -1360.626 -1699.219 -2036.591 -2374.573 -2697.906 481.415 755.157 416.87 61.798 4.12 -349.121 -706.482 542 395 744 29.25 29.37 128 20 2408 1 034
6033234 7497 2025/12/25 18:51:20 P18 74 25.25 0 7.91 38.08 965.6 963.98 341.187 573.73 4087.219 735.779 720.062 977.783 428.772 12.97 -7.172 90.332 -19.379 388.336 800.629 44.556 843.201 814.972 546.265 550.842 1199.646 691.071 -5000 8.392 -2030.029 32.806 -14.954 -0.916 353.851 195.618 691.833 1186.829 110.168 -1408.234 595.093 159.912 17.7 16.632 55.237 2544.861 2501.678 2112.122 1734.467 1377.716 1011.963 655.06 -350.342 14.038 44.25 68.97 6.104 -333.099 -677.948 -1017.456 -1361.847 -1702.881 -2042.694 -2380.524 -2705.994 481.72 751.953 416.718 61.34 3.815 -346.985 -704.956 542 400 746 29.25 29.52 127 20 2408 1 034
6033235 7497 2025/12/25 18:51:21 P18 74.09 25.22 0 7.88 38.22 965.63 963.98 344.238 574.493 4091.034 734.253 719.147 979.767 428.314 -52.49 -15.259 104.065 -18.463 387.878 800.476 44.708 841.064 813.293 544.128 548.859 1195.984 687.866 -5000 1.221 -2019.806 52.795 -15.869 0.305 354.156 196.686 690.155 1183.014 91.553 -1405.64 593.109 159.302 15.106 20.142 55.542 2543.03 2500.153 2110.443 1731.11 1376.19 1011.658 657.043 -342.102 14.038 61.035 68.512 7.019 -334.93 -680.847 -1020.813 -1365.356 -1705.627 -2045.288 -2384.033 -2707.367 478.516 752.106 417.48 57.983 5.798 -352.02 -709.381 539 400 748 29.2 29.46 126 20 2408 1 034
6033236 7497 2025/12/25 18:51:22 P18 74.04 25.33 0 7.98 38.1 965.59 963.97 341.797 573.578 4095.459 720.215 716.553 976.257 428.467 -43.64 -45.929 115.814 -18.158 385.59 800.476 43.335 839.386 815.582 540.771 544.891 1190.491 688.629 -5000 -0.305 -2011.108 2.136 -16.327 -0.458 352.783 194.702 686.646 1183.167 90.332 -1401.825 590.973 158.997 19.226 20.599 55.389 2548.218 2500.61 2113.495 1740.265 1385.193 1021.729 666.046 -334.32 10.376 57.678 69.427 2.747 -331.879 -675.964 -1015.625 -1358.337 -1698.456 -2037.659 -2373.505 -2696.838 479.889 755.92 416.87 61.951 7.477 -347.443 -701.752 543 405 748 29.2 29.5 126 20 2408 1 034
6033237 7497 2025/12/25 18:51:23 P18 74.06 25.32 0 7.83 38.22 965.63 963.97 342.407 574.341 4094.849 727.081 714.569 974.426 428.467 48.981 -37.231 79.803 -18.616 380.249 800.476 41.962 837.25 815.887 538.635 546.722 1186.676 685.883 -5000 11.139 -2002.716 19.226 -15.259 -0.305 351.868 194.244 684.967 1181.03 103.149 -1403.046 586.7 158.691 22.888 22.278 56.305 2548.37 2501.068 2109.222 1729.431 1370.392 1002.96 646.362 -327.148 11.902 57.22 70.038 3.357 -333.862 -679.016 -1018.524 -1363.068 -1703.644 -2044.678 -2383.118 -2707.825 479.889 754.7 414.886 63.477 4.883 -348.511 -705.414 535 405 755 29.15 29.44 125 20 2408 1 034
6033238 7497 2025/12/25 18:51:24 P18 74.12 25.29 0 7.81 38.18 965.62 963.98 341.339 574.036 4098.358 718.536 712.738 971.222 428.467 -30.67 -29.297 86.823 -18.616 381.927 799.561 40.283 835.419 817.261 536.957 544.128 1182.098 684.052 -5000 14.496 -1994.019 25.787 -16.785 0.458 351.715 193.634 680.542 1177.979 103.149 -1406.25 587.769 160.217 18.921 18.768 55.389 2547.302 2501.984 2112.732 1739.349 1383.82 1020.203 660.095 -320.435 11.597 62.256 69.58 4.425 -334.32 -679.169 -1017.914 -1360.931 -1702.118 -2040.1 -2377.472 -2703.094 478.821 752.411 415.802 60.577 5.188 -348.816 -704.651 536 410 759 29.19 29.48 124 20 2408 1 034
6033239 7497 2025/12/25 18:51:25 P18 74.05 25.32 0 7.9 38.23 965.64 963.97 345.917 574.646 4087.219 713.348 710.449 965.576 428.467 23.041 -35.4 83.313 -18.921 379.944 795.441 40.894 832.977 817.413 533.752 543.671 1176.758 681.152 -5000 19.531 -1987.915 39.673 -14.496 0.61 350.8 194.55 680.237 1175.995 106.812 -1403.503 586.395 158.844 16.937 21.21 55.542 2544.556 2500.61 2114.716 1742.706 1389.465 1024.475 670.166 -312.5 11.902 68.054 70.19 1.678 -334.015 -677.948 -1014.557 -1357.88 -1696.625 -2033.691 -2370.3 -2694.092 477.6 753.021 416.412 61.493 5.798 -345.306 -699.615 536 410 764 29.22 29.51 124 20 2408 1 034
6033240 7497 2025/12/25 18:51:26 P18 74.02 25.22 0 8 38.21 965.61 963.96 346.069 573.883 4091.949 710.144 709.381 964.966 427.856 17.09 -25.177 74.768 -19.073 379.791 798.035 40.588 831.451 816.345 531.464 541.687 1174.316 679.474 -5000 15.106 -1982.269 45.929 -14.801 1.221 349.274 191.04 677.795 1170.807 124.054 -1406.86 585.175 157.166 15.259 17.7 55.542 2547.455 2501.984 2116.241 1740.417 1385.651 1021.576 662.689 -307.465 13.428 54.321 67.749 3.815 -332.031 -675.659 -1015.015 -1359.711 -1698.914 -2038.574 -2377.167 -2700.806 477.6 751.648 416.718 67.291 4.578 -348.663 -703.43 549 410 767 29.23 29.55 123 20 2408 1 034
6033241 7497 2025/12/25 18:51:27 P18 74.14 25.2 0 8.05 38.24 965.62 963.95 346.68 573.578 4089.813 708.008 706.787 967.102 428.162 50.507 16.632 78.735 -18.005 376.282 793.61 39.215 828.857 818.481 529.633 540.466 1171.57 677.49 -5000 16.479 -1974.945 -33.722 -16.632 1.221 349.121 191.803 675.354 1170.807 91.095 -1402.283 581.97 157.776 19.531 16.785 55.695 2543.335 2501.678 2112.732 1738.892 1383.057 1020.66 664.825 -302.124 12.207 36.926 68.207 4.12 -336.304 -680.542 -1019.287 -1362.457 -1700.897 -2039.337 -2375.946 -2699.28 475.006 751.343 416.26 61.951 4.425 -354.309 -709.839 540 410 770 29.2 29.56 123 20 2408 1 034
6033242 7497 2025/12/25 18:51:28 P18 74.14 25.32 0 8.02 38.2 965.61 963.96 346.68 573.12 4091.949 708.313 705.261 965.118 428.619 -92.621 -3.662 89.722 -18.921 376.434 794.83 39.215 826.569 818.634 526.276 540.924 1167.145 675.507 -5000 11.749 -1963.348 -12.817 -17.09 1.526 348.663 191.345 672.607 1165.466 86.517 -1400.604 582.886 157.471 19.073 16.937 56.763 2541.656 2501.068 2115.479 1743.011 1389.618 1027.679 669.708 -292.969 9.613 51.727 68.817 2.594 -331.116 -674.744 -1012.573 -1354.675 -1694.336 -2032.623 -2366.638 -2694.55 475.311 754.242 415.955 63.477 6.866 -345.612 -699.31 540 410 770 29.23 29.63 122 20 2408 1 034
6033243 7497 2025/12/25 18:51:29 P18 74.04 25.32 0 7.86 38.27 965.62 963.97 347.443 574.188 4090.271 703.278 703.583 963.135 428.314 7.019 -6.561 105.743 -18.616 373.84 792.847 39.062 825.195 820.007 524.445 541.077 1164.246 673.828 -5000 3.967 -1952.515 36.316 -18.616 1.984 348.511 191.345 672.607 1161.346 90.79 -1404.266 580.139 156.555 18.463 23.651 56.305 2541.962 2501.526 2113.037 1739.044 1380.768 1014.709 659.637 -286.56 9.155 49.438 68.359 1.526 -332.947 -678.101 -1016.998 -1359.1 -1701.355 -2040.1 -2379.303 -2706.146 474.701 754.089 415.649 60.883 7.629 -350.189 -705.414 545 415 773 29.22 29.66 122 20 2408 1 034
6033244 7497 2025/12/25 18:51:30 P18 74.06 25.3 0 7.95 38.32 965.61 963.96 344.238 573.425 4097.443 698.7 701.141 947.876 428.467 -1.678 -8.698 83.16 -18.311 370.789 793.762 38.452 823.364 819.855 522.308 536.804 1159.821 674.286 -5000 0.305 -1940.765 -15.106 -15.717 2.441 349.121 190.582 668.182 1163.788 108.185 -1404.419 578.766 156.097 21.973 21.057 54.932 2547.607 2499.847 2116.852 1744.995 1390.839 1027.679 671.387 -279.541 11.902 48.37 69.733 1.984 -330.505 -675.354 -1013.641 -1356.354 -1696.167 -2034.454 -2369.385 -2696.838 473.48 753.632 415.802 62.408 8.087 -349.274 -700.531 536 420 778 29.22 29.66 122 20 2408 1 034
6033245 7497 2025/12/25 18:51:31 P18 74.16 25.26 0 7.78 38.28 965.61 963.99 347.748 574.036 4089.508 696.411 700.226 953.674 429.23 39.673 -31.586 90.332 -17.548 371.399 794.525 38.452 821.381 819.55 519.867 535.889 1151.428 671.387 -5000 8.392 -1931 71.869 -14.496 2.136 347.9 189.514 666.962 1159.515 92.163 -1407.166 576.477 158.386 17.7 17.853 55.542 2546.997 2500 2115.021 1742.554 1387.939 1025.238 665.131 -270.081 12.36 45.166 69.733 4.12 -332.642 -676.27 -1015.32 -1357.88 -1697.998 -2037.506 -2375.031 -2701.111 472.87 752.563 416.565 63.477 2.899 -347.595 -700.989 537 420 781 29.18 29.74 121 20 2408 1 034
6033246 7497 2025/12/25 18:51:32 P18 74.08 25.26 0 7.81 38.28 965.63 963.97 346.832 574.951 4095.764 698.547 698.547 952.759 428.162 28.534 -6.714 93.536 -19.226 368.958 792.084 35.858 819.092 819.702 517.426 536.194 1151.276 669.708 -5000 6.104 -1927.795 55.847 -14.954 2.899 346.832 189.514 663.757 1157.227 107.727 -1404.877 575.867 157.166 20.142 16.022 54.321 2547.455 2501.678 2110.596 1731.873 1372.986 1006.622 649.872 -270.233 13.428 48.37 68.359 4.272 -334.778 -680.237 -1020.66 -1364.746 -1706.238 -2045.593 -2384.949 -2709.656 471.802 752.106 417.175 59.357 3.815 -349.731 -708.313 547 420 783 29.19 29.7 121 20 2408 1 034
6033247 7497 2025/12/25 18:51:33 P18 74.06 25.27 0 7.8 38.28 965.62 963.97 348.969 574.341 4086.609 688.477 695.801 953.522 428.619 20.599 3.052 98.419 -17.09 367.126 791.016 34.332 817.719 821.075 513 533.447 1150.818 669.098 -5000 6.256 -1923.828 63.171 -16.785 2.747 346.069 187.836 661.926 1156.616 112 -1404.419 572.662 158.234 22.43 17.395 54.779 2545.929 2501.984 2112.427 1735.992 1380.31 1017.761 662.079 -262.604 13.58 45.624 67.291 5.798 -334.93 -679.779 -1018.677 -1361.542 -1701.202 -2039.337 -2376.404 -2699.585 469.513 750.122 416.26 59.814 3.052 -349.731 -705.109 546 425 786 29.19 29.82 121 20 2408 1 034
6033248 7497 2025/12/25 18:51:34 P18 74.12 25.3 0 7.88 38.2 965.59 963.97 349.426 574.646 4086.456 684.509 695.953 952.606 428.772 25.787 -16.022 101.624 -17.853 367.126 792.084 33.722 816.498 821.686 512.695 531.769 1146.24 666.809 -5000 1.221 -1913.147 58.594 -15.717 3.052 345.154 186.005 659.943 1154.633 114.441 -1406.097 572.052 157.928 23.956 21.973 55.237 2550.049 2500.305 2114.105 1736.603 1380.31 1016.388 658.112 -258.484 10.986 50.201 68.207 3.662 -331.116 -674.438 -1014.404 -1358.948 -1698.914 -2038.574 -2377.319 -2701.263 470.123 751.648 416.412 61.188 3.662 -348.358 -702.82 538 430 789 29.23 29.77 120 20 2408 1 034
6033249 7497 2025/12/25 18:51:35 P18 74.08 25.26 0 7.93 38.28 965.6 963.97 349.274 575.256 4094.086 682.678 693.512 947.723 428.467 -4.12 -16.937 80.414 -19.073 364.99 788.116 32.959 813.446 821.533 511.017 534.668 1141.51 664.978 -5000 7.935 -1905.06 21.973 -15.411 3.967 345.001 187.073 657.349 1149.75 88.348 -1404.114 571.442 157.776 24.261 21.057 50.201 2545.624 2500.458 2109.07 1728.21 1371.613 1006.622 648.651 -250.244 9.613 39.215 70.801 2.747 -334.32 -679.932 -1019.897 -1365.356 -1706.39 -2046.661 -2385.559 -2709.656 470.581 750.275 414.124 57.373 2.899 -350.8 -709.381 547 430 789 29.18 29.86 120 20 2408 1 034
6033250 7497 2025/12/25 18:51:36 P18 74.08 25.26 0 7.85 38.3 965.59 963.98 352.02 574.036 4086.609 681.305 691.681 943.909 428.467 -107.117 -21.362 91.4 -18.463 363.312 787.506 33.264 812.073 823.212 508.423 532.074 1139.984 663.147 -5000 5.798 -1894.531 35.095 -14.801 4.272 344.849 186.31 655.823 1150.055 123.138 -1406.097 569.153 156.403 21.82 23.499 55.237 2544.861 2501.678 2111.359 1737.213 1381.378 1018.372 663.605 -243.683 14.801 55.542 69.733 4.425 -328.522 -674.591 -1014.709 -1358.337 -1699.677 -2038.269 -2375.488 -2700.958 470.276 753.937 415.192 60.425 5.188 -346.985 -702.362 551 430 795 29.19 29.85 119 20 2408 1 034
6033251 7497 2025/12/25 18:51:37 P18 74.12 25.26 0 7.9 38.27 965.61 963.98 352.173 574.493 4089.966 672.76 689.24 946.045 428.009 71.106 -26.245 65.613 -16.937 362.549 790.1 32.959 810.547 823.364 506.287 529.327 1136.78 661.011 -5000 -0.916 -1887.512 35.248 -16.632 4.578 343.018 186.31 653.381 1147.919 120.85 -1406.403 567.017 159.302 26.55 18.311 54.321 2543.945 2500.916 2111.664 1736.145 1375.732 1011.963 653.839 -239.41 13.885 52.948 67.902 6.104 -330.811 -676.88 -1018.066 -1363.22 -1704.254 -2043.457 -2382.202 -2705.994 467.987 751.038 417.48 59.662 5.035 -352.783 -708.313 539 430 795 29.2 29.79 119 20 2408 1 034
6033252 7497 2025/12/25 18:51:38 P18 74.16 25.29 0 8 38.33 965.59 963.97 352.783 574.036 4083.405 670.776 688.934 942.23 428.467 0.916 -36.926 72.784 -18.463 360.565 787.811 32.501 809.174 823.364 504.456 527.191 1133.423 659.943 -5000 9.766 -1878.51 -7.477 -15.411 5.493 343.018 185.394 650.94 1137.39 100.25 -1411.591 566.559 156.708 20.294 27.466 54.626 2547.76 2500.153 2109.222 1731.11 1374.054 1009.369 653.687 -235.596 14.343 41.199 68.512 6.256 -333.862 -679.779 -1020.508 -1365.509 -1705.78 -2044.678 -2383.27 -2705.994 468.75 753.021 416.107 57.373 4.12 -352.325 -709.381 548 430 795 29.2 29.93 118 20 2408 1 034
6033253 7497 2025/12/25 18:51:39 P18 74.21 25.2 0 7.78 38.38 965.61 963.96 351.562 573.73 4091.339 668.488 685.272 942.535 428.619 -34.485 2.136 72.327 -18.768 361.633 786.591 31.128 807.037 824.127 500.793 528.87 1128.845 657.959 -5000 6.256 -1875 56.61 -17.09 4.272 341.187 185.699 649.109 1141.052 104.37 -1407.623 565.491 158.539 25.787 19.989 55.847 2542.877 2501.221 2113.037 1739.502 1387.787 1025.238 669.556 -229.797 13.428 43.182 68.207 3.052 -332.031 -678.101 -1016.388 -1359.253 -1699.524 -2043.304 -2376.862 -2699.738 470.276 750.58 418.854 59.357 10.376 -349.579 -704.041 548 435 799 29.2 29.93 117 20 2408 1 034
6033254 7497 2025/12/25 18:51:40 P18 74.14 25.34 0 7.95 38.4 965.63 963.97 352.478 574.188 4085.236 668.488 686.646 935.669 428.162 -56 -25.024 64.697 -17.548 359.192 788.116 30.67 805.664 825.195 498.657 525.665 1125.641 656.891 -5000 2.899 -1863.098 57.068 -15.259 3.815 341.949 183.105 648.651 1141.205 97.961 -1404.724 563.202 159.302 19.531 20.447 54.779 2548.523 2501.068 2116.241 1743.164 1387.329 1027.222 669.708 -223.389 11.902 48.981 68.817 4.883 -334.32 -677.338 -1015.015 -1357.727 -1697.235 -2035.217 -2372.284 -2696.533 466.766 749.054 417.023 60.425 1.984 -346.985 -699.921 539 435 802 29.2 29.93 117 20 2408 1 034
6033255 7497 2025/12/25 18:51:41 P18 74.15 25.34 0 8.03 38.32 965.63 963.99 353.546 573.578 4094.238 661.011 683.594 938.263 428.619 26.855 -20.447 76.904 -18.005 356.445 786.285 30.212 803.223 823.517 496.826 524.292 1121.216 655.518 -5000 6.409 -1851.196 52.185 -17.09 4.883 342.102 183.411 645.142 1140.137 105.743 -1406.708 562.134 159.912 18.768 16.785 55.389 2545.166 2500.61 2110.138 1736.298 1379.852 1018.829 661.469 -217.743 10.681 39.062 70.038 3.357 -329.285 -675.964 -1014.099 -1359.406 -1699.524 -2038.269 -2376.251 -2700.195 467.529 745.697 415.039 58.899 7.324 -346.222 -702.362 537 435 802 29.22 29.98 117 20 2408 1 034
6033256 7497 2025/12/25 18:51:42 P18 74.12 25.26 0 8.03 38.55 965.63 963.97 353.546 573.73 4087.982 659.79 682.678 934.601 428.314 52.795 4.883 108.948 -18.463 355.53 786.896 29.755 803.07 825.653 494.537 522.766 1117.249 654.907 -5000 1.373 -1846.161 54.474 -14.954 5.188 341.492 182.343 643.768 1137.238 99.487 -1407.013 561.523 158.844 19.684 21.21 53.864 2549.438 2501.831 2114.868 1742.859 1387.177 1025.085 670.166 -214.691 14.191 46.082 68.665 5.798 -334.167 -679.016 -1015.472 -1357.422 -1697.235 -2036.438 -2372.131 -2697.601 465.393 751.495 415.955 61.798 4.425 -351.105 -705.566 549 440 805 29.26 29.94 116 20 2408 1 034
6033257 7497 2025/12/25 18:51:43 P18 74.12 25.29 0 8.03 38.44 965.62 963.97 354.156 574.341 4084.778 654.907 681.152 933.533 428.009 23.499 -34.332 93.384 -17.09 354.309 786.438 28.992 800.781 826.721 492.249 521.851 1115.723 653.229 -5000 4.883 -1835.938 79.803 -16.785 5.188 341.339 182.19 643.463 1134.796 106.049 -1406.403 558.624 159.149 20.599 19.989 54.626 2549.133 2500.916 2114.258 1742.706 1387.329 1025.238 665.894 -209.961 11.139 52.338 68.817 3.51 -334.778 -677.49 -1016.388 -1359.711 -1699.219 -2036.896 -2374.725 -2698.822 464.478 747.986 415.344 57.678 4.425 -347.137 -700.531 548 440 805 29.22 29.98 116 20 2408 1 034
6033258 7497 2025/12/25 18:51:44 P18 74.19 25.25 0 7.87 38.56 965.62 963.97 354.614 574.341 4092.407 650.635 679.016 933.533 428.467 37.842 -43.793 89.111 -19.684 353.394 785.98 28.381 798.95 827.332 488.129 521.393 1112.213 650.482 -5000 -3.662 -1828.461 16.022 -16.785 5.646 341.492 182.343 639.954 1131.897 91.4 -1407.928 558.167 158.081 25.635 18.463 54.321 2544.25 2501.373 2111.664 1737.061 1380.615 1018.372 662.231 -202.942 12.817 62.714 67.902 7.172 -332.031 -677.948 -1017.456 -1361.389 -1700.745 -2040.1 -2375.488 -2700.653 465.393 747.223 415.955 60.12 5.646 -351.257 -706.787 529 440 807 29.18 29.99 116 20 2408 1 034
6033259 7497 2025/12/25 18:51:45 P18 74.11 25.19 0 7.87 38.45 965.63 963.98 354.614 573.73 4094.391 648.499 677.643 929.26 428.619 -6.104 -24.109 97.656 -18.768 351.257 785.675 28.381 796.814 827.637 487.823 520.935 1107.483 650.635 -5000 -8.85 -1826.019 -3.204 -16.785 6.104 340.118 181.885 638.58 1129.761 100.861 -1413.269 557.404 157.166 16.022 15.259 54.321 2545.776 2501.373 2114.716 1744.385 1389.16 1028.137 671.997 -198.364 9.46 58.899 68.359 3.357 -332.794 -678.864 -1014.709 -1358.032 -1697.388 -2035.37 -2369.232 -2700.195 462.189 750.58 414.429 59.814 3.815 -346.375 -698.242 550 445 807 29.23 29.95 115 20 2408 1 034
6033260 7497 2025/12/25 18:51:46 P18 74.15 25.36 0 8.1 38.52 965.6 963.97 355.072 574.341 4084.473 645.905 676.88 928.65 428.162 -56.152 -10.681 69.122 -17.09 350.494 784.607 28.381 796.356 828.552 486.45 518.799 1101.837 649.109 -5000 1.068 -1820.679 38.452 -16.022 7.019 340.271 180.054 636.292 1128.845 122.528 -1408.691 555.115 157.166 19.073 16.327 54.321 2549.591 2499.847 2115.631 1742.249 1386.108 1023.56 664.978 -195.465 14.496 53.101 69.122 6.714 -331.879 -675.201 -1014.862 -1357.574 -1698.303 -2039.185 -2375.946 -2701.263 463.867 743.103 416.718 60.272 3.052 -350.037 -703.735 540 445 809 29.2 29.99 115 20 2408 1 034
6033261 7497 2025/12/25 18:51:47 P18 74.19 25.34 0 7.91 38.45 965.6 963.98 354.156 574.188 4085.388 643.158 674.286 928.345 428.925 48.981 -20.599 70.648 -16.327 349.579 781.403 27.466 794.373 829.773 483.704 519.104 1103.516 647.736 -5000 1.068 -1813.507 23.193 -15.869 6.714 338.745 178.986 635.223 1127.472 109.558 -1407.013 553.284 156.708 19.989 16.632 53.864 2546.082 2499.542 2109.68 1732.483 1372.681 1006.622 651.245 -190.125 13.885 51.117 69.122 7.629 -332.794 -677.49 -1019.745 -1364.288 -1703.949 -2042.389 -2381.744 -2707.672 461.884 749.817 415.497 58.594 5.035 -350.037 -708.008 555 445 811 29.25 30.06 114 20 2408 1 034
6033262 7497 2025/12/25 18:51:48 P18 74.18 25.26 0 7.97 38.55 965.63 963.98 355.53 574.188 4093.018 638.885 673.065 922.241 428.619 39.978 -19.989 93.079 -18.005 347.9 783.691 27.618 793.152 829.62 481.415 520.02 1098.938 648.346 -5000 3.51 -1806.183 1.373 -14.801 6.256 338.44 178.528 634.155 1124.878 101.166 -1405.334 549.622 156.86 16.937 13.733 54.169 2548.218 2499.847 2115.784 1744.537 1389.771 1027.679 671.539 -188.446 14.496 41.504 68.512 7.172 -331.421 -674.896 -1013.031 -1355.591 -1695.251 -2034.149 -2367.859 -2695.312 461.731 747.528 415.649 61.035 6.104 -347.748 -700.378 542 445 811 29.16 30.1 114 20 2408 1 034
6033263 7497 2025/12/25 18:51:49 P18 74.24 25.29 0 7.95 38.44 965.6 963.97 357.971 574.341 4092.865 635.529 673.523 921.631 428.314 -45.929 5.646 61.798 -18.768 346.375 780.029 26.855 790.71 827.637 479.279 518.188 1096.954 644.836 -5000 -11.444 -1798.248 -1.678 -16.479 4.73 337.982 178.223 632.172 1120.605 86.365 -1407.776 552.063 159.607 21.362 17.548 54.016 2544.861 2500.153 2114.868 1741.18 1384.735 1020.966 662.537 -179.749 10.071 33.264 68.359 5.951 -330.505 -674.438 -1013.336 -1356.659 -1696.93 -2035.675 -2374.725 -2700.195 462.189 747.986 415.344 59.662 3.815 -348.053 -701.752 542 445 811 29.19 30.12 114 20 2408 1 034
6033264 7497 2025/12/25 18:51:50 P18 74.28 25.26 0 7.93 38.54 965.64 963.96 357.361 574.341 4087.219 640.411 669.556 922.089 428.772 -66.986 25.635 88.043 -19.073 345.764 782.928 26.245 790.253 830.383 477.142 516.51 1093.14 643.463 -5000 -2.747 -1788.025 -45.776 -16.174 7.477 337.524 177.307 630.646 1119.69 88.806 -1410.065 550.995 156.097 26.855 22.583 53.253 2548.828 2501.068 2110.291 1730.347 1373.444 1009.216 652.466 -174.255 9.918 30.975 68.665 3.51 -335.999 -680.847 -1021.423 -1365.204 -1706.848 -2045.593 -2385.101 -2709.961 460.815 748.901 413.818 57.678 3.51 -350.189 -707.855 550 450 816 29.22 30.12 113 20 2408 1 034
6033265 7497 2025/12/25 18:51:51 P18 74.39 25.33 0 8.05 38.64 965.62 963.97 357.971 573.883 4089.661 635.376 668.64 918.732 428.467 126.038 -9.766 85.297 -16.785 344.086 782.776 24.719 788.422 831.604 474.854 515.594 1092.224 642.548 -5000 7.019 -1788.635 -28.076 -16.174 7.477 336.761 177.307 627.594 1117.249 103.912 -1406.403 548.859 156.25 25.024 22.43 54.474 2542.725 2501.373 2118.683 1744.537 1390.381 1029.51 671.234 -170.746 12.97 31.738 66.376 5.798 -334.167 -675.812 -1012.726 -1355.896 -1693.573 -2030.64 -2367.249 -2691.956 460.968 747.528 415.344 62.408 4.73 -347.595 -697.937 551 450 821 29.22 30.12 113 20 2408 1 034
6033266 7497 2025/12/25 18:51:52 P18 74.21 25.33 0 7.95 38.48 965.62 963.96 357.971 574.036 4086.456 635.986 668.182 916.29 428.772 58.136 25.482 72.479 -17.548 343.475 780.64 25.94 786.896 831.604 472.87 514.984 1086.884 641.632 -5000 11.139 -1778.107 -15.411 -15.564 6.409 337.677 175.781 627.441 1115.723 113.068 -1406.708 548.401 154.877 23.651 16.632 53.864 2548.523 2500.916 2114.105 1741.028 1383.82 1019.44 661.316 -164.948 12.97 38.147 69.733 5.341 -328.979 -673.523 -1013.184 -1353.912 -1696.32 -2036.285 -2373.505 -2700.806 460.815 748.901 414.734 61.493 7.324 -345.612 -701.141 542 450 821 29.19 30.17 112 20 2408 1 034
6033267 7497 2025/12/25 18:51:53 P18 74.15 25.34 0 7.92 38.43 965.61 963.97 359.192 573.578 4087.982 632.324 665.436 917.053 428.925 59.814 19.379 87.433 -17.395 341.949 778.809 24.719 784.76 832.52 471.191 515.9 1085.815 638.733 -5000 11.139 -1771.851 42.877 -16.022 7.935 335.846 175.629 624.237 1115.265 88.043 -1407.318 546.112 155.182 20.142 23.346 54.321 2543.182 2500.763 2110.138 1730.804 1371.765 1005.096 649.414 -162.354 12.054 40.436 69.427 1.984 -332.489 -678.864 -1019.44 -1363.678 -1704.712 -2043.61 -2382.355 -2708.13 458.679 749.512 414.429 59.204 6.104 -350.647 -708.008 551 455 826 29.22 30.29 111 20 2408 1 034
6033268 7497 2025/12/25 18:51:54 P18 74.22 25.27 0 7.93 38.58 965.61 963.96 359.955 573.12 4091.797 628.51 664.368 915.527 429.077 15.259 -36.621 76.599 -19.684 341.187 779.266 24.261 784.607 832.214 468.445 513.916 1080.322 638.123 -5000 10.834 -1763.306 -11.597 -16.327 8.087 335.846 174.713 622.559 1111.908 92.621 -1405.334 543.823 153.503 21.057 25.94 54.779 2543.488 2500.916 2112.427 1737.061 1381.378 1017.151 661.926 -156.86 10.986 42.114 71.106 4.272 -331.573 -677.185 -1016.846 -1361.084 -1701.202 -2040.1 -2376.404 -2700.653 457.306 748.749 415.649 58.746 5.188 -344.849 -703.125 532 460 828 29.23 30.24 111 20 2408 1 034
6033269 7497 2025/12/25 18:51:55 P18 74.26 25.29 0 8.1 38.67 965.62 963.96 359.497 573.883 4085.846 623.169 664.368 911.56 428.619 -67.291 -10.681 67.139 -17.395 339.813 780.029 24.414 782.318 833.282 467.072 511.169 1077.881 637.665 -5000 9.613 -1756.287 67.596 -15.869 7.324 335.388 173.645 622.559 1110.687 107.574 -1409.912 544.128 154.419 17.395 16.327 52.643 2549.286 2500.763 2115.021 1741.333 1384.888 1020.355 662.079 -156.86 13.428 53.101 69.275 6.409 -330.505 -674.744 -1014.557 -1358.337 -1697.845 -2037.811 -2375.336 -2701.721 458.984 747.986 415.344 63.019 5.341 -345.764 -700.684 551 460 831 29.18 30.17 110 20 2408 1 034
6033270 7497 2025/12/25 18:51:56 P18 74.16 25.29 0 8.04 38.61 965.62 963.96 361.176 574.036 4087.982 619.354 661.469 914.001 428.619 -26.55 -20.142 84.686 -18.005 339.661 777.13 24.109 780.64 834.351 464.783 511.78 1076.05 635.071 -5000 6.714 -1748.047 17.395 -17.242 8.545 334.167 173.34 621.033 1104.889 111.237 -1408.081 543.365 154.419 20.905 19.989 54.169 2541.046 2501.221 2109.985 1731.873 1370.392 1005.402 649.567 -145.721 12.817 47.15 70.038 4.272 -333.405 -678.558 -1018.982 -1363.068 -1705.017 -2044.067 -2382.05 -2707.672 458.679 749.054 414.124 57.22 6.561 -351.715 -708.771 542 465 833 29.2 30.24 110 19 2408 1 034
6033271 7497 2025/12/25 18:51:57 P18 74.29 25.29 0 7.88 38.61 965.62 963.99 362.244 572.052 4092.865 614.166 661.316 911.255 429.077 75.684 -17.09 68.207 -18.768 336.914 777.74 23.651 779.419 833.282 463.257 508.881 1072.54 635.529 -5000 2.136 -1740.57 -1.678 -16.327 8.392 334.32 173.035 617.981 1107.788 125.732 -1409.607 543.213 151.978 23.193 21.973 52.948 2546.387 2501.678 2112.274 1736.298 1379.7 1016.083 659.485 -142.212 12.207 54.169 67.902 6.714 -336.304 -680.237 -1018.524 -1363.678 -1703.644 -2042.847 -2381.439 -2703.705 456.238 748.291 415.497 57.831 4.883 -352.478 -707.855 556 465 835 29.2 30.09 109 19 2408 1 034
6033272 7497 2025/12/25 18:51:58 P18 74.22 25.32 0 7.88 38.61 965.61 963.96 361.938 573.73 4090.424 615.845 658.722 909.424 428.925 -139.008 -35.095 98.572 -18.311 336.761 777.74 22.43 777.588 835.114 461.121 509.644 1069.031 632.629 -5000 1.221 -1738.586 59.967 -16.632 9.308 333.405 171.356 616.608 1103.973 116.425 -1408.997 540.009 152.283 22.125 28.381 54.016 2542.572 2501.526 2114.563 1742.249 1385.956 1023.865 665.283 -137.634 13.733 50.659 68.817 6.409 -330.048 -674.133 -1013.641 -1356.506 -1695.709 -2035.065 -2373.047 -2698.975 456.696 746.613 415.649 60.883 4.272 -348.816 -694.885 547 465 835 29.19 30.22 109 19 2408 1 034
6033273 7497 2025/12/25 18:51:59 P18 74.26 25.23 0 8 38.7 965.59 963.98 363.159 573.425 4091.187 610.199 658.112 908.356 428.619 102.081 -41.504 76.599 -16.632 335.541 777.283 22.43 777.435 836.487 458.832 507.965 1066.895 633.392 -5000 9.918 -1733.093 57.526 -15.869 9.308 333.862 170.746 615.082 1102.448 100.555 -1408.234 538.635 154.114 16.479 22.888 54.321 2547.913 2500.916 2113.495 1735.077 1377.716 1009.369 652.618 -132.446 13.58 51.422 67.749 2.899 -331.573 -675.659 -1016.998 -1362.305 -1704.712 -2042.389 -2381.744 -2706.909 456.543 747.375 415.955 59.357 5.951 -350.647 -706.482 547 465 835 29.22 30.32 108 19 2408 1 034
6033274 7497 2025/12/25 18:52:00 P18 74.24 25.3 0 8.14 38.54 965.59 963.97 362.091 572.968 4089.508 612.946 657.196 905.151 429.23 -119.019 -27.771 91.4 -18.311 335.693 778.198 21.973 775.757 837.097 456.543 508.728 1063.08 630.798 -5000 9.766 -1724.854 24.261 -16.479 8.698 333.405 170.593 613.251 1099.091 94.452 -1402.74 538.94 153.503 27.924 21.057 54.321 2543.03 2501.221 2109.985 1731.72 1374.207 1008.301 654.449 -126.953 10.681 54.016 68.054 5.646 -335.693 -682.373 -1022.034 -1365.814 -1705.627 -2045.746 -2384.338 -2707.672 453.796 746.155 414.886 60.883 5.493 -351.41 -710.297 552 460 839 29.22 30.4 108 19 2408 1 034
6033275 7497 2025/12/25 18:52:01 P18 74.29 25.22 0 8.07 38.49 965.61 963.96 363.007 573.425 4091.797 610.809 657.349 899.2 429.077 -36.163 -41.962 80.414 -17.242 332.947 777.283 21.21 774.078 836.182 455.017 508.575 1061.096 630.951 -5000 19.531 -1717.529 -29.907 -15.106 8.24 333.099 169.22 613.708 1093.597 106.354 -1408.997 537.262 150.909 19.989 23.804 54.016 2547.455 2500.153 2113.495 1737.671 1382.446 1018.982 662.689 -123.138 9.308 48.065 70.648 3.052 -331.879 -677.338 -1015.32 -1359.863 -1699.829 -2037.354 -2375.946 -2698.822 455.322 747.375 413.666 57.526 6.714 -347.29 -701.904 544 465 843 29.22 30.4 108 19 2408 1 034
6033276 7497 2025/12/25 18:52:02 P18 74.3 25.25 0 7.8 38.61 965.62 963.97 362.549 573.12 4090.576 599.976 654.297 902.557 429.382 -51.88 -21.667 79.956 -19.073 333.557 772.705 21.362 772.705 838.165 452.271 505.524 1058.35 628.815 -5000 17.09 -1715.546 -14.191 -16.479 10.223 332.794 169.067 610.657 1096.497 95.215 -1410.065 536.499 149.994 24.261 19.226 54.016 2543.945 2502.441 2112.579 1739.502 1380.463 1015.167 656.738 -124.359 9.918 48.523 69.58 2.136 -331.421 -675.812 -1015.167 -1357.422 -1699.066 -2037.354 -2375.793 -2702.484 457.764 748.749 414.429 60.883 7.324 -347.29 -702.515 543 465 845 29.22 30.32 108 19 2408 1 034
6033277 7497 2025/12/25 18:52:03 P18 74.22 25.33 0 7.87 38.56 965.59 963.97 365.143 574.188 4084.167 599.213 652.924 901.794 428.619 91.553 21.515 90.027 -16.022 332.336 774.841 20.752 771.484 838.318 450.592 504.15 1057.434 628.357 -5000 8.698 -1704.712 5.035 -15.717 9.918 332.184 169.22 609.436 1095.123 110.779 -1407.318 535.736 148.621 23.651 25.635 54.474 2545.776 2501.526 2106.781 1728.516 1370.392 1002.35 647.43 -122.986 13.428 54.321 68.97 5.035 -344.849 -686.798 -1026.611 -1369.629 -1708.374 -2049.408 -2387.695 -2712.097 454.254 746.918 413.971 56.915 4.272 -354.156 -712.128 553 465 845 29.26 30.39 107 19 2408 1 034
6033278 7497 2025/12/25 18:52:04 P18 74.26 25.34 0 8.1 38.61 965.61 963.96 364.38 572.662 4090.576 595.703 652.008 899.2 429.077 66.681 25.177 64.545 -17.7 333.862 774.078 19.989 770.569 839.691 448.608 502.93 1054.382 626.221 -5000 16.479 -1693.268 -5.188 -17.395 9.918 331.573 167.999 607.147 1091.309 102.234 -1408.691 534.363 149.231 20.905 14.191 55.389 2543.64 2502.899 2110.138 1734.161 1379.852 1015.32 660.706 -115.509 12.512 45.166 68.207 5.493 -334.473 -678.101 -1018.524 -1361.237 -1702.423 -2041.473 -2377.472 -2702.637 455.017 746.918 414.886 58.441 4.425 -348.511 -704.956 539 460 848 29.23 30.3 107 19 2408 1 034
6033279 7497 2025/12/25 18:52:05 P18 74.32 25.26 0 7.88 38.61 965.63 963.95 365.143 573.12 4088.898 594.025 651.398 895.081 429.84 116.272 12.054 75.836 -18.768 330.963 772.552 20.142 769.196 835.571 446.777 503.387 1049.957 624.695 -5000 17.853 -1693.268 46.082 -16.785 9.613 331.421 166.931 605.621 1090.088 103.455 -1410.828 534.21 149.841 24.109 24.719 53.711 2543.335 2501.221 2114.258 1741.028 1388.245 1025.848 670.166 -112 12.512 55.389 69.733 3.052 -333.099 -676.727 -1016.235 -1359.1 -1699.066 -2037.048 -2372.284 -2698.212 455.627 747.375 409.851 59.967 5.341 -346.069 -702.972 544 460 848 29.18 30.46 106 19 2408 1 034
6033280 7497 2025/12/25 18:52:06 P18 74.32 25.4 0 8.02 38.61 965.62 963.97 366.669 573.883 4081.726 594.635 651.093 894.775 428.925 0.305 -42.572 77.209 -18.005 330.353 773.773 19.989 768.127 839.233 445.099 501.251 1047.821 624.542 -5000 9.46 -1689.301 18.311 -13.275 10.529 330.963 166.626 606.537 1089.325 109.711 -1410.522 529.175 150.146 23.041 23.193 53.558 2549.438 2500 2111.969 1734.009 1374.817 1008.759 651.855 -109.711 9.003 50.507 66.986 3.815 -332.642 -678.864 -1018.829 -1361.847 -1703.186 -2042.694 -2382.355 -2707.062 453.033 745.392 413.513 57.22 4.272 -350.952 -707.855 552 465 852 29.22 30.35 106 19 2408 1 034
6033281 7497 2025/12/25 18:52:07 P18 74.25 25.25 0 8.15 38.68 965.57 963.99 366.058 573.883 4080.963 588.989 650.635 891.724 428.619 -71.869 -31.128 70.953 -17.7 329.285 774.078 19.073 766.754 839.386 442.963 500.641 1045.227 622.864 -5000 15.564 -1683.044 105.591 -14.801 10.986 330.963 166.016 604.706 1088.867 115.356 -1410.828 530.548 149.841 23.346 17.395 53.864 2548.218 2500.153 2107.849 1729.584 1371.002 1005.249 651.855 -107.422 12.207 50.659 68.817 8.087 -337.067 -682.526 -1023.102 -1366.272 -1707.611 -2046.204 -2384.338 -2708.893 452.576 742.34 415.955 56.763 4.12 -352.936 -710.754 555 465 852 29.23 30.37 105 19 2408 1 034
6033282 7497 2025/12/25 18:52:08 P18 74.25 25.3 0 8.15 38.69 965.63 963.99 366.364 572.968 4090.424 586.7 647.583 892.334 428.619 -42.725 -29.449 94.452 -18.311 324.554 771.637 18.616 764.465 837.25 441.132 500.946 1042.633 621.796 -5000 1.526 -1677.094 53.864 -16.937 10.529 330.811 164.948 602.112 1086.578 95.978 -1409.149 529.785 148.926 21.515 18.005 52.795 2544.25 2502.594 2111.359 1737.213 1381.531 1018.372 663.757 -101.776 10.529 56.305 70.801 1.678 -332.489 -678.253 -1015.167 -1359.253 -1699.982 -2037.811 -2373.962 -2699.585 451.355 746.46 413.208 57.678 5.035 -344.849 -700.684 557 465 855 29.23 30.48 105 19 2408 1 034
6033283 7497 2025/12/25 18:52:09 P18 74.28 25.33 0 8.04 38.72 965.61 963.97 366.211 572.968 4079.132 587.158 646.515 890.35 428.619 33.264 -2.136 74.921 -18.463 326.843 770.569 18.921 764.16 841.522 439.301 499.268 1040.802 621.796 -5000 7.782 -1669.464 17.548 -14.801 10.986 330.2 164.337 601.501 1085.358 110.474 -1411.285 527.039 148.01 20.294 14.954 53.253 2547.607 2500.916 2115.784 1738.586 1383.972 1018.524 659.027 -99.64 12.97 56.458 67.291 6.866 -332.336 -676.88 -1014.862 -1359.863 -1700.287 -2040.71 -2379.15 -2703.552 451.813 744.171 414.429 59.357 5.188 -348.511 -702.515 556 465 855 29.16 30.47 104 19 2408 1 034
6033284 7497 2025/12/25 18:52:10 P18 74.35 25.32 0 7.97 38.72 965.59 963.97 366.364 572.815 4089.661 584.412 644.684 893.402 429.077 -90.179 -0.458 76.141 -18.463 325.775 771.79 18.311 761.719 842.59 437.012 499.115 1037.598 620.27 -5000 8.545 -1661.53 -34.027 -16.174 10.986 330.2 164.032 598.45 1080.933 110.626 -1410.98 527.802 146.027 23.193 14.343 53.406 2544.098 2500.153 2110.901 1731.262 1373.291 1007.538 649.719 -95.367 8.24 57.678 68.665 3.357 -332.489 -677.338 -1017.914 -1362.457 -1703.491 -2043.762 -2382.507 -2707.062 455.017 746.918 414.124 58.899 7.172 -348.206 -705.872 556 460 855 29.23 30.3 104 19 2408 1 034
6033285 7497 2025/12/25 18:52:11 P18 74.24 25.2 0 8.05 38.63 965.64 963.96 365.601 569.763 4085.693 582.733 643.921 888.367 428.772 142.822 2.899 70.496 -16.785 326.233 772.4 15.564 761.261 843.048 435.486 498.81 1035.919 618.896 -5000 9.003 -1657.41 -6.409 -16.479 10.681 328.827 163.422 599.213 1078.033 124.969 -1411.285 526.428 146.179 20.447 17.7 52.643 2547.607 2500 2110.291 1732.635 1374.512 1009.674 655.365 -92.926 10.834 50.049 67.902 4.883 -336.761 -681.763 -1021.423 -1364.441 -1705.475 -2044.525 -2382.05 -2706.451 450.897 744.476 413.971 55.237 4.272 -351.715 -707.855 545 465 859 29.23 30.3 104 19 2408 1 034
6033286 7497 2025/12/25 18:52:12 P18 74.29 25.32 0 7.99 38.66 965.6 963.98 367.737 574.188 4082.947 583.344 642.548 886.23 429.077 -79.041 1.373 65.46 -16.632 323.334 769.958 17.242 759.735 842.896 433.807 496.979 1029.358 619.049 -5000 2.289 -1646.423 25.177 -16.785 11.444 329.285 162.354 596.161 1080.322 95.367 -1412.354 525.818 146.027 21.515 18.005 52.032 2545.624 2501.678 2113.037 1735.535 1379.547 1018.219 661.621 -86.823 11.292 34.943 68.665 6.866 -332.794 -677.948 -1017.151 -1361.542 -1702.271 -2040.558 -2378.998 -2701.721 449.829 743.561 414.886 58.899 4.883 -348.511 -704.193 549 465 859 29.22 30.53 103 19 2408 1 034
6033287 7497 2025/12/25 18:52:13 P18 74.26 25.29 0 8.04 38.74 965.6 963.98 368.195 572.51 4086.761 579.987 641.327 887.756 428.619 91.858 -0.458 84.381 -18.005 321.96 769.348 16.174 759.125 843.964 432.129 496.063 1028.595 616.15 -5000 5.035 -1642.914 11.292 -16.327 11.597 328.217 162.354 595.398 1075.134 102.692 -1409.607 524.139 145.416 24.261 18.311 52.948 2541.046 2501.984 2114.563 1739.349 1382.446 1017.151 659.18 -85.449 11.749 53.253 67.749 8.24 -331.879 -675.964 -1014.404 -1359.253 -1698.761 -2037.659 -2375.488 -2701.263 449.829 743.713 415.802 59.814 5.493 -350.189 -704.041 554 465 860 29.2 30.52 103 19 2408 1 034
6033288 7497 2025/12/25 18:52:14 P18 74.24 25.27 0 8.02 38.71 965.63 963.98 367.889 571.899 4087.067 574.493 642.09 878.448 428.925 -15.869 -34.027 75.226 -18.616 321.96 767.517 16.632 757.294 844.269 429.993 497.437 1027.374 615.387 -5000 14.954 -1641.846 -37.842 -17.242 11.139 328.827 161.743 593.414 1072.083 103.302 -1410.675 523.987 144.348 22.736 20.752 53.711 2543.182 2501.678 2111.053 1732.635 1372.681 1007.233 648.956 -85.297 12.665 33.112 67.291 6.866 -334.015 -680.237 -1020.813 -1364.441 -1706.085 -2045.288 -2384.186 -2709.198 448.914 743.561 408.325 57.068 4.12 -351.41 -708.923 540 460 860 29.19 30.51 103 19 2408 1 034
6033289 7497 2025/12/25 18:52:15 P18 74.32 25.27 0 8.09 38.6 965.61 963.99 369.72 572.662 4089.966 575.256 640.106 878.906 428.619 112.61 -14.801 68.207 -18.158 320.892 770.416 14.648 756.989 843.658 428.619 496.216 1022.491 614.319 -5000 11.597 -1630.402 61.798 -13.885 11.902 327.911 162.048 592.957 1072.54 106.812 -1407.928 523.071 142.517 18.311 21.057 53.406 2546.997 2500.458 2108.307 1731.72 1374.207 1008.759 655.06 -78.735 13.58 48.37 69.275 7.629 -333.557 -680.237 -1020.508 -1364.288 -1706.39 -2046.204 -2383.881 -2709.045 450.592 744.629 414.734 55.847 5.188 -353.394 -710.602 546 460 861 29.25 30.53 102 19 2408 1 034
6033290 7497 2025/12/25 18:52:16 P18 74.25 25.38 0 7.91 38.64 965.61 963.96 368.347 570.984 4079.895 570.831 638.123 881.653 428.619 -98.114 -32.806 97.046 -17.7 319.977 767.517 15.717 755.768 844.421 426.178 493.774 1023.865 614.624 -5000 11.902 -1624.451 15.106 -16.022 12.054 327.606 160.37 590.82 1073.608 119.934 -1412.201 521.698 142.059 25.94 17.7 49.896 2546.844 2501.068 2114.41 1743.011 1388.397 1026.459 668.64 -74.768 10.986 47.76 69.58 4.73 -329.437 -674.744 -1012.421 -1355.133 -1694.946 -2033.691 -2369.385 -2697.144 449.524 745.087 412.75 61.035 7.324 -344.391 -697.784 555 460 862 29.22 30.56 102 19 2408 1 034
6033291 7497 2025/12/25 18:52:17 P18 74.33 25.29 0 8.15 38.7 965.63 963.98 369.415 572.815 4088.287 565.338 637.817 876.617 429.382 25.33 -49.438 77.972 -18.616 318.146 760.04 14.801 754.547 844.116 424.5 495.3 1019.897 612.946 -5000 -0.458 -1622.009 89.569 -14.801 11.597 326.996 161.438 589.294 1068.42 120.392 -1411.438 520.935 142.365 17.548 17.09 53.253 2545.471 2501.221 2113.037 1739.349 1383.667 1020.05 662.231 -73.09 15.411 38.147 65.918 4.73 -330.048 -675.812 -1015.167 -1358.795 -1699.524 -2039.032 -2376.099 -2703.4 447.693 746.307 414.124 59.052 5.341 -347.29 -701.752 546 465 862 29.23 30.45 101 18 2408 1 034
6033292 7497 2025/12/25 18:52:18 P18 74.28 25.25 0 8.17 38.71 965.6 963.98 366.821 571.594 4082.336 566.254 636.139 878.296 429.23 -24.261 1.526 75.378 -17.09 318.909 768.585 15.564 753.174 845.642 422.668 492.096 1017.456 614.929 -5000 12.207 -1617.126 60.883 -15.564 12.36 327.301 160.217 588.531 1067.047 104.523 -1411.285 519.714 141.602 19.836 21.057 53.711 2548.981 2500.916 2110.596 1733.246 1372.07 1005.402 648.956 -73.09 14.954 38.452 69.427 7.324 -334.015 -678.558 -1019.745 -1364.441 -1706.238 -2045.898 -2384.491 -2709.198 450.287 746.307 414.276 58.136 6.409 -352.325 -708.923 559 470 862 29.22 30.57 101 18 2408 1 034
6033293 7497 2025/12/25 18:52:19 P18 74.25 25.22 0 7.95 38.74 965.6 963.97 369.263 572.357 4081.421 561.218 635.529 874.176 429.077 -78.278 8.24 97.656 -18.005 317.078 764.771 15.564 751.953 847.015 421.906 492.554 1015.625 610.046 -5000 3.204 -1612.396 78.888 -14.801 14.191 326.691 158.997 587.921 1067.505 98.419 -1409.302 519.562 142.975 20.905 15.411 53.406 2544.708 2499.847 2109.375 1732.178 1374.054 1003.571 652.924 -71.411 11.902 37.384 67.291 6.866 -332.947 -679.016 -1019.897 -1365.356 -1705.78 -2044.067 -2383.27 -2705.383 448.914 743.256 410.156 56.305 4.73 -350.037 -706.329 548 460 864 29.2 30.64 101 18 2408 1 034
6033294 7497 2025/12/25 18:52:20 P18 74.26 25.26 0 7.92 38.74 965.62 963.97 369.415 572.815 4089.355 559.54 635.376 871.429 429.23 78.583 12.207 102.539 -18.616 315.552 765.381 16.022 750.732 845.947 419.617 491.028 1011.81 609.589 -5000 4.12 -1604.309 15.564 -14.191 12.054 326.538 158.844 585.175 1064.758 104.065 -1410.065 518.036 141.449 21.362 24.719 52.948 2545.166 2500.305 2118.073 1743.622 1389.313 1026.611 668.182 -66.223 10.681 46.234 68.512 4.73 -331.268 -675.354 -1012.421 -1356.659 -1696.625 -2035.065 -2371.979 -2697.754 447.235 743.561 414.581 60.12 4.425 -346.375 -698.547 548 460 864 29.23 30.65 100 18 2408 1 034
6033295 7497 2025/12/25 18:52:21 P18 74.32 25.26 0 7.99 38.74 965.62 963.97 369.568 571.289 4087.524 559.692 633.85 875.854 428.772 14.801 9.918 81.787 -18.158 317.23 764.618 15.411 749.512 848.999 417.786 492.096 1010.132 607.91 -5000 5.035 -1599.579 11.902 -16.785 12.207 325.775 158.386 584.412 1060.333 106.049 -1409.454 516.815 140.686 24.261 19.684 53.711 2543.182 2501.373 2113.495 1739.502 1383.514 1018.372 660.858 -63.019 7.477 49.744 69.427 0.916 -330.658 -675.507 -1014.404 -1359.1 -1700.287 -2039.642 -2378.235 -2704.62 447.998 744.171 414.124 59.509 4.272 -345.306 -701.141 555 465 865 29.19 30.61 100 18 2408 1 034
6033296 7497 2025/12/25 18:52:22 P18 74.3 25.22 0 7.85 38.74 965.63 963.97 369.72 572.662 4090.271 552.826 632.324 872.345 428.467 50.659 9.308 91.248 -18.005 314.178 765.686 14.343 747.833 847.473 415.192 489.655 1008.301 609.131 -5000 3.51 -1592.255 75.073 -15.869 12.054 326.538 158.691 582.581 1061.859 93.689 -1410.217 515.594 139.923 23.499 25.635 54.016 2546.692 2502.289 2106.018 1729.584 1371.46 1006.165 650.024 -62.866 13.58 50.964 68.817 6.561 -332.489 -676.422 -1018.829 -1363.068 -1704.407 -2044.83 -2382.812 -2710.571 448.761 745.239 414.276 56.61 5.646 -353.088 -708.923 547 470 866 29.19 30.61 100 18 2408 1 034
6033297 7497 2025/12/25 18:52:23 P18 74.22 25.3 0 8.05 38.79 965.65 963.97 373.23 572.357 4080.811 549.011 631.104 870.667 429.23 11.139 -15.869 114.746 -18.311 313.721 763.702 15.564 747.375 848.541 414.886 489.502 1005.859 606.079 -5000 7.935 -1586.304 -7.477 -14.954 12.97 325.47 157.776 582.581 1061.401 105.286 -1412.201 515.747 140.839 20.294 22.583 52.643 2545.013 2500.763 2115.631 1741.943 1387.939 1025.543 667.114 -55.389 13.123 43.64 68.359 7.782 -324.707 -670.776 -1009.216 -1354.065 -1693.726 -2032.166 -2367.096 -2694.092 446.93 743.713 414.276 60.577 5.646 -345.612 -699.615 551 475 866 29.22 30.51 99 18 2408 1 034
6033298 7497 2025/12/25 18:52:24 P18 74.26 25.17 0 7.97 38.84 965.62 963.97 369.873 570.984 4085.236 551.605 629.883 869.751 428.467 34.18 -36.163 100.708 -15.869 313.416 766.144 14.954 746.613 849.152 411.682 488.434 1003.571 605.164 -5000 9.308 -1583.71 51.727 -16.022 12.97 325.012 157.166 581.055 1059.418 109.558 -1410.217 514.221 139.771 21.973 16.174 53.864 2543.03 2501.831 2113.8 1740.723 1385.498 1024.475 668.03 -55.237 8.087 55.695 68.054 7.324 -334.32 -677.338 -1015.015 -1358.643 -1697.845 -2037.659 -2374.42 -2699.89 445.862 743.408 413.666 59.357 3.662 -345.154 -698.547 539 475 866 29.2 30.57 99 18 2408 1 034
6033299 7497 2025/12/25 18:52:25 P18 74.19 25.32 0 7.91 38.71 965.61 963.98 370.178 572.205 4083.405 547.485 629.883 865.479 429.23 25.94 -32.501 92.621 -17.548 314.178 765.381 13.733 744.629 848.541 410.309 486.603 1000.061 604.401 -5000 -5.035 -1580.963 61.798 -15.259 12.665 325.317 157.013 580.597 1056.824 89.417 -1411.896 513.153 139.923 21.515 27.008 52.338 2546.997 2500.61 2113.342 1738.281 1379.242 1012.878 655.67 -48.981 12.36 37.689 70.648 6.104 -330.2 -675.049 -1015.93 -1359.558 -1699.524 -2039.642 -2377.319 -2703.705 447.083 744.324 413.818 59.509 7.172 -351.562 -703.583 548 465 866 29.16 30.52 98 18 2408 1 034
6033300 7497 2025/12/25 18:52:26 P18 74.25 25.23 0 8 38.86 965.64 963.99 371.552 571.747 4079.895 550.537 627.747 865.936 429.382 -33.417 -47.302 86.67 -17.395 311.584 762.177 13.428 743.408 850.067 409.241 489.349 999.908 603.485 -5000 5.341 -1575.775 27.313 -15.106 13.123 325.47 157.776 579.834 1051.941 101.013 -1407.623 512.238 139.313 18.005 27.161 60.577 2544.403 2500.305 2108.459 1729.126 1370.544 1004.181 646.667 -46.387 7.935 39.062 71.106 2.136 -334.625 -681.152 -1020.813 -1365.662 -1706.39 -2045.441 -2384.949 -2708.13 445.709 741.882 413.208 56.763 2.136 -353.088 -709.381 556 470 866 29.22 30.72 97 18 2408 1 034
6033301 7497 2025/12/25 18:52:27 P18 74.25 25.32 0 7.85 38.82 965.62 963.97 371.094 571.442 4085.083 548.553 627.747 866.699 429.077 4.73 -44.25 70.648 -17.548 310.974 760.803 13.58 742.34 849.609 407.41 488.434 996.552 602.722 -5000 3.204 -1568.756 -13.428 -17.242 12.054 324.402 157.623 577.545 1051.025 109.253 -1408.386 511.475 139.465 19.531 20.905 53.558 2543.488 2502.136 2116.394 1746.521 1390.839 1028.9 674.286 -43.335 13.275 31.128 67.902 6.256 -332.336 -674.896 -1012.268 -1354.828 -1694.489 -2032.471 -2368.317 -2694.702 443.726 740.814 415.955 57.983 4.425 -347.443 -701.599 546 470 866 29.18 30.64 97 18 2408 1 034
6033302 7497 2025/12/25 18:52:28 P18 74.29 25.33 0 7.93 38.84 965.62 963.96 370.483 571.747 4079.742 541.077 626.221 866.241 429.688 29.907 -26.55 71.564 -16.479 309.143 763.397 13.123 741.882 851.288 406.799 484.619 994.568 602.112 -5000 15.106 -1565.857 6.866 -15.411 13.428 323.486 155.792 574.493 1053.162 86.975 -1409.302 510.254 139.16 25.94 18.158 52.948 2546.692 2501.373 2114.258 1740.112 1386.414 1024.628 666.809 -39.825 13.733 49.133 68.054 7.477 -331.268 -675.354 -1014.404 -1358.643 -1698.151 -2037.201 -2375.031 -2699.89 444.946 741.577 413.971 60.272 4.12 -347.443 -702.209 559 475 866 29.22 30.67 97 18 2408 1 034
6033303 7497 2025/12/25 18:52:29 P18 74.26 25.36 0 8.12 38.83 965.62 963.99 371.094 570.221 4089.508 546.265 625.153 864.105 429.23 -36.621 -29.449 80.719 -18.005 308.685 761.719 12.054 740.509 850.677 404.816 487.518 992.432 602.57 -5000 12.36 -1557.617 -9.918 -15.411 12.97 323.639 156.25 575.104 1051.331 102.539 -1408.081 509.338 139.008 20.142 18.311 52.338 2546.844 2500 2114.105 1737.366 1378.632 1012.421 653.839 -38.605 13.885 30.975 67.749 6.104 -332.184 -676.727 -1016.235 -1361.694 -1702.576 -2042.847 -2380.829 -2707.52 445.099 741.577 413.971 57.983 3.662 -349.579 -704.956 543 475 866 29.19 30.56 96 18 2408 1 034
6033304 7497 2025/12/25 18:52:30 P18 74.3 25.29 0 8.02 38.89 965.61 963.97 371.246 570.984 4084.778 537.415 624.39 862.427 429.382 -33.722 8.85 89.874 -17.853 309.601 759.125 12.054 739.288 851.44 402.679 485.535 989.685 600.433 -5000 -0.458 -1554.565 -20.905 -16.632 13.58 323.181 156.25 574.036 1046.143 81.787 -1411.591 508.423 139.16 22.736 16.632 53.101 2543.335 2502.136 2113.19 1738.129 1384.43 1023.102 668.182 -36.316 10.376 44.25 69.275 3.204 -336.151 -681.763 -1018.372 -1363.373 -1701.965 -2038.879 -2375.793 -2698.517 443.42 741.425 415.344 56.458 3.51 -349.274 -703.278 556 475 866 29.19 30.62 96 18 2408 1 034
6033305 7497 2025/12/25 18:52:31 P18 74.25 25.3 0 8.02 38.83 965.61 963.97 370.789 570.068 4086.456 535.889 622.711 853.271 429.077 -42.572 -1.526 84.991 -17.853 306.549 761.719 11.902 738.22 852.966 401.001 483.551 985.107 599.67 -5000 4.425 -1548.615 1.984 -16.479 14.648 323.334 155.182 572.815 1046.448 74.463 -1407.166 507.202 139.618 23.346 20.599 52.338 2542.267 2501.373 2116.852 1742.249 1390.839 1028.9 672.15 -30.67 9.308 56.915 68.359 4.73 -333.71 -677.032 -1016.235 -1357.422 -1696.472 -2033.539 -2369.385 -2694.092 444.489 741.73 413.055 60.12 3.357 -343.17 -695.343 556 475 866 29.22 30.69 96 18 2408 1 034
6033306 7497 2025/12/25 18:52:32 P18 74.25 25.26 0 8.02 38.75 965.63 963.98 371.552 570.374 4086.914 532.379 622.101 861.969 429.84 8.392 2.747 83.923 -18.158 306.091 761.566 10.834 737.152 852.356 399.933 482.483 985.26 598.907 -5000 9.613 -1543.732 -15.564 -14.954 14.038 323.334 156.097 571.594 1047.516 95.062 -1405.64 504.456 139.465 21.057 18.921 52.185 2546.539 2501.526 2114.258 1741.943 1386.719 1023.102 667.114 -27.466 8.85 51.27 70.343 3.815 -328.522 -671.997 -1012.115 -1354.98 -1695.404 -2034.607 -2371.826 -2699.585 443.573 742.95 412.598 61.035 7.629 -343.933 -698.09 547 475 867 29.22 30.69 96 18 2408 1 034
6033307 7497 2025/12/25 18:52:33 P18 74.25 25.25 0 7.95 38.77 965.62 963.98 372.009 571.747 4086.609 530.243 622.406 860.901 429.382 -40.283 2.441 91.705 -18.005 305.176 756.378 10.986 736.084 853.119 398.254 482.33 983.124 598.145 -5000 5.798 -1537.933 76.752 -16.479 14.038 322.571 155.487 569.763 1041.107 106.049 -1411.133 506.592 140.228 16.022 16.174 52.49 2546.082 2501.526 2112.122 1735.992 1377.563 1012.268 655.823 -25.635 12.36 52.338 68.817 8.545 -333.71 -677.185 -1016.083 -1360.321 -1700.134 -2040.558 -2382.812 -2706.757 443.878 741.425 413.361 59.052 5.035 -348.816 -705.566 548 480 868 29.23 30.69 95 17 2408 1 034
6033308 7497 2025/12/25 18:52:34 P18 74.26 25.3 0 7.95 38.9 965.65 963.97 372.162 570.221 4086.304 534.21 620.117 858.002 430.298 28.381 -36.926 65.613 -18.768 305.939 760.498 10.529 735.016 852.203 396.729 481.11 980.377 597.076 -5000 -0.763 -1537.933 -12.817 -16.479 14.038 321.045 154.266 568.542 1042.633 95.825 -1412.201 505.829 140.686 22.278 15.259 51.727 2544.708 2501.526 2111.816 1740.265 1385.956 1024.933 668.488 -25.94 13.123 43.945 67.902 7.019 -330.658 -676.422 -1015.625 -1358.948 -1698.608 -2037.201 -2371.674 -2695.77 442.81 742.34 414.276 58.594 6.256 -349.426 -704.041 536 485 868 29.22 30.75 95 17 2408 1 034
6033309 7497 2025/12/25 18:52:35 P18 74.22 25.26 0 7.99 38.79 965.63 963.98 370.789 569.458 4084.015 532.532 618.744 854.797 429.535 81.787 -10.986 81.787 -18.005 304.26 759.888 10.223 734.253 852.203 395.355 481.567 978.699 595.551 -5000 0.458 -1535.95 57.678 -16.937 14.801 322.418 154.114 568.542 1041.107 91.553 -1412.201 503.693 139.923 22.736 21.057 52.643 2543.182 2500 2117.767 1745.453 1391.144 1028.29 671.997 -22.888 9.613 49.591 65.918 3.357 -330.505 -674.591 -1012.115 -1354.065 -1693.42 -2033.081 -2368.469 -2693.329 440.521 741.882 414.886 59.052 4.883 -346.527 -698.547 558 480 868 29.22 30.79 95 17 2408 1 034
6033310 7497 2025/12/25 18:52:36 P18 74.14 25.34 0 8.12 38.83 965.61 963.99 371.704 571.899 4085.083 531.769 619.659 850.677 429.077 68.207 -5.951 91.705 -18.463 302.887 756.683 11.139 733.49 850.525 393.372 482.635 976.105 594.635 -5000 16.327 -1532.135 3.815 -16.022 14.191 321.96 154.266 567.169 1040.039 93.842 -1411.438 503.693 139.313 21.973 20.142 52.795 2545.166 2500.305 2115.173 1741.943 1385.803 1024.17 665.283 -23.346 12.207 54.932 67.139 6.104 -331.268 -675.659 -1013.947 -1358.032 -1698.151 -2036.438 -2373.962 -2700.5 441.284 740.662 417.023 59.357 3.967 -348.511 -701.294 549 480 868 29.25 30.74 94 17 2408 1 034
6033311 7497 2025/12/25 18:52:37 P18 74.19 25.2 0 8.1 38.86 965.62 963.99 371.246 570.068 4087.372 530.701 617.523 851.593 429.382 23.499 -31.738 53.558 -18.158 302.429 758.362 9.918 732.269 854.187 392.609 481.72 973.663 593.872 -5000 0.305 -1525.116 35.706 -15.106 13.885 320.892 153.809 565.796 1038.513 108.49 -1410.828 502.167 139.313 24.261 26.093 52.032 2545.929 2500.916 2111.664 1737.213 1380.31 1017.456 663.452 -20.142 7.172 41.351 70.801 4.272 -331.726 -677.185 -1016.846 -1360.474 -1700.439 -2039.795 -2375.641 -2700.348 441.895 743.408 413.208 58.899 7.935 -347.748 -703.735 559 485 868 29.2 30.76 94 17 2408 1 034
6033312 7497 2025/12/25 18:52:38 P18 74.26 25.32 0 8.05 38.74 965.61 963.98 372.467 569.763 4081.726 532.379 617.065 852.661 429.535 -40.283 -16.785 82.397 -15.869 302.582 759.43 9.003 732.574 855.255 390.015 482.178 972.9 590.82 -5000 7.172 -1515.808 40.283 -16.022 12.97 320.892 154.114 564.575 1038.513 128.479 -1409.76 501.099 140.381 24.414 24.872 53.101 2543.64 2499.237 2113.953 1741.18 1385.956 1025.543 672.15 -19.226 12.054 54.779 68.207 7.019 -331.573 -677.185 -1014.862 -1358.032 -1697.388 -2035.828 -2370.911 -2696.533 442.657 741.119 415.039 56.763 6.561 -348.816 -702.82 559 485 868 29.19 30.78 94 17 2408 1 034
6033313 7497 2025/12/25 18:52:39 P18 74.24 25.34 0 8.12 38.93 965.61 963.97 372.162 569.763 4084.167 523.834 615.845 853.882 429.23 -64.392 -14.801 71.716 -16.174 302.124 759.583 9.918 730.896 856.018 389.252 478.821 970.612 592.804 -5000 3.204 -1510.925 40.894 -16.632 14.191 320.587 152.893 563.354 1030.426 112.152 -1411.438 500.641 138.245 19.073 18.463 53.406 2548.981 2500.763 2115.479 1743.164 1388.092 1026.764 670.319 -12.817 7.629 60.577 69.885 2.594 -329.59 -673.37 -1012.115 -1354.065 -1693.115 -2032.776 -2367.706 -2694.397 440.521 740.509 414.124 59.357 3.357 -343.17 -697.632 554 490 868 29.22 30.79 93 17 2408 1 034
6033314 7497 2025/12/25 18:52:40 P18 74.15 25.34 0 7.93 38.86 965.63 963.97 372.925 569.153 4085.083 523.071 615.845 852.356 429.535 41.809 0.305 107.422 -18.311 301.056 759.277 9.155 729.828 855.56 387.268 478.363 968.475 591.431 -5000 13.428 -1507.568 22.125 -16.479 14.038 319.824 153.809 561.981 1027.222 94.91 -1409.76 500.946 137.177 20.447 22.43 51.88 2546.387 2500.916 2115.784 1740.875 1383.82 1022.491 662.994 -16.327 12.207 38.147 68.207 7.935 -332.947 -678.101 -1014.862 -1358.185 -1697.235 -2037.811 -2376.556 -2702.026 441.132 739.899 413.513 59.662 6.104 -346.985 -701.141 559 485 868 29.22 30.85 92 17 2408 1 034
6033315 7497 2025/12/25 18:52:41 P18 74.08 25.27 0 8 39.04 965.61 963.98 373.077 569.153 4083.557 520.935 614.166 850.372 430.145 71.411 -18.158 98.877 -16.785 300.751 757.904 9.003 729.065 857.391 385.437 477.753 966.644 592.194 -5000 12.97 -1504.517 56.763 -16.632 14.801 321.045 152.588 562.744 1033.478 92.621 -1410.522 498.352 137.787 19.226 18.616 51.88 2548.065 2500.305 2113.037 1737.213 1381.683 1017.761 662.231 -10.529 13.428 38.147 68.97 6.714 -331.879 -677.185 -1016.693 -1360.779 -1700.592 -2038.727 -2373.352 -2699.738 442.505 741.882 413.513 60.12 5.798 -347.137 -703.125 559 485 868 29.2 30.86 92 17 2408 1 034
6033316 7497 2025/12/25 18:52:42 P18 74.15 25.23 0 8.22 38.89 965.63 963.98 372.62 568.542 4082.489 516.663 614.319 849.304 429.535 -26.245 -0.305 103.302 -18.005 301.208 751.343 9.003 727.692 856.476 383.759 478.516 964.203 589.752 -5000 7.629 -1499.176 -7.019 -16.785 14.191 320.435 152.588 560.455 1028.29 88.043 -1410.675 498.047 137.634 21.362 17.242 53.253 2543.182 2500.305 2116.241 1743.164 1390.381 1026.764 670.471 -5.951 10.986 52.338 69.275 4.883 -332.642 -675.354 -1013.794 -1357.422 -1696.625 -2035.217 -2370.3 -2695.465 441.284 740.662 412.903 58.594 4.12 -348.358 -701.294 548 490 868 29.18 30.78 91 17 2408 1 034
6033317 7497 2025/12/25 18:52:43 P18 74.19 25.25 0 7.95 38.82 965.64 963.98 373.23 569.305 4083.099 518.341 612.183 847.168 429.993 -7.019 -20.447 91.705 -16.785 298.767 757.141 9.155 727.539 857.849 382.385 476.99 962.067 590.82 -5000 -7.477 -1493.683 19.073 -16.022 14.954 319.977 151.978 559.235 1031.036 128.021 -1411.896 496.826 136.871 19.531 13.885 52.032 2547.913 2501.373 2115.021 1742.859 1387.634 1024.933 668.945 -4.73 11.444 41.504 70.496 5.646 -331.879 -675.049 -1013.947 -1357.269 -1697.54 -2036.438 -2371.063 -2698.517 441.284 741.272 413.513 61.188 5.646 -346.069 -699.31 558 490 867 29.18 30.78 91 17 2408 1 034
6033318 7497 2025/12/25 18:52:44 P18 74.12 25.32 0 8.03 38.88 965.64 963.97 371.857 568.848 4080.963 519.562 610.962 846.558 429.535 -71.106 -46.997 85.144 -16.479 298.309 756.073 8.85 726.318 858.459 379.791 477.142 960.388 588.531 -5000 0 -1492.615 -18.616 -16.479 14.801 319.366 152.435 558.624 1030.426 114.136 -1407.166 496.216 135.345 19.989 20.752 53.558 2543.182 2499.847 2112.579 1735.229 1378.174 1013.794 655.823 -5.951 15.106 59.204 67.291 5.951 -335.999 -679.016 -1017.761 -1360.931 -1701.202 -2039.795 -2378.998 -2703.4 439.453 738.068 415.344 59.052 4.272 -348.663 -704.041 558 495 867 29.22 30.91 91 17 2408 1 034
6033319 7497 2025/12/25 18:52:45 P18 74.05 25.22 0 7.93 38.83 965.64 963.96 374.146 569.458 4084.167 514.221 611.572 847.168 429.84 -78.583 -33.264 110.931 -18.311 296.936 753.174 8.698 724.64 857.239 380.402 476.837 957.794 588.379 -5000 -2.899 -1488.953 49.591 -16.632 15.411 318.756 152.13 557.098 1026.611 123.749 -1410.065 496.521 134.125 19.684 19.226 52.49 2546.387 2500.916 2114.105 1740.417 1385.498 1022.644 664.368 -1.831 12.817 32.043 67.444 5.493 -333.557 -677.338 -1016.846 -1360.779 -1699.524 -2037.811 -2373.962 -2697.449 439.148 741.272 414.734 55.695 6.256 -348.969 -701.752 558 495 867 29.2 30.8 91 17 2408 1 034
6033320 7497 2025/12/25 18:52:46 P18 74.12 25.22 0 8.22 38.83 965.65 963.97 371.857 569.763 4073.944 515.137 610.046 843.353 429.23 90.179 -12.97 107.88 -17.548 296.478 752.716 10.986 723.877 857.544 378.876 475.464 954.285 588.074 -5000 10.376 -1484.528 65.918 -15.869 14.648 318.909 150.299 556.488 1027.679 121.918 -1412.201 494.385 134.125 17.09 16.174 52.032 2547.302 2500.916 2118.53 1745.3 1391.754 1028.9 671.997 0.305 13.428 39.825 68.054 5.798 -332.184 -674.896 -1011.963 -1357.269 -1695.709 -2033.844 -2369.537 -2693.787 439.301 739.136 414.429 61.646 3.967 -346.069 -698.547 550 495 867 29.18 30.81 90 17 2408 1 034
6033321 7497 2025/12/25 18:52:47 P18 74.08 25.33 0 8.17 38.9 965.6 964 373.23 569.305 4083.71 508.575 609.894 844.269 430.145 -12.97 -15.869 74.005 -18.311 296.631 755.157 8.698 722.961 858.765 376.74 474.091 954.285 587.463 -5000 5.188 -1476.44 10.986 -16.937 14.954 318.451 151.672 556.488 1023.865 91.248 -1407.623 492.249 132.599 17.09 19.531 51.727 2546.234 2500 2114.258 1740.57 1385.04 1023.712 665.283 0.305 10.681 46.539 69.275 5.951 -331.726 -677.185 -1013.794 -1358.032 -1697.693 -2035.98 -2375.183 -2700.653 437.469 738.678 413.055 58.594 5.341 -348.053 -701.141 558 500 867 29.2 30.94 90 16 2408 1 034
6033322 7497 2025/12/25 18:52:48 P18 74.18 25.27 0 8.02 38.87 965.63 963.99 372.772 568.39 4085.083 503.693 608.215 840.912 429.535 -108.643 -14.801 86.517 -18.616 294.952 753.479 8.392 722.656 858.917 375.824 474.548 949.707 585.938 -5000 3.204 -1470.032 18.616 -15.717 14.801 318.756 151.367 554.352 1024.78 102.844 -1411.133 493.927 132.904 19.531 21.362 52.338 2546.387 2501.221 2111.969 1735.077 1382.599 1017.303 662.842 3.662 8.392 54.626 67.902 2.747 -332.947 -676.727 -1013.794 -1358.185 -1698.608 -2037.659 -2374.878 -2698.975 438.995 740.356 413.513 58.746 4.425 -347.595 -702.82 550 500 867 29.2 30.86 90 16 2408 1 034
6033323 7497 2025/12/25 18:52:49 P18 74.16 25.25 0 8.03 38.74 965.65 963.99 372.009 568.695 4074.86 506.134 608.215 838.013 429.535 76.752 -2.441 96.893 -16.479 294.647 754.242 9.155 721.588 859.222 374.756 473.022 950.928 585.938 -5000 7.324 -1469.116 4.578 -15.564 15.564 317.535 149.841 552.979 1022.186 86.212 -1413.879 492.706 132.599 21.362 24.109 52.032 2546.387 2501.831 2115.936 1742.554 1388.092 1025.696 669.708 4.578 10.376 46.234 66.833 6.409 -332.336 -676.575 -1014.404 -1357.727 -1696.625 -2034.454 -2369.995 -2694.397 437.164 738.068 413.361 56.763 3.967 -347.595 -700.836 554 500 867 29.2 30.81 90 16 2408 1 034
6033324 7497 2025/12/25 18:52:50 P18 74.21 25.37 0 8.15 38.8 965.65 964 374.146 570.068 4074.707 508.575 607.3 834.045 429.688 -45.166 -27.313 71.106 -16.174 294.189 754.395 8.392 720.52 859.07 372.772 473.175 948.639 584.564 -5000 12.207 -1464.081 7.324 -16.022 15.564 317.993 149.689 552.368 1021.729 87.585 -1411.591 491.638 131.989 18.768 23.956 51.117 2549.438 2500.153 2115.784 1741.638 1385.803 1024.017 666.199 10.681 8.698 48.828 67.749 2.899 -330.353 -673.218 -1014.252 -1357.422 -1695.862 -2038.116 -2373.352 -2699.28 436.859 740.509 413.208 62.256 5.341 -345.001 -700.073 551 500 867 29.23 30.91 89 16 2408 1 034
6033325 7497 2025/12/25 18:52:51 P18 74.14 25.4 0 8 38.91 965.62 963.98 374.298 568.695 4075.317 505.981 606.689 841.064 430.145 9.003 -17.242 96.741 -16.937 293.884 754.7 8.24 720.062 859.833 371.246 472.87 946.808 583.801 -5000 4.272 -1458.435 8.85 -17.395 15.564 317.841 149.536 552.521 1019.287 86.823 -1411.591 490.723 132.599 21.973 19.073 51.88 2550.201 2501.678 2113.342 1735.84 1378.326 1011.2 653.687 12.207 8.087 49.438 68.817 3.052 -330.353 -674.744 -1014.099 -1359.1 -1699.524 -2039.642 -2377.93 -2704.163 437.622 738.831 413.666 60.883 6.714 -348.358 -702.972 551 500 867 29.2 30.94 89 16 2408 1 034
6033326 7497 2025/12/25 18:52:52 P18 74.21 25.27 0 8.13 38.99 965.64 963.95 372.772 568.542 4081.268 508.118 605.621 825.348 429.382 -19.379 -13.733 89.569 -17.395 292.053 750.885 7.935 718.231 858.612 369.415 474.243 944.824 585.022 -5000 -6.866 -1453.857 35.4 -15.869 15.259 317.841 149.841 550.995 1017.303 108.948 -1410.217 490.875 131.226 25.024 12.512 52.032 2544.708 2501.373 2114.105 1739.807 1387.177 1025.238 667.572 14.801 8.85 46.844 70.496 3.357 -330.2 -675.201 -1015.32 -1356.964 -1697.845 -2035.828 -2371.216 -2696.228 436.707 739.441 411.987 58.746 5.798 -347.748 -702.362 559 500 867 29.2 30.94 89 15 2408 1 034
6033327 7497 2025/12/25 18:52:53 P18 74.16 25.34 0 8 38.92 965.63 963.96 372.162 569 4081.268 507.812 605.316 833.282 429.382 14.954 -53.558 98.419 -17.853 292.053 751.038 7.935 717.621 860.443 368.042 475.159 940.247 581.36 -5000 0.305 -1451.874 70.19 -15.564 15.564 317.383 149.078 549.469 1014.557 94.299 -1408.997 489.807 129.7 22.736 16.022 52.185 2545.319 2500.305 2117.615 1744.232 1391.449 1027.679 669.708 17.09 9.766 47.455 68.97 4.425 -331.421 -675.049 -1011.81 -1355.133 -1694.031 -2032.776 -2369.08 -2694.244 436.707 738.983 411.987 61.188 2.747 -345.154 -699.615 550 505 868 29.2 30.94 89 15 2408 1 034
6033328 7497 2025/12/25 18:52:54 P18 74.11 25.29 0 8.12 38.97 965.6 963.97 371.704 568.848 4071.96 504.608 603.485 833.74 430.298 52.032 -7.782 75.836 -17.7 293.884 751.038 7.172 716.4 860.443 366.058 471.649 941.01 580.597 -5000 -12.207 -1449.89 53.864 -15.106 16.022 317.23 148.163 549.774 1017.151 100.708 -1409.302 488.892 130.31 19.531 17.242 51.727 2548.676 2501.221 2113.037 1737.061 1379.089 1015.625 656.281 14.801 9.918 53.406 68.97 4.578 -332.794 -677.338 -1016.693 -1359.711 -1701.05 -2040.1 -2379.303 -2703.094 437.317 737.305 413.513 58.746 5.035 -346.832 -702.667 550 510 869 29.2 30.97 88 15 2408 1 034
6033329 7497 2025/12/25 18:52:55 P18 74.04 25.34 0 8.05 39 965.65 963.98 372.925 567.627 4077.301 499.878 603.027 832.214 429.382 61.951 -8.85 95.673 -17.7 290.985 753.021 7.629 716.858 860.138 364.38 470.123 938.721 580.597 -5000 -7.935 -1445.923 12.665 -14.496 16.479 316.925 148.163 548.401 1012.421 108.032 -1407.776 489.197 130.31 21.057 18.005 52.032 2547.455 2500.61 2112.427 1738.586 1384.125 1021.576 664.825 18.158 11.597 32.654 68.207 6.561 -332.184 -676.27 -1017.303 -1359.863 -1698.914 -2037.964 -2373.047 -2697.906 436.859 738.678 413.513 58.441 6.714 -349.731 -705.719 559 505 869 29.2 30.88 88 15 2408 1 034
6033330 7497 2025/12/25 18:52:56 P18 74.09 25.19 0 8.12 38.85 965.64 963.99 372.162 567.322 4075.012 498.962 602.264 832.825 429.382 26.093 -16.785 89.569 -17.853 291.443 752.106 7.477 715.332 860.901 363.007 469.36 936.89 579.987 -5000 -2.289 -1443.024 53.711 -15.564 17.09 316.772 147.552 547.18 1012.726 114.136 -1410.217 487.671 130.005 17.7 21.82 51.88 2548.676 2500.763 2117.157 1744.537 1389.771 1026.154 669.708 19.379 13.58 35.4 66.986 6.409 -332.489 -674.744 -1012.268 -1355.743 -1694.489 -2033.844 -2369.537 -2694.702 435.638 738.373 414.124 59.967 4.272 -345.764 -700.531 550 510 871 29.15 30.99 88 15 2408 1 034
6033331 7497 2025/12/25 18:52:57 P18 74.09 25.37 0 8.12 38.99 965.65 963.99 371.704 568.237 4074.707 493.164 600.891 830.536 429.382 -179.138 9.613 72.937 -17.7 291.29 751.19 6.409 714.111 862.579 361.938 469.513 935.364 578.156 -5000 -0.305 -1436.31 39.52 -15.106 16.174 316.925 149.078 546.722 1013.184 109.863 -1410.217 487.213 127.716 23.346 19.684 52.49 2545.319 2500.916 2113.647 1737.213 1381.531 1018.066 658.264 21.973 13.275 25.787 68.512 6.104 -329.437 -674.591 -1013.031 -1359.711 -1699.677 -2038.422 -2376.404 -2701.111 437.317 736.694 413.818 59.967 4.883 -350.189 -702.667 559 510 872 29.16 30.99 87 15 2408 1 034
6033332 7497 2025/12/25 18:52:58 P18 74.14 25.26 0 8.15 39.02 965.62 964 373.383 568.237 4072.266 493.011 601.501 833.282 429.84 -20.294 -9.003 64.087 -16.479 289.917 753.174 6.714 714.111 862.732 359.955 468.292 933.685 578.918 -5000 5.188 -1432.495 70.648 -16.174 15.717 316.315 147.858 545.044 1011.353 92.01 -1412.811 485.992 129.547 21.057 13.885 52.185 2548.981 2501.526 2110.291 1730.042 1372.07 1005.096 648.499 25.635 13.275 41.962 69.885 5.951 -331.573 -675.659 -1018.372 -1363.525 -1704.712 -2044.983 -2384.338 -2707.367 435.944 735.931 415.649 57.373 6.409 -353.394 -711.517 547 510 872 29.19 30.91 87 15 2408 1 034
6033333 7497 2025/12/25 18:52:59 P18 74.15 25.25 0 8.2 38.97 965.64 963.99 373.23 569.305 4072.266 496.979 601.196 829.163 429.993 57.373 -59.052 60.272 -15.869 289.154 752.258 6.409 712.585 859.68 360.107 469.208 931.702 577.087 -5000 9.613 -1425.476 28.076 -16.479 17.09 315.399 147.095 543.671 1011.353 111.389 -1412.964 485.84 127.869 19.226 15.564 52.643 2548.981 2500.153 2119.293 1737.671 1385.498 1025.543 667.267 23.499 9.766 53.558 68.207 4.425 -332.489 -675.659 -1012.573 -1355.438 -1694.946 -2032.928 -2369.08 -2696.075 435.028 738.373 414.124 61.951 1.984 -345.917 -698.395 555 510 871 29.23 30.98 86 15 2408 1 034
6033334 7497 2025/12/25 18:53:00 P18 74.08 25.26 0 8.12 38.88 965.59 963.98 372.009 567.627 4075.012 501.099 598.602 827.026 429.84 72.021 -19.531 77.209 -17.395 287.628 749.817 6.561 712.28 860.138 359.039 469.971 930.328 576.324 -5000 4.272 -1423.187 12.665 -16.785 17.09 315.704 146.027 543.06 1010.132 104.218 -1411.133 484.619 127.563 20.599 19.836 51.88 2543.03 2501.678 2114.258 1738.892 1380.92 1016.083 657.654 27.618 8.24 47.607 69.275 1.831 -330.963 -675.659 -1015.93 -1359.711 -1700.287 -2039.795 -2376.404 -2703.247 435.944 737.762 412.75 56.305 3.967 -348.206 -704.041 553 515 871 29.19 30.97 86 15 2408 1 034
6033335 7497 2025/12/25 18:53:01 P18 74.11 25.27 0 8.13 39.01 965.63 963.99 372.925 568.237 4080.811 499.268 599.823 830.383 430.908 35.4 -14.496 90.485 -15.869 288.086 750.275 7.019 711.212 863.8 357.971 470.734 928.345 575.409 -5000 6.409 -1421.509 20.752 -15.717 15.717 316.01 145.874 541.84 1003.571 94.299 -1408.844 483.856 125.58 19.379 19.531 51.575 2546.234 2500.153 2108.917 1730.499 1371.765 1006.165 649.872 27.924 8.545 37.231 68.054 3.815 -335.236 -681.305 -1021.423 -1365.051 -1706.39 -2046.051 -2384.644 -2708.588 433.655 735.626 415.039 54.169 4.272 -351.868 -709.229 560 515 871 29.19 31 85 15 2408 1 034
6033336 7497 2025/12/25 18:53:02 P18 74.14 25.32 0 8.12 38.93 965.64 963.98 371.552 568.542 4069.977 487.671 597.534 826.416 429.688 -12.207 -2.594 86.67 -18.158 287.323 742.95 5.951 710.297 863.342 356.14 467.072 927.277 576.63 -5000 -5.493 -1415.71 20.447 -15.717 16.785 315.247 145.721 541.534 1006.775 98.114 -1409.912 482.788 128.326 13.885 25.787 52.032 2547.607 2501.068 2116.699 1742.554 1387.329 1025.696 667.572 32.806 12.817 42.572 65.613 5.341 -331.116 -674.896 -1013.336 -1357.574 -1697.083 -2035.675 -2372.131 -2697.754 436.554 737.762 412.75 59.052 5.646 -343.781 -697.174 560 515 870 29.2 30.97 85 15 2408 1 034
6033337 7497 2025/12/25 18:53:03 P18 74.01 25.2 0 8.1 38.89 965.64 963.97 371.399 566.559 4069.061 489.349 597.076 827.179 429.84 -68.665 20.142 86.823 -17.242 288.086 747.223 5.951 709.839 863.8 354.004 466.461 925.293 575.409 -5000 6.104 -1410.37 48.676 -16.022 16.479 314.941 145.569 541.382 1006.165 104.218 -1409.149 482.33 130.31 21.21 22.583 52.338 2547.15 2501.831 2111.206 1734.009 1375.275 1009.216 654.144 34.485 10.376 46.997 68.207 4.425 -332.947 -676.575 -1017.609 -1361.084 -1702.576 -2041.931 -2379.913 -2706.604 433.655 735.016 411.682 57.373 5.951 -349.121 -705.872 551 520 870 29.23 31.02 84 15 2408 1 034
6033338 7497 2025/12/25 18:53:04 P18 74.18 25.32 0 8.15 38.99 965.62 964 370.941 566.254 4075.47 487.976 595.398 827.942 432.739 -50.354 16.327 101.318 -17.395 287.17 747.528 5.798 709.076 865.936 353.241 467.682 923.309 573.578 -5000 15.106 -1406.86 25.787 -17.242 16.327 314.484 144.196 540.924 999.451 106.812 -1411.743 480.194 127.563 23.041 15.564 52.338 2542.267 2500.916 2110.291 1733.246 1375.122 1010.59 655.518 36.926 12.054 34.485 68.054 6.104 -333.557 -679.169 -1019.592 -1363.831 -1703.949 -2043.61 -2380.981 -2705.383 435.791 736.542 413.818 55.389 6.561 -352.02 -709.381 560 520 871 29.23 31.02 84 15 2408 1 034
6033339 7497 2025/12/25 18:53:05 P18 74.09 25.23 0 8.09 39.1 965.62 963.96 371.246 566.101 4076.996 491.486 596.619 827.789 430.298 69.885 -6.256 93.231 -18.768 285.95 746.918 5.493 707.855 863.8 353.394 469.055 920.715 572.357 -5000 3.357 -1403.656 34.637 -16.327 16.479 313.873 143.89 538.025 1000.366 103.607 -1408.997 481.567 127.106 20.294 11.139 52.032 2543.488 2500.763 2112.427 1738.892 1384.125 1022.034 666.199 34.485 11.139 51.422 68.512 4.425 -331.879 -677.49 -1016.235 -1359.406 -1698.761 -2037.201 -2373.505 -2697.449 433.044 735.321 414.124 57.678 5.798 -348.816 -704.346 559 525 872 29.22 31.02 84 15 2408 1 034
6033340 7497 2025/12/25 18:53:06 P18 74.14 25.4 0 8.07 38.9 965.65 963.97 373.077 567.78 4076.538 492.554 594.33 826.416 429.84 29.297 -13.123 101.624 -17.242 283.966 750.58 5.646 707.397 865.479 351.715 467.682 918.121 572.662 -5000 5.341 -1397.4 19.073 -16.022 16.937 314.331 142.975 538.33 1000.671 111.084 -1408.539 480.499 126.19 20.447 13.123 51.727 2548.828 2501.526 2110.443 1736.298 1373.596 1007.233 648.956 38.147 11.749 50.201 66.986 6.714 -332.489 -678.101 -1019.135 -1363.678 -1705.322 -2044.525 -2384.644 -2708.893 433.502 736.084 414.124 56.61 5.188 -350.342 -708.618 546 525 873 29.18 30.97 84 15 2408 1 034
6033341 7497 2025/12/25 18:53:07 P18 74.06 25.26 0 8.31 39.01 965.63 963.99 371.552 566.406 4079.285 491.943 594.33 821.991 430.45 57.068 -5.951 98.724 -17.7 284.271 747.375 6.409 706.787 865.784 349.731 467.224 918.121 572.052 -5000 8.087 -1392.822 27.618 -16.022 15.869 314.636 142.975 536.652 998.993 101.166 -1409.149 478.058 125.732 21.057 17.7 51.88 2546.082 2500.916 2113.342 1737.518 1381.226 1017.609 662.231 37.231 12.97 42.419 68.97 8.545 -333.862 -677.795 -1016.693 -1361.542 -1700.439 -2039.642 -2375.336 -2700.806 432.434 733.948 412.445 59.509 6.409 -350.189 -704.498 552 530 873 29.2 31.1 84 15 2408 1 034
6033342 7497 2025/12/25 18:53:08 P18 74.05 25.27 0 8.09 38.9 965.64 964 372.314 567.932 4077.301 489.349 594.177 819.397 429.688 120.544 -34.943 76.294 -16.632 283.661 748.138 7.324 705.414 865.173 349.121 466.766 915.527 570.679 -5000 5.798 -1387.024 8.24 -14.954 16.174 314.331 142.365 537.872 997.62 99.03 -1408.691 478.668 126.19 23.041 16.785 52.032 2545.929 2500.763 2115.936 1742.249 1388.55 1024.933 669.556 41.351 7.324 35.858 69.885 3.662 -331.268 -675.201 -1013.336 -1355.438 -1694.489 -2032.623 -2369.08 -2693.939 433.807 737.305 412.598 57.678 5.646 -348.969 -700.989 561 530 875 29.22 31.04 84 15 2408 1 034
6033343 7497 2025/12/25 18:53:09 P18 74.16 25.32 0 8.12 39.1 965.62 963.98 370.483 565.186 4073.181 489.044 592.651 824.28 430.145 39.673 -14.801 85.449 -15.564 284.729 746.918 5.341 704.803 867.615 346.985 466.309 915.375 569.916 -5000 2.594 -1384.125 5.646 -16.632 16.785 314.178 142.822 536.957 994.873 116.119 -1403.503 477.905 126.648 21.973 21.82 53.558 2542.877 2501.221 2106.476 1727.753 1370.697 1009.216 652.924 44.861 8.392 27.161 70.19 2.594 -334.625 -679.626 -1019.745 -1363.983 -1705.475 -2045.288 -2383.118 -2706.757 432.739 735.168 411.835 53.406 3.967 -352.478 -709.534 540 530 875 29.25 31.06 83 15 2408 1 034
6033344 7497 2025/12/25 18:53:10 P18 74.19 25.34 0 8.09 39.01 965.62 963.99 373.077 565.796 4076.385 486.145 592.194 822.906 430.908 -50.964 -32.806 75.073 -18.463 284.271 746.307 5.798 703.735 866.089 345.917 465.393 913.391 570.526 -5000 4.73 -1381.683 -18.768 -17.09 16.785 313.873 140.991 534.058 994.873 128.326 -1410.37 478.668 125.275 20.905 15.411 51.88 2545.624 2499.542 2112.885 1737.671 1383.972 1018.829 664.062 47.15 10.071 33.264 69.733 4.578 -334.778 -679.779 -1018.524 -1360.474 -1700.287 -2039.337 -2375.641 -2700.806 431.824 734.253 412.292 57.068 2.747 -361.633 -712.585 564 535 877 29.2 31.15 83 15 2408 1 034
6033345 7497 2025/12/25 18:53:11 P18 74.15 25.34 0 8.05 39.01 965.6 963.99 372.467 567.017 4076.691 488.434 592.499 809.784 430.298 -102.997 0.458 96.436 -18.005 282.288 745.392 5.188 703.125 867.92 343.933 465.851 911.102 569.458 -5000 8.545 -1378.326 -26.398 -16.022 16.327 313.11 141.449 532.837 990.906 97.198 -1410.065 477.295 122.223 25.635 23.651 51.27 2544.708 2501.526 2118.073 1745.3 1391.602 1027.222 670.471 46.692 13.58 39.368 65.918 6.104 -332.794 -675.507 -1013.184 -1357.88 -1696.32 -2035.217 -2371.979 -2695.77 431.519 735.779 414.581 60.425 4.12 -347.137 -701.141 561 535 877 29.16 31.11 83 15 2408 1 034
6033346 7497 2025/12/25 18:53:12 P18 74.19 25.33 0 8.09 38.98 965.62 963.98 370.483 565.948 4070.74 485.077 590.363 819.702 430.45 -52.185 -31.586 102.844 -18.005 283.356 747.375 5.341 702.515 866.852 343.475 464.63 907.135 568.237 -5000 7.782 -1374.207 -0.153 -14.343 17.395 313.568 140.533 533.6 992.126 80.261 -1413.422 476.99 124.207 18.005 19.531 51.27 2548.37 2501.526 2116.699 1740.723 1383.362 1020.05 660.553 49.286 11.444 43.335 68.359 6.561 -330.048 -675.049 -1012.726 -1357.88 -1697.998 -2037.659 -2376.709 -2701.111 433.044 733.185 414.124 58.746 4.272 -346.222 -701.752 561 535 877 29.23 31.12 83 15 2408 1 034
6033347 7497 2025/12/25 18:53:13 P18 74.08 25.34 0 8.22 39.08 965.65 963.98 371.857 566.406 4070.435 482.788 589.905 814.667 429.84 -65.46 -3.967 89.264 -17.395 281.372 746.155 5.493 701.599 864.258 343.475 464.02 906.982 567.627 -5000 2.899 -1376.19 33.722 -15.411 17.09 313.568 140.381 533.142 991.211 79.041 -1403.961 475.922 123.138 23.041 18.005 51.422 2547.455 2499.695 2113.8 1741.638 1383.82 1021.881 667.419 46.997 8.698 45.624 70.038 4.73 -333.099 -679.321 -1017.151 -1359.711 -1700.287 -2037.048 -2372.589 -2698.059 432.281 734.253 412.75 57.831 5.798 -349.274 -703.735 560 535 878 29.2 31.12 82 15 2408 1 034
6033348 7497 2025/12/25 18:53:14 P18 74.05 25.34 0 8.27 39.03 965.65 964.01 370.941 566.101 4066.772 483.093 590.82 814.362 430.298 44.25 -19.684 79.498 -18.005 281.372 742.95 5.188 701.294 867.31 340.881 462.646 904.388 566.711 -5000 8.698 -1368.103 59.052 -15.106 17.548 313.416 139.618 531.464 990.601 81.482 -1408.081 475.311 124.969 20.447 23.956 51.88 2548.828 2501.068 2113.953 1741.18 1388.092 1026.001 669.403 50.812 8.087 28.534 70.801 3.357 -330.048 -673.828 -1014.862 -1355.438 -1694.489 -2033.539 -2369.843 -2695.312 431.824 734.711 411.072 56.61 3.662 -344.849 -698.242 560 540 880 29.2 31.12 82 15 2408 1 034
6033349 7497 2025/12/25 18:53:15 P18 74.19 25.3 0 7.87 38.97 965.6 963.97 372.009 567.627 4072.723 477.905 588.531 818.634 429.84 -32.806 0 93.994 -17.395 279.694 747.07 4.425 700.378 869.446 339.966 463.715 904.846 567.017 -5000 0.458 -1363.525 43.335 -15.106 17.09 312.5 138.855 530.853 990.143 106.354 -1409.302 473.328 123.749 21.362 19.226 52.032 2547.913 2501.984 2111.969 1737.518 1380.157 1014.557 656.281 50.201 12.207 47.302 67.902 11.139 -331.726 -675.354 -1016.388 -1360.321 -1701.355 -2040.253 -2377.93 -2705.231 433.35 735.931 413.055 58.899 6.256 -347.443 -703.278 560 545 880 29.16 31.04 82 15 2408 1 034
6033350 7497 2025/12/25 18:53:16 P18 74.24 25.32 0 8.14 38.96 965.66 963.98 371.399 567.017 4074.86 476.074 588.837 816.193 430.756 25.635 -1.831 94.299 -17.548 279.083 742.95 4.12 699.005 869.293 338.593 462.494 902.1 566.559 -5000 8.698 -1362 18.158 -16.632 16.479 312.805 138.702 529.327 986.023 95.673 -1408.691 474.243 122.375 20.294 19.073 51.727 2545.929 2501.831 2114.258 1744.08 1388.092 1025.391 670.013 51.727 8.24 50.507 64.545 7.019 -334.32 -678.406 -1016.083 -1358.49 -1695.862 -2035.37 -2371.521 -2696.075 429.993 733.643 414.734 57.983 4.578 -348.206 -701.904 561 545 880 29.23 31.12 82 15 2408 1 034
6033351 7497 2025/12/25 18:53:17 P18 74.09 25.22 0 8.12 39.06 965.66 963.97 370.636 565.491 4075.165 474.548 587.311 816.193 429.688 115.662 -6.104 91.858 -16.327 278.625 743.103 3.967 698.547 868.835 337.219 462.036 904.846 565.643 -5000 -0.61 -1356.659 16.174 -16.479 16.785 312.195 138.245 528.87 987.549 97.351 -1409.302 472.717 123.749 20.905 13.885 52.185 2544.25 2501.221 2112.274 1739.655 1385.04 1022.949 662.537 50.507 11.444 50.049 67.749 7.019 -329.285 -674.133 -1015.167 -1358.032 -1697.083 -2036.133 -2371.826 -2699.432 432.129 733.795 414.429 58.441 5.188 -345.306 -700.531 552 545 881 29.19 31.17 82 15 2408 1 034
6033352 7497 2025/12/25 18:53:18 P18 74.19 25.33 0 8.07 39.05 965.62 964.01 371.399 566.406 4073.029 468.903 587.769 811.462 430.45 -52.49 -12.36 87.891 -17.7 278.32 742.493 4.883 698.7 868.988 336.761 462.189 899.658 564.423 -5000 -6.561 -1351.166 -24.109 -15.869 16.327 312.195 137.024 527.496 984.344 111.389 -1410.065 473.022 121.002 18.311 16.937 50.964 2544.708 2501.068 2111.511 1734.009 1377.258 1010.742 653.687 55.847 9.155 57.22 68.665 4.272 -332.947 -680.084 -1018.066 -1363.983 -1706.238 -2043.762 -2382.507 -2706.909 429.84 734.863 412.598 57.373 4.12 -348.206 -703.583 560 545 881 29.15 31.05 81 15 2408 1 034
6033353 7497 2025/12/25 18:53:19 P18 74.09 25.3 0 8.19 39.11 965.65 963.99 372.314 566.101 4071.35 468.14 586.853 813.904 429.84 6.104 -1.831 93.994 -16.022 278.931 744.324 3.815 697.937 870.667 335.693 460.358 897.827 564.117 -5000 3.967 -1348.267 15.564 -19.379 17.548 311.89 137.329 527.496 984.497 96.13 -1410.675 470.886 121.918 21.057 18.158 51.88 2547.76 2500.916 2108.307 1730.652 1374.664 1008.301 652.924 59.052 10.986 38.757 69.885 3.204 -333.252 -677.185 -1019.135 -1363.068 -1703.949 -2044.22 -2380.981 -2704.926 430.603 731.354 413.971 57.068 5.798 -350.952 -709.686 530 545 882 29.2 31.15 81 15 2408 1 034
6033354 7497 2025/12/25 18:53:20 P18 74.18 25.27 0 8.22 39.02 965.65 963.98 370.026 566.711 4068.604 472.87 585.175 810.699 429.688 -16.327 4.73 74.615 -17.548 277.557 744.629 3.815 695.953 869.904 333.557 459.747 896.759 563.354 -5000 -6.714 -1340.79 70.343 -14.954 17.548 311.584 136.414 527.344 983.276 98.419 -1412.659 471.497 121.307 19.531 19.379 52.49 2547.302 2500.916 2113.037 1739.197 1385.04 1022.491 664.825 59.052 12.36 28.381 69.122 6.866 -331.116 -674.896 -1013.794 -1357.88 -1698.608 -2036.896 -2375.336 -2700.958 431.213 733.185 414.276 58.899 3.967 -346.069 -701.294 564 550 882 29.23 31.02 81 15 2408 1 034
6033355 7497 2025/12/25 18:53:21 P18 74.29 25.36 0 8.02 39.05 965.64 963.98 371.399 565.186 4067.383 464.63 585.938 811.157 430.603 44.25 7.172 66.528 -16.937 277.1 743.408 3.815 695.648 869.598 332.794 459.9 894.318 563.66 -5000 0 -1342.773 27.618 -16.022 17.853 311.432 136.719 526.733 983.429 93.536 -1408.844 470.276 122.375 23.956 17.7 51.727 2549.286 2501.068 2111.511 1733.093 1373.749 1007.996 651.703 63.934 12.97 32.959 68.054 6.561 -332.489 -678.101 -1018.829 -1362.457 -1704.407 -2043.61 -2385.101 -2708.13 426.941 733.185 413.513 57.678 4.425 -346.985 -704.956 553 550 883 29.22 31.09 80 15 2408 1 034
6033356 7497 2025/12/25 18:53:22 P18 74.29 25.34 0 8.02 39.11 965.65 963.98 370.331 564.728 4063.873 463.104 583.954 809.326 429.535 39.062 -2.594 76.294 -16.022 275.879 741.272 4.272 695.496 868.53 331.726 458.984 893.25 563.812 -5000 -10.986 -1339.264 39.825 -16.174 17.395 312.195 135.956 525.818 984.039 113.068 -1414.337 469.208 121.765 19.531 18.158 52.338 2546.692 2501.526 2111.359 1734.772 1378.326 1014.404 658.417 59.509 10.681 45.166 68.054 3.967 -334.778 -679.626 -1019.44 -1362.61 -1703.033 -2041.931 -2379.303 -2704.315 429.077 733.337 414.734 54.016 4.272 -352.631 -709.534 561 550 883 29.22 31.11 80 15 2408 1 034
6033357 7497 2025/12/25 18:53:23 P18 74.14 25.32 0 8.14 39.1 965.64 964 370.331 565.491 4062.805 463.562 584.259 801.697 429.688 -18.921 -22.125 56.915 -17.548 276.642 739.899 3.815 694.427 871.582 331.726 458.527 891.876 562.286 -5000 6.409 -1338.348 19.073 -15.564 18.005 311.127 135.498 525.818 981.598 76.599 -1414.185 469.208 121.46 26.093 19.073 51.27 2548.065 2501.526 2111.359 1738.586 1384.735 1022.034 665.588 66.681 11.902 46.082 70.801 3.204 -333.71 -676.88 -1016.998 -1359.863 -1699.524 -2037.659 -2374.42 -2697.449 431.824 735.779 413.208 59.052 6.256 -347.29 -702.515 561 550 883 29.23 31.09 79 15 2408 1 034
6033358 7497 2025/12/25 18:53:24 P18 74.21 25.27 0 8.13 39.08 965.66 964 371.094 566.254 4073.792 470.581 583.191 810.852 430.145 -16.937 -14.038 67.749 -15.869 275.421 742.798 3.967 693.512 872.498 329.895 458.984 890.198 562.439 -5000 8.698 -1332.703 -4.73 -16.022 17.242 309.906 134.735 522.766 977.936 100.403 -1408.691 469.208 119.781 22.583 21.667 51.422 2546.692 2500.458 2111.206 1733.246 1376.343 1009.521 652.008 65.918 9.308 56.763 68.512 4.883 -331.726 -675.354 -1016.998 -1360.016 -1702.576 -2043.61 -2382.66 -2706.909 428.619 731.049 413.208 57.373 3.815 -351.105 -707.855 555 550 884 29.25 31.17 79 15 2408 1 034
6033359 7497 2025/12/25 18:53:25 P18 74.21 25.32 0 8.09 39.1 965.63 963.97 371.704 565.643 4069.519 457.458 582.275 809.631 430.145 12.054 -6.256 61.188 -17.395 275.269 742.95 3.204 693.359 872.345 328.674 457.916 888.672 561.218 -5000 7.477 -1334.686 1.984 -15.564 17.853 311.432 132.904 523.834 978.699 93.231 -1412.354 466.156 118.866 30.06 16.632 51.117 2548.37 2500 2112.122 1735.687 1378.479 1014.404 657.349 65.155 9.918 60.12 67.749 6.256 -333.099 -678.864 -1018.982 -1363.22 -1703.796 -2041.779 -2381.439 -2704.01 428.467 731.964 413.055 56.458 5.798 -351.41 -707.55 561 555 885 29.25 31.17 79 15 2408 1 034
6033360 7497 2025/12/25 18:53:26 P18 74.15 25.34 0 8.07 38.99 965.6 963.97 367.737 566.254 4065.552 471.191 581.665 804.596 429.688 -116.577 -2.136 81.94 -17.395 275.421 739.288 2.747 692.139 874.481 326.996 459.595 887.299 559.692 -5000 3.51 -1323.242 -9.155 -14.801 16.937 310.364 134.735 523.224 979.004 101.624 -1409.76 467.529 119.476 20.447 19.684 52.338 2544.403 2501.526 2112.427 1739.044 1382.751 1020.966 666.809 70.953 13.275 30.06 70.19 6.256 -333.252 -679.626 -1020.05 -1363.373 -1704.407 -2042.847 -2377.167 -2701.874 431.061 733.185 415.039 57.831 5.035 -350.037 -705.566 561 555 886 29.2 31.14 79 15 2408 1 034
6033361 7497 2025/12/25 18:53:27 P18 74.18 25.29 0 8.07 39.03 965.63 963.99 368.195 564.27 4068.298 466.614 581.207 808.868 430.298 -30.518 11.139 79.041 -15.717 275.421 741.882 3.052 691.528 874.786 325.165 458.069 885.468 558.929 -5000 10.071 -1319.275 62.714 -16.479 17.09 309.906 133.362 521.393 976.715 103.76 -1407.166 466.766 118.713 24.567 12.36 52.032 2542.877 2498.779 2111.359 1732.483 1374.359 1009.064 652.618 70.953 13.123 35.4 68.512 6.104 -331.879 -675.812 -1016.541 -1360.931 -1702.118 -2040.558 -2380.371 -2705.383 427.704 731.812 414.581 57.373 4.272 -351.41 -707.855 552 555 886 29.2 31.1 79 15 2408 1 034
6033362 7497 2025/12/25 18:53:28 P18 74.26 25.38 0 8.14 39.13 965.64 963.97 370.483 564.27 4068.604 465.088 580.75 807.953 430.908 73.853 -4.73 64.545 -17.395 275.726 741.425 1.831 691.071 874.786 325.012 458.374 883.789 558.624 -5000 8.85 -1316.071 50.964 -16.785 17.242 310.364 131.989 520.477 973.206 97.809 -1408.539 465.851 119.171 21.21 20.905 51.27 2543.488 2502.289 2110.138 1732.635 1375.275 1009.674 655.67 74.31 10.223 33.722 68.817 5.188 -334.015 -679.321 -1018.677 -1361.694 -1703.033 -2044.22 -2381.592 -2705.231 433.35 731.201 413.361 54.474 4.12 -352.478 -708.923 561 555 886 29.2 31.15 79 15 2408 1 034
6033363 7497 2025/12/25 18:53:29 P18 74.25 25.33 0 8.03 38.99 965.63 963.98 369.568 567.322 4063.11 459.29 579.987 807.343 429.84 75.836 3.967 64.85 -15.106 274.353 741.73 3.052 690.46 875.549 323.792 456.696 882.568 558.929 -5000 -6.409 -1314.087 7.935 -16.327 17.395 310.059 132.599 519.867 975.494 102.234 -1409.76 464.783 119.019 23.346 21.82 51.727 2548.828 2502.747 2110.901 1735.84 1379.242 1017.914 662.231 74.158 8.392 36.926 67.749 1.831 -331.726 -676.727 -1016.693 -1360.474 -1700.439 -2039.795 -2375.946 -2699.432 426.941 731.812 413.666 57.373 6.256 -349.731 -704.193 562 555 886 29.23 31.22 79 15 2408 1 034
6033364 7497 2025/12/25 18:53:30 P18 74.21 25.25 0 8.22 38.95 965.63 963.97 370.483 565.186 4068.146 461.273 579.224 805.664 430.756 -50.507 -7.019 92.316 -17.853 273.59 740.814 2.899 689.24 875.549 323.486 456.696 880.737 557.404 -5000 2.899 -1311.646 69.122 -16.632 17.548 309.601 132.294 519.104 971.985 101.013 -1408.844 464.478 117.493 21.362 15.411 51.422 2543.793 2500 2114.258 1743.164 1392.365 1030.121 671.844 72.021 9.003 32.959 67.902 6.714 -330.658 -675.507 -1013.641 -1357.422 -1696.472 -2033.997 -2369.385 -2695.16 429.382 732.422 415.039 58.594 6.714 -347.9 -700.989 564 560 886 29.2 31.22 78 15 2408 1 034
6033365 7497 2025/12/25 18:53:31 P18 74.19 25.29 0 8.15 39.1 965.59 963.98 368.347 564.728 4064.941 466.461 578.156 805.969 430.298 -28.076 -5.341 96.436 -17.242 272.217 740.356 2.747 690.002 876.007 321.808 458.374 879.974 557.404 -5000 3.357 -1304.626 12.512 -14.191 17.7 309.601 130.463 518.036 973.663 90.332 -1408.539 464.02 116.882 22.583 14.954 51.27 2544.25 2500.153 2109.528 1729.126 1371.918 1006.47 649.872 76.904 10.223 26.703 70.496 3.357 -332.642 -677.643 -1018.829 -1362.762 -1704.712 -2043.915 -2381.287 -2705.688 428.314 731.201 412.445 55.389 6.866 -350.494 -708.771 555 560 886 29.2 31.02 78 15 2408 1 034
6033366 7497 2025/12/25 18:53:32 P18 74.18 25.38 0 8.07 39.06 965.64 963.99 368.347 564.88 4059.448 453.491 578.308 801.697 430.298 63.782 -8.392 81.635 -16.937 272.369 737.305 1.984 688.934 875.702 320.74 455.475 879.059 556.793 -5000 6.866 -1307.526 2.594 -14.343 18.005 309.753 131.073 519.104 972.137 93.689 -1408.844 461.578 117.645 24.719 12.207 50.812 2548.523 2501.678 2110.748 1733.551 1377.716 1015.472 660.4 73.853 9.003 50.354 69.122 6.104 -333.71 -678.711 -1018.677 -1362.305 -1701.66 -2040.253 -2377.014 -2702.484 426.483 731.506 413.055 56.763 1.984 -347.595 -703.583 562 560 886 29.19 31.22 78 15 2408 1 034
6033367 7497 2025/12/25 18:53:33 P18 74.18 25.36 0 8.12 39.1 965.63 963.98 366.669 564.27 4060.059 450.745 577.545 801.697 429.688 2.289 -4.578 107.422 -17.242 272.827 737.762 2.747 688.171 875.702 319.977 455.017 876.923 557.251 -5000 4.578 -1308.899 24.109 -15.564 17.853 308.838 129.852 516.815 971.68 73.853 -1405.64 462.799 118.408 22.125 19.379 51.575 2547.15 2500.763 2113.342 1739.502 1388.245 1025.238 670.166 75.836 8.85 37.079 70.648 2.136 -330.811 -675.201 -1015.472 -1357.422 -1697.388 -2036.133 -2372.131 -2696.991 428.009 732.88 413.971 58.899 6.866 -348.206 -702.667 562 560 886 29.19 31.13 78 15 2408 1 034
6033368 7497 2025/12/25 18:53:34 P18 74.24 25.22 0 8.12 39.09 965.63 964 366.516 564.27 4065.094 453.339 577.087 803.223 430.45 -32.196 -28.687 101.166 -16.632 270.844 739.594 3.51 687.714 876.77 319.061 455.17 873.413 554.81 -5000 1.221 -1308.594 35.4 -15.717 18.005 308.99 128.937 516.052 970.001 80.566 -1411.133 462.952 116.272 21.362 23.651 50.812 2543.945 2501.678 2112.427 1733.093 1374.359 1008.911 651.55 73.395 11.292 58.289 66.681 6.409 -334.778 -679.474 -1018.219 -1363.831 -1703.796 -2043.152 -2385.101 -2707.214 425.873 729.065 413.666 58.899 2.136 -348.816 -706.482 555 560 886 29.23 31.23 78 15 2408 1 034
6033369 7497 2025/12/25 18:53:35 P18 74.22 25.22 0 8.09 39.09 965.63 963.99 368.958 564.575 4069.672 450.897 576.324 802.155 430.603 41.199 -54.474 74.921 -17.09 269.012 740.509 2.289 687.866 876.77 317.23 453.949 874.023 556.641 -5000 1.831 -1305.695 57.373 -15.259 17.7 309.296 129.089 514.984 967.407 89.417 -1412.964 462.341 114.899 22.125 16.174 50.964 2546.539 2501.831 2109.68 1731.873 1374.969 1011.047 655.06 75.836 7.172 47.15 68.207 3.51 -335.083 -681.152 -1020.66 -1365.204 -1705.322 -2044.983 -2383.118 -2706.757 426.331 733.032 412.445 56.763 5.798 -352.936 -710.144 562 565 886 29.23 31.23 78 15 2408 1 034
6033370 7497 2025/12/25 18:53:36 P18 74.32 25.26 0 8.02 39.07 965.62 963.98 366.058 564.117 4063.263 449.066 574.799 802.307 429.84 82.703 -41.656 86.365 -16.632 270.233 738.678 2.899 686.34 877.686 316.467 454.559 872.65 554.657 -5000 16.174 -1299.286 37.384 -16.632 18.311 307.922 128.174 514.526 967.865 83.771 -1410.217 460.968 115.051 18.463 13.733 51.27 2543.793 2500 2117.615 1739.96 1383.514 1020.203 665.436 81.635 10.223 51.88 68.817 3.357 -330.811 -676.117 -1015.625 -1359.558 -1699.982 -2038.116 -2374.573 -2698.822 429.23 730.591 412.598 58.899 6.104 -346.985 -702.972 562 565 886 29.19 31.2 78 15 2408 1 034
6033371 7497 2025/12/25 18:53:37 P18 74.25 25.29 0 8.17 39.17 965.62 964 366.516 564.117 4065.094 445.709 575.867 800.476 429.993 1.678 -32.654 93.689 -17.395 270.233 737.152 2.899 684.967 876.465 316.01 454.102 870.056 553.589 -5000 -4.883 -1293.488 53.101 -16.937 17.548 308.838 126.19 513.916 965.729 81.177 -1408.539 460.205 116.73 15.717 15.411 51.117 2543.03 2500.763 2115.173 1743.317 1387.177 1025.085 670.013 79.498 9.003 56 68.054 2.747 -334.473 -678.864 -1015.32 -1357.422 -1697.083 -2035.065 -2370.148 -2695.465 425.262 730.591 412.903 57.678 5.493 -345.459 -698.395 550 565 886 29.2 31.27 78 15 2408 1 034
6033372 7497 2025/12/25 18:53:38 P18 74.21 25.34 0 8.05 38.95 965.61 963.98 367.432 565.491 4065.094 452.576 574.188 801.544 430.145 16.327 -23.193 92.468 -16.479 267.639 739.136 3.662 684.967 877.38 313.416 454.407 869.293 552.826 -5000 1.068 -1292.114 9.155 -15.259 18.005 308.533 126.495 513.458 961.151 95.52 -1410.065 460.51 116.272 15.869 19.073 52.185 2546.387 2501.831 2108.612 1730.652 1370.85 1004.486 647.888 78.735 9.155 65.155 69.58 7.782 -333.862 -680.237 -1018.982 -1364.136 -1704.712 -2044.525 -2384.033 -2708.435 426.483 729.675 414.734 55.389 5.188 -351.105 -708.16 554 565 887 29.2 31.17 78 15 2408 1 034
6033373 7497 2025/12/25 18:53:39 P18 74.22 25.38 0 8.17 39.09 965.63 963.99 365.448 564.27 4062.347 448.456 574.341 799.866 430.298 -1.221 -39.978 91.4 -15.259 269.928 738.831 2.441 683.899 879.211 313.873 452.118 868.073 552.216 -5000 -2.289 -1288.91 -20.447 -16.632 17.242 307.617 126.648 513.153 964.508 87.585 -1411.285 459.442 114.136 13.885 23.041 55.237 2542.725 2500.916 2110.291 1735.84 1379.547 1019.44 662.994 80.261 11.597 52.032 69.733 4.272 -334.778 -679.016 -1018.829 -1361.694 -1700.134 -2040.1 -2378.082 -2701.874 427.704 728.149 416.26 56.61 3.357 -350.037 -706.635 562 565 888 29.23 31.28 78 15 2408 1 034
6033374 7497 2025/12/25 18:53:40 P18 74.29 25.27 0 8.34 39.15 965.64 964 367.279 566.101 4062.805 453.033 574.493 799.255 429.993 -47.455 -12.512 93.079 -15.717 268.25 738.831 3.204 683.899 879.364 312.958 453.339 866.699 553.284 -5000 -0.61 -1283.264 56.458 -16.327 17.853 308.533 124.664 512.085 960.846 97.351 -1407.928 458.984 114.136 17.7 19.226 50.812 2548.523 2500.153 2114.105 1738.892 1383.362 1020.813 663.605 80.719 12.054 45.776 71.106 2.441 -330.2 -674.744 -1014.252 -1358.032 -1698.303 -2036.133 -2372.131 -2696.228 426.178 730.743 413.361 58.136 7.324 -348.358 -704.041 554 565 888 29.2 31.23 78 15 2408 1 034
6033375 7497 2025/12/25 18:53:41 P18 74.26 25.27 0 8.05 39.11 965.65 963.99 369.11 564.423 4067.383 451.508 572.968 788.116 430.45 -96.436 -15.717 70.19 -17.7 267.792 737.915 2.899 683.289 877.991 311.737 453.491 865.784 553.284 -5000 8.545 -1283.875 -14.496 -15.564 17.242 307.922 124.969 511.169 962.982 103.149 -1407.471 458.374 113.373 21.667 20.752 51.117 2546.387 2500.305 2112.732 1736.145 1377.869 1014.862 655.06 78.125 11.444 52.338 67.596 6.561 -332.336 -676.727 -1016.388 -1358.49 -1699.982 -2040.405 -2379.913 -2704.773 426.025 729.98 411.377 58.899 4.73 -351.562 -708.008 565 570 889 29.22 31.28 77 15 2408 1 034
6033376 7497 2025/12/25 18:53:42 P18 74.28 25.27 0 8.12 39.12 965.62 963.98 365.143 567.932 4057.922 453.644 572.662 798.34 430.298 -10.071 25.177 88.501 -14.954 267.334 737.305 2.594 682.068 878.754 310.364 453.339 865.173 552.216 -5000 0.61 -1281.433 -23.346 -15.869 18.158 307.617 125.885 510.864 962.982 103.912 -1406.86 457.611 114.136 17.395 18.005 51.422 2546.387 2499.695 2108.002 1729.736 1369.019 1003.723 649.109 78.735 12.512 53.864 68.665 6.714 -332.184 -677.338 -1017.609 -1362.305 -1702.881 -2043.152 -2381.897 -2706.299 425.262 728.607 413.818 59.357 5.798 -353.851 -711.823 555 565 889 29.2 31.36 77 15 2408 1 034
6033377 7497 2025/12/25 18:53:43 P18 74.3 25.37 0 8.21 39.04 965.64 963.96 366.211 565.186 4064.789 455.933 573.12 796.814 430.298 49.896 3.357 90.485 -17.548 266.571 737 3.51 681.152 879.822 309.143 454.712 861.511 551.91 -5000 3.052 -1272.888 25.635 -15.717 18.921 307.77 124.664 509.796 957.031 119.019 -1406.403 457.458 113.983 14.648 18.616 51.88 2546.082 2500.61 2112.427 1736.145 1384.277 1016.998 659.943 85.297 6.561 56.915 69.122 4.73 -332.489 -677.795 -1016.541 -1360.779 -1701.202 -2040.405 -2377.014 -2701.111 428.925 731.964 414.429 59.204 -2.136 -347.137 -701.599 555 565 889 29.22 31.28 77 15 2408 1 034
6033378 7497 2025/12/25 18:53:44 P18 74.32 25.3 0 8.14 39.1 965.62 963.99 362.854 564.117 4055.481 450.897 572.357 786.743 430.603 -69.885 9.766 78.735 -16.632 267.792 735.779 3.662 681.61 879.211 307.922 452.881 861.206 550.232 -5000 -1.068 -1268.158 -15.869 -14.801 17.548 307.617 123.596 510.559 957.947 117.188 -1402.588 456.543 112.915 18.311 16.479 50.812 2548.065 2501.831 2113.19 1738.281 1383.362 1020.355 665.588 82.703 10.223 46.234 67.139 4.883 -332.642 -678.406 -1016.998 -1360.168 -1699.219 -2038.116 -2374.725 -2697.601 426.025 727.234 413.971 57.526 4.272 -347.443 -703.43 562 565 890 29.19 31.25 77 15 2408 1 034
6033379 7497 2025/12/25 18:53:45 P18 74.24 25.27 0 8 39.16 965.62 963.98 366.364 563.202 4062.653 445.251 571.747 796.204 430.45 7.172 -17.548 96.741 -17.242 265.961 731.354 3.357 679.626 879.822 307.312 452.881 859.07 549.622 -5000 -0.153 -1264.343 -16.937 -16.785 17.853 307.922 122.223 509.338 956.421 116.882 -1407.623 455.933 113.22 19.226 16.022 50.659 2543.945 2500.153 2113.037 1734.619 1377.563 1010.437 651.55 88.806 9.46 37.231 70.801 1.984 -332.031 -677.948 -1018.066 -1363.22 -1704.102 -2043.457 -2381.592 -2706.146 424.805 730.591 414.276 57.831 5.646 -349.426 -705.109 555 565 891 29.19 31.25 77 15 2408 1 034
6033380 7497 2025/12/25 18:53:46 P18 74.24 25.37 0 8 39.26 965.64 963.97 366.669 563.965 4061.584 449.677 569.916 795.441 430.145 87.585 3.052 90.332 -18.005 266.876 736.694 3.967 679.016 881.042 306.549 451.355 858.154 549.316 -5000 2.441 -1259.155 57.831 -17.242 18.005 305.939 122.833 508.118 956.573 100.25 -1406.86 455.933 112.61 12.97 20.447 51.575 2543.64 2501.831 2106.628 1728.516 1371.002 1005.554 652.313 87.128 9.155 43.64 73.547 4.12 -333.405 -677.49 -1018.524 -1361.847 -1704.254 -2044.678 -2384.338 -2708.435 423.889 729.828 412.598 56.458 4.272 -348.969 -707.855 563 570 891 29.18 31.26 77 15 2408 1 034
6033381 7497 2025/12/25 18:53:47 P18 74.33 25.32 0 8.07 39.08 965.61 963.97 367.432 563.812 4058.533 451.965 570.984 793.915 430.908 -66.071 -38.91 116.577 -18.158 269.012 736.084 3.052 679.321 881.805 305.481 452.271 856.781 547.943 -5000 1.831 -1264.038 25.33 -17.09 17.7 306.854 120.85 506.897 952.301 77.972 -1408.234 454.559 112.457 19.531 23.041 52.185 2544.098 2500.458 2113.495 1738.129 1382.294 1017.914 662.689 85.449 11.139 41.962 67.749 6.409 -332.794 -677.185 -1017.303 -1360.474 -1699.829 -2037.201 -2374.42 -2699.127 426.331 727.997 414.581 57.831 4.578 -350.189 -707.092 562 570 892 29.19 31.31 76 15 2408 1 034
6033382 7497 2025/12/25 18:53:48 P18 74.36 25.36 0 8.05 39.16 965.63 963.98 364.38 565.186 4055.786 449.066 569 791.016 430.298 -43.03 -8.087 86.67 -17.853 263.672 733.032 2.899 677.948 881.653 304.871 453.339 855.713 547.791 -5000 12.97 -1263.58 -19.379 -13.123 19.531 306.549 121.307 508.575 955.963 113.068 -1408.691 453.339 112.762 22.888 21.21 51.727 2545.929 2500.61 2114.258 1739.197 1383.057 1020.05 660.858 88.654 12.817 51.422 68.359 2.747 -330.505 -675.201 -1014.404 -1359.1 -1697.998 -2038.269 -2376.709 -2700.195 424.957 729.98 414.886 59.204 4.578 -348.358 -702.667 554 565 893 29.25 31.32 76 14 2408 1 034
6033383 7497 2025/12/25 18:53:49 P18 74.21 25.32 0 7.97 39.06 965.63 963.99 363.159 564.117 4061.584 447.998 569.763 789.185 430.603 -14.191 -24.414 93.842 -16.937 264.282 736.694 3.967 678.406 881.042 303.955 452.118 853.424 546.875 -5000 11.749 -1257.172 -2.289 -14.648 17.548 306.549 119.629 505.981 952.301 98.877 -1409.302 454.865 111.237 24.414 20.294 50.964 2546.692 2502.136 2109.985 1730.042 1370.697 1005.096 646.973 93.384 8.85 44.861 68.512 3.967 -331.573 -677.49 -1018.982 -1363.831 -1704.407 -2044.22 -2383.27 -2707.977 425.72 730.133 411.377 57.373 6.561 -350.8 -709.076 562 565 893 29.2 31.28 76 14 2408 1 034
6033384 7497 2025/12/25 18:53:50 P18 74.26 25.23 0 8.14 39.06 965.66 964.01 367.432 563.66 4062.347 433.655 568.695 790.558 430.756 -17.7 -9.155 89.569 -17.853 263.519 736.237 2.594 677.185 881.5 303.192 449.829 852.661 547.943 -5000 6.409 -1249.542 9.003 -15.717 18.311 306.854 118.713 504.761 950.623 109.253 -1406.708 453.491 111.389 22.583 17.548 51.422 2546.539 2501.221 2112.732 1737.671 1381.073 1015.625 657.806 87.891 11.292 39.215 69.122 5.035 -332.947 -678.406 -1019.135 -1362.61 -1703.949 -2042.542 -2380.524 -2704.468 424.957 731.201 412.445 56.61 15.106 -351.868 -707.855 555 570 893 29.2 31.38 76 14 2408 1 034
6033385 7497 2025/12/25 18:53:51 P18 74.33 25.25 0 8.19 39.14 965.6 963.99 365.753 563.507 4061.89 438.385 567.78 786.896 430.603 83.923 -29.602 106.354 -17.853 263.214 735.016 3.662 676.575 879.669 302.277 450.134 851.44 547.18 -5000 6.866 -1245.575 29.297 -15.106 18.005 308.533 119.019 504.303 952.606 96.436 -1404.419 453.186 110.016 26.855 14.191 50.812 2546.539 2500.305 2113.647 1739.197 1384.125 1020.966 666.199 92.926 11.749 39.062 68.359 6.256 -332.336 -676.575 -1016.388 -1359.1 -1698.303 -2037.811 -2374.42 -2699.127 424.194 727.997 414.276 58.594 4.425 -347.595 -702.82 566 570 893 29.19 31.26 76 14 2408 1 034
6033386 7497 2025/12/25 18:53:52 P18 74.26 25.29 0 8.15 39.19 965.65 963.98 364.685 564.117 4061.127 436.249 567.627 787.811 429.993 45.166 -17.7 78.278 -17.09 263.062 733.49 3.052 675.354 882.263 300.903 449.219 848.694 546.57 -5000 2.594 -1249.695 65.308 -16.327 17.7 306.091 118.713 504.456 950.775 100.25 -1408.997 452.118 110.931 16.785 19.226 51.575 2546.539 2501.221 2113.647 1735.687 1378.479 1011.81 655.212 90.942 13.428 48.218 67.444 6.409 -332.947 -675.964 -1018.066 -1361.237 -1702.728 -2042.389 -2381.439 -2705.994 423.126 727.234 413.666 57.068 6.561 -350.494 -706.635 558 570 893 29.2 31.25 76 14 2408 1 034
6033387 7497 2025/12/25 18:53:53 P18 74.24 25.34 0 8.05 39.18 965.65 964.01 364.075 563.202 4059.906 436.859 566.406 783.997 430.45 1.831 -27.466 85.144 -17.853 263.062 735.168 3.357 675.659 882.568 299.835 448.608 848.236 546.57 -5000 -7.477 -1244.965 83.16 -16.327 17.548 305.634 117.798 502.777 950.928 104.675 -1407.013 451.813 110.626 22.888 15.259 51.422 2544.098 2499.695 2108.002 1729.431 1371.155 1005.707 649.414 91.553 11.444 37.994 69.58 3.815 -338.898 -688.324 -1027.985 -1372.07 -1712.952 -2050.781 -2390.442 -2711.334 424.5 729.065 413.208 55.237 4.272 -352.173 -708.466 564 570 893 29.19 31.33 76 14 2408 1 034
6033388 7497 2025/12/25 18:53:54 P18 74.39 25.34 0 8.05 39.17 965.63 963.99 361.938 563.66 4055.939 436.096 566.711 790.558 429.84 -33.264 5.493 89.264 -15.717 263.367 733.795 3.052 674.591 884.094 298.615 448.608 847.321 544.434 -5000 3.204 -1240.54 64.392 -16.937 17.548 306.396 119.324 503.845 949.86 98.419 -1406.86 451.202 110.016 21.973 14.496 51.88 2543.335 2500.305 2112.579 1735.687 1380.768 1019.287 662.537 98.419 8.698 43.182 69.122 5.493 -332.336 -677.032 -1016.693 -1361.542 -1701.508 -2039.795 -2376.709 -2700.195 424.652 729.523 410.309 57.22 5.493 -349.274 -705.109 564 565 893 29.19 31.31 76 14 2408 1 034
6033389 7497 2025/12/25 18:53:55 P18 74.29 25.3 0 8.05 39.27 965.62 963.99 364.532 563.66 4059.601 435.028 565.491 786.896 429.993 -20.447 18.768 75.226 -16.937 262.146 734.863 4.272 674.744 883.789 298.309 448.456 846.863 545.197 -5000 -2.594 -1234.741 2.747 -15.869 17.853 305.328 115.662 501.862 941.162 84.534 -1404.877 451.202 109.1 18.463 15.411 50.507 2546.539 2500.916 2113.342 1739.044 1380.768 1014.557 657.501 94.604 8.85 49.896 68.512 5.035 -332.947 -676.27 -1015.32 -1359.1 -1699.219 -2038.574 -2377.014 -2702.484 423.584 726.624 413.513 59.052 7.324 -349.579 -703.43 549 565 894 29.23 31.32 76 14 2408 1 034
6033390 7497 2025/12/25 18:53:56 P18 74.33 25.36 0 8.03 39.15 965.62 963.98 363.464 563.965 4051.056 435.181 566.864 784.454 430.298 1.678 35.4 75.378 -16.632 263.824 735.321 3.052 674.286 884.094 296.478 447.388 844.879 544.891 -5000 -4.425 -1231.384 -15.411 -15.411 18.005 305.786 116.119 502.625 942.688 100.098 -1401.978 450.134 108.948 16.022 18.158 49.591 2548.523 2501.526 2106.628 1726.99 1369.171 1002.655 646.667 94.604 8.087 51.27 67.444 6.104 -336.151 -681.915 -1021.423 -1365.356 -1706.085 -2045.898 -2384.796 -2709.198 422.974 726.624 414.429 56.152 3.662 -350.494 -709.991 564 570 896 29.23 31.32 76 14 2408 1 034
6033391 7497 2025/12/25 18:53:57 P18 74.19 25.3 0 8.26 39.1 965.67 964.01 363.617 564.575 4051.208 429.84 564.88 786.591 431.061 22.736 -9.308 80.261 -15.564 261.536 734.1 1.984 672.607 884.094 296.783 447.54 843.353 544.739 -5000 -1.984 -1233.368 18.921 -16.785 18.158 304.565 117.188 500.793 946.503 111.389 -1408.844 449.371 109.1 21.973 19.989 51.422 2548.828 2502.136 2110.748 1736.755 1379.852 1016.235 661.163 96.893 5.951 30.06 69.427 3.967 -332.336 -678.406 -1017.914 -1361.694 -1701.202 -2040.863 -2382.965 -2703.247 417.633 728.607 411.835 57.373 6.104 -347.29 -702.82 563 570 896 29.19 31.28 76 14 2408 1 034
6033392 7497 2025/12/25 18:53:58 P18 74.25 25.26 0 8.2 39.12 965.64 963.97 362.244 563.049 4051.819 433.197 565.186 776.215 430.45 16.937 -21.362 80.872 -16.937 261.536 734.253 2.747 672.15 883.484 295.868 447.083 841.827 543.671 -5000 13.123 -1230.469 68.512 -15.717 18.768 305.176 116.119 501.709 944.672 91.553 -1407.318 449.066 110.016 20.294 17.7 51.422 2548.676 2500.305 2114.716 1742.096 1386.108 1024.628 670.319 97.656 9.003 34.637 69.58 3.815 -332.642 -676.422 -1013.947 -1354.98 -1695.557 -2034.302 -2369.69 -2695.618 422.516 727.844 413.818 60.272 3.662 -348.053 -702.362 556 570 897 29.19 31.38 75 14 2408 1 034
6033393 7497 2025/12/25 18:53:59 P18 74.3 25.33 0 8.12 39.22 965.64 964 362.396 564.27 4056.702 433.197 564.27 786.896 429.993 4.883 -4.578 89.111 -17.548 260.162 729.675 3.357 671.844 885.01 294.342 447.845 841.37 543.213 -5000 0.61 -1228.79 -41.504 -16.174 17.853 305.328 114.288 498.962 940.857 96.741 -1408.691 448.914 109.406 22.43 21.82 50.812 2545.471 2500.916 2108.765 1728.058 1371.155 1004.639 647.583 101.013 7.019 37.231 69.122 3.51 -332.184 -677.948 -1018.982 -1362.305 -1703.491 -2044.067 -2383.27 -2708.893 423.737 729.37 412.75 56.152 7.782 -353.088 -709.534 563 570 898 29.2 31.39 75 14 2408 1 034
6033394 7497 2025/12/25 18:54:00 P18 74.32 25.33 0 8.12 39.22 965.65 963.98 360.718 562.286 4051.666 434.723 563.354 781.097 430.603 -20.447 -7.324 103.302 -16.479 261.23 731.659 3.662 670.929 884.705 294.495 447.388 839.996 542.297 -5000 12.36 -1228.333 27.161 -16.327 18.005 305.176 113.525 500.031 936.89 96.588 -1407.623 447.845 109.1 17.09 23.499 50.507 2545.013 2499.542 2113.037 1737.061 1381.378 1018.219 662.689 101.471 10.986 41.504 67.749 3.51 -331.116 -676.422 -1016.693 -1360.016 -1699.982 -2039.185 -2376.251 -2700.043 422.363 726.776 413.208 57.068 5.341 -349.274 -704.346 563 570 898 29.22 31.43 75 14 2408 1 034
6033395 7497 2025/12/25 18:54:01 P18 74.28 25.32 0 8.12 39.19 965.62 963.98 363.007 563.66 4049.835 428.314 563.66 776.062 430.298 3.662 9.308 76.599 -16.785 261.23 733.185 3.204 671.539 882.263 292.511 445.557 838.47 542.45 -5000 6.409 -1227.112 -27.008 -15.411 19.073 305.176 115.204 498.81 943.909 89.417 -1406.708 447.845 108.795 15.106 17.7 51.117 2548.981 2502.594 2113.037 1738.739 1383.209 1021.729 665.436 97.351 12.207 43.793 70.19 7.935 -331.879 -677.338 -1015.93 -1359.558 -1698.761 -2036.438 -2373.199 -2696.838 423.431 726.013 414.429 60.12 4.883 -349.426 -704.651 566 570 899 29.23 31.32 75 14 2408 1 034
6033396 7497 2025/12/25 18:54:02 P18 74.22 25.3 0 8.02 39.2 965.67 963.98 362.396 564.423 4055.939 426.025 563.202 785.217 430.298 -97.351 -6.409 86.67 -14.496 258.636 733.032 4.272 669.861 886.078 290.833 446.32 836.792 541.382 -5000 15.717 -1225.891 74.768 -16.327 18.005 304.413 115.051 497.894 940.552 95.825 -1409.454 447.083 109.253 18.311 14.954 50.812 2547.607 2501.984 2111.206 1733.551 1373.444 1007.69 649.719 101.776 9.46 44.861 69.427 3.662 -333.405 -678.406 -1019.592 -1363.525 -1705.933 -2044.983 -2384.033 -2708.893 421.906 727.386 414.429 57.068 2.594 -349.426 -708.16 557 570 899 29.2 31.36 75 14 2408 1 034
6033397 7497 2025/12/25 18:54:03 P18 74.21 25.29 0 8.14 39.11 965.67 964 359.497 562.439 4051.971 426.941 561.371 782.928 430.45 -50.201 -16.327 90.79 -16.327 258.636 731.201 3.967 669.861 886.536 290.07 446.472 835.571 540.466 -5000 5.493 -1217.346 30.67 -17.09 19.226 304.565 111.389 497.742 939.331 105.743 -1408.539 447.693 109.1 22.888 17.853 52.185 2541.351 2501.984 2114.563 1736.908 1381.073 1015.167 660.248 101.166 9.613 38.757 70.496 3.204 -334.473 -679.779 -1018.372 -1362.152 -1702.271 -2040.1 -2378.54 -2702.026 421.753 728.149 413.971 58.899 5.188 -347.137 -703.125 563 570 899 29.18 31.39 75 14 2408 1 034
6033398 7497 2025/12/25 18:54:04 P18 74.25 25.32 0 8 39.12 965.61 964.01 363.159 563.812 4053.192 434.265 561.523 780.64 429.84 81.635 -20.142 80.109 -17.395 258.179 733.49 4.12 668.488 886.383 290.222 446.472 834.656 541.229 -5000 1.526 -1217.957 -5.646 -15.869 18.921 304.565 111.542 496.521 940.857 106.201 -1410.37 446.472 108.643 20.447 17.09 51.727 2547.913 2500.305 2113.19 1737.823 1384.43 1020.66 664.673 99.03 12.512 43.182 70.19 5.493 -329.742 -674.744 -1014.862 -1358.032 -1697.693 -2037.354 -2373.962 -2697.449 422.974 727.997 413.818 58.899 6.561 -348.206 -701.294 563 570 899 29.16 31.36 74 14 2408 1 034
6033399 7497 2025/12/25 18:54:05 P18 74.25 25.27 0 8.24 39.19 965.62 963.99 359.497 561.981 4051.819 432.281 560.15 781.097 431.061 -32.043 -23.041 93.994 -16.479 258.026 731.506 4.12 668.335 887.146 287.781 446.472 832.977 539.246 -5000 7.629 -1216.431 -9.003 -16.785 19.531 305.176 111.237 496.826 937.5 109.863 -1411.743 445.557 108.795 16.479 23.041 51.27 2542.877 2499.847 2117.615 1745.758 1391.296 1030.579 673.828 98.877 10.681 52.185 67.139 6.866 -330.658 -673.981 -1010.895 -1353.76 -1692.657 -2030.64 -2365.57 -2691.498 419.006 725.708 411.53 59.662 4.578 -343.628 -696.716 545 570 899 29.2 31.31 74 14 2408 1 034
6033400 7497 2025/12/25 18:54:06 P18 74.22 25.26 0 8.05 39.09 965.62 963.99 359.192 562.592 4046.326 432.129 561.371 780.792 429.993 112.305 -12.512 95.52 -14.648 257.721 731.201 3.204 668.335 886.23 288.696 445.557 831.604 540.466 -5000 3.357 -1213.379 14.648 -18.311 18.158 303.802 113.068 496.063 939.331 97.046 -1409.149 444.489 110.016 18.616 19.684 51.575 2546.082 2502.289 2108.307 1731.72 1374.054 1009.064 655.06 103.607 8.24 49.896 70.343 3.052 -334.167 -681.305 -1021.423 -1363.678 -1704.559 -2044.067 -2380.829 -2705.536 423.279 727.386 406.342 57.678 6.256 -353.241 -710.602 565 570 899 29.2 31.31 74 14 2408 1 034
6033401 7497 2025/12/25 18:54:07 P18 74.24 25.2 0 8.03 39.2 965.6 963.99 361.786 562.134 4047.089 428.467 560.455 778.961 430.756 46.997 -1.526 102.692 -17.548 257.721 732.117 3.51 667.877 887.756 287.628 446.167 830.994 539.856 -5000 -2.594 -1208.191 44.861 -16.022 18.463 303.497 111.237 495.605 937.5 113.068 -1408.691 443.878 108.795 19.226 12.207 50.812 2549.438 2501.373 2114.258 1737.976 1382.599 1019.592 664.062 103.455 6.561 47.607 68.054 3.967 -333.405 -677.49 -1022.797 -1363.373 -1702.118 -2039.795 -2375.031 -2698.669 420.685 726.318 413.361 61.188 3.662 -349.884 -704.041 564 570 899 29.25 31.43 74 14 2408 1 034
6033402 7497 2025/12/25 18:54:08 P18 74.21 25.3 0 8.15 39.25 965.61 964 362.854 562.134 4050.903 427.399 560.455 778.198 429.688 -62.561 -0.916 90.79 -17.7 259.247 731.354 3.204 666.656 887.451 286.407 444.336 829.62 538.177 -5000 9.308 -1204.681 45.166 -16.632 18.311 303.802 109.711 493.774 933.075 93.231 -1405.182 444.336 106.506 21.973 13.275 50.812 2544.403 2500.916 2115.631 1745.605 1390.839 1035.767 676.575 99.64 11.139 47.302 68.512 7.019 -332.336 -675.507 -1014.404 -1356.812 -1695.862 -2034.302 -2368.164 -2694.55 420.99 727.081 414.581 58.899 7.019 -347.595 -699.768 552 565 899 29.2 31.34 74 14 2408 1 034
6033403 7497 2025/12/25 18:54:09 P18 74.22 25.27 0 8.17 39.22 965.68 963.97 361.023 562.439 4046.326 425.11 558.624 776.978 430.298 110.474 -18.158 88.501 -17.548 257.568 731.964 4.12 666.504 886.841 285.797 443.878 829.163 539.246 -5000 5.951 -1200.867 -7.782 -16.937 19.073 304.108 108.948 496.674 935.059 101.929 -1409.912 443.42 109.406 21.21 16.632 50.354 2548.37 2501.221 2113.19 1739.96 1383.667 1021.729 663.605 98.877 12.207 53.253 69.427 5.188 -331.268 -674.133 -1013.794 -1356.812 -1697.693 -2036.285 -2373.81 -2700.348 420.99 723.267 415.039 59.052 5.493 -345.917 -700.378 564 565 899 29.2 31.44 74 14 2408 1 034
6033404 7497 2025/12/25 18:54:10 P18 74.14 25.36 0 8.15 39.15 965.64 963.98 359.497 563.812 4044.647 426.331 559.235 776.52 430.603 -21.057 -13.428 75.989 -14.954 257.568 731.506 3.204 665.741 888.367 285.187 444.031 827.484 537.567 -5000 9.46 -1198.425 17.548 -16.327 18.768 303.497 110.626 494.08 936.584 121.307 -1409.302 442.963 108.948 21.362 14.801 50.812 2549.286 2502.441 2111.816 1738.129 1381.531 1018.066 663.605 102.234 11.139 41.656 67.139 6.409 -334.167 -678.558 -1015.32 -1360.321 -1699.829 -2039.337 -2377.014 -2700.348 420.685 725.403 414.429 57.373 6.256 -349.121 -704.956 564 565 899 29.26 31.41 74 14 2408 1 034
6033405 7497 2025/12/25 18:54:11 P18 74.14 25.34 0 8.15 39.22 965.61 963.98 361.328 561.218 4046.936 423.279 558.472 776.52 430.756 37.842 -42.725 74.463 -17.09 257.568 728.455 3.51 664.673 887.451 283.966 444.489 826.416 536.194 -5000 -5.035 -1195.984 19.531 -17.242 18.616 303.802 108.795 492.554 932.007 100.708 -1407.776 442.81 108.643 23.041 22.278 51.117 2543.488 2500.153 2115.631 1745.148 1389.008 1027.985 672.913 103.455 10.529 40.283 68.359 5.188 -330.505 -675.659 -1014.252 -1356.812 -1696.625 -2033.997 -2369.385 -2695.007 421.295 726.624 415.039 58.136 5.798 -349.121 -701.599 556 565 899 29.23 31.4 74 14 2408 1 034
6033406 7497 2025/12/25 18:54:12 P18 74.18 25.27 0 8.26 39.16 965.64 963.98 360.87 564.117 4049.377 421.143 558.167 777.283 430.45 -21.667 -18.463 78.735 -17.548 255.127 728.302 3.204 664.368 887.909 283.661 444.489 824.585 537.109 -5000 5.341 -1193.848 88.348 -16.785 18.005 304.26 108.337 491.791 929.718 97.504 -1409.76 442.047 107.117 17.242 21.82 51.117 2546.082 2500.305 2113.037 1741.333 1387.939 1025.391 667.267 101.776 10.834 39.673 69.733 5.493 -330.658 -675.049 -1014.404 -1357.88 -1697.54 -2036.896 -2375.336 -2700.958 421.448 726.166 408.478 58.136 7.477 -346.68 -701.447 568 565 898 29.22 31.38 74 14 2408 1 034
6033407 7497 2025/12/25 18:54:13 P18 74.22 25.3 0 8.02 39.13 965.62 963.99 356.75 563.354 4045.41 419.312 556.335 776.825 429.993 101.318 -13.275 80.872 -17.395 255.28 728.76 3.357 663.757 888.977 282.745 443.573 823.975 535.736 -5000 12.054 -1189.575 55.237 -16.174 19.531 303.192 108.032 491.943 933.838 108.795 -1407.471 441.284 108.49 24.414 25.635 51.422 2543.488 2501.678 2110.596 1736.755 1379.547 1016.998 661.621 105.133 10.986 41.656 66.071 5.951 -334.32 -680.389 -1018.219 -1361.542 -1702.423 -2039.948 -2376.404 -2701.111 421.753 724.945 413.208 56.305 3.357 -350.494 -705.872 556 565 898 29.18 31.45 74 14 2408 1 034
6033408 7497 2025/12/25 18:54:13 P18 74.18 25.22 0 8.32 39.19 965.62 964.01 357.819 563.66 4043.732 416.26 555.42 770.874 430.603 -58.746 -23.804 84.229 -16.785 256.5 729.675 3.204 663.757 888.824 282.135 442.2 823.364 536.194 -5000 3.51 -1188.049 41.504 -14.954 19.073 302.582 110.321 491.943 931.702 91.095 -1408.386 441.284 105.438 18.921 20.752 52.185 2546.387 2501.831 2115.173 1740.723 1387.177 1025.696 669.556 107.269 11.902 45.471 68.512 8.087 -332.642 -677.795 -1015.472 -1359.406 -1698.761 -2036.133 -2370.911 -2695.16 420.837 725.861 413.208 59.357 5.341 -347.595 -701.599 554 565 898 29.22 31.36 74 14 2408 1 034
6033409 7497 2025/12/25 18:54:14 P18 74.22 25.23 0 8.1 39.14 965.68 963.98 356.903 563.049 4043.274 417.48 556.335 770.416 430.145 -31.433 -23.041 63.019 -16.937 255.89 729.065 2.899 662.689 888.977 278.931 442.047 821.075 534.363 -5000 1.068 -1187.439 3.51 -14.496 18.616 302.887 109.253 491.18 931.244 99.335 -1409.454 441.284 106.964 18.005 19.531 51.117 2544.708 2500.305 2116.089 1742.554 1387.634 1025.696 667.877 106.964 9.918 47.455 69.427 1.678 -330.2 -673.523 -1013.031 -1356.201 -1696.167 -2034.76 -2372.742 -2697.144 422.974 726.776 413.055 59.814 4.73 -346.375 -699.768 554 565 897 29.2 31.43 74 14 2408 1 034
6033410 7497 2025/12/25 18:54:15 P18 74.15 25.34 0 8.1 39.21 965.65 963.98 356.75 562.897 4046.631 417.633 557.251 773.926 430.45 -20.905 -13.733 79.498 -16.937 253.601 726.318 5.188 662.079 888.977 280.914 443.268 820.007 535.889 -5000 7.477 -1183.472 82.55 -16.327 18.311 302.887 105.591 489.96 924.53 96.588 -1408.386 440.369 107.117 22.888 20.294 50.659 2545.166 2501.984 2113.953 1739.807 1381.226 1016.235 657.959 109.558 7.782 53.711 67.291 3.357 -331.726 -676.27 -1015.015 -1358.795 -1697.388 -2037.048 -2376.556 -2703.094 419.159 723.419 411.072 57.831 3.052 -349.274 -704.193 565 560 897 29.22 31.39 74 14 2408 1 034
6033411 7497 2025/12/25 18:54:16 P18 74.14 25.38 0 8.1 39.19 965.65 963.99 358.887 561.066 4047.394 416.718 554.962 773.468 430.603 0.61 31.891 72.021 -16.174 254.059 728.912 4.883 662.384 889.282 277.557 441.895 818.939 536.041 -5000 7.019 -1180.878 69.58 -16.632 18.463 299.53 106.964 488.586 929.26 83.618 -1405.182 440.063 107.574 20.447 24.414 51.117 2545.319 2501.831 2114.563 1739.349 1385.498 1023.254 667.267 113.525 6.866 35.248 68.97 3.51 -332.031 -676.27 -1014.709 -1358.643 -1698.151 -2036.743 -2372.894 -2696.075 421.448 727.844 413.208 58.289 5.493 -348.206 -702.057 564 565 896 29.22 31.39 74 14 2408 1 034
6033412 7497 2025/12/25 18:54:17 P18 74.18 25.34 0 8.32 39.22 965.64 963.99 355.682 561.676 4043.579 416.26 553.894 772.095 430.45 -30.975 -2.899 57.526 -16.327 254.669 730.286 5.188 661.621 889.74 278.168 442.505 818.481 534.668 -5000 5.493 -1179.504 61.951 -16.785 18.616 303.04 106.049 490.112 924.072 122.528 -1411.285 439.301 107.422 17.09 16.479 50.812 2542.419 2501.678 2118.225 1746.063 1391.296 1029.816 673.065 110.016 8.24 36.926 67.749 2.594 -329.437 -674.591 -1011.505 -1355.286 -1694.489 -2033.234 -2368.164 -2693.634 419.159 722.046 412.75 59.509 5.035 -345.612 -697.174 567 560 896 29.22 31.47 73 14 2408 1 034
6033413 7497 2025/12/25 18:54:18 P18 74.14 25.36 0 8.32 39.25 965.66 964.01 356.293 561.981 4042.053 413.971 554.047 770.416 430.908 38.452 13.733 63.477 -17.242 254.364 730.743 4.12 660.858 888.672 278.168 440.979 815.582 533.752 -5000 -0.61 -1176.147 7.629 -14.191 18.921 302.582 104.523 488.739 925.751 103.76 -1407.928 439.758 107.422 18.005 18.616 50.201 2547.455 2502.136 2115.784 1740.265 1384.735 1019.592 662.079 109.558 11.139 40.283 68.512 7.324 -331.573 -675.354 -1015.472 -1358.948 -1699.219 -2038.422 -2376.862 -2701.721 421.295 724.335 418.396 59.204 5.951 -345.764 -701.904 556 560 895 29.19 31.33 73 14 2408 1 034
6033414 7497 2025/12/25 18:54:19 P18 74.06 25.22 0 8.24 39.12 965.64 964 356.903 561.371 4044.952 410.461 553.894 769.653 429.993 -137.329 -12.817 104.98 -16.937 252.991 727.997 4.883 660.858 889.282 277.252 440.979 815.735 533.447 -5000 1.678 -1172.638 19.226 -15.411 18.921 302.277 102.539 488.281 925.293 103.76 -1409.76 438.995 106.354 21.21 20.447 50.964 2546.844 2502.594 2111.816 1735.992 1381.836 1018.372 662.842 110.626 9.766 41.199 68.817 7.172 -334.167 -678.711 -1016.541 -1360.168 -1699.677 -2036.743 -2375.793 -2699.89 419.312 717.621 413.361 57.22 5.493 -348.053 -704.803 564 560 895 29.2 31.46 73 14 2408 1 034
6033415 7497 2025/12/25 18:54:20 P18 74.19 25.3 0 8.12 39.18 965.62 964 356.903 562.134 4046.021 415.649 554.504 767.365 430.603 108.643 -16.174 96.283 -16.327 252.075 724.945 5.341 661.011 888.824 275.726 442.047 813.904 532.227 -5000 1.373 -1171.265 -17.242 -15.717 18.768 303.345 103.455 487.518 922.852 94.147 -1408.081 438.232 104.828 16.327 20.599 50.201 2545.929 2501.526 2116.241 1744.385 1389.923 1027.222 670.624 112 8.85 39.825 68.512 5.035 -329.742 -673.523 -1011.658 -1354.523 -1694.489 -2033.081 -2367.554 -2694.244 419.464 727.997 412.903 59.204 6.256 -347.137 -698.853 555 560 894 29.25 31.41 73 14 2408 1 034
6033416 7497 2025/12/25 18:54:21 P18 74.12 25.29 0 8.19 39.21 965.64 964 355.225 560.913 4041.748 418.243 553.284 771.79 430.298 -9.308 -31.586 74.31 -17.395 252.533 727.234 4.883 659.637 891.876 275.421 441.589 812.225 531.616 -5000 1.526 -1172.638 -65.765 -16.937 19.531 301.971 103.912 486.755 923.615 101.776 -1409.302 437.775 107.269 17.853 17.09 51.727 2541.351 2501.678 2114.105 1739.96 1385.498 1023.102 666.199 116.882 9.003 28.687 68.97 3.51 -329.132 -675.201 -1013.031 -1356.659 -1697.693 -2037.354 -2374.115 -2699.585 418.854 724.64 413.513 58.746 3.967 -345.306 -699.768 569 560 893 29.2 31.39 73 14 2408 1 034
6033417 7497 2025/12/25 18:54:22 P18 74.18 25.29 0 8.15 39.13 965.64 964.01 358.429 562.134 4044.647 416.87 553.284 770.569 430.298 -7.629 -29.755 102.386 -16.785 252.991 728.912 5.188 659.332 890.045 275.574 440.979 811.92 532.379 -5000 1.221 -1170.197 19.531 -13.885 17.853 302.277 105.133 485.992 921.783 120.087 -1407.776 436.401 104.675 21.21 26.703 49.896 2546.997 2502.289 2113.647 1736.755 1377.106 1010.895 654.144 114.746 12.36 21.973 67.749 5.188 -332.336 -677.032 -1017.151 -1361.084 -1701.813 -2041.321 -2380.981 -2706.451 419.159 724.945 415.039 57.526 6.409 -348.053 -703.125 560 560 893 29.2 31.33 73 14 2408 1 034
6033418 7497 2025/12/25 18:54:23 P18 74.05 25.3 0 8.17 39.17 965.64 964 357.513 562.744 4036.865 419.464 553.589 768.585 430.756 90.942 -5.493 100.25 -15.869 252.228 729.523 3.51 658.264 890.808 273.743 440.063 810.242 531.769 -5000 5.341 -1168.213 11.139 -16.174 18.768 301.971 103.607 485.229 923.462 105.743 -1408.386 436.859 106.049 25.94 19.531 48.37 2548.828 2499.695 2115.479 1741.333 1387.939 1024.933 669.25 112.915 8.087 27.618 66.986 6.104 -334.93 -678.864 -1016.541 -1359.253 -1697.54 -2036.591 -2372.437 -2696.533 417.633 722.809 415.344 59.204 3.967 -347.443 -700.073 554 560 893 29.18 31.49 73 14 2408 1 034
6033419 7497 2025/12/25 18:54:24 P18 74.11 25.3 0 8.13 39.17 970.33 964.01 354.919 561.218 4036.255 422.668 551.605 767.212 430.45 -46.234 -13.733 83.16 -18.005 251.16 726.471 3.815 658.264 890.35 273.132 440.369 809.631 532.99 -5000 0.763 -1165.924 0.916 -15.411 19.073 301.971 104.828 485.077 923.309 86.975 -1409.912 435.333 105.286 21.362 17.242 50.812 2548.065 2499.39 2114.41 1742.859 1386.871 1026.306 669.098 115.356 13.428 37.994 69.275 7.629 -330.658 -675.049 -1013.336 -1355.591 -1696.777 -2035.37 -2371.216 -2698.212 418.701 723.877 416.565 62.714 3.967 -346.985 -701.294 554 560 893 29.22 31.44 73 14 2408 1 034
6033420 7497 2025/12/25 18:54:25 P18 74.09 25.29 0 8.12 39.24 970.32 964 358.734 561.371 4041.443 422.363 550.842 769.501 430.603 -45.471 -3.51 68.207 -17.548 252.228 728.455 5.341 657.196 891.266 271.606 440.979 808.411 530.548 -5000 3.204 -1161.499 -49.591 -16.632 18.921 301.666 102.234 483.856 919.495 88.501 -1409.149 436.554 103.455 19.684 18.616 50.812 2548.218 2500.305 2116.699 1737.823 1381.531 1016.388 657.043 118.561 10.529 31.281 68.512 4.12 -330.963 -675.507 -1015.472 -1359.863 -1700.592 -2040.1 -2378.693 -2703.857 418.854 724.182 413.208 60.272 6.561 -346.985 -700.989 556 560 893 29.22 31.46 73 14 2408 1 034
6033421 7497 2025/12/25 18:54:26 P18 74.16 25.38 0 8.31 39.22 970.33 963.99 358.429 561.981 4037.476 424.347 551.147 765.839 430.45 -23.499 -1.373 66.376 -16.632 250.854 727.234 5.035 657.501 891.266 271.149 441.589 807.495 530.243 -5000 0.916 -1160.583 98.267 -15.869 18.311 301.056 102.997 483.093 921.326 108.948 -1410.98 435.028 104.065 23.651 22.736 50.659 2546.997 2501.831 2112.732 1740.417 1386.719 1024.323 669.098 116.577 13.428 43.793 68.359 8.85 -334.015 -676.727 -1015.625 -1358.032 -1697.235 -2035.828 -2371.979 -2696.228 418.396 722.504 415.344 57.831 4.272 -346.68 -702.82 565 560 893 29.22 31.46 73 14 2408 1 034
6033422 7497 2025/12/25 18:54:27 P18 74.16 25.29 0 8.15 39.22 970.33 964 358.887 560.608 4035.339 422.974 550.537 765.686 429.993 37.384 -1.984 71.716 -16.174 250.702 727.386 4.883 656.433 891.876 271.301 440.979 806.427 531.464 -5000 10.223 -1154.022 101.318 -16.022 18.768 299.988 100.861 484.314 919.037 100.25 -1409.607 434.418 105.438 23.499 20.599 50.812 2549.591 2501.678 2114.41 1743.164 1387.634 1024.475 668.64 119.781 7.172 28.687 68.97 3.815 -331.116 -674.438 -1012.573 -1355.743 -1695.557 -2033.997 -2369.385 -2696.838 417.938 726.013 413.055 61.188 6.104 -346.68 -699.31 565 560 894 29.22 31.46 73 14 2408 1 034
6033423 7497 2025/12/25 18:54:28 P18 74.04 25.25 0 8.2 39.24 970.34 964 353.851 560.913 4033.356 420.99 549.774 765.686 430.45 107.422 -53.406 59.357 -16.479 250.397 725.861 4.272 656.128 891.266 269.928 439.606 806.274 529.938 -5000 3.052 -1155.548 30.975 -15.869 19.073 301.208 101.471 482.941 920.715 96.741 -1407.013 434.265 106.964 17.853 18.158 50.659 2547.455 2501.068 2114.105 1743.469 1382.599 1017.761 662.231 119.171 8.087 36.774 68.512 2.136 -331.573 -676.27 -1015.472 -1358.643 -1700.287 -2039.185 -2377.167 -2704.926 417.786 723.419 413.055 59.662 3.51 -348.663 -702.82 558 560 894 29.18 31.44 73 14 2408 1 034
6033424 7497 2025/12/25 18:54:29 P18 74.11 25.29 0 8.22 39.37 970.31 964 355.682 561.371 4033.508 418.701 549.927 763.245 430.603 -21.667 -22.736 63.324 -17.548 251.312 724.945 5.188 655.823 890.35 268.555 438.843 803.986 528.717 -5000 -1.831 -1153.717 -34.027 -13.733 18.158 300.903 101.013 484.161 919.189 100.861 -1408.997 433.655 105.438 24.414 19.989 50.964 2549.438 2502.441 2108.459 1729.584 1369.934 1004.639 649.414 119.324 10.529 33.417 68.207 4.425 -333.862 -686.798 -1023.712 -1368.408 -1709.595 -2048.34 -2386.932 -2710.266 420.532 724.792 414.429 57.068 5.493 -352.325 -708.771 565 560 895 29.23 31.49 73 14 2408 1 034
6033425 7497 2025/12/25 18:54:30 P18 74.04 25.29 0 8.17 39.22 970.32 963.98 354.919 561.676 4035.797 415.649 549.622 757.751 430.45 -39.368 -38.91 86.975 -16.632 250.854 728.455 5.646 655.365 887.451 268.097 438.843 802.917 528.259 -5000 5.951 -1150.818 11.444 -14.954 19.989 300.903 99.487 483.246 916.138 87.28 -1409.912 433.807 104.828 20.142 13.275 50.964 2547.302 2501.373 2116.852 1743.622 1389.465 1027.069 670.471 115.356 7.324 45.166 66.528 4.73 -332.642 -675.049 -1013.489 -1356.812 -1695.709 -2033.081 -2368.927 -2693.787 418.396 722.961 414.734 59.509 4.12 -347.9 -701.599 564 560 895 29.25 31.51 73 14 2408 1 034
6033426 7497 2025/12/25 18:54:31 P18 74.05 25.3 0 8.24 39.28 970.35 964.01 357.666 561.981 4035.034 411.224 549.011 765.686 430.145 14.343 -19.684 81.329 -17.7 250.244 726.318 6.409 654.602 891.266 268.402 438.843 801.697 528.87 -5000 4.883 -1151.276 48.523 -16.937 19.073 301.056 100.098 480.499 915.527 100.555 -1407.471 433.502 105.743 19.684 12.36 50.201 2545.166 2500.763 2111.816 1739.502 1382.141 1019.135 661.163 115.356 8.087 43.182 68.512 4.883 -330.353 -675.507 -1014.404 -1358.948 -1699.219 -2037.354 -2375.793 -2702.332 417.328 722.351 412.903 59.052 4.883 -348.663 -702.972 566 560 896 29.19 31.57 72 14 2408 1 034
6033427 7497 2025/12/25 18:54:32 P18 74.02 25.33 0 8.19 39.27 970.34 964.01 354.614 561.676 4038.544 412.445 547.943 762.329 430.145 23.804 -12.817 81.024 -16.937 249.023 725.25 6.561 653.992 891.876 267.029 438.385 800.781 527.802 -5000 0.61 -1148.987 1.831 -14.191 18.616 300.751 98.419 479.736 915.222 100.555 -1410.522 432.892 102.386 18.158 12.512 51.575 2545.319 2501.678 2108.612 1729.431 1370.85 1002.96 647.888 117.493 9.308 36.774 68.817 7.935 -335.541 -680.695 -1021.118 -1364.899 -1705.933 -2046.661 -2385.864 -2709.961 419.312 721.741 414.581 55.542 5.798 -351.105 -710.144 568 560 896 29.19 31.47 72 14 2408 1 034
6033428 7497 2025/12/25 18:54:33 P18 74.05 25.27 0 7.98 39.33 970.34 963.99 354.156 560.303 4035.339 405.273 549.164 764.008 430.756 71.411 -21.362 79.803 -17.395 248.871 725.25 6.714 653.229 890.961 265.503 438.232 800.781 527.039 -5000 9.918 -1143.036 -7.629 -16.937 18.463 300.903 97.961 480.652 913.391 91.248 -1410.98 432.129 104.828 18.768 16.785 50.812 2542.877 2501.526 2116.394 1743.317 1390.533 1029.053 670.624 118.713 10.071 36.316 67.749 4.12 -330.048 -674.133 -1013.336 -1357.117 -1696.32 -2035.828 -2370.148 -2695.618 418.091 723.724 414.581 60.577 6.561 -345.154 -698.242 550 560 896 29.2 31.51 72 14 2408 1 034
6033429 7497 2025/12/25 18:54:34 P18 74 25.27 0 8.15 39.22 970.33 964 353.394 560.303 4034.119 406.647 547.028 764.465 430.603 -4.73 3.357 84.534 -17.242 247.65 723.724 6.714 652.924 892.792 265.808 438.538 797.424 527.344 -5000 14.343 -1140.442 48.218 -16.327 19.684 300.751 96.436 480.194 912.628 85.754 -1412.048 431.824 104.065 22.125 12.817 50.964 2541.351 2499.695 2113.8 1740.265 1383.209 1018.677 659.943 121.613 11.139 44.25 68.359 6.409 -330.2 -675.354 -1014.099 -1358.49 -1699.219 -2038.727 -2377.319 -2703.094 417.938 720.367 413.666 58.746 2.594 -350.494 -704.956 550 560 896 29.16 31.52 72 14 2408 1 034
6033430 7497 2025/12/25 18:54:35 P18 74 25.34 0 8.15 39.23 970.35 964 352.783 561.829 4031.372 402.374 546.417 762.329 430.145 53.558 -4.883 80.109 -16.937 248.871 724.792 8.698 652.924 892.487 264.435 437.012 797.577 525.97 -5000 4.73 -1137.695 75.073 -15.106 18.768 299.988 99.945 480.042 914.764 91.095 -1410.675 431.519 102.081 23.346 14.038 50.201 2545.166 2500.458 2109.528 1729.126 1371.918 1005.707 649.719 125.885 9.155 42.877 68.817 3.967 -334.32 -679.321 -1018.677 -1365.662 -1706.543 -2046.356 -2385.559 -2708.13 419.922 724.487 412.598 56.458 5.493 -350.342 -708.923 556 560 896 29.2 31.63 72 14 2408 1 034
6033431 7497 2025/12/25 18:54:36 P18 74.09 25.27 0 8.1 39.22 970.35 964.01 351.868 560.303 4034.119 401.459 545.959 763.702 430.603 -8.545 4.12 75.226 -16.937 248.108 725.708 7.477 651.093 894.165 265.045 436.554 796.509 526.581 -5000 -4.12 -1133.118 14.801 -17.09 18.921 299.988 96.741 478.821 912.476 95.367 -1410.522 430.603 103.76 24.109 20.905 50.812 2541.504 2501.526 2111.359 1738.281 1380.768 1017.609 662.689 124.512 10.529 44.708 66.681 5.035 -332.031 -677.643 -1017.303 -1361.237 -1700.897 -2039.185 -2375.183 -2698.669 417.48 725.861 414.734 57.831 4.425 -348.511 -704.041 565 560 896 29.22 31.57 72 14 2408 1 034
6033432 7497 2025/12/25 18:54:37 P18 74.08 25.23 0 8.17 39.24 970.35 963.99 354.309 559.387 4032.898 399.933 546.875 761.871 430.45 36.011 -18.463 85.907 -16.327 250.244 724.182 7.477 652.618 893.402 263.214 436.859 796.509 526.123 -5000 8.85 -1130.219 32.349 -17.09 18.311 298.767 96.13 477.753 908.051 97.504 -1409.454 430.45 102.386 21.667 18.616 50.659 2543.64 2501.984 2112.885 1736.908 1380.005 1014.862 652.771 122.07 8.087 66.071 67.444 4.73 -331.879 -675.201 -1014.404 -1358.185 -1699.829 -2039.032 -2378.235 -2701.874 417.48 721.283 414.734 58.899 4.883 -346.527 -700.989 557 560 894 29.22 31.57 72 14 2408 1 034
6033433 7497 2025/12/25 18:54:38 P18 73.98 25.25 0 8.19 39.31 970.35 964.04 352.936 559.235 4032.898 398.407 545.044 762.634 430.603 37.231 7.477 91.248 -16.937 247.65 725.555 7.782 651.855 893.555 262.756 436.554 794.83 525.513 -5000 8.698 -1129.913 9.918 -16.632 18.005 299.835 96.588 477.6 910.339 86.212 -1409.454 429.993 103.149 19.836 19.073 50.964 2542.725 2499.542 2108.765 1727.295 1371.002 1004.028 650.024 123.138 6.866 58.594 69.275 2.594 -336.151 -681.763 -1021.423 -1364.441 -1705.933 -2045.593 -2384.033 -2708.74 416.26 722.961 411.987 55.542 3.815 -350.342 -708.771 554 560 892 29.23 31.47 72 14 2408 1 034
6033434 7497 2025/12/25 18:54:39 P18 74.04 25.38 0 8.29 39.3 970.37 964.02 352.631 558.777 4030.609 398.254 545.654 761.261 431.366 -3.815 -2.289 82.703 -15.411 248.26 723.267 7.935 651.703 894.775 261.383 436.401 792.999 524.75 -5000 2.899 -1125.031 56.305 -16.022 19.226 300.293 95.978 477.6 907.135 89.417 -1408.997 429.382 101.624 19.836 20.142 51.117 2541.656 2501.221 2110.748 1735.077 1379.547 1015.625 661.011 128.021 10.834 43.03 68.054 5.188 -332.642 -676.27 -1017.609 -1360.779 -1700.439 -2039.49 -2373.962 -2700.348 419.464 723.572 416.87 57.831 6.409 -347.137 -704.651 565 560 892 29.22 31.49 72 14 2408 1 034
6033435 7497 2025/12/25 18:54:40 P18 74.01 25.3 0 8.31 39.17 970.34 964.02 353.088 561.066 4033.203 397.949 546.265 758.057 429.535 79.651 -10.529 87.585 -16.022 245.667 726.013 9.003 649.872 892.487 261.841 436.401 792.847 525.97 -5000 2.289 -1122.437 0.153 -15.106 18.768 299.835 94.757 476.685 903.473 114.746 -1410.98 429.535 102.386 18.005 21.362 51.27 2546.387 2495.88 2118.073 1745.3 1392.212 1029.205 672.15 126.495 10.071 46.387 67.749 8.545 -332.794 -675.201 -1012.726 -1355.896 -1694.489 -2033.081 -2369.385 -2693.481 418.243 721.893 415.497 56.763 5.035 -347.443 -700.073 567 560 890 29.22 31.52 71 14 2408 1 034
6033436 7497 2025/12/25 18:54:41 P18 73.98 25.3 0 8.22 39.28 970.35 964.02 354.614 559.235 4031.677 395.05 544.739 760.193 430.603 -155.487 -8.087 74.768 -16.479 248.871 724.792 8.24 650.024 894.775 259.857 435.791 790.71 524.445 -5000 9.155 -1119.69 -24.261 -17.395 18.463 299.683 96.741 477.295 906.677 99.335 -1411.591 428.619 103.149 18.158 21.21 51.727 2543.335 2501.984 2107.697 1730.804 1374.054 1009.827 654.144 126.19 10.529 36.316 68.207 7.477 -336.304 -681.152 -1022.034 -1364.746 -1705.322 -2044.373 -2382.507 -2701.874 415.344 719.147 415.039 54.932 4.73 -349.121 -709.534 557 560 889 29.22 31.54 71 14 2408 1 034
6033437 7497 2025/12/25 18:54:42 P18 73.97 25.29 0 8.25 39.2 970.35 964 354.156 559.692 4032.288 393.829 544.434 760.345 430.603 -41.046 -2.136 78.583 -16.632 245.514 724.945 8.087 648.193 894.775 259.247 434.723 790.405 525.665 -5000 -0.458 -1119.69 11.597 -17.395 18.616 299.225 96.893 475.006 907.745 99.792 -1411.285 428.314 103.149 21.667 17.09 50.507 2545.471 2500.916 2115.631 1739.349 1386.261 1022.034 665.588 127.563 7.477 32.349 68.359 5.646 -335.083 -679.779 -1017.151 -1360.321 -1698.914 -2038.422 -2375.946 -2698.364 415.039 722.809 413.055 58.899 3.662 -346.375 -701.904 569 560 888 29.22 31.59 71 13 2408 1 034
6033438 7497 2025/12/25 18:54:43 P18 73.95 25.34 0 8.27 39.33 970.34 964.02 350.647 559.54 4025.726 400.238 542.755 757.446 430.45 8.85 -11.444 66.986 -16.022 245.514 724.487 6.866 650.024 893.555 259.094 434.57 788.879 525.208 -5000 8.85 -1117.554 43.64 -16.174 18.921 298.92 95.367 475.006 908.356 104.828 -1409.607 428.009 101.471 22.583 20.294 50.354 2547.607 2499.39 2117.615 1747.131 1392.059 1033.02 674.438 125.732 5.188 25.177 68.359 8.392 -340.881 -681.915 -1018.829 -1360.931 -1697.998 -2036.591 -2372.437 -2699.127 417.023 720.825 414.276 57.373 4.73 -345.917 -701.141 558 560 888 29.22 31.57 71 13 2408 1 034
6033439 7497 2025/12/25 18:54:44 P18 74 25.29 0 8.27 39.34 970.33 964.02 354.309 560.15 4025.116 396.271 544.281 753.021 430.603 -25.177 14.648 73.242 -16.937 248.108 724.182 6.409 648.956 890.35 258.026 434.57 788.879 524.292 -5000 -0.61 -1112.366 72.784 -13.885 18.616 298.767 95.062 476.074 908.508 106.354 -1410.98 427.551 103.302 17.242 21.973 50.049 2548.37 2501.068 2113.342 1736.45 1381.226 1021.271 662.994 125.427 10.376 25.482 67.291 4.578 -334.625 -679.169 -1018.829 -1362 -1701.355 -2040.253 -2377.777 -2701.111 416.87 719.91 413.818 57.22 3.357 -350.189 -707.245 565 560 888 29.22 31.47 71 13 2408 1 034
6033440 7497 2025/12/25 18:54:45 P18 74 25.22 0 8.12 39.32 970.37 964.02 355.225 558.929 4030.151 394.745 543.213 758.514 430.756 49.133 25.177 64.087 -17.09 244.904 724.335 7.629 648.041 893.097 257.568 434.875 786.743 523.834 -5000 -6.256 -1112.976 81.482 -16.937 18.158 299.225 93.842 474.396 905.609 90.027 -1409.149 427.399 102.539 21.82 20.294 51.575 2545.776 2502.136 2114.258 1741.943 1388.092 1026.611 669.708 128.479 5.798 37.231 68.665 3.967 -332.489 -676.575 -1014.252 -1356.659 -1697.388 -2035.522 -2369.08 -2694.55 416.565 724.487 409.241 58.899 4.272 -347.595 -702.82 565 560 885 29.18 31.47 71 13 2408 1 034
6033441 7497 2025/12/25 18:54:46 P18 73.97 25.3 0 8.03 39.31 970.35 964.03 352.173 560.303 4029.388 393.066 543.976 751.19 430.603 -5.493 -11.292 54.932 -16.479 244.141 725.25 8.545 647.736 892.944 256.805 435.028 786.743 522.156 -5000 3.357 -1109.619 29.602 -14.801 19.379 299.835 92.468 474.854 902.71 95.062 -1408.997 426.636 100.555 18.921 13.275 50.507 2545.776 2500.916 2114.868 1742.096 1387.329 1023.865 665.894 130.463 11.597 25.94 66.223 6.104 -330.2 -673.523 -1013.031 -1355.743 -1696.014 -2035.675 -2373.352 -2698.364 417.786 720.673 414.276 60.577 6.256 -344.238 -699.768 558 560 885 29.2 31.52 71 13 2408 1 034
6033442 7497 2025/12/25 18:54:47 P18 73.88 25.25 0 8.25 39.21 970.35 964.02 351.41 560.15 4028.015 392.456 543.976 758.362 431.213 -31.281 -28.381 67.596 -17.242 243.835 723.724 9.308 647.43 895.538 256.195 433.96 785.065 523.071 -5000 3.51 -1109.924 45.013 -16.022 18.463 299.377 92.773 473.48 901.031 124.969 -1409.76 425.72 101.471 18.921 13.123 50.812 2545.929 2501.526 2110.596 1733.093 1376.343 1008.911 652.161 128.174 7.172 28.076 68.665 2.747 -331.573 -677.338 -1017.914 -1361.389 -1703.033 -2042.236 -2378.387 -2704.62 416.87 722.961 413.818 62.103 7.324 -348.816 -705.566 566 560 885 29.2 31.52 71 13 2408 1 034
6033443 7497 2025/12/25 18:54:48 P18 73.88 25.25 0 8.29 39.21 970.37 964.02 353.546 559.082 4028.015 394.745 543.518 755.615 430.298 -51.422 -50.201 66.986 -15.717 244.141 724.182 8.24 647.888 893.707 253.906 434.418 784.76 522.308 -5000 8.087 -1103.363 25.482 -15.717 19.379 298.157 93.079 473.022 902.557 78.735 -1409.149 426.331 102.081 17.7 17.7 50.659 2545.776 2501.526 2116.394 1745.911 1392.059 1030.579 673.828 131.683 7.172 34.027 68.97 3.967 -332.184 -677.032 -1015.015 -1357.727 -1696.32 -2033.844 -2371.826 -2693.787 415.192 721.741 412.75 59.052 4.578 -345.612 -699.158 566 570 885 29.19 31.65 71 13 2408 1 034
6033444 7497 2025/12/25 18:54:49 P18 73.98 25.36 0 8.09 39.22 970.37 964.04 354.156 559.692 4025.574 395.813 541.534 755.31 430.756 -17.09 3.357 70.496 -16.327 243.683 724.64 9.46 646.973 894.775 255.28 434.113 782.928 522.614 -5000 -0.763 -1102.905 -76.599 -14.801 19.226 298.767 92.01 473.022 901.794 101.166 -1408.844 423.889 100.861 24.567 19.379 50.659 2549.286 2500.305 2116.699 1743.469 1387.634 1023.712 665.436 130.615 6.256 14.954 68.359 6.256 -332.642 -677.185 -1016.235 -1358.643 -1699.677 -2039.032 -2376.099 -2701.721 413.818 721.436 412.598 59.662 4.73 -345.459 -700.684 557 570 886 29.25 31.49 71 13 2408 1 034
6033445 7497 2025/12/25 18:54:50 P18 74.04 25.26 0 8.27 39.22 970.37 964.02 350.342 559.082 4023.132 389.099 541.992 755.768 430.45 34.485 0.305 71.564 -16.174 242.92 723.724 8.545 646.21 895.996 254.517 433.96 782.166 520.63 -5000 8.24 -1100.159 11.749 -16.479 19.226 297.852 91.705 472.107 902.863 84.991 -1408.539 425.11 101.166 21.515 15.564 50.354 2543.182 2502.747 2108.154 1730.347 1369.324 1004.028 648.193 130.157 7.019 16.479 68.665 4.883 -333.557 -678.558 -1019.897 -1370.697 -1709.137 -2048.035 -2385.712 -2709.808 414.734 720.062 414.124 55.084 4.883 -351.868 -709.534 564 565 886 29.22 31.51 71 13 2408 1 034
6033446 7497 2025/12/25 18:54:51 P18 73.97 25.3 0 8.12 39.39 970.39 964.01 353.241 559.387 4025.269 393.982 541.077 755.768 430.45 138.092 12.817 75.836 -17.548 245.209 722.198 9.308 645.142 895.691 253.143 433.502 782.471 520.63 -5000 13.58 -1098.48 32.349 -16.785 18.158 298.004 92.468 470.276 898.285 110.168 -1408.539 426.178 99.792 19.379 24.261 50.659 2543.488 2501.984 2117.31 1744.537 1391.296 1029.968 672.302 131.378 11.292 9.918 67.902 6.561 -331.726 -674.438 -1012.268 -1356.812 -1694.946 -2033.386 -2370.148 -2695.16 415.649 720.52 413.666 61.188 4.73 -345.154 -697.021 556 565 886 29.18 31.54 71 13 2408 1 034
6033447 7497 2025/12/25 18:54:52 P18 74.02 25.33 0 8.03 39.22 970.36 964.02 350.037 557.709 4023.132 391.083 539.703 754.395 430.45 -70.343 9.766 95.52 -16.479 243.53 721.588 10.834 645.294 896.149 251.312 433.807 780.64 520.935 -5000 10.681 -1095.276 -10.071 -16.632 19.379 298.767 90.485 471.649 898.132 102.081 -1410.217 424.652 101.318 18.005 16.937 51.117 2541.351 2501.831 2115.326 1737.518 1380.005 1017.151 658.569 130.615 10.986 21.21 66.986 7.172 -332.947 -677.185 -1015.93 -1360.474 -1701.05 -2039.795 -2378.54 -2703.247 416.26 720.825 414.886 59.052 5.341 -347.29 -703.735 570 570 886 29.16 31.52 71 13 2408 1 034
6033448 7497 2025/12/25 18:54:53 P18 74.02 25.32 0 8.27 39.24 970.35 964.04 353.088 559.998 4025.269 392.151 541.229 754.395 430.145 -66.376 -27.161 80.414 -17.395 242.92 720.52 10.071 645.447 895.081 251.617 433.35 779.266 520.935 -5000 4.578 -1091.614 66.986 -14.343 18.311 298.157 90.637 470.123 896.759 94.757 -1412.506 423.431 99.64 21.362 18.768 50.812 2545.319 2501.373 2116.394 1736.603 1376.648 1010.437 653.534 131.378 7.935 36.774 69.275 3.204 -335.541 -680.237 -1020.355 -1364.899 -1704.407 -2045.288 -2384.338 -2707.367 415.344 719.604 410.309 55.847 2.747 -351.41 -709.076 561 570 886 29.2 31.52 71 13 2408 1 034
6033449 7497 2025/12/25 18:54:54 P18 74.01 25.32 0 8.31 39.19 970.4 964.01 349.884 558.624 4017.944 392.456 539.703 747.375 430.298 3.51 -6.714 107.727 -16.785 244.293 720.52 9.003 644.531 894.775 251.16 432.434 778.656 521.24 -5000 -1.678 -1089.172 -13.733 -15.564 19.073 298.309 90.942 470.734 898.743 93.536 -1411.743 423.126 101.013 22.278 24.567 50.964 2547.302 2500.458 2113.8 1738.281 1383.667 1019.135 664.215 130.005 8.85 36.621 69.275 3.357 -332.336 -676.27 -1017.761 -1359.558 -1699.524 -2038.116 -2373.962 -2699.89 417.175 721.283 413.361 57.983 5.035 -347.748 -704.041 567 575 886 29.23 31.56 71 13 2408 1 034
6033450 7497 2025/12/25 18:54:55 P18 73.92 25.33 0 8.24 39.27 970.38 964.02 349.274 558.014 4019.623 387.726 540.009 749.664 430.45 -54.321 -32.196 92.926 -16.937 241.852 721.588 9.613 644.073 896.301 250.854 431.824 777.283 519.409 -5000 7.019 -1087.799 54.169 -14.954 18.463 297.699 89.722 470.123 897.827 100.098 -1412.201 422.974 98.877 19.989 19.684 51.27 2546.387 2502.289 2111.206 1737.213 1377.563 1012.573 656.433 127.716 10.834 56.152 68.207 5.493 -334.625 -679.474 -1019.135 -1362.915 -1703.033 -2042.389 -2380.371 -2707.062 414.734 718.536 415.649 57.678 4.425 -349.579 -706.787 567 575 886 29.19 31.58 70 13 2408 1 034
6033451 7497 2025/12/25 18:54:56 P18 74.04 25.23 0 8.2 39.29 970.4 964.02 349.274 560.455 4017.639 382.843 539.246 754.395 430.145 97.656 0.458 91.248 -15.564 241.699 722.046 7.782 643.463 895.081 250.702 432.129 776.52 519.867 -5000 8.087 -1087.494 52.338 -16.479 18.616 298.157 91.248 468.597 899.048 132.141 -1406.555 422.821 97.351 17.548 12.665 50.507 2546.844 2501.221 2107.849 1731.11 1371.613 1007.843 653.687 134.735 9.613 40.436 68.207 3.204 -332.947 -680.695 -1021.729 -1364.899 -1705.933 -2045.288 -2382.202 -2707.062 413.818 722.656 414.124 54.932 6.409 -352.325 -709.381 558 570 885 29.22 31.59 70 13 2408 1 034
6033452 7497 2025/12/25 18:54:57 P18 74.05 25.26 0 8.13 39.31 970.36 964.02 350.952 558.777 4018.097 384.979 538.788 747.833 430.603 22.278 -15.259 78.583 -16.785 243.225 721.741 9.155 644.226 896.912 249.481 433.35 775.452 518.188 -5000 8.24 -1082.764 37.994 -13.58 18.921 298.157 90.942 470.428 897.675 88.043 -1410.828 421.448 98.419 20.447 11.139 50.812 2545.166 2500 2112.274 1737.671 1381.836 1017.761 664.215 134.583 5.035 58.441 68.97 3.662 -333.71 -679.626 -1018.066 -1360.626 -1699.982 -2038.116 -2372.894 -2698.669 417.938 719.91 419.922 58.136 5.188 -348.969 -704.956 566 570 885 29.18 31.58 70 13 2408 1 034
6033453 7497 2025/12/25 18:54:58 P18 73.98 25.3 0 8.25 39.19 970.35 964.02 352.325 558.472 4020.538 385.284 537.415 752.411 431.061 -74.615 -41.199 91.553 -16.785 240.936 724.335 10.986 643.158 895.996 249.176 431.824 774.841 519.562 -5000 7.172 -1083.984 33.112 -15.411 19.379 298.004 87.433 467.682 895.844 102.081 -1408.386 422.363 97.656 20.294 14.343 50.201 2548.981 2501.831 2112.122 1735.229 1377.411 1008.301 651.245 135.498 7.629 52.643 68.359 4.272 -334.93 -678.253 -1018.066 -1363.22 -1703.033 -2041.931 -2380.829 -2706.604 414.276 720.215 412.75 58.441 3.51 -348.053 -706.024 558 575 888 29.18 31.58 70 13 2408 1 034
6033454 7497 2025/12/25 18:54:59 P18 73.98 25.26 0 8.25 39.26 970.39 964.02 355.377 557.861 4021.606 386.047 540.466 751.495 430.45 -48.065 -27.924 93.842 -17.242 239.41 722.656 10.986 642.853 895.996 247.345 431.366 773.926 520.172 -5000 0.305 -1087.494 46.692 -16.479 19.226 297.699 90.179 467.224 893.86 113.831 -1409.912 421.753 99.03 19.684 17.395 50.201 2545.624 2501.831 2110.443 1732.788 1375.275 1011.047 656.281 135.956 10.834 39.825 68.817 8.392 -332.336 -677.338 -1017.914 -1363.22 -1704.254 -2043.457 -2380.829 -2704.468 414.429 719.604 414.124 56.305 4.578 -353.241 -709.229 558 575 888 29.19 31.57 70 13 2408 1 034
6033455 7497 2025/12/25 18:55:00 P18 74.04 25.33 0 8.12 39.37 970.37 964.02 349.884 558.014 4018.25 384.216 538.177 746.613 430.603 -17.395 -7.629 84.229 -16.479 242.31 723.724 10.071 642.395 894.775 247.65 430.603 773.01 517.731 -5000 -3.052 -1085.51 62.714 -12.817 19.073 297.699 87.585 468.445 894.012 104.523 -1411.133 421.448 97.046 23.651 13.123 50.507 2547.15 2501.984 2113.647 1739.197 1383.82 1020.966 664.368 136.719 8.545 35.706 68.359 4.12 -331.573 -676.117 -1016.693 -1359.1 -1698.761 -2037.354 -2374.573 -2698.669 416.87 721.283 413.513 57.983 5.798 -342.865 -700.684 566 575 890 29.2 31.62 70 13 2408 1 034
6033456 7497 2025/12/25 18:55:01 P18 74.02 25.27 0 8.24 39.31 970.39 964.03 347.137 560.303 4015.656 387.268 537.262 748.596 430.45 -92.773 -24.109 88.806 -16.327 241.547 722.504 9.308 641.479 896.606 246.887 431.671 772.705 516.968 -5000 6.714 -1082.764 44.403 -16.174 18.921 298.004 90.332 467.682 893.25 99.335 -1408.997 420.99 96.741 22.125 17.09 50.507 2546.387 2499.695 2118.225 1745.911 1392.517 1031.494 673.828 137.939 10.681 56.61 69.58 6.866 -329.285 -673.523 -1011.2 -1355.286 -1694.183 -2032.776 -2368.011 -2693.024 413.666 719.91 416.26 61.493 6.256 -346.832 -699.005 567 570 890 29.2 31.6 70 13 2408 1 034
6033457 7497 2025/12/25 18:55:02 P18 74.01 25.25 0 8.19 39.39 970.35 964.03 348.358 559.692 4018.86 383.759 536.957 746.307 429.993 38.452 -0.305 81.94 -16.174 239.563 722.351 11.292 640.717 894.928 246.277 431.519 771.484 517.578 -5000 15.411 -1080.017 54.779 -14.343 18.463 298.309 87.891 467.834 892.944 101.318 -1409.454 420.685 97.046 24.567 18.005 50.659 2545.776 2500.916 2110.138 1733.398 1374.207 1010.132 654.602 137.024 8.087 37.384 68.359 4.272 -336.761 -682.068 -1022.644 -1366.425 -1707.611 -2045.441 -2383.881 -2708.13 414.886 717.01 413.513 55.389 1.831 -353.394 -711.975 560 575 891 29.22 31.59 70 13 2408 1 034
6033458 7497 2025/12/25 18:55:03 P18 74 25.23 0 8.15 39.23 970.37 964.03 351.715 557.861 4016.724 384.521 537.72 749.054 431.061 -35.4 -41.199 78.888 -17.853 241.852 720.215 12.054 641.174 897.522 246.277 432.129 769.196 516.663 -5000 -6.866 -1078.491 68.054 -16.632 18.921 297.241 87.585 464.783 888.824 111.237 -1410.217 420.532 99.182 18.311 15.564 51.117 2543.488 2502.136 2111.664 1736.755 1382.141 1019.592 665.588 139.313 10.223 37.842 67.291 8.85 -334.473 -678.711 -1017.914 -1360.779 -1700.287 -2038.269 -2375.031 -2700.195 415.192 716.095 414.886 57.373 4.425 -349.274 -705.261 570 575 892 29.18 31.62 70 13 2408 1 034
6033459 7497 2025/12/25 18:55:04 P18 74.01 25.27 0 8.27 39.27 970.36 964.01 351.868 559.387 4016.266 381.47 536.194 747.681 430.145 -81.329 -12.054 78.278 -16.632 238.953 722.504 11.597 638.733 897.217 245.667 430.603 769.196 517.578 -5000 -3.052 -1075.592 6.561 -15.717 19.226 297.852 87.433 465.546 892.334 98.114 -1407.471 419.769 97.351 22.736 23.346 50.354 2548.218 2499.847 2119.751 1747.284 1389.465 1028.137 671.082 137.939 8.545 27.466 68.207 5.493 -331.421 -676.117 -1012.421 -1355.743 -1694.031 -2032.776 -2368.927 -2694.55 410.767 718.384 413.666 65.002 5.951 -347.29 -702.362 570 575 893 29.2 31.58 70 13 2408 1 034
6033460 7497 2025/12/25 18:55:05 P18 73.94 25.29 0 8.17 39.23 970.37 964.05 351.715 558.014 4015.808 384.827 535.583 748.596 430.908 -78.735 -9.766 82.397 -17.548 240.326 722.656 10.529 640.564 898.743 244.904 430.298 768.28 515.594 -5000 12.054 -1077.423 15.411 -16.479 18.463 297.394 88.501 464.63 890.656 114.288 -1412.048 419.464 98.419 22.736 9.613 50.964 2543.945 2501.678 2109.68 1728.668 1371.613 1007.69 650.94 140.228 6.866 39.52 68.97 3.052 -332.642 -679.016 -1018.829 -1364.136 -1704.407 -2044.83 -2382.355 -2705.688 415.802 719.299 412.14 56.763 7.019 -351.562 -709.839 554 575 893 29.18 31.57 70 13 2408 1 034
6033461 7497 2025/12/25 18:55:06 P18 74.01 25.4 0 8.25 39.41 970.39 964.03 346.069 559.235 4017.029 384.216 536.346 742.493 429.993 -40.131 -14.648 90.027 -17.548 238.19 720.062 13.123 639.191 895.996 244.293 430.298 767.67 516.51 -5000 3.967 -1072.54 -6.104 -14.343 18.921 297.394 85.754 464.783 887.604 105.591 -1409.302 419.006 97.198 21.82 19.226 50.964 2545.471 2501.373 2113.037 1737.213 1381.836 1018.372 662.231 138.702 7.935 38.452 66.681 4.272 -334.473 -680.389 -1018.524 -1362 -1701.508 -2039.795 -2376.099 -2699.89 412.903 716.705 414.886 57.678 3.052 -351.715 -705.109 554 575 893 29.23 31.67 70 13 2408 1 034
6033462 7497 2025/12/25 18:55:07 P18 74.02 25.27 0 8.13 39.37 970.35 964.03 350.494 558.167 4017.181 381.622 535.736 744.324 431.061 1.831 -0.305 72.479 -16.632 238.647 720.978 11.902 639.954 898.438 244.293 430.145 766.449 517.12 -5000 -9.155 -1068.573 -0.458 -15.717 18.311 296.631 86.823 463.562 890.961 78.125 -1408.844 419.312 96.13 22.43 19.073 50.354 2547.455 2501.526 2114.41 1742.706 1387.939 1026.459 670.471 139.465 7.782 34.637 67.444 5.493 -334.778 -678.711 -1016.388 -1358.032 -1697.388 -2033.691 -2369.08 -2695.312 412.598 718.994 415.955 58.136 1.831 -346.375 -700.226 566 575 896 29.22 31.7 70 13 2408 1 034
6033463 7497 2025/12/25 18:55:08 P18 74.08 25.38 0 8.2 39.32 970.35 964 348.053 558.624 4013.977 380.096 535.431 742.34 430.45 29.449 -29.449 81.482 -16.327 238.8 721.436 11.902 639.343 896.454 243.225 428.772 765.686 514.832 -5000 -2.747 -1060.181 45.319 -14.191 18.005 296.936 86.06 464.172 886.993 100.098 -1412.354 418.854 95.52 18.768 16.479 50.812 2546.997 2500.763 2117.157 1742.249 1388.855 1026.611 669.098 141.754 9.918 36.163 68.054 5.188 -331.726 -674.286 -1013.184 -1355.743 -1696.014 -2034.76 -2371.521 -2696.838 414.429 718.384 415.344 60.73 5.951 -348.053 -699.921 557 575 897 29.22 31.7 70 13 2408 1 034
6033464 7497 2025/12/25 18:55:09 P18 74.11 25.29 0 8.25 39.27 970.38 964.03 346.68 557.709 4012.451 379.944 535.126 746.46 430.603 83.771 -30.365 93.842 -17.548 238.037 718.079 13.885 638.275 898.132 242.92 430.603 764.771 514.832 -5000 1.373 -1063.232 47.76 -16.937 19.531 296.783 84.381 463.562 887.604 109.253 -1408.844 417.48 95.673 18.768 18.005 51.117 2541.504 2501.221 2114.258 1737.061 1381.531 1018.372 661.316 140.991 8.087 36.774 66.223 4.883 -334.473 -680.237 -1019.135 -1360.474 -1701.813 -2041.931 -2378.845 -2701.721 413.361 717.773 414.429 57.831 3.51 -349.121 -704.803 556 575 897 29.25 31.65 70 13 2408 1 034
6033465 7497 2025/12/25 18:55:10 P18 74 25.36 0 8.22 39.26 970.39 964.01 348.663 559.082 4013.672 377.197 535.431 745.697 430.908 53.406 -19.836 77.972 -16.785 238.037 720.673 14.801 638.123 897.98 241.394 429.993 763.55 515.289 -5000 6.714 -1062.775 44.25 -16.632 18.768 296.326 84.839 462.646 885.01 100.861 -1406.25 417.48 93.994 20.752 14.801 50.049 2545.624 2500.458 2113.8 1738.434 1385.193 1022.339 665.588 141.602 6.409 34.027 69.275 4.272 -335.388 -679.626 -1017.303 -1361.847 -1701.05 -2038.727 -2377.014 -2700.348 414.276 718.079 413.818 58.136 4.578 -346.985 -702.362 567 575 898 29.2 31.62 70 13 2408 1 034
6033466 7497 2025/12/25 18:55:11 P18 74.05 25.32 0 8.37 39.23 970.36 964.03 348.511 558.777 4014.282 378.571 534.363 743.866 430.45 25.33 -17.7 63.782 -17.395 237.732 721.588 14.191 637.36 898.285 240.784 428.619 763.397 514.679 -5000 4.73 -1058.96 106.049 -16.937 18.616 296.478 84.991 461.884 888.062 93.384 -1408.691 418.091 93.536 24.567 17.242 50.812 2545.166 2499.695 2119.141 1745.3 1391.296 1031.342 672.913 143.585 8.85 40.131 68.054 4.272 -332.642 -675.201 -1012.878 -1357.269 -1696.472 -2033.386 -2369.843 -2694.397 412.445 719.147 413.666 60.577 4.578 -345.001 -697.327 566 575 898 29.18 31.76 70 13 2408 1 034
6033467 7497 2025/12/25 18:55:12 P18 73.98 25.44 0 8.27 39.43 970.36 964.03 350.342 557.556 4009.399 377.655 534.668 745.85 431.213 84.229 -19.684 91.705 -16.785 238.037 720.367 14.954 637.207 899.353 240.326 429.23 762.024 514.984 -5000 4.425 -1055.908 2.747 -16.937 18.616 295.41 85.144 461.731 886.383 88.348 -1409.454 417.175 93.842 22.278 17.7 50.049 2545.929 2501.221 2108.459 1730.347 1370.85 1005.096 651.093 146.179 10.223 34.943 69.122 5.188 -332.642 -679.626 -1020.966 -1363.983 -1706.543 -2045.288 -2383.423 -2709.808 413.208 722.961 413.818 56.763 5.341 -351.41 -708.923 558 575 898 29.22 31.62 70 13 2408 1 034
6033468 7497 2025/12/25 18:55:13 P18 74.09 25.44 0 8.22 39.43 965.71 964.04 346.069 557.251 4010.01 377.045 532.99 745.087 431.213 -14.038 -18.005 80.109 -14.648 237.885 721.13 14.496 637.207 899.506 240.326 428.467 760.803 513.458 -5000 6.104 -1057.587 45.471 -14.801 18.921 296.021 85.144 462.494 886.993 101.471 -1410.065 415.955 92.621 17.853 18.616 50.964 2543.182 2500.763 2111.359 1737.213 1379.242 1016.693 661.011 145.264 6.561 42.877 69.58 4.883 -332.794 -677.948 -1017.303 -1360.016 -1699.982 -2039.337 -2375.336 -2701.111 410.919 718.384 414.429 57.373 4.883 -344.696 -701.752 570 575 897 29.22 31.68 70 13 2408 1 034
6033469 7497 2025/12/25 18:55:14 P18 74.06 25.33 0 8.31 39.21 965.67 964.02 351.257 558.167 4007.721 376.434 532.532 738.983 430.908 8.087 -17.242 61.34 -16.022 237.274 720.825 13.428 636.597 895.996 239.105 428.009 760.193 513.916 -5000 10.681 -1052.551 3.815 -16.632 18.921 295.715 83.771 461.426 885.62 112.305 -1410.828 416.412 94.604 21.362 17.242 51.422 2549.438 2501.526 2113.19 1740.112 1385.803 1023.102 667.267 142.822 9.918 29.449 66.833 7.172 -330.505 -675.964 -1014.709 -1357.117 -1698.303 -2035.37 -2371.063 -2696.838 412.75 717.773 415.192 60.577 5.341 -348.206 -702.209 559 575 897 29.18 31.73 70 13 2408 1 034
6033470 7497 2025/12/25 18:55:15 P18 74.09 25.33 0 8.02 39.31 965.66 964.03 345.154 557.861 4009.094 373.84 532.379 737.61 430.45 -44.708 -14.191 60.73 -15.717 236.664 719.91 15.564 636.749 899.048 238.495 428.162 759.43 513.306 -5000 13.123 -1053.467 23.346 -15.717 19.073 295.715 83.923 460.815 882.263 103.607 -1411.591 415.955 93.536 21.362 15.564 50.964 2543.03 2500.763 2108.917 1734.314 1374.664 1009.521 653.687 144.806 7.019 38.91 67.444 3.967 -333.557 -680.389 -1020.508 -1364.746 -1707.458 -2046.661 -2384.491 -2711.945 412.445 716.858 413.818 57.068 4.272 -351.868 -707.855 567 575 896 29.22 31.54 70 13 2408 1 034
6033471 7497 2025/12/25 18:55:16 P18 74.06 25.3 0 8.19 39.4 965.68 964.04 348.206 558.472 4006.5 372.925 532.379 743.713 430.603 16.022 5.493 74.768 -16.174 236.359 720.367 13.428 635.986 899.658 238.342 428.009 762.024 513.916 -5000 8.545 -1053.314 37.994 -15.564 19.684 296.631 84.229 461.121 883.942 86.823 -1410.37 415.344 94.757 15.869 11.597 50.201 2549.286 2501.373 2106.781 1728.516 1371.155 1005.859 650.177 145.111 7.935 38.757 68.054 2.136 -334.015 -680.847 -1019.287 -1365.051 -1704.865 -2043.457 -2382.66 -2705.078 412.598 719.452 414.124 56.458 3.204 -351.257 -708.466 567 575 896 29.23 31.67 69 13 2408 1 034
6033472 7497 2025/12/25 18:55:17 P18 74.09 25.32 0 8.32 39.18 965.7 964.03 346.985 558.777 4004.822 377.35 532.532 738.831 430.298 -58.746 -35.095 87.891 -16.022 238.342 719.757 13.123 633.85 899.506 236.816 427.704 757.294 512.085 -5000 5.646 -1050.873 -13.275 -14.801 18.616 295.715 83.771 461.884 885.01 94.299 -1411.896 415.192 94.299 25.177 20.752 50.354 2548.065 2501.984 2110.443 1736.298 1378.021 1015.167 661.774 149.841 11.292 25.94 66.833 5.493 -333.099 -678.711 -1018.219 -1360.626 -1701.202 -2039.948 -2376.404 -2701.263 418.701 716.248 416.26 57.983 3.815 -349.121 -704.651 560 575 896 29.19 31.67 69 13 2408 1 034
6033473 7497 2025/12/25 18:55:18 P18 74.04 25.27 0 8.15 39.21 965.7 964.02 348.511 557.251 4004.822 377.35 531.921 741.119 431.366 14.801 -12.665 64.697 -16.479 235.443 719.91 14.954 635.834 898.59 236.969 427.856 756.683 512.085 -5000 -2.747 -1047.516 -20.447 -14.343 18.768 296.021 84.839 460.663 881.653 104.065 -1411.896 415.344 92.621 21.21 24.414 50.812 2546.387 2499.847 2113.8 1739.807 1386.719 1023.102 667.419 146.484 10.681 38.147 67.749 5.188 -333.557 -677.185 -1014.862 -1358.948 -1698.456 -2037.964 -2373.352 -2697.601 412.598 718.231 414.124 59.814 6.409 -346.68 -702.209 567 570 893 29.2 31.68 69 13 2408 1 034
6033474 7497 2025/12/25 18:55:19 P18 73.97 25.23 0 8.32 39.41 965.7 964 348.358 557.404 4006.195 376.282 531.616 739.746 431.366 -94.604 -38.147 104.98 -15.564 236.053 720.52 14.954 635.071 901.794 236.511 427.551 755.615 511.78 -5000 12.512 -1045.99 -32.806 -16.174 18.158 295.41 83.313 459.29 881.653 91.705 -1412.201 414.276 92.468 19.073 21.21 50.659 2548.676 2501.373 2111.969 1734.467 1375.275 1008.453 651.245 144.348 9.766 48.218 67.444 6.714 -332.184 -678.558 -1018.677 -1363.373 -1703.796 -2044.373 -2382.66 -2707.214 413.361 716.095 414.734 57.831 4.425 -350.037 -705.261 557 575 890 29.2 31.68 69 13 2408 1 034
6033475 7497 2025/12/25 18:55:20 P18 74.18 25.34 0 8.09 39.39 965.67 964.04 344.849 556.793 4004.669 374.603 531.464 738.678 430.45 120.697 -24.414 95.825 -17.09 235.443 719.604 16.022 634.613 899.506 236.053 428.467 755.463 512.39 -5000 7.782 -1045.685 -7.782 -14.954 19.989 295.715 81.482 457.916 880.28 93.536 -1409.912 415.039 94.147 21.057 21.362 50.049 2548.065 2500.763 2109.375 1733.093 1373.444 1007.08 651.55 144.958 9.918 46.082 66.681 5.035 -336.151 -681.763 -1021.118 -1365.204 -1705.78 -2044.678 -2382.812 -2707.367 412.14 717.773 415.192 56.763 3.662 -354.156 -711.517 559 580 889 29.19 31.55 69 13 2408 1 034
6033476 7497 2025/12/25 18:55:21 P18 74.08 25.32 0 8.02 39.42 965.69 964.03 346.68 558.319 4004.517 373.84 530.853 727.386 430.45 -2.441 -14.496 106.354 -15.869 236.511 720.062 14.801 634.155 899.658 235.291 426.483 754.242 511.475 -5000 5.646 -1043.549 41.962 -15.106 18.311 296.021 82.245 459.137 877.686 84.534 -1407.013 414.276 93.536 23.499 24.261 49.744 2548.218 2501.526 2112.885 1736.755 1382.294 1019.287 662.231 144.043 10.223 43.488 68.359 7.172 -330.2 -676.117 -1016.235 -1362.152 -1701.813 -2039.49 -2376.709 -2700.806 413.055 717.01 417.48 57.22 6.409 -349.731 -705.566 569 580 889 29.22 31.75 69 13 2408 1 034
6033477 7497 2025/12/25 18:55:22 P18 74.24 25.37 0 8.19 39.3 965.69 964.03 349.121 557.861 4001.465 373.84 530.243 739.441 430.603 118.408 -21.82 80.872 -15.717 235.748 719.757 13.275 634.308 900.879 234.985 427.704 754.395 511.78 -5000 9.613 -1044.006 64.24 -15.564 19.379 294.189 82.245 457.916 879.974 90.637 -1410.217 413.818 95.062 22.888 16.174 50.201 2549.744 2500.61 2114.258 1741.486 1386.108 1024.323 669.861 148.163 9.308 39.215 68.054 4.578 -330.658 -677.948 -1015.32 -1357.117 -1696.014 -2035.217 -2370.911 -2695.16 412.598 720.825 416.107 59.967 5.493 -348.053 -703.735 557 575 888 29.18 31.62 69 13 2408 1 034
6033478 7497 2025/12/25 18:55:23 P18 74.11 25.36 0 8.15 39.36 965.71 964.02 346.985 558.167 4004.669 370.178 529.785 744.171 431.061 49.438 9.613 90.179 -17.395 235.138 718.689 15.564 633.087 900.879 234.528 426.941 751.953 509.949 -5000 6.409 -1040.802 41.199 -16.785 18.616 295.563 83.008 458.069 879.669 112 -1410.217 413.055 94.91 17.09 22.888 50.659 2543.182 2501.373 2108.154 1731.11 1371.613 1006.775 649.414 147.705 5.646 25.635 70.801 2.747 -332.336 -677.795 -1017.151 -1361.237 -1703.491 -2043.457 -2381.897 -2707.52 413.971 718.231 413.971 59.814 6.409 -348.663 -705.872 570 580 888 29.23 31.65 69 13 2408 1 034
6033479 7497 2025/12/25 18:55:24 P18 74.11 25.27 0 8.15 39.27 965.68 964.02 343.475 557.709 4001.465 372.009 529.48 739.746 430.603 12.207 -15.259 99.487 -17.242 235.138 718.536 16.022 633.24 902.405 233.459 426.941 752.258 510.864 -5000 5.035 -1039.734 -18.158 -16.022 19.379 295.715 82.245 457.916 880.127 103.455 -1408.539 412.292 94.147 22.583 27.618 50.659 2543.488 2501.526 2109.375 1733.398 1375.58 1010.284 650.94 147.858 8.545 36.469 69.122 4.272 -333.71 -679.169 -1019.135 -1362.457 -1703.644 -2042.847 -2382.05 -2704.926 410.767 715.79 412.75 57.22 5.341 -350.8 -707.703 561 580 888 29.19 31.71 68 13 2408 1 034
6033480 7497 2025/12/25 18:55:25 P18 74.15 25.36 0 8.12 39.33 965.68 964.04 343.323 557.404 4001.617 369.263 529.175 736.084 430.756 -23.193 -36.469 116.425 -16.174 234.833 718.384 14.648 632.477 897.675 233.612 426.483 750.885 509.338 -5000 8.545 -1035.156 -3.204 -15.869 18.921 295.41 82.55 457.458 880.737 102.692 -1411.591 412.75 92.773 23.651 21.21 50.507 2543.182 2501.221 2113.647 1739.502 1383.514 1020.966 663.757 146.942 8.392 35.095 68.97 1.984 -333.405 -677.49 -1016.541 -1360.016 -1700.287 -2039.642 -2375.641 -2699.585 412.292 717.316 414.581 59.204 4.883 -345.764 -700.684 567 580 888 29.2 31.7 68 13 2408 1 034
6033481 7497 2025/12/25 18:55:26 P18 74.18 25.29 0 8.32 39.36 965.67 964.01 349.884 557.404 4003.754 368.347 529.175 735.779 431.213 33.112 -25.024 100.555 -17.09 236.664 719.757 16.937 633.087 899.506 232.849 426.331 751.038 510.864 -5000 4.12 -1029.816 52.49 -16.479 18.005 295.258 81.482 455.78 877.228 116.882 -1409.149 411.987 92.316 22.125 19.226 50.354 2546.387 2501.221 2114.105 1738.281 1380.005 1015.778 658.264 146.027 6.256 36.469 68.97 3.204 -327.911 -673.676 -1012.421 -1356.659 -1698.456 -2038.879 -2375.946 -2703.552 412.14 719.91 413.513 61.188 6.409 -345.764 -700.684 567 580 888 29.19 31.62 68 13 2408 1 034
6033482 7497 2025/12/25 18:55:27 P18 74.22 25.34 0 8.1 39.34 965.69 964.01 341.034 558.472 3999.329 367.279 529.175 739.136 430.603 -50.354 -10.071 109.558 -16.327 234.528 717.773 16.785 632.019 902.405 233.002 426.178 748.749 508.575 -5000 -0.153 -1026.459 -30.67 -16.022 19.226 294.952 81.024 455.933 878.143 118.561 -1410.522 411.835 93.994 21.057 15.564 50.507 2544.25 2500.763 2106.018 1726.837 1369.324 1002.808 647.125 147.095 10.376 36.774 69.122 5.646 -332.642 -678.253 -1019.592 -1364.899 -1705.627 -2046.204 -2385.254 -2708.893 412.445 717.316 413.208 56.915 4.883 -351.41 -708.313 560 580 888 29.23 31.54 68 13 2408 1 034
6033483 7497 2025/12/25 18:55:28 P18 74.15 25.29 0 8.07 39.34 965.71 964.02 341.187 559.082 4000.092 365.906 528.717 737 430.45 24.567 -8.698 97.198 -16.937 234.375 715.942 14.648 630.341 902.71 231.934 426.788 747.833 509.033 -5000 3.662 -1023.407 44.708 -14.801 18.616 295.41 82.092 456.543 877.991 91.4 -1411.896 411.835 93.842 21.515 19.226 49.438 2544.403 2500.763 2112.732 1735.077 1379.547 1015.015 660.706 149.231 10.071 27.466 65.155 5.798 -335.388 -680.237 -1019.44 -1363.068 -1703.186 -2041.931 -2379.761 -2703.247 411.835 714.722 415.649 57.373 4.272 -349.884 -706.635 569 580 888 29.2 31.6 68 13 2408 1 034
6033484 7497 2025/12/25 18:55:29 P18 74.11 25.25 0 8.14 39.28 965.7 964.04 342.865 557.251 4000.549 369.415 528.412 738.068 430.145 44.556 -11.749 73.242 -16.632 233.765 719.757 18.311 631.409 903.473 231.476 425.415 747.986 508.118 -5000 3.662 -1025.238 -5.035 -16.327 18.616 294.952 80.261 454.102 875.549 88.501 -1412.354 410.919 93.536 23.193 12.817 50.659 2542.114 2501.831 2111.206 1737.061 1381.378 1019.897 662.994 149.231 8.392 46.539 68.359 2.899 -335.236 -680.237 -1017.761 -1360.779 -1700.439 -2038.422 -2374.268 -2699.432 411.987 715.79 413.055 56.915 4.272 -347.29 -702.515 554 585 889 29.2 31.6 68 13 2408 1 034
6033485 7497 2025/12/25 18:55:30 P18 74.12 25.29 0 8.26 39.36 965.7 964.02 340.881 556.946 3999.329 368.652 528.564 738.831 430.603 -7.019 -11.444 85.297 -16.174 235.596 715.79 17.09 631.104 903.168 230.103 425.415 746.613 507.965 -5000 -0.305 -1024.628 29.449 -16.174 18.311 294.495 79.803 455.933 875.549 102.081 -1409.607 410.919 92.316 22.278 18.921 52.185 2541.809 2500.916 2111.206 1734.161 1378.021 1012.115 655.212 150.757 9.918 37.231 67.139 10.071 -334.778 -678.101 -1017.609 -1362.762 -1702.271 -2041.779 -2381.287 -2705.688 409.698 714.264 413.666 57.068 4.578 -347.9 -705.566 560 585 889 29.22 31.65 68 13 2408 1 034
6033486 7497 2025/12/25 18:55:31 P18 74.18 25.34 0 8.15 39.31 965.69 964.02 348.511 557.709 3999.481 365.753 527.954 737.915 431.519 -2.441 -8.85 94.91 -16.632 233.459 719.604 19.379 631.409 903.32 228.424 425.11 746.613 509.796 -5000 -8.85 -1020.355 -36.469 -16.022 19.379 294.495 78.583 454.407 874.023 106.201 -1408.386 410.461 92.316 19.226 19.226 49.744 2548.065 2501.831 2109.375 1728.058 1370.85 1004.944 647.736 149.841 10.223 31.281 69.885 6.256 -335.541 -679.779 -1020.05 -1365.051 -1705.78 -2047.424 -2386.322 -2707.672 412.903 714.264 417.175 55.237 5.798 -350.494 -708.313 570 585 889 29.2 31.63 68 13 2408 1 034
6033487 7497 2025/12/25 18:55:32 P18 74.21 25.27 0 8.07 39.24 965.65 964.02 346.527 556.946 3999.634 369.11 527.344 737.762 430.756 -103.76 -19.073 67.444 -16.937 232.239 718.231 18.768 629.272 902.71 228.729 424.957 745.544 509.796 -5000 -3.51 -1017.914 65.918 -16.937 18.768 294.342 79.803 453.644 877.38 68.359 -1410.217 410.767 91.858 21.21 17.548 50.964 2546.387 2500.763 2112.732 1735.229 1379.547 1015.472 661.316 145.569 10.071 34.79 66.681 7.629 -333.252 -678.558 -1017.456 -1361.694 -1702.728 -2041.473 -2379.15 -2702.942 410.004 716.248 414.124 58.594 4.578 -351.715 -708.16 568 585 888 29.2 31.75 68 13 2408 1 034
6033488 7497 2025/12/25 18:55:33 P18 74.12 25.25 0 8.2 39.24 965.69 964.03 341.492 557.556 3993.835 368.652 527.649 732.727 430.298 21.057 -18.311 88.654 -16.327 234.222 717.316 16.785 629.425 902.405 229.797 425.262 744.324 507.812 -5000 2.747 -1015.32 -18.616 -14.496 18.158 293.579 79.193 455.322 874.329 87.128 -1409.454 409.851 92.621 17.09 15.259 50.201 2548.065 2501.831 2114.258 1739.655 1383.209 1018.677 660.4 149.689 9.613 39.825 68.359 5.646 -333.252 -675.201 -1014.252 -1358.032 -1697.845 -2037.048 -2375.488 -2700.195 411.53 713.806 414.886 58.136 2.747 -347.748 -702.515 560 585 887 29.19 31.57 68 13 2408 1 034
6033489 7497 2025/12/25 18:55:34 P18 74.16 25.23 0 8.22 39.32 965.66 964.02 342.407 557.861 3994.141 368.805 527.496 733.948 430.603 75.989 -24.109 110.016 -16.174 234.68 715.637 16.174 629.883 903.015 228.271 424.805 743.256 507.66 -5000 -3.815 -1015.167 10.681 -14.496 18.311 294.495 78.583 455.17 873.413 83.771 -1408.691 409.546 92.316 20.294 16.022 50.201 2548.218 2500.916 2111.206 1731.262 1373.596 1006.165 650.024 147.705 9.918 24.872 69.885 6.866 -332.336 -677.643 -1020.05 -1363.22 -1705.627 -2045.746 -2384.186 -2708.435 412.14 715.179 416.565 58.136 5.341 -349.731 -709.534 570 575 887 29.23 31.64 68 13 2408 1 034
6033490 7497 2025/12/25 18:55:35 P18 74.16 25.26 0 8.22 39.25 965.69 964.02 344.391 557.861 3996.124 368.958 526.733 735.474 430.45 68.054 -2.899 84.381 -14.343 231.628 718.842 20.294 629.272 903.625 228.119 424.5 742.798 508.423 -5000 3.052 -1012.573 19.989 -16.022 19.531 294.342 77.667 453.644 872.04 89.874 -1409.607 409.088 91.248 17.548 10.376 50.812 2548.37 2501.831 2112.274 1735.84 1377.258 1013.031 656.128 148.621 9.46 48.065 70.801 2.289 -333.71 -679.321 -1020.203 -1362.762 -1704.865 -2043.61 -2381.439 -2705.994 412.292 715.637 413.208 58.594 4.578 -351.715 -706.787 568 580 884 29.19 31.65 68 13 2408 1 034
6033491 7497 2025/12/25 18:55:36 P18 74.19 25.23 0 8.26 39.31 965.69 964.01 342.255 556.641 3995.209 366.364 527.191 736.389 431.061 -99.64 -4.12 63.019 -16.174 233.307 714.874 20.752 629.12 904.388 228.271 425.415 742.035 506.592 -5000 9.308 -1011.047 27.161 -15.259 18.463 294.8 77.972 452.881 867.615 93.384 -1410.217 408.478 92.621 17.853 14.191 50.354 2544.861 2500.305 2111.816 1738.586 1383.514 1020.05 665.894 153.351 5.188 69.275 69.122 2.747 -331.421 -678.253 -1017.303 -1360.779 -1696.777 -2038.727 -2376.251 -2701.263 412.75 715.79 413.971 60.12 6.104 -348.206 -703.735 567 580 884 29.2 31.62 68 13 2408 1 034
6033492 7497 2025/12/25 18:55:37 P18 74.06 25.23 0 8.19 39.31 965.69 964.05 338.898 556.488 3994.904 365.143 526.581 736.237 430.756 -40.588 -36.469 71.869 -17.242 231.934 717.621 21.21 628.357 905.304 227.509 424.5 740.662 505.524 -5000 3.204 -1015.32 75.531 -16.937 19.989 294.037 76.599 453.186 868.988 112.305 -1408.844 408.783 92.316 21.21 18.921 50.354 2543.793 2500.458 2113.037 1735.535 1379.089 1013.184 655.212 149.689 10.376 54.932 67.902 5.798 -333.099 -676.727 -1016.693 -1361.237 -1701.66 -2041.779 -2381.592 -2705.994 408.63 714.722 415.497 59.357 5.646 -348.053 -704.651 567 580 884 29.22 31.6 68 13 2408 1 034
6033493 7497 2025/12/25 18:55:38 P18 74.16 25.29 0 8.07 39.3 965.66 964.03 340.118 557.556 3991.089 363.312 525.818 730.743 430.756 -25.635 -14.038 76.599 -15.869 232.849 714.111 17.395 628.204 903.625 225.83 423.431 739.594 506.592 -5000 14.038 -1014.557 15.259 -14.648 18.311 294.189 76.904 453.033 871.735 102.386 -1410.98 408.478 92.316 19.531 19.989 50.659 2548.065 2501.221 2108.612 1725.311 1369.476 1001.282 644.226 149.689 10.376 32.501 66.986 5.341 -335.846 -680.542 -1022.949 -1367.035 -1708.069 -2047.729 -2387.543 -2709.656 412.75 715.79 416.107 55.847 5.798 -354.767 -711.67 568 580 882 29.25 31.73 68 13 2408 1 034
6033494 7497 2025/12/25 18:55:39 P18 74.22 25.36 0 8.19 39.45 965.67 964.03 341.034 557.404 3990.326 362.091 526.428 729.98 430.908 87.738 -3.51 87.128 -16.327 231.476 716.553 18.616 628.967 904.083 225.83 423.431 739.441 507.507 -5000 5.493 -1007.69 30.823 -16.327 18.768 294.495 77.515 451.508 869.598 97.046 -1408.691 408.783 91.248 17.853 18.921 50.812 2546.997 2501.373 2111.359 1735.077 1380.768 1015.778 660.095 154.724 9.46 35.553 70.038 4.883 -334.473 -678.406 -1018.677 -1361.237 -1701.508 -2041.016 -2376.251 -2701.111 411.53 716.858 414.429 59.204 6.561 -347.443 -703.583 546 580 882 29.26 31.72 68 13 2408 1 034
6033495 7497 2025/12/25 18:55:40 P18 74.11 25.29 0 8.2 39.37 965.71 964.04 339.813 558.014 3991.699 364.99 525.36 733.49 429.993 -37.842 -25.635 76.294 -16.632 232.239 718.079 19.379 626.984 904.388 225.677 423.126 738.831 505.371 -5000 1.984 -1004.486 43.488 -15.106 18.921 294.189 77.667 452.271 868.378 122.375 -1410.217 407.867 93.994 20.142 19.989 51.422 2547.302 2500.458 2114.563 1739.044 1381.989 1015.625 657.959 150.757 6.561 23.651 68.207 1.221 -332.489 -675.507 -1016.388 -1358.948 -1700.745 -2039.49 -2377.625 -2704.01 411.682 715.179 413.818 59.052 4.578 -348.358 -703.583 568 570 880 29.26 31.72 68 13 2408 1 034
6033496 7497 2025/12/25 18:55:41 P18 74.3 25.36 0 8.29 39.4 965.66 964.01 342.255 558.167 3993.988 366.058 525.055 733.643 431.061 40.436 -18.768 86.67 -17.548 230.713 716.553 18.463 627.136 904.999 225.067 423.737 738.22 507.05 -5000 7.019 -1002.96 22.736 -15.411 18.158 294.495 79.041 451.05 868.225 99.03 -1409.76 407.867 91.858 19.073 21.21 50.507 2547.302 2500.916 2109.07 1731.11 1371.002 1004.791 650.482 146.332 10.223 37.994 67.444 5.798 -336.304 -682.068 -1023.254 -1365.967 -1707.611 -2046.967 -2385.406 -2710.114 411.377 717.926 415.955 57.068 6.409 -353.394 -711.06 572 575 880 29.22 31.72 68 13 2408 1 034
6033497 7497 2025/12/25 18:55:42 P18 74.18 25.29 0 7.93 39.41 965.68 964.04 338.287 556.793 3990.479 367.279 525.055 732.574 430.45 38.757 -1.984 71.716 -15.411 231.171 717.01 23.956 626.984 906.219 224.457 424.194 737.762 505.524 -5000 12.97 -1000.671 19.226 -15.564 19.073 293.884 76.904 451.202 861.359 95.825 -1410.37 407.257 93.994 18.158 19.836 51.117 2543.182 2501.221 2113.19 1737.518 1379.852 1018.219 661.926 149.078 14.343 54.321 67.749 2.899 -334.015 -679.016 -1018.066 -1361.389 -1700.287 -2039.49 -2375.793 -2699.89 408.325 714.264 415.344 58.594 3.052 -348.969 -704.651 568 575 879 29.23 31.72 68 13 2408 1 034
6033498 7497 2025/12/25 18:55:43 P18 74.22 25.27 0 8.26 39.39 965.73 964.04 341.339 558.319 3987.732 365.295 524.445 723.419 431.519 48.523 4.272 92.926 -16.479 232.391 717.163 18.311 627.441 900.269 223.389 422.974 737 504.761 -5000 1.984 -996.399 -27.924 -14.801 18.311 293.884 76.904 451.355 868.835 85.907 -1410.98 406.799 94.147 19.989 10.986 48.523 2548.218 2499.847 2115.479 1740.417 1386.108 1024.475 669.25 149.231 6.561 50.201 66.833 3.967 -334.778 -679.626 -1017.456 -1360.321 -1698.456 -2036.743 -2372.589 -2696.228 409.698 713.959 414.124 58.899 3.967 -350.189 -703.43 564 575 879 29.19 31.78 68 13 2408 1 034
6033499 7497 2025/12/25 18:55:44 P18 74.3 25.32 0 8.36 39.36 965.66 964.01 336.761 558.472 3988.037 361.176 524.75 733.337 430.298 38.452 8.392 82.397 -15.564 230.408 716.248 21.973 626.221 906.067 224.304 422.668 735.626 505.524 -5000 1.526 -992.737 46.387 -15.717 18.768 294.342 76.599 449.982 861.206 94.604 -1412.048 406.952 94.604 22.583 16.479 50.812 2546.082 2499.847 2109.528 1729.126 1371.918 1004.791 648.804 152.435 7.172 42.419 67.749 3.204 -334.778 -681.763 -1020.966 -1365.509 -1706.543 -2045.746 -2384.644 -2708.588 410.614 715.942 414.276 57.526 3.052 -350.8 -708.008 571 565 880 29.23 31.83 68 13 2408 1 034
6033500 7497 2025/12/25 18:55:45 P18 74.19 25.26 0 8.2 39.41 965.65 964.03 342.255 558.167 3986.969 357.361 523.834 731.659 430.45 66.833 -29.449 69.58 -14.648 230.865 717.01 20.142 626.068 906.525 223.389 422.211 735.016 505.676 -5000 3.967 -991.974 -34.943 -16.785 18.616 293.579 77.057 449.829 866.394 96.436 -1410.98 406.036 94.299 24.872 18.768 50.201 2549.286 2501.373 2112.427 1737.366 1381.073 1017.609 661.774 150.604 6.104 35.706 69.733 5.798 -333.252 -678.711 -1016.998 -1362 -1701.66 -2040.1 -2377.319 -2699.89 409.698 715.332 413.513 59.967 5.951 -345.764 -702.515 563 565 880 29.2 31.72 68 13 2408 1 034
6033501 7497 2025/12/25 18:55:46 P18 74.14 25.34 0 8.29 39.48 965.69 964.03 340.576 556.793 3988.037 357.056 524.75 730.133 430.45 2.289 -31.738 71.411 -16.022 230.713 714.264 23.956 625.458 905.914 222.321 423.584 734.558 504.15 -5000 7.324 -991.669 -6.256 -16.785 18.311 293.579 75.226 449.066 861.053 86.212 -1413.269 405.426 95.52 17.395 15.259 52.185 2543.03 2502.899 2115.326 1743.622 1390.076 1025.391 670.929 148.01 9.155 37.537 67.596 5.188 -333.71 -677.49 -1015.015 -1358.032 -1698.456 -2035.98 -2371.674 -2696.381 408.478 712.891 416.26 57.678 5.188 -349.731 -703.43 567 570 881 29.23 31.75 67 13 2408 1 034
6033502 7497 2025/12/25 18:55:47 P18 74.26 25.27 0 8.09 39.36 965.67 964.03 340.881 557.404 3990.173 354.004 524.139 732.88 430.908 7.019 -9.155 60.272 -16.174 229.645 716.858 23.193 626.221 907.44 222.168 421.6 733.185 505.066 -5000 -2.136 -992.889 40.436 -15.717 18.158 293.274 76.904 447.998 864.258 102.386 -1410.522 405.579 91.553 19.531 11.139 50.354 2547.15 2501.221 2108.307 1729.431 1370.392 1003.113 646.82 155.487 9.766 35.4 68.207 4.883 -332.336 -679.169 -1019.897 -1364.899 -1706.238 -2046.356 -2384.796 -2710.266 411.224 716.095 414.581 58.899 5.493 -349.579 -708.771 567 570 881 29.23 31.67 67 13 2408 1 034
6033503 7497 2025/12/25 18:55:48 P18 74.26 25.43 0 8.09 39.39 965.68 964.06 340.271 556.335 3985.291 357.819 523.987 728.607 430.603 -21.973 -9.613 85.754 -15.564 230.56 716.248 17.7 624.695 904.694 221.252 421.448 732.269 504.15 -5000 -2.747 -994.873 37.079 -16.174 18.311 290.985 77.362 449.219 867.157 96.436 -1410.37 404.968 92.773 22.736 22.583 51.27 2548.676 2501.984 2111.969 1736.603 1379.852 1017.151 660.706 150.909 9.003 34.332 66.528 6.409 -334.778 -678.711 -1018.372 -1361.542 -1701.508 -2039.795 -2376.251 -2700.043 411.224 715.942 416.26 58.441 4.272 -348.358 -703.43 560 570 881 29.19 31.7 67 13 2408 1 034
6033504 7497 2025/12/25 18:55:49 P18 74.18 25.27 0 8.37 39.4 965.69 964.06 339.355 556.641 3986.053 359.192 523.529 729.523 430.45 20.447 13.733 46.387 -17.242 230.255 715.179 21.973 624.695 907.135 220.795 422.211 731.506 503.235 -5000 7.172 -991.364 82.245 -16.022 18.311 294.037 75.378 448.151 860.748 99.64 -1410.522 404.816 90.942 25.024 12.97 50.049 2543.64 2501.526 2114.868 1743.774 1387.939 1026.459 670.013 152.588 6.561 37.689 68.207 4.73 -331.268 -675.812 -1012.573 -1355.896 -1694.946 -2032.928 -2368.774 -2694.397 409.393 714.569 412.598 60.12 4.12 -346.68 -701.294 555 570 882 29.2 31.68 67 13 2408 1 034
6033505 7497 2025/12/25 18:55:50 P18 74.21 25.32 0 8.24 39.34 965.67 964.03 341.797 557.404 3986.359 356.75 522.614 726.318 431.213 18.158 -13.123 63.934 -16.174 228.577 716.4 24.109 624.542 904.083 221.1 422.363 731.506 503.693 -5000 -4.12 -986.633 107.727 -16.327 18.616 292.969 75.073 448.151 865.173 96.741 -1408.691 404.053 91.248 22.43 18.158 49.591 2547.913 2501.526 2113.19 1742.554 1386.414 1025.391 667.419 152.588 8.545 51.88 68.665 3.51 -334.015 -676.575 -1014.709 -1356.506 -1697.235 -2035.522 -2371.063 -2698.669 410.156 715.332 414.124 61.646 5.188 -344.696 -697.632 561 565 884 29.2 31.68 67 13 2408 1 034
6033506 7497 2025/12/25 18:55:51 P18 74.16 25.32 0 8.32 39.41 965.7 964.02 338.287 556.793 3984.528 353.851 521.24 727.692 431.519 48.37 -25.94 63.477 -15.259 229.492 715.332 22.888 623.779 903.931 220.947 421.6 730.591 502.167 -5000 1.221 -985.87 24.719 -16.327 18.463 292.053 75.378 447.388 864.563 85.602 -1410.522 404.358 92.316 23.804 22.125 49.896 2543.488 2499.695 2112.885 1735.687 1379.7 1016.693 661.011 151.978 8.85 33.112 66.681 7.019 -332.336 -677.795 -1017.761 -1361.389 -1700.897 -2039.948 -2376.099 -2701.263 408.936 713.043 414.581 58.136 3.815 -349.274 -705.566 563 570 884 29.25 31.78 67 13 2408 1 034
6033507 7497 2025/12/25 18:55:52 P18 74.18 25.34 0 8.27 39.43 965.69 964.02 336.609 557.251 3986.053 357.208 521.545 723.877 430.908 -1.984 -46.234 57.678 -16.174 228.271 716.858 24.414 623.932 906.219 219.879 422.058 729.675 503.54 -5000 -0.61 -985.413 25.635 -12.512 18.311 293.121 74.31 448.303 861.969 104.675 -1408.234 402.832 91.705 25.33 20.905 50.964 2546.082 2501.984 2115.479 1743.774 1388.55 1027.222 670.776 156.25 7.019 42.114 69.275 2.441 -330.048 -674.591 -1012.573 -1356.049 -1694.946 -2033.997 -2369.08 -2694.855 410.461 716.705 413.666 60.272 5.646 -346.68 -700.531 571 570 885 29.22 31.72 67 13 2408 1 034
6033508 7497 2025/12/25 18:55:53 P18 74.14 25.29 0 8.29 39.38 965.69 964.03 337.524 556.335 3984.07 355.988 520.935 730.286 430.756 10.681 -28.229 75.378 -16.022 230.255 714.264 23.346 624.39 906.982 218.811 420.99 729.065 501.556 -5000 5.646 -983.124 0.153 -15.717 17.242 292.969 75.226 447.998 861.359 98.877 -1409.912 403.595 91.095 21.057 22.278 50.659 2542.114 2502.747 2114.41 1740.417 1386.108 1025.085 668.488 156.555 5.493 26.245 69.122 4.272 -331.573 -674.896 -1014.862 -1358.795 -1697.693 -2037.354 -2375.183 -2699.738 409.241 714.111 413.361 60.73 6.104 -345.306 -698.547 565 570 886 29.25 31.78 67 13 2408 1 034
6033509 7497 2025/12/25 18:55:54 P18 74.21 25.3 0 8.26 39.48 965.67 964.01 337.219 558.319 3981.171 353.241 520.935 724.64 430.603 -9.155 -16.479 81.177 -16.022 229.492 714.722 20.752 623.169 908.356 218.353 421.295 727.692 502.319 -5000 -6.866 -984.955 -43.335 -14.496 18.158 293.274 76.141 447.54 861.816 80.872 -1408.691 402.832 90.79 18.311 17.548 49.896 2545.471 2501.068 2111.359 1735.992 1380.31 1016.541 661.469 157.776 9.308 33.112 69.427 4.425 -330.048 -676.117 -1015.32 -1359.558 -1699.829 -2041.473 -2375.641 -2699.89 409.088 715.027 414.429 59.204 5.646 -349.884 -702.362 570 565 886 29.22 31.72 67 13 2408 1 034
6033510 7497 2025/12/25 18:55:55 P18 74.22 25.25 0 8.27 39.44 965.68 964.02 337.524 557.556 3983.917 354.004 521.545 721.893 430.45 -41.962 5.035 77.362 -15.564 227.661 715.942 25.024 622.864 906.372 218.353 421.753 727.081 502.472 -5000 -3.204 -979.004 86.517 -15.717 18.158 293.427 73.7 447.998 858.307 88.654 -1407.623 402.527 92.01 22.583 27.313 50.201 2546.692 2500.305 2116.241 1743.927 1390.076 1026.611 670.471 156.097 9.613 46.997 69.122 4.578 -331.573 -675.812 -1014.862 -1357.422 -1696.93 -2035.065 -2369.995 -2695.465 409.393 712.585 415.344 60.425 4.272 -348.511 -700.684 560 570 887 29.18 31.71 67 13 2408 1 034
6033511 7497 2025/12/25 18:55:56 P18 74.18 25.25 0 8.22 39.42 965.65 964.04 339.508 556.641 3981.934 350.8 521.393 728.455 430.908 -71.869 -42.725 83.008 -17.09 227.966 714.264 26.093 622.101 906.83 217.896 424.042 725.555 501.099 -5000 -5.951 -982.819 83.771 -16.785 18.768 293.121 73.547 444.946 857.849 84.534 -1407.776 403.137 93.536 18.311 19.379 50.354 2543.03 2500.916 2112.732 1741.791 1387.482 1024.78 665.894 155.945 7.477 43.03 67.444 2.441 -331.116 -674.744 -1013.794 -1358.49 -1697.54 -2037.048 -2373.81 -2700.806 410.614 715.179 415.649 58.289 5.951 -347.748 -702.667 569 570 887 29.19 31.83 67 13 2408 1 034
6033512 7497 2025/12/25 18:55:57 P18 74.14 25.25 0 8.05 39.45 965.68 964.04 336.151 557.861 3975.83 348.663 520.02 725.555 430.756 83.618 -37.689 96.436 -16.785 229.492 712.585 22.888 621.643 908.203 217.59 420.685 725.861 501.251 -5000 0.458 -977.02 -1.526 -14.496 19.073 291.748 75.073 445.862 860.748 98.419 -1410.828 403.137 93.842 18.158 12.054 50.354 2545.319 2502.441 2110.291 1735.229 1375.732 1007.996 651.245 157.013 9.918 39.825 66.986 7.324 -333.099 -680.237 -1021.576 -1366.425 -1708.374 -2048.035 -2387.39 -2711.945 411.835 712.585 415.955 61.035 3.967 -350.189 -706.787 557 570 887 29.19 31.74 67 13 2408 1 034
6033513 7497 2025/12/25 18:55:58 P18 74.08 25.29 0 8.15 39.39 965.7 964.03 338.898 557.404 3980.713 350.037 520.172 724.182 431.061 19.684 -39.52 96.741 -16.174 227.051 716.248 26.245 622.253 908.203 217.285 419.922 725.098 502.167 -5000 1.373 -974.426 -11.902 -14.648 19.684 292.969 73.242 446.777 858.765 94.757 -1405.945 399.628 89.569 21.667 20.294 50.201 2548.523 2501.526 2116.241 1745.605 1392.059 1028.137 672.302 151.062 6.256 54.626 67.596 5.188 -331.879 -674.438 -1012.268 -1355.591 -1695.862 -2033.386 -2369.537 -2694.397 408.173 712.433 415.802 60.272 3.815 -346.069 -699.921 557 570 888 29.18 31.7 67 13 2408 1 034
6033514 7497 2025/12/25 18:55:59 P18 74.14 25.37 0 8.17 39.4 965.67 964.02 336.304 557.556 3980.56 352.325 520.325 722.198 430.45 1.068 -8.545 72.327 -16.632 226.593 712.585 26.855 622.253 906.83 216.98 420.99 724.792 500.641 -5000 -0.763 -972.443 -31.586 -14.648 18.311 293.274 74.31 443.878 857.086 104.065 -1410.217 401.917 89.264 20.142 10.834 50.354 2544.25 2500.458 2113.037 1739.502 1383.972 1022.339 662.689 153.656 4.578 32.043 69.885 2.289 -331.726 -676.27 -1015.015 -1358.643 -1698.456 -2038.116 -2375.793 -2701.416 408.936 713.348 414.581 59.509 3.357 -345.306 -700.378 568 570 888 29.19 31.73 67 13 2408 1 034
6033515 7497 2025/12/25 18:56:00 P18 74.18 25.33 0 8.02 39.44 965.67 964.03 333.252 557.404 3976.44 349.884 520.935 728.455 430.603 -19.531 -7.935 82.55 -15.717 226.593 715.027 25.94 621.49 908.203 216.522 419.159 723.419 500.183 -5000 -0.458 -968.628 27.771 -15.411 19.379 292.358 72.784 444.031 853.424 91.248 -1409.149 402.222 90.332 21.21 17.7 49.438 2547.302 2500.763 2109.07 1729.431 1370.85 1006.165 648.346 157.471 4.883 35.553 68.665 3.51 -333.405 -680.237 -1019.745 -1364.746 -1705.933 -2045.898 -2384.949 -2709.045 409.546 714.111 413.513 58.594 3.662 -351.715 -708.771 559 570 888 29.22 31.7 67 13 2408 1 034
6033516 7497 2025/12/25 18:56:01 P18 74.14 25.29 0 8.15 39.46 965.67 964.04 339.661 558.319 3979.034 349.121 519.104 724.182 430.298 30.823 -15.564 74.921 -16.174 227.051 715.027 28.687 620.88 907.44 215.454 419.769 723.877 502.472 -5000 2.441 -964.05 25.33 -15.411 19.531 292.664 72.327 444.489 857.086 95.52 -1406.86 401.154 88.654 19.226 20.447 50.812 2547.76 2499.695 2119.141 1744.843 1390.381 1027.222 669.861 155.029 5.341 14.648 68.359 3.51 -335.388 -676.422 -1014.862 -1357.727 -1696.014 -2035.37 -2370.148 -2696.381 409.393 715.637 413.666 61.035 2.899 -345.612 -698.7 568 570 888 29.22 31.7 67 13 2408 1 034
6033517 7497 2025/12/25 18:56:02 P18 74.11 25.29 0 8.17 39.46 965.7 964.02 336.609 557.404 3978.577 349.731 520.325 727.081 430.908 32.501 -3.967 72.937 -19.073 226.135 715.027 29.755 620.575 908.051 215.302 419.769 722.656 501.556 -5000 10.223 -963.593 55.695 -16.785 17.853 293.427 73.547 443.726 850.983 105.743 -1408.234 401.306 89.264 17.09 18.005 50.659 2545.624 2500.916 2113.495 1740.265 1381.073 1019.897 659.637 155.029 6.561 28.076 70.038 5.646 -331.726 -676.27 -1014.404 -1358.49 -1698.608 -2037.354 -2376.404 -2702.026 407.562 712.128 410.614 60.12 6.256 -348.663 -702.972 571 575 889 29.23 31.8 67 13 2408 1 034
6033518 7497 2025/12/25 18:56:03 P18 74.18 25.22 0 8.15 39.46 965.69 964.02 335.693 556.946 3976.898 350.037 518.341 722.656 431.671 -4.883 -5.188 70.801 -16.327 227.814 717.163 24.109 620.88 907.44 214.996 418.701 721.588 499.115 -5000 1.068 -965.271 21.057 -14.954 18.616 292.511 72.021 443.878 855.103 96.283 -1409.149 400.848 88.043 20.142 20.752 50.049 2546.539 2500.458 2107.544 1728.973 1371.155 1002.655 647.43 154.419 8.698 30.06 68.512 6.561 -341.492 -688.324 -1029.358 -1374.054 -1714.172 -2053.375 -2391.052 -2715.759 409.088 710.297 414.734 56.152 3.967 -351.41 -711.212 558 575 889 29.2 31.67 66 13 2408 1 034
6033519 7497 2025/12/25 18:56:04 P18 74.12 25.3 0 8.1 39.46 965.68 964.02 335.083 556.793 3974.762 348.206 518.494 725.098 430.603 -54.932 -42.725 79.193 -16.479 228.577 713.196 27.313 619.812 909.271 214.386 418.396 720.52 498.962 -5000 0.153 -967.865 65.155 -16.479 18.005 291.443 73.242 444.336 853.577 92.773 -1407.928 400.543 87.738 20.142 12.512 49.744 2542.877 2501.526 2111.053 1734.772 1379.547 1018.829 662.384 157.471 8.392 31.128 66.376 5.341 -333.405 -679.016 -1016.846 -1361.389 -1701.202 -2039.032 -2376.099 -2701.111 408.936 712.585 418.243 57.678 5.798 -350.189 -704.651 564 570 889 29.18 31.76 66 13 2408 1 034
6033520 7497 2025/12/25 18:56:05 P18 74.26 25.33 0 7.97 39.3 965.68 964.04 333.405 556.183 3975.372 346.375 518.036 725.861 430.603 62.103 16.022 60.577 -15.106 228.577 712.891 27.618 619.965 910.034 212.097 419.312 720.978 499.115 -5000 1.984 -967.712 -87.891 -18.921 18.616 291.595 72.937 443.573 853.729 98.114 -1408.081 400.085 88.196 24.872 14.648 50.659 2542.114 2502.441 2114.258 1735.992 1377.563 1011.353 654.449 156.25 9.766 48.37 66.681 5.188 -334.625 -678.101 -1018.372 -1362.457 -1703.186 -2042.236 -2381.134 -2705.383 408.936 710.602 415.802 57.373 4.578 -351.868 -707.703 573 575 889 29.18 31.79 66 13 2408 1 034
6033521 7497 2025/12/25 18:56:06 P18 74.14 25.32 0 8.17 39.43 965.7 964.05 335.999 557.098 3977.051 346.527 518.341 720.978 430.908 -61.34 18.005 64.24 -16.174 225.067 709.686 28.229 619.507 908.051 213.318 418.854 719.91 500.183 -5000 4.73 -967.102 8.85 -14.801 17.853 293.427 72.327 441.589 853.729 94.147 -1406.86 400.543 88.043 20.752 22.125 50.049 2545.776 2501.678 2111.816 1732.483 1377.411 1012.421 657.654 158.081 7.477 25.177 66.528 2.289 -333.405 -678.406 -1018.677 -1363.22 -1703.949 -2043.152 -2381.592 -2704.468 409.546 713.348 414.886 57.373 6.409 -350.952 -707.55 561 575 889 29.25 31.78 66 13 2408 1 034
6033522 7497 2025/12/25 18:56:07 P18 74.15 25.26 0 8.27 39.4 965.7 964.04 334.473 559.387 3975.983 349.274 519.257 722.046 431.061 11.292 14.343 95.978 -17.09 225.677 711.212 27.924 618.896 907.898 213.013 419.769 718.079 498.81 -5000 3.204 -967.56 77.667 -15.869 18.005 291.443 71.716 441.437 852.661 83.313 -1410.522 399.323 87.128 18.768 13.885 49.591 2545.166 2500.61 2112.579 1739.96 1384.888 1022.339 666.351 157.013 8.85 34.637 67.902 6.256 -333.862 -678.101 -1016.541 -1359.711 -1698.914 -2038.269 -2373.81 -2698.517 407.257 711.67 415.802 58.899 0.305 -347.137 -701.141 568 575 889 29.2 31.79 66 13 2408 1 034
6033523 7497 2025/12/25 18:56:08 P18 74.14 25.34 0 8.24 39.38 965.71 964.03 334.015 557.404 3972.931 349.731 520.325 721.283 430.756 50.659 -21.362 109.1 -13.885 226.288 714.874 28.076 618.896 908.508 213.013 419.312 717.926 498.657 -5000 1.221 -965.271 15.411 -14.038 18.921 292.511 71.259 442.2 850.067 103.149 -1409.454 399.78 88.501 18.158 13.885 50.812 2548.37 2500.61 2111.206 1731.873 1373.596 1004.486 647.888 161.285 4.425 36.316 69.122 3.052 -334.625 -679.016 -1019.745 -1365.051 -1706.848 -2046.661 -2384.949 -2709.503 408.63 712.891 416.718 57.831 4.73 -349.426 -706.177 568 575 889 29.23 31.7 66 13 2408 1 034
6033524 7497 2025/12/25 18:56:09 P18 74.12 25.32 0 8.22 39.46 965.68 964.04 334.473 556.335 3972.473 348.969 518.188 723.572 431.213 29.602 18.158 100.098 -16.785 226.135 712.891 28.076 618.439 909.729 212.708 419.312 717.316 497.589 -5000 1.221 -959.93 6.561 -15.869 18.311 292.053 71.411 442.2 849.609 93.536 -1408.844 399.628 89.264 19.531 19.684 50.354 2542.267 2499.847 2110.596 1734.009 1378.784 1015.015 661.316 160.675 3.204 29.297 67.596 4.73 -333.252 -678.406 -1016.388 -1361.237 -1700.134 -2039.185 -2376.404 -2700.348 407.41 710.754 414.429 58.136 4.272 -349.121 -703.278 569 575 889 29.22 31.72 66 13 2408 1 034
6033525 7497 2025/12/25 18:56:10 P18 74.12 25.3 0 8.1 39.46 965.7 964.02 332.794 556.03 3972.168 350.8 517.426 722.198 430.603 -23.804 6.561 80.719 -16.479 225.22 712.585 28.534 618.286 910.339 211.792 419.006 716.4 497.284 -5000 -0.916 -958.099 12.665 -16.174 19.073 291.901 71.411 442.81 850.525 80.109 -1412.506 398.56 88.348 17.09 18.921 50.507 2541.046 2501.221 2115.631 1742.859 1389.008 1027.679 671.997 162.811 6.714 45.776 67.902 3.204 -330.658 -675.659 -1014.252 -1357.269 -1696.32 -2035.065 -2370.758 -2695.312 406.952 711.823 414.734 57.526 3.204 -346.832 -700.989 572 575 889 29.23 31.78 66 13 2408 1 034
6033526 7497 2025/12/25 18:56:11 P18 74.15 25.32 0 8.17 39.38 970.41 964.03 337.677 556.793 3971.558 348.663 518.341 721.283 430.45 19.073 -8.392 71.411 -16.022 224.609 715.332 29.755 618.896 909.729 211.792 418.243 716.248 498.81 -5000 3.052 -949.707 35.4 -15.717 19.684 292.053 70.343 440.369 851.135 108.643 -1407.318 398.56 86.365 16.632 13.885 50.049 2547.913 2500.763 2117.004 1743.011 1387.787 1025.543 666.656 157.623 7.782 50.507 66.833 5.798 -333.099 -676.727 -1015.32 -1358.948 -1697.693 -2036.743 -2373.962 -2698.975 407.41 710.907 416.107 61.035 4.883 -346.527 -699.463 568 575 888 29.23 31.78 66 13 2408 1 034
6033527 7497 2025/12/25 18:56:12 P18 74.08 25.33 0 8.07 39.4 970.4 964.04 334.015 556.03 3968.048 345.001 517.12 722.656 429.84 -72.021 6.561 98.724 -17.242 225.677 713.654 30.823 617.218 908.813 211.029 419.006 715.637 497.131 -5000 10.223 -949.554 34.18 -15.564 17.853 289.917 70.19 440.216 850.372 102.692 -1410.217 398.254 88.043 22.278 17.242 50.964 2543.64 2501.984 2110.901 1737.518 1381.531 1018.066 662.842 162.201 5.951 40.436 65.155 4.883 -332.947 -676.88 -1016.083 -1358.643 -1699.219 -2038.269 -2374.268 -2700.195 408.02 711.975 414.581 58.136 2.899 -347.443 -702.515 571 575 888 29.25 31.7 66 13 2408 1 034
6033528 7497 2025/12/25 18:56:13 P18 74.08 25.27 0 8.07 39.43 970.35 964.04 332.794 556.335 3970.49 345.001 516.205 721.893 430.603 98.572 -10.681 96.893 -16.479 225.525 711.212 29.755 617.981 910.95 208.74 418.243 714.111 496.521 -5000 1.678 -948.792 76.752 -16.327 18.921 291.748 70.496 440.826 847.168 92.01 -1413.269 398.102 87.28 17.7 16.479 50.507 2541.809 2499.847 2112.579 1745.453 1391.144 1028.442 671.997 160.828 5.798 40.588 67.749 6.256 -334.625 -677.795 -1015.167 -1357.574 -1697.083 -2034.454 -2370.605 -2694.855 406.952 712.585 414.886 59.509 5.798 -346.68 -700.989 573 580 889 29.2 31.75 66 13 2408 1 034
6033529 7497 2025/12/25 18:56:14 P18 74.04 25.27 0 8.2 39.45 970.4 964.05 334.167 558.167 3970.49 344.391 518.951 720.215 430.908 -29.449 6.104 84.076 -14.648 223.999 714.264 31.128 617.065 909.424 210.571 417.938 713.654 497.131 -5000 -2.136 -950.775 -8.545 -15.717 18.158 291.138 71.411 438.843 846.252 83.313 -1410.37 397.797 85.449 20.752 21.057 49.591 2546.234 2500.458 2115.173 1741.028 1384.888 1021.271 663.3 165.405 8.85 25.33 66.376 4.12 -331.268 -675.049 -1014.252 -1356.964 -1697.998 -2037.048 -2374.268 -2700.958 407.867 710.297 416.412 61.035 5.341 -348.663 -702.972 564 575 889 29.23 31.83 66 13 2408 1 034
6033530 7497 2025/12/25 18:56:15 P18 74.18 25.26 0 8.31 39.34 970.39 964.03 332.031 556.793 3968.811 345.154 516.357 717.621 431.213 0.305 13.885 80.261 -16.479 225.677 706.787 27.466 616.913 909.424 209.503 417.633 713.501 496.826 -5000 -4.883 -949.249 29.755 -16.174 18.311 291.595 70.496 439.911 850.525 97.351 -1413.116 397.491 86.67 17.7 22.278 49.591 2547.76 2503.662 2111.206 1736.603 1383.209 1021.423 664.825 162.048 7.172 30.365 69.275 3.51 -332.947 -678.253 -1017.303 -1359.253 -1699.677 -2037.354 -2372.437 -2697.906 407.41 713.348 411.377 60.12 4.272 -345.154 -700.531 576 580 890 29.19 31.78 66 13 2408 1 034
6033531 7497 2025/12/25 18:56:16 P18 74.09 25.36 0 8.24 39.41 970.37 964.05 334.473 557.556 3969.269 343.018 517.273 720.062 430.756 23.804 38.91 91.4 -14.496 223.694 713.654 32.501 616.608 910.645 208.893 417.786 712.433 498.047 -5000 -8.392 -949.707 45.776 -16.022 18.005 291.29 71.106 438.232 842.896 82.397 -1409.607 396.729 87.128 19.073 14.496 49.896 2547.15 2501.068 2118.378 1745.911 1391.296 1028.9 671.539 161.133 4.578 39.215 68.665 1.221 -329.742 -672.607 -1009.979 -1353.912 -1693.115 -2031.403 -2367.554 -2692.871 407.715 711.823 415.192 60.577 9.003 -346.985 -698.7 563 580 890 29.2 31.76 66 13 2408 1 034
6033532 7497 2025/12/25 18:56:17 P18 74.04 25.34 0 8.24 39.51 970.37 964.02 332.031 557.404 3964.691 341.644 515.594 720.825 430.45 -55.237 -5.951 58.899 -16.327 224.457 711.67 28.534 616.455 909.729 208.588 417.328 711.365 498.047 -5000 -5.493 -945.282 -8.392 -15.259 19.531 291.443 71.106 438.538 850.525 111.084 -1409.302 397.034 87.433 15.564 17.853 50.354 2546.997 2500.305 2114.105 1738.586 1381.683 1016.846 659.027 161.896 6.866 24.567 68.817 2.899 -332.031 -677.032 -1016.388 -1359.711 -1700.745 -2040.253 -2377.014 -2703.552 406.952 712.433 413.818 60.12 2.899 -348.816 -703.583 568 580 892 29.22 31.78 66 13 2408 1 034
6033533 7497 2025/12/25 18:56:18 P18 74.11 25.25 0 8.17 39.45 970.37 964.03 334.93 556.488 3966.217 341.339 516.663 720.978 431.061 -3.51 -27.771 93.536 -15.259 223.846 714.722 34.79 616.15 908.051 208.13 417.786 711.365 495.3 -5000 3.967 -948.639 -19.531 -15.717 19.073 290.985 69.122 438.232 839.996 97.351 -1410.37 393.372 85.144 16.785 14.038 53.711 2548.065 2501.526 2108.154 1727.448 1370.239 1005.096 646.973 160.675 10.071 30.518 67.139 5.798 -335.388 -680.084 -1021.576 -1365.356 -1706.39 -2046.356 -2386.322 -2710.114 406.799 710.144 414.734 56.763 4.73 -357.666 -713.348 568 580 892 29.19 31.83 66 13 2408 1 034
6033534 7497 2025/12/25 18:56:19 P18 74.11 25.22 0 8.22 39.44 970.4 964.05 334.93 556.03 3964.844 341.644 514.832 714.874 430.756 -99.335 7.629 91.248 -16.479 223.694 713.654 32.806 615.54 907.44 207.977 417.786 709.991 495.453 -5000 8.698 -943.451 11.597 -16.479 19.531 291.138 69.122 438.538 844.879 75.836 -1407.471 396.423 85.754 19.989 19.073 50.049 2540.894 2501.831 2115.173 1742.401 1387.787 1026.917 669.25 164.795 5.493 31.433 68.512 2.289 -330.2 -674.591 -1012.115 -1355.438 -1694.946 -2035.675 -2369.08 -2696.075 406.494 712.433 414.429 60.12 4.883 -345.154 -696.564 562 580 892 29.19 31.74 65 13 2408 1 034
6033535 7497 2025/12/25 18:56:20 P18 74.12 25.27 0 8.25 39.5 970.4 964.03 334.778 555.878 3964.996 339.355 514.679 720.825 430.45 33.722 18.311 92.468 -16.785 222.931 712.28 33.417 615.234 908.813 208.13 416.718 709.534 495.453 -5000 2.136 -942.23 2.899 -16.479 19.226 290.222 69.275 438.385 846.405 92.316 -1408.234 395.966 85.754 20.752 21.057 50.201 2542.725 2500.763 2113.342 1737.213 1378.784 1012.726 654.602 167.847 8.85 23.193 67.749 6.256 -331.268 -677.032 -1017.151 -1361.237 -1702.423 -2042.999 -2380.524 -2706.299 409.088 711.823 414.276 59.052 6.104 -348.206 -704.193 568 580 893 29.19 31.78 65 13 2408 1 034
6033536 7497 2025/12/25 18:56:21 P18 74.02 25.33 0 8.05 39.4 970.39 964.03 332.489 557.404 3962.86 339.203 514.832 713.806 430.603 -68.207 -2.747 79.498 -16.327 224.762 710.754 30.212 614.929 912.781 207.52 416.412 708.466 495.3 -5000 6.409 -937.805 2.594 -14.496 18.463 291.29 70.343 439.453 846.252 82.55 -1406.403 395.966 86.365 21.057 20.752 51.27 2545.166 2501.984 2108.917 1730.347 1373.138 1006.775 653.076 163.574 7.935 32.806 67.444 5.493 -335.541 -680.237 -1020.813 -1364.594 -1704.712 -2044.83 -2383.881 -2707.977 408.02 710.449 416.107 56.305 5.493 -353.241 -710.602 561 580 893 29.19 31.78 65 13 2408 1 034
6033537 7497 2025/12/25 18:56:22 P18 73.98 25.29 0 8.19 39.48 970.39 964.05 333.099 556.641 3961.945 339.05 515.289 713.654 430.908 15.869 -35.706 87.585 -15.869 224.762 713.043 29.602 614.929 909.882 206.451 415.649 708.313 495.148 -5000 1.984 -934.143 9.308 -13.733 18.158 290.527 70.496 438.843 845.795 85.754 -1408.539 394.745 86.517 19.531 18.005 51.27 2548.828 2499.237 2112.885 1739.044 1384.277 1020.355 666.199 166.473 6.104 40.588 67.139 4.883 -336.456 -680.695 -1018.524 -1361.237 -1699.829 -2039.337 -2374.573 -2698.669 407.41 708.923 415.039 59.357 2.441 -348.053 -703.125 565 580 893 29.26 31.8 65 13 2408 1 034
6033538 7497 2025/12/25 18:56:23 P18 73.98 25.36 0 8.15 39.4 970.37 964.04 334.473 558.167 3963.776 342.712 515.9 720.215 430.603 -81.329 -36.163 74.31 -15.717 221.863 712.738 33.722 614.624 911.102 206.909 416.565 707.397 494.995 -5000 1.678 -937.958 27.924 -15.869 18.311 290.527 69.275 435.944 841.522 104.675 -1409.149 395.66 83.923 18.158 13.58 48.981 2546.997 2501.526 2112.122 1733.856 1374.207 1008.301 651.398 162.811 8.392 45.929 68.359 5.341 -332.031 -677.338 -1018.372 -1362.61 -1703.491 -2043.152 -2382.507 -2707.367 407.41 710.907 416.107 59.052 6.409 -350.647 -705.872 573 580 893 29.19 31.78 65 13 2408 1 034
6033539 7497 2025/12/25 18:56:24 P18 74.11 25.2 0 8.2 39.4 970.41 964.03 332.642 555.42 3962.708 340.424 514.221 718.079 430.756 -29.907 -47.455 85.602 -16.632 223.389 710.144 33.569 614.319 910.492 205.383 416.412 707.092 494.69 -5000 9.003 -939.026 -8.85 -16.632 18.005 290.833 69.122 435.791 843.201 86.517 -1409.607 395.05 87.738 19.989 14.038 50.354 2543.335 2502.136 2112.579 1736.755 1380.768 1015.93 657.349 165.1 5.493 20.905 67.749 3.662 -333.71 -679.169 -1018.219 -1362.762 -1703.033 -2041.931 -2378.845 -2704.468 407.104 711.67 414.734 60.577 5.798 -349.579 -706.482 564 580 893 29.22 31.84 65 13 2408 1 034
6033540 7497 2025/12/25 18:56:25 P18 74.08 25.3 0 8.27 39.36 970.38 964.05 334.167 556.946 3962.86 340.729 513.611 712.738 430.45 16.174 -38.605 78.735 -16.022 221.252 713.806 33.722 613.708 910.034 204.315 415.955 706.635 495.148 -5000 7.629 -934.143 -5.493 -15.259 17.242 290.68 68.359 435.028 844.116 84.991 -1408.386 394.745 84.991 19.684 21.21 49.896 2545.929 2502.747 2113.8 1739.197 1385.04 1022.644 666.351 162.048 9.155 21.362 67.902 7.935 -332.031 -677.185 -1015.625 -1358.032 -1697.998 -2037.659 -2374.573 -2698.364 407.562 708.923 415.344 59.204 6.409 -347.137 -702.515 572 585 893 29.2 31.76 65 13 2408 1 034
6033541 7497 2025/12/25 18:56:26 P18 74 25.32 0 8.24 39.46 970.38 964.05 335.693 556.335 3956.757 338.287 513.153 717.773 430.756 29.907 -1.526 75.989 -16.022 224.609 712.433 32.654 613.861 910.034 205.383 415.039 706.177 496.674 -5000 -0.458 -937.347 19.531 -15.869 18.616 290.222 68.665 435.944 843.811 82.703 -1408.844 394.135 84.839 20.599 19.684 50.354 2548.676 2501.678 2107.391 1729.279 1368.713 1003.113 647.43 166.473 10.529 37.079 68.97 5.341 -332.489 -677.032 -1019.135 -1361.389 -1704.254 -2044.983 -2384.644 -2708.435 406.799 711.67 416.26 59.204 5.646 -350.037 -707.703 573 580 893 29.25 31.82 65 12 2408 1 034
6033542 7497 2025/12/25 18:56:27 P18 73.92 25.32 0 8.25 39.46 970.41 964.04 328.979 556.183 3958.13 337.677 513.916 713.806 430.603 -33.569 2.289 90.637 -16.327 223.846 709.686 31.433 613.251 909.729 204.315 416.565 705.109 495.758 -5000 0.61 -933.38 -75.684 -14.648 19.073 290.222 68.512 436.249 844.421 82.092 -1404.572 394.897 83.771 26.245 22.125 49.896 2548.828 2499.847 2114.41 1737.213 1382.141 1021.423 663.3 169.83 8.24 29.907 67.902 5.493 -330.353 -676.27 -1017.456 -1362.915 -1703.033 -2041.473 -2378.082 -2700.043 408.63 711.67 415.039 59.662 6.256 -350.647 -706.177 569 580 893 29.25 31.85 65 12 2408 1 034
6033543 7497 2025/12/25 18:56:28 P18 74 25.36 0 8.13 39.4 970.39 964.03 339.05 558.014 3957.977 339.355 513.916 717.163 430.603 -71.564 22.736 106.812 -15.259 221.71 712.433 30.06 613.708 910.797 204.773 415.344 704.346 494.995 -5000 -2.747 -928.345 69.427 -15.869 18.616 290.833 68.359 435.028 842.438 106.506 -1408.691 394.592 85.602 24.414 25.635 49.896 2548.981 2500.763 2112.885 1740.875 1385.803 1024.628 668.793 168.152 7.019 29.144 67.444 5.188 -334.015 -678.558 -1016.998 -1359.711 -1699.982 -2037.048 -2372.589 -2697.449 406.342 710.144 414.734 60.73 4.883 -344.543 -699.615 558 580 893 29.25 31.73 65 12 2408 1 034
6033544 7497 2025/12/25 18:56:29 P18 73.95 25.33 0 8.32 39.49 970.37 964.06 333.557 555.573 3958.13 339.813 512.695 717.468 430.45 -39.215 -3.662 80.872 -17.09 222.168 711.823 34.485 612.335 911.865 204.468 416.107 703.125 493.317 -5000 5.951 -925.446 72.327 -16.022 19.073 290.222 68.665 434.265 841.522 100.098 -1406.403 393.829 86.06 18.158 21.667 50.201 2543.64 2499.847 2113.953 1741.791 1385.651 1025.391 667.114 166.016 8.545 33.264 66.223 6.104 -334.167 -677.185 -1015.625 -1358.337 -1697.693 -2035.828 -2373.199 -2698.975 407.104 710.602 415.039 60.425 3.51 -348.358 -701.294 558 580 892 29.18 31.78 65 12 2408 1 034
6033545 7497 2025/12/25 18:56:30 P18 73.97 25.27 0 8.25 39.49 970.41 964.04 339.203 557.251 3955.994 337.677 512.543 717.773 429.84 64.85 6.104 82.55 -13.275 221.405 712.128 32.349 612.793 911.255 204.468 415.344 702.82 494.385 -5000 12.36 -928.497 -5.493 -15.564 19.379 290.375 68.054 435.486 839.844 111.847 -1408.844 394.135 86.212 21.973 20.294 49.286 2549.438 2500 2113.037 1737.976 1381.683 1018.372 663.3 166.321 6.256 35.4 66.071 4.883 -333.71 -678.711 -1018.372 -1361.084 -1702.423 -2040.863 -2378.082 -2701.111 406.342 703.583 415.192 59.204 3.967 -341.949 -702.82 569 580 892 29.19 31.76 65 12 2408 1 034
6033546 7497 2025/12/25 18:56:31 P18 73.94 25.34 0 8.17 39.45 970.38 964.05 335.541 555.878 3957.062 337.982 511.475 712.433 430.603 -78.125 -29.755 77.82 -16.937 221.405 711.823 33.875 611.877 910.645 203.094 415.497 702.972 493.317 -5000 11.444 -925.598 77.057 -17.242 18.463 290.222 69.122 434.57 840.149 86.67 -1408.081 393.524 86.517 16.174 15.106 51.422 2543.03 2500.916 2116.852 1744.843 1390.991 1028.442 673.676 169.373 8.392 43.335 68.207 2.136 -330.963 -674.744 -1014.099 -1355.896 -1695.557 -2034.454 -2369.995 -2695.007 406.799 710.907 415.955 64.087 6.561 -347.29 -700.836 561 580 891 29.19 31.76 65 12 2408 1 034
6033547 7497 2025/12/25 18:56:32 P18 73.97 25.3 0 8.24 39.44 970.37 964.05 333.71 556.641 3956.451 336.914 512.848 706.024 430.603 51.727 3.51 76.599 -16.785 220.642 709.686 35.858 611.42 905.609 203.094 415.497 702.057 492.249 -5000 14.496 -924.072 47.15 -14.343 18.616 290.375 67.902 432.892 839.233 78.125 -1409.607 393.066 85.297 16.785 20.599 48.065 2545.929 2500 2114.563 1742.249 1388.702 1024.933 664.978 167.847 5.646 43.182 68.97 3.204 -331.726 -675.201 -1013.489 -1358.032 -1698.151 -2036.896 -2373.81 -2701.111 406.952 708.771 414.124 60.73 3.052 -347.137 -700.378 568 580 891 29.19 31.76 65 12 2408 1 034
6033548 7497 2025/12/25 18:56:33 P18 74.04 25.26 0 8.29 39.47 970.39 964.05 330.505 556.335 3953.247 336.151 511.627 712.891 430.908 28.687 -1.526 87.28 -17.09 222.473 709.381 32.806 610.504 910.645 202.179 414.429 700.684 493.469 -5000 7.172 -923.767 34.637 -15.411 19.379 289.764 67.749 433.502 841.675 77.667 -1412.048 392.456 87.738 18.921 19.531 49.744 2547.455 2500.458 2110.901 1735.382 1380.31 1017.914 662.384 163.574 9.155 48.828 69.122 8.545 -335.846 -680.084 -1018.982 -1363.373 -1702.271 -2040.1 -2375.793 -2701.111 407.257 708.771 416.107 59.357 5.646 -350.494 -705.872 574 580 891 29.2 31.81 65 12 2408 1 034
6033549 7497 2025/12/25 18:56:34 P18 73.98 25.3 0 8.25 39.49 970.41 964.07 335.846 556.03 3955.688 332.794 511.169 715.637 430.45 13.275 1.526 74.768 -16.327 221.405 705.566 37.994 611.115 911.865 201.874 415.039 700.378 492.706 -5000 -0.458 -922.394 29.144 -16.632 18.463 290.375 68.359 433.35 838.165 90.332 -1409.302 392.609 87.738 13.58 24.414 50.507 2543.488 2503.052 2116.547 1743.469 1390.533 1029.358 673.523 168.61 9.155 38.452 67.749 4.73 -330.963 -673.523 -1012.726 -1355.438 -1694.489 -2032.623 -2368.317 -2694.702 409.851 711.517 415.802 63.477 6.866 -346.069 -702.82 560 590 892 29.2 31.86 65 12 2408 1 034
6033550 7497 2025/12/25 18:56:35 P18 73.95 25.27 0 8.2 39.43 970.4 964.05 334.015 557.251 3951.416 335.846 512.543 712.28 430.45 15.564 -10.529 77.667 -14.801 221.405 711.517 33.264 611.877 911.102 202.332 414.581 699.463 492.706 -5000 -7.629 -919.952 -32.806 -15.717 17.395 290.375 68.054 433.197 839.691 119.781 -1409.76 392.151 87.585 18.463 22.278 49.896 2548.981 2502.136 2114.105 1739.655 1381.683 1017.303 659.637 170.593 7.477 40.436 66.681 5.951 -335.236 -680.389 -1019.592 -1362.457 -1701.508 -2041.016 -2379.303 -2704.315 406.952 708.313 415.344 60.425 3.204 -345.459 -702.209 565 595 892 29.23 31.85 65 12 2408 1 034
6033551 7497 2025/12/25 18:56:36 P18 73.94 25.34 0 8.08 39.48 970.39 964.04 330.658 555.573 3953.705 334.778 510.406 715.332 430.603 16.785 -19.989 76.599 -14.648 220.49 710.907 37.079 610.809 912.17 201.111 415.039 697.784 491.486 -5000 -1.831 -915.07 -18.921 -16.632 17.7 290.07 67.902 432.892 839.539 104.218 -1407.318 391.998 85.297 19.379 18.463 50.049 2543.03 2500.61 2109.985 1727.448 1371.613 1004.791 649.567 166.321 8.698 51.88 66.986 7.782 -334.473 -679.321 -1021.423 -1365.509 -1707.001 -2046.967 -2386.322 -2710.114 407.867 707.855 416.412 56.458 3.357 -352.325 -710.144 573 590 892 29.19 31.78 65 12 2408 1 034
6033552 7497 2025/12/25 18:56:37 P18 73.84 25.37 0 8.25 39.42 970.41 964.04 334.015 558.472 3952.179 333.71 511.475 713.959 430.603 70.343 -1.373 89.264 -14.343 219.879 711.212 39.062 610.809 911.255 200.958 414.581 698.547 491.486 -5000 -1.068 -910.187 29.907 -16.174 18.005 289.764 67.749 432.129 836.334 111.237 -1411.133 391.235 85.449 21.667 21.057 50.049 2548.065 2499.39 2118.378 1742.401 1386.414 1026.459 668.335 166.779 7.782 53.101 68.97 3.357 -328.979 -671.997 -1011.353 -1354.218 -1694.641 -2034.302 -2369.69 -2695.923 407.104 712.128 416.26 61.34 6.256 -348.511 -699.921 564 590 892 29.23 31.75 65 12 2408 1 034
6033553 7497 2025/12/25 18:56:38 P18 73.84 25.36 0 8.25 39.49 970.38 964.04 330.658 555.267 3950.958 335.999 510.406 713.959 430.45 53.558 -16.174 86.212 -15.564 221.71 704.651 38.605 610.352 912.476 200.653 415.039 697.632 491.486 -5000 -3.357 -909.882 -18.768 -16.937 17.853 289.307 67.749 433.502 836.487 103.912 -1404.877 391.083 85.602 19.379 14.343 51.27 2542.267 2500.916 2112.122 1737.366 1379.242 1013.489 655.975 166.931 5.493 35.248 66.833 4.883 -335.083 -679.626 -1019.287 -1362.305 -1702.271 -2042.236 -2380.219 -2704.62 405.426 708.16 415.955 57.373 4.272 -351.868 -706.635 568 590 892 29.19 31.86 65 12 2408 1 034
6033554 7497 2025/12/25 18:56:39 P18 73.91 25.3 0 8.13 39.43 970.44 964.08 332.947 555.115 3951.416 335.083 511.169 715.485 431.061 41.351 -31.128 102.081 -16.479 220.795 709.839 38.605 610.046 911.713 198.822 415.039 697.784 490.875 -5000 8.392 -907.44 71.259 -16.937 19.073 289.001 66.986 431.213 833.893 112 -1409.454 392.151 81.635 22.278 18.005 50.049 2543.945 2500.916 2108.154 1728.668 1372.223 1007.69 653.534 173.187 5.646 26.855 67.596 3.357 -338.593 -683.746 -1024.17 -1367.493 -1708.221 -2046.661 -2384.949 -2708.893 406.342 709.381 415.192 56.915 5.646 -353.241 -710.907 568 590 892 29.2 31.83 65 12 2408 1 034
6033555 7497 2025/12/25 18:56:40 P18 73.89 25.3 0 8.24 39.54 970.41 964.06 331.573 555.42 3950.348 336.609 509.644 714.264 430.756 59.814 -22.583 79.651 -15.564 220.184 708.923 39.673 609.741 912.018 199.585 415.344 697.479 490.57 -5000 19.073 -909.119 25.482 -16.632 19.531 289.459 66.681 431.824 833.435 108.795 -1409.302 391.541 87.738 18.921 13.428 50.507 2541.809 2500.763 2113.647 1738.129 1381.683 1019.592 664.52 170.135 8.698 32.043 67.291 6.866 -334.32 -678.711 -1017.456 -1361.237 -1701.05 -2038.574 -2375.183 -2701.569 406.342 708.008 414.429 64.24 3.052 -349.121 -704.498 561 600 891 29.18 31.73 65 12 2408 1 034
6033556 7497 2025/12/25 18:56:41 P18 73.88 25.36 0 8.17 39.43 970.43 964.07 332.336 555.42 3950.195 334.473 510.864 715.027 430.45 9.918 -19.684 62.103 -17.09 220.642 708.008 39.368 610.657 910.95 199.127 414.429 696.411 491.028 -5000 2.594 -904.541 78.888 -16.479 18.005 289.764 66.681 429.993 833.13 107.574 -1409.302 390.472 87.128 21.057 10.681 46.082 2543.335 2501.678 2110.443 1734.772 1376.343 1009.979 653.381 169.83 8.698 30.518 67.749 7.324 -332.489 -678.101 -1018.829 -1362.457 -1702.576 -2042.847 -2380.676 -2705.994 406.189 709.686 415.192 59.509 3.51 -350.037 -706.482 569 600 891 29.22 31.83 65 12 2408 1 034
6033557 7497 2025/12/25 18:56:42 P18 74.01 25.32 0 7.93 39.43 970.38 964.04 333.557 555.878 3948.669 332.794 509.949 712.891 430.603 -12.97 -12.665 80.872 -16.785 219.116 710.297 38.91 609.894 913.391 198.364 414.276 695.496 491.18 -5000 7.019 -908.813 53.101 -16.632 18.005 289.459 68.054 430.45 832.672 98.572 -1406.25 390.778 85.602 24.261 10.071 49.591 2545.471 2500.61 2109.833 1732.025 1376.495 1011.2 654.907 171.509 8.545 36.011 67.596 4.272 -334.473 -678.253 -1020.508 -1364.746 -1705.017 -2045.593 -2382.507 -2706.299 406.799 713.348 414.581 58.136 6.561 -350.342 -708.771 570 600 889 29.22 31.83 65 12 2408 1 034
6033558 7497 2025/12/25 18:56:43 P18 73.98 25.3 0 8.13 39.44 970.41 964.04 334.625 555.42 3947.296 334.778 509.338 712.585 430.603 37.842 -13.275 89.874 -16.937 219.116 711.67 42.725 609.741 911.255 198.975 413.971 695.801 493.164 -5000 2.289 -911.56 8.85 -14.343 19.379 289.307 66.223 430.908 830.841 97.961 -1405.029 390.167 85.297 18.921 14.496 49.438 2548.37 2501.221 2115.021 1737.823 1382.599 1020.66 663.91 170.288 9.918 27.924 68.359 6.409 -334.015 -678.101 -1015.93 -1359.558 -1699.371 -2036.591 -2373.81 -2698.212 406.647 709.229 414.429 59.814 6.561 -338.898 -702.209 572 595 889 29.22 31.87 65 12 2408 1 034
6033559 7497 2025/12/25 18:56:44 P18 73.89 25.32 0 8.18 39.35 970.42 964.04 334.015 555.725 3948.059 332.947 509.338 710.602 430.145 -37.537 8.85 79.193 -16.022 218.964 711.06 41.504 609.436 911.102 196.991 413.361 694.122 491.943 -5000 8.087 -910.645 46.997 -14.648 19.379 289.307 66.528 430.45 833.282 98.877 -1402.283 390.167 84.381 16.937 15.869 50.354 2547.76 2500.305 2111.511 1735.077 1376.19 1008.301 650.787 169.83 5.188 45.776 67.139 4.12 -332.336 -679.321 -1018.677 -1362 -1703.796 -2044.22 -2381.592 -2707.977 405.731 711.212 415.649 58.899 2.899 -351.41 -706.177 573 610 888 29.2 31.84 65 12 2408 1 034
6033560 7497 2025/12/25 18:56:45 P18 73.91 25.3 0 8.29 39.5 970.46 964.04 335.541 555.878 3946.686 333.71 509.491 707.55 430.908 -109.406 0 84.686 -16.937 219.116 709.839 41.962 608.826 911.407 198.059 413.666 693.665 489.807 -5000 9.003 -906.677 38.757 -14.648 17.853 289.307 65.155 429.077 832.367 120.392 -1408.844 389.709 83.618 23.041 17.395 49.133 2545.471 2500.61 2109.375 1732.788 1376.19 1012.115 656.891 163.879 6.714 35.553 67.596 5.035 -334.167 -679.169 -1018.982 -1362.762 -1702.271 -2042.389 -2379.456 -2704.468 405.884 706.94 415.344 55.695 4.578 -351.562 -707.245 564 610 888 29.26 31.83 65 12 2408 1 034
6033561 7497 2025/12/25 18:56:46 P18 73.87 25.27 0 8.17 39.43 970.42 964.06 333.405 554.81 3947.144 330.658 509.033 711.823 430.908 -1.526 -12.054 74.31 -16.327 220.184 709.839 42.419 608.368 912.781 197.449 412.75 691.681 489.96 -5000 -2.594 -905.304 -7.477 -16.479 17.853 289.154 68.054 429.077 832.977 100.25 -1409.912 389.557 84.991 21.82 17.548 50.354 2543.03 2500.61 2113.037 1739.349 1383.972 1022.339 668.488 166.931 9.766 34.637 67.596 5.951 -334.93 -678.864 -1016.541 -1358.337 -1698.914 -2036.896 -2371.521 -2697.144 405.426 705.261 421.448 58.594 6.561 -348.358 -703.735 573 605 888 29.19 31.76 65 12 2408 1 034
6033562 7497 2025/12/25 18:56:47 P18 74.02 25.27 0 8.27 39.42 970.4 964.06 331.879 556.641 3943.024 330.505 509.491 710.449 431.061 -47.607 -13.733 84.381 -14.038 219.269 710.297 38.757 607.91 911.56 197.296 413.361 692.596 489.655 -5000 7.935 -899.048 61.493 -15.564 18.005 289.764 65.918 430.145 832.977 116.425 -1409.912 389.557 85.602 18.005 19.073 50.659 2549.133 2501.984 2112.579 1735.84 1374.207 1009.827 651.398 168.457 7.782 38.452 68.359 6.104 -331.726 -676.88 -1017.303 -1361.237 -1702.423 -2041.626 -2381.439 -2706.146 405.426 708.923 415.649 58.746 3.815 -350.494 -706.635 564 605 888 29.2 31.87 65 12 2408 1 034
6033563 7497 2025/12/25 18:56:48 P18 73.95 25.43 0 8.22 39.52 970.4 964.07 332.794 555.878 3944.702 332.336 510.101 708.466 430.298 28.381 1.373 75.989 -16.022 218.506 707.855 44.861 608.368 911.102 196.533 413.818 691.681 490.112 -5000 5.035 -898.438 -21.21 -15.717 17.548 289.612 66.528 427.856 826.111 84.229 -1410.675 388.947 84.686 23.041 22.888 51.27 2544.861 2502.289 2110.443 1732.635 1377.106 1012.268 657.043 165.863 5.035 30.518 68.665 1.984 -333.252 -679.016 -1019.287 -1362.915 -1703.339 -2042.999 -2381.134 -2704.01 406.189 709.839 416.565 57.22 4.425 -352.02 -708.313 569 605 886 29.22 31.78 65 12 2408 1 034
6033564 7497 2025/12/25 18:56:49 P18 73.89 25.3 0 8.22 39.45 970.44 964.06 330.963 555.42 3940.43 330.353 509.338 706.024 430.298 10.834 -21.362 99.487 -16.785 218.964 707.855 39.062 607.452 908.051 197.296 412.75 690.46 489.197 -5000 -1.526 -902.557 -5.493 -14.648 18.768 289.154 65.765 429.688 833.74 87.28 -1408.691 389.099 85.297 21.362 18.616 49.591 2549.286 2499.847 2112.885 1738.129 1382.904 1019.135 663.452 168.152 8.85 37.994 66.833 5.493 -331.573 -678.101 -1016.541 -1362.152 -1701.508 -2039.337 -2375.946 -2699.432 406.189 707.55 414.734 59.662 5.798 -348.969 -703.583 569 605 886 29.19 31.86 65 12 2408 1 034
6033565 7497 2025/12/25 18:56:50 P18 73.91 25.25 0 8.22 39.39 970.44 964.07 330.505 557.556 3943.176 331.116 509.644 708.618 430.603 0.61 -15.106 66.223 -14.343 217.438 710.907 45.013 607.147 912.018 196.228 413.513 691.223 489.502 -5000 8.698 -897.369 48.676 -15.411 17.7 289.307 66.681 428.467 829.01 109.863 -1410.522 388.489 82.55 18.005 17.395 50.507 2546.539 2500.916 2116.852 1744.537 1392.059 1029.053 671.692 164.337 7.629 33.875 66.833 5.341 -333.862 -678.101 -1015.167 -1358.337 -1696.777 -2034.302 -2370.453 -2695.007 404.968 707.245 413.055 61.035 2.899 -347.443 -698.7 569 615 886 29.18 31.79 65 12 2408 1 034
6033566 7497 2025/12/25 18:56:51 P18 73.94 25.25 0 8.24 39.39 970.43 964.05 332.184 556.03 3934.479 331.879 508.423 708.771 430.298 41.504 -1.068 81.94 -16.022 219.116 709.991 41.962 606.689 911.255 196.381 413.361 690.002 489.044 -5000 2.136 -898.59 12.97 -15.106 19.531 289.459 65.46 428.772 829.468 80.414 -1412.811 388.336 84.839 22.278 24.872 49.896 2547.76 2502.747 2106.934 1728.973 1370.544 1002.96 649.261 169.525 6.409 29.907 70.038 2.747 -334.625 -681 -1021.729 -1364.136 -1705.627 -2044.678 -2380.829 -2704.926 405.731 709.076 415.344 55.084 3.51 -352.631 -710.754 569 615 886 29.22 31.91 65 12 2408 1 034
6033567 7497 2025/12/25 18:56:52 P18 73.87 25.4 0 8.42 39.5 970.43 964.06 332.184 556.183 3942.261 330.2 508.881 711.365 430.756 -27.466 -42.572 86.67 -13.885 217.133 709.839 45.013 606.842 911.865 193.939 412.75 689.087 489.96 -5000 0.763 -893.25 39.673 -15.564 17.242 289.917 66.528 427.856 827.332 89.111 -1406.708 388.184 83.771 20.752 26.398 49.896 2547.455 2500.153 2114.41 1738.434 1384.43 1019.592 664.368 171.204 9.003 49.591 66.833 4.12 -332.642 -677.795 -1016.541 -1360.016 -1700.134 -2039.032 -2375.183 -2698.822 404.816 705.566 416.87 59.357 4.73 -347.9 -693.054 563 610 886 29.15 31.82 65 12 2408 1 034
6033568 7497 2025/12/25 18:56:53 P18 73.97 25.33 0 8.41 39.52 970.42 964.07 332.184 555.573 3938.751 329.742 506.744 704.803 430.756 48.523 13.275 80.566 -16.327 218.658 710.144 44.098 606.079 909.882 193.634 413.208 689.85 488.281 -5000 0.305 -894.012 51.575 -14.801 19.531 289.154 65.002 429.077 827.789 91.095 -1411.133 387.726 83.16 20.752 14.648 50.201 2547.455 2500.916 2117.31 1743.317 1390.381 1027.374 670.929 171.509 2.136 46.997 69.733 2.747 -330.505 -674.744 -1012.573 -1355.133 -1695.099 -2032.928 -2369.232 -2694.244 406.494 709.076 413.666 60.577 6.256 -344.849 -698.395 570 610 887 29.15 31.82 65 12 2408 1 034
6033569 7497 2025/12/25 18:56:54 P18 73.87 25.3 0 8.22 39.44 970.44 964.07 331.573 554.352 3939.667 330.2 508.423 711.212 430.908 -2.441 -13.885 75.531 -16.327 218.353 705.719 44.708 606.842 911.255 195.16 413.666 687.561 487.823 -5000 -8.545 -886.688 11.139 -16.022 17.395 288.544 64.087 426.788 827.026 83.771 -1409.302 388.336 83.16 18.921 22.583 50.507 2543.945 2501.526 2110.138 1728.516 1371.765 1005.859 650.94 170.135 3.662 28.381 68.054 3.815 -334.167 -680.237 -1020.355 -1363.983 -1705.17 -2045.288 -2383.728 -2707.825 405.426 708.923 417.633 56.61 3.662 -351.41 -709.381 573 615 888 29.19 31.94 65 12 2408 1 034
6033570 7497 2025/12/25 18:56:55 P18 73.94 25.27 0 8.24 39.51 970.43 964.07 331.421 554.657 3937.225 330.2 507.507 706.329 430.908 -139.923 -0.763 102.234 -15.411 218.201 710.297 42.572 606.232 910.645 194.702 412.14 687.714 487.976 -5000 -9.308 -888.367 37.689 -14.496 18.311 288.696 64.697 427.551 827.332 110.474 -1406.25 387.421 84.381 16.632 28.992 49.286 2547.607 2500.61 2112.274 1735.84 1381.378 1016.693 660.858 170.593 4.73 25.024 69.275 2.747 -330.658 -675.812 -1015.625 -1360.168 -1699.524 -2039.337 -2375.946 -2700.348 405.579 708.313 414.581 60.577 5.798 -346.527 -702.209 565 615 888 29.22 31.92 65 12 2408 1 034
6033571 7497 2025/12/25 18:56:56 P18 73.92 25.26 0 8.2 39.42 970.42 964.08 335.236 554.962 3937.378 328.827 506.592 708.313 430.45 36.469 -9.155 100.098 -17.09 217.285 709.381 42.114 605.621 912.476 194.244 412.598 687.561 489.655 -5000 -2.136 -889.13 15.411 -16.632 17.548 289.154 66.528 425.568 826.263 104.98 -1409.912 386.505 81.94 21.667 19.226 49.744 2545.929 2499.542 2115.021 1740.417 1386.108 1024.78 668.335 169.067 7.935 14.496 67.291 7.172 -332.184 -678.101 -1017.151 -1360.321 -1699.219 -2038.116 -2374.115 -2697.906 405.273 711.67 415.497 60.272 6.104 -350.342 -705.414 573 615 889 29.18 31.89 65 12 2408 1 034
6033572 7497 2025/12/25 18:56:57 P18 73.95 25.33 0 8.19 39.48 970.42 964.05 335.083 555.42 3934.937 328.827 506.287 706.482 430.603 -89.722 18.768 73.547 -16.479 216.827 709.076 42.267 606.384 912.781 193.481 412.445 687.256 489.655 -5000 4.883 -886.688 47.76 -15.717 17.853 286.713 65.613 426.025 827.789 113.22 -1411.896 386.505 81.177 19.226 26.855 49.591 2546.844 2499.847 2117.92 1744.995 1388.855 1028.137 670.776 169.983 8.85 30.823 67.596 8.087 -330.2 -673.37 -1011.505 -1354.828 -1694.183 -2032.318 -2367.096 -2694.244 405.273 706.787 415.344 62.256 5.035 -345.917 -698.853 573 610 889 29.2 31.79 65 12 2408 1 034
6033573 7497 2025/12/25 18:56:58 P18 74.01 25.25 0 8.22 39.37 970.44 964.08 329.437 555.267 3934.784 328.979 506.897 708.008 431.061 -33.264 -7.324 99.182 -15.564 216.675 709.076 42.114 606.232 912.628 193.481 411.53 686.493 488.739 -5000 4.425 -887.299 69.122 -16.174 18.311 288.391 64.392 426.178 828.247 99.335 -1410.065 386.353 83.618 22.43 18.005 48.676 2546.539 2501.068 2109.985 1732.178 1375.58 1009.674 653.839 167.389 6.256 37.994 70.038 4.578 -336.761 -681.61 -1022.034 -1365.356 -1706.238 -2045.288 -2383.575 -2706.146 405.884 702.667 414.886 57.526 3.204 -350.8 -708.16 569 610 890 29.19 31.79 65 12 2408 1 034
6033574 7497 2025/12/25 18:56:59 P18 73.94 25.3 0 8.19 39.5 970.4 964.05 331.421 555.878 3934.631 328.369 506.897 700.684 431.061 -81.482 -50.354 91.705 -13.885 216.675 710.602 44.25 605.621 913.086 192.566 411.682 684.967 487.671 -5000 -0.458 -885.773 52.49 -16.174 18.311 288.391 63.477 425.873 823.059 86.212 -1412.201 386.658 81.787 20.294 21.515 49.896 2548.065 2502.747 2112.579 1736.603 1380.92 1018.829 663.452 170.746 1.984 35.706 69.733 7.019 -332.489 -677.948 -1016.846 -1360.168 -1699.829 -2038.574 -2373.657 -2699.738 405.579 709.229 414.429 61.951 6.104 -348.663 -702.82 559 615 891 29.23 31.8 65 12 2408 1 034
6033575 7497 2025/12/25 18:57:00 P18 74.04 25.32 0 8.25 39.42 970.39 964.07 328.827 555.42 3934.937 326.691 505.676 706.94 430.908 -115.814 -39.673 86.212 -14.954 218.048 701.294 44.403 604.553 913.239 192.413 412.14 684.509 486.755 -5000 13.733 -884.094 64.24 -16.937 17.548 288.391 65.918 427.246 825.195 86.67 -1409.912 385.59 82.397 21.82 20.447 49.591 2541.962 2501.526 2115.479 1741.028 1387.329 1026.154 670.929 171.661 4.883 42.267 67.902 3.204 -333.099 -677.032 -1015.015 -1357.727 -1696.167 -2033.691 -2369.69 -2694.702 404.968 708.618 415.039 59.662 3.967 -346.68 -699.921 559 615 891 29.22 31.87 65 12 2408 1 034
6033576 7497 2025/12/25 18:57:01 P18 73.97 25.26 0 8.12 39.53 970.42 964.08 333.405 554.352 3933.716 327.759 505.829 709.381 430.45 88.348 -4.73 86.365 -16.632 216.217 708.313 44.25 604.553 911.713 192.261 411.377 684.509 487.823 -5000 10.223 -880.89 -19.836 -16.479 18.005 288.086 64.545 425.568 825.5 102.997 -1414.49 386.353 82.397 20.905 18.311 48.981 2546.234 2501.678 2109.375 1730.347 1373.596 1006.165 649.109 171.814 5.341 60.577 67.596 2.899 -333.252 -678.558 -1019.592 -1363.068 -1704.712 -2044.525 -2382.812 -2709.045 403.9 706.482 414.124 57.068 2.441 -348.816 -707.703 572 615 891 29.23 31.89 65 12 2408 1 034
6033577 7497 2025/12/25 18:57:02 P18 73.97 25.27 0 8.12 39.44 970.43 964.06 330.811 556.03 3932.495 326.843 506.287 703.735 430.603 25.787 -7.782 98.267 -16.937 215.454 706.177 44.25 603.79 912.476 192.261 411.987 683.289 487.061 -5000 6.561 -877.228 33.875 -15.869 17.395 289.154 64.24 424.805 823.822 95.978 -1409.302 385.284 80.872 21.973 17.395 50.049 2544.861 2501.678 2112.579 1735.992 1379.395 1014.862 659.332 171.661 4.883 50.354 67.902 1.678 -335.083 -680.389 -1019.897 -1362.762 -1703.033 -2042.084 -2379.761 -2704.62 404.51 709.076 415.802 58.136 5.035 -350.952 -715.637 563 615 892 29.19 31.89 65 12 2408 1 034
6033578 7497 2025/12/25 18:57:03 P18 73.97 25.27 0 8.34 39.47 970.41 964.06 338.593 555.725 3930.206 325.775 505.066 707.397 430.908 39.825 -6.409 88.501 -15.564 216.37 707.092 43.03 603.79 912.628 191.65 410.767 683.594 487.366 -5000 7.019 -878.754 7.629 -15.564 18.158 288.086 64.697 423.126 824.432 86.67 -1410.828 385.437 82.703 27.313 16.327 49.438 2542.572 2502.747 2113.495 1739.044 1384.277 1020.203 665.741 168.152 6.409 32.959 67.749 7.629 -335.693 -681.763 -1021.271 -1363.678 -1703.033 -2041.473 -2379.15 -2702.179 404.51 712.28 417.633 59.509 3.967 -343.323 -701.599 569 610 892 29.19 31.89 65 12 2408 1 034
6033579 7497 2025/12/25 18:57:04 P18 73.89 25.36 0 8.44 39.45 970.44 964.06 331.268 553.894 3930.817 326.08 506.134 702.209 430.45 17.853 17.853 103.455 -16.937 215.912 707.092 45.624 603.943 909.882 191.193 413.055 682.526 485.535 -5000 10.223 -876.465 -85.449 -16.327 17.548 287.933 64.392 424.5 824.127 84.991 -1411.591 385.132 82.855 21.82 17.395 49.744 2544.098 2501.526 2113.8 1742.401 1388.245 1026.611 671.692 171.051 8.85 25.024 69.427 6.561 -332.336 -675.659 -1014.252 -1356.812 -1695.709 -2034.607 -2369.995 -2695.16 404.205 706.482 416.565 60.425 5.493 -348.053 -701.447 573 615 892 29.23 31.88 65 12 2408 1 034
6033580 7497 2025/12/25 18:57:05 P18 73.89 25.32 0 8.35 39.59 970.44 964.07 333.557 554.199 3931.122 326.996 504.303 708.466 430.603 -113.525 -7.629 90.485 -16.785 216.522 708.923 46.387 604.248 913.391 191.04 411.224 683.594 485.84 -5000 4.578 -884.399 -9.003 -16.632 18.158 288.086 65.46 423.737 823.212 88.959 -1409.912 385.132 81.787 19.836 14.801 50.201 2543.64 2501.373 2107.239 1729.431 1370.239 1004.791 650.024 172.729 5.798 38.757 68.97 2.289 -333.862 -679.932 -1020.05 -1364.746 -1706.238 -2045.746 -2384.186 -2707.825 405.579 707.397 414.734 57.678 2.899 -351.41 -706.177 562 615 892 29.22 31.91 65 12 2408 1 034
6033581 7497 2025/12/25 18:57:06 P18 73.95 25.3 0 8.31 39.51 970.45 964.07 330.048 555.42 3929.443 328.217 505.524 703.583 431.519 94.757 -23.193 99.335 -16.785 214.844 706.024 45.929 604.248 911.255 190.735 412.598 681.763 485.687 -5000 6.409 -879.517 6.714 -14.496 17.242 288.239 64.24 422.974 821.991 106.049 -1411.591 384.216 80.261 18.311 14.038 49.896 2545.166 2500.153 2112.885 1733.856 1378.479 1014.404 657.196 171.356 5.493 41.962 66.071 3.357 -335.541 -680.695 -1019.135 -1363.983 -1705.322 -2043.152 -2379.913 -2705.078 404.053 705.261 414.734 58.136 2.594 -350.494 -707.703 565 615 892 29.19 31.92 65 12 2408 1 034
6033582 7497 2025/12/25 18:57:07 P18 73.89 25.36 0 8.27 39.46 970.42 964.08 330.963 556.641 3929.749 327.759 504.761 702.515 430.603 -72.174 -17.242 74.615 -15.717 214.691 708.008 45.013 603.18 911.255 190.735 412.903 679.169 485.382 -5000 6.714 -876.77 1.373 -15.259 18.005 289.001 65.46 424.5 820.77 81.329 -1410.065 384.216 80.261 19.836 14.343 50.812 2545.929 2501.831 2111.816 1737.213 1381.226 1018.066 661.774 172.882 7.935 36.621 69.427 7.629 -331.116 -676.117 -1016.846 -1361.084 -1700.592 -2039.49 -2376.251 -2700.195 405.273 708.008 416.87 59.967 5.035 -349.274 -700.226 573 610 892 29.19 31.95 64 12 2408 1 034
6033583 7497 2025/12/25 18:57:08 P18 73.97 25.32 0 8.24 39.52 970.43 964.08 333.557 554.504 3928.375 327.148 504.608 701.904 430.756 13.885 -31.433 89.569 -15.869 216.217 708.923 44.861 603.79 913.391 189.972 411.072 680.695 486.145 -5000 2.441 -875.549 7.324 -15.564 18.921 287.476 63.477 423.737 821.381 88.806 -1410.98 384.216 82.397 20.294 13.428 47.913 2545.471 2501.984 2115.021 1742.096 1389.313 1026.917 670.166 170.898 5.798 28.229 70.19 3.51 -330.811 -673.676 -1012.421 -1356.964 -1694.794 -2030.64 -2365.875 -2691.193 404.205 709.076 415.344 60.73 6.256 -344.849 -698.09 562 605 893 29.2 31.87 64 12 2408 1 034
6033584 7497 2025/12/25 18:57:09 P18 73.91 25.29 0 8.15 39.61 970.43 964.09 327.911 555.573 3926.544 325.47 503.845 705.109 430.756 -35.553 -35.4 81.177 -14.954 215.149 708.008 47.913 603.027 914.154 189.514 410.919 679.932 485.84 -5000 5.188 -871.124 25.177 -15.411 18.158 288.391 63.782 424.347 822.906 102.234 -1410.217 383.453 80.414 22.736 12.97 50.354 2543.488 2500.916 2109.375 1730.499 1373.138 1007.996 650.33 170.135 7.477 38.3 67.291 5.493 -334.015 -679.779 -1020.508 -1364.136 -1705.017 -2043.915 -2382.355 -2707.672 403.9 705.261 416.107 58.746 4.12 -350.952 -707.55 570 610 893 29.19 31.91 64 12 2408 1 034
6033585 7497 2025/12/25 18:57:10 P18 73.97 25.32 0 8.24 39.47 970.43 964.06 327.148 555.725 3924.408 322.418 504.456 704.346 430.45 54.169 -26.855 104.37 -16.327 214.539 708.008 50.507 602.417 913.849 188.904 410.614 679.932 487.061 -5000 6.256 -870.667 5.798 -16.937 18.158 288.391 64.087 424.347 818.329 89.417 -1409.607 384.064 80.872 20.752 18.311 50.201 2543.488 2499.695 2110.901 1733.856 1375.58 1011.505 656.433 173.187 4.578 21.057 69.275 4.578 -333.405 -679.626 -1019.44 -1363.22 -1703.949 -2040.253 -2378.998 -2702.637 402.222 707.397 414.124 56.763 4.883 -351.868 -706.635 570 610 893 29.2 31.96 64 12 2408 1 034
6033586 7497 2025/12/25 18:57:11 P18 73.94 25.32 0 8.15 39.45 970.44 964.07 334.473 554.199 3924.408 321.655 503.54 703.278 430.756 9.918 -18.616 82.092 -15.564 214.386 709.229 46.692 602.264 913.086 188.904 408.478 679.321 485.687 -5000 -0.458 -871.582 56.61 -15.564 19.073 287.781 63.477 422.363 820.007 112.61 -1408.386 383.148 81.482 21.057 13.428 50.049 2548.981 2500.305 2112.274 1737.823 1381.989 1018.066 664.062 175.934 4.272 29.297 70.038 3.204 -331.879 -677.185 -1016.541 -1360.931 -1701.05 -2038.269 -2375.793 -2700.348 403.442 707.092 413.971 59.662 6.104 -348.358 -704.193 563 610 893 29.18 31.87 64 12 2408 1 034
6033587 7497 2025/12/25 18:57:12 P18 73.95 25.38 0 8.2 39.5 970.42 964.07 331.573 554.504 3925.629 323.181 503.235 704.651 430.298 75.836 -12.665 104.065 -16.937 214.233 703.278 48.981 601.807 912.933 189.056 410.461 678.253 485.687 -5000 2.747 -868.683 45.166 -16.327 17.242 287.933 64.85 422.516 820.007 115.662 -1409.76 383.301 80.872 20.447 14.191 49.286 2544.861 2500.763 2113.19 1738.892 1383.057 1018.372 658.722 178.833 7.019 33.569 69.122 6.104 -331.421 -675.659 -1014.557 -1360.779 -1700.897 -2038.269 -2379.761 -2703.705 404.663 706.482 416.26 61.035 3.815 -348.663 -703.735 570 610 893 29.25 31.96 64 12 2408 1 034
6033588 7497 2025/12/25 18:57:13 P18 73.98 25.3 0 8.24 39.44 970.44 964.08 330.048 555.573 3923.95 325.317 504.761 701.599 430.45 -31.738 -18.921 87.28 -17.09 214.386 706.024 51.422 601.807 912.17 188.446 411.377 678.253 485.84 -5000 -0.153 -866.699 -30.823 -15.106 17.548 287.628 63.171 421.448 813.751 94.757 -1408.997 383.911 80.261 19.379 25.482 51.27 2545.319 2501.373 2109.222 1729.584 1372.375 1004.486 648.499 171.967 8.545 42.267 69.122 8.545 -332.947 -677.185 -1017.914 -1363.068 -1703.949 -2044.067 -2382.66 -2707.214 405.121 707.703 417.023 61.035 4.578 -352.02 -709.381 570 605 894 29.22 31.89 64 12 2408 1 034
6033589 7497 2025/12/25 18:57:14 P18 74 25.27 0 8.29 39.58 970.45 964.08 326.843 554.81 3923.34 324.86 503.235 702.057 430.908 -26.703 12.665 83.313 -15.869 214.691 704.651 48.37 602.417 914.917 188.293 410.919 674.896 484.619 -5000 7.935 -867.767 -23.804 -15.564 18.311 287.323 62.866 422.058 821.533 96.436 -1408.997 382.843 82.703 21.21 14.801 50.659 2543.64 2500.916 2108.917 1732.483 1375.427 1010.895 654.755 177.307 1.678 28.839 69.427 5.188 -330.963 -675.812 -1016.388 -1360.779 -1702.423 -2041.168 -2377.93 -2704.163 403.9 702.515 414.124 57.983 5.341 -350.189 -707.55 570 610 894 29.22 31.89 64 12 2408 1 034
6033590 7497 2025/12/25 18:57:15 P18 74.04 25.27 0 8.42 39.58 970.45 964.06 332.336 555.115 3922.424 323.944 503.54 705.261 431.213 1.831 -17.853 92.926 -17.242 214.081 707.703 50.507 601.044 911.713 187.988 410.614 676.27 485.229 -5000 4.73 -865.936 31.891 -16.327 18.616 290.68 64.087 420.99 818.176 97.961 -1410.37 382.538 80.261 21.82 16.174 50.201 2546.387 2501.221 2112.122 1737.518 1381.683 1019.745 662.994 172.577 4.578 40.131 66.681 8.087 -334.473 -680.695 -1018.219 -1361.084 -1701.66 -2040.405 -2376.404 -2701.874 405.121 707.092 414.581 59.662 4.578 -347.9 -703.735 573 605 894 29.22 31.97 64 12 2408 1 034
6033591 7497 2025/12/25 18:57:16 P18 73.98 25.27 0 8.24 39.38 970.43 964.06 323.792 555.878 3920.898 320.282 503.235 702.82 431.061 83.008 -7.782 76.599 -17.395 215.759 707.397 47.302 601.959 914.307 186.768 409.698 675.659 483.856 -5000 -1.831 -863.495 89.874 -14.343 17.548 287.781 64.545 422.058 821.228 102.539 -1408.081 382.69 79.803 22.278 18.463 50.201 2546.082 2500.458 2113.037 1739.349 1381.989 1016.998 661.621 177.155 3.815 45.471 68.207 4.12 -332.184 -676.575 -1016.541 -1360.321 -1700.287 -2040.405 -2376.862 -2703.247 402.527 705.414 412.14 60.73 4.272 -348.663 -702.667 565 605 895 29.19 31.79 64 12 2408 1 034
6033592 7497 2025/12/25 18:57:17 P18 74.02 25.32 0 8.07 39.5 970.44 964.07 332.031 554.657 3921.509 322.723 502.472 705.414 430.908 -27.161 2.441 85.449 -16.327 213.47 706.787 50.507 600.586 911.713 186.92 409.851 675.354 485.687 -5000 3.51 -864.258 18.616 -16.632 17.242 287.933 64.85 420.837 819.397 133.057 -1408.844 382.08 80.261 18.463 15.259 50.049 2545.471 2500.61 2111.359 1731.415 1373.596 1005.859 648.499 175.934 5.188 32.349 69.427 3.662 -332.336 -677.185 -1017.456 -1362.305 -1704.254 -2043.61 -2382.965 -2707.062 403.748 705.872 414.276 58.289 8.545 -350.8 -707.092 573 605 896 29.2 31.89 64 12 2408 1 034
6033593 7497 2025/12/25 18:57:18 P18 73.95 25.3 0 8.24 39.5 970.42 964.09 329.742 554.047 3921.051 323.029 503.998 702.667 430.45 -21.667 -9.155 84.229 -16.174 215.302 707.092 49.896 601.959 915.527 186.615 410.767 674.438 483.704 -5000 9.918 -862.732 4.73 -13.123 17.7 287.628 63.782 420.532 814.819 114.441 -1406.86 382.385 80.414 20.752 10.986 50.507 2543.488 2501.678 2110.901 1734.314 1378.174 1013.489 657.806 177.307 4.883 33.722 70.343 4.578 -332.642 -679.321 -1018.219 -1360.931 -1702.271 -2040.1 -2378.082 -2702.179 403.442 706.024 414.581 57.068 5.646 -351.562 -707.245 568 605 896 29.19 31.87 64 12 2408 1 034
6033594 7497 2025/12/25 18:57:19 P18 74.05 25.3 0 8.17 39.5 970.43 964.08 328.979 556.03 3917.999 321.198 502.625 697.479 430.603 -21.667 11.139 83.618 -16.327 214.386 705.414 47.15 600.128 912.933 186.157 409.241 675.201 484.314 -5000 12.97 -861.816 14.343 -14.496 17.853 287.933 63.171 422.668 818.329 114.441 -1406.403 382.08 80.109 20.142 20.905 49.896 2548.065 2501.221 2114.868 1740.723 1387.634 1023.712 666.351 179.138 5.188 37.689 70.496 0.916 -329.437 -674.744 -1004.486 -1353.455 -1696.625 -2035.065 -2373.505 -2697.906 405.426 706.329 414.429 62.561 4.425 -345.459 -699.005 570 610 897 29.2 31.86 63 12 2408 1 034
6033595 7497 2025/12/25 18:57:20 P18 74 25.38 0 8.1 39.46 970.46 964.07 329.437 554.81 3917.847 321.96 502.93 693.665 430.756 -17.548 11.902 78.125 -16.479 214.386 706.177 55.237 599.976 913.391 186.92 410.004 673.523 482.941 -5000 12.36 -854.645 28.992 -16.479 17.242 286.865 63.477 419.769 815.582 98.724 -1403.503 381.775 80.872 20.905 25.94 49.591 2543.488 2502.441 2113.037 1738.281 1380.768 1014.862 656.281 177.307 3.357 28.076 66.986 5.188 -333.862 -678.558 -1018.219 -1360.931 -1701.355 -2040.253 -2377.777 -2703.857 403.748 705.566 415.344 58.899 1.984 -346.527 -702.515 562 610 897 29.25 31.88 63 12 2408 1 034
6033596 7497 2025/12/25 18:57:21 P18 74.05 25.29 0 8.12 39.5 965.74 964.07 328.217 555.115 3916.321 326.385 501.862 701.599 430.298 33.875 5.035 72.632 -16.174 213.318 705.566 50.812 600.891 915.68 186.462 410.156 672.76 482.635 -5000 21.973 -853.424 50.659 -15.717 18.616 287.17 62.408 419.312 817.261 93.994 -1402.588 381.927 80.566 20.294 19.226 49.744 2543.488 2501.373 2108.307 1729.431 1370.087 1003.418 647.278 177.002 3.204 28.229 70.038 3.357 -332.336 -678.558 -1018.372 -1363.068 -1705.627 -2044.983 -2382.05 -2707.672 403.9 705.872 413.055 58.441 4.425 -348.663 -707.703 562 605 897 29.19 31.86 63 12 2408 1 034
6033597 7497 2025/12/25 18:57:22 P18 74.05 25.4 0 8.17 39.48 965.76 964.06 326.233 556.335 3916.016 323.486 501.556 697.327 431.061 -86.975 19.073 83.16 -16.327 214.996 705.566 47.76 600.281 915.985 185.547 409.698 672.302 482.635 -5000 10.529 -851.44 84.076 -15.259 17.242 287.018 64.697 420.685 817.719 99.64 -1410.217 380.859 80.261 23.041 16.174 50.659 2544.861 2500.61 2112.122 1735.84 1377.411 1014.252 657.501 176.239 1.526 27.618 68.512 2.441 -333.099 -679.169 -1018.219 -1362 -1702.576 -2041.016 -2378.998 -2702.942 403.595 706.177 413.666 58.594 5.646 -348.206 -705.261 575 605 899 29.25 31.93 63 12 2408 1 034
6033598 7497 2025/12/25 18:57:23 P18 74.12 25.36 0 8.41 39.49 965.72 964.09 332.947 556.183 3909.76 324.707 502.93 700.226 430.603 63.934 -36.163 84.229 -15.106 211.334 707.397 55.084 599.976 915.375 185.089 410.309 671.844 483.551 -5000 9.003 -852.356 5.341 -15.869 19.073 287.17 61.951 419.769 813.904 100.098 -1408.539 380.707 79.346 21.21 19.989 49.744 2547.913 2501.831 2114.41 1739.807 1386.871 1024.17 666.199 171.204 7.324 29.602 69.275 5.798 -332.031 -675.812 -1014.252 -1357.574 -1697.54 -2037.048 -2374.42 -2699.89 401.611 705.109 415.802 62.256 4.73 -345.917 -699.615 563 605 899 29.25 31.91 63 12 2408 1 034
6033599 7497 2025/12/25 18:57:24 P18 74.04 25.29 0 8.25 39.47 965.73 964.07 328.522 555.267 3914.642 323.639 501.709 698.395 430.603 -24.872 -24.567 76.294 -15.106 213.928 707.55 51.575 599.976 914.459 185.089 409.851 672.15 483.093 -5000 17.09 -848.541 16.937 -15.106 18.616 287.323 62.408 420.227 814.056 76.752 -1408.386 380.707 83.466 18.616 19.684 49.438 2547.607 2499.542 2116.241 1738.586 1380.463 1012.115 655.518 175.171 3.204 30.67 69.275 1.984 -331.268 -676.575 -1016.083 -1360.474 -1701.355 -2041.168 -2379.913 -2704.773 404.205 705.414 414.734 59.509 5.646 -346.375 -703.125 572 605 900 29.25 31.91 63 12 2408 1 034
6033600 7497 2025/12/25 18:57:25 P18 74.16 25.32 0 8.22 39.48 965.72 964.07 328.369 555.878 3915.71 324.097 500.946 698.09 430.603 43.03 -19.226 95.978 -17.242 211.945 703.125 53.864 599.06 914.307 184.937 409.698 671.997 483.093 -5000 16.937 -848.083 9.308 -14.648 18.005 287.323 62.103 418.854 815.125 88.348 -1408.539 381.012 79.651 18.005 21.973 49.744 2545.929 2500 2108.612 1728.973 1370.239 1003.723 646.362 174.408 6.256 38.605 67.749 5.798 -335.236 -680.847 -1020.355 -1364.746 -1707.153 -2045.288 -2385.254 -2710.876 405.426 704.956 415.649 57.526 3.357 -351.562 -709.229 573 605 901 29.18 31.89 63 12 2408 1 034
6033601 7497 2025/12/25 18:57:26 P18 74.09 25.3 0 8.25 39.5 965.73 964.06 326.385 554.199 3913.727 322.113 501.709 700.684 430.603 26.55 14.648 82.55 -16.632 212.25 706.177 57.22 599.365 917.053 184.937 409.546 671.082 481.873 -5000 0.458 -851.593 25.177 -17.242 18.616 286.865 61.798 420.227 813.141 90.485 -1409.912 379.944 80.566 18.921 22.736 49.896 2541.504 2500.61 2111.816 1735.687 1380.31 1016.541 659.637 175.781 3.815 32.349 68.207 3.204 -332.642 -677.338 -1017.609 -1361.542 -1701.355 -2040.863 -2376.099 -2700.348 404.205 706.177 414.734 60.12 7.324 -347.29 -701.141 565 600 901 29.2 31.87 63 12 2408 1 034
6033602 7497 2025/12/25 18:57:27 P18 74.09 25.29 0 8.25 39.48 965.74 964.06 327.911 555.725 3912.811 323.944 502.014 701.294 430.908 -19.379 -16.022 75.073 -16.937 213.165 704.346 55.695 599.518 914.612 184.174 409.851 669.861 482.33 -5000 -3.204 -847.778 35.4 -16.327 17.242 286.407 63.629 417.938 811.768 110.474 -1408.691 380.402 81.635 20.599 19.379 50.201 2543.335 2501.831 2115.021 1740.265 1385.803 1024.323 664.368 177.155 8.698 37.842 67.749 5.493 -332.336 -676.727 -1016.083 -1359.863 -1699.066 -2038.574 -2376.556 -2701.111 404.358 706.329 417.786 62.103 4.578 -344.543 -700.073 574 600 901 29.22 31.92 63 12 2408 1 034
6033603 7497 2025/12/25 18:57:28 P18 74.02 25.23 0 8.15 39.49 965.72 964.09 329.132 556.335 3913.727 322.266 501.862 702.057 430.298 32.349 -19.836 77.82 -16.937 212.25 707.397 55.237 597.229 915.833 184.021 408.936 669.708 483.551 -5000 13.123 -847.931 93.842 -16.632 17.09 286.865 64.087 418.243 814.209 103.76 -1408.539 380.554 78.888 24.109 17.7 50.812 2545.013 2502.289 2112.427 1736.908 1378.632 1014.404 657.654 174.561 6.409 49.133 69.122 7.324 -331.726 -675.659 -1015.625 -1359.558 -1699.829 -2039.948 -2377.93 -2704.62 403.9 705.109 416.26 59.357 5.493 -350.342 -706.329 573 600 901 29.19 31.95 63 12 2408 1 034
6033604 7497 2025/12/25 18:57:29 P18 74.14 25.29 0 8.29 39.52 965.72 964.07 330.353 554.81 3910.37 325.012 501.404 700.836 431.519 33.264 -28.687 67.444 -16.022 212.402 708.313 55.695 599.365 915.833 183.868 409.088 668.793 484.467 -5000 13.428 -842.896 12.817 -15.869 18.616 286.407 61.493 418.549 808.411 105.286 -1409.302 380.554 79.956 17.09 17.7 50.201 2548.981 2500.763 2107.697 1727.753 1370.239 1004.639 649.109 172.119 4.578 56.61 66.833 4.73 -337.067 -682.983 -1023.102 -1366.73 -1707.458 -2046.509 -2385.406 -2709.808 403.595 704.803 414.734 57.373 4.12 -348.358 -708.771 571 605 900 29.2 31.86 63 12 2408 1 034
6033605 7497 2025/12/25 18:57:30 P18 74.12 25.26 0 8.24 39.44 965.75 964.08 325.012 554.352 3910.217 324.249 500.946 699.158 431.061 -44.708 -39.978 71.716 -15.564 213.318 706.024 58.441 599.213 916.595 183.716 409.393 668.182 480.957 -5000 21.362 -844.116 52.032 -15.717 17.853 287.018 62.714 419.769 810.852 107.117 -1408.386 380.249 78.583 23.499 14.191 50.201 2542.267 2502.136 2119.904 1746.826 1393.28 1031.494 675.201 178.986 4.578 33.569 68.054 3.204 -332.489 -675.354 -1012.726 -1355.591 -1694.641 -2032.318 -2367.706 -2693.481 403.137 704.346 415.649 61.188 4.578 -337.372 -692.444 569 600 900 29.22 31.83 63 12 2408 1 034
6033606 7497 2025/12/25 18:57:31 P18 74.09 25.34 0 8.32 39.62 965.72 964.06 326.08 555.573 3911.133 320.435 500.946 694.733 431.061 -3.357 -13.428 77.667 -16.022 211.639 702.82 58.289 598.907 914.917 183.563 409.546 667.572 481.262 -5000 7.019 -845.337 -29.602 -15.106 17.548 287.17 62.866 418.243 810.547 106.659 -1408.539 379.639 78.43 20.294 21.362 49.591 2546.082 2500.916 2115.479 1742.096 1384.583 1021.729 665.131 171.356 7.477 40.436 68.054 7.782 -330.658 -674.896 -1014.252 -1359.558 -1698.608 -2037.811 -2375.793 -2700.958 402.222 703.43 415.802 61.035 4.73 -348.816 -701.904 569 600 900 29.19 31.97 63 12 2408 1 034
6033607 7497 2025/12/25 18:57:32 P18 74.14 25.34 0 8.26 39.5 965.75 964.06 328.522 555.573 3909.149 318.146 500.183 697.937 430.603 9.46 -0.916 74.463 -15.259 211.792 705.261 56.152 598.145 912.933 182.648 408.173 667.877 483.246 -5000 8.392 -841.827 -2.594 -15.869 16.785 286.255 63.629 417.48 813.904 91.858 -1407.623 378.876 77.667 22.43 19.836 50.659 2546.692 2501.678 2111.969 1735.535 1375.58 1009.064 651.245 174.408 8.545 26.55 67.444 6.104 -332.184 -676.117 -1017.761 -1361.542 -1702.576 -2042.542 -2381.287 -2707.214 407.104 704.346 416.107 60.12 5.493 -352.173 -708.008 571 600 900 29.26 31.94 63 12 2408 1 034
6033608 7497 2025/12/25 18:57:33 P18 74.06 25.25 0 8.22 39.57 965.74 964.08 326.233 555.725 3908.539 319.977 499.573 697.327 431.061 84.839 -11.292 81.482 -16.632 211.639 706.787 59.509 597.839 914.917 182.648 408.478 668.488 482.941 -5000 -0.916 -842.743 -37.231 -15.411 18.005 286.865 62.714 418.549 812.531 90.942 -1406.25 379.181 78.125 18.921 17.7 49.896 2546.539 2501.068 2110.901 1729.889 1371.307 1005.402 649.261 174.561 7.477 36.316 68.665 6.561 -334.167 -679.779 -1020.813 -1365.509 -1706.085 -2046.051 -2385.101 -2707.825 404.663 706.635 417.023 59.204 4.883 -351.41 -708.923 559 600 899 29.23 32.01 63 12 2408 1 034
6033609 7497 2025/12/25 18:57:34 P18 74.08 25.22 0 8.26 39.43 965.76 964.07 326.843 555.573 3902.283 321.96 499.573 697.479 430.45 0.153 -24.719 104.828 -14.648 212.708 705.261 54.016 597.687 916.443 182.19 408.02 665.894 482.483 -5000 1.984 -840.759 16.327 -16.632 17.853 285.034 61.798 417.175 812.531 106.812 -1408.386 378.876 79.498 18.463 18.311 50.201 2545.776 2499.847 2118.988 1745.758 1392.212 1029.053 671.844 180.969 4.883 40.436 68.817 5.035 -332.642 -675.812 -1013.489 -1355.896 -1695.099 -2033.081 -2368.164 -2694.702 403.137 703.735 416.87 64.85 1.221 -341.187 -694.58 570 600 899 29.22 31.96 63 12 2408 1 034
6033610 7497 2025/12/25 18:57:35 P18 74.08 25.27 0 8.15 39.51 965.75 964.07 327.911 554.504 3907.166 318.909 499.42 698.242 430.45 37.537 -10.071 102.692 -16.785 211.334 705.872 59.814 597.687 912.628 182.037 408.02 666.046 480.804 -5000 -1.068 -836.487 57.068 -16.632 18.005 286.407 62.408 416.565 810.852 96.13 -1410.98 379.181 78.125 18.616 24.261 50.049 2542.725 2501.984 2113.037 1739.349 1384.125 1019.897 661.926 178.986 5.493 45.166 67.444 6.409 -330.505 -673.523 -1013.336 -1357.88 -1697.235 -2036.896 -2375.336 -2701.111 401.611 702.515 415.344 60.577 4.272 -348.206 -703.125 561 595 898 29.22 31.96 63 12 2408 1 034
6033611 7497 2025/12/25 18:57:36 P18 74.12 25.34 0 8.26 39.55 965.71 964.07 328.064 555.267 3907.166 318.146 500.488 697.327 430.603 -5.951 -12.512 79.803 -16.174 210.419 705.719 62.256 597.229 916.901 182.037 407.715 664.978 483.398 -5000 5.188 -836.639 90.942 -15.564 17.242 286.56 62.714 417.023 807.953 118.103 -1408.081 378.265 76.752 15.869 19.836 51.27 2546.844 2501.984 2110.901 1733.551 1374.817 1008.759 652.008 180.817 4.578 53.253 65.613 4.272 -334.93 -680.542 -1019.44 -1363.678 -1703.796 -2044.525 -2383.423 -2708.588 403.29 705.872 416.107 59.814 4.73 -349.274 -705.414 563 595 898 29.22 31.96 63 12 2408 1 034
6033612 7497 2025/12/25 18:57:37 P18 74.11 25.26 0 8.42 39.44 965.71 964.07 325.317 556.946 3905.792 318.146 500.183 693.207 430.603 -70.343 -6.866 91.248 -15.106 210.266 702.057 60.272 596.466 915.222 182.037 408.936 665.436 480.347 -5000 1.831 -836.792 37.689 -14.343 17.09 286.255 62.103 418.091 809.021 89.874 -1408.844 377.045 78.125 19.379 17.09 50.354 2545.929 2501.984 2115.784 1743.469 1390.076 1026.459 671.844 177.917 6.256 25.177 68.054 7.477 -334.93 -677.032 -1015.472 -1358.032 -1699.219 -2036.896 -2370.758 -2696.075 404.053 703.583 415.955 61.646 2.441 -346.68 -701.904 576 595 899 29.22 31.91 63 12 2408 1 034
6033613 7497 2025/12/25 18:57:38 P18 74.16 25.34 0 8.13 39.52 965.73 964.08 322.266 554.352 3903.046 320.129 498.81 695.801 430.45 -48.676 -47.15 81.329 -15.717 210.266 705.566 59.052 597.229 917.816 181.885 409.088 664.062 479.889 -5000 2.899 -839.386 34.18 -14.496 19.073 286.407 62.103 416.412 810.699 124.054 -1409.607 377.35 79.193 18.616 15.564 49.744 2545.166 2500.763 2116.699 1742.401 1388.55 1026.306 669.556 185.394 4.272 36.774 68.97 3.052 -333.405 -676.27 -1013.336 -1356.201 -1695.862 -2034.912 -2371.368 -2695.923 404.053 705.872 415.344 63.019 2.747 -343.475 -698.395 574 595 899 29.25 31.88 63 12 2408 1 034
6033614 7497 2025/12/25 18:57:39 P18 74.14 25.25 0 8.09 39.57 965.73 964.09 327.454 556.793 3903.198 321.808 499.878 685.425 430.756 -23.956 -28.381 61.646 -15.564 212.097 705.719 56.61 596.313 916.443 180.664 407.867 663.605 479.736 -5000 3.204 -834.961 24.567 -16.174 17.548 286.865 61.493 417.48 809.021 92.926 -1407.776 377.96 79.041 18.768 19.989 50.049 2549.133 2501.526 2114.563 1740.723 1382.751 1018.829 660.095 176.392 7.324 25.33 68.207 5.798 -330.048 -674.133 -1015.167 -1358.185 -1698.914 -2038.269 -2376.556 -2701.874 401.917 704.041 415.649 61.646 6.714 -348.358 -705.414 557 595 901 29.22 31.86 63 12 2408 1 034
6033615 7497 2025/12/25 18:57:40 P18 74.19 25.25 0 8.2 39.57 965.73 964.08 326.691 555.42 3903.351 321.35 498.657 698.853 430.298 101.013 -30.975 66.376 -16.937 210.876 706.329 57.831 596.466 917.816 180.359 408.325 663.605 481.72 -5000 -11.139 -832.672 35.858 -16.327 17.395 286.255 62.714 415.802 808.411 110.016 -1406.097 375.671 79.041 21.362 18.616 49.591 2546.692 2501.984 2110.443 1733.551 1371.46 1006.622 649.719 176.239 7.935 24.872 66.528 8.087 -335.541 -680.237 -1021.423 -1365.662 -1706.696 -2045.898 -2384.949 -2710.266 402.527 704.498 416.26 59.509 5.646 -345.917 -704.346 571 595 901 29.18 31.91 63 12 2408 1 034
6033616 7497 2025/12/25 18:57:41 P18 74.12 25.23 0 8.26 39.53 965.73 964.06 325.47 555.573 3901.52 321.655 498.81 690.308 430.45 -12.512 -54.474 74.921 -15.717 210.266 706.482 62.714 595.703 915.985 180.969 408.783 663.605 480.347 -5000 -0.763 -828.857 61.34 -14.343 17.853 287.323 61.188 417.023 807.037 106.201 -1408.997 377.045 77.667 16.327 18.158 50.507 2545.929 2501.831 2116.394 1745.453 1390.839 1029.51 672.76 180.359 5.341 35.4 68.817 2.594 -332.947 -677.032 -1013.947 -1357.269 -1696.167 -2034.454 -2369.537 -2693.329 402.985 704.956 411.987 62.866 3.51 -345.306 -698.547 563 595 901 29.2 31.99 63 12 2408 1 034
6033617 7497 2025/12/25 18:57:42 P18 74.11 25.36 0 8.17 39.55 965.7 964.08 323.792 556.03 3900.909 320.435 498.505 692.444 431.061 35.248 -35.858 53.711 -14.954 212.097 706.024 60.272 595.856 916.901 180.054 408.173 662.842 479.584 -5000 0.61 -833.13 12.97 -15.411 17.242 286.407 61.798 417.48 805.969 94.147 -1410.217 377.35 78.583 22.583 18.616 50.507 2547.302 2501.526 2115.784 1743.774 1387.482 1025.391 669.708 176.392 5.493 31.738 68.359 7.782 -336.304 -678.101 -1017.151 -1359.253 -1698.456 -2036.591 -2372.284 -2699.28 401.611 701.904 415.802 62.866 1.984 -345.306 -701.904 563 590 901 29.23 31.98 63 12 2408 1 034
6033618 7497 2025/12/25 18:57:43 P18 74.18 25.3 0 8.07 39.54 965.75 964.06 328.064 555.573 3895.569 317.993 498.81 696.106 430.45 -9.155 -22.125 54.016 -15.717 208.74 706.482 60.73 595.856 917.969 179.749 407.562 661.621 480.042 -5000 5.798 -830.078 56 -15.717 19.226 287.17 60.883 414.581 806.885 95.367 -1408.691 377.35 77.667 19.684 18.311 49.896 2547.607 2502.289 2112.427 1737.213 1378.937 1015.015 656.128 179.443 5.798 39.062 69.122 4.73 -335.846 -677.948 -1016.235 -1359.1 -1700.134 -2039.032 -2377.625 -2703.4 402.527 704.651 414.429 62.714 4.578 -344.696 -699.921 570 590 901 29.19 31.87 63 12 2408 1 034
6033619 7497 2025/12/25 18:57:44 P18 74.15 25.27 0 8.19 39.49 965.73 964.09 327.454 555.725 3900.452 319.214 498.657 694.427 430.603 91.553 -12.054 54.321 -16.022 210.266 707.703 60.883 596.161 915.68 179.291 407.41 660.858 480.499 -5000 0.305 -830.688 -18.005 -15.564 16.785 286.407 62.561 413.971 807.343 104.98 -1407.776 376.74 78.125 19.531 9.613 49.896 2547.15 2499.695 2113.8 1738.434 1382.599 1021.271 665.131 177.765 14.343 41.046 66.223 7.172 -333.71 -677.338 -1016.846 -1360.016 -1699.829 -2038.574 -2378.54 -2700.5 403.29 702.82 417.023 61.035 4.12 -349.579 -705.414 563 590 901 29.2 31.97 63 12 2408 1 034
6033620 7497 2025/12/25 18:57:45 P18 74.16 25.34 0 8.36 39.55 965.72 964.06 322.418 555.725 3899.231 321.045 497.894 694.58 430.908 -6.409 -4.12 103.912 -14.801 209.961 702.82 60.12 595.093 918.121 179.749 407.257 660.4 479.584 -5000 -1.526 -831.909 72.327 -16.022 17.395 287.476 60.883 414.734 808.105 102.692 -1408.081 376.587 79.651 19.989 14.496 49.591 2543.03 2501.373 2116.699 1745.453 1391.144 1027.069 672.302 178.223 7.782 37.537 68.054 5.188 -330.963 -675.201 -1013.947 -1356.812 -1696.014 -2033.997 -2368.622 -2694.244 403.748 707.397 417.48 61.34 7.935 -348.663 -701.752 570 580 901 29.2 31.97 63 12 2408 1 034
6033621 7497 2025/12/25 18:57:46 P18 74.26 25.23 0 8.19 39.46 965.72 964.07 321.655 556.183 3898.315 321.503 497.284 697.937 430.298 -83.008 -21.057 68.207 -16.174 209.961 704.651 62.714 595.398 919.189 178.833 407.562 660.706 478.516 -5000 8.24 -832.977 26.398 -15.564 18.463 286.102 61.646 413.971 808.411 81.177 -1409.149 377.197 79.498 19.836 20.752 50.812 2543.335 2501.678 2116.089 1741.333 1385.651 1024.323 666.046 175.476 8.85 47.455 68.207 6.104 -328.827 -673.523 -1011.963 -1356.354 -1696.472 -2034.149 -2372.894 -2697.906 402.832 702.057 416.87 62.714 3.662 -346.527 -703.278 576 580 901 29.22 31.92 63 12 2408 1 034
6033622 7497 2025/12/25 18:57:47 P18 74.15 25.34 0 8.22 39.47 965.74 964.07 324.554 556.03 3896.179 319.977 498.047 691.528 430.908 -125.427 15.564 66.833 -15.869 211.334 705.566 62.103 594.94 916.901 178.375 407.715 660.095 478.21 -5000 6.104 -831.757 28.076 -14.343 17.7 286.713 60.425 415.802 803.986 90.485 -1407.471 376.587 78.278 24.261 19.379 50.659 2547.607 2500.916 2112.427 1737.823 1380.92 1013.947 656.891 175.629 4.12 35.4 68.817 4.272 -332.184 -676.27 -1015.625 -1360.321 -1701.202 -2039.948 -2378.998 -2703.857 406.647 703.278 415.802 60.73 6.104 -346.985 -701.599 566 580 900 29.22 31.94 63 12 2408 1 034
6033623 7497 2025/12/25 18:57:48 P18 74.12 25.27 0 8.29 39.5 965.73 964.08 321.96 555.42 3894.958 319.061 497.284 693.97 430.298 -46.234 15.106 75.531 -15.106 210.266 704.193 59.357 595.398 917.969 179.443 407.257 658.569 480.194 -5000 3.204 -826.721 59.052 -15.564 17.853 284.882 60.73 414.124 806.732 102.234 -1407.166 375.671 80.719 19.836 18.616 49.896 2546.692 2500.458 2113.037 1738.586 1383.209 1020.813 665.741 178.528 4.12 28.076 68.665 4.883 -335.083 -679.321 -1017.303 -1360.626 -1701.05 -2039.337 -2375.641 -2699.432 402.069 704.498 415.649 59.814 2.136 -347.29 -702.82 574 580 900 29.18 31.95 63 12 2408 1 034
6033624 7497 2025/12/25 18:57:49 P18 74.22 25.33 0 8.36 39.55 965.71 964.1 323.944 555.42 3895.874 316.62 498.657 689.697 430.298 13.275 -0.153 86.365 -14.801 208.893 705.109 66.223 595.093 917.053 178.223 407.867 658.722 478.21 -5000 3.967 -826.721 16.785 -14.496 17.242 286.255 61.951 414.429 803.68 106.354 -1408.539 375.519 78.888 21.21 18.921 50.201 2546.387 2500.763 2117.92 1744.385 1390.228 1029.053 670.776 181.732 1.678 36.316 69.58 3.662 -331.268 -673.676 -1011.81 -1353.76 -1693.726 -2032.318 -2367.401 -2692.566 403.748 704.651 414.429 62.561 4.578 -345.612 -698.547 558 575 900 29.22 31.86 63 12 2408 1 034
6033625 7497 2025/12/25 18:57:50 P18 74.15 25.26 0 8.19 39.46 965.76 964.08 323.029 555.42 3892.822 314.636 496.521 690.46 430.145 59.509 -0.916 83.466 -16.632 209.045 703.888 65.46 594.33 917.816 178.375 406.799 659.18 478.516 -5000 2.441 -820.312 57.526 -14.801 17.242 285.645 61.188 412.445 804.596 86.823 -1408.691 375.366 78.43 23.193 15.564 49.591 2545.929 2498.779 2114.868 1740.875 1385.956 1023.865 665.283 179.749 6.561 30.823 69.122 4.425 -330.2 -674.133 -1014.099 -1357.269 -1696.625 -2035.065 -2372.742 -2699.28 403.442 706.329 417.633 61.34 6.104 -343.323 -698.242 571 575 899 29.2 31.94 63 12 2408 1 034
6033626 7497 2025/12/25 18:57:51 P18 74.26 25.34 0 8.22 39.5 965.74 964.11 322.571 555.878 3894.043 317.383 496.674 694.733 430.908 -23.041 -9.003 73.242 -16.632 209.503 705.566 65.308 594.025 916.748 177.765 406.494 658.112 477.905 -5000 -3.967 -819.244 -30.975 -14.648 18.005 285.95 61.798 412.14 802.46 81.177 -1410.065 375.366 80.414 21.82 7.019 49.591 2542.877 2501.678 2112.885 1737.823 1381.073 1018.372 664.062 178.07 7.935 25.482 67.444 6.561 -331.573 -677.795 -1018.677 -1361.389 -1700.897 -2040.1 -2375.946 -2699.738 402.374 703.43 415.649 61.493 5.188 -348.511 -704.651 564 575 899 29.2 31.91 63 12 2408 1 034
6033627 7497 2025/12/25 18:57:52 P18 74.26 25.26 0 8.22 39.62 965.74 964.11 322.876 554.962 3892.517 317.688 497.131 695.343 430.45 -13.428 -29.907 76.141 -16.479 209.045 703.278 64.24 594.025 917.664 177.46 407.257 658.569 478.363 -5000 4.883 -816.498 15.869 -16.937 17.09 285.797 61.188 412.445 803.223 100.861 -1410.828 375.061 81.787 20.294 8.087 50.201 2543.793 2500.153 2113.495 1741.18 1386.566 1025.391 669.861 178.833 6.561 23.499 68.817 4.578 -331.116 -675.507 -1013.641 -1357.269 -1696.167 -2033.386 -2370.3 -2695.312 402.832 703.43 416.26 60.12 5.188 -350.647 -704.956 564 575 899 29.22 31.94 63 12 2408 1 034
6033628 7497 2025/12/25 18:57:53 P18 74.21 25.29 0 8.24 39.55 965.74 964.08 325.47 555.267 3893.127 316.01 496.216 693.665 430.756 8.087 -6.104 81.787 -16.632 208.588 699.615 65.155 593.414 917.969 177.46 407.715 657.654 479.584 -5000 1.526 -816.345 10.986 -17.09 17.548 285.797 61.188 412.598 803.375 94.757 -1411.743 374.908 79.346 22.43 13.428 49.133 2545.471 2500.305 2116.241 1745.453 1391.449 1029.663 671.997 180.969 3.51 37.231 69.58 6.561 -327.301 -675.659 -1015.778 -1358.185 -1697.693 -2035.522 -2370.758 -2696.838 401.459 707.703 415.344 61.493 2.594 -346.069 -698.853 571 580 898 29.23 31.98 63 12 2408 1 034
6033629 7497 2025/12/25 18:57:54 P18 74.12 25.33 0 8.29 39.56 965.75 964.06 323.029 556.03 3892.67 310.516 498.047 691.681 431.061 -45.624 0.916 77.057 -16.785 208.74 698.395 65.46 593.872 917.969 177.46 407.104 656.281 477.448 -5000 -3.662 -815.277 -1.068 -15.259 17.09 285.645 60.577 411.987 801.086 95.367 -1409.912 374.908 78.583 25.024 15.106 49.438 2546.082 2501.526 2114.868 1740.57 1384.735 1020.203 661.621 177.917 5.341 37.537 67.596 6.409 -334.93 -678.406 -1015.778 -1358.795 -1698.303 -2038.879 -2377.167 -2702.789 400.543 701.904 416.26 61.035 4.272 -348.816 -703.583 562 580 898 29.2 31.91 63 12 2408 1 034
6033630 7497 2025/12/25 18:57:55 P18 74.15 25.29 0 8.05 39.55 965.75 964.07 319.519 555.267 3890.991 309.906 496.521 690.155 430.298 23.804 -5.951 71.411 -15.869 209.656 702.515 62.408 593.872 919.8 176.544 406.494 655.518 477.753 -5000 2.899 -809.784 17.548 -14.801 18.463 285.645 61.34 412.598 804.596 94.452 -1409.912 374.451 81.024 21.667 19.379 50.049 2544.098 2502.899 2112.274 1737.671 1383.209 1019.592 665.894 178.833 5.493 21.973 62.714 2.899 -335.999 -680.084 -1018.829 -1360.931 -1701.813 -2039.795 -2375.488 -2699.432 401.917 702.667 415.649 59.052 3.815 -347.748 -703.888 573 570 896 29.19 31.99 63 12 2408 1 034
6033631 7497 2025/12/25 18:57:56 P18 74.01 25.33 0 8.26 39.42 965.73 964.07 324.402 555.115 3889.465 308.228 496.368 692.596 430.908 -68.207 -21.362 65.613 -16.785 208.893 705.109 67.444 593.109 918.427 175.171 406.189 656.738 477.6 -5000 -0.458 -808.716 66.833 -16.785 17.395 285.339 60.73 410.919 800.934 79.651 -1410.98 375.214 78.735 22.583 21.21 49.286 2545.166 2500.763 2117.31 1744.385 1392.059 1029.663 672.302 178.833 5.798 27.008 68.054 3.51 -331.421 -673.828 -1011.047 -1353.607 -1692.963 -2031.708 -2366.028 -2692.871 402.374 704.651 415.192 63.171 5.798 -344.543 -698.09 563 575 896 29.19 31.99 63 12 2408 1 034
6033632 7497 2025/12/25 18:57:57 P18 74.21 25.29 0 8.34 39.46 965.75 964.09 325.47 555.42 3889.771 307.465 495.605 691.223 431.519 39.215 -51.27 78.888 -16.479 208.435 704.193 66.376 593.262 918.732 176.239 405.579 655.67 478.821 -5000 -4.883 -805.511 24.719 -14.191 17.09 285.645 61.798 411.987 802.307 83.313 -1409.76 373.84 77.82 14.191 15.717 48.37 2546.997 2501.678 2113.19 1739.349 1384.43 1021.729 662.994 177.155 3.052 24.261 69.275 3.967 -333.405 -677.49 -1016.388 -1358.337 -1699.677 -2037.659 -2374.115 -2700.806 401.611 703.888 414.886 62.103 6.409 -346.375 -701.599 566 575 895 29.19 32.02 63 12 2408 1 034
6033633 7497 2025/12/25 18:57:58 P18 74.15 25.33 0 8.27 39.45 965.73 964.09 322.266 556.793 3886.261 307.922 497.589 693.97 430.603 71.259 -10.071 71.106 -14.801 207.52 704.346 62.714 592.957 919.037 175.629 405.273 654.755 477.6 -5000 3.51 -809.021 18.311 -15.717 18.311 286.102 60.12 411.987 802.307 85.297 -1408.386 374.451 79.651 22.736 17.7 49.438 2548.981 2501.984 2110.138 1731.415 1372.681 1007.233 650.33 179.596 7.172 24.719 68.359 4.12 -332.336 -677.795 -1018.677 -1363.373 -1704.559 -2044.983 -2382.355 -2706.757 402.222 702.82 414.734 61.646 5.341 -349.121 -706.787 574 575 895 29.22 31.97 63 12 2408 1 034
6033634 7497 2025/12/25 18:57:59 P18 74.12 25.34 0 8.22 39.53 965.75 964.09 321.808 555.725 3887.329 307.465 496.063 690.155 430.145 -161.438 11.139 71.869 -16.632 208.588 699.768 62.256 592.651 918.427 176.544 405.273 653.839 476.685 -5000 -3.815 -811.462 -15.259 -15.564 18.158 285.492 59.357 412.14 802.46 100.555 -1411.133 373.84 81.177 17.853 20.447 49.591 2547.607 2501.068 2116.547 1743.774 1390.991 1027.374 671.082 177.612 7.477 35.553 68.97 6.409 -331.268 -675.659 -1013.641 -1357.269 -1695.099 -2033.997 -2369.385 -2693.787 404.205 703.735 417.48 62.714 5.035 -344.391 -697.479 567 575 894 29.26 32.04 63 12 2408 1 034
6033635 7497 2025/12/25 18:58:00 P18 74.14 25.33 0 8.22 39.46 965.74 964.06 322.876 555.725 3886.414 306.244 496.368 689.24 430.756 -52.032 -25.33 78.278 -15.717 209.808 704.651 64.85 592.499 917.969 175.781 406.036 653.839 476.227 -5000 -2.441 -808.105 14.954 -14.343 17.853 286.102 60.12 413.208 799.103 98.419 -1408.691 373.993 79.041 20.294 21.515 50.354 2543.182 2500.763 2113.495 1741.791 1385.193 1023.712 665.894 178.375 2.136 34.027 68.512 2.441 -329.59 -675.201 -1013.947 -1357.422 -1698.608 -2036.896 -2374.115 -2700.653 401.611 703.583 415.344 62.256 4.578 -347.443 -700.684 567 575 894 29.25 31.91 63 12 2408 1 034
6033636 7497 2025/12/25 18:58:01 P18 74.14 25.32 0 8.27 39.58 970.43 964.07 320.892 557.098 3885.193 305.176 495.758 693.97 430.145 -56.61 -12.665 80.872 -15.106 208.13 703.735 63.324 592.346 918.732 175.629 404.816 652.924 477.6 -5000 2.747 -809.631 50.812 -15.411 18.311 285.492 60.425 410.767 801.239 107.269 -1409.454 373.23 79.651 18.463 18.311 49.896 2547.302 2501.373 2111.053 1732.178 1372.986 1007.233 650.482 180.511 3.357 36.011 67.291 2.899 -333.862 -678.711 -1019.287 -1363.678 -1704.254 -2044.373 -2383.118 -2707.062 401.154 704.041 416.565 60.577 3.357 -348.663 -705.719 570 575 894 29.2 31.96 63 12 2408 1 034
6033637 7497 2025/12/25 18:58:02 P18 74 25.3 0 8.27 39.63 970.43 964.07 324.554 555.878 3885.651 302.582 494.995 691.223 431.061 114.899 -17.853 73.853 -14.801 208.13 703.735 63.019 592.804 919.495 175.323 404.51 652.618 476.837 -5000 0.763 -809.937 77.82 -16.327 17.7 284.729 59.814 410.309 800.476 80.109 -1410.675 373.993 79.346 17.242 18.921 49.896 2549.438 2501.068 2118.073 1745.605 1392.212 1029.053 671.692 177.002 8.087 25.177 67.749 9.003 -329.59 -673.218 -1012.268 -1356.812 -1695.557 -2035.065 -2368.622 -2694.092 402.832 700.378 416.565 62.408 6.104 -344.849 -699.005 571 575 894 29.19 32 63 12 2408 1 034
6033638 7497 2025/12/25 18:58:03 P18 74.04 25.25 0 8.29 39.48 970.44 964.08 321.96 555.725 3879.242 307.159 494.385 691.833 430.298 46.997 0.763 69.427 -16.327 210.114 701.447 68.97 591.431 919.8 174.713 405.731 652.313 476.379 -5000 2.594 -804.138 -18.005 -13.123 17.7 285.645 61.493 411.835 796.967 107.269 -1407.166 372.772 80.109 21.057 19.073 49.896 2541.809 2501.984 2114.258 1740.723 1384.735 1022.186 664.52 179.138 8.545 44.403 66.833 6.866 -332.642 -674.896 -1012.726 -1356.659 -1696.167 -2037.964 -2376.099 -2700.043 401.764 700.684 416.412 62.561 5.951 -346.375 -700.836 571 575 893 29.22 31.92 63 12 2408 1 034
6033639 7497 2025/12/25 18:58:04 P18 74.09 25.34 0 8.32 39.54 970.44 964.08 319.214 556.03 3883.209 306.091 494.843 690.308 431.519 30.212 -9.766 57.22 -14.801 209.045 704.346 71.106 591.888 920.258 174.255 405.121 652.008 475.159 -5000 7.935 -806.122 -14.954 -15.717 16.937 285.339 61.34 410.614 794.067 99.182 -1408.997 372.925 79.041 18.616 20.905 50.201 2546.387 2500.458 2109.985 1728.973 1371.46 1005.554 648.804 182.8 2.899 42.572 69.58 2.441 -335.388 -680.084 -1019.44 -1364.594 -1705.322 -2045.746 -2384.491 -2709.198 401.917 702.209 415.955 59.814 7.019 -351.105 -707.55 562 575 893 29.19 32.08 63 12 2408 1 034
6033640 7497 2025/12/25 18:58:05 P18 74.12 25.34 0 8.2 39.54 970.43 964.06 321.045 556.335 3882.446 306.549 493.927 689.85 430.908 -59.357 -40.741 84.534 -15.106 208.588 700.836 66.071 591.125 918.427 173.798 404.358 650.94 476.685 -5000 6.104 -806.732 -16.022 -15.564 17.548 285.034 60.272 410.767 800.323 64.85 -1410.522 372.467 81.177 20.294 15.259 49.896 2547.913 2501.984 2113.8 1735.535 1380.157 1016.083 660.248 180.664 7.324 39.062 67.444 6.561 -332.336 -676.727 -1015.625 -1359.863 -1700.439 -2038.574 -2376.404 -2700.043 402.374 702.515 415.802 60.73 3.662 -347.9 -704.346 572 575 893 29.22 31.96 62 12 2408 1 034
6033641 7497 2025/12/25 18:58:06 P18 74.08 25.25 0 8.27 39.59 970.42 964.07 319.977 554.81 3881.989 306.091 493.469 690.155 430.603 0.763 -23.499 91.095 -14.648 207.52 702.82 68.054 591.736 920.105 173.798 404.51 650.33 476.227 -5000 -3.662 -808.563 -59.357 -14.801 17.853 285.187 60.425 410.156 799.255 92.468 -1412.811 371.704 78.278 21.515 25.635 49.744 2543.793 2499.695 2113.19 1735.992 1378.479 1014.404 655.212 179.749 8.087 43.182 67.902 4.425 -332.642 -675.964 -1016.693 -1359.406 -1699.829 -2039.337 -2376.709 -2703.705 402.222 701.447 415.497 61.951 5.798 -348.206 -704.346 562 575 894 29.22 31.96 62 12 2408 1 034
6033642 7497 2025/12/25 18:58:07 P18 74.05 25.43 0 8.15 39.43 970.43 964.07 322.876 555.42 3881.226 305.634 495.3 688.782 430.908 -49.286 1.221 73.09 -16.174 206.451 704.041 71.869 590.82 918.427 173.492 405.884 651.398 476.227 -5000 -9.766 -808.105 -10.681 -13.428 18.005 285.645 60.883 411.224 796.967 85.449 -1410.828 372.009 78.43 21.515 17.09 48.981 2546.387 2501.678 2108.612 1729.736 1372.223 1005.554 650.482 183.563 6.866 32.806 67.749 8.85 -332.794 -677.643 -1019.897 -1363.831 -1705.17 -2044.373 -2383.575 -2707.672 403.748 701.447 417.175 58.746 4.578 -350.494 -709.686 561 575 895 29.2 31.96 62 12 2408 1 034
6033643 7497 2025/12/25 18:58:08 P18 74.02 25.26 0 8.07 39.6 970.41 964.09 320.587 555.573 3879.852 304.565 493.927 690.613 430.603 5.951 -12.054 106.964 -15.411 206.604 701.904 69.885 590.82 920.715 172.119 404.968 650.024 475.159 -5000 9.308 -803.833 -12.512 -16.632 18.921 285.034 60.73 410.004 795.898 74.158 -1409.302 373.23 78.888 22.278 21.21 50.354 2541.656 2500 2113.037 1737.671 1382.141 1021.729 666.504 184.021 7.935 25.482 67.749 5.493 -332.489 -678.558 -1017.914 -1363.22 -1702.271 -2039.185 -2374.878 -2700.5 402.985 700.684 417.328 60.577 6.561 -347.9 -704.956 571 575 896 29.22 32 62 12 2408 1 034
6033644 7497 2025/12/25 18:58:09 P18 74.06 25.33 0 8.39 39.55 970.46 964.09 320.129 555.267 3879.242 305.634 495.148 681 430.603 13.58 -28.992 113.373 -15.869 208.435 704.346 59.509 590.973 917.664 173.34 405.273 650.177 475.311 -5000 -3.51 -802.155 14.343 -14.343 17.853 284.882 59.509 409.851 795.593 86.212 -1407.166 371.857 78.278 21.21 14.801 49.133 2547.76 2502.747 2110.596 1732.025 1375.275 1007.08 649.567 182.037 6.256 33.417 68.054 6.714 -332.489 -676.88 -1017.456 -1362.915 -1704.559 -2043.304 -2382.355 -2705.078 401.917 700.226 417.938 61.035 3.204 -352.325 -708.16 565 580 896 29.22 32.05 62 12 2408 1 034
6033645 7497 2025/12/25 18:58:10 P18 74.11 25.34 0 8.15 39.63 970.45 964.08 320.129 555.115 3877.258 306.702 493.317 691.223 430.603 40.283 -7.629 92.926 -16.327 209.656 701.599 65.308 590.973 919.8 172.272 404.968 648.499 475.159 -5000 -10.681 -800.323 120.239 -14.648 18.311 284.729 60.425 409.393 798.34 89.417 -1409.302 371.704 79.041 21.82 17.7 49.591 2544.25 2501.678 2112.122 1736.908 1380.615 1015.93 660.4 180.511 4.73 51.27 69.275 2.747 -334.167 -679.779 -1018.829 -1362.457 -1701.813 -2041.473 -2378.235 -2702.484 401.001 701.904 415.802 59.509 5.493 -348.969 -705.109 563 575 897 29.25 31.93 62 12 2408 1 034
6033646 7497 2025/12/25 18:58:11 P18 74.06 25.4 0 8.22 39.58 970.46 964.09 320.282 555.725 3878.174 307.312 493.774 684.662 430.45 66.681 12.207 110.779 -16.174 207.825 701.294 65.308 589.905 917.511 171.051 404.053 648.041 478.058 -5000 -9.003 -795.135 15.259 -14.038 17.853 284.729 59.967 409.698 797.577 91.705 -1409.302 372.467 78.43 19.684 19.684 49.744 2548.676 2501.373 2115.479 1741.028 1387.787 1026.154 669.708 177.612 8.087 34.79 68.359 6.409 -330.658 -675.354 -1014.404 -1358.795 -1697.083 -2035.828 -2371.979 -2694.702 401.611 700.989 416.718 60.425 7.019 -346.68 -701.752 570 575 897 29.18 32.02 62 12 2408 1 034
6033647 7497 2025/12/25 18:58:12 P18 74.08 25.26 0 8.42 39.45 970.44 964.09 323.181 553.894 3876.953 305.023 493.774 689.697 431.061 81.94 -14.496 101.166 -16.479 206.604 702.667 73.242 589.905 920.868 172.729 404.205 647.888 474.243 -5000 -2.899 -792.236 -2.594 -19.531 19.226 284.576 60.73 408.783 794.83 78.583 -1407.928 371.857 78.278 18.463 15.259 49.744 2542.572 2501.221 2118.683 1743.317 1388.702 1025.543 667.572 178.833 2.899 25.94 68.97 2.136 -330.658 -674.286 -1014.557 -1357.422 -1697.845 -2036.591 -2374.115 -2700.806 401.917 702.515 415.344 60.577 5.646 -348.358 -701.294 563 575 897 29.18 32 62 12 2408 1 034
6033648 7497 2025/12/25 18:58:13 P18 74.05 25.34 0 8.19 39.48 970.46 964.1 321.655 555.573 3876.19 303.955 493.927 684.814 430.603 -45.166 18.463 97.046 -15.259 208.435 703.125 66.681 590.057 918.427 172.272 404.968 648.193 474.548 -5000 -8.698 -786.438 56.763 -14.801 16.632 284.882 59.204 409.698 796.814 93.536 -1411.133 371.552 78.125 21.515 18.311 51.575 2548.828 2500.763 2112.427 1735.687 1381.683 1019.287 664.062 178.986 6.714 28.992 68.207 0.763 -333.71 -678.711 -1018.677 -1362.152 -1702.118 -2040.253 -2376.862 -2701.263 401.306 703.125 415.039 61.035 5.646 -347.595 -703.278 563 580 898 29.23 31.92 62 12 2408 1 034
6033649 7497 2025/12/25 18:58:14 P18 74.02 25.36 0 8.15 39.54 970.43 964.07 322.876 556.03 3876.648 305.481 494.385 687.714 431.061 27.771 30.212 75.989 -14.648 206.604 701.752 67.749 590.21 920.868 172.577 403.595 646.362 474.701 -5000 3.204 -788.269 5.188 -15.106 17.7 284.576 58.441 408.325 795.593 67.139 -1411.591 371.246 77.82 19.531 14.496 49.744 2548.828 2500.763 2116.699 1744.995 1391.296 1028.9 672.76 177.002 3.204 45.471 66.528 4.73 -331.421 -675.049 -1011.353 -1355.438 -1694.336 -2032.471 -2368.622 -2693.176 401.154 699.615 417.328 64.85 3.204 -346.069 -697.784 572 580 899 29.22 31.97 61 12 2408 1 034
6033650 7497 2025/12/25 18:58:15 P18 74.06 25.33 0 8.15 39.64 970.45 964.1 321.045 555.42 3874.359 306.396 493.469 684.662 430.298 -44.25 7.629 88.196 -16.785 205.688 700.378 72.937 589.142 917.664 171.814 404.968 647.583 474.091 -5000 3.815 -792.389 17.09 -14.038 17.09 285.339 60.425 407.715 793.762 99.64 -1408.386 370.789 75.836 22.583 21.82 50.354 2545.166 2502.289 2113.037 1738.892 1382.599 1018.066 661.011 177.002 4.883 34.637 68.97 3.51 -332.489 -675.964 -1015.625 -1358.948 -1699.524 -2039.032 -2376.099 -2703.247 401.917 706.177 416.107 62.103 0.61 -344.696 -700.684 563 575 899 29.2 31.91 61 12 2408 1 034
6033651 7497 2025/12/25 18:58:16 P18 74.06 25.27 0 8.15 39.6 970.44 964.1 322.571 556.183 3866.119 306.549 493.469 686.646 431.213 -105.896 21.057 72.327 -16.479 206.604 701.752 73.853 588.989 917.816 172.119 404.358 646.362 473.022 -5000 -8.698 -789.642 44.708 -13.733 17.242 284.576 59.814 407.257 793.61 100.861 -1407.776 370.789 76.447 20.142 15.717 48.676 2545.471 2500.458 2108.459 1729.431 1370.392 1002.808 647.43 178.223 4.272 35.553 68.359 2.289 -335.693 -682.983 -1022.644 -1366.425 -1704.559 -2045.288 -2384.949 -2711.182 400.848 702.667 414.886 57.22 3.052 -350.342 -710.449 571 575 899 29.25 31.96 61 12 2408 1 034
6033652 7497 2025/12/25 18:58:17 P18 74.02 25.25 0 8.2 39.67 970.43 964.1 329.285 555.267 3872.986 308.533 492.859 688.171 430.603 -54.321 -31.891 93.994 -16.327 207.214 702.362 76.447 589.142 916.901 171.204 404.663 646.82 473.785 -5000 -3.204 -787.659 43.335 -16.632 17.7 285.187 60.883 407.104 791.168 103.912 -1407.623 370.483 76.904 19.531 9.766 50.354 2543.488 2500 2115.479 1743.011 1386.566 1026.154 668.64 177.612 6.104 46.082 68.817 7.935 -329.895 -674.591 -1014.099 -1357.727 -1696.93 -2035.37 -2373.657 -2698.975 399.933 699.463 416.107 61.646 5.493 -348.053 -701.141 562 580 900 29.25 31.96 61 12 2408 1 034
6033653 7497 2025/12/25 18:58:18 P18 74.02 25.3 0 8.25 39.6 970.47 964.09 320.435 556.183 3871.765 306.244 492.859 675.659 430.45 10.223 -46.692 66.528 -15.869 208.588 701.752 70.038 588.989 920.258 171.051 403.9 644.684 473.48 -5000 -7.629 -789.337 60.883 -14.954 17.395 285.187 60.73 407.867 793.61 103.302 -1410.217 371.094 76.447 23.193 15.259 49.744 2546.082 2500.305 2112.274 1733.093 1374.664 1009.216 651.703 182.343 4.73 43.182 67.139 5.035 -330.658 -677.338 -1017.761 -1362.305 -1703.796 -2042.999 -2381.287 -2707.062 401.001 701.294 415.802 60.577 4.272 -345.917 -704.193 567 580 900 29.22 31.96 61 12 2408 1 034
6033654 7497 2025/12/25 18:58:19 P18 74.06 25.4 0 8.2 39.5 970.46 964.09 320.435 556.183 3870.239 305.176 491.333 692.444 430.603 -50.507 -23.193 89.111 -16.022 205.841 701.447 73.395 588.989 920.41 170.593 403.9 644.073 473.328 -5000 3.052 -784.149 13.428 -15.564 18.616 284.576 59.357 406.799 794.678 102.539 -1407.471 370.636 76.447 22.278 15.259 49.744 2543.793 2500 2112.732 1738.281 1381.683 1018.066 662.994 178.528 4.578 33.875 68.817 5.341 -332.489 -679.169 -1018.524 -1362.152 -1702.881 -2040.71 -2378.998 -2702.637 401.001 699.005 416.412 59.814 3.662 -345.306 -692.902 564 580 902 29.23 32.02 61 12 2408 1 034
6033655 7497 2025/12/25 18:58:20 P18 74.04 25.37 0 8.32 39.54 970.45 964.1 320.74 555.725 3870.697 303.955 493.164 690.002 430.298 -80.261 -29.602 80.719 -16.174 206.909 699.921 75.531 587.006 919.495 170.441 403.9 644.226 474.548 -5000 -4.425 -783.234 31.586 -16.785 16.479 284.424 61.493 407.257 790.863 99.945 -1409.149 369.873 77.515 19.226 8.698 49.591 2544.25 2501.221 2114.41 1739.502 1385.04 1019.44 658.264 180.664 7.172 25.635 68.817 6.866 -330.048 -673.828 -1012.573 -1356.354 -1696.777 -2037.048 -2375.793 -2700.653 401.306 700.378 418.243 61.188 5.951 -347.595 -703.43 562 580 902 29.23 32.04 61 12 2408 1 034
6033656 7497 2025/12/25 18:58:21 P18 73.91 25.3 0 8.24 39.48 970.46 964.08 319.061 556.03 3869.476 306.091 491.638 689.087 430.45 29.449 -5.951 85.449 -13.733 206.604 702.362 67.444 589.142 920.41 170.593 403.748 643.768 474.548 -5000 -0.916 -783.386 66.071 -14.954 16.632 284.424 61.188 406.647 794.373 93.842 -1408.081 370.026 78.888 14.496 15.106 50.354 2545.624 2502.747 2106.934 1728.973 1369.934 1003.723 649.414 175.476 7.324 37.384 66.833 7.324 -332.642 -681.305 -1019.592 -1364.288 -1704.559 -2044.983 -2383.728 -2709.351 400.391 701.904 417.633 59.052 5.188 -353.088 -710.602 572 580 904 29.22 31.94 61 12 2408 1 034
6033657 7497 2025/12/25 18:58:22 P18 74.06 25.34 0 8.29 39.68 970.4 964.09 326.843 554.962 3868.866 304.108 491.943 679.779 430.603 -30.823 -16.174 86.365 -16.937 204.468 701.904 75.989 587.769 919.037 170.441 403.9 644.531 474.854 -5000 -3.204 -777.893 -24.414 -16.632 17.395 284.729 59.967 406.494 791.168 100.098 -1408.844 369.415 77.057 20.294 18.463 49.438 2544.708 2500.916 2112.122 1737.061 1380.768 1019.592 663.452 176.086 2.747 41.962 69.885 5.188 -334.015 -678.101 -1016.083 -1360.321 -1702.576 -2038.574 -2375.336 -2698.364 400.085 700.531 415.039 59.204 3.662 -348.511 -703.43 561 580 904 29.18 31.95 61 12 2408 1 034
6033658 7497 2025/12/25 18:58:23 P18 73.95 25.25 0 8.22 39.57 970.45 964.09 320.282 555.267 3867.95 300.751 493.164 684.052 430.298 51.117 -37.537 87.738 -16.327 205.688 700.226 73.547 588.074 919.037 170.441 403.29 642.7 474.243 -5000 1.221 -780.487 33.722 -15.106 18.616 284.424 59.357 406.952 793.152 100.555 -1408.539 370.178 78.583 16.937 13.58 49.896 2548.828 2500.305 2117.767 1744.08 1389.923 1026.917 671.844 183.258 3.967 36.774 70.038 3.052 -329.895 -673.218 -1011.2 -1354.065 -1692.657 -2031.097 -2366.638 -2690.887 401.611 703.278 416.26 62.256 4.578 -345.001 -697.784 561 580 904 29.2 32 61 12 2408 1 034
6033659 7497 2025/12/25 18:58:24 P18 74.02 25.37 0 8.13 39.58 970.45 964.09 322.266 554.199 3865.051 298.767 491.791 688.019 430.603 92.468 -12.512 96.436 -16.174 203.4 702.209 77.515 587.616 920.105 169.525 402.679 642.7 472.717 -5000 6.409 -782.776 20.752 -16.022 18.311 284.271 59.814 406.189 790.1 85.602 -1406.708 369.72 77.515 19.684 15.564 50.049 2544.556 2502.136 2111.206 1732.788 1375.885 1010.895 656.433 179.443 5.188 46.539 66.833 4.578 -334.015 -680.237 -1019.592 -1362.762 -1702.576 -2042.084 -2379.456 -2704.315 400.543 700.531 415.039 58.594 2.747 -351.715 -709.229 571 580 904 29.23 32.04 61 12 2408 1 034
6033660 7497 2025/12/25 18:58:25 P18 73.98 25.36 0 8.22 39.6 970.45 964.09 320.587 554.199 3867.798 298.462 491.791 685.272 430.298 70.801 -28.992 65.46 -15.259 206.451 702.667 75.226 588.379 920.258 169.373 402.222 642.7 473.633 -5000 -0.153 -780.792 -34.332 -15.869 18.158 284.271 61.188 405.579 791.931 100.708 -1406.555 369.263 76.447 23.346 17.242 49.744 2542.877 2500.305 2113.647 1739.197 1385.345 1023.712 666.962 178.223 3.815 46.539 66.833 4.12 -335.083 -679.779 -1018.219 -1361.237 -1701.965 -2039.185 -2376.709 -2698.517 402.069 697.327 417.633 60.425 4.12 -347.443 -702.209 563 580 904 29.23 31.98 61 12 2408 1 034
6033661 7497 2025/12/25 18:58:26 P18 74 25.37 0 8.25 39.64 970.45 964.09 320.435 554.047 3865.662 298.004 491.638 685.73 430.298 -80.566 7.324 97.809 -16.327 205.383 702.362 79.651 587.921 921.021 169.067 402.985 642.242 473.328 -5000 0.916 -778.351 -17.853 -15.869 17.853 284.424 59.662 405.731 789.642 109.406 -1407.776 368.805 76.294 20.294 16.022 49.744 2542.267 2500.153 2116.699 1743.622 1388.397 1027.832 672.607 180.359 4.578 35.4 68.665 2.289 -331.879 -676.27 -1013.794 -1356.506 -1697.083 -2035.675 -2369.537 -2696.686 400.543 702.667 418.091 63.477 5.188 -346.069 -694.885 572 590 904 29.2 31.92 61 12 2408 1 034
6033662 7497 2025/12/25 18:58:27 P18 74 25.37 0 8.34 39.51 970.46 964.07 325.317 555.115 3864.746 299.072 491.791 686.34 430.603 -81.177 -16.327 93.842 -15.564 205.078 703.278 79.651 587.921 919.189 169.067 402.222 641.327 475.311 -5000 -5.035 -780.029 46.692 -15.106 18.463 284.271 58.746 405.121 782.623 94.757 -1408.081 369.568 75.684 23.499 12.054 49.438 2548.981 2501.831 2113.342 1736.145 1378.937 1012.268 655.06 179.901 5.646 45.624 67.749 3.967 -332.184 -678.253 -1018.066 -1362 -1703.339 -2042.847 -2381.134 -2706.451 399.475 700.378 415.649 61.188 2.136 -348.358 -704.041 563 585 905 29.2 31.92 61 12 2408 1 034
6033663 7497 2025/12/25 18:58:28 P18 74.02 25.34 0 8.37 39.6 970.44 964.1 322.113 555.42 3860.626 297.394 491.486 684.509 430.603 -109.558 -18.158 70.19 -14.954 204.163 700.378 77.515 587.311 919.495 168.152 403.442 640.717 472.717 -5000 -0.763 -778.046 12.817 -16.174 18.005 285.187 59.357 404.51 789.185 83.618 -1408.997 369.263 74.921 19.226 22.125 50.354 2548.218 2500.61 2117.157 1742.706 1389.313 1026.917 670.013 182.343 6.714 32.959 69.58 5.951 -331.726 -675.964 -1013.641 -1356.049 -1695.251 -2033.997 -2369.995 -2694.702 402.832 702.972 418.396 64.24 5.951 -345.154 -700.226 564 585 905 29.22 31.97 61 12 2408 1 034
6033664 7497 2025/12/25 18:58:29 P18 73.97 25.34 0 8.17 39.6 970.44 964.1 323.639 554.352 3863.22 299.225 491.028 686.188 430.756 -34.485 4.883 91.4 -16.327 205.536 702.515 77.667 587.006 920.258 168.152 401.611 640.869 473.633 -5000 -3.204 -775.146 36.316 -16.174 16.479 283.356 60.883 404.51 789.337 88.348 -1408.997 368.195 76.141 16.785 24.261 48.981 2545.166 2500.153 2115.631 1740.723 1387.939 1026.459 667.877 181.274 6.409 23.804 68.054 4.425 -329.742 -673.981 -1013.641 -1357.422 -1696.93 -2036.285 -2374.573 -2700.195 402.222 701.599 415.649 63.934 5.951 -346.069 -699.768 565 585 905 29.2 32 61 12 2408 1 034
6033665 7497 2025/12/25 18:58:30 P18 73.97 25.36 0 8.29 39.5 970.45 964.09 319.977 554.352 3861.542 298.615 489.96 685.425 430.756 56.152 -57.373 90.637 -16.327 204.01 700.226 76.447 587.158 920.258 168.457 402.527 639.801 472.26 -5000 -8.85 -773.926 -15.717 -13.58 18.158 284.424 59.052 405.426 790.253 118.561 -1410.675 366.669 74.768 16.785 15.259 50.049 2544.25 2501.068 2111.664 1734.924 1380.615 1017.914 662.384 181.732 8.087 32.501 65.613 9.613 -332.031 -677.49 -1016.083 -1360.474 -1699.677 -2037.964 -2374.725 -2698.975 401.611 698.242 416.87 61.798 2.747 -348.358 -701.599 572 590 906 29.23 31.98 61 12 2408 1 034
6033666 7497 2025/12/25 18:58:31 P18 73.91 25.26 0 8.34 39.53 970.44 964.1 324.707 555.267 3861.084 297.699 490.723 674.896 431.213 -21.057 -12.817 89.264 -15.564 203.857 698.853 79.803 586.395 914.917 169.83 402.222 639.954 471.954 -5000 2.289 -771.179 -43.03 -14.801 16.327 284.576 59.052 404.663 787.811 103.912 -1410.828 367.889 75.073 17.853 18.921 49.896 2544.25 2500 2116.699 1744.232 1391.296 1029.358 673.523 182.343 8.087 31.281 68.512 6.256 -331.421 -676.575 -1013.794 -1349.945 -1695.862 -2035.522 -2371.368 -2696.228 400.543 700.226 416.718 63.324 5.646 -346.985 -699.005 564 590 906 29.19 31.95 61 12 2408 1 034
6033667 7497 2025/12/25 18:58:32 P18 73.94 25.3 0 8.39 39.64 970.46 964.09 321.503 554.81 3860.626 296.631 490.57 681.305 430.603 7.019 -9.613 80.872 -16.174 204.926 696.716 75.226 586.395 918.579 167.999 402.222 638.58 472.565 -5000 -3.967 -768.585 12.665 -16.327 17.548 284.271 59.052 404.51 788.879 116.882 -1410.522 367.737 75.989 19.226 11.749 49.591 2548.523 2501.831 2114.868 1739.96 1384.43 1021.271 663.605 182.648 1.221 50.049 69.122 3.51 -329.895 -675.354 -1013.947 -1357.727 -1697.998 -2037.048 -2374.725 -2700.958 402.679 702.209 415.955 62.408 7.019 -345.917 -700.226 571 590 908 29.19 32 61 12 2408 1 034
6033668 7497 2025/12/25 18:58:33 P18 73.91 25.36 0 8.29 39.63 970.41 964.1 323.181 553.741 3860.626 297.394 490.417 687.866 431.366 -21.362 -13.275 88.501 -16.937 205.231 702.82 81.177 586.09 920.868 168.152 402.069 639.648 472.412 -5000 -1.831 -766.907 -6.866 -16.937 17.242 283.813 61.035 403.442 787.964 107.269 -1408.234 367.889 75.684 17.242 17.853 50.812 2543.64 2501.221 2110.901 1729.889 1371.765 1007.843 649.719 181.58 4.272 33.264 68.665 5.951 -335.388 -681 -1019.135 -1364.441 -1705.627 -2043.915 -2383.27 -2708.13 400.696 699.463 415.192 60.425 3.815 -350.952 -708.008 571 590 908 29.2 31.94 61 12 2408 1 034
6033669 7497 2025/12/25 18:58:34 P18 73.91 25.32 0 8.05 39.55 970.46 964.09 320.282 554.657 3857.117 297.089 490.57 679.626 430.603 103.149 -36.011 98.419 -16.022 206.604 702.209 78.735 585.938 918.121 167.999 400.391 637.665 472.26 -5000 -1.678 -766.296 62.714 -14.496 17.853 284.271 59.052 406.494 786.591 99.487 -1407.166 367.584 74.615 17.395 17.548 50.049 2547.15 2502.441 2117.157 1744.995 1391.144 1028.29 671.082 180.054 5.188 40.436 68.512 4.272 -330.2 -673.065 -1011.2 -1353.455 -1693.268 -2031.708 -2366.638 -2693.329 402.985 700.378 415.802 62.408 5.188 -347.29 -697.937 571 590 908 29.2 32.05 61 12 2408 1 034
6033670 7497 2025/12/25 18:58:35 P18 74.04 25.33 0 8.27 39.55 970.45 964.07 321.655 554.657 3860.016 294.952 490.875 681.915 430.45 56.61 -25.177 72.784 -16.479 203.247 694.122 81.94 585.938 918.427 167.236 402.679 637.512 471.344 -5000 -6.256 -768.738 5.035 -15.411 17.09 283.966 59.814 402.985 785.37 94.147 -1410.37 368.042 74.615 17.7 10.223 49.591 2544.861 2501.221 2115.021 1738.739 1383.82 1019.287 659.79 183.105 3.967 38.147 68.817 3.815 -333.71 -675.964 -1015.32 -1359.558 -1699.524 -2039.795 -2378.845 -2704.163 396.576 706.329 418.701 60.577 4.578 -346.375 -702.057 571 590 909 29.2 31.99 61 12 2408 1 034
6033671 7497 2025/12/25 18:58:36 P18 74 25.25 0 8.24 39.48 970.44 964.09 319.366 553.894 3858.337 298.615 490.723 686.646 431.213 12.207 20.752 95.978 -15.869 204.62 699.921 82.855 586.09 920.563 167.236 402.832 637.207 471.039 -5000 2.441 -771.332 38.605 -15.564 17.548 283.508 60.425 404.358 783.997 106.201 -1408.386 368.042 76.141 24.872 19.836 49.744 2542.877 2501.831 2108.002 1727.905 1370.697 1003.723 649.109 182.495 2.747 32.043 67.902 2.747 -333.862 -679.321 -1019.592 -1363.22 -1704.712 -2044.83 -2384.186 -2707.062 401.306 702.209 415.955 58.441 4.12 -353.394 -711.975 572 595 909 29.19 32 61 12 2408 1 034
6033672 7497 2025/12/25 18:58:37 P18 73.94 25.33 0 8.25 39.47 970.43 964.07 320.74 554.199 3850.861 297.089 489.655 680.695 430.908 -3.204 9.46 77.667 -16.327 206.146 702.667 77.667 584.564 919.037 167.084 401.459 637.512 471.344 -5000 6.714 -769.501 49.591 -14.801 17.7 283.813 58.594 403.9 785.37 80.872 -1408.691 367.432 75.531 20.447 14.496 49.286 2547.15 2500.916 2111.511 1735.229 1379.852 1016.235 663.757 177.917 4.883 23.041 68.054 6.409 -333.71 -680.237 -1019.135 -1361.542 -1701.508 -2039.185 -2378.54 -2701.721 396.576 697.479 416.412 60.577 3.815 -348.511 -703.735 560 590 908 29.19 32 61 12 2408 1 034
6033673 7497 2025/12/25 18:58:38 P18 74.02 25.33 0 8.27 39.52 970.49 964.08 321.35 553.894 3856.964 294.8 490.417 685.577 430.603 -55.695 -12.97 78.888 -16.327 203.857 693.665 81.635 585.48 918.732 166.779 401.917 636.902 471.039 -5000 3.662 -768.28 -17.395 -16.632 16.632 284.424 60.12 402.679 785.065 100.555 -1408.539 366.516 76.904 16.327 21.21 49.591 2543.182 2500.916 2111.816 1734.161 1375.732 1008.911 650.94 180.206 4.12 28.076 68.054 2.594 -333.099 -678.406 -1017.151 -1361.542 -1704.407 -2041.779 -2381.287 -2704.926 399.475 700.684 417.328 60.73 3.357 -350.8 -706.482 563 595 908 29.19 31.94 61 12 2408 1 034
6033674 7497 2025/12/25 18:58:39 P18 73.95 25.3 0 8.32 39.53 970.48 964.1 322.418 554.199 3855.896 294.342 491.028 685.425 430.908 29.602 -12.36 58.594 -16.785 204.926 697.174 82.397 585.175 920.41 166.931 402.222 636.292 470.123 -5000 7.477 -767.517 -20.752 -16.479 17.853 284.119 59.662 402.222 782.776 95.978 -1408.539 367.126 74.005 21.973 21.362 49.438 2544.403 2499.695 2111.053 1736.298 1376.801 1013.184 656.738 178.68 6.256 29.449 66.681 7.019 -334.778 -680.237 -1019.897 -1364.136 -1704.254 -2043.152 -2381.897 -2705.078 399.17 699.158 417.938 59.204 3.662 -353.546 -710.449 565 595 907 29.28 31.99 61 12 2408 1 034
6033675 7497 2025/12/25 18:58:40 P18 73.97 25.3 0 8.15 39.53 970.48 964.1 322.113 554.047 3854.218 293.427 489.044 684.509 430.298 -17.7 1.373 74.768 -16.174 203.857 700.836 85.144 585.327 918.732 166.473 401.917 636.902 470.123 -5000 -6.256 -762.787 52.338 -16.937 17.09 283.661 60.12 402.527 786.133 105.896 -1408.539 366.821 75.378 18.616 22.43 49.896 2543.03 2499.542 2110.901 1737.671 1383.209 1021.729 667.114 176.239 6.256 27.313 66.223 5.646 -335.999 -680.237 -1018.372 -1362.152 -1701.05 -2038.727 -2375.641 -2698.669 399.628 697.021 418.396 60.73 3.357 -348.816 -703.125 572 600 907 29.23 31.98 61 12 2408 1 034
6033676 7497 2025/12/25 18:58:41 P18 73.97 25.3 0 8.15 39.64 970.44 964.1 325.775 555.115 3854.065 293.884 488.739 683.899 430.298 55.542 -30.365 80.109 -15.717 202.789 700.989 84.229 585.48 920.715 165.863 401.459 635.986 472.107 -5000 4.73 -762.177 46.692 -16.022 16.327 283.813 60.272 400.696 784.454 84.686 -1412.354 366.211 73.395 22.888 12.512 49.896 2546.692 2501.373 2108.917 1729.736 1372.681 1004.791 649.414 181.885 7.019 39.825 68.665 4.883 -334.93 -679.626 -1020.813 -1364.441 -1705.78 -2046.051 -2384.491 -2711.487 401.306 700.073 415.649 60.12 4.578 -350.8 -707.855 566 600 907 29.25 32.07 61 12 2408 1 034
6033677 7497 2025/12/25 18:58:42 P18 74.02 25.3 0 8.15 39.63 970.45 964.08 322.876 552.979 3852.386 291.901 489.96 686.035 430.603 4.73 -10.681 69.58 -16.327 204.163 699.768 82.397 584.412 917.511 166.168 401.611 635.071 470.276 -5000 -3.204 -759.888 7.782 -16.937 16.632 283.508 59.509 401.459 784.76 91.248 -1409.149 366.211 74.921 17.09 16.174 50.354 2542.572 2502.136 2111.053 1736.755 1381.226 1016.998 661.316 179.291 3.51 39.215 67.596 5.798 -332.947 -677.948 -1018.219 -1360.321 -1701.355 -2040.1 -2378.082 -2702.179 400.543 698.547 416.565 60.272 2.899 -346.68 -704.193 571 600 907 29.25 32.02 61 12 2408 1 034
6033678 7497 2025/12/25 18:58:43 P18 73.94 25.33 0 8.25 39.5 970.44 964.1 321.503 555.725 3853.302 290.07 489.807 682.068 430.603 -104.065 -32.501 59.662 -14.801 202.942 699.615 79.041 584.717 920.105 165.863 401.306 633.392 470.428 -5000 3.052 -760.498 13.428 -15.259 17.7 283.661 57.068 401.764 785.217 80.109 -1411.285 366.211 75.073 21.21 18.616 49.438 2549.133 2501.526 2113.342 1741.18 1387.024 1023.56 668.793 178.833 2.747 23.651 68.359 3.357 -334.167 -677.795 -1014.862 -1357.727 -1697.083 -2035.37 -2371.979 -2695.465 400.391 702.362 416.565 63.019 4.425 -348.663 -702.82 564 600 908 29.19 32.03 61 12 2408 1 034
6033679 7497 2025/12/25 18:58:44 P18 73.94 25.3 0 8.29 39.59 970.45 964.1 323.486 556.183 3852.692 292.358 489.807 683.136 430.603 48.37 -11.597 72.784 -15.106 202.637 701.447 83.618 584.106 919.495 165.863 402.527 633.85 470.581 -5000 -2.441 -756.836 12.512 -15.411 17.395 283.813 61.646 401.459 780.487 99.487 -1408.691 365.753 74.921 22.43 18.005 50.354 2547.455 2501.221 2115.936 1743.164 1387.939 1026.764 667.267 179.443 6.409 27.161 66.833 5.493 -330.353 -674.133 -1014.252 -1357.269 -1697.235 -2036.133 -2373.505 -2697.449 399.628 699.31 417.633 64.087 5.493 -347.9 -701.294 564 600 908 29.22 31.94 61 12 2408 1 034
6033680 7497 2025/12/25 18:58:45 P18 73.97 25.32 0 8.22 39.71 970.44 964.09 321.35 555.267 3850.403 295.715 488.586 676.88 429.84 -149.689 -26.245 70.038 -15.869 202.637 697.937 80.109 583.801 914.917 165.1 401.611 633.545 470.123 -5000 -4.578 -755.768 7.019 -14.954 18.311 283.966 58.594 402.222 785.217 80.566 -1410.98 365.906 74.31 19.379 17.395 50.049 2548.065 2500.763 2112.732 1737.518 1378.632 1016.235 660.4 175.629 5.493 33.264 66.833 5.798 -335.388 -679.932 -1018.982 -1361.694 -1701.66 -2040.1 -2378.998 -2702.179 400.543 698.7 416.26 60.12 6.409 -350.494 -707.092 571 600 908 29.22 31.97 61 12 2408 1 034
6033681 7497 2025/12/25 18:58:46 P18 73.97 25.26 0 8.39 39.56 970.44 964.07 319.366 554.352 3850.403 294.8 488.434 682.22 431.519 82.092 -11.902 100.098 -16.632 202.637 699.615 86.67 584.412 920.715 165.405 401.459 632.172 469.818 -5000 -11.292 -750.885 -26.855 -16.327 18.158 283.203 60.12 401.611 781.86 87.28 -1410.065 366.058 74.921 23.651 17.395 49.896 2541.046 2501.068 2115.021 1742.859 1390.533 1027.222 671.234 183.716 6.256 28.229 69.275 5.798 -330.353 -674.438 -1014.404 -1356.659 -1695.709 -2033.997 -2368.622 -2694.244 402.374 695.343 415.955 62.408 5.035 -346.985 -700.531 565 605 909 29.19 32 61 12 2408 1 034
6033682 7497 2025/12/25 18:58:47 P18 74 25.29 0 8.2 39.56 970.43 964.09 319.214 554.504 3849.792 294.952 487.823 679.474 431.213 53.253 -12.817 75.073 -15.869 202.026 700.226 83.618 584.412 921.173 164.948 401.154 632.782 470.276 -5000 -5.035 -753.326 46.387 -14.496 17.7 283.356 59.814 401.154 783.997 108.185 -1406.86 365.601 75.684 24.567 16.174 49.591 2543.64 2501.678 2114.258 1743.622 1387.787 1026.917 668.335 180.511 3.967 16.632 68.512 4.272 -332.947 -676.117 -1015.625 -1356.812 -1697.54 -2036.896 -2374.115 -2700.348 400.238 698.547 417.175 63.324 2.136 -343.475 -698.7 571 600 909 29.2 32.09 61 12 2408 1 034
6033683 7497 2025/12/25 18:58:48 P18 73.97 25.2 0 8.2 39.54 970.47 964.1 319.519 555.42 3849.487 289.764 488.434 671.539 430.603 47.607 12.36 70.496 -14.648 204.163 700.531 81.177 583.801 921.326 164.032 400.696 632.324 469.971 -5000 11.749 -754.7 6.561 -15.564 17.09 283.203 60.425 402.069 784.607 109.711 -1408.844 365.143 75.226 19.684 15.259 49.896 2545.776 2501.068 2112.732 1738.586 1377.411 1011.505 655.212 185.394 4.578 26.245 68.054 0.763 -332.794 -677.948 -1017.761 -1361.694 -1702.576 -2042.084 -2380.066 -2705.383 399.933 702.362 416.87 62.866 5.493 -346.985 -702.972 564 600 909 29.2 32.09 61 12 2408 1 034
6033684 7497 2025/12/25 18:58:49 P18 73.98 25.29 0 8.29 39.6 970.48 964.08 318.604 554.657 3848.114 296.021 488.586 682.831 430.908 -40.588 -28.687 80.566 -15.259 204.315 700.226 85.297 583.649 921.783 164.185 401.001 631.409 469.513 -5000 5.341 -752.716 51.575 -15.411 17.09 282.898 59.967 402.222 781.708 117.645 -1408.997 365.448 74.463 20.294 15.564 50.201 2543.64 2501.221 2115.936 1743.469 1389.618 1027.374 670.319 186.768 7.019 18.005 68.207 7.019 -328.674 -674.438 -1012.115 -1356.354 -1695.099 -2033.081 -2368.317 -2693.024 400.391 698.853 417.786 62.256 5.188 -348.053 -700.378 556 600 909 29.23 32.04 61 12 2408 1 034
6033685 7497 2025/12/25 18:58:50 P18 73.92 25.34 0 8.17 39.56 970.45 964.1 319.519 554.199 3846.741 293.121 488.739 681.763 430.756 -36.621 -4.883 99.182 -16.479 202.637 699.615 86.212 583.191 918.732 164.948 401.306 632.019 468.903 -5000 4.425 -753.784 31.891 -15.259 16.479 285.492 59.052 400.238 781.25 98.572 -1413.727 364.99 74.921 25.33 23.041 50.201 2543.488 2500.458 2115.326 1742.249 1388.245 1024.933 666.656 183.411 3.967 24.109 69.275 3.204 -333.405 -677.49 -1016.693 -1358.948 -1698.761 -2036.896 -2375.488 -2700.195 399.628 700.378 416.718 61.646 3.052 -344.086 -699.005 575 605 907 29.2 31.91 61 11 2408 1 034
6033686 7497 2025/12/25 18:58:51 P18 73.91 25.3 0 8.36 39.67 970.47 964.1 317.841 553.589 3846.436 297.852 487.518 679.169 430.603 -12.665 -12.665 92.926 -15.411 203.705 699.31 86.67 583.801 921.173 163.879 402.222 631.561 469.36 -5000 5.188 -756.683 -1.373 -16.022 17.7 283.356 59.509 401.001 775.909 97.351 -1409.912 365.448 74.921 20.905 13.428 49.744 2541.504 2500 2114.716 1737.976 1379.242 1013.184 655.67 184.631 6.561 27.771 69.122 2.136 -332.031 -676.27 -1015.93 -1359.863 -1701.202 -2040.405 -2379.15 -2704.773 403.29 698.242 416.718 61.035 7.477 -349.731 -704.498 563 600 907 29.23 32.01 61 11 2408 1 034
6033687 7497 2025/12/25 18:58:52 P18 74.06 25.27 0 8.2 39.53 970.45 964.08 320.74 555.42 3844.91 294.647 488.739 677.948 431.366 -80.261 17.853 92.468 -14.954 203.4 701.141 81.329 583.191 920.41 161.438 401.001 630.493 469.208 -5000 -3.357 -753.784 24.261 -15.259 17.395 283.356 58.441 401.154 782.013 95.673 -1407.471 365.143 73.395 24.567 21.667 49.133 2548.676 2502.594 2115.784 1742.859 1389.16 1027.679 670.929 182.343 6.561 41.809 67.444 6.866 -349.426 -685.73 -1020.813 -1360.779 -1700.134 -2037.048 -2373.352 -2696.991 399.017 696.564 417.786 61.798 6.256 -349.579 -703.125 572 600 906 29.23 31.98 61 11 2408 1 034
6033688 7497 2025/12/25 18:58:53 P18 73.94 25.27 0 8.25 39.53 970.45 964.09 321.503 555.573 3845.062 294.495 489.197 679.779 430.603 49.438 -3.815 75.989 -15.411 202.026 695.496 85.144 583.801 920.258 163.574 402.832 630.493 469.513 -5000 2.441 -750.885 -5.341 -14.496 16.479 282.898 60.272 399.78 777.74 105.133 -1406.555 364.38 74.158 19.989 20.294 52.49 2546.387 2501.831 2114.258 1742.249 1387.329 1026.306 668.488 184.479 7.172 36.926 67.596 5.493 -329.285 -674.133 -1013.947 -1357.88 -1697.54 -2036.438 -2373.047 -2698.669 400.543 698.853 417.938 63.019 5.493 -346.222 -700.073 561 600 906 29.2 31.97 61 11 2408 1 034
6033689 7497 2025/12/25 18:58:54 P18 74.06 25.33 0 8.25 39.62 970.45 964.09 321.96 553.589 3844.91 295.105 487.061 683.441 430.756 -41.046 -8.392 97.809 -15.869 201.416 699.768 86.67 583.649 921.173 162.201 400.696 631.104 468.75 -5000 -1.526 -749.664 44.25 -16.174 17.853 281.525 59.814 399.933 780.029 111.542 -1407.776 364.38 75.531 19.226 21.362 51.27 2542.572 2502.747 2112.122 1734.772 1379.089 1011.353 648.804 186.157 6.714 30.823 69.122 4.578 -330.2 -674.133 -1015.472 -1358.795 -1699.066 -2040.253 -2378.693 -2704.163 399.933 698.7 416.718 61.188 5.493 -344.391 -703.583 564 600 906 29.19 32.02 61 11 2408 1 034
6033690 7497 2025/12/25 18:58:55 P18 73.95 25.23 0 8.05 39.56 970.46 964.12 321.198 555.573 3843.994 296.478 488.129 680.389 430.45 7.477 -18.921 63.019 -14.954 201.721 700.378 86.823 582.886 919.8 163.574 401.001 630.188 469.513 -5000 -2.441 -751.038 -1.221 -13.58 16.327 283.356 60.272 399.628 777.13 81.024 -1407.166 364.99 72.784 28.687 15.106 50.507 2546.539 2501.831 2108.459 1728.821 1371.46 1004.639 649.261 181.732 7.019 27.466 67.749 6.104 -336.761 -681.763 -1021.576 -1365.814 -1706.543 -2046.509 -2384.644 -2707.52 399.628 697.784 418.243 56.152 3.662 -356.445 -713.196 564 600 906 29.23 32.04 61 11 2408 1 034
6033691 7497 2025/12/25 18:58:56 P18 73.97 25.33 0 8.36 39.56 970.44 964.08 313.568 555.115 3842.316 292.969 488.129 680.237 430.45 -74.463 -44.861 60.883 -16.479 202.179 700.836 85.754 582.733 919.342 163.422 400.391 629.12 468.14 -5000 1.526 -749.817 33.722 -16.785 17.09 283.356 57.678 402.069 776.825 105.286 -1408.234 364.075 73.547 17.242 19.073 49.286 2548.37 2499.695 2116.394 1741.943 1387.177 1026.459 669.556 183.868 5.341 36.774 67.139 3.204 -333.862 -677.032 -1013.489 -1357.574 -1696.472 -2033.844 -2371.826 -2697.296 400.391 698.09 418.701 63.171 2.747 -346.68 -698.853 564 605 906 29.28 32.01 61 11 2408 1 034
6033692 7497 2025/12/25 18:58:57 P18 74.11 25.26 0 8.25 39.65 970.44 964.07 324.402 555.725 3842.468 298.004 488.281 678.406 432.892 111.542 -29.297 95.062 -14.801 202.026 701.447 83.313 582.581 918.732 162.811 400.696 629.12 468.903 -5000 7.629 -748.749 -15.411 -15.564 18.158 282.745 58.136 399.628 780.487 84.534 -1406.25 364.532 73.547 20.294 14.954 49.896 2548.828 2502.441 2114.105 1736.145 1379.395 1014.252 655.518 184.174 4.12 23.041 68.054 5.035 -335.388 -677.795 -1017.456 -1362.305 -1704.407 -2042.084 -2378.998 -2703.705 399.17 698.242 416.26 61.035 2.594 -348.816 -704.803 572 600 906 29.2 32 61 11 2408 1 034
6033693 7497 2025/12/25 18:58:58 P18 74 25.33 0 8.25 39.53 970.44 964.09 321.35 555.573 3840.942 300.598 487.061 681.763 430.756 67.749 -3.357 89.111 -14.648 200.5 700.684 87.891 582.581 921.021 162.201 401.306 629.272 469.666 -5000 2.747 -745.392 49.591 -17.548 17.853 283.966 58.899 401.764 778.809 97.351 -1412.048 363.159 72.327 20.599 24.719 50.659 2544.708 2500.153 2107.849 1728.058 1369.324 1002.502 645.447 184.937 5.188 23.804 69.275 3.357 -342.865 -688.629 -1028.29 -1371.002 -1712.189 -2051.086 -2389.679 -2712.86 399.17 699.158 415.192 59.509 4.883 -353.851 -711.365 563 600 906 29.2 32 61 11 2408 1 034
6033694 7497 2025/12/25 18:58:59 P18 74.05 25.32 0 8.32 39.63 970.44 964.11 322.876 555.878 3840.485 298.92 487.671 679.321 431.061 28.381 -38.605 95.215 -13.428 201.111 693.817 88.348 582.123 921.631 162.659 400.848 628.662 469.666 -5000 3.052 -746.307 -5.798 -15.869 16.632 282.745 59.509 399.933 776.215 98.114 -1410.217 363.77 72.021 23.193 19.531 49.744 2547.76 2501.831 2116.089 1744.69 1390.228 1027.679 671.234 183.105 7.782 28.534 67.291 5.188 -331.573 -674.591 -1012.421 -1355.438 -1694.489 -2033.081 -2369.385 -2694.55 400.238 697.937 419.006 64.24 5.188 -348.358 -700.836 555 600 906 29.25 32.05 61 11 2408 1 034
6033695 7497 2025/12/25 18:59:00 P18 73.98 25.36 0 8.32 39.69 965.77 964.11 320.74 554.657 3838.959 299.225 486.298 677.032 430.45 -61.951 3.662 86.212 -16.479 200.806 697.937 86.212 581.97 918.884 162.506 401.917 627.289 467.987 -5000 0.763 -747.375 -48.523 -14.954 18.921 282.745 58.899 399.323 779.877 81.329 -1408.234 363.159 74.158 21.515 20.905 50.354 2544.708 2500.763 2114.41 1739.655 1383.514 1019.592 661.774 184.326 6.561 30.823 66.681 6.561 -334.015 -676.575 -1014.862 -1358.948 -1698.914 -2037.811 -2375.946 -2701.111 399.17 698.242 417.175 62.408 2.899 -347.595 -702.362 576 605 906 29.25 32.1 61 11 2408 1 034
6033696 7497 2025/12/25 18:59:01 P18 74.08 25.37 0 8.29 39.67 965.75 964.09 323.792 554.352 3840.332 297.394 486.755 681.305 430.45 -85.449 -23.193 92.621 -15.869 201.721 696.564 88.654 581.818 921.936 162.048 400.238 627.289 469.818 -5000 1.526 -744.171 14.343 -15.869 16.022 282.898 60.12 397.949 777.74 87.28 -1409.149 363.007 71.716 18.311 16.479 50.049 2545.166 2499.542 2111.816 1732.483 1372.986 1007.233 651.855 180.359 8.087 16.479 66.528 7.019 -334.32 -674.286 -1018.982 -1364.441 -1705.78 -2044.983 -2383.423 -2708.588 401.306 698.242 419.159 61.188 5.646 -349.274 -707.703 576 600 906 29.23 31.99 61 11 2408 1 034
6033697 7497 2025/12/25 18:59:02 P18 74.06 25.25 0 8.29 39.58 965.72 964.09 318.604 554.199 3838.501 298.309 485.992 677.795 430.145 64.85 -0.916 79.651 -15.411 202.942 697.174 88.196 582.123 917.969 161.591 400.848 626.526 467.834 -5000 5.798 -742.645 28.381 -16.632 16.479 283.051 59.662 399.323 776.52 96.283 -1409.454 363.159 72.784 19.226 20.599 50.049 2541.504 2501.526 2108.765 1730.499 1373.444 1009.521 655.365 185.699 6.714 9.46 66.986 3.357 -331.268 -677.338 -1018.066 -1361.237 -1702.423 -2041.626 -2380.371 -2703.857 399.323 699.158 414.276 61.798 6.714 -353.394 -710.602 564 595 906 29.18 32.07 61 11 2408 1 034
6033698 7497 2025/12/25 18:59:03 P18 74.11 25.2 0 8.12 39.67 965.78 964.08 320.129 555.878 3837.28 298.157 487.823 674.744 430.45 -55.389 -7.935 84.991 -15.106 200.653 700.836 93.536 581.512 921.631 161.743 400.848 628.815 467.834 -5000 2.899 -741.119 50.049 -14.496 16.632 283.051 59.662 398.712 776.367 106.659 -1407.623 362.854 72.784 23.956 15.106 49.438 2546.234 2500.153 2115.021 1741.333 1387.024 1024.628 667.114 183.868 7.019 17.548 65.765 5.493 -332.642 -671.234 -1011.658 -1355.438 -1696.014 -2035.217 -2372.284 -2696.838 400.848 696.564 418.701 62.256 3.967 -350.494 -704.498 571 600 904 29.19 32.1 61 11 2408 1 034
6033699 7497 2025/12/25 18:59:04 P18 74.09 25.38 0 8.41 39.55 965.75 964.11 320.129 555.725 3836.365 294.8 487.061 679.932 430.45 98.877 -4.883 88.959 -14.496 201.416 700.836 85.907 581.665 926.208 161.285 400.085 626.221 468.445 -5000 9.766 -735.474 91.4 -15.411 16.632 282.593 58.289 398.102 777.74 106.049 -1408.691 363.007 73.242 22.125 13.428 49.744 2549.133 2500.61 2112.427 1737.518 1379.7 1016.235 659.79 180.359 3.052 41.656 69.275 6.256 -331.268 -675.354 -1014.404 -1358.795 -1698.761 -2039.49 -2377.014 -2702.789 401.611 697.174 414.734 62.408 1.373 -346.985 -702.82 560 600 904 29.28 32.06 61 11 2408 1 034
6033700 7497 2025/12/25 18:59:05 P18 74.09 25.34 0 8.41 39.64 965.73 964.09 321.96 554.81 3831.024 293.884 486.298 678.406 430.45 -83.466 -5.798 81.94 -13.58 201.569 699.463 90.332 581.665 922.089 161.285 400.085 626.068 469.513 -5000 11.902 -738.831 29.602 -16.327 16.632 283.203 59.509 397.491 776.978 100.861 -1405.487 362.396 72.937 22.888 18.921 49.744 2547.15 2501.526 2112.122 1733.398 1375.275 1006.622 650.177 183.411 3.815 42.572 68.512 3.967 -333.862 -678.864 -1018.982 -1364.288 -1705.78 -2044.983 -2384.033 -2708.893 400.696 698.395 416.412 60.425 6.561 -350.037 -708.008 560 600 904 29.18 32.02 61 11 2408 1 034
6033701 7497 2025/12/25 18:59:06 P18 74.08 25.3 0 8.27 39.57 965.76 964.09 320.129 555.115 3832.092 294.952 485.687 676.727 430.908 -31.586 15.717 94.452 -16.174 202.484 700.073 87.891 582.275 922.089 161.133 399.78 626.831 469.666 -5000 -1.984 -736.237 23.041 -15.564 18.616 282.135 58.289 398.254 775.604 108.185 -1410.522 363.007 74.921 23.956 19.836 49.591 2548.828 2500.916 2116.547 1745.148 1391.602 1029.663 673.981 186.615 6.409 28.992 67.291 4.12 -330.353 -679.321 -1012.726 -1354.218 -1693.115 -2031.86 -2366.333 -2694.092 399.628 698.547 416.718 63.782 5.188 -351.715 -702.667 572 605 903 29.25 32.02 61 11 2408 1 034
6033702 7497 2025/12/25 18:59:07 P18 74.12 25.33 0 8.14 39.56 965.78 964.08 318.604 555.573 3834.076 293.427 486.603 673.828 430.908 58.289 -10.681 74.768 -15.411 200.5 700.226 89.264 581.36 921.326 161.285 400.848 625.153 467.682 -5000 0.305 -738.983 -52.795 -14.496 16.632 282.745 59.509 399.78 774.078 89.722 -1409.149 362.549 73.09 17.09 19.989 49.591 2546.997 2500.763 2116.394 1742.249 1389.008 1025.696 667.725 188.141 3.967 47.302 67.139 1.221 -331.268 -674.438 -1013.641 -1356.964 -1696.472 -2035.828 -2372.284 -2698.059 400.238 698.395 417.023 67.596 5.188 -347.9 -702.362 571 600 903 29.18 32.03 61 11 2408 1 034
6033703 7497 2025/12/25 18:59:08 P18 74.14 25.44 0 8.36 39.58 965.77 964.07 315.399 554.199 3833.313 292.358 485.687 680.084 431.213 -90.79 -5.341 64.24 -15.259 201.874 700.378 90.485 580.902 923.309 160.98 400.696 624.39 466.919 -5000 -4.578 -734.711 -11.292 -14.343 16.937 282.745 59.814 399.017 776.52 97.809 -1410.522 360.565 72.784 17.09 21.82 49.591 2543.488 2500.763 2114.563 1737.366 1381.989 1017.761 659.79 182.037 5.035 30.518 67.139 5.951 -333.405 -678.711 -1017.303 -1361.694 -1701.355 -2040.71 -2379.608 -2704.773 398.254 695.038 416.412 61.646 2.899 -349.884 -704.041 571 600 901 29.2 32.03 61 11 2408 1 034
6033704 7497 2025/12/25 18:59:09 P18 74.06 25.25 0 8.22 39.66 965.75 964.08 315.552 554.81 3833.008 294.8 485.84 678.711 430.603 -51.27 -18.311 94.299 -15.564 198.975 697.632 86.06 581.36 922.241 158.691 399.628 623.932 469.055 -5000 3.815 -736.694 43.793 -15.717 18.005 283.813 58.441 397.339 776.825 118.408 -1409.76 362.549 74.921 20.599 18.616 50.049 2546.539 2499.695 2108.307 1730.957 1371.765 1005.554 649.719 187.378 3.052 35.4 69.58 3.662 -331.879 -676.422 -1018.677 -1362.305 -1704.865 -2047.272 -2383.423 -2707.977 400.696 698.547 416.565 61.035 6.866 -352.631 -708.618 571 590 901 29.2 32.03 61 11 2408 1 034
6033705 7497 2025/12/25 18:59:10 P18 74.16 25.23 0 8.19 39.53 965.78 964.11 316.315 555.878 3830.719 297.089 485.229 678.711 430.45 65.46 -38.757 100.555 -15.869 199.89 697.632 92.316 580.75 922.241 160.828 401.154 624.695 467.072 -5000 12.665 -737.762 21.362 -16.479 17.242 282.593 59.052 397.491 774.841 100.25 -1408.234 362.854 74.31 23.193 5.341 50.354 2542.114 2501.831 2114.258 1744.69 1389.771 1028.137 672.913 188.446 1.068 35.248 66.833 3.357 -332.642 -676.575 -1014.709 -1357.117 -1697.235 -2035.217 -2369.385 -2695.465 400.391 698.7 415.039 62.714 1.221 -345.459 -698.242 571 595 901 29.23 32.12 61 11 2408 1 034
6033706 7497 2025/12/25 18:59:11 P18 74.14 25.37 0 8.22 39.58 965.73 964.11 316.162 555.42 3832.092 295.258 484.924 678.711 430.756 160.065 -45.013 81.177 -15.869 201.263 698.09 91.4 581.36 923.157 159.302 400.085 623.474 466.919 -5000 14.038 -736.694 70.343 -16.022 16.785 283.051 60.272 397.797 774.841 93.384 -1409.454 362.091 72.327 23.041 18.921 50.659 2543.03 2500.305 2115.936 1741.791 1389.313 1025.696 669.861 186.92 3.052 32.654 67.139 4.883 -333.71 -677.032 -1015.778 -1359.406 -1697.693 -2036.896 -2374.42 -2700.043 397.339 696.716 414.581 63.171 4.425 -345.154 -699.768 572 595 901 29.26 32.01 61 11 2408 1 034
6033707 7497 2025/12/25 18:59:12 P18 74.08 25.32 0 8.09 39.59 965.77 964.09 318.604 553.284 3831.177 296.936 486.603 679.321 430.908 39.062 -10.071 53.864 -16.785 200.806 697.784 91.705 581.055 920.41 159.76 400.391 623.169 466.461 -5000 0 -734.406 67.139 -15.869 16.632 282.745 59.052 396.576 773.468 85.754 -1410.065 362.091 76.294 23.499 17.242 49.744 2543.182 2501.221 2114.563 1739.807 1383.667 1018.372 660.4 185.699 5.646 37.384 69.122 3.815 -333.71 -678.253 -1016.541 -1360.168 -1701.202 -2040.253 -2377.93 -2704.01 398.56 699.31 416.565 62.714 5.798 -345.306 -700.684 572 595 901 29.26 32.01 61 11 2408 1 034
6033708 7497 2025/12/25 18:59:13 P18 73.98 25.23 0 8.17 39.48 965.8 964.08 316.162 556.335 3830.261 295.868 484.924 678.406 431.061 -63.019 -5.951 46.539 -14.496 200.195 694.885 87.433 579.834 922.394 159.912 400.543 623.169 467.682 -5000 17.548 -733.643 -28.076 -16.174 16.632 282.135 59.052 396.881 775.909 108.49 -1406.403 362.091 75.836 19.226 20.447 48.828 2546.844 2500.305 2113.19 1736.755 1382.446 1022.186 664.825 186.157 5.188 41.809 66.986 6.256 -334.93 -679.016 -1016.846 -1361.389 -1699.066 -2037.659 -2374.878 -2698.364 397.339 696.411 416.718 61.188 3.662 -353.699 -709.381 565 595 901 29.19 32.03 61 11 2408 1 034
6033709 7497 2025/12/25 18:59:14 P18 74.06 25.27 0 8.2 39.69 965.75 964.09 320.587 554.81 3829.041 295.41 484.619 672.607 430.908 -23.193 5.493 93.842 -16.479 198.975 694.733 94.452 581.055 921.326 159.912 400.085 624.695 468.14 -5000 2.899 -732.269 62.714 -15.106 16.479 282.593 58.746 395.66 773.315 83.923 -1411.896 361.633 74.158 13.733 22.278 48.828 2546.997 2501.831 2116.241 1744.232 1390.533 1028.748 671.539 186.768 3.662 44.098 67.749 3.662 -332.642 -677.032 -1013.184 -1355.591 -1695.251 -2032.623 -2368.469 -2694.092 401.154 697.327 418.701 62.256 3.51 -343.475 -697.021 558 585 902 29.2 32.13 61 11 2408 1 034
6033710 7497 2025/12/25 18:59:15 P18 74.09 25.34 0 8.24 39.66 965.76 964.09 317.993 555.878 3828.888 295.868 486.45 672.607 430.603 -4.578 -2.899 56 -15.564 202.484 700.378 92.163 579.834 921.326 159.149 399.933 622.559 465.851 -5000 10.529 -726.318 -6.866 -13.275 16.632 282.593 59.357 397.339 771.942 90.637 -1409.149 361.328 72.632 18.616 15.411 48.828 2547.15 2501.678 2114.41 1740.265 1386.719 1025.696 668.182 182.037 4.883 31.281 67.444 7.324 -332.642 -674.744 -1013.489 -1356.201 -1695.557 -2034.912 -2372.437 -2696.686 399.017 695.496 418.396 60.577 3.204 -347.595 -700.531 558 585 902 29.22 32.09 61 11 2408 1 034
6033711 7497 2025/12/25 18:59:16 P18 74.09 25.34 0 8.14 39.68 965.75 964.09 315.704 554.504 3823.395 297.241 484.314 678.101 430.756 20.447 0.763 89.111 -16.937 198.364 698.853 97.961 579.834 923.004 158.844 399.933 623.016 466.003 -5000 2.441 -728.76 5.035 -16.479 18.158 282.135 59.204 394.745 772.705 93.231 -1406.25 361.481 75.226 22.43 15.106 50.049 2542.267 2501.526 2114.258 1736.45 1383.057 1017.609 657.959 182.037 7.782 39.215 65.918 6.714 -330.963 -675.659 -1015.778 -1360.626 -1700.592 -2039.337 -2379.15 -2703.857 400.696 696.106 417.328 64.392 4.578 -348.358 -702.667 571 590 902 29.25 31.99 60 11 2408 1 034
6033712 7497 2025/12/25 18:59:17 P18 74.16 25.34 0 8.21 39.66 965.75 964.07 320.587 557.098 3827.057 295.868 485.077 676.117 431.061 -4.578 -25.482 98.572 -15.411 201.416 699.31 89.722 580.292 922.394 159.302 398.865 621.033 466.614 -5000 7.782 -731.506 107.269 -14.648 16.632 282.44 59.052 396.881 774.078 90.637 -1409.454 361.023 74.463 22.125 20.905 50.049 2548.828 2501.221 2111.359 1738.129 1383.514 1020.813 665.436 180.969 5.035 33.264 68.054 6.256 -331.421 -677.032 -1016.235 -1359.253 -1699.371 -2038.269 -2374.42 -2698.669 398.254 694.885 417.786 59.204 4.272 -348.358 -704.193 564 590 902 29.22 32.13 60 11 2408 1 034
6033713 7497 2025/12/25 18:59:18 P18 74.02 25.34 0 8.25 39.66 965.75 964.09 315.399 555.267 3827.667 294.952 484.009 675.507 430.603 -45.166 -24.414 106.354 -13.733 200.348 699.005 94.452 579.224 923.309 158.997 399.323 620.117 466.461 -5000 7.172 -729.828 38.452 -16.327 17.395 281.982 60.272 396.118 774.231 93.994 -1408.386 361.481 73.853 20.447 17.7 49.896 2542.725 2500.763 2116.089 1746.063 1389.618 1029.205 681.152 181.58 3.815 39.368 68.97 1.831 -333.862 -677.795 -1014.557 -1356.812 -1696.32 -2035.675 -2369.08 -2695.465 398.56 697.327 415.497 62.256 4.425 -345.917 -699.615 576 585 902 29.2 32.09 60 11 2408 1 034
6033714 7497 2025/12/25 18:59:19 P18 74.11 25.23 0 8.29 39.72 965.76 964.09 316.62 555.115 3825.684 302.124 484.619 674.896 430.603 115.662 -12.207 80.566 -16.327 199.28 697.327 95.52 579.681 923.767 158.386 400.085 620.422 466.156 -5000 -1.678 -731.354 38.452 -15.106 18.005 283.508 59.204 395.966 774.536 97.504 -1409.912 361.786 74.615 23.804 18.616 48.981 2543.945 2500.916 2114.868 1742.706 1388.397 1025.848 669.098 179.901 3.662 25.787 67.444 6.256 -331.116 -675.354 -1013.031 -1356.812 -1697.235 -2035.217 -2373.047 -2697.906 398.254 694.885 417.938 62.103 0.916 -345.764 -699.463 576 585 902 29.2 32.09 60 11 2408 1 034
6033715 7497 2025/12/25 18:59:20 P18 74.14 25.38 0 8.32 39.61 965.77 964.1 318.909 555.115 3825.378 303.345 484.314 674.286 430.298 -5.035 -18.463 96.13 -15.717 200.653 699.005 92.773 579.987 922.852 158.539 399.628 621.033 466.919 -5000 9.308 -726.776 16.479 -13.733 17.09 282.593 58.289 397.034 771.179 88.806 -1410.065 359.497 75.226 20.294 14.954 50.507 2548.065 2501.831 2113.495 1736.45 1381.073 1015.167 659.18 178.833 5.341 50.354 69.427 7.935 -330.658 -674.438 -1014.099 -1358.185 -1698.456 -2037.964 -2376.709 -2702.637 398.254 695.801 419.159 62.714 4.578 -348.816 -704.651 564 580 900 29.2 32.09 60 11 2408 1 034
6033716 7497 2025/12/25 18:59:21 P18 74.22 25.36 0 8.29 39.64 965.79 964.1 316.01 556.03 3823.09 305.176 484.772 672.607 430.908 -19.684 1.831 97.046 -16.174 200.195 696.716 85.754 578.918 921.936 158.234 400.391 620.422 466.309 -5000 11.139 -725.708 -2.594 -13.733 17.853 283.203 57.22 396.729 772.858 94.452 -1407.471 358.276 74.463 15.869 16.632 48.981 2549.133 2500.916 2113.953 1739.655 1383.667 1021.271 667.114 185.242 3.204 35.553 68.665 3.052 -331.879 -676.727 -1015.625 -1358.948 -1699.982 -2038.116 -2374.115 -2699.127 397.797 696.564 415.955 61.493 4.272 -345.764 -701.447 564 585 899 29.18 32.11 60 11 2408 1 034
6033717 7497 2025/12/25 18:59:22 P18 74.16 25.4 0 8.31 39.66 965.76 964.09 315.857 555.573 3823.853 303.802 484.619 675.201 430.298 -67.902 -13.275 93.994 -15.564 199.28 698.547 95.825 580.139 924.683 158.539 399.933 618.896 464.783 -5000 5.798 -724.182 28.381 -15.717 16.785 281.982 58.289 395.05 772.552 101.318 -1409.149 360.413 73.395 19.989 16.785 50.049 2543.64 2502.136 2116.852 1745.911 1391.754 1028.442 674.744 185.699 3.052 43.03 68.665 2.594 -333.252 -675.507 -1014.709 -1356.506 -1695.099 -2032.928 -2367.096 -2693.634 399.933 697.327 416.718 62.866 5.646 -344.238 -697.937 564 585 898 29.25 32.05 60 11 2408 1 034
6033718 7497 2025/12/25 18:59:23 P18 74.09 25.3 0 8.24 39.49 965.73 964.1 321.045 556.183 3822.937 304.26 484.314 675.659 431.213 -52.185 -11.902 73.853 -14.801 200.958 700.226 94.91 579.987 924.377 157.623 400.085 619.659 465.088 -5000 7.019 -719.452 52.948 -15.106 15.106 282.44 58.441 394.135 769.958 97.961 -1406.86 360.565 72.784 20.752 19.531 50.049 2547.455 2501.221 2115.479 1741.028 1387.024 1024.017 665.588 183.868 6.409 43.945 66.223 7.782 -331.573 -675.507 -1014.404 -1359.406 -1698.914 -2038.269 -2375.793 -2701.263 399.475 694.122 419.769 62.256 5.188 -345.917 -701.141 564 585 898 29.25 32.05 60 11 2408 1 034
6033719 7497 2025/12/25 18:59:24 P18 74.12 25.32 0 8.34 39.51 965.76 964.1 320.129 555.267 3821.869 303.65 484.314 677.338 430.756 -56.152 -36.316 95.825 -16.479 200.653 697.632 97.198 578.156 923.462 159.912 400.238 618.896 466.309 -5000 -0.305 -712.28 37.384 -15.106 16.174 282.44 60.272 395.355 767.212 103.76 -1405.945 359.192 72.784 16.174 10.529 49.744 2544.403 2502.136 2111.511 1736.603 1379.547 1017.609 662.231 184.021 2.289 44.098 67.444 5.951 -334.93 -681.61 -1019.745 -1363.373 -1703.186 -2040.1 -2378.54 -2702.026 396.729 696.259 416.412 60.12 4.272 -349.579 -705.414 564 580 897 29.23 32.15 60 11 2408 1 034
6033720 7497 2025/12/25 18:59:25 P18 74.19 25.37 0 8.15 39.66 965.74 964.09 315.704 555.115 3821.411 302.277 483.856 675.964 431.213 23.193 -13.733 81.024 -15.869 199.432 696.259 97.809 578.308 924.225 158.081 400.238 618.439 465.088 -5000 -0.61 -715.79 -23.193 -16.174 17.548 282.44 60.577 395.355 769.196 106.659 -1402.893 359.497 74.005 15.259 17.09 50.659 2541.656 2501.678 2113.953 1740.112 1385.345 1025.085 669.556 189.667 6.256 48.523 67.749 4.12 -330.963 -676.727 -1015.167 -1357.574 -1697.693 -2035.675 -2369.995 -2695.312 398.865 699.31 417.786 63.324 6.104 -348.663 -702.972 572 580 897 29.16 32.02 60 11 2408 1 034
6033721 7497 2025/12/25 18:59:26 P18 74.19 25.25 0 8.34 39.57 965.76 964.09 318.909 554.504 3820.343 302.887 484.924 675.812 430.45 54.779 -9.003 99.03 -16.785 200.043 697.327 94.452 578.613 924.072 157.471 399.628 617.828 464.783 -5000 1.678 -714.569 7.477 -14.954 17.242 282.135 59.357 394.897 767.517 94.299 -1408.081 360.26 72.937 15.717 22.43 50.354 2544.556 2500.305 2117.462 1746.216 1391.296 1028.9 673.065 190.43 4.425 28.229 69.122 2.747 -330.353 -674.438 -1012.268 -1354.675 -1694.031 -2032.623 -2368.164 -2694.244 399.17 697.327 418.091 63.934 7.172 -346.985 -698.547 572 585 895 29.23 32.01 60 11 2408 1 034
6033722 7497 2025/12/25 18:59:27 P18 74.21 25.37 0 8.19 39.63 965.76 964.08 319.061 554.657 3820.343 302.124 483.093 676.117 431.061 -10.223 4.73 65.155 -16.327 199.127 698.395 97.504 578.461 924.683 157.013 400.238 618.591 465.851 -5000 9.766 -714.569 5.493 -16.479 16.937 281.982 59.509 394.287 768.585 77.362 -1410.217 358.887 73.395 14.954 16.327 49.438 2543.182 2501.984 2114.716 1741.943 1386.108 1023.712 664.825 187.988 5.341 35.4 68.665 4.883 -330.811 -674.591 -1013.489 -1358.032 -1697.693 -2037.659 -2374.878 -2698.212 400.238 697.327 417.023 69.427 5.341 -345.917 -700.073 562 585 895 29.19 32.08 60 11 2408 1 034
6033723 7497 2025/12/25 18:59:28 P18 74.18 25.37 0 8.27 39.67 965.74 964.1 316.925 556.03 3814.24 301.514 483.704 672.607 430.603 -38.3 -4.272 78.278 -16.174 201.263 695.496 93.536 577.545 922.852 156.708 398.712 617.065 464.783 -5000 -0.916 -717.926 62.714 -15.106 17.853 281.982 58.136 395.966 770.874 93.842 -1411.438 359.497 73.853 11.902 19.531 49.896 2548.218 2500.61 2112.885 1742.859 1383.362 1021.271 664.368 184.326 6.104 30.975 65.46 6.561 -334.167 -679.474 -1018.982 -1360.779 -1701.66 -2039.795 -2375.488 -2699.738 400.085 693.817 417.48 60.272 3.967 -349.579 -705.566 573 585 895 29.22 32 60 11 2408 1 034
6033724 7497 2025/12/25 18:59:29 P18 74.09 25.27 0 8.25 39.7 965.77 964.08 313.416 554.504 3818.665 303.65 483.246 674.286 431.061 -3.357 -8.545 82.092 -16.174 199.28 696.411 97.656 578.308 924.683 158.081 399.628 616.455 464.172 -5000 1.678 -713.348 9.613 -16.479 16.632 281.982 59.357 396.423 767.517 102.081 -1410.675 359.65 72.937 15.564 15.259 51.27 2542.877 2500.305 2114.716 1741.791 1387.177 1024.323 669.403 192.261 4.272 31.128 67.444 2.747 -333.252 -677.49 -1015.167 -1357.422 -1696.625 -2034.912 -2370.3 -2695.16 397.339 695.801 416.412 61.493 3.052 -345.306 -699.768 564 585 895 29.19 32.1 60 11 2408 1 034
6033725 7497 2025/12/25 18:59:30 P18 74.09 25.25 0 8.25 39.69 965.77 964.08 318.756 556.183 3817.291 299.53 483.398 670.319 431.213 23.041 -32.959 82.092 -14.954 197.449 698.242 100.555 578.003 923.462 156.555 399.78 617.523 465.851 -5000 4.272 -710.449 -27.313 -13.885 15.869 281.982 59.052 392.914 768.738 90.332 -1410.675 359.65 73.242 15.564 15.564 49.591 2546.082 2501.984 2116.699 1744.385 1390.533 1027.832 672.607 187.225 2.441 40.894 68.97 2.747 -332.336 -675.812 -1012.421 -1355.286 -1694.336 -2033.386 -2366.638 -2695.007 400.238 697.479 416.107 65.613 5.493 -344.086 -696.869 564 585 895 29.19 32.1 60 11 2408 1 034
6033726 7497 2025/12/25 18:59:31 P18 74.05 25.27 0 8.24 39.64 965.75 964.12 314.026 556.641 3816.681 300.903 482.941 670.776 430.756 35.095 -1.373 88.348 -16.174 199.89 698.09 92.773 577.393 924.072 156.097 399.017 615.692 464.63 -5000 4.883 -707.397 14.191 -15.259 16.937 282.288 59.814 394.897 769.958 83.313 -1409.912 359.039 72.174 23.804 18.005 49.896 2545.471 2500.61 2110.748 1733.398 1375.58 1012.115 655.975 189.056 6.561 31.586 69.122 1.831 -332.336 -677.185 -1017.151 -1361.847 -1702.423 -2041.168 -2379.761 -2702.789 398.712 696.106 416.718 59.357 6.409 -352.631 -708.771 572 585 894 29.19 32.1 60 11 2408 1 034
6033727 7497 2025/12/25 18:59:32 P18 74.06 25.25 0 8.32 39.58 965.76 964.1 317.688 556.03 3816.681 301.514 483.551 675.049 430.908 -65.002 -16.785 77.667 -15.106 197.601 699.463 102.234 578.003 924.53 156.25 398.712 616.302 465.546 -5000 3.204 -712.585 41.351 -14.954 17.09 281.677 59.357 393.372 761.261 114.746 -1410.37 358.887 74.615 19.226 18.158 50.354 2547.76 2502.441 2111.511 1736.298 1381.531 1017.609 662.994 184.326 5.951 19.531 66.376 6.714 -332.642 -676.727 -1016.693 -1359.863 -1699.066 -2038.727 -2374.725 -2698.975 398.865 698.853 417.786 62.561 5.646 -350.647 -703.278 572 585 894 29.22 32.05 60 11 2408 1 034
6033728 7497 2025/12/25 18:59:33 P18 74.08 25.27 0 8.47 39.65 965.76 964.1 314.026 556.183 3815.155 300.446 483.093 671.844 430.908 -5.341 -41.656 73.547 -15.564 198.975 695.953 94.604 577.087 924.377 156.555 400.238 615.234 463.867 -5000 1.221 -709.686 1.831 -15.106 17.7 281.83 57.068 394.44 769.653 92.926 -1409.454 358.887 75.531 20.905 21.362 49.591 2545.319 2501.526 2113.8 1742.554 1387.482 1027.069 672.15 183.716 6.409 33.875 67.749 4.425 -329.59 -675.201 -1011.963 -1355.743 -1694.641 -2032.166 -2367.249 -2692.566 398.407 696.411 421.448 63.324 4.272 -346.985 -700.836 564 585 894 29.2 31.99 60 11 2408 1 034
6033729 7497 2025/12/25 18:59:34 P18 74.26 25.29 0 8.29 39.57 965.75 964.1 313.873 554.504 3811.646 299.835 482.941 673.523 430.756 26.245 -18.158 87.738 -16.174 200.043 695.343 100.861 577.698 924.377 156.403 399.17 614.777 463.715 -5000 7.629 -709.534 5.798 -16.022 17.09 281.677 59.967 393.982 764.923 81.94 -1410.828 358.887 74.463 19.989 27.618 49.591 2541.962 2502.136 2114.716 1741.791 1388.55 1026.764 668.335 186.615 2.441 33.112 64.697 2.747 -329.895 -673.37 -1011.81 -1354.675 -1695.709 -2033.386 -2371.216 -2695.312 397.949 697.784 416.107 63.782 5.493 -343.933 -698.09 564 585 894 29.2 31.99 60 11 2408 1 034
6033730 7497 2025/12/25 18:59:35 P18 74.11 25.32 0 8.31 39.6 965.75 964.1 318.298 555.573 3814.392 293.121 483.398 671.539 431.061 -53.101 -5.646 85.144 -15.717 197.601 696.716 106.201 576.63 923.309 155.945 398.712 615.845 463.409 -5000 -0.61 -707.092 8.24 -14.496 15.869 281.982 59.509 392.914 762.939 104.523 -1415.558 358.276 72.784 20.905 20.447 49.133 2546.082 2502.136 2113.19 1737.366 1381.836 1017.609 663.757 189.667 6.866 21.667 69.275 7.477 -330.811 -676.117 -1016.846 -1359.1 -1699.677 -2038.422 -2375.641 -2699.89 398.56 696.716 418.091 62.256 4.73 -350.342 -707.703 562 585 894 29.2 32.07 60 11 2408 1 034
6033731 7497 2025/12/25 18:59:36 P18 74.08 25.32 0 8.26 39.56 965.76 964.08 316.01 554.81 3813.934 292.358 482.178 674.286 430.756 -1.678 25.787 82.55 -15.717 198.822 696.564 104.98 577.698 924.377 156.097 398.865 614.319 464.935 -5000 6.104 -705.566 103.455 -16.327 16.785 281.525 59.967 393.372 759.43 101.776 -1410.828 358.582 76.599 19.379 16.174 49.896 2542.419 2500.305 2115.173 1739.502 1385.193 1024.017 666.504 191.345 3.204 22.278 71.564 2.289 -334.93 -680.084 -1017.609 -1361.389 -1700.134 -2038.727 -2374.725 -2698.975 399.933 696.411 415.955 61.493 5.646 -347.748 -703.125 564 585 894 29.25 32.04 60 11 2408 1 034
6033732 7497 2025/12/25 18:59:37 P18 74.15 25.32 0 8.32 39.57 965.78 964.1 315.704 556.335 3812.714 288.086 483.093 671.539 430.908 112 -6.714 75.684 -14.801 196.686 697.632 101.624 576.324 924.683 155.64 397.949 614.166 464.478 -5000 -0.458 -704.956 76.752 -15.106 15.869 282.593 59.662 392.914 763.397 98.724 -1408.997 357.361 74.463 19.379 15.869 50.049 2546.387 2501.678 2116.852 1745.758 1392.059 1029.358 672.913 190.43 5.951 25.177 67.596 5.493 -329.285 -673.981 -1011.505 -1354.218 -1694.183 -2032.623 -2367.706 -2693.634 398.102 695.19 418.243 62.866 3.357 -345.917 -699.921 572 590 894 29.22 32.07 60 11 2408 1 034
6033733 7497 2025/12/25 18:59:38 P18 74.09 25.29 0 8.25 39.55 970.45 964.08 321.198 555.267 3812.256 286.865 482.178 672.76 431.213 -52.948 2.136 63.782 -15.106 197.449 697.479 103.76 576.172 921.021 155.64 397.491 613.861 465.698 -5000 -10.986 -707.703 15.869 -16.327 16.174 281.982 59.509 392.456 766.754 80.261 -1409.149 358.276 73.7 22.43 21.82 48.828 2546.082 2500.458 2108.765 1728.516 1371.765 1005.859 650.94 191.956 2.289 45.929 70.343 3.967 -335.083 -681.458 -1019.745 -1365.204 -1705.475 -2044.067 -2383.118 -2707.214 397.644 697.021 416.107 59.662 7.172 -351.562 -708.771 565 590 894 29.23 32.07 60 11 2408 1 034
6033734 7497 2025/12/25 18:59:39 P18 74.14 25.34 0 8.29 39.66 970.45 964.09 316.467 556.335 3807.678 292.511 483.246 673.37 430.603 -31.738 3.052 89.874 -15.411 197.754 698.547 100.403 576.477 924.072 155.487 398.254 613.251 464.63 -5000 5.798 -707.397 36.163 -16.022 16.479 280.151 60.425 391.693 764.923 77.362 -1412.811 358.276 73.853 19.379 21.362 49.896 2546.692 2500 2113.495 1737.518 1381.836 1018.829 662.537 187.378 7.324 49.286 66.528 7.019 -333.252 -678.711 -1017.914 -1360.168 -1700.439 -2039.337 -2376.862 -2701.416 401.154 694.733 417.633 62.103 3.967 -350.189 -705.872 572 590 894 29.22 32.02 60 11 2408 1 034
6033735 7497 2025/12/25 18:59:40 P18 74.06 25.29 0 8.29 39.64 970.47 964.1 314.178 555.42 3810.883 294.037 481.873 667.572 430.45 41.046 10.376 84.229 -16.174 198.364 696.869 96.283 576.63 924.835 153.809 398.407 612.793 464.63 -5000 3.815 -702.209 26.55 -14.038 18.463 281.677 59.814 392.914 766.754 87.585 -1408.539 357.666 76.141 19.836 17.7 50.049 2544.25 2500.153 2115.173 1741.486 1387.939 1026.764 669.708 187.836 4.73 41.351 66.528 7.935 -333.862 -678.253 -1015.778 -1359.253 -1698.303 -2036.285 -2373.352 -2696.228 397.949 695.496 419.617 61.646 1.678 -347.443 -704.651 572 590 894 29.22 32.02 60 11 2408 1 034
6033736 7497 2025/12/25 18:59:41 P18 74.18 25.22 0 8.15 39.64 970.48 964.08 316.162 554.81 3807.678 292.358 481.567 673.523 430.45 23.346 -28.992 74.921 -16.022 197.601 696.259 103.607 576.172 924.53 155.029 397.797 612.946 462.952 -5000 3.51 -702.82 30.212 -16.785 17.853 280.457 59.052 392.761 763.397 87.891 -1410.522 357.208 75.531 19.531 13.733 50.659 2541.656 2501.221 2116.547 1744.232 1389.008 1027.679 672.607 186.462 2.594 38.91 66.528 5.493 -333.405 -677.185 -1013.947 -1356.964 -1695.862 -2039.795 -2372.894 -2696.991 396.881 695.343 416.565 63.324 3.967 -349.426 -700.684 573 590 894 29.22 32.02 60 11 2408 1 034
6033737 7497 2025/12/25 18:59:42 P18 74.08 25.32 0 8.07 39.61 970.45 964.08 319.824 555.878 3808.899 292.053 481.873 670.624 431.061 20.447 -5.798 83.008 -16.022 196.533 696.259 103.455 576.172 923.309 154.877 397.491 613.251 465.24 -5000 2.747 -703.43 -48.676 -14.801 15.717 281.372 59.204 390.778 764.313 108.032 -1412.048 357.208 71.716 17.09 11.749 49.438 2547.15 2500.61 2111.664 1734.924 1377.411 1011.505 654.907 188.599 5.188 18.311 68.359 4.578 -335.083 -680.542 -1020.508 -1363.983 -1703.491 -2042.236 -2379.913 -2705.078 399.017 694.733 416.565 59.814 5.035 -351.257 -707.245 571 590 895 29.23 32.14 60 11 2408 1 034
6033738 7497 2025/12/25 18:59:43 P18 74.02 25.32 0 8.34 39.61 970.45 964.12 312.347 555.42 3808.594 291.748 480.652 671.844 430.145 -57.983 -18.463 82.55 -16.632 197.754 694.427 102.539 575.714 925.14 154.419 397.949 612.03 463.867 -5000 6.409 -703.43 16.327 -16.632 16.327 281.982 60.577 391.998 763.55 92.926 -1409.149 357.208 74.463 23.041 13.428 49.591 2546.844 2503.357 2113.342 1736.908 1381.226 1020.203 660.248 187.073 8.392 17.853 68.207 3.052 -334.015 -678.864 -1017.303 -1360.168 -1700.134 -2037.354 -2375.031 -2699.585 399.323 694.733 417.48 61.646 3.357 -349.121 -704.651 572 590 895 29.26 32.12 60 11 2408 1 034
6033739 7497 2025/12/25 18:59:44 P18 74.05 25.38 0 8.2 39.6 970.45 964.09 315.247 554.657 3807.831 284.729 480.804 672.302 430.908 -5.646 -7.782 83.771 -15.411 197.906 695.038 103.149 575.409 925.293 154.114 397.186 611.572 463.715 -5000 -4.425 -699.005 -77.515 -15.106 17.09 281.372 59.967 393.829 762.634 102.539 -1410.522 357.208 75.073 23.499 23.804 50.659 2541.962 2501.221 2114.563 1741.791 1388.397 1026.459 671.234 186.31 8.545 27.161 67.749 4.73 -333.862 -677.032 -1015.167 -1358.032 -1697.083 -2034.454 -2370.3 -2694.397 396.729 694.122 420.38 60.577 4.12 -348.969 -700.684 564 590 896 29.2 32.03 60 11 2408 1 034
6033740 7497 2025/12/25 18:59:45 P18 74.02 25.26 0 8.31 39.69 970.44 964.08 317.993 556.946 3807.373 286.102 482.178 668.64 430.45 27.771 23.346 67.749 -14.954 196.075 697.784 103.149 575.867 922.546 155.029 398.56 611.42 463.409 -5000 2.899 -698.395 19.836 -14.191 16.785 282.288 59.052 392.151 761.719 104.523 -1408.081 356.75 73.547 24.719 10.529 49.286 2546.387 2502.136 2108.459 1730.347 1371.155 1005.554 650.177 187.683 2.136 37.689 68.512 2.136 -334.473 -680.695 -1019.592 -1364.441 -1705.78 -2045.593 -2385.101 -2709.808 397.491 696.564 416.87 59.204 4.578 -351.41 -709.076 557 590 896 29.15 32.14 60 11 2408 1 034
6033741 7497 2025/12/25 18:59:46 P18 74.04 25.25 0 8.25 39.72 970.44 964.11 315.857 555.573 3807.526 288.696 480.957 672.455 430.145 -12.207 -6.256 82.55 -16.327 196.228 693.817 105.286 575.256 924.835 154.266 398.865 612.03 463.104 -5000 14.648 -698.547 74.463 -16.785 17.09 281.677 58.746 390.93 763.092 94.147 -1409.149 356.903 73.853 25.024 17.853 49.591 2541.504 2501.526 2112.427 1738.739 1380.463 1018.219 662.842 187.531 2.747 32.043 65.918 5.341 -332.642 -678.864 -1016.846 -1362.305 -1701.66 -2039.49 -2375.488 -2699.585 397.339 695.496 416.26 60.73 3.967 -346.527 -701.294 572 590 897 29.19 32.12 60 11 2408 1 034
6033742 7497 2025/12/25 18:59:47 P18 74.09 25.37 0 8.29 39.68 970.47 964.1 313.568 555.725 3805.237 290.833 482.33 666.656 430.298 33.417 -35.095 80.261 -15.869 196.991 695.19 104.828 575.409 922.394 153.351 397.949 610.504 463.562 -5000 5.798 -697.327 55.695 -14.496 15.564 281.83 59.204 390.472 762.329 95.367 -1410.37 356.14 73.242 24.261 9.003 50.201 2544.708 2500.458 2112.732 1741.486 1387.634 1024.78 670.929 189.514 1.984 21.21 67.902 2.136 -332.794 -677.643 -1015.015 -1357.117 -1698.608 -2035.522 -2370.3 -2695.923 398.102 695.801 420.532 61.951 6.409 -347.137 -699.615 572 590 897 29.2 32.16 60 11 2408 1 034
6033743 7497 2025/12/25 18:59:48 P18 74.15 25.3 0 8.26 39.66 970.45 964.09 315.094 556.03 3805.695 292.358 480.652 671.997 430.45 8.85 -15.717 88.196 -16.479 197.296 697.021 106.201 575.562 924.835 153.198 397.949 610.046 464.325 -5000 15.717 -697.174 47.607 -16.327 16.022 281.372 58.899 391.541 762.329 82.092 -1409.149 356.598 73.395 22.125 14.496 48.523 2548.065 2500.763 2116.699 1744.843 1389.008 1027.374 670.013 191.04 3.51 32.196 69.427 3.51 -331.116 -675.049 -1013.641 -1356.049 -1695.862 -2033.844 -2370.148 -2696.381 398.102 691.681 416.718 64.545 6.714 -345.764 -697.784 564 590 897 29.22 32.07 60 11 2408 1 034
