6058309 7531 2026/1/25 16:09:01 P13 73.03 22.15 0 7.6 38.37 966.98 969.34 308.38 499.115 3574.982 180.969 417.48 549.164 470.734 38.605 3.357 99.64 -9.308 188.293 598.907 218.506 518.951 783.386 84.839 368.805 592.346 398.712 -5000 -2.441 102.386 4.883 -7.782 20.447 266.876 64.545 356.903 721.741 245.056 -1358.032 338.287 160.675 38.147 27.008 51.575 2543.03 2501.984 2111.359 1735.077 1380.615 1017.303 664.062 184.631 -14.954 34.79 71.106 10.223 -330.811 -675.049 -1014.099 -1358.795 -1699.219 -2039.032 -2377.014 -2701.721 381.775 686.493 435.333 75.989 5.493 -346.527 -703.278 589 840 400 25.96 30.97 35 8 2408 1 034
6058310 7531 2026/1/25 16:09:02 P13 73.02 22.09 0 7.57 38.22 974.7 972.52 297.852 492.096 3557.281 181.58 408.173 532.684 470.276 22.125 7.019 125.122 -10.071 185.242 585.327 216.98 503.082 774.384 80.719 364.532 585.632 386.505 -5000 -1.068 100.403 68.512 -8.698 19.531 264.74 64.392 352.631 734.1 252.228 -1360.474 332.642 155.029 36.774 31.281 52.338 2547.913 2499.847 2116.699 1741.18 1387.177 1023.56 663.452 177.002 -18.311 8.087 70.953 3.815 -331.421 -675.507 -1014.252 -1359.1 -1699.219 -2039.185 -2378.082 -2702.942 375.824 682.678 431.366 80.414 7.172 -343.323 -698.242 600 805 400 25.99 30.97 35 8 2408 1 034
6058311 7531 2026/1/25 16:09:03 P13 73.02 22.2 0 7.6 38.37 974.7 975.27 296.936 492.554 3557.434 182.19 406.342 531.464 470.123 -51.575 -16.022 121.002 -9.766 185.394 588.989 209.351 502.625 774.078 80.261 364.685 586.853 386.81 -5000 -0.763 102.234 86.975 -9.766 19.531 265.961 66.528 351.562 742.188 266.724 -1363.678 332.947 155.029 32.196 29.144 52.338 2548.065 2501.831 2112.427 1737.823 1379.395 1013.184 653.687 182.495 -13.885 19.226 72.021 10.223 -328.979 -673.523 -1013.641 -1358.032 -1700.592 -2040.1 -2373.199 -2704.62 377.655 685.272 434.418 78.278 6.561 -345.154 -700.989 603 815 400 25.93 31 35 8 2408 1 034
6058312 7531 2026/1/25 16:09:04 P13 73.03 22.19 0 7.55 38.31 958.76 975.27 297.546 492.096 3553.314 182.648 405.884 527.039 469.818 57.678 -25.482 76.294 -9.766 187.378 590.515 208.13 503.845 774.689 79.651 363.159 587.769 385.132 -5000 3.204 103.76 -10.834 -9.766 19.073 263.824 66.376 350.494 747.528 251.007 -1374.817 333.405 156.097 32.501 29.297 52.185 2545.929 2501.526 2113.495 1737.976 1383.82 1021.576 664.825 178.375 -16.785 35.248 71.716 5.646 -332.031 -676.727 -1016.083 -1359.1 -1698.761 -2039.49 -2377.014 -2701.416 377.045 682.526 433.655 77.209 5.035 -344.391 -700.531 612 820 400 25.98 30.83 35 8 2408 1 034
6058313 7531 2026/1/25 16:09:05 P13 72.99 22.1 0 7.65 38.19 959.21 975.83 298.615 493.774 3555.145 182.953 405.121 529.022 469.971 69.885 -30.212 126.19 -9.766 186.157 587.769 201.263 502.777 774.078 80.261 363.922 588.837 386.658 -5000 1.526 102.692 21.515 -9.003 19.684 265.198 65.155 350.342 752.411 245.667 -1389.16 333.862 155.487 32.043 28.839 53.406 2546.387 2500.153 2115.784 1743.317 1390.839 1026.306 671.082 177.612 -14.191 35.4 72.327 7.324 -328.827 -672.455 -1009.216 -1352.844 -1692.2 -2032.013 -2367.859 -2694.397 376.74 682.831 434.113 78.735 8.698 -341.492 -695.801 612 820 400 25.98 30.83 35 8 2408 1 034
6058314 7531 2026/1/25 16:09:06 P13 72.96 22.16 0 7.62 38.27 959.3 975.98 298.004 491.791 3547.974 182.8 404.053 529.327 470.276 -28.534 -20.142 102.997 -9.918 185.699 587.769 200.5 502.472 773.315 79.498 364.532 589.142 384.674 -5000 -7.782 104.218 41.046 -8.392 16.022 265.961 64.087 349.579 753.937 257.874 -1387.787 333.557 154.572 32.806 29.602 52.948 2548.981 2501.526 2115.479 1741.486 1385.803 1023.865 666.199 182.037 -17.548 36.621 75.684 6.561 -328.827 -673.523 -1013.031 -1357.117 -1696.93 -2035.522 -2373.505 -2698.669 375.824 682.526 433.35 79.498 8.24 -345.154 -699.005 610 820 400 25.92 30.81 35 8 2408 1 034
6058315 7531 2026/1/25 16:09:07 P13 72.96 21.99 0 7.67 38.37 959.36 976.02 297.241 492.401 3552.551 183.563 404.053 530.243 469.971 19.379 -19.226 114.441 -9.155 183.716 587.769 197.906 502.93 774.231 79.041 364.685 589.294 384.827 -5000 6.409 104.675 -20.599 -7.477 19.073 265.198 63.629 349.579 756.531 239.563 -1394.196 333.252 155.792 39.825 28.229 52.032 2543.03 2502.441 2109.528 1735.382 1378.174 1014.252 661.163 180.511 -17.09 42.725 74.158 9.308 -331.573 -676.727 -1013.947 -1359.711 -1701.66 -2041.016 -2378.845 -2705.078 379.181 682.068 433.35 78.125 5.493 -348.358 -705.109 613 835 400 25.92 30.81 35 8 2408 1 034
6058316 7531 2026/1/25 16:09:08 P13 72.98 22.09 0 7.57 38.22 959.36 976.01 296.936 492.554 3552.399 183.563 404.358 527.344 469.971 -70.801 18.921 98.419 -9.613 185.242 587.463 194.55 501.862 773.315 79.498 363.77 590.973 384.369 -5000 1.678 103.912 4.12 -9.766 18.311 265.503 64.85 350.8 760.498 221.1 -1390.686 332.947 154.572 37.994 27.618 52.643 2544.25 2501.984 2112.427 1737.518 1384.125 1021.423 666.504 177.765 -16.327 47.302 70.19 7.019 -332.642 -677.948 -1015.93 -1360.779 -1700.287 -2039.032 -2376.556 -2701.263 375.671 680.084 432.434 72.021 5.035 -347.595 -702.82 631 840 400 25.99 30.84 35 8 2408 1 034
6058317 7531 2026/1/25 16:09:09 P13 73.04 22.15 0 7.67 38.21 959.34 976.02 292.969 490.875 3551.941 183.258 403.442 527.191 470.123 -2.747 -0.153 93.384 -6.714 186.462 589.905 193.481 501.556 771.637 78.735 364.38 590.363 383.453 -5000 -0.305 104.98 24.109 -8.392 18.768 264.435 62.561 349.274 763.092 235.291 -1392.059 333.099 153.961 35.858 19.531 53.253 2543.64 2503.052 2115.784 1743.622 1389.008 1026.154 670.471 176.849 -18.005 55.847 72.174 7.782 -331.116 -674.133 -1011.047 -1355.286 -1694.794 -2033.081 -2371.063 -2696.533 376.892 682.373 435.181 78.888 9.003 -342.865 -697.937 622 845 400 25.92 30.93 35 8 2408 1 034
6058318 7531 2026/1/25 16:09:10 P13 72.93 22.03 0 7.53 38.4 959.37 976.01 294.8 491.943 3550.415 183.716 403.29 527.344 469.513 -56.915 26.245 112.762 -8.392 186.92 587.616 188.293 502.319 773.773 78.735 364.685 591.278 385.437 -5000 8.24 106.049 66.681 -7.324 19.073 264.893 63.934 350.8 763.55 248.718 -1391.144 333.252 153.809 36.316 24.261 52.643 2548.37 2503.662 2122.345 1748.352 1391.602 1026.459 667.877 183.105 -14.496 44.25 74.615 8.85 -327.148 -670.624 -1011.047 -1354.523 -1693.573 -2034.607 -2373.047 -2698.364 377.655 681.763 435.486 80.719 8.85 -343.018 -696.716 630 855 400 25.98 30.92 35 8 2408 1 034
6058319 7531 2026/1/25 16:09:11 P13 73.04 22.12 0 7.69 38.25 959.36 976.01 297.241 490.417 3550.262 185.547 402.374 529.327 470.123 -77.667 -23.193 128.479 -9.918 184.937 588.074 191.956 500.946 774.536 78.125 363.922 592.499 385.59 -5000 4.883 105.591 69.275 -10.376 20.599 265.198 63.324 350.8 764.16 238.647 -1392.059 332.794 153.809 38.452 28.534 53.101 2546.082 2500.61 2112.427 1732.788 1378.174 1010.895 657.959 179.443 -16.479 17.395 72.174 6.866 -330.353 -675.812 -1013.184 -1359.253 -1699.524 -2038.727 -2376.556 -2700.958 376.282 683.594 432.434 78.735 9.766 -346.68 -702.972 638 845 400 26.06 30.91 36 8 2408 1 034
6058320 7531 2026/1/25 16:09:12 P13 72.96 22.16 0 7.79 38.31 959.37 976.02 296.783 490.57 3548.737 185.547 403.442 528.107 469.818 4.272 5.493 99.945 -9.766 184.479 588.379 192.871 500.946 774.384 78.278 364.532 592.346 383.911 -5000 -4.578 107.422 43.03 -9.918 18.768 265.198 62.561 348.358 763.245 226.898 -1396.637 332.947 155.182 32.959 24.109 51.727 2548.218 2502.136 2113.953 1739.502 1383.057 1018.372 665.283 181.274 -17.09 27.924 67.749 9.308 -314.941 -666.199 -1008.301 -1354.828 -1695.862 -2035.217 -2373.505 -2698.059 377.655 678.864 432.129 76.294 4.578 -346.832 -701.904 641 850 400 25.93 30.76 35 8 2408 1 034
6058321 7531 2026/1/25 16:09:13 P13 72.98 22.08 0 7.69 38.29 959.38 976.01 296.783 491.486 3549.042 185.394 402.374 530.396 469.971 -0.763 -31.738 95.367 -9.003 187.073 588.684 187.683 501.709 773.926 77.82 364.685 594.177 382.538 -5000 1.526 102.844 51.117 -7.782 18.463 264.74 63.782 349.579 763.55 225.677 -1390.533 333.557 154.114 31.128 28.839 52.948 2545.013 2502.747 2117.462 1745.148 1391.144 1027.527 669.708 180.359 -18.616 26.855 71.564 8.087 -330.658 -674.438 -1012.726 -1356.506 -1695.709 -2034.912 -2370.911 -2697.601 376.892 680.695 432.129 79.803 4.883 -346.375 -700.989 646 850 400 25.96 30.87 35 8 2408 1 034
6058322 7531 2026/1/25 16:09:14 P13 72.95 22.1 0 7.7 38.39 959.36 976.03 297.699 491.028 3548.431 186.157 402.069 529.633 468.903 22.125 -50.201 100.098 -9.613 184.631 589.752 191.803 500.793 773.468 76.294 363.922 593.872 382.385 -5000 -1.984 100.25 -15.411 -9.308 21.362 265.198 63.019 350.8 760.345 239.258 -1389.465 332.642 152.74 31.586 28.687 53.711 2542.419 2501.831 2115.326 1742.706 1387.787 1025.238 667.572 180.054 -15.259 47.607 72.174 6.256 -329.895 -674.438 -1014.404 -1360.474 -1699.066 -2039.49 -2376.709 -2703.247 377.502 680.695 433.502 78.735 6.714 -343.781 -698.7 647 840 400 25.91 30.85 35 8 2408 1 034
6058323 7531 2026/1/25 16:09:15 P13 72.95 22.1 0 7.7 38.39 959.34 976.01 295.41 491.333 3547.211 187.378 401.764 529.785 470.123 -55.237 -46.539 100.25 -9.308 185.699 590.057 193.634 503.387 774.231 77.82 364.227 596.466 384.979 -5000 1.984 103.302 -30.67 -7.477 19.073 265.656 63.019 350.952 760.803 230.103 -1388.092 332.642 153.656 34.027 27.008 53.406 2543.793 2500.305 2111.511 1733.704 1377.411 1014.252 659.18 179.901 -15.717 38.605 72.632 8.545 -332.184 -677.185 -1016.693 -1360.474 -1701.202 -2040.71 -2378.235 -2701.874 379.944 680.237 435.028 77.515 7.935 -343.323 -699.768 647 840 400 25.91 30.85 35 8 2408 1 034
6058324 7531 2026/1/25 16:09:16 P13 73.02 22.16 0 7.7 38.3 959.34 976.02 297.241 489.807 3547.974 187.683 402.222 528.259 470.276 129.547 -34.027 95.825 -8.85 184.631 588.837 197.144 500.488 773.468 77.362 364.227 595.703 382.996 -5000 -2.899 102.234 18.768 -9.155 18.768 264.74 64.087 349.426 761.108 251.77 -1388.397 333.252 153.809 30.518 29.144 53.406 2548.065 2502.594 2112.732 1739.655 1387.024 1020.966 666.199 179.901 -15.869 33.264 72.632 9.766 -331.421 -676.727 -1015.778 -1358.49 -1698.761 -2037.506 -2373.657 -2698.822 378.571 678.406 434.265 77.209 5.646 -343.17 -700.836 635 850 400 25.92 30.84 35 8 2408 1 034
6058325 7531 2026/1/25 16:09:17 P13 72.93 22.1 0 7.79 38.3 959.38 976.03 297.089 491.638 3548.431 187.225 401.306 527.344 469.513 -0.916 -17.242 90.179 -7.935 186.768 589.905 193.939 500.031 773.621 77.515 364.075 595.856 383.911 -5000 3.967 103.912 40.741 -8.545 18.616 265.045 66.376 348.969 758.667 223.236 -1388.702 332.489 153.961 33.417 27.008 53.406 2545.166 2501.831 2116.241 1745.148 1389.16 1027.985 670.624 179.443 -14.496 21.973 72.784 7.019 -330.505 -673.676 -1011.505 -1354.828 -1694.641 -2033.081 -2368.622 -2696.381 376.74 677.948 433.044 79.651 8.392 -344.849 -697.937 631 855 400 25.92 30.84 35 8 2408 1 034
6058326 7531 2026/1/25 16:09:18 P13 73 22.09 0 7.64 38.22 959.35 976.02 296.326 490.265 3548.737 188.904 401.917 531.158 469.36 5.188 -22.125 92.773 -8.24 186.157 589.6 191.956 502.014 774.536 77.667 363.922 595.093 384.674 -5000 2.289 102.844 4.425 -9.308 18.463 264.74 65.002 349.579 761.566 272.675 -1387.329 334.015 153.351 30.975 25.177 52.795 2547.15 2502.441 2108.765 1731.11 1373.138 1006.012 651.703 178.223 -16.479 30.212 71.411 4.883 -332.031 -677.795 -1019.287 -1363.983 -1705.017 -2045.593 -2382.965 -2708.588 378.113 685.425 433.655 72.784 5.646 -352.02 -711.212 647 855 400 25.96 30.87 34 8 2408 1 034
6058327 7531 2026/1/25 16:09:19 P13 73.04 22.06 0 7.62 38.22 959.37 976.03 297.241 490.723 3544.617 189.819 401.611 530.853 469.055 -32.349 21.057 82.55 -10.071 184.479 589.905 198.517 500.793 773.926 77.972 363.464 597.992 382.996 -5000 9.155 102.692 2.441 -10.223 19.379 265.35 64.24 351.41 760.193 236.359 -1385.04 333.099 154.419 32.043 18.005 52.643 2545.471 2501.526 2110.748 1736.145 1378.174 1015.167 659.79 180.054 -18.616 33.264 74.463 7.172 -329.285 -675.964 -1015.167 -1360.474 -1700.745 -2037.811 -2376.556 -2693.481 376.434 679.474 439.606 76.752 10.223 -346.68 -701.447 649 845 400 26.02 30.88 34 8 2408 1 034
6058328 7531 2026/1/25 16:09:20 P13 73.04 22.19 0 7.62 38.25 959.36 976.04 293.579 491.028 3546.448 188.599 402.069 530.396 469.513 49.896 1.526 84.839 -9.766 185.394 588.837 196.838 501.404 773.621 78.125 364.685 598.145 383.911 -5000 0 104.37 70.648 -7.782 19.073 264.893 63.019 350.952 755.92 229.797 -1384.43 332.947 153.046 33.722 27.771 52.795 2543.335 2501.984 2114.258 1740.723 1385.803 1023.254 668.182 172.272 -19.226 26.855 71.564 6.409 -330.505 -674.744 -1013.184 -1356.659 -1696.472 -2035.522 -2372.131 -2697.754 380.707 677.032 431.824 77.057 6.714 -346.222 -700.531 643 860 400 25.91 30.8 34 8 2408 1 034
6058329 7531 2026/1/25 16:09:21 P13 72.98 22.15 0 7.57 38.39 959.35 976.02 297.546 491.028 3542.786 190.582 401.154 530.243 469.208 63.019 -12.512 106.506 -9.003 187.073 590.363 198.669 501.709 773.926 77.057 364.075 598.45 384.064 -5000 10.986 104.523 49.286 -8.698 19.531 263.672 63.934 351.715 755.463 235.291 -1388.397 332.794 152.74 29.907 26.245 52.49 2546.539 2503.052 2117.157 1742.096 1388.397 1025.696 667.877 177.155 -17.7 24.414 70.19 6.256 -332.184 -674.744 -1013.641 -1358.337 -1697.083 -2036.743 -2374.115 -2700.653 377.502 675.049 433.044 76.752 4.272 -344.849 -699.005 649 860 400 25.91 30.73 34 8 2408 1 034
6058330 7531 2026/1/25 16:09:22 P13 73.02 22.13 0 7.68 38.26 959.37 976.03 296.021 491.18 3546.448 191.498 401.459 531.006 469.208 35.553 -38.757 115.967 -7.324 185.852 591.431 200.958 502.014 774.689 76.904 363.77 599.518 383.301 -5000 9.766 106.659 11.292 -8.087 18.311 265.198 64.087 350.647 753.174 212.402 -1389.618 333.405 153.809 36.469 28.992 54.016 2543.03 2500.916 2112.732 1734.619 1379.242 1015.167 659.79 176.086 -19.836 43.335 72.327 7.019 -329.59 -675.507 -1015.015 -1361.084 -1701.05 -2040.863 -2379.15 -2703.705 375.671 676.575 428.009 77.057 7.629 -347.137 -705.414 644 865 400 25.93 30.84 34 8 2408 1 034
6058331 7531 2026/1/25 16:09:23 P13 72.98 22.1 0 7.6 38.13 959.39 976.02 294.8 491.18 3546.143 191.956 401.917 529.633 469.513 -37.994 -20.447 126.648 -9.003 184.631 591.583 201.416 501.709 773.468 76.447 364.227 599.67 384.827 -5000 14.648 104.828 33.264 -9.155 19.989 265.656 65.155 350.189 755.463 233.612 -1382.294 334.32 154.266 28.839 24.109 51.88 2546.387 2501.068 2114.105 1739.655 1383.362 1020.508 665.436 179.291 -16.174 22.888 69.733 7.172 -332.642 -677.643 -1015.32 -1358.643 -1699.219 -2037.811 -2374.573 -2700.5 376.587 674.744 436.554 75.684 6.561 -348.358 -703.583 653 865 400 25.95 30.94 34 8 2408 1 034
6058332 7531 2026/1/25 16:09:24 P13 72.93 22.17 0 7.74 38.34 959.37 976.01 296.326 490.112 3546.448 192.261 401.917 530.09 470.276 -18.463 -43.03 115.967 -7.782 184.021 591.125 205.383 501.556 773.315 75.378 364.685 599.518 382.69 -5000 5.188 103.149 2.441 -9.003 19.073 265.198 64.545 349.884 754.395 245.056 -1381.226 334.473 153.961 37.842 25.787 52.795 2548.065 2500.916 2116.089 1751.862 1390.686 1025.085 668.945 175.171 -15.717 25.635 73.853 5.493 -333.71 -675.812 -1013.794 -1356.201 -1694.641 -2034.912 -2370.605 -2696.381 376.282 675.964 431.061 80.109 7.477 -341.187 -696.564 650 855 400 25.96 30.89 34 8 2408 1 034
6058333 7531 2026/1/25 16:09:25 P13 73.06 22.08 0 7.67 38.21 959.37 976.01 296.326 490.723 3545.99 191.803 402.832 531.464 469.055 -52.338 -30.365 115.967 -8.24 183.868 591.583 205.841 501.404 774.231 76.904 363.922 599.67 384.064 -5000 9.918 101.624 -8.24 -8.392 20.752 265.503 66.223 350.342 751.343 232.086 -1386.414 334.167 155.182 38.147 26.093 52.49 2546.234 2500.763 2110.596 1735.535 1378.174 1015.625 659.18 174.103 -19.989 29.297 71.869 4.12 -329.285 -674.591 -1013.794 -1358.795 -1698.914 -2038.727 -2378.693 -2703.4 376.129 673.523 431.519 78.278 5.493 -344.849 -699.768 650 855 400 25.96 30.89 34 8 2408 1 034
6058334 7531 2026/1/25 16:09:26 P13 72.98 22.13 0 7.64 38.26 959.36 976 296.021 489.807 3547.821 192.566 403.137 532.379 469.666 -90.485 7.629 112.915 -7.172 184.631 590.973 204.468 503.082 773.926 76.599 363.922 601.044 384.216 -5000 6.104 102.386 72.937 -9.766 18.463 265.35 65.918 351.41 752.258 231.018 -1381.226 333.557 153.961 31.433 28.381 53.253 2541.809 2500.916 2111.206 1735.687 1379.7 1017.609 664.673 176.544 -19.073 33.112 71.716 1.831 -331.879 -677.795 -1018.219 -1357.269 -1699.219 -2040.253 -2378.998 -2703.552 374.756 674.744 432.129 75.226 7.477 -346.68 -704.193 653 865 400 25.93 30.73 34 8 2408 1 034
6058335 7531 2026/1/25 16:09:27 P13 72.99 22.13 0 7.52 38.11 959.37 976.02 295.715 492.554 3542.48 192.413 402.832 528.564 470.276 -92.163 2.136 109.558 -9.003 188.141 591.583 205.841 501.556 774.536 76.599 364.532 602.112 382.996 -5000 5.188 102.081 4.73 -7.629 18.463 265.503 64.24 351.257 751.038 235.138 -1379.852 334.778 152.74 37.537 30.823 52.49 2544.556 2500.305 2115.784 1742.859 1388.55 1026.764 670.166 175.323 -15.106 48.37 74.158 5.646 -329.742 -673.218 -1012.421 -1355.438 -1694.489 -2033.997 -2369.995 -2696.228 376.74 674.591 433.044 79.041 8.392 -344.696 -699.615 648 860 400 25.93 30.73 34 8 2408 1 034
6058336 7531 2026/1/25 16:09:28 P13 73.02 22.13 0 7.5 38.26 959.37 976.01 296.478 490.57 3545.99 192.871 402.679 533.295 469.513 97.504 -6.104 133.972 -9.003 184.937 591.431 207.52 503.082 772.552 77.209 364.532 601.501 384.979 -5000 -7.019 103.76 -31.738 -9.46 18.768 264.893 65.002 352.173 751.19 229.95 -1384.583 334.778 153.503 32.043 25.635 51.575 2546.387 2500.61 2115.479 1741.028 1382.904 1020.966 663.452 170.746 -16.937 51.88 69.58 7.172 -331.573 -675.964 -1016.998 -1360.779 -1700.897 -2039.032 -2378.082 -2703.247 377.502 672.607 433.655 77.515 4.272 -344.849 -698.853 648 865 400 25.95 30.89 35 8 2408 1 034
6058337 7531 2026/1/25 16:09:29 P13 72.96 22.16 0 7.69 38.28 959.37 976.01 296.783 489.655 3546.906 193.787 402.985 533.905 468.903 107.727 4.883 108.337 -9.766 184.631 592.041 210.876 502.167 772.095 76.294 364.38 602.875 385.59 -5000 4.12 102.844 -7.172 -7.019 18.768 265.503 65.613 351.105 746.918 232.239 -1384.583 333.557 154.724 36.621 22.125 52.49 2547.455 2502.289 2113.19 1735.535 1381.531 1016.693 660.095 176.544 -15.259 55.695 72.174 8.545 -331.726 -676.88 -1015.778 -1360.931 -1700.897 -2040.253 -2376.556 -2701.416 378.265 673.523 434.57 77.209 5.493 -344.391 -700.989 655 860 400 25.93 30.87 35 8 2408 1 034
6058338 7531 2026/1/25 16:09:30 P13 73.03 22.13 0 7.58 38.22 959.37 976.01 296.021 489.502 3538.818 194.855 402.679 531.006 469.513 -19.226 -9.155 117.798 -8.545 185.699 592.041 211.945 503.693 774.536 76.599 364.532 602.417 384.674 -5000 4.272 102.844 49.438 -9.155 19.684 265.35 67.444 350.952 746.46 242.615 -1377.411 335.541 151.825 35.858 30.212 52.49 2544.098 2501.678 2113.953 1741.18 1386.719 1026.001 671.234 171.051 -19.531 40.283 71.106 5.798 -333.557 -677.185 -1015.625 -1359.406 -1695.709 -2036.285 -2373.505 -2699.127 375.519 673.065 431.213 75.836 6.409 -344.696 -699.463 648 865 400 25.91 30.74 35 8 2408 1 034
6058339 7531 2026/1/25 16:09:31 P13 73.11 22.17 0 7.6 38.32 959.34 976.03 296.478 490.723 3547.668 194.702 402.374 530.853 469.36 -15.411 -23.956 128.326 -8.545 187.073 592.651 213.928 504.303 774.384 75.989 364.99 603.027 383.606 -5000 -1.984 102.692 17.548 -9.003 18.768 264.893 65.46 350.647 747.528 253.601 -1383.972 333.71 153.351 41.809 32.043 52.643 2543.64 2501.373 2116.547 1741.943 1388.092 1027.374 668.945 171.509 -16.937 25.33 70.19 5.493 -332.336 -673.828 -1012.115 -1355.591 -1695.862 -2034.912 -2373.657 -2698.975 375.977 672.913 435.028 78.125 5.646 -344.849 -698.395 656 870 400 25.93 30.84 35 8 2408 1 034
6058340 7531 2026/1/25 16:09:32 P13 73.03 22.16 0 7.6 38.23 959.37 976.02 298.004 490.57 3547.058 195.312 402.527 529.022 469.36 -113.22 -15.259 122.681 -8.545 186.615 592.346 215.454 503.082 773.773 76.599 364.99 602.875 384.674 -5000 -3.052 103.76 46.997 -8.698 18.616 266.113 66.376 350.494 744.934 225.372 -1376.495 333.71 153.198 38.91 20.905 52.795 2544.25 2501.984 2112.427 1736.145 1378.784 1016.998 659.485 173.645 -19.836 26.855 72.784 7.782 -330.2 -676.117 -1015.167 -1360.626 -1701.355 -2039.49 -2377.625 -2701.721 378.113 675.354 434.723 77.057 8.698 -348.511 -703.43 648 855 400 25.93 30.73 35 8 2408 1 034
6058341 7531 2026/1/25 16:09:33 P13 73.03 22.23 0 7.64 38.11 959.34 976.01 296.021 493.164 3547.516 195.312 404.968 533.752 468.75 66.833 28.229 84.229 -8.24 184.937 592.651 213.776 503.693 774.536 75.684 364.227 604.248 384.827 -5000 -2.899 102.386 23.651 -9.46 19.073 265.35 66.528 352.02 742.035 222.168 -1383.514 334.473 153.656 39.978 25.94 52.185 2544.708 2501.373 2113.953 1741.18 1383.82 1020.813 664.673 171.814 -18.921 16.479 70.343 10.071 -331.879 -677.795 -1016.388 -1359.711 -1699.982 -2037.964 -2373.199 -2698.975 377.502 672.913 431.976 76.599 5.188 -345.459 -701.294 656 865 400 25.98 30.71 35 8 2408 1 034
6058342 7531 2026/1/25 16:09:34 P13 73.04 22.16 0 7.69 38.22 959.37 976.03 296.021 491.028 3547.058 195.77 404.358 532.837 468.903 10.529 -21.667 106.506 -10.376 186.31 589.752 214.996 503.387 774.689 75.836 365.448 604.248 384.827 -5000 8.698 104.98 23.346 -9.613 19.226 265.045 67.444 350.8 741.882 247.65 -1381.226 335.388 153.503 37.231 30.06 52.643 2543.335 2502.136 2117.462 1744.08 1390.381 1026.459 669.708 172.424 -20.142 36.774 72.021 5.341 -330.505 -673.828 -1013.031 -1355.591 -1695.709 -2034.76 -2370.758 -2696.991 375.366 671.844 431.366 77.972 4.73 -345.459 -699.158 654 865 400 25.93 30.81 35 8 2408 1 034
6058343 7531 2026/1/25 16:09:35 P13 73.04 22.12 0 7.6 38.31 959.34 976.01 294.189 490.57 3546.906 197.296 404.205 533.6 468.75 -68.054 -19.989 101.776 -7.782 188.446 592.804 217.743 504.761 775.299 76.447 364.227 604.706 387.268 -5000 6.409 105.591 27.924 -9.003 19.073 265.198 66.376 351.715 742.95 217.285 -1382.294 335.846 153.961 37.079 25.787 46.082 2547.455 2502.441 2115.936 1739.807 1385.345 1020.813 660.553 172.424 -14.343 32.501 71.411 8.698 -328.522 -674.133 -1014.099 -1358.337 -1699.066 -2039.032 -2376.404 -2703.094 378.571 673.065 433.96 78.125 6.866 -346.375 -700.226 658 870 400 25.92 30.85 35 8 2408 1 034
6058344 7531 2026/1/25 16:09:36 P13 73.07 22.13 0 7.52 38.16 959.36 976.01 295.258 489.807 3547.058 197.754 404.053 533.447 468.903 25.177 -20.447 91.705 -9.155 184.174 593.109 218.811 504.15 775.604 75.989 364.227 602.57 385.284 -5000 -3.967 102.234 26.245 -7.935 19.226 265.503 67.749 354.004 734.863 223.694 -1377.716 334.32 153.961 34.485 23.956 52.49 2546.234 2502.289 2113.953 1737.518 1382.599 1019.745 663.605 172.424 -19.989 34.637 70.496 4.272 -332.642 -677.185 -1016.693 -1360.779 -1700.134 -2038.727 -2376.404 -2700.348 376.282 672.607 431.671 77.972 5.035 -344.696 -700.684 658 870 400 25.92 30.85 35 8 2408 1 034
6058345 7531 2026/1/25 16:09:37 P13 73.04 22.19 0 7.6 38.09 959.38 976.02 297.546 491.18 3547.668 196.991 405.273 530.09 469.513 23.804 -54.474 99.03 -8.85 184.784 592.346 218.048 504.15 773.926 76.447 364.838 604.401 385.132 -5000 -0.458 99.64 -8.24 -8.24 19.379 265.198 65.918 351.562 740.204 223.999 -1375.885 334.778 154.114 39.978 24.261 53.558 2543.793 2500.458 2116.699 1745.148 1389.618 1027.679 671.234 171.661 -17.395 31.281 71.411 5.493 -327.606 -672.913 -1012.115 -1354.523 -1694.794 -2034.149 -2369.69 -2697.144 378.265 672.15 433.044 80.261 6.866 -343.933 -696.716 650 860 400 25.95 30.76 35 8 2408 1 034
6058346 7531 2026/1/25 16:09:38 P13 73.07 22.09 0 7.6 38.29 959.35 976.01 295.715 489.96 3544.922 197.449 404.358 531.769 469.36 -24.719 -24.567 114.136 -10.834 186.31 593.262 219.116 505.371 775.452 74.921 364.685 604.248 385.284 -5000 -2.289 102.081 23.804 -7.935 18.005 265.503 68.054 351.868 738.831 231.628 -1382.751 335.083 154.419 33.875 28.534 52.185 2548.828 2501.373 2114.41 1740.112 1385.193 1021.271 664.215 173.95 -16.632 31.891 70.648 6.409 -330.048 -674.438 -1013.794 -1357.574 -1698.914 -2038.879 -2377.014 -2702.942 376.892 671.387 432.434 77.82 5.493 -344.543 -700.684 651 865 400 25.95 30.76 35 8 2408 1 034
6058347 7531 2026/1/25 16:09:39 P13 73.06 22.16 0 7.69 38.3 959.36 976.01 295.105 491.486 3547.058 198.059 406.494 532.837 469.055 -46.692 1.221 120.239 -9.46 184.174 592.651 219.269 505.219 774.994 75.836 364.38 605.316 386.963 -5000 -7.629 104.675 37.079 -9.003 18.616 265.808 68.207 353.241 735.321 226.898 -1375.427 335.693 153.961 33.875 23.041 52.185 2546.387 2500.458 2110.443 1735.992 1380.92 1017.151 661.316 175.781 -21.21 36.011 71.564 6.104 -330.658 -675.812 -1014.404 -1360.168 -1700.745 -2041.626 -2380.066 -2703.247 377.502 671.997 433.044 77.515 7.019 -347.595 -704.956 657 870 400 25.93 30.73 35 8 2408 1 034
6058348 7531 2026/1/25 16:09:40 P13 73.06 22.16 0 7.69 38.3 959.36 976 296.936 489.655 3547.058 198.212 404.053 529.785 469.666 41.046 -9.766 104.523 -9.003 184.784 592.499 219.269 504.913 775.299 78.735 364.532 606.384 386.2 -5000 -7.782 103.607 0.916 -7.477 18.158 269.623 67.749 353.088 735.474 229.187 -1375.58 335.541 153.809 36.011 20.447 54.016 2549.286 2503.204 2115.936 1741.333 1387.787 1024.78 668.03 175.629 -16.937 48.828 73.547 5.188 -329.59 -673.218 -1012.726 -1355.743 -1696.167 -2035.065 -2373.199 -2697.144 377.655 671.539 432.739 78.583 9.46 -345.306 -699.463 649 870 400 25.91 30.74 35 8 2408 1 034
6058349 7531 2026/1/25 16:09:41 P13 73.02 22.15 0 7.59 38.3 959.33 976.01 296.783 492.706 3547.668 198.517 404.663 536.346 468.445 -65.308 -15.717 132.141 -9.155 185.699 593.262 219.269 505.371 774.841 76.447 364.99 606.842 387.726 -5000 -0.305 102.234 41.504 -9.613 19.379 266.113 65.765 353.546 734.558 241.852 -1378.326 334.32 153.503 34.943 25.33 52.49 2548.37 2500.763 2114.258 1742.859 1387.482 1025.696 668.793 173.34 -20.142 52.948 71.564 3.967 -329.285 -675.659 -1014.404 -1358.337 -1698.456 -2038.269 -2375.488 -2701.416 375.366 669.708 430.603 77.515 6.104 -342.255 -697.784 652 880 400 25.92 30.77 35 8 2408 1 034
6058350 7531 2026/1/25 16:09:42 P13 73.02 22.1 0 7.53 38.32 959.38 976.03 296.173 490.57 3545.99 199.127 405.121 535.431 469.36 61.646 -5.341 94.147 -9.46 184.631 593.872 222.473 505.371 775.909 76.294 365.295 606.842 388.794 -5000 -9.766 101.624 41.351 -7.019 18.005 265.656 67.444 353.546 729.065 234.68 -1376.801 335.236 154.572 32.959 28.229 53.406 2542.725 2502.594 2115.173 1738.129 1378.937 1010.437 654.755 176.697 -19.836 49.744 74.921 8.24 -326.843 -672.15 -1013.336 -1358.185 -1699.219 -2039.948 -2378.845 -2705.383 374.756 673.676 433.502 79.803 8.85 -346.985 -703.125 653 895 400 25.92 30.74 35 8 2408 1 034
6058351 7531 2026/1/25 16:09:43 P13 73.06 22.2 0 7.64 38.25 959.34 976 299.683 491.943 3547.974 198.822 406.342 533.142 468.597 46.997 14.496 104.675 -9.155 187.073 593.872 220.947 505.066 774.231 76.294 364.838 605.469 385.742 -5000 1.221 104.218 28.381 -8.087 19.226 265.35 68.359 351.562 733.337 240.784 -1374.359 334.625 153.961 36.926 24.261 52.49 2545.013 2501.526 2113.342 1740.112 1385.345 1022.949 664.825 173.95 -19.836 38.452 71.564 3.967 -330.505 -675.964 -1014.709 -1358.185 -1697.998 -2036.743 -2374.268 -2698.669 377.045 670.166 431.213 75.531 6.256 -347.29 -700.531 659 895 400 25.95 30.78 35 8 2408 1 034
6058352 7531 2026/1/25 16:09:44 P13 73.11 22.16 0 7.5 38.25 959.35 976.01 297.394 490.875 3547.211 200.043 405.121 532.684 469.055 -23.346 0.305 92.926 -10.376 185.089 590.82 220.49 505.829 776.062 76.141 365.295 606.232 386.353 -5000 4.425 104.675 39.673 -9.308 18.311 265.808 68.207 352.631 731.659 237.274 -1373.138 334.93 156.25 30.823 30.06 52.643 2545.624 2502.594 2118.378 1744.08 1390.076 1027.069 670.929 173.95 -18.616 30.518 70.953 7.019 -330.811 -674.744 -1013.336 -1357.117 -1696.32 -2035.675 -2372.894 -2698.212 380.096 669.403 433.96 78.278 5.493 -343.933 -693.97 664 900 400 25.96 30.74 35 8 2408 1 034
6058353 7531 2026/1/25 16:09:45 P13 73.1 22.15 0 7.62 38.24 959.34 976 296.936 491.638 3547.058 199.89 405.273 537.872 467.987 93.842 -8.24 88.806 -9.613 187.073 593.262 221.558 506.287 774.994 76.294 364.685 606.995 388.184 -5000 0.916 103.76 67.444 -7.935 19.073 265.961 65.155 353.394 733.643 244.904 -1373.596 334.625 153.961 27.161 24.567 52.032 2543.335 2501.678 2114.563 1739.807 1383.057 1018.829 659.943 171.204 -16.785 47.15 72.021 8.087 -330.048 -673.37 -1012.726 -1357.269 -1697.998 -2036.896 -2377.319 -2702.637 375.061 668.64 433.197 79.041 4.272 -342.407 -700.836 663 895 400 25.92 30.71 35 8 2408 1 034
6058354 7531 2026/1/25 16:09:46 P13 73.14 22.08 0 7.64 38.31 959.36 976.02 298.157 489.96 3547.974 200.806 405.426 528.259 469.36 18.463 -20.905 97.656 -10.223 185.699 593.872 223.236 507.202 776.215 75.378 364.227 606.842 387.573 -5000 -1.984 102.692 55.237 -9.766 18.311 265.503 65.308 354.767 731.354 238.037 -1371.918 335.236 154.266 30.975 27.008 52.185 2546.539 2501.984 2111.511 1731.567 1372.833 1005.859 648.956 166.779 -17.548 31.128 70.801 5.493 -334.167 -679.474 -1020.813 -1365.967 -1706.848 -2046.814 -2385.712 -2711.334 376.282 667.114 431.824 79.193 5.188 -348.511 -705.566 663 895 400 25.92 30.71 35 8 2408 1 034
6058355 7531 2026/1/25 16:09:47 P13 73.06 22.13 0 7.57 38.33 959.34 976.02 298.615 490.875 3541.718 200.958 405.273 534.668 468.445 5.035 -27.466 69.275 -7.172 184.937 593.872 220.642 506.439 775.299 75.226 364.532 607.3 387.573 -5000 12.36 106.659 88.806 -10.071 19.073 265.961 66.223 352.936 731.506 225.983 -1378.937 334.778 155.792 28.992 28.839 53.864 2541.351 2502.594 2117.157 1744.537 1390.076 1027.527 670.013 171.356 -15.259 25.33 73.09 6.104 -329.895 -673.218 -1012.421 -1352.081 -1695.557 -2034.454 -2369.843 -2695.77 378.571 670.166 434.113 77.972 8.087 -341.644 -698.09 650 945 400 25.98 30.83 35 8 2408 1 034
6058356 7531 2026/1/25 16:09:48 P13 73.19 22.13 0 7.52 38.19 959.35 976.02 296.326 490.57 3548.279 201.569 405.884 533.905 468.14 -63.324 -19.989 104.523 -8.087 185.547 593.414 222.168 505.981 775.604 75.836 365.295 607.147 388.489 -5000 1.984 105.743 0.458 -9.308 18.158 265.961 66.681 354.309 730.743 233.459 -1370.85 335.236 155.334 34.18 28.229 52.032 2547.76 2501.984 2114.41 1739.96 1385.193 1023.712 664.368 171.661 -15.106 8.545 73.395 9.003 -328.522 -673.828 -1012.878 -1355.896 -1696.472 -2036.133 -2375.488 -2701.416 378.265 669.861 433.502 79.498 7.477 -346.222 -700.684 652 940 400 25.98 30.83 35 8 2408 1 034
6058357 7531 2026/1/25 16:09:49 P13 73.16 22.16 0 7.47 38.26 959.38 976.02 296.936 492.096 3547.211 201.569 404.816 537.262 468.445 -5.341 -17.7 104.523 -7.782 185.547 594.177 221.558 506.287 775.146 75.531 364.99 608.368 387.726 -5000 -1.678 106.354 5.951 -8.698 19.379 265.961 66.681 352.478 727.844 264.282 -1372.223 335.693 158.081 36.163 27.771 53.253 2541.962 2500.763 2112.732 1737.366 1379.547 1011.505 655.06 167.694 -16.479 11.139 69.733 7.172 -333.405 -677.032 -1017.761 -1361.389 -1703.033 -2042.694 -2382.05 -2708.435 378.265 669.403 434.418 76.752 4.272 -347.9 -703.735 659 940 400 25.93 30.71 35 8 2408 1 034
6058358 7531 2026/1/25 16:09:50 P13 73.17 22.16 0 7.52 38.3 959.31 976.02 299.988 490.112 3548.126 201.721 405.884 536.804 468.75 32.501 -7.935 92.773 -9.308 185.242 594.482 217.896 506.439 776.825 74.158 364.99 607.91 388.031 -5000 -12.054 106.049 -13.733 -8.24 19.073 265.35 66.071 355.377 725.403 239.563 -1375.885 335.083 155.334 33.569 30.518 53.406 2546.387 2501.221 2109.985 1730.194 1370.697 1004.486 648.956 171.509 -15.259 20.752 71.106 8.087 -333.557 -678.101 -1020.05 -1363.678 -1706.238 -2045.288 -2385.101 -2710.724 379.486 667.725 435.333 74.615 6.256 -349.884 -708.16 660 935 400 25.92 30.63 35 8 2408 1 034
6058359 7531 2026/1/25 16:09:51 P13 73.07 22.29 0 7.67 38.28 959.35 976.03 299.988 490.875 3547.058 202.484 407.867 532.227 468.597 -37.689 6.561 103.455 -10.071 185.852 592.957 221.252 507.507 776.215 76.447 364.532 608.063 386.658 -5000 -1.984 103.76 20.142 -8.24 18.616 265.961 65.765 353.851 718.994 221.558 -1368.713 335.388 156.25 33.112 25.94 52.948 2549.133 2501.221 2115.784 1741.791 1387.177 1026.154 668.03 171.509 -16.479 27.771 70.343 6.561 -331.726 -675.049 -1014.252 -1357.727 -1697.235 -2036.591 -2371.826 -2698.822 377.96 666.809 434.113 79.498 3.662 -344.238 -698.7 654 940 400 25.95 30.82 35 8 2408 1 034
6058360 7531 2026/1/25 16:09:52 P13 73.16 22.12 0 7.52 38.26 959.35 976.02 298.309 493.011 3547.058 202.789 407.41 538.483 468.292 0.61 -5.341 125.885 -7.935 186.615 594.482 222.168 506.897 776.367 76.141 364.99 607.605 387.573 -5000 5.493 101.624 59.509 -9.766 18.921 266.571 66.376 352.325 727.386 231.628 -1371.155 335.541 154.266 31.281 23.651 51.422 2545.166 2500.763 2115.479 1739.349 1383.667 1018.829 658.875 174.255 -16.785 -1.221 69.122 9.46 -330.353 -675.354 -1014.404 -1358.948 -1699.524 -2038.879 -2378.54 -2704.468 379.791 666.199 436.554 72.479 3.815 -346.069 -701.294 654 990 400 25.95 30.76 35 8 2408 1 034
6058361 7531 2026/1/25 16:09:53 P13 73.09 22.15 0 7.64 38.32 959.35 976.02 298.157 491.028 3548.126 202.026 406.494 539.703 468.445 -88.043 8.545 137.329 -8.24 185.394 593.872 222.015 507.05 776.062 75.684 365.601 608.215 387.573 -5000 4.883 103.302 14.648 -7.782 18.921 266.418 66.223 353.546 726.318 227.509 -1370.544 336.456 155.945 32.043 24.719 52.032 2546.387 2501.221 2109.985 1729.889 1371.613 1009.064 650.94 167.999 -14.954 32.501 70.953 5.493 -332.489 -677.795 -1017.914 -1363.068 -1704.102 -2045.288 -2384.491 -2708.893 379.181 666.351 434.723 77.057 5.341 -347.595 -706.635 653 975 400 25.91 30.73 35 8 2408 1 034
6058362 7531 2026/1/25 16:09:54 P13 73.26 22.1 0 7.5 38.32 959.34 976.01 300.598 490.875 3540.649 202.484 406.647 536.041 468.597 -116.577 -18.311 111.847 -10.071 187.683 593.109 222.168 507.202 776.367 75.378 364.99 608.063 387.573 -5000 2.289 102.692 62.408 -9.308 18.311 265.961 65.918 353.241 725.861 245.056 -1373.444 336.151 154.724 35.706 33.875 53.711 2544.098 2501.221 2116.089 1742.554 1390.076 1027.069 669.098 170.135 -16.937 11.444 71.259 7.782 -330.2 -675.049 -1013.794 -1356.812 -1696.777 -2036.133 -2372.131 -2697.449 377.35 665.741 433.655 79.193 5.493 -345.154 -698.395 661 975 400 -999 -999 35 8 2408 1 034
6058363 7531 2026/1/25 16:09:55 P13 73.22 22.23 0 7.62 38.34 959.35 976.01 297.546 491.028 3547.668 202.637 407.867 537.415 468.903 29.297 -13.428 103.607 -9.308 186.615 594.177 221.558 507.812 776.062 75.836 366.058 608.521 391.083 -5000 2.594 101.166 9.766 -8.85 18.311 266.113 67.139 352.936 720.062 224.915 -1371.155 335.236 155.64 31.128 24.261 52.643 2543.03 2503.052 2115.021 1739.807 1385.345 1021.729 662.689 169.22 -16.174 32.806 72.174 17.09 -331.573 -675.201 -1013.947 -1358.795 -1698.456 -2038.269 -2380.066 -2704.773 378.571 665.588 434.57 76.447 6.561 -344.543 -701.141 658 955 400 25.95 30.78 35 8 2408 1 034
6058364 7531 2026/1/25 16:09:56 P13 73.19 22.19 0 7.64 38.26 959.33 976.02 299.988 493.469 3548.584 203.094 408.02 539.398 468.445 -3.967 -14.038 101.166 -8.545 187.988 595.856 218.964 507.355 776.367 75.684 365.295 609.741 388.794 -5000 -0.916 100.861 84.991 -9.308 20.142 265.808 66.223 352.325 721.436 231.476 -1367.645 335.236 154.419 34.943 29.907 53.101 2546.082 2502.747 2115.021 1735.687 1377.258 1011.505 652.466 168.457 -19.531 32.043 71.411 5.188 -327.301 -673.218 -1014.404 -1361.237 -1702.423 -2042.389 -2382.812 -2706.451 379.181 667.114 432.434 77.057 6.714 -348.358 -705.261 661 960 400 25.91 30.77 35 8 2408 1 034
6058365 7531 2026/1/25 16:09:57 P13 73.14 22.15 0 7.6 38.12 959.36 976.02 298.92 492.706 3548.279 203.247 407.41 533.447 468.597 20.599 -14.343 104.98 -9.918 185.547 591.431 220.795 507.507 777.588 76.141 364.685 608.978 387.268 -5000 3.51 101.166 -54.016 -7.782 18.616 265.35 66.528 354.614 720.673 228.424 -1369.019 336.304 154.572 37.079 25.177 53.253 2548.981 2502.594 2109.07 1727.753 1369.476 1004.181 649.109 166.168 -16.937 15.869 70.953 6.561 -335.083 -680.084 -1019.745 -1364.441 -1706.39 -2045.746 -2386.169 -2710.571 377.808 664.673 435.638 75.531 3.51 -351.257 -707.855 661 960 400 25.91 30.77 35 8 2408 1 034
6058366 7531 2026/1/25 16:09:58 P13 73.16 22.16 0 7.62 38.22 959.34 976.01 300.751 491.943 3547.211 203.705 406.647 537.262 469.055 -44.098 -35.248 123.138 -9.613 186.31 593.262 220.947 508.575 776.062 75.684 365.448 609.894 388.336 -5000 -5.493 101.318 -21.667 -9.003 19.531 265.961 65.918 356.445 722.046 237.885 -1369.934 335.083 155.334 31.738 25.024 52.795 2544.403 2501.678 2115.021 1740.875 1387.024 1024.628 666.656 169.373 -14.801 5.951 71.716 5.798 -328.827 -673.218 -1012.573 -1356.201 -1697.54 -2036.133 -2373.199 -2699.585 377.96 664.673 433.655 80.109 6.104 -342.102 -696.106 654 990 400 25.92 30.71 35 8 2408 1 034
6058367 7531 2026/1/25 16:09:59 P13 73.2 22.16 0 7.59 38.29 959.35 976.02 298.92 491.943 3547.668 204.468 408.02 539.551 467.987 101.624 -29.907 102.539 -10.376 186.31 593.414 221.1 507.507 776.367 75.684 365.295 607.147 388.947 -5000 3.357 105.743 56.152 -9.613 18.311 266.418 65.002 354.767 721.588 233.459 -1369.934 335.846 155.334 34.027 27.466 52.032 2547.455 2501.373 2113.342 1736.908 1379.089 1013.641 655.823 167.542 -19.836 -8.545 71.259 8.087 -330.811 -677.185 -1015.472 -1359.253 -1700.134 -2040.1 -2378.54 -2704.926 377.655 665.894 432.281 77.82 5.798 -347.443 -703.888 661 985 400 25.92 30.71 35 8 2408 1 034
6058368 7531 2026/1/25 16:10:00 P13 73.17 22.15 0 7.77 38.22 959.36 976.04 299.683 492.096 3547.668 205.078 407.715 540.466 468.445 63.324 -15.106 113.068 -7.782 188.751 594.788 220.642 508.575 777.74 75.989 364.99 610.046 389.404 -5000 4.883 105.438 72.174 -8.698 18.768 266.418 65.46 353.241 720.825 247.498 -1369.934 334.93 155.029 40.741 15.869 53.711 2543.793 2503.204 2108.154 1727.448 1368.561 1002.502 646.515 170.135 -13.733 17.853 71.106 8.392 -333.099 -679.016 -1019.745 -1363.678 -1706.085 -2045.593 -2386.169 -2710.419 379.791 664.215 435.181 75.378 7.935 -348.663 -706.94 660 970 400 25.95 30.71 35 8 2408 1 034
6058369 7531 2026/1/25 16:10:01 P13 73.23 22.1 0 7.67 38.39 959.34 976.03 297.241 491.333 3547.363 204.315 406.952 538.483 467.987 -23.193 -18.768 82.397 -10.071 186.92 594.33 219.421 508.881 778.656 75.684 364.532 609.283 390.167 -5000 -10.986 104.218 9.918 -9.766 18.463 266.266 66.071 355.225 720.215 197.754 -1367.34 335.083 155.945 34.79 28.687 52.643 2546.692 2502.136 2110.748 1734.924 1379.7 1014.862 660.553 164.948 -19.836 26.093 73.242 5.188 -330.811 -677.643 -1016.846 -1361.847 -1702.271 -2041.473 -2379.456 -2704.315 378.265 665.741 434.418 80.109 6.561 -346.375 -701.752 655 970 400 25.95 30.81 35 8 2408 1 034
6058370 7531 2026/1/25 16:10:02 P13 73.2 22.21 0 7.62 38.21 959.36 976.04 300.293 491.486 3546.906 206.299 408.936 538.33 468.14 -21.973 -10.834 96.741 -9.766 187.073 593.262 218.506 509.338 777.588 76.294 364.532 608.673 390.32 -5000 -12.054 100.708 -16.327 -8.85 19.073 266.113 65.002 353.394 719.452 233.917 -1367.798 335.999 156.25 34.332 24.567 52.948 2546.692 2501.678 2114.868 1737.823 1381.683 1016.083 656.128 166.321 -15.411 29.144 70.801 4.883 -332.336 -675.659 -1016.235 -1359.711 -1700.134 -2040.405 -2380.066 -2705.383 378.723 662.689 433.807 77.82 4.272 -347.443 -701.904 656 990 400 25.96 30.78 36 8 2408 1 034
6058371 7531 2026/1/25 16:10:03 P13 73.22 22.17 0 7.48 38.22 959.37 976.03 299.072 491.333 3547.668 205.536 408.02 538.33 468.75 64.697 -27.008 110.321 -9.766 187.988 592.651 218.506 508.728 777.893 75.684 364.227 608.978 390.015 -5000 6.714 104.218 -1.831 -10.071 19.379 266.266 65.765 353.546 715.942 237.122 -1369.629 336.914 156.25 35.248 25.635 52.948 2547.76 2502.747 2110.138 1730.194 1370.544 1003.418 647.583 170.746 -14.648 37.537 73.242 9.308 -334.32 -680.237 -1020.203 -1364.746 -1708.069 -2047.119 -2387.238 -2710.876 379.028 664.215 434.418 75.836 7.782 -349.274 -708.771 652 980 400 25.93 30.84 36 8 2408 1 034
6058372 7531 2026/1/25 16:10:04 P13 73.22 22.08 0 7.48 38.19 959.35 976.03 299.683 493.774 3546.906 205.078 408.478 540.009 468.14 -76.447 -31.891 114.288 -9.003 186.31 595.245 218.811 508.575 777.13 76.599 364.38 609.283 390.015 -5000 12.97 103.149 45.929 -9.613 19.379 267.181 65.002 355.072 717.468 215.759 -1365.662 336.609 155.64 30.975 21.21 51.575 2545.929 2502.899 2112.427 1736.603 1381.531 1017.151 659.027 166.626 -19.226 33.875 71.564 5.188 -332.336 -678.101 -1017.609 -1362.152 -1702.576 -2040.863 -2380.676 -2704.163 377.197 664.673 432.281 76.904 8.545 -350.037 -705.719 661 975 400 25.92 30.79 36 8 2408 1 034
6058373 7531 2026/1/25 16:10:05 P13 73.09 22.08 0 7.65 38.19 959.35 976.04 302.124 491.943 3546.448 205.383 408.478 536.041 468.14 -52.795 4.12 95.825 -10.071 188.293 594.025 218.811 509.033 777.13 76.599 365.295 610.809 389.404 -5000 13.275 102.692 70.496 -9.308 19.379 266.571 66.223 353.699 716.705 224.457 -1372.681 337.524 155.334 34.943 23.193 52.338 2546.234 2502.899 2113.037 1738.434 1383.057 1022.186 665.131 163.269 -16.022 28.687 70.496 3.51 -331.726 -676.727 -1014.709 -1358.795 -1699.524 -2037.506 -2375.336 -2699.738 378.723 662.994 434.113 77.515 7.324 -348.511 -703.125 658 965 400 25.95 30.79 36 8 2408 1 034
6058374 7531 2026/1/25 16:10:06 P13 73.1 22.2 0 7.59 38.28 959.33 976.03 298.462 492.706 3546.753 205.841 408.325 539.551 468.445 111.847 4.883 101.624 -10.529 186.615 594.635 220.184 509.033 777.588 75.836 364.99 610.352 391.083 -5000 -6.866 104.065 15.259 -8.392 18.921 266.571 66.681 353.699 715.79 227.051 -1369.019 337.219 154.877 29.144 22.125 52.795 2548.37 2502.289 2110.901 1732.178 1374.817 1006.165 650.177 161.133 -18.158 33.112 73.547 6.104 -329.59 -674.744 -1016.388 -1361.389 -1703.033 -2042.847 -2383.27 -2708.282 378.571 665.283 433.197 76.904 8.087 -360.107 -713.348 665 960 400 25.93 30.81 36 8 2408 1 034
6058375 7531 2026/1/25 16:10:07 P13 73.22 22.09 0 7.59 38.22 959.34 976.02 299.072 492.706 3545.685 205.994 407.867 540.466 467.987 -74.921 7.629 104.675 -10.071 188.141 596.008 217.59 508.881 777.893 74.921 364.532 609.589 389.252 -5000 5.188 103.455 24.872 -7.172 19.989 266.571 65.918 352.936 712.433 230.408 -1367.645 335.236 156.25 32.196 25.177 52.185 2546.997 2502.289 2112.732 1733.704 1376.343 1009.827 654.449 164.032 -16.632 32.806 70.343 6.409 -332.947 -679.626 -1019.44 -1364.441 -1705.78 -2045.288 -2384.033 -2707.52 377.655 661.621 433.35 73.853 7.019 -350.189 -707.855 665 960 400 25.93 30.81 36 8 2408 1 034
6058376 7531 2026/1/25 16:10:08 P13 73.09 22.16 0 7.59 38.26 959.35 976.03 300.446 491.791 3547.516 205.231 409.393 539.551 467.987 6.866 -28.534 112.457 -8.087 187.683 594.025 217.133 509.186 777.74 76.599 365.295 609.436 389.404 -5000 8.392 103.302 20.294 -9.613 19.073 266.418 63.629 353.088 714.874 220.947 -1371.002 335.236 154.724 33.417 29.602 53.101 2544.556 2503.51 2111.664 1735.84 1380.31 1016.693 661.316 168.152 -17.548 23.804 74.921 5.493 -328.827 -674.438 -1014.557 -1358.032 -1699.524 -2037.964 -2375.183 -2699.432 378.265 665.894 435.486 77.362 8.698 -343.17 -701.904 654 975 400 25.88 30.87 36 8 2408 1 034
6058377 7531 2026/1/25 16:10:09 P13 73.14 22.24 0 7.47 38.34 959.36 976.02 302.887 494.69 3546.448 206.451 409.851 541.84 468.292 10.529 -3.052 125.732 -9.766 187.225 593.414 217.59 508.881 777.283 76.447 365.601 609.741 390.167 -5000 -2.747 101.471 37.689 -9.46 19.379 266.113 65.613 354.156 714.417 224.915 -1371.307 336.761 155.029 34.485 31.891 53.253 2546.387 2502.747 2110.901 1735.382 1375.427 1010.437 652.313 165.863 -16.174 29.602 68.665 5.188 -334.32 -679.932 -1019.592 -1363.525 -1705.017 -2045.288 -2384.949 -2710.876 377.96 661.621 433.197 74.921 5.493 -346.68 -703.888 655 970 400 25.88 30.87 36 8 2408 1 034
6058378 7531 2026/1/25 16:10:10 P13 73.13 22.24 0 7.47 38.24 959.34 976.02 298.462 491.486 3544.464 205.994 408.478 540.619 468.14 14.648 -12.665 99.487 -10.834 187.836 595.703 215.759 509.338 778.351 76.141 363.77 610.352 390.015 -5000 4.73 101.624 36.316 -9.155 18.768 266.266 66.376 353.088 713.043 258.331 -1366.577 336.304 155.334 32.806 30.06 52.643 2549.286 2500.763 2107.697 1730.499 1371.613 1005.554 650.024 165.1 -15.106 25.787 70.496 4.73 -332.336 -678.406 -1019.897 -1364.288 -1706.696 -2046.051 -2386.78 -2711.029 378.876 661.621 434.265 73.7 6.104 -351.41 -709.991 661 965 400 25.93 30.73 36 8 2408 1 034
6058379 7531 2026/1/25 16:10:11 P13 73.13 22.15 0 7.65 38.22 959.36 976.02 301.666 492.249 3545.837 206.299 408.478 538.94 467.987 -57.22 -8.392 103.455 -10.223 187.531 592.957 216.217 509.338 777.588 76.447 365.601 609.741 390.625 -5000 5.798 103.912 -28.839 -9.918 20.294 266.876 64.85 355.835 713.043 235.748 -1371.765 335.846 156.25 34.79 32.654 52.643 2548.218 2500 2112.122 1736.145 1380.463 1017.151 661.621 165.558 -13.733 30.365 70.801 7.477 -332.489 -677.49 -1017.303 -1361.542 -1701.508 -2040.405 -2376.404 -2702.179 381.47 663.605 433.96 77.667 5.035 -347.748 -704.041 654 960 400 25.92 30.81 36 8 2408 1 034
6058380 7531 2026/1/25 16:10:12 P13 73.17 22.12 0 7.55 38.19 959.36 976.03 299.53 493.317 3545.227 206.299 408.173 538.483 468.14 -55.084 -20.447 85.144 -9.918 186.92 595.245 213.318 508.881 777.588 76.752 365.753 610.352 389.557 -5000 4.883 101.471 32.349 -9.155 19.836 267.029 64.545 353.851 710.602 236.206 -1365.356 334.778 155.182 35.095 21.362 52.643 2547.302 2500.61 2116.241 1743.774 1388.702 1024.933 668.64 166.931 -18.921 17.09 70.19 8.392 -328.827 -674.133 -1012.115 -1356.049 -1695.251 -2036.591 -2371.826 -2697.449 378.723 663.605 433.502 78.125 6.104 -348.663 -702.515 656 975 400 25.95 30.73 36 8 2408 1 034
6058381 7531 2026/1/25 16:10:13 P13 73.22 22.13 0 7.67 38.24 959.35 976.02 296.326 491.486 3542.633 206.604 408.02 538.635 467.834 1.068 -25.482 96.13 -7.324 187.836 595.093 213.318 508.728 777.74 76.447 364.227 609.894 389.709 -5000 -1.984 101.471 43.488 -10.223 18.616 266.266 65.002 354.156 712.128 230.865 -1369.324 336.914 156.555 36.469 30.67 52.643 2545.166 2501.831 2107.849 1727.753 1369.629 1002.35 646.057 166.626 -15.717 19.684 72.632 9.766 -334.93 -679.932 -1020.508 -1364.288 -1705.322 -2046.356 -2386.475 -2711.334 383.759 662.689 436.554 74.921 6.256 -348.206 -707.55 662 965 400 25.93 30.76 36 8 2408 1 034
6058382 7531 2026/1/25 16:10:14 P13 73.24 22.15 0 7.69 38.29 959.37 976.03 300.598 492.401 3544.922 207.672 409.546 539.093 467.682 27.771 26.398 86.67 -9.003 186.615 595.703 213.165 509.033 778.198 79.041 365.448 609.894 390.32 -5000 0.763 102.997 40.131 -6.561 18.005 266.724 66.071 355.377 709.381 238.495 -1370.392 335.846 157.013 36.316 24.567 52.338 2548.828 2501.831 2111.816 1735.992 1379.089 1014.557 659.485 162.811 -16.327 10.529 71.259 6.561 -331.726 -678.253 -1017.761 -1362.152 -1701.813 -2040.558 -2376.404 -2703.094 380.554 661.469 434.875 75.531 3.357 -345.917 -701.294 655 960 400 25.92 30.9 36 8 2408 1 034
6058383 7531 2026/1/25 16:10:15 P13 73.09 22.26 0 7.6 38.28 959.35 976.03 301.819 492.859 3545.38 206.757 408.783 538.483 467.834 26.093 -25.33 104.828 -7.782 186.92 594.94 213.165 508.728 776.672 75.989 364.99 609.589 390.015 -5000 5.798 103.76 -37.079 -9.308 18.005 266.876 64.545 355.682 707.855 198.975 -1364.746 335.846 155.792 28.381 35.095 52.185 2546.387 2501.068 2115.326 1739.197 1386.261 1023.102 666.809 163.422 -15.259 31.281 70.953 7.935 -332.489 -676.88 -1015.167 -1359.711 -1698.761 -2037.659 -2373.505 -2698.975 375.519 660.248 433.35 77.515 4.12 -345.764 -700.684 664 960 400 25.91 30.69 36 8 2408 1 034
6058384 7531 2026/1/25 16:10:16 P13 73.22 22.13 0 7.77 38.23 959.37 976.03 300.903 492.706 3544.922 207.672 408.63 539.093 467.682 -13.885 -13.885 102.844 -10.071 187.836 594.025 212.402 509.033 777.893 75.989 365.143 610.504 391.541 -5000 -10.529 102.539 48.676 -9.918 19.836 266.571 65.613 355.377 709.534 193.787 -1365.051 336.151 155.487 32.806 29.602 52.49 2546.997 2500.305 2116.394 1744.232 1387.787 1025.391 668.182 163.727 -18.616 42.877 73.09 7.935 -327.454 -672.15 -1011.963 -1354.828 -1695.099 -2034.607 -2371.216 -2698.212 379.181 662.537 433.197 80.414 8.392 -343.475 -697.937 666 950 400 25.91 30.82 36 8 2408 1 034
6058385 7531 2026/1/25 16:10:17 P13 73.16 22.21 0 7.64 38.36 959.37 976.03 299.835 492.249 3544.312 208.13 409.088 535.583 467.224 31.891 -21.973 110.168 -9.766 188.904 595.093 213.47 509.491 776.978 76.294 365.143 609.589 389.557 -5000 2.747 102.692 89.874 -7.629 18.311 266.571 65.002 356.903 707.855 201.874 -1363.373 334.93 155.334 29.602 27.313 51.88 2548.523 2503.204 2111.511 1736.755 1378.937 1015.015 659.485 166.016 -18.311 24.109 70.19 4.272 -333.71 -678.101 -1017.456 -1361.237 -1702.118 -2041.473 -2378.845 -2703.705 377.808 660.858 434.418 76.141 6.256 -348.511 -706.329 652 965 400 25.89 30.72 36 8 2408 1 034
6058386 7531 2026/1/25 16:10:18 P13 72.98 22.21 0 7.55 38.27 959.38 976.03 300.14 492.554 3544.617 208.588 410.461 535.431 467.682 18.005 4.883 96.893 -8.85 189.209 595.398 211.029 508.881 776.825 76.447 364.227 610.199 390.93 -5000 11.902 102.997 45.929 -7.019 18.768 267.029 64.087 355.682 705.566 208.435 -1369.629 336.304 155.487 31.433 30.518 53.253 2547.913 2502.594 2114.258 1740.112 1385.651 1022.491 667.572 166.626 -16.785 13.58 69.733 7.324 -332.184 -677.948 -1015.472 -1359.406 -1698.914 -2037.811 -2374.573 -2699.28 379.333 661.316 434.418 76.904 5.493 -347.595 -701.752 652 965 400 25.89 30.72 36 8 2408 1 034
6058387 7531 2026/1/25 16:10:19 P13 73.07 22.19 0 7.4 38.24 959.36 976.02 298.615 493.622 3544.922 208.588 408.478 534.363 467.987 81.024 9.308 82.855 -9.46 189.209 594.788 211.182 510.254 777.74 76.447 364.685 610.809 389.709 -5000 0.61 101.929 15.259 -8.698 18.311 266.724 64.85 353.394 707.397 220.032 -1370.697 337.219 155.334 34.027 31.433 53.101 2544.25 2497.101 2116.241 1742.554 1388.702 1027.222 670.624 164.642 -18.921 35.4 72.784 7.019 -329.285 -672.302 -1010.59 -1355.591 -1695.862 -2033.539 -2372.284 -2697.754 380.249 661.163 433.502 78.278 7.782 -341.644 -687.256 661 955 400 25.96 30.78 36 8 2408 1 034
6058388 7531 2026/1/25 16:10:20 P13 73.09 22.15 0 7.52 38.2 959.36 976.04 300.751 491.333 3545.074 208.588 408.936 540.924 468.14 -92.773 3.967 73.395 -10.376 187.683 594.482 209.045 509.491 777.13 75.989 364.38 610.046 392.761 -5000 -3.662 103.149 52.643 -9.918 18.158 267.029 64.24 352.936 703.735 224.609 -1364.594 335.388 156.097 31.738 26.703 52.338 2544.708 2502.289 2114.716 1742.096 1381.836 1016.541 657.806 165.863 -19.989 38.605 71.259 7.629 -329.132 -673.065 -1013.489 -1357.88 -1699.371 -2039.49 -2377.625 -2704.773 378.113 660.4 432.434 82.855 6.104 -345.306 -701.447 662 955 400 25.96 30.78 36 8 2408 1 034
6058389 7531 2026/1/25 16:10:21 P13 73.09 22.16 0 7.67 38.19 959.36 961.76 301.361 493.774 3544.769 208.435 408.783 539.856 468.14 37.537 -22.583 87.433 -10.529 187.683 594.788 210.266 509.033 776.367 76.447 364.838 610.046 391.846 -5000 -3.815 103.302 44.861 -9.308 19.226 267.181 64.85 353.241 706.482 212.25 -1362.762 336.761 155.487 31.891 32.043 53.406 2548.981 2501.068 2111.359 1739.044 1382.141 1020.508 664.825 164.185 -18.768 51.88 72.784 5.035 -328.979 -675.507 -1014.709 -1359.253 -1699.219 -2036.743 -2373.962 -2698.517 381.165 661.926 433.655 78.583 8.545 -347.137 -701.141 661 950 400 25.93 30.76 37 8 2408 1 034
6058390 7531 2026/1/25 16:10:22 P13 73.06 22.16 0 7.52 38.24 959.38 976.02 299.072 491.18 3543.701 207.825 408.63 539.703 467.682 -68.817 -24.261 105.133 -7.324 186.615 594.33 207.672 508.881 777.893 74.158 364.38 610.199 390.93 -5000 -5.188 102.081 82.092 -9.46 19.073 266.876 65.613 353.851 704.346 217.59 -1361.542 335.236 156.25 28.381 25.94 54.016 2548.828 2502.747 2117.31 1743.469 1389.16 1026.917 669.556 162.201 -16.937 61.035 69.122 5.188 -329.742 -673.218 -1011.81 -1355.896 -1695.709 -2034.302 -2370.605 -2695.923 379.944 657.806 429.84 77.515 3.967 -345.154 -698.7 651 955 400 25.96 30.81 37 8 2408 1 034
6058391 7531 2026/1/25 16:10:23 P13 73.07 22.1 0 7.43 38.2 959.39 976.03 300.446 492.096 3542.786 209.656 410.767 536.194 468.14 1.831 -19.684 97.656 -10.223 186.768 595.703 205.994 509.033 777.74 76.447 364.532 609.436 388.184 -5000 -5.646 101.929 14.496 -7.782 18.311 267.334 64.85 352.783 698.853 238.037 -1363.678 336.914 156.097 31.128 25.024 52.185 2548.676 2501.526 2117.004 1739.96 1383.82 1020.355 660.858 164.185 -18.768 38.91 72.327 8.24 -329.895 -673.065 -1014.099 -1358.032 -1698.303 -2039.032 -2377.777 -2703.705 380.096 659.485 433.96 78.278 5.951 -346.68 -701.904 662 950 400 25.92 30.76 37 8 2408 1 034
6058392 7531 2026/1/25 16:10:24 P13 73.13 22.19 0 7.64 38.15 959.38 976.03 301.208 491.028 3543.396 208.74 408.936 539.551 468.292 11.292 1.068 116.272 -9.308 186.615 593.719 207.214 509.186 777.893 75.989 364.685 609.131 389.557 -5000 0.61 99.945 6.561 -9.003 18.158 266.724 64.392 352.783 701.141 227.814 -1362 337.219 155.487 37.994 27.924 52.795 2548.218 2501.984 2113.342 1732.483 1373.901 1007.233 650.787 164.642 -15.106 30.67 71.716 9.918 -330.353 -676.88 -1017.456 -1361.847 -1703.491 -2046.661 -2385.864 -2711.029 381.317 660.553 435.028 77.82 5.341 -348.053 -708.313 657 950 400 25.92 30.85 37 8 2408 1 034
6058393 7531 2026/1/25 16:10:25 P13 73.16 22.17 0 7.6 38.33 959.38 961.76 299.988 493.317 3543.549 208.435 408.63 538.33 467.529 -5.646 -22.43 92.468 -9.918 186.92 594.177 206.909 509.186 777.435 76.447 365.295 609.741 392.151 -5000 -0.763 104.218 27.161 -9.308 18.311 267.792 66.528 353.546 702.82 246.429 -1362.152 334.93 155.64 34.027 23.499 51.88 2548.218 2501.526 2116.394 1743.317 1389.313 1027.222 669.861 161.591 -14.496 19.531 70.19 6.561 -330.2 -674.286 -1011.658 -1356.659 -1694.489 -2033.997 -2370.453 -2695.312 377.655 656.891 432.587 77.057 4.883 -344.696 -699.005 662 950 400 25.91 30.82 37 8 2408 1 034
6058394 7531 2026/1/25 16:10:26 P13 73.11 22.15 0 7.67 38.31 959.36 961.75 300.903 493.317 3543.701 208.282 410.004 539.703 468.292 -20.599 12.512 93.536 -10.071 187.225 593.872 206.146 509.338 777.13 77.209 364.99 609.283 390.32 -5000 4.272 101.471 -18.616 -8.545 20.447 266.571 61.951 352.783 701.599 237.732 -1366.73 335.083 154.877 37.079 22.125 53.711 2545.319 2501.678 2114.868 1741.028 1386.871 1022.644 663.452 163.269 -14.191 22.278 71.106 9.003 -330.2 -673.676 -1012.115 -1356.812 -1697.693 -2037.506 -2375.641 -2701.721 380.096 658.569 433.197 79.956 5.341 -343.781 -699.463 661 940 400 25.92 30.79 37 8 2408 1 034
6058395 7531 2026/1/25 16:10:27 P13 73.1 22.23 0 7.65 38.27 959.36 976.04 299.835 491.638 3542.48 208.893 409.088 541.687 467.529 42.114 -21.973 103.149 -11.139 188.904 594.025 205.078 509.796 777.283 76.294 364.685 609.741 392.456 -5000 -2.747 99.792 33.722 -8.545 18.768 267.029 64.392 353.546 699.921 226.746 -1367.798 337.982 155.945 31.738 18.768 52.338 2548.065 2501.068 2111.206 1734.009 1374.207 1007.233 650.33 158.844 -16.937 18.921 73.09 8.087 -331.268 -677.338 -1018.219 -1362.457 -1704.865 -2044.22 -2382.812 -2710.419 378.418 657.501 432.739 76.599 5.493 -340.729 -701.294 663 935 400 25.92 30.85 37 8 2408 1 034
6058396 7531 2026/1/25 16:10:28 P13 73.14 22.13 0 7.69 38.34 959.36 976.02 298.309 492.554 3541.87 209.503 409.546 539.856 467.529 90.79 -31.281 100.555 -9.308 188.751 595.856 203.857 509.949 777.283 76.447 365.295 609.436 389.862 -5000 -5.951 102.539 -19.379 -7.935 18.768 266.724 63.171 350.8 701.141 219.421 -1359.863 335.541 154.724 33.875 25.787 52.49 2543.182 2500.458 2116.089 1744.08 1389.618 1027.679 672.76 161.133 -19.379 32.806 71.716 4.272 -330.353 -674.286 -1013.641 -1355.743 -1696.32 -2034.76 -2370.758 -2696.075 378.113 659.79 432.129 77.972 5.646 -346.069 -701.447 663 935 400 25.92 30.85 37 8 2408 1 034
6058397 7531 2026/1/25 16:10:29 P13 73.14 22.13 0 7.69 38.34 959.38 976.03 300.598 493.164 3542.175 209.198 409.546 537.872 468.292 -16.785 -12.054 84.839 -10.071 188.904 595.398 205.231 509.491 777.283 77.209 364.227 610.504 390.167 -5000 -3.815 102.692 -24.414 -8.545 18.768 266.724 63.629 354.919 700.073 211.182 -1365.967 335.388 155.487 36.011 28.992 53.101 2542.572 2502.289 2114.563 1742.249 1385.345 1023.56 668.182 161.133 -17.853 39.368 73.7 5.951 -329.285 -672.302 -1012.573 -1357.117 -1697.693 -2036.896 -2374.725 -2702.484 380.096 659.943 432.587 81.177 8.698 -344.543 -698.242 656 920 400 25.91 30.8 37 8 2408 1 034
6058398 7531 2026/1/25 16:10:30 P13 72.96 22.17 0 7.58 38.27 959.39 976.05 301.208 493.164 3541.26 209.198 408.783 540.924 466.919 15.869 11.139 99.335 -10.376 188.293 592.957 202.179 509.033 777.283 75.989 364.99 609.741 391.998 -5000 -7.172 104.37 16.632 -10.376 18.311 267.029 64.087 354.156 698.242 218.201 -1359.253 336.151 155.945 35.4 24.109 52.032 2547.607 2503.357 2111.816 1735.382 1376.19 1009.216 653.381 163.269 -17.395 47.15 72.784 7.935 -330.048 -674.896 -1014.862 -1360.474 -1702.728 -2042.542 -2382.05 -2707.52 378.571 657.654 433.807 77.209 7.477 -350.037 -706.787 663 920 400 25.91 30.8 37 8 2408 1 034
6058399 7531 2026/1/25 16:10:31 P13 73.07 22.19 0 7.52 38.19 959.38 961.76 300.751 491.791 3541.718 208.893 406.952 537.872 468.14 -73.853 -5.493 92.926 -8.24 186.92 594.025 199.89 508.575 777.435 76.294 365.143 609.283 389.862 -5000 -1.984 106.506 -16.479 -9.308 17.853 266.418 63.782 352.631 697.174 214.844 -1361.389 335.693 155.182 34.637 32.196 53.101 2543.335 2501.984 2108.002 1728.973 1372.528 1004.944 651.398 160.98 -17.853 32.501 69.427 5.493 -334.167 -680.695 -1021.881 -1366.272 -1705.933 -2046.967 -2385.864 -2710.114 378.113 656.128 434.113 74.31 4.73 -348.969 -706.787 662 915 400 25.93 30.82 37 8 2408 1 034
6058400 7531 2026/1/25 16:10:32 P13 73.07 22.16 0 7.6 38.24 959.39 961.77 298.767 493.622 3542.175 208.74 409.088 541.077 467.377 74.158 -10.223 115.814 -10.376 186.92 594.33 200.5 508.27 777.588 75.226 364.685 609.131 390.015 -5000 8.392 107.88 48.828 -9.918 18.158 267.181 65.155 353.394 697.174 224.762 -1362.762 334.625 155.64 36.621 20.294 52.948 2546.997 2502.136 2115.326 1739.96 1386.108 1024.017 665.741 164.185 -13.428 26.55 71.564 8.087 -331.268 -675.201 -1013.184 -1357.269 -1697.998 -2035.675 -2373.657 -2699.89 379.333 656.281 435.486 79.803 6.714 -345.764 -699.921 650 870 400 25.92 30.71 37 8 2408 1 034
6058401 7531 2026/1/25 16:10:33 P13 73.03 22.15 0 7.53 38.26 959.37 976.03 302.734 493.164 3540.802 209.045 409.851 542.145 467.529 -67.291 -11.292 83.008 -10.529 187.225 595.093 201.263 509.186 777.283 76.447 364.685 608.978 390.625 -5000 4.425 106.506 48.218 -10.071 19.836 267.181 63.324 354.614 698.547 245.514 -1360.016 334.473 155.64 36.163 24.719 52.185 2545.166 2503.052 2111.359 1735.077 1378.632 1010.132 653.076 159.76 -18.616 22.583 72.479 3.815 -330.353 -675.201 -1016.846 -1361.389 -1702.271 -2042.542 -2382.05 -2708.282 376.892 655.06 432.739 77.515 8.85 -348.053 -705.566 662 860 400 25.88 30.79 37 8 2408 1 034
6058402 7531 2026/1/25 16:10:34 P13 73.07 22.19 0 7.5 38.18 959.36 961.75 296.631 492.096 3540.649 208.893 409.241 539.093 467.377 -80.414 -28.687 99.945 -8.545 186.92 595.398 198.975 508.575 776.978 76.904 364.38 608.673 389.557 -5000 -6.866 103.302 30.518 -9.613 18.921 267.792 63.171 353.699 697.784 212.555 -1368.866 336.151 154.724 35.858 22.888 53.253 2544.861 2500.305 2108.765 1729.736 1374.664 1009.827 651.703 162.659 -16.785 28.839 74.31 4.272 -331.268 -679.169 -1019.135 -1363.983 -1705.78 -2046.814 -2384.338 -2709.961 379.181 658.875 433.655 76.294 7.935 -349.579 -711.365 653 860 400 25.89 30.75 37 8 2408 1 034
6058403 7531 2026/1/25 16:10:35 P13 72.96 22.15 0 7.6 38.23 959.39 961.76 296.936 492.249 3540.039 208.74 410.461 538.483 467.224 18.768 -7.172 93.536 -7.782 186.768 593.872 199.738 509.033 777.13 76.599 364.532 608.673 391.846 -5000 7.172 101.624 45.776 -9.766 19.073 267.944 63.324 353.546 695.953 222.931 -1360.168 335.236 156.555 33.875 23.804 52.338 2548.37 2500.61 2114.41 1736.298 1381.226 1016.235 660.706 159.912 -16.327 18.005 70.801 5.188 -335.236 -678.864 -1017.609 -1362.152 -1702.576 -2041.626 -2379.761 -2704.773 376.282 655.975 433.502 76.599 5.798 -348.511 -704.956 662 865 400 25.92 30.85 37 8 2408 1 034
6058404 7531 2026/1/25 16:10:36 P13 73.06 22.23 0 7.52 38.26 959.36 961.76 300.446 493.164 3539.429 209.351 408.936 533.295 466.919 -35.4 -28.992 104.523 -7.629 187.988 594.94 198.975 508.423 776.215 76.599 364.532 608.826 388.947 -5000 1.831 100.25 -22.278 -9.308 19.379 267.029 63.019 352.936 695.801 230.255 -1361.084 334.32 156.25 34.332 23.804 52.032 2542.572 2502.289 2113.953 1737.976 1378.784 1012.421 654.755 160.828 -15.106 7.782 70.648 8.392 -329.742 -675.507 -1015.93 -1361.084 -1703.491 -2043.152 -2381.592 -2707.977 378.723 655.518 433.655 76.447 5.188 -348.206 -703.735 660 870 400 25.93 30.73 37 8 2408 1 034
6058405 7531 2026/1/25 16:10:37 P13 73 22.12 0 7.57 38.17 959.36 976.02 300.598 492.706 3541.565 208.282 409.088 535.583 467.682 49.133 10.376 103.149 -8.24 189.209 592.346 196.381 509.033 777.283 75.989 364.227 609.131 389.557 -5000 10.071 101.776 88.959 -9.613 18.616 266.724 65.155 353.394 696.869 248.26 -1362.762 335.541 157.013 28.534 24.109 52.643 2547.15 2500.305 2109.222 1729.584 1381.989 1006.317 648.499 161.591 -18.463 19.226 72.327 6.866 -331.726 -678.101 -1019.287 -1364.288 -1705.78 -2045.898 -2386.169 -2709.503 384.216 657.043 434.875 75.073 7.019 -348.511 -708.008 666 820 400 25.92 30.79 37 8 2408 1 034
6058406 7531 2026/1/25 16:10:38 P13 73.07 22.1 0 7.72 38.24 959.38 976.03 299.377 491.028 3539.886 208.13 409.241 537.415 466.766 1.678 12.665 108.795 -10.223 187.531 592.651 197.906 509.796 777.283 75.989 365.143 608.368 389.709 -5000 12.207 102.844 -20.294 -8.24 18.463 266.266 64.087 351.41 692.902 216.675 -1363.373 335.999 156.25 35.4 29.449 52.185 2548.37 2502.899 2110.138 1735.687 1380.31 1017.151 661.011 160.522 -16.479 25.94 71.564 5.798 -331.879 -678.253 -1018.677 -1363.22 -1702.576 -2041.626 -2379.761 -2704.01 376.587 656.586 432.892 75.836 5.798 -349.579 -706.024 666 820 400 25.92 30.79 37 8 2408 1 034
6058407 7531 2026/1/25 16:10:39 P13 73.09 22.15 0 7.65 38.25 959.4 961.76 298.767 494.69 3540.344 208.74 407.715 540.924 466.766 34.79 -9.46 97.046 -8.24 187.378 595.398 195.465 506.897 777.13 75.684 364.99 608.826 390.32 -5000 -5.493 105.591 -17.548 -10.071 19.531 267.181 62.561 352.02 694.58 233.459 -1362.61 335.083 156.86 34.027 27.161 52.338 2546.997 2502.136 2115.936 1744.537 1388.855 1026.764 670.624 166.931 -18.158 34.79 73.395 8.85 -329.285 -673.676 -1012.268 -1356.201 -1695.709 -2034.454 -2370.3 -2695.923 380.402 657.196 434.723 79.498 7.019 -345.917 -701.752 656 810 400 25.92 30.79 37 8 2408 1 034
6058408 7531 2026/1/25 16:10:40 P13 72.95 22.15 0 7.67 38.24 959.38 961.76 302.277 492.401 3539.124 209.503 409.546 535.889 467.529 -67.749 4.883 95.673 -9.003 187.073 594.33 193.787 508.728 777.283 76.294 364.38 608.978 390.778 -5000 -0.763 104.523 -2.289 -7.629 19.379 267.334 62.561 355.53 688.019 228.729 -1359.1 334.625 155.64 34.027 27.466 51.88 2541.504 2501.221 2108.307 1730.957 1374.969 1008.759 654.755 160.522 -16.632 28.534 70.953 3.51 -336.761 -681.61 -1022.949 -1366.882 -1707.458 -2051.697 -2389.526 -2711.334 377.045 653.839 434.113 73.547 8.24 -351.105 -711.67 656 820 400 25.92 30.79 37 8 2408 1 034
6058409 7531 2026/1/25 16:10:41 P13 72.99 22.12 0 7.53 38.21 959.38 976.04 297.852 493.164 3539.581 208.588 409.546 537.109 467.529 -12.054 3.052 111.084 -10.071 188.446 589.905 196.991 508.575 778.351 76.904 364.532 608.826 390.778 -5000 -0.458 104.675 10.681 -7.935 19.379 266.418 62.103 353.394 694.58 212.402 -1360.626 335.846 155.334 29.602 29.907 51.727 2544.403 2501.831 2112.427 1737.366 1381.989 1019.135 665.436 159.454 -17.09 16.327 70.801 6.256 -333.099 -679.321 -1018.524 -1361.389 -1701.508 -2040.71 -2376.099 -2702.484 381.012 656.738 432.892 77.057 5.493 -348.663 -703.278 662 825 400 25.93 30.81 37 8 2408 1 034
6058410 7531 2026/1/25 16:10:42 P13 73.04 22.21 0 7.67 38.25 959.39 976.04 299.377 492.859 3539.124 210.266 410.156 533.752 467.224 60.577 -15.564 108.032 -11.139 186.92 594.33 193.329 507.965 777.435 75.836 364.38 607.91 389.862 -5000 -13.123 108.337 34.18 -8.545 18.921 267.487 64.087 354.156 693.054 201.569 -1358.948 334.778 154.724 32.043 23.346 52.643 2549.133 2502.747 2116.852 1744.69 1389.771 1026.917 672.15 163.116 -16.632 30.06 71.411 9.918 -325.165 -671.082 -1008.606 -1352.997 -1693.878 -2032.166 -2369.232 -2696.075 380.096 655.518 435.181 80.109 8.698 -343.475 -697.174 647 775 400 25.93 30.84 37 8 2408 1 034
6058411 7531 2026/1/25 16:10:43 P13 72.99 22.15 0 7.65 38.26 959.4 976.04 297.241 491.18 3536.987 209.961 407.715 531.464 467.529 9.003 -9.613 112.915 -9.766 186.462 594.788 189.056 509.033 774.689 75.836 364.532 608.826 389.709 -5000 -7.324 106.964 -15.869 -11.139 18.311 267.487 62.714 352.783 691.528 230.255 -1364.746 334.32 156.25 35.553 20.294 52.338 2549.438 2500.153 2111.511 1735.077 1378.632 1014.252 659.027 160.522 -18.768 9.613 71.564 4.12 -331.268 -678.101 -1018.372 -1361.542 -1704.559 -2041.931 -2379.456 -2703.4 377.502 654.297 432.129 75.378 6.866 -348.663 -703.583 656 800 400 25.89 30.82 37 8 2408 1 034
6058412 7531 2026/1/25 16:10:44 P13 73.03 22.16 0 7.48 38.29 959.38 976.05 299.377 491.791 3537.75 209.198 408.325 533.752 467.224 -43.945 6.866 115.509 -9.918 186.768 594.33 193.024 508.27 777.13 75.836 365.295 608.215 389.099 -5000 -0.305 106.049 21.667 -9.003 19.226 266.418 63.782 352.936 689.85 215.302 -1360.474 334.93 157.471 34.943 27.924 52.338 2550.201 2500.61 2115.173 1741.943 1387.482 1026.001 668.793 169.373 -16.785 19.226 72.632 10.529 -327.148 -673.981 -1011.658 -1356.354 -1695.862 -2035.065 -2370.911 -2695.77 381.622 657.654 434.265 79.193 6.104 -345.001 -699.768 661 805 400 25.88 30.83 37 8 2408 1 034
6058413 7531 2026/1/25 16:10:45 P13 73 22.19 0 7.68 38.18 959.41 961.76 300.446 494.232 3537.903 210.114 409.546 534.821 467.072 16.174 13.428 112.457 -9.46 188.141 594.94 193.176 508.423 777.435 77.057 363.922 608.215 386.81 -5000 -7.324 103.149 -9.155 -9.003 18.768 266.571 63.629 351.868 692.139 204.315 -1360.168 336.914 155.487 36.774 28.229 52.643 2547.607 2501.373 2116.699 1743.164 1385.498 1023.56 664.825 168.915 -14.343 36.469 71.411 8.392 -328.522 -673.981 -1011.963 -1356.812 -1697.693 -2036.591 -2373.657 -2700.806 379.181 656.738 435.181 80.109 5.951 -345.001 -699.005 656 810 400 25.88 30.83 37 8 2408 1 034
6058414 7531 2026/1/25 16:10:46 P13 72.95 22.17 0 7.64 38.23 959.38 976.04 299.683 492.554 3531.494 208.435 407.41 541.84 467.224 42.572 -14.496 109.863 -10.223 188.599 594.025 192.108 508.118 776.672 75.989 365.295 608.826 389.862 -5000 7.477 102.844 22.43 -9.613 19.989 267.639 62.561 352.936 690.765 221.71 -1360.321 336.151 155.792 33.722 31.128 52.185 2543.488 2500 2113.342 1734.009 1375.885 1007.385 649.719 164.032 -16.174 33.417 71.106 6.866 -329.59 -676.88 -1017.456 -1362.152 -1704.254 -2044.678 -2383.575 -2707.52 377.808 653.839 435.181 76.141 5.188 -346.68 -705.414 664 805 400 25.92 30.84 37 8 2408 1 034
6058415 7531 2026/1/25 16:10:47 P13 72.96 22.15 0 7.64 38.31 959.37 976.05 311.279 492.096 3535.919 209.198 408.478 536.957 468.14 28.381 2.136 112 -10.376 188.446 594.177 190.887 509.033 777.893 75.684 362.701 608.215 391.541 -5000 -1.831 103.302 4.73 -9.918 19.531 265.35 62.103 352.173 689.392 226.593 -1361.237 334.93 154.724 31.891 26.855 52.338 2545.319 2501.984 2117.767 1744.995 1390.381 1026.917 671.387 160.675 -14.648 41.046 72.174 8.545 -331.116 -674.744 -1012.573 -1355.896 -1695.557 -2033.844 -2369.69 -2696.381 379.639 653.839 435.028 79.041 7.019 -326.996 -688.477 667 765 400 25.92 30.85 38 8 2408 1 034
6058416 7531 2026/1/25 16:10:48 P13 73.07 22.09 0 7.58 38.29 959.4 976.05 300.751 493.164 3537.445 209.808 408.63 539.551 466.614 -35.4 -9.155 100.403 -8.85 189.362 594.94 191.345 507.355 777.588 75.989 364.532 608.368 390.93 -5000 -0.916 106.506 6.104 -9.308 18.616 266.724 61.951 353.546 690.46 192.871 -1359.558 335.236 155.64 29.602 25.787 52.795 2549.133 2501.068 2115.784 1740.417 1383.667 1016.846 659.79 160.37 -18.463 35.553 70.801 4.883 -331.573 -675.659 -1015.32 -1359.1 -1699.677 -2039.337 -2377.472 -2705.231 378.571 651.855 434.113 78.583 5.646 -346.069 -702.362 664 790 400 25.92 30.9 38 8 2408 1 034
6058417 7531 2026/1/25 16:10:49 P13 73.02 22.12 0 7.7 38.15 959.38 961.77 299.683 492.401 3535.767 208.893 408.325 540.314 467.224 36.011 11.292 103.912 -10.223 187.225 593.719 187.531 508.118 776.672 76.141 364.685 608.063 390.625 -5000 2.441 105.743 14.038 -6.561 18.158 267.029 62.103 351.868 689.545 214.081 -1362 334.473 154.877 34.637 27.924 53.101 2546.997 2502.594 2110.596 1731.262 1370.85 1003.113 646.82 163.574 -16.785 23.804 71.259 7.477 -330.811 -678.406 -1019.135 -1364.288 -1706.543 -2047.424 -2387.848 -2711.334 379.486 653.839 433.96 74.31 6.409 -351.868 -711.06 664 790 400 25.92 30.9 38 8 2408 1 034
6058418 7531 2026/1/25 16:10:50 P13 72.99 22.2 0 7.53 38.14 959.39 961.76 297.394 491.028 3537.598 209.503 408.325 536.194 467.834 50.354 -12.207 115.051 -8.24 187.683 595.398 189.209 508.575 775.299 75.684 363.617 607.91 390.93 -5000 -3.052 104.675 73.242 -8.85 18.158 267.029 64.087 353.088 689.24 224.762 -1360.016 335.083 156.403 34.637 19.836 52.643 2542.114 2502.441 2111.664 1734.924 1379.852 1016.235 661.621 161.133 -17.242 30.823 72.327 6.104 -330.658 -677.185 -1016.235 -1361.542 -1702.118 -2041.168 -2379.456 -2703.552 379.333 656.738 435.028 79.498 8.698 -348.663 -702.667 663 800 400 25.91 30.84 38 8 2408 1 034
6058419 7531 2026/1/25 16:10:51 P13 72.99 22.23 0 7.65 38.38 959.41 976.05 299.072 493.469 3536.072 209.961 408.02 538.94 466.766 -71.106 15.106 108.948 -8.698 188.599 594.177 191.65 508.881 777.283 75.836 364.38 607.91 390.015 -5000 -1.678 105.896 21.515 -9.918 19.073 267.639 63.629 354.614 688.171 226.288 -1359.406 335.693 155.487 35.553 25.482 52.49 2546.692 2503.204 2113.037 1734.924 1377.106 1010.742 653.076 162.506 -15.564 19.531 71.106 7.477 -332.336 -676.27 -1016.998 -1362 -1702.881 -2043.457 -2380.371 -2707.52 377.502 652.161 433.655 80.109 4.883 -348.663 -704.346 664 795 400 25.92 30.92 38 8 2408 1 034
6058420 7531 2026/1/25 16:10:52 P13 72.92 22.19 0 7.57 38.25 959.41 961.77 299.988 493.622 3535.461 209.656 409.088 537.72 467.224 41.809 8.087 122.223 -9.918 188.141 594.482 189.209 508.423 776.672 76.141 364.227 608.215 389.557 -5000 -7.935 104.98 61.798 -7.935 19.531 266.724 62.103 353.394 687.256 231.018 -1365.967 335.388 155.792 34.637 27.618 52.338 2547.15 2502.747 2110.291 1730.957 1373.291 1008.301 652.466 163.879 -14.343 14.343 72.784 7.324 -333.71 -678.711 -1019.135 -1364.136 -1705.627 -2045.441 -2384.033 -2708.13 379.791 652.313 434.875 75.684 5.493 -348.206 -706.635 655 760 400 25.89 30.8 38 8 2408 1 034
6058421 7531 2026/1/25 16:10:53 P13 72.92 22.16 0 7.57 38.24 959.38 961.76 299.225 492.401 3534.546 209.961 410.156 539.551 467.072 -2.747 -5.035 113.525 -9.766 187.073 594.177 186.615 508.118 776.978 76.294 363.77 607.3 390.167 -5000 -6.104 103.912 -23.499 -10.529 20.142 267.944 61.798 352.783 687.256 214.844 -1358.185 334.473 157.776 34.943 26.398 52.338 2544.708 2502.441 2113.037 1739.502 1383.057 1020.966 665.436 162.048 -17.548 14.191 66.681 9.155 -330.658 -676.575 -1016.388 -1359.863 -1700.592 -2037.659 -2375.031 -2700.806 378.113 653.534 434.875 78.278 6.866 -348.511 -704.498 656 780 400 25.88 30.82 38 8 2408 1 034
6058422 7531 2026/1/25 16:10:54 P13 72.98 22.16 0 7.62 38.24 959.4 961.76 301.361 492.554 3534.851 209.045 410.156 537.872 467.682 -63.934 -3.815 97.198 -7.324 187.073 594.482 187.836 508.423 776.825 75.684 364.99 607.3 389.862 -5000 -3.51 101.013 -23.346 -8.24 18.768 267.334 62.561 352.936 686.493 209.198 -1361.542 334.625 158.081 35.248 18.463 56.458 2545.166 2501.831 2114.41 1741.943 1388.092 1025.848 669.25 161.438 -15.411 31.738 71.411 6.714 -329.132 -674.438 -1011.81 -1355.438 -1696.167 -2033.997 -2371.063 -2698.212 378.723 650.33 433.502 78.735 5.188 -343.628 -696.716 662 790 400 25.95 30.68 38 8 2408 1 034
6058423 7531 2026/1/25 16:10:55 P13 73.07 22.12 0 7.47 38.26 959.42 976.04 299.988 493.774 3527.832 209.503 408.63 539.856 467.529 -87.891 -22.888 95.062 -9.155 186.615 594.788 184.784 507.965 777.283 75.836 364.685 608.063 390.625 -5000 2.594 102.692 32.349 -9.613 19.531 267.487 61.646 352.325 684.509 224.152 -1359.558 333.557 154.572 32.806 16.022 52.49 2546.997 2500.763 2112.732 1736.908 1379.242 1015.472 661.621 163.422 -14.496 29.602 71.564 8.698 -326.233 -671.387 -1011.353 -1355.591 -1697.693 -2036.438 -2374.268 -2700.348 379.333 654.144 434.418 79.346 7.935 -347.748 -702.972 656 800 400 25.93 30.81 38 8 2408 1 034
6058424 7531 2026/1/25 16:10:56 P13 73.04 22.21 0 7.57 38.19 959.39 961.77 298.157 491.333 3535.767 210.419 407.867 537.415 467.529 6.104 -9.155 83.923 -10.681 186.92 594.025 182.8 508.728 778.046 74.158 364.075 606.842 391.083 -5000 7.782 104.37 74.158 -10.071 18.463 267.334 62.866 353.394 685.577 237.732 -1356.964 334.167 155.182 33.264 25.024 52.643 2546.997 2501.526 2115.021 1742.554 1386.719 1025.238 670.166 161.438 -17.7 19.226 71.106 7.935 -332.489 -677.49 -1015.015 -1359.558 -1699.371 -2037.811 -2373.657 -2698.822 379.028 652.924 434.113 78.125 4.73 -343.933 -699.005 663 795 400 25.92 30.82 38 8 2408 1 034
6058425 7531 2026/1/25 16:10:57 P13 73.06 22.13 0 7.6 38.21 959.41 961.75 298.767 491.943 3531.647 209.961 407.867 538.483 467.377 -21.515 -33.875 97.809 -9.46 187.531 595.398 183.411 507.965 777.283 74.768 363.922 608.063 389.862 -5000 0.916 104.065 46.692 -9.308 20.447 267.487 61.798 351.715 684.509 216.064 -1364.594 333.252 155.64 36.011 20.905 52.49 2545.166 2501.068 2112.427 1740.265 1385.956 1022.034 665.741 160.217 -16.937 19.073 74.005 5.646 -325.317 -672.302 -1012.268 -1356.354 -1696.93 -2036.591 -2375.183 -2700.5 378.571 653.687 434.57 79.956 11.139 -342.56 -698.242 661 765 400 25.95 30.82 38 8 2408 1 034
6058426 7531 2026/1/25 16:10:58 P13 72.99 22.1 0 7.6 38.27 959.4 961.77 299.835 491.791 3535.004 210.571 408.783 536.041 467.834 7.324 -3.815 102.692 -8.392 189.209 594.482 184.021 508.728 778.198 75.684 364.075 607.91 388.947 -5000 -2.899 100.098 15.717 -9.613 18.921 266.571 64.392 351.715 684.967 204.773 -1360.016 335.236 155.487 29.602 30.06 52.643 2547.76 2500.61 2111.359 1733.551 1375.427 1006.47 649.109 161.896 -17.853 12.97 73.853 8.087 -330.2 -675.659 -1017.303 -1362 -1703.949 -2043.152 -2382.965 -2709.656 378.723 652.466 432.892 77.667 8.392 -347.9 -706.94 667 785 400 25.92 30.79 38 8 2408 1 034
6058427 7531 2026/1/25 16:10:59 P13 73.02 22.17 0 7.53 38.18 959.41 961.75 297.852 493.927 3533.325 210.571 408.783 538.025 466.614 27.771 19.531 93.231 -9.918 188.751 594.33 182.495 508.27 776.672 75.378 364.685 607.3 390.472 -5000 -7.019 103.455 1.984 -7.172 18.768 267.487 61.188 351.41 681.915 234.528 -1359.1 334.625 155.792 37.384 32.043 52.338 2542.877 2500 2109.833 1738.586 1382.751 1021.271 665.741 155.792 -14.648 27.161 70.19 4.272 -331.421 -675.507 -1013.336 -1356.506 -1695.862 -2035.37 -2370.453 -2698.822 377.197 649.872 432.434 80.414 6.104 -344.543 -698.242 667 785 400 25.92 30.79 38 8 2408 1 034
6058428 7531 2026/1/25 16:11:00 P13 73.02 22.16 0 7.6 38.18 959.4 961.75 298.004 493.164 3528.29 210.419 408.478 539.703 466.919 22.43 -6.256 91.095 -9.613 190.43 594.635 184.631 508.423 777.435 75.073 363.77 606.842 389.709 -5000 0.458 103.455 36.926 -8.698 18.616 267.181 61.035 351.562 684.509 215.912 -1359.863 333.557 154.572 34.485 23.346 53.558 2545.624 2502.136 2114.41 1738.434 1381.836 1016.998 658.722 162.354 -17.853 39.215 72.632 7.477 -328.827 -673.218 -1013.336 -1358.643 -1698.914 -2038.879 -2377.93 -2703.857 379.333 652.313 433.197 75.226 8.24 -345.917 -701.294 657 800 400 25.95 30.84 38 8 2408 1 034
6058429 7531 2026/1/25 16:11:01 P13 73.03 22.13 0 7.65 38.29 959.41 961.76 298.462 491.943 3533.02 210.876 409.088 540.924 467.224 33.417 -12.817 80.109 -9.003 187.073 594.33 179.596 508.118 777.435 75.684 365.143 606.689 389.404 -5000 0.763 104.065 -16.479 -9.003 18.768 267.029 61.188 351.257 684.204 227.203 -1359.558 334.778 156.097 30.212 23.651 52.795 2547.15 2500.763 2109.528 1730.347 1370.392 1003.571 648.346 162.201 -19.684 52.338 71.716 6.866 -333.557 -676.727 -1017.456 -1362 -1703.644 -2043.61 -2384.186 -2710.114 377.96 649.719 434.265 75.073 7.477 -352.631 -710.602 658 805 400 25.92 30.76 38 8 2408 1 034
6058430 7531 2026/1/25 16:11:02 P13 73.02 22.21 0 7.65 38.35 959.41 961.76 300.293 492.401 3532.715 210.571 408.783 534.21 466.614 2.747 -14.038 80.261 -9.613 188.599 595.093 181.274 507.812 776.672 75.684 363.77 607.605 389.099 -5000 -5.341 103.149 -6.714 -7.019 19.226 267.181 61.035 353.394 682.068 249.023 -1357.422 335.693 155.182 34.18 28.229 52.795 2548.065 2501.526 2116.241 1744.69 1387.787 1024.475 666.351 165.71 -20.294 40.894 70.953 9.308 -328.369 -673.523 -1011.963 -1356.049 -1696.472 -2035.675 -2373.047 -2699.89 378.265 652.771 435.028 79.956 7.477 -346.069 -699.921 656 775 400 25.93 30.76 38 8 2408 1 034
6058431 7531 2026/1/25 16:11:03 P13 72.99 22.1 0 7.77 38.25 959.41 961.78 301.514 492.554 3532.715 211.487 408.478 538.635 467.224 -44.25 -50.964 104.218 -9.613 187.225 593.872 183.258 508.575 777.435 76.141 363.922 606.995 391.541 -5000 -2.289 102.234 38.91 -9.613 19.226 267.487 61.34 355.072 682.373 249.786 -1362.152 333.862 155.334 29.602 27.161 52.795 2544.708 2500.305 2112.274 1735.535 1376.953 1011.353 652.008 164.49 -12.665 27.466 71.106 8.698 -331.879 -677.643 -1016.846 -1362.152 -1703.644 -2044.373 -2383.118 -2708.435 378.876 649.719 436.096 79.193 6.714 -346.68 -704.346 657 790 400 25.91 30.85 38 8 2408 1 034
6058432 7531 2026/1/25 16:11:04 P13 72.99 22.12 0 7.74 38.28 959.39 961.75 298.92 492.401 3531.799 211.029 408.63 532.074 466.614 53.558 -49.438 97.961 -10.071 189.362 592.957 177.155 507.812 777.588 75.684 363.464 606.232 389.557 -5000 -6.256 102.539 -8.545 -9.918 18.616 266.724 61.646 351.41 679.169 227.356 -1359.406 335.388 155.182 30.975 29.297 52.338 2548.065 2501.831 2110.443 1731.567 1373.291 1008.301 652.771 166.931 -17.548 43.182 70.953 7.019 -332.336 -679.321 -1018.829 -1363.831 -1704.102 -2044.22 -2383.27 -2707.825 378.418 651.245 435.181 74.158 7.782 -351.715 -709.839 662 785 400 25.95 30.76 38 8 2408 1 034
6058433 7531 2026/1/25 16:11:05 P13 72.96 22.16 0 7.6 38.31 959.4 961.77 300.751 491.943 3531.036 211.334 410.309 534.21 466.766 -86.517 -57.373 91.858 -9.003 187.531 594.635 175.781 508.728 777.74 75.684 363.159 607.605 390.32 -5000 -4.425 103.149 -18.311 -10.223 18.616 267.029 63.171 352.173 682.068 195.16 -1364.441 334.015 156.403 33.569 27.161 53.711 2543.64 2502.747 2112.579 1738.281 1380.92 1019.592 663.147 162.354 -16.785 30.212 72.479 4.425 -330.2 -674.896 -1015.015 -1358.643 -1699.371 -2034.76 -2373.657 -2699.432 378.418 652.313 435.181 78.735 9.766 -345.306 -700.684 663 800 400 25.93 30.76 38 8 2408 1 034
6058434 7531 2026/1/25 16:11:06 P13 73.04 22.19 0 7.64 38.26 959.4 961.78 300.293 492.249 3531.494 211.182 407.562 536.346 466.919 105.743 -18.311 105.438 -10.376 187.225 594.025 175.781 507.507 777.283 76.599 364.532 606.995 389.557 -5000 0.458 102.081 -18.921 -8.392 20.599 267.029 60.73 353.241 681.152 217.285 -1365.204 334.167 156.403 33.417 34.943 52.032 2545.166 2502.594 2118.53 1735.992 1374.359 1006.47 648.956 161.438 -19.073 46.387 71.106 5.188 -332.489 -679.169 -1019.135 -1364.136 -1705.17 -2045.288 -2384.796 -2710.114 378.113 649.872 430.145 77.515 6.409 -347.748 -707.703 663 805 400 25.95 30.7 38 8 2408 1 034
6058435 7531 2026/1/25 16:11:07 P13 73.04 22.17 0 7.67 38.23 959.39 961.78 302.734 492.706 3531.189 210.419 410.614 534.363 467.072 -66.223 0.916 104.98 -9.308 187.073 594.788 173.34 507.355 776.52 76.141 364.99 606.689 388.489 -5000 7.324 102.386 82.855 -7.324 19.379 267.029 61.188 353.546 676.575 227.356 -1361.389 333.71 154.419 32.043 22.583 52.643 2541.962 2501.221 2111.053 1734.314 1379.395 1014.862 658.264 160.675 -17.395 49.286 71.259 5.188 -333.71 -678.711 -1018.372 -1362.152 -1702.728 -2041.168 -2379.761 -2703.705 376.74 648.346 433.502 75.836 6.256 -345.459 -702.972 650 780 400 25.91 30.88 38 8 2408 1 034
6058436 7531 2026/1/25 16:11:08 P13 73.02 22.16 0 7.62 38.32 959.41 961.76 300.903 493.927 3531.036 211.182 408.02 533.6 466.919 -2.899 -14.496 112.152 -10.681 186.92 593.567 175.781 507.507 777.283 76.141 364.532 607.91 389.252 -5000 0.305 103.607 14.648 -9.918 19.989 267.487 61.035 352.783 680.084 259.857 -1360.779 333.557 155.64 29.144 18.005 53.101 2545.319 2502.594 2115.021 1741.028 1387.024 1023.56 666.962 160.217 -18.616 46.997 72.327 3.51 -330.505 -674.896 -1014.709 -1357.422 -1696.625 -2035.217 -2372.589 -2696.381 378.265 649.567 433.96 79.346 7.935 -344.238 -698.09 667 800 400 25.88 30.69 38 8 2408 1 034
6058437 7531 2026/1/25 16:11:09 P13 73.02 22.13 0 7.84 38.33 959.41 961.75 298.615 493.774 3530.579 210.419 407.715 532.837 466.919 -41.656 -10.681 114.899 -12.36 187.836 594.788 175.171 508.423 777.588 75.989 364.227 605.621 388.947 -5000 -7.324 105.133 20.905 -9.003 19.531 267.487 59.967 350.8 675.354 202.637 -1363.525 334.625 154.266 28.229 21.82 52.185 2545.624 2499.695 2116.699 1741.486 1383.209 1022.949 664.062 159.76 -14.801 30.67 70.496 7.172 -332.336 -675.507 -1014.404 -1358.032 -1698.151 -2038.879 -2376.709 -2702.637 378.265 649.261 434.723 81.177 5.798 -346.222 -700.531 656 790 400 25.95 30.87 38 8 2408 1 034
6058438 7531 2026/1/25 16:11:10 P13 73.07 22.17 0 7.55 38.29 959.44 961.76 301.056 493.469 3530.273 210.419 408.173 538.025 466.461 -69.885 -13.428 91.095 -9.918 187.988 593.414 174.103 506.134 777.588 75.531 363.312 606.689 390.167 -5000 -10.376 105.133 10.681 -10.223 18.311 267.792 61.493 352.631 679.321 220.947 -1364.441 333.557 156.097 32.501 23.041 53.101 2544.403 2500.916 2113.342 1737.518 1380.615 1017.151 661.469 165.1 -17.853 32.654 77.362 8.545 -330.353 -675.964 -1016.998 -1360.779 -1701.66 -2040.1 -2376.556 -2701.416 380.402 652.008 437.012 78.735 8.087 -347.137 -704.041 656 790 400 25.95 30.87 38 8 2408 1 034
6058439 7531 2026/1/25 16:11:11 P13 73.1 22.15 0 7.69 38.28 959.38 961.76 299.53 493.469 3526.459 209.808 409.241 536.194 466.614 -39.368 -5.035 83.923 -9.766 186.92 592.804 174.561 507.05 777.588 76.599 363.77 606.384 389.099 -5000 -3.204 103.607 30.365 -9.46 18.158 266.571 62.256 351.715 677.032 217.896 -1358.795 332.947 154.572 37.079 24.872 53.253 2544.861 2502.136 2116.547 1743.774 1390.533 1026.764 671.997 162.354 -20.905 27.161 71.411 7.324 -330.048 -673.676 -1013.031 -1356.354 -1694.641 -2034.302 -2369.69 -2695.618 381.622 649.109 433.35 79.346 6.409 -344.696 -697.937 663 815 400 25.93 30.85 38 8 2408 1 034
6058440 7531 2026/1/25 16:11:12 P13 73.16 22.12 0 7.38 38.18 959.38 961.76 301.666 493.774 3529.663 210.114 408.325 535.583 466.614 59.357 -6.256 106.659 -9.918 189.362 593.262 174.561 508.27 778.198 75.378 364.075 606.842 389.252 -5000 3.052 104.828 -24.719 -10.223 18.005 266.876 63.019 351.562 678.864 219.116 -1358.49 334.167 155.792 34.18 24.719 52.795 2547.607 2501.984 2115.784 1740.265 1386.261 1019.897 658.569 164.49 -16.327 36.316 70.801 8.24 -329.59 -673.981 -1013.184 -1358.643 -1699.371 -2039.337 -2378.387 -2704.468 378.113 648.041 433.044 79.498 7.324 -348.511 -702.209 654 790 400 25.93 30.79 38 8 2408 1 034
6058441 7531 2026/1/25 16:11:13 P13 73.07 22.13 0 7.65 38.26 959.41 961.75 302.429 494.08 3530.273 210.114 408.173 540.924 466.461 12.817 6.866 122.223 -8.545 188.293 594.482 172.424 508.423 778.809 75.836 363.617 605.927 390.778 -5000 0.305 105.286 43.945 -9.46 19.073 267.181 60.73 350.8 674.286 218.658 -1360.321 332.947 154.572 36.316 26.855 54.474 2544.403 2500.61 2108.917 1729.126 1368.866 1003.113 647.888 162.659 -16.785 33.112 73.853 5.493 -331.116 -678.101 -1020.508 -1363.983 -1707.001 -2046.967 -2386.017 -2711.639 378.723 649.567 434.57 75.226 8.392 -352.631 -710.602 654 815 400 25.93 30.79 39 8 2408 1 034
6058442 7531 2026/1/25 16:11:14 P13 73.14 22.09 0 7.53 38.31 959.39 961.77 300.293 492.706 3529.053 211.639 408.936 538.635 466.919 -63.019 7.172 107.727 -10.071 189.056 594.025 174.866 508.423 778.046 75.684 364.38 605.774 388.947 -5000 -5.493 103.455 31.128 -7.629 18.616 267.029 60.425 352.631 677.49 199.89 -1360.474 335.083 154.724 38.757 30.212 53.864 2545.166 2500.305 2115.784 1742.096 1388.702 1025.848 669.098 163.574 -18.005 20.599 71.106 8.392 -330.353 -673.676 -1012.726 -1356.659 -1697.235 -2034.76 -2371.063 -2697.754 379.181 648.956 436.096 81.024 4.73 -341.034 -697.479 663 810 400 25.89 30.75 39 8 2408 1 034
6058443 7531 2026/1/25 16:11:15 P13 73.19 22.13 0 7.58 38.29 959.42 961.76 300.14 494.08 3529.205 210.419 408.325 538.025 466.919 34.943 -12.97 83.008 -10.681 188.446 593.109 173.035 507.812 777.74 74.463 363.77 605.927 391.083 -5000 2.899 106.964 84.229 -9.766 19.836 267.029 61.035 351.41 676.727 195.16 -1358.337 334.473 154.724 35.4 20.599 52.49 2546.387 2500.763 2117.004 1737.823 1381.073 1015.015 655.975 161.896 -15.411 36.621 70.496 7.629 -330.658 -674.744 -1015.015 -1360.168 -1701.05 -2041.473 -2379.456 -2705.383 377.96 646.973 433.35 77.972 5.035 -345.612 -702.82 667 815 400 25.93 30.81 39 8 2408 1 034
6058444 7531 2026/1/25 16:11:16 P13 73.17 22.17 0 7.55 38.18 959.39 961.76 300.903 494.232 3528.595 209.656 408.325 539.703 466.614 -26.703 -13.123 99.03 -9.613 186.92 594.788 169.373 507.05 777.588 75.531 364.685 606.079 389.709 -5000 -9.46 104.675 65.46 -9.155 19.531 267.487 62.408 350.647 669.708 199.738 -1360.321 333.252 155.029 24.567 23.804 52.338 2549.591 2501.526 2107.697 1728.973 1372.07 1004.486 649.109 165.558 -15.106 46.387 71.869 7.935 -331.421 -677.795 -1019.135 -1363.678 -1705.17 -2045.898 -2385.864 -2710.724 379.333 649.719 435.944 77.515 7.019 -351.41 -710.449 657 825 400 25.92 30.92 39 8 2408 1 034
6058445 7531 2026/1/25 16:11:17 P13 73.14 22.26 0 7.64 38.28 959.4 961.77 301.056 493.164 3527.679 210.876 408.783 536.194 466.461 12.665 -11.139 87.128 -9.766 187.683 592.194 172.424 507.202 777.893 74.463 363.007 605.469 390.625 -5000 -3.662 106.354 16.479 -9.613 20.447 267.792 60.577 352.936 675.812 205.688 -1360.321 333.557 154.266 34.943 24.872 52.795 2545.471 2500.458 2116.241 1743.774 1388.55 1026.306 667.114 162.964 -14.648 29.602 71.716 6.409 -330.2 -674.591 -1013.489 -1357.574 -1696.777 -2036.438 -2372.284 -2698.975 378.418 648.651 442.81 79.803 5.951 -346.222 -699.005 658 810 400 25.93 30.85 39 8 2408 1 034
6058446 7531 2026/1/25 16:11:18 P13 73.14 22.26 0 7.64 38.28 959.4 961.75 302.582 491.791 3528.595 211.029 407.867 538.33 466.614 50.354 -26.703 121.155 -7.935 187.225 593.262 171.051 507.202 777.13 75.226 363.464 605.469 390.167 -5000 -1.526 106.201 23.041 -9.155 18.158 267.334 61.646 350.8 673.218 218.658 -1361.694 333.862 155.487 34.18 29.144 52.795 2544.708 2502.289 2111.969 1734.161 1377.411 1011.505 653.076 162.811 -15.411 38.91 73.853 5.646 -329.132 -674.591 -1015.167 -1360.626 -1701.355 -2040.863 -2381.744 -2706.757 380.096 649.109 435.181 80.109 10.376 -346.069 -702.667 661 835 400 25.89 30.8 39 8 2408 1 034
6058447 7531 2026/1/25 16:11:19 P13 73.14 22.15 0 7.65 38.33 959.4 961.75 300.751 492.554 3527.985 210.571 407.257 539.551 467.072 -30.67 -57.526 116.425 -9.308 186.462 594.177 168.304 507.355 778.046 75.378 363.312 605.316 389.252 -5000 1.678 107.422 12.97 -9.46 19.836 267.029 62.561 350.647 673.37 225.983 -1358.948 332.336 154.877 38.757 22.583 52.032 2550.354 2500.305 2110.138 1730.042 1371.46 1005.402 649.719 165.405 -19.226 27.161 71.411 7.629 -332.947 -679.169 -1019.592 -1365.509 -1707.306 -2047.119 -2386.78 -2711.792 378.113 648.804 433.96 75.378 6.256 -351.257 -710.449 664 835 400 25.92 30.76 39 8 2408 1 034
6058448 7531 2026/1/25 16:11:20 P13 73.23 22.16 0 7.64 38.31 959.42 961.78 300.903 491.791 3526.306 211.029 407.257 535.583 465.851 65.46 -43.03 100.861 -8.545 188.446 594.635 168.457 507.965 778.656 74.31 363.007 605.164 389.252 -5000 11.902 105.286 -14.648 -8.24 18.158 267.181 61.188 352.631 671.082 214.386 -1360.016 333.099 154.419 34.332 21.21 52.032 2547.15 2501.221 2111.969 1735.382 1379.852 1016.998 660.858 161.438 -12.817 40.588 69.427 7.935 -332.642 -677.948 -1016.693 -1361.389 -1701.965 -2039.49 -2377.472 -2702.332 378.418 646.973 433.96 78.278 4.272 -349.579 -705.261 664 835 400 25.92 30.76 39 8 2408 1 034
6058449 7531 2026/1/25 16:11:21 P13 73.04 22.19 0 7.65 38.28 959.39 961.78 301.361 492.096 3527.832 210.724 409.088 537.567 466.614 94.604 -33.112 105.896 -7.935 187.836 593.262 169.83 507.507 776.672 75.684 363.464 605.469 388.947 -5000 5.188 104.675 7.324 -9.308 18.921 267.334 62.408 351.715 675.049 202.179 -1365.662 332.794 155.792 35.706 22.888 52.795 2544.708 2501.984 2113.342 1735.687 1378.326 1010.437 652.924 165.405 -15.411 31.281 71.564 7.019 -330.505 -673.828 -1015.015 -1359.558 -1700.287 -2042.694 -2380.981 -2707.825 378.418 649.719 433.655 76.599 6.561 -347.443 -705.109 663 845 400 25.93 30.87 39 8 2408 1 034
6058450 7531 2026/1/25 16:11:22 P13 73.06 22.1 0 7.64 38.26 959.38 961.78 301.514 492.096 3526.611 211.029 407.562 536.652 466.461 -21.362 -43.793 87.433 -9.46 187.225 594.177 167.084 506.897 778.503 75.836 363.77 604.248 387.115 -5000 -2.441 103.912 -45.471 -7.629 19.836 267.639 61.798 351.868 671.387 222.778 -1362 333.71 154.114 35.4 24.109 52.49 2545.624 2503.052 2109.528 1732.33 1373.596 1007.996 653.229 163.116 -15.411 26.245 70.801 5.188 -334.473 -679.016 -1020.508 -1364.746 -1705.322 -2045.288 -2385.254 -2709.045 377.35 645.752 434.113 74.005 6.561 -350.037 -709.534 655 835 400 25.93 30.87 39 8 2408 1 034
6058451 7531 2026/1/25 16:11:23 P13 73.13 22.15 0 7.6 38.26 959.41 976.04 300.293 493.622 3526.764 210.266 408.63 535.889 466.919 -201.263 1.221 94.147 -8.24 188.904 594.635 169.067 506.897 778.809 75.684 364.075 605.011 389.404 -5000 -5.341 105.896 -8.85 -8.85 17.853 267.944 62.561 351.105 670.776 222.015 -1362.457 332.336 154.724 35.553 20.142 53.253 2546.082 2500.305 2111.969 1737.671 1381.836 1017.609 662.537 165.71 -15.869 32.806 72.479 6.866 -329.895 -678.711 -1016.388 -1359.1 -1699.524 -2038.574 -2375.031 -2700.195 374.451 649.414 435.638 78.43 7.629 -345.306 -701.904 663 855 400 25.92 30.79 39 8 2408 1 034
6058452 7531 2026/1/25 16:11:24 P13 73.11 22.15 0 7.55 38.28 959.4 961.76 302.887 492.096 3523.56 210.571 408.325 533.295 466.309 10.223 -34.943 101.013 -10.223 187.836 592.957 164.948 507.66 777.13 75.378 363.159 605.469 388.794 -5000 -1.526 105.591 26.855 -7.324 18.463 266.113 60.425 350.189 671.692 214.539 -1364.136 332.642 155.334 37.384 26.398 52.338 2547.607 2502.289 2116.089 1740.417 1388.855 1027.222 671.692 162.354 -18.921 33.112 72.784 5.188 -328.827 -671.844 -1012.268 -1356.506 -1696.777 -2035.37 -2371.521 -2696.991 378.113 646.21 433.044 77.057 7.019 -343.323 -696.259 657 855 400 25.89 30.87 39 8 2408 1 034
6058453 7531 2026/1/25 16:11:25 P13 73.13 22.08 0 7.64 38.34 959.42 961.76 302.277 492.096 3524.933 211.182 408.783 537.72 466.309 -70.343 -16.022 112.915 -9.918 187.531 594.025 165.253 507.66 778.961 75.684 363.007 604.401 391.693 -5000 -10.986 105.286 1.984 -9.155 19.531 267.029 60.425 351.868 672.76 205.994 -1357.88 333.252 155.334 35.706 22.43 51.88 2547.455 2502.289 2109.375 1733.551 1375.275 1008.911 653.839 162.964 -14.954 30.365 71.411 7.477 -335.541 -681.152 -1021.118 -1365.356 -1706.848 -2046.356 -2383.575 -2708.282 378.265 647.43 433.197 74.768 8.392 -352.783 -710.449 663 860 400 25.92 30.79 39 8 2408 1 034
6058454 7531 2026/1/25 16:11:26 P13 73.16 22.16 0 7.6 38.31 959.42 961.77 301.514 494.385 3526.001 209.961 408.478 536.499 466.003 -16.327 -24.414 99.182 -10.376 186.615 594.025 165.71 507.66 778.503 74.158 363.464 605.469 389.709 -5000 1.984 106.049 -22.278 -9.308 19.836 267.181 61.798 350.189 671.997 227.203 -1367.493 333.862 155.029 33.112 32.501 51.727 2548.981 2500.153 2113.647 1739.349 1381.989 1018.524 663.757 163.116 -15.411 19.989 71.411 7.019 -333.71 -679.016 -1017.303 -1360.779 -1702.423 -2040.405 -2376.251 -2701.874 380.249 646.515 435.028 78.888 7.324 -346.222 -698.242 657 865 400 25.92 30.85 39 8 2408 1 034
6058455 7531 2026/1/25 16:11:27 P13 73.24 22.13 0 7.59 38.24 959.43 961.75 296.936 492.401 3524.628 210.571 406.799 528.107 466.766 -1.221 -16.022 94.604 -9.308 187.073 594.177 164.49 506.592 778.198 75.684 364.38 605.011 388.184 -5000 -0.458 103.76 43.335 -9.766 18.158 268.097 62.408 351.257 671.234 231.628 -1359.863 332.947 155.029 32.654 25.482 52.795 2547.15 2501.373 2115.936 1743.927 1388.397 1028.137 670.319 159.607 -18.158 11.902 71.411 3.967 -330.963 -674.896 -1013.641 -1356.506 -1696.167 -2034.302 -2369.385 -2697.296 373.84 646.21 434.113 79.041 7.477 -345.154 -699.005 658 900 400 25.98 30.76 39 8 2408 1 034
6058456 7531 2026/1/25 16:11:28 P13 73.11 22.16 0 7.72 38.23 959.41 961.77 303.04 493.164 3517.456 210.876 407.715 533.6 466.003 71.106 -7.477 83.008 -10.681 189.209 593.414 162.048 507.355 778.656 75.226 363.77 604.858 388.947 -5000 -1.984 104.828 43.03 -8.24 18.768 266.876 60.73 352.325 669.25 204.315 -1359.253 332.794 154.572 28.229 27.161 52.948 2546.997 2501.068 2112.732 1739.197 1382.904 1019.287 661.011 162.048 -16.785 16.022 70.953 3.052 -327.606 -673.828 -1013.336 -1358.49 -1698.914 -2039.49 -2377.472 -2703.705 377.197 647.583 433.044 79.498 5.341 -346.222 -700.378 661 910 400 25.89 30.87 39 8 2408 1 034
6058457 7531 2026/1/25 16:11:29 P13 73.19 22.16 0 7.43 38.24 959.39 961.77 300.598 494.08 3524.475 210.266 408.173 529.785 466.156 -50.507 9.918 112.762 -9.766 188.599 592.499 166.779 507.202 778.656 76.141 363.312 605.469 389.099 -5000 -2.899 104.675 53.406 -9.46 19.073 267.029 61.188 350.8 670.776 199.585 -1359.1 334.015 154.724 33.417 34.485 53.101 2546.844 2502.441 2111.359 1737.366 1380.92 1018.524 661.621 162.201 -14.954 26.093 71.716 7.477 -332.489 -679.626 -1017.151 -1359.1 -1699.829 -2039.337 -2375.488 -2701.874 374.451 645.142 436.554 77.362 7.477 -346.527 -703.125 668 915 400 25.91 30.87 40 8 2408 1 034
6058458 7531 2026/1/25 16:11:30 P13 73.17 22.29 0 7.52 38.33 959.39 961.75 301.361 492.096 3523.865 209.808 408.478 532.684 466.614 20.447 28.839 102.081 -9.766 187.073 592.957 159.607 507.05 779.419 74.921 363.159 604.858 389.252 -5000 4.12 105.591 61.493 -6.714 18.005 267.181 61.188 352.325 669.098 206.451 -1358.643 332.947 155.792 33.417 23.804 52.032 2545.929 2501.221 2116.699 1745.148 1388.702 1027.527 671.539 162.201 -16.785 12.817 70.496 7.019 -329.742 -673.676 -1011.963 -1355.286 -1696.014 -2033.844 -2369.69 -2697.296 377.96 645.905 435.791 79.651 9.613 -345.764 -699.921 658 905 400 25.92 30.82 40 8 2408 1 034
6058459 7531 2026/1/25 16:11:31 P13 73.07 22.19 0 7.67 38.21 959.37 961.75 300.293 493.164 3516.998 210.724 407.562 538.025 466.309 -27.771 -0.916 85.449 -9.308 190.43 594.33 161.743 507.812 779.877 75.073 363.312 605.164 390.472 -5000 -3.204 102.386 26.855 -7.477 18.311 266.876 60.272 350.037 669.403 196.381 -1364.746 332.336 153.961 36.011 19.836 53.101 2543.182 2501.984 2113.342 1739.349 1383.667 1022.034 663.147 158.386 -18.311 34.18 73.395 6.714 -328.827 -674.133 -1013.031 -1357.269 -1698.303 -2037.506 -2375.336 -2703.4 379.181 644.989 433.807 79.193 9.613 -342.712 -698.853 658 905 400 25.92 30.82 40 8 2408 1 034
6058460 7531 2026/1/25 16:11:32 P13 73.17 22.05 0 7.65 38.26 959.4 976.03 297.699 491.791 3524.017 211.487 407.41 538.94 466.003 26.398 -7.324 91.4 -10.834 188.293 594.33 159.302 507.507 780.334 75.073 363.007 603.485 390.167 -5000 2.289 104.675 42.419 -9.46 18.158 267.334 60.272 353.851 669.861 197.144 -1363.831 333.405 154.419 34.79 33.417 51.88 2546.539 2500.763 2111.511 1734.161 1372.375 1007.08 649.261 162.048 -17.548 34.027 72.479 2.136 -333.099 -678.711 -1019.287 -1363.983 -1705.933 -2045.593 -2385.101 -2710.571 376.434 645.142 433.655 77.362 8.087 -349.121 -706.482 664 980 400 25.93 30.78 40 8 2408 1 034
6058461 7531 2026/1/25 16:11:33 P13 73.22 22.15 0 7.55 38.27 959.4 961.75 301.971 493.317 3524.017 210.114 407.715 537.109 466.614 36.469 25.787 89.264 -8.85 187.378 594.94 158.844 507.05 779.419 75.836 363.007 605.011 388.184 -5000 -2.441 108.185 64.24 -8.85 18.311 266.724 61.34 350.037 662.994 221.1 -1358.948 331.726 154.724 33.722 32.806 52.643 2547.15 2502.594 2115.173 1743.469 1389.923 1026.154 670.166 159.76 -15.564 19.073 68.665 4.578 -331.879 -674.591 -1013.947 -1357.117 -1696.167 -2035.828 -2373.199 -2696.838 376.74 644.531 435.486 79.193 7.477 -345.917 -700.378 663 985 400 25.93 30.78 40 8 2408 1 034
6058462 7531 2026/1/25 16:11:34 P13 73.17 22.1 0 7.6 38.34 959.39 961.76 301.361 492.249 3522.949 210.266 407.104 538.635 466.461 -7.935 -43.488 106.964 -10.071 187.225 594.635 159.912 506.744 778.961 75.989 363.922 603.943 388.794 -5000 -3.51 104.98 42.267 -9.766 19.531 267.181 60.272 349.884 667.725 220.49 -1360.626 334.167 154.724 29.602 32.043 52.948 2541.809 2500.763 2115.784 1742.096 1386.414 1023.254 664.825 160.37 -13.733 24.414 72.784 9.155 -329.285 -673.523 -1013.489 -1357.727 -1698.151 -2037.964 -2376.251 -2702.637 380.402 645.447 432.281 80.872 8.698 -345.001 -700.684 658 980 400 25.91 30.8 40 8 2408 1 034
6058463 7531 2026/1/25 16:11:35 P13 73.22 22.16 0 7.7 38.32 959.37 961.77 299.988 493.317 3523.102 210.571 406.799 536.194 466.003 -35.4 -17.242 89.569 -10.376 186.768 593.414 158.081 506.134 778.198 75.378 363.922 605.469 388.947 -5000 3.052 106.659 2.594 -8.24 18.768 267.944 61.493 350.494 667.419 227.509 -1357.727 331.879 154.419 35.248 23.651 52.185 2543.945 2501.678 2111.816 1735.535 1376.801 1010.742 652.771 156.86 -15.869 13.428 72.174 7.629 -332.336 -676.88 -1016.235 -1361.389 -1703.033 -2042.236 -2382.507 -2708.435 379.181 642.548 433.96 77.972 4.578 -348.206 -705.414 664 960 400 25.92 30.89 40 8 2408 1 034
6058464 7531 2026/1/25 16:11:36 P13 73.24 22.19 0 7.59 38.29 959.37 961.75 302.734 493.164 3523.102 210.876 408.325 537.567 466.461 -60.883 -18.158 87.585 -10.834 189.056 593.872 160.98 507.355 778.809 75.378 363.464 603.027 388.489 -5000 -8.545 104.98 -3.662 -7.782 18.463 264.587 60.883 350.8 667.572 204.926 -1361.694 332.642 155.487 31.738 17.09 52.948 2547.607 2501.526 2113.342 1741.486 1387.177 1024.475 669.098 157.776 -13.885 32.806 72.784 8.087 -330.505 -674.896 -1013.794 -1357.574 -1697.693 -2035.98 -2372.131 -2697.449 381.317 642.548 435.944 78.43 6.561 -345.001 -700.684 663 970 400 25.91 30.84 40 8 2408 1 034
6058465 7531 2026/1/25 16:11:37 P13 73.22 22.09 0 7.55 38.2 959.38 976.04 301.056 494.232 3522.644 210.571 409.241 535.583 465.546 33.569 -28.839 87.128 -10.223 187.988 592.804 157.928 506.439 778.961 75.684 362.549 603.485 390.93 -5000 0.153 104.523 -12.97 -10.223 19.989 267.639 61.035 350.8 667.114 202.637 -1360.474 333.252 154.572 31.891 22.736 52.795 2545.319 2500.61 2115.784 1743.317 1387.787 1027.985 671.387 157.471 -17.242 30.212 71.411 6.561 -328.217 -673.523 -1012.115 -1357.422 -1696.93 -2035.675 -2371.826 -2698.517 378.418 642.7 433.807 79.498 5.646 -343.628 -696.106 658 1085 400 25.92 30.82 40 8 2408 1 034
6058466 7531 2026/1/25 16:11:38 P13 73.16 22.2 0 7.59 38.3 959.41 961.76 301.361 493.164 3522.339 210.114 408.936 539.856 466.461 -29.297 2.899 89.722 -8.85 186.615 594.33 158.844 507.507 779.114 74.768 363.617 603.18 388.184 -5000 1.678 102.081 14.648 -9.308 19.684 267.487 59.814 347.595 666.351 200.195 -1357.88 332.642 154.419 31.586 20.294 52.948 2548.37 2502.136 2114.716 1739.197 1382.294 1018.372 657.501 159.607 -15.411 26.55 71.869 8.698 -329.895 -675.507 -1014.709 -1359.558 -1700.745 -2039.642 -2380.981 -2704.926 379.333 645.447 435.791 79.651 5.341 -346.68 -701.141 654 1075 400 25.93 30.84 40 8 2408 1 034
6058467 7531 2026/1/25 16:11:39 P13 73.19 22.21 0 7.55 38.26 959.4 961.75 303.04 492.096 3522.949 211.029 408.783 538.94 466.461 34.18 8.85 81.329 -10.071 187.378 592.804 156.555 507.05 778.656 75.378 362.396 603.333 388.947 -5000 -3.204 100.098 60.425 -8.545 18.311 266.876 60.577 349.731 659.637 213.318 -1364.899 333.557 155.029 38.3 22.888 52.185 2549.286 2502.289 2110.901 1729.279 1371.155 1004.181 647.736 159.302 -15.106 43.03 72.784 9.155 -332.794 -678.711 -1018.219 -1363.983 -1705.475 -2045.746 -2385.712 -2709.198 378.876 642.242 436.249 77.515 7.782 -347.748 -706.177 668 1060 400 25.92 30.85 40 8 2408 1 034
6058468 7531 2026/1/25 16:11:40 P13 73.22 22.17 0 7.69 38.35 959.4 961.76 301.666 492.249 3521.423 210.266 408.325 532.227 466.461 11.597 12.512 92.01 -8.85 187.836 593.109 155.334 507.202 779.114 75.378 363.159 603.485 388.641 -5000 3.51 101.013 75.378 -8.24 18.311 267.181 60.12 351.715 664.368 227.356 -1363.678 333.71 152.893 36.621 22.736 51.117 2546.539 2501.068 2116.547 1744.385 1389.008 1026.154 671.997 157.776 -15.869 38.452 73.242 0.763 -329.59 -674.438 -1013.031 -1361.389 -1701.202 -2037.354 -2371.521 -2696.686 376.434 645.142 432.281 79.498 7.782 -345.612 -699.768 658 1025 400 25.96 30.83 40 8 2408 1 034
6058469 7531 2026/1/25 16:11:41 P13 73.23 22.16 0 7.57 38.32 959.39 961.75 301.819 493.011 3515.778 211.945 408.173 532.99 466.461 23.041 -45.624 109.863 -10.681 189.819 593.719 157.013 507.507 781.403 75.378 362.549 603.027 388.184 -5000 -1.526 102.234 26.703 -9.918 18.921 267.029 61.188 349.579 663.605 228.577 -1361.237 332.642 155.64 31.128 27.313 52.643 2548.218 2502.747 2116.089 1744.995 1386.566 1023.712 664.52 157.318 -13.733 28.229 72.479 9.003 -328.522 -672.607 -1012.268 -1355.438 -1696.472 -2035.98 -2373.657 -2701.263 381.775 643.463 436.707 80.872 7.019 -343.018 -698.242 658 1025 400 25.96 30.83 40 8 2408 1 034
6058470 7531 2026/1/25 16:11:42 P13 73.23 22.1 0 7.57 38.24 959.39 961.76 303.65 493.774 3521.576 210.571 409.241 536.499 466.309 -33.264 -24.872 67.291 -8.392 187.531 594.788 157.471 505.371 779.266 75.073 363.77 603.333 388.794 -5000 -7.782 106.049 66.986 -9.155 18.463 266.724 59.967 350.952 665.283 210.724 -1357.574 331.573 154.724 31.738 22.43 52.948 2542.725 2501.221 2113.647 1734.161 1376.953 1011.2 652.466 159.149 -14.191 36.011 71.716 7.477 -332.184 -676.727 -1015.93 -1361.389 -1702.728 -2043.152 -2382.66 -2707.367 378.265 642.7 435.638 80.261 5.951 -345.306 -702.667 663 1025 400 25.93 30.82 40 8 2408 1 034
6058471 7531 2026/1/25 16:11:43 P13 73.22 22.1 0 7.74 38.24 959.43 961.76 300.903 494.69 3520.508 211.639 408.478 536.804 466.461 36.316 -18.311 102.234 -9.766 187.225 592.041 158.234 506.287 779.724 75.684 363.007 602.417 389.862 -5000 -14.801 105.743 17.242 -11.139 19.531 267.487 59.967 352.173 664.673 202.332 -1358.948 332.947 153.809 26.855 26.55 52.185 2546.234 2502.747 2108.459 1728.821 1370.697 1002.96 646.667 156.097 -16.022 35.706 70.801 4.73 -332.947 -680.847 -1021.118 -1366.119 -1708.221 -2048.492 -2388.458 -2712.708 377.502 642.242 433.502 75.684 8.698 -350.342 -709.839 663 1120 400 25.93 30.82 40 8 2408 1 034
6058472 7531 2026/1/25 16:11:44 P13 73.17 22.17 0 7.74 38.33 959.39 961.78 302.429 494.537 3521.118 210.114 407.41 531.464 465.851 -124.969 -21.82 99.03 -9.003 187.073 594.33 155.029 506.287 778.656 74.768 362.701 603.027 388.336 -5000 -6.714 105.438 1.373 -9.003 19.073 267.487 60.577 348.663 662.079 209.503 -1359.558 331.879 154.419 36.621 25.177 52.795 2543.03 2502.747 2117.462 1744.08 1390.381 1027.374 670.319 159.76 -13.733 21.973 70.496 7.172 -329.895 -674.438 -1011.658 -1356.354 -1694.031 -2033.691 -2370.605 -2698.059 378.418 642.09 436.707 80.261 6.866 -343.018 -697.174 657 1115 400 25.93 30.73 40 8 2408 1 034
6058473 7531 2026/1/25 16:11:45 P13 73.17 22.09 0 7.74 38.27 959.39 976.04 300.14 490.417 3519.745 210.571 407.257 535.278 465.851 33.875 -29.602 92.926 -9.766 186.92 593.262 155.182 505.829 778.961 75.073 363.464 602.417 388.489 -5000 -17.853 107.727 9.46 -8.087 18.768 267.181 60.425 349.579 661.926 208.13 -1361.847 333.099 154.114 29.602 28.076 51.422 2549.133 2501.526 2115.784 1739.044 1383.362 1020.508 659.943 161.438 -16.632 15.259 71.411 7.019 -330.048 -674.438 -1012.421 -1358.795 -1699.371 -2038.574 -2377.93 -2703.705 377.808 642.242 433.96 78.583 5.798 -346.375 -704.346 664 1115 400 25.92 30.82 40 8 2408 1 034
6058474 7531 2026/1/25 16:11:46 P13 73.24 22.12 0 7.59 38.19 959.39 961.75 304.108 493.011 3520.203 211.334 408.478 538.94 466.309 -23.346 -18.616 116.882 -8.087 186.462 593.262 149.231 506.134 778.503 74.615 363.312 602.264 388.641 -5000 -14.191 107.727 60.12 -9.46 18.463 267.029 59.967 348.969 662.079 215.759 -1357.727 332.642 155.029 27.924 20.905 52.795 2548.828 2501.221 2112.122 1734.619 1374.664 1007.233 650.177 158.081 -16.937 14.343 70.343 3.204 -330.048 -674.591 -1016.388 -1361.389 -1703.491 -2044.067 -2383.728 -2709.198 378.418 641.937 432.739 78.125 6.409 -349.121 -708.313 663 1080 400 25.91 30.93 40 8 2408 1 034
6058475 7531 2026/1/25 16:11:47 P13 73.29 22.1 0 7.6 38.24 959.39 961.77 304.26 493.164 3520.355 210.266 407.715 532.532 466.003 1.068 -5.188 102.844 -9.613 188.293 591.125 155.64 506.287 778.961 75.531 364.227 603.027 388.641 -5000 -8.698 108.795 83.466 -10.376 18.463 267.944 58.594 351.868 661.316 227.814 -1363.373 330.811 154.266 28.229 19.989 53.253 2546.692 2501.526 2109.375 1733.093 1373.901 1008.911 653.839 159.454 -13.275 10.223 71.411 8.545 -334.167 -679.779 -1018.677 -1363.373 -1705.475 -2044.678 -2380.981 -2708.282 378.418 642.242 436.859 76.294 5.798 -350.037 -708.008 648 1070 400 25.93 30.85 40 8 2408 1 034
6058476 7531 2026/1/25 16:11:48 P13 73.26 22.19 0 7.67 38.31 959.38 961.75 302.887 492.554 3518.677 211.792 406.799 537.415 466.461 -80.566 -9.766 81.482 -9.766 186.92 593.567 151.672 506.287 779.266 74.768 363.312 602.417 390.167 -5000 -10.376 105.743 74.005 -8.24 18.158 267.181 60.425 351.41 661.621 194.397 -1362.305 331.879 155.945 31.738 30.365 51.88 2547.607 2501.831 2114.563 1742.859 1386.108 1024.475 665.894 161.438 -19.379 9.308 71.411 6.104 -329.285 -673.676 -1012.573 -1357.117 -1697.388 -2035.37 -2374.42 -2699.738 376.282 642.548 432.892 81.787 8.545 -344.849 -700.073 664 1165 400 25.93 30.79 40 8 2408 1 034
6058477 7531 2026/1/25 16:11:49 P13 73.22 22.09 0 7.59 38.29 959.38 961.78 303.04 491.943 3519.135 212.25 407.41 534.973 466.614 36.316 -31.586 102.081 -10.376 187.531 593.109 152.13 506.744 778.656 75.836 363.007 601.196 390.167 -5000 -5.493 106.659 57.22 -9.308 18.311 267.029 59.662 350.8 661.774 202.179 -1359.711 332.336 153.961 35.706 28.076 52.49 2547.913 2500.763 2115.173 1739.502 1380.92 1015.625 657.349 161.591 -13.123 15.564 71.869 8.392 -330.811 -676.422 -1015.015 -1359.1 -1700.439 -2040.253 -2378.387 -2706.451 378.113 643.463 435.791 79.498 5.035 -346.069 -701.447 661 1135 400 25.92 30.93 40 8 2408 1 034
6058478 7531 2026/1/25 16:11:50 P13 73.22 22.08 0 7.6 38.28 959.4 961.78 302.582 494.08 3518.066 211.487 406.952 535.583 466.156 16.022 -38.147 110.016 -8.087 188.599 594.025 150.909 506.134 778.961 75.531 363.312 602.57 389.709 -5000 -9.003 105.286 -58.594 -9.003 18.463 267.487 59.967 349.426 661.621 232.849 -1358.337 331.268 154.572 34.332 23.956 52.643 2544.708 2502.136 2109.375 1728.21 1369.019 1004.486 647.583 158.691 -17.395 32.196 70.953 5.035 -333.862 -681.763 -1021.576 -1367.035 -1708.069 -2048.187 -2387.085 -2711.487 377.502 640.869 433.502 76.141 5.493 -350.342 -710.602 668 1135 400 25.92 30.79 40 8 2408 1 034
6058479 7531 2026/1/25 16:11:51 P13 73.14 22.12 0 7.5 38.23 959.41 961.78 301.666 493.011 3518.372 211.487 406.647 536.652 466.003 -15.259 -18.311 84.991 -9.003 186.31 593.262 151.215 505.676 778.656 75.073 364.075 601.654 388.336 -5000 -1.984 105.896 -34.485 -8.85 19.684 267.181 59.814 348.358 661.163 227.509 -1363.373 331.573 155.792 39.062 27.618 51.575 2548.37 2501.526 2115.173 1743.927 1388.855 1027.527 669.708 160.675 -16.632 19.531 71.411 7.324 -333.557 -675.354 -1012.115 -1356.201 -1695.404 -2028.351 -2366.028 -2694.702 378.723 643.311 436.554 78.888 5.188 -345.459 -697.632 666 1100 400 25.91 30.87 40 8 2408 1 034
6058480 7531 2026/1/25 16:11:52 P13 73.17 22.15 0 7.76 38.32 959.37 961.76 301.666 492.706 3518.677 212.25 407.867 536.652 466.309 41.962 -2.594 111.694 -7.629 189.362 593.719 152.283 506.439 779.572 75.226 362.549 601.349 388.031 -5000 -1.221 103.607 11.902 -8.85 18.311 266.876 61.188 350.8 661.926 207.214 -1358.032 332.642 153.809 32.959 25.94 53.406 2547.302 2501.831 2117.462 1741.638 1386.566 1022.797 662.689 156.708 -14.648 31.433 67.596 9.155 -331.573 -675.659 -1014.557 -1357.88 -1696.93 -2037.354 -2375.641 -2700.958 378.876 639.343 436.707 82.703 6.866 -343.17 -698.547 666 1100 400 25.91 30.87 40 8 2408 1 034
6058481 7531 2026/1/25 16:11:53 P13 73.23 22.13 0 7.64 38.35 959.38 961.77 299.377 493.164 3518.524 211.945 406.799 539.398 465.851 1.068 -13.123 94.757 -9.613 186.768 593.567 148.773 505.371 779.572 74.463 362.549 602.264 390.472 -5000 8.087 104.218 54.626 -9.46 18.311 267.029 62.103 348.511 659.943 226.135 -1357.117 330.963 154.877 32.654 15.564 52.795 2545.929 2503.052 2113.495 1735.382 1377.563 1012.878 652.618 157.471 -14.801 41.809 70.496 6.104 -331.879 -675.354 -1016.541 -1361.389 -1702.271 -2043.304 -2382.05 -2708.13 377.045 639.191 433.502 78.278 5.646 -346.985 -706.024 667 1160 400 25.89 30.87 40 8 2408 1 034
6058482 7531 2026/1/25 16:11:54 P13 73.19 22.16 0 7.72 38.35 959.38 961.78 295.868 493.774 3517.456 212.86 407.41 533.142 466.003 77.972 -23.499 89.264 -9.613 187.378 594.177 148.926 505.676 778.809 75.378 363.312 601.349 389.709 -5000 -14.648 106.659 64.85 -7.935 19.379 267.334 59.967 348.663 659.18 230.865 -1359.253 331.268 153.503 27.313 25.787 52.795 2544.556 2500.763 2109.222 1729.889 1369.934 1004.181 649.414 158.844 -17.548 32.043 74.768 9.918 -330.505 -677.948 -1018.372 -1363.22 -1707.458 -2045.135 -2383.575 -2708.74 376.434 643.616 436.401 77.667 9.46 -351.257 -710.144 656 1125 400 25.92 30.85 40 8 2408 1 034
6058483 7531 2026/1/25 16:11:55 P13 73.3 22.19 0 7.7 38.32 959.38 961.76 303.497 494.385 3517.761 211.334 406.647 536.194 465.546 -6.866 -40.588 84.381 -10.071 187.225 591.125 150.909 506.439 778.961 75.073 362.244 601.654 389.862 -5000 -2.136 105.896 28.992 -8.392 20.294 267.181 59.357 348.053 657.196 204.773 -1361.694 331.268 153.961 29.907 20.905 52.338 2542.725 2503.052 2115.479 1743.164 1385.651 1024.475 669.25 158.691 -18.921 28.687 71.869 5.646 -329.742 -673.676 -1013.184 -1357.269 -1696.014 -2035.828 -2372.894 -2699.585 378.265 641.327 433.655 79.346 7.782 -345.306 -698.853 658 1125 400 25.92 30.92 40 8 2408 1 034
6058484 7531 2026/1/25 16:11:56 P13 73.24 22.19 0 7.59 38.33 959.4 961.76 301.056 494.69 3516.998 213.165 407.41 530.548 466.156 59.052 -25.94 97.961 -8.545 187.225 593.109 149.841 506.287 778.961 75.684 362.854 600.739 388.794 -5000 -3.967 106.964 29.449 -9.308 19.684 267.334 59.662 348.511 659.943 208.435 -1356.506 332.642 153.961 27.161 19.073 52.643 2547.455 2503.204 2114.563 1739.197 1382.294 1016.541 659.79 157.318 -16.174 41.504 69.58 7.629 -331.573 -674.591 -1014.404 -1358.643 -1699.829 -2040.1 -2377.167 -2704.926 378.418 639.496 434.265 78.735 2.289 -349.579 -703.735 664 1105 400 25.96 30.92 40 8 2408 1 034
6058485 7531 2026/1/25 16:11:57 P13 73.26 22.2 0 7.57 38.32 959.36 961.76 303.345 493.317 3517.151 212.708 407.867 533.142 465.698 -54.321 -58.441 87.128 -8.24 188.751 592.041 148.926 505.981 778.198 73.547 363.159 601.044 388.184 -5000 0.61 104.218 -5.341 -9.46 19.226 266.724 59.357 350.494 658.112 207.214 -1357.727 330.811 153.656 31.433 20.294 51.88 2546.692 2501.678 2109.68 1730.042 1370.392 1003.418 647.736 158.691 -15.869 34.485 71.716 4.578 -332.184 -678.406 -1019.135 -1363.983 -1705.627 -2045.288 -2384.338 -2709.351 378.113 642.242 433.807 78.43 9.003 -348.663 -706.94 648 1090 400 25.92 30.87 40 8 2408 1 034
6058486 7531 2026/1/25 16:11:58 P13 73.24 22.19 0 7.64 38.29 959.4 961.78 307.77 492.401 3515.778 213.165 406.189 532.227 465.698 -31.586 11.292 87.891 -9.308 187.531 593.567 146.484 505.371 777.893 74.921 362.091 600.586 388.947 -5000 2.441 104.065 10.986 -9.613 18.311 267.334 60.12 349.274 658.875 194.092 -1362.152 331.879 154.419 33.112 36.621 51.727 2542.725 2500 2112.274 1734.619 1377.106 1012.268 653.839 158.539 -17.853 46.539 72.174 3.51 -332.031 -674.744 -1016.846 -1362 -1703.644 -2044.067 -2383.575 -2706.604 376.74 639.343 432.434 76.447 6.866 -349.121 -706.329 663 1155 400 25.93 30.9 40 8 2408 1 034
6058487 7531 2026/1/25 16:11:59 P13 73.14 22.19 0 7.59 38.26 959.42 961.76 300.903 494.995 3516.235 212.708 407.257 531.311 465.24 -13.275 10.223 108.032 -9.003 187.836 592.957 149.078 505.829 779.114 75.378 362.854 600.128 387.878 -5000 8.698 100.861 31.738 -9.155 18.768 267.944 60.883 348.816 658.417 210.114 -1362.152 332.336 153.503 30.518 25.94 52.338 2545.929 2501.984 2115.631 1742.706 1385.956 1023.56 664.673 159.454 -14.343 21.82 72.784 9.308 -329.132 -674.286 -1014.252 -1358.643 -1698.608 -2037.201 -2375.031 -2701.874 377.655 640.106 433.807 79.498 -0.458 -347.748 -701.294 659 1120 400 25.88 30.83 40 8 2408 1 034
6058488 7531 2026/1/25 16:12:00 P13 73.23 22.12 0 7.65 38.28 959.41 961.76 301.971 492.859 3516.083 212.402 407.867 530.548 465.851 -74.31 -0.61 77.667 -11.139 188.446 592.499 147.4 505.371 777.13 74.768 362.244 600.128 388.489 -5000 -1.068 103.149 84.229 -9.46 18.768 267.334 59.967 348.816 655.823 187.988 -1357.269 331.726 154.572 27.924 31.281 52.338 2547.455 2501.831 2112.732 1733.093 1375.275 1008.911 651.093 161.591 -14.038 16.785 72.327 9.003 -330.505 -676.88 -1017.151 -1363.525 -1704.865 -2044.22 -2384.033 -2708.435 380.096 640.717 434.723 80.261 5.493 -345.764 -701.294 669 1110 400 25.89 30.84 40 8 2408 1 034
6058489 7531 2026/1/25 16:12:01 P13 73.2 22.16 0 7.72 38.2 959.39 961.75 303.802 493.469 3515.778 213.013 406.342 533.752 466.309 11.444 -4.883 94.91 -9.46 188.904 593.719 147.247 506.134 780.182 74.31 361.633 600.128 388.184 -5000 2.441 100.403 -20.294 -9.003 19.073 267.334 61.798 350.647 657.349 219.421 -1358.337 331.573 154.572 30.518 28.839 52.643 2546.387 2500.61 2109.375 1729.736 1371.918 1005.859 649.109 162.659 -15.411 24.261 69.427 5.493 -334.473 -680.389 -1020.355 -1364.746 -1705.322 -2046.967 -2386.475 -2709.961 376.892 639.496 435.181 76.599 5.493 -350.647 -710.144 661 1100 400 25.93 30.87 40 8 2408 1 034
6058490 7531 2026/1/25 16:12:02 P15 73.1 22.2 0 7.45 38.27 959.4 961.75 302.887 494.995 3514.099 212.708 406.494 536.804 466.003 24.261 -19.684 86.823 -8.85 186.31 593.414 145.721 504.913 778.809 75.684 363.464 600.586 388.641 -5000 5.035 101.013 18.768 -8.698 19.379 266.724 62.866 347.443 655.365 222.778 -1356.659 330.353 154.419 34.943 22.736 52.795 2547.15 2502.747 2115.173 1741.333 1387.634 1024.475 667.267 163.116 -16.632 31.433 73.853 9.003 -329.59 -672.76 -1012.115 -1356.354 -1695.862 -2035.522 -2375.946 -2700.348 378.876 641.785 435.638 81.177 7.935 -345.154 -699.463 661 1100 400 25.93 30.87 40 8 2408 1 034
6058491 7531 2026/1/25 16:12:03 P15 73.13 22.21 0 7.74 38.28 975.67 974.45 303.497 495.148 3514.404 212.86 407.41 533.905 466.156 -66.833 7.935 98.572 -9.46 188.751 593.719 145.416 505.371 779.266 75.378 362.701 600.891 387.573 -5000 13.428 101.013 59.052 -8.545 18.463 266.418 59.814 348.511 656.128 199.28 -1356.812 332.184 153.046 28.381 21.515 52.948 2545.166 2503.357 2111.969 1734.619 1376.953 1009.674 651.55 155.792 -18.311 42.572 70.038 5.035 -332.031 -678.406 -1018.982 -1364.594 -1705.475 -2045.441 -2385.406 -2710.266 377.502 641.022 432.587 78.278 5.951 -346.68 -706.635 664 1145 400 25.93 30.82 40 8 2408 1 034
6058492 7531 2026/1/25 16:12:04 P15 73.11 22.13 0 7.38 38.32 974.61 973.27 302.734 494.385 3513.947 213.013 406.647 537.872 466.309 81.787 8.85 100.861 -8.698 187.836 592.804 146.179 505.066 779.266 75.378 362.396 600.128 388.489 -5000 10.986 101.318 64.85 -10.834 18.768 266.571 62.561 349.731 656.586 199.28 -1341.705 331.421 153.198 29.449 25.33 52.49 2542.419 2502.747 2107.086 1729.584 1370.544 1006.47 650.024 157.776 -14.801 26.855 70.343 5.035 -334.473 -680.847 -1020.813 -1365.509 -1707.306 -2046.967 -2386.169 -2709.045 377.808 641.632 434.418 76.599 6.256 -350.647 -710.754 667 1115 400 25.93 30.82 40 8 2408 1 034
6058493 7531 2026/1/25 16:12:05 P15 73.1 22.23 0 7.7 38.26 974.29 972.89 303.497 493.774 3515.015 212.25 406.189 536.804 465.851 -153.961 4.272 81.482 -9.155 188.599 593.567 146.027 505.371 778.961 73.242 362.244 600.739 388.947 -5000 0.153 97.809 0 -9.46 19.836 266.113 61.646 347.443 656.433 199.432 -1343.384 332.184 153.656 31.128 26.55 62.103 2546.844 2501.831 2113.19 1737.518 1379.547 1016.998 661.316 159.302 -16.174 42.877 73.09 4.425 -329.59 -675.964 -1015.015 -1360.016 -1700.134 -2038.879 -2376.251 -2701.111 379.028 640.717 436.554 79.193 6.714 -347.29 -703.43 659 1095 400 25.92 30.79 40 8 2408 1 034
6058494 7531 2026/1/25 16:12:06 P15 73.07 22.09 0 7.5 38.18 974.19 972.77 303.345 494.232 3513.336 212.097 406.189 536.652 466.003 15.259 -42.267 91.858 -7.935 187.531 594.025 142.517 505.676 779.572 74.768 363.007 599.67 387.726 -5000 6.104 100.25 -44.556 -8.545 18.158 266.724 61.646 347.748 652.771 233.154 -1328.125 330.353 153.809 30.823 31.281 93.231 2546.692 2503.052 2111.511 1733.551 1375.732 1010.437 651.093 157.471 -15.717 27.618 70.953 4.578 -334.015 -678.711 -1019.287 -1364.594 -1705.933 -2046.509 -2385.406 -2710.266 377.35 637.817 436.096 76.752 5.951 -347.595 -705.261 665 1085 400 25.92 30.82 40 8 2408 1 034
6058495 7531 2026/1/25 16:12:07 P15 73.07 22.09 0 7.5 38.18 974.17 972.76 301.819 492.249 3513.947 213.165 407.257 536.346 465.698 24.109 -38.91 95.215 -9.766 187.988 591.736 140.686 504.913 779.419 75.684 362.549 599.67 388.184 -5000 -2.899 95.825 -59.662 -9.308 18.158 266.418 60.577 347.443 652.466 285.187 -1330.109 330.658 154.724 30.975 27.313 154.419 2543.64 2502.899 2109.375 1733.093 1377.106 1010.895 657.043 159.607 -15.106 26.55 71.716 9.155 -330.353 -677.795 -1018.524 -1362.61 -1703.796 -2043.457 -2379.608 -2705.994 377.197 641.174 437.164 76.599 4.73 -352.325 -705.414 644 1050 400 25.92 30.84 40 8 2408 1 034
6058496 7531 2026/1/25 16:12:08 P15 73.13 22.16 0 7.69 38.29 974.16 972.73 303.345 492.859 3512.878 212.86 407.257 535.583 466.614 69.122 -21.515 103.76 -9.46 187.683 591.736 143.127 504.761 780.029 75.378 363.007 599.06 387.421 -5000 2.441 87.433 -18.311 -9.766 18.311 266.418 60.12 349.731 652.161 322.876 -1322.327 330.048 154.266 29.907 29.449 231.934 2542.725 2499.847 2114.41 1739.044 1384.888 1022.644 667.267 158.081 -18.005 14.801 71.564 8.85 -331.421 -676.117 -1014.709 -1359.558 -1700.134 -2038.116 -2375.946 -2700.653 379.181 639.343 433.96 78.583 7.019 -349.579 -704.346 667 1115 400 25.93 30.78 40 8 2408 1 034
6058497 7531 2026/1/25 16:12:09 P15 73.02 22.1 0 7.58 38.22 974.18 972.74 303.65 492.859 3513.031 212.708 406.189 534.973 465.851 8.24 -36.011 94.757 -10.529 188.751 591.125 142.975 505.829 780.182 74.31 362.244 599.976 389.099 -5000 8.24 85.449 -91.4 -9.308 18.921 266.113 60.73 348.053 651.55 363.464 -1323.7 331.268 154.572 31.128 36.774 281.83 2547.607 2500.916 2116.089 1743.164 1385.803 1024.475 668.182 158.386 -13.428 9.613 69.58 9.613 -330.963 -675.354 -1012.268 -1357.269 -1697.235 -2036.591 -2373.81 -2700.653 377.96 638.123 436.401 79.193 4.73 -346.832 -701.294 665 1105 400 25.98 30.87 40 8 2408 1 034
6058498 7531 2026/1/25 16:12:10 P15 73.14 22.16 0 7.69 38.13 974.17 972.75 303.04 494.232 3512.878 212.402 407.41 534.363 465.698 -124.512 -48.37 88.196 -9.308 187.836 592.041 144.043 504.608 779.114 74.768 362.091 599.518 388.641 -5000 14.191 75.989 -58.441 -6.104 18.616 267.487 59.204 349.731 655.06 415.192 -1321.564 331.116 153.046 30.212 37.842 296.326 2546.539 2501.068 2111.816 1734.772 1379.089 1015.32 660.4 158.539 -14.343 33.722 71.869 8.087 -335.236 -678.711 -1018.524 -1362.152 -1701.202 -2040.405 -2378.235 -2701.721 378.265 638.428 435.944 77.972 6.104 -345.154 -703.278 671 1085 400 25.92 30.82 40 8 2408 1 034
6058499 7531 2026/1/25 16:12:11 P15 73.2 22.16 0 7.59 38.22 974.16 972.75 301.666 493.622 3512.878 212.097 406.036 531.616 465.698 -106.659 -40.588 105.743 -9.46 188.904 591.431 143.585 504.761 779.724 73.242 362.091 599.823 388.641 -5000 13.428 65.918 -67.902 -8.087 19.379 266.571 59.204 349.579 654.297 498.047 -1317.902 330.963 153.656 36.163 36.774 291.443 2548.828 2502.136 2115.326 1742.554 1388.245 1024.17 669.708 155.64 -16.174 25.482 69.58 6.256 -331.879 -675.049 -1013.184 -1356.659 -1695.251 -2033.081 -2369.08 -2696.075 378.571 635.986 434.723 78.125 4.883 -343.933 -698.853 662 1075 400 25.93 30.85 40 8 2408 1 034
6058500 7531 2026/1/25 16:12:12 P15 73.1 22.19 0 7.65 38.1 974.16 972.76 303.04 494.537 3511.505 212.86 406.952 531.158 465.851 -80.261 -47.76 121.918 -9.766 188.293 592.957 140.686 505.676 780.64 74.463 361.633 598.602 388.031 -5000 3.357 58.594 -46.234 -10.223 18.616 266.724 61.34 347.443 653.687 588.531 -1317.749 330.048 155.334 35.248 50.812 280.914 2547.913 2501.831 2115.173 1741.638 1385.04 1019.592 660.706 157.471 -18.463 10.834 71.259 6.561 -331.268 -675.812 -1016.083 -1359.406 -1700.439 -2040.1 -2379.15 -2704.315 379.333 637.512 435.028 78.43 6.409 -344.238 -700.531 662 1075 400 25.93 30.85 40 8 2408 1 034
6058501 7531 2026/1/25 16:12:13 P15 73.03 22.13 0 7.65 38 974.2 972.76 300.903 494.537 3512.421 212.555 407.104 538.177 465.698 -21.21 -25.482 160.828 -7.935 186.615 593.262 138.702 504.913 779.877 74.31 362.091 599.213 388.184 -5000 16.785 51.575 -28.992 -9.613 18.921 266.876 60.12 347.443 648.956 673.676 -1318.97 329.132 154.114 41.962 52.338 271.606 2542.267 2501.221 2110.443 1730.194 1367.645 1002.197 645.294 159.149 -14.191 26.55 73.09 9.003 -331.879 -676.88 -1018.066 -1363.22 -1707.458 -2046.661 -2385.864 -2710.724 379.944 638.428 437.012 77.209 6.714 -337.83 -700.684 666 1090 400 25.92 30.81 40 8 2408 1 034
6058502 7531 2026/1/25 16:12:14 P15 73.1 22.17 0 7.53 37.65 974.2 972.73 301.819 494.385 3510.895 213.165 407.867 534.363 466.309 -6.866 -23.193 143.738 -9.918 187.225 592.651 144.043 505.066 777.13 74.615 362.244 599.06 386.658 -5000 -0.305 43.03 -27.008 -9.155 19.226 266.724 58.899 347.595 653.381 748.901 -1320.648 330.048 153.046 39.978 68.512 263.367 2545.929 2499.695 2117.157 1744.08 1390.076 1026.306 670.929 154.877 -15.259 22.736 69.427 7.629 -331.116 -672.607 -1012.115 -1355.286 -1695.709 -2034.149 -2370.3 -2697.144 378.571 635.529 435.486 79.498 4.73 -343.475 -698.7 665 1085 400 25.92 30.81 40 8 2408 1 034
6058503 7531 2026/1/25 16:12:15 P15 73.13 22.13 0 7.67 37.48 974.18 972.75 301.514 493.164 3510.742 212.86 406.189 532.532 465.851 -77.362 -62.866 177.765 -10.223 188.293 592.346 140.228 504.913 779.572 73.09 361.786 598.907 387.878 -5000 5.798 34.18 12.207 -10.223 18.921 266.724 60.73 347.9 651.245 843.811 -1320.343 330.811 155.182 44.861 79.803 260.01 2547.76 2501.984 2114.868 1737.213 1378.937 1012.878 654.449 154.572 -13.123 17.395 71.716 8.545 -329.895 -675.354 -1014.709 -1359.406 -1700.134 -2039.337 -2378.693 -2705.231 379.333 636.292 435.486 80.109 5.493 -345.306 -701.752 659 1065 400 25.88 30.87 41 8 2408 1 034
6058504 7531 2026/1/25 16:12:16 P15 73.17 22.19 0 7.6 37.17 974.18 972.74 303.497 494.385 3510.59 212.402 405.579 534.21 465.698 -44.098 -24.719 233.459 -8.545 187.988 591.888 145.569 504.608 779.572 75.073 362.091 600.128 388.336 -5000 0.458 26.55 -18.005 -9.918 18.768 266.571 60.577 348.206 653.229 944.824 -1323.395 330.963 155.487 55.847 97.504 256.805 2546.234 2500.61 2108.765 1729.279 1371.46 1005.859 656.586 156.403 -17.395 23.499 71.106 6.714 -333.252 -679.321 -1021.576 -1365.051 -1707.001 -2046.051 -2384.949 -2710.419 378.876 637.512 434.723 75.378 7.629 -353.699 -710.907 664 1065 400 25.91 30.71 41 8 2408 1 034
6058505 7531 2026/1/25 16:12:17 P15 72.93 22.16 0 7.65 36.79 974.17 972.75 300.14 493.164 3511.353 213.318 406.036 533.6 466.461 -13.733 -31.891 261.841 -9.613 187.836 591.888 142.365 504.913 778.351 74.921 362.244 599.365 389.252 -5000 -8.24 24.109 42.419 -10.071 19.531 266.876 59.052 348.206 653.534 1044.769 -1317.749 330.2 153.503 62.256 114.899 254.669 2547.913 2501.373 2112.885 1736.45 1380.768 1018.066 661.316 156.708 -12.97 24.261 71.411 7.324 -332.642 -678.558 -1017.609 -1361.847 -1702.423 -2040.1 -2380.219 -2703.705 379.028 634.308 434.265 78.888 6.561 -348.969 -703.735 650 1030 400 25.91 30.8 41 8 2408 1 034
6058506 7531 2026/1/25 16:12:18 P15 73.09 22.19 0 7.57 36.34 974.18 972.75 301.819 492.706 3510.59 211.182 406.189 537.567 465.851 -199.28 -39.368 307.312 -10.376 186.92 589.6 142.822 504.456 779.266 74.615 362.701 600.281 390.015 -5000 -6.256 14.954 18.463 -9.766 18.921 267.029 60.425 346.527 653.839 1092.529 -1320.496 330.353 153.351 70.953 125.122 254.364 2545.929 2503.052 2109.528 1732.483 1372.375 1007.538 649.872 157.776 -11.902 15.564 73.242 6.104 -333.557 -677.338 -1018.219 -1362.61 -1703.033 -2043.762 -2383.27 -2708.588 381.775 637.36 435.791 77.515 8.392 -345.764 -706.329 658 1070 400 25.89 30.74 41 8 2408 1 034
6058507 7531 2026/1/25 16:12:19 P15 73.11 22.23 0 7.5 35.92 974.18 972.75 303.955 492.096 3509.521 213.318 405.731 534.21 466.003 -39.215 -5.341 379.486 -10.681 186.768 591.431 143.28 503.998 778.809 74.31 362.854 599.823 389.404 -5000 6.561 6.256 7.324 -10.376 18.616 267.792 59.509 348.358 654.755 1183.167 -1325.073 331.421 152.893 75.226 139.923 253.296 2547.15 2502.289 2112.885 1735.382 1380.157 1016.693 659.485 157.166 -13.275 16.327 70.496 7.477 -332.184 -677.795 -1016.998 -1362.457 -1703.796 -2042.236 -2380.829 -2705.231 382.233 636.139 436.401 75.989 3.662 -349.884 -706.482 661 1065 400 25.92 30.74 41 8 2408 1 034
6058508 7531 2026/1/25 16:12:20 P15 73.02 22.16 0 7.6 35.59 974.19 972.75 300.598 494.537 3509.827 214.691 406.036 524.445 466.156 -11.292 1.068 412.14 -8.698 186.31 593.262 148.926 504.608 779.114 74.31 363.159 601.501 388.794 -5000 4.425 1.221 -78.43 -8.545 18.311 267.639 61.646 347.29 656.433 1270.294 -1322.174 332.031 155.945 90.332 159.149 254.059 2542.419 2501.831 2115.021 1740.875 1386.719 1023.865 666.504 157.928 -15.259 31.281 75.836 7.782 -331.573 -676.422 -1015.167 -1358.948 -1698.608 -2036.591 -2373.352 -2698.669 385.132 639.038 437.469 80.109 9.155 -344.696 -700.226 657 1045 400 25.92 30.82 41 8 2408 1 034
6058509 7531 2026/1/25 16:12:21 P15 73.09 22.16 0 7.65 34.96 974.2 972.77 301.666 492.859 3508.453 216.98 407.257 537.415 467.377 -121.613 -3.967 471.191 -10.223 186.615 593.872 150.757 504.761 779.114 74.463 363.922 605.621 389.404 -5000 -1.221 -0.305 23.804 -8.85 18.768 267.792 60.425 346.985 663.147 1343.384 -1327.362 333.71 154.724 97.351 177.002 253.448 2545.166 2500 2111.359 1729.584 1372.375 1003.876 649.414 151.672 -16.632 27.466 72.021 5.493 -334.778 -681 -1022.644 -1366.425 -1707.458 -2048.34 -2387.543 -2711.639 387.573 637.054 434.265 75.531 7.477 -342.407 -704.956 662 1040 400 25.92 30.76 -999 8 2408 1 034
6058510 7531 2026/1/25 16:12:22 P15 72.98 22.12 0 7.58 34.6 974.2 972.74 301.208 495.3 3508.759 219.421 403.29 538.94 467.072 -147.4 -19.073 527.954 -9.46 189.362 593.719 163.422 505.676 779.877 74.158 364.227 610.962 387.268 -5000 2.441 -8.545 -43.945 -7.935 19.073 267.944 60.12 348.053 670.166 1422.272 -1322.327 335.083 153.503 106.506 187.836 254.364 2543.64 2502.289 2111.359 1736.145 1380.768 1016.541 661.621 152.283 -11.444 33.264 72.327 5.646 -334.015 -678.406 -1018.219 -1362 -1701.965 -2041.931 -2378.693 -2703.857 390.167 635.529 433.807 77.82 5.951 -347.443 -703.735 643 1020 400 25.91 30.74 -999 8 2408 1 034
6058511 7531 2026/1/25 16:12:23 P15 72.96 22.16 0 7.6 34.06 974.19 972.75 300.598 494.995 3508.453 223.846 407.41 532.227 467.987 81.635 -14.343 619.202 -9.918 188.446 593.414 175.629 507.965 777.893 74.005 365.448 618.134 389.252 -5000 -4.12 -13.275 -0.61 -9.766 19.226 269.623 62.256 349.579 677.643 1484.528 -1323.242 339.508 153.351 121.918 211.182 254.517 2546.997 2500.763 2116.089 1744.843 1393.433 1029.053 671.692 156.25 -9.46 43.945 73.395 7.629 -329.285 -674.286 -1011.658 -1355.286 -1694.946 -2033.691 -2370.3 -2695.923 396.881 638.123 434.723 79.651 7.477 -343.933 -699.158 643 1020 400 25.91 30.74 -999 8 2408 1 034
6058512 7531 2026/1/25 16:12:24 P15 73 22.16 0 7.53 33.7 974.2 972.76 302.887 495.605 3507.843 228.119 406.799 540.619 468.14 -33.264 2.136 654.144 -7.782 187.225 595.856 184.479 509.033 780.334 74.158 368.042 627.289 390.167 -5000 -8.087 -19.836 26.55 -9.308 20.294 269.928 62.866 351.562 687.408 1548.462 -1320.953 343.475 152.893 139.618 219.879 254.669 2546.997 2500.916 2115.479 1740.112 1382.446 1019.135 662.079 153.809 -12.97 29.449 72.937 4.272 -328.217 -673.828 -1012.726 -1356.812 -1698.151 -2038.116 -2378.387 -2703.857 400.848 636.292 433.35 79.651 7.324 -344.849 -699.768 653 1030 400 25.92 30.74 -999 8 2408 1 034
6058513 7531 2026/1/25 16:12:25 P15 73.09 22.17 0 7.53 33.19 974.19 972.75 303.802 495.605 3509.369 234.528 408.173 542.45 467.987 -19.989 -11.292 720.673 -10.071 188.599 597.229 204.163 513.306 778.961 74.768 369.415 641.327 391.541 -5000 -4.272 -20.905 -22.888 -9.613 20.294 271.912 64.85 352.02 700.378 1608.887 -1321.259 349.121 154.572 151.978 249.786 255.432 2546.539 2500.763 2115.784 1740.112 1386.261 1023.407 667.267 153.503 -9.766 30.518 76.447 8.24 -329.132 -673.828 -1015.167 -1359.558 -1699.219 -2036.896 -2374.115 -2698.822 408.783 638.733 434.57 80.414 8.698 -344.238 -700.073 637 990 400 25.92 30.74 -999 8 2408 1 034
6058514 7531 2026/1/25 16:12:26 P15 72.99 22.16 0 7.64 32.75 974.21 972.76 307.159 496.063 3509.979 242.004 410.309 544.434 468.903 -91.858 -7.324 768.28 -9.613 187.988 602.722 217.896 516.968 778.351 74.768 373.23 656.433 392.914 -5000 1.221 -25.024 -77.82 -8.698 19.836 273.743 66.376 357.666 714.111 1660.309 -1322.327 354.156 154.572 164.185 256.805 255.585 2542.877 2501.678 2117.004 1742.554 1388.702 1026.611 668.335 155.182 -5.951 36.011 75.531 9.308 -328.674 -672.607 -1011.353 -1353.912 -1695.404 -2032.928 -2370.605 -2696.991 414.886 636.292 435.638 81.329 7.324 -343.018 -696.869 639 995 400 25.92 30.81 -999 8 2408 1 034
6058515 7531 2026/1/25 16:12:27 P15 73.11 22.16 0 7.52 32.25 974.21 972.77 303.65 495.605 3511.81 250.549 411.53 558.014 469.36 -102.844 6.104 822.144 -9.003 189.209 608.063 225.983 524.902 779.114 74.615 378.571 675.964 395.508 -5000 9.46 -30.67 -38.91 -9.003 19.684 274.963 71.564 358.582 732.88 1731.262 -1320.496 363.007 157.013 172.729 273.895 255.585 2548.218 2503.204 2112.732 1735.229 1379.242 1011.658 654.144 151.978 -10.681 20.599 74.768 5.035 -330.2 -674.438 -1014.557 -1360.016 -1700.897 -2041.473 -2380.981 -2705.536 423.279 638.733 435.028 79.498 8.087 -348.206 -704.346 643 990 400 25.91 30.71 -999 9 2408 1 034
6058516 7531 2026/1/25 16:12:28 P15 73.04 22.15 0 7.65 31.86 974.21 972.74 299.988 499.573 3514.404 263.977 414.581 556.641 469.513 -7.935 -3.967 914.001 -10.681 189.362 614.166 221.252 532.837 779.266 75.073 379.944 700.378 398.865 -5000 1.221 -27.618 28.534 -7.629 18.463 277.252 71.564 362.549 754.089 1758.423 -1328.125 372.62 156.708 193.634 286.255 256.653 2549.133 2501.526 2116.241 1743.774 1389.16 1026.306 668.488 155.334 -1.831 32.501 76.141 6.866 -331.726 -675.201 -1013.184 -1357.117 -1696.777 -2035.37 -2372.742 -2696.686 433.502 641.174 433.96 80.566 5.951 -341.797 -696.869 634 985 400 25.89 30.61 -999 12 2408 1 034
6058517 7531 2026/1/25 16:12:29 P15 73.09 22.08 0 7.58 31.49 974.2 972.76 299.988 499.268 3517.456 277.863 420.074 578.156 470.581 -72.174 -11.292 942.993 -9.46 190.887 621.033 204.163 543.06 778.503 75.073 385.895 726.166 404.053 -5000 0.916 -26.093 17.7 -9.918 18.921 281.067 70.953 367.432 769.043 1822.205 -1322.021 382.08 158.997 206.604 296.936 256.5 2544.556 2501.678 2115.479 1740.265 1384.888 1021.271 664.978 149.384 -3.51 26.093 75.989 4.578 -329.742 -675.659 -1014.404 -1358.948 -1700.439 -2039.49 -2377.93 -2704.62 441.742 639.648 434.113 78.735 7.935 -346.222 -702.209 639 980 400 25.89 30.75 -999 18 2408 1 034
6058518 7531 2026/1/25 16:12:30 P15 73 22.05 0 7.45 31.02 974.2 972.76 301.819 501.251 3523.712 294.647 422.363 588.989 471.191 60.425 -37.537 1004.639 -7.324 191.65 632.935 169.067 557.556 780.029 75.836 389.557 756.531 411.682 -5000 -3.967 -28.229 52.032 -9.766 20.142 283.203 67.749 376.434 801.239 1868.591 -1322.479 394.897 160.217 212.555 320.282 257.111 2547.455 2502.289 2110.138 1732.788 1373.444 1006.317 649.872 150.909 -0.458 29.907 76.904 4.883 -334.167 -678.558 -1019.135 -1362.915 -1704.102 -2044.983 -2384.644 -2709.045 451.202 638.885 432.434 75.836 7.172 -349.884 -709.076 627 960 400 25.92 30.68 -999 30 2408 1 034
6058519 7531 2026/1/25 16:12:31 P15 73 22.23 0 7.45 30.72 974.21 972.73 302.277 505.066 3530.273 315.399 428.467 607.3 471.954 -37.994 -20.905 1079.102 -10.071 193.176 643.311 131.989 574.493 778.198 76.141 396.423 789.49 420.685 -5000 -14.038 -35.858 50.354 -6.256 20.447 286.407 61.798 384.521 828.857 1909.79 -1323.242 405.884 162.811 230.408 329.59 257.568 2545.929 2502.289 2112.885 1738.739 1380.768 1017.761 661.926 152.893 5.798 44.25 78.583 8.392 -329.742 -675.659 -1017.303 -1361.389 -1701.508 -2039.49 -2376.251 -2701.263 466.614 641.022 435.638 78.278 9.308 -346.375 -702.057 637 955 400 25.92 30.61 -999 47 2408 1 034
6058520 7531 2026/1/25 16:12:32 P15 73.04 22.23 0 7.53 30.72 974.24 972.75 300.903 506.592 3540.955 344.238 435.486 629.272 472.412 -131.683 -10.986 1128.54 -12.207 193.787 657.959 103.607 593.414 778.503 76.599 403.29 824.28 428.772 -5000 -1.526 -35.095 -1.526 -7.935 20.905 290.527 61.34 391.388 858.307 1972.351 -1322.479 422.211 167.084 242.615 346.375 257.721 2543.03 2501.831 2114.868 1740.723 1383.514 1017.456 660.095 149.689 11.139 29.144 75.531 6.561 -331.879 -676.422 -1015.778 -1359.558 -1701.202 -2044.067 -2381.744 -2706.451 473.938 638.275 435.791 78.125 7.172 -347.748 -701.904 615 955 400 25.95 30.59 -999 72 2408 1 034
6058521 7531 2026/1/25 16:12:33 P15 73.02 22.24 0 7.64 30.33 974.22 972.74 303.04 510.712 3554.382 373.23 444.946 649.719 473.328 -38.3 -37.689 1172.485 -10.071 195.77 670.929 77.515 615.234 778.809 77.82 411.987 864.258 440.063 -5000 -15.411 -39.825 -63.934 -7.477 19.989 294.8 61.646 404.663 886.841 2007.446 -1323.853 438.385 170.441 252.991 350.342 258.331 2547.455 2502.899 2108.307 1729.584 1370.544 1004.486 648.956 149.689 14.191 26.855 79.346 6.866 -330.2 -676.88 -1018.219 -1363.525 -1705.017 -2045.593 -2385.712 -2709.503 489.502 640.869 435.791 75.531 6.256 -346.985 -707.855 615 955 400 25.95 30.59 -999 72 2408 1 034
6058522 7531 2026/1/25 16:12:34 P15 73.03 22.21 0 7.64 30.12 974.19 972.75 302.734 514.832 3568.115 420.074 457.153 673.828 474.548 -57.678 -41.351 1240.387 -9.003 198.822 690.155 54.474 640.564 779.114 79.498 419.617 902.1 456.696 -5000 -0.763 -42.114 -19.684 -9.918 19.073 297.852 69.275 416.26 919.8 2068.634 -1324.158 454.559 177.155 267.639 364.838 257.721 2546.539 2503.052 2111.969 1738.739 1380.31 1016.388 661.011 147.552 18.005 19.989 77.667 8.392 -331.879 -677.338 -1017.456 -1361.389 -1702.423 -2041.626 -2378.845 -2704.468 500.031 640.411 436.096 79.193 6.866 -347.137 -703.583 626 955 400 25.89 30.34 -999 106 2408 1 034
6058523 7531 2026/1/25 16:12:35 P15 73.03 22.17 0 7.65 29.7 974.2 972.72 303.04 518.188 3588.715 459.137 470.734 703.125 474.854 124.054 -31.891 1279.755 -9.613 200.806 709.991 42.267 668.03 780.029 80.872 432.129 944.061 469.971 -5000 -0.458 -41.199 5.646 -10.376 21.362 303.65 79.956 431.976 948.181 2075.5 -1330.872 471.649 183.105 278.32 371.704 258.026 2541.962 2501.831 2113.19 1735.84 1377.106 1011.505 652.008 142.517 17.548 10.071 79.346 5.951 -330.353 -676.117 -1016.083 -1361.237 -1702.271 -2042.389 -2382.202 -2707.977 511.475 641.937 433.197 77.667 8.85 -348.663 -705.566 623 935 400 25.89 30.34 -999 148 2408 1 034
6058524 7531 2026/1/25 16:12:36 P15 73.06 22.12 0 7.5 29.49 974.19 972.75 303.04 521.24 3610.687 500.183 486.908 724.335 476.074 -77.667 -9.003 1331.787 -10.376 203.552 731.201 34.79 698.242 778.503 82.855 442.2 986.938 488.281 -5000 -9.155 -43.488 -7.324 -9.46 20.905 307.77 93.536 447.845 984.65 2117.004 -1325.989 490.265 189.056 289.764 387.268 258.636 2546.387 2503.052 2110.443 1732.025 1374.969 1008.911 652.008 141.602 27.466 20.142 80.261 9.155 -330.658 -676.117 -1013.947 -1360.779 -1701.965 -2042.694 -2381.592 -2704.773 525.665 642.242 437.012 77.057 5.646 -347.137 -706.329 612 935 400 25.92 30.3 -999 200 2408 1 034
6058525 7531 2026/1/25 16:12:37 P15 73.02 22.12 0 7.53 29.1 974.21 972.73 298.615 521.851 3635.712 525.665 502.625 758.057 475.769 69.733 -21.362 1395.874 -9.155 208.13 752.716 32.349 729.675 781.86 85.449 453.796 1028.595 509.033 -5000 -15.564 -47.15 9.308 -9.308 21.057 313.416 104.218 463.257 1017.914 2162.018 -1326.141 507.965 196.075 298.309 395.966 259.857 2548.37 2501.373 2113.953 1740.265 1385.345 1020.66 665.894 136.566 31.586 17.548 78.583 -1.068 -330.2 -674.744 -1015.167 -1358.948 -1699.219 -2038.574 -2375.488 -2700.5 537.262 642.853 434.875 80.261 6.714 -347.29 -703.888 619 930 400 25.92 30.21 -999 260 2408 1 034
6058526 7531 2026/1/25 16:12:38 P15 73 22.15 0 7.48 28.85 974.18 972.76 301.514 523.224 3665.314 529.633 522.308 784.454 476.532 -55.847 -1.678 1432.648 -7.935 210.266 775.299 33.417 761.871 780.487 88.806 464.783 1069.794 528.107 -5000 -4.883 -47.455 -10.681 -7.324 20.294 320.129 106.812 484.924 1049.5 2191.62 -1326.294 526.886 205.383 312.958 405.273 260.01 2546.539 2502.594 2118.073 1745.605 1389.16 1026.306 670.013 140.076 36.926 -10.834 83.923 10.529 -328.064 -671.844 -1010.132 -1354.37 -1694.489 -2033.234 -2368.622 -2698.822 551.147 644.989 437.317 84.076 7.935 -339.355 -693.97 603 920 400 25.95 30.03 -999 325 2408 1 034
6058527 7531 2026/1/25 16:12:39 P15 72.98 22.15 0 7.65 28.46 974.2 972.75 299.835 520.63 3696.747 529.633 547.18 820.312 477.448 49.591 -30.518 1514.435 -10.376 215.149 796.204 37.537 797.424 782.318 92.163 471.344 1114.502 552.673 -5000 -2.441 -46.387 -33.722 -7.629 23.346 325.775 100.555 503.54 1083.221 2221.68 -1326.447 546.417 214.081 316.62 405.884 260.925 2545.471 2501.678 2113.037 1735.84 1381.226 1015.778 659.485 135.803 47.455 1.373 83.618 7.782 -332.031 -676.422 -1016.846 -1359.1 -1701.202 -2039.795 -2378.54 -2704.01 562.439 643.921 435.791 78.583 7.629 -345.764 -703.888 606 915 400 25.96 29.97 -999 395 2408 1 034
6058528 7531 2026/1/25 16:12:40 P15 73.1 22.2 0 7.52 28.32 974.22 972.77 301.971 518.036 3728.638 525.055 565.338 850.983 478.668 -27.466 3.204 1534.119 -10.071 220.947 816.65 41.199 831.604 782.623 95.062 479.736 1157.074 574.341 -5000 6.866 -47.302 -10.071 -8.85 21.21 333.252 97.504 524.902 1111.603 2281.647 -1329.193 565.491 227.051 323.792 421.6 259.552 2545.013 2501.984 2115.021 1743.317 1387.177 1025.848 670.471 133.209 49.591 2.594 79.498 7.629 -331.421 -678.101 -1015.778 -1359.558 -1699.829 -2037.964 -2371.826 -2699.127 573.425 645.447 431.213 80.719 6.561 -348.206 -702.209 610 910 400 25.93 29.91 -999 471 2408 1 034
6058529 7531 2026/1/25 16:12:41 P15 73.03 22.13 0 7.47 28.1 974.2 972.76 299.225 516.357 3773.193 514.221 588.837 882.263 479.126 57.373 17.7 1587.677 -9.308 224.457 838.165 46.082 866.852 783.844 101.624 486.755 1195.831 598.297 -5000 1.068 -49.896 1.068 -7.935 21.667 339.661 103.149 549.774 1147.308 2297.363 -1327.515 583.344 240.326 332.184 422.363 260.468 2547.15 2502.747 2116.394 1741.333 1386.719 1024.933 664.978 131.073 59.509 2.899 83.923 7.172 -330.353 -673.218 -1011.963 -1356.201 -1697.083 -2034.912 -2374.42 -2699.127 584.412 647.888 437.622 83.313 9.308 -342.56 -697.174 614 900 400 25.92 29.82 -999 552 2408 1 034
6058530 7531 2026/1/25 16:12:42 P15 73.07 22.12 0 7.59 27.89 974.22 972.73 303.497 517.883 3814.545 508.423 614.624 908.356 479.889 -9.613 8.392 1602.783 -8.85 229.95 856.934 52.643 902.1 784.149 106.659 495.3 1236.115 624.695 -5000 -0.153 -53.101 48.828 -8.85 22.43 347.29 113.525 572.662 1176.91 2329.865 -1332.245 602.417 253.296 343.475 435.486 260.315 2545.166 2501.068 2112.885 1736.603 1380.92 1017.151 661.011 131.073 66.833 -14.191 79.193 7.629 -330.505 -675.659 -1014.862 -1360.168 -1701.202 -2040.405 -2377.93 -2701.263 594.025 647.736 436.401 79.498 4.883 -347.137 -704.346 604 900 400 25.91 29.56 -999 640 2408 1 034
6058531 7531 2026/1/25 16:12:43 P15 73.03 22.21 0 7.47 27.73 974.2 972.75 303.955 525.665 3856.964 506.134 638.885 942.078 480.194 -56.305 -33.569 1656.494 -10.223 237.427 872.192 58.899 936.432 784.76 112.457 508.118 1274.567 649.261 -5000 -0.61 -52.795 23.651 -10.071 21.82 354.767 124.054 596.161 1206.665 2341.919 -1334.534 619.507 270.386 346.222 442.047 261.078 2543.182 2501.984 2118.53 1744.995 1390.686 1026.764 671.539 124.054 69.427 -5.493 83.618 4.272 -330.353 -673.828 -1012.573 -1356.201 -1696.625 -2034.607 -2371.216 -2697.296 604.248 647.736 434.875 79.956 6.866 -345.154 -700.226 606 890 400 25.93 29.58 -999 744 2408 1 034
6058532 7531 2026/1/25 16:12:44 P15 73.11 22.1 0 7.52 27.6 974.2 972.74 303.955 543.06 3899.231 507.355 664.215 966.339 481.72 -123.138 -5.493 1694.031 -9.766 242.767 891.418 65.918 970.306 785.065 118.866 519.714 1313.171 674.133 -5000 -12.36 -52.948 25.94 -7.629 21.667 364.075 132.446 621.033 1236.42 2389.374 -1329.346 637.054 284.576 359.344 442.963 260.315 2543.488 2501.221 2115.784 1741.943 1384.888 1022.797 664.52 126.19 81.177 4.73 84.534 7.477 -328.674 -673.218 -1011.963 -1355.896 -1697.235 -2036.743 -2375.336 -2702.484 615.082 648.956 438.69 81.787 6.714 -343.475 -699.005 606 890 400 25.93 29.58 -999 744 2408 1 034
6058533 7531 2026/1/25 16:12:45 P15 72.99 22.13 0 7.28 27.3 974.2 972.74 304.871 573.578 3938.446 506.897 688.782 997.162 481.567 14.496 -12.817 1729.431 -10.986 249.939 902.405 72.327 1002.35 786.591 127.411 532.684 1350.25 699.31 -5000 -0.61 -53.406 28.992 -8.24 21.973 372.772 138.397 645.599 1265.259 2401.733 -1327.209 654.449 300.903 366.058 458.374 261.078 2546.387 2500.763 2110.901 1732.178 1373.291 1005.249 648.041 122.528 83.923 16.785 84.381 6.409 -333.099 -678.711 -1020.203 -1364.441 -1705.017 -2045.593 -2384.949 -2711.029 623.322 651.245 436.249 80.261 7.324 -350.8 -707.855 593 890 400 25.91 29.15 -999 871 2408 1 034
6058534 7531 2026/1/25 16:12:46 P15 73.09 22.17 0 7.37 27.2 974.17 972.75 303.497 603.485 3969.879 511.475 714.264 1013.184 482.941 101.624 9.613 1772.003 -10.529 258.331 927.887 80.109 1034.851 787.659 135.345 549.469 1386.414 724.03 -5000 -5.493 -51.422 28.381 -8.85 21.82 380.402 141.296 673.828 1295.013 2399.139 -1329.041 671.387 319.366 367.279 455.017 262.909 2547.913 2502.747 2119.141 1744.69 1390.381 1027.527 669.861 118.866 99.03 7.324 88.196 8.24 -328.369 -671.844 -1009.521 -1354.065 -1693.878 -2032.776 -2368.774 -2694.397 636.292 651.398 438.385 82.55 8.087 -340.576 -694.733 592 885 400 25.91 29.15 -999 1019 2408 1 034
6058535 7531 2026/1/25 16:12:47 P15 73.1 22.06 0 7.45 27.03 974.22 972.73 310.059 627.441 3998.566 521.24 737.915 1053.162 482.635 -35.553 13.275 1791.534 -10.223 266.418 940.094 87.738 1064.758 787.811 141.907 569.153 1423.645 746.307 -5000 -15.106 -51.27 33.722 -10.071 22.888 391.083 144.653 698.09 1319.427 2451.324 -1329.651 687.714 337.83 377.502 459.595 261.536 2542.877 2500.916 2114.258 1740.875 1384.888 1022.339 665.588 117.798 100.098 -2.747 83.923 8.85 -328.369 -674.133 -1014.252 -1359.1 -1699.371 -2039.032 -2377.014 -2703.705 641.632 652.008 438.232 81.329 5.951 -346.985 -701.599 600 885 400 25.93 28.97 -999 1189 2408 1 034
6058536 7531 2026/1/25 16:12:48 P15 73.11 22.21 0 7.57 26.88 974.22 972.74 311.127 618.896 4022.675 532.074 763.55 1075.592 483.856 -102.692 40.436 1826.172 -8.698 273.743 957.031 95.825 1093.14 786.896 153.351 583.801 1455.383 769.806 -5000 -4.12 -52.948 -46.387 -9.613 21.21 401.001 145.264 722.961 1344.299 2481.842 -1329.651 703.125 356.75 382.233 477.6 261.383 2548.828 2503.967 2110.901 1730.194 1372.223 1001.74 645.599 114.441 111.847 3.967 84.534 3.967 -332.794 -678.711 -1019.745 -1364.899 -1706.238 -2047.119 -2386.322 -2710.876 646.82 654.144 437.164 80.566 9.46 -348.816 -707.55 599 875 400 25.95 28.93 -999 1371 2408 1 034
6058537 7531 2026/1/25 16:12:49 P15 73.07 22.1 0 7.33 26.73 974.19 972.73 307.465 580.139 4042.969 543.518 787.659 1093.14 484.467 -53.253 -18.616 1869.049 -8.85 283.203 973.053 103.607 1119.843 791.168 162.659 601.196 1488.342 790.558 -5000 4.883 -54.474 -42.267 -9.918 20.752 409.546 146.484 746.613 1372.07 2503.662 -1330.719 718.994 376.434 388.489 480.499 262.756 2544.403 2501.984 2116.241 1745.3 1391.296 1028.9 671.234 108.948 124.817 -15.411 86.06 6.561 -332.336 -674.133 -1011.963 -1355.286 -1694.794 -2033.691 -2371.521 -2696.991 662.537 653.381 438.995 83.923 6.104 -341.797 -697.174 589 865 400 25.91 28.75 -999 1559 2408 1 034
6058538 7531 2026/1/25 16:12:50 P15 73.13 22.1 0 7.4 26.74 974.19 972.74 309.448 550.995 4061.127 554.81 810.852 1123.81 484.924 -75.378 -22.888 1918.335 -8.545 291.443 982.971 111.084 1146.698 795.135 174.408 615.54 1518.555 812.073 -5000 2.136 -54.321 -26.093 -8.545 19.684 418.701 150.604 771.332 1391.907 2504.578 -1327.515 733.643 397.034 393.829 477.905 261.841 2546.692 2501.526 2114.563 1741.028 1385.498 1020.355 662.079 107.422 129.547 -13.123 86.67 6.256 -329.437 -674.896 -1014.099 -1358.185 -1699.219 -2038.879 -2377.625 -2704.01 662.537 654.602 442.81 83.008 4.883 -343.475 -699.005 597 865 400 25.95 28.75 -999 1751 2408 1 034
6058539 7531 2026/1/25 16:12:51 P15 73.03 22.19 0 7.4 26.45 974.21 972.74 309.906 517.883 4064.941 568.085 830.841 1136.169 485.077 -30.365 -40.588 1957.55 -10.834 301.208 995.331 119.171 1170.654 794.525 186.005 628.204 1544.342 832.062 -5000 -2.594 -54.626 72.327 -8.85 18.768 427.856 151.52 796.356 1421.204 2539.368 -1330.261 747.375 417.328 395.355 473.48 263.062 2546.082 2501.526 2109.222 1732.025 1372.833 1005.859 649.567 107.269 144.196 -4.272 88.806 10.681 -330.505 -674.286 -1016.083 -1360.931 -1702.881 -2043.457 -2382.355 -2707.977 671.692 658.722 440.826 83.618 8.24 -345.612 -703.278 586 855 400 25.95 28.46 -999 1948 2408 1 034
6058540 7531 2026/1/25 16:12:52 P15 73.16 22.19 0 7.31 26.41 974.2 972.74 309.601 493.164 4070.74 581.207 850.067 1164.856 486.145 -19.989 -6.409 1972.809 -10.376 310.974 1011.963 125.885 1192.78 798.492 198.364 638.123 1571.96 850.83 -5000 -23.804 -53.558 11.597 -9.155 18.616 437.164 153.809 820.007 1441.956 2555.542 -1326.447 761.414 437.622 405.426 483.856 262.146 2549.438 2501.068 2114.258 1734.467 1379.242 1013.947 656.738 101.471 150.146 13.275 87.28 7.019 -330.353 -675.354 -1016.388 -1361.237 -1702.423 -2041.626 -2379.303 -2702.942 675.354 661.621 439.606 84.076 8.087 -346.375 -703.888 590 855 400 25.91 28.46 -999 2150 2408 1 034
6058541 7531 2026/1/25 16:12:53 P15 73.14 22.15 0 7.33 26.24 974.23 972.76 309.753 479.431 4080.505 594.788 872.498 1182.861 487.061 104.065 -31.128 1979.523 -10.834 322.723 1022.644 135.803 1213.989 798.035 210.114 644.989 1601.257 866.699 -5000 -19.684 -51.727 -2.289 -8.24 16.327 446.32 157.471 842.285 1464.386 2577.667 -1333.16 775.299 458.374 405.731 491.943 262.909 2543.335 2502.594 2114.41 1737.366 1383.514 1021.729 661.316 98.419 162.811 -2.594 85.297 8.85 -330.505 -674.286 -1014.557 -1358.795 -1699.829 -2040.1 -2378.54 -2703.857 681.763 659.18 439.148 84.076 4.272 -345.154 -701.141 584 840 400 25.88 28.16 -999 2354 2408 1 034
6058542 7531 2026/1/25 16:12:54 P15 73.13 22.12 0 7.35 26.2 974.2 972.75 315.552 465.24 4084.473 604.858 890.808 1207.275 487.213 -40.894 -41.504 2009.583 -10.223 331.573 1028.137 143.127 1234.589 798.035 222.168 649.719 1630.707 883.179 -5000 -14.038 -53.711 12.512 -8.087 13.885 454.102 159.76 863.19 1484.375 2599.792 -1328.278 788.574 477.753 410.004 501.709 263.062 2543.64 2500.153 2113.953 1734.772 1374.054 1006.165 648.346 95.825 173.645 -4.578 88.348 6.866 -332.642 -677.948 -1018.524 -1363.983 -1704.407 -2049.255 -2384.491 -2708.435 687.256 658.569 442.047 82.703 5.951 -347.595 -706.635 584 840 400 25.88 28.16 -999 2354 2408 1 034
6058543 7531 2026/1/25 16:12:55 P15 73.09 22.17 0 7.18 26.02 974.21 972.73 320.129 458.984 4081.116 615.997 908.203 1222.076 487.671 -59.814 -12.665 2026.062 -10.834 340.881 1043.396 149.689 1252.441 797.882 235.596 655.212 1652.527 899.658 -5000 -10.529 -53.253 -21.362 -9.003 13.885 462.036 164.337 885.162 1496.887 2623.291 -1327.515 800.781 501.251 417.938 500.183 262.451 2549.896 2500.61 2109.68 1732.941 1373.901 1010.284 654.297 89.264 181.427 -16.479 86.67 6.256 -332.031 -678.101 -1018.829 -1363.678 -1705.475 -2044.22 -2388.611 -2710.876 691.833 659.485 440.674 81.482 5.493 -350.037 -706.329 592 835 400 25.95 28.02 -999 2561 2408 1 034
6058544 7531 2026/1/25 16:12:56 P15 73.09 22.17 0 7.18 26.02 974.21 972.73 323.944 452.728 4082.794 627.136 924.377 1234.283 487.976 -91.4 -21.973 2059.021 -11.597 352.936 1048.889 157.776 1272.278 800.323 249.329 662.384 1679.688 914.764 -5000 -2.289 -53.558 58.746 -7.935 11.444 466.919 170.135 906.525 1522.369 2649.078 -1329.803 813.293 519.257 418.701 501.099 263.672 2544.556 2500.763 2113.8 1741.028 1385.345 1022.339 665.741 87.28 190.887 -11.902 87.891 4.578 -328.827 -673.37 -1012.878 -1356.354 -1697.235 -2036.591 -2374.878 -2702.332 697.479 662.994 440.369 87.28 9.155 -345.764 -701.447 591 830 400 25.89 27.77 -999 2770 2408 1 034
6058545 7531 2026/1/25 16:12:57 P15 73.13 22.09 0 7.35 25.97 974.21 972.74 332.031 449.219 4093.018 639.496 942.383 1251.831 488.892 14.496 -22.888 2088.47 -11.139 360.413 1061.401 166.016 1285.706 803.375 263.672 670.166 1700.439 929.26 -5000 -5.798 -53.406 103.455 -7.019 8.698 479.126 174.408 926.361 1537.781 2677.155 -1330.719 824.585 536.346 426.941 502.319 263.519 2545.776 2502.136 2113.495 1735.077 1376.038 1009.064 650.94 84.686 200.806 1.831 87.891 5.035 -331.573 -678.711 -1017.456 -1361.694 -1703.186 -2043.304 -2382.66 -2709.503 701.904 664.825 441.132 85.144 7.477 -345.764 -703.278 580 830 400 25.88 27.65 -999 2981 2408 1 034
6058546 7531 2026/1/25 16:12:58 P15 73.2 22.17 0 7.4 25.77 974.21 972.72 334.625 447.54 4084.93 649.414 955.048 1265.106 489.197 -28.687 6.714 2123.413 -12.207 372.772 1065.216 172.424 1300.659 806.427 276.337 681.763 1726.685 941.925 -5000 -3.357 -59.509 76.141 -7.629 7.019 484.009 177.46 944.672 1558.38 2666.016 -1330.719 836.029 555.42 423.737 515.9 262.451 2544.098 2502.441 2109.528 1730.652 1373.901 1008.301 652.924 79.956 213.165 -12.512 86.823 4.272 -337.219 -683.289 -1023.56 -1367.188 -1708.679 -2047.577 -2384.796 -2709.656 704.041 662.689 440.521 81.024 6.866 -351.562 -709.839 589 820 400 25.88 27.7 -999 3193 2408 1 034
6058547 7531 2026/1/25 16:12:59 P15 73.24 22.1 0 7.23 25.63 974.2 972.74 341.492 446.625 4088.287 658.569 969.391 1282.501 489.655 25.177 -8.545 2132.721 -11.444 381.622 1073.761 179.291 1315.765 810.394 289.459 691.528 1746.063 953.369 -5000 -2.136 -57.373 4.272 -8.698 4.12 492.554 181.122 963.135 1570.129 2691.04 -1329.346 846.863 572.968 430.908 506.134 264.435 2541.656 2502.747 2112.885 1734.619 1381.073 1017.609 662.231 77.515 225.372 6.714 88.654 7.172 -332.489 -677.948 -1016.693 -1360.474 -1700.134 -2040.1 -2376.556 -2701.416 708.771 664.215 442.657 86.365 5.493 -344.849 -700.531 580 815 400 25.92 27.48 -999 3405 2408 1 034
6058548 7531 2026/1/25 16:13:00 P15 73.24 22.19 0 7.25 25.55 974.19 972.74 343.628 446.472 4090.881 665.588 983.429 1296.387 489.96 -3.052 -38.3 2166.595 -10.223 390.93 1081.543 185.242 1327.362 815.125 304.565 700.378 1765.442 966.797 -5000 2.136 -54.169 -28.076 -9.308 3.204 500.336 183.563 980.225 1590.118 2715.759 -1333.466 856.781 590.82 430.756 511.322 263.214 2548.065 2503.204 2113.342 1738.129 1378.479 1011.658 655.212 77.057 232.697 -13.885 89.111 4.425 -330.2 -673.981 -1015.472 -1361.084 -1703.033 -2042.847 -2383.575 -2708.74 712.128 667.114 439.453 86.517 7.935 -346.985 -703.583 589 815 400 25.93 27.43 -999 3618 2408 1 034
6058549 7531 2026/1/25 16:13:01 P15 73.2 22.16 0 7.16 25.56 974.2 972.73 349.884 445.557 4082.031 673.981 995.789 1304.474 491.486 -60.425 -26.093 2171.783 -12.665 400.696 1078.796 191.956 1339.264 820.312 317.535 711.06 1788.177 977.173 -5000 -9.003 -55.389 -28.839 -7.477 0.61 502.472 189.514 997.162 1603.394 2730.255 -1329.651 866.547 609.131 431.366 518.799 264.13 2547.15 2501.373 2108.307 1729.584 1370.239 1003.723 649.719 75.836 246.735 -12.97 89.569 9.613 -327.759 -675.354 -1018.524 -1363.678 -1706.39 -2046.814 -2385.559 -2710.724 718.384 668.03 443.42 83.618 7.324 -349.121 -706.94 577 810 400 25.92 27.32 -999 3827 2408 1 034
6058550 7531 2026/1/25 16:13:02 P15 73.22 22.1 0 7.23 25.49 974.19 972.73 354.309 445.557 4090.271 684.967 1007.538 1319.58 491.028 53.253 -12.97 2197.876 -11.902 411.987 1094.513 197.449 1351.166 823.212 329.132 718.842 1802.368 986.328 -5000 -15.411 -54.474 19.684 -9.918 -2.441 522.156 193.176 1012.573 1620.331 2743.53 -1328.735 876.312 623.779 439.148 518.494 264.435 2541.809 2502.441 2111.206 1737.366 1380.463 1017.303 663.147 74.158 257.568 19.073 91.553 5.341 -329.59 -675.659 -1013.489 -1357.422 -1697.693 -2039.185 -2375.946 -2700.806 717.468 669.861 441.742 87.128 7.782 -346.069 -703.735 581 810 400 25.93 27.32 -999 4029 2408 1 034
6058551 7531 2026/1/25 16:13:03 P15 73.23 22.08 0 7.3 25.38 974.19 972.71 358.734 446.32 4087.982 691.681 1018.219 1329.956 491.333 37.079 -34.332 2228.851 -11.292 423.279 1101.074 203.857 1361.847 825.195 343.628 727.234 1826.172 996.704 -5000 2.136 -54.626 25.635 -9.46 -2.747 511.017 197.906 1027.985 1632.69 2754.669 -1329.193 885.468 640.411 448.608 519.409 264.587 2542.114 2506.104 2113.495 1738.586 1381.683 1015.167 659.332 73.242 270.233 -16.479 88.806 7.324 -330.658 -674.744 -1015.32 -1359.863 -1701.05 -2040.1 -2379.913 -2705.231 721.588 670.929 443.115 86.06 7.629 -349.731 -705.109 579 790 400 25.92 27.09 -999 4218 2408 1 034
6058552 7531 2026/1/25 16:13:04 P15 73.2 22.15 0 7.06 25.23 974.17 972.74 355.225 447.388 4085.083 699.768 1029.816 1342.01 492.249 -35.4 -21.973 2250.061 -10.986 428.619 1103.821 210.724 1370.544 825.806 358.429 734.406 1842.957 1004.944 -5000 -6.256 -55.237 -4.425 -8.392 -5.493 518.341 201.111 1041.565 1650.085 2748.413 -1337.891 895.691 653.229 447.388 528.259 264.587 2543.335 2501.984 2109.07 1729.736 1370.544 1004.181 650.024 68.817 283.661 -6.104 89.722 8.545 -331.116 -677.49 -1018.372 -1363.373 -1704.865 -2044.983 -2382.965 -2707.977 725.555 671.234 445.557 86.06 7.629 -350.952 -709.381 585 785 400 25.91 27.11 -999 4388 2408 1 034
6058553 7531 2026/1/25 16:13:05 P15 73.14 22.13 0 7.25 25.32 974.19 972.73 358.582 447.388 4077.911 706.482 1038.361 1348.572 491.943 -105.743 -48.676 2279.968 -12.36 439.606 1110.229 214.996 1377.869 828.705 369.415 739.594 1859.436 1016.235 -5000 -12.665 -57.526 24.719 -9.766 -6.866 523.376 204.926 1054.382 1662.14 2771.454 -1332.245 902.405 666.656 448.151 528.412 264.435 2546.844 2501.373 2111.816 1735.687 1380.92 1016.388 660.706 61.951 290.833 6.256 90.485 5.188 -331.421 -676.575 -1016.388 -1361.694 -1701.965 -2039.185 -2378.235 -2702.179 726.776 673.676 443.573 87.433 8.545 -346.985 -703.125 585 785 400 25.91 27.11 -999 4388 2408 1 034
6058554 7531 2026/1/25 16:13:06 P15 73.26 22.02 0 7.16 25.11 974.2 972.73 359.802 448.303 4078.369 715.485 1049.805 1354.218 492.859 18.463 1.068 2276.764 -12.207 449.371 1115.723 220.337 1385.803 827.332 382.233 745.392 1875.458 1022.339 -5000 -10.834 -57.068 48.065 -7.629 -7.324 529.785 208.588 1069.336 1674.5 2798.615 -1331.177 911.102 683.594 451.05 534.058 264.893 2548.523 2500.458 2115.479 1741.486 1386.414 1022.949 668.335 62.714 301.514 -2.441 89.722 5.798 -328.369 -673.676 -1013.031 -1356.812 -1696.93 -2035.522 -2371.674 -2696.228 730.133 674.286 445.404 89.417 9.613 -345.764 -700.836 576 780 400 25.93 26.85 -999 4537 2408 1 034
6058555 7531 2026/1/25 16:13:07 P15 73.26 22.1 0 7.16 25.12 974.19 972.75 361.023 448.456 4083.71 726.013 1058.35 1365.967 493.469 -112.61 -12.207 2297.668 -12.97 457.153 1123.199 225.983 1391.602 827.637 394.897 751.648 1885.681 1029.816 -5000 -7.324 -58.136 5.341 -8.392 -8.545 535.126 211.487 1081.543 1684.875 2807.465 -1330.414 919.342 695.038 453.644 533.6 264.435 2549.591 2502.136 2111.969 1730.652 1370.85 1004.333 649.414 60.73 316.772 4.883 91.4 7.019 -331.879 -677.185 -1018.677 -1363.22 -1704.712 -2044.678 -2384.644 -2709.045 732.117 678.406 445.099 86.67 7.782 -349.884 -708.618 582 780 400 25.92 26.79 -999 4664 2408 1 034
6058556 7531 2026/1/25 16:13:08 P15 73.16 22.21 0 7.23 25.01 974.19 972.73 360.718 450.439 4078.827 733.032 1067.2 1375.122 493.317 24.567 -9.003 2309.57 -12.665 466.309 1124.725 230.255 1401.978 826.721 406.647 756.989 1907.654 1038.208 -5000 -3.204 -54.779 -48.981 -7.935 -7.629 537.567 215.302 1092.834 1690.826 2828.979 -1329.956 926.819 706.94 455.627 542.755 264.435 2549.286 2500.61 2111.969 1736.145 1378.784 1014.862 658.875 56.458 328.369 13.733 86.67 7.019 -332.642 -677.948 -1016.998 -1361.389 -1701.202 -2041.321 -2376.404 -2702.789 731.659 674.744 444.641 89.722 5.188 -348.206 -704.346 589 765 400 25.93 26.66 -999 4770 2408 1 034
6058557 7531 2026/1/25 16:13:09 P15 73.24 22.1 0 7.06 24.93 974.19 972.74 357.513 451.202 4087.372 739.899 1074.066 1371.46 493.469 -112.457 6.866 2327.271 -13.733 474.396 1125.793 234.07 1409.149 826.416 417.938 761.261 1921.692 1045.074 -5000 3.204 -54.474 -76.294 -9.766 -6.561 540.161 220.032 1103.668 1704.102 2839.508 -1330.109 933.228 717.163 461.426 542.755 265.503 2544.708 2501.831 2114.868 1740.112 1385.04 1023.56 666.046 53.711 339.813 0.305 90.79 7.324 -332.642 -678.711 -1016.998 -1359.863 -1699.829 -2038.422 -2375.031 -2699.738 735.626 677.338 446.014 88.654 4.883 -348.358 -704.041 588 760 400 25.93 26.65 -999 4854 2408 1 034
6058558 7531 2026/1/25 16:13:10 P15 73.3 22.13 0 7.33 24.92 974.21 972.74 360.565 452.423 4084.93 744.019 1080.627 1387.634 494.69 31.738 -35.248 2360.535 -13.123 481.262 1131.439 238.19 1413.574 827.484 429.688 764.16 1935.577 1048.126 -5000 -4.272 -57.526 33.569 -9.613 -5.798 543.976 221.863 1115.875 1721.802 2843.17 -1334.839 941.01 728.302 457.306 546.265 264.74 2547.913 2500.61 2110.138 1730.652 1370.85 1003.418 646.973 51.422 350.952 -10.223 90.332 10.223 -332.489 -678.558 -1018.524 -1362 -1704.712 -2043.762 -2383.728 -2708.893 737.61 679.169 447.54 89.264 7.019 -349.274 -706.177 583 755 400 25.87 26.4 -999 4917 2408 1 034
6058559 7531 2026/1/25 16:13:11 P15 73.29 22.08 0 7.26 24.83 974.19 972.72 361.938 452.423 4075.165 750.58 1087.189 1393.127 494.232 -3.967 -6.409 2393.646 -13.733 487.823 1132.355 242.767 1419.678 828.094 440.369 767.822 1948.853 1055.603 -5000 0 -54.169 50.201 -9.003 -3.967 544.434 225.22 1124.725 1731.72 2862.091 -1330.872 946.35 737.305 461.121 548.706 264.282 2548.37 2502.747 2112.732 1735.992 1378.784 1014.709 658.264 46.997 364.99 -0.458 89.874 9.46 -331.879 -678.101 -1017.151 -1360.779 -1698.608 -2040.253 -2378.387 -2705.688 738.373 681.61 444.641 90.179 5.798 -347.9 -703.583 588 755 400 25.87 26.39 -999 4960 2408 1 034
6058560 7531 2026/1/25 16:13:12 P15 73.24 22.12 0 7.15 24.75 974.17 972.74 372.162 452.576 4087.83 754.395 1095.581 1399.689 495.148 95.367 2.441 2394.714 -14.038 494.69 1134.033 246.735 1423.798 827.637 450.592 772.552 1958.923 1061.096 -5000 -1.373 -50.507 55.695 -9.155 0.305 550.842 229.034 1134.033 1734.924 2872.62 -1332.855 951.996 747.681 465.393 552.368 263.672 2546.387 2502.136 2112.274 1738.281 1384.125 1020.05 659.79 44.861 377.655 2.899 91.705 7.629 -331.116 -675.812 -1014.862 -1357.269 -1698.303 -2037.506 -2374.42 -2698.364 739.899 683.289 446.777 91.553 10.071 -345.001 -700.531 573 800 400 25.93 26.28 -999 4984 2408 1 034
6058561 7531 2026/1/25 16:13:13 P15 73.22 22.1 0 6.98 24.74 974.19 972.72 362.701 455.017 4083.099 759.277 1099.396 1405.945 495.3 -27.161 -16.174 2431.641 -14.343 502.167 1139.984 249.939 1430.511 826.111 460.968 774.689 1968.994 1065.826 -5000 -7.172 -50.812 24.261 -9.46 2.747 551.91 232.086 1144.257 1750.183 2883.606 -1330.261 958.252 755.31 469.818 549.927 264.74 2542.877 2503.357 2117.004 1745.148 1390.533 1028.442 670.166 43.793 387.421 -1.068 91.095 5.798 -330.353 -673.981 -1013.794 -1357.117 -1696.625 -2035.065 -2371.368 -2696.838 739.746 680.237 445.862 91.4 6.409 -343.628 -695.496 589 800 400 25.91 26.23 -999 4995 2408 1 034
6058562 7531 2026/1/25 16:13:14 P15 73.29 22.13 0 7.1 24.72 974.2 972.73 359.65 456.39 4079.895 765.839 1105.042 1411.133 495.911 -9.155 -1.526 2428.894 -12.36 509.796 1139.679 254.364 1434.479 827.942 470.581 779.419 1985.321 1070.404 -5000 11.292 -50.659 4.578 -9.308 9.155 556.183 235.291 1154.175 1755.524 2904.816 -1331.024 965.271 760.803 467.682 551.147 265.503 2542.725 2502.594 2109.985 1732.178 1374.512 1010.132 654.449 38.757 398.56 -5.798 88.348 6.866 -333.557 -679.169 -1018.829 -1362.762 -1703.949 -2042.999 -2382.355 -2707.062 740.814 683.899 446.014 87.891 6.866 -350.189 -708.923 591 790 400 25.91 26.13 -999 4997 2408 1 034
6058563 7531 2026/1/25 16:13:15 P15 73.19 22.12 0 6.91 24.62 974.2 972.73 360.413 456.696 4087.524 770.874 1110.992 1412.659 496.063 -14.343 -22.125 2450.562 -15.106 514.679 1145.02 256.958 1438.293 828.247 479.889 783.234 1993.408 1075.897 -5000 1.678 -53.253 -22.583 -9.46 15.411 559.082 237.427 1159.973 1770.02 2893.677 -1337.891 968.17 771.637 468.597 554.199 264.435 2547.76 2503.204 2113.037 1738.434 1381.531 1018.829 662.231 39.673 412.903 0.305 92.621 8.392 -330.353 -676.27 -1016.083 -1359.558 -1700.439 -2039.795 -2376.251 -2701.416 744.476 685.73 449.371 89.874 7.935 -344.238 -699.921 591 790 400 25.91 26.13 -999 4997 2408 1 034
6058564 7531 2026/1/25 16:13:16 P15 73.17 22.13 0 7.11 24.63 974.19 972.74 360.107 457.153 4082.336 772.4 1116.333 1412.201 496.521 43.335 1.831 2466.736 -14.343 520.63 1148.376 260.468 1442.261 829.163 488.434 783.844 2006.836 1081.848 -5000 10.529 -53.253 5.493 -9.766 22.125 560.303 240.631 1168.518 1775.055 2932.587 -1336.365 974.579 778.351 470.734 556.183 265.656 2546.387 2501.373 2120.361 1747.589 1394.043 1029.968 675.354 38.605 424.194 -0.305 92.468 9.155 -327.911 -671.844 -1010.132 -1353.76 -1693.42 -2032.013 -2368.164 -2695.007 744.629 683.899 449.066 95.825 7.935 -341.644 -696.106 573 780 400 25.93 26.07 -999 4998 2408 1 034
6058565 7531 2026/1/25 16:13:17 P15 73.27 22.03 0 6.99 24.48 974.18 972.74 361.023 457.611 4079.742 777.588 1120.3 1423.34 496.521 -19.531 -5.035 2453.613 -11.597 526.886 1150.36 262.756 1445.618 828.4 497.742 785.217 2017.975 1085.815 -5000 -6.256 -55.847 71.716 -9.918 26.55 566.254 241.547 1176.3 1784.668 2931.824 -1334.076 980.682 785.828 472.26 561.066 265.656 2548.523 2503.51 2115.631 1738.739 1385.193 1022.644 664.673 34.943 435.638 -10.223 91.858 5.951 -327.759 -670.776 -1011.505 -1355.591 -1696.167 -2035.98 -2374.115 -2700.043 747.375 689.087 448.456 95.52 9.918 -341.644 -698.395 575 820 400 25.91 25.85 -999 4998 2408 1 034
6058566 7531 2026/1/25 16:13:18 P15 73.26 22.13 0 7.13 24.44 974.18 972.74 360.413 458.679 4077.911 780.334 1123.81 1427.765 496.368 -64.087 -18.158 2476.807 -13.428 534.668 1150.36 265.961 1449.127 828.247 504.608 787.811 2029.572 1086.273 -5000 6.104 -53.864 22.736 -10.223 34.027 563.66 246.582 1183.624 1793.365 2953.186 -1329.803 985.107 793.457 471.802 561.371 265.503 2541.962 2501.831 2110.901 1736.603 1380.463 1017.303 664.368 32.349 443.726 -22.43 90.332 3.967 -331.116 -676.575 -1016.083 -1360.016 -1699.829 -2039.49 -2376.099 -2700.958 751.801 689.85 447.54 90.332 8.545 -348.511 -704.651 585 830 400 25.89 25.86 -999 4998 2408 1 034
6058567 7531 2026/1/25 16:13:19 P15 73.31 22.13 0 7.11 24.26 974.19 972.75 364.38 460.205 4078.979 785.98 1128.845 1425.629 496.674 -10.681 -17.853 2505.798 -14.038 539.551 1153.564 268.86 1452.026 828.705 513.611 792.236 2036.438 1091.919 -5000 8.85 -54.016 -21.515 -7.324 41.504 568.848 246.124 1191.559 1799.469 2967.682 -1338.348 989.075 797.729 480.194 557.556 264.587 2549.438 2501.831 2117.462 1744.843 1388.245 1026.154 670.471 31.586 460.205 9.003 90.485 8.85 -329.59 -674.591 -1012.573 -1356.659 -1696.777 -2035.522 -2371.216 -2696.533 746.155 690.46 448.303 93.231 5.798 -346.375 -700.684 585 820 400 25.96 25.79 -999 4998 2408 1 034
6058568 7531 2026/1/25 16:13:20 P15 73.24 22.1 0 7.1 24.43 974.2 972.73 363.464 459.9 4078.827 785.217 1133.27 1427.002 497.131 -53.406 -18.921 2486.115 -14.801 544.281 1150.818 270.233 1454.773 829.468 521.393 792.694 2045.135 1095.276 -5000 1.526 -53.101 42.877 -8.24 49.744 568.542 249.634 1195.831 1808.167 2978.516 -1330.261 993.5 804.749 476.99 565.338 265.045 2545.471 2501.831 2117.004 1742.249 1389.465 1026.611 666.504 26.093 469.36 12.665 93.689 5.646 -327.454 -671.997 -1012.115 -1356.812 -1697.54 -2036.591 -2375.336 -2699.738 746.155 693.97 448.608 95.978 9.155 -337.677 -690.765 575 810 400 25.88 25.75 -999 4998 2408 1 034
6058569 7531 2026/1/25 16:13:21 P15 73.24 22.1 0 7.1 24.43 974.19 972.74 361.786 460.663 4069.061 790.253 1134.644 1432.648 497.589 -53.101 -8.85 2535.858 -12.97 549.164 1153.259 273.438 1457.825 829.468 528.564 793.457 2055.206 1097.717 -5000 -9.46 -52.49 30.518 -7.935 57.526 568.848 253.601 1203.461 1817.474 2993.774 -1336.212 997.62 808.563 482.635 566.864 265.198 2544.708 2501.678 2111.053 1735.84 1380.157 1016.541 662.689 28.076 480.347 -3.51 93.384 6.866 -329.285 -675.964 -1016.541 -1360.474 -1701.355 -2040.71 -2378.082 -2702.332 750.122 694.275 448.608 84.229 8.85 -346.985 -703.278 585 795 400 25.92 25.59 -999 4998 2408 1 034
6058570 7531 2026/1/25 16:13:22 P15 73.26 22.15 0 6.96 24.27 974.2 972.72 363.464 461.273 4080.048 794.067 1139.221 1438.904 497.589 -27.771 -8.24 2540.283 -13.58 553.284 1156.769 275.726 1460.266 830.231 535.889 799.255 2055.206 1100.159 -5000 -1.373 -54.474 -7.782 -9.766 64.697 569.763 254.974 1207.886 1823.73 2982.483 -1333.16 1002.045 814.362 480.652 570.831 266.724 2545.929 2502.594 2114.563 1743.927 1391.296 1027.374 671.844 23.499 495.605 -6.714 91.248 10.223 -324.554 -668.03 -1005.707 -1349.182 -1688.69 -2028.656 -2366.943 -2692.871 750.732 695.038 450.592 93.384 7.324 -341.187 -697.784 576 830 400 25.92 25.64 -999 4999 2408 1 034
6058571 7531 2026/1/25 16:13:23 P15 73.23 22.21 0 7.08 24.2 974.18 972.74 363.159 462.799 4070.129 798.645 1142.883 1441.65 498.047 -36.316 -10.376 2552.49 -11.597 557.404 1156.921 277.71 1462.25 830.383 543.06 799.255 2076.874 1104.126 -5000 -8.698 -54.932 -51.117 -9.46 73.547 570.984 255.585 1213.837 1826.019 3004.456 -1329.956 1007.538 819.244 482.483 566.254 265.808 2546.997 2500 2113.495 1739.655 1386.719 1023.56 666.504 19.379 504.761 -3.662 93.079 5.646 -327.454 -671.234 -1010.742 -1355.591 -1695.709 -2034.912 -2372.437 -2698.975 749.817 697.784 449.219 96.436 8.24 -343.933 -699.615 586 845 400 25.92 25.64 -999 4999 2408 1 034
6058572 7531 2026/1/25 16:13:24 P15 73.29 22.17 0 7.21 24.13 974.2 972.74 363.77 462.952 4078.827 801.392 1145.172 1444.855 498.352 48.676 -43.335 2558.746 -11.902 561.066 1158.6 279.694 1464.691 830.536 549.774 803.833 2081.299 1105.347 -5000 -5.493 -52.49 10.223 -8.392 78.735 575.562 256.348 1218.872 1836.548 3006.134 -1338.654 1009.521 823.669 482.635 567.169 265.961 2548.523 2501.221 2113.037 1735.077 1377.563 1010.437 651.398 18.921 516.968 2.441 91.4 6.256 -329.895 -674.591 -1014.862 -1359.558 -1700.745 -2041.321 -2379.15 -2705.994 748.749 697.479 448.608 93.536 7.172 -347.748 -706.177 574 830 400 25.89 25.43 -999 5000 2408 1 034
6058573 7531 2026/1/25 16:13:25 P15 73.29 22.1 0 7.15 24.08 974.18 972.73 363.312 463.562 4079.895 805.817 1148.529 1447.144 498.505 -20.905 -2.899 2557.983 -11.902 565.033 1159.973 280.457 1466.522 830.688 556.641 807.19 2086.029 1104.431 -5000 -6.104 -53.406 29.755 -10.071 86.823 572.51 259.094 1224.518 1841.736 3039.551 -1336.06 1014.404 827.942 486.45 570.679 265.656 2543.488 2501.373 2115.479 1742.401 1388.55 1026.917 671.997 18.158 531.769 -6.409 91.553 10.223 -324.097 -669.556 -1008.911 -1355.591 -1696.167 -2033.234 -2367.554 -2693.481 751.953 699.005 451.05 96.588 8.087 -344.849 -698.242 584 820 400 25.99 25.36 -999 5000 2408 1 034
6058574 7531 2026/1/25 16:13:26 P15 73.29 22.15 0 7.05 24.02 974.2 972.75 362.701 463.715 4073.334 811.768 1151.581 1448.059 499.268 -116.272 -2.899 2568.207 -9.918 569.611 1161.957 283.661 1468.811 831.451 562.286 807.495 2098.083 1110.535 -5000 -8.087 -50.964 11.749 -9.155 93.384 571.442 260.01 1228.18 1844.177 3025.818 -1336.212 1018.066 831.757 485.535 566.559 266.876 2548.981 2502.136 2114.258 1741.943 1386.566 1023.407 666.962 17.7 543.365 -6.256 91.858 9.766 -329.285 -672.76 -1011.81 -1356.659 -1696.625 -2036.133 -2372.742 -2700.043 752.563 699.005 451.202 95.673 4.578 -343.628 -698.09 584 820 400 25.99 25.36 -999 5000 2408 1 034
6058575 7531 2026/1/25 16:13:27 P15 73.22 22.16 0 7.03 23.96 974.21 972.73 366.516 464.783 4068.604 813.141 1153.412 1449.127 498.81 30.212 10.986 2606.964 -10.071 573.12 1157.379 285.187 1469.421 831.757 566.864 808.563 2106.628 1109.772 -5000 -1.373 -51.727 -7.935 -9.155 97.809 573.578 261.993 1234.131 1854.858 3031.311 -1337.891 1020.355 837.25 487.366 578.156 265.503 2546.539 2501.221 2109.528 1734.619 1372.986 1006.165 644.531 16.937 553.284 3.052 93.842 4.272 -331.116 -676.88 -1017.303 -1360.626 -1702.728 -2042.847 -2381.897 -2708.435 750.275 702.057 447.998 93.689 7.782 -350.189 -706.329 575 830 400 25.92 25.16 -999 5000 2408 1 034
6058576 7531 2026/1/25 16:13:28 P15 73.19 22.17 0 6.91 23.98 974.19 972.74 364.38 464.325 4082.031 816.498 1154.938 1446.838 499.115 -120.544 -19.073 2606.659 -9.766 576.019 1159.21 286.713 1470.49 832.825 572.662 814.362 2109.833 1113.129 -5000 3.662 -54.474 37.537 -7.324 106.201 576.477 262.756 1237.183 1860.199 3032.074 -1332.55 1023.407 841.675 490.112 568.848 266.876 2546.082 2502.136 2116.241 1744.232 1389.313 1027.985 671.692 11.444 563.965 4.272 93.842 6.866 -328.979 -673.218 -1010.742 -1354.675 -1695.404 -2033.386 -2370.453 -2695.465 751.953 702.972 451.202 96.741 9.155 -343.628 -696.716 576 840 400 25.92 25.15 -999 5000 2408 1 034
6058577 7531 2026/1/25 16:13:29 P15 73.26 22.08 0 7.01 24 974.18 972.72 364.99 465.393 4077.148 815.887 1157.379 1454.315 500.031 37.384 20.905 2609.1 -9.766 582.275 1157.837 288.391 1472.931 831.451 578.613 814.972 2122.192 1112.671 -5000 -5.798 -54.474 28.992 -9.46 112.457 575.409 264.893 1242.218 1860.504 3054.504 -1331.329 1027.222 844.116 490.417 571.289 265.808 2542.725 2500.458 2115.173 1743.164 1383.972 1020.966 662.384 9.766 573.73 -14.954 93.384 5.646 -328.979 -673.37 -1013.031 -1356.964 -1697.998 -2037.811 -2376.404 -2704.01 750.885 703.125 450.439 97.198 5.188 -345.764 -701.294 583 825 400 25.89 25.02 -999 5000 2408 1 034
6058578 7531 2026/1/25 16:13:30 P15 73.3 22.19 0 7.03 23.92 974.19 972.72 366.364 465.24 4079.59 819.397 1159.21 1455.536 499.573 38.3 -16.632 2607.422 -5.798 582.886 1155.09 289.154 1474.152 832.825 583.038 816.65 2126.465 1116.028 -5000 -7.477 -57.526 -62.714 -9.308 116.425 573.73 261.993 1245.575 1867.676 3048.553 -1331.787 1030.884 847.778 494.385 573.425 266.418 2548.065 2500.61 2109.07 1731.262 1369.324 1002.502 649.414 8.087 589.294 12.97 93.689 7.019 -330.505 -675.507 -1017.609 -1362.305 -1704.254 -2039.032 -2379.761 -2706.909 752.106 704.956 451.66 94.604 6.561 -350.189 -707.703 574 815 400 25.95 24.94 -999 5000 2408 1 034
6058579 7531 2026/1/25 16:13:31 P15 73.26 22.17 0 6.98 23.8 974.17 972.72 364.685 466.309 4077.454 821.838 1160.583 1456.909 499.725 14.191 -24.719 2648.773 -7.477 587.006 1159.821 291.443 1475.525 832.214 587.769 820.007 2134.552 1115.875 -5000 1.678 -58.289 47.913 -9.613 118.713 574.646 267.334 1249.695 1871.796 3064.117 -1332.855 1032.562 849.457 496.979 581.36 265.198 2541.351 2500.458 2112.122 1736.908 1381.836 1017.914 662.842 3.357 600.891 -2.747 91.095 7.935 -332.947 -678.101 -1016.998 -1359.558 -1700.287 -2039.948 -2376.404 -2702.942 753.021 705.872 451.66 94.91 7.324 -349.579 -702.972 584 800 400 25.91 24.95 -999 5000 2408 1 034
6058580 7531 2026/1/25 16:13:32 P15 73.23 22.15 0 7.1 23.82 974.19 972.73 362.854 467.529 4077.148 822.906 1162.72 1457.977 500.641 4.578 -10.681 2619.781 -5.646 590.363 1164.246 290.833 1476.135 831.909 592.957 820.16 2141.418 1117.096 -5000 0.61 -54.626 55.542 -9.766 124.207 577.698 270.996 1253.815 1880.646 3064.27 -1333.313 1035.461 852.966 493.317 577.087 266.418 2542.725 2500.153 2113.647 1737.061 1379.852 1013.184 654.602 -0.763 611.42 1.831 91.095 4.883 -336.151 -680.084 -1019.592 -1364.136 -1705.17 -2044.678 -2384.186 -2708.13 751.953 704.651 450.592 93.994 6.409 -346.375 -702.82 572 815 400 25.92 24.81 -999 5000 2408 1 034
6058581 7531 2026/1/25 16:13:33 P15 73.34 22.15 0 6.89 23.77 974.19 972.73 363.617 467.529 4075.012 827.332 1163.483 1455.688 500.031 -33.264 -2.899 2645.721 -7.019 592.957 1165.924 293.732 1476.593 832.52 597.229 821.381 2138.672 1119.08 -5000 -1.984 -50.049 -23.956 -8.24 127.716 581.512 268.86 1257.019 1883.85 3079.376 -1331.94 1038.208 856.628 493.927 578.156 265.35 2547.76 2501.068 2110.748 1731.11 1372.986 1005.859 649.414 0.61 622.864 6.256 95.825 8.698 -330.2 -676.727 -1016.693 -1362.457 -1703.186 -2043.152 -2382.05 -2707.062 754.089 709.686 453.644 94.147 7.019 -350.189 -707.397 587 825 400 25.87 24.84 -999 5000 2408 1 034
6058582 7531 2026/1/25 16:13:34 P15 73.31 22.15 0 7.1 23.71 974.17 972.73 366.821 466.614 4076.08 827.179 1164.551 1461.792 500.488 -32.654 10.834 2671.051 -7.172 595.551 1160.583 294.495 1478.119 832.825 601.044 824.127 2154.236 1119.69 -5000 0.763 -49.591 -50.507 -9.46 130.92 577.698 271.149 1261.139 1885.071 3084.869 -1331.94 1040.955 860.596 498.657 582.123 266.113 2541.656 2502.441 2113.037 1737.518 1382.904 1020.813 664.673 -4.73 634.613 -8.545 90.942 5.798 -332.489 -676.27 -1014.709 -1359.711 -1699.677 -2037.201 -2375.488 -2699.738 752.258 711.823 449.982 96.283 3.51 -347.9 -703.583 575 810 400 25.96 24.77 -999 4999 2408 1 034
6058583 7531 2026/1/25 16:13:35 P15 73.14 22.17 0 6.96 23.69 974.18 972.73 364.99 467.834 4077.301 830.383 1166.229 1459.503 500.336 -4.73 -21.057 2643.28 -4.73 598.45 1164.246 295.715 1479.645 832.825 606.079 824.738 2160.187 1120.453 -5000 1.221 -50.049 -44.403 -9.46 133.82 578.003 274.2 1262.207 1894.226 3109.589 -1334.229 1042.633 863.495 497.589 574.799 266.724 2542.419 2503.51 2120.972 1749.725 1395.721 1032.257 674.591 -3.967 648.193 -26.855 92.621 6.409 -329.437 -671.997 -1009.979 -1354.218 -1693.878 -2032.013 -2369.69 -2695.465 753.479 711.517 452.576 97.504 10.071 -342.865 -695.953 582 800 400 25.92 24.77 -999 4999 2408 1 034
6058584 7531 2026/1/25 16:13:36 P15 73.19 22.08 0 6.94 23.58 974.19 972.72 367.279 467.682 4078.522 833.588 1168.823 1461.487 500.793 1.221 -24.109 2655.334 -4.578 600.281 1165.009 296.936 1480.255 833.13 609.741 827.942 2163.849 1122.437 -5000 -2.441 -52.032 -0.916 -8.545 135.498 578.918 272.064 1267.242 1895.142 3101.959 -1333.008 1045.99 867.31 496.979 577.545 267.334 2548.218 2503.052 2111.359 1736.145 1378.937 1015.32 660.095 -7.019 654.907 -10.681 94.91 7.477 -330.353 -674.744 -1014.557 -1357.727 -1697.388 -2036.591 -2373.352 -2699.585 752.869 711.823 452.881 97.351 8.087 -346.832 -703.888 582 800 400 25.92 24.77 -999 4999 2408 1 034
6058585 7531 2026/1/25 16:13:37 P15 73.23 22.09 0 6.86 23.68 974.19 972.74 349.121 468.75 4079.437 838.013 1168.976 1461.487 501.099 -55.237 -17.09 2694.092 -6.104 601.501 1165.466 295.563 1480.713 832.672 613.251 829.315 2165.07 1123.047 -5000 0.916 -54.321 -8.087 -10.071 137.329 577.393 273.438 1269.836 1903.534 3106.689 -1330.566 1047.821 868.53 498.505 583.191 266.724 2543.335 2502.899 2116.394 1743.927 1389.923 1027.527 670.624 -7.172 667.114 -11.444 92.773 5.646 -331.879 -675.354 -1012.726 -1356.049 -1694.489 -2033.386 -2369.69 -2694.55 753.174 711.212 451.508 96.283 7.477 -346.069 -700.684 573 795 400 25.91 24.7 -999 4998 2408 1 034
6058586 7531 2026/1/25 16:13:38 P15 73.19 22.2 0 6.99 23.51 974.19 972.71 363.922 468.903 4074.097 838.013 1170.044 1461.792 501.404 63.477 -9.918 2704.926 -4.272 605.469 1165.466 298.157 1481.476 832.825 616.455 828.247 2177.124 1124.573 -5000 -2.289 -50.049 12.36 -8.698 137.177 578.156 275.421 1272.278 1907.043 3122.711 -1334.229 1051.331 872.65 502.167 579.376 266.876 2546.234 2501.373 2115.021 1740.57 1385.04 1021.729 663.147 -5.493 677.49 -14.801 93.384 8.24 -329.132 -672.455 -1007.233 -1359.1 -1700.134 -2039.948 -2378.235 -2703.094 754.547 714.264 454.712 98.572 5.951 -344.238 -699.463 576 805 400 25.89 24.62 -999 4998 2408 1 034
6058587 7531 2026/1/25 16:13:39 P15 73.26 22.19 0 6.93 23.54 974.2 972.72 366.821 468.903 4084.015 840.759 1171.57 1461.182 501.862 -74.158 -19.989 2706.909 -3.052 607.3 1165.466 299.225 1482.239 833.74 620.117 831.909 2181.854 1126.404 -5000 -9.46 -48.981 7.172 -9.155 137.787 582.123 277.557 1274.872 1899.719 3129.425 -1332.855 1051.331 875.244 498.352 581.665 266.724 2546.997 2500.61 2113.647 1740.417 1382.904 1021.118 664.825 -10.834 687.256 -5.341 92.773 4.425 -328.979 -675.964 -1016.083 -1359.863 -1700.745 -2038.879 -2376.099 -2700.195 753.326 714.722 451.202 96.436 8.698 -347.9 -703.125 582 790 400 25.92 24.56 -999 4998 2408 1 034
6058588 7531 2026/1/25 16:13:40 P15 73.22 22.16 0 6.96 23.52 974.19 972.73 369.263 469.208 4081.116 843.048 1172.791 1463.013 502.014 19.684 -15.411 2703.247 -5.951 607.452 1161.041 300.751 1482.086 833.13 624.084 834.656 2185.974 1124.725 -5000 -8.392 -50.201 51.27 -7.935 138.092 578.613 275.879 1277.924 1903.381 3127.289 -1334.076 1054.23 876.007 503.54 587.616 265.045 2546.082 2500.916 2118.683 1745.911 1390.533 1025.543 669.556 -13.275 700.836 10.376 91.4 5.798 -329.742 -673.828 -1011.963 -1355.743 -1695.099 -2034.76 -2371.216 -2697.449 752.869 713.806 452.423 97.656 4.578 -343.933 -698.853 583 780 400 25.88 24.55 -999 4998 2408 1 034
6058589 7531 2026/1/25 16:13:41 P15 73.2 22.13 0 6.96 23.49 974.13 972.74 365.906 469.36 4080.811 844.879 1172.485 1461.792 502.167 23.499 -9.766 2720.49 -4.425 609.436 1167.45 299.835 1483.765 834.351 626.526 834.808 2192.078 1125.946 -5000 -9.766 -50.507 22.43 -8.698 139.771 581.818 276.337 1280.06 1917.114 3143.768 -1333.466 1055.603 878.143 503.54 585.938 267.334 2548.218 2501.526 2112.427 1735.84 1378.784 1012.268 655.06 -12.665 708.313 20.447 95.825 11.749 -327.911 -672.913 -1014.862 -1358.337 -1700.134 -2038.879 -2376.709 -2703.857 753.021 720.673 455.475 100.403 8.698 -345.154 -701.447 573 770 400 25.91 24.48 -999 4998 2408 1 034
6058590 7531 2026/1/25 16:13:42 P15 73.17 22.15 0 6.96 23.54 974.17 972.71 365.753 469.513 4073.029 846.71 1172.943 1462.402 503.235 -94.452 -7.172 2721.558 -3.357 612.03 1166.382 301.666 1483.765 833.893 629.883 834.961 2195.587 1126.099 -5000 0.61 -48.523 82.703 -8.85 139.923 579.224 277.71 1282.654 1913.3 3159.485 -1333.008 1058.807 879.669 499.268 587.158 267.029 2550.354 2502.441 2114.105 1740.723 1385.498 1023.254 666.504 -13.58 721.588 3.967 92.163 7.324 -332.794 -677.49 -1015.472 -1359.253 -1699.066 -2037.811 -2373.505 -2699.432 753.021 717.316 452.728 97.961 4.578 -345.764 -706.177 582 755 400 25.93 24.48 -999 4998 2408 1 034
6058591 7531 2026/1/25 16:13:43 P15 73.13 22.09 0 6.82 23.3 974.19 972.74 365.753 469.971 4078.979 847.168 1174.316 1464.081 503.387 20.599 -23.651 2734.985 -3.51 612.64 1163.33 303.345 1483.612 833.588 633.698 838.013 2198.792 1127.472 -5000 -9.918 -46.539 -5.341 -9.46 138.702 580.139 276.489 1285.553 1924.744 3156.128 -1333.771 1059.57 881.348 499.115 587.769 266.724 2548.676 2501.984 2115.784 1738.586 1386.261 1022.644 664.215 -16.327 735.168 8.545 92.926 9.155 -329.895 -672.607 -1013.641 -1356.812 -1696.625 -2036.743 -2375.031 -2701.111 753.784 720.062 454.254 97.351 7.324 -343.018 -698.547 571 770 400 25.92 24.41 -999 4998 2408 1 034
6058592 7531 2026/1/25 16:13:44 P15 73.11 22.19 0 6.87 23.4 974.18 972.74 364.685 470.123 4079.59 849.915 1174.164 1467.133 502.472 -50.507 -6.256 2745.361 -5.188 615.387 1165.009 303.04 1481.934 832.977 635.986 839.539 2203.217 1126.251 -5000 -5.035 -47.607 -52.49 -9.766 138.55 580.292 280.304 1287.689 1926.422 3184.204 -1331.329 1061.554 882.111 500.946 592.957 266.571 2544.25 2501.068 2112.732 1729.889 1373.444 1007.69 650.33 -18.768 741.272 5.951 91.248 7.629 -330.2 -675.964 -1015.015 -1360.779 -1701.965 -2041.779 -2379.761 -2707.062 752.869 721.588 453.339 96.588 5.188 -350.952 -707.397 581 755 400 25.93 24.24 -999 4998 2408 1 034
6058593 7531 2026/1/25 16:13:45 P15 73.11 22.19 0 6.87 23.4 974.18 972.72 369.873 470.428 4074.707 850.067 1175.385 1463.165 502.777 74.921 -18.311 2762.756 -4.73 616.302 1165.619 304.565 1483.612 832.672 639.038 839.233 2204.59 1127.014 -5000 -1.373 -49.896 -53.101 -8.698 139.16 582.275 279.388 1290.283 1929.474 3175.507 -1331.94 1062.775 883.942 503.998 592.346 266.418 2549.286 2501.831 2111.969 1734.619 1378.784 1014.252 658.417 -20.294 753.021 -10.223 92.163 12.36 -330.963 -676.575 -1016.998 -1362 -1702.881 -2042.999 -2379.456 -2705.078 752.563 723.419 453.339 96.13 6.409 -348.358 -706.635 581 740 400 25.92 24.35 4988 4998 2408 1 034
6058594 7531 2026/1/25 16:13:46 P15 73.22 22.05 0 6.86 23.41 974.16 972.7 367.279 469.971 4073.334 851.135 1174.316 1458.282 503.082 12.97 -7.019 2758.789 -2.899 618.439 1163.94 305.023 1484.985 831.757 641.327 839.996 2217.255 1130.066 -5000 -3.51 -51.727 -10.986 -9.766 136.871 577.545 281.067 1292.267 1936.035 3166.504 -1333.771 1065.369 887.909 508.118 590.668 266.724 2546.539 2500.61 2114.41 1739.502 1381.226 1017.151 660.4 -16.937 762.329 -1.984 96.13 9.46 -328.827 -673.37 -1013.794 -1356.812 -1698.151 -2037.506 -2374.573 -2703.094 754.395 726.166 455.627 101.166 8.392 -344.849 -700.531 582 735 400 25.95 24.27 4994 4998 2408 1 034
6058595 7531 2026/1/25 16:13:47 P15 73.23 22.19 0 6.84 23.44 974.18 972.72 367.889 470.886 4082.184 853.119 1176.3 1467.438 503.082 14.496 -6.256 2779.083 -5.798 618.744 1161.804 305.939 1483.765 833.282 643.311 842.59 2217.865 1128.387 -5000 -7.782 -50.049 63.629 -9.155 134.43 578.003 282.898 1294.403 1932.373 3171.082 -1332.245 1065.369 888.214 506.287 593.567 266.418 2545.776 2502.747 2107.544 1729.584 1371.155 1006.165 649.261 -25.482 770.721 9.003 97.656 5.035 -330.048 -677.338 -1018.829 -1363.525 -1705.627 -2044.678 -2385.864 -2711.487 752.716 724.335 452.576 94.299 7.172 -349.121 -707.55 582 735 400 25.95 24.27 4994 4998 2408 1 034
6058596 7531 2026/1/25 16:13:48 P15 73.1 22.05 0 6.86 23.26 974.19 972.75 366.516 471.191 4073.334 856.018 1175.537 1464.996 503.54 -48.676 -13.733 2788.696 -2.136 621.796 1163.33 307.007 1485.291 833.74 646.057 842.59 2223.969 1128.693 -5000 -6.561 -50.964 41.962 -9.155 133.362 576.63 282.44 1296.387 1941.071 3189.24 -1335.449 1068.573 887.299 512.39 596.161 268.707 2546.082 2501.373 2111.664 1736.145 1379.395 1016.388 662.079 -23.041 783.844 5.493 93.842 10.376 -330.811 -675.507 -1019.44 -1360.016 -1700.745 -2039.795 -2378.082 -2702.332 756.378 727.386 455.017 108.49 6.561 -345.306 -702.057 574 735 400 25.92 24.06 4997 4999 2408 1 034
6058597 7531 2026/1/25 16:13:49 P15 73.13 22.15 0 6.97 23.31 974.16 972.73 367.279 471.344 4075.47 855.103 1176.3 1463.165 503.54 -45.013 -8.85 2818.756 -4.578 622.559 1162.262 307.77 1484.833 832.672 648.651 844.421 2222.29 1129.303 -5000 -7.172 -49.896 -17.853 -8.85 135.193 579.529 282.44 1299.133 1940.918 3216.248 -1333.466 1068.878 891.418 508.728 599.06 267.181 2548.523 2501.068 2113.342 1737.823 1377.258 1010.437 654.907 -27.313 791.779 4.73 93.842 8.698 -329.742 -676.27 -1016.998 -1362.457 -1703.796 -2043.915 -2381.134 -2708.893 752.258 729.218 455.322 96.13 6.256 -348.816 -705.414 581 725 400 25.89 24.2 4998 4999 2408 1 034
6058598 7531 2026/1/25 16:13:50 P15 73.22 22.19 0 6.94 23.26 974.17 972.72 365.753 470.886 4082.336 855.408 1177.521 1464.539 504.456 -23.041 3.967 2770.691 -5.341 623.016 1161.194 308.838 1485.901 832.977 650.94 847.168 2231.903 1130.219 -5000 -7.935 -47.913 -18.616 -8.545 131.531 577.85 283.813 1299.896 1940.155 3197.174 -1334.076 1070.404 892.029 511.475 599.213 266.876 2545.624 2499.847 2109.833 1730.499 1372.681 1008.148 651.855 -31.281 802.155 14.191 93.231 5.646 -332.642 -679.169 -1019.135 -1364.441 -1705.933 -2045.898 -2385.406 -2709.808 752.411 727.692 452.271 94.147 7.324 -350.037 -709.076 588 720 400 25.93 24.09 4998 4999 2408 1 034
6058599 7531 2026/1/25 16:13:51 P15 73.09 22.06 0 6.77 23.19 974.15 972.71 367.279 471.191 4069.366 858.917 1178.284 1460.571 504.303 19.989 -11.902 2772.675 -4.578 624.695 1160.736 308.38 1484.833 832.672 653.076 848.236 2235.413 1128.693 -5000 -10.986 -47.913 -0.153 -7.782 133.514 579.224 282.745 1302.338 1948.7 3206.94 -1334.381 1072.235 893.402 516.357 598.602 267.181 2548.065 2501.526 2113.19 1737.976 1381.989 1019.897 664.215 -26.55 816.04 13.58 96.436 11.139 -328.979 -673.218 -1013.641 -1356.201 -1696.472 -2035.828 -2372.742 -2698.059 758.057 730.743 457.458 98.267 7.019 -346.222 -702.515 573 710 400 25.93 24.02 4998 4999 2408 1 034
6058600 7531 2026/1/25 16:13:52 P15 73.11 22.15 0 6.86 23.15 974.16 972.71 367.279 471.649 4079.437 858.765 1177.216 1464.539 504.608 27.771 39.978 2796.021 -5.951 625.916 1160.431 309.143 1484.985 831.909 655.212 848.083 2237.701 1128.235 -5000 -1.221 -46.539 -32.806 -8.698 128.479 578.918 285.339 1303.711 1945.953 3208.313 -1333.16 1075.745 894.318 515.747 599.823 267.181 2543.793 2502.441 2116.699 1744.995 1389.771 1028.442 668.488 -30.823 821.228 -17.242 92.01 5.493 -329.132 -671.997 -1011.658 -1355.133 -1694.641 -2033.386 -2371.826 -2695.77 750.275 732.727 453.491 101.013 3.662 -344.086 -697.479 581 700 400 25.88 24.08 4998 4998 2408 1 034
6058601 7531 2026/1/25 16:13:53 P15 73.07 22.09 0 6.68 23.13 974.16 972.73 366.058 471.954 4074.402 860.596 1177.063 1463.165 504.303 -18.921 12.665 2801.208 -4.883 626.373 1163.788 310.364 1485.748 832.367 657.654 847.931 2237.854 1129.303 -5000 -9.308 -48.37 39.673 -6.866 132.294 581.207 284.271 1306 1953.125 3231.812 -1333.771 1073.151 896.149 516.357 594.788 267.029 2549.286 2501.526 2111.511 1737.061 1376.953 1014.404 658.112 -27.618 836.029 -5.951 93.536 7.782 -334.32 -679.016 -1019.745 -1362 -1703.491 -2042.999 -2379.456 -2705.231 753.021 730.133 453.186 96.893 4.73 -348.511 -705.109 572 710 400 25.88 24.01 4998 4998 2408 1 034
6058602 7531 2026/1/25 16:13:54 P15 73.13 22.13 0 6.92 23.3 974.17 972.71 365.143 471.344 4084.778 861.664 1178.284 1462.708 504.456 -47.455 -12.207 2805.176 -3.815 626.526 1163.788 310.669 1485.138 832.52 660.248 849.915 2247.314 1130.524 -5000 -9.003 -48.065 61.188 -8.392 128.174 581.818 287.018 1307.22 1951.752 3231.201 -1334.686 1074.982 898.132 512.39 595.856 267.029 2546.844 2501.984 2113.647 1739.807 1385.193 1022.186 666.809 -33.722 840.759 13.885 95.978 5.341 -328.827 -675.507 -1014.404 -1358.643 -1699.371 -2037.811 -2373.81 -2699.127 753.784 734.253 453.339 98.877 7.172 -344.849 -700.378 582 705 400 25.92 24.01 4998 4998 2408 1 034
6058603 7531 2026/1/25 16:13:55 P15 73.09 22.06 0 6.79 23.05 974.18 972.73 366.821 470.428 4081.421 861.969 1177.216 1465.607 505.066 83.008 9.155 2830.048 -5.646 627.747 1162.567 310.822 1485.748 832.367 661.011 850.83 2245.331 1128.693 -5000 -9.155 -47.455 59.662 -9.766 126.648 578.156 285.645 1308.594 1958.923 3211.67 -1334.686 1077.271 898.895 514.374 602.264 266.876 2545.929 2502.594 2117.157 1743.774 1388.245 1027.069 669.556 -30.975 853.271 -2.289 91.705 7.629 -330.658 -674.286 -1011.658 -1355.591 -1693.268 -2034.302 -2370.605 -2698.364 751.801 733.795 453.491 100.25 5.493 -343.17 -696.259 574 695 400 25.91 23.9 4998 4998 2408 1 034
6058604 7531 2026/1/25 16:13:56 P15 73.19 22.15 0 6.86 23.12 974.16 972.72 365.448 471.802 4077.759 863.19 1176.91 1464.844 504.913 -25.635 -14.038 2854.309 -4.272 628.204 1162.109 310.974 1485.596 832.062 663.757 852.051 2254.333 1128.082 -5000 -10.986 -49.133 -14.496 -9.613 127.716 576.782 286.865 1311.646 1963.501 3228.76 -1335.449 1078.339 900.421 517.12 607.758 267.639 2543.793 2501.831 2114.258 1735.382 1380.31 1017.456 661.011 -33.112 861.664 4.73 96.741 7.019 -327.911 -673.676 -1013.794 -1358.948 -1698.914 -2038.422 -2376.251 -2701.263 755.31 738.678 454.559 100.555 10.223 -372.772 -718.384 581 690 400 25.91 23.82 4998 4998 2408 1 034
6058605 7531 2026/1/25 16:13:57 P15 73.2 22.12 0 6.79 23.06 974.16 972.72 365.295 471.802 4073.029 864.868 1176.605 1456.451 505.219 -38.605 -7.782 2847.29 -4.578 629.425 1160.583 312.195 1484.985 830.078 665.588 853.424 2256.622 1129.608 -5000 -4.272 -48.828 16.479 -8.85 127.869 576.935 286.56 1312.866 1963.959 3255.768 -1333.16 1078.796 901.031 514.679 603.18 267.639 2543.793 2500.763 2115.784 1740.112 1387.024 1024.017 667.114 -35.706 872.65 1.221 92.926 5.341 -332.947 -677.643 -1015.778 -1358.643 -1698.151 -2036.896 -2373.352 -2698.517 750.122 736.084 454.254 98.114 7.629 -345.306 -700.378 581 690 400 25.91 23.82 4998 4998 2408 1 034
6058606 7531 2026/1/25 16:13:58 P15 73.09 22.15 0 6.79 23 974.16 972.73 366.058 471.802 4071.96 865.784 1178.284 1462.708 505.676 -157.776 -44.403 2855.988 -3.052 629.883 1160.278 312.5 1485.901 831.451 666.962 852.814 2260.59 1131.134 -5000 -14.801 -49.744 36.469 -9.613 125.275 577.24 286.713 1314.392 1965.179 3258.514 -1334.381 1081.085 899.811 518.799 602.264 266.876 2547.302 2501.678 2115.021 1741.486 1386.871 1025.391 667.725 -38.757 878.906 -2.594 94.604 4.73 -328.369 -673.981 -1011.81 -1355.133 -1695.557 -2034.149 -2371.826 -2697.601 750.732 738.831 451.355 100.25 6.561 -341.644 -697.479 564 655 400 25.96 23.83 4998 4998 2408 1 034
6058607 7531 2026/1/25 16:13:59 P15 73.2 22.15 0 6.97 22.98 974.17 972.73 362.549 472.565 4081.116 866.852 1176.91 1465.149 504.913 -25.177 -15.869 2834.015 -6.256 633.087 1160.431 312.653 1484.68 830.994 668.335 854.187 2262.115 1128.082 -5000 -17.548 -51.88 -9.155 -9.766 122.528 577.24 288.239 1314.24 1964.722 3258.057 -1341.095 1082.153 902.252 521.24 608.673 267.639 2544.25 2502.899 2112.274 1736.145 1380.005 1012.726 655.06 -38.3 890.045 3.967 93.842 6.256 -329.437 -670.471 -1014.099 -1359.253 -1702.118 -2042.389 -2381.439 -2705.994 752.869 737.457 452.271 98.877 7.935 -345.154 -700.378 573 650 400 25.95 23.87 4998 4998 2408 1 034
6058608 7531 2026/1/25 16:14:00 P15 73.07 22.06 0 6.93 23.04 974.17 972.74 365.143 472.107 4073.486 869.141 1177.063 1459.198 505.981 -13.428 -23.193 2835.846 -4.578 632.324 1159.21 313.416 1485.138 830.841 670.319 856.934 2267.303 1128.693 -5000 -7.629 -50.049 -7.629 -8.087 125.122 574.951 287.476 1317.596 1970.52 3251.953 -1332.397 1081.543 904.846 523.529 601.807 268.097 2544.098 2501.831 2114.258 1743.011 1386.414 1025.543 670.624 -36.469 897.217 -16.479 93.536 5.493 -331.879 -675.354 -1013.641 -1356.964 -1697.235 -2035.37 -2370.3 -2696.533 751.038 739.441 455.17 98.572 9.155 -345.459 -701.141 582 645 400 25.91 23.66 4998 4998 2408 1 034
6058609 7531 2026/1/25 16:14:01 P15 73.17 22.09 0 6.86 22.95 974.13 972.7 361.786 473.022 4080.811 871.582 1178.894 1462.555 505.981 49.591 -14.343 2831.726 -5.646 633.545 1163.177 311.737 1485.291 830.994 672.302 856.934 2263.794 1127.93 -5000 -8.087 -50.507 81.787 -7.629 124.512 579.071 288.239 1318.665 1974.792 3258.057 -1335.449 1083.527 905.304 519.562 603.79 267.639 2548.37 2502.899 2113.953 1741.638 1386.566 1023.56 665.131 -41.046 910.95 1.373 94.604 8.698 -325.623 -670.166 -1009.979 -1354.37 -1694.336 -2032.776 -2368.622 -2697.144 753.784 741.119 457.458 102.844 7.172 -341.187 -694.885 569 635 400 25.93 23.71 4998 4998 2408 1 034
6058610 7531 2026/1/25 16:14:02 P15 73.09 22.12 0 6.72 22.82 974.16 972.7 364.075 473.022 4076.385 870.667 1176.91 1463.013 506.134 -21.057 -54.932 2867.584 -4.883 633.545 1161.346 313.721 1486.511 830.536 673.218 856.628 2273.56 1128.387 -5000 -5.493 -48.065 45.319 -8.24 121.002 575.714 287.781 1320.343 1974.792 3259.125 -1333.466 1085.663 905.304 519.714 610.352 267.639 2543.793 2502.441 2113.647 1734.009 1377.106 1012.268 653.687 -43.182 916.901 7.019 92.773 8.24 -331.268 -676.422 -1016.846 -1362.152 -1703.339 -2042.999 -2381.592 -2707.062 751.801 740.967 455.017 98.877 6.714 -348.511 -705.261 581 585 400 25.92 23.62 4998 4998 2408 1 034
6058611 7531 2026/1/25 16:14:03 P15 73.22 22.2 0 6.79 22.78 974.19 972.73 363.617 473.022 4072.723 871.277 1176.758 1461.639 505.829 -28.687 -10.223 2864.838 -2.899 634.308 1161.652 314.026 1484.528 830.231 675.201 858.154 2273.865 1129.608 -5000 4.272 -45.471 -8.087 -9.308 120.239 576.782 287.933 1322.632 1976.166 3260.498 -1335.907 1085.815 904.236 521.545 603.638 267.334 2549.133 2500.916 2115.631 1744.537 1389.618 1026.917 671.234 -43.488 927.582 -3.815 91.705 6.409 -332.336 -675.659 -1014.862 -1358.032 -1697.54 -2036.133 -2372.437 -2697.754 749.969 742.34 455.78 99.792 7.324 -345.001 -699.921 581 600 400 25.91 23.69 4998 4998 2408 1 034
6058612 7531 2026/1/25 16:14:04 P15 73.13 22.1 0 6.75 22.78 974.12 972.72 361.176 473.175 4079.437 870.819 1177.979 1462.402 506.134 31.433 -11.292 2877.045 -6.409 635.681 1158.447 313.263 1483.917 829.62 678.253 859.375 2275.848 1127.625 -5000 6.561 -46.997 5.798 -10.071 117.645 576.782 289.612 1324.005 1973.267 3275.757 -1335.907 1086.273 905.457 521.24 610.962 268.25 2543.64 2500.763 2114.41 1741.638 1387.177 1023.865 667.267 -41.962 935.211 2.136 95.062 9.155 -331.421 -676.117 -1014.862 -1358.49 -1698.608 -2037.354 -2375.488 -2700.806 751.801 750.275 456.848 100.098 6.561 -344.391 -698.547 581 595 400 25.88 23.55 4998 4998 2408 1 034
6058613 7531 2026/1/25 16:14:05 P15 72.93 22.12 0 6.8 22.95 974.16 972.7 364.38 473.175 4076.385 872.955 1176.147 1462.25 506.439 35.4 -16.022 2889.404 -4.73 634.46 1158.6 314.178 1484.528 829.315 678.711 859.833 2274.475 1127.777 -5000 -1.526 -47.76 25.33 -9.308 119.019 575.867 291.443 1324.31 1979.98 3277.588 -1333.313 1087.646 906.982 521.24 610.199 267.639 2543.945 2501.831 2111.206 1734.314 1375.122 1009.521 652.008 -44.708 943.146 -22.888 92.01 6.866 -331.573 -676.727 -1017.914 -1362.915 -1704.407 -2044.983 -2383.881 -2709.198 750.885 744.781 455.933 96.893 6.714 -350.952 -707.703 570 590 400 25.92 23.55 4998 4998 2408 1 034
6058614 7531 2026/1/25 16:14:06 P15 73.1 22.13 0 6.67 22.67 974.16 972.72 364.075 472.565 4075.928 874.176 1176.91 1458.74 506.287 1.068 -15.717 2886.963 -5.951 637.207 1161.652 319.519 1484.528 829.62 679.626 859.528 2281.342 1129.608 -5000 -4.272 -47.76 -46.844 -8.087 118.256 578.461 289.154 1326.141 1974.945 3267.822 -1335.144 1088.867 909.119 526.123 606.232 267.487 2548.065 2501.221 2113.342 1735.229 1381.226 1014.709 659.485 -45.776 952.911 8.392 94.299 8.087 -331.726 -676.727 -1016.693 -1360.474 -1703.339 -2043.152 -2379.761 -2704.926 752.563 746.155 456.543 99.182 7.782 -348.816 -707.092 581 590 400 25.88 23.44 4998 4998 2408 1 034
6058615 7531 2026/1/25 16:14:07 P15 73.04 22.19 0 6.84 22.89 974.13 972.75 363.617 472.412 4081.421 877.991 1176.758 1460.876 507.05 -53.101 -5.188 2893.066 -5.798 635.986 1156.921 313.568 1483.917 830.383 681.152 861.664 2283.325 1128.693 -5000 5.493 -48.37 -2.441 -8.24 115.356 577.087 289.917 1327.057 1981.201 3294.83 -1336.975 1088.104 910.95 524.292 606.689 267.029 2545.319 2503.052 2113.647 1741.333 1383.667 1019.135 661.011 -45.929 961.304 15.106 95.367 8.24 -328.522 -673.37 -1013.794 -1357.727 -1699.829 -2038.879 -2379.456 -2705.994 753.326 749.054 458.069 100.098 8.698 -346.985 -700.989 561 550 400 25.91 23.43 4998 4998 2408 1 034
6058616 7531 2026/1/25 16:14:08 P15 73.06 22.19 0 6.69 22.79 974.15 972.72 364.075 471.191 4071.96 877.533 1176.758 1464.081 506.744 21.515 -13.123 2939.453 -4.578 638.275 1159.058 315.857 1484.528 830.231 682.983 860.901 2290.344 1128.693 -5000 1.831 -50.964 14.954 -9.46 116.425 574.493 290.527 1328.583 1985.931 3312.683 -1335.449 1090.698 910.95 524.75 609.894 267.792 2546.234 2500.458 2106.018 1728.058 1368.713 1002.045 646.973 -48.065 966.492 30.518 92.926 5.188 -332.184 -679.474 -1020.508 -1367.493 -1708.527 -2047.577 -2387.085 -2710.266 751.038 748.138 453.033 94.91 8.392 -350.189 -708.771 561 550 400 25.91 23.43 4998 4998 2408 1 034
6058617 7531 2026/1/25 16:14:09 P15 73.11 22.1 0 6.67 22.71 974.17 972.73 361.023 473.022 4079.59 878.601 1177.979 1460.571 507.202 -110.016 -7.629 2925.72 -6.714 638.58 1156.616 315.399 1484.07 829.163 683.746 861.206 2292.633 1125.641 -5000 -0.763 -48.981 29.907 -9.766 112.915 575.562 290.833 1329.803 1976.776 3286.438 -1338.196 1090.24 911.865 521.698 607.147 267.792 2543.793 2502.747 2114.563 1736.908 1382.599 1019.592 663.3 -47.455 978.699 7.477 95.215 10.529 -328.369 -675.354 -1014.404 -1359.558 -1700.439 -2038.422 -2375.946 -2700.958 752.411 746.46 458.374 100.25 4.272 -346.375 -701.752 582 560 400 25.89 23.41 4998 4998 2408 1 034
6058618 7531 2026/1/25 16:14:10 P15 73.11 22.1 0 6.67 22.71 974.18 972.73 360.87 472.717 4069.519 880.28 1177.216 1454.773 507.355 -148.163 -22.583 2917.175 -6.256 637.817 1155.09 316.315 1483.917 828.552 685.577 861.816 2296.143 1128.845 -5000 -2.441 -48.828 62.561 -8.087 116.882 574.951 290.222 1330.872 1987.762 3324.89 -1339.417 1090.851 910.95 530.548 606.232 267.487 2547.15 2501.984 2117.462 1742.706 1388.397 1026.917 669.25 -50.812 982.056 -10.071 93.079 5.493 -329.437 -674.133 -1012.268 -1357.422 -1696.93 -2035.217 -2372.437 -2696.075 749.512 753.784 453.949 99.945 6.561 -345.306 -699.463 581 560 400 25.89 23.34 4998 4998 2408 1 034
6058619 7531 2026/1/25 16:14:11 P15 73.13 22.13 0 6.92 22.78 974.14 972.7 361.786 473.328 4085.083 880.585 1175.69 1457.977 507.507 -5.341 9.155 2914.734 -6.866 637.512 1158.142 316.162 1484.07 828.247 686.035 864.105 2295.837 1128.845 -5000 -3.052 -47.607 44.708 -7.935 111.694 578.308 292.358 1332.703 1991.425 3302.765 -1334.534 1091.003 912.781 526.276 611.42 268.097 2547.607 2501.526 2108.917 1732.788 1372.986 1006.47 652.161 -49.286 994.11 -8.24 94.147 7.629 -332.794 -678.101 -1018.219 -1362.152 -1701.66 -2042.542 -2382.05 -2707.214 750.275 751.648 455.17 97.351 10.071 -349.121 -706.024 581 560 400 25.91 23.46 4998 4998 2408 1 034
6058620 7531 2026/1/25 16:14:12 P15 73.07 22.1 0 6.77 22.77 974.16 972.71 362.854 472.717 4069.977 877.228 1176.453 1454.62 507.507 -136.566 -11.444 2929.23 -5.951 639.648 1153.564 316.467 1483.459 828.552 687.714 862.579 2290.649 1127.777 -5000 -1.221 -46.844 54.169 -8.698 113.983 575.256 293.274 1333.771 1993.256 3297.119 -1341.095 1092.224 913.239 531.158 608.673 268.555 2548.065 2502.289 2115.326 1738.892 1381.531 1019.135 665.894 -52.032 1002.808 0.305 95.215 3.51 -332.184 -676.727 -1016.388 -1360.168 -1700.745 -2038.269 -2375.641 -2699.89 749.969 752.563 455.017 101.471 8.545 -346.527 -702.515 572 525 400 25.92 23.31 4998 4998 2408 1 034
6058621 7531 2026/1/25 16:14:13 P15 73.11 22.09 0 6.96 22.66 974.14 972.71 361.023 473.48 4076.843 879.059 1175.079 1459.808 507.812 50.659 -18.463 2934.723 -5.951 640.259 1157.99 316.467 1483.612 827.789 689.392 864.258 2303.467 1127.167 -5000 -0.458 -48.676 72.327 -10.529 112 576.324 293.274 1335.144 1992.34 3318.939 -1336.67 1092.834 913.544 532.227 615.845 268.25 2542.877 2501.068 2117.92 1745.453 1391.144 1029.053 671.082 -46.997 1005.554 -10.681 92.621 10.834 -329.59 -673.218 -1010.895 -1356.812 -1696.777 -2034.607 -2372.742 -2697.754 749.359 749.512 455.627 101.318 7.477 -343.17 -697.479 582 525 400 25.88 23.27 4998 4998 2408 1 034
6058622 7531 2026/1/25 16:14:14 P15 73.09 22.2 0 6.87 22.7 974.14 972.69 361.938 473.48 4076.843 879.517 1175.079 1459.961 507.965 41.962 -6.104 2944.489 -6.409 639.191 1155.548 317.383 1483.002 827.637 689.697 865.479 2305.145 1125.641 -5000 -0.458 -51.422 57.831 -9.46 114.746 575.256 291.901 1336.212 1992.035 3331.299 -1336.212 1093.75 914.154 530.701 612.03 268.86 2541.046 2500.458 2111.816 1738.586 1380.92 1016.388 659.027 -48.828 1018.524 7.019 93.689 8.698 -330.505 -677.338 -1016.083 -1360.474 -1701.508 -2039.795 -2376.251 -2701.874 752.411 756.531 457.611 101.013 6.409 -346.985 -703.125 571 540 400 25.89 23.26 4998 4998 2408 1 034
6058623 7531 2026/1/25 16:14:15 P15 73.1 22.16 0 6.63 22.57 974.17 972.72 361.023 473.175 4074.097 881.348 1175.385 1456.299 510.864 60.425 -6.866 2943.726 -5.798 641.174 1159.058 316.925 1482.849 828.4 692.596 865.479 2305.45 1127.777 -5000 -2.594 -52.49 15.106 -9.308 112.915 573.425 292.206 1337.28 1997.07 3327.179 -1335.297 1094.971 916.595 533.905 611.572 267.792 2549.286 2502.594 2115.173 1739.96 1385.345 1022.186 666.504 -50.201 1020.813 7.935 93.994 8.392 -329.59 -674.438 -1012.573 -1356.659 -1695.709 -2035.217 -2371.979 -2696.533 750.275 756.836 456.085 99.182 6.866 -346.069 -701.447 583 545 400 25.92 23.12 4998 4998 2408 1 034
6058624 7531 2026/1/25 16:14:16 P15 73.14 22.1 0 6.72 22.53 974.15 972.7 360.718 472.717 4077.454 884.094 1175.69 1459.503 508.575 -150.452 -14.801 2934.57 -5.646 640.411 1157.227 317.688 1481.323 826.874 691.833 866.089 2309.875 1125.793 -5000 -11.292 -49.133 58.594 -9.613 108.643 575.562 293.884 1338.501 1998.444 3334.503 -1335.907 1096.344 915.833 533.905 612.488 268.25 2543.335 2501.831 2115.936 1742.096 1388.397 1024.17 669.098 -47.607 1032.715 4.272 94.757 6.714 -328.979 -671.997 -1011.81 -1356.354 -1695.251 -2035.675 -2373.047 -2698.364 748.901 756.989 455.627 101.929 10.834 -342.56 -696.716 571 545 400 25.93 23.09 4998 4998 2408 1 034
6058625 7531 2026/1/25 16:14:17 P15 73.14 22.2 0 6.69 22.71 974.15 972.71 359.039 473.633 4073.486 885.315 1175.69 1458.13 508.881 -71.716 6.714 2944.489 -3.662 641.022 1157.99 317.688 1482.849 827.026 694.122 866.852 2309.57 1127.167 -5000 -5.188 -45.929 -31.586 -9.003 110.016 573.425 292.969 1340.027 1999.969 3330.383 -1335.449 1097.26 916.29 533.6 614.777 268.555 2550.659 2502.747 2113.037 1735.992 1375.885 1009.979 652.466 -48.523 1040.802 -9.003 93.384 9.46 -328.674 -674.896 -1014.709 -1360.016 -1701.965 -2041.626 -2380.829 -2707.672 749.359 759.125 458.221 101.471 6.714 -346.985 -704.193 569 540 400 25.95 23.09 4998 4998 2408 1 034
6058626 7531 2026/1/25 16:14:18 P15 73.11 22.06 0 6.92 22.54 974.14 972.7 361.176 473.175 4079.285 879.822 1174.622 1449.738 508.423 -34.485 -31.891 2941.895 -5.188 640.869 1157.074 317.535 1483.765 825.653 695.648 865.326 2312.317 1127.93 -5000 2.289 -48.218 61.951 -9.613 109.863 577.393 293.274 1340.027 2001.19 3354.492 -1333.313 1097.412 916.29 531.769 615.54 268.25 2552.49 2502.289 2116.089 1745.605 1390.533 1026.306 670.319 -51.117 1045.38 -14.343 93.994 8.087 -330.505 -673.676 -1012.726 -1356.201 -1696.014 -2033.234 -2370.3 -2695.77 749.207 758.514 457.611 101.013 5.798 -344.086 -698.395 569 540 400 25.95 23.09 4998 4998 2408 1 034
6058627 7531 2026/1/25 16:14:19 P15 73.16 22.09 0 6.65 22.41 974.17 972.71 356.445 473.938 4078.827 880.28 1173.859 1448.669 509.186 -33.569 -11.292 2964.783 -6.866 641.022 1155.701 317.841 1480.56 825.806 696.411 867.615 2315.369 1126.099 -5000 -9.613 -47.913 -49.896 -9.766 112.457 574.036 292.664 1341.248 1999.054 3333.893 -1336.365 1097.87 917.664 530.396 622.406 278.015 2542.267 2501.831 2113.495 1739.807 1382.599 1021.423 663.605 -51.575 1056.213 -17.548 92.468 11.444 -330.2 -674.133 -1012.878 -1356.812 -1697.083 -2036.438 -2375.336 -2702.332 747.528 760.956 456.848 100.403 7.782 -342.865 -698.7 580 530 400 25.87 23.14 4998 4998 2408 1 034
6058628 7531 2026/1/25 16:14:20 P15 73.19 22.13 0 6.82 22.43 974.16 972.73 360.26 473.633 4081.421 880.28 1174.164 1457.214 509.033 22.125 11.902 2936.859 -6.561 641.632 1158.142 318.146 1482.849 826.263 697.174 867.004 2316.132 1125.946 -5000 -3.204 -50.812 15.411 -8.545 112.152 576.172 293.274 1342.621 2005.005 3349.457 -1339.569 1098.022 918.427 525.97 624.237 267.792 2548.065 2501.831 2110.596 1730.042 1372.07 1005.402 646.973 -54.626 1060.028 -10.071 94.757 6.866 -330.963 -675.049 -1016.541 -1360.931 -1702.423 -2042.847 -2383.423 -2708.588 748.749 762.482 455.475 98.724 10.986 -348.816 -706.329 585 530 400 25.92 23.07 4998 4998 2408 1 034
6058629 7531 2026/1/25 16:14:21 P15 73.19 22.16 0 6.72 22.57 974.12 972.73 361.176 473.022 4081.726 880.89 1174.622 1456.604 509.033 29.449 0.61 2957.306 -6.561 643.463 1156.311 318.909 1481.628 826.569 697.784 868.073 2320.251 1124.42 -5000 -20.142 -48.218 27.161 -7.629 104.828 577.087 293.274 1343.842 2001.648 3355.103 -1342.316 1098.175 917.816 530.09 615.54 269.623 2545.776 2500 2118.53 1744.995 1389.771 1027.832 671.387 -54.626 1067.505 -5.493 96.436 7.477 -327.911 -672.607 -1010.284 -1354.37 -1694.183 -2032.166 -2368.774 -2694.855 749.207 764.008 456.696 101.929 9.613 -344.849 -698.7 578 530 400 25.87 22.93 4998 4998 2408 1 034
6058630 7531 2026/1/25 16:14:22 P15 73.09 22.03 0 6.67 22.48 974.16 972.69 360.565 473.785 4070.587 883.331 1174.622 1455.231 509.949 -30.212 -46.844 2997.131 -6.409 642.09 1153.412 319.061 1483.154 826.569 699.463 868.683 2323.151 1125.793 -5000 -6.714 -50.964 23.193 -8.698 110.016 572.662 293.732 1343.689 2005.92 3360.748 -1340.942 1098.633 917.816 529.938 616.76 267.334 2547.455 2500.763 2115.784 1740.265 1382.751 1016.998 657.501 -55.695 1073.914 -10.376 96.436 5.798 -327.911 -672.607 -1013.031 -1357.574 -1698.914 -2041.321 -2378.54 -2704.315 748.596 766.754 456.848 102.386 8.087 -344.696 -700.073 569 535 400 25.95 23.01 4998 4998 2408 1 034
6058631 7531 2026/1/25 16:14:23 P15 73.1 22.17 0 6.75 22.55 974.16 972.69 357.666 473.328 4080.505 884.247 1172.943 1457.672 509.491 -56.763 -30.67 2945.404 -6.409 644.836 1153.87 318.604 1482.391 824.738 699.615 868.378 2324.524 1124.42 -5000 4.272 -49.438 -18.921 -9.155 105.286 573.425 295.105 1345.52 2003.632 3372.955 -1341.248 1100.464 916.595 533.295 621.643 268.707 2545.013 2502.441 2109.833 1730.347 1371.765 1004.791 649.109 -57.526 1081.39 -11.292 92.773 4.578 -332.336 -677.185 -1017.456 -1362 -1704.254 -2045.135 -2385.864 -2711.487 748.596 767.212 456.696 96.893 5.646 -348.358 -707.245 579 515 400 25.89 23.02 4998 4998 2408 1 034
6058632 7531 2026/1/25 16:14:24 P15 73.07 22.09 0 6.69 22.46 974.17 972.73 359.955 473.022 4073.639 883.942 1172.943 1454.315 509.338 60.425 -12.512 2971.191 -4.883 643.463 1154.48 319.214 1481.628 825.806 701.904 868.225 2327.881 1125.946 -5000 -1.984 -47.76 -37.231 -9.918 106.354 570.526 293.732 1346.436 2008.82 3363.8 -1339.111 1100.769 919.647 532.837 620.728 268.555 2546.082 2502.747 2113.495 1736.908 1382.446 1017.303 662.079 -56.305 1089.783 -4.425 93.689 7.782 -330.2 -675.049 -1015.93 -1360.321 -1700.287 -2039.795 -2376.404 -2701.721 748.291 765.076 457.306 99.182 10.071 -348.663 -705.109 570 525 400 25.91 22.92 4998 4998 2408 1 034
6058633 7531 2026/1/25 16:14:25 P15 73.14 22.15 0 6.7 22.47 974.22 972.73 357.971 474.091 4076.691 883.789 1173.096 1452.179 509.796 6.866 -29.755 2979.431 -6.561 644.226 1155.243 319.061 1481.476 825.348 702.362 868.225 2324.371 1124.573 -5000 -4.272 -49.744 56.61 -7.935 109.1 574.799 294.037 1347.961 2008.362 3374.481 -1338.348 1101.227 920.105 536.041 625.305 268.86 2549.744 2501.526 2114.258 1734.772 1376.648 1010.284 653.076 -57.983 1094.36 -1.678 96.741 9.918 -327.911 -673.828 -1015.167 -1359.406 -1701.66 -2041.779 -2380.676 -2707.062 749.817 767.67 457.458 101.013 8.24 -347.29 -704.346 579 525 400 25.95 23.02 4998 4998 2408 1 034
6058634 7531 2026/1/25 16:14:26 P15 73.2 22.02 0 6.65 22.38 974.18 972.74 357.819 474.396 4074.097 883.636 1172.791 1453.857 509.949 -105.743 -10.223 2979.889 -7.172 643.463 1155.396 318.909 1481.476 824.585 703.583 869.141 2329.254 1125.641 -5000 -15.869 -49.896 -27.161 -11.139 106.659 573.73 294.495 1348.267 2010.193 3370.056 -1338.348 1100.922 920.868 530.853 619.202 268.707 2550.201 2502.289 2108.612 1732.178 1372.681 1009.064 654.449 -57.373 1105.194 0.153 94.757 11.139 -330.048 -677.185 -1017.761 -1362.762 -1704.407 -2044.22 -2383.118 -2708.13 749.054 769.806 458.069 99.03 -5.341 -347.748 -705.566 573 525 400 25.91 22.87 4998 4998 2408 1 034
6058635 7531 2026/1/25 16:14:27 P15 73.22 22.19 0 6.77 22.49 974.15 972.7 360.107 474.243 4079.437 883.942 1172.943 1453.705 509.644 -31.891 -4.425 2991.333 -8.392 644.073 1150.97 319.672 1480.865 823.822 704.651 870.667 2333.221 1124.42 -5000 -6.714 -51.27 42.267 -9.613 103.149 572.205 294.647 1348.877 1998.444 3381.805 -1336.975 1101.837 920.715 540.466 627.899 269.318 2545.319 2502.899 2113.647 1737.366 1381.836 1020.508 664.978 -58.594 1109.314 1.221 95.215 10.681 -328.522 -674.744 -1013.794 -1358.337 -1698.914 -2037.659 -2374.573 -2698.822 749.664 770.874 457.764 102.844 7.629 -345.764 -700.378 569 530 400 25.89 22.88 4998 4999 2408 1 034
6058636 7531 2026/1/25 16:14:28 P15 73.17 22.13 0 6.62 22.42 974.16 972.72 359.039 473.328 4079.742 885.315 1172.638 1452.789 514.679 -29.449 -24.109 2958.069 -8.545 645.294 1152.649 320.129 1481.018 823.822 704.803 870.972 2334.747 1122.894 -5000 -3.204 -49.591 47.15 -11.139 103.149 572.052 295.41 1349.64 2010.803 3385.925 -1334.229 1101.227 921.936 534.973 625.916 267.792 2543.488 2501.526 2116.394 1744.537 1390.839 1027.374 670.776 -59.814 1112.976 11.597 94.604 5.341 -330.353 -673.218 -1012.115 -1355.438 -1693.878 -2032.471 -2370.3 -2696.991 746.46 768.738 455.475 101.013 7.629 -344.696 -698.395 571 515 400 25.95 22.84 4998 4999 2408 1 034
6058637 7531 2026/1/25 16:14:29 P15 73.11 22.12 0 6.72 22.38 974.19 972.73 362.396 473.022 4083.405 889.282 1172.943 1452.332 510.101 85.754 -3.815 2980.652 -6.866 643.616 1154.938 319.519 1480.103 823.517 706.482 871.124 2336.426 1123.657 -5000 7.935 -50.049 46.387 -7.782 103.149 575.714 295.715 1351.471 2009.277 3380.127 -1338.654 1101.837 922.089 539.551 615.692 267.944 2546.082 2501.068 2113.037 1737.976 1380.768 1016.235 659.79 -59.509 1119.537 8.24 93.994 5.798 -330.505 -676.27 -1016.693 -1360.626 -1700.134 -2040.405 -2378.387 -2702.179 746.918 771.942 454.865 99.335 6.409 -326.08 -690.46 571 515 400 25.95 22.84 4998 4999 2408 1 034
6058638 7531 2026/1/25 16:14:30 P15 73.16 22.08 0 6.75 22.3 974.14 972.73 359.497 473.175 4074.86 888.519 1172.333 1449.432 510.559 23.651 -5.341 3001.556 -7.172 644.226 1156.311 318.756 1480.56 825.043 707.092 870.361 2332.764 1123.352 -5000 1.526 -50.659 -42.725 -8.545 105.896 574.341 294.8 1351.929 2013.245 3378.754 -1335.754 1102.6 922.852 537.109 618.744 269.012 2550.812 2501.678 2116.241 1742.554 1386.414 1024.475 668.793 -61.188 1128.387 6.866 95.978 5.035 -328.979 -674.438 -1013.184 -1357.422 -1697.693 -2035.37 -2372.742 -2696.686 747.681 773.773 456.848 100.708 8.392 -348.663 -701.752 580 530 400 25.91 22.68 4998 4999 2408 1 034
6058639 7531 2026/1/25 16:14:31 P15 73.22 22.13 0 6.7 22.38 974.19 972.7 360.413 473.175 4070.435 886.383 1171.417 1447.144 510.101 14.343 1.221 3001.709 -7.019 645.294 1148.682 320.435 1480.865 823.975 708.16 870.819 2335.358 1123.352 -5000 -7.782 -48.523 -21.362 -7.172 106.659 571.747 293.884 1352.539 2015.686 3374.329 -1341.095 1103.516 922.089 536.652 622.253 269.47 2548.523 2503.052 2112.732 1741.028 1385.956 1022.949 665.894 -60.272 1133.728 9.613 97.351 9.003 -328.827 -672.455 -1011.658 -1355.438 -1694.641 -2034.302 -2371.826 -2698.669 747.681 775.146 460.663 102.692 8.545 -343.323 -699.615 580 530 400 25.93 22.73 4998 4998 2408 1 034
6058640 7531 2026/1/25 16:14:32 P15 73.19 22.09 0 6.69 22.29 974.19 972.72 356.75 474.091 4076.385 889.13 1171.417 1450.958 510.864 -14.954 -4.12 3009.949 -7.324 644.684 1153.107 319.977 1480.255 822.754 709.076 872.803 2341.461 1121.674 -5000 -12.512 -49.896 -45.166 -9.155 104.675 570.221 297.241 1353.455 2018.28 3395.844 -1336.67 1104.126 923.309 541.382 626.526 269.775 2543.793 2501.678 2113.495 1737.366 1381.989 1018.219 662.384 -60.272 1143.951 6.866 95.52 9.155 -331.116 -675.507 -1014.709 -1359.558 -1700.287 -2038.269 -2374.878 -2700.806 747.528 771.79 457.306 103.149 8.698 -345.306 -699.463 568 530 400 25.93 22.75 4998 4998 2408 1 034
6058641 7531 2026/1/25 16:14:33 P15 73.23 22.12 0 6.55 22.35 974.13 972.73 357.056 473.48 4078.522 887.146 1172.333 1446.533 510.864 -64.545 -5.798 3026.428 -6.714 646.21 1152.649 320.435 1479.492 823.669 709.839 871.124 2343.14 1122.437 -5000 -16.174 -51.575 1.831 -7.477 101.776 573.578 297.089 1354.37 2013.702 3406.83 -1336.06 1104.431 923.615 537.415 626.984 268.86 2547.302 2502.441 2115.784 1744.69 1389.008 1026.917 669.708 -62.561 1145.935 -4.73 95.52 5.493 -328.522 -672.607 -1012.268 -1355.743 -1696.32 -2034.454 -2370.911 -2696.686 747.07 775.452 456.543 102.692 9.308 -345.001 -698.242 579 520 400 25.95 22.66 4998 4998 2408 1 034
6058642 7531 2026/1/25 16:14:34 P15 73.23 22.09 0 6.55 22.29 974.15 972.69 356.14 474.091 4081.268 888.214 1171.265 1449.585 511.475 -45.013 -3.204 3027.954 -7.019 644.531 1154.48 319.519 1479.645 822.754 710.754 871.582 2342.377 1123.505 -5000 -0.916 -48.828 8.85 -9.308 105.133 574.799 296.173 1355.896 2019.196 3410.797 -1335.907 1103.821 923.462 540.161 624.542 268.25 2548.523 2501.221 2114.41 1741.333 1384.43 1020.355 660.858 -63.019 1154.785 6.409 93.231 7.935 -328.369 -672.607 -1010.742 -1355.743 -1697.083 -2036.438 -2375.183 -2701.416 745.239 774.231 458.984 100.098 6.409 -346.375 -701.752 579 530 400 25.88 22.73 4998 4998 2408 1 034
6058643 7531 2026/1/25 16:14:35 P15 73.2 22.09 0 6.84 22.29 974.19 972.72 359.192 473.785 4082.947 889.282 1170.349 1451.569 511.627 103.607 -35.095 3036.652 -8.85 644.836 1152.191 320.892 1478.729 821.228 711.975 872.192 2344.666 1121.674 -5000 -11.292 -50.354 36.011 -9.918 100.708 569.611 296.478 1355.743 2021.179 3405.914 -1336.517 1105.042 922.852 537.72 626.831 269.47 2545.776 2501.526 2110.901 1732.941 1372.07 1008.453 650.94 -63.324 1160.889 11.749 93.079 9.613 -330.658 -677.185 -1017.914 -1362.457 -1705.017 -2044.83 -2384.338 -2709.656 746.002 775.757 458.069 99.792 7.172 -350.342 -707.855 582 530 400 25.93 22.68 4998 4998 2408 1 034
6058644 7531 2026/1/25 16:14:36 P15 73.2 22.1 0 6.75 22.28 974.13 972.71 355.53 473.48 4082.947 887.299 1170.349 1439.667 511.475 -17.853 -25.787 3021.545 -6.866 644.836 1153.87 321.198 1478.882 821.991 712.28 872.803 2345.886 1123.352 -5000 -3.662 -52.032 54.474 -7.629 103.607 574.493 296.783 1357.117 2020.111 3415.07 -1337.28 1104.584 924.53 538.483 624.39 268.707 2548.065 2500 2117.157 1746.063 1390.076 1027.832 670.319 -64.85 1165.771 4.578 98.267 7.782 -325.317 -670.471 -1008.301 -1353.302 -1693.115 -2032.318 -2368.011 -2695.618 745.087 783.386 457.001 103.912 9.766 -340.881 -695.343 565 530 400 25.96 22.61 4998 4998 2408 1 034
6058645 7531 2026/1/25 16:14:37 P15 73.26 22.12 0 6.79 22.12 974.15 972.72 355.53 473.48 4085.999 890.35 1169.128 1449.28 511.78 -24.719 -22.125 3032.227 -8.85 644.989 1151.428 321.045 1479.492 822.296 712.738 872.498 2347.412 1122.131 -5000 -6.714 -49.896 19.531 -6.714 100.098 573.12 296.631 1357.269 2021.179 3413.086 -1336.06 1105.194 922.852 541.382 623.322 268.86 2547.15 2500.305 2114.258 1739.502 1380.31 1015.93 657.501 -66.223 1170.654 8.087 95.673 7.782 -328.979 -675.201 -1014.252 -1359.406 -1701.355 -2041.473 -2380.524 -2708.588 745.697 779.419 457.458 101.624 6.409 -352.631 -709.076 561 530 400 25.88 22.63 4998 4998 2408 1 034
6058646 7531 2026/1/25 16:14:38 P15 73.22 22.19 0 6.65 22.3 974.17 972.7 357.056 473.938 4073.639 888.977 1170.044 1446.533 511.932 -95.215 -33.264 3024.902 -7.629 645.905 1151.123 321.35 1478.424 821.075 713.959 873.26 2353.668 1120.453 -5000 -7.782 -51.575 37.689 -5.951 101.624 571.747 296.936 1359.253 2023.315 3430.176 -1336.212 1106.567 923.767 544.739 621.948 268.402 2545.013 2500.61 2108.917 1728.21 1371.765 1004.333 650.33 -67.596 1176.147 12.512 95.215 3.662 -331.726 -679.169 -1020.05 -1363.831 -1706.238 -2046.051 -2385.712 -2709.045 747.375 780.182 454.712 98.114 7.629 -349.579 -708.313 569 520 400 25.87 22.51 4998 4998 2408 1 034
6058647 7531 2026/1/25 16:14:39 P15 73.23 22.08 0 6.55 22.2 974.11 972.73 353.546 473.938 4076.385 891.418 1169.281 1448.822 511.78 19.989 -25.33 3038.025 -7.324 646.21 1148.834 320.587 1478.271 820.923 714.874 874.634 2355.042 1119.69 -5000 -0.305 -52.643 26.245 -10.223 102.844 570.831 296.936 1359.1 2018.28 3432.77 -1337.738 1106.567 924.225 543.213 622.864 268.25 2542.114 2500.763 2114.563 1741.486 1385.651 1025.391 665.131 -68.97 1184.082 -4.883 93.536 10.071 -332.184 -676.88 -1015.015 -1358.337 -1698.303 -2036.743 -2374.573 -2700.653 743.103 779.266 461.426 100.25 5.493 -345.612 -699.463 569 520 400 25.87 22.51 4998 4998 2408 1 034
6058648 7531 2026/1/25 16:14:40 P15 73.19 22.15 0 6.57 22.23 974.17 972.69 354.919 473.633 4076.538 893.86 1168.671 1448.364 513.763 -6.256 -26.703 3029.633 -6.714 645.752 1152.954 321.655 1478.882 820.923 715.942 874.023 2355.957 1120.605 -5000 -7.324 -54.321 37.079 -7.782 101.776 569.153 296.631 1359.711 2024.536 3429.413 -1338.043 1108.093 924.988 542.908 627.747 269.47 2543.793 2502.441 2111.359 1733.551 1373.749 1008.606 650.787 -70.801 1190.186 -0.763 95.215 6.409 -338.44 -681.152 -1019.592 -1363.678 -1704.254 -2042.694 -2382.507 -2708.435 745.087 780.945 456.696 99.792 9.308 -346.375 -704.498 580 535 400 25.88 22.64 4998 4998 2408 1 034
6058649 7531 2026/1/25 16:14:41 P15 73.3 22.15 0 6.74 22.09 974.13 972.7 353.241 473.785 4076.691 894.47 1168.365 1443.481 511.78 -73.242 -30.67 3022.614 -8.087 645.905 1150.97 321.198 1478.119 820.77 716.705 874.634 2359.161 1121.216 -5000 -12.512 -51.88 19.226 -8.85 101.166 569.458 296.631 1361.237 2021.942 3440.704 -1341.248 1107.178 926.208 534.21 625.916 270.386 2544.098 2500.61 2112.122 1733.093 1374.969 1010.742 654.144 -68.97 1197.052 10.071 95.215 7.782 -331.879 -677.49 -1016.235 -1361.237 -1702.576 -2041.321 -2381.592 -2705.231 747.833 782.318 458.374 103.607 8.24 -346.832 -703.735 580 535 400 25.95 22.53 4998 4998 2408 1 034
6058650 7531 2026/1/25 16:14:42 P15 73.26 22.09 0 6.62 22.21 974.15 972.72 353.546 474.548 4080.963 895.081 1168.671 1444.702 512.238 80.719 -0.305 3014.374 -9.003 646.057 1150.055 321.808 1477.051 820.16 716.858 875.397 2348.175 1119.69 -5000 -5.341 -55.084 -7.629 -7.629 100.403 570.831 298.157 1360.931 2026.672 3424.072 -1335.144 1106.873 925.293 541.077 622.864 269.012 2546.082 2500.916 2116.089 1741.333 1385.498 1023.102 663.452 -71.869 1197.662 -0.458 95.978 7.782 -328.522 -672.913 -1022.034 -1363.22 -1701.202 -2040.253 -2377.93 -2703.552 745.697 782.776 455.017 101.776 7.172 -348.206 -703.583 580 530 400 25.89 22.54 4998 4998 2408 1 034
6058651 7531 2026/1/25 16:14:43 P15 73.3 22.2 0 6.45 22.13 974.12 972.68 355.53 473.633 4080.963 895.691 1168.518 1442.413 512.238 2.899 15.259 3032.837 -8.85 646.057 1146.698 322.113 1478.424 818.481 718.079 875.397 2357.33 1120.605 -5000 -10.986 -54.169 -5.188 -7.019 98.267 570.679 297.394 1361.847 2026.52 3431.396 -1335.754 1106.873 926.971 539.551 629.883 268.25 2545.776 2502.594 2111.816 1734.314 1374.664 1007.69 649.719 -67.749 1206.665 -2.747 95.215 7.935 -330.048 -675.964 -1017.151 -1361.847 -1703.949 -2043.457 -2382.355 -2708.893 745.697 782.166 458.832 99.64 6.714 -345.154 -703.888 573 525 400 25.95 22.51 4998 4998 2408 1 034
6058652 7531 2026/1/25 16:14:44 P15 73.26 22.19 0 6.72 22.11 974.18 972.71 356.598 473.785 4084.93 895.538 1168.365 1445.465 512.543 -3.967 -25.94 3023.682 -6.256 646.362 1145.02 322.418 1477.509 819.397 718.536 875.702 2362.061 1119.843 -5000 -4.12 -52.49 -1.373 -8.545 99.335 569.153 298.309 1362.152 2022.247 3413.544 -1334.991 1107.941 925.598 541.382 632.782 268.707 2547.607 2501.984 2111.206 1735.992 1378.632 1014.404 658.569 -74.158 1210.48 7.629 92.468 7.324 -333.557 -678.711 -1017.303 -1361.847 -1702.271 -2041.168 -2378.693 -2703.705 743.713 782.471 457.611 97.504 8.85 -347.29 -706.329 581 535 400 25.91 22.4 4998 4998 2408 1 034
6058653 7531 2026/1/25 16:14:45 P15 73.29 22.17 0 6.69 22.15 974.14 972.68 353.851 474.243 4081.421 899.2 1167.603 1443.329 512.848 -69.427 -1.068 3036.652 -7.629 646.667 1150.818 321.96 1477.814 819.55 719.452 873.108 2351.532 1120.148 -5000 -14.343 -51.422 33.569 -8.087 102.692 572.357 299.225 1363.22 2028.503 3458.71 -1335.602 1108.551 927.887 544.739 626.373 269.012 2548.37 2502.289 2113.342 1740.265 1384.277 1020.66 665.894 -70.953 1215.668 -7.935 95.978 5.035 -327.454 -673.37 -1011.81 -1357.117 -1697.693 -2035.828 -2373.81 -2699.738 745.697 787.048 457.611 103.455 10.376 -344.238 -700.226 570 535 400 25.85 22.47 4998 4998 2408 1 034
6058654 7531 2026/1/25 16:14:46 P15 73.41 22.05 0 6.65 22.06 974.13 972.7 353.851 473.48 4074.249 897.675 1166.992 1447.754 513.306 -104.98 -17.09 3062.134 -7.172 646.515 1151.886 322.571 1477.661 820.312 720.978 875.702 2363.892 1118.774 -5000 -9.613 -52.032 45.319 -9.918 101.013 568.39 297.546 1363.831 2029.724 3464.203 -1336.517 1109.314 928.345 547.18 629.12 269.165 2549.591 2501.984 2108.154 1728.668 1370.544 1002.96 647.278 -68.359 1223.755 6.256 98.419 9.766 -328.827 -674.591 -1015.625 -1361.084 -1703.033 -2043.152 -2382.66 -2707.672 746.918 787.354 457.764 100.708 7.629 -349.274 -706.94 580 535 400 25.93 22.46 4998 4999 2408 1 034
6058655 7531 2026/1/25 16:14:47 P15 73.33 22.12 0 6.75 22.14 974.13 972.72 354.309 474.701 4073.639 895.386 1166.382 1445.618 513.153 99.792 -41.504 3044.434 -7.782 647.888 1142.883 323.029 1476.44 819.55 720.367 875.854 2367.401 1118.774 -5000 -10.681 -47.455 6.714 -7.782 97.809 566.101 298.92 1364.746 2030.487 3451.691 -1334.991 1107.941 927.582 547.943 633.24 267.334 2545.929 2501.068 2111.206 1734.772 1376.343 1012.421 656.433 -71.411 1224.365 -12.665 94.604 4.12 -330.048 -676.575 -1014.252 -1359.711 -1701.05 -2039.49 -2377.625 -2703.247 744.934 786.438 456.085 98.114 7.629 -346.832 -704.041 571 530 400 25.88 22.35 4998 4999 2408 1 034
6058656 7531 2026/1/25 16:14:48 P15 73.33 22.15 0 6.55 22.04 974.17 972.72 351.41 474.396 4077.911 897.98 1165.771 1443.634 513.306 96.893 17.7 3067.474 -6.714 646.973 1149.445 321.96 1476.898 818.481 721.436 876.617 2369.385 1117.706 -5000 -13.123 -51.27 30.212 -11.444 97.351 569.611 299.225 1365.814 2031.25 3450.775 -1336.06 1109.924 928.04 545.807 633.087 269.012 2542.877 2501.221 2113.953 1741.791 1387.024 1024.17 668.488 -69.427 1232.3 -5.798 95.825 9.766 -329.437 -673.523 -1012.878 -1356.812 -1697.083 -2035.675 -2371.674 -2696.991 744.781 786.133 458.527 100.098 7.629 -345.917 -701.752 579 535 400 25.91 22.37 4998 5000 2408 1 034
6058657 7531 2026/1/25 16:14:49 P15 73.29 22.02 0 6.6 22.2 974.14 972.75 354.462 473.785 4084.32 897.369 1168.671 1444.55 513.763 -95.367 -6.409 3059.54 -6.104 646.21 1151.123 321.045 1476.746 818.329 722.504 875.702 2367.401 1118.011 -5000 -13.733 -48.218 36.469 -8.85 98.419 571.289 298.615 1365.356 2026.672 3462.677 -1336.212 1109.161 929.108 547.18 632.324 269.775 2546.539 2500.763 2117.004 1743.469 1379.852 1023.407 668.793 -70.496 1233.826 3.052 93.536 4.883 -329.895 -672.607 -1012.726 -1356.201 -1696.777 -2035.37 -2369.537 -2697.144 743.408 789.185 454.559 102.081 7.324 -343.628 -698.853 579 535 400 25.91 22.37 4998 5000 2408 1 034
6058658 7531 2026/1/25 16:14:50 P15 73.24 22.03 0 6.54 22.09 974.18 972.72 353.699 473.938 4070.435 896.454 1166.229 1439.056 513.306 29.297 -32.349 3066.711 -7.324 647.43 1145.325 322.876 1475.677 817.719 721.893 876.16 2372.589 1117.554 -5000 -11.444 -51.422 26.855 -7.935 99.792 569.153 296.631 1366.882 2032.166 3450.012 -1335.144 1109.772 929.26 543.671 637.207 268.86 2547.913 2501.678 2113.647 1736.603 1379.7 1021.729 661.774 -73.242 1243.134 -8.392 95.978 8.698 -331.573 -678.253 -1017.456 -1361.542 -1703.339 -2041.779 -2380.371 -2704.62 743.713 790.405 455.78 98.267 4.73 -353.394 -706.787 583 540 400 25.93 22.39 4998 5000 2408 1 034
6058659 7531 2026/1/25 16:14:51 P15 73.23 22.1 0 6.52 21.98 974.13 972.68 351.562 473.938 4083.862 899.811 1166.229 1437.378 513.763 103.912 -11.902 3052.216 -9.155 646.362 1148.376 323.486 1476.135 818.176 723.724 877.228 2368.469 1118.011 -5000 -10.376 -50.812 -22.583 -7.935 96.588 569.611 297.394 1366.272 2034.302 3462.372 -1335.602 1110.229 928.955 548.553 639.954 269.623 2547.913 2500.916 2115.021 1740.417 1385.193 1022.339 665.588 -68.97 1246.033 -3.052 95.673 9.766 -327.606 -673.218 -1012.115 -1356.812 -1697.235 -2035.675 -2374.42 -2702.484 743.256 792.084 457.153 102.997 8.087 -339.661 -693.207 581 540 400 25.91 22.22 4998 5000 2408 1 034
6058660 7531 2026/1/25 16:14:52 P15 73.22 22.06 0 6.52 21.94 974.1 972.69 351.868 473.175 4072.266 899.353 1165.619 1442.261 514.221 17.09 -0.916 3045.044 -5.798 647.736 1149.902 323.181 1475.677 818.481 723.572 875.854 2372.131 1117.706 -5000 -2.136 -51.422 21.362 -8.24 97.351 567.627 297.394 1367.493 2033.234 3456.116 -1335.297 1110.992 927.734 541.382 642.242 269.318 2548.828 2501.678 2115.326 1744.385 1390.381 1026.154 670.166 -73.547 1245.88 -7.629 93.536 7.477 -327.911 -672.302 -1011.505 -1354.828 -1694.336 -2034.454 -2369.08 -2696.228 743.713 791.626 458.527 102.844 6.409 -344.238 -697.937 579 535 400 25.93 22.13 4998 5000 2408 1 034
6058661 7531 2026/1/25 16:14:53 P15 73.36 22.1 0 6.55 21.97 974.17 972.7 352.631 473.633 4074.554 899.963 1165.771 1442.871 513.611 -91.248 -47.15 3092.041 -5.951 648.193 1148.682 322.876 1475.983 817.871 724.182 876.312 2376.099 1117.706 -5000 -6.256 -50.049 40.741 -8.698 94.757 567.627 298.92 1367.493 2034.607 3465.729 -1335.297 1111.45 929.413 549.927 639.191 270.386 2546.082 2500.153 2108.307 1732.33 1372.986 1007.08 653.076 -74.158 1258.698 -10.681 95.825 9.766 -332.642 -679.016 -1020.203 -1363.525 -1704.865 -2044.067 -2383.118 -2707.52 742.798 792.542 457.458 97.961 6.409 -348.358 -706.482 571 595 400 25.95 22.24 4998 5000 2408 1 034
6058662 7531 2026/1/25 16:14:54 P15 73.4 22.09 0 6.45 21.94 974.14 972.69 352.325 475.769 4083.71 899.506 1165.619 1442.719 514.832 -7.477 17.853 3079.376 -7.324 645.294 1149.292 324.097 1476.135 817.566 724.335 877.075 2377.014 1117.706 -5000 -5.341 -52.338 -14.191 -8.698 98.877 569.611 299.072 1368.256 2029.877 3465.271 -1340.942 1110.687 930.176 551.758 632.019 267.944 2547.607 2502.136 2113.342 1737.366 1381.683 1018.219 662.842 -80.719 1259.308 8.698 94.147 8.087 -333.557 -677.795 -1017.609 -1359.253 -1701.05 -2040.1 -2377.625 -2703.094 741.882 792.389 456.543 101.471 7.629 -347.137 -702.209 578 600 400 25.92 22.29 4998 4999 2408 1 034
6058663 7531 2026/1/25 16:14:55 P15 73.31 22.17 0 6.72 21.97 974.12 972.69 349.884 473.938 4078.369 897.217 1163.483 1441.04 514.374 -20.752 -4.73 3094.635 -6.256 648.346 1144.714 324.097 1475.677 817.413 725.098 877.228 2378.693 1115.57 -5000 -6.409 -54.626 37.842 -9.613 97.198 568.695 298.92 1369.171 2031.86 3498.535 -1338.654 1111.145 931.549 548.553 636.749 269.47 2541.656 2502.289 2114.258 1741.333 1388.55 1024.017 668.945 -73.7 1262.665 3.967 93.994 7.782 -328.979 -674.133 -1013.489 -1358.49 -1697.54 -2035.675 -2371.368 -2696.991 743.866 794.525 456.848 99.792 7.019 -346.222 -701.141 567 590 400 25.91 22.25 4998 4999 2408 1 034
6058664 7531 2026/1/25 16:14:56 P15 73.29 22.15 0 6.57 21.92 974.1 972.68 348.663 473.785 4084.778 895.996 1164.093 1433.411 514.832 -7.019 12.512 3081.055 -7.477 647.278 1148.834 324.402 1476.135 817.413 726.471 877.686 2379.303 1118.622 -5000 -5.646 -53.253 59.509 -9.613 97.961 569 299.835 1369.171 2034.912 3479.004 -1343.994 1109.772 931.702 548.248 632.629 269.47 2546.844 2499.695 2116.241 1743.164 1388.855 1025.238 667.877 -76.752 1267.395 16.937 95.52 7.019 -328.979 -672.302 -1010.895 -1354.37 -1693.573 -2033.081 -2370.3 -2696.533 742.035 795.288 457.458 102.844 9.003 -341.034 -696.564 580 585 400 25.91 22.17 4998 4998 2408 1 034
6058665 7531 2026/1/25 16:14:57 P15 73.37 22.03 0 6.59 21.91 974.12 972.68 347.748 474.243 4071.96 899.963 1164.551 1440.277 514.069 66.681 -19.836 3099.213 -7.782 647.583 1148.224 324.097 1474.457 816.04 727.386 877.228 2380.066 1117.249 -5000 5.646 -50.354 42.877 -9.003 96.283 567.627 297.852 1369.934 2034.607 3497.925 -1336.212 1112.366 932.007 552.673 631.104 269.012 2549.133 2499.695 2109.07 1730.347 1371.918 1007.233 651.855 -71.411 1273.651 -5.188 94.604 7.629 -331.726 -676.27 -1016.388 -1361.389 -1702.881 -2042.084 -2380.676 -2704.62 742.188 797.119 457.153 99.335 5.493 -350.494 -707.397 571 580 400 25.93 22.12 4998 4998 2408 1 034
6058666 7531 2026/1/25 16:14:58 P15 73.3 22.05 0 6.59 22 974.12 972.67 347.29 473.48 4085.236 900.421 1163.33 1439.056 514.984 7.019 -48.523 3117.371 -8.545 647.888 1147.614 324.097 1475.372 815.887 727.234 877.686 2380.981 1117.859 -5000 -10.071 -52.032 -29.755 -9.308 95.978 568.39 299.072 1370.85 2037.811 3465.118 -1338.043 1110.992 932.922 547.18 633.087 269.318 2547.913 2501.221 2113.19 1737.366 1382.751 1017.609 662.231 -75.684 1282.196 -0.763 95.52 7.019 -332.642 -675.659 -1016.693 -1360.321 -1702.423 -2041.016 -2378.54 -2702.942 741.882 796.814 456.238 101.624 8.85 -345.459 -701.904 581 650 400 25.92 22.07 4998 4998 2408 1 034
6058667 7531 2026/1/25 16:14:59 P15 73.3 22.05 0 6.59 22 974.16 972.7 349.731 474.091 4077.454 899.506 1162.567 1443.939 515.137 -31.281 -7.324 3098.907 -7.629 649.567 1143.341 324.097 1473.846 815.277 727.997 879.211 2376.404 1113.739 -5000 -8.392 -52.49 37.079 -9.613 96.283 567.474 300.293 1369.629 2033.844 3486.938 -1341.095 1111.908 933.075 546.875 629.883 269.47 2542.419 2500.916 2112.885 1739.655 1386.871 1025.391 669.556 -73.242 1283.417 -10.986 92.316 6.256 -330.2 -675.201 -1012.421 -1357.117 -1697.54 -2037.659 -2372.284 -2697.449 739.899 797.729 456.696 99.182 5.035 -354.004 -709.839 569 650 400 25.95 22.05 4998 4998 2408 1 034
6058668 7531 2026/1/25 16:15:00 P15 73.29 22.12 0 6.65 21.79 974.13 972.69 350.647 474.091 4073.181 897.675 1163.177 1441.498 514.679 -82.245 -23.499 3098.907 -7.019 647.583 1147.156 323.944 1473.846 815.582 728.607 877.838 2386.322 1114.502 -5000 -0.305 -50.354 63.324 -9.003 99.182 565.948 298.92 1371.918 2032.928 3495.789 -1334.534 1113.586 932.77 549.774 636.597 269.165 2545.471 2502.136 2107.849 1728.21 1370.392 1003.418 647.278 -75.226 1287.079 -14.343 96.13 12.054 -334.473 -679.474 -1020.203 -1364.441 -1705.627 -2045.746 -2385.712 -2710.724 742.798 797.882 454.712 97.351 5.035 -348.206 -707.855 569 650 400 25.95 22.05 4998 4998 2408 1 034
6058669 7531 2026/1/25 16:15:01 P15 73.22 22.12 0 6.76 21.88 974.11 972.71 347.137 474.396 4080.505 900.879 1162.72 1439.514 514.832 -75.836 -37.689 3084.412 -9.003 647.583 1148.529 321.96 1473.236 814.514 729.98 878.143 2381.439 1114.349 -5000 -1.373 -50.201 -9.003 -9.766 95.978 567.322 299.988 1373.138 2039.795 3490.601 -1336.823 1113.739 933.075 549.774 639.954 270.386 2543.64 2500.61 2109.68 1733.093 1375.122 1011.963 654.907 -75.531 1291.199 -15.717 96.436 7.477 -329.742 -675.507 -1016.235 -1360.931 -1702.271 -2041.473 -2381.439 -2705.536 739.899 798.035 456.238 99.182 10.529 -348.816 -706.635 579 630 400 25.91 22 4998 4998 2408 1 034
6058670 7531 2026/1/25 16:15:02 P15 73.27 22.17 0 6.65 22 974.12 972.67 351.562 473.938 4081.116 902.71 1162.109 1438.599 514.984 27.771 -0.458 3100.891 -9.155 647.278 1143.799 322.876 1473.083 814.362 729.37 879.364 2383.728 1114.197 -5000 2.594 -52.49 46.082 -8.698 95.825 567.322 298.92 1372.833 2036.133 3524.628 -1334.534 1112.366 932.922 550.232 635.986 269.318 2545.013 2502.747 2113.037 1739.044 1381.531 1017.761 664.52 -77.515 1293.488 -9.613 93.994 5.646 -329.895 -676.27 -1016.693 -1360.321 -1700.592 -2038.422 -2375.031 -2701.111 741.73 801.392 455.627 100.403 6.409 -348.053 -703.125 579 620 400 25.93 22.13 4998 4998 2408 1 034
6058671 7531 2026/1/25 16:15:03 P15 73.3 22.13 0 6.6 21.86 974.13 972.69 353.241 473.328 4084.167 899.658 1162.567 1434.326 514.984 -53.101 2.136 3088.684 -7.477 647.736 1146.393 324.402 1473.236 814.972 730.133 877.991 2388.153 1114.502 -5000 -5.493 -50.507 -10.071 -8.698 95.215 569.763 300.14 1373.291 2037.354 3493.347 -1335.754 1112.366 934.296 547.485 636.902 269.928 2546.234 2501.678 2115.173 1741.791 1387.939 1026.611 667.877 -73.853 1298.676 -6.256 95.825 7.019 -331.421 -675.354 -1014.099 -1356.201 -1696.014 -2033.691 -2370.453 -2697.449 740.356 800.171 456.238 99.945 8.087 -349.426 -703.888 570 685 400 25.96 22.03 4998 4998 2408 1 034
6058672 7531 2026/1/25 16:15:04 P15 73.34 22.09 0 6.77 21.76 974.11 972.65 348.816 474.243 4079.285 901.794 1162.415 1440.735 515.289 90.79 15.564 3102.722 -8.698 648.499 1147.461 325.012 1473.389 813.904 730.591 877.991 2388 1113.739 -5000 -2.899 -50.201 34.79 -9.46 95.978 569 298.615 1372.528 2036.133 3493.958 -1336.06 1114.96 934.143 543.823 641.479 269.775 2547.607 2501.221 2111.053 1729.889 1371.155 1004.486 647.278 -75.684 1306.305 -1.526 93.231 6.714 -333.405 -678.101 -1018.372 -1363.22 -1704.407 -2044.067 -2383.881 -2707.672 742.645 801.697 456.696 98.724 10.223 -347.443 -704.803 581 675 400 25.95 22.07 4998 4998 2408 1 034
6058673 7531 2026/1/25 16:15:05 P15 73.22 22.12 0 6.57 21.8 974.09 972.7 346.069 473.633 4075.012 900.879 1162.109 1436.005 515.442 100.098 31.586 3103.638 -8.545 648.956 1147.461 323.029 1474.915 813.141 730.896 877.838 2385.406 1114.197 -5000 -4.73 -50.659 -47.607 -8.545 98.267 566.864 298.767 1373.901 2040.863 3515.167 -1334.076 1113.739 934.143 545.349 639.954 269.165 2549.133 2502.441 2109.222 1734.009 1375.427 1009.827 655.67 -77.82 1306.915 -12.817 94.757 6.866 -332.794 -678.558 -1018.982 -1360.321 -1703.339 -2043.915 -2384.644 -2707.825 739.288 802.307 456.238 97.961 7.477 -351.257 -709.534 580 665 400 25.92 22.13 4998 4998 2408 1 034
6058674 7531 2026/1/25 16:15:06 P15 73.3 22.08 0 6.71 21.79 974.13 972.69 346.68 474.548 4080.658 900.574 1161.804 1437.531 515.594 12.512 -11.902 3110.657 -9.308 648.041 1147.156 323.639 1472.626 812.531 731.506 879.517 2389.069 1110.84 -5000 -6.866 -51.88 8.545 -9.613 97.198 565.948 298.615 1374.359 2036.438 3505.402 -1342.468 1114.044 933.838 549.011 639.801 269.775 2541.962 2502.441 2112.274 1735.84 1380.157 1018.677 663.452 -75.073 1308.594 12.207 97.046 9.766 -327.911 -674.286 -1013.794 -1358.185 -1698.456 -2037.506 -2374.42 -2700.195 742.34 808.105 456.696 102.081 9.308 -347.137 -702.209 579 650 400 25.89 21.95 4998 4998 2408 1 034
6058675 7531 2026/1/25 16:15:07 P15 73.31 22.19 0 6.48 21.84 974.13 972.72 345.001 474.396 4080.963 899.658 1160.126 1437.378 515.747 -11.902 -23.041 3102.57 -7.324 647.736 1145.782 324.402 1472.778 812.988 731.506 878.754 2391.205 1113.739 -5000 -5.341 -52.338 67.291 -9.003 98.419 568.237 298.004 1374.969 2043.304 3508.911 -1340.027 1114.044 933.99 550.69 642.548 268.555 2548.828 2502.441 2113.037 1737.366 1379.852 1013.489 654.297 -72.021 1316.376 -7.629 93.231 7.782 -331.421 -675.507 -1016.083 -1360.321 -1700.745 -2040.405 -2380.066 -2705.841 735.474 803.833 456.848 100.555 5.951 -346.069 -702.972 581 640 400 25.92 21.9 4998 4998 2408 1 034
6058676 7531 2026/1/25 16:15:08 P15 73.27 22.06 0 6.48 21.8 974.15 972.7 349.884 474.548 4073.944 896.759 1160.278 1437.073 516.052 -10.986 -15.106 3096.924 -7.782 648.499 1144.257 324.249 1472.778 813.446 732.422 877.075 2394.409 1114.197 -5000 0.153 -54.016 32.043 -9.46 96.436 564.117 299.53 1375.732 2044.525 3509.979 -1334.381 1115.723 937.195 550.995 640.259 273.743 2545.929 2500.458 2108.459 1729.584 1369.629 1002.502 646.21 -73.242 1317.139 -0.763 94.604 4.578 -332.031 -678.558 -1018.982 -1363.525 -1705.78 -2046.051 -2386.322 -2710.266 739.136 804.291 454.254 97.961 7.019 -348.969 -705.872 580 690 400 25.88 22 4998 4998 2408 1 034
6058677 7531 2026/1/25 16:15:09 P15 73.29 22.13 0 6.58 21.88 974.16 972.69 346.832 474.091 4084.625 900.116 1161.041 1436.615 515.594 5.035 -24.567 3114.777 -7.324 648.193 1145.477 324.707 1471.863 812.073 732.422 880.127 2394.409 1113.281 -5000 -0.916 -54.626 36.621 -10.071 96.436 569.611 300.14 1375.885 2039.337 3481.445 -1335.602 1113.892 935.516 551.3 635.986 269.928 2546.387 2501.526 2113.19 1736.755 1378.021 1013.336 656.738 -70.953 1321.106 -2.747 97.351 7.172 -328.674 -674.896 -1014.709 -1360.474 -1701.66 -2040.405 -2379.303 -2702.484 741.577 808.563 457.153 100.403 10.376 -349.426 -705.261 567 685 400 25.87 21.94 4998 4998 2408 1 034
6058678 7531 2026/1/25 16:15:10 P15 73.36 22.08 0 6.71 21.8 974.15 972.69 346.375 473.633 4074.249 899.2 1159.21 1433.411 515.747 -14.191 -6.256 3117.676 -8.545 649.719 1141.815 324.707 1472.168 812.836 733.185 879.364 2397.156 1112.671 -5000 -4.73 -54.016 0.763 -7.782 96.13 564.27 299.377 1375.58 2045.593 3499.451 -1333.771 1114.197 937.5 555.725 639.648 270.386 2544.708 2496.948 2112.274 1737.213 1383.209 1018.982 663.605 -70.801 1324.31 -15.411 93.536 8.545 -332.642 -677.49 -1016.998 -1360.779 -1701.202 -2038.574 -2374.878 -2699.89 741.425 807.495 456.39 100.098 6.256 -346.527 -703.278 567 685 400 25.87 21.94 4998 4998 2408 1 034
6058679 7531 2026/1/25 16:15:11 P15 73.34 22.15 0 6.5 21.76 974.1 972.67 346.527 472.26 4074.707 897.217 1158.905 1432.19 516.052 -42.725 1.678 3120.575 -8.24 649.261 1140.442 324.86 1472.015 812.531 733.49 879.364 2398.071 1109.924 -5000 4.12 -51.575 39.368 -7.935 97.046 565.948 300.14 1377.106 2046.051 3518.829 -1335.754 1114.807 937.042 553.589 642.09 270.538 2544.861 2501.373 2112.732 1736.298 1378.021 1010.59 652.313 -71.716 1330.261 4.425 98.877 6.714 -328.217 -673.676 -1015.015 -1359.558 -1700.897 -2040.405 -2380.066 -2705.231 740.051 808.105 456.238 101.471 9.613 -346.069 -704.803 582 655 400 25.91 21.93 4998 4998 2408 1 034
6058680 7531 2026/1/25 16:15:12 P15 73.3 22.16 0 6.5 21.81 974.1 972.7 345.154 474.243 4083.099 898.438 1159.821 1436.768 516.51 -65.002 20.905 3134.003 -9.766 648.346 1145.02 325.317 1471.1 812.073 735.474 878.601 2395.935 1112.061 -5000 -5.798 -55.084 -16.022 -9.918 94.604 564.728 300.598 1376.953 2045.135 3539.886 -1334.839 1114.96 935.516 554.047 647.125 269.623 2545.929 2501.526 2109.985 1729.889 1372.681 1007.08 647.888 -76.752 1331.787 7.019 95.978 6.714 -332.336 -678.558 -1019.44 -1364.746 -1706.543 -2045.593 -2385.864 -2710.571 737.305 807.343 456.085 97.046 14.648 -351.41 -708.466 579 645 400 25.95 21.93 4998 4998 2408 1 034
6058681 7531 2026/1/25 16:15:13 P15 73.29 22.15 0 6.57 21.9 974.14 972.7 344.849 473.328 4075.012 902.252 1158.752 1432.495 517.426 7.019 0.61 3131.104 -9.155 648.499 1145.325 325.775 1472.778 811.92 734.406 879.974 2394.104 1111.145 -5000 -9.003 -50.354 35.706 -8.392 97.961 567.78 298.462 1378.174 2044.373 3513.794 -1336.823 1114.655 933.075 552.368 643.921 269.012 2549.438 2501.221 2111.206 1735.84 1379.395 1014.404 659.637 -71.259 1338.196 5.798 92.163 6.561 -334.32 -679.169 -1018.372 -1361.542 -1701.66 -2040.558 -2377.167 -2703.094 738.831 810.547 455.933 99.945 5.341 -348.511 -705.414 580 690 400 25.88 21.89 4998 4998 2408 1 034
6058682 7531 2026/1/25 16:15:14 P15 73.27 22.03 0 6.54 21.77 974.15 972.7 342.712 473.633 4072.571 906.677 1158.752 1434.784 516.357 -16.022 -17.395 3111.572 -7.019 649.109 1145.325 325.47 1472.931 811.462 735.626 879.211 2398.376 1111.755 -5000 -10.376 -56 9.918 -9.918 94.452 563.049 298.157 1378.174 2046.814 3525.543 -1337.738 1115.875 934.753 552.368 643.616 269.928 2549.286 2499.847 2113.495 1739.197 1383.362 1016.998 659.79 -71.259 1339.569 4.578 94.91 9.46 -328.522 -672.76 -1013.031 -1357.422 -1697.693 -2037.964 -2377.014 -2703.857 740.662 811.005 460.51 101.929 7.172 -342.865 -699.463 565 690 400 25.93 21.76 4998 4998 2408 1 034
6058683 7531 2026/1/25 16:15:15 P15 73.29 22.13 0 6.57 21.7 974.06 972.66 344.391 473.633 4082.184 905.304 1158.752 1436.462 516.968 6.104 -18.005 3151.245 -10.223 649.414 1143.951 324.554 1470.49 811.157 735.626 880.28 2397.766 1109.772 -5000 -8.545 -53.864 -25.787 -9.613 91.705 563.354 298.615 1379.089 2046.661 3533.173 -1335.907 1114.349 934.753 554.047 642.395 269.47 2546.692 2501.984 2108.917 1732.33 1372.07 1006.317 649.414 -74.463 1343.384 -10.681 95.825 8.24 -334.625 -679.779 -1019.745 -1364.288 -1704.865 -2044.525 -2383.27 -2709.961 738.678 811.005 457.306 99.64 6.256 -350.8 -708.466 575 680 400 25.89 21.81 4998 4998 2408 1 034
6058684 7531 2026/1/25 16:15:16 P15 73.26 22.16 0 6.62 21.76 974.12 972.69 341.339 473.633 4082.184 906.067 1158.295 1433.868 517.12 65.002 -17.853 3107.3 -8.85 649.261 1136.932 325.317 1470.184 809.937 736.084 880.432 2399.902 1109.009 -5000 -7.019 -53.864 3.204 -9.766 94.91 562.286 300.903 1379.395 2048.035 3531.189 -1342.316 1115.57 934.296 554.047 641.937 270.691 2544.25 2501.068 2110.901 1733.704 1377.869 1011.658 657.043 -74.768 1347.809 -11.749 96.588 6.256 -330.505 -677.338 -1018.066 -1362 -1702.576 -2041.779 -2381.744 -2705.383 740.204 812.225 456.848 98.724 9.918 -348.663 -706.787 568 660 400 25.96 21.76 4998 4998 2408 1 034
6058685 7531 2026/1/25 16:15:17 P15 73.34 22.13 0 6.55 21.56 974.14 972.7 345.459 473.48 4078.522 905.457 1158.752 1433.716 517.273 -11.292 -7.629 3137.36 -5.951 648.499 1145.325 325.928 1471.1 810.089 735.474 879.974 2402.496 1110.535 -5000 -7.324 -49.286 -49.438 -8.698 95.215 566.406 298.462 1379.852 2043.457 3530.579 -1336.06 1116.943 934.601 553.284 640.411 269.928 2548.065 2501.373 2112.122 1735.077 1381.073 1018.372 662.384 -76.447 1352.997 4.12 94.604 6.104 -330.658 -675.354 -1014.709 -1359.253 -1699.677 -2038.422 -2376.251 -2700.195 739.136 811.615 457.611 100.861 7.935 -345.154 -702.515 580 655 400 25.89 21.83 4998 4998 2408 1 034
6058686 7531 2026/1/25 16:15:18 P15 73.19 22.06 0 6.48 21.67 974.15 972.69 342.407 474.548 4083.862 903.778 1157.532 1422.119 516.663 9.613 -28.839 3125.763 -8.85 647.888 1143.494 325.623 1470.795 809.479 737.915 880.432 2402.649 1112.518 -5000 -8.85 -52.795 -62.256 -7.935 94.299 567.169 299.988 1379.547 2048.035 3532.104 -1334.991 1115.57 934.601 556.641 640.259 268.707 2547.607 2502.136 2113.8 1737.061 1379.242 1013.794 655.06 -73.242 1353.455 -2.899 93.994 7.477 -328.979 -675.049 -1014.709 -1360.779 -1701.66 -2040.558 -2380.524 -2705.994 738.22 813.446 458.527 100.403 7.629 -349.426 -704.041 571 690 400 25.93 21.81 4998 4998 2408 1 034
6058687 7531 2026/1/25 16:15:19 P15 73.26 22.21 0 6.65 21.73 974.09 972.7 342.102 473.938 4077.301 906.219 1156.769 1432.037 516.815 20.905 -46.234 3133.698 -7.172 648.804 1144.104 325.623 1471.405 809.326 736.847 880.89 2406.311 1109.619 -5000 -4.578 -50.659 -59.662 -9.155 95.825 563.354 299.225 1380.157 2049.255 3552.551 -1338.959 1116.333 932.007 553.589 647.278 270.691 2543.182 2500.153 2111.206 1729.279 1371.46 1005.707 648.193 -72.174 1358.643 8.087 93.994 9.003 -333.099 -678.558 -1025.696 -1366.882 -1706.848 -2046.814 -2384.949 -2708.435 738.831 812.378 457.458 98.419 6.714 -348.816 -706.94 574 670 400 25.88 21.77 4998 4998 2408 1 034
6058688 7531 2026/1/25 16:15:20 P15 73.29 22.09 0 6.65 21.63 974.1 972.71 341.339 473.938 4085.083 904.083 1156.616 1428.07 517.426 19.073 -20.752 3162.384 -9.918 649.719 1142.883 325.165 1469.574 809.021 737.152 880.28 2403.87 1110.535 -5000 -9.766 -50.964 -21.515 -9.003 92.163 565.948 300.293 1381.226 2050.018 3556.213 -1342.01 1114.502 933.838 550.995 644.836 269.928 2546.844 2502.441 2111.511 1734.772 1380.463 1015.93 660.858 -75.684 1363.373 7.782 91.553 9.155 -332.794 -678.253 -1016.541 -1360.474 -1700.745 -2040.253 -2377.472 -2704.01 738.525 813.446 456.848 98.877 5.951 -345.306 -701.447 565 660 400 25.93 21.62 4998 4998 2408 1 034
6058689 7531 2026/1/25 16:15:21 P15 73.31 22.13 0 6.55 21.64 974.13 972.71 341.034 473.175 4071.198 906.372 1156.769 1430.206 517.883 -47.15 -23.804 3152.924 -8.85 650.33 1142.273 325.775 1471.252 808.563 737.152 880.28 2408.447 1109.772 -5000 -9.155 -51.117 14.954 -9.613 94.452 561.218 301.819 1381.226 2050.323 3534.241 -1334.534 1116.638 934.601 558.777 645.142 269.165 2547.455 2498.932 2114.258 1737.061 1382.294 1018.524 658.875 -77.209 1367.188 9.918 93.842 5.035 -331.879 -675.354 -1014.862 -1359.1 -1702.271 -2040.863 -2379.761 -2704.468 737.305 811.768 455.475 101.166 2.747 -344.391 -699.615 565 660 400 25.93 21.62 4998 4998 2408 1 034
6058690 7531 2026/1/25 16:15:22 P15 73.19 22.1 0 6.6 21.68 974.13 972.71 343.628 471.802 4082.794 906.525 1156.464 1434.479 518.036 -67.749 -21.057 3131.409 -12.054 648.041 1143.036 325.928 1470.184 808.868 738.831 880.737 2406.769 1109.467 -5000 -12.97 -51.27 108.643 -9.766 93.689 563.202 301.056 1381.378 2048.492 3535.156 -1343.231 1116.028 933.075 559.082 642.395 270.538 2545.624 2501.526 2112.427 1733.856 1375.275 1008.453 651.55 -78.125 1366.882 19.073 95.673 6.714 -331.726 -675.659 -1016.693 -1362.61 -1703.644 -2044.373 -2384.033 -2709.045 738.068 817.108 455.475 100.25 9.155 -348.358 -705.414 574 635 400 25.92 21.59 4998 4998 2408 1 034
6058691 7531 2026/1/25 16:15:23 P15 73.24 22.16 0 6.54 21.64 974.17 972.73 343.018 473.022 4080.658 906.372 1157.379 1427.46 516.815 -28.229 -12.665 3156.738 -10.071 648.193 1139.984 325.47 1469.116 808.105 738.22 881.348 2403.564 1108.093 -5000 -11.597 -55.847 17.853 -7.019 95.215 564.117 299.225 1381.836 2047.882 3562.775 -1334.534 1116.028 933.838 558.624 638.275 269.623 2545.471 2500.61 2109.985 1733.093 1376.19 1011.2 655.06 -78.735 1369.629 9.308 96.588 4.578 -332.031 -677.49 -1018.524 -1362.152 -1705.627 -2045.135 -2384.186 -2707.062 737.152 816.65 454.712 97.046 7.629 -349.274 -706.024 575 665 400 25.93 21.67 4998 4998 2408 1 034
6058692 7531 2026/1/25 16:15:24 P15 73.24 22.16 0 6.54 21.64 974.2 972.73 341.339 472.87 4074.402 906.525 1155.701 1430.511 517.578 -88.806 -7.477 3166.656 -7.477 649.719 1143.494 326.233 1470.032 807.8 739.441 879.059 2410.278 1108.704 -5000 -5.646 -51.117 43.64 -9.308 93.842 557.556 299.53 1382.141 2051.697 3547.363 -1337.433 1117.096 932.312 553.284 645.905 272.217 2549.133 2503.204 2113.037 1736.603 1381.073 1018.372 662.231 -76.141 1375.427 -9.155 97.046 6.256 -330.505 -675.201 -1014.557 -1358.49 -1699.371 -2038.269 -2377.472 -2700.653 737.915 820.007 457.611 101.776 8.087 -345.001 -700.378 565 650 400 25.95 21.67 4998 4998 2408 1 034
6058693 7531 2026/1/25 16:15:25 P15 73.11 22.06 0 6.64 21.64 974.14 972.73 340.118 473.48 4079.895 906.525 1155.701 1430.054 518.188 -105.743 -30.67 3159.027 -8.392 648.041 1142.426 326.08 1469.421 806.58 740.051 880.585 2408.752 1110.077 -5000 -9.613 -56.305 90.79 -8.545 97.198 564.88 300.293 1383.209 2050.781 3545.837 -1336.365 1116.638 929.871 553.589 639.954 269.623 2548.37 2500.916 2115.173 1737.366 1380.615 1016.083 657.654 -80.109 1378.326 -2.441 94.147 6.104 -332.336 -675.659 -1015.778 -1360.016 -1701.355 -2040.863 -2380.829 -2705.841 736.237 815.887 456.696 109.1 3.357 -347.137 -703.278 574 630 400 25.95 21.73 4998 4998 2408 1 034
6058694 7531 2026/1/25 16:15:26 P15 73.22 22.13 0 6.38 21.65 974.18 972.72 338.898 472.87 4072.876 902.557 1154.633 1430.969 517.578 -40.283 4.883 3155.212 -7.324 648.956 1142.12 327.148 1469.116 806.885 740.662 878.296 2410.736 1108.551 -5000 0.763 -53.253 70.496 -9.766 94.147 560.76 299.225 1383.667 2052.002 3564.301 -1335.144 1116.943 930.786 560.303 633.698 269.318 2549.133 2500.305 2111.359 1731.567 1372.223 1004.944 648.346 -76.141 1381.531 -3.052 93.842 8.24 -332.794 -679.474 -1019.745 -1364.441 -1706.848 -2047.119 -2386.017 -2710.266 739.899 818.176 457.153 97.961 6.714 -349.884 -709.686 562 615 400 25.92 21.59 4998 4998 2408 1 034
6058695 7531 2026/1/25 16:15:27 P15 73.17 22.13 0 6.52 21.52 974.17 972.75 339.355 473.328 4079.895 904.083 1155.701 1428.528 518.341 66.681 -0.916 3153.534 -6.256 647.736 1142.883 327.148 1468.964 806.885 740.204 881.5 2403.259 1108.704 -5000 3.052 -56.152 68.97 -9.766 95.673 565.948 300.598 1384.277 2050.934 3549.5 -1338.501 1116.791 930.786 559.387 645.447 269.47 2548.523 2502.289 2111.664 1735.535 1379.7 1014.404 658.875 -76.904 1381.989 10.376 95.215 4.883 -330.048 -673.523 -1014.252 -1358.49 -1699.982 -2039.337 -2376.862 -2702.484 737.762 824.28 457.001 101.318 8.24 -347.9 -705.414 575 605 400 25.89 21.59 4998 4998 2408 1 034
6058696 7531 2026/1/25 16:15:28 P15 73.13 22.16 0 6.54 21.53 974.16 972.74 338.593 473.328 4077.911 901.337 1154.175 1427.917 518.646 72.784 -34.637 3149.414 -7.324 648.804 1141.205 325.928 1468.964 804.749 738.525 880.127 2414.856 1106.262 -5000 2.899 -51.422 25.787 -9.46 93.842 562.134 300.293 1384.277 2052.765 3544.312 -1338.043 1118.927 931.854 567.017 640.869 269.623 2543.488 2501.068 2113.342 1738.892 1383.82 1021.423 666.809 -73.242 1385.04 18.005 94.147 4.425 -330.048 -676.88 -1016.083 -1361.084 -1701.202 -2039.948 -2377.014 -2700.5 736.084 819.702 453.644 100.708 8.392 -348.206 -702.362 569 630 400 25.93 21.59 4998 4998 2408 1 034
6058697 7531 2026/1/25 16:15:29 P15 73.19 22.12 0 6.55 21.54 974.1 972.72 337.677 473.785 4073.944 906.982 1154.48 1427.307 518.341 24.261 -23.804 3145.294 -8.545 647.888 1142.578 326.385 1468.811 806.274 740.967 880.585 2412.567 1108.398 -5000 3.204 -54.474 41.199 -10.223 96.893 562.134 299.225 1385.193 2053.223 3545.99 -1339.111 1116.638 932.312 562.897 651.855 270.538 2549.744 2500.153 2113.19 1735.382 1375.275 1009.216 651.855 -71.564 1392.67 23.041 92.621 8.392 -332.489 -677.795 -1015.625 -1361.237 -1702.423 -2042.694 -2382.355 -2707.214 737.457 821.381 457.458 102.539 6.256 -344.696 -700.073 574 610 400 25.92 21.57 4998 4998 2408 1 034
6058698 7531 2026/1/25 16:15:30 P15 73.09 22.09 0 6.62 21.47 974.14 972.7 336.609 472.87 4077.148 904.236 1153.564 1429.443 518.494 -59.204 0.61 3132.782 -8.698 648.499 1137.085 326.843 1468.048 804.443 741.272 881.348 2414.093 1106.262 -5000 8.545 -53.711 -4.883 -9.918 100.25 563.66 298.462 1386.414 2051.544 3563.843 -1341.553 1116.791 933.228 562.439 654.144 270.691 2541.351 2502.289 2110.443 1733.551 1375.122 1010.284 657.806 -75.836 1391.754 8.087 94.604 6.256 -331.116 -678.558 -1018.829 -1362.915 -1704.559 -2044.22 -2382.965 -2708.13 737.61 824.28 456.39 99.182 7.324 -348.969 -706.635 564 600 400 25.84 21.6 4998 4998 2408 1 034
6058699 7531 2026/1/25 16:15:31 P15 73.16 22.08 0 6.54 21.46 974.17 972.72 337.83 472.717 4073.181 904.846 1153.564 1427.307 518.646 -38.147 -3.815 3193.512 -6.866 648.956 1137.39 326.843 1468.506 806.274 741.425 880.28 2415.314 1107.788 -5000 4.12 -52.032 2.747 -9.613 95.978 560.608 299.225 1385.956 2054.291 3564.301 -1340.179 1117.554 932.617 560.455 653.076 269.165 2548.981 2502.747 2111.664 1737.823 1379.547 1016.846 661.316 -75.836 1397.552 20.752 93.842 7.172 -332.336 -678.406 -1017.609 -1362.152 -1703.033 -2040.863 -2378.54 -2703.552 735.168 820.312 458.069 99.03 5.798 -348.206 -704.651 564 600 400 25.84 21.6 4998 4998 2408 1 034
6058700 7531 2026/1/25 16:15:32 P15 73.22 22.16 0 6.54 21.54 974.16 972.71 339.661 472.87 4073.944 904.541 1153.87 1425.934 519.104 -15.869 -3.967 3170.166 -9.308 648.346 1139.221 327.911 1468.964 804.443 742.493 882.263 2418.365 1105.499 -5000 -5.493 -55.084 -18.005 -9.613 98.114 561.523 299.988 1386.108 2055.206 3577.423 -1336.212 1117.401 932.007 560.913 651.245 269.623 2548.065 2501.221 2116.089 1738.739 1382.141 1017.914 659.637 -72.937 1402.435 5.951 92.926 8.698 -329.437 -672.15 -1011.505 -1357.269 -1698.151 -2038.574 -2378.235 -2703.857 737.457 822.906 457.916 102.692 8.85 -342.56 -700.989 574 580 400 25.91 21.45 4998 4998 2408 1 034
6058701 7531 2026/1/25 16:15:33 P15 73.11 22 0 6.58 21.56 974.11 972.71 336.761 473.022 4077.301 906.219 1153.564 1429.443 518.646 -38.452 -7.935 3166.199 -8.698 649.414 1140.289 326.233 1467.59 803.375 741.882 882.416 2420.654 1106.262 -5000 8.24 -55.237 -33.264 -9.46 93.231 562.744 301.514 1386.414 2044.067 3578.796 -1334.991 1117.249 931.396 557.098 645.752 270.081 2542.267 2501.831 2110.443 1730.652 1371.155 1006.47 650.024 -75.378 1401.367 11.139 93.689 4.578 -336.151 -680.389 -1019.135 -1364.594 -1706.085 -2045.288 -2385.864 -2708.893 734.711 823.212 455.017 96.893 4.578 -348.816 -706.635 576 580 400 25.95 21.55 4998 4998 2408 1 034
6058702 7531 2026/1/25 16:15:34 P15 73.2 22.05 0 6.55 21.54 974.14 972.69 336.151 472.717 4073.486 901.184 1152.802 1426.697 519.104 -39.062 -19.684 3158.417 -7.172 648.499 1138.458 326.538 1468.658 804.596 742.645 880.28 2415.466 1107.025 -5000 -1.373 -53.711 29.907 -9.766 95.52 560.76 297.699 1387.177 2055.359 3578.949 -1336.67 1117.859 932.007 557.251 647.736 270.538 2549.438 2501.831 2110.596 1734.161 1376.953 1010.437 656.891 -79.651 1400.757 -0.153 94.299 4.425 -332.947 -677.795 -1019.592 -1363.068 -1703.491 -2042.847 -2384.186 -2705.688 735.779 823.975 457.611 97.961 5.646 -347.29 -705.414 565 565 400 25.92 21.45 4998 4998 2408 1 034
6058703 7531 2026/1/25 16:15:35 P15 73.11 22.16 0 6.54 21.53 974.1 972.7 338.44 472.565 4081.573 901.642 1153.107 1427.307 519.104 -79.041 -12.665 3155.365 -7.324 648.346 1140.289 326.385 1466.827 804.901 742.34 880.89 2414.856 1105.194 -5000 -0.763 -54.321 74.921 -9.766 92.773 561.066 300.14 1387.787 2055.054 3587.036 -1343.994 1117.249 933.228 566.254 656.281 270.844 2545.471 2501.984 2112.427 1737.518 1382.599 1020.813 664.52 -76.294 1404.419 3.357 97.351 7.477 -328.979 -674.591 -1014.099 -1357.727 -1698.761 -2037.354 -2375.488 -2699.28 736.389 826.874 457.001 100.25 9.766 -348.511 -703.125 575 560 400 25.91 21.47 4998 4998 2408 1 034
6058704 7531 2026/1/25 16:15:36 P15 73.11 22.1 0 6.58 21.4 974.1 972.71 340.576 472.565 4084.473 904.541 1153.717 1427.307 518.951 19.836 -36.926 3186.646 -6.714 647.888 1140.442 326.996 1466.98 803.833 742.645 881.195 2420.654 1105.347 -5000 0.61 -50.812 38.3 -9.155 93.536 564.728 301.514 1388.55 2051.849 3592.224 -1338.501 1116.333 932.007 563.049 652.008 270.386 2546.692 2501.831 2112.122 1735.992 1378.174 1011.81 654.297 -77.515 1409.302 -13.428 92.468 6.104 -330.811 -675.659 -1015.625 -1360.016 -1701.05 -2041.016 -2378.845 -2705.994 736.542 824.28 457.306 96.588 5.188 -347.29 -705.414 574 555 400 25.92 21.5 4998 4998 2408 1 034
6058705 7531 2026/1/25 16:15:37 P15 73.19 22.15 0 6.55 21.52 974.15 972.71 338.44 472.87 4079.59 904.846 1154.022 1427.002 518.951 15.411 -32.349 3165.741 -10.223 648.346 1137.848 327.301 1467.285 803.223 743.408 882.263 2420.349 1105.499 -5000 4.73 -53.406 -34.332 -9.46 94.604 562.439 299.835 1388.55 2042.999 3576.202 -1335.907 1117.859 932.922 562.134 648.346 270.844 2543.488 2502.289 2108.917 1728.058 1371.155 1006.012 649.719 -75.836 1413.879 4.425 94.757 8.392 -331.573 -678.558 -1019.745 -1363.983 -1706.238 -2045.898 -2385.712 -2710.419 738.068 825.348 457.001 98.877 6.866 -348.053 -708.923 564 535 400 25.92 21.33 4998 4998 2408 1 034
6058706 7531 2026/1/25 16:15:38 P15 73.16 22.2 0 6.48 21.61 974.14 972.72 334.473 472.107 4079.132 902.71 1152.344 1426.544 518.951 -90.485 1.984 3186.188 -7.324 648.193 1141.052 327.454 1466.37 802.155 743.866 880.737 2422.485 1105.652 -5000 -2.594 -56.915 42.725 -9.308 94.452 563.354 300.598 1389.16 2052.002 3600.159 -1335.754 1118.164 931.854 568.237 638.428 269.318 2548.828 2502.441 2113.953 1737.061 1379.395 1015.778 660.4 -77.515 1410.217 22.125 95.673 4.425 -330.658 -676.27 -1016.083 -1360.321 -1701.813 -2040.863 -2378.082 -2702.332 736.389 826.263 455.322 98.572 6.714 -347.748 -703.735 579 495 400 25.91 21.48 4998 4998 2408 1 034
6058707 7531 2026/1/25 16:15:39 P15 73.11 22.19 0 6.5 21.4 974.16 972.72 335.999 472.87 4083.252 905.457 1152.039 1421.356 519.562 -33.875 16.327 3184.052 -10.223 648.956 1139.221 326.691 1467.133 803.07 743.561 881.653 2418.671 1105.347 -5000 -3.204 -55.847 57.526 -8.85 93.384 562.744 300.293 1389.16 2055.206 3587.952 -1340.332 1116.943 931.854 561.523 649.567 270.538 2546.234 2502.594 2113.342 1740.112 1383.514 1021.423 661.926 -75.684 1418.152 5.341 93.384 9.003 -331.726 -675.507 -1015.015 -1358.185 -1699.219 -2039.032 -2377.167 -2703.705 736.389 827.332 455.475 101.166 7.019 -348.969 -703.888 576 490 400 25.93 21.37 4998 4998 2408 1 034
6058708 7531 2026/1/25 16:15:40 P15 73.11 22.15 0 6.64 21.44 974.1 972.68 336.456 471.802 4074.097 901.794 1151.123 1425.018 519.714 111.389 14.191 3187.866 -7.629 649.719 1139.221 327.148 1466.217 801.697 743.713 880.89 2426.3 1105.347 -5000 0 -53.558 29.602 -8.545 93.079 561.676 302.734 1390.381 2058.105 3594.055 -1336.67 1117.401 932.465 562.439 648.804 270.233 2544.861 2500.61 2111.816 1733.246 1376.19 1009.064 652.161 -75.531 1417.236 18.616 97.198 5.493 -326.843 -675.049 -1017.151 -1362.457 -1704.102 -2043.762 -2383.575 -2707.977 738.22 829.163 456.085 98.419 8.24 -345.459 -703.735 556 490 400 25.92 21.4 4998 4998 2408 1 034
6058709 7531 2026/1/25 16:15:41 P15 73.19 22.19 0 6.57 21.49 974.13 972.69 333.862 472.26 4076.843 904.083 1150.818 1423.645 520.325 -141.449 19.379 3200.836 -7.935 648.956 1140.137 326.843 1467.285 801.392 744.781 880.89 2427.216 1103.21 -5000 -10.681 -54.169 -46.082 -9.46 95.978 558.777 299.835 1390.228 2057.953 3596.191 -1334.686 1118.469 931.854 563.507 648.499 270.233 2543.335 2501.984 2107.697 1729.431 1371.765 1006.012 652.161 -77.209 1421.204 10.986 92.773 6.714 -334.32 -679.626 -1020.05 -1364.441 -1705.017 -2045.746 -2384.644 -2709.351 733.948 828.552 455.627 95.367 5.188 -350.952 -709.534 574 490 400 25.93 21.45 4998 4998 2408 1 034
6058710 7531 2026/1/25 16:15:42 P15 73.16 22.15 0 6.52 21.46 974.18 972.7 333.099 472.412 4073.181 907.593 1151.581 1425.171 519.714 -83.923 50.659 3195.19 -7.324 648.804 1140.747 327.759 1466.827 800.781 745.392 880.89 2419.434 1104.279 -5000 -15.106 -55.542 -41.504 -10.376 95.062 560.608 301.056 1391.296 2057.648 3594.513 -1337.128 1118.469 932.007 566.101 647.583 269.928 2549.896 2502.136 2113.647 1737.823 1379.547 1016.083 660.858 -76.141 1422.882 15.564 97.961 9.308 -328.979 -676.27 -1015.015 -1359.863 -1701.05 -2039.185 -2375.336 -2701.874 735.931 831.757 456.848 100.708 7.172 -348.358 -703.43 574 490 400 25.93 21.45 4998 4998 2408 1 034
6058711 7531 2026/1/25 16:15:43 P15 73.14 22.08 0 6.52 21.47 974.16 972.7 336.914 471.954 4071.198 906.982 1152.191 1423.645 519.714 36.926 10.376 3217.468 -7.629 649.414 1139.984 327.759 1465.607 800.934 744.476 881.195 2425.995 1104.431 -5000 -15.106 -54.169 2.594 -8.392 93.994 561.981 299.835 1391.296 2058.868 3583.984 -1340.027 1118.469 931.549 564.88 653.839 269.623 2549.286 2501.678 2115.021 1739.349 1381.989 1016.388 657.959 -76.141 1419.983 -2.289 95.52 8.392 -330.658 -674.896 -1015.015 -1359.863 -1700.134 -2040.558 -2378.845 -2704.926 732.422 830.536 454.865 101.318 6.409 -348.816 -703.888 552 445 400 25.89 21.36 4998 4998 2408 1 034
6058712 7531 2026/1/25 16:15:44 P15 72.99 22.08 0 6.38 21.3 974.16 972.72 331.726 472.26 4073.181 903.931 1150.665 1422.882 520.02 -19.531 -7.782 3232.117 -6.561 648.956 1132.05 327.454 1466.827 801.697 745.544 881.195 2427.826 1104.431 -5000 -15.106 -52.948 23.499 -10.223 94.299 557.861 300.903 1391.602 2059.326 3596.039 -1336.212 1119.69 931.854 562.744 653.229 270.233 2545.166 2501.526 2111.206 1731.262 1372.681 1006.47 649.567 -78.583 1425.171 3.357 95.062 5.493 -331.879 -676.117 -1016.083 -1359.253 -1700.134 -2040.405 -2380.829 -2705.841 733.643 831.299 454.865 98.572 7.172 -348.511 -708.16 573 440 400 25.95 21.48 4998 4998 2408 1 034
6058713 7531 2026/1/25 16:15:45 P15 73.1 22.1 0 6.42 21.46 974.13 972.71 334.167 471.802 4079.59 906.677 1152.039 1423.492 520.325 -21.667 -12.512 3199.158 -8.087 649.261 1139.679 327.759 1466.522 800.323 745.239 879.822 2428.131 1103.973 -5000 -5.341 -54.169 18.616 -8.545 93.994 562.592 300.293 1391.754 2053.375 3596.191 -1335.144 1118.317 931.244 567.932 656.128 270.844 2547.76 2501.373 2109.985 1730.957 1376.953 1009.216 654.144 -75.836 1428.986 12.36 95.673 5.951 -331.116 -675.201 -1016.846 -1360.474 -1701.202 -2041.321 -2381.744 -2704.773 735.016 833.282 456.696 99.64 7.782 -350.037 -707.397 569 445 400 25.92 21.45 4998 4998 2408 1 034
6058714 7531 2026/1/25 16:15:46 P15 73.13 22.1 0 6.58 21.39 974.11 972.7 332.489 472.412 4071.503 906.525 1150.055 1420.593 520.325 -77.057 -19.836 3198.09 -8.24 649.261 1138.306 327.301 1466.217 800.018 744.781 881.653 2430.573 1104.431 -5000 -8.85 -50.049 -5.951 -9.613 94.452 558.624 299.835 1393.89 2059.021 3592.834 -1336.06 1118.317 932.007 567.169 657.501 269.775 2546.082 2501.068 2114.868 1739.96 1386.261 1024.323 665.588 -74.768 1431.274 8.392 94.452 3.815 -330.505 -675.049 -1014.099 -1359.253 -1698.456 -2037.201 -2377.167 -2701.416 733.49 832.214 458.679 100.403 7.324 -346.222 -699.158 574 440 400 25.95 21.38 4998 4998 2408 1 034
6058715 7531 2026/1/25 16:15:47 P15 73.19 22.13 0 6.55 21.43 974.13 972.7 332.184 471.954 4070.435 906.982 1150.513 1421.204 521.088 -99.64 19.684 3225.25 -8.85 649.567 1138.458 327.606 1465.302 798.798 745.239 882.111 2427.063 1103.058 -5000 -2.441 -50.507 96.436 -7.324 93.842 560.15 300.903 1393.738 2059.021 3603.668 -1338.501 1117.859 932.465 566.559 650.94 270.386 2548.37 2502.441 2111.511 1735.535 1378.021 1011.81 655.518 -72.784 1435.394 4.12 93.536 7.782 -325.623 -675.201 -1016.693 -1361.084 -1701.965 -2043.304 -2380.676 -2707.977 733.948 833.435 456.085 100.25 5.493 -348.053 -703.735 565 450 400 25.93 21.37 4998 4998 2408 1 034
6058716 7531 2026/1/25 16:15:48 P15 73.19 22.12 0 6.55 21.53 974.12 972.7 326.233 471.954 4080.048 904.999 1150.97 1424.561 521.088 18.921 12.817 3207.55 -9.155 648.804 1134.186 327.911 1464.691 798.95 746.918 882.721 2422.485 1101.837 -5000 -5.188 -54.016 40.588 -10.529 94.147 562.134 299.53 1394.653 2055.054 3612.213 -1337.28 1118.164 931.702 568.39 648.956 270.844 2544.098 2501.984 2110.291 1728.668 1370.239 1004.639 647.736 -74.921 1435.699 11.444 98.419 4.73 -329.437 -675.354 -1016.388 -1362.61 -1703.339 -2047.119 -2385.254 -2708.282 734.253 836.029 457.306 98.267 9.003 -349.731 -709.381 577 400 400 25.89 21.35 4998 4998 2408 1 034
6058717 7531 2026/1/25 16:15:49 P15 73.07 22.12 0 6.54 21.53 974.12 972.69 332.794 471.191 4085.236 903.778 1150.208 1422.424 520.63 -10.223 29.144 3191.833 -7.477 648.193 1139.069 327.606 1466.827 798.645 746.765 881.5 2430.573 1103.058 -5000 -4.578 -53.101 0.61 -9.308 95.52 562.897 302.124 1394.043 2055.054 3594.513 -1339.417 1117.554 933.075 564.88 643.463 270.538 2546.387 2502.594 2114.258 1737.061 1380.768 1016.998 658.569 -70.953 1439.362 -4.272 94.604 9.003 -335.846 -680.695 -1018.829 -1363.373 -1703.491 -2042.847 -2380.981 -2705.536 735.626 833.74 457.153 99.335 4.12 -345.764 -700.989 570 390 400 25.89 21.28 4998 4998 2408 1 034
6058718 7531 2026/1/25 16:15:50 P15 73.23 22.1 0 6.69 21.44 974.13 972.71 331.268 471.344 4072.876 903.625 1149.292 1422.577 520.63 -48.218 -5.798 3214.111 -7.935 649.109 1138.611 327.759 1465.607 798.492 747.528 881.5 2431.488 1103.363 -5000 -13.428 -53.101 30.518 -9.308 93.536 557.861 300.446 1394.653 2059.174 3611.45 -1336.212 1118.774 933.228 566.559 641.327 270.386 2549.133 2502.441 2113.037 1739.807 1383.82 1019.897 661.621 -71.869 1440.125 0 97.046 5.493 -327.759 -668.335 -1010.742 -1355.743 -1696.472 -2035.828 -2374.268 -2701.263 735.321 836.945 457.916 102.997 6.714 -346.069 -701.141 574 395 400 25.89 21.33 4998 4998 2408 1 034
6058719 7531 2026/1/25 16:15:51 P15 73.11 22.09 0 6.55 21.29 974.16 972.7 330.353 471.802 4077.454 901.031 1148.529 1424.866 520.782 -15.106 -13.885 3197.174 -8.087 650.635 1136.78 327.759 1466.827 796.814 746.46 881.195 2433.777 1100.769 -5000 0.61 -53.711 12.054 -9.613 92.316 559.387 302.734 1394.501 2058.411 3610.687 -1341.095 1118.469 932.465 565.948 648.346 269.775 2543.03 2502.289 2113.342 1733.551 1374.969 1008.606 652.008 -72.784 1444.092 8.24 93.689 7.019 -331.116 -676.88 -1015.625 -1358.032 -1700.592 -2040.71 -2381.592 -2706.604 734.863 836.487 456.543 99.487 5.341 -349.274 -706.482 564 385 400 25.89 21.19 4998 4998 2408 1 034
6058720 7531 2026/1/25 16:15:52 P15 73.09 22.15 0 6.41 21.44 974.15 972.72 332.489 471.954 4074.707 901.947 1148.987 1421.509 521.698 27.924 -25.33 3204.651 -7.935 649.872 1136.932 327.606 1465.302 797.577 748.291 881.348 2434.692 1102.448 -5000 -9.918 -51.27 23.651 -6.866 92.926 560.303 303.04 1395.569 2059.784 3616.943 -1334.991 1120.3 932.617 566.406 646.362 269.47 2545.624 2503.357 2111.511 1733.093 1375.732 1007.996 652.161 -73.853 1445.312 9.308 95.367 5.035 -334.32 -680.542 -1019.745 -1360.626 -1705.627 -2045.593 -2383.27 -2709.045 733.795 834.351 454.254 95.825 5.951 -350.494 -709.686 564 385 400 25.89 21.19 4998 4998 2408 1 034
6058721 7531 2026/1/25 16:15:53 P15 73.19 22.12 0 6.54 21.29 974.16 972.71 328.674 472.107 4074.86 898.743 1149.292 1419.373 521.851 -49.286 -24.109 3223.419 -8.24 648.193 1131.592 328.827 1465.302 797.577 747.986 880.737 2430.42 1101.532 -5000 -8.85 -52.185 -59.967 -9.918 98.724 558.777 300.751 1396.637 2060.242 3602.295 -1336.67 1118.927 932.465 563.507 648.499 269.318 2548.981 2500.763 2115.936 1739.96 1385.956 1024.017 657.196 -71.869 1448.975 -7.782 95.978 9.766 -330.811 -674.438 -1013.489 -1356.812 -1696.32 -2035.217 -2372.894 -2698.364 733.948 833.588 458.069 103.302 6.561 -343.018 -697.937 561 355 400 25.96 21.23 4998 4998 2408 1 034
6058722 7531 2026/1/25 16:15:54 P15 73.09 22.13 0 6.65 21.36 974.14 972.73 331.573 471.344 4070.74 901.794 1148.987 1417.847 521.24 23.956 -13.733 3206.635 -7.629 649.414 1135.406 327.911 1464.539 797.119 746.765 881.195 2435.76 1102.142 -5000 -0.61 -52.338 -31.586 -7.935 96.893 560.15 300.903 1396.942 2061.005 3612.976 -1334.534 1118.469 933.075 563.66 655.823 270.081 2548.218 2500 2114.868 1738.434 1379.852 1014.252 655.518 -71.259 1445.923 7.019 94.91 5.798 -330.2 -675.507 -1015.015 -1359.253 -1700.592 -2041.168 -2376.251 -2702.637 733.948 838.165 453.339 100.708 6.256 -348.511 -704.956 576 360 400 25.91 21.28 4998 4998 2408 1 034
6058723 7531 2026/1/25 16:15:55 P15 73.14 22.15 0 6.4 21.32 974.15 972.71 328.522 470.123 4080.048 901.184 1148.529 1423.34 522.003 -3.052 -46.997 3222.809 -10.071 648.651 1138 328.369 1464.081 796.204 748.138 881.348 2433.167 1099.854 -5000 -9.003 -51.727 101.013 -9.613 93.689 558.167 302.734 1396.637 2061.005 3622.589 -1338.654 1120.148 933.075 567.169 649.719 270.691 2544.861 2502.747 2108.307 1727.295 1371.46 1004.944 649.261 -72.327 1453.705 3.967 94.147 10.223 -332.489 -678.558 -1019.592 -1363.831 -1705.017 -2046.051 -2385.406 -2709.961 734.406 839.691 458.984 99.64 7.477 -347.443 -706.787 564 365 400 25.91 21.3 4998 4998 2408 1 034
6058724 7531 2026/1/25 16:15:56 P15 73.19 22.09 0 6.47 21.35 974.15 972.7 327.606 472.26 4074.86 901.184 1148.071 1418.457 521.545 67.749 -48.065 3206.787 -9.003 648.193 1131.134 328.674 1464.691 796.814 749.207 881.348 2430.878 1100.616 -5000 0.153 -53.253 49.744 -8.698 98.419 558.624 300.903 1397.552 2061.005 3609.009 -1336.212 1118.622 932.77 563.66 653.534 269.775 2550.049 2500.916 2113.342 1739.655 1380.768 1016.388 660.095 -71.106 1450.5 -0.458 95.062 7.324 -329.285 -676.117 -1015.625 -1360.779 -1701.508 -2040.863 -2377.167 -2702.179 733.795 841.522 456.238 99.335 6.104 -345.917 -703.125 573 360 400 25.91 21.23 4998 4998 2408 1 034
6058725 7531 2026/1/25 16:15:57 P15 73.07 22.15 0 6.52 21.3 974.14 972.7 329.742 471.191 4079.59 902.405 1148.376 1419.983 522.003 -140.381 -50.964 3205.414 -7.172 649.109 1138.153 327.911 1464.691 796.814 747.986 883.942 2436.066 1101.074 -5000 -9.003 -54.474 95.978 -8.24 95.062 560.913 300.446 1397.4 2056.58 3592.224 -1336.517 1119.08 932.922 566.101 651.55 269.928 2547.913 2502.441 2114.258 1739.655 1381.836 1017.761 658.875 -75.073 1454.163 6.256 95.978 3.052 -331.573 -677.643 -1016.693 -1361.084 -1702.271 -2040.558 -2379.913 -2705.536 733.185 840.454 456.543 100.25 8.392 -345.306 -701.752 558 375 400 25.92 21.16 4998 4998 2408 1 034
6058726 7531 2026/1/25 16:15:58 P15 73.19 22.06 0 6.62 21.26 974.11 972.71 325.928 471.802 4077.759 900.879 1147.461 1420.441 522.308 -40.588 -41.199 3218.994 -8.85 649.261 1136.475 328.217 1464.081 794.373 749.054 881.5 2439.575 1100.006 -5000 -5.341 -57.068 -16.174 -8.24 94.147 559.082 302.124 1398.01 2059.784 3619.385 -1335.449 1119.995 933.228 567.474 656.738 271.759 2543.03 2501.831 2109.985 1730.042 1371.46 1005.859 648.651 -70.19 1455.688 9.155 95.978 6.561 -330.2 -677.49 -1017.456 -1363.983 -1704.559 -2044.373 -2384.796 -2707.52 733.49 842.438 456.39 99.792 9.766 -347.595 -705.414 574 335 400 25.92 21.35 4998 4998 2408 1 034
6058727 7531 2026/1/25 16:15:59 P15 73.22 22.1 0 6.4 21.36 974.13 972.67 326.233 471.191 4076.08 902.71 1146.393 1418.915 522.003 -69.122 0.916 3211.365 -9.308 647.278 1136.627 328.217 1464.539 794.525 748.291 882.568 2440.033 1100.006 -5000 -5.951 -55.847 23.651 -9.46 97.046 557.709 300.14 1398.773 2061.92 3629.761 -1333.923 1118.622 933.838 565.796 655.518 270.386 2543.64 2500.763 2114.258 1737.213 1380.31 1016.693 659.027 -71.259 1457.672 0 95.52 4.883 -331.116 -673.37 -1014.709 -1360.321 -1700.592 -2040.71 -2377.319 -2702.942 733.643 841.217 457.153 100.25 5.646 -349.121 -704.041 567 335 400 25.91 21.04 4998 4998 2408 1 034
6058728 7531 2026/1/25 16:16:00 P15 73.13 22.06 0 6.55 21.26 974.15 972.7 326.996 470.123 4085.083 903.473 1147.156 1417.236 522.156 56.915 40.436 3230.286 -10.223 648.193 1136.017 328.674 1464.081 795.898 748.901 881.653 2435.303 1100.159 -5000 0.458 -54.169 -32.196 -7.935 94.91 561.371 300.903 1398.926 2062.073 3622.437 -1334.534 1118.469 933.075 571.594 652.008 271.301 2547.302 2500.916 2116.241 1740.112 1383.972 1017.914 658.722 -71.869 1463.623 6.256 94.91 11.139 -329.132 -672.302 -1013.031 -1357.422 -1697.693 -2039.185 -2376.556 -2703.552 735.016 843.964 463.104 102.692 8.087 -341.797 -696.564 574 350 400 25.95 21.08 4998 4998 2408 1 034
6058729 7531 2026/1/25 16:16:01 P15 73.14 22.24 0 6.55 21.24 974.15 972.68 326.996 471.802 4083.71 902.405 1147.156 1414.185 522.766 3.662 -14.801 3220.215 -8.545 647.888 1137.39 328.674 1463.318 794.83 749.817 883.179 2434.998 1100.006 -5000 -4.73 -50.812 31.738 -8.545 97.198 558.167 302.124 1399.689 2060.852 3636.627 -1334.686 1118.469 933.228 565.796 655.365 271.301 2547.607 2500 2109.985 1731.415 1371.765 1003.723 646.973 -72.327 1460.114 2.747 95.215 7.629 -329.895 -676.88 -1016.846 -1361.237 -1702.881 -2043.915 -2382.202 -2709.351 733.185 845.947 458.069 100.403 6.409 -349.426 -707.855 564 350 400 25.93 21.16 4998 4998 2408 1 034
6058730 7531 2026/1/25 16:16:02 P15 73.19 22.08 0 6.47 21.29 974.15 972.68 323.029 471.497 4081.116 907.44 1146.545 1416.931 522.461 34.637 18.311 3213.348 -8.545 647.278 1137.39 328.217 1464.539 794.22 749.054 882.568 2438.202 1101.99 -5000 0.61 -54.932 -48.523 -8.087 97.961 563.354 301.971 1400.604 2062.683 3629.608 -1338.959 1116.791 933.533 563.812 651.093 269.928 2548.37 2501.526 2113.342 1738.281 1380.615 1016.083 659.18 -74.005 1462.708 0.61 96.283 7.782 -330.048 -676.117 -1016.693 -1360.016 -1701.202 -2040.405 -2377.167 -2702.637 732.269 842.743 461.731 99.792 5.798 -347.748 -704.803 552 355 400 25.93 21.14 4998 4998 2408 1 034
6058731 7531 2026/1/25 16:16:03 P15 73.22 22.24 0 6.36 21.19 974.14 972.69 325.165 471.344 4080.658 901.642 1146.851 1417.542 522.461 -41.656 10.529 3228.912 -9.46 649.567 1135.101 328.217 1462.86 793.304 748.596 881.5 2441.711 1100.159 -5000 -2.136 -55.084 66.681 -9.766 93.536 559.235 302.277 1400.604 2052.002 3626.556 -1337.738 1118.927 934.753 564.117 659.332 270.233 2543.945 2502.289 2115.173 1741.943 1388.397 1024.17 670.166 -72.479 1464.081 9.918 94.91 10.986 -329.437 -673.065 -1013.184 -1356.201 -1696.167 -2034.912 -2371.216 -2696.075 734.406 844.421 457.611 101.471 8.545 -345.306 -700.378 552 355 400 25.93 21.14 4998 4998 2408 1 034
6058732 7531 2026/1/25 16:16:04 P15 73.27 22.03 0 6.65 21.32 974.09 972.66 326.385 471.802 4072.266 903.473 1147.308 1417.236 522.919 -9.766 -8.087 3229.523 -8.24 649.109 1137.695 328.522 1463.47 792.389 749.664 881.348 2441.406 1099.548 -5000 -10.376 -52.643 86.975 -9.46 93.231 558.167 301.208 1401.367 2063.751 3643.799 -1333.466 1119.385 934.143 565.186 655.975 268.707 2548.37 2500 2108.917 1729.584 1370.087 1003.571 648.346 -73.547 1462.86 12.817 97.046 6.256 -332.794 -679.016 -1020.508 -1366.577 -1707.764 -2046.509 -2387.543 -2711.182 732.727 846.405 454.102 99.03 7.782 -351.715 -709.534 564 320 400 25.89 21.19 4998 4998 2408 1 034
6058733 7531 2026/1/25 16:16:05 P15 73.24 22.12 0 6.5 21.19 974.12 972.65 327.148 471.497 4072.266 900.421 1147.156 1414.948 522.461 -65.155 18.005 3252.563 -7.019 647.888 1137.695 329.285 1463.165 793.61 750.122 881.653 2440.948 1100.159 -5000 -4.883 -53.101 37.079 -9.918 96.893 558.014 299.988 1402.13 2063.751 3633.423 -1334.839 1119.69 933.838 566.864 658.417 270.233 2549.438 2500 2112.427 1735.84 1379.089 1016.083 659.943 -75.836 1469.879 16.632 95.062 6.714 -330.963 -676.575 -1014.404 -1359.406 -1700.134 -2039.49 -2377.777 -2701.569 731.506 842.743 457.764 100.098 4.272 -347.748 -704.041 561 335 400 25.89 21.04 4998 4998 2408 1 034
6058734 7531 2026/1/25 16:16:06 P15 73.19 22.17 0 6.4 21.34 974.13 972.7 322.571 471.497 4079.59 899.2 1145.935 1416.626 522.766 -90.942 -18.921 3240.509 -9.613 649.109 1136.475 328.979 1462.86 792.694 749.054 882.111 2442.474 1097.717 -5000 -5.646 -54.321 34.332 -9.613 93.536 559.692 301.819 1402.893 2061.157 3629.913 -1341.248 1119.69 934.296 563.66 651.703 270.844 2543.793 2500.916 2117.157 1743.927 1389.618 1027.679 672.607 -74.921 1471.405 12.207 93.994 9.918 -329.895 -673.37 -1011.353 -1354.828 -1694.336 -2032.776 -2368.164 -2694.702 728.912 844.421 456.696 102.386 5.188 -344.543 -697.937 574 340 400 25.92 21.13 4998 4998 2408 1 034
6058735 7531 2026/1/25 16:16:07 P15 73.27 22.16 0 6.52 21.27 974.09 972.71 324.554 471.497 4073.181 900.421 1145.325 1413.727 523.071 2.441 -32.043 3221.13 -9.155 647.736 1125.488 328.674 1463.013 792.847 749.207 883.179 2444.916 1099.396 -5000 -3.052 -52.49 -3.357 -8.85 100.25 556.183 301.208 1402.435 2064.514 3634.033 -1334.686 1119.08 934.296 570.221 653.839 269.928 2543.793 2500.458 2111.816 1732.483 1376.343 1009.369 655.67 -73.853 1470.947 -12.817 96.283 5.341 -339.813 -679.321 -1018.372 -1362 -1702.423 -2042.389 -2382.05 -2706.146 731.506 845.49 454.559 94.452 8.698 -349.884 -708.923 573 345 400 25.93 21.06 4998 4998 2408 1 034
6058736 7531 2026/1/25 16:16:08 P15 73.14 22.1 0 6.45 21.2 974.13 972.7 322.418 470.428 4082.031 902.1 1145.782 1416.016 523.224 19.379 -25.33 3221.893 -7.935 647.736 1137.39 328.827 1462.86 793.915 750.275 881.958 2441.711 1099.854 -5000 -5.035 -56.152 -4.73 -9.308 99.182 560.76 301.208 1402.893 2064.514 3627.014 -1335.602 1118.774 934.296 567.474 654.297 269.623 2548.37 2501.984 2114.563 1739.502 1384.735 1020.203 663.147 -73.547 1476.44 8.392 95.673 8.24 -331.421 -676.117 -1014.862 -1358.185 -1698.303 -2037.659 -2375.183 -2698.212 732.574 846.405 464.935 100.403 6.866 -345.459 -701.904 564 320 400 25.89 21.05 4998 4998 2408 1 034
6058737 7531 2026/1/25 16:16:09 P15 73.24 22.16 0 6.47 21.19 974.15 972.7 324.707 470.886 4079.742 900.879 1145.782 1417.542 522.766 -29.297 -47.455 3251.648 -9.918 648.804 1135.254 328.522 1463.013 792.694 750.732 882.111 2431.641 1096.954 -5000 4.12 -52.948 -18.921 -9.613 90.485 558.624 300.751 1403.198 2061.768 3638.458 -1336.67 1119.232 934.906 573.12 663.757 270.233 2544.25 2502.289 2116.241 1745.605 1391.144 1028.9 671.387 -72.937 1476.135 6.256 96.436 7.629 -329.59 -673.523 -1011.963 -1355.286 -1694.794 -2033.997 -2372.131 -2697.906 732.117 846.1 453.339 101.471 3.51 -345.612 -699.921 578 310 400 25.95 21.08 4998 4998 2408 1 034
6058738 7531 2026/1/25 16:16:10 P15 73.17 22.15 0 6.47 21.23 974.08 972.66 323.792 470.886 4082.336 899.658 1146.851 1417.542 523.682 -8.545 -41.962 3229.37 -9.918 649.109 1135.864 329.132 1462.708 792.847 750.122 882.263 2444.153 1099.243 -5000 9.766 -54.779 21.82 -10.223 92.926 557.404 303.04 1403.656 2063.599 3633.728 -1334.381 1118.622 935.974 569.611 661.316 270.538 2545.013 2503.51 2112.732 1737.976 1380.31 1014.709 657.043 -74.31 1476.898 3.204 93.079 6.409 -330.505 -676.27 -1015.93 -1359.406 -1698.608 -2041.779 -2379.303 -2706.451 730.743 846.558 457.306 98.419 4.425 -345.917 -702.82 578 330 400 25.91 21.09 4998 4998 2408 1 034
6058739 7531 2026/1/25 16:16:11 P15 73.24 22.15 0 6.57 21.09 974.08 972.65 323.486 471.039 4081.116 898.59 1145.172 1412.964 523.834 -52.643 -25.024 3233.185 -9.308 646.973 1133.27 329.742 1461.487 792.542 750.275 882.416 2443.237 1098.633 -5000 5.035 -57.22 30.823 -7.477 94.91 559.692 300.598 1404.114 2064.056 3641.815 -1342.01 1119.843 934.448 569.153 659.485 270.386 2546.234 2501.526 2114.716 1742.096 1387.482 1025.543 668.793 -70.648 1480.713 -2.899 95.978 7.935 -331.116 -675.659 -1012.878 -1356.964 -1697.083 -2035.675 -2372.894 -2698.059 731.659 847.168 455.627 101.166 6.256 -345.459 -699.768 574 340 400 25.91 20.99 4998 4998 2408 1 034
6058740 7531 2026/1/25 16:16:12 P15 73.24 22.13 0 6.5 21.29 974.12 972.7 324.554 471.497 4071.96 897.522 1144.714 1416.168 524.139 -22.125 -17.09 3267.212 -6.409 647.736 1135.559 329.742 1463.165 792.389 751.495 880.585 2449.188 1099.701 -5000 -3.357 -59.052 15.564 -10.223 94.299 556.793 301.056 1404.419 2064.819 3627.93 -1334.229 1120.148 935.516 572.51 665.131 270.233 2546.844 2502.136 2113.953 1741.791 1386.719 1023.254 665.283 -71.411 1480.56 7.324 95.367 8.545 -329.132 -673.523 -1011.505 -1355.896 -1696.472 -2035.522 -2375.488 -2701.569 730.438 847.321 455.475 101.318 5.341 -343.933 -694.733 573 345 400 25.92 21.16 4998 4998 2408 1 034
6058741 7531 2026/1/25 16:16:13 P15 73.24 22.13 0 6.5 21.29 974.12 972.66 320.892 471.649 4079.895 896.606 1143.799 1410.37 523.834 -0.153 7.782 3233.185 -9.918 647.736 1135.864 329.132 1461.792 790.405 751.495 880.432 2443.848 1097.717 -5000 2.441 -56 39.673 -9.766 92.773 555.725 301.208 1405.029 2064.819 3660.889 -1335.449 1120.148 935.669 570.679 656.738 271.301 2542.572 2501.984 2111.816 1735.229 1375.732 1009.521 653.381 -66.833 1483.154 -13.275 95.673 9.308 -328.674 -673.676 -1014.252 -1358.49 -1700.897 -2040.71 -2379.15 -2706.604 733.185 854.187 458.221 101.166 8.545 -344.849 -703.888 573 345 400 25.92 21.16 4998 4998 2408 1 034
6058742 7531 2026/1/25 16:16:14 P15 73.26 22.15 0 6.62 21.2 974.1 972.65 322.723 471.497 4076.996 898.743 1143.951 1412.964 524.139 -21.973 0.763 3251.038 -8.698 647.43 1135.254 328.674 1462.86 789.642 751.19 881.5 2451.019 1099.243 -5000 3.967 -53.558 26.245 -8.85 95.367 556.793 301.361 1405.334 2055.206 3649.445 -1336.365 1119.843 936.127 568.237 661.163 270.538 2543.335 2502.136 2115.479 1745.148 1390.381 1029.053 672.76 -68.817 1484.528 -1.526 96.741 5.798 -327.301 -671.844 -1009.979 -1353.76 -1694.794 -2032.776 -2368.622 -2693.787 731.201 850.983 457.153 102.234 8.392 -343.475 -697.479 564 320 400 25.95 21.06 4998 4998 2408 1 034
6058743 7531 2026/1/25 16:16:15 P15 73.3 22.17 0 6.57 21.15 974.1 972.69 319.366 471.039 4080.658 898.895 1143.646 1416.321 524.139 37.994 7.019 3238.983 -10.376 649.719 1135.864 329.742 1461.334 791.168 752.258 881.5 2446.899 1096.191 -5000 2.441 -55.695 25.024 -10.681 94.147 558.472 302.887 1406.25 2064.362 3644.562 -1334.686 1119.69 935.669 567.627 654.907 270.233 2543.945 2503.357 2113.647 1739.197 1384.125 1015.167 661.774 -71.564 1479.797 -9.918 94.604 5.188 -328.217 -674.744 -1014.557 -1358.643 -1699.066 -2039.337 -2377.014 -2703.4 730.591 852.356 454.407 101.013 7.782 -346.985 -702.057 574 330 400 25.89 21.02 4998 4998 2408 1 034
6058744 7531 2026/1/25 16:16:16 P15 73.16 22.19 0 6.45 21.19 974.15 972.69 320.129 471.649 4083.557 894.165 1143.799 1413.727 523.987 -50.507 -31.738 3245.544 -9.308 647.43 1134.644 329.132 1462.555 790.71 751.19 881.805 2437.744 1097.412 -5000 -1.984 -54.932 11.749 -9.003 94.757 561.676 303.955 1406.555 2065.582 3646.24 -1336.517 1118.774 935.822 570.831 659.79 270.844 2547.302 2501.678 2110.596 1731.567 1372.375 1005.707 647.888 -67.596 1487.885 -0.916 95.825 10.681 -332.184 -677.643 -1017.609 -1363.525 -1705.78 -2044.373 -2386.017 -2709.961 732.117 852.203 456.848 101.624 7.782 -348.511 -706.787 564 340 400 25.91 20.99 4998 4998 2408 1 034
6058745 7531 2026/1/25 16:16:17 P15 73.29 22.03 0 6.42 21.25 974.1 972.7 322.113 471.497 4077.301 896.149 1143.646 1414.032 524.292 -133.057 -27.008 3236.847 -7.782 647.888 1135.406 328.369 1461.639 789.337 751.801 881.958 2451.782 1095.123 -5000 -8.545 -57.373 44.403 -10.681 94.147 558.167 301.666 1407.013 2063.141 3663.177 -1335.144 1120.758 936.279 569.916 657.349 270.386 2543.03 2501.678 2111.511 1736.755 1380.31 1017.609 661.316 -70.19 1486.969 -12.817 93.994 7.782 -330.963 -677.643 -1016.846 -1360.779 -1701.05 -2039.795 -2377.014 -2701.263 730.896 850.983 455.17 99.335 5.646 -362.701 -713.043 573 340 400 25.92 20.96 4998 4998 2408 1 034
6058746 7531 2026/1/25 16:16:18 P15 73.24 22.16 0 6.35 21.1 974.08 972.66 319.977 471.344 4080.2 895.081 1143.341 1413.574 524.292 54.474 -37.384 3264.16 -7.324 647.43 1135.559 329.742 1462.402 789.795 750.58 881.958 2448.883 1097.565 -5000 -3.662 -55.389 62.103 -9.155 97.809 560.455 300.598 1407.471 2065.125 3656.006 -1336.365 1119.232 936.432 570.679 658.112 270.844 2548.981 2502.289 2113.495 1737.518 1378.174 1011.963 654.297 -69.275 1486.664 7.782 94.604 6.256 -329.59 -675.507 -1015.472 -1360.321 -1701.355 -2040.863 -2379.761 -2705.383 729.675 852.966 456.085 98.724 9.918 -346.832 -702.209 564 330 400 25.89 20.92 4998 4998 2408 1 034
6058747 7531 2026/1/25 16:16:19 P15 73.27 22.12 0 6.35 21.09 974.11 972.67 319.214 471.497 4072.876 895.996 1143.646 1415.1 524.445 -31.891 4.12 3261.566 -8.087 648.193 1133.881 329.895 1461.487 789.795 752.411 879.517 2452.24 1097.26 -5000 -1.221 -56.305 70.953 -10.223 93.842 554.81 301.971 1407.623 2066.193 3663.025 -1340.637 1120.3 936.584 564.575 661.011 271.301 2546.387 2502.594 2109.528 1731.262 1373.291 1008.301 652.161 -70.953 1488.8 22.583 98.419 6.104 -331.573 -677.338 -1020.203 -1362.762 -1704.254 -2043.152 -2384.033 -2706.757 729.523 852.814 455.322 98.267 8.087 -348.358 -708.466 578 330 400 25.92 20.99 4998 4998 2408 1 034
6058748 7531 2026/1/25 16:16:20 P15 73.33 22.13 0 6.42 21.17 974.11 972.67 322.266 471.039 4076.996 897.827 1145.63 1412.811 524.597 -69.733 14.038 3240.967 -8.85 648.956 1135.406 330.2 1461.487 789.948 752.716 881.195 2451.172 1096.344 -5000 -5.493 -56.915 -21.973 -7.019 93.384 559.692 301.056 1407.471 2060.242 3668.518 -1340.332 1121.368 936.432 572.357 661.774 271.301 2548.828 2499.695 2112.274 1739.502 1381.073 1017.914 663.3 -69.733 1486.816 -5.035 95.215 4.425 -339.355 -685.12 -1023.56 -1367.035 -1706.39 -2043.915 -2379.303 -2704.773 730.591 853.424 454.712 99.335 9.003 -348.358 -705.109 570 335 400 25.93 20.96 4998 4998 2408 1 034
6058749 7531 2026/1/25 16:16:21 P15 73.36 22.13 0 6.38 21.06 974.12 972.67 319.977 472.412 4080.963 900.421 1144.257 1412.811 524.597 -4.12 -0.61 3249.664 -7.324 647.583 1133.423 328.979 1460.571 789.642 752.869 881.805 2447.968 1094.818 -5000 -5.951 -56.61 41.504 -9.613 94.604 556.793 301.514 1408.691 2064.667 3672.028 -1335.602 1120.148 936.279 572.968 653.839 270.844 2545.471 2500.305 2115.936 1743.317 1390.228 1027.985 671.539 -65.155 1490.936 3.662 98.724 5.798 -327.148 -671.539 -1009.979 -1353.607 -1693.42 -2031.403 -2368.317 -2694.55 733.185 856.628 456.085 103.149 9.308 -342.865 -698.09 575 340 400 25.95 20.87 4998 4998 2408 1 034
6058750 7531 2026/1/25 16:16:22 P15 73.34 22.19 0 6.57 21.16 974.11 972.68 319.519 470.734 4076.538 900.116 1144.257 1411.285 524.902 2.441 -42.572 3259.583 -8.545 649.109 1136.627 330.048 1461.334 788.269 752.716 881.195 2446.747 1096.191 -5000 -5.035 -57.678 53.253 -7.324 94.604 559.082 302.277 1407.776 2062.073 3663.788 -1335.449 1119.995 936.89 573.578 664.062 270.233 2546.844 2501.068 2110.596 1735.229 1376.495 1011.81 657.349 -64.697 1489.563 -0.305 95.215 9.766 -333.252 -678.711 -1018.372 -1363.983 -1704.865 -2043.61 -2382.202 -2707.062 731.354 853.271 455.322 97.046 5.951 -348.663 -707.092 565 345 400 25.93 20.91 4998 4998 2408 1 034
6058751 7531 2026/1/25 16:16:23 P15 73.31 22.09 0 6.3 21.12 974.11 972.66 319.366 471.497 4074.554 898.59 1143.188 1412.048 525.818 -98.877 -3.204 3258.667 -8.392 648.193 1135.101 329.437 1462.097 789.185 753.784 880.89 2449.188 1096.191 -5000 -12.97 -58.441 -9.613 -9.918 97.046 557.861 301.971 1408.539 2065.887 3663.33 -1336.365 1119.69 937.347 573.273 660.553 270.233 2549.438 2501.678 2114.258 1740.57 1384.583 1021.423 666.656 -67.139 1492.462 6.409 94.757 5.341 -330.658 -677.338 -1015.472 -1366.425 -1701.202 -2036.896 -2371.979 -2698.364 730.286 856.628 456.238 101.776 6.409 -347.595 -702.82 565 345 400 25.93 20.91 4998 4998 2408 1 034
6058752 7531 2026/1/25 16:16:24 P15 73.3 22.12 0 6.54 20.88 974.11 972.67 318.756 470.428 4082.642 897.369 1143.036 1411.743 524.902 24.109 -26.703 3274.231 -9.46 647.888 1134.338 329.437 1460.724 789.49 752.869 880.737 2445.679 1096.039 -5000 -12.817 -56.305 32.654 -10.071 94.91 556.183 302.429 1409.302 2067.566 3668.671 -1334.991 1119.537 938.11 563.507 660.858 271.606 2545.929 2501.831 2114.41 1741.333 1387.482 1025.238 670.319 -68.97 1497.803 12.817 96.13 10.529 -329.285 -673.065 -1011.505 -1355.438 -1695.404 -2034.302 -2370.3 -2698.364 731.812 855.255 457.764 101.776 5.951 -342.407 -697.479 573 340 400 25.91 20.99 4998 4998 2408 1 034
6058753 7531 2026/1/25 16:16:25 P15 73.38 22.13 0 6.48 21.06 974.1 972.67 319.519 470.886 4082.336 898.438 1141.968 1407.166 525.055 -16.479 -14.648 3259.125 -9.308 648.193 1134.796 330.048 1461.334 789.49 753.021 881.042 2454.529 1097.412 -5000 -7.477 -56.61 48.676 -10.223 97.961 556.641 303.04 1409.302 2066.498 3686.066 -1341.248 1119.385 937.347 571.899 664.978 270.233 2545.471 2501.984 2112.427 1736.908 1382.141 1018.524 662.537 -70.19 1497.803 16.479 93.231 4.883 -333.099 -677.49 -1017.456 -1361.237 -1701.202 -2040.253 -2377.625 -2702.179 729.065 855.408 455.322 99.64 8.24 -345.154 -702.209 573 345 400 25.93 20.89 4998 4998 2408 1 034
6058754 7531 2026/1/25 16:16:26 P15 73.38 22.16 0 6.45 21.09 974.1 972.65 317.383 470.581 4079.742 888.519 1142.883 1412.659 525.818 -65.918 -31.586 3255.463 -9.155 647.125 1135.406 329.742 1460.724 786.438 753.326 880.89 2441.254 1094.36 -5000 -9.918 -59.204 23.499 -9.766 95.062 557.098 303.192 1409.454 2066.498 3696.899 -1337.433 1120.911 937.195 576.172 658.569 271.149 2544.861 2501.068 2117.767 1745.148 1390.076 1027.374 670.624 -67.596 1498.26 13.733 97.198 7.172 -327.759 -672.607 -1011.2 -1355.286 -1694.946 -2034.607 -2371.674 -2696.228 729.675 858.612 456.543 102.997 8.698 -343.17 -698.09 564 345 400 25.95 20.8 4998 4998 2408 1 034
6058755 7531 2026/1/25 16:16:27 P15 73.36 22.13 0 6.69 20.98 974.05 972.65 318.909 471.039 4073.334 888.672 1141.968 1406.86 525.513 37.537 -5.035 3269.348 -10.071 648.346 1129.913 330.048 1460.419 787.048 753.632 881.195 2456.818 1095.581 -5000 -12.36 -57.22 -3.967 -7.324 98.877 557.251 302.429 1410.065 2067.719 3677.368 -1336.212 1120.911 935.974 568.848 662.689 270.691 2544.098 2501.221 2115.021 1742.249 1384.888 1022.797 665.588 -71.869 1501.007 4.578 95.52 7.629 -328.979 -673.828 -1013.794 -1356.812 -1699.066 -2038.269 -2374.268 -2702.026 736.847 856.018 456.39 101.318 7.477 -345.612 -699.463 576 340 400 25.88 20.8 4998 4998 2408 1 034
6058756 7531 2026/1/25 16:16:28 P15 73.4 22.13 0 6.64 21.06 974.09 972.64 318.604 470.734 4080.048 888.977 1141.815 1412.964 524.902 -40.436 24.567 3239.746 -9.46 649.109 1132.355 330.353 1460.571 788.116 752.869 879.364 2455.75 1093.75 -5000 -9.308 -57.068 10.223 -9.766 97.656 556.793 302.429 1410.217 2064.209 3673.553 -1334.991 1121.063 937.653 568.848 662.842 270.996 2543.335 2502.289 2109.07 1730.347 1371.46 1004.639 648.651 -72.784 1499.634 7.172 95.978 4.272 -332.031 -676.88 -1017.914 -1363.831 -1705.017 -2045.135 -2384.644 -2709.045 727.997 857.239 454.407 98.267 5.798 -349.579 -707.55 565 330 400 25.93 20.92 4998 4998 2408 1 034
6058757 7531 2026/1/25 16:16:29 P15 73.27 22.1 0 6.52 21.11 974.09 972.67 322.113 470.123 4081.879 890.198 1142.883 1411.133 525.665 -35.553 16.632 3246.155 -9.918 646.973 1129.456 329.895 1459.961 787.201 753.784 882.263 2456.818 1095.581 -5000 -7.324 -59.357 8.24 -8.545 94.147 554.504 302.124 1410.37 2063.446 3675.537 -1343.994 1120.605 937.653 574.646 659.79 270.996 2545.013 2500.305 2117.31 1742.401 1388.397 1026.459 668.793 -69.885 1503.601 2.899 96.283 8.24 -330.048 -673.828 -1012.878 -1355.591 -1696.014 -2035.37 -2371.216 -2700.653 731.812 857.697 458.679 103.607 7.782 -342.865 -697.784 574 340 400 25.92 20.87 4998 4998 2408 1 034
6058758 7531 2026/1/25 16:16:30 P15 73.33 22.21 0 6.62 20.99 974.09 972.65 316.467 470.581 4072.876 893.86 1141.052 1412.506 526.123 -50.812 0.763 3258.972 -7.782 647.125 1133.728 330.658 1462.708 786.896 753.479 880.585 2454.987 1095.428 -5000 -8.698 -60.272 6.256 -9.766 96.283 556.335 301.666 1410.522 2066.65 3672.333 -1334.381 1120.911 937.958 572.815 658.569 270.996 2549.133 2499.847 2115.631 1737.518 1380.92 1015.167 657.043 -70.801 1502.838 5.493 93.231 4.73 -330.963 -674.591 -1015.472 -1359.711 -1700.592 -2041.473 -2379.456 -2705.994 728.455 855.408 457.458 99.945 5.341 -344.696 -702.209 566 340 400 25.93 20.87 4998 4998 2408 1 034
6058759 7531 2026/1/25 16:16:31 P15 73.27 22.2 0 6.32 20.83 974.05 972.67 319.214 471.039 4078.217 892.334 1140.9 1411.743 525.665 -48.065 -42.114 3262.177 -7.172 647.278 1134.033 330.2 1459.808 786.438 753.479 879.974 2457.275 1095.581 -5000 -2.136 -58.441 -14.648 -9.308 98.419 559.082 301.819 1411.285 2062.836 3665.009 -1335.449 1120.758 937.958 573.425 661.163 270.538 2547.455 2501.221 2108.154 1730.499 1371.155 1004.639 649.261 -67.444 1503.143 -1.373 95.215 7.629 -333.557 -679.016 -1020.203 -1364.288 -1704.407 -2045.746 -2384.033 -2710.571 729.828 858.917 455.933 98.114 5.493 -349.426 -708.16 574 355 400 25.95 20.84 4998 4998 2408 1 034
6058760 7531 2026/1/25 16:16:32 P15 73.29 22.12 0 6.47 21 974.1 972.62 316.772 469.666 4078.217 891.113 1141.51 1411.438 526.123 60.883 -20.752 3269.348 -7.324 647.736 1133.27 330.811 1458.435 787.964 753.784 880.127 2458.191 1094.971 -5000 -2.136 -56.915 46.082 -9.308 95.52 560.608 300.903 1411.591 2062.531 3663.94 -1336.212 1120.758 937.805 569.458 659.18 270.996 2548.37 2501.678 2112.732 1737.976 1380.92 1017.456 662.384 -68.97 1504.822 25.787 96.436 8.698 -330.048 -677.032 -1015.472 -1359.1 -1700.897 -2039.032 -2375.641 -2700.958 730.743 859.68 457.306 100.098 5.798 -345.612 -702.515 562 350 400 25.93 20.84 4998 4998 2408 1 034
6058761 7531 2026/1/25 16:16:33 P15 73.4 22.09 0 6.37 20.99 974.05 972.62 318.756 470.581 4084.778 891.876 1141.815 1410.065 525.97 -8.087 -4.272 3276.672 -7.172 648.041 1133.728 330.811 1459.808 786.438 754.395 880.585 2458.801 1095.581 -5000 -5.798 -55.542 87.585 -8.545 98.572 559.235 301.971 1411.438 2062.683 3688.965 -1334.686 1119.537 938.416 570.526 662.994 271.149 2546.082 2502.441 2113.647 1735.077 1376.648 1009.521 647.583 -67.749 1505.89 4.272 95.215 9.918 -330.2 -675.049 -1015.625 -1361.237 -1702.118 -2042.847 -2385.254 -2709.808 731.201 860.138 455.627 97.504 6.409 -348.053 -705.872 573 355 400 25.91 20.82 4998 4998 2408 1 034
6058762 7531 2026/1/25 16:16:34 P15 73.43 22.15 0 6.55 21.03 974.09 972.66 317.078 470.581 4080.2 891.113 1139.984 1411.133 526.428 -33.569 -25.635 3270.264 -9.46 648.804 1132.355 329.59 1460.114 785.065 754.089 880.585 2455.444 1092.987 -5000 0.153 -56.458 10.986 -9.46 97.198 554.962 302.429 1412.048 2066.956 3684.387 -1336.67 1119.995 939.636 572.51 652.771 270.996 2543.793 2502.136 2109.985 1732.33 1378.021 1012.878 656.738 -66.528 1508.942 0.763 95.52 9.613 -331.573 -677.185 -1016.846 -1360.931 -1700.745 -2041.473 -2380.676 -2703.705 729.828 859.985 457.458 98.419 7.782 -347.595 -705.566 573 355 400 25.91 20.82 4998 4998 2408 1 034
6058763 7531 2026/1/25 16:16:35 P15 73.38 22.17 0 6.28 21.06 974.15 972.68 315.704 470.428 4083.557 891.418 1140.137 1406.86 526.581 16.174 -24.261 3275.757 -8.85 646.973 1133.728 330.505 1460.419 786.743 754.7 880.28 2458.496 1095.581 -5000 2.747 -54.626 -22.125 -8.087 95.52 557.709 302.582 1412.811 2068.787 3698.73 -1333.313 1120.148 938.416 578.613 662.079 269.928 2547.455 2500.763 2114.563 1739.502 1384.583 1021.118 665.588 -67.139 1505.89 -9.003 95.978 4.73 -331.421 -675.812 -1014.404 -1358.948 -1698.608 -2036.896 -2373.81 -2698.212 727.234 864.563 454.865 100.098 8.087 -345.764 -700.684 563 360 400 25.92 20.78 4998 4998 2408 1 034
6058764 7531 2026/1/25 16:16:36 P15 73.38 22.16 0 6.33 20.94 974.12 972.68 315.094 470.886 4077.606 891.876 1141.052 1409.912 526.581 -46.234 16.479 3277.74 -8.545 648.804 1134.186 330.505 1459.503 785.217 754.089 879.974 2460.938 1094.055 -5000 -1.831 -55.695 -2.289 -6.561 93.536 557.709 300.598 1411.591 2063.446 3683.167 -1335.602 1120.148 937.805 570.831 661.316 271.301 2547.76 2501.984 2110.138 1730.194 1371.002 1004.028 646.667 -70.801 1511.078 6.256 93.536 5.493 -333.71 -678.864 -1019.44 -1364.288 -1705.475 -2046.967 -2386.475 -2711.182 729.065 860.291 456.848 97.809 3.967 -347.748 -706.177 562 370 400 25.93 20.82 4998 4999 2408 1 034
6058765 7531 2026/1/25 16:16:37 P15 73.51 22.15 0 6.44 21.07 974.11 972.67 316.162 471.344 4081.421 892.334 1139.679 1404.419 526.581 -67.749 12.512 3292.389 -8.392 647.125 1133.728 330.048 1459.808 785.828 754.7 880.585 2458.801 1095.428 -5000 5.035 -58.746 4.578 -8.698 98.572 557.404 301.514 1412.659 2069.092 3684.845 -1338.654 1120.605 939.026 573.425 657.196 270.996 2548.676 2502.594 2112.732 1737.823 1380.157 1016.541 661.621 -68.054 1508.789 16.785 97.198 8.545 -329.132 -675.049 -1015.778 -1360.016 -1700.592 -2039.49 -2376.862 -2702.484 729.37 862.579 455.322 100.708 11.292 -352.936 -707.092 574 375 400 25.92 20.73 4998 4999 2408 1 034
6058766 7531 2026/1/25 16:16:38 P15 73.51 22.15 0 6.44 21.07 974.08 972.64 318.146 470.886 4070.74 894.928 1140.442 1401.978 526.886 -43.945 -23.041 3289.337 -7.629 647.278 1131.897 330.658 1460.114 784.912 754.395 880.28 2463.379 1095.581 -5000 9.308 -59.357 93.231 -9.46 96.893 554.962 301.666 1412.659 2068.787 3685.913 -1335.297 1121.063 939.331 575.104 663.3 270.233 2546.692 2499.847 2115.326 1741.028 1387.024 1025.238 667.114 -69.58 1508.789 6.714 95.52 5.188 -332.184 -676.27 -1013.641 -1357.88 -1697.235 -2035.98 -2371.826 -2696.686 728.149 863.953 453.796 100.708 7.019 -345.001 -699.615 565 390 400 25.92 20.78 4998 4999 2408 1 034
6058767 7531 2026/1/25 16:16:39 P15 73.43 22.03 0 6.49 21.03 974.11 972.67 317.841 471.497 4069.672 892.029 1139.984 1403.961 526.733 52.643 -3.357 3285.675 -8.545 647.583 1129.456 330.048 1458.74 785.217 754.242 880.28 2463.531 1093.14 -5000 -5.493 -61.34 -6.866 -6.256 98.267 557.251 301.819 1413.269 2068.176 3688.354 -1336.06 1121.216 938.721 576.477 658.112 271.454 2548.981 2502.594 2113.647 1739.502 1383.209 1019.897 661.316 -67.291 1513.519 1.068 96.741 10.529 -330.505 -674.744 -1012.878 -1356.659 -1697.235 -2036.591 -2374.573 -2700.348 730.286 864.258 456.848 101.471 7.172 -344.238 -699.768 564 395 400 25.92 20.7 4998 4999 2408 1 034
6058768 7531 2026/1/25 16:16:40 P15 73.36 22.15 0 6.48 21.05 974.09 972.66 311.89 470.276 4077.301 891.266 1139.221 1408.081 527.344 -16.937 -19.531 3278.046 -7.019 648.804 1131.592 329.895 1459.961 783.844 754.242 880.28 2462.463 1091.461 -5000 -12.97 -61.34 32.501 -10.071 94.299 554.81 303.04 1413.116 2066.193 3689.423 -1335.144 1121.368 938.721 574.646 661.926 270.996 2541.962 2502.289 2114.563 1737.976 1383.209 1019.135 663.147 -69.427 1510.773 1.221 95.673 2.747 -330.658 -677.49 -1016.235 -1359.711 -1699.066 -2038.574 -2375.946 -2700.043 727.844 864.563 456.543 99.945 5.951 -346.985 -703.888 578 380 400 25.91 20.65 4998 4998 2408 1 034
6058769 7531 2026/1/25 16:16:41 P15 73.36 22.13 0 6.48 20.9 974.13 972.68 315.704 470.428 4082.031 890.656 1139.832 1408.844 527.039 78.735 -60.272 3277.74 -9.766 647.278 1133.27 330.963 1458.282 784.454 755.005 880.737 2462.616 1093.14 -5000 -4.425 -62.103 -9.613 -8.85 94.452 555.42 303.345 1412.811 2063.751 3704.376 -1334.076 1120.605 939.178 571.136 665.436 271.606 2545.929 2500.916 2118.073 1744.232 1389.923 1028.442 669.861 -68.359 1515.35 -13.733 92.621 5.493 -331.573 -675.049 -1011.353 -1356.659 -1696.32 -2034.607 -2371.521 -2696.838 727.997 864.258 455.322 101.929 6.714 -344.238 -698.242 569 390 400 25.93 20.75 4998 4998 2408 1 034
6058770 7531 2026/1/25 16:16:42 P15 73.44 22.13 0 6.4 21 974.1 972.69 315.399 470.123 4075.317 893.707 1139.526 1404.877 527.496 64.087 -28.839 3274.078 -10.681 648.193 1133.881 330.353 1459.351 784.607 754.852 880.737 2459.717 1092.377 -5000 -2.594 -62.714 25.024 -7.935 98.724 557.404 301.514 1414.032 2067.719 3696.136 -1335.297 1121.979 938.873 578.003 659.027 271.912 2548.981 2499.847 2114.563 1736.908 1379.395 1015.93 656.586 -65.765 1516.571 -7.324 96.283 8.392 -332.336 -677.185 -1014.557 -1360.474 -1701.66 -2041.473 -2380.676 -2706.146 729.37 866.241 456.848 100.555 6.866 -343.933 -699.158 574 395 400 25.92 20.73 4998 4998 2408 1 034
6058771 7531 2026/1/25 16:16:43 P15 73.38 22.15 0 6.35 20.85 974.1 972.67 314.026 470.734 4079.59 894.623 1139.526 1407.928 527.039 -98.267 -16.632 3299.713 -9.766 649.414 1127.93 330.048 1457.825 782.623 754.089 881.805 2463.684 1092.682 -5000 -4.12 -60.425 -67.444 -10.071 92.926 557.098 302.124 1414.49 2064.972 3687.134 -1335.907 1120.758 939.331 573.12 663.757 270.844 2543.793 2503.052 2115.784 1742.554 1388.397 1025.696 669.708 -66.223 1517.181 0.61 95.367 7.324 -331.573 -675.964 -1014.557 -1357.117 -1697.388 -2035.98 -2373.352 -2697.449 727.539 864.868 461.121 99.487 5.798 -347.137 -701.752 573 410 400 25.92 20.63 4998 4998 2408 1 034
6058772 7531 2026/1/25 16:16:44 P15 73.38 22.16 0 6.34 20.96 974.05 972.62 312.958 470.123 4080.658 892.334 1138.763 1407.928 527.649 19.379 -10.071 3248.901 -9.766 648.193 1130.371 330.2 1458.435 782.623 755.005 880.28 2461.853 1092.072 -5000 -2.441 -56.763 66.376 -9.766 94.91 556.946 302.734 1413.422 2065.277 3691.406 -1336.365 1121.063 939.331 575.867 665.436 270.691 2543.64 2502.899 2114.868 1741.943 1387.024 1024.475 666.809 -64.85 1517.944 4.73 93.842 8.545 -329.59 -674.133 -1012.726 -1356.506 -1696.167 -2035.98 -2373.352 -2700.653 727.844 864.868 455.475 100.708 5.035 -343.628 -697.632 573 410 400 25.92 20.63 4998 4998 2408 1 034
6058773 7531 2026/1/25 16:16:45 P15 73.36 22.17 0 6.54 20.98 974.09 972.64 313.11 470.428 4081.879 891.113 1140.137 1411.133 527.344 38.452 11.139 3289.795 -9.613 646.973 1130.981 329.742 1458.282 783.997 755.157 880.432 2461.548 1091.156 -5000 -6.256 -56.763 -1.068 -10.071 93.079 555.115 302.429 1414.185 2068.939 3672.791 -1336.975 1120.453 939.789 577.087 662.537 270.996 2546.082 2502.441 2113.953 1735.84 1378.174 1010.895 652.771 -63.934 1517.944 16.327 97.809 6.409 -331.421 -675.201 -1015.32 -1360.474 -1702.881 -2041.473 -2382.812 -2706.604 728.149 863.037 456.085 103.607 8.698 -348.053 -703.888 557 405 400 25.89 20.65 4998 4998 2408 1 034
6058774 7531 2026/1/25 16:16:46 P15 73.41 22.1 0 6.47 21.05 974.06 972.6 312.5 469.818 4078.217 890.198 1140.442 1409.76 527.496 -112.305 -21.21 3272.4 -9.613 647.125 1128.54 330.505 1457.214 781.86 755.31 881.5 2465.363 1090.393 -5000 9.46 -57.526 -30.212 -9.613 95.52 556.03 301.819 1414.795 2066.345 3705.444 -1336.517 1121.826 938.721 573.273 658.112 272.369 2544.098 2501.526 2112.122 1737.366 1380.005 1016.541 659.943 -64.697 1516.418 14.648 95.367 5.646 -332.642 -678.711 -1017.609 -1361.694 -1702.271 -2041.626 -2378.387 -2704.62 728.455 867.767 455.017 97.656 7.019 -350.952 -707.092 574 415 400 25.95 20.73 4998 4998 2408 1 034
6058775 7531 2026/1/25 16:16:47 P15 73.34 22.17 0 6.42 20.85 974.09 972.67 309.753 471.344 4079.132 888.672 1137.848 1406.403 528.107 25.33 -2.289 3281.25 -7.172 646.667 1131.897 330.048 1458.588 782.318 755.31 881.042 2465.21 1092.072 -5000 0 -57.373 14.954 -8.545 96.588 557.556 301.514 1415.1 2067.413 3704.376 -1334.686 1120.453 939.178 570.679 658.875 271.149 2548.981 2502.747 2114.563 1741.486 1384.583 1019.135 660.553 -65.308 1521.454 4.73 98.267 9.46 -328.674 -673.676 -1013.031 -1357.269 -1697.998 -2037.201 -2377.472 -2703.094 728.912 867.462 458.221 102.081 7.019 -343.781 -699.463 564 420 400 25.89 20.7 4998 4998 2408 1 034
6058776 7531 2026/1/25 16:16:48 P15 73.4 22.15 0 6.45 20.97 974.09 972.67 312.958 470.123 4076.691 888.214 1138.458 1403.503 527.954 3.204 -7.782 3263.55 -6.866 648.804 1131.134 329.742 1457.672 782.471 754.7 879.669 2464.6 1091.766 -5000 2.441 -58.899 10.071 -8.087 95.367 556.793 302.124 1415.405 2067.413 3703.461 -1336.06 1121.521 939.941 571.442 659.485 269.928 2546.997 2501.984 2106.781 1729.279 1370.697 1003.265 646.21 -70.496 1519.775 -4.272 95.215 5.341 -332.947 -678.558 -1020.508 -1365.051 -1706.39 -2046.967 -2386.627 -2710.266 725.861 866.089 456.085 94.299 4.12 -350.189 -708.618 565 430 400 25.89 20.66 4998 4998 2408 1 034
6058777 7531 2026/1/25 16:16:49 P15 73.3 22.15 0 6.45 20.83 974.1 972.7 310.822 470.428 4080.963 891.266 1139.526 1407.623 527.496 -14.496 27.466 3284.302 -9.308 646.057 1127.93 330.048 1458.282 781.555 754.7 880.585 2467.041 1091.461 -5000 -0.305 -59.509 59.052 -9.308 95.673 553.741 302.429 1415.1 2066.04 3689.728 -1336.67 1120.911 939.789 572.968 655.823 271.454 2544.708 2500.305 2113.495 1738.892 1382.904 1017.303 662.231 -65.002 1516.571 14.648 93.079 8.087 -329.895 -675.659 -1015.472 -1358.643 -1698.914 -2038.116 -2376.404 -2701.111 729.675 869.141 457.458 100.555 7.935 -347.595 -705.261 563 440 400 25.99 20.56 4998 4998 2408 1 034
6058778 7531 2026/1/25 16:16:50 P15 73.36 22.19 0 6.5 20.93 974.1 972.64 310.516 470.581 4073.486 892.487 1138 1405.64 527.954 -7.782 20.905 3279.419 -9.155 647.583 1132.507 330.2 1459.351 781.403 755.615 880.432 2465.21 1091.309 -5000 -2.136 -57.831 12.36 -10.529 97.961 555.878 301.514 1416.016 2070.618 3698.12 -1340.027 1120.911 940.247 577.393 653.992 271.606 2550.659 2502.441 2110.901 1734.924 1376.038 1009.979 652.008 -62.103 1522.98 0.458 96.893 10.834 -329.132 -675.049 -1016.083 -1359.558 -1702.423 -2041.473 -2380.829 -2707.367 729.98 871.582 455.933 100.25 7.324 -346.68 -704.803 573 425 400 25.93 20.61 4998 4998 2408 1 034
6058779 7531 2026/1/25 16:16:51 P15 73.36 22.15 0 6.36 20.93 974.04 972.64 313.568 469.971 4069.977 890.656 1137.848 1404.114 527.649 -33.722 -6.409 3306.274 -8.545 647.736 1129.761 330.048 1457.214 782.166 755.92 880.432 2469.33 1090.546 -5000 -1.984 -56.305 -35.4 -7.782 95.825 554.962 302.277 1415.863 2071.075 3689.117 -1334.076 1121.216 939.789 578.766 665.588 270.538 2548.523 2502.594 2111.359 1733.704 1374.817 1008.453 653.534 -63.629 1522.522 6.714 95.52 8.087 -334.625 -681 -1020.508 -1364.746 -1706.39 -2046.356 -2385.101 -2709.045 726.776 867.462 455.17 95.978 3.967 -351.562 -708.771 569 425 400 25.92 20.58 4998 4998 2408 1 034
6058780 7531 2026/1/25 16:16:52 P15 73.3 22.19 0 6.67 20.82 974.09 972.68 309.906 470.123 4082.184 888.672 1136.627 1404.877 528.412 -23.804 -39.52 3305.359 -6.561 647.583 1130.829 329.742 1456.757 781.097 755.31 880.127 2467.041 1092.224 -5000 1.831 -59.204 -20.142 -9.613 95.367 554.047 302.429 1417.236 2070.312 3715.21 -1336.06 1120.605 940.704 572.052 659.79 270.538 2546.539 2502.289 2112.427 1737.976 1384.277 1020.966 665.741 -62.866 1523.285 1.221 98.572 10.071 -328.674 -674.133 -1013.031 -1356.964 -1697.693 -2036.896 -2374.115 -2698.822 728.76 871.277 456.238 99.945 8.392 -345.917 -705.719 574 425 400 25.92 20.61 4998 4998 2408 1 034
6058781 7531 2026/1/25 16:16:53 P15 73.37 22.21 0 6.36 20.89 974.1 972.67 312.805 469.055 4070.74 890.045 1137.695 1403.656 528.107 -45.929 -27.313 3305.054 -8.24 647.888 1131.134 329.59 1456.146 780.334 755.157 879.364 2469.025 1091.919 -5000 -10.834 -61.188 43.64 -8.392 95.062 554.962 301.666 1416.016 2070.923 3712.311 -1336.517 1121.674 939.636 573.73 671.387 271.301 2549.744 2502.136 2115.021 1742.706 1387.329 1025.696 668.335 -64.545 1522.675 2.594 96.741 5.188 -328.369 -671.844 -1011.353 -1354.98 -1695.557 -2034.302 -2371.063 -2697.601 728.149 869.904 453.796 102.234 6.866 -345.764 -698.853 564 430 400 25.89 20.63 4998 4998 2408 1 034
6058782 7531 2026/1/25 16:16:54 P15 73.36 22.17 0 6.52 20.79 974.11 972.66 309.448 470.276 4072.266 890.198 1136.932 1401.672 528.564 -36.316 17.853 3296.051 -7.782 647.278 1127.014 329.132 1457.214 779.877 755.005 882.568 2471.161 1090.24 -5000 -2.747 -59.509 36.774 -6.409 99.182 555.42 303.345 1417.236 2071.075 3700.256 -1333.923 1121.063 941.315 580.292 670.776 270.691 2545.166 2502.441 2113.8 1735.992 1379.395 1016.235 659.485 -61.188 1522.675 7.629 95.52 6.866 -331.268 -676.422 -1015.472 -1361.084 -1701.508 -2040.558 -2378.998 -2702.026 726.471 871.887 454.407 99.945 6.714 -347.443 -704.041 574 445 400 25.92 20.67 4998 4998 2408 1 034
6058783 7531 2026/1/25 16:16:55 P15 73.26 22.12 0 6.36 20.92 974.07 972.67 310.364 468.292 4072.723 893.097 1136.78 1403.503 528.564 -28.839 -44.403 3287.048 -7.629 647.125 1131.134 330.2 1457.214 781.25 755.615 880.28 2469.33 1091.919 -5000 -8.087 -56.152 4.12 -10.223 95.215 554.047 301.361 1417.847 2071.228 3712.616 -1335.449 1121.979 940.552 581.207 666.046 271.301 2549.744 2500 2117.004 1742.249 1386.871 1024.323 668.182 -61.493 1524.658 1.526 97.046 9.003 -328.217 -672.913 -1011.353 -1354.523 -1695.404 -2034.149 -2369.995 -2695.77 729.065 873.718 457.001 100.708 7.324 -345.306 -698.395 574 445 400 25.92 20.67 4998 4998 2408 1 034
6058784 7531 2026/1/25 16:16:56 P15 73.33 22.13 0 6.57 20.85 974.05 972.65 306.702 469.818 4080.353 890.35 1135.712 1405.945 528.717 -31.433 -14.496 3300.171 -9.155 647.583 1131.287 329.742 1457.214 778.503 755.157 879.669 2469.94 1089.325 -5000 -12.207 -57.831 26.855 -10.834 95.825 553.284 303.955 1416.931 2070.16 3733.368 -1333.618 1120.453 941.62 579.987 673.218 271.301 2543.945 2501.678 2113.342 1738.739 1385.04 1022.949 664.978 -63.477 1526.031 7.324 95.215 5.341 -331.726 -672.913 -1012.421 -1356.812 -1695.099 -2036.438 -2374.878 -2699.89 725.861 869.904 454.559 100.861 6.256 -344.238 -700.378 564 440 400 25.89 20.58 4998 4998 2408 1 034
6058785 7531 2026/1/25 16:16:57 P15 73.37 22.13 0 6.36 20.87 974.09 972.66 306.396 470.123 4079.895 892.487 1135.712 1405.792 528.717 -16.327 -4.73 3304.138 -10.071 647.278 1131.287 328.979 1456.757 778.656 755.463 880.89 2467.041 1089.325 -5000 -5.341 -57.983 9.308 -9.46 95.825 552.673 302.277 1417.999 2070.618 3724.67 -1335.449 1123.047 939.026 573.425 665.436 273.132 2543.945 2500.916 2112.732 1737.518 1381.531 1018.219 662.994 -58.746 1529.846 3.967 97.351 11.139 -328.827 -673.523 -1011.505 -1355.743 -1695.709 -2034.76 -2372.437 -2697.754 729.675 873.108 456.39 101.166 5.341 -343.018 -699.921 563 440 400 25.93 20.49 4998 4999 2408 1 034
6058786 7531 2026/1/25 16:16:58 P15 73.3 22.08 0 6.36 20.82 974.04 972.64 308.228 470.581 4076.385 891.571 1137.085 1400.604 529.022 32.806 -14.496 3294.678 -8.392 647.888 1131.744 329.742 1456.757 778.961 755.463 879.517 2472.382 1090.088 -5000 -7.477 -57.068 78.735 -8.545 95.215 556.03 301.361 1415.863 2066.803 3706.36 -1334.381 1121.674 941.162 576.477 666.046 271.759 2547.302 2502.594 2117.615 1745.148 1380.31 1021.729 667.114 -59.204 1529.999 18.616 96.283 7.935 -328.369 -672.302 -1008.759 -1353.149 -1693.573 -2031.403 -2368.317 -2693.481 727.692 872.803 460.51 103.302 7.324 -343.933 -697.021 565 440 400 25.89 20.66 4998 4999 2408 1 034
6058787 7531 2026/1/25 16:16:59 P15 73.33 22.1 0 6.36 20.82 974.07 972.62 304.871 469.36 4083.71 894.47 1136.78 1403.503 528.717 60.73 -6.256 3326.416 -7.782 644.684 1129.761 330.048 1457.672 778.961 755.768 880.585 2471.466 1092.072 -5000 -2.594 -56.763 36.316 -8.85 97.809 556.335 303.345 1418.457 2069.244 3713.074 -1334.839 1120.605 941.162 575.867 663.147 270.844 2547.302 2500.916 2116.089 1740.57 1384.583 1019.897 660.706 -58.594 1528.778 8.85 94.147 7.019 -331.116 -675.201 -1014.862 -1359.1 -1699.524 -2039.948 -2378.693 -2704.773 726.166 872.65 457.001 99.335 4.73 -344.543 -701.447 558 450 400 25.95 20.46 4998 5000 2408 1 034
6058788 7531 2026/1/25 16:17:00 P15 73.23 22.1 0 6.45 20.85 974.08 972.64 310.059 469.055 4073.639 889.893 1136.017 1405.182 529.327 -4.425 17.7 3287.659 -8.24 647.888 1125.336 330.048 1456.909 777.893 755.768 879.669 2474.365 1089.63 -5000 -14.496 -59.204 38.3 -8.24 94.604 551.758 303.65 1417.694 2070.312 3709.259 -1337.128 1121.979 941.772 575.714 661.316 270.844 2546.082 2502.594 2109.07 1729.279 1371.307 1005.402 648.956 -58.899 1530.304 11.749 94.91 8.85 -331.421 -676.88 -1015.472 -1362.457 -1704.102 -2044.22 -2385.406 -2708.893 733.49 875.092 458.221 97.046 6.866 -348.206 -706.787 574 455 400 25.92 20.48 4998 5000 2408 1 034
6058789 7531 2026/1/25 16:17:01 P15 73.37 22.12 0 6.33 20.84 974.09 972.68 306.854 469.971 4074.554 890.045 1135.559 1399.384 529.327 -120.392 -23.956 3312.378 -8.24 647.278 1122.894 329.895 1456.451 778.198 755.463 880.28 2468.872 1089.02 -5000 -5.035 -61.951 -48.065 -9.003 100.098 553.436 301.056 1417.847 2070.465 3718.567 -1340.637 1121.368 941.62 578.766 668.03 271.149 2549.438 2502.289 2115.173 1740.57 1386.108 1024.17 666.046 -58.899 1526.794 15.411 96.13 4.883 -328.979 -673.218 -1020.508 -1361.389 -1699.219 -2037.048 -2373.199 -2698.364 725.861 876.007 455.322 100.708 7.629 -344.086 -698.547 564 455 400 25.95 20.5 4998 5000 2408 1 034
6058790 7531 2026/1/25 16:17:02 P15 73.37 22.12 0 6.33 20.84 974.1 972.65 308.838 469.055 4071.35 893.25 1136.475 1405.029 529.48 -5.341 -34.79 3321.533 -7.935 647.736 1131.134 330.658 1457.52 777.893 755.615 880.28 2472.534 1089.783 -5000 1.526 -62.408 -73.09 -8.392 93.384 554.81 301.056 1417.389 2071.228 3731.689 -1335.602 1122.437 941.772 578.003 664.215 270.844 2549.286 2501.831 2111.511 1738.281 1378.632 1012.268 655.365 -59.204 1528.32 16.785 94.452 7.324 -329.285 -673.37 -1013.947 -1359.253 -1701.508 -2041.473 -2379.303 -2706.299 727.234 875.549 456.085 100.25 5.798 -348.663 -704.803 575 445 400 25.96 20.5 4998 5000 2408 1 034
6058791 7531 2026/1/25 16:17:03 P15 73.31 22.08 0 6.45 20.84 974.05 972.65 306.091 469.055 4073.181 891.724 1134.949 1400.757 529.633 5.646 -20.752 3308.258 -7.629 646.973 1127.014 329.285 1456.909 776.367 755.463 881.653 2474.67 1089.935 -5000 1.831 -60.577 -23.041 -9.308 99.945 553.131 302.887 1418.457 2072.449 3700.562 -1336.67 1120.605 942.383 579.376 670.166 271.759 2543.64 2502.747 2108.612 1730.957 1374.512 1006.622 652.313 -61.646 1530.151 4.272 97.504 5.493 -331.879 -677.49 -1018.829 -1362.762 -1703.949 -2044.678 -2383.118 -2706.909 727.234 874.634 454.254 96.436 8.392 -347.137 -708.313 562 455 400 25.89 20.58 4998 5000 2408 1 034
6058792 7531 2026/1/25 16:17:04 P15 73.31 22.12 0 6.4 20.79 974.08 972.64 306.702 468.903 4077.454 890.045 1135.406 1401.52 530.396 -40.283 -9.003 3313.751 -8.24 649.109 1130.524 327.759 1456.757 776.672 755.31 879.974 2475.281 1087.189 -5000 -5.341 -59.204 59.814 -9.918 93.689 553.589 302.887 1418.61 2070.16 3741.455 -1335.907 1121.826 942.23 574.951 667.725 271.759 2542.114 2500 2114.563 1741.486 1388.702 1025.085 667.572 -61.493 1534.576 9.46 95.673 4.883 -329.59 -673.828 -1013.794 -1357.422 -1697.235 -2037.201 -2375.183 -2702.332 725.555 876.617 453.644 99.945 8.087 -345.917 -700.684 574 465 400 25.89 20.43 4998 5000 2408 1 034
6058793 7531 2026/1/25 16:17:05 P15 73.36 22.12 0 6.25 20.81 974.09 972.67 310.669 470.123 4070.435 891.876 1134.796 1401.672 529.022 -39.062 -23.804 3325.5 -9.003 646.973 1126.404 329.742 1456.909 777.588 755.463 880.28 2475.433 1089.172 -5000 -7.782 -57.22 71.106 -8.698 98.419 552.063 301.361 1419.22 2072.754 3736.877 -1335.449 1121.063 943.298 579.987 668.945 271.606 2547.607 2502.136 2113.647 1735.535 1375.275 1008.911 650.94 -56.152 1532.44 17.242 95.215 9.308 -333.252 -677.948 -1018.982 -1362.762 -1702.881 -2042.542 -2381.897 -2707.214 727.386 877.228 455.475 98.572 6.866 -348.816 -706.329 574 465 400 25.89 20.43 4998 5000 2408 1 034
6058794 7531 2026/1/25 16:17:06 P15 73.24 22.1 0 6.42 20.68 974.08 972.68 308.38 468.597 4083.862 892.029 1136.322 1401.215 530.396 -31.281 3.204 3308.563 -7.477 647.278 1131.134 330.2 1457.062 776.825 755.615 881.042 2475.739 1089.172 -5000 -3.815 -57.526 91.248 -6.561 94.91 554.81 301.819 1417.847 2066.803 3726.501 -1339.569 1121.979 942.383 581.207 665.894 270.691 2547.302 2501.526 2111.816 1738.434 1379.395 1017.151 659.79 -59.357 1529.694 14.038 98.267 5.493 -329.132 -674.744 -1015.32 -1360.016 -1701.508 -2038.422 -2377.167 -2703.705 727.081 877.075 453.949 101.013 9.155 -347.29 -704.956 564 455 400 25.92 20.43 4998 5000 2408 1 034
6058795 7531 2026/1/25 16:17:07 P18 73.27 22.09 0 6.52 20.76 974.17 972.66 304.871 469.36 4074.097 894.47 1134.338 1398.926 529.785 28.992 -15.106 3307.8 -8.545 646.667 1127.93 328.827 1457.214 775.299 755.768 881.653 2477.264 1088.104 -5000 -12.207 -61.035 16.632 -9.003 98.419 552.368 302.429 1418.762 2072.449 3722.687 -1334.839 1121.063 943.298 581.36 670.319 271.149 2544.403 2501.678 2114.258 1738.129 1384.43 1022.797 666.656 -60.272 1532.44 13.275 93.536 5.188 -332.489 -676.422 -1014.557 -1358.948 -1698.608 -2037.354 -2374.725 -2698.059 723.724 874.786 454.407 98.724 5.493 -346.68 -701.294 563 440 400 25.92 20.44 4998 5000 2408 1 034
6058796 7531 2026/1/25 16:17:08 P18 73.24 22.19 0 6.3 20.76 958.81 975.39 304.565 469.513 4073.181 894.623 1134.644 1402.74 529.938 -12.054 -30.212 3337.555 -7.629 647.278 1130.676 329.742 1455.841 774.841 755.31 880.127 2475.128 1088.104 -5000 -12.512 -61.035 -3.967 -7.629 95.52 554.81 303.802 1420.593 2067.871 3736.267 -1339.111 1121.826 942.535 577.545 671.234 271.606 2547.607 2501.831 2109.68 1729.736 1371.155 1005.096 647.736 -56.152 1531.982 18.616 97.656 5.493 -331.116 -677.49 -1017.761 -1362.305 -1704.712 -2044.373 -2384.644 -2709.351 726.166 877.533 455.322 97.656 10.071 -349.121 -706.787 565 450 400 25.96 20.43 4998 5000 2408 1 034
6058797 7531 2026/1/25 16:17:09 P18 73.31 22.08 0 6.33 20.67 959.33 975.96 306.854 467.529 4083.252 898.438 1134.949 1397.705 529.327 28.992 -16.937 3301.392 -7.782 646.82 1129.303 329.742 1455.994 777.435 756.073 881.5 2472.076 1088.715 -5000 -5.493 -58.746 42.114 -8.85 99.487 555.42 301.361 1420.135 2072.449 3761.139 -1349.487 1121.521 943.298 574.036 667.267 272.064 2547.15 2501.526 2095.337 1725.311 1373.291 1010.59 655.365 -58.136 1534.729 -0.916 94.757 5.035 -333.862 -678.253 -1017.761 -1360.931 -1704.407 -2042.542 -2380.524 -2705.231 725.708 874.176 455.627 98.572 9.308 -346.375 -702.667 573 465 400 25.96 20.4 4998 5000 2408 1 034
6058798 7531 2026/1/25 16:17:10 P18 73.31 22.19 0 6.5 20.8 959.37 961.77 304.718 468.14 4073.486 900.421 1134.338 1400.757 529.785 -12.817 -16.632 3303.833 -7.935 648.193 1130.371 329.895 1457.52 775.604 755.31 881.958 2479.858 1088.715 -5000 -10.681 -58.136 118.713 -9.155 93.994 552.521 302.734 1418.457 2073.212 3727.722 -1362.762 1122.894 942.993 582.428 670.624 269.928 2545.471 2500.916 2116.089 1744.843 1389.313 1026.917 671.692 -56.458 1533.966 4.12 97.351 5.035 -328.369 -672.455 -1010.437 -1354.065 -1693.726 -2032.013 -2368.164 -2694.55 728.607 878.906 454.712 100.708 8.392 -342.712 -697.784 563 465 400 25.91 20.34 4998 5000 2408 1 034
6058799 7531 2026/1/25 16:17:11 P18 73.2 22.13 0 6.42 20.76 959.39 961.76 305.481 469.36 4076.08 897.675 1134.796 1398.468 529.938 46.844 6.714 3312.836 -8.85 648.651 1129.761 329.742 1455.231 774.841 756.226 882.568 2475.586 1087.494 -5000 -7.324 -53.101 28.687 -8.392 96.436 554.352 301.819 1420.593 2069.855 3682.556 -1372.223 1122.284 943.298 576.782 673.523 247.192 2548.523 2498.627 2107.697 1729.431 1371.613 1005.554 649.261 -58.289 1530.762 8.85 95.215 7.782 -332.336 -678.864 -1020.355 -1365.204 -1706.848 -2045.593 -2385.559 -2709.961 725.25 875.397 454.865 96.436 9.155 -352.173 -711.67 576 465 400 25.95 20.4 4998 4999 2408 1 034
6058800 7531 2026/1/25 16:17:12 P18 73.23 22.15 0 6.3 20.83 971.92 974.16 304.871 468.445 4074.86 897.675 1134.644 1398.01 530.548 24.261 9.46 3316.04 -8.85 647.278 1130.676 329.895 1456.146 774.231 756.226 881.042 2476.501 1087.952 -5000 -7.782 -47.302 42.572 -8.545 100.403 555.42 301.208 1425.323 2068.787 3595.734 -1371.155 1123.047 943.298 577.24 670.624 212.86 2548.523 2501.526 2114.105 1737.823 1381.683 1016.388 662.537 -57.068 1532.745 14.038 98.572 7.782 -332.489 -674.133 -1015.93 -1360.779 -1700.134 -2038.574 -2375.946 -2700.958 726.471 881.5 453.339 99.182 6.714 -347.443 -703.43 568 445 400 25.89 20.49 4998 4999 2408 1 034
6058801 7531 2026/1/25 16:17:13 P18 73.29 22.16 0 6.5 20.73 968.35 970.74 302.124 468.292 4082.794 899.2 1134.033 1397.858 530.243 -60.883 8.545 3309.784 -7.782 646.973 1129.913 329.895 1457.367 773.621 756.226 884.247 2477.264 1086.731 -5000 -3.204 -42.419 101.929 -8.087 99.64 556.03 301.971 1439.819 2091.98 3546.295 -1363.831 1123.047 944.977 578.308 659.943 173.34 2547.455 2501.678 2118.225 1743.927 1390.076 1028.137 669.556 -56.915 1533.508 3.357 98.724 7.172 -328.522 -671.997 -1010.895 -1354.218 -1694.641 -2032.928 -2369.843 -2694.855 726.624 880.737 456.238 101.624 8.24 -342.56 -696.106 573 455 400 25.91 20.56 4998 4998 2408 1 034
6058802 7531 2026/1/25 16:17:14 P18 73.29 22.2 0 6.48 20.63 967.44 969.77 297.546 468.445 4081.116 897.369 1132.05 1405.792 530.243 -70.343 6.409 3282.166 -9.308 645.752 1135.559 330.048 1459.045 772.095 756.683 881.653 2478.79 1086.273 -5000 -4.578 -28.381 112.915 -9.918 98.267 559.387 303.04 1454.315 2104.034 3451.691 -1350.098 1124.878 946.35 583.038 658.417 141.449 2545.319 2501.373 2115.173 1740.723 1385.498 1023.407 664.215 -58.594 1533.356 13.733 96.436 5.493 -327.148 -672.15 -1011.353 -1356.049 -1696.472 -2035.37 -2374.115 -2700.653 725.25 882.568 454.102 100.861 7.019 -345.764 -700.226 572 465 400 25.92 20.41 4998 4998 2408 1 034
6058803 7531 2026/1/25 16:17:15 P18 73.13 22.17 0 6.4 20.68 967.44 969.51 298.462 468.14 4081.421 900.421 1132.965 1408.844 530.243 68.97 28.687 3285.828 -8.545 647.736 1136.78 331.116 1463.928 770.721 754.242 883.636 2484.436 1087.494 -5000 6.104 -16.022 107.727 -9.155 94.147 564.88 303.497 1469.879 2108.765 3373.108 -1339.111 1126.404 951.08 582.733 643.005 119.324 2545.013 2502.441 2111.816 1737.061 1381.073 1016.998 661.469 -56.61 1533.203 20.294 95.52 7.629 -330.505 -674.744 -1018.219 -1359.406 -1699.677 -2038.422 -2376.251 -2700.5 727.844 881.195 453.644 97.198 7.324 -346.985 -702.667 571 460 400 25.95 20.34 4998 4998 2408 1 034
6058804 7531 2026/1/25 16:17:16 P18 73.38 22.09 0 6.36 20.95 967.14 969.51 296.173 468.903 4076.843 902.252 1131.897 1410.522 531.158 -23.499 15.259 3293.152 -7.172 648.041 1146.545 332.336 1470.49 766.602 756.683 882.263 2487.793 1087.341 -5000 -7.935 -1.831 108.948 -9.613 87.738 570.984 305.328 1481.476 2119.751 3252.563 -1333.771 1130.676 955.2 577.24 639.191 105.133 2543.03 2502.441 2117.615 1742.706 1387.939 1026.764 671.082 -58.594 1537.476 18.768 95.367 7.782 -327.911 -672.913 -1011.963 -1355.896 -1694.183 -2031.86 -2368.622 -2694.55 724.182 881.5 455.475 101.624 9.46 -343.628 -697.327 571 460 400 25.95 20.34 4998 4998 2408 1 034
6058805 7531 2026/1/25 16:17:17 P18 73.36 22.05 0 6.43 21.37 967.11 969.43 293.274 467.529 4079.437 900.116 1133.575 1415.253 530.243 1.373 16.174 3245.392 -7.935 648.499 1147.766 333.405 1475.067 764.465 756.226 884.552 2484.283 1088.715 -5000 2.289 17.548 156.86 -9.766 95.978 575.714 305.634 1491.241 2124.939 3166.962 -1330.261 1130.219 964.355 571.747 630.951 94.452 2540.894 2501.221 2115.021 1742.554 1386.566 1024.323 666.809 -60.577 1537.476 10.529 94.299 7.019 -327.454 -672.607 -1010.742 -1354.523 -1694.641 -2035.065 -2372.894 -2701.111 721.588 880.737 454.712 99.792 9.613 -343.323 -695.496 571 445 400 25.92 20.29 4998 4998 2408 1 034
6058806 7531 2026/1/25 16:17:18 P18 73.31 22.13 0 6.32 22.03 948.97 969.42 293.732 467.072 4076.385 901.489 1136.475 1414.49 530.701 17.853 19.073 3212.28 -8.545 652.161 1154.327 335.846 1479.645 763.397 757.141 882.874 2486.42 1091.309 -5000 -14.954 29.755 75.073 -8.087 88.348 586.548 306.244 1499.786 2126.465 3096.313 -1327.515 1131.744 972.595 562.439 606.232 88.043 2548.065 2502.289 2110.443 1737.518 1379.395 1013.947 657.196 -56.152 1535.645 17.395 97.046 6.866 -329.437 -673.218 -1014.252 -1358.948 -1700.134 -2038.116 -2376.404 -2700.653 723.114 883.789 455.933 99.945 8.698 -346.222 -700.378 552 425 400 25.93 20.36 4998 4998 2408 1 034
6058807 7531 2026/1/25 16:17:19 P18 73.33 22.13 0 6.48 22.82 948.95 969.4 290.68 466.614 4081.726 899.353 1137.238 1412.964 530.396 58.136 36.621 3147.583 -11.139 654.449 1156.311 337.067 1480.865 762.939 757.446 883.789 2486.877 1093.14 -5000 5.035 41.504 93.384 -9.003 82.55 591.125 308.99 1509.247 2132.874 3004.456 -1325.226 1131.439 980.377 552.673 599.823 82.092 2547.15 2502.136 2117.004 1745.3 1390.533 1027.222 670.776 -63.019 1535.797 14.038 95.825 6.409 -330.048 -674.438 -1012.726 -1355.743 -1696.167 -2034.912 -2371.216 -2696.838 717.926 882.416 454.254 97.504 6.866 -346.985 -701.904 575 440 400 25.92 20.24 4998 4998 2408 1 034
6058808 7531 2026/1/25 16:17:20 P18 73.23 22.19 0 6.33 23.63 948.94 969.39 290.527 466.461 4070.587 901.184 1138.916 1415.558 529.327 23.804 32.501 3101.196 -10.529 657.959 1158.447 338.593 1483.459 761.719 758.82 883.179 2492.828 1095.123 -5000 0 49.438 39.52 -8.24 79.956 584.259 310.364 1513.977 2135.315 2935.181 -1331.482 1131.287 986.633 547.333 579.834 77.667 2548.065 2502.899 2113.953 1741.486 1386.108 1022.339 664.062 -61.646 1539.764 -7.172 94.91 7.629 -331.879 -674.286 -1014.709 -1358.795 -1698.761 -2038.422 -2375.488 -2702.637 714.722 881.5 455.017 99.64 6.409 -348.206 -699.768 560 430 400 25.87 20.32 4998 4998 2408 1 034
6058809 7531 2026/1/25 16:17:21 P18 73.33 22.1 0 6.21 24.6 948.96 969.43 289.917 466.614 4073.334 899.811 1139.069 1412.354 528.412 73.395 1.831 3044.739 -11.444 661.011 1153.717 339.966 1484.222 759.43 760.651 881.348 2493.896 1094.513 -5000 -7.324 58.594 60.272 -7.172 75.378 587.921 312.653 1519.012 2134.094 2835.999 -1324.615 1129.913 991.516 535.431 557.556 75.531 2544.708 2502.136 2111.359 1734.467 1376.343 1011.353 655.67 -64.087 1535.95 7.629 96.283 5.493 -329.895 -677.338 -1017.151 -1361.694 -1703.186 -2042.542 -2382.05 -2707.367 713.348 883.789 454.865 98.419 7.324 -344.849 -704.651 569 435 400 25.93 20.1 4998 4998 2408 1 034
6058810 7531 2026/1/25 16:17:22 P18 73.34 22.12 0 6.26 25.46 948.95 969.42 289.764 466.003 4080.505 895.996 1140.137 1412.964 527.802 35.095 -9.003 3020.477 -13.428 663.147 1153.564 339.05 1481.781 760.345 762.024 879.059 2481.079 1094.513 -5000 -12.054 69.275 110.474 -9.003 69.275 585.175 313.721 1524.506 2129.517 2762.451 -1327.362 1126.251 994.263 523.682 547.333 72.937 2544.861 2500.305 2115.326 1741.943 1387.482 1025.543 668.335 -65.308 1540.68 3.967 93.842 9.613 -331.879 -677.185 -1014.862 -1358.185 -1696.777 -2036.438 -2372.894 -2697.601 704.498 881.195 455.933 98.419 5.341 -346.527 -701.141 563 425 400 25.92 20.24 4998 4998 2408 1 034
6058811 7531 2026/1/25 16:17:23 P18 73.33 22.16 0 6.35 26.34 948.96 969.41 289.459 465.24 4069.824 891.113 1140.137 1406.403 525.513 -13.885 -2.747 2976.379 -12.207 664.978 1139.832 342.102 1480.103 761.108 763.55 875.244 2489.319 1094.666 -5000 1.221 75.684 123.749 -9.003 70.343 576.477 313.263 1526.489 2126.007 2711.639 -1328.735 1122.742 994.72 504.761 527.649 72.021 2546.997 2502.441 2113.037 1741.028 1387.177 1026.001 668.64 -60.425 1541.443 -3.357 94.757 7.324 -330.811 -673.828 -1011.353 -1354.675 -1695.709 -2033.691 -2371.368 -2697.144 701.904 886.993 456.848 101.166 7.629 -343.628 -697.174 571 380 400 25.96 20.17 4998 4998 2408 1 034
6058812 7531 2026/1/25 16:17:24 P18 73.22 22.13 0 6.42 27.15 948.94 969.43 290.07 465.24 4072.876 886.078 1138.916 1402.283 525.36 -24.414 -10.681 2891.846 -11.902 666.504 1142.883 342.102 1473.999 760.04 764.771 874.023 2483.368 1092.224 -5000 6.714 81.787 55.237 -7.477 63.171 572.51 315.399 1526.489 2118.835 2626.953 -1326.904 1117.706 991.669 494.385 509.338 68.97 2545.624 2502.136 2113.037 1739.197 1381.073 1017.151 658.569 -59.662 1539.154 13.733 91.553 7.172 -330.963 -676.27 -1015.015 -1358.185 -1699.524 -2039.49 -2377.319 -2703.4 694.122 882.568 454.712 99.792 5.188 -345.001 -700.684 556 405 400 25.95 20.22 4998 4998 2408 1 034
6058813 7531 2026/1/25 16:17:25 P18 73.27 22.19 0 6.35 27.99 948.96 969.41 292.511 464.02 4083.252 879.669 1138.611 1395.721 523.987 44.098 -7.477 2816.315 -12.054 666.046 1137.695 341.492 1467.743 761.108 766.602 868.988 2472.229 1090.393 -5000 8.85 87.433 70.19 -8.85 62.714 568.085 314.941 1526.947 2102.356 2547.455 -1330.414 1109.924 989.838 481.262 491.333 69.122 2546.082 2502.899 2112.579 1737.518 1382.599 1019.287 664.215 -57.678 1539.917 8.087 92.621 6.561 -332.947 -677.49 -1015.778 -1358.337 -1699.524 -2038.574 -2374.878 -2699.432 689.392 883.789 455.017 99.64 6.409 -348.816 -704.193 566 395 400 25.96 20.28 4998 4998 2408 1 034
6058814 7531 2026/1/25 16:17:26 P18 73.2 22.13 0 6.44 28.69 948.96 969.42 292.053 464.172 4068.909 872.345 1135.101 1385.498 523.071 60.425 -11.292 2763.367 -12.817 666.351 1126.862 341.187 1461.945 762.634 764.923 863.953 2470.703 1086.578 -5000 -1.221 92.468 42.877 -9.46 64.087 554.81 312.805 1523.895 2100.677 2495.88 -1337.738 1103.668 985.718 461.121 470.581 66.986 2546.539 2500.763 2116.241 1743.469 1389.008 1026.306 671.844 -59.967 1540.375 23.499 90.179 6.256 -329.742 -673.218 -1011.2 -1353.912 -1693.573 -2033.081 -2368.317 -2695.312 682.526 884.399 457.153 99.945 5.188 -342.56 -698.242 566 395 400 25.96 20.28 4998 4998 2408 1 034
6058815 7531 2026/1/25 16:17:27 P18 73.2 22.13 0 6.44 28.69 948.96 969.42 292.664 463.562 4072.876 867.615 1131.897 1373.596 521.698 101.624 -45.624 2695.618 -13.275 666.199 1115.875 339.813 1452.026 763.397 767.365 859.222 2460.327 1082.458 -5000 -4.883 93.994 1.068 -6.409 63.477 545.959 310.059 1517.334 2089.996 2443.542 -1329.651 1096.344 977.325 446.625 463.104 65.155 2545.319 2500.763 2115.173 1743.164 1385.651 1024.628 666.809 -58.289 1533.356 27.618 91.858 4.272 -330.353 -675.507 -1014.099 -1357.117 -1697.998 -2036.896 -2374.573 -2702.179 672.913 883.331 455.475 99.64 6.714 -344.238 -699.31 557 390 400 25.93 20.41 4998 4998 2408 1 034
6058816 7531 2026/1/25 16:17:28 P18 73.33 22.17 0 6.33 29.38 948.95 969.44 291.138 462.952 4076.996 859.222 1129.15 1369.629 520.02 0 -20.599 2645.721 -11.902 664.52 1109.009 337.982 1443.939 765.533 767.212 853.577 2449.036 1076.05 -5000 2.899 98.877 78.583 -8.85 64.545 538.33 307.77 1508.942 2071.075 2389.069 -1335.907 1087.036 968.475 432.434 452.728 64.087 2548.065 2501.526 2114.563 1736.298 1376.19 1011.658 652.313 -54.932 1533.661 20.599 92.621 3.052 -328.979 -673.981 -1014.252 -1359.711 -1701.202 -2039.795 -2379.913 -2706.146 665.588 883.331 456.238 100.098 6.409 -347.29 -703.43 546 345 400 25.95 20.56 4998 4998 2408 1 034
6058817 7531 2026/1/25 16:17:29 P18 73.27 22.08 0 6.54 29.99 948.96 969.42 292.664 462.799 4072.876 847.015 1123.352 1354.065 519.714 -8.85 -54.932 2580.109 -11.902 663.757 1097.107 335.541 1431.732 767.67 766.754 847.321 2438.507 1071.472 -5000 -0.458 104.065 64.545 -8.698 66.681 527.802 306.396 1499.786 2058.868 2342.682 -1331.787 1076.202 958.099 417.938 429.993 63.782 2546.234 2501.068 2113.19 1738.281 1382.751 1019.745 664.673 -49.744 1531.982 21.973 93.079 9.918 -330.048 -675.354 -1013.641 -1356.659 -1696.167 -2036.133 -2373.505 -2697.296 659.332 885.01 456.085 99.945 8.545 -348.206 -702.82 567 370 400 25.96 20.63 4998 4998 2408 1 034
6058818 7531 2026/1/25 16:17:30 P18 73.34 22.16 0 6.42 30.46 948.96 969.43 294.8 462.494 4081.573 834.503 1117.706 1343.231 518.799 10.986 -6.256 2488.861 -13.123 658.722 1084.137 332.031 1419.83 771.179 765.381 839.844 2421.112 1065.369 -5000 8.85 104.37 7.324 -9.003 75.073 516.51 303.955 1489.258 2045.898 2279.51 -1330.414 1065.521 944.519 399.475 411.377 63.171 2545.929 2502.441 2117.157 1745.453 1390.839 1029.053 673.37 -54.169 1531.525 23.193 91.858 2.289 -329.59 -673.676 -1012.115 -1355.591 -1695.557 -2032.776 -2370.148 -2696.075 647.888 878.754 455.17 101.166 9.46 -345.459 -697.937 552 365 400 25.96 20.84 4998 4998 2408 1 034
6058819 7531 2026/1/25 16:17:31 P18 73.24 22.13 0 6.4 31.02 948.93 969.42 296.783 462.341 4077.148 823.059 1111.145 1330.719 516.815 43.945 -20.599 2444.153 -9.766 654.602 1068.878 328.217 1406.708 771.484 763.245 833.893 2407.074 1057.129 -5000 11.139 110.779 12.665 -9.766 85.602 509.644 298.92 1474.915 2021.332 2223.206 -1333.466 1054.382 934.448 388.641 395.355 63.019 2542.267 2502.289 2113.953 1741.943 1386.108 1025.085 666.199 -48.37 1527.863 30.823 89.722 8.087 -327.911 -672.302 -1011.81 -1355.286 -1696.472 -2035.217 -2373.962 -2700.653 641.937 885.773 457.764 102.081 8.698 -345.306 -699.158 566 375 400 25.99 20.91 4998 4998 2408 1 034
6058820 7531 2026/1/25 16:17:32 P18 73.3 22.17 0 6.49 31.51 948.95 969.41 300.751 462.952 4069.061 815.125 1104.584 1317.139 516.205 56.915 1.831 2395.477 -9.46 651.093 1054.688 324.554 1394.958 774.994 760.498 825.958 2391.357 1048.126 -5000 4.883 108.337 -28.839 -9.46 90.485 501.556 294.495 1459.503 2013.855 2147.827 -1332.55 1042.938 920.41 374.146 382.233 61.188 2547.15 2502.747 2114.105 1739.502 1378.632 1013.947 655.823 -45.471 1525.879 19.684 89.111 7.629 -336.609 -683.746 -1022.339 -1366.119 -1707.458 -2045.441 -2382.507 -2709.808 632.477 885.468 454.865 99.182 7.324 -348.358 -704.651 575 385 400 25.92 21.14 4998 4999 2408 1 034
6058821 7531 2026/1/25 16:17:33 P18 73.34 22.19 0 6.52 31.8 948.98 969.42 298.004 462.036 4080.811 802.46 1096.802 1303.253 515.442 131.989 30.67 2336.578 -9.155 644.836 1041.87 319.672 1379.7 776.52 757.141 819.092 2368.317 1038.208 -5000 10.376 108.337 50.659 -9.613 95.52 493.927 289.154 1440.887 1997.528 2123.871 -1334.534 1031.342 904.541 359.65 368.347 60.73 2546.082 2502.136 2113.495 1739.807 1383.362 1020.508 665.283 -44.25 1523.59 46.387 86.823 8.087 -329.59 -675.201 -1014.252 -1358.795 -1698.914 -2034.76 -2372.131 -2699.28 623.779 885.01 453.949 98.419 8.85 -348.053 -703.278 573 345 400 25.91 21.36 4998 4999 2408 1 034
6058822 7531 2026/1/25 16:17:34 P18 73.33 22.17 0 6.59 32.12 948.94 969.42 297.394 461.884 4080.811 792.236 1088.562 1285.706 514.526 10.529 -22.125 2278.442 -6.714 638.123 1029.663 314.941 1366.882 774.078 753.479 810.852 2351.074 1030.121 -5000 4.883 109.253 62.866 -8.698 110.168 489.655 284.271 1420.898 1980.133 2084.961 -1333.923 1018.677 888.062 349.579 346.069 60.883 2547.913 2501.373 2116.852 1743.164 1387.024 1023.254 658.875 -37.384 1519.165 46.234 88.043 8.392 -328.369 -673.065 -1011.047 -1354.218 -1693.573 -2032.013 -2368.927 -2695.312 617.218 886.841 456.085 102.539 9.918 -345.764 -697.632 556 370 400 25.99 21.63 4998 5000 2408 1 034
6058823 7531 2026/1/25 16:17:35 P18 73.33 22.12 0 6.5 32.54 948.96 969.41 294.037 461.426 4083.71 777.74 1080.17 1270.447 513.611 35.4 -18.005 2229.767 -4.578 631.409 1016.846 307.159 1349.182 770.569 747.986 803.528 2335.51 1020.66 -5000 16.022 112.305 61.34 -7.629 115.662 483.398 280.762 1404.877 1958.466 2042.694 -1334.839 1005.707 872.803 330.963 344.849 57.22 2545.471 2502.289 2116.089 1738.281 1383.667 1022.034 664.673 -37.384 1515.503 53.101 87.738 4.883 -327.454 -672.607 -1011.047 -1357.269 -1697.388 -2036.438 -2374.725 -2699.28 607.147 883.179 453.949 101.166 6.561 -343.933 -696.564 570 370 400 25.95 21.78 4998 5000 2408 1 034
6058824 7531 2026/1/25 16:17:36 P18 73.34 22.16 0 6.69 32.86 948.91 969.41 289.764 462.341 4081.726 762.939 1069.031 1259.003 512.085 35.4 -10.986 2161.255 -6.714 624.695 999.908 301.514 1334.229 763.245 742.34 794.678 2311.249 1008.453 -5000 5.035 114.746 58.289 -8.545 124.054 477.448 274.963 1385.956 1944.275 2004.242 -1335.907 994.873 854.492 325.47 328.064 60.12 2545.471 2500.916 2112.732 1737.671 1381.378 1012.878 660.248 -32.959 1516.876 43.03 88.196 7.172 -329.285 -674.591 -1015.472 -1359.863 -1700.745 -2040.253 -2378.54 -2703.552 600.739 883.026 456.696 97.504 4.425 -345.764 -704.041 560 385 400 25.98 21.92 4998 4999 2408 1 034
6058825 7531 2026/1/25 16:17:37 P18 73.38 22.15 0 6.55 33.19 948.94 969.42 285.95 464.172 4078.522 747.681 1059.265 1242.218 512.543 69.275 -21.057 2111.511 -1.678 617.981 986.633 294.495 1317.596 757.904 735.779 785.675 2294.464 999.146 -5000 0 116.119 33.569 -10.986 131.531 474.243 268.86 1361.694 1922.607 1956.177 -1339.417 981.903 839.691 315.094 326.843 59.814 2548.37 2500.458 2112.427 1736.603 1381.989 1018.982 660.706 -27.771 1511.536 63.171 85.297 5.951 -332.947 -678.253 -1016.388 -1361.237 -1700.745 -2039.185 -2375.946 -2700.043 591.125 881.042 452.423 97.656 6.256 -346.832 -701.141 560 385 400 25.98 21.92 4998 4999 2408 1 034
6058826 7531 2026/1/25 16:17:38 P18 73.43 22.17 0 6.71 33.51 948.91 969.42 282.44 466.614 4071.655 731.659 1049.194 1220.398 511.475 -6.104 -19.684 2086.487 -2.594 610.504 971.527 287.781 1300.964 751.19 728.912 776.367 2275.391 988.312 -5000 4.883 116.119 68.207 -8.698 137.939 469.818 263.062 1342.926 1912.231 1951.752 -1334.534 968.323 823.975 302.124 314.331 58.441 2549.133 2502.594 2115.173 1741.943 1386.414 1024.78 668.335 -22.43 1501.312 47.455 84.534 6.409 -330.811 -675.354 -1012.573 -1356.049 -1695.862 -2033.691 -2369.995 -2696.381 584.259 881.5 453.644 98.877 7.324 -345.612 -700.226 573 365 400 25.96 22.48 4998 4999 2408 1 034
6058827 7531 2026/1/25 16:17:39 P18 73.37 22.08 0 6.61 33.72 948.91 969.42 278.473 469.513 4073.792 719.299 1037.14 1209.869 510.864 25.787 -12.817 2019.348 -3.51 602.112 957.947 278.778 1283.722 748.291 722.046 768.28 2252.96 976.868 -5000 11.292 117.645 28.076 -9.155 138.55 465.698 260.315 1321.106 1893.616 1930.695 -1336.365 956.726 805.359 291.443 300.14 58.289 2546.387 2500.763 2115.021 1741.028 1387.177 1024.475 667.877 -19.836 1498.108 56.152 86.517 8.392 -326.996 -671.387 -1011.047 -1353.607 -1694.336 -2033.386 -2369.69 -2697.449 575.256 884.705 454.407 100.861 7.782 -342.255 -697.632 573 390 400 25.98 22.75 4998 4998 2408 1 034
6058828 7531 2026/1/25 16:17:40 P18 73.38 22.15 0 6.62 33.79 948.93 969.42 271.759 473.938 4080.963 703.888 1024.475 1194.916 509.644 -38.605 -23.956 1971.741 -4.12 594.025 943.909 272.827 1267.7 744.934 711.823 760.345 2231.75 964.661 -5000 11.444 117.798 -11.902 -9.46 135.651 461.121 252.533 1299.133 1875.916 1885.071 -1340.942 943.451 787.506 285.187 287.476 57.831 2549.438 2502.441 2112.732 1736.145 1379.7 1014.099 659.943 -15.564 1495.361 59.967 83.771 7.477 -337.83 -677.948 -1016.846 -1359.863 -1699.829 -2041.473 -2379.456 -2704.315 569.763 879.669 454.102 96.13 4.883 -349.274 -711.06 576 395 400 25.96 22.87 4998 4998 2408 1 034
6058829 7531 2026/1/25 16:17:41 P18 73.43 22.2 0 6.88 34.04 948.95 969.43 270.844 479.736 4079.59 690.002 1013.947 1180.115 509.186 15.564 3.204 1931.61 -7.324 585.785 924.53 265.198 1250.458 742.34 706.329 752.563 2207.794 952.301 -5000 10.986 117.035 35.095 -9.613 127.869 458.069 248.108 1277.313 1853.027 1833.801 -1337.128 929.871 771.79 272.217 284.729 57.526 2543.488 2503.204 2112.427 1737.518 1383.972 1024.78 664.978 -12.207 1490.784 55.847 81.94 8.24 -331.573 -675.964 -1016.235 -1359.711 -1699.677 -2039.185 -2375.946 -2700.653 561.523 878.448 453.796 94.757 4.883 -345.917 -703.888 565 400 400 25.93 23.2 4998 4998 2408 1 034
6058830 7531 2026/1/25 16:17:42 P18 73.37 22.13 0 6.89 34.31 948.95 969.41 267.029 485.535 4082.336 679.474 1001.892 1158.295 509.033 38.91 11.749 1872.101 -8.545 575.714 918.274 256.958 1234.894 740.967 695.801 745.239 2181.702 940.094 -5000 9.46 118.713 36.621 -8.545 113.22 454.254 242.004 1256.104 1840.057 1802.063 -1336.365 916.901 754.547 265.198 273.59 57.831 2547.913 2502.289 2116.547 1743.469 1388.702 1027.069 670.013 -10.223 1486.359 67.596 82.55 6.866 -330.658 -674.744 -1012.878 -1356.812 -1695.557 -2033.691 -2371.521 -2696.686 556.183 879.059 454.407 95.825 5.493 -343.933 -698.7 576 410 400 25.98 23.3 4998 4998 2408 1 034
6058831 7531 2026/1/25 16:17:43 P18 73.38 22.21 0 6.65 34.31 948.97 969.41 264.893 500.793 4081.573 664.825 988.922 1145.63 508.423 2.136 10.834 1849.823 -9.766 566.406 905.914 249.023 1216.583 740.662 688.629 736.389 2154.083 928.192 -5000 13.123 119.629 75.226 -8.392 102.386 451.05 236.511 1234.131 1822.51 1764.984 -1339.874 904.541 736.542 255.432 270.233 56 2547.607 2501.678 2108.002 1727.753 1369.171 1003.418 646.973 -5.035 1479.95 54.626 82.55 4.12 -334.167 -679.779 -1018.982 -1364.441 -1705.933 -2046.051 -2386.017 -2709.961 548.096 879.211 452.271 93.689 5.341 -347.595 -707.245 572 390 400 25.99 23.49 4998 4998 2408 1 034
6058832 7531 2026/1/25 16:17:44 P18 73.47 22.13 0 6.62 34.49 948.92 969.4 267.792 513.763 4071.503 651.703 976.105 1131.439 508.27 -3.204 20.447 1777.649 -10.071 558.167 890.808 242.31 1201.172 739.136 678.864 728.149 2143.097 917.358 -5000 18.616 118.713 24.109 -9.46 87.585 447.235 229.797 1213.531 1807.098 1759.338 -1337.128 893.402 721.893 249.023 265.35 57.831 2546.844 2502.136 2111.816 1735.687 1381.226 1015.015 659.485 1.373 1472.015 58.594 83.618 10.376 -329.59 -675.659 -1015.472 -1360.321 -1700.745 -2039.185 -2377.014 -2702.484 544.739 879.974 451.66 95.825 7.935 -347.748 -704.803 578 400 400 25.93 23.65 4998 4998 2408 1 034
6058833 7531 2026/1/25 16:17:45 P18 73.44 22.17 0 6.61 34.76 948.95 969.4 260.773 530.09 4080.048 640.564 964.966 1117.401 506.897 -27.313 24.109 1775.665 -11.902 551.3 877.838 234.528 1183.472 738.831 669.25 720.52 2118.683 902.71 -5000 12.36 117.035 56.458 -8.24 75.531 442.963 224.915 1192.169 1785.278 1726.837 -1336.517 880.585 704.193 245.514 259.857 57.526 2543.793 2502.136 2105.713 1733.398 1380.768 1016.388 659.332 2.136 1462.097 48.981 82.855 3.967 -330.353 -675.354 -1015.472 -1358.643 -1699.677 -2038.422 -2374.878 -2700.195 536.346 878.296 450.745 94.757 7.782 -347.443 -701.141 570 410 400 25.96 23.97 4998 4998 2408 1 034
6058834 7531 2026/1/25 16:17:46 P18 73.46 22.15 0 6.91 34.77 948.92 969.39 261.688 551.147 4073.486 628.204 949.86 1105.042 506.134 -45.319 -13.733 1733.398 -11.597 541.992 868.225 227.051 1166.687 736.694 660.248 713.501 2093.506 891.266 -5000 8.85 117.188 85.449 -9.155 63.477 440.216 222.778 1170.807 1774.445 1703.491 -1338.654 869.904 688.477 237.885 249.023 56.458 2545.929 2501.678 2111.053 1736.45 1376.19 1010.59 653.229 8.24 1456.299 51.117 81.024 3.662 -329.437 -674.744 -1015.778 -1359.711 -1701.508 -2041.473 -2379.913 -2705.841 529.327 877.075 449.371 94.452 7.019 -348.511 -705.414 580 415 400 25.96 24.07 4998 4998 2408 1 034
6058835 7531 2026/1/25 16:17:47 P18 73.44 22.09 0 6.91 34.91 948.91 969.42 259.399 567.78 4085.236 613.251 938.568 1088.562 506.897 -39.825 -46.539 1698.456 -12.817 532.074 855.103 220.337 1153.87 735.321 651.55 704.803 2073.822 879.974 -5000 4.12 117.035 9.003 -8.545 48.981 436.859 215.759 1150.97 1757.202 1675.72 -1338.043 858.459 672.607 232.544 248.871 57.22 2547.607 2501.984 2109.07 1729.736 1370.544 1004.486 650.024 13.885 1449.127 34.18 81.177 10.071 -331.421 -678.406 -1017.914 -1362.457 -1703.339 -2044.22 -2382.66 -2709.045 526.581 877.228 451.202 95.062 8.087 -348.663 -707.245 580 415 400 25.96 24.07 4998 4998 2408 1 034
6058836 7531 2026/1/25 16:17:48 P18 73.54 22.13 0 6.76 34.96 948.97 969.42 260.773 586.243 4077.454 603.638 924.835 1073.303 505.676 46.692 -34.637 1671.143 -14.038 524.139 845.795 212.708 1135.406 734.1 641.174 697.937 2046.661 866.394 -5000 1.221 116.577 65.308 -10.223 35.095 432.739 211.792 1132.355 1740.875 1648.407 -1338.348 846.558 660.706 226.44 233.612 56.61 2541.656 2500.458 2116.394 1737.823 1380.31 1016.693 660.553 16.937 1443.634 42.725 81.024 6.409 -332.642 -677.795 -1017.761 -1362.457 -1703.491 -2041.626 -2377.777 -2703.857 522.919 876.007 449.677 92.01 5.798 -347.29 -704.651 585 415 400 25.99 24.37 4998 4998 2408 1 034
6058837 7531 2026/1/25 16:17:49 P18 73.4 22.19 0 6.83 34.98 948.92 969.43 262.451 605.621 4076.843 594.635 914.001 1054.077 504.913 -102.997 -38.757 1622.009 -13.733 517.273 837.708 205.688 1119.843 732.574 631.561 690.002 2030.64 854.492 -5000 1.221 117.95 51.727 -5.646 28.992 429.993 203.552 1113.434 1723.785 1612.549 -1347.351 835.419 642.853 220.795 235.443 57.068 2548.828 2502.594 2116.394 1741.333 1386.261 1024.323 666.351 22.278 1438.446 53.711 80.872 10.376 -329.59 -673.065 -1011.505 -1356.659 -1696.625 -2034.912 -2372.437 -2695.923 518.188 878.296 450.439 96.436 6.256 -344.238 -699.31 573 425 400 25.99 24.66 4998 4998 2408 1 034
6058838 7531 2026/1/25 16:17:50 P18 73.47 22.23 0 6.86 35.18 948.94 969.41 256.805 623.169 4073.639 582.123 900.269 1047.058 505.066 30.06 -4.425 1585.541 -12.054 508.118 829.01 198.975 1105.957 732.727 621.796 682.983 2010.803 845.947 -5000 -2.289 115.204 36.774 -9.46 18.768 424.957 198.822 1093.903 1708.832 1597.443 -1340.179 826.569 629.272 210.571 227.051 56.305 2549.286 2503.052 2109.222 1732.178 1371.002 1004.486 647.888 24.414 1424.866 53.711 79.498 7.324 -331.726 -678.101 -1018.982 -1363.525 -1706.543 -2044.678 -2384.338 -2709.961 510.254 874.786 449.219 92.01 6.409 -349.884 -707.245 582 435 400 25.95 24.83 4998 4998 2408 1 034
6058839 7531 2026/1/25 16:17:51 P18 73.47 22.16 0 6.86 35.25 948.91 969.4 258.331 635.529 4080.048 571.899 888.214 1033.936 504.913 -23.041 -11.902 1538.239 -13.885 502.319 817.566 191.956 1090.698 731.964 611.572 677.032 1989.899 830.536 -5000 11.139 116.272 10.986 -7.782 11.902 422.363 194.092 1075.592 1697.388 1551.208 -1347.351 815.125 614.624 206.909 216.522 55.695 2545.471 2501.526 2110.596 1729.279 1377.258 1013.336 659.79 27.008 1419.525 57.526 77.972 5.035 -333.252 -678.253 -1019.287 -1362.915 -1703.491 -2043.61 -2380.524 -2706.299 504.15 870.667 447.845 90.027 7.324 -346.832 -703.583 573 440 400 25.93 24.91 4998 4998 2408 1 034
6058840 7531 2026/1/25 16:17:52 P18 73.55 22.16 0 6.93 35.25 948.94 969.41 258.942 639.038 4079.437 557.861 878.601 1020.813 504.15 -34.027 -19.073 1501.465 -12.207 493.317 808.105 186.005 1074.982 730.133 602.417 670.929 1968.689 819.092 -5000 -0.61 116.73 60.12 -9.46 6.714 419.006 191.65 1059.723 1678.009 1547.394 -1342.163 806.732 603.638 203.094 216.37 56.152 2543.945 2502.289 2112.274 1737.976 1380.615 1018.219 662.384 34.027 1411.743 60.12 80.719 9.308 -330.353 -676.117 -1015.015 -1359.253 -1698.761 -2038.269 -2374.268 -2701.416 503.082 876.007 449.219 92.01 7.782 -346.985 -702.515 583 450 400 25.95 24.94 4998 4998 2408 1 034
6058841 7531 2026/1/25 16:17:53 P18 73.66 22.16 0 6.93 35.23 948.95 969.39 258.484 637.665 4081.421 549.622 864.716 1001.74 503.845 6.104 -6.714 1487.579 -14.648 483.856 799.561 179.901 1061.249 729.218 592.804 664.825 1948.395 809.784 -5000 14.038 115.509 97.198 -9.003 3.51 415.649 186.31 1041.87 1664.734 1545.563 -1340.332 795.898 587.921 200.806 211.487 55.695 2544.708 2501.984 2111.053 1735.535 1376.343 1009.979 652.313 39.825 1400.604 57.068 79.193 4.73 -330.2 -677.032 -1015.778 -1362 -1702.881 -2042.542 -2381.897 -2707.977 497.742 870.819 446.93 90.485 7.172 -349.579 -706.177 571 435 400 25.93 25.15 4998 4998 2408 1 034
6058842 7531 2026/1/25 16:17:54 P18 73.58 22.12 0 6.91 35.34 948.91 969.43 255.432 629.425 4079.285 540.619 853.271 995.026 504.303 47.302 11.749 1448.212 -13.275 477.142 795.288 174.103 1050.415 727.692 583.954 658.264 1927.338 798.492 -5000 9.766 115.814 75.836 -9.003 -2.747 412.445 181.58 1025.696 1655.426 1524.353 -1342.773 787.811 576.172 189.667 209.808 56.458 2549.286 2502.136 2109.68 1730.804 1374.207 1005.554 650.024 45.929 1401.367 52.338 80.719 10.681 -330.811 -677.185 -1017.456 -1362 -1704.407 -2045.441 -2383.728 -2709.808 495.758 872.955 448.456 91.553 8.698 -351.257 -710.144 589 440 400 25.98 25.31 4998 4998 2408 1 034
6058843 7531 2026/1/25 16:17:55 P18 73.54 22.16 0 6.74 35.52 948.92 969.41 257.263 617.218 4070.892 530.701 841.217 981.75 503.54 -12.512 -6.714 1406.555 -12.817 470.581 785.37 166.168 1035.614 726.318 575.256 653.076 1908.264 786.133 -5000 6.256 112.915 56 -8.85 -4.272 409.393 178.833 1011.047 1642.609 1470.032 -1343.384 778.198 566.254 195.618 204.926 56.152 2545.166 2500.763 2113.495 1738.129 1380.463 1017.609 662.537 48.828 1384.735 59.357 80.261 5.188 -329.742 -677.185 -1016.388 -1360.016 -1699.524 -2037.506 -2374.878 -2700.043 488.129 870.972 447.083 90.942 9.918 -346.222 -701.599 577 450 400 25.99 25.39 4998 4998 2408 1 034
6058844 7531 2026/1/25 16:17:56 P18 73.67 22.09 0 7.03 35.65 948.9 969.4 256.195 603.79 4077.759 519.562 830.536 966.644 502.93 14.801 -25.33 1404.114 -12.665 463.257 783.691 163.422 1022.339 724.945 566.864 646.82 1883.545 775.909 -5000 7.629 116.577 -11.902 -7.782 -5.493 406.342 175.781 996.246 1627.502 1466.98 -1343.231 770.721 551.91 180.664 205.841 55.542 2546.082 2501.984 2115.173 1743.317 1389.16 1026.306 669.25 52.795 1375.427 44.708 78.735 2.289 -332.489 -675.507 -1013.641 -1356.354 -1696.625 -2034.76 -2371.063 -2696.838 484.161 866.547 440.979 90.942 6.561 -344.391 -699.005 586 460 400 25.98 25.52 4998 4998 2408 1 034
6058845 7531 2026/1/25 16:17:57 P18 73.66 22.21 0 6.91 35.68 948.93 969.38 252.38 590.668 4084.32 508.423 818.176 954.59 503.387 4.578 -19.379 1393.89 -12.665 456.848 773.621 157.318 1010.59 723.572 558.472 641.785 1869.507 767.975 -5000 3.51 118.103 -1.373 -11.444 -7.782 403.29 171.509 981.598 1617.737 1445.923 -1341.705 761.414 541.534 181.885 198.669 55.389 2548.523 2500.305 2108.002 1728.973 1371.307 1004.639 648.804 58.136 1367.645 64.087 80.719 5.188 -330.048 -677.643 -1019.44 -1363.983 -1706.085 -2045.135 -2386.017 -2709.503 483.246 868.378 446.167 88.806 7.935 -348.511 -707.855 578 470 400 26.02 25.6 4998 4998 2408 1 034
6058846 7531 2026/1/25 16:17:58 P18 73.5 22.13 0 7.13 35.71 948.91 969.4 250.702 576.782 4077.454 500.488 809.326 949.86 503.235 -53.406 -21.362 1339.874 -11.749 452.271 767.822 151.978 997.62 724.182 549.011 636.597 1852.722 756.378 -5000 13.428 118.103 23.804 -9.003 -7.172 400.543 167.542 966.949 1599.121 1409.912 -1342.468 752.716 531.158 180.664 195.77 55.237 2544.25 2500.763 2113.19 1738.586 1382.446 1019.44 663.3 62.561 1356.659 50.049 78.888 8.85 -328.369 -675.354 -1013.489 -1358.643 -1698.303 -2038.116 -2374.878 -2700.195 480.194 865.479 440.826 89.417 6.866 -347.748 -703.735 578 470 400 26.02 25.6 4998 4998 2408 1 034
6058847 7531 2026/1/25 16:17:59 P18 73.55 22.16 0 7.06 35.71 948.89 969.41 251.007 571.747 4086.304 492.554 798.645 937.805 502.167 46.997 -17.853 1339.417 -13.275 444.946 761.108 146.332 986.938 722.656 540.619 631.104 1832.275 747.528 -5000 1.526 117.493 -23.651 -7.935 -7.477 397.339 164.948 953.369 1593.323 1415.558 -1341.705 745.392 520.935 175.781 190.582 54.779 2547.76 2501.984 2115.784 1744.08 1388.397 1026.154 669.098 63.934 1350.403 38.757 76.447 5.646 -331.268 -675.507 -1013.184 -1356.659 -1696.472 -2035.217 -2371.063 -2698.517 476.379 866.089 444.641 90.332 4.883 -345.612 -700.531 588 480 400 26 25.85 4998 4998 2408 1 034
6058848 7531 2026/1/25 16:18:00 P18 73.53 22.13 0 7.22 35.86 948.92 969.39 252.228 553.131 4086.304 483.551 788.422 931.091 502.319 -0.153 -19.836 1307.983 -10.681 437.775 754.852 142.975 975.647 722.046 532.379 625.916 1812.439 737.762 -5000 0.305 122.07 28.381 -9.003 -6.256 394.44 164.032 939.941 1576.843 1399.536 -1343.842 738.068 510.712 168.61 183.411 55.542 2546.844 2501.373 2113.037 1738.739 1384.583 1022.491 664.52 66.528 1340.027 46.844 78.583 7.782 -327.759 -672.302 -1011.963 -1356.812 -1698.151 -2037.811 -2376.862 -2702.179 475.311 866.241 444.946 91.095 9.155 -344.238 -699.463 586 495 400 25.98 25.96 4998 4998 2408 1 034
6058849 7531 2026/1/25 16:18:01 P18 73.61 22.15 0 7.06 35.79 948.91 969.41 252.075 547.943 4078.522 475.311 778.046 919.647 502.167 16.174 5.341 1268.005 -11.139 434.418 750.122 138.702 965.118 720.978 524.75 620.88 1798.096 730.133 -5000 -0.305 113.831 29.144 -10.071 -7.324 392.303 160.217 928.192 1568.604 1377.869 -1343.384 731.049 503.235 165.863 182.343 54.321 2547.455 2501.221 2111.206 1735.992 1380.92 1017.456 661.926 74.158 1329.346 46.539 77.209 5.646 -329.742 -675.964 -1014.404 -1359.253 -1699.219 -2038.116 -2375.946 -2701.721 471.191 862.122 445.251 86.06 5.035 -347.137 -703.583 576 500 400 25.96 26.07 4998 4998 2408 1 034
6058850 7531 2026/1/25 16:18:02 P18 73.58 22.12 0 7.01 35.9 948.92 969.41 251.465 540.466 4083.557 464.935 770.111 905.762 501.709 70.648 -11.444 1234.894 -11.444 429.688 745.697 133.667 953.827 720.062 517.12 616.913 1781.464 718.231 -5000 4.272 114.288 47.76 -7.019 -7.019 388.641 155.792 917.053 1545.105 1362.305 -1342.773 723.572 492.096 165.71 176.697 54.932 2546.997 2500.916 2115.784 1743.164 1388.55 1024.933 668.488 81.177 1320.343 41.809 79.651 5.646 -328.522 -672.302 -1010.132 -1354.828 -1694.489 -2032.928 -2368.927 -2694.702 468.75 865.326 443.878 90.332 7.324 -343.323 -697.937 588 510 400 25.99 26.14 4998 4998 2408 1 034
6058851 7531 2026/1/25 16:18:03 P18 73.63 22.13 0 7.08 35.91 948.91 969.41 247.498 535.126 4085.083 460.052 758.362 900.269 501.709 -0.916 5.341 1233.826 -12.97 422.516 740.509 130.157 943.146 719.757 509.949 612.335 1763.153 710.602 -5000 8.24 112.915 33.722 -10.681 -5.798 386.047 154.114 904.388 1548.004 1348.724 -1340.637 717.01 485.687 164.49 173.34 54.932 2541.656 2501.831 2115.784 1739.349 1382.751 1019.592 659.943 80.719 1308.899 39.215 76.599 5.798 -328.674 -673.828 -1013.031 -1356.812 -1697.235 -2037.506 -2376.251 -2702.332 466.156 862.885 442.2 88.196 6.256 -346.68 -700.836 582 515 400 25.98 26.2 4998 4998 2408 1 034
6058852 7531 2026/1/25 16:18:04 P18 73.58 22.03 0 7.1 36.04 948.91 969.39 251.312 531.616 4090.729 453.339 750.275 885.01 501.099 124.969 6.561 1196.136 -11.444 417.175 735.779 126.495 933.228 718.079 503.54 609.741 1744.385 703.43 -5000 0.458 113.831 25.94 -7.935 -5.646 384.216 151.52 894.623 1537.781 1352.539 -1347.046 709.534 475.464 164.795 177.002 54.169 2546.387 2501.678 2114.41 1740.112 1385.193 1020.813 665.588 86.365 1302.032 42.572 75.684 6.866 -331.421 -678.101 -1015.93 -1359.863 -1700.134 -2039.642 -2374.725 -2699.89 464.783 861.816 443.878 86.06 7.629 -345.764 -702.209 595 515 400 25.98 26.3 4998 4999 2408 1 034
6058853 7531 2026/1/25 16:18:05 P18 73.61 22.03 0 7.13 36.01 948.92 969.39 248.413 528.259 4086.151 444.794 741.73 879.364 500.946 -15.869 -36.621 1178.131 -10.834 412.14 730.743 123.901 924.683 719.299 495.758 606.384 1734.772 694.427 -5000 9.308 112.457 -6.104 -10.071 -5.035 381.317 149.078 883.484 1529.236 1326.752 -1343.079 704.346 468.14 162.201 175.323 54.474 2548.37 2501.984 2116.699 1742.554 1388.702 1026.154 666.809 93.079 1292.267 58.289 78.125 10.376 -329.132 -672.15 -1009.979 -1354.218 -1694.183 -2033.844 -2370.911 -2696.533 461.578 860.596 445.099 90.332 6.714 -344.696 -697.327 574 525 400 25.99 26.41 4998 4999 2408 1 034
6058854 7531 2026/1/25 16:18:06 P18 73.57 22.13 0 7.06 36.05 948.92 969.4 248.871 525.208 4085.541 441.284 734.558 875.702 500.946 -2.441 -14.648 1152.954 -10.681 409.088 726.929 119.781 915.07 715.637 489.044 600.281 1718.292 687.561 -5000 2.899 112.762 22.43 -8.24 -4.272 378.571 146.484 872.498 1514.587 1308.136 -1342.316 698.853 459.29 158.691 178.833 54.321 2548.828 2500.61 2113.342 1735.077 1377.411 1011.353 651.703 89.874 1282.196 53.406 74.768 9.46 -332.947 -678.864 -1018.829 -1363.983 -1705.17 -2044.067 -2382.66 -2708.588 459.442 858.917 442.505 85.449 6.256 -347.137 -702.362 590 530 400 26.02 26.49 4998 5000 2408 1 034
6058855 7531 2026/1/25 16:18:07 P18 73.66 22.16 0 7.1 36.18 948.91 969.4 247.192 523.529 4083.862 434.113 725.25 867.92 500.336 116.577 7.629 1141.052 -10.986 405.884 721.436 116.119 907.44 718.079 481.567 595.551 1698.608 681.152 -5000 5.341 111.389 29.449 -7.935 -3.662 374.756 146.027 863.647 1509.552 1298.37 -1351.776 691.833 453.339 155.029 166.473 55.389 2545.471 2501.831 2109.68 1732.635 1375.58 1008.301 653.381 96.741 1270.905 57.526 78.125 10.834 -331.573 -676.422 -1017.151 -1362.152 -1702.576 -2042.999 -2382.812 -2707.977 458.679 859.985 444.031 85.449 7.019 -350.342 -708.771 579 535 400 26.03 26.62 4998 5000 2408 1 034
6058856 7531 2026/1/25 16:18:08 P18 73.58 22.17 0 7.03 36.15 948.92 969.38 248.718 522.766 4078.827 423.584 716.858 861.053 501.251 -42.419 -5.341 1123.199 -10.071 398.56 718.384 112.915 898.285 716.858 475.769 594.788 1689.148 674.286 -5000 16.174 114.288 60.73 -8.392 -1.984 374.451 142.517 854.492 1499.786 1287.537 -1343.384 684.357 446.167 153.046 166.016 53.864 2547.913 2501.526 2113.495 1739.197 1383.82 1020.66 662.079 99.182 1260.223 54.779 74.463 4.883 -331.116 -676.27 -1014.557 -1359.711 -1700.134 -2039.49 -2379.456 -2704.773 454.865 856.628 442.047 88.806 5.188 -345.612 -703.278 579 535 400 26.03 26.62 4998 5000 2408 1 034
6058857 7531 2026/1/25 16:18:09 P18 73.61 22.16 0 7.1 36.12 948.91 969.42 248.871 523.224 4087.219 419.312 710.602 859.68 500.336 -2.441 -44.403 1124.573 -11.902 394.44 714.874 109.711 889.13 715.637 469.36 593.414 1661.682 665.894 -5000 15.411 113.373 54.626 -9.918 -0.916 372.467 142.822 844.116 1488.19 1275.787 -1343.384 680.084 440.674 147.4 166.473 54.626 2543.64 2500.305 2110.138 1731.873 1372.375 1006.775 649.261 101.166 1245.728 52.032 78.278 6.866 -326.843 -672.302 -1013.489 -1359.406 -1700.134 -2041.016 -2381.592 -2706.757 451.66 857.391 439.453 84.229 8.087 -348.969 -707.245 590 545 400 26 26.75 4998 5000 2408 1 034
6058858 7531 2026/1/25 16:18:10 P18 73.53 22.06 0 7.13 36.19 948.93 969.41 247.04 522.156 4083.099 413.971 703.583 850.372 500.488 -52.948 -29.602 1081.39 -11.902 390.778 713.196 106.201 882.416 716.705 462.799 588.226 1660.614 659.18 -5000 14.496 116.272 102.234 -9.308 -0.916 369.873 140.076 836.334 1480.103 1267.7 -1344.91 675.659 432.434 147.705 152.13 54.474 2546.997 2501.678 2113.19 1735.687 1379.852 1015.778 659.027 106.201 1238.556 48.981 78.125 11.749 -328.369 -673.828 -1013.031 -1358.49 -1697.998 -2037.811 -2376.251 -2699.89 452.728 857.391 440.521 86.67 7.019 -346.222 -703.278 590 550 400 25.99 26.72 4998 5000 2408 1 034
6058859 7531 2026/1/25 16:18:11 P18 73.67 22.12 0 7.01 36.26 948.93 969.41 247.04 519.562 4085.999 405.273 695.801 844.116 499.878 22.125 -25.33 1089.63 -9.308 386.2 709.076 104.218 874.939 715.637 456.696 586.09 1645.813 655.212 -5000 9.918 114.441 53.253 -9.46 -0.305 368.5 138.702 827.789 1470.032 1248.932 -1344.604 669.861 426.025 144.958 157.776 54.016 2548.218 2503.052 2114.716 1737.671 1378.632 1013.947 654.907 111.694 1229.706 54.779 76.141 7.324 -329.437 -674.286 -1013.794 -1358.185 -1704.559 -2040.405 -2377.93 -2703.857 447.235 854.187 442.505 84.991 7.782 -346.069 -700.684 591 560 400 25.96 26.94 4998 5000 2408 1 034
6058860 7531 2026/1/25 16:18:12 P18 73.54 22.16 0 7.18 36.39 948.91 969.4 245.667 521.851 4081.726 399.78 688.782 839.691 499.878 -51.575 -44.25 1073.151 -11.444 382.233 706.482 101.624 867.157 715.332 450.897 583.801 1632.996 647.736 -5000 9.766 114.899 -7.629 -9.003 1.068 366.364 139.618 820.465 1463.318 1230.621 -1345.52 664.52 421.448 145.264 159.149 53.864 2546.387 2500.61 2108.307 1728.821 1369.629 1004.028 647.736 113.831 1212.616 40.588 75.531 7.019 -331.879 -678.711 -1018.829 -1363.831 -1706.238 -2045.593 -2384.949 -2709.045 447.235 855.56 440.521 82.703 8.24 -352.173 -709.991 582 570 400 25.99 26.83 4998 5000 2408 1 034
6058861 7531 2026/1/25 16:18:13 P18 73.66 22.16 0 7 36.35 948.91 969.39 247.345 521.698 4083.405 394.135 682.526 830.688 500.183 -36.469 -18.768 1053.162 -10.376 379.791 704.651 99.182 859.985 715.027 446.32 582.428 1619.568 642.853 -5000 9.003 112.915 -24.109 -9.613 0.763 363.77 135.193 811.92 1452.026 1225.891 -1349.335 659.637 415.344 142.67 147.4 54.626 2542.419 2501.678 2114.258 1736.45 1380.92 1018.829 662.994 116.577 1208.649 46.082 82.855 6.409 -330.963 -676.727 -1009.827 -1356.354 -1698.914 -2038.727 -2377.777 -2701.416 444.031 854.797 440.826 85.297 7.935 -345.917 -700.836 584 595 400 25.99 26.83 4998 4999 2408 1 034
6058862 7531 2026/1/25 16:18:14 P18 73.68 22.1 0 7.05 36.41 948.91 969.41 248.108 521.393 4081.421 389.557 675.964 821.228 499.573 -11.902 -47.15 1049.805 -11.597 375.061 700.226 96.741 854.95 714.722 440.216 579.834 1606.445 634.918 -5000 17.09 110.016 46.234 -10.376 2.136 362.396 135.498 803.528 1448.212 1203.918 -1349.487 654.297 410.767 143.433 143.738 54.321 2543.945 2503.052 2116.241 1745.148 1390.228 1027.679 672.302 120.239 1196.747 44.098 76.294 7.324 -331.573 -674.896 -1013.031 -1356.812 -1696.167 -2035.37 -2371.979 -2697.449 443.42 855.103 438.995 85.754 8.24 -344.086 -699.158 587 590 400 26.02 27.05 4998 4999 2408 1 034
6058863 7531 2026/1/25 16:18:15 P18 73.66 22.16 0 7.17 36.34 948.92 969.38 247.498 521.545 4088.593 383.453 670.929 816.345 499.573 -59.204 -28.381 1044.769 -11.749 372.772 696.869 93.842 846.558 714.722 435.486 578.156 1582.947 630.493 -5000 14.801 109.711 18.921 -9.918 2.747 362.854 134.125 798.035 1441.498 1185.455 -1347.809 649.719 403.137 137.329 149.384 53.711 2546.997 2501.221 2110.748 1732.941 1373.291 1008.453 653.839 123.749 1188.812 45.929 77.972 5.035 -331.573 -678.864 -1018.982 -1363.068 -1705.017 -2044.678 -2383.27 -2707.825 443.878 851.44 439.301 82.397 10.376 -350.494 -708.923 596 595 400 25.99 27.02 4998 4997 2408 1 034
6058864 7531 2026/1/25 16:18:16 P18 73.66 22.16 0 7.17 36.34 948.91 969.41 246.277 520.782 4091.797 377.502 663.757 814.056 499.42 -12.512 -2.899 1024.78 -10.376 367.737 695.801 93.079 841.37 714.417 430.45 575.562 1578.217 624.542 -5000 0.763 111.389 -4.425 -8.85 3.662 358.582 135.956 789.948 1430.511 1187.592 -1346.741 645.142 398.407 140.076 148.01 53.711 2547.913 2501.831 2112.122 1737.671 1383.82 1020.813 663.757 125.275 1173.859 52.795 75.226 4.12 -328.979 -674.133 -1015.32 -1358.337 -1697.845 -2037.048 -2374.878 -2698.669 440.521 850.067 438.843 83.008 7.172 -347.137 -702.515 584 595 400 25.99 27.1 4998 4992 2408 1 034
6058865 7531 2026/1/25 16:18:17 P18 73.64 22.13 0 6.93 36.49 948.9 969.4 248.108 522.003 4085.083 373.23 660.706 805.359 499.115 -42.572 -32.196 1008.759 -9.308 366.211 694.122 89.722 836.029 714.264 425.415 571.899 1567.841 619.659 -5000 0 109.711 -11.292 -9.003 4.425 356.598 133.514 783.234 1420.746 1199.951 -1347.198 641.174 395.355 138.702 151.672 54.321 2546.387 2501.984 2117.615 1743.317 1388.702 1027.985 669.708 128.632 1164.856 65.002 77.362 5.188 -327.454 -672.913 -1010.742 -1354.98 -1696.014 -2033.997 -2370.911 -2694.397 441.437 848.236 439.301 86.06 7.172 -342.56 -696.259 592 605 400 26 27.26 4998 4980 2408 1 034
6058866 7531 2026/1/25 16:18:18 P18 73.68 22.12 0 7.22 36.39 948.9 969.41 245.361 520.935 4085.999 368.195 652.313 800.018 503.54 2.136 4.425 988.617 -10.223 363.007 692.139 88.654 830.078 715.179 419.769 571.899 1556.549 615.692 -5000 4.578 108.337 9.613 -8.545 4.883 354.767 132.904 775.604 1417.542 1184.082 -1346.588 637.512 389.709 133.209 142.517 53.864 2546.692 2499.542 2112.579 1735.229 1378.021 1013.947 659.637 130.157 1156.464 58.136 75.684 9.766 -331.268 -676.727 -1015.93 -1359.1 -1700.134 -2040.253 -2376.404 -2702.637 440.521 850.83 440.063 85.449 7.019 -348.663 -704.803 592 605 400 26 27.26 4998 4980 2408 1 034
6058867 7531 2026/1/25 16:18:19 P18 73.67 22.08 0 7.05 36.63 948.91 969.4 245.056 521.545 4089.966 362.854 647.278 798.95 499.268 32.196 -10.071 988.159 -11.444 359.192 690.46 85.602 823.212 714.111 414.734 569.458 1541.901 610.504 -5000 20.294 109.711 29.755 -10.223 5.188 353.241 131.836 770.416 1410.675 1161.652 -1353.455 633.087 386.047 130.92 141.449 53.253 2546.082 2502.747 2114.868 1741.638 1385.803 1023.865 666.962 136.871 1142.578 57.373 74.31 9.308 -329.59 -675.049 -1013.794 -1357.574 -1697.083 -2035.675 -2372.894 -2697.296 439.148 846.863 438.995 82.703 5.646 -344.696 -700.073 584 655 400 25.99 27.43 4998 4958 2408 1 034
6058868 7531 2026/1/25 16:18:20 P18 73.64 22.2 0 7.06 36.5 948.89 969.39 245.972 521.851 4085.693 359.955 642.242 793.152 498.199 -43.793 -2.441 958.862 -9.46 356.903 688.324 84.686 818.176 713.501 410.461 569.916 1535.034 607.605 -5000 9.613 106.659 88.196 -9.155 5.646 351.715 132.294 763.702 1403.809 1152.649 -1349.945 628.815 380.859 130.31 143.433 53.711 2542.419 2499.847 2115.631 1740.265 1386.719 1025.391 667.114 143.89 1131.897 66.986 77.515 7.172 -326.233 -671.234 -1009.674 -1354.523 -1694.794 -2033.844 -2372.437 -2697.601 438.843 849.457 440.216 85.754 9.308 -344.849 -698.7 591 655 400 25.99 27.43 4998 4924 2408 1 034
6058869 7531 2026/1/25 16:18:21 P18 73.63 22.13 0 7.13 36.53 948.92 969.41 246.735 521.851 4086.914 355.53 636.902 789.337 498.657 -58.289 -17.7 952.454 -10.986 355.072 686.798 81.024 813.904 714.722 406.342 565.491 1515.503 602.57 -5000 9.46 105.286 30.67 -9.003 6.409 350.342 129.395 758.362 1397.247 1146.393 -1347.809 624.847 378.113 127.258 141.602 53.711 2547.76 2502.594 2110.901 1734.619 1373.138 1007.69 650.33 143.28 1119.69 60.12 76.599 8.545 -324.554 -670.929 -1012.726 -1357.88 -1700.439 -2040.863 -2379.456 -2705.994 437.164 848.083 438.995 81.177 6.104 -349.426 -706.94 593 645 400 26.02 27.37 4998 4878 2408 1 034
6058870 7531 2026/1/25 16:18:22 P18 73.63 22.16 0 7.18 36.54 948.94 969.39 245.972 522.461 4085.083 350.647 633.85 785.98 497.742 15.564 10.529 924.835 -10.834 350.8 684.204 81.177 807.648 714.111 402.832 564.117 1510.925 599.976 -5000 20.294 106.812 7.477 -9.003 7.172 349.884 128.632 751.648 1390.686 1126.099 -1346.13 621.185 373.383 129.242 138.855 53.864 2550.049 2502.289 2114.868 1743.011 1387.634 1025.696 667.725 145.874 1113.586 51.575 75.378 6.561 -330.811 -674.591 -1012.726 -1355.133 -1696.014 -2035.522 -2369.537 -2695.618 438.08 847.778 439.148 84.229 8.85 -342.56 -698.09 584 655 400 26 27.4 4998 4820 2408 1 034
6058871 7531 2026/1/25 16:18:23 P18 73.66 22.12 0 7.22 36.53 948.91 969.41 245.209 522.003 4086.914 346.069 629.883 773.926 497.589 -31.891 6.104 923.615 -10.071 350.342 683.594 79.651 804.291 714.722 398.102 563.507 1500.549 594.177 -5000 4.578 105.286 34.485 -9.155 8.24 347.595 130.463 746.46 1383.057 1106.567 -1347.046 617.371 369.568 125.427 136.719 53.558 2548.218 2500.763 2114.41 1740.417 1386.108 1022.491 664.673 151.52 1101.532 42.725 76.294 7.935 -330.048 -673.828 -1012.573 -1357.88 -1697.693 -2037.659 -2375.488 -2702.026 436.096 847.931 440.063 85.144 7.935 -345.154 -701.294 584 705 400 25.99 27.53 4998 4751 2408 1 034
6058872 7531 2026/1/25 16:18:24 P18 73.61 22.19 0 7.15 36.65 948.91 969.41 244.904 522.919 4091.644 340.424 625.153 779.877 497.589 -32.654 4.272 942.535 -10.071 345.612 681.763 77.667 799.561 713.959 394.592 564.27 1484.07 591.431 -5000 0 106.049 61.035 -9.46 8.698 345.917 127.869 741.425 1379.395 1109.314 -1347.351 614.166 364.38 121.765 139.16 53.711 2548.065 2501.221 2111.206 1731.567 1372.833 1004.639 647.888 150.909 1091.614 48.37 75.378 4.883 -331.726 -676.422 -1016.541 -1362.915 -1705.78 -2044.983 -2385.559 -2711.182 434.875 846.71 438.232 82.55 6.714 -349.426 -707.55 584 695 400 25.98 27.53 4998 4671 2408 1 034
6058873 7531 2026/1/25 16:18:25 P18 73.54 22.19 0 7.11 36.72 948.92 969.4 247.65 522.766 4092.712 336.456 620.88 776.215 497.131 50.964 -6.256 876.312 -9.613 346.222 680.237 76.141 794.83 714.111 390.625 562.134 1476.288 586.853 -5000 2.747 106.964 39.978 -9.003 8.545 344.849 132.294 735.779 1367.188 1090.546 -1347.809 610.046 362.091 126.343 132.446 52.795 2544.861 2500.763 2112.274 1736.603 1380.615 1016.541 660.4 150.909 1078.796 55.847 77.209 5.341 -330.505 -675.049 -1016.693 -1361.084 -1700.439 -2040.405 -2377.014 -2702.789 429.077 845.337 438.232 82.55 9.003 -346.68 -703.583 596 695 400 26 27.61 4997 4579 2408 1 034
6058874 7531 2026/1/25 16:18:26 P18 73.58 22.17 0 7.13 36.63 948.91 969.39 244.904 523.224 4091.644 332.184 616.76 771.484 497.131 69.122 -30.06 886.23 -11.139 341.644 675.201 74.768 789.49 714.569 387.878 561.371 1468.658 583.801 -5000 4.12 104.218 -15.411 -10.223 8.85 343.323 129.242 731.049 1365.509 1069.946 -1352.844 607.605 357.971 121.918 127.716 54.016 2542.877 2502.136 2114.563 1738.129 1380.768 1015.778 657.654 153.656 1071.014 52.948 75.684 5.493 -329.895 -675.354 -1014.557 -1359.558 -1699.371 -2038.727 -2377.167 -2703.552 433.35 844.879 438.232 83.008 8.24 -345.764 -701.447 583 685 400 26.02 27.66 4993 4479 2408 1 034
6058875 7531 2026/1/25 16:18:27 P18 73.66 22.21 0 7.17 36.77 948.89 969.4 244.904 522.614 4086.914 328.064 613.251 769.653 497.131 -31.281 -50.354 887.299 -11.597 339.966 677.032 73.09 785.828 714.417 382.996 559.082 1462.86 580.902 -5000 10.071 106.049 -6.561 -9.308 9.613 341.797 129.395 727.539 1358.643 1081.238 -1345.978 604.553 354.614 125.275 135.04 53.253 2545.471 2500.153 2109.375 1728.516 1371.155 1004.181 648.804 159.302 1061.859 47.455 75.226 7.324 -330.2 -678.101 -1019.135 -1362.762 -1704.407 -2044.678 -2383.881 -2707.214 432.281 845.642 441.895 79.651 8.24 -350.037 -709.839 592 690 400 26 27.78 4985 4372 2408 1 034
6058876 7531 2026/1/25 16:18:28 P18 73.6 22.1 0 7.34 36.71 948.91 969.41 246.887 523.071 4092.56 323.639 609.436 764.923 497.589 108.185 -15.717 864.868 -10.071 338.593 676.88 73.242 782.623 715.027 379.944 558.777 1448.975 575.714 -5000 10.529 105.743 30.06 -9.308 10.376 341.339 127.258 723.114 1349.945 1054.23 -1355.286 599.976 351.105 125.275 132.751 54.016 2545.929 2501.678 2111.969 1736.145 1381.836 1018.677 663.147 159.302 1047.516 51.727 75.226 7.324 -331.879 -676.27 -1015.167 -1358.948 -1699.371 -2035.675 -2373.962 -2699.432 435.028 841.827 439.301 86.365 6.104 -346.069 -701.599 585 735 400 25.98 27.7 4970 4261 2408 1 034
6058877 7531 2026/1/25 16:18:29 P18 73.61 22.2 0 7.25 36.73 948.91 969.4 247.345 523.834 4095.001 319.519 606.995 758.972 496.368 17.242 8.24 836.029 -10.223 335.693 675.049 70.801 776.978 714.417 376.129 558.472 1438.904 574.036 -5000 15.259 103.302 75.836 -7.019 9.766 339.813 129.7 717.773 1345.673 1070.099 -1347.656 598.145 348.053 123.138 131.226 53.253 2546.539 2500 2112.579 1736.145 1376.343 1008.453 652.313 159.149 1036.835 36.469 74.31 4.12 -329.437 -674.744 -1015.93 -1360.016 -1702.271 -2042.084 -2381.134 -2706.757 429.077 841.37 435.791 81.94 5.341 -348.053 -707.092 585 735 400 25.98 27.7 4970 4261 2408 1 034
6058878 7531 2026/1/25 16:18:30 P18 73.66 22.15 0 7.18 36.86 948.93 969.4 245.209 523.987 4093.475 316.01 603.027 759.125 496.826 30.212 -18.463 847.168 -11.444 334.015 673.218 68.817 773.621 714.417 372.009 556.793 1430.969 571.899 -5000 2.747 103.76 30.365 -10.376 10.986 338.745 129.547 712.738 1343.079 1053.009 -1354.218 594.33 345.764 121.46 129.852 53.101 2545.776 2501.221 2111.053 1733.093 1375.275 1010.132 653.381 164.185 1026.306 32.043 75.989 5.951 -332.336 -677.795 -1019.44 -1362.305 -1703.491 -2043.152 -2382.66 -2705.841 428.162 841.827 437.927 81.482 7.477 -350.189 -708.466 593 730 400 26 27.86 4947 4152 2408 1 034
6058879 7531 2026/1/25 16:18:31 P18 73.67 22.1 0 7.13 36.77 948.93 969.41 245.667 523.071 4090.729 313.263 601.044 755.768 497.437 -5.341 -42.572 831.909 -11.902 332.184 671.082 69.58 769.043 715.332 369.873 556.183 1422.882 567.322 -5000 1.221 106.659 46.082 -9.613 11.139 337.372 129.852 707.703 1333.008 1037.598 -1349.487 592.651 342.712 120.85 130.157 54.169 2543.793 2501.526 2112.885 1738.281 1383.362 1020.813 664.978 167.542 1019.135 34.332 74.768 7.172 -333.71 -678.101 -1017.303 -1360.779 -1701.05 -2036.743 -2376.099 -2700.806 429.84 840.302 440.826 82.245 6.409 -346.527 -701.752 593 720 400 26 27.86 4916 4044 2408 1 034
6058880 7531 2026/1/25 16:18:32 P18 73.64 22.23 0 7.2 36.66 948.89 969.41 247.955 524.139 4095.306 309.143 597.534 749.207 496.674 -63.934 -31.586 821.686 -8.087 328.522 671.844 66.833 767.212 714.874 365.601 555.725 1415.558 565.033 -5000 3.662 106.506 31.738 -10.986 11.444 335.693 130.31 705.109 1327.057 1014.252 -1352.539 586.395 339.203 119.324 121.46 53.558 2547.302 2501.526 2116.852 1745.453 1389.923 1027.069 669.861 169.22 1007.08 45.776 77.362 6.409 -330.505 -672.913 -1011.963 -1354.523 -1694.489 -2033.234 -2369.537 -2696.075 427.551 840.759 438.69 81.329 8.698 -339.966 -695.801 583 715 400 26 27.88 4878 3938 2408 1 034
6058881 7531 2026/1/25 16:18:33 P18 73.68 22.17 0 7.13 36.78 948.91 969.41 246.277 524.292 4086.914 304.871 593.414 747.986 496.216 103.302 -28.381 813.599 -10.986 327.759 666.504 65.918 764.771 714.874 363.464 554.047 1402.588 563.202 -5000 16.479 104.98 -2.594 -8.85 12.512 335.236 127.106 700.684 1326.294 1041.26 -1347.656 586.243 338.287 118.408 116.272 53.101 2548.37 2501.984 2111.359 1734.161 1375.427 1011.658 657.196 175.171 996.857 63.324 75.684 9.308 -326.843 -674.286 -1014.404 -1358.337 -1700.439 -2039.337 -2377.014 -2702.789 429.535 842.438 437.622 81.024 7.782 -350.647 -706.329 586 745 400 25.99 27.97 4833 3836 2408 1 034
6058882 7531 2026/1/25 16:18:34 P18 73.58 22.1 0 7.13 36.8 948.92 969.4 246.887 524.445 4084.167 303.345 591.278 745.087 495.911 -40.588 -32.196 802.917 -9.155 325.165 669.708 64.24 760.193 715.332 359.65 551.3 1398.621 559.54 -5000 -0.61 105.591 11.749 -8.85 13.275 334.32 127.716 695.496 1320.648 1010.437 -1348.114 583.954 334.473 116.425 124.817 52.643 2547.607 2501.373 2112.274 1739.807 1382.904 1022.034 666.351 173.645 982.056 45.471 74.005 7.629 -328.369 -675.964 -1015.015 -1359.406 -1699.371 -2037.506 -2374.115 -2699.432 425.72 839.996 430.756 81.024 7.019 -348.358 -702.515 594 730 400 26.05 27.93 4781 3736 2408 1 034
6058883 7531 2026/1/25 16:18:35 P18 73.67 22.13 0 7.28 36.8 948.91 969.41 248.718 523.682 4090.576 301.361 588.379 741.73 495.911 -28.839 -37.537 811.31 -10.834 323.639 667.877 64.24 756.836 714.874 355.53 554.199 1385.651 557.404 -5000 7.477 105.286 -2.441 -9.766 11.597 333.557 128.784 690.918 1314.392 1015.625 -1348.724 580.597 333.557 118.408 122.528 54.169 2543.335 2501.526 2115.936 1743.317 1388.855 1026.611 670.624 172.882 975.189 51.117 73.853 5.188 -329.285 -672.607 -1009.827 -1354.828 -1694.183 -2032.928 -2369.995 -2696.991 424.194 835.876 435.944 82.855 6.256 -343.933 -699.158 598 735 400 26.02 27.99 4722 3638 2408 1 034
6058884 7531 2026/1/25 16:18:36 P18 73.63 22.1 0 7.13 36.98 948.92 969.39 246.429 523.224 4090.881 298.157 584.412 741.577 495.605 -27.924 -44.403 782.318 -10.986 321.96 668.03 62.714 753.937 716.705 354.156 553.131 1377.869 554.657 -5000 -0.916 106.049 100.25 -7.935 12.817 332.031 129.7 688.782 1311.035 1013.184 -1349.64 579.071 329.132 114.594 123.901 53.711 2547.607 2499.542 2109.375 1734.924 1380.005 1015.472 658.569 178.833 965.118 64.85 76.904 5.798 -330.963 -676.88 -1016.693 -1360.626 -1701.355 -2040.863 -2377.625 -2702.789 425.72 837.25 436.554 81.177 8.698 -345.306 -702.515 594 730 400 26.03 28.04 4658 3542 2408 1 034
6058885 7531 2026/1/25 16:18:37 P18 73.7 22.09 0 7.35 36.86 948.95 969.39 244.904 523.987 4085.083 293.274 582.275 736.084 496.063 -23.193 -0.763 775.757 -10.986 320.74 663.605 62.256 751.495 715.485 351.105 551.147 1370.239 553.589 -5000 1.831 106.506 19.836 -8.392 13.733 331.726 127.106 685.272 1306.152 996.246 -1356.049 575.409 327.606 110.779 115.051 52.795 2549.896 2501.221 2113.8 1740.112 1385.04 1023.407 667.877 179.291 957.794 65.46 75.073 7.629 -331.573 -676.117 -1014.862 -1358.643 -1698.608 -2037.506 -2373.657 -2698.059 425.568 836.182 437.012 80.109 6.866 -343.933 -700.378 594 730 400 26 28.07 4589 3449 2408 1 034
6058886 7531 2026/1/25 16:18:38 P18 73.68 22.09 0 7.22 36.9 948.92 969.4 248.566 523.224 4087.067 291.901 579.529 732.117 495.911 -5.951 3.357 779.724 -10.529 320.74 663.757 61.188 747.375 715.79 347.29 552.521 1365.967 551.758 -5000 2.289 107.422 39.825 -9.46 13.58 330.2 131.073 682.373 1297.76 971.527 -1351.013 572.815 325.165 116.119 115.509 53.711 2542.114 2502.136 2115.784 1743.927 1386.871 1025.085 670.319 183.868 945.129 46.082 76.904 6.714 -326.233 -669.861 -1009.369 -1352.692 -1693.42 -2032.623 -2368.774 -2696.838 424.347 837.25 438.232 83.923 9.308 -342.102 -696.259 581 755 400 26 28.07 4519 3359 2408 1 034
6058887 7531 2026/1/25 16:18:39 P18 73.63 22.15 0 7.25 36.9 948.93 969.42 248.413 523.834 4085.083 288.696 576.935 731.964 495.758 60.425 10.529 768.127 -10.529 317.078 658.722 60.272 745.087 715.942 344.849 550.232 1354.065 549.469 -5000 2.441 104.37 41.199 -10.376 13.885 329.285 130.157 678.101 1296.997 1005.096 -1350.403 570.679 321.96 115.204 107.269 53.406 2546.082 2500.305 2113.495 1737.671 1379.547 1013.336 654.297 181.885 934.601 51.422 77.515 5.341 -330.2 -674.744 -1014.557 -1360.016 -1700.897 -2039.49 -2379.456 -2703.705 420.532 834.503 436.707 82.397 7.172 -344.696 -700.531 581 755 400 26 28.07 4519 3359 2408 1 034
6058888 7531 2026/1/25 16:18:40 P18 73.63 22.15 0 7.39 36.96 948.92 969.41 245.667 522.919 4089.813 285.645 573.73 729.675 495.3 21.82 -1.984 747.223 -11.139 317.535 664.673 57.526 742.34 716.553 341.797 550.69 1346.893 545.044 -5000 2.441 103.302 39.368 -9.766 13.733 328.522 130.615 673.218 1289.978 975.8 -1349.487 567.932 319.824 112.305 127.869 54.626 2544.25 2502.289 2113.8 1742.706 1387.939 1024.628 669.556 180.664 924.988 37.079 74.31 5.341 -331.116 -675.354 -1013.947 -1356.812 -1695.404 -2035.217 -2371.063 -2697.449 422.211 834.045 435.944 77.82 7.172 -346.069 -699.463 594 745 400 25.99 28.12 4450 3270 2408 1 034
6058889 7531 2026/1/25 16:18:41 P18 73.63 22.15 0 7.39 36.96 948.95 969.39 247.345 522.766 4090.118 283.813 571.899 724.792 495.605 -4.12 5.951 760.956 -10.071 314.484 662.079 58.441 739.288 715.485 339.203 549.774 1343.079 543.823 -5000 1.526 102.081 -24.261 -9.003 13.885 326.996 129.7 670.013 1280.06 1003.876 -1350.555 565.948 317.688 115.051 117.95 53.864 2548.676 2501.831 2116.394 1740.875 1386.719 1022.186 664.673 188.293 919.037 36.011 75.226 9.613 -329.59 -672.913 -1012.878 -1357.422 -1697.998 -2035.828 -2375.641 -2701.263 421.295 832.825 437.469 83.008 8.087 -344.849 -699.158 597 745 400 25.99 28.12 4382 3184 2408 1 034
6058890 7531 2026/1/25 16:18:42 P18 73.68 22.16 0 7.23 37.01 948.92 969.41 247.498 523.987 4085.083 281.982 569.305 722.351 495.605 -27.313 -4.73 737.762 -10.376 315.704 661.926 57.373 735.931 715.942 336.151 547.485 1335.297 540.619 -5000 -2.899 102.386 13.733 -7.629 14.801 326.08 130.005 668.945 1284.027 976.868 -1348.419 563.354 316.315 110.474 107.422 54.321 2545.624 2502.747 2111.053 1734.314 1373.291 1007.233 650.482 187.683 904.694 46.692 77.82 8.545 -328.827 -674.744 -1015.778 -1359.863 -1702.118 -2042.694 -2381.134 -2708.13 422.363 833.74 437.012 80.109 9.766 -348.816 -705.261 580 740 400 25.99 28.15 4316 3099 2408 1 034
6058891 7531 2026/1/25 16:18:43 P18 73.54 22.19 0 7.4 37.08 948.94 969.4 246.735 522.919 4090.271 276.794 567.474 721.741 495.148 -51.27 -34.18 741.577 -10.223 310.669 660.095 57.373 735.168 716.248 334.167 548.248 1326.904 539.856 -5000 -1.526 101.166 60.272 -8.85 15.564 326.385 129.089 664.062 1278.381 967.865 -1348.267 561.066 312.653 112.152 113.373 53.253 2548.218 2501.221 2116.394 1744.232 1390.228 1025.696 668.335 188.446 897.98 39.52 73.547 8.85 -331.421 -675.507 -1013.336 -1355.438 -1695.404 -2034.76 -2369.995 -2697.754 421.6 830.383 434.57 83.923 5.035 -344.238 -698.395 581 765 400 26 28.39 4252 3017 2408 1 034
6058892 7531 2026/1/25 16:18:44 P18 73.67 22.15 0 7.34 37 948.94 969.4 248.871 523.071 4084.167 276.337 565.491 720.367 495.148 19.379 -55.847 745.544 -11.139 309.143 659.943 55.847 731.659 716.4 331.879 546.722 1320.343 536.194 -5000 3.357 102.234 10.529 -8.392 15.717 324.707 130.005 660.4 1275.787 955.811 -1347.961 559.387 312.347 105.438 108.948 52.643 2544.556 2500.763 2115.784 1742.401 1386.108 1021.271 663.452 191.193 885.773 46.539 75.836 4.425 -327.148 -672.15 -1011.963 -1356.506 -1696.472 -2036.743 -2374.878 -2701.263 422.974 833.13 433.96 83.008 7.935 -344.696 -700.073 595 750 400 26.03 28.33 4189 2937 2408 1 034
6058893 7531 2026/1/25 16:18:45 P18 73.53 22.17 0 7.2 36.98 948.94 969.41 247.65 523.376 4079.59 275.574 564.728 720.978 494.995 4.272 -27.618 731.812 -10.071 308.075 659.332 54.016 728.912 716.553 329.285 544.434 1313.629 536.652 -5000 -3.204 97.961 56 -9.155 15.259 323.639 128.937 657.501 1270.752 945.892 -1354.98 556.488 310.059 104.218 108.032 53.253 2546.844 2502.136 2111.053 1730.652 1367.95 1002.808 648.956 193.329 874.176 58.289 75.378 5.188 -331.116 -677.338 -1018.829 -1363.983 -1705.627 -2045.441 -2385.712 -2710.114 418.243 830.688 435.181 78.43 6.104 -348.053 -706.94 591 745 400 26.02 28.34 4128 2858 2408 1 034
6058894 7531 2026/1/25 16:18:46 P18 73.58 22.21 0 7.2 37.04 948.91 969.4 249.329 522.461 4080.353 273.438 560.913 716.858 494.69 1.068 -32.654 747.528 -10.834 308.228 658.417 54.169 727.234 716.705 326.385 542.755 1306.915 534.973 -5000 -0.916 100.403 37.994 -9.003 15.869 322.876 128.632 654.755 1265.717 958.71 -1350.708 554.504 308.533 105.133 110.168 52.795 2547.76 2501.526 2110.443 1736.908 1377.411 1014.404 661.011 197.449 867.767 48.981 75.836 5.493 -329.59 -675.964 -1016.388 -1361.237 -1701.66 -2040.71 -2377.319 -2702.637 420.99 832.062 436.401 81.94 8.24 -344.086 -702.515 599 745 400 25.98 28.23 4068 2782 2408 1 034
6058895 7531 2026/1/25 16:18:47 P18 73.54 22.15 0 7.34 36.93 948.9 969.41 246.277 521.851 4083.252 270.691 558.929 712.128 494.843 -48.523 -22.278 728.455 -9.613 304.26 659.027 53.864 723.419 717.316 324.707 540.924 1291.809 531.921 -5000 3.357 100.403 50.964 -8.24 15.411 323.029 131.531 652.771 1259.613 940.704 -1353.302 552.673 305.176 101.166 106.049 52.948 2546.844 2502.747 2113.953 1739.349 1380.157 1015.778 658.875 198.975 854.492 46.539 75.073 9.155 -329.742 -674.744 -1014.557 -1359.406 -1700.287 -2039.795 -2378.235 -2705.383 418.701 832.214 437.164 81.177 7.324 -346.527 -701.599 586 745 400 25.99 28.39 4008 2707 2408 1 034
6058896 7531 2026/1/25 16:18:48 P18 73.66 22.19 0 7.44 37.01 948.94 969.4 249.939 523.071 4083.71 268.555 556.335 710.144 494.995 7.782 -34.79 718.079 -9.613 306.702 660.095 52.795 721.588 717.163 321.35 538.94 1288.452 530.09 -5000 -0.916 101.471 3.967 -8.698 15.717 321.35 131.531 649.719 1258.698 929.108 -1351.013 550.232 303.955 104.675 100.098 52.795 2545.929 2502.441 2107.849 1726.99 1369.629 1002.808 646.973 198.364 845.795 41.809 75.989 8.85 -330.811 -677.795 -1019.135 -1364.594 -1706.085 -2046.051 -2385.406 -2709.503 418.854 828.857 435.944 75.226 4.272 -353.851 -709.686 595 765 400 26 28.44 3950 2634 2408 1 034
6058897 7531 2026/1/25 16:18:49 P18 73.67 22.1 0 7.3 37.07 948.94 969.4 248.566 521.698 4083.099 265.961 556.641 710.297 494.995 -77.515 -18.005 713.501 -10.071 302.429 659.637 52.338 720.367 718.079 320.587 537.567 1284.79 530.701 -5000 -9.766 100.403 40.131 -9.003 16.632 321.503 129.395 646.82 1250.61 935.364 -1355.896 547.943 303.345 100.555 104.828 54.016 2543.488 2501.831 2113.495 1739.807 1384.277 1020.203 663.3 197.754 841.064 65.308 74.615 7.935 -329.59 -674.438 -1013.184 -1358.643 -1699.219 -2038.422 -2375.793 -2700.958 419.617 826.721 435.944 79.956 6.561 -345.001 -701.904 587 755 400 26.03 28.44 3893 2563 2408 1 034
6058898 7531 2026/1/25 16:18:50 P18 73.51 22.06 0 7.34 37.04 948.93 969.4 248.108 522.461 4088.44 263.824 553.131 708.923 495.3 -4.883 -3.662 708.466 -9.308 302.277 657.501 51.727 716.858 717.468 317.688 534.821 1278.534 527.954 -5000 -1.526 101.318 3.51 -8.85 16.479 320.435 129.242 643.158 1250 924.683 -1352.234 546.57 300.293 104.98 108.948 52.49 2548.065 2502.594 2113.495 1736.603 1378.937 1012.726 654.755 199.89 829.62 50.507 71.564 7.324 -329.59 -675.964 -1015.015 -1360.474 -1702.881 -2042.389 -2380.981 -2706.757 416.87 827.942 435.638 78.125 6.104 -347.595 -703.583 587 755 400 26.03 28.44 3893 2563 2408 1 034
6058899 7531 2026/1/25 16:18:51 P18 73.51 22.19 0 7.47 37.19 948.95 969.4 249.634 522.461 4089.05 261.688 552.063 702.82 494.537 -36.469 9.766 688.324 -10.223 300.598 657.959 50.812 715.027 717.621 314.941 533.6 1269.379 524.597 -5000 5.188 105.438 7.019 -9.155 16.937 319.519 128.937 641.327 1243.591 903.473 -1351.624 545.044 300.293 103.912 107.574 53.711 2545.929 2501.526 2106.934 1729.431 1371.155 1005.249 650.635 204.163 820.465 72.021 75.073 6.866 -330.353 -675.507 -1016.388 -1361.542 -1702.576 -2041.473 -2382.66 -2706.757 419.159 825.806 436.401 78.278 8.392 -347.443 -707.092 596 755 400 25.99 28.55 3836 2493 2408 1 034
6058900 7531 2026/1/25 16:18:52 P18 73.57 22.12 0 7.27 37.08 948.92 969.4 248.26 522.003 4082.947 260.315 549.622 703.583 494.232 -71.106 -9.003 688.629 -10.834 299.988 656.281 50.049 712.585 717.773 312.805 529.785 1264.648 524.139 -5000 8.545 105.591 -0.458 -8.392 17.09 319.061 128.784 639.038 1241.302 898.285 -1356.964 541.84 298.309 99.335 105.438 53.711 2547.15 2501.221 2114.868 1739.044 1383.057 1019.44 663.147 204.315 811.768 60.272 79.346 10.529 -327.606 -672.302 -1012.726 -1356.201 -1697.54 -2035.065 -2373.047 -2696.381 412.292 827.942 437.622 80.719 10.986 -347.29 -701.141 595 745 400 25.99 28.55 3781 2425 2408 1 034
6058901 7531 2026/1/25 16:18:53 P18 73.53 22.21 0 7.37 37.12 948.92 969.4 247.955 521.088 4087.524 259.247 548.553 703.278 495.3 48.828 -10.376 674.744 -10.986 300.598 655.06 49.591 710.449 718.231 310.211 529.175 1259.308 521.088 -5000 4.883 103.149 5.341 -9.918 16.327 317.993 128.937 636.139 1234.131 909.576 -1350.555 540.771 295.258 101.624 101.929 53.558 2543.488 2500.153 2117.157 1744.08 1390.228 1028.595 673.828 205.841 798.95 50.812 74.921 6.409 -327.454 -670.013 -1008.759 -1353.302 -1691.895 -2031.403 -2368.774 -2694.55 414.276 819.702 433.502 82.245 7.782 -345.154 -700.073 582 765 400 26.02 28.46 3726 2359 2408 1 034
6058902 7531 2026/1/25 16:18:54 P18 73.55 22.09 0 7.28 37.08 948.96 969.4 247.192 521.851 4085.236 256.958 545.654 700.684 494.232 -1.221 -0.763 673.523 -9.003 298.462 653.076 49.591 709.229 718.079 308.38 524.75 1253.052 521.393 -5000 -14.191 101.318 43.64 -7.172 16.174 317.841 128.784 632.629 1234.131 890.198 -1352.081 538.33 295.41 100.25 106.506 54.321 2545.471 2503.052 2111.206 1734.161 1376.343 1011.353 652.924 207.825 794.83 59.357 74.921 10.681 -331.268 -675.964 -1016.083 -1361.542 -1702.576 -2042.389 -2381.287 -2705.231 417.023 825.653 436.096 79.193 6.561 -348.816 -706.329 597 760 400 26 28.47 3673 2294 2408 1 034
6058903 7531 2026/1/25 16:18:55 P18 73.53 22.16 0 7.34 37.31 948.92 969.4 247.955 521.393 4084.473 255.432 544.434 690.155 494.385 -59.052 26.245 658.112 -9.155 296.783 657.043 48.37 706.482 717.773 306.396 522.461 1250.458 517.731 -5000 0 96.741 117.645 -9.766 17.853 316.925 128.937 630.951 1229.553 880.89 -1350.098 536.499 291.748 100.708 101.929 53.253 2542.572 2502.136 2113.037 1737.366 1382.904 1020.203 663.452 205.994 781.403 44.25 75.836 5.798 -331.879 -678.101 -1017.609 -1360.321 -1701.202 -2039.795 -2377.472 -2701.111 413.208 821.838 432.129 77.515 7.019 -345.459 -700.836 584 755 400 26 28.58 3620 2231 2408 1 034
6058904 7531 2026/1/25 16:18:56 P18 73.61 22.15 0 7.28 37.22 948.95 969.43 251.007 521.088 4083.099 255.127 543.06 696.411 494.08 -23.193 14.496 642.548 -9.918 296.326 655.06 46.387 703.888 717.468 304.871 517.426 1239.319 516.357 -5000 0.763 99.182 34.485 -7.324 17.853 315.857 127.258 628.967 1223.602 887.451 -1354.523 535.278 289.917 96.436 97.656 52.49 2544.098 2500.153 2117.462 1744.995 1390.991 1027.832 672.302 209.351 773.315 46.082 73.547 4.425 -329.895 -674.744 -1012.726 -1355.896 -1696.014 -2034.912 -2371.826 -2698.212 411.224 822.906 433.35 80.109 5.341 -343.475 -696.716 600 755 400 26.02 28.68 3568 2170 2408 1 034
6058905 7531 2026/1/25 16:18:57 P18 73.48 22.24 0 7.32 37.18 948.96 969.41 247.803 520.325 4083.252 251.617 542.297 693.207 493.927 -43.182 -18.311 635.834 -11.139 296.021 653.687 47.15 702.667 718.689 301.819 517.578 1237.03 514.984 -5000 1.526 99.487 24.872 -9.155 17.7 315.704 127.869 625.916 1222.534 868.683 -1352.386 533.752 289.154 91.858 96.741 54.016 2547.607 2501.678 2112.274 1735.382 1378.784 1014.709 658.569 216.217 765.076 51.27 76.752 7.477 -328.827 -673.218 -1014.252 -1359.253 -1700.592 -2039.948 -2378.387 -2702.637 415.955 824.28 430.908 79.041 10.681 -347.595 -702.82 590 745 400 26.06 28.66 3517 2110 2408 1 034
6058906 7531 2026/1/25 16:18:58 P18 73.63 22.12 0 7.27 37.25 948.94 969.4 248.566 520.172 4085.083 250.854 540.314 694.122 493.774 -30.518 -23.804 634.918 -10.376 293.427 651.55 46.844 699.615 718.384 300.293 513.611 1226.501 513.153 -5000 3.357 98.724 32.806 -8.545 17.395 314.789 127.106 623.322 1218.414 877.38 -1349.487 531.464 288.544 96.436 103.912 52.795 2544.861 2501.068 2113.495 1741.333 1386.108 1023.102 667.267 213.928 754.852 54.932 74.31 5.341 -329.895 -674.744 -1015.015 -1358.643 -1698.761 -2037.811 -2375.488 -2699.28 411.53 821.991 432.587 77.972 3.052 -344.849 -700.073 596 760 400 25.99 28.64 3467 2051 2408 1 034
6058907 7531 2026/1/25 16:18:59 P18 73.5 22.06 0 7.38 37.21 948.97 969.41 247.498 520.172 4083.099 249.329 538.33 688.324 493.927 61.34 -7.019 633.85 -9.308 291.29 653.229 46.082 698.09 719.299 297.852 511.322 1225.586 512.543 -5000 -0.61 99.03 39.215 -7.324 17.7 314.331 126.343 621.338 1215.21 870.056 -1357.88 529.938 285.645 100.403 98.877 52.643 2549.591 2502.899 2116.241 1742.706 1387.787 1026.764 667.877 212.708 746.765 52.185 75.531 5.951 -327.759 -673.065 -1010.284 -1355.896 -1696.167 -2033.997 -2370.911 -2697.449 411.072 821.075 434.265 81.94 9.003 -344.238 -697.479 587 755 400 26.02 28.68 3417 1994 2408 1 034
6058908 7531 2026/1/25 16:19:00 P18 73.47 22.13 0 7.33 37.24 948.94 969.42 247.04 519.409 4087.83 247.803 537.567 692.139 494.232 15.106 3.204 616.15 -10.986 290.222 652.771 46.234 696.106 718.689 296.478 508.118 1217.346 512.543 -5000 7.019 100.403 81.329 -9.308 17.548 313.568 125.275 618.134 1212.769 853.424 -1354.523 528.564 284.576 101.471 97.961 52.338 2545.929 2501.831 2118.53 1742.249 1384.277 1017.761 663.3 215.607 736.084 56.61 74.31 8.087 -331.726 -674.286 -1014.862 -1360.016 -1699.677 -2040.405 -2380.829 -2705.994 413.818 820.007 432.892 78.735 5.798 -345.001 -702.209 587 755 400 26.02 28.68 3417 1994 2408 1 034
6058909 7531 2026/1/25 16:19:01 P18 73.54 22.1 0 7.32 37.2 948.96 969.41 249.786 520.63 4086.151 246.887 536.652 685.577 493.622 -3.357 -9.308 628.204 -10.834 289.154 651.855 45.319 695.496 719.757 294.189 504.913 1209.869 509.491 -5000 6.256 102.234 45.776 -9.308 18.158 313.11 124.054 617.218 1210.785 845.184 -1345.367 526.123 282.745 95.52 101.166 52.948 2545.319 2501.831 2113.495 1739.807 1387.177 1023.712 668.793 213.928 728.455 45.624 72.327 8.24 -330.963 -674.896 -1015.015 -1357.727 -1697.998 -2037.048 -2373.657 -2698.212 412.292 819.855 434.113 78.583 7.782 -348.511 -703.735 596 740 400 25.99 28.68 3368 1938 2408 1 034
6058910 7531 2026/1/25 16:19:02 P18 73.6 22.17 0 7.47 37.37 948.93 969.42 248.871 518.951 4084.93 243.683 533.447 684.509 493.774 -39.673 -50.812 645.294 -10.223 289.612 652.008 44.25 692.596 719.757 292.206 503.693 1208.649 508.728 -5000 4.73 100.403 18.463 -5.798 18.005 312.653 124.207 614.624 1206.055 867.004 -1358.185 524.292 282.593 97.351 97.961 53.253 2545.471 2501.373 2117.92 1744.08 1389.16 1027.985 669.403 215.302 721.13 50.964 76.599 7.019 -328.369 -673.37 -1011.047 -1355.286 -1695.099 -2032.776 -2371.216 -2696.838 414.276 820.007 436.859 80.566 8.85 -343.323 -695.648 599 730 400 25.99 28.68 3321 1884 2408 1 034
6058911 7531 2026/1/25 16:19:03 P18 73.53 22.03 0 7.37 37.22 948.96 969.39 251.312 520.172 4084.167 243.225 533.752 687.866 494.843 44.861 -30.06 622.406 -11.292 288.086 649.719 43.945 689.697 719.299 291.443 500.641 1203.003 508.118 -5000 -5.646 98.572 22.736 -10.071 17.853 311.89 122.681 612.946 1203.918 829.01 -1353.607 522.614 279.846 95.825 96.13 51.727 2546.539 2502.289 2113.037 1739.197 1379.7 1015.015 655.823 218.353 713.654 37.994 73.7 8.392 -330.811 -675.964 -1016.388 -1359.406 -1701.05 -2040.71 -2378.235 -2705.383 410.004 818.481 434.113 77.362 5.188 -347.748 -700.684 578 705 400 26.06 28.79 3274 1831 2408 1 034
6058912 7531 2026/1/25 16:19:04 P18 73.48 22.13 0 7.28 37.29 948.95 969.42 251.007 519.409 4076.08 241.394 531.158 681.305 494.385 -47.913 -26.245 603.943 -10.986 287.933 648.651 43.64 690.46 720.215 288.696 498.657 1196.899 506.439 -5000 1.831 97.198 -4.883 -8.392 18.768 310.669 122.833 610.199 1200.256 847.015 -1352.997 521.24 281.525 92.316 93.231 53.711 2548.37 2499.695 2114.258 1741.638 1385.193 1022.644 667.419 217.285 707.397 60.272 74.921 5.493 -332.642 -675.049 -1013.947 -1356.354 -1696.93 -2035.522 -2372.437 -2695.923 412.14 817.719 435.181 78.735 6.714 -346.069 -701.599 598 710 400 25.99 28.79 3228 1779 2408 1 034
6058913 7531 2026/1/25 16:19:05 P18 73.48 22.15 0 7.28 37.22 948.96 969.39 247.955 518.646 4083.862 241.547 530.548 684.357 493.927 84.534 -1.678 606.079 -10.529 287.17 649.719 42.877 687.714 719.757 286.56 496.063 1190.491 504.303 -5000 -2.899 100.098 48.065 -10.071 18.768 310.822 121.46 608.521 1193.39 851.44 -1351.166 520.325 277.252 92.01 94.91 53.558 2543.488 2502.441 2115.631 1745.3 1389.618 1028.137 670.776 215.607 695.801 46.082 73.547 4.883 -330.505 -674.133 -1013.336 -1356.659 -1695.709 -2034.302 -2370.148 -2691.498 409.393 815.43 432.129 83.771 8.698 -345.154 -700.226 599 700 400 25.98 28.75 3182 1729 2408 1 034
6058914 7531 2026/1/25 16:19:06 P18 73.44 22.15 0 7.21 37.22 948.92 969.43 250.244 519.409 4077.759 241.241 528.259 679.321 493.927 -17.853 21.973 614.624 -10.223 286.865 648.651 42.725 686.035 720.825 284.729 493.774 1187.592 503.54 -5000 5.493 99.03 -29.755 -5.951 18.311 310.211 121.765 607.91 1193.848 836.487 -1359.1 518.341 276.794 94.299 91.858 51.575 2546.387 2501.984 2113.8 1739.655 1379.395 1014.099 656.586 217.133 687.408 49.744 72.937 4.425 -328.979 -674.896 -1015.472 -1359.863 -1701.813 -2040.558 -2378.998 -2705.536 408.478 815.735 433.197 76.599 7.324 -345.306 -702.515 593 710 400 26.05 28.92 3137 1679 2408 1 034
6058915 7531 2026/1/25 16:19:07 P18 73.46 22.1 0 7.37 37.25 948.94 969.41 251.16 519.409 4078.827 240.173 529.327 680.389 493.469 17.395 5.646 585.632 -8.545 283.661 649.414 41.504 685.12 720.52 283.508 490.112 1180.115 502.93 -5000 -9.155 99.792 -11.444 -9.613 18.616 310.211 120.544 603.943 1190.643 828.705 -1349.792 517.731 276.337 92.163 88.501 53.711 2546.692 2500.763 2109.375 1729.279 1371.307 1003.571 647.278 220.642 682.831 56.915 75.378 9.766 -329.742 -677.948 -1018.066 -1363.983 -1705.322 -2045.441 -2384.491 -2709.351 411.682 817.261 437.927 78.278 5.951 -348.663 -706.94 603 710 400 25.98 28.79 3093 1630 2408 1 034
6058916 7531 2026/1/25 16:19:08 P18 73.57 22.17 0 7.21 37.3 948.97 969.42 249.023 518.799 4084.625 239.105 526.581 680.542 493.164 -0.763 13.885 569.153 -10.681 283.966 650.635 40.894 683.441 721.436 281.219 487.976 1169.739 501.709 -5000 6.409 99.182 32.196 -7.172 19.226 309.601 119.019 600.739 1185.608 844.269 -1352.997 514.984 274.048 88.806 92.316 53.711 2543.182 2503.204 2118.53 1744.843 1390.381 1026.764 670.013 215.607 672.607 56.152 72.174 7.019 -331.421 -673.523 -1014.557 -1356.201 -1693.878 -2034.149 -2369.995 -2697.754 408.02 810.242 433.807 77.972 4.272 -342.56 -698.09 598 670 400 26 28.83 3050 1583 2408 1 034
6058917 7531 2026/1/25 16:19:09 P18 73.38 22.08 0 7.22 37.22 948.94 969.42 250.092 518.188 4078.674 235.596 524.902 678.101 493.469 72.632 -27.313 580.139 -10.834 282.898 647.43 41.656 682.373 720.215 279.846 486.45 1169.586 500.488 -5000 1.984 98.724 -25.94 -8.24 19.989 308.685 117.188 599.67 1182.709 834.503 -1353.607 513.611 274.506 91.553 95.825 52.338 2545.319 2501.984 2114.716 1739.349 1380.615 1015.167 656.891 216.064 662.384 66.223 73.7 5.798 -328.217 -673.065 -1013.336 -1358.948 -1699.982 -2039.642 -2378.845 -2705.078 409.088 813.141 431.366 77.362 7.629 -345.459 -701.599 597 670 400 26 28.88 3007 1536 2408 1 034
6058918 7531 2026/1/25 16:19:10 P18 73.48 22.17 0 7.55 37.33 948.95 969.41 251.16 518.036 4073.639 235.748 523.987 673.37 493.774 -28.687 -33.569 584.564 -10.071 281.067 647.583 41.046 680.847 720.825 278.168 484.467 1167.297 500.488 -5000 3.052 97.656 32.349 -9.613 20.447 308.38 118.256 597.687 1183.014 825.806 -1355.743 513.153 273.438 92.468 85.297 56.763 2542.725 2502.441 2110.443 1729.736 1369.629 1002.96 646.057 217.896 656.738 66.833 74.921 7.324 -332.642 -678.711 -1018.982 -1363.22 -1704.254 -2044.067 -2384.949 -2709.351 405.884 814.362 434.875 75.989 8.698 -349.121 -707.855 598 665 400 25.98 28.83 2965 1491 2408 1 034
6058919 7531 2026/1/25 16:19:11 P18 73.4 22.15 0 7.42 37.31 948.98 969.41 248.871 518.494 4083.71 235.291 522.766 678.101 493.622 21.057 -12.665 563.354 -8.698 280.914 647.888 40.283 677.948 720.978 276.642 481.72 1161.041 500.488 -5000 5.341 97.504 44.098 -8.545 19.379 308.228 118.103 596.161 1176.91 816.803 -1355.286 510.864 270.233 93.384 95.825 52.49 2546.387 2501.984 2109.985 1734.619 1379.089 1015.625 659.637 220.184 649.109 46.082 70.038 4.425 -331.421 -678.558 -1019.135 -1363.22 -1703.796 -2042.999 -2379.761 -2704.315 408.63 810.089 432.739 75.378 5.188 -346.68 -703.43 598 665 400 25.98 28.83 2965 1491 2408 1 034
6058920 7531 2026/1/25 16:19:12 P18 73.37 22.21 0 7.35 37.34 948.95 969.42 251.77 516.357 4075.928 233.917 522.156 670.929 493.774 -45.624 -32.349 561.981 -9.613 279.541 647.888 40.131 677.49 721.13 274.506 482.33 1157.074 496.826 -5000 -4.272 97.198 12.512 -8.698 19.989 307.465 114.746 594.482 1170.807 813.446 -1354.675 509.796 272.217 91.553 101.471 53.406 2545.929 2500 2114.105 1739.96 1382.599 1020.05 660.858 224.762 641.327 57.526 77.209 6.104 -326.233 -670.471 -1010.284 -1355.286 -1696.167 -2036.285 -2374.573 -2701.416 410.156 814.209 441.895 80.109 10.529 -343.475 -699.158 586 685 400 26.05 28.95 2923 1447 2408 1 034
6058921 7531 2026/1/25 16:19:13 P18 73.44 22.19 0 7.43 37.33 948.96 969.43 250.244 515.747 4081.573 234.833 519.714 673.676 493.774 36.469 -37.537 555.725 -10.376 278.778 646.973 39.52 676.727 721.436 272.827 477.6 1150.818 497.742 -5000 -1.221 99.335 -14.038 -9.003 19.989 306.702 114.441 591.888 1173.706 823.059 -1352.844 508.728 267.944 95.062 95.215 51.27 2548.065 2501.221 2109.68 1730.347 1372.223 1003.418 647.43 220.49 632.629 41.351 71.869 4.578 -334.167 -680.084 -1021.118 -1364.899 -1706.696 -2047.577 -2387.695 -2713.318 406.036 810.852 433.044 75.226 4.272 -348.663 -705.719 574 640 400 26.05 28.95 2882 1403 2408 1 034
6058922 7531 2026/1/25 16:19:14 P18 73.51 22.13 0 7.3 37.42 948.95 969.42 252.686 517.426 4082.336 234.07 519.104 673.523 493.164 41.046 -29.755 562.592 -10.223 278.778 647.278 38.757 673.828 721.13 271.149 476.227 1146.24 496.826 -5000 7.324 97.198 -17.853 -8.24 19.989 307.617 114.288 592.041 1167.908 825.195 -1355.133 505.981 267.181 94.757 92.926 51.422 2547.455 2503.204 2112.885 1737.213 1379.852 1013.489 658.264 222.015 625.305 56.152 74.463 7.172 -333.099 -679.016 -1018.829 -1362.61 -1703.796 -2044.067 -2382.812 -2707.367 409.698 808.716 432.892 73.7 7.782 -348.663 -705.414 588 650 400 26.05 28.95 2842 1361 2408 1 034
6058923 7531 2026/1/25 16:19:15 P18 73.48 22.23 0 7.33 37.45 948.96 969.43 252.075 516.815 4078.827 233.765 518.036 670.776 493.469 4.425 -18.921 541.077 -10.071 277.863 646.362 38.91 673.523 722.351 268.097 474.701 1140.747 493.774 -5000 12.207 96.13 42.725 -9.46 19.531 305.786 112.915 587.769 1164.551 770.721 -1356.049 505.524 267.487 91.858 94.299 53.101 2545.624 2502.899 2110.901 1738.892 1383.209 1020.203 663.91 222.778 618.134 65.46 76.141 6.104 -329.59 -674.133 -1014.252 -1357.88 -1698.914 -2038.269 -2375.031 -2703.857 406.189 809.326 433.35 78.735 8.392 -342.102 -697.327 597 645 400 26 28.93 2803 1320 2408 1 034
6058924 7531 2026/1/25 16:19:16 P18 73.41 22.15 0 7.23 37.37 948.95 969.43 251.465 517.731 4077.454 233.612 519.409 670.624 493.622 -80.261 -18.005 567.017 -9.46 277.405 647.736 38.757 670.776 722.198 268.402 472.412 1137.848 492.859 -5000 9.003 95.215 -4.425 -8.24 19.684 305.481 111.084 587.463 1159.058 785.37 -1354.218 505.829 264.13 88.959 89.874 52.49 2548.218 2500.763 2112.122 1732.941 1373.138 1006.165 650.024 222.626 608.063 52.185 73.547 3.204 -330.505 -677.185 -1018.372 -1363.525 -1703.644 -2043.915 -2384.491 -2710.266 405.426 807.648 433.35 75.989 6.256 -348.358 -706.787 591 660 400 25.99 28.98 2764 1279 2408 1 034
6058925 7531 2026/1/25 16:19:17 P18 73.41 22.16 0 7.37 37.35 948.95 969.41 251.465 516.815 4074.097 231.323 516.663 668.03 493.011 25.635 -24.261 550.842 -9.155 275.269 644.684 37.994 671.387 722.504 266.876 471.497 1134.949 493.927 -5000 -1.221 101.013 -9.613 -9.155 19.836 305.023 109.253 585.175 1159.363 769.806 -1356.812 503.845 265.35 90.79 86.67 52.795 2548.065 2502.594 2109.68 1731.11 1373.596 1009.064 652.466 226.746 605.774 62.256 77.209 7.477 -334.167 -678.711 -1019.287 -1363.22 -1704.254 -2043.457 -2383.118 -2705.536 407.41 809.631 435.181 76.904 8.698 -347.443 -706.635 601 675 400 25.98 29.02 2726 1239 2408 1 034
6058926 7531 2026/1/25 16:19:18 P18 73.46 22.17 0 7.17 37.33 948.95 969.42 251.617 517.12 4075.928 230.865 516.663 668.793 493.469 43.64 -35.4 552.521 -9.918 275.421 645.905 37.842 668.64 722.198 265.198 469.055 1122.131 491.18 -5000 5.798 101.929 6.714 -8.24 19.989 305.328 108.795 585.632 1153.107 788.269 -1351.776 502.167 263.367 88.654 88.196 52.338 2543.64 2503.052 2113.037 1738.586 1383.209 1018.829 663.757 223.694 592.346 55.237 72.784 5.646 -333.557 -679.779 -1018.066 -1360.626 -1700.592 -2040.1 -2378.082 -2702.026 405.731 805.206 432.587 74.615 3.662 -346.527 -705.566 581 625 400 26 29 2688 1201 2408 1 034
6058927 7531 2026/1/25 16:19:19 P18 73.46 22.19 0 7.38 37.38 948.96 969.42 252.838 516.663 4079.59 230.103 514.221 669.098 493.164 -16.632 -7.172 554.504 -9.46 273.59 645.447 37.384 667.114 723.877 263.672 467.682 1125.336 491.791 -5000 12.054 100.098 39.368 -9.003 20.447 304.26 105.133 581.818 1142.426 800.781 -1356.812 499.725 263.062 85.907 87.891 52.032 2545.471 2502.747 2112.427 1735.382 1377.716 1011.658 645.447 224.915 589.294 37.231 72.174 7.019 -330.963 -675.507 -1015.015 -1360.321 -1702.271 -2041.016 -2380.676 -2706.909 404.968 805.817 435.486 77.362 7.324 -335.999 -696.564 597 640 400 25.99 29.06 2650 1163 2408 1 034
6058928 7531 2026/1/25 16:19:20 P18 73.48 22.13 0 7.45 37.45 948.97 969.4 251.617 515.9 4078.217 230.56 512.695 664.673 493.164 -4.272 5.798 520.325 -10.681 272.522 644.226 36.621 666.504 723.877 262.756 466.003 1117.706 489.197 -5000 7.172 99.335 57.373 -7.782 19.684 303.65 106.659 580.292 1152.496 766.602 -1354.37 498.962 262.756 87.433 84.076 52.643 2543.793 2500.763 2109.222 1728.821 1370.544 1004.181 648.499 226.898 581.97 42.572 72.632 8.698 -331.268 -677.795 -1017.151 -1363.525 -1705.933 -2046.814 -2385.559 -2710.419 408.173 805.664 433.807 74.768 7.477 -350.952 -708.923 589 645 400 26.08 29.15 2613 1126 2408 1 034
6058929 7531 2026/1/25 16:19:21 P18 73.43 22.21 0 7.48 37.44 948.98 969.41 251.617 516.205 4071.503 230.865 511.475 659.18 492.859 -51.88 3.357 548.096 -9.918 274.2 643.158 36.926 665.741 724.487 260.162 464.63 1111.145 488.281 -5000 -3.052 99.182 6.409 -7.629 19.989 303.345 106.659 579.376 1149.445 764.923 -1354.98 498.352 260.62 81.329 79.803 52.795 2545.319 2502.441 2111.969 1735.687 1379.547 1015.93 661.316 226.746 570.831 56.61 71.564 5.646 -339.05 -682.678 -1020.66 -1364.746 -1703.949 -2042.847 -2380.371 -2704.163 404.358 803.68 428.619 76.294 6.409 -346.68 -704.193 589 645 400 26.08 29.15 2613 1126 2408 1 034
6058930 7531 2026/1/25 16:19:22 P18 73.36 22.16 0 7.08 37.4 948.97 969.4 251.77 517.273 4077.148 230.408 511.932 663.452 493.164 48.676 -4.272 531.006 -10.376 271.606 644.379 36.011 664.52 723.419 259.705 462.952 1109.924 489.044 -5000 6.714 97.351 40.588 -10.071 20.142 303.04 107.422 576.935 1148.071 766.754 -1354.523 496.674 259.247 82.703 80.109 53.101 2547.455 2500.153 2115.173 1737.213 1379.852 1014.099 656.433 229.95 565.948 57.678 76.752 9.46 -326.08 -671.234 -1010.895 -1356.812 -1697.693 -2037.506 -2377.472 -2703.094 407.41 806.732 434.57 80.261 10.529 -345.001 -700.073 602 665 400 25.98 29.18 2577 1090 2408 1 034
6058931 7531 2026/1/25 16:19:23 P18 73.41 22.12 0 7.25 37.45 948.97 969.42 253.906 516.052 4076.233 230.713 512.238 665.894 492.859 32.501 -14.954 533.905 -8.24 270.844 644.684 35.553 663.757 723.877 258.026 462.494 1107.483 486.298 -5000 3.052 94.91 23.346 -9.766 20.905 303.955 103.76 573.425 1143.341 781.555 -1356.354 494.69 258.789 88.043 83.16 52.795 2544.403 2502.289 2107.239 1730.042 1368.561 1002.35 647.278 230.713 558.014 45.929 75.989 6.104 -330.048 -676.27 -1017.609 -1362.305 -1704.254 -2043.915 -2384.033 -2708.74 406.494 805.664 432.129 75.989 8.392 -348.969 -707.397 590 615 400 25.98 29.18 2542 1054 2408 1 034
6058932 7531 2026/1/25 16:19:24 P18 73.43 22.21 0 7.44 37.4 948.99 969.41 250.092 515.289 4077.606 228.424 509.644 664.673 492.859 73.547 -40.588 527.649 -10.376 270.996 643.768 36.316 661.011 724.64 255.127 460.815 1103.363 488.434 -5000 11.597 96.13 11.139 -9.766 19.684 302.429 101.013 573.273 1139.679 769.806 -1362.305 493.927 257.874 88.806 89.264 52.643 2545.624 2502.747 2111.053 1735.382 1378.021 1013.794 658.722 229.034 554.199 19.684 73.395 9.003 -332.336 -677.338 -1018.219 -1361.389 -1701.355 -2040.863 -2378.235 -2704.01 405.121 803.223 432.892 76.752 -4.272 -335.083 -701.599 589 635 400 26 29.09 2507 1020 2408 1 034
6058933 7531 2026/1/25 16:19:25 P18 73.51 22.08 0 7.45 37.4 948.97 969.41 253.754 516.663 4070.435 226.898 508.881 660.095 493.317 33.264 -13.275 515.594 -8.392 271.454 639.038 35.4 660.095 724.64 254.669 458.984 1100.616 485.687 -5000 4.425 97.961 61.798 -8.698 20.294 301.666 104.218 573.73 1139.069 760.651 -1355.286 493.469 256.348 88.501 80.566 52.643 2546.539 2502.594 2114.258 1740.265 1386.414 1024.323 669.708 225.067 544.434 28.381 75.073 5.188 -328.064 -672.15 -1011.658 -1354.675 -1694.946 -2033.081 -2371.063 -2696.381 404.816 803.986 434.57 77.515 9.918 -343.781 -699.463 599 645 400 26.02 29.14 2472 986 2408 1 034
6058934 7531 2026/1/25 16:19:26 P18 73.44 22.13 0 7.45 37.47 948.95 969.4 252.838 514.832 4073.029 229.645 507.812 660.4 493.011 35.858 -16.632 522.461 -11.292 268.097 642.09 36.011 659.027 724.335 253.906 456.848 1095.886 483.856 -5000 3.052 98.419 52.643 -7.935 20.905 301.819 100.861 570.221 1133.575 771.332 -1353.607 493.317 256.042 86.67 80.109 52.49 2548.37 2503.357 2108.307 1730.347 1369.476 1003.876 649.414 225.83 538.177 21.82 72.021 4.578 -331.879 -678.711 -1020.508 -1364.899 -1706.39 -2046.967 -2387.39 -2711.792 403.442 802.612 430.908 72.784 5.951 -351.41 -709.686 587 655 400 26.03 29.17 2438 952 2408 1 034
6058935 7531 2026/1/25 16:19:27 P18 73.48 22.17 0 7.38 37.47 948.96 969.41 253.601 515.137 4074.707 227.661 507.965 658.722 493.469 -94.91 -24.567 488.129 -9.155 270.233 640.717 34.637 658.417 724.64 252.228 456.543 1089.325 483.246 -5000 -2.594 96.283 17.395 -9.613 19.836 300.903 100.25 570.068 1130.066 763.397 -1355.438 490.417 256.958 85.144 78.125 52.948 2545.929 2501.373 2113.037 1735.382 1380.768 1017.151 659.79 231.628 531.158 22.43 74.463 11.597 -325.012 -672.302 -1012.573 -1358.185 -1699.219 -2038.422 -2375.793 -2698.822 406.342 803.223 430.298 77.057 7.629 -348.358 -702.209 602 670 400 26 29.22 2404 920 2408 1 034
6058936 7531 2026/1/25 16:19:28 P18 73.54 22.1 0 7.33 37.58 948.98 969.42 254.211 515.289 4068.756 226.898 507.202 652.161 493.011 -25.482 -0.916 509.186 -10.529 269.318 643.463 34.637 657.654 725.555 251.465 455.017 1087.646 481.873 -5000 18.768 96.588 24.719 -10.071 20.447 300.751 99.487 567.169 1131.287 745.544 -1354.37 489.349 254.974 88.501 85.754 52.032 2548.218 2501.373 2114.563 1741.333 1386.719 1022.339 665.741 232.086 521.24 37.231 73.242 8.698 -330.811 -673.981 -1013.794 -1357.727 -1697.388 -2036.591 -2371.521 -2697.144 405.121 803.07 433.35 77.209 7.172 -343.781 -701.599 581 625 400 26.02 29.16 2371 888 2408 1 034
6058937 7531 2026/1/25 16:19:29 P18 73.48 22.16 0 7.44 37.47 948.94 969.42 254.059 515.747 4070.892 228.119 505.371 658.722 493.164 -54.626 -10.223 503.693 -9.308 266.724 641.632 34.637 655.67 725.098 250.092 453.339 1082.306 483.704 -5000 7.629 97.656 39.825 -7.324 21.057 301.514 100.708 567.474 1129.15 750.885 -1354.675 488.739 252.991 87.891 89.569 52.032 2545.319 2501.526 2108.917 1729.584 1370.392 1004.181 648.651 226.135 515.137 30.823 74.158 6.409 -331.726 -677.795 -1018.219 -1363.22 -1705.78 -2045.746 -2385.559 -2708.74 404.358 799.866 432.129 73.853 8.545 -351.562 -708.923 598 645 400 26 29.12 2339 858 2408 1 034
6058938 7531 2026/1/25 16:19:30 P18 73.48 22.16 0 7.44 37.47 948.98 969.42 253.296 514.374 4070.587 231.018 503.998 654.144 492.706 -12.36 -25.787 504.913 -10.071 267.487 642.548 33.875 655.518 725.555 248.566 452.423 1078.949 483.704 -5000 8.24 96.436 47.302 -10.223 19.684 300.293 99.487 564.728 1126.709 730.286 -1355.133 487.976 253.906 83.16 81.482 52.643 2547.15 2499.237 2112.274 1735.84 1379.547 1014.862 660.095 232.239 511.78 53.253 76.447 3.51 -330.2 -675.049 -1018.524 -1359.558 -1698.914 -2037.201 -2375.031 -2700.195 403.595 800.476 433.96 77.057 10.376 -345.764 -702.515 588 655 400 25.99 29.25 2307 829 2408 1 034
6058939 7531 2026/1/25 16:19:31 P18 73.53 22.16 0 7.38 37.43 948.98 969.42 254.517 515.442 4067.383 228.882 503.082 656.128 492.554 -2.747 -14.648 510.559 -10.376 266.113 641.785 32.959 654.297 725.708 246.735 449.982 1074.982 482.025 -5000 7.935 95.062 98.419 -8.24 21.21 297.546 97.656 563.507 1121.979 736.847 -1355.591 486.755 253.143 80.719 80.872 53.101 2541.656 2501.221 2115.479 1740.723 1385.956 1024.17 667.725 232.697 507.202 46.844 71.869 8.698 -330.2 -674.591 -1013.184 -1357.269 -1696.625 -2035.675 -2371.979 -2696.228 403.442 797.119 431.824 76.904 3.967 -345.612 -692.596 598 665 400 26 29.25 2276 804 2408 1 034
6058940 7531 2026/1/25 16:19:32 P18 73.53 22.05 0 7.42 37.59 948.96 969.39 254.974 513.611 4068.604 234.222 504.913 651.55 493.317 -76.294 -11.292 493.469 -7.324 264.74 640.411 34.027 652.161 726.776 245.819 449.982 1072.388 480.194 -5000 7.782 93.994 21.057 -8.85 20.905 299.988 98.724 563.965 1120.758 733.795 -1360.168 485.382 252.075 83.16 81.329 53.711 2544.861 2502.441 2114.563 1741.638 1386.414 1024.475 666.046 237.122 497.437 46.082 74.768 10.529 -325.47 -671.082 -1009.827 -1354.98 -1696.32 -2035.37 -2372.742 -2700.195 399.475 797.577 433.502 79.956 6.714 -345.154 -698.395 598 665 400 26 29.25 2276 804 2408 1 034
6058941 7531 2026/1/25 16:19:33 P18 73.55 22.15 0 7.25 37.53 948.96 969.41 254.364 515.137 4066.467 232.697 501.709 653.229 492.706 57.373 14.343 473.633 -8.698 264.587 641.479 32.806 652.161 726.471 244.293 448.914 1070.251 480.042 -5000 17.242 96.13 -17.853 -7.324 21.057 298.92 97.656 560.913 1119.69 718.842 -1360.168 484.009 249.786 78.278 77.667 52.795 2547.302 2501.526 2112.885 1736.298 1380.463 1016.998 660.4 234.68 489.655 47.913 72.937 9.918 -328.827 -673.065 -1013.641 -1358.337 -1698.303 -2038.727 -2376.556 -2701.263 404.205 797.577 432.281 76.294 6.256 -348.053 -704.498 589 635 400 26.03 29.21 2245 783 2408 1 034
6058942 7531 2026/1/25 16:19:34 P18 73.38 22.23 0 7.47 37.43 948.96 969.42 254.059 514.221 4069.519 232.697 501.862 653.229 492.859 -0.305 -25.94 491.791 -10.376 265.045 641.022 33.417 649.719 727.081 243.073 448.151 1065.063 478.821 -5000 1.526 97.351 15.869 -9.766 21.362 298.615 96.741 558.777 1113.739 726.929 -1362.305 483.246 249.634 84.381 83.16 52.338 2544.098 2500.916 2116.547 1742.249 1387.939 1021.729 668.03 234.528 482.025 60.73 75.378 6.409 -329.59 -673.828 -1013.641 -1356.354 -1696.625 -2035.675 -2371.826 -2697.296 400.848 798.035 430.756 78.888 8.392 -347.9 -702.972 588 660 400 26.03 29.21 2214 765 2408 1 034
6058943 7531 2026/1/25 16:19:35 P18 73.51 22.13 0 7.2 37.52 948.96 969.4 250.549 513.916 4069.519 234.07 500.031 646.82 492.249 98.419 4.578 499.878 -8.85 263.672 641.327 33.112 649.719 727.997 242.004 447.388 1060.791 477.6 -5000 6.104 95.978 26.245 -9.613 21.057 299.377 97.504 557.556 1112.518 737.915 -1358.337 481.262 249.023 81.635 83.313 52.338 2544.861 2500.763 2114.41 1739.807 1386.871 1026.001 668.335 237.732 482.788 52.643 74.615 8.24 -329.132 -675.812 -1013.641 -1357.269 -1697.54 -2036.896 -2374.115 -2700.5 404.358 799.255 434.57 77.057 9.155 -345.612 -699.005 597 665 400 26.02 29.35 2184 749 2408 1 034
6058944 7531 2026/1/25 16:19:36 P18 73.46 22.13 0 7.18 37.55 948.95 969.43 254.364 514.374 4071.045 236.511 501.251 650.33 493.469 38.452 -0.305 501.709 -8.545 261.993 641.022 32.654 648.499 727.997 240.479 445.862 1056.519 477.753 -5000 13.733 98.724 37.537 -9.155 20.752 298.462 96.741 556.183 1103.21 742.035 -1356.506 481.262 247.65 87.433 82.55 52.185 2547.607 2501.068 2112.427 1735.535 1378.937 1016.388 660.248 232.849 472.107 66.833 72.937 4.12 -331.268 -674.438 -1015.625 -1359.253 -1698.456 -2038.116 -2376.404 -2701.721 400.848 796.814 430.298 76.141 8.392 -346.832 -703.888 599 670 400 25.98 29.23 2154 733 2408 1 034
6058945 7531 2026/1/25 16:19:37 P18 73.54 22.1 0 7.55 37.48 948.96 969.41 256.348 513.153 4062.042 236.664 499.268 648.041 492.706 5.646 -27.466 483.704 -8.545 262.146 639.343 32.349 648.193 727.539 239.258 445.251 1055.908 478.973 -5000 9.613 96.741 28.229 -9.46 20.905 298.157 96.741 555.573 1100.769 708.618 -1356.354 480.804 248.871 81.024 79.956 52.948 2547.15 2502.441 2114.563 1741.638 1386.871 1024.933 669.556 234.833 466.461 64.545 75.684 8.087 -328.979 -673.37 -1013.184 -1356.659 -1696.625 -2033.997 -2371.521 -2697.601 402.374 796.509 430.908 77.057 8.698 -343.323 -697.784 591 690 400 26 29.23 2125 717 2408 1 034
6058946 7531 2026/1/25 16:19:38 P18 73.51 22.16 0 7.32 37.56 948.95 969.42 256.195 513.611 4063.263 239.868 498.657 640.259 492.706 25.787 -9.766 500.793 -9.155 263.062 640.259 31.891 646.667 727.692 238.037 442.505 1048.737 475.311 -5000 -0.153 98.877 -16.022 -9.766 20.905 297.699 96.588 554.047 1108.551 714.111 -1358.032 480.042 247.192 81.94 85.602 52.032 2546.234 2501.526 2112.885 1741.18 1385.193 1020.508 663.452 234.833 465.393 53.711 73.395 9.613 -330.048 -673.523 -1011.353 -1354.675 -1695.709 -2034.607 -2372.742 -2699.89 402.527 793.61 434.57 76.599 7.324 -343.933 -697.784 595 660 400 25.98 29.36 2097 701 2408 1 034
6058947 7531 2026/1/25 16:19:39 P18 73.48 22.19 0 7.54 37.52 948.96 969.42 254.669 513.763 4066.62 240.326 496.826 650.33 492.401 48.523 0.305 480.347 -9.003 260.62 639.954 31.738 643.005 728.607 236.816 442.963 1046.143 474.854 -5000 7.629 96.893 34.027 -9.766 20.447 297.852 96.741 552.979 1104.736 734.863 -1361.084 478.668 245.819 84.686 83.16 52.032 2548.981 2503.204 2110.748 1735.077 1374.359 1007.538 651.398 235.748 453.644 48.218 73.395 8.087 -330.505 -675.812 -1016.846 -1362 -1704.712 -2043.304 -2381.592 -2708.282 401.306 795.288 431.213 76.447 8.545 -349.121 -704.956 601 680 400 26 29.28 2069 686 2408 1 034
6058948 7531 2026/1/25 16:19:40 P18 73.6 22.21 0 7.35 37.67 948.97 969.44 255.127 512.848 4063.721 239.258 498.047 645.752 492.554 -46.539 -0.305 455.017 -9.155 260.62 639.343 29.449 645.447 728.912 235.291 442.505 1043.854 474.243 -5000 -2.441 97.504 13.275 -9.155 21.057 298.004 96.13 550.69 1103.516 718.994 -1352.997 477.6 246.277 85.297 81.024 52.795 2543.488 2501.373 2115.173 1741.486 1387.939 1024.475 668.335 237.274 449.371 41.046 71.869 9.46 -330.048 -673.523 -1012.726 -1356.049 -1696.472 -2034.76 -2372.437 -2698.059 403.137 793.915 431.671 75.684 6.561 -345.764 -701.447 598 690 400 25.99 29.39 2041 672 2408 1 034
6058949 7531 2026/1/25 16:19:41 P18 73.58 22.12 0 7.3 37.53 948.94 969.43 256.653 514.374 4059.143 238.647 496.368 636.597 491.18 -7.324 -8.545 448.761 -8.85 260.315 637.36 31.433 643.463 728.149 234.528 441.895 1039.734 474.091 -5000 1.831 99.03 26.093 -9.613 21.515 297.089 96.436 551.453 1101.379 699.31 -1358.337 476.227 243.835 84.839 78.43 52.185 2546.387 2500.61 2113.953 1740.875 1384.583 1022.034 663.147 235.443 442.81 54.779 74.768 4.73 -326.233 -672.302 -1011.963 -1355.743 -1697.388 -2037.354 -2376.251 -2701.416 400.848 794.525 432.739 77.667 8.392 -342.407 -697.174 598 690 400 26.02 29.2 2013 658 2408 1 034
6058950 7531 2026/1/25 16:19:42 P18 73.58 22.2 0 7.42 37.58 948.96 969.43 256.348 512.238 4061.737 239.716 496.216 647.125 492.096 -40.131 -48.523 453.491 -9.613 259.094 637.36 31.281 642.09 729.98 233.765 440.826 1037.598 473.328 -5000 -10.529 96.588 52.032 -7.782 20.447 296.478 96.741 549.774 1094.055 715.332 -1354.675 476.837 243.378 82.703 83.771 52.49 2548.828 2501.526 2109.07 1730.499 1371.002 1003.723 648.041 239.41 438.08 52.49 74.31 8.698 -331.421 -677.032 -1018.524 -1362.305 -1703.796 -2044.983 -2382.965 -2708.893 401.611 793.61 434.57 81.94 7.324 -346.68 -705.261 598 690 400 26.02 29.2 2013 658 2408 1 034
6058951 7531 2026/1/25 16:19:43 P18 73.63 22.23 0 7.37 37.57 948.96 969.41 254.822 513.763 4065.399 239.716 494.08 643.158 492.249 1.526 -11.444 461.731 -9.918 259.705 639.954 30.365 642.242 730.438 232.086 439.453 1032.257 472.26 -5000 0.305 96.436 45.166 -8.392 21.973 295.563 96.893 547.485 1094.513 707.855 -1353.76 473.785 243.378 81.635 75.836 52.338 2547.302 2502.441 2115.784 1745.148 1389.16 1026.001 669.708 238.8 429.993 46.844 73.09 9.613 -328.369 -672.913 -1012.115 -1354.37 -1695.557 -2033.691 -2368.469 -2696.838 402.222 794.678 433.197 77.972 7.477 -343.475 -697.479 586 685 400 26 29.34 1986 644 2408 1 034
6058952 7531 2026/1/25 16:19:44 P18 73.57 22.1 0 7.3 37.61 948.96 969.41 256.042 512.695 4059.448 245.209 493.469 643.463 492.401 -73.547 -47.607 466.614 -9.766 257.263 637.512 30.518 641.632 729.828 229.797 439.453 1031.189 472.107 -5000 -2.747 92.163 14.343 -9.46 21.515 296.478 96.283 545.959 1094.208 702.82 -1353.912 474.243 243.225 82.397 74.005 52.643 2542.419 2501.831 2114.716 1738.892 1382.599 1017.761 659.027 239.563 425.72 45.776 71.869 8.24 -328.522 -672.913 -1012.421 -1358.032 -1699.524 -2038.269 -2376.709 -2703.857 400.238 791.016 431.519 78.888 6.104 -346.527 -702.667 585 705 400 26 29.34 1959 630 2408 1 034
6058953 7531 2026/1/25 16:19:45 P18 73.6 22.15 0 7.35 37.69 948.98 969.41 257.111 513.306 4059.448 246.124 493.164 644.379 492.401 94.299 -33.417 445.557 -8.392 258.026 638.428 28.839 639.954 729.675 230.255 438.843 1028.9 469.818 -5000 0.61 95.825 9.155 -9.155 21.515 296.173 96.741 545.197 1092.987 702.209 -1357.574 473.328 242.157 81.787 78.888 52.185 2543.945 2500.61 2108.459 1730.499 1368.561 1003.418 648.041 235.748 421.906 51.27 71.564 5.646 -333.405 -680.847 -1020.508 -1365.509 -1707.458 -2047.577 -2380.219 -2710.114 399.628 789.795 431.061 72.174 4.883 -349.884 -708.923 599 715 400 25.98 29.38 1932 616 2408 1 034
6058954 7531 2026/1/25 16:19:46 P18 73.51 22.09 0 7.44 37.63 948.96 969.42 256.348 513.153 4056.091 245.514 492.554 642.7 492.096 -94.91 -14.191 441.132 -10.376 256.805 637.054 30.365 639.954 730.896 228.577 437.622 1024.475 471.954 -5000 2.136 95.062 87.433 -9.613 21.82 296.173 97.198 544.281 1089.935 690.918 -1353.149 471.802 241.394 77.057 74.463 51.575 2547.607 2499.542 2112.122 1734.314 1377.716 1014.709 658.875 240.021 414.276 70.953 74.005 6.409 -329.895 -676.727 -1015.778 -1352.844 -1696.32 -2036.896 -2375.031 -2699.432 401.001 792.542 431.519 75.226 8.698 -346.069 -701.294 606 705 400 25.99 29.41 1906 603 2408 1 034
6058955 7531 2026/1/25 16:19:47 P18 73.58 22.16 0 7.39 37.55 948.94 969.42 257.721 511.322 4057.617 246.277 492.859 642.548 492.554 -13.275 4.12 472.565 -9.766 256.653 637.207 29.602 637.97 731.354 227.356 437.317 1021.271 470.734 -5000 11.444 96.436 49.438 -8.545 20.905 294.952 98.419 544.281 1086.426 687.408 -1358.643 469.055 242.004 77.057 72.327 52.338 2546.387 2502.594 2111.511 1735.382 1375.732 1009.369 653.076 236.053 411.377 70.343 73.547 4.73 -328.674 -674.438 -1014.709 -1359.1 -1699.982 -2039.49 -2378.693 -2704.773 399.628 792.236 432.739 76.599 10.223 -345.764 -702.82 590 725 400 26 29.34 1881 590 2408 1 034
6058956 7531 2026/1/25 16:19:48 P18 73.47 22.13 0 7.32 37.65 948.96 969.43 259.399 512.695 4059.753 249.176 491.486 640.564 492.859 -57.526 3.204 435.486 -9.766 255.737 638.123 30.212 636.749 730.133 226.288 437.012 1018.219 469.513 -5000 1.678 94.299 27.466 -9.308 21.973 294.647 97.504 541.534 1085.51 682.526 -1358.032 469.055 239.563 77.515 68.512 52.49 2544.556 2501.984 2110.443 1732.33 1375.885 1009.521 653.992 236.359 406.799 46.387 74.31 9.308 -330.048 -676.575 -1016.998 -1361.237 -1702.728 -2043.457 -2381.287 -2707.214 402.222 789.642 432.434 74.921 6.866 -348.511 -706.177 593 705 400 26.02 29.44 1856 578 2408 1 034
6058957 7531 2026/1/25 16:19:49 P18 73.58 22.12 0 7.34 37.51 948.96 969.43 258.331 512.39 4052.582 245.972 491.028 636.139 492.706 -57.983 -14.343 464.325 -9.766 258.179 633.698 29.755 636.902 731.049 225.067 435.333 1014.557 468.903 -5000 3.967 97.198 36.621 -7.477 21.21 294.342 96.741 541.229 1083.527 690.918 -1358.948 468.597 239.563 77.057 76.752 50.812 2548.37 2503.204 2110.138 1736.45 1381.531 1019.287 663.3 238.19 395.813 50.201 73.853 5.493 -329.895 -676.27 -1015.93 -1359.558 -1699.219 -2037.811 -2377.167 -2700.043 399.17 787.964 432.281 73.853 7.019 -347.137 -703.125 590 720 400 26.03 29.48 1831 566 2408 1 034
6058958 7531 2026/1/25 16:19:50 P18 73.64 22.2 0 7.42 37.66 948.94 969.42 258.179 511.169 4058.685 252.228 490.57 642.395 492.096 -92.926 -7.477 474.243 -10.681 255.28 636.902 29.449 636.139 731.812 225.22 435.791 1010.742 469.055 -5000 -0.458 96.436 26.245 -9.308 20.905 294.495 98.724 537.72 1081.238 671.692 -1359.406 468.14 239.105 79.041 75.226 51.575 2544.25 2501.526 2108.917 1730.957 1369.476 1003.571 646.515 233.765 394.745 45.624 71.259 8.392 -336.304 -679.932 -1020.355 -1364.288 -1706.696 -2045.441 -2386.017 -2711.792 401.154 787.048 432.587 72.784 3.357 -348.816 -708.313 600 735 400 25.99 29.5 1806 554 2408 1 034
6058959 7531 2026/1/25 16:19:51 P18 73.61 22.12 0 7.5 37.71 948.94 969.42 258.026 511.169 4055.634 256.195 489.96 638.275 492.249 -11.902 -22.43 459.595 -9.766 255.432 637.36 28.687 634.46 732.117 223.541 434.265 1009.064 467.224 -5000 2.747 94.91 -34.332 -9.46 21.973 294.647 99.335 538.33 1078.796 688.019 -1358.337 468.292 236.969 76.447 83.618 52.338 2548.218 2500.916 2112.579 1736.298 1378.326 1014.404 659.943 235.901 394.745 31.281 73.7 6.714 -329.742 -675.659 -1016.388 -1361.084 -1700.439 -2042.694 -2376.404 -2702.026 394.897 788.574 430.908 77.209 8.087 -346.68 -704.193 589 730 400 26 29.38 1782 542 2408 1 034
6058960 7531 2026/1/25 16:19:52 P18 73.6 22.12 0 7.3 37.64 948.95 969.43 259.247 512.085 4054.26 256.653 490.112 633.85 491.791 186.92 -15.106 452.423 -7.935 252.838 635.529 28.839 635.071 733.032 222.321 433.655 1002.96 466.614 -5000 -0.916 95.062 30.823 -9.46 21.515 293.732 97.351 537.109 1078.491 660.858 -1354.98 465.851 238.647 82.855 76.904 53.253 2545.471 2501.373 2116.547 1743.164 1390.381 1027.527 669.861 236.664 384.827 40.131 73.547 6.866 -331.116 -674.286 -1012.573 -1356.964 -1696.32 -2034.912 -2371.521 -2696.228 400.085 786.133 431.519 74.768 8.392 -345.001 -697.327 589 730 400 26 29.38 1782 542 2408 1 034
6058961 7531 2026/1/25 16:19:53 P18 73.68 22.23 0 7.44 37.69 948.95 969.41 257.111 511.627 4053.955 253.448 489.807 633.087 492.096 120.087 -64.392 446.472 -8.85 256.805 637.207 29.144 633.698 734.1 221.558 433.655 1000.671 466.919 -5000 9.46 95.52 84.991 -9.155 21.82 293.579 99.335 536.499 1074.829 697.784 -1354.675 464.63 235.901 78.888 77.209 51.88 2545.013 2500.763 2113.8 1740.723 1385.193 1022.339 664.978 236.511 375.366 41.809 72.327 4.272 -327.148 -670.929 -1011.505 -1356.201 -1696.167 -2036.285 -2376.556 -2701.263 397.949 785.675 429.993 77.057 8.392 -345.612 -700.378 598 725 400 26 29.52 1758 530 2408 1 034
6058962 7531 2026/1/25 16:19:54 P18 73.67 22.1 0 7.5 37.61 948.96 969.42 258.026 510.101 4055.786 257.568 487.671 638.428 491.943 11.749 -19.684 426.483 -10.376 252.991 636.902 28.839 632.477 732.574 220.337 432.892 998.993 466.003 -5000 4.425 94.604 0.153 -9.613 21.515 293.579 100.708 533.447 1075.287 677.643 -1359.1 464.172 236.206 74.615 74.31 52.49 2545.624 2502.289 2112.732 1735.84 1381.683 1018.829 661.926 237.885 375.214 45.776 74.158 8.24 -330.353 -677.185 -1015.32 -1359.253 -1699.066 -2038.727 -2376.709 -2699.585 399.933 784.76 431.519 75.531 6.714 -344.391 -700.378 598 735 400 26 29.52 1734 518 2408 1 034
6058963 7531 2026/1/25 16:19:55 P18 73.67 22.1 0 7.5 37.61 948.94 969.41 258.026 510.559 4049.835 254.517 487.976 633.85 492.096 33.722 -31.281 424.957 -10.529 253.143 636.444 28.687 631.409 733.643 219.116 431.976 996.857 467.529 -5000 5.798 95.52 47.302 -8.087 21.362 293.274 102.234 533.752 1067.047 681 -1355.286 463.562 236.816 78.125 72.937 50.812 2545.319 2502.441 2115.173 1744.69 1390.686 1028.9 671.539 238.037 367.279 47.76 71.564 8.392 -328.064 -672.607 -1010.59 -1354.065 -1694.183 -2033.844 -2368.317 -2695.618 398.254 785.828 431.976 76.447 6.104 -345.001 -697.174 590 735 400 26 29.46 1711 507 2408 1 034
6058964 7531 2026/1/25 16:19:56 P18 73.68 22.16 0 7.47 37.67 948.94 969.43 260.468 512.543 4047.852 257.416 486.603 635.376 492.096 -9.003 -40.131 433.044 -8.545 253.296 635.529 28.381 630.951 734.558 218.658 431.366 994.11 466.156 -5000 2.441 95.825 36.469 -8.24 21.667 291.901 101.013 532.99 1069.031 673.676 -1356.049 462.952 235.291 73.7 65.613 52.795 2546.844 2502.899 2114.716 1738.739 1381.531 1016.693 658.264 242.004 366.821 52.948 72.479 8.545 -330.658 -674.896 -1013.794 -1357.727 -1698.914 -2038.727 -2377.625 -2703.705 399.017 783.539 433.197 76.294 4.12 -343.933 -699.921 598 750 400 26 29.47 1688 496 2408 1 034
6058965 7531 2026/1/25 16:19:57 P18 73.58 22.1 0 7.39 37.66 948.94 969.41 258.331 509.338 4053.192 256.348 486.298 633.24 492.706 26.398 -24.567 427.704 -9.46 252.075 635.376 28.076 632.629 734.253 217.743 430.756 987.396 464.325 -5000 6.866 96.588 10.071 -8.85 22.43 293.274 100.861 530.548 1067.81 661.011 -1356.354 461.121 232.086 74.921 74.921 53.101 2546.387 2502.441 2114.105 1739.96 1384.43 1021.576 665.894 242.615 361.176 42.114 73.395 10.071 -329.895 -675.354 -1013.794 -1357.88 -1697.083 -2034.912 -2373.047 -2698.212 400.696 784.454 433.807 76.294 6.714 -345.154 -699.768 589 750 400 26.03 29.52 1666 485 2408 1 034
6058966 7531 2026/1/25 16:19:58 P18 73.58 22.29 0 7.5 37.53 948.95 969.42 260.468 511.78 4051.514 261.841 486.298 631.866 491.638 43.945 5.646 433.35 -9.766 253.754 634.46 28.076 629.883 734.406 216.37 430.145 986.786 465.088 -5000 9.46 96.741 30.975 -8.85 21.362 292.206 101.624 532.532 1064.453 653.687 -1356.049 460.815 233.459 79.956 68.207 52.185 2546.387 2502.747 2114.716 1743.774 1388.55 1024.17 667.877 241.394 353.546 54.321 72.937 8.087 -329.285 -672.913 -1011.963 -1355.286 -1694.794 -2034.454 -2372.284 -2698.517 399.78 782.928 430.603 74.768 6.104 -343.323 -697.937 591 755 400 26.03 29.43 1643 475 2408 1 034
6058967 7531 2026/1/25 16:19:59 P18 73.66 22.17 0 7.4 37.57 948.95 969.43 260.468 511.169 4051.514 263.062 486.755 634.613 492.096 -31.281 15.869 429.993 -8.24 252.533 635.223 27.771 630.188 735.779 215.607 429.993 984.497 464.783 -5000 -4.272 94.299 30.212 -9.46 21.21 292.053 101.013 530.701 1064.606 667.572 -1355.591 461.121 232.544 81.329 64.24 52.643 2547.455 2502.441 2113.037 1735.077 1377.563 1010.742 652.313 238.037 350.647 59.357 73.09 8.545 -330.963 -674.744 -1015.015 -1360.168 -1700.897 -2041.473 -2380.676 -2705.841 399.017 781.86 431.824 78.278 6.104 -344.086 -702.057 592 740 400 26.09 29.59 1621 465 2408 1 034
6058968 7531 2026/1/25 16:20:00 P18 73.6 22.2 0 7.44 37.69 948.95 969.41 259.552 511.475 4045.258 263.824 486.603 634.766 491.18 -129.7 8.545 428.772 -8.392 252.38 635.376 28.229 627.899 735.321 214.844 429.688 982.056 463.104 -5000 10.529 93.231 4.73 -8.698 21.667 292.053 102.386 528.259 1062.012 666.046 -1354.675 461.426 232.239 77.057 68.512 52.795 2547.15 2502.289 2108.765 1732.788 1374.054 1006.317 650.33 238.8 345.764 67.749 71.564 4.12 -335.236 -681.915 -1022.186 -1365.967 -1706.848 -2046.509 -2384.338 -2710.266 398.56 780.792 430.45 70.496 6.409 -351.715 -710.907 599 740 400 26.03 29.54 1600 455 2408 1 034
6058969 7531 2026/1/25 16:20:01 P18 73.54 22.09 0 7.37 37.69 948.95 969.43 262.146 511.169 4045.41 262.909 484.314 636.292 491.943 -64.087 -29.144 417.633 -9.308 252.228 633.545 27.771 627.289 735.779 213.47 429.535 980.377 464.172 -5000 10.223 95.52 56.915 -10.223 21.973 292.206 104.675 530.701 1057.129 644.531 -1355.896 459.137 231.781 75.531 65.308 52.49 2548.065 2502.441 2115.479 1740.723 1386.719 1024.17 664.673 238.8 341.187 46.997 72.632 8.698 -329.59 -673.676 -1011.505 -1357.269 -1697.083 -2035.98 -2374.878 -2699.585 399.628 781.097 433.044 78.125 6.104 -342.712 -684.052 590 755 400 26 29.54 1578 445 2408 1 034
6058970 7531 2026/1/25 16:20:02 P18 73.63 22.1 0 7.35 37.68 948.97 969.42 259.399 511.475 4046.631 265.656 484.009 633.24 491.791 -40.894 -8.24 413.666 -9.613 248.718 634.613 27.771 625.763 735.779 211.792 429.535 975.189 462.036 -5000 -1.678 95.52 -8.545 -7.477 22.278 291.901 104.37 526.123 1056.976 654.297 -1358.49 457.916 233.002 73.395 69.58 52.643 2546.997 2500.305 2111.664 1733.398 1375.122 1008.759 651.093 238.647 333.405 50.507 74.463 3.967 -328.827 -675.507 -1015.015 -1360.779 -1701.965 -2042.847 -2382.965 -2707.672 398.407 784.302 431.366 75.989 8.698 -330.963 -694.122 600 760 400 25.96 29.54 1557 435 2408 1 034
6058971 7531 2026/1/25 16:20:03 P18 73.71 22.17 0 7.4 37.71 948.96 969.42 261.993 510.406 4042.664 267.029 486.145 628.052 492.249 21.057 4.578 401.611 -10.681 250.397 632.935 26.55 625.458 736.084 211.639 428.314 973.206 461.426 -5000 -0.763 97.656 -7.629 -6.866 21.973 291.29 105.438 526.581 1052.246 664.978 -1353.149 457.306 231.628 73.09 73.853 52.338 2548.981 2501.831 2112.732 1735.84 1377.716 1013.489 657.501 239.868 331.421 51.575 70.648 7.172 -332.031 -677.643 -1016.083 -1361.237 -1701.813 -2041.779 -2379.15 -2705.841 397.644 780.64 431.213 74.768 4.425 -347.595 -705.719 600 760 400 25.96 29.54 1557 435 2408 1 034
6058972 7531 2026/1/25 16:20:04 P18 73.73 22.23 0 7.44 37.62 948.94 969.4 262.146 511.475 4046.936 266.266 484.314 630.951 491.943 1.526 -6.409 415.192 -7.324 248.871 634.308 27.466 624.695 736.542 210.266 427.399 973.053 462.036 -5000 0.153 94.452 53.711 -9.155 21.362 290.985 105.591 525.055 1050.11 646.973 -1360.016 456.543 231.018 73.09 68.817 53.101 2545.471 2500.916 2114.868 1740.417 1384.735 1018.372 660.553 240.936 325.165 58.899 74.768 6.256 -329.132 -670.929 -1012.115 -1356.201 -1696.777 -2035.675 -2373.962 -2699.432 396.423 783.691 432.129 77.515 10.071 -321.503 -686.798 589 785 400 26.03 29.59 1536 425 2408 1 034
6058973 7531 2026/1/25 16:20:05 P18 73.71 22.17 0 7.28 37.7 948.96 969.43 263.214 511.169 4040.527 270.233 483.246 627.594 491.943 86.975 -9.46 412.14 -9.003 249.939 629.12 28.076 624.542 736.847 210.266 427.399 967.56 460.205 -5000 9.155 94.757 37.994 -9.766 21.362 291.138 104.523 523.376 1053.925 653.534 -1352.386 456.543 230.408 75.989 73.7 52.032 2546.692 2500.763 2108.917 1730.347 1369.629 1002.655 646.667 238.19 320.435 43.335 72.784 7.477 -333.557 -679.932 -1020.355 -1365.509 -1706.848 -2047.119 -2386.017 -2710.724 400.085 780.182 430.603 71.869 6.409 -351.105 -709.076 593 785 400 26.03 29.59 1516 415 2408 1 034
6058974 7531 2026/1/25 16:20:06 P18 73.66 22.16 0 7.42 37.71 948.97 969.42 263.977 510.559 4043.427 269.775 482.635 630.646 492.249 -95.52 -31.433 417.328 -9.308 248.413 632.324 27.161 624.847 737 208.74 426.636 965.118 460.815 -5000 11.902 95.825 94.604 -8.85 21.515 290.375 103.302 523.224 1051.025 648.499 -1356.964 455.17 229.797 74.158 69.733 52.338 2542.877 2502.289 2112.122 1735.687 1380.157 1015.167 660.4 240.173 314.484 40.131 72.479 7.019 -331.421 -676.117 -1016.388 -1360.321 -1700.439 -2040.71 -2377.625 -2702.942 396.729 779.572 428.925 74.921 6.866 -345.612 -702.972 599 795 400 26.06 29.61 1496 406 2408 1 034
6058975 7531 2026/1/25 16:20:07 P18 73.6 22.08 0 7.47 37.67 948.97 969.41 262.146 511.322 4044.8 273.59 481.72 627.441 492.401 -45.319 -3.357 402.374 -9.46 247.65 633.24 28.076 623.169 735.931 208.13 426.331 963.745 461.884 -5000 9.003 96.436 2.289 -8.24 22.278 290.833 105.438 521.088 1046.295 648.346 -1358.643 453.796 229.187 76.904 72.021 52.185 2543.488 2503.357 2119.141 1745.453 1389.618 1026.459 672.15 239.868 316.925 52.49 75.989 9.613 -326.538 -671.997 -1008.911 -1352.386 -1692.352 -2030.487 -2368.011 -2693.787 398.254 780.945 435.181 77.972 9.308 -344.391 -697.479 603 800 400 25.98 29.54 1475 397 2408 1 034
6058976 7531 2026/1/25 16:20:08 P18 73.64 22.15 0 7.44 37.82 948.96 969.41 263.672 511.78 4041.443 273.895 480.804 631.256 491.486 74.005 -27.161 401.611 -9.918 246.887 632.935 27.618 621.643 737.61 207.367 425.262 960.846 459.137 -5000 12.207 93.689 25.787 -8.087 23.346 290.527 106.049 520.63 1043.854 651.855 -1355.896 453.186 228.424 77.82 82.245 50.964 2545.929 2502.594 2108.612 1728.516 1370.239 1004.944 650.33 236.969 306.396 27.466 71.716 4.73 -333.557 -681.458 -1021.576 -1366.577 -1708.221 -2048.34 -2388.153 -2712.097 396.118 778.198 430.298 71.259 6.256 -351.257 -708.16 573 800 400 26.03 29.65 1456 389 2408 1 034
6058977 7531 2026/1/25 16:20:09 P18 73.71 22.1 0 7.2 37.75 948.95 969.41 261.688 509.491 4038.239 273.132 479.889 626.526 491.028 54.932 22.43 402.527 -9.918 246.887 632.324 27.161 623.322 739.136 206.299 425.415 959.167 459.442 -5000 -5.035 93.536 58.594 -9.918 21.82 290.375 105.286 520.477 1045.99 644.226 -1356.812 452.881 228.577 75.989 68.359 52.643 2548.981 2501.221 2098.694 1728.821 1375.885 1013.184 658.112 240.631 301.971 54.169 73.395 7.629 -332.794 -677.185 -1017.761 -1360.779 -1701.202 -2039.948 -2376.862 -2702.026 397.491 779.266 432.892 74.615 5.646 -346.222 -703.43 603 905 400 25.99 29.68 1436 380 2408 1 034
6058978 7531 2026/1/25 16:20:10 P18 73.68 22.15 0 7.42 37.69 948.95 969.43 260.62 509.033 4040.375 275.726 480.347 626.068 491.333 2.594 3.967 399.323 -10.681 246.124 632.019 27.466 620.728 737.457 205.688 424.957 955.505 457.611 -5000 0.916 94.91 31.281 -9.613 22.278 289.764 106.201 517.883 1043.854 640.411 -1354.98 452.576 227.051 77.209 69.275 52.185 2545.624 2500.458 2117.92 1743.927 1389.313 1027.832 671.387 239.563 299.53 62.714 71.564 5.493 -330.811 -674.744 -1011.81 -1356.049 -1694.946 -2033.997 -2370.453 -2696.228 395.66 776.062 429.077 75.684 8.85 -344.238 -697.632 595 900 400 26.06 29.72 1417 371 2408 1 034
6058979 7531 2026/1/25 16:20:11 P18 73.63 22.13 0 7.39 37.72 948.97 969.41 263.977 514.374 4032.898 273.132 480.957 628.51 491.638 -1.221 4.425 397.034 -10.681 246.582 632.935 27.161 620.575 739.136 204.01 424.042 953.674 458.984 -5000 7.477 94.757 40.588 -9.003 21.973 289.917 106.506 518.951 1042.786 641.785 -1354.37 451.202 228.729 75.073 67.444 52.032 2548.676 2502.594 2111.969 1738.892 1381.073 1017.761 659.943 240.631 292.053 45.776 72.632 6.561 -330.2 -674.591 -1014.099 -1358.643 -1699.677 -2038.422 -2378.082 -2703.705 395.66 777.13 430.45 74.463 8.545 -346.985 -700.684 599 890 400 25.99 29.68 1398 363 2408 1 034
6058980 7531 2026/1/25 16:20:12 P18 73.78 22.08 0 7.44 37.7 948.96 969.41 264.435 510.864 4039.917 277.863 480.804 624.847 491.943 -22.888 5.951 404.053 -7.019 247.04 632.782 26.855 619.507 739.136 203.4 423.889 951.538 457.458 -5000 -2.899 94.147 25.482 -9.308 21.973 289.154 105.286 517.12 1036.682 629.12 -1356.659 450.287 227.356 79.498 63.019 53.101 2548.523 2501.984 2113.037 1737.518 1383.972 1020.203 664.215 241.089 294.8 44.25 75.073 11.749 -330.048 -674.744 -1012.421 -1356.812 -1697.235 -2035.522 -2373.657 -2697.296 399.17 777.588 434.418 77.057 8.545 -344.849 -699.463 599 890 400 26 29.68 1379 355 2408 1 034
6058981 7531 2026/1/25 16:20:13 P18 73.7 22.16 0 7.45 37.68 948.95 969.41 264.435 509.644 4033.966 280.762 480.957 623.932 491.333 20.905 0.458 405.579 -9.003 247.345 631.256 27.161 618.896 739.136 202.789 423.584 948.944 457.306 -5000 -5.035 95.825 42.267 -8.85 21.973 289.612 106.354 515.9 1036.682 643.311 -1356.506 451.202 224.762 78.125 64.697 51.88 2547.607 2502.899 2116.394 1741.791 1388.702 1025.848 668.335 238.037 289.001 37.079 69.58 5.493 -330.353 -673.523 -1010.742 -1356.812 -1697.235 -2034.912 -2371.521 -2696.838 395.966 774.536 431.976 75.836 4.883 -346.222 -699.005 599 890 400 26 29.68 1379 355 2408 1 034
6058982 7531 2026/1/25 16:20:14 P18 73.75 22.1 0 7.49 37.81 948.94 969.43 264.13 510.406 4030.762 281.83 478.821 625.61 492.554 -9.613 -33.264 375.519 -10.223 245.972 631.409 27.008 618.896 740.967 201.263 423.737 946.045 458.069 -5000 1.373 96.283 32.043 -10.376 22.278 289.612 105.743 516.51 1037.14 640.411 -1360.626 449.524 225.983 74.158 66.376 52.643 2545.776 2502.289 2114.868 1736.603 1379.395 1012.726 653.687 239.563 285.95 35.248 72.174 9.003 -327.606 -672.607 -1012.421 -1357.117 -1698.608 -2038.574 -2378.082 -2703.4 397.644 772.552 432.129 76.294 7.782 -344.238 -700.378 599 980 400 26 29.67 1360 347 2408 1 034
6058983 7531 2026/1/25 16:20:15 P18 73.66 22.17 0 7.35 37.72 948.97 969.43 265.503 508.881 4032.44 279.999 478.058 620.27 491.638 48.676 -48.676 397.644 -9.308 243.225 630.798 26.703 617.218 739.746 199.89 422.668 944.214 456.543 -5000 -1.068 96.13 36.926 -7.782 23.041 289.154 105.591 512.848 1033.478 606.079 -1360.168 448.761 225.83 75.531 73.853 52.185 2543.335 2500.458 2114.105 1742.859 1386.414 1024.017 668.182 237.274 275.421 51.27 72.327 5.951 -330.811 -676.575 -1015.167 -1358.49 -1697.54 -2036.438 -2373.199 -2698.364 395.508 774.841 430.298 76.294 7.019 -347.137 -702.667 593 970 400 26.02 29.68 1342 339 2408 1 034
6058984 7531 2026/1/25 16:20:16 P18 73.64 22.2 0 7.37 37.74 948.95 969.43 265.961 510.101 4032.44 282.745 477.142 625.305 491.486 -28.992 -25.177 385.59 -10.376 245.361 632.324 26.398 616.76 739.746 200.195 422.974 942.23 455.17 -5000 8.392 95.52 82.092 -9.766 23.193 288.544 105.896 513.306 1032.104 622.864 -1354.523 447.998 226.135 78.888 70.953 52.338 2549.286 2500.763 2114.716 1740.723 1383.972 1021.881 664.673 235.596 274.353 54.016 73.395 2.899 -328.827 -674.744 -1014.099 -1358.49 -1698.608 -2037.201 -2374.42 -2701.721 394.897 775.452 429.84 77.362 5.951 -344.696 -699.768 602 960 400 26.06 29.78 1324 331 2408 1 034
6058985 7531 2026/1/25 16:20:17 P18 73.67 22.26 0 7.35 37.7 948.94 969.41 263.519 508.881 4030.151 283.508 476.99 624.084 491.028 1.373 -6.866 399.933 -10.071 243.988 630.341 27.161 616.15 741.119 200.043 421.906 935.974 457.306 -5000 3.357 96.741 39.368 -9.003 21.515 288.849 106.354 513.916 1031.647 622.101 -1358.49 447.083 223.999 72.479 73.547 54.016 2547.15 2502.594 2111.206 1733.093 1373.749 1007.538 650.33 240.479 274.048 54.474 76.141 7.935 -328.064 -674.591 -1013.794 -1360.168 -1701.965 -2041.016 -2380.981 -2705.994 397.797 777.588 434.265 77.667 11.292 -345.917 -703.278 603 955 400 26 29.78 1307 323 2408 1 034
6058986 7531 2026/1/25 16:20:18 P18 73.7 22.23 0 7.62 37.8 948.96 969.42 266.418 509.186 4028.32 281.525 476.99 621.338 491.333 85.754 -6.409 379.486 -8.24 244.446 631.561 26.245 616.15 741.425 199.127 421.448 932.77 455.322 -5000 8.24 95.52 89.569 -9.155 22.278 288.544 106.964 515.594 1031.189 619.812 -1353.912 446.32 224.152 71.869 63.171 51.422 2545.929 2502.289 2111.816 1733.398 1376.19 1010.742 653.229 235.748 268.707 46.692 71.411 6.866 -334.167 -680.084 -1019.44 -1364.136 -1705.17 -2044.678 -2383.728 -2707.214 395.508 771.484 430.908 73.09 5.035 -352.02 -707.703 579 945 400 26.03 29.67 1289 316 2408 1 034
6058987 7531 2026/1/25 16:20:19 P18 73.7 22.23 0 7.62 37.8 948.97 969.42 264.282 511.169 4031.372 285.797 477.905 623.322 490.875 -7.324 -10.223 367.584 -9.003 244.598 629.272 26.855 615.082 742.645 198.212 421.295 934.601 455.322 -5000 8.392 96.436 92.01 -9.613 22.583 287.781 106.201 510.864 1030.273 620.575 -1357.88 446.93 223.694 70.19 69.427 52.948 2547.607 2502.594 2114.105 1740.417 1382.751 1020.355 661.469 238.342 267.487 40.741 72.021 8.24 -329.132 -674.286 -1014.099 -1357.269 -1698.151 -2037.964 -2374.725 -2701.263 393.219 773.468 431.671 76.752 7.324 -345.459 -700.226 603 1035 400 26.02 29.86 1272 308 2408 1 034
6058988 7531 2026/1/25 16:20:20 P18 73.74 22.12 0 7.61 37.79 948.96 969.42 265.198 509.796 4030.457 292.053 476.837 623.627 491.333 56.763 -14.648 374.451 -7.324 242.92 631.866 26.398 615.387 740.814 197.144 421.143 933.075 455.627 -5000 -3.815 96.741 44.098 -9.155 23.041 288.086 104.98 510.254 1026.611 600.891 -1354.98 444.946 224.609 70.038 64.392 52.338 2541.962 2500.916 2109.528 1729.584 1371.155 1005.554 646.973 238.647 261.841 44.708 72.784 6.561 -329.285 -676.27 -1017.151 -1361.694 -1703.949 -2044.373 -2385.254 -2709.351 396.881 770.416 432.587 74.768 6.866 -348.053 -705.872 591 1030 400 26.03 29.68 1255 301 2408 1 034
6058989 7531 2026/1/25 16:20:21 P18 73.58 22.12 0 7.44 37.78 948.94 969.41 266.571 509.033 4024.963 290.375 474.701 621.49 491.028 -55.084 -18.616 368.5 -7.935 242.462 630.035 26.398 614.471 740.967 196.075 420.532 930.481 455.017 -5000 7.324 97.198 52.185 -9.155 21.973 287.628 105.743 508.27 1027.832 611.115 -1354.37 445.557 223.846 72.174 64.545 52.338 2544.861 2500.916 2113.953 1737.976 1380.157 1015.472 659.637 237.732 257.568 37.842 71.564 7.172 -331.268 -676.727 -1016.235 -1359.711 -1701.202 -2040.863 -2378.845 -2704.163 392.151 771.942 428.162 74.31 7.629 -348.663 -703.735 599 1010 400 26.02 29.76 1238 294 2408 1 034
6058990 7531 2026/1/25 16:20:22 P18 73.67 22.16 0 7.52 37.83 948.96 969.43 267.334 510.559 4027.863 289.917 476.074 623.169 491.486 -12.512 -7.782 379.486 -8.85 241.699 630.341 26.245 613.251 741.73 195.618 421.448 928.345 453.644 -5000 6.409 98.114 -1.678 -9.308 23.041 288.239 104.828 507.202 1022.491 612.793 -1358.185 443.268 221.863 73.7 61.188 52.948 2545.624 2500.305 2114.41 1740.875 1383.362 1017.609 659.18 242.462 253.754 55.389 77.515 12.36 -324.402 -669.861 -1010.132 -1354.98 -1695.557 -2035.828 -2375.183 -2701.111 398.407 775.604 434.418 80.566 9.613 -343.17 -698.547 590 1000 400 26.03 29.7 1221 287 2408 1 034
6058991 7531 2026/1/25 16:20:23 P18 73.7 22.12 0 7.42 37.75 948.96 969.42 262.604 509.644 4024.048 294.495 475.311 622.711 491.791 77.362 -22.736 380.554 -9.613 241.089 629.272 26.703 613.403 742.188 195.007 421.143 925.598 453.796 -5000 5.798 96.283 27.161 -7.477 21.973 288.239 104.675 507.812 1021.576 599.518 -1359.1 443.878 222.778 71.869 66.528 51.575 2548.218 2501.984 2109.528 1728.516 1368.408 1002.96 646.362 239.716 251.312 44.861 70.953 4.425 -329.59 -677.032 -1017.914 -1364.594 -1707.153 -2046.814 -2387.543 -2711.182 395.355 771.027 430.603 71.869 5.035 -351.562 -709.686 599 970 400 26.03 29.72 1204 280 2408 1 034
6058992 7531 2026/1/25 16:20:24 P18 73.66 22.13 0 7.32 37.73 948.98 969.41 261.688 509.033 4023.743 294.342 473.328 612.64 490.875 -19.379 -1.831 372.009 -8.545 241.241 630.341 26.703 611.572 742.34 193.787 420.685 923.92 453.186 -5000 8.545 95.52 56.305 -9.308 22.43 287.476 104.675 506.134 1020.05 621.49 -1354.98 443.42 221.1 71.716 66.681 51.27 2544.098 2501.068 2111.969 1737.823 1379.7 1016.235 659.18 238.495 246.124 32.806 71.411 6.714 -332.947 -678.101 -1018.524 -1361.847 -1701.508 -2041.168 -2377.93 -2702.789 393.677 770.264 428.467 73.242 5.798 -346.832 -701.294 599 970 400 26.03 29.72 1204 280 2408 1 034
6058993 7531 2026/1/25 16:20:25 P18 73.66 22.1 0 7.49 37.7 948.97 969.42 267.792 509.491 4020.996 294.342 474.243 614.014 491.028 -70.496 -29.755 355.53 -9.003 241.241 627.441 26.703 611.877 742.798 193.024 419.922 921.936 450.745 -5000 9.46 95.215 50.201 -8.087 22.278 287.628 104.065 506.897 1013.947 601.501 -1354.675 441.589 222.321 71.411 59.967 52.795 2544.708 2501.221 2115.784 1743.317 1389.16 1025.696 669.556 240.326 240.631 40.588 74.005 6.561 -330.811 -674.744 -1013.641 -1356.201 -1696.167 -2035.828 -2372.284 -2696.686 395.05 770.264 431.519 75.989 9.003 -345.917 -701.294 591 1045 400 25.96 29.82 1188 273 2408 1 034
6058994 7531 2026/1/25 16:20:26 P18 73.67 22.17 0 7.49 37.8 948.97 969.42 268.097 508.728 4020.844 298.767 474.854 618.286 490.723 48.828 12.36 371.704 -8.087 239.868 630.188 26.093 612.335 743.408 191.193 419.464 918.884 452.423 -5000 9.918 95.978 12.36 -9.46 22.278 286.407 104.828 506.744 1018.829 592.957 -1355.438 441.589 221.558 71.716 56.458 52.49 2545.624 2500.61 2107.849 1728.21 1372.07 1004.486 648.956 234.833 236.511 28.687 72.021 5.798 -334.32 -679.474 -1020.66 -1363.678 -1704.407 -2044.678 -2381.897 -2707.062 394.745 767.67 429.382 72.327 7.477 -347.29 -709.076 595 1025 400 26.05 29.83 1172 266 2408 1 034
6058995 7531 2026/1/25 16:20:27 P18 73.64 22.06 0 7.44 37.74 948.95 969.39 263.062 509.033 4021.912 302.124 474.396 611.572 491.486 -62.561 -1.068 357.056 -8.545 240.021 630.493 26.855 611.267 743.713 191.345 419.617 918.121 451.66 -5000 -5.188 96.13 82.245 -9.155 22.583 286.56 103.607 503.54 1016.998 613.403 -1356.201 440.063 219.727 69.122 61.798 52.032 2544.25 2502.289 2113.037 1737.671 1381.226 1016.998 660.706 238.495 237.122 32.959 71.106 10.071 -326.996 -672.913 -1013.031 -1357.269 -1695.251 -2037.048 -2373.962 -2700.348 394.897 770.721 432.129 75.684 7.477 -345.917 -701.752 604 1015 400 26.02 29.81 1156 259 2408 1 034
6058996 7531 2026/1/25 16:20:28 P18 73.61 22.12 0 7.35 37.8 948.94 969.42 266.113 509.338 4016.876 301.819 473.633 617.828 490.112 32.654 -5.035 372.62 -9.613 240.631 630.188 27.618 609.894 742.645 190.887 418.854 914.154 450.439 -5000 4.272 95.673 -7.324 -7.782 22.583 286.713 102.997 502.472 1011.963 589.752 -1358.948 439.606 219.116 65.765 68.97 51.727 2546.387 2501.984 2117.157 1744.385 1389.618 1026.306 667.877 237.579 233.765 36.469 71.564 8.24 -330.658 -675.812 -1014.862 -1357.88 -1697.845 -2035.828 -2372.131 -2697.296 393.372 767.059 431.213 75.226 5.188 -346.527 -700.073 579 995 400 25.98 29.77 1141 253 2408 1 034
6058997 7531 2026/1/25 16:20:29 P18 73.6 22.08 0 7.49 37.83 948.96 969.43 267.792 509.644 4019.623 302.124 471.802 617.981 491.638 71.106 0.305 358.276 -8.392 240.173 628.357 26.703 609.283 741.882 189.972 418.549 912.476 452.423 -5000 1.984 96.283 -26.245 -9.155 22.125 286.255 103.76 503.54 1014.862 599.213 -1354.37 439.453 219.574 67.139 66.376 51.422 2547.607 2501.831 2116.547 1741.638 1387.024 1025.543 666.046 234.833 229.492 53.253 71.106 6.561 -330.505 -674.438 -1011.81 -1356.812 -1695.862 -2035.828 -2375.336 -2700.806 394.592 767.822 430.298 76.141 4.272 -344.543 -700.073 604 1065 400 26 29.79 1125 247 2408 1 034
6058998 7531 2026/1/25 16:20:30 P18 73.61 22.21 0 7.52 37.65 948.95 969.43 267.334 508.118 4013.672 302.887 472.107 615.54 490.875 10.529 1.373 367.737 -10.071 238.953 627.594 26.855 609.131 743.561 189.362 419.312 910.797 451.66 -5000 -7.324 95.673 -19.379 -7.935 22.125 286.407 102.539 501.404 1010.284 609.894 -1354.065 438.843 220.49 73.09 56.458 52.032 2547.455 2501.984 2112.274 1737.061 1380.768 1017.303 659.027 240.784 223.541 54.779 73.242 9.003 -330.2 -676.27 -1016.083 -1359.863 -1700.745 -2039.337 -2377.014 -2701.721 394.897 769.958 430.298 75.684 6.561 -345.001 -701.904 589 1055 400 26.02 29.81 1110 240 2408 1 034
6058999 7531 2026/1/25 16:20:31 P18 73.58 22.2 0 7.45 37.75 948.95 969.41 269.47 509.491 4015.503 303.802 472.26 615.082 491.028 -29.602 -48.981 353.241 -10.376 240.021 629.425 27.466 608.521 743.408 188.751 418.243 908.813 451.508 -5000 -4.12 96.13 -20.142 -8.087 22.125 285.797 102.081 501.404 1006.927 593.872 -1358.795 438.08 218.048 68.665 63.629 51.117 2548.828 2501.373 2114.716 1741.791 1386.108 1023.865 667.877 236.206 222.321 52.032 70.953 8.087 -330.505 -675.964 -1014.252 -1358.49 -1698.151 -2037.659 -2374.115 -2698.212 394.135 766.449 427.094 75.073 2.899 -344.391 -700.684 600 1030 400 26 29.82 1095 234 2408 1 034
6059000 7531 2026/1/25 16:20:32 P18 73.55 22.23 0 7.32 37.74 948.95 969.42 268.555 509.186 4012.756 305.939 471.344 615.692 491.333 0.763 -24.109 354.004 -9.766 239.258 626.068 27.008 607.605 744.629 188.446 418.243 906.067 451.202 -5000 -2.441 93.689 11.139 -9.918 23.346 285.645 102.234 501.556 1009.674 596.008 -1354.37 438.08 218.048 72.784 57.678 52.643 2548.523 2500.763 2119.446 1743.164 1388.55 1024.933 668.335 236.816 217.133 48.065 74.615 7.477 -327.606 -670.929 -1011.047 -1354.523 -1694.183 -2034.302 -2372.284 -2698.059 390.32 768.127 430.756 77.82 8.545 -341.034 -696.411 589 1020 400 26.02 29.73 1080 228 2408 1 034
6059001 7531 2026/1/25 16:20:33 P18 73.64 22.12 0 7.59 37.9 948.96 969.42 266.724 508.575 4013.367 306.702 469.971 616.913 490.723 -87.433 2.594 326.691 -10.376 238.495 629.272 26.855 606.842 745.544 186.768 417.633 904.846 450.745 -5000 -10.376 92.163 45.319 -8.698 22.125 285.797 102.844 500.336 1007.08 587.311 -1356.659 436.707 218.506 67.444 61.951 52.032 2545.929 2500.916 2112.274 1735.992 1378.937 1015.472 661.469 235.596 214.386 48.981 70.648 4.883 -330.658 -676.88 -1018.372 -1361.847 -1701.813 -2039.337 -2376.556 -2702.942 392.914 766.144 430.603 74.158 10.986 -348.663 -704.498 592 1000 400 26.03 29.86 1066 222 2408 1 034
6059002 7531 2026/1/25 16:20:34 P18 73.67 22.15 0 7.44 37.79 948.96 969.4 268.402 507.507 4014.13 307.465 471.497 615.997 490.265 1.984 2.594 356.903 -9.918 238.8 626.221 27.466 606.232 744.781 186.615 417.938 900.726 448.761 -5000 1.068 93.231 45.471 -9.155 21.667 285.797 100.861 496.674 1003.571 594.025 -1355.591 436.401 218.353 66.681 60.577 52.49 2548.37 2501.678 2114.105 1739.807 1385.345 1023.407 668.64 235.901 212.555 56.61 71.564 6.714 -331.421 -677.338 -1015.778 -1358.337 -1698.303 -2037.811 -2373.962 -2698.975 394.44 765.533 430.298 74.615 4.12 -348.053 -702.82 592 1000 400 26.03 29.86 1066 222 2408 1 034
6059003 7531 2026/1/25 16:20:35 P18 73.61 22.09 0 7.61 37.7 948.97 969.43 269.47 509.033 4012.756 307.007 469.513 616.15 490.875 -32.501 -5.188 355.682 -10.223 238.8 628.967 27.313 606.079 745.85 185.394 417.023 900.726 449.829 -5000 2.441 95.215 72.937 -8.24 22.888 285.645 100.25 497.131 998.84 612.946 -1357.422 435.791 218.964 64.85 58.746 52.643 2543.182 2501.373 2115.479 1744.232 1388.55 1025.543 668.335 239.41 206.299 40.436 72.174 8.087 -327.454 -671.692 -1009.979 -1355.591 -1695.709 -2032.623 -2369.843 -2695.618 395.05 767.365 432.281 75.989 7.782 -343.933 -698.7 590 1040 400 26.02 29.79 1051 216 2408 1 034
6059004 7531 2026/1/25 16:20:36 P18 73.57 22.17 0 7.47 37.86 948.98 969.43 269.318 509.644 4013.214 308.075 470.123 615.692 491.028 16.785 -2.594 353.394 -10.071 238.19 628.662 26.55 605.774 745.544 184.937 416.412 895.538 449.371 -5000 12.512 95.215 78.125 -7.629 21.82 285.339 99.335 496.063 999.298 611.572 -1361.389 434.57 216.522 67.902 59.509 51.575 2543.488 2501.526 2114.258 1738.586 1383.057 1019.135 660.248 237.732 201.874 42.114 72.327 9.155 -329.285 -675.201 -1014.252 -1357.574 -1699.982 -2040.253 -2379.15 -2705.994 395.203 765.991 431.366 76.904 5.951 -347.29 -702.667 595 1020 400 25.99 29.84 1037 211 2408 1 034
6059005 7531 2026/1/25 16:20:37 P18 73.57 22.08 0 7.35 37.81 948.96 969.41 268.555 507.812 4007.874 311.127 469.513 613.708 490.265 77.362 0.916 339.813 -8.698 236.664 627.594 26.855 606.079 745.087 184.479 415.955 895.691 450.287 -5000 15.564 98.724 145.264 -8.392 22.583 284.882 100.403 495.148 1002.197 579.681 -1356.201 436.096 216.217 68.359 57.678 51.88 2549.744 2502.289 2113.8 1739.044 1381.226 1019.135 663.452 234.985 204.01 54.626 71.869 5.188 -332.031 -677.795 -1017.151 -1360.321 -1700.897 -2039.337 -2375.793 -2701.416 391.846 763.245 428.467 74.005 4.883 -347.748 -703.888 604 1005 400 26 29.81 1023 205 2408 1 034
6059006 7531 2026/1/25 16:20:38 P18 73.55 22.09 0 7.4 37.8 948.96 969.43 267.029 508.118 4009.705 312.347 468.903 608.368 491.028 -0.305 -8.087 328.827 -10.071 235.748 627.441 27.924 604.248 746.307 183.411 416.26 895.844 448.303 -5000 3.967 96.283 44.25 -7.324 21.82 284.882 98.877 495.148 989.38 573.12 -1355.743 434.875 216.217 69.58 62.408 54.932 2548.523 2501.831 2117.615 1742.554 1388.55 1026.154 669.403 238.342 199.738 55.084 72.784 9.308 -325.317 -673.065 -1012.573 -1356.812 -1696.777 -2032.166 -2369.995 -2696.686 395.813 764.465 428.314 76.904 6.104 -343.781 -697.021 573 995 400 26 29.81 1009 199 2408 1 034
6059007 7531 2026/1/25 16:20:39 P18 73.5 22.16 0 7.4 37.87 948.96 969.42 267.639 507.05 4010.01 316.925 468.903 613.098 490.723 -86.67 -0.153 349.884 -6.866 237.427 627.289 27.313 604.858 746.613 183.258 416.26 889.587 447.54 -5000 10.071 95.52 25.94 -9.308 22.278 284.424 102.692 494.232 998.535 598.602 -1359.1 433.96 215.912 72.327 66.071 52.338 2548.676 2502.441 2114.258 1741.638 1385.651 1023.56 666.809 237.427 193.634 52.795 73.853 7.019 -330.658 -674.133 -1013.336 -1356.812 -1697.693 -2037.048 -2372.589 -2700.653 392.609 764.16 431.061 75.989 5.951 -345.459 -699.921 604 1030 400 26.05 29.84 995 194 2408 1 034
6059008 7531 2026/1/25 16:20:40 P18 73.58 22.13 0 7.35 37.83 949 969.41 267.334 507.66 4006.042 317.993 469.055 614.471 490.875 9.46 -7.782 332.642 -9.003 238.19 625.153 27.618 604.095 747.223 181.885 415.955 890.656 448.303 -5000 0.61 97.351 -34.027 -7.477 21.82 284.424 98.419 493.622 997.925 561.066 -1356.506 432.434 214.386 68.817 66.223 52.49 2545.319 2500.153 2112.122 1736.298 1379.242 1015.625 659.485 237.579 195.77 62.714 73.395 9.003 -330.658 -677.185 -1016.541 -1359.1 -1700.287 -2039.642 -2379.913 -2703.705 393.677 765.076 431.671 73.853 5.188 -345.154 -701.752 605 1030 400 26 29.95 982 189 2408 1 034
6059009 7531 2026/1/25 16:20:41 P18 73.58 22.2 0 7.47 37.74 948.95 969.44 268.402 506.592 4000.854 315.247 468.292 607.91 490.57 -1.678 13.885 345.917 -10.071 236.511 626.678 28.687 603.027 747.375 181.274 416.26 889.282 446.777 -5000 5.341 93.689 -10.376 -8.392 21.82 284.576 98.267 493.774 991.821 574.951 -1354.37 432.129 215.607 68.054 56.915 52.032 2545.471 2500.916 2114.563 1737.823 1384.888 1021.729 664.215 235.138 189.209 62.256 73.395 7.629 -331.879 -677.032 -1015.625 -1359.711 -1698.914 -2038.116 -2375.641 -2700.806 392.456 764.16 431.061 74.463 7.477 -347.137 -702.362 592 1005 400 26.05 29.94 969 183 2408 1 034
6059010 7531 2026/1/25 16:20:42 P18 73.43 22.13 0 7.3 37.88 948.96 969.44 270.996 507.507 4002.228 317.688 467.072 610.962 490.875 -88.196 3.967 346.069 -9.155 235.748 626.221 25.482 603.79 747.07 180.969 415.344 887.451 448.914 -5000 3.052 95.673 83.313 -8.392 22.43 284.729 97.961 491.943 995.331 561.676 -1355.438 432.129 215.607 64.85 61.646 50.964 2547.76 2501.526 2116.241 1744.537 1388.245 1026.764 670.166 235.901 184.784 45.013 70.953 5.646 -328.369 -674.744 -1012.573 -1356.812 -1696.93 -2034.76 -2370.605 -2697.906 393.372 763.397 429.23 76.904 7.324 -345.917 -698.395 600 990 400 25.99 29.9 956 178 2408 1 034
6059011 7531 2026/1/25 16:20:43 P18 73.43 22.15 0 7.44 37.85 948.98 969.44 270.996 508.575 4005.585 323.181 466.766 612.335 490.265 96.893 -31.281 334.32 -7.935 235.291 626.831 26.55 601.807 747.223 180.054 416.26 883.942 446.167 -5000 13.58 92.621 60.883 -9.46 23.041 285.492 96.741 491.028 989.838 574.036 -1360.168 430.756 213.776 68.817 61.188 52.49 2544.861 2501.984 2113.495 1740.112 1385.651 1023.254 664.673 237.122 181.58 35.248 72.632 9.003 -329.437 -673.828 -1012.878 -1357.88 -1698.608 -2037.659 -2376.709 -2703.094 394.44 765.533 429.535 75.531 7.782 -344.086 -699.005 593 980 400 26.02 29.92 943 173 2408 1 034
6059012 7531 2026/1/25 16:20:44 P18 73.43 22.15 0 7.44 37.85 949 969.43 268.86 506.744 4000.854 323.334 466.309 601.349 490.417 -23.956 -8.85 338.287 -9.308 234.68 626.831 28.992 601.196 746.765 179.443 415.497 883.942 446.777 -5000 3.967 93.079 -56.458 -9.155 22.736 284.729 96.13 491.791 987.244 576.477 -1354.218 430.298 215.454 66.833 63.782 50.812 2544.708 2501.526 2111.816 1736.45 1380.463 1015.93 660.095 233.612 182.953 44.861 68.054 6.104 -334.015 -678.558 -1017.609 -1361.694 -1702.576 -2041.779 -2380.066 -2704.773 390.015 759.583 430.145 72.479 5.035 -346.069 -702.972 600 1015 400 26.05 29.92 930 168 2408 1 034
6059013 7531 2026/1/25 16:20:45 P18 73.5 22.2 0 7.54 37.94 948.95 969.42 271.912 506.592 3997.803 323.334 467.529 606.079 490.417 -12.207 -33.264 348.511 -9.918 237.427 625.305 28.534 601.501 748.901 178.528 414.734 881.5 446.167 -5000 7.324 92.926 -20.447 -9.918 21.515 283.813 95.367 491.18 988.77 563.354 -1355.591 430.756 213.318 68.359 57.526 53.253 2546.997 2500.763 2113.647 1740.417 1385.803 1021.271 665.741 237.579 178.986 29.755 75.378 6.714 -330.353 -675.049 -1015.015 -1357.727 -1697.083 -2035.828 -2371.521 -2696.838 393.219 762.024 429.535 73.853 9.155 -340.881 -697.784 600 1015 400 26.05 29.92 930 168 2408 1 034
6059014 7531 2026/1/25 16:20:46 P18 73.51 22.24 0 7.45 37.88 948.99 969.43 271.454 508.575 3999.023 321.655 466.156 608.521 490.112 4.883 -33.417 332.642 -9.155 234.375 623.016 27.771 600.586 747.986 177.917 412.445 877.38 448.151 -5000 4.883 93.079 10.681 -10.071 22.888 283.813 95.215 490.417 989.99 557.404 -1356.506 429.84 212.402 68.359 59.204 51.422 2545.624 2502.441 2116.547 1743.469 1389.771 1026.917 669.403 232.239 176.697 28.839 65.002 3.967 -331.116 -674.133 -1012.421 -1355.743 -1696.32 -2034.149 -2371.368 -2696.381 390.015 760.498 429.993 70.496 6.714 -345.306 -698.7 601 985 400 26.03 29.83 917 163 2408 1 034
6059015 7531 2026/1/25 16:20:47 P18 73.47 22.1 0 7.42 37.83 948.99 969.43 270.996 508.118 4001.617 328.979 466.156 608.673 490.112 -57.831 -1.678 321.808 -7.782 233.765 624.542 28.839 599.518 747.681 177.765 414.886 877.075 445.251 -5000 1.221 95.673 62.408 -9.308 22.583 284.271 93.079 487.366 984.802 559.235 -1353.76 428.619 211.945 66.528 63.782 51.575 2546.234 2501.678 2115.326 1740.265 1385.956 1025.085 664.368 230.408 171.814 39.062 71.564 4.883 -328.064 -672.607 -1013.031 -1358.185 -1698.303 -2037.659 -2376.099 -2702.179 391.388 761.871 429.23 74.921 6.714 -345.154 -699.463 604 975 400 26.03 29.83 905 158 2408 1 034
6059016 7531 2026/1/25 16:20:48 P18 73.51 22.12 0 7.5 37.88 948.99 969.45 269.012 508.118 4000.092 327.301 466.919 610.504 490.265 98.267 -31.128 328.217 -9.46 235.291 626.678 29.602 600.281 748.444 176.849 414.734 874.939 444.946 -5000 3.357 96.283 -3.204 -7.935 22.43 284.424 92.468 487.518 979.767 563.507 -1357.727 428.162 211.639 64.545 63.019 51.117 2541.504 2500.458 2112.732 1735.077 1378.784 1015.625 658.722 236.053 173.492 29.144 74.31 10.986 -330.2 -675.964 -1015.015 -1359.558 -1700.592 -2040.1 -2378.082 -2701.263 393.677 761.566 430.298 75.073 3.815 -346.069 -701.904 607 960 400 26.02 29.87 892 153 2408 1 034
6059017 7531 2026/1/25 16:20:49 P18 73.54 22.13 0 7.4 37.87 949 969.43 272.827 508.728 3992.767 331.116 467.377 609.131 490.875 50.659 4.425 328.674 -10.071 235.748 625.61 27.466 599.06 747.681 176.086 414.124 874.176 444.946 -5000 -3.815 97.504 -1.221 -9.46 22.278 284.119 96.893 489.655 986.328 563.049 -1355.133 427.856 211.792 70.801 62.408 50.659 2547.607 2502.594 2114.258 1740.417 1384.277 1020.813 664.978 237.579 168.152 54.932 72.174 8.24 -330.811 -676.27 -1015.778 -1359.253 -1699.524 -2038.574 -2374.878 -2700.195 392.456 763.702 430.298 74.158 6.409 -348.663 -704.956 596 980 400 26.06 29.94 880 149 2408 1 034
6059018 7531 2026/1/25 16:20:50 P18 73.54 22.24 0 7.34 37.93 948.99 969.43 272.217 508.423 3995.819 326.691 465.546 605.164 489.96 94.91 -36.469 323.486 -8.392 232.391 621.643 29.297 599.365 748.444 175.476 415.039 873.108 445.862 -5000 7.935 96.741 -4.425 -8.24 21.515 283.813 94.299 485.382 980.988 569.153 -1361.389 427.856 212.708 62.561 61.188 51.422 2546.539 2502.594 2117.462 1743.774 1388.245 1026.001 668.335 235.596 168.152 43.03 69.58 7.629 -330.811 -674.896 -1013.336 -1357.422 -1695.862 -2035.675 -2369.995 -2696.381 388.794 758.209 431.061 74.768 5.493 -344.543 -698.7 604 975 400 26.03 29.92 868 144 2408 1 034
6059019 7531 2026/1/25 16:20:51 P18 73.51 22.15 0 7.3 37.89 948.97 969.44 272.217 505.981 3996.582 325.775 466.309 608.368 489.807 4.578 -46.692 314.789 -10.223 232.239 625.916 28.992 598.907 748.138 175.629 413.361 870.056 444.336 -5000 -7.629 97.198 -14.343 -8.24 22.736 283.813 92.773 486.908 983.429 580.292 -1353.455 426.636 211.029 68.054 58.746 51.727 2551.727 2501.068 2108.765 1728.363 1370.697 1005.707 650.635 236.969 165.253 36.774 71.716 8.545 -341.949 -685.73 -1023.712 -1364.746 -1705.933 -2046.204 -2385.559 -2710.266 393.677 757.904 431.519 71.716 6.714 -349.426 -707.092 596 965 400 25.99 30.02 856 139 2408 1 034
6059020 7531 2026/1/25 16:20:52 P18 73.5 22.09 0 7.52 37.89 949.02 969.44 269.318 506.439 3994.598 332.184 464.783 608.368 489.655 -73.09 -43.182 305.786 -8.545 234.222 622.253 29.907 597.382 748.901 174.103 414.429 869.598 444.641 -5000 2.289 96.13 -22.125 -7.019 21.82 283.661 92.01 484.924 982.666 567.932 -1356.201 426.636 210.876 65.308 61.188 51.727 2543.488 2501.831 2111.053 1736.45 1379.7 1015.778 661.469 233.154 157.166 31.738 71.106 6.561 -330.505 -678.101 -1018.677 -1363.831 -1704.407 -2043.152 -2379.608 -2704.926 391.998 758.972 430.908 73.547 5.951 -347.595 -706.024 599 960 400 26 29.9 844 134 2408 1 034
6059021 7531 2026/1/25 16:20:53 P18 73.46 22.13 0 7.38 37.88 948.99 969.42 272.217 508.118 3995.514 332.642 464.935 605.469 490.417 -79.803 -9.766 322.723 -8.698 232.239 625.153 29.602 597.382 749.512 173.492 413.361 867.157 445.099 -5000 -7.782 91.705 -41.656 -8.698 22.888 283.813 92.468 484.772 975.647 545.044 -1356.354 426.025 211.029 66.681 52.49 51.422 2543.03 2501.526 2115.173 1740.875 1386.414 1023.56 666.809 230.865 160.522 47.76 70.953 5.341 -332.031 -676.88 -1015.32 -1358.185 -1699.371 -2037.354 -2373.199 -2697.296 392.303 756.073 431.366 74.463 7.172 -346.222 -701.141 582 955 400 25.96 29.9 832 130 2408 1 034
6059022 7531 2026/1/25 16:20:54 P18 73.54 22.17 0 7.54 37.83 948.97 969.41 270.844 506.592 3993.683 326.538 465.088 606.384 489.96 25.33 -7.629 301.514 -9.155 231.934 625 29.907 597.534 749.512 171.204 412.445 864.563 443.726 -5000 -1.526 93.536 20.142 -7.477 22.583 283.051 91.248 485.382 977.783 548.401 -1356.354 425.262 210.571 65.308 56.458 51.27 2546.539 2501.984 2111.511 1734.009 1373.596 1006.165 648.041 231.323 155.945 41.046 71.411 6.561 -332.336 -677.795 -1018.677 -1362.61 -1703.949 -2044.983 -2385.101 -2709.656 392.456 756.836 430.298 71.869 5.188 -347.29 -705.414 599 975 400 26 29.9 820 126 2408 1 034
6059023 7531 2026/1/25 16:20:55 P18 73.53 22.15 0 7.54 37.77 948.94 969.46 272.675 507.507 3993.073 330.963 464.935 605.469 489.807 -10.529 -39.368 315.094 -9.613 232.697 622.864 29.907 596.313 749.359 170.898 413.361 864.716 442.963 -5000 -4.12 94.147 42.419 -7.782 21.973 282.898 90.485 483.398 975.037 569.916 -1355.743 424.347 210.266 65.918 51.422 50.812 2545.471 2500 2109.68 1731.415 1373.749 1007.69 652.618 233.917 152.435 43.182 72.937 7.782 -332.794 -679.779 -1020.355 -1365.051 -1706.696 -2046.661 -2384.644 -2709.656 391.998 764.618 429.23 71.716 6.714 -354.156 -709.686 599 975 400 26 29.9 820 126 2408 1 034
6059024 7531 2026/1/25 16:20:56 P18 73.4 22.09 0 7.52 37.87 948.94 969.44 271.606 507.355 3990.631 333.099 464.02 604.858 489.502 -73.7 -0.458 314.484 -7.935 232.086 622.711 30.212 597.076 750.275 171.967 412.292 861.511 444.031 -5000 3.052 94.452 78.735 -6.409 22.278 282.745 90.485 482.635 976.562 547.791 -1357.422 425.262 211.029 68.207 55.237 51.88 2544.556 2501.984 2111.969 1735.84 1381.683 1017.914 661.621 233.154 152.435 50.201 72.632 9.308 -330.505 -675.964 -1015.167 -1359.558 -1702.728 -2040.71 -2379.15 -2702.179 392.456 756.683 430.908 75.226 7.019 -344.238 -700.226 592 955 400 26.02 29.95 809 121 2408 1 034
6059025 7531 2026/1/25 16:20:57 P18 73.47 22.05 0 7.42 37.96 948.99 969.44 274.963 506.287 3988.647 334.015 464.02 605.469 489.96 -109.863 -39.673 309.906 -10.376 233.154 623.627 32.043 597.229 750.885 171.204 412.14 860.443 444.183 -5000 0 94.91 74.768 -9.46 22.125 283.051 89.874 481.415 970.001 574.646 -1357.727 424.805 210.266 62.714 59.357 52.643 2547.607 2501.526 2114.563 1740.417 1386.719 1023.56 668.182 230.103 149.536 46.844 71.564 5.493 -331.726 -676.117 -1014.252 -1357.422 -1697.083 -2036.133 -2372.437 -2697.449 391.235 754.242 429.688 73.09 3.357 -344.849 -700.073 596 940 400 26.02 29.95 799 117 2408 1 034
6059026 7531 2026/1/25 16:20:58 P18 73.46 22.1 0 7.54 37.92 948.99 969.44 274.658 506.287 3985.138 332.489 463.867 605.011 489.807 18.768 -23.041 308.838 -9.766 231.323 620.117 29.755 595.856 750.885 171.204 412.14 859.222 442.505 -5000 -0.305 98.877 35.706 -8.24 22.888 282.288 90.79 482.483 974.731 548.248 -1356.659 423.584 209.961 66.986 60.425 52.185 2548.218 2501.221 2109.68 1728.516 1370.392 1004.486 647.278 233.459 144.958 55.695 74.463 6.104 -329.285 -675.354 -1015.472 -1361.084 -1703.796 -2043.762 -2384.644 -2708.588 392.914 759.125 430.908 74.768 7.782 -348.663 -706.787 604 940 400 26.05 30.03 789 113 2408 1 034
6059027 7531 2026/1/25 16:20:59 P18 73.44 22.08 0 7.38 37.88 948.97 969.44 272.217 505.676 3986.969 333.862 462.952 606.537 489.502 27.008 -33.417 306.702 -7.782 230.713 625.458 29.449 594.33 751.19 169.83 412.445 857.849 441.742 -5000 0.458 97.351 -35.248 -9.155 22.583 282.745 88.348 480.652 971.832 543.365 -1354.98 423.889 209.198 64.545 63.629 52.185 2544.098 2502.899 2111.053 1734.161 1378.326 1011.353 653.839 231.781 143.738 54.474 72.174 5.646 -332.794 -679.321 -1019.135 -1363.831 -1705.78 -2045.746 -2384.796 -2708.435 389.862 752.869 429.077 71.869 3.357 -347.443 -708.008 595 940 400 25.98 29.98 780 109 2408 1 034
6059028 7531 2026/1/25 16:21:00 P18 73.43 22.12 0 7.64 37.97 948.98 969.44 272.217 505.371 3985.291 335.999 464.02 597.076 489.655 33.417 4.272 313.568 -10.071 230.865 623.169 33.569 594.788 751.038 169.525 412.903 856.628 442.963 -5000 0.916 97.504 57.068 -9.766 22.583 281.982 85.907 478.973 966.492 539.246 -1353.912 422.516 210.724 62.561 54.016 52.185 2541.656 2501.221 2113.495 1736.603 1382.294 1017.609 660.858 232.849 141.907 37.537 71.716 6.409 -335.693 -679.321 -1018.372 -1362.457 -1701.508 -2040.863 -2378.693 -2702.026 390.32 752.869 435.333 71.564 5.341 -344.086 -701.447 604 930 400 25.99 30.02 771 105 2408 1 034
6059029 7531 2026/1/25 16:21:01 P18 73.53 22.15 0 7.5 37.89 949 969.43 275.726 505.981 3982.544 337.982 463.104 603.638 490.265 35.4 17.7 317.383 -7.019 229.645 622.864 31.738 594.635 751.495 169.22 411.377 854.492 443.42 -5000 0.916 99.487 81.024 -8.85 21.21 281.982 86.975 479.279 968.018 541.534 -1356.964 422.974 209.198 62.866 63.629 51.88 2549.133 2501.068 2113.19 1736.298 1376.343 1007.08 653.076 231.934 141.449 44.861 71.411 7.935 -329.895 -675.507 -1015.93 -1360.626 -1702.118 -2042.084 -2379.456 -2706.451 391.846 756.378 431.213 74.921 7.477 -346.527 -702.057 605 920 400 26.05 30 762 101 2408 1 034
6059030 7531 2026/1/25 16:21:02 P18 73.43 22.06 0 7.45 37.88 948.99 969.45 272.98 505.066 3984.528 341.187 461.731 606.995 489.655 -19.836 2.289 304.871 -9.46 231.171 623.932 31.433 594.025 751.19 168.152 411.377 852.814 441.589 -5000 3.815 98.572 16.937 -8.545 21.667 282.135 89.417 478.21 968.018 546.112 -1361.694 421.906 208.435 62.714 52.338 52.032 2543.793 2500.763 2106.934 1729.584 1370.85 1002.655 649.872 230.408 133.972 55.389 72.021 8.545 -331.879 -678.101 -1019.44 -1364.594 -1705.017 -2047.119 -2386.627 -2711.029 390.93 753.937 430.45 70.038 5.951 -350.342 -710.602 600 910 400 25.96 30.08 753 97 2408 1 034
6059031 7531 2026/1/25 16:21:03 P18 73.46 22.16 0 7.47 37.92 948.99 969.43 275.269 507.202 3982.391 342.255 461.884 601.959 489.655 11.444 10.681 320.892 -9.766 230.255 623.169 30.67 593.262 750.122 167.999 411.224 851.746 442.81 -5000 0.458 98.572 67.139 -8.392 23.651 281.525 87.585 479.736 969.543 515.137 -1362.152 422.211 206.604 65.918 53.711 52.948 2544.708 2500.153 2112.122 1735.382 1379.547 1016.083 659.485 230.255 137.329 44.556 74.005 9.308 -331.116 -676.27 -1014.557 -1359.711 -1699.982 -2039.032 -2377.93 -2700.806 393.219 748.291 432.129 74.463 7.324 -344.238 -700.226 578 910 400 25.98 29.97 744 93 2408 1 034
6059032 7531 2026/1/25 16:21:04 P18 73.53 22.13 0 7.45 37.94 949 969.42 274.963 506.134 3982.239 345.001 462.952 604.248 489.349 -16.174 -22.125 308.99 -9.613 230.255 622.406 30.67 593.567 752.106 167.999 411.224 849.457 441.589 -5000 -3.51 98.267 53.253 -9.613 23.193 281.83 86.517 478.821 967.407 535.583 -1361.847 421.295 206.757 61.646 59.967 52.185 2547.15 2502.899 2114.258 1742.554 1386.261 1022.949 667.267 232.391 132.294 55.389 74.463 2.441 -329.59 -673.828 -1013.184 -1355.438 -1696.32 -2035.37 -2369.995 -2696.838 390.625 755.615 429.688 75.989 9.308 -343.628 -698.853 600 905 400 26.02 30.03 736 89 2408 1 034
6059033 7531 2026/1/25 16:21:05 P18 73.46 22.13 0 7.45 37.9 949.02 969.43 272.675 505.524 3981.781 341.949 461.426 605.927 489.502 33.722 -31.433 293.121 -10.529 228.577 622.559 32.806 592.194 751.801 167.389 410.614 847.321 441.895 -5000 1.373 98.724 43.945 -9.766 22.125 281.677 84.381 476.532 965.271 526.886 -1357.422 419.922 207.062 64.697 60.73 51.575 2545.166 2501.984 2107.849 1730.042 1369.171 1003.113 644.684 231.934 128.784 42.725 71.411 4.578 -331.879 -679.169 -1020.203 -1364.899 -1707.611 -2047.577 -2387.39 -2712.25 390.778 753.174 428.619 72.632 6.561 -351.105 -708.313 591 910 400 26 29.98 727 86 2408 1 034
6059034 7531 2026/1/25 16:21:06 P18 73.57 22.16 0 7.57 37.82 948.97 969.43 272.827 506.134 3979.645 341.187 463.257 594.94 489.502 5.035 2.441 294.037 -9.766 228.882 622.253 33.264 593.109 752.563 166.168 411.072 846.252 439.606 -5000 7.935 100.098 -8.698 -7.935 21.973 281.525 84.381 475.311 961.914 524.139 -1360.779 419.769 206.604 63.171 53.406 52.643 2545.166 2501.373 2111.816 1737.366 1379.7 1015.32 659.637 233.765 127.106 45.319 72.479 6.409 -329.742 -675.049 -1015.778 -1360.474 -1701.66 -2041.321 -2378.235 -2704.163 392.456 755.157 431.061 75.073 8.392 -345.764 -703.888 591 910 400 26 29.98 727 86 2408 1 034
6059035 7531 2026/1/25 16:21:07 P18 73.48 22.19 0 7.35 37.9 948.98 969.44 275.116 506.592 3978.729 340.424 461.731 601.654 489.502 -11.902 -39.52 301.666 -8.85 229.95 624.237 33.569 591.583 753.479 165.253 410.614 844.879 440.369 -5000 12.207 98.572 16.785 -7.782 21.973 282.135 83.466 475.922 958.862 526.886 -1355.896 419.006 206.909 68.207 59.204 52.49 2542.267 2501.984 2112.579 1739.349 1384.125 1021.576 665.894 229.187 126.648 46.844 70.953 5.951 -333.557 -677.948 -1015.93 -1356.812 -1698.151 -2036.743 -2374.42 -2700.043 388.947 751.038 429.077 74.463 7.172 -347.9 -702.057 599 890 400 25.95 29.93 719 82 2408 1 034
6059036 7531 2026/1/25 16:21:08 P18 73.48 22.21 0 7.35 37.9 948.96 969.43 275.269 505.981 3977.661 344.696 460.968 603.333 489.655 24.109 -31.586 320.129 -9.766 228.119 623.322 35.095 590.668 753.021 165.558 410.004 843.811 441.742 -5000 3.815 95.367 53.101 -9.155 22.125 281.219 83.618 474.243 954.132 542.908 -1356.659 419.006 205.994 63.324 57.983 51.575 2546.387 2500.763 2117.004 1743.622 1389.313 1027.679 670.624 229.95 121.613 40.283 71.411 4.73 -328.369 -672.913 -1012.421 -1356.049 -1695.862 -2035.828 -2372.589 -2698.517 390.778 753.326 428.314 76.599 6.866 -345.001 -699.005 604 885 400 25.95 29.93 710 79 2408 1 034
6059037 7531 2026/1/25 16:21:09 P18 73.47 22.21 0 7.42 37.9 948.96 969.44 274.506 505.676 3977.356 341.644 460.815 599.976 489.349 -52.643 -36.774 309.753 -9.918 229.95 623.169 33.875 592.346 753.632 164.642 409.241 841.675 441.132 -5000 0.916 97.046 36.469 -8.24 23.041 281.372 83.008 473.938 960.999 521.088 -1362.152 418.549 205.688 61.34 59.814 52.185 2545.776 2501.678 2112.427 1735.687 1379.242 1013.641 659.79 231.476 123.749 34.943 72.021 9.155 -329.285 -675.354 -1015.32 -1359.711 -1700.897 -2039.185 -2377.167 -2702.484 393.829 752.411 427.704 74.463 6.866 -349.426 -704.956 590 875 400 25.95 30.09 702 76 2408 1 034
6059038 7531 2026/1/25 16:21:10 P18 73.51 22.19 0 7.44 38 948.99 969.43 275.421 504.913 3973.999 340.118 460.358 591.278 489.044 -10.681 -23.346 315.552 -9.613 229.645 621.338 34.79 590.515 753.632 163.422 409.698 841.217 439.301 -5000 12.054 98.267 47.302 -8.392 21.82 281.219 81.94 475.159 954.742 537.262 -1356.659 418.243 205.688 63.019 54.626 50.354 2546.539 2502.136 2113.495 1738.586 1385.498 1022.797 667.114 229.187 118.256 22.43 70.496 4.272 -333.71 -678.101 -1017.914 -1361.237 -1700.745 -2038.727 -2375.336 -2700.958 391.846 749.207 431.366 72.327 3.815 -346.375 -701.752 595 880 400 26.02 30.07 694 74 2408 1 034
6059039 7531 2026/1/25 16:21:11 P18 73.46 22.29 0 7.52 37.95 948.99 969.43 277.863 504.303 3971.558 342.255 459.747 599.518 489.502 26.55 -32.654 299.225 -9.613 228.729 621.185 32.806 590.82 753.174 163.422 409.088 838.47 439.148 -5000 -2.289 95.825 8.698 -9.46 21.82 281.525 83.771 473.328 959.625 533.447 -1363.22 420.227 205.841 58.746 54.626 52.643 2546.844 2500.61 2115.936 1742.096 1389.313 1024.475 668.488 234.833 117.645 26.245 72.174 8.24 -326.08 -670.776 -1000.824 -1354.37 -1696.014 -2036.285 -2371.521 -2697.754 391.541 752.411 431.213 77.515 6.409 -344.849 -699.005 603 880 400 26 30.11 686 72 2408 1 034
6059040 7531 2026/1/25 16:21:12 P18 73.48 22.19 0 7.38 37.91 948.99 969.43 276.642 505.981 3970.032 340.576 460.663 597.382 489.349 -108.948 -38.3 316.467 -10.223 226.898 619.049 34.943 589.447 753.784 162.964 409.241 837.555 438.538 -5000 3.357 99.487 10.223 -7.477 21.973 281.83 82.092 474.243 953.064 540.009 -1357.574 417.633 204.468 63.324 60.73 51.88 2548.981 2499.542 2112.427 1735.382 1378.632 1015.625 658.722 231.934 113.22 30.67 71.259 3.815 -328.522 -675.354 -1015.778 -1360.779 -1701.508 -2040.253 -2377.777 -2702.942 390.625 751.038 429.23 72.784 7.477 -347.595 -704.498 596 870 400 26.02 30.08 678 70 2408 1 034
6059041 7531 2026/1/25 16:21:13 P18 73.44 22.09 0 7.38 37.96 948.99 969.42 276.184 506.592 3970.795 343.628 459.442 600.281 489.502 6.409 16.785 286.713 -9.766 227.509 622.864 33.875 590.973 755.005 162.506 409.698 836.334 440.063 -5000 -10.223 93.842 11.902 -9.155 22.736 281.067 83.923 470.886 955.658 537.72 -1360.321 418.701 204.163 65.918 63.629 51.575 2544.708 2500.763 2114.563 1742.859 1387.329 1025.391 670.776 232.544 115.204 29.907 70.038 7.324 -330.353 -674.591 -1012.115 -1356.201 -1696.014 -2035.37 -2371.674 -2697.906 389.099 749.359 429.688 74.768 5.493 -347.137 -700.378 591 870 400 25.98 30.11 670 68 2408 1 034
6059042 7531 2026/1/25 16:21:14 P18 73.43 22.17 0 7.54 37.87 948.97 969.44 274.506 505.066 3970.947 342.102 459.137 599.518 490.265 79.651 28.687 284.271 -9.308 226.593 620.728 34.943 589.905 755.005 162.048 409.088 834.961 440.063 -5000 4.272 96.436 -48.676 -8.24 22.43 280.457 82.55 471.344 955.353 536.499 -1358.948 415.955 205.078 60.425 60.425 52.49 2549.438 2500.61 2117.462 1741.028 1386.566 1023.102 664.062 231.628 109.863 56.152 73.09 4.73 -326.843 -672.302 -1009.369 -1357.117 -1697.693 -2036.743 -2375.641 -2700.653 393.524 750.885 429.23 76.447 7.019 -342.865 -697.327 591 850 400 26 30.08 662 66 2408 1 034
6059043 7531 2026/1/25 16:21:15 P18 73.48 22.26 0 7.42 37.94 948.98 969.45 276.184 504.761 3968.506 342.712 458.832 603.333 488.892 -17.395 -43.03 298.157 -9.155 225.983 622.711 36.469 589.142 754.7 161.438 408.783 833.282 439.301 -5000 2.289 99.487 62.561 -8.087 22.888 281.067 80.719 469.818 953.522 532.684 -1357.88 415.802 204.926 65.155 63.019 52.49 2546.997 2501.221 2112.274 1726.837 1370.087 1002.197 647.125 234.222 111.389 62.256 71.716 7.477 -332.031 -677.49 -1017.914 -1363.22 -1704.559 -2045.593 -2384.644 -2709.961 390.015 750.732 431.061 73.395 5.646 -350.647 -706.94 600 860 400 26.02 30 655 65 2408 1 034
6059044 7531 2026/1/25 16:21:16 P18 73.5 22.13 0 7.54 37.88 948.98 969.44 277.863 507.507 3968.964 344.238 460.205 601.196 489.502 36.316 -45.624 304.108 -8.698 228.577 622.101 34.18 589.142 754.852 160.98 407.867 831.909 439.148 -5000 -0.153 97.198 32.654 -8.087 21.667 281.067 83.16 471.191 953.369 514.069 -1364.746 416.565 203.857 63.629 55.542 52.032 2544.861 2501.221 2115.936 1744.08 1388.855 1026.611 670.166 234.68 107.574 55.542 74.31 5.646 -329.285 -671.844 -1011.047 -1355.591 -1697.388 -2035.37 -2370.3 -2697.296 390.625 751.19 429.993 80.566 9.613 -340.424 -694.58 600 860 400 26.02 30 655 65 2408 1 034
6059045 7531 2026/1/25 16:21:17 P18 73.61 22.21 0 7.54 37.87 948.98 969.44 275.269 504.608 3965.149 343.323 458.221 600.586 490.112 38.757 -49.591 300.903 -9.766 226.44 622.101 36.163 587.463 755.31 160.217 408.325 830.383 438.08 -5000 -13.275 97.046 39.825 -9.46 21.82 280.304 80.261 471.497 952.606 536.804 -1355.286 415.039 204.315 63.629 54.474 51.27 2547.455 2500.763 2114.105 1738.892 1380.157 1016.388 656.433 233.612 101.776 48.218 70.496 6.256 -330.2 -674.591 -1014.099 -1358.49 -1698.608 -2038.269 -2376.251 -2704.163 389.252 746.765 429.688 74.768 6.561 -347.595 -702.057 600 860 400 26.05 30 647 63 2408 1 034
6059046 7531 2026/1/25 16:21:18 P18 73.47 22.16 0 7.57 38.05 948.98 969.46 278.015 505.676 3964.539 344.391 458.069 595.093 489.044 -56.61 -31.891 303.04 -9.766 226.746 620.575 45.013 586.853 755.768 160.217 408.478 828.552 437.622 -5000 7.935 96.893 9.918 -8.545 23.193 281.219 73.242 470.428 942.535 537.567 -1357.422 414.581 204.315 58.746 54.016 52.032 2542.572 2501.373 2108.612 1729.279 1369.934 1003.723 648.193 232.697 105.743 46.387 71.106 8.698 -334.015 -681.305 -1022.339 -1366.577 -1708.679 -2048.34 -2389.069 -2712.25 390.625 746.46 429.993 69.275 5.646 -351.562 -709.381 604 860 400 26.05 30 640 61 2408 1 034
6059047 7531 2026/1/25 16:21:19 P18 73.54 22.05 0 7.38 37.92 948.95 969.45 278.625 504.913 3965.912 346.68 458.679 599.365 489.349 25.024 -25.482 281.525 -9.003 225.983 623.779 35.706 587.463 755.463 159.76 407.562 827.942 439.453 -5000 5.951 97.504 15.564 -7.935 22.736 280.457 78.735 469.513 947.418 536.041 -1358.49 414.886 202.332 60.12 57.373 52.795 2546.692 2502.289 2112.885 1740.112 1385.498 1022.949 670.471 231.476 100.403 32.654 73.7 6.409 -327.759 -671.844 -1010.895 -1355.133 -1696.167 -2035.37 -2373.352 -2699.432 392.151 749.207 429.535 75.531 9.003 -345.306 -700.226 604 845 400 26 30.06 632 59 2408 1 034
6059048 7531 2026/1/25 16:21:20 P18 73.55 22.09 0 7.57 38.04 948.98 969.43 278.32 505.981 3961.792 345.154 458.832 597.992 489.197 -22.278 -12.817 288.544 -7.935 226.898 621.338 35.706 587.463 756.378 158.997 408.325 825.958 437.012 -5000 3.51 95.52 42.877 -9.46 21.82 279.846 82.092 469.513 949.554 526.581 -1355.896 413.666 204.01 61.34 55.847 52.338 2546.387 2501.221 2110.901 1731.567 1374.207 1007.08 648.956 230.865 101.166 39.52 70.19 6.104 -331.116 -675.964 -1016.998 -1362.152 -1703.796 -2046.509 -2385.406 -2710.571 389.709 745.85 428.467 72.937 5.798 -347.595 -705.566 595 850 400 26.02 30.08 625 57 2408 1 034
6059049 7531 2026/1/25 16:21:21 P18 73.55 22.15 0 7.52 38 948.98 969.45 278.625 506.592 3955.841 344.696 457.458 600.128 489.197 -33.722 -20.599 301.208 -7.172 227.356 622.101 36.163 586.395 756.683 158.386 406.494 825.5 437.622 -5000 5.493 95.673 50.201 -9.766 21.973 280.151 78.888 467.682 947.723 540.924 -1362.762 414.124 202.789 66.833 50.964 52.338 2542.114 2501.831 2111.511 1735.992 1378.937 1012.573 657.806 231.171 95.978 42.419 70.953 9.003 -332.642 -677.185 -1018.066 -1362.762 -1702.576 -2042.847 -2380.676 -2706.146 389.709 748.901 427.551 73.547 7.019 -351.41 -709.534 604 855 400 26.03 30 618 55 2408 1 034
6059050 7531 2026/1/25 16:21:22 P18 73.5 22.06 0 7.52 37.94 948.96 969.45 278.32 505.524 3960.114 344.543 457.306 596.619 488.892 10.223 2.594 293.732 -9.155 226.135 616.302 36.316 586.395 756.378 157.776 407.104 823.669 437.775 -5000 2.136 95.52 56.305 -7.324 22.43 279.388 78.583 468.597 946.198 507.202 -1357.422 413.055 202.026 63.477 54.779 51.88 2545.319 2502.441 2114.716 1739.044 1385.04 1022.034 664.673 237.427 93.079 34.637 72.327 8.85 -330.811 -676.117 -1014.252 -1358.643 -1698.608 -2037.201 -2372.894 -2697.754 392.303 749.207 431.519 74.615 5.646 -345.459 -701.752 595 845 400 26.03 30.05 610 53 2408 1 034
6059051 7531 2026/1/25 16:21:23 P18 73.6 22.17 0 7.4 37.96 948.99 969.43 275.269 505.066 3957.672 344.391 457.458 600.586 488.892 50.964 1.068 276.337 -9.155 225.067 621.796 37.231 587.158 756.683 157.623 406.799 821.533 438.843 -5000 16.632 97.656 -3.967 -9.155 22.736 280.151 77.82 468.597 944.977 517.426 -1357.269 412.292 203.857 56.915 56.305 50.812 2550.659 2502.594 2109.07 1730.499 1370.392 1001.74 647.278 231.934 95.825 38.91 70.343 7.019 -332.642 -680.389 -1021.271 -1365.509 -1707.764 -2048.34 -2386.169 -2711.945 389.099 748.444 426.941 71.869 5.035 -349.884 -709.229 587 855 400 26 30.13 603 52 2408 1 034
6059052 7531 2026/1/25 16:21:24 P18 73.61 22.03 0 7.44 37.93 949.01 969.43 280.151 503.998 3958.74 345.306 458.069 597.534 488.739 -28.839 -12.36 269.928 -8.087 224.915 621.643 36.774 585.48 755.92 156.86 406.342 821.228 436.249 -5000 5.646 95.52 44.861 -9.155 22.125 279.846 78.278 466.461 944.977 512.238 -1358.185 413.055 202.942 62.866 52.185 52.338 2544.556 2502.441 2111.206 1734.924 1379.852 1014.099 658.875 229.797 92.01 52.338 72.784 5.188 -330.048 -674.286 -1016.235 -1360.626 -1700.134 -2040.253 -2378.845 -2701.874 392.761 747.375 431.519 75.531 9.918 -344.086 -701.904 592 840 400 25.99 30.09 596 50 2408 1 034
6059053 7531 2026/1/25 16:21:25 P18 73.5 22.09 0 7.47 38.05 948.98 969.43 277.557 504.761 3956.909 344.238 457.306 597.382 489.655 -49.896 -16.174 281.372 -7.782 223.389 622.101 39.368 584.412 758.362 156.708 406.799 817.719 435.944 -5000 18.768 96.436 37.231 -8.392 21.667 279.999 77.209 465.698 943.146 513.611 -1356.506 411.53 202.637 64.545 44.25 50.964 2546.692 2502.441 2117.767 1741.943 1389.313 1026.306 668.793 230.865 92.01 34.485 69.275 5.798 -332.184 -675.507 -1013.336 -1356.506 -1696.625 -2034.76 -2372.589 -2697.449 388.184 744.019 429.23 74.921 5.646 -345.917 -698.853 600 845 400 26.03 30.1 589 49 2408 1 034
6059054 7531 2026/1/25 16:21:26 P18 73.44 22.1 0 7.44 38.06 949.01 969.43 281.677 505.066 3956.451 344.696 455.627 597.839 488.739 25.94 -15.411 287.476 -8.087 224.609 619.812 39.673 584.259 755.463 155.64 405.884 818.481 435.486 -5000 5.951 96.436 -6.714 -8.698 22.125 279.846 76.141 464.783 940.247 502.93 -1358.185 410.614 200.5 66.681 51.27 51.575 2548.981 2500.916 2115.173 1739.96 1384.125 1021.576 662.384 229.645 90.485 37.079 70.953 5.646 -331.879 -676.27 -1014.252 -1358.795 -1699.524 -2037.659 -2376.709 -2702.026 390.015 744.629 429.077 74.158 6.104 -343.933 -699.005 600 845 400 26.03 30.1 589 49 2408 1 034
6059055 7531 2026/1/25 16:21:27 P18 73.61 22.15 0 7.57 37.88 948.98 969.43 279.541 506.592 3954.926 344.391 458.374 592.651 488.739 -65.765 -22.43 258.636 -9.003 225.372 622.559 41.504 584.564 756.836 155.64 405.426 815.887 435.333 -5000 0.153 96.283 -12.36 -7.172 22.278 279.846 73.547 466.461 930.939 482.941 -1359.406 411.682 200.043 64.087 54.474 52.49 2543.945 2501.678 2111.359 1737.061 1380.463 1016.541 662.537 233.459 91.095 48.828 71.106 9.46 -330.811 -675.964 -1015.472 -1362.152 -1700.592 -2039.49 -2376.251 -2700.195 390.015 746.918 431.671 73.853 6.866 -346.527 -703.735 592 835 400 26 30.03 583 47 2408 1 034
6059056 7531 2026/1/25 16:21:28 P18 73.5 22.13 0 7.56 38.04 949 969.43 277.863 505.829 3953.552 343.17 456.848 598.297 488.586 49.133 11.139 252.075 -8.087 224.457 621.338 41.351 585.48 758.057 154.572 406.494 815.887 435.944 -5000 4.12 96.741 45.624 -9.155 21.515 280.151 75.073 463.867 938.873 513.153 -1358.643 410.004 200.806 58.594 54.474 50.812 2543.945 2502.594 2115.936 1744.843 1389.771 1027.069 671.234 228.424 87.891 36.621 69.427 7.629 -329.895 -673.676 -1012.573 -1355.591 -1696.472 -2035.675 -2371.521 -2698.364 389.099 743.256 430.603 75.836 6.256 -344.238 -699.158 596 840 400 26 30.03 576 45 2408 1 034
6059057 7531 2026/1/25 16:21:29 P18 73.67 22.2 0 7.5 37.95 948.99 969.43 277.557 505.981 3950.195 344.543 456.696 597.687 489.502 50.659 -10.681 262.299 -10.223 225.83 621.033 39.215 584.106 758.82 155.029 405.426 814.056 436.096 -5000 5.798 97.809 59.509 -10.223 22.278 279.541 75.226 464.172 938.721 503.082 -1358.337 411.072 200.043 62.256 49.286 51.727 2546.234 2503.052 2115.784 1739.502 1383.667 1016.541 657.501 230.255 87.585 55.084 72.784 16.785 -330.505 -673.828 -1013.794 -1358.795 -1698.456 -2039.032 -2378.54 -2704.01 390.167 744.629 428.772 76.904 6.714 -344.849 -701.599 604 835 400 25.99 30.16 569 44 2408 1 034
6059058 7531 2026/1/25 16:21:30 P18 73.63 22.17 0 7.52 38.05 948.98 969.43 280.762 503.693 3950.348 342.56 457.153 598.145 488.739 -54.016 -11.749 283.508 -9.46 225.067 619.507 41.199 583.344 758.82 153.656 404.968 813.599 436.859 -5000 4.425 95.825 83.618 -8.698 21.515 279.694 75.378 464.63 934.143 520.172 -1358.032 410.919 200.653 56.152 44.861 50.812 2547.455 2501.831 2109.222 1729.584 1370.544 1003.418 648.346 227.356 83.923 54.321 70.648 6.714 -333.862 -680.389 -1020.355 -1365.662 -1707.764 -2048.035 -2389.069 -2711.792 390.625 744.629 430.603 70.953 5.493 -354.004 -711.823 596 840 400 25.99 30.22 563 42 2408 1 034
6059059 7531 2026/1/25 16:21:31 P18 73.66 22.12 0 7.44 38.12 948.99 969.43 282.745 505.066 3948.669 342.56 456.238 596.619 488.281 -10.986 -18.311 275.726 -8.392 222.931 620.728 39.062 581.97 758.972 153.656 404.358 812.225 436.249 -5000 -5.341 92.163 75.989 -9.155 22.125 279.541 76.141 463.104 936.584 510.559 -1361.694 409.088 201.416 58.441 51.422 51.575 2546.997 2501.221 2114.868 1742.554 1386.719 1024.475 665.741 228.119 79.193 34.027 73.242 5.188 -330.505 -675.354 -1014.557 -1358.185 -1698.608 -2036.438 -2371.521 -2699.127 388.031 744.476 428.467 73.853 6.714 -343.17 -695.038 604 840 400 26.03 30.24 556 41 2408 1 034
6059060 7531 2026/1/25 16:21:32 P18 73.54 22.2 0 7.59 37.98 948.96 969.42 279.388 503.845 3948.517 341.797 454.865 592.651 488.434 9.46 -26.245 269.165 -10.071 222.931 620.88 44.25 582.428 759.125 153.198 404.968 811.768 436.249 -5000 -4.12 92.926 49.438 -9.46 21.515 279.846 73.547 463.409 928.345 508.881 -1358.795 408.63 202.026 63.324 52.795 51.727 2547.76 2503.967 2112.274 1736.603 1376.953 1009.521 653.534 225.372 79.956 44.556 73.547 4.425 -330.353 -672.913 -1015.015 -1358.948 -1700.439 -2040.71 -2379.761 -2705.078 388.947 743.866 428.925 74.005 6.866 -339.813 -697.327 605 830 400 26 30.08 550 39 2408 1 034
6059061 7531 2026/1/25 16:21:33 P18 73.54 22.2 0 7.59 37.98 948.99 969.43 281.067 504.913 3947.449 342.56 455.322 598.755 489.349 19.531 -19.379 275.726 -9.766 222.473 620.422 42.572 581.818 760.04 152.74 404.358 809.021 434.418 -5000 3.967 95.52 42.419 -10.071 22.736 279.541 72.632 461.731 934.448 510.101 -1359.558 409.241 199.89 66.223 47.76 51.422 2542.114 2500.61 2108.612 1729.889 1371.613 1006.012 650.33 228.119 73.7 49.896 73.242 14.496 -331.726 -679.626 -1021.118 -1365.204 -1707.611 -2046.814 -2387.238 -2710.876 385.895 742.798 429.688 70.496 4.272 -351.562 -710.449 601 840 400 26.06 30.15 544 37 2408 1 034
6059062 7531 2026/1/25 16:21:34 P18 73.68 22.17 0 7.5 37.95 948.99 969.42 282.593 504.913 3947.601 340.881 455.475 595.551 488.434 -81.94 -3.815 268.555 -8.545 222.168 620.422 41.809 581.97 759.735 152.283 403.748 808.716 435.944 -5000 -6.714 95.062 -5.646 -7.477 21.973 279.236 72.479 463.867 930.939 504.913 -1364.136 408.478 199.127 59.967 57.526 51.88 2542.572 2501.373 2115.326 1741.028 1384.583 1022.186 665.741 226.746 77.667 35.706 69.885 8.698 -330.658 -675.812 -1014.862 -1358.795 -1698.608 -2037.659 -2375.946 -2703.4 387.878 741.882 430.908 74.158 4.578 -347.9 -700.836 586 835 400 26.03 30.21 538 36 2408 1 034
6059063 7531 2026/1/25 16:21:35 P18 73.58 22.16 0 7.45 37.96 948.96 969.45 278.778 504.608 3945.007 340.271 454.712 592.651 489.349 -50.659 -40.894 256.805 -10.376 223.083 616.608 41.656 582.428 759.277 152.13 404.205 806.885 434.265 -5000 4.12 96.741 28.687 -8.392 22.888 279.236 73.242 461.426 932.007 505.219 -1354.37 408.936 200.348 63.782 50.507 51.575 2545.624 2503.204 2111.511 1731.262 1372.833 998.383 644.226 226.898 76.904 55.389 72.021 5.646 -330.505 -674.133 -1014.862 -1360.016 -1701.965 -2041.931 -2380.524 -2706.299 390.93 741.425 429.993 74.005 6.104 -346.68 -704.651 599 840 400 25.98 30.17 532 34 2408 1 034
6059064 7531 2026/1/25 16:21:36 P18 73.51 22.15 0 7.54 37.97 948.98 969.4 283.966 505.524 3943.329 340.729 454.407 592.194 488.129 -61.951 -19.989 273.285 -8.85 223.999 618.439 41.656 582.581 759.43 151.52 403.748 805.359 434.723 -5000 -1.831 93.384 87.28 -9.46 22.278 278.778 72.937 460.052 932.922 496.674 -1356.812 409.088 199.127 59.662 56.915 52.338 2546.082 2502.747 2110.901 1734.924 1378.021 1013.336 657.043 226.593 72.174 43.182 73.09 5.341 -330.811 -677.338 -1018.219 -1362.61 -1704.407 -2042.999 -2382.355 -2706.451 388.184 743.561 428.009 72.174 7.019 -348.816 -704.803 590 845 400 25.96 30.24 525 33 2408 1 034
6059065 7531 2026/1/25 16:21:37 P18 73.63 22.19 0 7.5 38.11 948.99 969.43 284.271 505.676 3944.092 339.813 453.796 594.33 488.281 5.646 -1.831 261.078 -8.392 223.541 619.965 43.03 580.75 759.583 149.384 403.137 804.138 433.96 -5000 -5.188 96.893 22.278 -9.46 21.973 279.236 72.174 459.9 927.124 501.099 -1358.643 406.494 200.348 61.646 59.357 52.49 2546.539 2503.662 2114.716 1737.061 1383.667 1020.508 664.215 231.171 70.801 53.711 73.09 6.866 -329.742 -675.049 -1015.015 -1357.422 -1698.303 -2037.201 -2372.284 -2698.517 388.947 740.051 431.671 72.327 6.256 -346.832 -703.583 590 845 400 25.96 30.24 525 33 2408 1 034
6059066 7531 2026/1/25 16:21:38 P18 73.6 22.17 0 7.54 37.94 948.96 969.41 283.508 505.219 3940.125 338.287 455.933 592.041 488.281 -64.697 -23.804 249.329 -9.003 223.694 620.88 42.572 581.665 760.345 150.146 403.442 803.986 433.96 -5000 1.678 97.504 49.591 -7.172 21.82 278.625 71.259 460.968 928.955 511.322 -1358.337 407.41 198.364 58.594 58.289 51.422 2545.471 2502.441 2110.138 1730.347 1371.918 1004.333 646.973 228.424 68.359 46.844 70.496 8.087 -335.693 -680.695 -1021.271 -1366.119 -1706.696 -2047.424 -2387.085 -2711.945 388.947 742.188 426.331 71.716 5.493 -350.952 -711.06 600 840 400 25.99 30.14 519 31 2408 1 034
6059067 7531 2026/1/25 16:21:39 P18 73.58 22.15 0 7.4 37.98 949.01 969.43 283.813 505.066 3941.04 338.898 455.017 594.025 487.518 22.736 -16.785 256.653 -7.935 220.947 617.371 41.809 580.902 760.345 150.299 402.832 802.612 433.502 -5000 4.272 98.724 -9.918 -9.003 22.278 278.625 73.09 460.358 929.26 489.349 -1362.61 406.189 198.669 56.61 54.626 52.185 2546.539 2499.695 2112.122 1738.129 1379.852 1017.151 662.384 227.356 68.359 46.692 72.174 4.272 -331.879 -677.185 -1017.303 -1360.779 -1701.965 -2040.405 -2377.472 -2703.705 388.947 741.73 426.331 75.378 6.104 -345.001 -700.378 603 845 400 25.99 30.14 514 30 2408 1 034
6059068 7531 2026/1/25 16:21:40 P18 73.61 22.13 0 7.55 38 948.95 969.43 283.508 503.998 3939.972 335.541 453.949 592.346 489.197 -27.771 5.341 262.451 -10.376 222.473 615.234 45.776 580.75 761.719 150.299 402.069 800.934 433.807 -5000 7.324 96.283 45.319 -9.155 22.583 278.015 70.343 458.069 923.615 488.892 -1357.727 406.952 197.449 60.425 59.814 51.727 2547.607 2500.305 2116.699 1741.333 1386.108 1022.797 666.504 224.609 66.528 47.913 72.784 -2.747 -332.031 -675.354 -1013.184 -1357.574 -1696.93 -2035.065 -2371.368 -2695.16 389.404 741.119 429.535 74.615 8.85 -346.375 -699.31 592 840 400 25.98 30.22 508 28 2408 1 034
6059069 7531 2026/1/25 16:21:41 P18 73.74 22.2 0 7.57 38.07 948.95 969.41 281.982 505.371 3937.531 336.914 454.254 586.853 488.586 -38.757 1.373 286.407 -7.935 220.49 619.659 45.471 580.139 758.972 149.536 401.917 800.018 432.892 -5000 9.308 95.825 41.199 -8.698 21.82 279.083 70.801 458.527 926.971 484.009 -1360.931 406.647 198.364 59.814 55.237 51.727 2547.15 2500.61 2115.631 1741.333 1386.719 1023.254 665.436 226.135 64.697 21.973 71.106 8.85 -328.217 -673.37 -1012.115 -1356.812 -1697.845 -2037.048 -2375.336 -2701.569 391.541 741.882 429.84 71.564 6.409 -346.375 -701.294 596 850 400 26.05 30.27 502 27 2408 1 034
6059070 7531 2026/1/25 16:21:42 P18 73.68 22.15 0 7.38 38.01 948.97 969.44 282.745 506.287 3937.683 336.151 453.949 594.177 488.739 -89.111 -6.256 267.944 -6.104 222.473 620.422 46.387 580.139 761.414 149.078 402.527 798.34 433.35 -5000 19.073 99.945 -12.054 -7.935 21.973 278.778 69.885 457.306 924.53 476.99 -1358.795 404.968 198.059 60.73 50.964 52.643 2547.302 2501.831 2113.342 1736.908 1381.226 1015.625 661.469 226.135 63.782 22.888 72.784 8.24 -329.59 -675.049 -1014.557 -1358.795 -1700.439 -2040.405 -2376.556 -2701.569 391.235 741.119 431.824 74.463 7.324 -346.069 -701.447 605 850 400 26.03 30.26 496 26 2408 1 034
6059071 7531 2026/1/25 16:21:43 P18 73.64 22.16 0 7.42 37.89 948.98 969.43 283.966 503.54 3936.31 335.693 452.576 593.872 488.892 21.973 -14.343 278.32 -9.766 220.49 615.082 47.607 579.834 762.634 148.621 402.527 796.814 431.976 -5000 6.104 100.555 31.281 -8.85 22.888 278.473 68.817 457.611 921.631 494.08 -1356.506 405.121 198.517 54.932 56.458 51.575 2546.539 2501.068 2114.105 1742.859 1388.397 1025.848 671.234 224.609 65.765 40.436 70.801 6.104 -329.285 -674.438 -1011.963 -1356.506 -1695.862 -2035.37 -2371.521 -2697.754 387.726 739.441 430.145 74.158 5.798 -348.206 -701.599 596 890 400 26 30.16 490 24 2408 1 034
6059072 7531 2026/1/25 16:21:44 P18 73.61 22.17 0 7.47 38.03 948.97 969.43 283.508 503.54 3934.174 333.099 452.423 593.262 491.638 61.798 -10.071 273.743 -8.545 220.184 620.117 50.201 578.766 762.939 148.468 401.154 796.204 434.265 -5000 4.578 98.877 11.902 -7.477 22.43 278.625 68.665 458.374 913.696 483.093 -1357.117 404.663 196.228 60.425 52.49 51.727 2546.387 2501.526 2115.479 1742.096 1385.651 1021.881 664.978 220.337 58.441 40.894 71.411 3.815 -328.064 -672.913 -1013.641 -1358.337 -1698.914 -2038.727 -2376.404 -2703.094 387.115 742.035 429.077 71.106 8.087 -347.9 -702.82 601 885 400 25.99 30.21 484 23 2408 1 034
6059073 7531 2026/1/25 16:21:45 P18 73.74 22.17 0 7.64 38.01 948.97 969.4 282.898 506.134 3933.716 335.236 453.033 596.008 488.281 20.447 -65.765 274.353 -8.85 221.252 617.065 44.861 579.071 762.634 148.163 402.069 794.373 432.587 -5000 6.409 98.877 101.471 -7.935 21.82 278.32 69.733 455.78 923.767 493.317 -1358.795 405.884 197.296 61.646 53.558 52.185 2545.013 2501.221 2111.969 1732.483 1373.291 1006.165 649.414 223.999 62.256 61.951 71.411 8.85 -332.489 -677.795 -1016.846 -1362.61 -1704.254 -2043.762 -2383.728 -2708.74 390.472 738.831 431.671 73.547 6.104 -348.511 -705.261 592 870 400 26.02 30.26 479 22 2408 1 034
6059074 7531 2026/1/25 16:21:46 P18 73.71 22.19 0 7.52 38.14 948.98 969.4 284.576 505.676 3932.648 334.625 453.796 587.158 488.129 12.817 -28.534 269.012 -9.003 221.863 618.744 48.218 578.156 763.092 147.705 401.764 792.847 431.519 -5000 8.545 99.487 91.553 -7.172 21.515 278.931 66.681 457.916 918.121 490.875 -1360.016 404.51 195.77 60.73 48.218 51.88 2543.793 2500.763 2117.004 1744.232 1390.228 1028.29 671.692 224.609 56.152 48.828 72.937 8.24 -332.947 -677.185 -1012.573 -1358.643 -1697.235 -2033.997 -2368.164 -2695.007 387.573 738.068 430.45 75.836 4.578 -345.612 -697.937 600 880 400 26.03 30.27 474 20 2408 1 034
6059075 7531 2026/1/25 16:21:47 P18 73.71 22.12 0 7.4 37.97 948.97 969.45 285.339 505.219 3929.443 331.573 452.728 592.499 487.823 -27.618 21.057 268.555 -9.155 220.032 618.591 46.539 579.224 763.855 147.095 400.848 792.389 433.807 -5000 14.038 97.809 73.547 -9.308 22.736 278.015 68.817 455.475 920.868 484.619 -1357.269 403.9 194.397 60.577 50.507 51.727 2547.455 2501.984 2113.495 1739.349 1381.226 1017.609 658.112 220.947 59.662 33.875 71.106 5.341 -330.658 -675.354 -1015.015 -1356.812 -1699.677 -2038.879 -2377.014 -2704.315 392.914 736.084 428.619 74.31 4.12 -345.306 -699.921 600 880 400 26.03 30.27 474 20 2408 1 034
6059076 7531 2026/1/25 16:21:48 P18 73.74 22.16 0 7.37 38.02 948.98 969.42 286.102 504.303 3929.749 329.132 451.508 589.6 487.823 -93.079 -10.529 269.775 -8.087 219.879 619.354 49.133 578.766 763.55 147.095 401.001 791.321 431.366 -5000 7.477 97.961 21.057 -6.256 21.057 278.168 68.97 454.712 915.68 491.943 -1363.525 404.053 194.55 60.73 47.76 50.049 2549.896 2500.305 2110.748 1731.11 1371.307 1003.113 648.041 226.593 53.101 50.049 72.327 7.019 -331.573 -677.795 -1019.44 -1364.746 -1707.001 -2046.967 -2385.864 -2710.876 388.947 739.746 429.688 72.784 7.324 -348.053 -705.566 601 925 400 26 30.13 468 19 2408 1 034
6059077 7531 2026/1/25 16:21:49 P18 73.71 22.09 0 7.49 38.04 949 969.43 286.56 505.829 3928.833 330.658 452.423 590.515 488.281 24.414 -18.921 261.688 -9.003 221.71 620.27 48.065 577.545 763.397 145.874 399.933 789.948 432.281 -5000 8.85 96.588 52.032 -7.935 22.278 277.557 69.733 457.153 919.342 474.854 -1357.88 403.595 195.923 59.357 51.422 51.727 2546.082 2502.594 2116.241 1744.843 1390.076 1026.611 670.319 225.83 52.49 50.964 71.564 5.646 -328.217 -672.455 -1011.963 -1355.438 -1694.794 -2033.997 -2369.995 -2697.144 387.878 739.441 428.772 75.531 5.493 -344.391 -698.547 604 920 400 26 30.13 463 18 2408 1 034
6059078 7531 2026/1/25 16:21:50 P18 73.71 22.12 0 7.47 38.01 948.95 969.44 287.628 501.709 3928.68 329.59 454.254 593.262 487.823 128.326 -7.324 273.132 -8.24 219.727 620.117 50.507 577.087 763.55 144.806 400.085 789.032 431.366 -5000 7.172 98.419 38.452 -9.46 22.278 278.32 66.833 452.728 915.375 500.031 -1358.337 402.527 195.923 63.019 54.016 52.795 2544.861 2500.458 2114.41 1738.281 1382.446 1017.761 658.875 221.405 55.542 62.866 71.716 7.324 -330.353 -674.591 -1013.794 -1358.337 -1699.066 -2038.879 -2377.93 -2703.705 390.32 737 430.908 75.531 6.256 -344.849 -702.362 606 900 400 26 30.33 457 16 2408 1 034
6059079 7531 2026/1/25 16:21:51 P18 73.68 22.06 0 7.49 38.07 948.97 969.41 286.102 504.303 3927.155 328.522 453.491 588.226 488.129 -25.787 -5.341 264.74 -10.223 220.337 617.828 51.27 577.087 763.245 145.264 400.543 787.964 430.603 -5000 2.441 98.419 63.934 -9.613 21.667 278.015 66.986 452.423 914.001 497.589 -1355.896 403.29 196.533 61.34 53.558 51.575 2543.945 2502.441 2108.917 1729.584 1369.476 1002.502 647.125 219.269 48.828 65.918 72.632 7.477 -332.642 -679.321 -1020.355 -1365.662 -1707.001 -2047.577 -2385.864 -2710.876 387.878 737.305 428.925 70.496 5.188 -349.884 -708.771 596 900 400 26 30.24 452 15 2408 1 034
6059080 7531 2026/1/25 16:21:52 P18 73.7 22.16 0 7.62 38.09 948.97 969.44 285.95 504.15 3925.476 326.385 451.965 592.041 488.281 4.12 -3.662 260.925 -9.766 218.811 618.591 51.88 576.477 763.245 145.416 399.323 786.591 432.281 -5000 14.954 99.487 33.722 -7.172 21.667 277.405 66.528 451.66 913.391 494.69 -1357.117 402.679 196.075 62.866 54.321 51.88 2543.64 2502.289 2113.19 1736.755 1379.242 1015.472 650.94 221.71 52.338 47.15 70.953 4.73 -330.811 -677.032 -1016.846 -1361.847 -1701.66 -2040.253 -2377.014 -2703.552 387.268 737 428.619 72.784 7.324 -344.238 -702.82 605 900 400 26.03 30.24 447 15 2408 1 034
6059081 7531 2026/1/25 16:21:53 P18 73.71 22.12 0 7.45 37.98 948.96 969.42 287.018 505.676 3924.255 327.148 452.271 587.769 487.671 -49.286 0.763 249.481 -8.85 221.558 619.812 52.032 577.393 764.618 144.501 399.933 785.828 430.603 -5000 5.341 100.861 47.607 -7.324 22.125 277.71 65.765 452.423 910.339 481.72 -1357.269 400.085 195.007 60.73 48.37 52.49 2543.793 2502.136 2112.885 1737.061 1380.615 1015.015 655.975 221.252 49.591 40.283 73.395 6.714 -330.963 -676.117 -1015.778 -1360.626 -1701.202 -2040.558 -2379.456 -2705.231 386.2 737 429.23 75.531 9.155 -345.154 -699.463 595 940 400 26.05 30.21 442 14 2408 1 034
6059082 7531 2026/1/25 16:21:54 P18 73.68 22.15 0 7.61 37.97 948.96 969.42 287.781 504.303 3916.626 326.385 451.508 593.414 487.671 29.297 -37.537 244.598 -9.613 220.49 618.591 53.101 575.714 763.702 144.806 399.78 784.149 431.061 -5000 1.221 98.877 90.179 -9.155 22.43 277.71 65.613 451.508 913.239 469.36 -1356.659 401.306 195.007 59.357 52.948 51.727 2544.708 2501.526 2108.154 1728.058 1369.629 1004.181 646.973 223.083 47.302 48.523 71.411 5.646 -334.93 -681.61 -1021.576 -1367.188 -1708.527 -2047.882 -2387.848 -2712.402 387.268 738.983 429.993 71.106 7.172 -348.969 -708.008 601 940 400 26.03 30.19 437 14 2408 1 034
6059083 7531 2026/1/25 16:21:55 P18 73.63 22.17 0 7.59 37.95 948.98 969.45 287.323 505.981 3915.558 325.47 451.965 592.194 488.281 70.801 -17.7 275.879 -9.613 219.727 620.728 53.406 576.172 765.076 144.043 399.323 783.691 431.824 -5000 -1.831 95.825 -14.038 -7.629 22.125 278.015 66.223 450.745 911.102 469.208 -1357.574 400.543 194.092 54.932 49.744 52.338 2544.25 2501.068 2113.8 1737.518 1381.226 1017.914 662.384 222.931 48.676 40.894 72.784 9.46 -331.116 -676.117 -1015.32 -1360.168 -1699.371 -2039.337 -2377.625 -2702.179 389.099 738.373 430.298 75.531 7.477 -348.053 -702.362 592 925 400 26.03 30.22 432 13 2408 1 034
6059084 7531 2026/1/25 16:21:56 P18 73.67 22.17 0 7.49 38.06 948.98 969.42 288.696 504.608 3920.746 325.47 451.965 584.717 488.586 71.411 -18.463 242.615 -8.392 220.947 618.591 50.659 576.172 765.381 143.433 398.407 781.86 429.993 -5000 -5.035 98.267 63.171 -8.698 21.973 277.1 67.749 452.118 911.56 467.834 -1356.659 401.764 195.465 60.425 55.084 50.812 2547.302 2500.61 2116.394 1741.638 1387.329 1024.628 667.725 224.152 46.082 47.76 72.632 3.662 -330.353 -675.964 -1013.336 -1357.727 -1697.388 -2037.659 -2374.268 -2698.212 386.505 738.678 428.009 74.615 7.629 -346.985 -701.752 601 925 400 25.99 30.22 427 13 2408 1 034
6059085 7531 2026/1/25 16:21:57 P18 73.67 22.1 0 7.49 37.99 948.98 969.42 287.933 505.524 3918.457 323.792 451.813 591.583 486.908 -4.425 -5.341 224.457 -9.308 218.201 619.049 54.016 576.019 765.381 142.822 398.102 781.555 431.366 -5000 10.834 96.893 14.038 -9.308 21.667 276.337 67.444 451.05 909.576 468.75 -1357.88 400.543 195.465 62.408 47.913 51.88 2544.708 2503.51 2108.765 1730.042 1369.934 1004.181 649.261 223.083 48.523 26.703 70.496 5.951 -333.862 -680.084 -1020.508 -1365.204 -1708.374 -2048.187 -2387.085 -2713.165 386.2 734.1 429.23 71.716 5.646 -351.41 -709.381 592 925 400 25.99 30.27 422 13 2408 1 034
6059086 7531 2026/1/25 16:21:58 P18 73.74 22.1 0 7.44 37.99 949 969.44 287.323 503.998 3917.999 330.048 449.982 589.447 487.518 -74.615 -23.804 244.751 -8.24 217.438 619.202 54.932 574.799 765.686 142.975 399.17 780.487 430.45 -5000 -3.357 97.046 6.409 -8.24 21.362 278.168 66.528 452.423 906.219 484.619 -1358.643 399.78 193.787 59.509 52.49 52.338 2542.572 2501.678 2111.969 1736.603 1379.089 1015.93 660.248 223.389 40.436 34.943 74.005 6.256 -328.827 -676.27 -1016.388 -1361.694 -1702.423 -2040.405 -2378.845 -2702.484 389.252 737.762 429.993 74.921 7.019 -344.543 -700.073 592 925 400 25.99 30.27 422 13 2408 1 034
6059087 7531 2026/1/25 16:21:59 P18 73.68 22.19 0 7.4 38 948.96 969.44 289.154 505.066 3917.694 320.587 449.982 589.142 487.518 -36.011 -32.959 242.004 -7.782 217.285 618.286 53.101 574.951 765.686 140.839 397.644 780.487 431.213 -5000 19.989 97.809 25.94 -8.698 22.278 277.405 65.46 449.677 909.729 504.761 -1359.1 400.391 194.397 58.136 48.828 51.88 2546.387 2501.678 2113.19 1738.129 1383.972 1022.491 666.656 221.863 44.098 13.275 70.343 8.087 -332.794 -676.575 -1015.32 -1358.948 -1698.914 -2038.574 -2374.42 -2699.432 389.099 735.474 430.298 74.005 5.035 -349.884 -703.888 593 970 400 26.03 30.38 417 12 2408 1 034
6059088 7531 2026/1/25 16:22:00 P18 73.71 22.13 0 7.52 38.07 948.99 969.42 287.933 504.15 3916.016 317.535 450.287 587.158 487.061 -8.392 -12.512 253.448 -10.071 218.506 617.218 56.763 574.036 767.059 140.686 397.949 779.114 431.213 -5000 3.052 98.419 -1.526 -9.003 21.82 277.252 64.392 449.524 904.541 470.428 -1358.795 399.628 194.55 57.526 50.964 52.032 2547.15 2502.899 2115.936 1744.08 1387.329 1024.628 667.877 224.304 44.403 17.853 72.479 4.883 -330.353 -674.591 -1012.878 -1356.049 -1695.862 -2035.217 -2371.826 -2698.364 388.641 734.253 431.061 77.362 9.46 -341.949 -695.496 604 960 400 26.03 30.38 412 12 2408 1 034
6059089 7531 2026/1/25 16:22:01 P18 73.63 22.15 0 7.72 37.99 948.99 969.45 288.544 505.066 3913.879 318.756 449.677 589.752 487.366 -14.496 14.648 241.241 -8.392 220.032 618.896 56.305 573.883 765.381 141.602 396.118 777.74 430.298 -5000 12.207 99.792 50.354 -7.477 21.82 276.642 64.24 450.439 904.083 479.584 -1363.983 398.102 193.481 58.899 48.828 51.575 2548.676 2501.831 2111.816 1735.382 1379.395 1014.404 658.264 223.083 41.809 29.297 63.934 3.967 -330.658 -676.117 -1015.472 -1361.084 -1702.118 -2040.863 -2379.761 -2703.552 389.557 735.626 431.213 75.531 6.866 -347.595 -705.109 596 945 400 26.02 30.27 407 11 2408 1 034
6059090 7531 2026/1/25 16:22:02 P18 73.7 22.15 0 7.37 38.03 948.98 969.41 290.375 505.371 3914.337 319.519 451.05 584.717 487.823 67.139 -11.444 258.789 -8.545 217.438 617.218 59.967 573.578 765.381 141.144 397.797 776.825 428.925 -5000 12.665 100.403 2.441 -7.629 21.362 277.71 63.934 448.608 897.827 489.502 -1360.016 397.797 193.634 56.61 48.523 52.948 2545.013 2500.458 2115.479 1738.281 1385.498 1021.118 663.757 220.947 39.52 42.419 69.885 9.003 -331.726 -676.422 -1015.015 -1361.084 -1700.897 -2039.642 -2375.946 -2700.806 388.947 733.49 427.856 72.327 4.425 -350.189 -705.109 606 945 400 26.05 30.27 402 11 2408 1 034
6059091 7531 2026/1/25 16:22:03 P18 73.61 22.16 0 7.39 38 949 969.44 288.239 505.066 3913.574 312.958 450.592 588.379 487.366 -52.643 -27.466 253.448 -7.629 217.285 615.997 57.831 573.273 766.754 140.839 397.034 775.604 428.772 -5000 9.613 99.64 27.161 -8.545 21.21 277.1 63.782 447.54 904.541 484.924 -1357.117 397.339 193.329 62.256 54.626 52.032 2550.659 2501.984 2118.53 1746.674 1391.754 1028.442 670.166 223.389 35.553 29.144 73.547 7.019 -326.996 -671.844 -1010.895 -1354.065 -1694.336 -2033.234 -2369.385 -2697.601 386.505 735.474 432.129 76.447 9.766 -343.475 -696.411 605 950 400 26 30.22 398 10 2408 1 034
6059092 7531 2026/1/25 16:22:04 P18 73.54 22.05 0 7.45 37.99 948.96 969.41 290.527 504.761 3910.98 314.941 450.745 587.616 487.518 68.665 -18.158 238.037 -7.324 217.133 617.981 55.237 573.12 765.533 140.533 397.186 774.078 429.688 -5000 11.139 99.182 25.33 -8.545 22.125 277.405 65.613 448.761 905.304 483.246 -1356.506 399.475 193.481 59.814 54.321 51.27 2546.844 2501.984 2113.953 1740.112 1382.904 1018.524 661.011 222.626 39.062 43.182 72.021 9.308 -327.606 -670.624 -1010.284 -1354.98 -1698.608 -2037.201 -2375.488 -2702.332 388.641 733.49 429.535 73.853 6.561 -350.037 -701.599 601 975 400 25.99 30.35 393 10 2408 1 034
6059093 7531 2026/1/25 16:22:05 P18 73.57 22.17 0 7.5 38.02 948.98 969.45 286.407 504.761 3908.691 313.873 449.524 585.785 487.518 28.839 19.073 263.824 -10.071 216.675 618.744 58.899 573.12 766.602 140.381 396.729 773.315 431.061 -5000 14.954 98.114 -20.294 -9.308 22.888 276.947 63.629 447.998 903.32 475.616 -1357.422 397.949 193.634 60.425 53.101 51.27 2546.997 2502.594 2113.495 1738.739 1381.531 1018.372 662.689 217.743 32.043 40.588 72.327 5.188 -331.421 -676.88 -1016.846 -1360.779 -1701.202 -2040.253 -2377.93 -2702.637 389.557 734.711 428.772 73.853 6.256 -344.543 -705.261 599 975 400 25.99 30.27 389 10 2408 1 034
6059094 7531 2026/1/25 16:22:06 P18 73.67 22.08 0 7.57 37.98 948.97 969.44 289.917 503.693 3908.234 311.89 448.914 587.463 487.213 -0.916 -37.079 240.631 -9.308 217.285 617.523 57.068 574.341 765.991 139.771 397.034 772.247 428.925 -5000 6.866 95.062 38.605 -8.24 22.583 277.1 64.24 447.083 904.694 485.687 -1364.746 397.339 193.176 57.373 51.575 52.49 2543.945 2501.221 2117.31 1744.385 1389.16 1024.475 669.098 221.1 33.417 37.537 74.615 4.883 -329.59 -672.913 -1011.81 -1354.675 -1694.794 -2034.454 -2369.08 -2695.77 392.456 736.694 431.671 78.125 7.782 -343.018 -697.784 596 965 400 26 30.32 384 9 2408 1 034
6059095 7531 2026/1/25 16:22:07 P18 73.68 22.13 0 7.34 38.15 948.97 969.43 290.527 505.676 3908.386 314.026 450.745 588.684 487.518 -24.261 -37.079 229.645 -9.613 216.522 618.286 59.967 572.815 766.907 139.465 396.423 770.874 430.45 -5000 17.853 93.994 16.327 -9.46 21.515 276.794 64.087 445.709 894.47 453.491 -1359.558 396.576 193.024 62.714 56.61 51.27 2545.776 2503.662 2114.868 1740.57 1385.956 1022.949 664.673 220.184 36.011 32.959 68.054 6.104 -328.979 -671.997 -1010.59 -1355.438 -1695.557 -2035.522 -2374.115 -2699.89 391.998 738.525 432.587 75.989 3.967 -345.154 -700.073 581 965 400 26 30.22 380 9 2408 1 034
6059096 7531 2026/1/25 16:22:08 P18 73.6 22.12 0 7.49 38.09 948.95 969.42 285.492 504.608 3907.623 308.38 448.761 587.158 487.366 80.719 -41.809 254.364 -8.087 216.98 619.812 58.899 572.815 767.365 138.702 396.423 771.027 429.535 -5000 18.463 96.283 66.833 -8.392 22.736 277.1 63.324 445.404 903.015 463.715 -1365.204 397.797 192.566 59.662 53.406 51.422 2544.098 2503.052 2113.495 1736.145 1380.005 1016.083 660.248 218.201 32.806 44.708 72.784 5.341 -328.217 -674.438 -1015.167 -1359.863 -1701.202 -2038.879 -2376.709 -2702.332 401.001 739.288 431.824 76.904 8.85 -348.663 -704.651 581 965 400 26 30.22 380 9 2408 1 034
6059097 7531 2026/1/25 16:22:09 P18 73.6 22.21 0 7.52 38.09 948.99 969.44 289.917 505.524 3904.724 310.974 450.439 587.463 486.298 18.005 -11.597 242.767 -9.613 216.675 619.659 58.899 573.578 768.127 139.16 396.423 769.501 430.145 -5000 1.831 95.825 73.853 -9.46 22.278 277.1 64.392 446.625 903.473 456.39 -1359.711 397.797 193.634 58.289 54.932 50.964 2548.523 2500.153 2116.699 1743.317 1388.397 1025.391 668.64 219.116 32.196 50.812 70.496 9.308 -331.879 -675.964 -1015.167 -1358.032 -1697.845 -2036.591 -2372.742 -2699.28 403.442 741.425 432.129 78.125 7.019 -347.443 -700.684 582 990 400 26.02 30.38 375 9 2408 1 034
6059098 7531 2026/1/25 16:22:10 P18 73.66 22.13 0 7.52 38.1 948.99 969.42 290.07 505.981 3903.503 314.178 451.813 587.158 487.671 13.123 -16.327 232.086 -9.155 216.98 619.659 57.526 572.662 769.806 138.55 396.729 767.975 429.688 -5000 5.493 96.588 70.343 -9.613 21.973 278.015 64.85 445.862 904.846 473.022 -1364.899 398.56 192.871 58.899 53.711 51.575 2547.913 2501.831 2114.868 1741.028 1386.414 1023.56 665.283 216.827 33.417 25.33 70.648 7.629 -332.489 -675.354 -1013.947 -1357.88 -1697.388 -2037.048 -2374.42 -2701.263 411.835 742.95 435.486 79.346 4.425 -343.018 -698.395 588 985 400 26.02 30.38 371 8 2408 1 034
6059099 7531 2026/1/25 16:22:11 P18 73.63 22.15 0 7.44 38.11 948.94 969.42 291.29 507.355 3904.114 308.99 450.745 593.719 487.213 17.395 -45.013 235.443 -8.392 217.896 620.117 53.864 575.562 769.806 138.55 397.644 766.754 431.061 -5000 9.155 98.114 39.673 -8.545 22.278 278.473 64.392 445.251 906.067 464.325 -1358.643 396.729 192.871 59.967 48.676 52.032 2544.861 2501.831 2113.953 1738.129 1380.615 1015.472 658.112 217.59 31.433 33.112 71.106 5.646 -330.048 -675.049 -1014.557 -1359.711 -1701.05 -2040.71 -2380.371 -2704.62 422.516 750.122 438.232 81.787 7.324 -345.154 -701.904 569 965 400 26.03 30.21 367 8 2408 1 034
6059100 7531 2026/1/25 16:22:12 P18 73.64 22.21 0 7.45 38.07 948.97 969.42 295.258 508.728 3902.435 310.364 452.881 593.414 486.908 -80.872 -41.199 247.04 -8.545 217.743 623.779 51.88 577.85 771.637 137.939 398.102 766.449 431.824 -5000 6.104 97.504 19.073 -6.561 22.583 278.778 64.392 446.014 906.067 478.973 -1358.49 399.628 192.566 65.308 51.27 51.422 2547.302 2502.747 2114.258 1740.265 1384.277 1019.287 663.91 217.438 28.687 41.046 72.021 7.324 -330.811 -676.422 -1016.846 -1359.558 -1699.524 -2038.116 -2374.725 -2700.195 433.655 755.92 439.606 81.94 6.561 -346.527 -702.515 576 970 400 26 30.37 362 8 2408 1 034
6059101 7531 2026/1/25 16:22:13 P18 73.54 22.23 0 7.55 38.05 948.99 969.43 297.852 508.881 3901.672 305.939 453.033 595.245 487.061 -83.008 -35.858 234.375 -9.308 216.827 624.237 52.643 581.36 773.468 138.55 399.323 765.839 435.028 -5000 6.866 95.215 43.64 -4.73 22.125 279.694 64.087 444.489 908.813 458.984 -1357.88 400.391 194.244 61.493 50.354 52.49 2548.218 2501.526 2115.784 1742.249 1389.008 1025.696 668.335 216.37 31.586 54.016 72.174 7.629 -330.658 -679.932 -1012.268 -1355.438 -1694.336 -2032.776 -2369.843 -2696.228 450.439 763.55 443.573 87.128 6.104 -340.271 -694.58 569 965 400 25.99 30.32 358 8 2408 1 034
6059102 7531 2026/1/25 16:22:14 P18 73.63 22.1 0 7.59 38.07 949 969.45 300.903 511.78 3901.978 300.293 454.712 605.164 487.366 -25.024 3.052 250.092 -9.003 217.133 624.542 50.201 583.496 776.978 139.008 401.917 765.533 437.012 -5000 7.019 95.52 -35.706 -9.766 22.736 281.219 67.444 444.489 912.933 462.952 -1358.337 402.527 193.481 61.188 47.455 50.964 2548.37 2501.984 2113.19 1741.028 1384.735 1020.355 661.621 218.811 28.992 40.588 71.716 6.714 -329.437 -674.438 -1013.641 -1357.727 -1699.371 -2038.727 -2376.404 -2705.994 459.9 775.146 445.557 91.4 7.477 -344.543 -700.531 550 980 400 26 30.35 354 8 2408 1 034
6059103 7531 2026/1/25 16:22:15 P18 73.5 22.19 0 7.54 38.12 948.99 969.42 303.04 513.306 3901.215 306.549 457.458 614.014 486.908 -26.703 17.548 256.348 -8.24 216.522 632.629 47.15 589.6 781.403 139.465 402.679 764.465 442.2 -5000 7.324 98.572 -3.357 -8.24 23.346 281.982 68.359 443.726 916.901 451.965 -1357.269 404.053 196.228 61.34 46.082 52.032 2546.844 2501.831 2110.748 1732.025 1373.444 1006.927 650.635 219.116 23.651 29.907 72.021 6.256 -331.421 -676.727 -1017.303 -1361.694 -1705.322 -2044.83 -2384.796 -2709.045 473.938 785.217 448.914 92.773 9.155 -348.663 -707.855 548 975 400 26.03 30.32 349 8 2408 1 034
6059104 7531 2026/1/25 16:22:16 P18 73.57 22.16 0 7.45 38.05 948.99 969.41 308.228 515.289 3898.773 306.396 463.562 614.624 487.061 23.651 14.648 262.451 -7.629 216.98 638.123 44.556 594.635 785.98 139.923 403.442 763.855 446.014 -5000 3.204 98.724 92.316 -8.698 22.43 283.051 68.97 445.251 922.852 461.731 -1359.558 406.342 195.465 59.814 51.88 51.422 2542.877 2501.831 2117.462 1743.011 1389.16 1027.374 669.556 220.795 27.008 30.823 73.242 6.104 -329.285 -674.438 -1011.353 -1355.896 -1696.472 -2034.149 -2372.131 -2697.296 491.943 796.051 453.186 97.351 8.545 -345.459 -698.853 528 955 400 26.03 30.3 345 8 2408 1 034
6059105 7531 2026/1/25 16:22:17 P18 73.63 22.19 0 7.54 38.07 948.97 969.43 317.993 519.409 3901.215 308.838 470.886 628.052 486.908 106.201 -5.798 239.258 -8.698 217.743 645.142 39.978 603.943 792.542 141.602 407.562 764.465 454.407 -5000 16.632 98.267 46.387 -9.46 22.736 285.645 70.801 444.946 924.988 459.595 -1358.185 410.004 198.669 59.052 52.643 50.964 2547.302 2501.831 2115.021 1741.028 1385.04 1022.949 666.504 218.506 22.583 20.294 72.021 7.629 -331.116 -675.964 -1014.862 -1358.795 -1698.914 -2038.422 -2375.031 -2702.789 507.202 809.784 455.78 100.708 5.341 -344.543 -698.395 531 960 400 26.03 30.24 341 8 2408 1 034
6059106 7531 2026/1/25 16:22:18 P18 73.61 22.17 0 7.61 38.11 948.97 969.43 325.165 523.224 3901.825 307.617 475.769 638.275 486.755 -32.806 -18.311 241.394 -7.172 218.506 652.924 39.368 611.725 799.103 143.28 410.919 763.855 460.815 -5000 5.951 99.335 74.31 -7.019 23.041 286.865 70.038 444.641 928.345 455.627 -1358.337 412.445 201.111 61.188 56.763 52.338 2544.403 2501.526 2114.563 1736.908 1379.395 1011.658 654.602 219.269 20.142 31.586 71.106 5.493 -330.048 -674.744 -1015.32 -1360.321 -1702.118 -2042.847 -2381.744 -2707.672 521.24 829.315 458.679 103.76 6.409 -346.68 -704.498 503 965 400 26 30.35 337 8 2408 1 034
6059107 7531 2026/1/25 16:22:19 P18 73.48 22.13 0 7.62 38.14 948.97 969.42 333.099 526.886 3902.283 306.549 482.33 656.586 486.45 -46.387 7.782 241.547 -6.866 217.59 661.163 35.858 622.559 807.648 145.721 414.124 765.076 469.971 -5000 -1.373 97.046 5.035 -8.545 22.888 289.612 74.615 445.251 934.143 437.775 -1358.643 416.412 199.585 59.204 56.763 52.185 2546.082 2502.136 2109.833 1729.279 1369.934 1004.639 648.804 216.064 21.362 41.809 73.7 5.798 -332.794 -679.016 -1018.982 -1365.967 -1706.543 -2045.898 -2386.169 -2709.961 535.278 835.266 462.036 105.591 9.308 -349.884 -707.397 503 965 400 26 30.35 337 8 2408 1 034
6059108 7531 2026/1/25 16:22:20 P18 73.53 22.17 0 7.59 38.16 949.02 969.43 343.323 531.616 3902.13 309.296 491.638 669.861 486.908 72.479 -21.362 254.517 -6.104 218.964 671.539 32.349 634.613 817.108 147.705 417.328 764.771 482.635 -5000 5.798 96.588 78.43 -9.308 23.346 290.985 75.226 445.862 940.399 467.072 -1363.831 420.227 206.451 61.035 54.321 51.88 2548.981 2502.441 2116.089 1742.554 1387.787 1024.78 667.572 214.996 23.193 35.553 70.343 5.341 -329.742 -673.218 -1011.2 -1354.98 -1695.404 -2033.386 -2370.911 -2696.533 546.875 849.915 466.461 111.694 7.629 -342.865 -696.716 517 975 400 26.02 30.32 334 8 2408 1 034
6059109 7531 2026/1/25 16:22:21 P18 73.63 22.13 0 7.64 38.08 948.96 969.42 351.562 535.583 3905.182 309.143 503.54 682.678 486.908 59.204 -9.308 241.852 -8.545 220.184 681 31.433 647.125 825.5 151.978 421.295 763.245 491.638 -5000 10.834 92.163 36.011 -8.392 23.041 293.121 77.515 444.946 940.552 474.701 -1359.253 423.737 207.367 62.561 51.575 52.032 2546.082 2502.747 2115.173 1739.96 1381.836 1018.372 660.553 219.727 20.752 28.229 72.021 5.035 -328.064 -675.049 -1013.184 -1356.812 -1697.083 -2037.201 -2375.793 -2701.874 559.692 866.699 469.055 115.814 8.24 -347.137 -701.599 516 955 400 26.02 30.32 330 8 2408 1 034
6059110 7531 2026/1/25 16:22:22 P18 73.63 22.13 0 7.64 38.08 948.98 969.44 356.75 538.025 3906.097 310.516 513 702.972 486.603 64.24 -20.447 231.934 -9.46 220.337 690.613 30.823 661.011 836.182 155.029 425.262 765.533 503.693 -5000 3.967 95.52 111.389 -7.629 25.482 294.647 78.125 447.54 946.503 453.491 -1361.389 427.551 212.708 60.883 50.964 51.27 2541.504 2502.136 2110.443 1729.279 1370.239 1003.418 645.905 218.048 21.515 43.335 70.496 6.104 -333.557 -679.626 -1020.355 -1364.441 -1707.153 -2046.814 -2385.864 -2713.013 568.237 875.702 470.581 112.915 5.951 -350.8 -708.16 500 955 400 26.02 30.27 326 8 2408 1 034
6059111 7531 2026/1/25 16:22:23 P18 73.5 22.13 0 7.59 38.04 948.99 969.44 361.328 542.145 3907.471 311.279 526.581 717.773 486.298 46.692 -1.678 238.037 -8.392 222.473 701.599 26.55 673.828 845.947 159.454 429.382 765.228 516.205 -5000 5.341 99.335 36.011 -8.85 23.346 296.783 81.635 447.693 951.538 458.832 -1356.812 431.671 214.844 59.509 50.507 51.27 2542.267 2501.068 2117.157 1746.979 1390.381 1028.137 672.302 217.438 19.073 31.281 70.648 7.324 -329.437 -672.607 -1011.963 -1355.438 -1695.404 -2033.997 -2368.622 -2696.686 574.188 892.639 472.87 118.408 5.646 -346.527 -699.463 509 960 400 25.98 30.19 322 8 2408 1 034
6059112 7531 2026/1/25 16:22:24 P18 73.5 22.16 0 7.48 38.14 948.98 969.42 362.701 545.197 3909.302 313.263 539.856 730.743 487.213 -124.664 19.531 233.917 -7.172 223.236 713.196 26.398 687.866 854.95 164.032 433.655 766.296 529.48 -5000 2.594 96.588 33.875 -8.392 22.278 298.309 83.16 447.388 958.862 440.521 -1361.389 436.249 219.269 57.831 41.809 52.032 2543.793 2501.221 2114.563 1738.434 1383.362 1020.66 663.452 214.844 18.616 24.567 71.564 3.357 -328.674 -673.218 -1014.252 -1359.1 -1699.219 -2039.185 -2376.709 -2704.01 576.935 907.288 474.548 120.85 7.477 -345.306 -701.752 494 970 400 26 30.38 319 8 2408 1 034
6059113 7531 2026/1/25 16:22:25 P18 73.44 22.15 0 7.45 38.13 949 969.43 360.413 549.316 3911.133 313.873 551.758 749.664 486.603 34.637 45.624 224.457 -7.324 222.931 722.961 23.804 700.989 863.037 167.999 437.469 767.059 542.755 -5000 2.594 98.877 -28.076 -8.545 23.041 300.14 87.891 447.235 967.712 440.063 -1357.117 439.606 222.473 59.357 50.201 51.727 2547.15 2501.526 2109.985 1733.093 1374.054 1007.538 650.635 217.285 16.174 19.531 69.885 4.578 -333.252 -679.169 -1020.355 -1364.288 -1706.696 -2045.898 -2386.78 -2710.876 583.038 917.358 475.616 118.713 6.866 -348.511 -706.94 504 960 400 25.99 30.35 315 8 2408 1 034
6059114 7531 2026/1/25 16:22:26 P18 73.5 22.09 0 7.55 38 948.99 969.43 357.361 551.147 3912.506 316.162 564.575 762.177 486.298 97.046 -8.545 257.416 -8.85 223.694 728.912 23.041 712.585 871.582 173.798 440.369 768.127 555.725 -5000 2.899 97.961 35.248 -8.85 22.736 302.124 88.348 448.608 971.527 447.845 -1362.305 442.81 225.525 56.61 42.572 51.27 2543.335 2502.136 2109.68 1730.194 1374.054 1006.927 654.907 216.217 16.327 35.858 71.716 5.035 -334.167 -678.558 -1018.372 -1362.61 -1704.102 -2045.135 -2384.796 -2709.198 585.938 929.565 476.99 118.408 7.935 -347.29 -705.566 489 945 400 26.03 30.29 312 8 2408 1 034
6059115 7531 2026/1/25 16:22:27 P18 73.5 22.09 0 7.5 38.12 949.02 969.43 353.088 553.894 3914.337 316.62 578.003 777.283 486.755 -64.697 13.275 261.23 -7.629 225.372 740.356 23.193 725.555 879.211 177.917 443.878 768.585 567.474 -5000 -3.51 97.656 61.646 -7.935 22.125 303.802 92.163 449.829 978.546 457.001 -1357.88 445.404 230.103 55.695 51.27 52.185 2545.776 2503.052 2115.173 1743.164 1387.329 1024.628 661.926 215.607 15.259 37.079 69.58 7.477 -330.2 -673.676 -1012.573 -1356.964 -1698.151 -2037.048 -2374.115 -2700.043 586.548 939.026 476.532 122.07 5.798 -348.358 -701.599 503 940 400 25.99 30.37 308 8 2408 1 034
6059116 7531 2026/1/25 16:22:28 P18 73.48 22.08 0 7.55 38.1 949 969.43 352.783 554.504 3915.71 318.298 590.515 781.403 486.298 43.03 -39.215 245.514 -7.782 224.609 747.528 21.21 736.542 884.399 183.105 447.235 769.348 579.681 -5000 4.272 99.487 39.062 -7.935 23.346 304.871 92.01 448.151 982.056 448.151 -1357.422 449.829 233.917 56.152 51.27 51.727 2549.133 2501.678 2112.427 1735.687 1377.258 1010.742 651.398 213.776 18.311 32.196 70.801 8.24 -331.879 -676.88 -1016.693 -1360.779 -1703.033 -2043.457 -2381.439 -2708.13 584.412 950.012 475.311 121.155 4.578 -347.595 -704.956 480 920 400 26.05 30.38 305 8 2408 1 034
6059117 7531 2026/1/25 16:22:29 P18 73.41 22.13 0 7.47 38.03 949 969.44 347.137 555.725 3919.373 318.604 603.333 796.051 486.298 -35.706 -28.839 222.626 -9.766 224.609 749.817 21.515 746.155 889.435 188.293 450.287 770.111 588.989 -5000 14.954 98.724 66.833 -7.477 22.125 306.244 92.01 446.93 979.462 459.595 -1360.779 450.897 236.816 55.542 40.588 52.643 2545.166 2501.526 2108.612 1728.668 1368.713 1003.113 648.193 215.759 17.09 34.027 71.869 6.104 -334.32 -678.711 -1020.355 -1364.746 -1706.085 -2045.441 -2385.559 -2710.419 583.038 955.505 476.532 117.645 8.24 -348.511 -708.16 480 920 400 26.05 30.38 305 8 2408 1 034
6059118 7531 2026/1/25 16:22:30 P18 73.5 22.2 0 7.64 38.09 948.99 969.43 341.187 555.573 3919.373 320.282 614.166 808.868 485.687 16.022 -34.332 217.743 -8.392 225.372 755.92 20.599 752.869 893.097 194.092 453.186 771.484 597.992 -5000 9.613 102.692 21.515 -9.308 22.43 308.38 93.689 447.388 988.922 459.747 -1363.983 453.186 240.173 57.373 45.166 51.27 2543.182 2501.526 2111.359 1736.603 1380.157 1017.303 661.469 216.217 14.648 41.199 70.343 -0.305 -328.979 -674.438 -1014.557 -1359.253 -1699.677 -2038.269 -2376.862 -2701.874 576.477 965.118 476.074 117.645 7.629 -349.884 -705.872 507 925 400 26 30.41 302 8 2408 1 034
6059119 7531 2026/1/25 16:22:31 P18 73.53 22.12 0 7.4 38.08 948.99 969.45 341.492 556.183 3922.272 320.74 623.169 815.43 486.298 57.526 15.411 237.579 -9.155 226.135 759.735 19.836 760.345 895.233 198.364 455.475 771.942 608.215 -5000 15.259 97.809 62.408 -8.698 23.346 308.838 95.367 449.524 993.805 469.818 -1354.065 457.153 241.241 56.152 45.471 50.812 2543.64 2501.831 2117.767 1739.349 1382.904 1016.541 657.043 216.37 14.343 50.354 71.106 8.087 -332.184 -675.812 -1015.472 -1359.406 -1699.219 -2039.948 -2379.303 -2704.773 575.714 970.459 475.159 118.256 4.883 -347.748 -702.972 515 915 400 26 30.41 299 8 2408 1 034
6059120 7531 2026/1/25 16:22:32 P18 73.5 22.09 0 7.66 38.13 948.99 969.43 341.034 555.42 3921.967 317.688 631.409 822.296 486.603 102.081 18.463 229.187 -8.545 225.83 763.55 20.142 765.533 898.132 201.874 458.069 772.552 614.777 -5000 4.883 100.403 62.256 -7.324 23.804 310.822 95.978 450.592 994.873 464.478 -1356.812 456.543 243.988 57.678 40.436 50.812 2549.133 2499.695 2111.053 1730.347 1370.85 1004.791 646.973 213.776 19.226 47.607 71.259 10.376 -333.252 -678.253 -1017.151 -1364.136 -1705.78 -2046.509 -2387.238 -2711.029 566.711 976.562 474.701 115.814 6.561 -348.511 -707.55 506 910 400 25.98 30.32 296 8 2408 1 034
6059121 7531 2026/1/25 16:22:33 P18 73.43 22.1 0 7.44 38.11 949 969.41 338.44 555.267 3914.795 319.061 639.038 824.738 485.229 -61.493 -16.327 243.225 -8.392 227.966 763.245 20.142 768.585 899.353 205.994 459.9 771.637 620.422 -5000 5.493 102.234 12.817 -8.545 23.804 311.279 95.52 448.151 997.009 443.573 -1357.117 458.527 246.582 57.678 39.368 51.88 2544.25 2500.916 2112.885 1734.619 1379.852 1016.235 659.332 210.419 12.665 48.065 71.106 6.866 -332.642 -676.88 -1016.998 -1361.847 -1702.881 -2041.626 -2379.456 -2703.552 567.017 978.851 471.954 115.662 4.883 -344.696 -701.294 521 860 400 26.02 30.45 293 8 2408 1 034
6059122 7531 2026/1/25 16:22:34 P18 73.41 22.2 0 7.67 38.03 949 969.44 336.304 555.115 3923.798 318.604 646.21 827.637 487.061 -26.703 -30.67 231.934 -9.003 225.983 762.482 19.989 772.4 899.048 209.503 461.426 771.79 622.559 -5000 9.613 98.267 10.834 -8.545 23.346 311.432 96.13 447.388 994.568 435.028 -1359.558 460.205 247.498 54.932 48.37 51.727 2545.624 2501.373 2116.089 1741.486 1387.024 1024.17 667.725 213.47 11.292 45.624 71.564 7.324 -331.268 -676.117 -1014.252 -1358.337 -1697.54 -2036.285 -2371.674 -2697.754 560.913 984.955 470.886 116.272 7.629 -343.933 -699.921 524 870 400 26 30.4 289 8 2408 1 034
6059123 7531 2026/1/25 16:22:35 P18 73.48 22.16 0 7.48 38.11 967.12 969.44 340.118 554.047 3924.103 320.282 650.33 830.078 486.45 -41.656 -26.398 215.912 -9.155 226.746 763.245 20.142 772.858 897.064 213.47 465.393 772.552 626.221 -5000 8.698 96.893 34.943 -7.629 24.109 311.737 95.52 448.914 998.23 442.657 -1362.762 461.121 248.108 56.152 50.507 51.422 2546.997 2501.984 2109.985 1730.042 1370.239 1000.214 645.599 213.165 10.681 54.321 68.817 8.85 -331.268 -677.643 -1018.524 -1363.068 -1704.712 -2045.441 -2384.949 -2711.639 555.267 990.448 470.276 111.084 5.188 -352.631 -711.06 512 875 400 25.99 30.33 286 8 2408 1 034
6059124 7531 2026/1/25 16:22:36 P18 73.41 22.12 0 7.66 38.06 948.98 969.43 337.982 552.673 3922.119 318.909 652.771 831.451 486.145 -23.651 -35.095 220.184 -7.782 227.051 757.599 19.989 773.468 896.301 214.539 464.172 771.484 626.984 -5000 8.545 97.198 51.727 -9.766 23.499 312.5 95.673 448.151 996.399 438.08 -1358.643 460.663 251.923 53.558 50.354 51.727 2541.351 2503.204 2111.206 1737.518 1380.005 1015.93 660.706 214.081 10.529 39.062 71.106 7.935 -332.947 -678.558 -1018.372 -1361.389 -1703.186 -2041.779 -2379.456 -2704.01 547.638 992.279 468.903 106.812 4.578 -349.731 -706.024 526 875 400 26.02 30.35 283 8 2408 1 034
6059125 7531 2026/1/25 16:22:37 P18 73.54 22.13 0 7.59 38.19 948.99 969.44 338.593 551.91 3923.035 319.214 655.06 831.146 485.992 70.648 4.883 210.571 -9.003 227.509 754.547 20.752 771.637 894.318 218.048 465.546 770.874 626.526 -5000 2.594 94.604 46.844 -8.545 23.041 312.805 95.825 449.219 996.399 429.993 -1357.727 462.189 249.634 61.34 45.013 51.88 2542.725 2501.221 2116.852 1742.706 1389.923 1026.764 671.692 214.233 9.46 46.082 70.496 5.646 -331.421 -675.964 -1013.489 -1357.574 -1696.625 -2034.76 -2370.3 -2696.228 542.297 993.805 462.799 112.305 8.087 -344.086 -698.7 530 865 400 25.99 30.27 280 8 2408 1 034
6059126 7531 2026/1/25 16:22:38 P18 73.36 22.1 0 7.5 38.12 967.13 969.44 344.238 551.3 3922.272 313.873 657.349 827.942 486.145 10.071 -27.466 203.094 -8.545 226.746 748.138 19.226 770.721 890.35 220.642 465.698 770.721 628.967 -5000 3.662 97.198 40.283 -8.698 23.499 313.263 95.825 447.54 998.84 431.366 -1356.354 461.426 251.77 61.34 42.419 51.575 2549.591 2501.984 2107.391 1729.584 1372.223 1003.723 648.956 216.37 7.324 48.37 70.343 8.698 -342.407 -686.798 -1025.696 -1369.934 -1710.663 -2050.323 -2389.526 -2712.86 536.804 995.789 465.088 106.201 4.578 -346.68 -707.245 500 820 400 25.99 30.4 277 8 2408 1 034
6059127 7531 2026/1/25 16:22:39 P18 73.44 22.06 0 7.67 38.12 948.99 969.43 345.154 550.232 3922.577 319.214 658.112 821.838 485.84 -21.973 9.155 213.47 -9.46 227.814 748.138 19.836 768.433 886.078 221.252 465.393 770.111 627.136 -5000 12.36 98.877 34.943 -8.85 22.43 313.416 96.588 448.456 998.535 437.012 -1358.337 461.731 249.786 58.136 48.065 51.88 2543.945 2503.052 2111.969 1736.755 1381.683 1017.609 663.452 216.675 6.256 56.915 72.632 8.392 -331.116 -676.575 -1016.235 -1360.321 -1700.745 -2039.49 -2374.725 -2701.111 536.041 999.298 464.783 108.795 8.087 -346.832 -703.125 500 820 400 25.99 30.4 277 8 2408 1 034
6059128 7531 2026/1/25 16:22:40 P18 73.6 22.13 0 7.6 38.17 949.01 969.44 346.985 549.774 3914.642 315.857 656.586 818.024 486.145 -87.28 -2.594 223.236 -9.003 227.356 745.392 19.836 765.533 884.705 222.321 466.309 768.585 624.084 -5000 8.545 93.994 -14.801 -9.766 22.736 312.958 96.588 447.845 996.857 444.031 -1357.117 460.358 250.549 54.932 48.981 51.117 2547.15 2501.678 2115.631 1743.774 1388.245 1025.391 668.64 215.759 6.256 46.692 70.343 7.477 -329.437 -675.354 -1014.252 -1358.337 -1699.066 -2038.116 -2373.505 -2701.111 526.123 994.11 462.189 108.49 4.272 -341.187 -696.869 536 835 400 26.02 30.49 273 8 2408 1 034
6059129 7531 2026/1/25 16:22:41 P18 73.47 22.19 0 7.47 38.11 967.13 969.46 351.868 547.791 3921.509 315.247 655.975 818.634 485.84 -48.676 -23.956 202.332 -9.155 225.83 740.967 20.752 762.787 881.042 222.473 466.309 769.348 624.084 -5000 12.97 99.182 22.125 -7.782 22.278 313.11 95.215 444.489 994.568 443.878 -1357.269 459.747 249.329 57.373 52.49 51.422 2547.302 2502.747 2114.258 1736.908 1380.005 1012.573 655.518 212.25 8.087 49.133 68.97 8.24 -332.794 -676.117 -1015.778 -1354.675 -1698.761 -2040.253 -2380.676 -2707.062 520.172 998.535 461.731 101.929 6.256 -345.764 -702.209 545 835 400 26.02 30.49 270 8 2408 1 034
6059130 7531 2026/1/25 16:22:42 P18 73.38 22.13 0 7.44 38.11 949 969.43 351.257 546.722 3919.22 314.331 653.534 811.768 486.45 -54.016 -57.068 214.386 -9.46 226.593 734.863 19.531 758.667 876.16 222.778 466.766 766.602 619.812 -5000 5.646 104.37 38.605 -8.392 23.804 312.195 95.52 447.54 994.568 431.213 -1358.49 459.747 250.702 57.068 45.776 51.88 2549.591 2502.136 2116.547 1743.317 1388.702 1026.764 670.929 214.539 7.782 74.463 71.106 7.782 -328.217 -673.37 -1011.047 -1355.896 -1695.099 -2033.691 -2370.453 -2695.312 515.594 999.908 460.205 105.743 4.883 -343.018 -697.784 534 835 400 26.02 30.43 267 8 2408 1 034
6059131 7531 2026/1/25 16:22:43 P18 73.46 22.19 0 7.42 38.08 948.96 969.44 356.14 545.349 3918.152 312.958 650.177 806.122 485.84 -12.512 -16.327 210.724 -8.85 224.915 732.727 19.531 754.242 872.498 222.473 466.461 766.602 616.608 -5000 5.951 103.912 2.899 -6.561 22.736 312.347 95.062 444.641 992.584 437.164 -1357.117 458.832 250.244 55.389 39.978 51.727 2548.218 2503.662 2113.495 1741.943 1383.82 1019.897 662.537 213.013 6.409 51.27 72.937 7.782 -328.827 -673.37 -1015.015 -1359.711 -1699.829 -2038.879 -2377.319 -2703.857 510.254 999.451 457.764 104.523 6.561 -344.696 -699.615 555 800 400 26.02 30.4 264 8 2408 1 034
6059132 7531 2026/1/25 16:22:44 P18 73.48 22.13 0 7.5 38.06 949.02 969.43 355.988 545.197 3917.542 308.685 647.278 805.054 486.755 1.831 -13.123 204.926 -8.545 226.135 728.302 20.599 750.122 865.784 222.015 466.003 765.686 614.777 -5000 2.136 101.013 -38.605 -7.782 23.346 312.195 93.689 445.099 987.091 422.668 -1356.049 457.764 247.498 57.983 41.962 51.27 2543.335 2502.289 2116.394 1735.077 1375.122 1006.317 649.414 216.217 2.594 41.351 71.259 7.172 -332.947 -677.795 -1018.677 -1362.762 -1705.322 -2045.898 -2386.169 -2711.182 504.456 999.603 457.916 99.182 4.883 -350.189 -706.024 554 810 400 25.99 30.32 261 8 2408 1 034
6059133 7531 2026/1/25 16:22:45 P18 73.47 22.16 0 7.49 38.14 949 969.44 357.361 542.908 3908.691 310.211 643.463 796.051 485.229 -27.924 -3.815 231.628 -8.392 224.609 721.436 21.057 745.239 865.173 221.252 464.935 763.397 608.368 -5000 9.613 99.487 32.959 -6.561 21.973 310.364 94.147 444.336 985.107 445.099 -1357.422 457.306 246.735 53.101 44.098 51.88 2548.37 2500.916 2116.852 1744.385 1390.076 1025.696 668.945 213.776 2.747 54.321 73.09 4.578 -327.759 -671.234 -1005.859 -1352.539 -1692.963 -2032.776 -2371.826 -2697.296 498.352 1000.519 456.238 98.572 8.85 -343.933 -697.632 545 810 400 26.03 30.45 258 8 2408 1 034
6059134 7531 2026/1/25 16:22:46 P18 73.47 22.17 0 7.49 38.19 948.98 969.43 356.445 542.145 3913.269 310.059 641.479 796.661 485.84 133.972 -30.518 216.827 -9.003 225.372 715.942 21.057 740.814 861.206 219.116 464.935 763.092 604.095 -5000 5.188 96.893 26.855 -9.46 22.736 310.974 92.163 442.505 985.565 432.892 -1357.117 456.238 247.04 48.676 54.169 51.422 2543.793 2502.289 2112.427 1736.755 1378.632 1013.489 654.449 212.555 4.425 39.368 70.953 4.73 -330.353 -674.438 -1016.235 -1359.711 -1701.355 -2041.321 -2381.134 -2706.604 494.537 998.077 454.407 98.419 6.561 -348.053 -705.719 559 815 400 25.99 30.54 254 8 2408 1 034
6059135 7531 2026/1/25 16:22:47 P18 73.46 22.17 0 7.66 38.19 948.99 969.44 358.276 541.992 3910.217 306.091 636.139 791.168 485.229 8.545 -15.411 226.593 -9.003 224.915 714.569 20.905 734.863 857.391 219.727 463.409 762.482 599.213 -5000 13.885 99.335 40.283 -8.087 23.651 309.906 90.485 443.573 982.971 422.363 -1357.269 454.407 244.598 58.594 52.032 52.032 2546.082 2502.136 2108.002 1727.753 1372.681 1004.333 649.261 214.844 3.662 49.591 72.327 6.104 -335.083 -679.932 -1020.508 -1364.288 -1705.78 -2045.746 -2384.644 -2709.351 489.197 995.483 453.339 94.147 6.866 -351.41 -709.686 547 820 400 25.99 30.43 251 8 2408 1 034
6059136 7531 2026/1/25 16:22:48 P18 73.44 22.15 0 7.38 38.07 948.99 969.43 357.513 541.077 3910.065 307.007 632.477 777.588 485.992 13.428 13.733 239.105 -9.155 226.135 703.125 21.362 729.675 852.509 218.353 464.02 760.345 595.245 -5000 14.648 98.419 44.403 -6.561 22.125 309.753 92.468 444.031 982.056 428.009 -1355.896 454.254 242.462 55.542 44.098 50.812 2547.15 2501.984 2113.495 1737.671 1381.226 1018.066 662.384 213.318 2.441 41.046 71.411 5.493 -333.405 -677.948 -1018.372 -1362 -1701.965 -2041.168 -2379.15 -2703.857 485.077 993.958 452.576 97.504 4.425 -346.222 -710.297 543 810 400 25.99 30.43 248 8 2408 1 034
6059137 7531 2026/1/25 16:22:49 P18 73.48 22.17 0 7.59 38.19 949.01 969.44 358.276 539.398 3908.081 302.887 628.662 782.471 485.229 -8.087 -26.093 211.945 -8.087 224.762 704.193 21.362 724.182 850.83 216.522 463.562 757.751 590.82 -5000 6.104 98.572 6.104 -8.392 23.193 310.059 93.384 443.115 982.666 424.957 -1364.441 452.881 241.699 57.983 49.286 52.338 2542.572 2501.831 2110.748 1733.398 1372.986 1006.165 649.719 213.928 3.052 27.466 71.106 8.85 -333.557 -678.253 -1019.135 -1363.373 -1705.475 -2045.593 -2384.491 -2711.182 480.499 992.279 451.508 95.215 4.425 -349.579 -708.008 552 785 400 26.03 30.3 245 8 2408 1 034
6059138 7531 2026/1/25 16:22:50 P18 73.46 22.1 0 7.62 38.18 948.99 969.44 359.344 538.94 3906.708 301.514 623.169 773.315 485.535 -1.831 -33.569 233.459 -8.392 225.067 700.684 21.515 721.283 843.964 215.149 462.646 756.989 586.395 -5000 2.136 98.419 19.226 -7.629 19.226 308.38 91.705 441.437 981.75 425.72 -1356.506 450.897 240.326 56.763 45.624 51.727 2545.013 2503.052 2110.901 1734.009 1378.937 1015.625 659.485 215.607 2.747 41.656 72.632 8.392 -332.336 -677.032 -1016.541 -1360.474 -1700.745 -2041.473 -2378.235 -2704.01 476.227 991.364 451.965 93.842 6.409 -345.306 -701.752 552 785 400 26.03 30.3 245 8 2408 1 034
6059139 7531 2026/1/25 16:22:51 P18 73.48 22.17 0 7.5 38.09 948.99 969.43 357.208 537.72 3904.724 298.92 619.202 766.602 485.535 -79.956 7.782 229.187 -8.545 222.626 696.564 25.482 715.485 842.133 211.639 462.036 755.463 581.055 -5000 6.104 99.792 -34.027 -8.392 23.804 308.38 85.449 440.826 976.715 441.132 -1357.88 449.524 238.8 50.964 41.504 51.88 2545.013 2500.61 2114.258 1742.859 1388.397 1024.78 670.471 211.945 -1.984 30.67 69.733 5.035 -331.421 -676.27 -1015.32 -1359.406 -1699.524 -2037.659 -2373.657 -2700.043 472.412 992.737 447.693 92.926 6.714 -347.137 -701.294 565 805 400 26.02 30.4 242 8 2408 1 034
6059140 7531 2026/1/25 16:22:52 P18 73.5 22.16 0 7.62 38.03 948.99 969.43 356.75 536.194 3902.435 300.751 614.777 758.667 485.229 -36.011 11.444 227.814 -8.392 224.304 690.918 21.515 710.297 839.996 212.555 459.747 754.547 576.782 -5000 -1.068 99.487 3.815 -9.003 21.82 307.159 92.773 440.674 978.241 401.459 -1358.337 448.761 238.8 57.373 40.283 51.727 2546.387 2503.052 2107.849 1728.516 1370.697 1003.571 648.651 210.876 0.916 38.452 72.174 6.256 -331.726 -679.932 -1020.203 -1364.899 -1707.001 -2046.204 -2387.39 -2710.724 466.614 991.516 449.066 91.705 9.003 -349.274 -710.144 571 810 400 26.02 30.4 239 8 2408 1 034
6059141 7531 2026/1/25 16:22:53 P18 73.54 22.02 0 7.67 38.11 948.99 969.41 355.53 535.126 3900.299 300.293 608.826 757.294 485.382 -61.188 -16.022 233.154 -8.087 221.405 689.392 22.278 705.566 836.487 210.419 458.984 753.784 573.425 -5000 0.916 103.149 -16.022 -6.409 20.752 306.854 90.027 440.063 975.647 436.401 -1356.506 447.998 238.037 54.626 45.166 51.422 2546.082 2501.373 2112.885 1736.603 1381.226 1015.93 661.926 213.013 -2.747 51.117 72.632 4.425 -329.59 -675.354 -1016.083 -1359.406 -1700.592 -2040.1 -2377.167 -2702.179 463.257 990.753 446.014 91.553 6.561 -347.29 -702.82 564 800 400 26 30.45 236 8 2408 1 034
6059142 7531 2026/1/25 16:22:54 P18 73.44 22.13 0 7.44 38.13 949 969.44 354.614 533.752 3897.858 300.446 604.248 750.122 485.535 -9.46 3.51 217.285 -8.392 221.252 683.594 21.973 701.447 834.198 207.977 458.069 751.648 568.39 -5000 -9.46 101.166 -32.806 -8.392 22.583 306.549 88.654 439.758 974.121 427.551 -1356.964 446.32 235.748 59.204 45.624 51.727 2543.488 2502.441 2116.547 1743.927 1389.008 1025.391 669.25 216.98 -4.578 53.406 72.021 3.815 -331.116 -676.27 -1014.099 -1357.574 -1696.777 -2035.675 -2370.605 -2696.075 459.442 986.176 445.862 93.842 7.172 -345.459 -699.615 575 785 400 26.02 30.33 233 8 2408 1 034
6059143 7531 2026/1/25 16:22:55 P18 73.54 22.17 0 7.55 38.09 949 969.43 352.325 532.837 3897.552 296.631 600.891 740.356 485.077 57.983 -9.613 220.642 -9.003 223.694 679.626 22.43 696.411 830.536 205.994 457.458 749.817 562.744 -5000 -9.155 97.809 -2.899 -9.155 22.583 305.786 89.111 439.758 973.358 427.246 -1365.662 445.251 234.833 55.084 45.929 50.201 2547.455 2502.136 2113.495 1739.96 1383.667 1018.066 659.943 214.844 -0.458 43.945 71.869 8.698 -329.285 -673.218 -1013.947 -1358.337 -1699.524 -2038.269 -2376.862 -2703.857 463.715 984.192 448.914 90.179 6.104 -342.865 -698.547 565 805 400 25.99 30.38 230 8 2408 1 034
6059144 7531 2026/1/25 16:22:56 P18 73.47 22.08 0 7.45 38.1 949.01 969.41 351.105 532.99 3894.653 295.258 595.856 736.847 485.077 65.918 0.458 214.081 -8.85 222.168 676.117 22.888 692.444 827.942 203.094 456.085 749.359 558.624 -5000 0.916 99.792 24.414 -5.646 23.956 304.871 87.433 438.69 970.764 420.685 -1356.049 445.557 231.476 54.016 41.199 51.727 2544.861 2500.763 2115.173 1739.197 1384.125 1023.56 665.741 216.064 -5.341 39.978 71.564 5.188 -330.658 -676.727 -1015.472 -1359.253 -1699.829 -2038.422 -2376.251 -2700.5 454.254 984.497 444.336 91.4 7.629 -347.9 -702.667 578 805 400 25.99 30.4 227 8 2408 1 034
6059145 7531 2026/1/25 16:22:57 P18 73.57 22.08 0 7.47 38.04 949 969.43 349.121 532.074 3892.365 290.375 591.736 735.168 485.229 -127.716 -26.855 213.928 -9.155 221.252 674.896 22.888 687.561 825.5 202.637 454.712 747.223 554.962 -5000 -5.646 100.403 76.904 -9.155 22.43 303.65 88.959 439.911 968.628 427.551 -1361.084 443.42 229.797 52.338 43.64 51.727 2548.828 2502.136 2118.378 1743.927 1390.533 1025.696 668.03 212.555 -0.458 34.332 70.953 6.104 -328.979 -672.913 -1010.437 -1355.133 -1695.099 -2034.302 -2371.826 -2697.906 452.118 982.361 446.93 92.163 7.324 -342.255 -697.937 565 815 400 26 30.53 224 8 2408 1 034
6059146 7531 2026/1/25 16:22:58 P18 73.46 22.05 0 7.4 38.03 949 969.46 347.748 529.175 3887.024 285.95 585.632 730.286 485.077 54.932 -44.861 206.451 -8.698 221.1 669.861 23.651 682.831 822.144 199.585 453.796 746.46 550.385 -5000 -15.717 99.945 39.978 -9.003 21.667 302.887 84.839 436.707 966.492 445.099 -1360.321 441.589 229.034 51.422 41.199 52.185 2547.913 2501.831 2113.037 1737.366 1378.174 1011.353 653.839 213.623 -3.815 60.73 72.174 6.866 -329.285 -674.438 -1016.083 -1360.474 -1701.202 -2040.863 -2380.981 -2706.604 449.829 977.02 444.489 89.874 5.341 -345.612 -703.583 577 805 400 25.98 30.43 221 8 2408 1 034
6059147 7531 2026/1/25 16:22:59 P18 73.53 22.13 0 7.61 38.21 949 969.45 345.764 530.701 3888.092 289.917 581.055 714.722 485.535 -19.836 -16.174 216.675 -7.935 220.032 669.403 23.041 678.406 820.007 198.669 453.339 745.239 547.333 -5000 -10.071 100.25 56.763 -8.24 22.43 303.345 85.907 436.859 965.576 455.322 -1356.354 440.826 227.966 57.22 37.842 51.575 2546.082 2500.61 2116.089 1741.943 1388.55 1026.611 668.945 213.318 -6.561 27.618 71.259 7.935 -329.742 -674.896 -1012.421 -1357.727 -1696.472 -2034.912 -2370.758 -2695.923 446.167 976.41 442.352 88.654 5.493 -346.222 -702.972 569 790 400 26 30.46 219 8 2408 1 034
6059148 7531 2026/1/25 16:23:00 P18 73.61 22.19 0 7.67 38.12 949 969.45 344.543 528.107 3887.329 283.966 578.156 719.299 485.687 4.578 -37.384 194.702 -9.003 219.269 666.504 24.261 674.744 818.787 197.144 451.965 744.171 543.365 -5000 -8.392 99.792 -28.229 -9.003 23.041 302.429 84.076 436.401 964.05 441.895 -1356.812 439.758 226.593 54.169 41.351 52.948 2548.676 2499.847 2115.784 1740.723 1384.43 1022.491 663.147 215.607 -5.951 33.112 71.564 6.714 -326.691 -671.997 -1010.895 -1354.828 -1696.014 -2035.675 -2374.725 -2700.5 445.709 976.41 443.42 89.874 9.308 -345.154 -698.242 569 790 400 26 30.46 219 8 2408 1 034
6059149 7531 2026/1/25 16:23:01 P18 73.53 22.19 0 7.5 38.17 948.99 969.44 340.729 527.649 3885.498 287.018 573.273 714.569 485.687 -46.844 -20.905 190.582 -9.003 220.642 663.3 25.33 670.013 815.125 194.397 450.134 742.95 538.33 -5000 8.24 97.809 -7.019 -7.935 23.193 301.361 82.245 435.333 962.677 421.6 -1357.269 437.012 224.915 51.117 44.098 50.354 2546.692 2501.831 2112.579 1733.398 1373.901 1010.284 651.55 210.724 -5.951 29.755 70.648 4.73 -333.252 -677.948 -1020.355 -1364.441 -1704.865 -2044.983 -2384.644 -2709.656 442.505 970.306 440.826 85.297 4.425 -345.612 -705.414 580 810 400 26.03 30.46 216 8 2408 1 034
6059150 7531 2026/1/25 16:23:02 P18 73.57 22.15 0 7.37 38.19 948.99 969.42 338.593 526.581 3882.446 283.203 568.237 712.433 485.077 122.07 10.834 207.52 -8.087 218.658 660.4 23.804 666.351 813.751 193.787 449.219 741.119 534.973 -5000 4.883 98.877 34.485 -8.545 22.278 300.751 83.16 436.096 962.067 419.159 -1360.626 437.317 224.609 55.695 37.537 51.575 2548.37 2502.441 2113.19 1736.298 1377.106 1012.115 656.891 212.708 -9.613 7.782 71.716 5.493 -330.353 -677.185 -1017.761 -1362.305 -1703.339 -2042.389 -2379.761 -2705.231 437.775 971.222 441.437 84.076 7.324 -352.173 -708.313 586 815 400 26.03 30.46 213 8 2408 1 034
6059151 7531 2026/1/25 16:23:03 P18 73.54 22.15 0 7.54 38.18 948.97 969.43 337.372 524.902 3880.92 279.694 564.728 707.245 485.535 -45.013 -2.441 201.263 -10.223 218.658 656.891 26.398 663.452 811.768 189.972 448.303 740.356 532.227 -5000 13.428 100.555 60.883 -9.308 22.888 300.14 80.872 437.775 956.573 434.57 -1354.37 436.096 222.473 59.052 48.981 51.88 2547.76 2500.305 2115.784 1740.112 1384.277 1016.235 660.248 212.555 -8.24 35.553 72.784 9.613 -329.59 -673.676 -1014.557 -1358.795 -1699.219 -2040.1 -2376.862 -2704.62 437.012 967.712 447.998 88.043 7.019 -342.865 -700.378 578 805 400 26 30.46 211 8 2408 1 034
6059152 7531 2026/1/25 16:23:04 P18 73.51 22.1 0 7.4 38.16 948.98 969.42 333.252 524.902 3879.242 278.625 561.066 705.872 484.772 52.338 -15.564 211.334 -9.766 219.727 654.755 26.093 659.18 810.699 188.446 447.693 739.746 526.733 -5000 3.662 100.098 22.888 -9.155 22.125 299.835 81.482 435.791 953.522 433.807 -1360.626 434.418 221.1 56 44.25 51.575 2543.793 2502.289 2108.459 1730.804 1369.629 1003.113 646.515 208.588 -7.935 15.564 69.885 3.357 -334.625 -681.305 -1021.271 -1366.272 -1708.221 -2047.577 -2386.78 -2711.792 433.044 964.661 439.911 82.703 7.629 -351.41 -708.771 587 790 400 25.98 30.52 208 8 2408 1 034
6059153 7531 2026/1/25 16:23:05 P18 73.54 22.19 0 7.47 38.04 948.97 969.42 330.048 523.376 3878.326 280.609 556.335 697.327 484.924 -3.51 7.782 219.116 -8.698 217.285 653.687 26.855 655.975 807.8 186.462 446.014 737.457 524.292 -5000 1.068 99.182 31.128 -7.629 21.667 299.225 80.261 434.113 955.353 404.816 -1358.185 432.739 222.473 57.526 47.15 52.185 2547.302 2501.373 2111.664 1736.298 1378.937 1015.778 660.553 210.114 -5.341 30.365 71.106 10.071 -332.031 -677.338 -1017.303 -1361.084 -1703.033 -2041.473 -2378.845 -2704.468 433.35 963.44 442.505 84.839 7.172 -345.764 -703.888 588 810 400 26 30.43 205 8 2408 1 034
6059154 7531 2026/1/25 16:23:06 P18 73.63 22.2 0 7.45 38.19 949 969.44 330.658 523.224 3875.275 277.405 553.131 690.46 484.924 14.496 1.373 208.435 -6.256 217.59 652.008 26.245 652.466 805.664 184.937 445.404 737.762 519.257 -5000 -6.256 104.98 57.831 -9.613 22.125 298.004 80.414 432.739 955.048 406.799 -1358.337 431.213 219.574 52.338 47.607 51.117 2546.082 2501.831 2115.021 1738.586 1381.226 1016.083 656.891 210.876 -7.782 27.313 70.038 7.172 -330.505 -675.049 -1015.015 -1359.863 -1701.05 -2040.253 -2381.287 -2705.841 430.298 958.557 440.979 85.144 4.272 -347.443 -702.667 580 815 400 26.02 30.51 203 8 2408 1 034
6059155 7531 2026/1/25 16:23:07 P18 73.51 22.17 0 7.52 38.19 949 969.42 329.59 522.156 3872.986 275.269 550.537 693.359 485.382 2.289 -10.376 217.896 -7.019 216.37 649.261 27.313 649.109 804.443 183.868 443.878 734.863 516.205 -5000 1.068 103.607 59.967 -6.561 21.82 298.004 80.109 432.892 953.064 415.802 -1357.269 431.671 218.353 54.626 48.981 51.117 2543.64 2501.373 2108.917 1729.736 1370.087 1005.249 650.33 210.724 -9.613 44.098 72.174 4.272 -332.031 -679.932 -1020.355 -1365.051 -1707.153 -2046.509 -2387.39 -2712.097 425.873 959.625 438.69 82.703 7.629 -352.02 -711.212 585 820 400 26 30.43 201 8 2408 1 034
6059156 7531 2026/1/25 16:23:08 P18 73.6 22.19 0 7.52 38.28 949 969.44 330.353 520.782 3872.681 277.71 545.197 686.798 485.229 -0.763 6.866 223.083 -9.766 216.675 646.362 28.687 646.82 802.612 180.969 442.963 733.49 513.153 -5000 1.678 101.013 51.422 -9.155 21.82 297.241 79.041 432.434 949.097 434.875 -1358.032 429.688 217.285 57.983 43.793 52.338 2543.945 2500.61 2113.037 1736.908 1381.073 1017.609 665.741 206.909 -11.444 49.896 72.479 5.188 -330.811 -674.896 -1015.778 -1360.016 -1700.592 -2038.422 -2377.167 -2701.721 425.873 956.421 438.385 85.754 7.324 -345.612 -702.515 588 825 400 26 30.38 198 8 2408 1 034
6059157 7531 2026/1/25 16:23:09 P18 73.55 22.15 0 7.48 38.18 949.01 969.42 328.064 521.545 3870.392 272.064 543.976 684.204 484.467 -102.997 22.43 213.165 -7.324 216.217 646.667 28.381 642.395 802.765 179.291 441.284 732.88 510.254 -5000 0 101.166 63.324 -8.545 22.888 296.936 77.515 431.366 949.707 428.467 -1355.743 427.856 215.759 50.964 43.03 51.727 2548.218 2500 2115.936 1741.18 1387.329 1023.712 667.419 206.299 -11.902 37.994 71.411 4.883 -329.59 -673.37 -1012.421 -1355.896 -1696.32 -2034.912 -2370.605 -2696.533 424.347 954.59 437.317 84.534 7.019 -345.154 -699.615 587 815 400 26 30.49 196 8 2408 1 034
6059158 7531 2026/1/25 16:23:10 P18 73.58 22.13 0 7.42 38.13 948.99 969.44 327.911 522.003 3867.34 272.064 540.009 681.61 485.077 41.199 -17.09 196.686 -6.104 218.506 644.684 29.297 639.954 800.934 178.223 440.826 733.337 506.897 -5000 -9.003 99.64 -27.161 -7.172 21.667 295.41 76.752 432.129 943.451 405.273 -1356.201 427.246 214.996 50.964 40.131 52.185 2547.913 2502.136 2109.985 1732.788 1375.275 1006.47 652.161 210.114 -8.087 41.504 73.242 7.019 -333.862 -679.016 -1019.745 -1364.136 -1705.017 -2045.441 -2383.881 -2708.282 423.889 951.996 433.807 80.566 5.646 -348.816 -708.618 588 830 400 26.05 30.51 194 8 2408 1 034
6059159 7531 2026/1/25 16:23:11 P18 73.58 22.13 0 7.42 38.13 948.98 969.44 327.454 521.088 3863.983 271.606 535.889 676.88 484.467 -64.545 -27.771 196.228 -8.087 216.98 644.226 28.534 637.207 799.561 177.002 438.232 730.743 504.15 -5000 2.747 100.098 -40.131 -8.087 22.583 294.8 75.836 430.298 941.925 401.001 -1359.558 426.941 213.776 51.117 44.403 51.422 2545.319 2501.831 2111.206 1736.603 1381.531 1019.135 661.163 209.351 -12.054 39.368 72.174 4.883 -330.505 -677.643 -1016.388 -1361.542 -1701.965 -2040.253 -2377.472 -2701.721 421.6 954.742 438.232 81.635 6.409 -349.121 -704.041 588 830 400 26.05 30.51 194 8 2408 1 034
6059160 7531 2026/1/25 16:23:12 P18 73.57 22.09 0 7.37 38.14 948.97 969.44 322.876 519.257 3864.899 268.555 532.99 673.828 484.467 -52.032 -18.768 202.637 -9.613 215.454 642.548 30.365 634.308 798.645 175.018 438.843 731.506 500.641 -5000 10.223 100.555 17.7 -9.003 21.515 294.342 75.684 429.84 944.672 409.851 -1358.795 424.957 213.47 52.49 44.708 51.422 2545.471 2501.678 2115.326 1742.706 1388.092 1026.459 671.692 209.656 -12.512 25.94 71.716 4.883 -330.963 -674.286 -1013.031 -1357.574 -1697.083 -2035.217 -2371.368 -2698.212 423.126 947.266 436.707 85.907 5.951 -344.696 -699.463 577 835 400 26.02 30.43 191 8 2408 1 034
6059161 7531 2026/1/25 16:23:13 P18 73.53 22.13 0 7.5 38.21 949.02 969.44 322.876 518.036 3863.22 266.571 530.701 671.387 484.924 150.299 -3.204 195.16 -9.308 215.454 637.665 30.823 632.324 798.187 173.492 438.538 728.76 499.268 -5000 12.817 99.64 67.139 -6.866 21.21 293.732 75.378 431.061 942.535 414.124 -1357.269 423.889 213.928 54.474 52.643 52.338 2545.776 2502.441 2110.748 1733.856 1378.937 1013.184 657.959 211.792 -11.444 44.708 73.242 4.883 -329.59 -675.354 -1016.083 -1360.931 -1701.355 -2041.473 -2379.913 -2704.468 419.006 945.587 439.606 81.94 8.392 -348.816 -706.482 584 840 400 26.02 30.43 189 8 2408 1 034
6059162 7531 2026/1/25 16:23:14 P18 73.61 22.13 0 7.54 38.21 948.98 969.44 323.334 519.562 3860.168 267.639 527.191 665.588 484.924 5.493 -23.193 203.247 -9.003 215.607 640.564 32.196 629.425 796.204 171.509 437.012 728.607 496.216 -5000 9.308 100.861 -34.943 -8.392 23.041 293.579 72.784 428.467 932.922 432.281 -1358.795 423.431 213.013 55.084 43.03 51.422 2541.962 2501.068 2115.784 1737.976 1384.277 1021.881 665.283 206.451 -12.817 39.368 70.038 5.493 -332.336 -676.27 -1014.862 -1359.1 -1698.303 -2036.133 -2374.42 -2698.212 418.854 942.383 437.012 81.482 7.172 -348.053 -703.735 594 830 400 26.02 30.53 187 8 2408 1 034
6059163 7531 2026/1/25 16:23:15 P18 73.7 22.05 0 7.67 38.17 949 969.42 321.045 518.494 3853.455 266.724 525.208 662.689 484.314 68.054 8.698 203.094 -9.46 215.912 637.665 30.823 626.984 796.204 170.135 435.944 727.539 495.148 -5000 0.305 102.692 -3.815 -9.003 23.499 292.511 74.005 430.603 939.484 410.156 -1357.117 422.211 209.198 56.61 41.809 51.727 2546.234 2502.136 2113.647 1741.486 1386.414 1023.407 665.436 206.299 -11.749 46.997 71.106 5.646 -329.59 -674.438 -1013.489 -1357.117 -1698.456 -2037.506 -2373.962 -2700.195 416.26 938.721 437.164 82.855 5.951 -345.764 -697.784 594 835 400 26 30.45 185 8 2408 1 034
6059164 7531 2026/1/25 16:23:16 P18 73.6 22.12 0 7.56 38.12 948.98 969.42 318.146 518.646 3858.795 264.435 522.461 663.757 484.314 14.954 -32.196 199.28 -6.256 214.386 637.36 32.349 624.542 796.814 168.762 434.723 725.708 491.18 -5000 3.967 103.302 -15.869 -8.545 22.583 292.816 74.158 428.314 935.211 397.186 -1358.185 421.6 209.351 54.016 44.556 52.032 2545.624 2501.221 2112.732 1736.298 1377.411 1011.658 654.144 211.792 -10.681 42.419 71.716 8.24 -328.217 -674.591 -1014.709 -1359.406 -1702.576 -2041.931 -2386.932 -2711.792 416.107 941.162 437.775 81.787 8.087 -346.832 -702.972 586 830 400 26 30.53 183 8 2408 1 034
6059165 7531 2026/1/25 16:23:17 P18 73.6 22.16 0 7.52 38.16 948.99 969.44 320.282 516.968 3856.659 263.672 519.867 659.637 484.314 33.569 -0.61 203.094 -9.46 217.285 635.834 32.959 620.88 795.135 167.542 433.655 725.555 488.434 -5000 -5.951 103.149 -65.613 -9.308 22.888 291.595 71.564 428.772 936.127 401.154 -1358.337 420.99 208.435 53.253 45.013 51.422 2541.504 2503.357 2114.258 1743.317 1388.397 1025.696 669.708 209.503 -12.665 56.915 71.259 5.798 -332.489 -676.727 -1014.404 -1357.727 -1698.151 -2036.133 -2372.284 -2697.906 413.055 936.584 437.012 80.261 5.646 -346.68 -701.294 592 835 400 25.99 30.44 180 8 2408 1 034
6059166 7531 2026/1/25 16:23:18 P18 73.51 22.13 0 7.47 38.08 948.98 969.41 316.315 516.815 3855.743 255.89 517.12 657.043 484.314 -55.542 -41.656 202.789 -7.935 215.149 635.681 35.553 620.117 794.22 165.558 432.587 724.64 488.586 -5000 -1.526 100.25 -6.714 -7.477 21.21 288.696 69.275 428.772 927.124 399.017 -1359.1 419.769 208.13 54.626 41.199 53.101 2543.335 2500.763 2113.953 1740.875 1385.651 1021.881 664.825 209.656 -14.801 67.444 72.327 4.12 -328.369 -672.302 -1012.115 -1355.743 -1695.862 -2035.98 -2374.878 -2701.111 414.429 936.127 438.995 83.466 8.698 -344.238 -700.226 582 840 400 25.96 30.43 178 8 2408 1 034
6059167 7531 2026/1/25 16:23:19 P18 73.66 22.08 0 7.48 38.1 948.97 969.45 319.061 516.357 3853.76 260.01 515.747 652.924 484.772 -20.599 -3.662 211.334 -9.613 213.165 629.578 33.875 618.896 793.61 165.558 431.671 723.877 484.619 -5000 -11.292 101.013 21.057 -8.85 22.43 290.833 71.716 429.382 933.228 398.56 -1357.574 419.922 206.299 55.084 45.471 50.964 2546.997 2500.153 2110.138 1732.941 1374.969 1006.775 649.719 209.961 -16.327 31.586 72.021 5.188 -332.336 -677.795 -1018.372 -1363.831 -1705.322 -2045.135 -2384.644 -2709.045 409.241 933.533 434.723 79.651 5.493 -347.595 -704.956 591 835 400 25.98 30.55 176 8 2408 1 034
6059168 7531 2026/1/25 16:23:20 P18 73.61 22.19 0 7.47 38.22 948.99 969.42 315.247 516.663 3851.624 258.484 512.848 654.907 484.619 115.356 -23.956 200.5 -9.613 213.165 632.782 32.349 616.302 792.694 163.879 431.824 722.351 482.635 -5000 -14.343 100.25 35.553 -9.003 22.278 290.527 72.784 427.551 931.549 404.358 -1354.98 418.854 205.688 52.643 50.659 51.422 2544.556 2501.526 2117.157 1744.385 1389.465 1026.306 669.708 209.045 -16.327 32.196 70.19 2.136 -330.811 -673.676 -1012.268 -1356.201 -1695.404 -2035.217 -2371.979 -2698.059 409.393 930.176 435.028 81.787 6.256 -343.933 -703.735 583 855 400 25.98 30.51 174 8 2408 1 034
6059169 7531 2026/1/25 16:23:21 P18 73.64 22.12 0 7.5 38.15 948.97 969.42 317.535 515.747 3851.166 258.789 509.949 650.177 485.077 -59.814 0.458 202.332 -7.629 213.623 632.629 34.027 614.777 791.931 161.896 429.993 721.893 480.347 -5000 4.272 100.708 17.242 -7.935 21.82 290.07 69.733 426.941 928.497 406.189 -1363.068 417.786 205.841 55.695 45.013 52.032 2545.013 2500.305 2116.394 1741.486 1387.329 1023.102 664.215 204.62 -16.937 45.319 73.395 7.019 -327.454 -671.234 -1011.505 -1355.591 -1696.32 -2036.591 -2374.42 -2700.958 410.767 930.176 435.944 86.67 7.172 -342.712 -699.463 583 855 400 25.98 30.51 174 8 2408 1 034
6059170 7531 2026/1/25 16:23:22 P18 73.54 22.17 0 7.5 38.28 948.99 969.42 316.925 513.916 3848.572 256.805 509.644 650.635 484.314 7.172 -31.891 207.062 -9.46 212.402 632.324 36.316 613.708 791.779 161.133 429.688 721.13 478.058 -5000 7.172 101.929 -6.256 -8.24 22.125 289.917 69.427 426.025 927.887 408.173 -1354.828 417.633 204.62 50.201 38.3 51.117 2543.335 2500.763 2111.816 1733.246 1374.512 1006.927 650.482 208.74 -19.073 42.877 70.19 6.866 -331.726 -677.185 -1017.303 -1363.373 -1704.254 -2044.373 -2382.965 -2708.588 408.936 928.497 435.486 78.735 6.104 -348.663 -707.245 593 855 400 26.05 30.4 171 8 2408 1 034
6059171 7531 2026/1/25 16:23:23 P18 73.64 22.08 0 7.61 38.27 948.98 969.43 313.11 514.374 3847.504 256.195 506.592 641.022 484.924 -87.28 -1.526 209.808 -7.629 212.555 630.035 37.079 611.115 791.931 159.302 428.467 719.299 476.227 -5000 -3.662 100.861 52.185 -8.85 21.362 289.307 68.665 424.805 927.734 426.331 -1357.727 415.649 204.926 58.899 43.64 52.185 2544.098 2499.542 2113.647 1735.84 1378.784 1014.557 658.875 208.893 -17.395 47.455 73.242 5.951 -329.132 -674.896 -1015.32 -1359.406 -1701.05 -2040.405 -2379.608 -2702.942 409.088 926.666 436.249 78.583 7.019 -348.053 -706.177 599 860 400 26.05 30.4 169 8 2408 1 034
6059172 7531 2026/1/25 16:23:24 P18 73.57 22.09 0 7.64 38.09 948.98 969.43 313.873 514.374 3845.062 256.042 505.371 643.768 484.619 -56 -10.681 207.062 -9.155 212.097 629.12 36.926 609.283 791.626 158.539 428.162 718.384 475.159 -5000 -2.594 101.318 25.33 -9.46 23.346 289.307 68.817 426.178 926.666 405.426 -1358.643 415.955 203.552 56.915 38.3 51.117 2546.082 2502.289 2113.8 1742.249 1384.277 1021.271 661.011 208.74 -18.311 46.844 68.97 0.763 -330.048 -674.438 -1013.794 -1357.88 -1699.219 -2039.49 -2377.472 -2704.773 407.867 924.072 435.181 79.651 5.188 -346.68 -701.599 589 860 400 26 30.46 167 8 2408 1 034
6059173 7531 2026/1/25 16:23:25 P18 73.64 22.2 0 7.55 38.1 948.99 969.43 316.62 514.679 3843.689 253.296 503.54 643.005 484.314 61.188 -23.346 201.111 -7.629 213.013 629.425 36.621 606.842 790.71 157.166 427.551 718.384 473.785 -5000 -5.035 102.692 15.411 -8.24 22.583 287.781 69.58 426.178 924.377 382.996 -1358.185 413.513 204.01 52.948 44.708 51.27 2546.234 2501.678 2110.443 1732.635 1377.106 1009.216 651.855 209.503 -16.022 42.267 69.122 4.12 -331.421 -677.643 -1017.456 -1362.915 -1704.559 -2044.373 -2384.491 -2709.656 406.799 919.189 434.723 76.447 4.73 -349.426 -707.397 597 870 400 26 30.56 165 8 2408 1 034
6059174 7531 2026/1/25 16:23:26 P18 73.66 22.09 0 7.61 38.11 948.97 969.41 314.484 514.984 3842.621 246.887 501.556 639.343 484.009 -47.76 -9.46 193.787 -9.155 210.114 628.052 39.368 605.011 790.1 155.029 426.941 717.773 472.107 -5000 -9.46 100.708 -12.665 -7.477 21.667 288.391 68.665 426.941 921.936 419.464 -1357.727 413.361 201.416 50.659 42.114 56.305 2549.286 2501.221 2109.985 1732.635 1374.512 1010.437 654.449 211.029 -13.733 28.381 71.106 7.782 -333.71 -679.932 -1019.44 -1363.678 -1704.712 -2044.678 -2382.05 -2707.52 406.647 919.037 435.791 78.888 4.883 -348.053 -706.482 588 865 400 26.02 30.57 163 8 2408 1 034
6059175 7531 2026/1/25 16:23:27 P18 73.64 22.15 0 7.57 38.27 949.02 969.42 311.127 512.848 3841.248 252.38 499.878 633.087 483.856 -6.561 -24.414 197.144 -7.324 212.86 628.51 38.91 604.401 790.253 154.877 425.72 716.4 469.971 -5000 10.681 100.25 43.945 -8.698 21.21 287.323 67.291 425.415 919.342 399.475 -1354.98 411.987 201.111 50.201 39.673 51.88 2544.708 2501.678 2113.19 1739.197 1385.498 1020.203 661.621 207.062 -16.327 26.398 70.496 5.188 -333.252 -676.575 -1016.235 -1360.168 -1700.134 -2039.948 -2377.93 -2704.163 405.426 915.375 434.875 79.193 4.883 -346.527 -701.904 599 855 400 26.02 30.54 161 8 2408 1 034
6059176 7531 2026/1/25 16:23:28 P18 73.61 22.17 0 7.49 38.35 948.98 969.42 316.01 514.221 3832.092 251.77 497.437 631.714 484.009 10.529 -5.798 190.125 -7.782 212.402 627.594 39.978 601.654 788.574 153.961 424.652 715.179 467.682 -5000 12.512 99.335 35.095 -7.477 21.973 287.476 65.918 426.788 917.206 392.609 -1356.354 411.072 199.738 55.084 42.267 51.117 2546.997 2502.136 2111.511 1734.009 1375.58 1008.453 649.414 207.214 -20.294 29.907 71.106 3.815 -332.642 -677.032 -1016.846 -1362.457 -1703.796 -2044.373 -2383.575 -2709.198 402.985 915.222 434.265 77.362 6.561 -347.137 -706.177 583 860 400 26 30.49 159 8 2408 1 034
6059177 7531 2026/1/25 16:23:29 P18 73.63 22.21 0 7.66 38.24 948.96 969.44 315.247 513.458 3838.654 248.871 494.385 635.986 484.619 -11.597 -22.736 192.108 -8.545 212.708 625.916 40.588 600.586 789.185 152.74 424.5 714.111 466.156 -5000 -3.357 100.098 92.621 -9.003 21.667 286.713 67.139 426.025 918.274 423.737 -1356.506 410.614 199.738 55.542 40.436 52.185 2548.828 2501.221 2108.612 1730.957 1372.07 1007.385 652.008 207.977 -17.395 28.992 72.021 5.798 -332.336 -679.779 -1020.813 -1364.899 -1706.39 -2046.356 -2385.254 -2709.656 405.121 915.527 436.096 76.904 9.308 -351.41 -709.839 595 925 400 26 30.49 157 8 2408 1 034
6059178 7531 2026/1/25 16:23:30 P18 73.67 22.17 0 7.39 38.19 948.98 969.43 312.042 512.39 3836.212 249.481 493.927 631.256 484.467 44.403 -2.899 191.65 -8.698 212.555 626.221 44.861 599.06 788.574 152.435 423.584 713.654 465.698 -5000 4.425 99.792 11.597 -9.46 21.515 286.865 65.155 423.737 908.203 406.952 -1355.743 410.767 199.738 57.22 40.741 51.575 2543.945 2501.221 2112.885 1736.298 1380.005 1018.677 662.994 208.435 -16.937 24.719 70.496 5.798 -331.726 -678.711 -1017.914 -1361.237 -1703.186 -2042.084 -2377.777 -2704.01 404.51 911.102 435.333 76.141 3.815 -345.306 -702.209 586 930 400 26 30.35 155 8 2408 1 034
6059179 7531 2026/1/25 16:23:31 P18 73.61 22.19 0 7.44 38.2 948.98 969.43 312.5 511.78 3835.297 249.023 492.859 626.831 484.161 31.738 -20.905 192.413 -7.324 211.487 624.542 42.725 598.145 788.879 150.604 423.431 713.348 463.562 -5000 -7.935 102.692 53.101 -8.24 21.21 286.255 64.392 425.11 916.138 406.342 -1359.1 410.614 197.601 54.932 40.894 52.338 2548.218 2500.305 2114.563 1736.908 1379.242 1011.505 653.992 208.282 -17.242 32.501 73.09 9.155 -328.979 -677.49 -1015.778 -1359.406 -1701.202 -2044.373 -2380.066 -2706.146 403.9 910.492 436.249 79.193 6.409 -344.543 -701.904 594 915 400 26 30.35 153 8 2408 1 034
6059180 7531 2026/1/25 16:23:32 P18 73.64 22.12 0 7.47 38.14 948.97 969.42 314.026 512.238 3834.229 246.277 489.349 625.916 484.009 -86.823 -15.106 223.389 -8.85 211.639 623.322 40.741 597.076 788.422 149.689 421.143 711.67 462.036 -5000 1.068 100.708 57.678 -7.172 21.515 285.797 65.918 425.415 914.001 383.301 -1356.659 409.241 198.364 51.575 42.114 51.27 2545.319 2502.289 2109.222 1731.11 1369.629 1003.723 648.193 207.672 -18.921 28.076 70.038 3.815 -332.336 -679.779 -1020.813 -1365.509 -1707.458 -2046.814 -2387.085 -2711.639 402.527 908.966 434.265 76.447 6.256 -350.8 -710.449 594 915 400 26 30.35 153 8 2408 1 034
6059181 7531 2026/1/25 16:23:33 P18 73.6 22.09 0 7.52 38.17 948.99 969.42 313.721 511.932 3833.923 242.92 487.823 628.815 484.009 -18.463 1.831 196.991 -9.003 209.961 622.864 44.25 595.703 787.354 149.994 420.99 710.907 461.578 -5000 8.087 100.098 -29.755 -7.782 21.667 286.865 61.951 422.058 911.56 420.99 -1358.337 408.02 197.449 50.354 43.945 51.422 2544.403 2501.831 2112.427 1734.009 1379.395 1014.404 658.569 206.757 -19.684 30.518 69.427 7.324 -331.421 -676.27 -1015.778 -1360.626 -1701.355 -2041.321 -2378.387 -2703.4 400.696 901.642 433.655 77.82 5.341 -346.985 -703.583 586 910 400 26.03 30.48 151 8 2408 1 034
6059182 7531 2026/1/25 16:23:34 P18 73.63 22.15 0 7.59 38.14 949.01 969.41 313.263 511.017 3829.498 246.735 486.45 624.39 483.856 206.757 6.104 194.092 -9.613 211.334 622.559 43.488 594.482 788.116 148.163 418.396 710.602 461.578 -5000 12.207 101.624 50.049 -9.155 21.057 284.576 64.24 423.737 912.476 388.489 -1362.61 407.562 198.517 50.964 49.133 51.727 2546.387 2501.373 2112.732 1738.281 1382.446 1018.219 664.215 206.757 -20.294 32.349 75.073 6.104 -330.811 -675.659 -1015.625 -1358.948 -1699.219 -2039.795 -2375.183 -2700.195 400.391 907.44 435.333 79.803 9.766 -342.712 -700.531 591 995 400 26.03 30.48 149 8 2408 1 034
6059183 7531 2026/1/25 16:23:35 P18 73.63 22.08 0 7.47 38.07 948.99 969.43 311.737 511.475 3829.651 245.667 486.298 624.39 483.704 -74.463 -6.866 187.225 -8.087 209.656 624.084 45.319 593.567 787.506 147.095 420.38 710.297 458.069 -5000 7.172 101.318 19.684 -8.698 22.278 285.034 62.866 420.99 910.339 418.091 -1356.354 406.342 196.838 54.932 42.419 51.727 2547.455 2501.984 2110.443 1733.551 1374.512 1006.927 651.093 203.705 -24.414 27.466 70.648 7.172 -328.827 -675.964 -1016.998 -1361.389 -1703.644 -2044.067 -2381.897 -2707.977 400.391 904.999 435.486 76.141 6.409 -346.68 -706.177 599 1000 400 25.98 30.52 147 8 2408 1 034
6059184 7531 2026/1/25 16:23:36 P18 73.63 22.08 0 7.47 38.07 948.96 969.44 313.11 509.338 3829.651 240.936 483.704 623.322 483.856 -27.313 0.61 186.005 -8.698 212.555 623.322 46.997 592.041 787.201 146.179 418.701 709.229 457.458 -5000 2.441 99.64 -29.144 -7.019 21.667 284.729 62.714 421.448 908.051 407.41 -1357.117 407.562 195.77 54.016 39.368 52.185 2544.098 2501.984 2108.154 1729.431 1370.392 1004.486 648.804 204.163 -18.158 34.332 71.411 10.223 -333.557 -679.626 -1022.186 -1367.95 -1708.221 -2048.035 -2387.085 -2709.808 400.391 901.337 435.181 76.752 4.883 -349.426 -708.16 585 995 400 26 30.51 145 8 2408 1 034
6059185 7531 2026/1/25 16:23:37 P18 73.68 22.16 0 7.42 38.11 948.96 969.42 312.5 511.017 3827.362 246.582 483.246 617.218 484.314 -65.765 -2.441 170.593 -9.003 211.945 622.253 44.25 591.278 786.438 145.721 418.091 708.313 455.933 -5000 5.035 99.03 36.926 -7.935 21.362 283.813 63.171 420.99 908.356 399.78 -1357.574 405.273 195.312 56.152 45.471 51.88 2546.082 2500.305 2114.258 1739.044 1381.073 1017.456 659.027 201.111 -23.956 28.687 70.801 5.798 -333.099 -679.321 -1020.05 -1363.678 -1705.322 -2043.61 -2380.524 -2704.163 398.712 899.658 431.519 76.904 6.409 -347.595 -703.583 588 985 400 25.96 30.51 143 8 2408 1 034
6059186 7531 2026/1/25 16:23:38 P18 73.67 22.16 0 7.47 38.28 948.99 969.43 312.5 509.796 3824.615 242.31 482.33 618.286 484.161 -13.428 1.373 169.678 -9.155 212.555 620.117 47.913 590.057 787.048 143.433 417.786 707.092 456.085 -5000 7.019 98.877 7.782 -9.46 21.667 283.966 62.408 420.074 903.015 397.949 -1358.49 405.273 195.16 54.016 42.114 51.117 2547.607 2500.916 2115.936 1739.197 1383.057 1019.592 659.332 203.4 -21.21 40.283 70.038 7.935 -331.573 -675.049 -1015.015 -1359.711 -1698.914 -2038.879 -2378.082 -2703.094 401.154 898.438 434.875 77.972 3.204 -348.511 -702.209 597 980 400 -999 -999 141 8 2408 1 034
6059187 7531 2026/1/25 16:23:39 P18 73.66 22.19 0 7.5 38.18 948.95 969.43 313.721 509.949 3824.768 241.241 480.804 618.439 484.467 10.986 -40.283 191.193 -8.087 210.724 620.117 46.234 589.294 786.743 143.127 417.175 707.55 455.017 -5000 4.272 99.487 0.916 -9.003 21.667 283.356 63.171 421.143 903.778 406.036 -1360.016 404.205 196.686 50.201 49.286 52.338 2542.114 2500.61 2113.037 1733.856 1375.58 1009.674 652.008 204.315 -18.158 43.64 71.106 6.866 -330.963 -675.964 -1016.083 -1361.084 -1701.965 -2041.016 -2382.507 -2707.214 398.865 896.912 435.944 78.583 7.782 -347.748 -705.872 588 1060 400 26 30.53 140 8 2408 1 034
6059188 7531 2026/1/25 16:23:40 P18 73.61 22.16 0 7.47 38.2 948.98 969.45 308.38 509.338 3822.937 239.868 479.736 619.202 484.009 17.548 -18.311 180.206 -9.46 209.351 621.49 50.659 587.769 787.048 143.433 414.734 706.329 452.728 -5000 10.223 100.25 72.784 -8.087 22.125 283.051 61.035 420.074 903.625 410.156 -1357.422 404.968 194.855 52.948 46.234 51.422 2547.76 2501.984 2106.628 1728.21 1369.781 1004.028 649.872 203.094 -23.499 36.621 72.021 5.493 -330.963 -679.932 -1021.118 -1366.577 -1706.848 -2046.356 -2386.169 -2710.114 397.491 895.386 432.281 77.209 8.087 -349.426 -708.771 600 1050 400 25.99 30.6 138 8 2408 1 034
6059189 7531 2026/1/25 16:23:41 P18 73.7 22.19 0 7.61 38.19 948.98 969.43 310.822 508.881 3822.784 239.258 478.973 612.488 484.619 -15.106 -29.602 173.645 -9.46 208.435 616.608 51.575 586.7 786.896 142.212 415.955 705.872 451.813 -5000 1.221 101.776 59.509 -8.087 21.667 283.203 61.035 420.837 901.489 398.56 -1357.88 403.748 193.787 48.676 40.131 51.727 2547.913 2502.899 2113.647 1736.45 1381.226 1017.303 659.943 208.13 -18.005 45.624 72.327 8.392 -328.369 -675.354 -1014.862 -1359.711 -1700.134 -2039.49 -2377.014 -2701.721 399.017 895.996 435.638 78.888 6.714 -346.375 -702.515 597 1030 400 26 30.51 137 8 2408 1 034
6059190 7531 2026/1/25 16:23:42 P18 73.7 22.13 0 7.66 38.28 948.97 969.45 311.737 508.728 3819.58 236.511 477.448 613.861 484.619 -48.981 -25.635 166.016 -7.935 208.588 620.117 51.117 585.632 786.743 141.296 413.666 703.888 450.745 -5000 6.561 100.555 58.899 -8.698 21.515 282.593 60.577 418.701 897.522 393.829 -1358.337 403.748 192.566 49.133 50.201 52.185 2548.065 2501.526 2116.089 1739.502 1384.277 1020.05 661.163 207.062 -25.33 41.809 71.106 9.155 -329.437 -674.438 -1014.252 -1358.49 -1699.677 -2039.185 -2377.014 -2703.552 400.391 894.012 433.807 80.109 7.019 -344.086 -699.31 597 1030 400 26 30.51 137 8 2408 1 034
6059191 7531 2026/1/25 16:23:43 P18 73.57 22.13 0 7.49 38.19 948.99 969.44 311.279 508.423 3816.071 238.342 477.905 615.082 484.772 -54.169 -30.06 171.204 -9.308 210.876 618.286 52.185 584.717 787.659 140.228 415.039 703.583 450.134 -5000 0.763 101.471 22.583 -9.155 21.515 280.914 60.12 418.701 895.996 378.723 -1358.49 402.222 192.871 50.201 46.387 51.27 2543.335 2501.678 2109.68 1731.262 1374.512 1006.927 650.482 205.383 -23.193 50.659 69.427 6.409 -332.642 -677.49 -1018.829 -1363.068 -1704.254 -2045.135 -2384.033 -2710.114 397.034 889.435 433.197 75.378 5.035 -346.832 -705.719 582 995 400 26.02 30.53 135 8 2408 1 034
6059192 7531 2026/1/25 16:23:44 P18 73.55 22.13 0 7.54 38.21 948.98 969.44 311.737 510.406 3818.665 235.596 476.227 615.387 483.704 86.517 19.226 176.239 -9.003 208.588 619.812 51.117 584.412 787.354 139.618 414.581 702.972 448.761 -5000 13.275 102.539 61.798 -8.698 21.057 281.83 60.883 417.633 895.233 387.878 -1359.711 401.306 193.481 43.945 48.37 52.643 2542.267 2502.289 2108.765 1730.804 1372.223 1005.554 648.804 204.62 -22.43 34.332 72.784 7.477 -330.353 -677.49 -1018.524 -1363.525 -1704.254 -2044.983 -2384.949 -2709.351 396.423 890.656 432.587 75.531 8.85 -348.358 -708.008 591 1080 400 26.02 30.53 133 8 2408 1 034
6059193 7531 2026/1/25 16:23:45 P18 73.61 22.06 0 7.57 38.31 949.01 969.43 311.737 510.712 3816.528 236.053 474.854 608.215 483.856 -14.648 -11.139 183.411 -8.392 210.266 620.27 54.474 582.275 785.522 139.16 413.971 702.82 448.151 -5000 -1.831 105.133 23.956 -7.019 21.973 282.135 59.204 419.769 898.743 399.017 -1358.032 401.764 191.956 47.455 41.199 50.812 2545.319 2501.068 2116.241 1742.706 1388.702 1025.085 669.403 202.942 -26.55 47.913 70.953 3.662 -329.132 -672.76 -1011.658 -1355.133 -1695.557 -2035.828 -2372.894 -2699.89 395.813 888.214 433.502 77.972 7.629 -340.576 -697.632 598 1085 400 25.99 30.59 131 8 2408 1 034
6059194 7531 2026/1/25 16:23:46 P18 73.64 22.12 0 7.44 38.16 948.98 969.41 307.617 508.728 3816.833 237.427 470.886 612.03 483.551 35.706 -21.362 173.035 -9.766 208.282 619.354 54.169 581.36 786.591 138.245 413.361 701.447 447.998 -5000 8.087 103.149 -29.144 -9.155 22.278 282.593 62.408 419.617 897.522 400.848 -1360.474 400.085 191.345 49.744 39.368 51.575 2545.776 2502.136 2114.563 1741.028 1381.683 1017.761 659.485 205.383 -25.177 41.962 66.681 10.071 -330.658 -676.27 -1015.167 -1360.321 -1702.271 -2041.321 -2379.15 -2706.146 396.423 886.23 433.044 77.82 5.035 -347.595 -702.82 598 1085 400 25.99 30.59 131 8 2408 1 034
6059195 7531 2026/1/25 16:23:47 P18 73.54 22.19 0 7.55 38.19 948.96 969.44 306.244 509.949 3814.697 235.901 473.022 609.894 483.704 -20.599 -41.656 186.31 -8.85 208.588 617.523 53.711 580.597 786.285 137.482 412.292 701.294 449.524 -5000 4.883 102.997 27.313 -8.85 21.667 281.83 60.272 418.701 895.844 398.254 -1358.643 399.475 191.04 51.88 41.656 52.032 2545.776 2501.984 2111.206 1730.194 1371.002 1005.554 646.973 205.688 -21.973 49.591 72.327 6.256 -334.778 -680.389 -1020.966 -1365.814 -1707.458 -2046.661 -2387.085 -2711.945 395.508 885.315 432.739 75.989 7.019 -347.595 -706.787 592 1050 400 25.99 30.51 128 8 2408 1 034
6059196 7531 2026/1/25 16:23:48 P18 73.57 22.09 0 7.66 38.18 948.96 969.45 312.5 508.575 3814.24 230.865 471.649 608.826 484.161 -58.746 -14.343 188.446 -9.613 208.13 617.523 52.185 580.902 785.98 137.329 411.835 699.768 447.998 -5000 3.357 98.877 38.147 -6.866 22.583 280.762 59.662 417.633 894.775 382.08 -1358.643 399.628 192.413 49.744 31.891 51.117 2548.523 2501.831 2110.596 1732.33 1372.833 1008.148 654.297 210.114 -23.956 39.52 72.021 8.392 -332.031 -678.101 -1018.219 -1362.152 -1704.102 -2044.373 -2381.592 -2707.977 395.966 883.179 434.265 75.989 6.104 -350.8 -708.008 598 1040 400 25.99 30.64 127 8 2408 1 034
6059197 7531 2026/1/25 16:23:49 P18 73.58 22.16 0 7.71 38.22 949.03 969.45 310.516 509.338 3808.594 235.138 471.344 606.384 484.161 31.891 -29.297 177.307 -9.766 208.893 616.608 54.626 579.224 786.285 136.719 411.377 699.615 446.472 -5000 11.292 103.76 10.834 -8.24 22.125 280.304 59.204 418.396 894.47 378.723 -1365.509 399.17 190.277 51.27 34.637 51.88 2546.997 2501.984 2114.258 1740.112 1385.345 1023.56 664.062 205.994 -23.193 53.864 72.784 9.613 -329.59 -673.676 -1013.184 -1356.506 -1696.167 -2035.522 -2373.657 -2699.585 394.897 882.568 433.655 79.803 6.409 -342.56 -697.021 598 1040 400 25.99 30.64 127 8 2408 1 034
6059198 7531 2026/1/25 16:23:50 P18 73.55 22.19 0 7.55 38.19 949 969.41 310.974 508.728 3811.493 235.748 470.734 609.589 483.398 -33.722 -15.411 161.743 -7.172 207.214 617.676 53.711 579.071 785.217 135.651 410.767 699.158 444.794 -5000 1.373 101.166 68.359 -8.85 21.82 281.372 60.12 418.854 893.25 385.742 -1362.152 397.491 190.125 48.676 46.234 51.117 2547.607 2501.831 2113.647 1737.823 1379.852 1013.031 653.839 207.214 -24.719 42.267 70.496 7.477 -330.048 -676.88 -1015.625 -1360.474 -1702.271 -2040.863 -2384.949 -2708.435 394.44 879.974 433.655 77.057 6.409 -348.358 -703.125 588 1105 400 26.02 30.54 125 8 2408 1 034
6059199 7531 2026/1/25 16:23:51 P18 73.63 22.09 0 7.47 38.24 948.99 969.44 309.906 508.423 3809.357 234.375 468.903 608.826 483.246 -83.771 -10.986 186.92 -9.155 206.604 617.676 57.983 577.545 785.675 135.498 410.767 698.09 443.573 -5000 18.768 101.929 64.545 -5.493 21.515 281.525 59.814 415.955 890.808 390.625 -1356.506 397.797 189.056 48.828 39.673 51.422 2546.997 2501.221 2107.239 1729.126 1369.781 1003.265 646.973 205.231 -27.466 41.656 70.496 6.714 -331.879 -678.558 -1020.508 -1366.882 -1707.764 -2048.645 -2388 -2712.402 393.066 881.042 433.044 74.921 5.951 -349.274 -707.55 590 1085 400 26.03 30.54 122 8 2408 1 034
6059200 7531 2026/1/25 16:23:52 P18 73.6 22.2 0 7.64 38.23 948.97 969.43 309.448 509.338 3810.73 232.239 467.224 603.333 482.941 0.458 -13.428 164.795 -9.003 207.825 615.997 57.22 576.935 785.98 134.43 409.698 697.174 443.726 -5000 -0.61 101.624 61.798 -8.85 22.278 279.999 59.967 416.107 891.113 378.265 -1356.812 397.491 189.209 48.981 37.231 51.575 2545.929 2501.221 2124.786 1750.183 1394.806 1030.426 672.302 204.773 -21.667 51.575 72.479 4.883 -328.827 -672.76 -1011.353 -1354.675 -1694.946 -2033.844 -2367.249 -2694.855 393.982 875.244 432.739 79.193 7.019 -345.154 -699.31 590 1085 400 26.03 30.54 122 8 2408 1 034
6059201 7531 2026/1/25 16:23:53 P18 73.58 22.21 0 7.66 38.23 948.99 969.43 307.159 507.355 3808.899 230.103 467.682 599.518 483.551 -6.714 10.223 209.045 -8.698 209.045 617.828 58.746 575.867 784.454 133.514 408.936 696.564 442.505 -5000 -0.305 100.25 90.637 -6.866 21.515 280.151 58.136 415.344 890.808 393.677 -1355.286 397.186 189.514 48.37 41.809 51.27 2543.335 2501.984 2113.495 1745.605 1387.482 1025.543 666.199 203.857 -26.093 57.22 72.021 4.425 -328.522 -673.37 -1014.099 -1358.032 -1698.608 -2037.506 -2373.962 -2702.179 393.066 878.296 432.739 79.651 7.935 -344.543 -700.073 598 1065 400 26.02 30.51 121 8 2408 1 034
6059202 7531 2026/1/25 16:23:54 P18 73.61 22.15 0 7.57 38.26 949 969.43 311.127 509.033 3808.899 226.898 466.919 603.943 483.856 -52.948 1.221 175.323 -8.392 208.13 614.929 59.814 575.104 785.217 132.599 408.478 695.801 441.895 -5000 -3.51 100.25 22.583 -7.172 21.973 280.762 58.136 415.192 883.789 413.666 -1357.422 396.271 188.751 47.455 35.4 51.422 2545.776 2502.899 2113.8 1737.213 1379.089 1012.421 652.618 202.332 -26.398 39.062 73.853 4.73 -327.759 -672.913 -1012.726 -1358.337 -1700.134 -2039.795 -2378.998 -2704.62 393.982 877.075 434.113 77.972 8.698 -345.764 -702.515 598 1065 400 26.02 30.51 121 8 2408 1 034
6059203 7531 2026/1/25 16:23:55 P18 73.67 22.23 0 7.64 38.23 948.98 969.42 311.127 506.287 3806.915 228.729 465.546 600.891 483.551 19.073 3.662 176.697 -8.545 206.757 617.065 62.256 574.646 786.133 132.446 408.478 693.817 440.826 -5000 -3.815 102.386 -5.493 -8.85 21.21 279.999 58.899 414.886 885.925 379.181 -1358.49 395.05 190.43 50.812 40.436 52.032 2544.098 2502.441 2108.002 1732.33 1371.765 1004.486 649.109 202.179 -28.839 40.131 71.716 5.493 -330.963 -677.185 -1018.982 -1363.983 -1705.78 -2045.746 -2385.254 -2710.571 393.066 875.244 431.366 75.836 7.629 -348.663 -707.245 593 1100 400 26.02 30.57 118 8 2408 1 034
6059204 7531 2026/1/25 16:23:56 P18 73.55 22.19 0 7.57 38.38 948.98 969.43 311.737 506.744 3804.169 229.797 465.24 600.433 484.161 26.398 -20.752 189.667 -8.087 208.435 617.981 62.561 574.188 782.776 132.294 407.715 694.58 437.622 -5000 -2.899 103.76 -32.501 -7.629 21.362 279.846 56.915 414.276 885.773 379.333 -1358.032 395.05 187.225 47.913 41.504 51.422 2544.556 2501.526 2116.241 1745.605 1389.008 1026.611 670.776 204.315 -30.823 29.755 70.801 8.545 -330.2 -674.438 -1012.878 -1356.964 -1695.862 -2035.217 -2370.148 -2696.686 392.456 873.718 431.366 78.583 7.782 -346.069 -699.31 593 1100 400 26.02 30.57 118 8 2408 1 034
6059205 7531 2026/1/25 16:23:57 P18 73.51 22.16 0 7.54 38.31 948.97 969.44 307.922 509.491 3803.711 228.271 463.257 599.213 482.941 -6.714 -33.722 187.225 -9.155 207.52 615.082 60.12 573.12 785.37 130.92 407.715 694.733 439.758 -5000 1.068 102.692 38.605 -8.545 21.973 279.388 58.136 413.971 886.383 388.184 -1361.694 396.576 188.141 49.591 43.64 52.032 2546.082 2502.289 2115.936 1740.57 1386.719 1023.712 662.842 201.263 -24.109 35.248 70.496 7.477 -329.285 -672.913 -1011.047 -1355.591 -1696.167 -2035.522 -2375.488 -2700.5 394.897 870.819 431.366 79.041 7.172 -344.849 -699.768 590 1065 400 26 30.53 115 8 2408 1 034
6059206 7531 2026/1/25 16:23:58 P18 73.54 22.15 0 7.59 38.19 949.01 969.43 308.99 508.27 3802.185 227.051 464.783 600.891 484.009 -16.937 -19.684 187.378 -6.714 205.994 616.76 67.139 572.662 786.591 130.463 407.715 693.512 438.843 -5000 4.73 102.539 18.921 -8.698 21.515 279.541 58.289 414.124 875.702 381.927 -1356.659 393.372 186.92 50.507 41.504 51.27 2546.997 2501.984 2111.664 1736.603 1377.106 1012.115 654.755 201.569 -28.687 38.147 71.106 5.951 -328.522 -674.286 -1014.557 -1357.422 -1700.439 -2040.558 -2378.235 -2706.299 392.456 871.124 432.892 75.378 9.918 -348.358 -705.566 590 1065 400 26 30.53 115 8 2408 1 034
6059207 7531 2026/1/25 16:23:59 P18 73.55 22.16 0 7.47 38.2 948.99 969.42 308.075 505.676 3801.727 228.577 463.409 598.755 484.009 -54.626 -31.128 171.204 -8.545 207.672 614.777 65.155 571.289 785.522 130.157 406.189 691.071 437.469 -5000 2.899 100.861 13.275 -8.85 21.515 279.999 59.509 414.124 879.364 386.963 -1356.506 393.829 185.852 52.032 32.501 51.27 2544.098 2500.916 2112.732 1740.875 1385.345 1021.576 668.793 205.078 -27.313 44.25 69.58 7.019 -333.557 -679.626 -1018.982 -1361.694 -1701.508 -2039.795 -2377.167 -2701.721 391.083 866.394 431.976 77.82 5.493 -346.527 -702.515 602 1055 400 25.98 30.57 113 8 2408 1 034
6059208 7531 2026/1/25 16:24:00 P18 73.55 22.15 0 7.47 38.16 948.95 969.42 308.075 506.287 3799.896 227.356 461.578 589.142 484.619 43.488 -21.362 179.443 -7.935 205.841 615.692 66.528 570.984 785.065 130.31 405.579 692.444 438.232 -5000 -6.256 100.861 4.883 -9.003 20.905 279.083 56.61 414.429 882.874 378.265 -1356.354 393.677 187.836 51.117 37.384 52.185 2546.539 2500.916 2118.683 1745.148 1390.076 1027.679 669.708 204.163 -25.94 30.212 70.343 8.392 -329.895 -672.607 -1009.521 -1352.234 -1693.115 -2032.471 -2369.995 -2695.465 392.609 867.31 433.044 78.735 7.172 -344.696 -697.021 598 1085 400 25.98 30.49 110 8 2408 1 034
6059209 7531 2026/1/25 16:24:01 P18 73.54 22.15 0 7.59 38.16 948.99 969.43 307.617 505.676 3799.133 226.746 460.968 593.567 482.788 -12.665 -18.311 200.043 -7.629 207.214 615.997 64.697 570.984 785.675 129.852 406.952 692.139 436.249 -5000 -8.545 100.708 14.191 -7.782 21.515 279.236 56.61 413.361 881.042 383.148 -1359.711 392.609 186.462 51.117 38.147 52.185 2544.708 2502.289 2115.326 1741.333 1382.904 1019.745 662.384 200.043 -30.823 27.618 71.564 5.035 -331.879 -677.185 -1016.388 -1360.016 -1699.371 -2039.032 -2375.793 -2703.552 389.252 866.699 430.298 77.362 8.698 -346.68 -701.599 598 1085 400 25.98 30.49 110 8 2408 1 034
6059210 7531 2026/1/25 16:24:02 P18 73.55 22.19 0 7.64 38.26 948.98 969.42 308.533 507.66 3798.523 223.083 460.968 599.67 483.398 -79.193 -9.766 177.612 -8.698 205.688 614.471 66.528 569.916 784.912 128.174 405.121 690.918 437.775 -5000 0.153 101.776 38.147 -9.003 21.057 278.473 57.373 413.361 880.28 377.502 -1358.643 391.846 186.768 51.422 43.793 52.185 2546.387 2502.289 2111.816 1733.551 1376.19 1008.911 651.855 201.111 -25.635 28.534 71.106 4.425 -332.184 -675.507 -1016.541 -1360.321 -1701.965 -2042.084 -2381.287 -2708.435 391.693 864.258 432.281 76.904 7.172 -345.764 -704.041 599 1030 400 25.96 30.48 107 8 2408 1 034
6059211 7531 2026/1/25 16:24:03 P18 73.4 22.23 0 7.48 38.13 948.99 969.42 311.432 505.676 3796.844 222.626 459.137 594.177 483.704 81.329 -13.428 189.819 -9.613 204.315 613.556 68.665 568.848 784.302 128.174 404.663 689.697 435.181 -5000 0.153 103.607 50.049 -7.172 21.057 277.863 56.458 413.055 875.854 388.641 -1356.812 391.083 185.547 57.373 42.877 51.88 2548.828 2502.594 2113.953 1741.18 1386.414 1022.949 668.488 204.468 -28.687 44.25 70.953 10.071 -331.421 -676.88 -1015.32 -1359.406 -1701.508 -2038.116 -2371.979 -2698.517 393.829 864.41 432.129 77.667 6.714 -348.053 -702.667 599 1030 400 25.96 30.48 107 8 2408 1 034
6059212 7531 2026/1/25 16:24:04 P18 73.53 22.17 0 7.57 38.24 967.11 969.42 305.786 508.575 3795.166 225.677 459.29 594.482 483.398 11.749 3.662 202.789 -9.46 205.688 613.556 66.681 568.695 785.217 127.411 404.053 689.24 436.707 -5000 12.665 103.302 38.605 -8.545 21.973 278.32 56.915 413.208 878.296 365.143 -1357.117 392.914 186.31 51.117 40.436 50.659 2546.387 2501.831 2117.004 1744.843 1389.008 1026.764 670.013 206.299 -28.839 46.692 70.038 9.766 -329.285 -674.591 -1012.421 -1357.269 -1696.93 -2035.065 -2371.521 -2698.975 389.709 858.917 433.044 78.583 5.341 -343.781 -700.378 599 1030 400 25.96 30.48 107 8 2408 1 034
6059213 7531 2026/1/25 16:24:05 P18 73.47 22.15 0 7.62 38.2 948.98 969.43 306.091 505.066 3794.708 227.051 458.069 592.346 482.025 3.357 -14.801 193.329 -8.85 205.688 615.082 70.496 568.39 785.675 127.106 403.9 689.087 435.181 -5000 -10.223 102.997 -12.512 -8.545 21.667 278.015 57.831 412.292 876.16 375.519 -1358.49 390.93 186.92 48.218 40.741 52.032 2541.504 2502.594 2113.342 1739.197 1384.43 1019.592 663.605 205.231 -31.281 31.128 71.106 8.545 -330.2 -673.828 -1014.557 -1358.49 -1698.914 -2038.574 -2376.862 -2703.4 390.625 861.664 434.875 75.378 7.935 -345.917 -701.904 591 1050 400 26 30.62 105 8 2408 1 034
6059214 7531 2026/1/25 16:24:06 P18 73.53 22.1 0 7.64 38.17 948.95 969.41 308.38 505.829 3793.03 222.015 457.764 586.853 482.635 81.635 -41.656 192.871 -9.155 206.604 613.708 67.749 567.322 782.013 126.495 403.748 689.087 433.044 -5000 9.155 103.149 25.635 -8.087 21.362 278.32 57.983 412.75 876.617 394.745 -1358.643 389.862 186.768 52.032 44.403 50.659 2547.15 2502.441 2110.443 1736.45 1378.021 1015.778 661.011 201.263 -30.975 36.621 70.953 3.967 -330.353 -677.948 -1017.151 -1360.168 -1700.897 -2039.032 -2376.099 -2702.484 388.641 855.56 431.061 75.836 7.172 -344.696 -701.904 591 1050 400 26 30.62 105 8 2408 1 034
6059215 7531 2026/1/25 16:24:07 P18 73.47 22.09 0 7.57 38.14 967.12 969.45 309.143 505.676 3792.725 222.931 457.153 592.651 482.941 4.272 -25.33 185.394 -8.698 204.773 614.471 71.411 566.559 785.37 125.732 402.527 688.171 434.265 -5000 -0.153 102.692 13.123 -8.85 21.973 277.71 56.305 412.445 874.481 386.658 -1359.253 390.32 187.378 50.659 38.3 52.338 2545.776 2501.526 2114.41 1742.401 1387.634 1024.17 668.182 201.569 -28.839 38.147 69.885 8.087 -331.116 -674.744 -1013.336 -1356.964 -1697.388 -2036.133 -2371.826 -2697.906 390.32 854.645 431.671 77.972 8.85 -341.187 -697.784 591 1000 400 25.96 30.55 102 8 2408 1 034
6059216 7531 2026/1/25 16:24:08 P18 73.41 22.19 0 7.5 38.19 967.12 969.41 310.822 505.829 3790.894 223.389 456.39 592.957 483.704 -117.95 2.899 183.716 -7.935 206.146 614.166 69.427 567.322 784.302 125.427 402.374 687.408 433.807 -5000 13.275 102.997 59.357 -8.24 21.362 277.557 57.678 412.292 873.108 374.146 -1356.049 389.404 184.479 51.27 38.605 51.727 2547.76 2502.747 2115.784 1745.605 1387.329 1024.475 668.335 204.315 -29.297 34.485 71.716 7.782 -331.879 -675.507 -1012.726 -1356.964 -1696.472 -2035.217 -2371.674 -2699.28 389.099 859.68 433.197 78.735 5.646 -343.933 -698.09 591 1000 400 25.96 30.55 102 8 2408 1 034
6059217 7531 2026/1/25 16:24:09 P18 73.47 22.23 0 7.54 38.23 967.1 969.41 308.99 505.981 3789.978 218.353 455.322 591.583 482.788 -42.877 9.613 195.618 -8.85 205.536 614.624 69.275 565.948 782.013 125.275 401.917 686.188 433.96 -5000 6.409 108.032 55.389 -9.766 21.057 277.557 57.22 411.682 874.023 394.287 -1359.253 389.099 185.242 50.049 40.131 51.727 2547.455 2503.204 2114.258 1739.044 1382.446 1018.219 660.858 202.789 -30.975 35.095 70.801 8.85 -331.116 -675.201 -1015.015 -1359.406 -1699.219 -2040.558 -2378.693 -2704.468 389.709 856.171 431.824 75.073 6.104 -343.933 -700.378 595 1005 400 25.98 30.65 101 8 2408 1 034
6059218 7531 2026/1/25 16:24:10 P18 73.51 22.09 0 7.64 38.16 967.12 969.44 307.922 507.965 3789.368 221.1 455.627 593.567 483.398 -65.918 7.477 194.702 -8.24 205.688 614.471 73.7 564.88 784.302 124.817 401.459 685.883 431.671 -5000 8.698 101.166 20.142 -7.477 21.362 277.557 55.542 412.292 868.53 376.892 -1358.032 388.184 184.631 47.455 38.91 50.201 2548.37 2502.289 2111.816 1735.84 1380.005 1016.846 662.384 201.721 -29.297 42.114 71.716 7.935 -333.099 -678.558 -1017.609 -1360.626 -1701.05 -2039.49 -2376.404 -2701.721 390.167 856.018 433.807 77.057 7.172 -345.764 -702.362 591 1020 400 26 30.61 98 8 2408 1 034
6059219 7531 2026/1/25 16:24:11 P18 73.43 22.06 0 7.48 38.26 967.13 969.44 306.702 503.235 3787.384 220.184 453.949 584.259 483.093 -27.924 15.869 205.688 -8.392 203.705 613.556 73.547 563.965 783.997 124.054 401.459 685.577 431.671 -5000 5.646 102.234 -30.06 -8.087 20.752 277.252 57.373 410.614 872.192 389.252 -1356.354 388.184 185.547 48.065 39.215 50.507 2545.319 2503.357 2116.089 1743.469 1387.177 1025.391 670.166 201.721 -30.212 43.793 71.716 7.782 -331.421 -676.727 -1014.252 -1358.032 -1697.693 -2035.98 -2372.589 -2698.059 386.963 850.525 432.434 74.615 6.256 -346.222 -700.684 591 1020 400 26 30.61 98 8 2408 1 034
6059220 7531 2026/1/25 16:24:12 P18 73.44 22.2 0 7.47 38.25 967.09 969.42 307.465 504.761 3782.501 220.337 454.559 585.785 482.33 -31.128 0.763 181.274 -9.46 206.909 612.488 73.853 563.965 785.065 122.986 400.848 685.272 429.993 -5000 9.155 101.929 34.943 -7.019 20.905 276.794 55.847 411.682 867.004 384.827 -1357.574 388.031 183.868 47.302 44.098 51.575 2541.504 2502.136 2116.699 1744.69 1388.702 1026.611 671.997 200.958 -32.959 38.147 69.885 4.272 -330.658 -674.744 -1012.726 -1356.812 -1696.472 -2035.522 -2366.486 -2695.923 388.489 851.593 431.671 77.515 7.477 -343.475 -697.937 599 985 400 25.98 30.68 96 8 2408 1 034
6059221 7531 2026/1/25 16:24:13 P18 73.34 22.13 0 7.45 38.28 967.09 969.44 308.838 505.829 3785.4 220.947 452.423 589.905 483.551 -36.011 -28.992 172.729 -8.24 205.841 615.54 74.463 564.117 784.76 123.444 400.543 685.12 430.908 -5000 4.883 100.555 51.117 -7.629 21.21 276.794 55.542 407.41 866.547 392.761 -1359.406 387.268 182.953 52.795 37.994 52.185 2544.861 2501.221 2110.901 1732.483 1375.732 1010.895 655.67 202.789 -30.975 68.054 73.242 6.104 -330.2 -676.117 -1016.388 -1361.847 -1702.576 -2043.152 -2382.355 -2705.688 388.489 852.814 433.197 75.989 9.003 -346.985 -706.787 599 985 400 25.98 30.68 96 8 2408 1 034
6059222 7531 2026/1/25 16:24:14 P18 73.43 22.15 0 7.55 38.29 967.11 969.44 307.77 505.371 3784.79 216.98 451.965 588.989 483.093 -101.929 6.409 192.871 -8.698 206.909 613.708 77.209 563.049 784.912 122.528 399.78 682.983 429.688 -5000 1.068 101.318 -8.85 -7.019 21.21 276.794 55.084 410.004 863.19 392.151 -1364.136 387.421 183.105 52.643 39.978 51.27 2548.218 2500 2112.732 1735.992 1381.073 1018.982 661.926 198.822 -34.943 46.387 64.697 5.188 -331.421 -676.422 -1015.472 -1360.931 -1700.134 -2040.558 -2377.625 -2700.5 387.268 850.22 431.061 75.378 6.866 -348.358 -704.041 599 985 400 25.98 30.68 96 8 2408 1 034
6059223 7531 2026/1/25 16:24:15 P18 73.46 22.12 0 7.66 38.15 967.09 969.44 310.516 505.371 3784.18 217.438 452.423 586.09 482.635 -42.877 5.341 182.037 -9.308 205.078 613.251 77.667 562.592 784.454 122.833 400.085 682.373 431.061 -5000 -3.662 102.844 15.717 -8.85 21.362 277.1 58.746 409.088 863.647 386.963 -1361.694 386.81 184.326 52.185 37.994 50.507 2547.913 2500.61 2115.479 1741.638 1388.092 1023.865 667.114 204.163 -30.06 47.302 70.801 8.85 -331.268 -675.354 -1013.336 -1356.201 -1696.472 -2035.37 -2371.063 -2695.923 388.184 850.525 433.35 77.82 7.477 -346.222 -700.989 594 995 400 25.99 30.68 93 8 2408 1 034
6059224 7531 2026/1/25 16:24:16 P18 73.4 22.12 0 7.57 38.21 967.12 969.45 307.77 504.456 3783.264 216.522 452.423 588.379 483.246 92.926 10.223 179.749 -8.545 203.552 611.572 78.125 561.676 785.217 121.765 399.017 682.22 430.908 -5000 -1.831 102.844 43.03 -9.155 20.752 276.184 56.61 408.325 863.342 387.421 -1357.727 385.437 182.343 52.032 44.556 51.422 2546.082 2501.831 2114.41 1742.096 1388.245 1024.475 669.708 201.569 -33.722 54.779 70.496 4.272 -327.606 -669.861 -1010.895 -1356.201 -1697.388 -2036.743 -2374.573 -2700.043 388.184 847.473 433.655 77.515 5.341 -347.748 -701.294 594 995 400 25.99 30.68 93 8 2408 1 034
6059225 7531 2026/1/25 16:24:17 P18 73.41 22.1 0 7.45 38.26 967.12 969.45 308.38 505.981 3780.823 217.285 452.423 585.938 483.093 3.357 -24.261 193.481 -6.561 204.163 613.403 76.447 561.066 784.454 121.155 399.475 681.152 428.467 -5000 -4.883 103.607 45.624 -8.392 20.905 276.337 55.084 409.546 865.631 389.557 -1359.863 386.353 182.648 48.828 47.607 51.727 2549.591 2502.289 2112.579 1734.619 1378.021 1006.47 652.771 202.637 -33.264 53.711 69.885 8.087 -330.2 -676.88 -1015.93 -1361.847 -1701.508 -2041.779 -2379.761 -2701.874 387.878 846.558 431.519 74.615 4.73 -348.053 -704.193 603 970 400 25.99 30.57 90 8 2408 1 034
6059226 7531 2026/1/25 16:24:18 P18 73.34 22.13 0 7.42 38.18 967.1 969.42 307.77 504.913 3781.281 216.827 450.439 588.379 482.788 32.196 -27.008 191.193 -8.698 204.163 611.877 81.482 560.608 785.37 120.392 398.712 681.152 428.925 -5000 -0.458 102.234 72.327 -9.155 20.294 273.59 55.237 409.546 864.41 375.824 -1361.237 385.437 182.343 50.354 42.419 51.727 2547.15 2502.441 2113.8 1737.671 1383.82 1019.592 663.605 201.263 -30.823 54.779 71.564 9.155 -329.59 -675.201 -1013.641 -1358.643 -1698.608 -2036.438 -2374.115 -2696.838 388.641 844.116 432.892 77.972 9.308 -343.018 -698.395 603 970 400 25.99 30.57 90 8 2408 1 034
6059227 7531 2026/1/25 16:24:19 P18 73.38 22.08 0 7.5 38.34 967.1 969.44 306.396 504.456 3778.839 215.302 452.576 581.818 482.635 -31.586 -0.916 142.67 -2.136 204.01 612.793 78.888 562.134 781.097 121.155 399.17 679.779 427.551 -5000 15.411 98.724 -5.646 -8.545 20.752 275.879 54.932 408.936 864.105 372.925 -1357.269 384.827 182.343 45.929 31.433 54.779 2543.03 2501.221 2116.547 1743.317 1389.16 1025.543 669.556 201.874 -31.128 45.166 70.19 8.087 -331.726 -675.964 -1013.336 -1357.422 -1696.014 -2034.912 -2371.674 -2696.533 387.726 842.59 433.655 76.141 3.662 -346.527 -702.82 595 960 400 25.98 30.59 89 8 2408 1 034
6059228 7531 2026/1/25 16:24:20 P18 73.38 22.19 0 7.59 38.19 967.14 969.45 308.533 505.524 3779.755 214.996 450.287 588.226 482.635 66.986 -12.207 153.656 -9.003 203.705 612.946 80.719 560.455 783.234 118.103 398.254 680.542 428.925 -5000 12.054 103.149 -2.899 -7.324 23.499 275.879 54.474 408.783 858.917 382.843 -1361.694 384.674 182.19 50.201 32.654 52.032 2542.267 2502.441 2109.833 1729.584 1371.307 1002.96 648.193 204.163 -28.839 55.084 70.648 8.392 -331.879 -679.321 -1020.355 -1364.441 -1706.085 -2045.441 -2386.017 -2708.893 387.726 842.59 434.57 74.768 6.714 -347.9 -707.703 591 980 400 26 30.56 86 8 2408 1 034
6059229 7531 2026/1/25 16:24:21 P18 73.37 22.17 0 7.47 38.23 967.12 969.43 306.244 504.303 3778.076 215.302 449.524 584.412 482.483 36.316 -6.104 178.375 -7.935 203.094 613.403 81.787 559.998 783.997 119.934 398.102 679.626 428.467 -5000 9.613 99.64 -54.626 -7.172 22.43 276.031 54.626 408.02 862.885 371.399 -1358.49 384.827 182.343 46.692 37.537 51.575 2546.539 2502.289 2113.953 1736.908 1380.768 1015.93 658.722 200.348 -32.501 52.032 70.496 4.425 -333.099 -677.948 -1017.761 -1361.542 -1702.118 -2041.626 -2379.913 -2703.857 386.353 841.675 430.603 75.378 7.477 -346.069 -705.109 591 980 400 26 30.56 86 8 2408 1 034
6059230 7531 2026/1/25 16:24:22 P18 73.34 22.1 0 7.64 38.17 967.14 969.46 306.549 503.387 3775.482 216.064 448.914 583.038 482.025 -24.261 11.444 190.43 -9.46 203.4 612.183 85.297 558.472 783.844 118.866 397.186 678.253 428.314 -5000 21.515 103.76 -4.73 -7.324 21.057 275.421 54.932 408.936 857.086 370.789 -1360.168 383.606 182.8 49.438 37.079 51.575 2546.234 2500.763 2114.258 1740.723 1384.583 1020.966 665.283 203.4 -31.281 32.196 70.343 8.698 -331.116 -676.727 -1015.015 -1359.1 -1699.066 -2037.354 -2375.488 -2700.958 387.421 846.405 431.824 75.836 4.883 -347.29 -703.888 591 965 400 26.02 30.68 84 8 2408 1 034
6059231 7531 2026/1/25 16:24:23 P18 73.36 22.17 0 7.54 38.27 967.1 969.45 306.244 505.371 3776.245 213.776 448.914 584.717 482.483 39.673 19.989 158.386 -8.85 201.874 613.098 84.991 558.167 783.386 118.713 396.881 677.948 425.415 -5000 -0.305 105.133 11.292 -6.866 22.278 275.116 56.458 406.036 859.68 370.789 -1358.032 383.759 181.274 53.864 39.215 52.338 2546.692 2502.441 2115.479 1743.774 1389.618 1026.611 669.556 201.263 -31.281 24.872 73.09 9.155 -328.369 -673.218 -1011.505 -1354.828 -1694.794 -2033.386 -2367.554 -2696.381 389.404 841.37 433.807 79.346 6.866 -343.933 -696.716 591 965 400 26.02 30.68 84 8 2408 1 034
6059232 7531 2026/1/25 16:24:24 P18 73.31 22.09 0 7.57 38.2 967.14 969.47 307.617 504.761 3774.414 211.487 447.693 584.259 482.178 -102.997 -34.027 168.304 -8.24 201.569 607.91 84.991 559.082 784.149 119.019 397.339 678.711 426.636 -5000 19.989 108.49 -0.61 -7.629 22.125 276.337 55.542 406.189 855.255 372.467 -1356.506 383.148 181.885 50.964 45.929 50.354 2545.471 2501.068 2109.833 1730.652 1373.444 1007.996 651.245 199.738 -34.332 26.398 72.632 4.12 -331.421 -677.185 -1018.372 -1364.288 -1705.475 -2045.441 -2384.949 -2708.13 384.827 838.318 432.129 72.174 7.172 -350.8 -708.771 600 960 400 26 30.59 83 8 2408 1 034
6059233 7531 2026/1/25 16:24:25 P18 73.31 22.09 0 7.57 38.2 967.12 969.45 306.091 503.082 3774.719 208.74 447.54 574.493 482.788 82.55 -40.741 172.882 -9.003 204.315 611.267 86.823 557.861 782.471 118.256 396.423 676.88 425.415 -5000 -3.662 107.88 6.104 -9.155 21.057 275.421 54.932 405.426 856.323 359.497 -1357.269 383.453 180.817 52.338 41.199 52.032 2549.133 2501.068 2113.342 1735.687 1379.395 1015.93 660.4 201.111 -29.602 20.447 71.869 9.308 -331.879 -677.032 -1015.32 -1360.931 -1700.439 -2040.1 -2377.93 -2701.874 389.099 837.402 433.35 78.125 7.019 -345.764 -702.362 591 885 400 25.98 30.59 82 8 2408 1 034
6059234 7531 2026/1/25 16:24:26 P18 73.37 22.17 0 7.54 38.19 967.12 969.45 305.481 502.777 3771.515 213.013 446.93 581.207 482.483 -59.509 -39.673 156.403 -9.155 202.179 611.572 91.858 557.251 784.302 117.34 396.423 677.185 428.619 -5000 0 108.337 55.847 -9.46 20.905 275.726 55.847 408.325 850.067 364.838 -1356.506 382.69 180.817 45.776 44.25 51.117 2545.776 2503.357 2115.936 1743.011 1387.787 1024.017 669.098 197.601 -33.264 48.676 71.869 5.493 -331.573 -675.201 -1014.099 -1357.269 -1697.54 -2035.828 -2373.505 -2698.364 386.658 836.334 430.603 77.362 9.308 -346.68 -700.836 595 895 400 25.95 30.63 81 8 2408 1 034
6059235 7531 2026/1/25 16:24:27 P18 73.36 22.17 0 7.59 38.16 967.13 969.45 307.922 504.761 3773.041 213.013 448.303 583.344 481.873 -55.542 -22.125 165.405 -9.003 202.026 611.42 88.043 556.641 784.302 117.645 396.118 676.27 424.805 -5000 5.646 109.711 75.989 -9.46 20.905 276.184 55.847 406.952 856.781 400.696 -1356.049 382.385 181.58 49.744 46.082 50.964 2546.387 2499.542 2109.07 1732.025 1371.155 1004.181 648.651 197.144 -34.027 26.55 70.19 5.188 -332.947 -679.169 -1020.203 -1364.899 -1706.696 -2046.204 -2386.322 -2710.419 385.284 833.588 429.993 73.395 6.104 -348.511 -707.397 604 895 400 26 30.61 80 8 2408 1 034
6059236 7531 2026/1/25 16:24:28 P18 73.24 22.19 0 7.45 38.1 967.11 969.43 306.702 502.777 3771.515 212.25 446.625 581.055 482.635 32.196 9.613 199.585 -7.019 201.874 611.42 91.4 556.793 783.844 117.188 395.66 675.507 425.415 -5000 0.458 108.337 34.79 -9.155 20.905 275.726 55.542 404.816 852.356 361.023 -1356.659 381.775 182.19 46.539 37.384 51.575 2547.607 2502.747 2110.443 1732.025 1373.291 1009.827 652.466 198.059 -33.875 34.332 75.073 7.172 -329.742 -676.27 -1016.693 -1360.931 -1702.271 -2041.321 -2380.066 -2704.315 386.658 834.961 432.129 73.547 9.766 -345.306 -703.278 594 885 400 26.02 30.65 79 8 2408 1 034
6059237 7531 2026/1/25 16:24:29 P18 73.26 22.13 0 7.59 38.25 967.09 969.46 308.99 504.15 3767.242 214.844 445.862 579.834 483.093 -41.809 -7.172 171.051 -8.545 202.026 610.657 88.654 556.793 785.217 115.967 395.203 675.201 426.178 -5000 17.395 102.081 86.212 -9.003 22.43 275.116 54.932 404.358 855.56 346.222 -1355.896 382.08 180.054 48.37 41.199 50.964 2545.776 2502.594 2113.19 1736.298 1381.836 1016.693 658.722 198.669 -33.722 40.283 69.58 5.188 -332.642 -678.253 -1017.914 -1361.847 -1701.355 -2040.558 -2376.556 -2700.653 387.878 831.909 438.08 75.378 4.73 -345.154 -702.515 604 835 400 25.96 30.68 78 8 2408 1 034
6059238 7531 2026/1/25 16:24:30 P18 73.31 22.16 0 7.55 38.23 967.13 969.42 303.955 503.235 3769.531 207.977 445.709 580.444 482.33 -64.392 -25.482 180.511 -5.341 201.263 607.3 89.417 557.404 784.912 116.73 394.897 673.828 425.72 -5000 12.36 104.98 38.147 -8.698 21.973 274.811 54.321 405.426 854.492 357.819 -1361.389 380.859 179.901 50.659 35.095 52.032 2548.37 2501.984 2115.479 1742.554 1389.008 1026.001 669.098 199.738 -33.417 23.346 68.665 9.308 -332.184 -674.591 -1013.489 -1356.964 -1696.93 -2035.675 -2372.284 -2697.449 385.132 831.604 430.756 77.972 3.51 -346.527 -700.378 604 820 400 25.99 30.56 78 8 2408 1 034
6059239 7531 2026/1/25 16:24:31 P18 73.3 22.12 0 7.52 38.19 967.14 969.46 308.685 503.693 3767.7 210.876 445.557 579.529 482.635 -148.926 0.763 165.71 -9.155 202.789 609.741 88.043 556.641 784.149 116.577 394.897 673.523 422.516 -5000 1.068 102.997 102.234 -9.46 22.583 274.658 55.542 406.799 852.509 372.925 -1356.659 381.47 180.359 47.913 42.114 51.575 2547.76 2503.204 2109.07 1730.957 1369.934 1003.418 647.888 198.822 -35.706 18.005 71.411 6.409 -329.742 -676.27 -1018.524 -1363.678 -1704.559 -2045.746 -2384.796 -2709.961 386.963 834.351 431.976 71.869 8.698 -349.579 -707.703 604 820 400 25.99 30.56 78 8 2408 1 034
6059240 7531 2026/1/25 16:24:32 P18 73.36 22.13 0 7.64 38.23 967.13 969.45 305.634 504.913 3766.022 208.74 446.32 581.512 482.178 72.784 5.798 178.07 -8.85 202.637 610.352 89.722 555.725 784.149 115.814 394.897 673.37 425.11 -5000 5.951 102.844 -9.766 -7.324 22.43 274.353 53.864 404.816 849.609 371.857 -1357.117 379.944 179.291 46.234 38.452 51.117 2544.861 2501.526 2113.037 1736.298 1379.852 1015.167 658.417 196.075 -34.027 31.128 71.716 6.104 -331.726 -678.864 -1017.914 -1362.457 -1703.796 -2043.152 -2381.592 -2706.451 384.369 827.789 430.908 76.294 7.629 -349.121 -704.498 599 825 400 26 30.57 77 8 2408 1 034
6059241 7531 2026/1/25 16:24:33 P18 73.34 22.19 0 7.47 38.25 967.12 969.46 308.533 502.472 3761.292 209.503 443.726 580.444 482.635 25.33 -10.376 185.699 -9.155 202.332 612.64 93.079 556.641 783.997 115.051 394.135 672.15 422.974 -5000 1.984 104.065 69.275 -7.172 22.278 274.506 54.474 404.205 850.83 362.396 -1358.032 381.47 179.443 49.896 37.079 52.185 2545.471 2502.747 2115.173 1738.586 1383.362 1018.219 663.147 199.89 -36.926 29.602 73.853 10.681 -328.369 -673.37 -1013.947 -1358.948 -1698.608 -2037.659 -2374.573 -2699.585 390.32 832.062 433.197 77.82 8.24 -344.849 -700.226 601 830 400 25.99 30.62 76 8 2408 1 034
6059242 7531 2026/1/25 16:24:34 P18 73.29 22.13 0 7.67 38.31 967.1 969.44 310.516 505.371 3763.885 211.639 444.946 573.73 482.33 6.104 1.221 173.95 -8.24 202.484 611.42 91.248 554.504 781.708 115.509 393.982 672.455 422.668 -5000 5.188 104.98 60.883 -6.714 21.973 274.658 53.711 405.579 849.457 368.042 -1356.049 380.249 178.68 44.861 35.248 51.27 2547.76 2501.221 2116.547 1743.774 1388.397 1025.085 669.708 197.296 -37.384 28.687 66.528 5.798 -331.268 -675.964 -1013.184 -1357.117 -1695.709 -2035.065 -2371.826 -2696.381 380.554 826.874 431.213 76.904 6.104 -344.849 -701.141 601 830 400 25.99 30.62 76 8 2408 1 034
6059243 7531 2026/1/25 16:24:35 P18 73.33 22.13 0 7.57 38.32 967.11 969.44 307.922 502.625 3764.191 209.808 443.726 582.275 482.33 31.586 -19.226 185.699 -9.155 201.263 608.368 94.299 554.962 784.302 115.509 394.287 671.234 423.126 -5000 4.12 104.828 -6.256 -8.392 20.599 274.506 54.626 403.442 848.236 393.219 -1362.762 381.165 179.291 51.27 40.283 51.27 2547.607 2501.221 2109.985 1729.431 1370.392 1004.181 645.142 197.906 -36.926 31.586 72.174 3.204 -331.116 -677.643 -1018.982 -1364.746 -1707.001 -2046.204 -2386.78 -2709.961 383.606 828.094 429.688 73.547 6.866 -351.257 -708.466 591 780 400 25.99 30.62 76 8 2408 1 034
6059244 7531 2026/1/25 16:24:36 P18 73.26 22.16 0 7.72 38.29 967.13 969.46 306.244 502.014 3762.665 210.571 444.031 576.172 482.483 -81.635 -1.984 149.994 -8.85 201.721 610.657 96.436 553.741 785.37 112.61 393.066 671.692 423.126 -5000 3.204 104.675 22.736 -8.85 21.362 274.353 54.932 404.968 848.541 387.573 -1356.354 380.096 178.68 46.539 36.621 51.727 2547.15 2502.136 2112.579 1736.603 1379.395 1014.099 659.18 197.754 -34.943 28.076 71.106 7.782 -332.031 -676.88 -1016.388 -1360.016 -1700.439 -2040.253 -2378.693 -2703.857 385.284 829.468 431.366 76.447 8.698 -348.053 -704.956 591 780 400 26.02 30.61 76 8 2408 1 034
6059245 7531 2026/1/25 16:24:37 P18 73.3 22.13 0 7.59 38.25 967.13 969.43 307.77 504.15 3761.597 209.503 443.726 578.308 482.33 69.733 -8.392 153.351 -8.85 200.806 609.283 92.926 554.352 784.302 114.288 392.761 670.319 423.126 -5000 -3.51 103.912 -26.093 -7.324 22.888 274.963 53.711 403.748 848.694 369.11 -1356.506 380.554 178.528 50.049 42.419 52.49 2544.25 2500.305 2113.8 1737.213 1383.362 1020.508 663.605 195.77 -34.027 35.4 70.038 7.629 -331.726 -677.49 -1016.235 -1360.321 -1699.677 -2039.032 -2375.946 -2700.653 386.505 824.89 431.213 75.226 5.951 -348.053 -703.583 596 790 400 26.02 30.56 75 8 2408 1 034
6059246 7531 2026/1/25 16:24:38 P18 73.3 22.19 0 7.5 38.23 967.13 969.43 309.601 504.456 3760.986 208.435 444.641 580.139 482.025 -77.209 -15.717 171.967 -7.324 201.416 610.657 94.147 551.758 783.691 114.746 393.066 670.166 421.448 -5000 0.305 103.607 17.853 -8.545 21.82 274.658 54.169 404.663 847.015 355.072 -1359.711 379.333 177.765 42.572 42.572 52.032 2546.082 2501.221 2113.037 1736.755 1378.021 1011.047 652.466 200.043 -32.654 59.814 74.31 8.545 -326.538 -672.913 -1013.184 -1358.185 -1699.524 -2039.337 -2377.93 -2704.773 386.505 824.89 433.96 75.378 8.24 -345.459 -701.904 604 800 400 26.02 30.61 75 8 2408 1 034
6059247 7531 2026/1/25 16:24:39 P18 73.31 22.12 0 7.54 38.27 967.12 969.45 303.497 502.014 3760.376 208.893 442.505 580.292 482.33 3.052 -14.496 177.612 -8.545 200.806 609.741 97.809 552.673 784.607 113.678 393.066 669.556 421.295 -5000 16.785 104.218 -12.207 -6.866 20.905 274.048 57.983 402.985 848.083 374.908 -1356.201 378.418 179.901 47.302 43.488 51.117 2546.844 2502.136 2108.612 1727.142 1371.002 1003.723 648.804 198.364 -35.4 49.286 69.275 6.409 -334.167 -679.169 -1018.524 -1364.288 -1705.17 -2045.593 -2386.475 -2705.383 384.827 821.533 430.298 71.869 6.104 -350.494 -710.297 608 795 400 25.99 30.62 74 8 2408 1 034
6059248 7531 2026/1/25 16:24:40 P18 73.38 22.17 0 7.66 38.18 967.12 969.46 307.77 502.93 3758.087 208.435 442.2 574.188 482.635 50.812 14.343 147.095 -7.019 200.348 609.436 95.367 553.131 783.997 113.068 393.524 668.488 420.532 -5000 1.373 102.539 27.618 -8.545 22.43 274.658 56.152 403.137 846.558 370.483 -1357.574 377.808 180.206 48.981 43.488 51.422 2548.523 2501.526 2111.664 1735.382 1377.563 1012.268 657.806 199.89 -33.875 36.011 71.716 6.104 -332.489 -679.779 -1019.135 -1363.983 -1705.322 -2046.509 -2383.575 -2707.367 385.284 822.449 431.519 72.784 5.493 -347.29 -705.261 596 760 400 26.02 30.54 74 8 2408 1 034
6059249 7531 2026/1/25 16:24:41 P18 73.22 22.08 0 7.57 38.28 967.11 969.45 307.007 502.777 3758.392 207.214 442.2 565.033 481.873 -44.25 -8.087 156.097 -9.155 201.111 608.978 95.825 552.979 783.844 113.22 392.761 668.335 419.464 -5000 10.986 104.828 47.76 -7.324 21.82 273.743 55.542 402.374 846.71 372.009 -1364.746 377.655 179.443 43.335 39.368 51.727 2544.861 2502.747 2112.579 1738.892 1382.141 1019.287 663.147 202.026 -33.722 35.553 71.869 10.529 -330.505 -676.27 -1014.557 -1358.795 -1698.608 -2037.201 -2374.115 -2698.669 385.59 821.075 432.129 77.515 6.104 -344.696 -702.057 604 755 400 25.98 30.6 73 8 2408 1 034
6059250 7531 2026/1/25 16:24:42 P18 73.36 22.13 0 7.59 38.25 967.12 969.45 306.549 502.014 3756.866 206.757 441.284 573.273 482.33 7.629 -2.899 142.517 -8.545 201.416 609.741 99.335 551.605 785.217 113.22 391.998 668.335 420.38 -5000 20.447 105.438 41.656 -8.087 21.057 274.048 54.932 402.222 843.353 375.366 -1357.88 379.028 176.849 50.812 34.943 51.575 2548.981 2500.763 2116.241 1743.774 1388.397 1024.323 668.945 197.296 -35.248 46.692 68.817 5.341 -338.745 -686.34 -1023.56 -1364.136 -1703.491 -2041.626 -2375.488 -2701.416 383.759 819.855 430.298 76.141 7.324 -343.323 -697.937 593 760 400 26 30.67 73 8 2408 1 034
6059251 7531 2026/1/25 16:24:43 P18 73.29 22.16 0 7.42 38.12 967.13 969.45 308.075 501.099 3756.256 206.299 441.895 578.766 482.483 44.708 -24.719 163.116 -8.85 200.043 610.046 99.792 551.605 783.234 113.22 391.388 667.419 421.753 -5000 12.207 104.218 15.564 -9.003 20.447 274.353 56.915 400.848 844.269 368.042 -1359.406 376.892 177.765 44.403 29.449 51.88 2545.776 2502.899 2107.849 1728.668 1370.544 1004.333 648.651 198.364 -34.943 43.335 72.632 7.019 -330.505 -676.27 -1018.982 -1363.983 -1705.17 -2045.746 -2383.575 -2709.503 383.759 818.939 430.756 73.09 8.087 -348.816 -709.076 601 775 400 25.98 30.54 72 8 2408 1 034
6059252 7531 2026/1/25 16:24:44 P18 73.31 22.09 0 7.64 38.19 967.14 969.46 305.786 501.862 3755.188 206.604 441.284 575.256 481.72 -71.411 -9.613 164.032 -7.324 200.5 611.572 108.185 550.69 784.302 113.068 391.388 666.809 420.685 -5000 8.392 103.149 30.67 -8.698 22.125 273.743 55.084 401.764 835.571 360.565 -1358.337 377.655 179.138 49.896 38.452 52.338 2543.793 2501.831 2110.748 1736.603 1379.242 1015.93 660.553 195.16 -38.3 43.03 72.327 5.493 -329.895 -675.354 -1016.083 -1359.863 -1700.134 -2039.948 -2377.93 -2702.942 385.132 821.075 432.434 75.684 8.24 -346.832 -702.362 592 765 400 25.98 30.65 72 8 2408 1 034
6059253 7531 2026/1/25 16:24:45 P18 73.36 22.13 0 7.54 38.24 967.11 969.45 305.328 502.319 3754.272 207.367 443.115 572.51 482.025 19.379 12.054 176.544 -7.629 201.263 610.962 100.403 551.605 784.912 112.305 391.083 666.199 419.159 -5000 -2.747 104.523 42.877 -8.85 21.057 273.743 56.61 401.611 843.506 361.023 -1357.727 377.655 177.612 50.049 37.079 51.727 2546.844 2501.068 2114.258 1739.96 1381.378 1016.998 661.469 197.144 -35.553 28.229 70.343 7.019 -330.658 -676.117 -1015.778 -1360.168 -1700.897 -2041.016 -2380.219 -2706.757 383.453 817.413 430.908 76.599 5.341 -345.459 -700.073 601 735 400 25.99 30.73 71 8 2408 1 034
6059254 7531 2026/1/25 16:24:46 P18 73.4 22.08 0 7.66 38.17 967.12 969.46 308.838 503.235 3754.12 204.773 439.606 576.477 481.873 62.256 -19.531 156.097 -7.019 200.043 608.215 103.607 550.232 783.844 110.779 390.778 665.588 420.227 -5000 3.662 100.098 -0.458 -8.392 20.905 272.98 54.779 400.391 840.759 366.516 -1361.237 377.197 177.002 48.828 31.891 52.032 2548.523 2502.899 2112.579 1732.483 1374.054 1007.996 648.499 201.874 -36.011 38.147 73.547 9.766 -332.947 -677.948 -1018.066 -1363.831 -1705.78 -2045.135 -2384.796 -2709.808 384.827 820.312 431.671 75.836 8.087 -349.884 -706.787 601 755 400 25.99 30.73 71 8 2408 1 034
6059255 7531 2026/1/25 16:24:47 P18 73.41 22.12 0 7.62 38.23 967.14 969.44 307.312 502.625 3752.899 205.536 442.505 576.63 482.178 -89.874 -21.667 176.849 -8.087 200.653 610.352 103.76 550.995 783.844 111.389 390.32 665.283 419.312 -5000 0.458 101.318 3.204 -8.087 21.82 273.743 55.237 402.374 834.656 359.192 -1362.457 377.197 176.697 51.27 37.689 51.27 2546.234 2501.831 2110.596 1731.873 1374.512 1009.064 652.313 197.144 -36.621 56.763 69.58 5.493 -333.557 -680.695 -1020.66 -1364.746 -1705.78 -2045.135 -2383.423 -2708.74 383.606 815.43 430.298 72.937 5.951 -348.206 -707.55 601 755 400 25.96 30.64 71 8 2408 1 034
6059256 7531 2026/1/25 16:24:48 P18 73.4 22.09 0 7.54 38.21 967.12 969.45 308.228 501.709 3751.373 204.926 440.063 576.477 481.72 -87.738 -21.82 140.839 -8.24 199.738 610.504 104.523 550.079 783.386 111.389 390.015 664.52 418.854 -5000 7.477 100.861 18.158 -8.087 22.125 273.743 54.321 399.628 840.759 346.832 -1359.406 376.587 175.934 51.27 38.147 51.727 2545.929 2502.441 2113.495 1740.57 1386.108 1024.475 666.046 196.838 -34.943 53.101 71.106 9.003 -328.827 -674.133 -1011.658 -1356.812 -1697.388 -2036.285 -2373.962 -2700.958 385.132 815.125 431.366 77.667 6.256 -344.391 -698.7 605 770 400 26.02 30.59 70 8 2408 1 034
6059257 7531 2026/1/25 16:24:49 P18 73.31 22.15 0 7.74 38.23 967.16 969.45 311.584 505.524 3750.153 203.857 440.063 575.409 481.72 -93.689 -23.804 148.926 -8.392 200.195 608.521 100.708 549.622 784.454 110.931 391.083 665.283 420.38 -5000 8.85 105.133 -40.588 -7.477 21.362 273.438 54.626 401.154 838.776 345.917 -1357.269 376.282 177.002 47.15 39.978 51.727 2545.624 2500.305 2110.443 1738.281 1381.226 1014.099 655.518 194.702 -35.858 52.643 71.411 7.477 -328.522 -674.286 -1014.252 -1358.032 -1700.287 -2041.473 -2380.371 -2705.688 383.911 815.735 432.281 78.278 6.104 -346.68 -703.125 604 775 400 25.99 30.68 70 8 2408 1 034
6059258 7531 2026/1/25 16:24:50 P18 73.31 22.15 0 7.74 38.23 967.13 969.44 308.838 503.54 3750.153 206.146 440.216 576.172 482.178 -42.572 -20.752 175.629 -7.477 199.28 610.962 105.133 549.622 784.607 110.626 389.709 664.062 417.938 -5000 9.003 105.286 58.899 -7.324 20.752 273.285 57.22 399.475 835.571 372.314 -1358.643 375.519 175.934 50.201 38.605 51.88 2547.76 2502.289 2108.459 1726.837 1368.866 1002.96 646.21 193.787 -37.079 51.88 68.359 6.409 -334.015 -680.695 -1021.271 -1366.272 -1707.001 -2047.272 -2387.085 -2711.945 382.996 811.462 431.824 73.395 5.798 -348.816 -707.855 596 750 400 26.02 30.64 70 8 2408 1 034
6059259 7531 2026/1/25 16:24:51 P18 73.41 22.12 0 7.47 38.29 967.13 969.44 308.838 502.319 3748.932 204.468 441.895 570.831 482.025 30.06 10.071 186.005 -7.324 200.348 610.199 105.438 549.927 784.76 111.389 390.625 664.062 417.633 -5000 0 105.896 31.281 -7.324 21.057 273.438 56.915 400.085 838.318 373.23 -1359.1 375.519 178.07 49.744 35.706 50.812 2546.539 2502.441 2112.274 1736.298 1379.089 1014.252 657.806 197.296 -33.875 63.934 71.106 9.766 -331.421 -677.49 -1016.541 -1359.863 -1700.897 -2040.71 -2378.082 -2704.315 386.658 812.225 433.044 76.141 5.493 -345.917 -702.209 604 760 400 26.03 30.66 69 8 2408 1 034
6059260 7531 2026/1/25 16:24:52 P18 73.41 22.13 0 7.69 38.24 967.15 969.44 309.753 502.472 3748.322 205.078 439.148 569.763 481.415 4.578 -6.561 177.917 -8.087 198.822 609.741 108.185 549.469 784.912 110.016 389.404 663.757 417.786 -5000 7.172 103.302 17.242 -6.866 20.599 273.132 55.542 401.459 837.555 375.824 -1357.574 374.146 176.086 46.539 35.858 50.659 2546.539 2504.272 2113.8 1739.349 1383.362 1019.287 661.926 195.312 -36.469 62.866 69.733 6.409 -332.184 -676.27 -1015.472 -1358.337 -1699.829 -2039.337 -2377.625 -2703.857 383.453 813.599 432.434 75.226 5.798 -345.764 -700.684 595 760 400 25.96 30.62 69 8 2408 1 034
6059261 7531 2026/1/25 16:24:53 P18 73.41 22.12 0 7.69 38.36 967.13 969.44 307.617 502.625 3746.948 204.62 439.148 575.104 481.72 0.305 -23.499 169.373 -6.104 199.28 609.436 108.032 548.553 784.607 109.711 389.099 662.537 418.396 -5000 13.428 102.081 -6.561 -7.324 20.447 273.59 57.526 398.56 835.571 361.786 -1357.269 375.061 178.223 46.082 38.757 51.575 2546.539 2500.763 2111.053 1734.772 1376.343 1008.453 652.466 197.449 -37.842 58.289 71.564 6.866 -331.573 -676.27 -1016.541 -1360.474 -1701.508 -2042.236 -2381.592 -2708.588 383.606 810.852 431.213 75.989 9.46 -346.375 -704.193 600 775 400 25.99 30.6 68 8 2408 1 034
6059262 7531 2026/1/25 16:24:54 P18 73.34 22.19 0 7.44 38.21 967.13 969.44 304.718 502.777 3746.948 201.111 437.775 574.799 481.873 21.362 -19.379 134.277 -8.698 200.348 606.384 108.948 548.553 784.607 109.1 389.709 663.147 417.633 -5000 -0.916 103.76 -12.665 -7.324 21.973 272.827 55.084 398.56 835.571 371.094 -1359.253 374.603 175.781 48.065 38.147 53.101 2543.182 2503.357 2108.459 1730.499 1369.476 1005.249 648.651 200.043 -35.858 51.27 71.411 8.85 -329.895 -677.49 -1018.524 -1362.61 -1705.17 -2044.983 -2384.796 -2708.588 385.59 809.479 433.502 72.784 4.425 -348.663 -706.94 591 770 400 25.99 30.6 68 8 2408 1 034
6059263 7531 2026/1/25 16:24:55 P18 73.41 22.15 0 7.59 38.3 967.11 969.42 308.533 501.556 3740.54 204.163 438.538 567.78 482.33 89.417 -4.12 137.939 -8.087 200.195 608.521 105.743 549.469 785.37 108.643 388.794 662.384 417.786 -5000 -7.477 106.812 -15.259 -9.155 20.905 272.98 56.458 399.017 835.419 350.494 -1356.964 374.451 176.544 51.575 41.962 51.117 2546.234 2502.289 2115.479 1743.164 1387.787 1024.323 666.199 198.364 -39.52 35.4 70.343 6.256 -331.879 -674.591 -1012.115 -1356.506 -1697.083 -2037.659 -2373.352 -2700.806 384.521 809.631 432.739 77.667 5.646 -343.933 -697.327 600 745 400 25.99 30.6 67 8 2408 1 034
6059264 7531 2026/1/25 16:24:56 P18 73.36 22.13 0 7.69 38.34 967.13 969.45 305.328 501.099 3744.049 202.789 438.69 565.643 481.567 -25.482 -18.311 140.686 -9.003 200.806 608.826 110.931 548.859 785.522 108.948 388.489 660.858 417.023 -5000 -0.763 102.692 15.411 -9.155 20.447 272.522 56.152 398.865 831.451 364.99 -1358.185 374.756 176.239 49.438 36.011 51.575 2547.607 2502.136 2112.427 1737.061 1380.31 1012.726 655.518 199.585 -41.351 27.466 68.97 6.866 -331.116 -674.896 -1015.625 -1360.168 -1701.05 -2041.931 -2379.303 -2706.604 384.521 809.021 435.791 75.531 6.104 -346.68 -704.041 592 755 400 25.99 30.6 67 8 2408 1 034
6059265 7531 2026/1/25 16:24:57 P18 73.34 22.05 0 7.6 38.25 967.14 969.46 307.77 501.251 3738.098 202.789 438.232 574.646 481.567 62.866 -25.94 153.503 -7.782 199.738 609.436 112.61 547.943 784.454 108.643 388.947 661.316 419.159 -5000 -3.967 104.523 -39.368 -8.545 21.515 272.064 56.61 397.949 833.74 350.8 -1356.812 373.84 175.629 55.237 38.147 51.575 2545.624 2502.136 2108.459 1729.126 1371.155 1002.808 646.515 196.381 -37.079 37.842 75.684 9.46 -333.099 -679.169 -1019.745 -1364.288 -1705.933 -2046.509 -2385.864 -2710.724 383.911 808.258 432.739 74.615 6.561 -349.426 -708.313 592 755 400 25.98 30.62 67 8 2408 1 034
6059266 7531 2026/1/25 16:24:58 P18 73.34 22.15 0 7.64 38.36 967.16 969.45 307.312 502.014 3742.676 201.569 438.995 573.425 481.567 62.256 -12.207 173.798 -6.561 198.975 609.894 111.237 547.791 785.37 108.948 389.252 660.706 416.565 -5000 5.493 103.455 61.798 -8.24 21.21 272.522 54.932 397.797 830.231 338.287 -1356.812 372.314 175.323 46.082 42.267 52.338 2546.387 2502.289 2113.953 1737.061 1378.937 1015.778 657.806 194.855 -41.809 34.637 75.836 9.003 -329.437 -675.659 -1015.32 -1360.016 -1701.66 -2040.1 -2378.54 -2703.4 385.742 808.411 432.739 75.073 2.899 -348.663 -704.651 596 770 400 25.99 30.75 66 8 2408 1 034
6059267 7531 2026/1/25 16:24:59 P18 73.43 22.16 0 7.54 38.29 967.15 969.46 308.38 502.93 3741.913 200.958 437.164 574.188 481.873 -163.879 -6.104 160.98 -6.561 200.195 609.436 109.1 547.638 785.37 108.032 388.184 660.858 416.412 -5000 4.883 98.877 48.676 -8.85 21.515 272.522 54.932 397.644 833.893 338.898 -1358.032 372.772 175.934 45.013 36.163 51.575 2545.929 2502.136 2114.716 1740.112 1385.193 1020.508 660.4 196.991 -37.537 46.997 72.632 3.967 -329.285 -674.286 -1013.641 -1358.032 -1697.235 -2037.964 -2375.336 -2701.416 383.453 806.732 431.519 76.447 8.698 -342.56 -698.7 605 780 400 26 30.61 66 8 2408 1 034
6059268 7531 2026/1/25 16:25:00 P18 73.41 22.13 0 7.47 38.38 949.02 969.46 309.296 501.099 3741.15 202.484 436.859 565.338 481.415 20.599 -2.747 172.119 -8.85 198.212 607.3 114.441 547.943 785.065 107.88 388.336 659.332 416.87 -5000 8.545 100.861 54.016 -8.392 22.278 272.98 56.152 398.56 828.857 355.225 -1355.896 372.925 176.392 42.267 43.182 51.117 2541.504 2503.052 2112.732 1732.483 1375.275 1008.911 651.093 193.481 -37.384 37.842 71.564 5.188 -333.252 -677.643 -1016.693 -1362.762 -1703.644 -2042.999 -2382.66 -2707.825 381.47 803.07 430.145 73.09 8.698 -350.342 -707.55 595 760 400 25.99 30.76 65 8 2408 1 034
6059269 7531 2026/1/25 16:25:01 P18 73.31 22.2 0 7.5 38.33 949.04 969.46 310.822 502.472 3740.234 203.857 437.469 568.39 481.11 89.722 17.7 177.612 -8.087 200.043 607.605 110.626 546.417 784.607 107.422 388.031 659.79 416.412 -5000 3.052 101.471 -24.261 -6.561 20.905 273.132 56.305 399.78 831.604 341.492 -1357.269 372.162 175.629 43.64 36.621 50.812 2548.218 2501.678 2110.748 1723.328 1367.798 1003.876 649.872 196.228 -37.537 40.741 69.885 4.272 -332.031 -680.389 -1020.203 -1364.594 -1705.78 -2044.983 -2384.491 -2708.282 381.47 803.223 426.483 72.174 6.104 -349.579 -708.618 605 765 400 25.98 30.71 65 8 2408 1 034
6059270 7531 2026/1/25 16:25:02 P18 73.41 22.12 0 7.61 38.2 949.04 969.46 310.669 502.167 3739.624 200.043 436.554 565.491 481.873 -60.883 -32.806 182.495 -8.392 199.432 608.978 112.915 547.485 783.386 107.422 387.115 659.027 418.701 -5000 10.071 101.624 -1.831 -8.545 21.973 272.522 55.542 399.017 829.315 355.53 -1357.269 371.704 174.561 40.894 38.3 51.575 2543.03 2499.847 2116.089 1741.333 1387.177 1023.407 663.91 198.212 -37.689 44.556 72.327 9.918 -328.979 -672.302 -1010.895 -1356.506 -1696.167 -2036.133 -2374.725 -2700.348 383.911 804.749 432.281 77.667 6.104 -344.391 -697.174 605 765 400 26.03 30.62 65 8 2408 1 034
6059271 7531 2026/1/25 16:25:03 P18 73.37 22.16 0 7.55 38.27 949.04 969.46 309.601 503.082 3737.335 202.026 436.249 571.442 481.262 -103.149 0.61 171.661 -9.003 198.975 609.283 116.73 548.096 785.828 108.185 387.421 658.417 416.718 -5000 -2.899 104.523 38.452 -7.782 22.736 272.675 54.779 396.729 830.383 349.426 -1357.269 371.857 173.798 54.321 37.231 51.27 2546.997 2503.052 2113.037 1734.314 1375.58 1008.148 651.55 198.669 -37.689 30.67 71.259 8.24 -330.505 -675.354 -1016.388 -1360.016 -1702.576 -2041.931 -2380.981 -2708.13 384.216 803.375 433.807 72.937 7.935 -347.595 -704.651 601 780 400 25.96 30.71 64 8 2408 1 034
6059272 7531 2026/1/25 16:25:04 P18 73.43 22.12 0 7.48 38.3 949.01 969.45 311.432 501.556 3737.183 200.653 438.232 572.052 481.72 144.196 -32.349 181.885 -6.409 198.364 613.098 116.119 547.028 784.76 107.269 387.726 657.349 415.955 -5000 2.747 105.896 28.687 -8.392 21.362 272.675 55.695 396.271 829.01 346.069 -1357.269 370.483 174.866 46.539 36.774 51.88 2545.013 2501.831 2106.934 1729.431 1371.307 1005.402 650.635 197.144 -34.485 23.956 71.564 8.698 -333.405 -679.474 -1020.203 -1363.983 -1706.085 -2046.661 -2384.338 -2710.114 384.369 804.291 433.502 73.547 5.646 -347.443 -706.635 588 790 400 26 30.75 64 8 2408 1 034
6059273 7531 2026/1/25 16:25:05 P18 73.43 22.19 0 7.5 38.25 949.02 969.44 307.159 503.082 3737.03 200.806 435.791 567.627 481.415 -18.158 -11.444 162.354 -7.782 197.906 608.673 116.577 545.807 785.522 107.422 386.963 657.349 414.734 -5000 7.782 102.234 3.662 -7.019 20.447 272.369 57.678 395.508 827.942 347.595 -1354.675 371.857 175.781 47.76 34.18 51.422 2541.809 2503.357 2114.868 1741.791 1386.566 1022.797 664.52 196.838 -36.621 45.471 69.427 5.646 -331.116 -674.896 -1014.099 -1358.49 -1698.914 -2038.422 -2377.777 -2703.857 379.791 804.138 431.213 76.294 6.104 -344.238 -700.989 601 765 400 26 30.57 63 8 2408 1 034
6059274 7531 2026/1/25 16:25:06 P18 73.36 22.13 0 7.6 38.25 949 969.43 310.211 501.862 3735.504 201.416 437.622 568.237 481.567 23.651 -39.673 181.58 -6.256 198.364 609.283 117.035 546.57 785.98 107.422 386.2 656.738 415.344 -5000 3.052 104.065 21.362 -8.545 20.752 272.217 57.068 396.881 822.601 323.639 -1356.812 371.094 175.171 52.643 39.673 51.727 2546.082 2502.594 2112.122 1736.45 1376.495 1007.233 650.33 195.618 -39.673 26.245 68.512 5.493 -331.421 -677.49 -1017.914 -1361.542 -1704.254 -2043.762 -2383.423 -2711.639 382.538 801.392 430.603 74.31 7.019 -349.121 -706.329 592 780 400 25.99 30.76 63 8 2408 1 034
6059275 7531 2026/1/25 16:25:07 P18 73.48 22.16 0 7.45 38.31 949.02 969.44 311.127 502.777 3735.657 201.416 435.791 567.627 481.415 101.929 -19.531 164.948 -8.545 199.432 607.91 114.899 545.807 785.828 104.675 386.353 657.959 415.344 -5000 10.529 103.455 34.943 -9.46 21.973 272.522 56.305 396.729 828.094 329.59 -1357.422 371.552 174.408 43.488 40.436 51.727 2546.692 2502.441 2111.359 1733.246 1376.038 1014.099 658.569 194.855 -39.062 30.518 72.327 6.409 -330.658 -677.338 -1018.524 -1362.61 -1703.949 -2043.61 -2381.897 -2705.841 382.08 802.155 429.84 73.09 8.24 -348.358 -705.872 592 780 400 25.99 30.76 63 8 2408 1 034
6059276 7531 2026/1/25 16:25:08 P18 73.51 22.13 0 7.55 38.24 949.04 969.47 311.89 503.082 3729.095 198.517 435.333 570.221 482.025 -52.032 -37.537 161.743 -8.392 198.212 608.978 118.561 545.807 785.98 106.506 386.2 657.043 414.734 -5000 2.136 106.201 -27.466 -7.782 22.278 271.606 56.763 394.44 823.059 347.137 -1358.032 370.026 174.408 47.455 38.147 50.964 2545.471 2502.441 2112.427 1739.502 1381.989 1017.914 661.316 196.228 -39.368 36.469 73.547 5.798 -328.369 -674.286 -1013.641 -1357.269 -1697.845 -2039.185 -2378.082 -2703.4 380.249 801.086 432.892 78.125 8.545 -344.086 -699.615 601 780 400 25.96 30.73 63 8 2408 1 034
6059277 7531 2026/1/25 16:25:09 P18 73.4 22.23 0 7.48 38.29 949 969.46 307.77 502.014 3732.758 200.958 435.791 565.491 481.567 -72.174 12.36 145.264 -7.172 199.738 609.131 117.035 546.875 786.743 106.049 386.505 656.433 415.192 -5000 -6.866 105.438 65.155 -7.935 20.752 272.064 55.542 397.797 825.653 357.361 -1359.1 370.483 173.95 48.523 38.605 51.117 2545.166 2502.289 2111.053 1731.72 1371.765 1004.486 648.804 194.092 -40.436 23.346 73.242 6.561 -330.963 -675.964 -1021.729 -1364.441 -1704.254 -2043.762 -2384.644 -2709.351 382.69 800.171 432.434 75.684 9.155 -346.222 -705.261 605 790 400 26 30.7 62 8 2408 1 034
6059278 7531 2026/1/25 16:25:10 P18 73.67 22.2 0 7.5 38.34 949.05 969.45 308.38 502.625 3733.063 201.569 435.944 568.848 481.72 170.135 -36.621 187.073 -5.188 198.669 608.521 117.493 545.502 786.743 106.049 385.437 654.907 415.039 -5000 0 104.065 26.245 -8.545 21.057 272.522 55.542 395.66 825.806 348.358 -1362.61 371.704 173.187 43.64 32.959 52.185 2549.744 2503.204 2111.511 1736.908 1376.038 1014.709 658.569 193.329 -39.368 38.147 71.716 8.392 -329.895 -676.117 -1015.778 -1359.863 -1701.813 -2039.948 -2377.472 -2702.637 384.521 800.476 431.061 76.599 4.73 -347.9 -701.904 606 775 400 25.98 30.7 62 8 2408 1 034
6059279 7531 2026/1/25 16:25:11 P18 73.44 22.1 0 7.55 38.23 949.04 969.43 306.549 502.777 3729.095 198.975 435.486 564.575 481.11 -84.991 -22.583 152.13 -7.324 197.144 608.368 118.408 545.044 786.285 105.133 386.505 655.518 414.276 -5000 -3.357 105.591 15.106 -8.85 21.362 270.691 55.695 396.118 825.348 350.342 -1356.354 370.636 173.34 43.335 43.793 50.964 2545.624 2500.458 2115.631 1744.08 1387.634 1024.17 668.64 192.719 -38.757 30.823 70.801 7.019 -331.726 -675.964 -1014.862 -1360.168 -1698.608 -2035.98 -2371.826 -2697.906 381.012 795.746 430.908 75.531 6.104 -346.222 -700.226 597 790 400 25.96 30.71 61 8 2408 1 034
6059280 7531 2026/1/25 16:25:12 P18 73.47 22.06 0 7.57 38.27 949.03 969.45 312.958 501.251 3727.417 197.906 434.418 568.39 481.567 32.196 4.425 154.877 -9.003 197.754 607.147 124.512 543.976 785.522 105.896 385.132 653.839 414.124 -5000 -11.749 105.896 74.005 -7.629 21.362 270.691 56.763 394.897 821.838 355.072 -1357.117 370.636 173.34 48.065 35.553 52.185 2548.828 2500.61 2107.697 1727.448 1371.155 1006.927 649.414 195.312 -37.689 36.469 69.427 7.629 -333.099 -679.169 -1020.05 -1364.594 -1706.696 -2045.898 -2386.627 -2710.114 381.622 796.967 432.892 74.005 7.019 -349.579 -705.872 605 795 400 25.98 30.79 61 8 2408 1 034
6059281 7531 2026/1/25 16:25:13 P18 73.54 22.16 0 7.55 38.19 949.02 969.44 310.364 501.862 3726.501 199.432 434.723 568.39 481.567 26.245 39.062 165.405 -7.629 197.754 608.826 123.138 543.671 786.285 106.201 385.437 653.992 414.124 -5000 -4.425 103.607 85.602 -6.561 20.447 271.301 56.763 394.44 823.975 343.323 -1356.812 369.873 174.713 52.643 36.621 51.727 2546.997 2502.136 2113.342 1735.992 1380.768 1018.066 661.774 192.566 -38.605 48.523 71.411 7.935 -332.489 -677.185 -1015.32 -1360.779 -1700.134 -2039.185 -2377.014 -2700.958 384.216 795.135 431.824 74.768 7.019 -345.764 -701.599 598 795 400 25.99 30.62 61 8 2408 1 034
6059282 7531 2026/1/25 16:25:14 P18 73.54 22.13 0 7.55 38.34 949.01 969.45 310.211 502.472 3728.943 198.975 435.486 568.542 481.11 66.071 -10.071 162.659 -6.104 198.975 608.673 124.664 544.586 787.659 105.286 385.742 654.755 415.192 -5000 -1.678 100.555 36.316 -9.003 20.599 272.98 56.763 395.203 822.449 347.443 -1357.88 371.246 173.645 44.403 37.384 51.422 2546.387 2500.61 2105.865 1736.755 1386.108 1016.235 663.91 194.092 -38.91 30.365 69.58 7.782 -330.505 -673.676 -1011.353 -1355.896 -1695.557 -2034.76 -2369.537 -2696.991 385.284 794.067 431.213 77.667 0.763 -346.222 -699.768 601 810 400 25.96 30.68 60 8 2408 1 034
6059283 7531 2026/1/25 16:25:15 P18 73.57 22.13 0 7.52 38.34 949 969.46 309.143 503.082 3729.095 198.212 434.113 567.78 481.262 81.329 17.242 143.127 -7.629 198.059 608.521 124.969 543.823 787.811 103.912 384.521 653.229 414.124 -5000 -1.984 103.302 56.458 -8.698 22.278 272.064 56 394.135 819.397 351.41 -1358.337 368.195 173.035 47.302 32.806 51.727 2547.15 2501.221 2113.495 1735.992 1379.242 1015.472 660.4 195.618 -40.741 47.607 71.564 6.409 -328.979 -674.591 -1014.862 -1358.032 -1703.796 -2040.253 -2377.472 -2702.332 383.301 797.272 432.281 76.599 8.24 -348.816 -705.872 592 810 400 25.99 30.7 60 8 2408 1 034
6059284 7531 2026/1/25 16:25:16 P18 73.46 22.15 0 7.47 38.28 948.98 969.47 312.347 502.93 3727.417 198.822 435.333 565.338 481.415 -26.093 2.136 158.234 -7.019 198.975 608.673 126.038 543.518 787.659 104.828 385.437 653.076 414.276 -5000 -1.678 104.828 56.915 -9.003 20.905 274.658 57.983 395.508 817.261 363.617 -1357.422 368.958 173.187 48.523 38.147 51.117 2548.828 2502.594 2113.953 1741.333 1387.482 1024.628 669.25 191.803 -40.131 38.605 67.291 5.798 -331.879 -675.049 -1014.557 -1357.88 -1697.235 -2037.048 -2373.352 -2697.754 380.707 793.457 430.145 74.768 7.629 -345.459 -701.141 601 820 400 26 30.64 60 8 2408 1 034
6059285 7531 2026/1/25 16:25:17 P18 73.46 22.15 0 7.61 38.3 949.03 969.47 309.448 501.709 3726.807 198.822 434.418 563.049 480.652 76.599 10.529 133.362 -8.698 196.838 608.063 125.885 543.213 787.048 104.37 384.674 651.855 413.208 -5000 2.289 105.286 45.319 -8.24 21.973 271.912 58.441 395.508 819.702 356.598 -1358.643 368.958 174.866 47.913 35.858 52.185 2548.981 2501.984 2115.326 1739.96 1385.04 1021.118 663.757 195.465 -40.436 42.419 73.853 7.324 -328.979 -672.913 -1012.726 -1356.506 -1697.235 -2036.591 -2374.42 -2702.484 382.996 794.067 431.519 78.888 8.24 -343.018 -698.09 601 820 400 26 30.64 60 8 2408 1 034
6059286 7531 2026/1/25 16:25:18 P18 73.43 22.13 0 7.54 38.35 949.02 969.46 313.568 500.641 3726.349 199.28 434.875 569.153 484.314 -93.079 -14.191 144.043 -9.308 198.212 607.91 126.038 543.823 786.743 104.37 384.521 651.855 413.513 -5000 7.019 106.201 77.362 -7.935 20.599 271.301 57.678 393.524 817.719 351.41 -1357.727 369.263 174.255 46.539 33.264 52.032 2543.335 2502.594 2111.359 1733.856 1374.664 1007.843 651.398 191.345 -40.588 49.591 68.97 7.477 -331.726 -676.117 -1016.083 -1361.237 -1703.186 -2043.304 -2382.66 -2708.588 382.69 793.152 431.213 75.836 7.782 -345.001 -703.583 601 820 400 26.03 30.75 59 8 2408 1 034
6059287 7531 2026/1/25 16:25:19 P18 73.48 22.24 0 7.48 38.29 949.01 969.45 311.127 502.472 3723.755 196.838 433.197 563.354 480.652 -53.101 -8.85 137.634 -9.155 196.381 608.215 126.495 543.06 787.964 104.065 384.674 650.94 413.055 -5000 5.188 105.286 32.043 -6.256 21.21 271.606 58.746 394.135 817.261 361.481 -1356.049 368.195 173.187 46.844 37.231 51.27 2549.438 2497.253 2118.683 1745.911 1389.771 1026.154 669.861 193.481 -40.588 16.022 67.139 6.714 -330.505 -675.354 -1013.336 -1356.964 -1695.862 -2035.522 -2371.979 -2697.296 381.165 791.931 426.941 77.209 6.714 -344.543 -699.005 605 825 400 25.99 30.59 59 8 2408 1 034
6059288 7531 2026/1/25 16:25:20 P18 73.58 22.08 0 7.44 38.32 949.02 969.44 312.805 502.472 3723.907 196.228 434.57 566.711 481.11 -14.954 -19.836 148.773 -8.85 197.754 606.842 124.512 542.755 786.896 102.997 384.521 650.787 415.344 -5000 2.441 104.218 38.147 -6.714 22.43 271.759 55.542 395.355 818.939 349.426 -1363.678 368.958 172.119 45.929 44.861 52.49 2544.861 2501.221 2112.274 1738.586 1381.073 1019.135 659.79 194.855 -40.741 26.855 71.411 9.46 -326.691 -673.676 -1012.726 -1357.574 -1698.914 -2030.029 -2375.946 -2705.078 383.301 792.999 433.502 76.752 5.493 -342.865 -697.021 604 835 400 25.99 30.67 59 8 2408 1 034
6059289 7531 2026/1/25 16:25:21 P18 73.53 22.1 0 7.54 38.2 949.03 969.47 317.688 503.235 3723.907 197.906 433.35 567.932 481.415 -5.035 -47.302 176.849 -7.782 196.838 607.758 125.275 543.518 787.659 103.912 383.453 650.94 414.886 -5000 -3.052 104.065 52.185 -8.545 21.667 272.522 56.61 393.524 817.413 355.835 -1354.98 368.958 172.729 44.25 29.907 51.117 2549.286 2500.61 2107.239 1726.074 1369.781 1002.197 646.667 192.108 -42.267 22.583 70.648 5.341 -332.794 -679.169 -1020.203 -1365.967 -1706.543 -2046.814 -2387.085 -2709.656 381.165 792.542 432.281 73.853 6.561 -349.274 -708.313 596 840 400 25.99 30.67 58 8 2408 1 034
6059290 7531 2026/1/25 16:25:22 P18 73.53 22.13 0 7.57 38.22 948.99 969.44 311.127 502.93 3723.907 198.212 433.655 565.948 480.957 -58.289 -5.341 158.081 -9.308 196.381 607.3 130.768 543.976 788.116 102.997 383.759 650.024 414.276 -5000 -1.221 104.98 -10.529 -8.698 21.667 272.369 59.204 395.05 817.261 334.778 -1358.337 367.584 173.035 46.082 34.79 46.997 2549.133 2500.153 2115.784 1743.469 1387.939 1026.001 667.572 194.55 -42.267 30.975 72.937 10.986 -327.454 -670.929 -1008.606 -1353.607 -1692.352 -2032.318 -2369.232 -2695.923 383.148 791.779 434.265 79.498 7.324 -341.644 -696.411 606 845 400 25.99 30.73 58 8 2408 1 034
6059291 7531 2026/1/25 16:25:23 P18 73.53 22.05 0 7.57 38.26 949.01 969.45 313.568 502.777 3722.076 196.075 436.249 566.864 480.804 12.817 12.817 157.166 -6.866 197.754 608.826 133.82 542.755 787.354 103.302 383.301 649.414 413.361 -5000 2.441 106.812 48.37 -8.85 21.362 271.912 57.068 393.677 807.037 352.631 -1358.49 367.279 172.119 49.438 35.706 52.032 2545.929 2500.763 2112.427 1737.061 1378.174 1011.505 653.381 192.566 -41.962 38.757 71.106 8.392 -330.048 -673.828 -1014.252 -1359.558 -1700.287 -2040.1 -2378.998 -2704.926 382.843 790.71 433.35 75.531 7.324 -347.595 -702.667 597 835 400 25.96 30.62 58 8 2408 1 034
6059292 7531 2026/1/25 16:25:24 P18 73.6 22.19 0 7.66 38.32 949.05 969.44 312.347 502.93 3720.245 196.838 435.028 563.66 480.957 -88.501 7.477 142.517 -7.935 198.975 608.521 128.784 541.992 787.354 102.997 384.064 649.872 412.75 -5000 4.272 106.049 -70.648 -6.714 20.905 270.996 57.373 395.203 815.735 336.609 -1358.643 367.126 172.729 46.997 42.419 51.422 2548.828 2503.204 2108.002 1728.821 1369.171 1004.639 649.109 190.277 -44.556 30.67 70.19 5.188 -333.099 -681.305 -1021.118 -1366.577 -1708.374 -2048.187 -2388.153 -2712.402 381.622 788.879 432.892 71.564 7.629 -353.851 -710.449 600 850 400 26 30.75 57 8 2408 1 034
6059293 7531 2026/1/25 16:25:25 P18 73.61 22.1 0 7.61 38.32 949 969.45 313.11 501.709 3719.788 197.144 433.807 566.406 480.804 57.831 1.526 145.569 -6.866 198.059 608.215 133.209 542.45 787.964 103.302 383.148 648.804 413.208 -5000 -5.493 105.133 -20.142 -6.104 20.905 272.98 57.831 391.998 814.819 341.187 -1362.762 367.889 172.882 45.624 45.776 51.727 2546.387 2501.526 2111.053 1736.298 1381.836 1017.151 661.469 189.056 -39.673 34.79 71.106 7.477 -330.353 -677.49 -1016.235 -1359.863 -1700.439 -2040.253 -2377.319 -2702.637 382.233 786.743 432.892 75.226 6.561 -345.306 -702.057 592 865 400 25.99 30.7 57 8 2408 1 034
6059294 7531 2026/1/25 16:25:26 P18 73.55 22.16 0 7.62 38.22 949.02 969.44 313.11 503.082 3718.414 196.075 433.197 563.202 481.11 -68.054 3.204 162.811 -5.951 198.517 608.368 128.784 541.992 788.574 103.149 383.148 648.499 412.445 -5000 9.766 105.438 -40.588 -8.392 20.599 271.301 59.509 392.914 815.735 345.154 -1363.068 368.5 171.204 42.114 51.117 51.88 2546.387 2500.763 2112.122 1734.314 1376.038 1008.606 651.55 188.599 -43.335 30.06 71.411 4.578 -330.353 -675.507 -1017.303 -1362.762 -1703.491 -2043.762 -2384.033 -2709.351 380.859 788.879 429.535 74.768 7.629 -348.206 -705.109 601 870 400 25.98 30.64 57 8 2408 1 034
6059295 7531 2026/1/25 16:25:27 P18 73.51 22.08 0 7.44 38.26 949.02 969.46 308.99 501.099 3718.567 195.16 432.587 562.286 480.499 72.174 -15.106 155.334 -6.866 196.381 607.3 133.514 542.297 787.811 102.844 383.911 647.43 411.682 -5000 4.12 101.471 5.341 -7.629 20.142 271.301 57.526 392.151 814.667 348.358 -1357.574 366.058 176.392 46.997 34.18 51.422 2547.15 2503.357 2109.528 1734.009 1376.648 1011.2 655.212 192.108 -38.3 22.125 69.275 7.629 -333.557 -679.474 -1019.592 -1362.915 -1705.627 -2044.678 -2382.202 -2708.588 381.775 785.522 431.061 72.174 5.035 -350.647 -707.855 601 870 400 25.98 30.64 57 8 2408 1 034
6059296 7531 2026/1/25 16:25:28 P18 73.54 22.12 0 7.44 38.38 949.01 969.46 314.789 503.845 3717.804 195.618 432.587 563.66 480.957 -75.989 -0.305 147.095 -9.003 195.16 605.927 132.141 542.45 788.574 103.149 382.538 647.736 414.429 -5000 6.409 104.98 -5.341 -8.85 21.515 270.844 58.899 392.609 813.599 353.241 -1358.032 366.669 172.272 42.419 41.809 51.88 2546.234 2503.51 2114.105 1733.398 1380.005 1018.829 663.757 193.787 -41.199 42.877 75.073 6.409 -328.827 -673.676 -1012.726 -1356.201 -1696.167 -2034.302 -2371.979 -2696.838 383.148 791.016 432.129 78.125 9.003 -344.543 -702.362 594 860 400 25.98 30.7 56 8 2408 1 034
6059297 7531 2026/1/25 16:25:29 P18 73.5 22.2 0 7.59 38.27 949 969.46 313.416 502.472 3718.262 195.465 432.434 561.218 480.347 -101.776 -3.51 153.198 -9.155 198.059 606.537 135.193 541.077 788.574 102.539 382.233 645.905 412.292 -5000 -3.052 103.76 9.46 -8.24 20.905 271.301 58.289 391.846 811.157 355.53 -1357.269 366.974 171.356 47.302 44.25 50.354 2547.607 2501.831 2115.479 1740.417 1387.177 1025.085 666.962 192.108 -41.809 18.768 69.58 7.935 -330.2 -673.981 -1011.963 -1357.422 -1697.845 -2036.133 -2374.115 -2699.585 382.08 785.065 432.129 77.82 6.256 -348.053 -700.531 597 870 400 25.98 30.7 56 8 2408 1 034
6059298 7531 2026/1/25 16:25:30 P18 73.48 22.08 0 7.59 38.36 949 969.45 313.416 500.946 3716.125 195.16 431.824 563.507 480.499 38.757 -2.441 157.623 -8.698 195.618 607.147 135.956 541.534 788.727 102.386 382.538 645.905 411.835 -5000 -3.204 102.692 27.161 -9.613 21.82 271.759 57.983 392.609 813.293 325.623 -1358.337 366.211 171.814 46.997 31.433 52.032 2548.828 2502.594 2113.8 1735.992 1378.174 1014.709 658.875 193.176 -37.079 36.926 70.19 6.104 -331.726 -677.032 -1016.541 -1360.779 -1701.508 -2041.626 -2377.319 -2703.094 382.08 781.86 433.655 75.836 6.866 -345.154 -701.752 605 890 400 25.98 30.62 56 8 2408 1 034
6059299 7531 2026/1/25 16:25:31 P18 73.48 22.16 0 7.64 38.29 948.99 969.45 312.195 502.014 3709.869 195.312 432.129 564.117 480.804 -35.553 -11.902 136.719 -8.24 198.517 607.91 132.294 541.229 789.642 101.776 382.08 645.905 412.903 -5000 0.305 101.471 35.553 -8.85 22.43 271.149 57.22 391.693 811.462 339.05 -1359.1 365.906 171.814 45.166 31.891 51.27 2549.744 2501.678 2115.021 1741.333 1386.414 1023.56 668.64 187.378 -39.52 28.992 69.885 6.866 -331.268 -675.964 -1013.336 -1354.675 -1697.54 -2035.828 -2372.131 -2698.822 380.554 782.776 430.756 76.447 3.357 -346.069 -701.141 596 885 400 25.98 30.7 56 8 2408 1 034
6059300 7531 2026/1/25 16:25:32 P18 73.5 22.13 0 7.4 38.39 949 969.43 310.364 500.793 3715.973 194.55 433.35 564.88 480.499 55.237 -50.659 120.85 -9.003 197.296 602.722 138.397 540.771 788.727 102.081 382.233 645.447 411.072 -5000 7.172 104.218 49.286 -8.698 20.447 270.996 58.594 391.235 807.8 337.83 -1357.727 366.211 171.967 48.676 32.196 51.727 2543.64 2502.289 2114.563 1738.281 1384.277 1020.05 662.994 192.871 -42.267 28.076 71.869 12.36 -329.59 -673.37 -1013.641 -1357.574 -1697.998 -2038.269 -2377.014 -2703.247 382.08 785.98 430.756 76.294 8.087 -345.001 -699.921 605 885 400 26 30.72 55 8 2408 1 034
6059301 7531 2026/1/25 16:25:33 P18 73.48 22.05 0 7.54 38.32 949.05 969.44 312.958 503.387 3714.447 194.397 432.129 566.711 481.11 -87.891 -49.133 137.024 -9.308 196.991 607.91 135.956 539.551 788.422 101.776 381.775 645.142 411.53 -5000 2.441 104.675 41.962 -7.629 22.278 271.454 57.831 390.778 808.868 337.524 -1358.643 365.753 172.119 47.302 38.452 51.575 2545.624 2500.458 2110.748 1735.687 1383.362 1018.677 666.046 194.855 -39.52 51.27 72.479 8.24 -330.353 -675.507 -1014.862 -1357.88 -1697.235 -2037.506 -2375.183 -2699.28 380.096 784.454 433.502 77.515 8.85 -345.764 -702.972 604 870 400 25.98 30.62 55 8 2408 1 034
6059302 7531 2026/1/25 16:25:34 P18 73.58 22.12 0 7.52 38.3 949.01 969.43 314.178 502.167 3712.463 194.55 431.824 561.218 480.194 51.575 -67.596 150.452 -9.155 195.312 606.842 139.16 541.077 789.795 101.318 381.775 645.905 412.598 -5000 3.662 104.828 48.676 -9.308 21.057 271.759 58.899 391.846 810.394 329.59 -1362.457 364.38 172.729 46.234 30.823 50.812 2548.523 2501.373 2114.716 1743.774 1387.177 1025.391 669.25 192.413 -46.082 26.245 69.885 6.409 -329.437 -675.049 -1013.489 -1356.964 -1695.709 -2035.065 -2369.69 -2696.533 382.843 785.37 431.976 76.141 6.104 -342.865 -697.784 601 880 400 25.98 30.62 55 8 2408 1 034
6059303 7531 2026/1/25 16:25:35 P18 73.53 22 0 7.69 38.28 949.02 969.43 310.974 502.319 3713.379 194.702 431.976 561.676 480.957 -21.515 -64.24 160.98 -8.85 197.754 608.521 138.702 540.314 789.032 101.318 381.47 644.836 413.208 -5000 5.798 103.912 6.714 -7.172 21.362 270.996 57.526 391.235 807.19 335.693 -1360.474 364.838 171.967 49.133 38.605 51.727 2547.302 2501.984 2116.089 1739.96 1383.362 1018.219 658.112 194.855 -39.062 20.752 71.106 10.376 -330.2 -674.896 -1013.336 -1358.643 -1699.371 -2039.032 -2377.93 -2704.773 383.759 782.318 432.892 79.956 6.409 -346.222 -700.684 600 905 400 25.96 30.65 55 8 2408 1 034
6059304 7531 2026/1/25 16:25:36 P18 73.55 22.21 0 7.55 38.29 949.02 969.44 313.416 501.556 3711.548 193.939 434.57 567.322 481.415 -94.757 -21.515 152.893 -8.698 197.296 606.537 140.533 540.009 789.49 101.166 382.08 644.073 410.919 -5000 2.441 105.286 -43.335 -8.545 20.599 270.844 59.357 389.404 804.901 325.012 -1357.727 365.753 170.593 45.319 36.621 51.422 2544.25 2500.916 2108.154 1728.821 1370.85 998.993 645.142 189.667 -42.572 37.384 69.733 3.967 -332.031 -681.61 -1021.271 -1365.204 -1706.39 -2046.661 -2387.39 -2711.792 380.249 781.097 430.603 72.784 7.477 -350.8 -710.907 601 900 400 25.98 30.7 54 8 2408 1 034
6059305 7531 2026/1/25 16:25:37 P18 73.53 22.12 0 7.59 38.43 948.99 969.44 313.568 502.167 3709.869 193.787 431.519 565.033 480.652 -8.087 -0.305 164.032 -8.85 196.991 607.605 140.533 540.314 789.032 101.166 382.08 644.531 411.377 -5000 4.578 108.49 -35.095 -7.477 21.515 270.844 58.136 390.015 805.817 342.102 -1358.337 364.075 170.746 48.828 34.637 51.575 2542.419 2501.221 2117.31 1742.554 1388.55 1026.154 668.793 188.751 -40.436 31.128 69.885 9.46 -330.811 -674.438 -1013.336 -1356.812 -1695.862 -2034.607 -2371.521 -2699.127 382.385 779.572 431.061 77.057 4.73 -344.543 -699.31 591 900 400 25.99 30.83 54 8 2408 1 034
6059306 7531 2026/1/25 16:25:38 P18 73.43 22.1 0 7.44 38.31 949 969.45 315.247 503.54 3710.632 193.481 430.756 564.728 480.347 -34.332 -17.7 159.912 -8.087 195.465 607.605 142.212 539.856 789.49 101.318 381.012 643.311 412.75 -5000 4.425 102.692 -3.052 -8.087 20.905 271.606 59.052 389.557 805.969 339.661 -1360.321 364.685 169.983 47.15 25.94 51.575 2545.929 2502.747 2111.816 1733.704 1376.801 1010.742 653.229 187.836 -40.894 38.147 72.937 7.172 -329.437 -674.744 -1015.167 -1358.795 -1700.134 -2039.185 -2379.15 -2704.315 383.453 782.166 435.181 77.362 9.155 -344.238 -704.041 591 900 400 25.99 30.83 54 8 2408 1 034
6059307 7531 2026/1/25 16:25:39 P18 73.43 22.1 0 7.44 38.31 949.02 969.45 312.653 501.556 3709.259 192.719 430.908 563.812 480.347 30.518 7.172 127.716 -8.392 195.923 607.3 140.076 540.009 789.795 101.166 381.622 642.7 413.208 -5000 6.866 104.523 29.449 -7.935 21.82 271.454 58.289 390.167 803.68 351.562 -1358.337 364.227 171.204 44.556 35.4 51.27 2545.319 2503.662 2109.07 1729.736 1371.613 1007.233 651.245 186.157 -41.199 35.706 70.19 5.188 -334.93 -680.389 -1021.271 -1364.899 -1707.458 -2046.356 -2386.627 -2710.571 379.791 778.503 431.366 72.327 6.866 -350.494 -708.618 601 890 400 25.98 30.76 53 8 2408 1 034
6059308 7531 2026/1/25 16:25:40 P18 73.54 22.1 0 7.4 38.38 949 969.45 311.584 503.235 3709.564 193.481 433.502 562.744 480.347 107.88 -4.425 133.209 -7.172 195.312 607.91 145.416 539.398 790.1 100.555 381.012 642.548 410.309 -5000 1.221 106.354 35.553 -7.782 20.447 271.149 59.509 389.252 797.882 332.794 -1362.762 363.007 170.898 49.438 32.043 51.88 2542.572 2501.984 2114.105 1741.028 1385.651 1023.102 664.52 191.193 -40.588 59.357 69.275 7.629 -330.353 -675.049 -1014.099 -1357.422 -1698.151 -2037.201 -2375.183 -2700.806 380.249 778.503 432.129 76.447 5.188 -345.154 -700.073 598 895 400 25.98 30.76 53 8 2408 1 034
6059309 7531 2026/1/25 16:25:41 P18 73.48 22.17 0 7.67 38.27 949.02 969.44 314.331 504.15 3707.275 193.024 430.603 563.812 480.347 20.752 -1.526 142.212 -8.545 195.007 607.3 142.212 538.788 789.49 100.555 381.317 641.937 412.292 -5000 3.662 104.675 54.016 -5.188 21.21 270.996 60.425 389.099 803.07 342.712 -1357.269 363.159 171.661 43.182 35.858 51.575 2546.082 2500.305 2112.885 1734.314 1375.732 1009.979 651.703 192.108 -40.131 61.798 69.885 7.019 -330.2 -674.896 -1015.93 -1362 -1704.102 -2043.457 -2382.812 -2708.13 382.385 780.487 433.044 74.615 6.866 -348.206 -705.261 593 920 400 26.02 30.7 53 8 2408 1 034
6059310 7531 2026/1/25 16:25:42 P18 73.66 22.16 0 7.61 38.26 949.02 969.47 314.331 502.167 3706.818 193.176 431.213 559.387 480.347 16.937 -7.019 137.024 -9.003 197.296 607.605 144.043 540.161 789.642 99.792 380.859 642.548 410.156 -5000 0.153 109.253 26.093 -8.698 21.515 270.691 59.662 389.709 802.46 340.576 -1356.049 364.685 172.119 44.861 36.316 51.88 2548.523 2501.678 2111.053 1734.619 1378.937 1013.184 657.501 192.413 -43.945 30.518 70.953 8.24 -332.184 -677.185 -1018.524 -1362.457 -1703.491 -2043.61 -2382.05 -2705.994 381.927 778.656 430.756 73.853 5.951 -350.647 -708.618 605 910 400 25.99 30.76 53 8 2408 1 034
6059311 7531 2026/1/25 16:25:43 P18 73.44 22.23 0 7.64 38.29 949.04 969.44 311.584 500.641 3708.191 191.193 429.993 557.861 480.652 28.381 -3.204 156.555 -8.24 195.312 605.927 144.348 538.94 790.71 99.945 380.859 641.479 410.004 -5000 0.153 107.88 31.128 -7.782 19.684 271.912 59.052 388.947 805.511 335.846 -1358.185 363.617 171.204 45.013 34.943 52.643 2546.539 2500.153 2112.579 1739.655 1383.209 1022.644 667.572 192.871 -44.556 54.626 74.463 10.529 -328.369 -674.286 -1011.353 -1356.506 -1697.235 -2035.217 -2372.284 -2698.669 384.369 780.029 435.638 78.583 9.155 -346.527 -701.141 606 900 400 25.95 30.7 52 8 2408 1 034
6059312 7531 2026/1/25 16:25:44 P18 73.53 22.1 0 7.74 38.28 949.03 969.46 313.721 500.793 3706.512 194.55 429.993 561.981 480.042 43.64 5.646 149.994 -8.087 195.77 607.758 148.773 539.093 790.405 99.64 379.944 640.564 411.224 -5000 -5.035 104.523 62.103 -6.409 20.752 270.233 61.646 390.167 795.288 352.02 -1356.506 363.312 170.135 48.37 36.163 51.27 2545.929 2502.136 2109.68 1731.11 1370.544 1004.791 648.193 188.293 -44.708 23.346 73.242 4.578 -332.489 -678.253 -1019.44 -1363.831 -1706.39 -2047.272 -2386.932 -2712.402 381.622 777.74 431.213 72.632 6.104 -350.037 -708.923 593 895 400 25.98 30.73 52 8 2408 1 034
6059313 7531 2026/1/25 16:25:45 P18 73.5 22.21 0 7.66 38.34 949.04 969.44 313.263 502.777 3703.918 193.939 430.908 564.117 479.889 81.482 11.902 170.593 -8.85 196.838 607.91 146.332 540.161 790.863 99.945 380.554 640.411 411.224 -5000 4.425 106.964 6.714 -7.324 21.057 270.844 58.594 386.81 802.765 348.358 -1356.506 362.396 169.678 49.286 29.755 50.812 2543.945 2500.305 2113.953 1737.823 1381.989 1017.303 660.4 187.378 -42.572 33.722 69.58 3.51 -333.099 -677.948 -1017.151 -1361.847 -1702.271 -2041.779 -2380.981 -2704.773 381.775 776.978 428.162 75.378 9.308 -350.342 -706.024 600 890 400 25.98 30.67 52 8 2408 1 034
6059314 7531 2026/1/25 16:25:46 P18 73.48 22.12 0 7.62 38.27 949 969.45 315.247 501.099 3704.834 191.04 433.044 562.592 480.194 -117.188 -19.226 164.49 -8.545 194.397 602.57 147.858 538.94 789.948 99.64 379.791 640.411 410.461 -5000 -2.899 106.812 -14.496 -7.172 21.973 270.538 59.357 387.726 802.46 346.68 -1356.812 361.938 170.898 48.828 32.654 52.032 2545.013 2501.678 2112.885 1741.943 1385.651 1023.102 666.656 188.293 -40.436 23.651 70.801 4.883 -331.573 -673.828 -1014.404 -1357.574 -1697.845 -2036.591 -2374.573 -2699.89 380.096 777.588 432.434 74.615 7.324 -344.696 -701.141 591 915 400 25.99 30.73 52 8 2408 1 034
6059315 7531 2026/1/25 16:25:47 P18 73.5 22.13 0 7.38 38.27 949.01 969.44 314.789 502.93 3703.003 193.481 429.993 562.439 479.889 -39.978 -16.937 137.329 -7.477 196.228 604.401 144.043 538.33 790.253 99.487 380.096 640.717 411.835 -5000 4.883 104.98 -37.994 -9.613 20.752 270.538 60.12 390.32 802.307 332.642 -1356.506 363.464 170.441 47.607 34.18 51.27 2546.387 2500.153 2109.07 1730.652 1371.46 1002.808 646.973 187.073 -39.825 31.281 69.885 6.866 -333.099 -678.101 -1019.897 -1364.136 -1705.17 -2045.441 -2385.406 -2711.639 380.096 773.01 430.908 74.31 7.629 -349.121 -709.534 600 915 400 25.96 30.79 52 8 2408 1 034
6059316 7531 2026/1/25 16:25:48 P18 73.47 22.15 0 7.64 38.28 967.16 969.46 313.721 503.845 3703.308 193.787 432.587 560.15 480.499 61.493 -9.613 162.811 -6.561 193.939 606.689 148.926 538.483 790.1 100.098 379.944 639.191 411.072 -5000 0.305 105.438 39.673 -9.003 20.294 271.912 59.662 387.878 801.392 329.59 -1364.441 363.312 169.983 41.351 30.823 50.659 2548.37 2502.289 2112.885 1734.924 1379.7 1015.625 658.722 191.345 -41.809 32.043 75.836 9.613 -326.538 -671.997 -1012.726 -1358.032 -1699.371 -2039.642 -2376.709 -2701.874 384.064 782.623 434.418 77.515 10.223 -346.375 -702.515 600 915 400 25.96 30.79 52 8 2408 1 034
6059317 7531 2026/1/25 16:25:49 P18 73.53 22.1 0 7.44 38.29 967.17 969.44 315.247 500.183 3693.542 193.787 429.993 558.624 480.957 31.891 -18.005 149.536 -8.24 195.923 604.553 144.043 538.483 790.1 99.487 379.639 638.123 410.156 -5000 1.068 104.98 -3.815 -8.545 22.125 270.996 57.983 388.947 801.239 341.492 -1352.997 361.633 170.593 49.286 33.417 51.117 2548.37 2501.831 2113.037 1739.349 1383.667 1020.355 665.588 190.125 -41.962 24.414 72.937 7.935 -332.336 -678.253 -1016.083 -1359.253 -1700.287 -2038.422 -2373.047 -2700.5 381.317 773.315 431.213 74.768 5.798 -347.595 -703.43 592 920 400 26.02 30.62 52 8 2408 1 034
6059318 7531 2026/1/25 16:25:50 P18 73.5 22.13 0 7.45 38.36 967.14 969.48 313.873 502.93 3702.087 192.566 430.908 560.76 479.889 84.839 -35.095 143.89 -6.561 195.312 606.079 147.552 538.788 790.1 99.64 379.486 638.428 410.461 -5000 -6.409 103.76 37.384 -8.24 20.752 270.386 58.594 388.336 799.255 332.794 -1355.591 362.396 169.525 45.319 40.894 51.575 2543.488 2501.526 2119.293 1744.843 1390.991 1027.985 669.25 187.531 -40.131 25.024 70.496 6.409 -324.86 -672.15 -1012.726 -1357.727 -1696.777 -2034.912 -2372.284 -2696.991 378.113 771.637 431.519 77.667 7.935 -345.001 -697.632 598 910 400 26.02 30.62 51 8 2408 1 034
6059319 7531 2026/1/25 16:25:51 P18 73.5 22.2 0 7.59 38.32 967.15 969.45 313.568 501.099 3700.409 192.261 432.434 560.303 480.347 -105.896 -20.294 165.558 -7.172 194.397 606.232 154.266 538.788 790.405 99.335 379.639 638.123 410.004 -5000 1.526 105.743 81.635 -7.019 20.142 270.538 60.12 387.573 794.373 321.655 -1357.574 362.244 169.678 44.556 41.809 51.117 2548.218 2500.458 2112.732 1734.314 1377.411 1013.031 657.349 188.293 -39.825 24.719 71.259 7.782 -331.421 -677.338 -1017.303 -1361.389 -1702.881 -2041.321 -2379.913 -2704.315 381.622 771.332 433.044 75.226 6.561 -349.426 -705.872 605 935 400 25.99 30.62 51 8 2408 1 034
6059320 7531 2026/1/25 16:25:52 P18 73.5 22.15 0 7.52 38.32 967.15 969.45 314.331 502.625 3699.493 192.261 430.603 559.082 480.652 -10.529 -12.97 129.7 -8.392 195.923 606.995 147.247 537.72 790.71 98.419 380.096 637.97 408.936 -5000 -2.899 106.659 -10.071 -7.172 21.515 270.538 61.646 388.489 799.408 336.914 -1360.931 361.481 170.593 43.03 33.264 50.659 2547.15 2502.441 2112.579 1737.976 1381.836 1018.372 663.147 187.683 -42.267 25.787 69.427 5.798 -331.421 -676.727 -1016.083 -1358.948 -1700.745 -2039.185 -2374.268 -2700.806 380.707 769.653 430.45 76.904 5.493 -348.358 -703.888 597 930 400 25.98 30.68 51 8 2408 1 034
6059321 7531 2026/1/25 16:25:53 P18 73.41 22.09 0 7.49 38.39 967.15 969.45 316.315 502.777 3698.883 192.566 429.535 547.18 479.736 -29.297 -6.104 137.634 -7.782 196.533 603.027 146.942 538.33 789.948 98.724 379.791 638.733 410.156 -5000 -13.58 110.016 -12.665 -9.155 20.447 270.233 60.73 387.268 800.018 334.32 -1357.422 362.244 170.593 45.929 33.112 53.711 2546.844 2502.441 2116.241 1743.927 1391.449 1028.137 671.234 194.397 -38.3 25.482 75.226 14.343 -325.165 -670.319 -1009.521 -1352.234 -1693.268 -2031.86 -2368.317 -2695.16 385.59 774.994 435.638 80.872 8.545 -340.118 -693.207 605 930 400 25.99 30.84 51 8 2408 1 034
6059322 7531 2026/1/25 16:25:54 P18 73.48 22.15 0 7.71 38.32 967.13 969.47 312.653 502.777 3698.73 192.261 429.993 558.014 479.889 2.747 -17.548 150.757 -7.019 195.312 606.842 148.163 537.72 789.49 98.572 379.486 636.444 409.698 -5000 -1.068 109.558 -37.231 -6.561 20.447 270.386 59.204 387.878 799.561 338.287 -1357.117 363.007 168.915 44.861 33.417 52.49 2543.182 2501.373 2108.154 1729.584 1372.528 1005.859 650.482 189.362 -43.488 31.891 72.327 7.782 -333.099 -679.321 -1020.203 -1364.288 -1705.78 -2045.746 -2385.254 -2710.266 380.554 771.637 431.519 74.005 7.782 -350.952 -710.297 595 930 400 26 30.68 50 8 2408 1 034
6059323 7531 2026/1/25 16:25:55 P18 73.44 22.1 0 7.47 38.28 967.13 969.45 313.721 502.472 3698.73 191.345 430.45 561.523 479.736 95.062 4.12 171.661 -8.087 195.312 606.689 152.13 537.567 791.016 98.267 378.876 636.749 410.614 -5000 6.409 105.438 26.855 -8.392 20.752 269.928 60.577 386.353 796.356 350.037 -1356.964 360.565 168.915 45.776 31.738 50.812 2544.708 2501.526 2111.969 1737.518 1382.141 1018.677 661.621 187.683 -42.419 41.199 69.885 6.409 -331.573 -675.812 -1026.306 -1366.272 -1705.017 -2042.542 -2378.693 -2703.094 379.486 770.874 429.84 74.615 7.477 -349.121 -705.566 602 905 400 26 30.68 50 8 2408 1 034
6059324 7531 2026/1/25 16:25:56 P18 73.44 22.17 0 7.44 38.29 967.15 969.46 310.974 502.625 3697.815 190.735 430.298 554.81 479.431 36.469 -30.06 148.926 -5.951 194.855 606.384 153.198 537.872 791.168 98.572 378.571 636.292 408.63 -5000 1.678 108.795 51.27 -8.24 20.447 270.538 61.34 386.047 793.915 340.271 -1359.1 360.107 168.915 44.25 31.433 51.88 2546.844 2500.763 2116.699 1744.843 1388.245 1022.644 668.182 192.413 -41.199 38.452 71.716 7.782 -328.217 -674.896 -1012.573 -1355.896 -1696.777 -2035.065 -2369.537 -2696.533 382.538 770.569 433.044 76.447 8.087 -345.459 -700.226 592 925 400 25.99 30.72 50 8 2408 1 034
6059325 7531 2026/1/25 16:25:57 P18 73.44 22.12 0 7.66 38.2 967.11 969.46 314.941 500.793 3695.984 190.43 430.45 554.199 480.042 10.681 -33.722 148.315 -8.698 195.923 606.384 155.334 536.804 787.354 98.419 378.723 635.529 407.867 -5000 1.831 103.607 61.646 -6.256 21.362 269.928 59.814 386.047 797.577 316.01 -1356.049 362.244 168.304 48.065 32.043 51.117 2544.708 2502.289 2114.41 1741.028 1387.482 1025.391 669.403 187.836 -43.182 46.692 68.817 7.172 -331.879 -675.049 -1013.184 -1356.506 -1695.862 -2036.133 -2373.81 -2698.975 380.859 767.517 430.45 77.362 4.883 -342.56 -698.547 601 915 400 25.96 30.64 50 8 2408 1 034
6059326 7531 2026/1/25 16:25:58 P18 73.38 22.19 0 7.57 38.23 967.12 969.44 315.247 500.641 3697.357 188.446 428.467 559.998 479.431 -109.406 -14.954 135.345 -8.087 196.075 603.638 155.334 536.346 790.558 97.656 378.418 634.918 408.325 -5000 9.155 105.286 10.986 -8.24 20.294 269.928 59.509 385.895 796.051 318.451 -1359.253 360.718 169.373 45.624 39.062 52.032 2548.065 2502.594 2111.511 1736.603 1378.784 1014.252 657.806 190.125 -41.046 37.537 72.327 6.409 -328.979 -674.286 -1015.167 -1358.795 -1699.524 -2038.574 -2378.387 -2703.094 380.402 769.653 433.96 76.141 9.003 -347.137 -704.346 594 915 400 26.03 30.7 49 8 2408 1 034
6059327 7531 2026/1/25 16:25:59 P18 73.33 22.17 0 7.52 38.33 967.13 969.47 315.094 502.472 3694.611 190.277 428.467 559.235 480.347 28.839 -48.37 148.163 -6.714 193.634 606.384 153.961 536.804 787.354 98.114 379.486 635.071 407.715 -5000 -2.289 104.675 51.88 -7.629 21.057 270.233 61.798 385.132 795.898 326.538 -1362.61 361.023 170.135 48.523 32.654 51.422 2547.15 2501.373 2111.969 1737.518 1383.514 1020.203 664.673 187.683 -43.945 40.131 71.564 6.409 -329.895 -674.591 -1013.947 -1359.253 -1698.914 -2036.438 -2374.725 -2699.432 381.165 769.958 431.366 75.531 9.308 -346.68 -702.972 594 915 400 26.03 30.7 49 8 2408 1 034
6059328 7531 2026/1/25 16:26:00 P18 73.46 22.09 0 7.6 38.17 967.15 969.45 312.347 500.641 3693.695 190.43 426.941 554.199 479.279 125.275 9.308 154.724 -9.155 194.244 606.995 158.691 536.041 790.863 97.504 378.876 635.071 409.851 -5000 -1.373 105.438 31.281 -6.104 20.447 270.081 63.171 386.2 792.084 336.609 -1360.931 360.107 170.441 49.133 38.452 51.727 2548.523 2501.984 2116.089 1743.469 1389.618 1027.222 670.776 185.852 -43.945 46.692 69.275 4.578 -331.268 -675.049 -1012.726 -1356.812 -1696.777 -2035.065 -2370.3 -2695.618 380.402 766.449 429.84 76.599 5.493 -345.001 -699.005 601 860 400 25.98 30.84 49 8 2408 1 034
6059329 7531 2026/1/25 16:26:01 P18 73.38 22.12 0 7.59 38.3 967.14 969.45 313.873 502.472 3693.085 190.735 428.467 560.455 479.279 41.962 -9.613 172.729 -9.003 194.092 603.79 154.419 535.889 790.1 97.656 378.265 634.766 410.004 -5000 3.204 107.269 16.632 -8.545 21.82 270.081 61.798 386.81 795.593 354.309 -1358.337 359.802 169.373 46.692 34.637 51.88 2545.776 2502.594 2108.765 1728.21 1369.934 1002.045 646.515 190.277 -41.199 38.452 71.869 5.951 -333.252 -679.169 -1020.355 -1364.594 -1706.39 -2045.898 -2386.932 -2709.198 381.317 762.787 432.434 73.09 7.935 -349.884 -708.923 605 880 400 25.98 30.84 49 8 2408 1 034
6059330 7531 2026/1/25 16:26:02 P18 73.37 22.12 0 7.47 38.27 967.12 969.46 313.416 502.014 3688.202 188.599 428.619 560.76 480.042 -72.021 -7.324 155.029 -7.782 195.465 605.469 151.978 538.483 790.1 97.046 378.418 634.766 410.767 -5000 -5.341 108.032 -12.054 -8.698 21.21 270.538 61.646 384.827 795.441 320.587 -1358.032 361.023 168.152 45.166 39.062 50.964 2546.692 2502.747 2114.258 1734.772 1380.005 1015.015 659.332 188.141 -42.419 28.839 69.275 7.782 -335.236 -679.321 -1019.592 -1363.373 -1703.186 -2041.168 -2378.54 -2703.094 379.791 766.296 431.061 73.395 5.341 -346.985 -702.515 597 880 400 25.99 30.73 49 8 2408 1 034
6059331 7531 2026/1/25 16:26:03 P18 73.4 22.16 0 7.69 38.32 967.17 969.47 313.721 500.641 3692.017 189.819 427.551 558.472 479.889 48.828 -1.526 154.877 -6.561 194.855 606.079 152.893 537.109 791.016 97.198 377.808 633.087 408.936 -5000 -3.967 106.049 -13.885 -6.714 20.752 270.081 59.662 385.132 794.83 316.467 -1363.068 358.124 169.067 46.692 39.215 52.338 2547.15 2502.899 2115.784 1739.655 1385.345 1023.254 667.877 190.735 -38.452 55.542 73.09 7.782 -328.217 -674.896 -1014.404 -1357.727 -1697.998 -2037.048 -2374.573 -2698.517 385.132 767.822 432.892 76.447 9.308 -342.865 -697.937 606 875 400 25.99 30.86 48 8 2408 1 034
6059332 7531 2026/1/25 16:26:04 P18 73.4 22.16 0 7.69 38.32 967.17 969.47 315.552 503.387 3690.796 189.362 427.856 552.979 479.584 -101.624 -24.414 144.501 -7.935 195.618 605.469 152.74 535.583 790.1 97.351 377.808 632.477 406.952 -5000 -1.526 106.659 10.071 -7.477 21.057 269.775 61.34 386.353 794.373 344.696 -1358.795 359.497 167.694 45.319 35.095 52.185 2546.692 2501.068 2118.225 1746.063 1389.923 1026.611 670.471 186.615 -44.708 63.171 71.564 5.646 -330.2 -673.523 -1010.895 -1355.133 -1693.878 -2033.997 -2369.232 -2695.618 379.944 766.754 432.129 77.82 7.324 -341.339 -693.512 606 880 400 25.93 30.63 48 8 2408 1 034
6059333 7531 2026/1/25 16:26:05 P18 73.41 22.03 0 7.62 38.36 967.14 969.46 313.873 502.319 3689.88 189.667 428.162 558.014 479.736 81.94 -30.06 150.604 -8.698 194.092 605.164 158.997 537.109 789.337 96.741 377.35 633.087 409.393 -5000 0.305 107.574 21.667 -8.85 21.362 270.386 60.73 386.658 794.983 328.217 -1358.337 359.497 168.304 41.046 39.062 51.27 2545.776 2502.899 2108.459 1729.279 1371.307 1005.249 649.567 187.836 -40.588 49.438 69.885 5.951 -334.167 -679.932 -1021.576 -1365.967 -1707.458 -2046.967 -2387.39 -2712.25 378.876 762.939 432.129 70.953 6.256 -353.241 -711.06 603 825 400 25.99 30.79 48 8 2408 1 034
6059334 7531 2026/1/25 16:26:06 P18 73.33 22.13 0 7.4 38.24 967.14 969.45 313.873 501.099 3690.491 187.836 427.856 559.998 480.042 125.732 -4.73 145.111 -7.477 195.312 605.164 155.182 536.957 790.253 96.741 377.655 632.782 410.767 -5000 -7.782 101.471 38.605 -6.866 20.447 270.081 62.103 385.132 793.152 331.879 -1359.558 357.819 167.847 45.166 40.283 52.795 2546.082 2500.916 2111.206 1734.924 1380.005 1014.862 659.027 188.446 -41.962 57.831 70.801 4.425 -330.505 -677.032 -1015.93 -1360.168 -1700.592 -2039.795 -2376.709 -2702.484 381.317 765.839 431.213 76.447 7.782 -342.102 -701.447 601 845 400 25.99 30.79 48 8 2408 1 034
6059335 7531 2026/1/25 16:26:07 P18 73.31 22.13 0 7.59 38.36 967.12 969.46 315.247 501.404 3689.27 187.531 427.856 559.082 479.584 -59.967 -22.278 150.452 -9.155 193.939 603.18 161.591 534.821 790.405 96.588 378.113 631.866 408.936 -5000 -9.766 106.812 9.003 -8.698 21.057 270.691 61.035 386.2 791.321 337.372 -1357.269 358.887 167.389 54.779 38.147 51.27 2546.844 2501.984 2114.41 1740.723 1386.108 1024.323 668.488 186.31 -41.199 52.338 70.19 9.003 -332.794 -675.964 -1014.709 -1357.269 -1697.083 -2036.591 -2373.81 -2698.059 381.775 763.702 432.739 75.836 7.477 -345.917 -701.904 601 850 400 26 30.67 48 8 2408 1 034
6059336 7531 2026/1/25 16:26:08 P18 73.34 22.02 0 7.6 38.28 967.14 969.47 317.078 501.251 3689.423 188.599 427.551 557.404 479.279 28.229 -1.831 161.438 -9.003 193.634 603.943 160.675 535.889 790.558 96.893 377.045 630.188 410.156 -5000 2.747 104.98 38.3 -8.85 19.836 271.301 60.272 384.369 792.542 335.541 -1364.746 359.192 168.61 46.692 32.654 51.27 2546.387 2500 2117.462 1744.08 1390.228 1027.985 671.539 182.8 -42.725 59.814 70.19 5.646 -329.59 -674.286 -1012.726 -1357.574 -1696.93 -2036.591 -2371.826 -2696.991 380.554 763.702 430.756 76.447 4.425 -345.154 -700.073 589 850 400 25.96 30.74 47 8 2408 1 034
6059337 7531 2026/1/25 16:26:09 P18 73.3 22.17 0 7.5 38.3 967.13 969.46 315.704 501.099 3686.981 188.141 429.688 558.777 479.584 98.419 -37.842 142.212 -8.392 193.176 603.638 160.065 534.821 789.49 96.893 377.655 631.104 407.867 -5000 -10.681 106.812 2.441 -6.104 19.684 269.47 62.256 385.284 789.185 306.702 -1358.337 358.582 168.304 42.267 35.248 51.422 2549.438 2501.984 2108.154 1728.973 1371.613 1005.707 649.719 187.836 -45.776 48.676 71.564 8.85 -334.32 -678.711 -1019.592 -1365.356 -1706.543 -2046.051 -2384.491 -2708.74 377.35 764.16 432.129 74.31 6.561 -350.952 -709.534 589 850 400 25.96 30.74 47 8 2408 1 034
6059338 7531 2026/1/25 16:26:10 P18 73.36 22.17 0 7.74 38.31 967.13 969.48 312.958 502.625 3687.286 187.531 427.704 559.54 478.821 -26.55 -18.768 138.855 -8.24 195.16 605.316 158.386 535.126 791.473 95.978 377.502 632.172 407.41 -5000 -4.73 105.591 45.624 -5.341 21.362 270.081 59.967 384.369 791.321 341.644 -1358.643 358.124 168.762 46.692 43.03 52.032 2544.556 2501.068 2112.274 1737.061 1380.31 1016.388 659.943 184.784 -43.488 43.03 68.512 4.883 -332.947 -679.169 -1017.914 -1361.694 -1701.66 -2042.694 -2379.761 -2704.01 379.791 760.498 431.213 74.615 5.035 -347.443 -702.362 601 805 400 25.99 30.78 47 8 2408 1 034
6059339 7531 2026/1/25 16:26:11 P18 73.41 22.2 0 7.59 38.28 967.14 969.45 316.925 501.251 3684.998 188.293 428.619 559.692 479.279 -54.321 -51.727 130.463 -8.087 194.092 604.248 157.013 535.889 789.948 96.436 377.808 631.104 407.867 -5000 -12.817 106.354 34.027 -7.629 20.905 269.623 61.035 384.521 790.405 325.317 -1357.727 357.513 168.152 45.471 39.673 51.575 2548.218 2502.747 2111.969 1738.434 1382.141 1019.592 664.825 184.937 -45.013 47.913 70.19 3.815 -332.031 -677.185 -1016.541 -1359.863 -1700.287 -2038.574 -2376.251 -2702.332 378.113 762.939 429.535 75.378 7.782 -348.053 -704.193 607 825 400 25.95 30.68 47 8 2408 1 034
6059340 7531 2026/1/25 16:26:12 P18 73.4 22.17 0 7.64 38.29 967.18 969.46 315.094 501.251 3682.404 187.988 428.314 554.657 479.431 -88.654 -24.414 158.386 -7.172 195.465 605.774 158.386 535.736 789.948 96.283 376.892 630.646 408.325 -5000 -7.019 105.591 24.261 -7.782 20.447 268.707 60.73 383.759 789.948 301.666 -1363.525 358.429 167.542 45.624 35.706 52.795 2543.64 2501.373 2117.462 1743.927 1390.381 1027.832 669.403 189.972 -40.283 39.673 70.038 8.545 -330.2 -674.438 -1010.742 -1355.438 -1695.099 -2033.691 -2371.521 -2696.686 381.927 760.498 431.824 76.447 6.256 -343.018 -697.784 593 835 400 25.95 30.68 47 8 2408 1 034
6059341 7531 2026/1/25 16:26:13 P18 73.26 22.09 0 7.67 38.47 967.17 969.5 312.347 501.709 3684.082 188.599 427.704 558.624 479.279 86.06 -39.368 150.452 -8.24 193.787 605.927 163.879 534.973 790.253 95.825 377.045 630.951 408.173 -5000 3.967 105.896 -35.248 -8.392 22.278 270.081 60.425 382.843 783.844 314.941 -1357.117 358.582 168.152 43.03 35.248 51.727 2545.776 2501.068 2111.053 1730.499 1374.664 1007.996 650.024 189.209 -41.656 34.637 68.97 5.798 -336.151 -682.22 -1022.034 -1366.73 -1707.764 -2047.119 -2386.169 -2709.198 378.265 759.583 429.688 74.31 7.629 -351.715 -709.076 606 835 400 25.98 30.81 47 8 2408 1 034
6059342 7531 2026/1/25 16:26:14 P18 73.34 22.09 0 7.42 38.32 967.16 969.46 316.162 500.488 3683.777 187.531 427.551 556.793 479.736 -14.801 -32.196 139.465 -7.782 193.176 603.943 163.574 534.668 790.863 95.215 377.197 629.12 408.63 -5000 3.052 109.406 -22.583 -8.85 20.294 269.775 61.646 383.911 787.354 306.091 -1364.136 357.971 167.999 43.335 36.926 51.88 2547.455 2501.984 2111.511 1736.298 1380.157 1015.32 659.943 188.141 -45.624 44.861 72.632 3.967 -332.947 -677.185 -1016.846 -1360.779 -1700.592 -2040.253 -2378.235 -2702.484 379.639 760.803 435.791 73.853 8.392 -344.543 -700.684 605 840 400 25.98 30.81 47 8 2408 1 034
6059343 7531 2026/1/25 16:26:15 P18 73.23 22.13 0 7.7 38.37 967.16 969.45 313.11 501.556 3681.946 187.073 426.331 556.183 479.889 -63.477 -2.747 147.552 -8.24 192.413 605.621 164.032 534.668 790.1 95.673 376.892 630.341 408.325 -5000 0 109.558 -6.714 -8.087 21.667 270.233 63.171 382.08 783.386 321.808 -1359.406 357.208 168.762 43.335 38.147 51.422 2545.776 2502.136 2113.495 1740.265 1385.651 1024.17 668.182 185.089 -47.302 22.278 74.31 7.477 -330.505 -675.812 -1015.015 -1358.185 -1698.303 -2036.896 -2372.894 -2698.822 379.181 761.108 432.434 76.294 6.561 -344.086 -700.836 589 800 400 25.98 30.67 46 8 2408 1 034
6059344 7531 2026/1/25 16:26:16 P18 73.3 22.09 0 7.55 38.34 967.16 969.5 314.941 501.099 3682.556 188.293 428.009 559.082 479.279 59.814 28.687 137.634 -9.003 194.397 603.333 164.795 534.973 790.405 94.452 376.587 628.662 407.867 -5000 6.256 107.574 51.575 -8.087 21.057 269.47 62.866 382.538 787.048 314.789 -1357.422 358.887 167.847 44.403 39.978 51.27 2547.76 2501.526 2108.765 1730.347 1369.934 1003.571 650.177 184.937 -44.098 14.954 69.275 7.782 -335.236 -681.915 -1022.949 -1368.408 -1709.9 -2049.408 -2389.526 -2716.217 378.265 761.261 432.281 72.784 6.409 -352.631 -709.839 604 820 400 25.98 30.67 46 8 2408 1 034
6059345 7531 2026/1/25 16:26:17 P18 73.29 22.17 0 7.57 38.26 967.15 969.5 313.568 502.777 3681.641 187.683 426.025 557.861 478.973 52.032 14.191 142.822 -9.46 193.481 600.739 163.574 533.752 790.253 95.215 376.587 629.272 409.393 -5000 -1.984 109.253 45.929 -8.545 21.82 270.386 62.256 384.216 787.964 325.317 -1364.288 357.666 167.847 40.436 38.452 51.422 2546.234 2501.984 2112.732 1736.603 1379.395 1014.252 658.112 187.836 -42.877 26.398 71.259 6.866 -333.557 -679.932 -1019.287 -1363.22 -1703.644 -2042.236 -2380.676 -2705.536 380.707 759.277 431.824 75.226 7.629 -348.053 -704.803 593 830 400 25.99 30.73 46 8 2408 1 034
6059346 7531 2026/1/25 16:26:18 P18 73.2 22.16 0 7.6 38.4 967.16 969.48 314.789 501.862 3680.878 189.209 428.009 554.199 480.042 -44.403 7.477 139.923 -9.918 194.55 605.774 164.948 534.058 790.253 95.52 376.74 628.052 406.647 -5000 5.035 109.406 54.779 -5.493 20.447 269.928 62.256 381.927 785.675 334.778 -1356.506 357.513 165.71 45.166 43.03 51.422 2544.556 2502.747 2114.563 1737.518 1383.209 1020.66 664.062 185.394 -40.894 27.618 68.207 8.392 -332.336 -677.795 -1016.083 -1360.931 -1699.829 -2039.49 -2376.556 -2701.111 373.84 756.226 431.213 75.226 5.341 -347.595 -702.515 601 830 400 26.02 30.78 46 8 2408 1 034
6059347 7531 2026/1/25 16:26:19 P18 73.23 22.12 0 7.66 38.36 967.15 969.48 312.653 500.183 3680.267 188.141 426.025 557.556 479.279 -26.855 -8.698 145.721 -6.561 193.787 605.316 167.847 533.752 790.863 95.215 376.282 628.204 406.952 -5000 -8.087 105.286 48.065 -8.24 20.599 270.233 61.34 382.08 787.201 324.554 -1360.474 358.429 166.321 45.471 34.79 52.185 2541.809 2501.831 2116.547 1743.469 1389.008 1026.154 670.624 187.836 -39.978 28.381 70.953 8.087 -328.674 -673.676 -1011.353 -1354.065 -1694.489 -2033.691 -2369.232 -2696.228 382.69 757.141 435.333 76.599 6.104 -343.933 -697.327 593 835 400 25.99 30.84 45 8 2408 1 034
6059348 7531 2026/1/25 16:26:20 P18 73.26 22.17 0 7.57 38.35 967.15 969.48 314.178 501.099 3679.504 185.852 426.025 556.793 479.279 8.545 -9.613 140.228 -7.782 193.634 601.501 167.847 533.447 790.1 95.52 376.74 627.747 408.173 -5000 -4.883 105.896 -2.136 -7.935 21.057 269.775 61.646 382.538 786.133 328.522 -1357.88 357.056 167.847 43.793 33.722 50.812 2543.945 2501.221 2110.596 1731.262 1373.444 1007.69 653.229 187.378 -48.981 33.569 70.038 6.409 -332.184 -681.915 -1020.355 -1364.594 -1705.78 -2046.204 -2385.254 -2710.571 380.554 757.751 432.129 72.021 5.341 -351.715 -710.144 593 835 400 25.99 30.84 45 8 2408 1 034
6059349 7531 2026/1/25 16:26:21 P18 73.27 22.19 0 7.62 38.26 967.16 969.47 311.432 500.183 3679.047 188.141 426.483 552.826 479.736 -17.7 10.681 147.858 -8.698 193.329 605.316 169.525 533.905 790.863 94.299 376.434 627.594 407.104 -5000 3.967 106.049 -19.531 -7.782 19.684 269.012 61.34 384.674 785.065 317.078 -1357.269 355.988 166.626 43.182 33.569 51.88 2546.692 2500.916 2114.258 1738.281 1382.751 1020.813 669.098 187.836 -45.624 25.33 69.733 7.935 -330.963 -675.507 -1015.015 -1359.711 -1700.287 -2039.642 -2376.404 -2701.721 380.859 758.057 432.587 75.378 5.035 -348.511 -704.041 601 825 400 25.98 30.75 45 8 2408 1 034
6059350 7531 2026/1/25 16:26:22 P18 73.3 22.05 0 7.65 38.37 967.16 969.46 316.772 501.404 3677.216 188.141 426.483 554.657 480.042 18.463 13.123 150.299 -7.477 192.566 606.079 164.795 533.905 788.879 95.52 376.282 627.289 407.867 -5000 -1.221 105.133 -12.665 -8.24 20.905 269.318 61.035 381.775 786.438 317.841 -1363.983 358.429 167.389 40.894 28.076 51.727 2545.776 2501.526 2117.157 1744.537 1388.702 1025.848 670.471 188.293 -44.556 28.687 71.106 8.85 -328.369 -672.15 -1010.59 -1353.76 -1693.878 -2032.623 -2367.859 -2694.855 382.996 758.82 431.976 78.278 8.392 -344.849 -698.547 608 835 400 26.02 30.67 45 8 2408 1 034
6059351 7531 2026/1/25 16:26:23 P18 73.24 22.16 0 7.57 38.48 967.18 969.48 314.026 502.319 3676.758 188.599 426.025 554.962 479.126 16.632 -24.872 152.74 -8.698 192.719 604.553 170.135 533.905 790.558 95.215 376.892 627.441 407.104 -5000 -12.207 104.675 40.741 -9.003 20.447 270.233 63.324 382.08 786.285 329.742 -1364.288 356.598 167.847 44.25 35.4 51.422 2545.776 2501.526 2116.394 1740.57 1387.329 1022.034 662.384 188.141 -43.945 26.703 68.359 8.392 -330.505 -674.744 -1013.336 -1358.185 -1698.456 -2038.116 -2377.472 -2700.5 379.639 753.784 431.976 75.989 5.493 -345.459 -699.615 597 835 400 25.96 30.67 45 8 2408 1 034
6059352 7531 2026/1/25 16:26:24 P18 73.24 22.16 0 7.57 38.21 967.19 969.48 316.62 503.54 3675.995 187.378 427.551 557.709 478.973 7.172 -33.722 141.449 -8.545 192.871 603.18 165.405 532.227 790.71 94.91 376.74 626.526 406.952 -5000 -0.305 106.201 10.834 -8.698 21.667 270.081 62.866 381.47 785.065 309.143 -1357.269 357.056 166.321 42.114 32.043 50.964 2545.319 2502.441 2112.732 1737.518 1382.904 1020.203 663.757 191.345 -44.556 26.55 70.343 7.477 -332.336 -677.185 -1016.693 -1362.457 -1701.965 -2039.948 -2378.235 -2702.637 379.181 757.141 431.671 75.378 7.782 -349.426 -704.498 605 840 400 25.96 30.67 45 8 2408 1 034
6059353 7531 2026/1/25 16:26:25 P18 73.31 22.17 0 7.65 38.22 967.18 969.47 311.89 501.709 3675.69 187.073 426.941 557.404 479.126 -122.681 -40.588 133.82 -7.019 194.244 606.079 171.051 533.447 790.863 94.91 375.977 625.916 408.02 -5000 1.678 106.506 10.223 -8.545 20.752 269.623 62.103 380.707 779.724 308.685 -1356.812 356.445 166.016 44.403 33.112 52.032 2542.419 2502.747 2115.784 1742.249 1389.16 1026.764 669.403 189.972 -42.877 18.921 72.327 6.104 -329.132 -672.607 -1011.353 -1355.133 -1695.404 -2034.302 -2369.232 -2698.059 381.165 755.92 430.908 78.278 9.155 -342.102 -698.7 588 810 400 25.95 30.86 45 8 2408 1 034
6059354 7531 2026/1/25 16:26:26 P18 73.24 22.16 0 7.6 38.41 967.16 969.48 315.399 501.709 3674.927 186.92 425.415 557.404 479.736 27.618 -23.499 132.446 -9.155 193.176 605.316 169.983 533.447 790.405 94.604 376.282 625.763 405.884 -5000 5.798 104.828 -26.398 -7.172 21.515 269.775 63.019 381.165 780.334 314.484 -1357.727 355.53 166.016 45.471 30.518 52.032 2542.267 2501.526 2115.479 1739.349 1384.888 1019.287 660.095 187.378 -45.319 34.485 69.733 9.003 -330.811 -675.507 -1015.93 -1360.779 -1703.796 -2043.152 -2380.524 -2706.451 381.012 755.157 431.061 75.684 5.493 -345.459 -701.447 602 835 400 25.98 30.79 45 8 2408 1 034
6059355 7531 2026/1/25 16:26:27 P18 73.31 22.17 0 7.52 38.32 967.15 969.5 315.704 501.404 3674.316 187.531 427.399 552.673 478.516 15.717 -10.834 144.958 -9.613 192.108 605.164 172.729 532.837 789.795 94.91 376.282 625 406.036 -5000 4.883 105.286 1.831 -5.798 20.752 272.064 62.561 382.69 782.166 319.214 -1362.305 355.835 164.642 47.302 33.875 51.88 2546.539 2502.441 2110.596 1729.584 1371.918 1007.385 649.719 186.462 -42.267 38.3 71.106 6.866 -325.623 -671.997 -1012.878 -1358.643 -1702.118 -2042.389 -2382.66 -2709.808 379.486 749.969 432.434 74.158 9.766 -348.663 -706.635 591 840 400 25.98 30.79 45 8 2408 1 034
6059356 7531 2026/1/25 16:26:28 P18 73.31 22.17 0 7.52 38.32 967.16 969.48 312.347 501.709 3673.706 188.141 426.788 554.199 478.668 -13.885 1.068 156.86 -7.629 192.413 605.316 167.847 533.142 790.253 94.604 375.519 625.916 406.036 -5000 -4.883 102.844 -10.071 -8.698 20.905 269.928 61.34 381.012 783.997 305.786 -1355.591 355.225 167.084 48.065 32.043 50.812 2546.692 2502.441 2114.563 1742.096 1385.651 1025.696 666.504 187.988 -43.945 36.774 69.733 7.477 -328.217 -673.523 -1013.184 -1356.812 -1697.998 -2037.964 -2374.42 -2701.721 380.554 753.174 431.213 75.836 3.815 -345.459 -697.174 602 845 400 25.98 30.79 45 8 2408 1 034
6059357 7531 2026/1/25 16:26:29 P18 73.3 22.19 0 7.62 38.23 967.17 969.47 316.467 501.556 3672.485 187.988 426.178 554.199 479.431 -21.21 -26.703 132.141 -8.545 194.092 606.232 169.22 531.464 790.71 93.994 375.214 624.237 405.731 -5000 -2.441 105.286 11.292 -6.409 21.057 269.318 61.798 382.233 780.487 318.298 -1362.305 355.072 165.863 41.809 31.738 50.659 2547.302 2500.763 2110.748 1735.229 1376.343 1007.69 651.093 186.92 -47.15 41.046 70.038 8.24 -330.505 -675.507 -1016.693 -1361.847 -1703.796 -2043.457 -2383.423 -2709.198 381.012 756.989 432.892 74.31 6.104 -350.189 -707.092 592 850 400 25.96 30.79 44 8 2408 1 034
6059358 7531 2026/1/25 16:26:30 P18 73.17 22.19 0 7.8 38.32 967.16 969.49 314.941 501.556 3671.265 187.378 425.568 556.335 479.126 72.021 -18.158 131.226 -9.003 193.481 605.011 172.272 533.6 791.626 93.842 375.977 624.847 405.731 -5000 1.526 106.354 98.114 -7.019 20.905 269.775 61.798 378.418 780.029 306.549 -1356.812 354.919 165.863 44.861 30.212 51.117 2543.03 2500.763 2114.258 1733.856 1378.479 1013.031 656.281 186.92 -43.182 56.152 69.275 8.698 -333.71 -678.711 -1017.151 -1361.542 -1702.728 -2042.542 -2381.287 -2705.841 381.012 752.258 430.145 72.632 6.866 -348.511 -705.566 592 850 400 25.96 30.79 44 8 2408 1 034
6059359 7531 2026/1/25 16:26:31 P18 73.34 22.08 0 7.5 38.3 967.14 969.49 314.636 501.251 3670.502 187.073 426.331 552.216 479.584 81.329 -5.951 142.212 -8.24 195.16 604.248 167.542 531.921 789.337 93.689 373.688 623.627 405.273 -5000 14.038 103.912 -5.646 -6.256 20.447 268.86 61.951 382.385 783.081 308.38 -1358.032 355.072 167.236 42.114 32.043 51.575 2548.065 2501.831 2113.8 1738.586 1382.599 1020.66 664.673 184.784 -47.15 38.147 72.327 1.984 -330.658 -676.422 -1015.167 -1359.558 -1700.287 -2038.879 -2376.251 -2700.5 377.35 753.632 431.213 75.073 6.256 -348.358 -704.498 601 845 400 25.96 30.76 44 8 2408 1 034
6059360 7531 2026/1/25 16:26:32 P18 73.23 22.16 0 7.57 38.32 967.17 969.46 317.23 502.014 3670.654 187.378 426.025 556.946 478.973 -43.488 -34.027 145.569 -9.003 191.803 605.774 172.882 532.074 790.1 94.299 374.603 623.932 408.02 -5000 1.984 103.455 25.177 -9.155 20.447 269.928 65.002 380.096 780.64 325.012 -1355.743 356.903 166.016 41.046 30.518 51.88 2546.082 2502.289 2108.917 1728.668 1370.239 1004.639 648.499 184.021 -44.556 49.438 72.937 7.019 -334.93 -679.779 -1018.829 -1364.899 -1706.39 -2045.746 -2386.78 -2710.266 380.096 754.242 432.434 74.463 9.003 -350.647 -709.381 606 845 400 25.96 30.76 44 8 2408 1 034
6059361 7531 2026/1/25 16:26:33 P18 73.24 22.17 0 7.55 38.38 967.14 969.47 314.331 500.031 3670.654 185.699 425.11 549.316 478.821 0.763 -25.482 131.836 -8.698 192.871 603.943 173.492 531.464 790.253 93.689 375.671 623.322 403.595 -5000 -10.071 107.117 -27.466 -6.561 19.989 269.47 63.629 380.554 777.435 328.827 -1356.201 354.919 167.542 43.182 28.381 50.812 2546.844 2501.678 2112.122 1736.298 1380.92 1016.083 659.485 184.479 -43.182 30.365 67.596 7.172 -334.778 -680.695 -1019.745 -1363.983 -1703.033 -2042.694 -2380.066 -2704.773 379.181 750.275 432.892 74.005 5.035 -346.985 -704.803 597 840 400 25.98 30.78 44 8 2408 1 034
6059362 7531 2026/1/25 16:26:34 P18 73.22 22.15 0 7.52 38.2 967.17 969.48 312.653 500.641 3668.365 186.615 426.636 555.878 479.126 -36.621 32.196 147.552 -8.392 192.871 602.112 169.83 532.227 790.558 93.994 375.977 623.169 405.426 -5000 -0.305 105.286 -12.97 -8.85 21.667 269.165 61.188 380.402 779.724 328.674 -1362.457 354.309 165.1 43.03 38.91 51.27 2545.776 2500.763 2116.699 1744.843 1388.397 1026.154 669.556 183.105 -46.234 34.027 70.801 3.357 -329.742 -673.676 -1012.268 -1355.591 -1695.862 -2034.454 -2369.995 -2697.449 378.723 752.563 431.213 76.752 6.714 -346.985 -700.378 606 845 400 26 30.83 44 8 2408 1 034
6059363 7531 2026/1/25 16:26:35 P18 73.31 22.16 0 7.55 38.39 967.16 969.47 316.467 501.556 3668.823 185.699 425.11 556.03 478.668 -18.311 9.46 153.503 -9.155 192.871 605.774 172.272 531.311 790.1 93.689 375.519 622.559 405.731 -5000 6.561 104.828 14.648 -5.798 22.583 269.47 61.951 379.333 778.961 335.999 -1356.049 355.53 166.931 41.809 32.806 51.575 2548.676 2501.678 2108.459 1732.025 1372.681 1007.843 653.534 186.31 -43.64 21.515 70.19 8.087 -332.031 -678.558 -1019.135 -1363.068 -1705.017 -2044.678 -2383.27 -2708.588 381.012 752.258 433.197 73.242 6.866 -350.8 -709.229 600 820 400 25.95 30.81 43 8 2408 1 034
6059364 7531 2026/1/25 16:26:36 P18 73.26 22.16 0 7.59 38.46 967.17 969.49 315.552 500.641 3667.755 185.699 424.194 547.943 478.363 -31.281 -5.341 160.675 -7.629 192.108 605.164 172.577 531.158 789.795 93.536 374.908 622.711 405.273 -5000 2.136 105.896 15.717 -8.392 21.515 269.47 62.256 378.876 778.503 335.083 -1356.354 354.156 166.321 41.199 26.245 51.88 2541.504 2502.747 2111.969 1739.655 1384.277 1021.118 664.978 185.852 -43.03 26.855 69.427 1.831 -334.167 -678.711 -1016.083 -1358.49 -1699.524 -2038.574 -2375.793 -2702.332 377.197 749.512 431.061 73.853 6.409 -348.053 -703.278 598 820 400 25.98 30.76 43 8 2408 1 034
6059365 7531 2026/1/25 16:26:37 P18 73.17 22.09 0 7.52 38.37 967.16 969.5 316.01 501.556 3667.297 185.852 426.636 553.131 478.21 95.978 -2.441 160.522 -8.24 193.634 604.401 174.713 531.006 791.016 93.231 374.298 621.643 405.273 -5000 10.986 107.269 27.466 -9.003 19.684 269.012 63.934 379.639 777.893 300.293 -1359.1 355.072 165.863 44.556 30.212 50.812 2547.455 2503.204 2116.241 1744.995 1390.991 1027.527 669.861 186.005 -43.335 12.207 70.648 9.613 -330.2 -673.065 -1012.115 -1356.049 -1696.167 -2035.065 -2371.368 -2698.059 379.333 748.596 432.587 76.447 5.493 -346.069 -700.226 602 830 400 26.03 30.8 43 8 2408 1 034
6059366 7531 2026/1/25 16:26:38 P18 73.22 22.19 0 7.66 38.29 967.15 969.48 311.432 499.725 3665.924 186.31 424.957 554.047 478.973 53.711 -23.651 122.375 -8.85 191.345 605.316 177.917 531.158 791.016 93.079 374.603 622.864 409.393 -5000 10.223 106.812 75.073 -8.087 20.294 269.318 65.765 380.402 775.604 304.26 -1356.812 354.004 167.694 46.844 31.586 51.27 2549.438 2501.678 2113.953 1736.755 1377.563 1011.505 653.687 187.073 -40.894 37.689 72.327 9.46 -329.742 -675.354 -1015.167 -1360.321 -1701.355 -2038.422 -2380.524 -2705.994 381.317 750.275 432.892 77.515 6.256 -344.849 -701.294 602 830 400 26 30.83 43 8 2408 1 034
6059367 7531 2026/1/25 16:26:39 P18 73.23 22.2 0 7.52 38.31 967.17 969.49 312.653 500.641 3666.687 184.784 424.347 545.197 478.821 12.512 -8.698 143.28 -7.172 193.634 605.011 176.239 531.006 791.016 92.163 374.603 620.728 405.121 -5000 5.798 105.743 89.264 -7.324 20.142 269.318 62.103 378.113 779.419 315.094 -1357.574 354.919 166.321 44.861 36.469 52.338 2546.692 2500.458 2114.41 1741.486 1387.634 1023.712 668.945 181.885 -43.335 50.354 71.259 3.815 -333.862 -676.88 -1015.778 -1357.88 -1697.54 -2036.743 -2373.505 -2698.822 378.265 747.223 430.756 75.684 8.85 -348.053 -702.057 586 840 400 26 30.83 43 8 2408 1 034
6059368 7531 2026/1/25 16:26:40 P18 73.27 22.09 0 7.64 38.28 967.16 969.48 314.331 501.251 3666.992 185.394 425.415 553.284 478.821 -21.973 -1.678 127.106 -8.392 191.498 602.722 178.986 531.464 790.863 92.926 374.603 620.27 406.799 -5000 2.747 105.133 38.757 -9.155 21.057 269.165 62.714 379.486 778.351 318.146 -1363.525 354.919 166.321 43.945 30.06 52.948 2543.03 2503.662 2114.716 1742.249 1386.719 1023.102 664.368 185.852 -47.302 45.319 72.327 8.698 -327.759 -671.692 -1011.658 -1356.201 -1696.32 -2035.98 -2373.505 -2700.043 380.402 749.969 433.807 79.193 7.324 -345.917 -700.531 602 830 400 25.99 30.76 43 8 2408 1 034
6059369 7531 2026/1/25 16:26:41 P18 73.23 22.24 0 7.72 38.39 967.16 969.48 315.704 500.488 3664.551 185.394 424.957 553.741 478.363 51.88 5.341 135.803 -8.087 192.413 602.57 176.849 530.548 789.948 91.4 374.298 621.185 405.579 -5000 6.866 106.201 30.212 -7.172 20.142 268.86 64.392 379.333 775.146 306.702 -1356.964 354.767 166.626 39.673 29.907 50.812 2548.37 2503.662 2111.359 1732.788 1373.901 1006.775 649.719 186.31 -43.488 40.588 70.19 3.662 -332.489 -675.812 -1018.677 -1362.762 -1704.102 -2045.441 -2384.491 -2709.961 377.35 748.596 430.908 74.615 7.477 -348.206 -706.787 602 830 400 25.99 30.76 43 8 2408 1 034
6059370 7531 2026/1/25 16:26:42 P18 73.22 22.19 0 7.7 38.27 967.15 969.48 315.094 501.556 3663.177 184.937 425.72 552.979 478.821 -15.564 -12.512 139.923 -7.172 191.65 605.011 177.612 531.311 790.405 93.231 374.603 620.422 405.884 -5000 2.594 106.049 34.637 -7.324 20.294 269.318 62.866 379.181 774.231 311.89 -1356.812 354.156 164.642 41.504 38.91 52.032 2548.981 2501.984 2113.19 1736.755 1379.7 1014.252 659.332 185.242 -44.098 21.667 68.817 7.629 -331.726 -676.88 -1016.998 -1361.847 -1702.728 -2042.999 -2380.829 -2705.994 379.791 747.375 431.824 74.463 4.73 -350.494 -708.771 591 830 400 25.99 30.75 43 8 2408 1 034
6059371 7531 2026/1/25 16:26:43 P18 73.22 22.08 0 7.5 38.34 967.17 969.48 314.636 500.183 3663.025 185.089 424.347 555.267 479.126 -43.182 8.392 157.166 -5.646 190.582 604.706 178.68 530.701 790.405 92.926 374.603 621.338 404.816 -5000 7.782 104.98 67.444 -7.782 20.142 269.775 63.934 377.502 776.672 304.413 -1358.032 354.004 167.236 44.25 36.469 51.727 2543.945 2502.747 2115.326 1739.807 1382.141 1017.151 659.637 185.089 -42.877 28.992 70.801 9.003 -328.979 -674.286 -1013.184 -1359.1 -1699.677 -2039.185 -2378.082 -2707.062 382.69 748.138 432.281 78.735 7.324 -344.238 -699.768 595 820 400 25.98 30.83 43 8 2408 1 034
6059372 7531 2026/1/25 16:26:44 P18 73.29 22.12 0 7.57 38.35 967.15 969.48 316.467 500.946 3662.567 184.326 424.347 557.098 478.363 18.311 -35.4 136.261 -8.698 191.193 604.248 177.002 530.701 790.253 92.621 374.756 619.659 405.121 -5000 0.153 107.574 -6.561 -7.782 21.515 269.47 59.967 379.028 774.994 308.99 -1359.1 352.325 165.253 41.962 41.046 51.27 2545.929 2502.441 2110.596 1732.33 1372.986 1004.181 648.499 184.631 -43.793 32.501 70.038 7.629 -333.099 -678.558 -1019.745 -1363.831 -1705.017 -2045.288 -2384.186 -2709.503 378.571 746.46 431.519 74.005 5.493 -354.767 -709.686 606 825 400 25.99 30.75 43 8 2408 1 034
6059373 7531 2026/1/25 16:26:45 P18 73.36 22.08 0 7.59 38.39 967.14 969.46 315.552 500.031 3661.957 184.174 423.737 553.741 478.21 20.599 -1.984 124.512 -7.324 191.498 603.333 180.206 530.243 787.506 92.773 375.214 619.202 404.358 -5000 4.578 107.422 19.684 -8.392 19.989 268.86 63.477 377.96 774.841 322.418 -1364.746 353.699 165.1 43.335 34.027 52.032 2548.218 2502.441 2114.105 1738.129 1380.463 1016.388 660.095 182.953 -42.725 40.741 71.411 7.019 -331.726 -676.727 -1016.388 -1360.779 -1700.439 -2039.795 -2378.387 -2702.026 379.639 747.375 432.434 76.141 6.866 -347.9 -704.346 598 815 400 25.99 30.7 43 8 2408 1 034
6059374 7531 2026/1/25 16:26:46 P18 73.29 22.16 0 7.7 38.35 967.17 969.49 314.484 500.793 3661.041 184.174 425.262 556.335 478.821 134.735 -21.515 148.315 -8.392 191.193 605.774 183.105 531.006 791.016 91.858 374.756 619.965 406.036 -5000 12.36 108.185 46.844 -7.935 19.989 269.165 64.85 376.74 769.501 315.399 -1357.117 352.783 164.948 41.351 40.283 50.812 2546.082 2503.204 2113.037 1735.992 1378.326 1013.184 655.212 181.885 -43.793 39.52 69.58 6.104 -332.184 -676.422 -1009.216 -1357.269 -1699.066 -2039.49 -2380.219 -2705.841 375.214 744.324 431.824 76.141 5.341 -346.985 -703.583 597 810 400 25.96 30.76 42 8 2408 1 034
6059375 7531 2026/1/25 16:26:47 P18 73.31 22.13 0 7.6 38.26 967.15 969.47 315.704 500.031 3659.973 185.089 424.805 549.622 478.516 -92.01 -37.689 148.163 -6.104 191.193 603.943 180.359 529.633 788.574 94.299 374.146 619.354 405.121 -5000 1.373 109.253 24.109 -8.24 19.684 269.318 64.24 377.502 776.367 310.211 -1364.136 352.936 165.405 42.725 35.095 51.88 2547.455 2502.441 2108.154 1728.821 1370.392 1004.486 650.33 182.495 -41.809 33.875 70.648 6.866 -331.879 -679.169 -1020.203 -1363.983 -1705.475 -2045.898 -2385.864 -2710.266 379.181 745.087 433.35 73.395 6.409 -351.105 -709.381 603 815 400 25.96 30.79 42 8 2408 1 034
6059376 7531 2026/1/25 16:26:48 P18 73.26 22.08 0 7.43 38.23 967.19 969.48 314.026 500.183 3653.259 184.631 425.262 554.504 478.668 77.209 -17.395 132.599 -6.714 192.108 604.401 182.648 531.616 791.626 91.553 374.451 618.744 404.663 -5000 7.477 111.084 -27.313 -8.85 20.752 268.86 63.629 376.74 774.994 302.582 -1357.88 352.325 164.032 42.725 29.449 51.422 2543.945 2502.594 2109.985 1735.229 1379.852 1016.388 661.163 179.901 -45.319 36.774 72.327 5.646 -330.658 -676.117 -1015.625 -1359.1 -1702.271 -2038.574 -2375.793 -2701.111 379.333 751.953 432.129 74.921 8.85 -345.764 -702.972 592 810 400 25.99 30.78 42 8 2408 1 034
6059377 7531 2026/1/25 16:26:49 P18 73.19 22.1 0 7.7 38.27 967.17 969.49 316.772 500.946 3658.447 186.157 424.652 538.788 478.21 49.133 0.763 138.55 -8.545 191.803 602.722 176.849 530.09 789.337 92.01 373.535 618.286 403.29 -5000 -1.831 108.032 74.921 -7.019 20.905 269.623 63.019 378.418 774.536 339.813 -1358.337 353.241 165.405 39.673 40.283 50.659 2545.471 2502.441 2116.547 1743.927 1390.381 1026.306 668.488 183.563 -43.945 38.147 70.496 9.766 -330.048 -674.133 -1012.268 -1356.506 -1695.862 -2037.048 -2372.284 -2697.754 380.554 742.798 430.756 76.294 5.035 -367.279 -712.433 601 820 400 26 30.76 42 8 2408 1 034
6059378 7531 2026/1/25 16:26:50 P18 73.37 22.19 0 7.45 38.29 967.17 969.5 315.399 501.404 3659.21 184.326 424.957 555.573 478.973 -70.19 7.172 132.294 -8.698 190.887 605.469 182.19 529.48 790.863 91.553 373.84 617.981 404.205 -5000 -8.24 106.659 -12.97 -7.782 21.362 269.012 64.392 377.502 769.958 317.383 -1360.168 351.868 165.71 41.504 32.654 52.338 2545.929 2502.289 2111.053 1734.009 1373.901 1009.369 653.381 185.547 -42.114 37.842 72.174 8.392 -330.963 -677.032 -1017.303 -1369.934 -1709.442 -2045.898 -2381.744 -2707.52 379.944 742.493 434.57 74.615 7.172 -351.41 -707.703 592 830 400 25.99 30.78 42 8 2408 1 034
6059379 7531 2026/1/25 16:26:51 P18 73.34 22.09 0 7.65 38.34 967.14 969.48 314.789 500.336 3658.142 184.631 425.568 550.842 478.668 -46.387 -15.411 126.648 -8.85 193.024 601.349 181.274 529.633 791.016 91.553 373.383 617.371 404.053 -5000 1.221 108.643 14.954 -8.698 19.836 268.25 64.545 376.434 770.721 324.097 -1357.727 354.004 164.642 45.776 33.722 52.032 2544.403 2502.136 2113.647 1738.434 1383.362 1021.271 664.978 180.054 -44.403 24.414 71.411 7.019 -330.048 -675.964 -1015.472 -1360.321 -1699.219 -2037.659 -2375.793 -2699.432 380.402 744.934 425.72 76.447 7.935 -347.595 -703.278 592 830 400 25.99 30.78 42 8 2408 1 034
6059380 7531 2026/1/25 16:26:52 P18 73.24 22.08 0 7.48 38.36 967.14 969.48 317.23 500.031 3656.006 183.411 424.194 554.352 478.21 -28.839 -2.136 143.28 -7.477 190.43 603.79 182.343 529.785 791.321 91.248 372.772 616.913 404.053 -5000 11.139 110.474 5.341 -8.087 19.989 268.86 65.308 376.282 772.095 333.71 -1360.931 353.088 164.49 46.997 36.621 51.27 2545.624 2501.678 2115.936 1743.927 1388.397 1026.001 668.335 182.037 -48.37 45.013 70.19 7.019 -328.522 -671.997 -1011.2 -1355.438 -1694.641 -2033.997 -2370.605 -2698.059 378.571 744.934 431.366 78.735 5.493 -342.102 -697.479 601 835 400 25.99 30.86 42 8 2408 1 034
6059381 7531 2026/1/25 16:26:53 P18 73.24 22.08 0 7.48 38.36 967.15 969.49 316.162 502.167 3656.769 185.242 424.957 554.199 478.363 -127.716 -6.561 117.035 -8.85 189.972 604.401 185.394 529.785 792.084 91.858 373.23 617.676 405.884 -5000 0 110.779 14.038 -8.85 19.836 269.928 66.223 376.74 771.942 312.195 -1357.269 353.394 164.795 41.504 36.011 51.422 2546.539 2501.526 2114.105 1737.823 1381.226 1016.235 655.67 184.784 -46.082 38.757 72.479 9.003 -326.843 -672.76 -1012.268 -1357.727 -1699.371 -2038.116 -2377.93 -2703.857 382.08 744.171 434.418 77.209 6.714 -346.68 -700.378 607 825 400 25.99 30.86 42 8 2408 1 034
6059382 7531 2026/1/25 16:26:54 P18 73.3 22.1 0 7.5 38.38 967.18 969.49 316.62 501.251 3654.327 185.547 423.126 553.284 478.668 -41.504 -37.537 124.969 -9.155 190.887 603.638 186.31 530.396 791.779 91.553 373.077 616.913 404.968 -5000 5.951 111.084 -13.275 -8.85 21.515 269.623 64.087 376.892 771.637 294.8 -1356.049 352.631 164.948 39.673 41.962 50.812 2548.828 2503.052 2115.173 1741.486 1384.735 1021.576 667.114 180.054 -46.692 36.011 69.885 4.272 -331.421 -675.812 -1015.015 -1358.948 -1698.914 -2036.285 -2373.962 -2698.669 379.333 743.561 431.671 75.684 6.866 -346.222 -700.073 600 830 400 26 30.75 42 8 2408 1 034
6059383 7531 2026/1/25 16:26:55 P18 73.23 22.1 0 7.55 38.38 967.14 969.51 317.383 500.183 3655.243 183.258 422.821 551.147 478.516 65.46 -2.747 147.705 -9.46 190.125 602.722 184.326 528.87 790.71 91.095 373.077 615.845 404.51 -5000 2.441 105.133 73.395 -5.951 20.447 268.555 64.545 376.434 770.569 318.756 -1357.574 353.546 164.185 39.368 36.469 51.88 2545.471 2502.441 2114.868 1743.164 1388.55 1025.696 667.572 182.19 -44.098 36.774 68.817 4.12 -329.895 -673.676 -1012.115 -1356.354 -1700.287 -2039.795 -2375.183 -2701.111 378.418 742.798 431.213 76.752 6.714 -343.933 -697.937 599 875 400 26 30.75 42 8 2408 1 034
6059384 7531 2026/1/25 16:26:56 P18 73.4 22.12 0 7.45 38.36 967.19 969.49 317.383 500.031 3652.496 184.631 424.652 551.758 478.516 131.226 -19.531 125.58 -8.24 191.498 602.417 184.631 530.09 792.389 91.858 372.009 616.608 404.51 -5000 10.681 105.896 83.618 -8.85 19.684 268.097 64.392 377.655 771.179 302.734 -1356.506 351.868 165.405 42.419 35.706 51.88 2547.455 2501.526 2115.479 1737.671 1378.632 1012.726 654.755 183.258 -41.962 30.06 71.106 9.613 -329.895 -674.286 -1011.963 -1357.117 -1698.456 -2038.116 -2377.625 -2703.552 381.165 741.577 432.739 77.515 5.798 -347.137 -702.667 597 855 400 25.95 30.81 42 8 2408 1 034
6059385 7531 2026/1/25 16:26:57 P18 73.37 22.17 0 7.72 38.29 967.17 969.47 315.399 500.641 3654.327 183.563 425.262 553.589 478.363 -35.706 3.204 116.882 -9.155 189.972 604.401 189.056 528.87 792.084 90.79 373.23 616.15 405.884 -5000 8.545 105.438 18.921 -9.308 20.599 268.86 66.223 375.824 761.871 297.241 -1354.523 351.41 164.185 44.403 36.774 51.117 2545.624 2500.61 2117.157 1742.859 1388.55 1027.069 671.082 182.953 -46.692 42.572 70.801 4.73 -330.963 -674.438 -1012.726 -1357.117 -1696.625 -2035.217 -2372.894 -2696.686 377.35 741.425 428.772 77.515 5.646 -347.137 -701.294 602 865 400 25.95 30.74 42 8 2408 1 034
6059386 7531 2026/1/25 16:26:58 P18 73.37 22.15 0 7.52 38.39 967.18 969.5 315.399 500.031 3653.259 185.089 423.431 554.352 478.21 -75.989 -13.123 126.19 -8.24 189.362 604.858 186.31 529.785 793.457 91.553 373.077 614.929 405.273 -5000 1.831 108.795 -15.869 -7.782 22.125 269.318 65.155 377.35 770.111 323.029 -1357.88 351.105 164.337 45.319 28.687 51.575 2546.844 2501.373 2114.258 1741.943 1386.566 1023.712 667.114 183.258 -44.708 32.043 71.716 7.477 -327.606 -671.539 -1010.742 -1355.743 -1696.472 -2034.607 -2372.742 -2699.585 380.707 743.561 433.502 77.82 8.24 -343.018 -698.09 591 860 400 25.99 30.81 42 8 2408 1 034
6059387 7531 2026/1/25 16:26:59 P18 73.37 22.05 0 7.59 38.35 967.16 969.48 315.704 499.878 3652.344 184.937 422.974 554.81 478.21 9.308 33.264 136.414 -9.155 190.887 604.248 189.667 529.938 791.931 91.248 372.925 615.997 405.884 -5000 7.019 107.727 30.518 -8.545 20.142 268.707 65.46 375.824 763.397 308.228 -1356.506 351.868 165.405 41.962 33.722 51.575 2543.945 2501.526 2114.563 1736.145 1377.411 1010.742 653.229 183.258 -49.896 17.395 71.716 5.798 -329.132 -674.438 -1014.404 -1362.457 -1703.491 -2042.847 -2382.66 -2707.367 378.876 741.119 431.213 74.768 4.578 -347.748 -705.109 601 860 400 26 30.8 42 8 2408 1 034
6059388 7531 2026/1/25 16:27:00 P18 73.29 22.16 0 7.64 38.38 967.2 969.49 319.214 500.488 3652.802 184.021 424.957 551.453 478.21 76.141 16.022 123.291 -9.003 191.803 602.264 181.885 529.938 790.863 91.248 372.772 614.929 403.9 -5000 6.256 104.065 54.779 -8.545 20.142 268.25 64.087 377.35 769.653 320.587 -1357.117 351.868 164.642 43.945 33.875 50.812 2547.455 2502.441 2109.375 1731.72 1373.291 1006.927 652.313 183.105 -48.37 10.834 69.427 5.188 -332.489 -678.406 -1019.287 -1364.288 -1705.017 -2044.525 -2382.812 -2708.74 379.639 741.577 432.281 72.784 10.529 -353.241 -709.381 593 910 400 25.95 30.84 42 8 2408 1 034
6059389 7531 2026/1/25 16:27:01 P18 73.36 22.16 0 7.62 38.29 967.15 969.5 316.62 501.251 3651.276 184.631 422.668 554.352 478.058 13.428 4.883 138.397 -8.698 190.735 602.417 186.31 529.938 792.084 90.79 373.383 615.692 404.358 -5000 12.36 104.37 17.09 -9.155 21.362 268.707 66.071 376.434 769.653 316.925 -1363.068 350.037 164.49 42.267 35.706 51.575 2546.539 2500.916 2115.173 1742.401 1386.566 1025.391 665.588 183.563 -42.572 31.128 71.106 7.324 -329.437 -674.133 -1013.184 -1356.812 -1697.54 -2035.98 -2373.962 -2700.958 379.486 740.509 432.129 77.82 5.951 -344.391 -697.632 593 910 400 25.95 30.84 42 8 2408 1 034
6059390 7531 2026/1/25 16:27:02 P18 73.38 22.13 0 7.5 38.42 967.17 969.48 316.925 500.793 3647.919 183.716 423.279 554.504 477.905 -141.296 -9.918 123.291 -8.24 189.209 604.248 186.157 528.87 791.779 90.179 372.62 614.624 403.748 -5000 7.019 104.675 32.043 -8.087 21.515 268.25 65.46 375.061 766.449 300.14 -1362.915 350.342 164.337 44.556 33.875 51.422 2545.319 2501.984 2110.291 1733.704 1375.732 1007.69 650.787 181.58 -43.488 34.027 68.665 5.493 -334.473 -679.016 -1019.287 -1363.983 -1704.407 -2044.067 -2383.27 -2709.351 377.96 738.525 431.824 74.921 5.798 -347.748 -706.329 605 900 400 25.99 30.83 41 8 2408 1 034
6059391 7531 2026/1/25 16:27:03 P18 73.37 22.19 0 7.69 38.36 967.18 969.47 316.925 500.031 3650.513 184.631 425.262 549.011 478.058 -61.951 -34.18 141.449 -7.629 191.803 604.706 186.31 529.48 792.084 91.248 373.535 614.929 402.985 -5000 -1.373 107.727 97.046 -7.324 20.294 268.707 63.629 375.671 767.975 296.326 -1364.288 350.952 163.879 42.114 37.384 51.422 2545.471 2501.068 2111.969 1732.178 1375.275 1011.505 654.449 187.531 -41.962 48.37 71.564 8.392 -331.268 -676.27 -1015.472 -1360.321 -1701.965 -2042.694 -2380.524 -2705.078 379.181 739.136 432.129 75.226 7.019 -346.375 -704.041 606 900 400 25.99 30.83 41 8 2408 1 034
6059392 7531 2026/1/25 16:27:04 P18 73.37 22.2 0 7.57 38.31 967.18 969.48 315.704 500.946 3649.139 182.19 423.126 553.284 477.905 57.068 -29.755 129.242 -7.324 191.65 601.349 187.988 528.87 792.236 90.332 372.925 614.929 403.595 -5000 2.899 107.422 19.684 -7.172 20.142 269.47 64.392 375.061 768.738 288.086 -1356.812 349.884 164.337 41.199 35.248 51.575 2543.182 2500.763 2113.647 1739.807 1384.735 1022.644 664.978 183.868 -43.945 25.635 68.665 7.629 -332.031 -675.201 -1014.252 -1358.337 -1699.829 -2038.727 -2376.709 -2703.552 377.96 739.288 433.044 77.515 4.12 -348.511 -702.362 597 900 400 25.95 30.87 41 8 2408 1 034
6059393 7531 2026/1/25 16:27:05 P18 73.43 22.15 0 7.59 38.39 967.18 969.48 314.636 500.641 3649.902 182.8 422.516 554.657 477.6 108.643 -35.858 100.861 -6.866 190.887 603.638 189.056 528.717 793.152 90.179 373.84 613.861 403.595 -5000 12.36 110.779 78.278 -9.155 20.752 268.707 66.071 375.214 765.228 325.47 -1356.049 348.663 163.879 43.335 37.384 51.727 2544.25 2500.61 2109.528 1731.873 1375.427 1007.996 652.313 181.732 -47.15 27.924 70.343 7.477 -330.505 -675.812 -1017.303 -1362 -1703.644 -2043.457 -2381.744 -2709.198 378.571 739.136 433.197 73.853 6.409 -349.731 -707.397 599 945 400 25.96 30.83 41 8 2408 1 034
6059394 7531 2026/1/25 16:27:06 P18 73.43 22.19 0 7.59 38.33 949.03 969.48 316.62 501.251 3649.292 184.326 422.516 550.537 478.058 -48.065 -2.441 121.002 -8.392 191.803 604.553 188.751 528.412 793.304 90.332 372.62 612.946 404.663 -5000 16.632 111.847 31.433 -8.545 19.989 268.555 65.765 375.214 764.465 315.094 -1363.983 351.105 164.642 41.962 30.823 51.422 2547.607 2502.747 2111.969 1735.229 1376.495 1011.658 653.076 186.462 -43.335 21.667 71.564 9.308 -332.184 -676.88 -1016.998 -1361.389 -1703.339 -2042.694 -2381.897 -2706.146 379.944 740.204 433.35 74.921 6.256 -348.358 -705.414 603 925 400 26 30.76 41 8 2408 1 034
6059395 7531 2026/1/25 16:27:07 P18 73.36 22.06 0 7.55 38.4 967.18 969.49 318.298 500.183 3645.172 184.631 424.194 549.927 477.448 -7.477 -2.289 122.07 -9.613 190.125 603.638 190.125 529.327 792.847 90.942 370.789 613.098 402.527 -5000 6.714 109.1 91.4 -8.85 20.752 268.25 66.071 374.756 766.602 316.315 -1356.812 350.494 164.032 40.588 26.855 51.575 2548.37 2503.052 2118.835 1743.774 1385.04 1019.745 663.605 184.174 -49.133 48.065 69.885 7.935 -328.674 -675.049 -1015.167 -1359.253 -1699.677 -2038.269 -2374.725 -2700.958 377.808 739.136 432.129 76.294 5.188 -346.985 -703.43 598 925 400 25.95 30.74 41 8 2408 1 034
6059396 7531 2026/1/25 16:27:08 P18 73.36 22.09 0 7.55 38.36 949.06 969.48 319.061 500.488 3647.156 184.021 422.363 551.453 478.058 24.109 -22.888 114.746 -7.629 192.566 604.248 188.293 528.717 791.779 90.027 373.535 613.556 403.137 -5000 0.153 108.643 21.515 -7.782 19.836 268.25 63.782 375.519 765.076 326.233 -1359.253 350.8 164.185 47.455 37.994 51.575 2546.234 2501.526 2109.222 1732.941 1372.375 1006.165 648.041 183.716 -47.913 51.27 72.327 8.392 -329.895 -675.812 -1016.541 -1362 -1702.576 -2042.694 -2381.287 -2707.977 379.333 739.288 431.213 75.073 5.493 -348.663 -706.787 602 925 400 25.99 30.88 41 8 2408 1 034
6059397 7531 2026/1/25 16:27:09 P18 73.34 22.13 0 7.42 38.25 949.06 969.5 316.01 502.014 3646.24 182.648 422.516 545.502 478.363 -92.316 -6.104 103.76 -8.087 190.582 601.959 186.768 527.954 792.694 90.332 372.62 613.403 404.816 -5000 7.935 111.084 21.21 -7.324 21.21 269.012 64.392 376.282 765.686 327.606 -1357.269 350.494 163.422 44.098 30.212 51.88 2544.25 2503.204 2109.68 1732.33 1374.512 1009.674 653.687 182.8 -42.267 48.981 72.174 5.646 -334.32 -679.474 -1019.135 -1364.288 -1705.017 -2044.678 -2384.186 -2708.282 378.265 737.152 431.671 74.921 7.477 -348.816 -707.55 604 920 400 25.98 30.79 41 8 2408 1 034
6059398 7531 2026/1/25 16:27:10 P18 73.38 22.12 0 7.79 38.48 949.05 969.47 319.519 501.709 3646.393 183.563 423.889 552.368 477.753 27.008 -25.024 126.038 -9.003 189.514 598.602 193.024 527.496 792.847 90.179 372.467 611.572 403.442 -5000 8.698 108.337 59.204 -8.392 21.21 269.012 64.85 375.366 765.076 312.653 -1357.727 349.274 163.879 45.471 29.449 51.422 2545.929 2502.136 2113.953 1738.434 1381.989 1019.287 662.384 180.511 -46.539 35.706 69.275 4.578 -332.031 -678.864 -1018.372 -1362.305 -1703.491 -2041.321 -2378.54 -2702.942 377.045 738.22 430.908 76.141 5.798 -346.985 -702.667 605 960 400 25.98 30.81 40 8 2408 1 034
6059399 7531 2026/1/25 16:27:11 P18 73.37 22.2 0 7.6 38.3 949.04 969.48 317.078 501.556 3644.714 183.868 422.516 551.91 477.753 91.248 -9.918 141.907 -8.24 189.514 601.044 188.599 527.649 793.152 88.959 372.009 612.183 405.273 -5000 13.885 106.049 83.771 -7.477 21.667 268.402 65.765 375.061 764.923 312.653 -1357.727 349.426 166.016 46.844 24.109 51.727 2545.624 2502.289 2111.206 1734.467 1374.664 1008.911 651.855 183.563 -42.725 42.725 70.953 3.967 -330.963 -676.27 -1017.151 -1361.847 -1704.559 -2043.457 -2382.66 -2709.198 379.181 738.678 431.519 76.599 8.85 -347.29 -704.956 602 940 400 25.99 30.89 40 8 2408 1 034
